id;data_hora;lado;preco_quantower;preco_mt5;offset_preco;offset_pontos;limite_offset_pontos;aprovado;executado;motivo;ticket
20260715190230;2026.07.16 01:05:01;COMPRA;29739.75;29538.77;-200.98;-20098.00;-200.00;SIM;SIM;COMPRA_EXECUTADA;496843035
20260715193754;2026.07.16 01:37:55;COMPRA;29692.75;29496.87;-195.88;-19588.00;-200.00;SIM;SIM;COMPRA_EXECUTADA;496853179
20260715195721;2026.07.16 01:57:22;COMPRA;29712.75;29515.07;-197.68;-19768.00;-200.00;SIM;SIM;COMPRA_EXECUTADA;496858883
20260715200252;2026.07.16 02:02:53;COMPRA;29726.75;29531.18;-195.57;-19557.00;-200.00;SIM;SIM;COMPRA_EXECUTADA;496860490
20260715210428;2026.07.16 03:04:29;COMPRA;29727.00;29533.78;-193.22;-19322.00;-200.00;SIM;SIM;COMPRA_EXECUTADA;496880330
20260715210549;2026.07.16 03:05:49;COMPRA;29730.25;29539.98;-190.27;-19027.00;-200.00;SIM;SIM;COMPRA_EXECUTADA;496880883
20260715211031;2026.07.16 03:14:05;COMPRA;29733.25;29557.18;-176.07;-17607.00;-200.00;SIM;SIM;COMPRA_EXECUTADA;496885218
20260715211439;2026.07.16 03:16:10;COMPRA;29751.75;29528.48;-223.27;-22327.00;-200.00;SIM;SIM;COMPRA_EXECUTADA;496886520
20260715211923;2026.07.16 03:19:43;VENDA;29700.50;29498.93;-201.57;-20157.00;-200.00;SIM;SIM;VENDA_EXECUTADA;496887936
20260715212144;2026.07.16 03:26:56;COMPRA;29696.50;29479.18;-217.32;-21732.00;-200.00;SIM;SIM;COMPRA_EXECUTADA;496891447
20260715212144;2026.07.16 03:38:31;COMPRA;29696.50;29463.28;-233.22;-23322.00;-200.00;SIM;SIM;COMPRA_EXECUTADA;496897348
20260715214056;2026.07.16 03:43:02;COMPRA;29645.50;29434.98;-210.52;-21052.00;-200.00;SIM;SIM;COMPRA_EXECUTADA;496899599
20260715215311;2026.07.16 03:53:11;COMPRA;29669.75;29472.28;-197.47;-19747.00;-200.00;NAO;NAO;BLOQUEADO_OFFSET;0
20260715221407;2026.07.16 04:14:07;COMPRA;29623.75;29427.18;-196.57;-19657.00;-200.00;NAO;NAO;BLOQUEADO_OFFSET;0
20260715224017;2026.07.16 04:40:17;VENDA;29639.50;29441.23;-198.27;-19827.00;-200.00;NAO;NAO;BLOQUEADO_OFFSET;0
20260715224339;2026.07.16 04:43:39;COMPRA;29621.50;29425.78;-195.72;-19572.00;-200.00;NAO;NAO;BLOQUEADO_OFFSET;0
20260715224712;2026.07.16 04:47:13;COMPRA;29649.25;29449.88;-199.37;-19937.00;-200.00;NAO;NAO;BLOQUEADO_OFFSET;0
20260715224934;2026.07.16 04:49:35;COMPRA;29666.00;29474.48;-191.52;-19152.00;-200.00;NAO;NAO;BLOQUEADO_OFFSET;0
20260715225256;2026.07.16 04:52:57;COMPRA;29670.75;29476.48;-194.27;-19427.00;-200.00;NAO;NAO;BLOQUEADO_OFFSET;0
20260715225730;2026.07.16 04:57:31;COMPRA;29663.25;29469.38;-193.87;-19387.00;-200.00;NAO;NAO;BLOQUEADO_OFFSET;0
20260715232346;2026.07.16 05:23:46;VENDA;29684.75;29489.03;-195.72;-19572.00;-200.00;NAO;NAO;BLOQUEADO_OFFSET;0
20260715234609;2026.07.16 05:46:09;COMPRA;29688.00;29490.18;-197.82;-19782.00;-200.00;NAO;NAO;BLOQUEADO_OFFSET;0
20260715235022;2026.07.16 05:50:22;COMPRA;29707.00;29508.18;-198.82;-19882.00;-200.00;NAO;NAO;BLOQUEADO_OFFSET;0
20260715235610;2026.07.16 05:56:11;COMPRA;29726.25;29528.88;-197.37;-19737.00;-200.00;NAO;NAO;BLOQUEADO_OFFSET;0
20260716000620;2026.07.16 06:06:20;COMPRA;29743.75;29546.98;-196.77;-19677.00;-200.00;NAO;NAO;BLOQUEADO_OFFSET;0
20260716011659;2026.07.16 07:17:00;VENDA;29732.25;29534.13;-198.12;-19812.00;-200.00;NAO;NAO;BLOQUEADO_OFFSET;0
20260716012312;2026.07.16 07:23:12;COMPRA;29713.00;29517.48;-195.52;-19552.00;-200.00;NAO;NAO;BLOQUEADO_OFFSET;0
20260716013010;2026.07.16 07:30:10;COMPRA;29716.00;29518.68;-197.32;-19732.00;-200.00;NAO;NAO;BLOQUEADO_OFFSET;0
20260716021316;2026.07.16 08:13:16;COMPRA;29734.50;29538.78;-195.72;-19572.00;-200.00;NAO;NAO;BLOQUEADO_OFFSET;0
20260716021542;2026.07.16 08:15:43;COMPRA;29759.00;29558.38;-200.62;-20062.00;-200.00;SIM;SIM;COMPRA_EXECUTADA;497013759
20260716022555;2026.07.16 08:25:55;COMPRA;29769.00;29572.98;-196.02;-19602.00;-200.00;NAO;NAO;BLOQUEADO_OFFSET;0
20260716023029;2026.07.16 08:30:30;COMPRA;29793.50;29593.28;-200.22;-20022.00;-200.00;SIM;SIM;COMPRA_EXECUTADA;497021922
20260716023252;2026.07.16 08:32:53;COMPRA;29749.50;29551.38;-198.12;-19812.00;-200.00;NAO;NAO;BLOQUEADO_OFFSET;0
20260716023552;2026.07.16 08:35:53;COMPRA;29686.50;29482.98;-203.52;-20352.00;-200.00;SIM;SIM;COMPRA_EXECUTADA;497025734
20260716023841;2026.07.16 08:38:42;COMPRA;29693.25;29492.78;-200.47;-20047.00;-200.00;SIM;SIM;COMPRA_EXECUTADA;497027172
20260716024541;2026.07.16 08:45:42;COMPRA;29702.00;29502.78;-199.22;-19922.00;-200.00;NAO;NAO;BLOQUEADO_OFFSET;0
20260716030053;2026.07.16 09:00:54;COMPRA;29719.50;29526.98;-192.52;-19252.00;-200.00;NAO;NAO;BLOQUEADO_OFFSET;0
20260716030619;2026.07.16 09:06:19;COMPRA;29671.25;29474.48;-196.77;-19677.00;-200.00;NAO;NAO;BLOQUEADO_OFFSET;0
20260716030944;2026.07.16 09:09:45;COMPRA;29718.00;29527.38;-190.62;-19062.00;-200.00;NAO;NAO;BLOQUEADO_OFFSET;0
20260716031723;2026.07.16 09:17:23;COMPRA;29739.50;29542.48;-197.02;-19702.00;-200.00;NAO;NAO;BLOQUEADO_OFFSET;0
20260716032759;2026.07.16 09:27:59;COMPRA;29687.25;29489.98;-197.27;-19727.00;-200.00;NAO;NAO;BLOQUEADO_OFFSET;0
20260716040238;2026.07.16 10:02:38;COMPRA;29642.75;29448.28;-194.47;-19447.00;-200.00;NAO;NAO;BLOQUEADO_OFFSET;0
20260716040551;2026.07.16 10:05:51;COMPRA;29649.75;29454.48;-195.27;-19527.00;-200.00;NAO;NAO;BLOQUEADO_OFFSET;0
20260716043637;2026.07.16 10:36:38;COMPRA;29601.00;29402.68;-198.32;-19832.00;-200.00;NAO;NAO;BLOQUEADO_OFFSET;0
20260716045554;2026.07.16 10:55:55;COMPRA;29555.00;29358.88;-196.12;-19612.00;-200.00;NAO;NAO;BLOQUEADO_OFFSET;0
20260716050221;2026.07.16 11:02:22;COMPRA;29549.00;29349.38;-199.62;-19962.00;-200.00;NAO;NAO;BLOQUEADO_OFFSET;0
20260716051137;2026.07.16 11:11:37;COMPRA;29506.00;29308.28;-197.72;-19772.00;-200.00;NAO;NAO;BLOQUEADO_OFFSET;0
20260716051956;2026.07.16 11:19:56;COMPRA;29515.25;29320.68;-194.57;-19457.00;-200.00;NAO;NAO;BLOQUEADO_OFFSET;0
20260716052145;2026.07.16 11:21:45;COMPRA;29533.00;29339.18;-193.82;-19382.00;-200.00;NAO;NAO;BLOQUEADO_OFFSET;0
20260716052334;2026.07.16 11:23:35;COMPRA;29548.25;29347.98;-200.27;-20027.00;-200.00;SIM;SIM;COMPRA_EXECUTADA;497131529
20260716053805;2026.07.16 11:38:05;COMPRA;29563.25;29365.58;-197.67;-19767.00;-200.00;NAO;NAO;BLOQUEADO_OFFSET;0
20260716054435;2026.07.16 11:44:35;COMPRA;29544.50;29350.28;-194.22;-19422.00;-200.00;NAO;NAO;BLOQUEADO_OFFSET;0
20260716054712;2026.07.16 11:47:12;COMPRA;29579.25;29384.68;-194.57;-19457.00;-200.00;NAO;NAO;BLOQUEADO_OFFSET;0
20260716055439;2026.07.16 11:54:39;COMPRA;29584.50;29389.98;-194.52;-19452.00;-200.00;NAO;NAO;BLOQUEADO_OFFSET;0
20260716060206;2026.07.16 12:02:06;COMPRA;29602.75;29406.38;-196.37;-19637.00;-200.00;NAO;NAO;BLOQUEADO_OFFSET;0
20260716060318;2026.07.16 12:03:19;COMPRA;29613.00;29416.78;-196.22;-19622.00;-200.00;NAO;NAO;BLOQUEADO_OFFSET;0
20260716061247;2026.07.16 12:12:48;VENDA;29628.25;29430.43;-197.82;-19782.00;-200.00;NAO;NAO;BLOQUEADO_OFFSET;0
20260716063029;2026.07.16 12:30:30;COMPRA;29614.75;29420.28;-194.47;-19447.00;-200.00;NAO;NAO;BLOQUEADO_OFFSET;0
20260716063242;2026.07.16 12:32:42;COMPRA;29626.50;29429.58;-196.92;-19692.00;-200.00;NAO;NAO;BLOQUEADO_OFFSET;0
20260716064600;2026.07.16 12:46:00;COMPRA;29578.50;29379.08;-199.42;-19942.00;-200.00;NAO;NAO;BLOQUEADO_OFFSET;0
20260716065943;2026.07.16 12:59:44;COMPRA;29531.00;29335.88;-195.12;-19512.00;-200.00;NAO;NAO;BLOQUEADO_OFFSET;0
20260716070735;2026.07.16 13:07:34;COMPRA;29545.25;29351.58;-193.67;-19367.00;-200.00;NAO;NAO;BLOQUEADO_OFFSET;0
20260716071301;2026.07.16 13:13:01;COMPRA;29538.00;29342.68;-195.32;-19532.00;-200.00;NAO;NAO;BLOQUEADO_OFFSET;0
20260716071804;2026.07.16 13:18:04;COMPRA;29534.75;29339.28;-195.47;-19547.00;-200.00;NAO;NAO;BLOQUEADO_OFFSET;0
20260716073336;2026.07.16 13:33:36;COMPRA;29548.00;29349.78;-198.22;-19822.00;-200.00;NAO;NAO;BLOQUEADO_OFFSET;0
20260716075122;2026.07.16 13:51:22;COMPRA;29508.00;29314.18;-193.82;-19382.00;-200.00;NAO;NAO;BLOQUEADO_OFFSET;0
20260716075536;2026.07.16 13:55:36;COMPRA;29520.75;29327.88;-192.87;-19287.00;-200.00;NAO;NAO;BLOQUEADO_OFFSET;0
20260716080114;2026.07.16 14:01:15;COMPRA;29488.75;29284.28;-204.47;-20447.00;-200.00;SIM;SIM;COMPRA_EXECUTADA;497221867
20260716082953;2026.07.16 14:29:53;COMPRA;29469.25;29274.18;-195.07;-19507.00;-200.00;NAO;NAO;BLOQUEADO_OFFSET;0
20260716085056;2026.07.16 14:50:57;COMPRA;29412.50;29220.28;-192.22;-19222.00;-200.00;NAO;NAO;BLOQUEADO_OFFSET;0
20260716085336;2026.07.16 14:53:36;COMPRA;29422.75;29228.78;-193.97;-19397.00;-200.00;NAO;NAO;BLOQUEADO_OFFSET;0
20260716085827;2026.07.16 14:58:28;COMPRA;29442.50;29251.68;-190.82;-19082.00;-200.00;NAO;NAO;BLOQUEADO_OFFSET;0
20260716090408;2026.07.16 15:04:09;COMPRA;29435.00;29226.18;-208.82;-20882.00;-200.00;SIM;SIM;COMPRA_EXECUTADA;497285266
20260716092450;2026.07.16 15:24:50;COMPRA;29385.75;29189.48;-196.27;-19627.00;-200.00;NAO;NAO;BLOQUEADO_OFFSET;0
20260716093144;2026.07.16 15:31:45;COMPRA;29398.00;29199.28;-198.72;-19872.00;-200.00;NAO;NAO;BLOQUEADO_OFFSET;0
20260716093536;2026.07.16 15:35:36;COMPRA;29414.25;29215.78;-198.47;-19847.00;-200.00;NAO;NAO;BLOQUEADO_OFFSET;0
20260716094600;2026.07.16 15:46:00;COMPRA;29378.00;29178.98;-199.02;-19902.00;-200.00;NAO;NAO;BLOQUEADO_OFFSET;0
20260716094725;2026.07.16 15:47:26;COMPRA;29394.50;29197.88;-196.62;-19662.00;-200.00;NAO;NAO;BLOQUEADO_OFFSET;0
20260716095509;2026.07.16 15:55:09;VENDA;29409.50;29211.23;-198.27;-19827.00;-200.00;NAO;NAO;BLOQUEADO_OFFSET;0
20260716095723;2026.07.16 15:57:24;VENDA;29399.00;29202.63;-196.37;-19637.00;-200.00;NAO;NAO;BLOQUEADO_OFFSET;0
20260716100851;2026.07.16 16:08:51;VENDA;29440.50;29240.53;-199.97;-19997.00;-200.00;NAO;NAO;BLOQUEADO_OFFSET;0
20260716102502;2026.07.16 16:25:03;VENDA;29484.50;29270.73;-213.77;-21377.00;-200.00;SIM;SIM;VENDA_EXECUTADA;497423826
20260716102551;2026.07.16 16:27:10;VENDA;29457.50;29270.93;-186.57;-18657.00;-200.00;NAO;NAO;BLOQUEADO_OFFSET;0
20260716103037;2026.07.16 16:30:38;VENDA;29524.50;29321.03;-203.47;-20347.00;-200.00;SIM;SIM;VENDA_EXECUTADA;497433654
20260716103140;2026.07.16 16:31:40;VENDA;29499.00;29306.83;-192.17;-19217.00;-200.00;NAO;NAO;BLOQUEADO_OFFSET;0
20260716103345;2026.07.16 16:33:46;VENDA;29476.75;29275.03;-201.72;-20172.00;-200.00;SIM;SIM;VENDA_EXECUTADA;497440601
20260716103513;2026.07.16 16:35:14;VENDA;29427.75;29218.03;-209.72;-20972.00;-200.00;SIM;SIM;VENDA_EXECUTADA;497445082
20260716103538;2026.07.16 16:37:04;COMPRA;29402.75;29245.98;-156.77;-15677.00;-200.00;NAO;NAO;BLOQUEADO_OFFSET;0
20260716103822;2026.07.16 16:38:23;VENDA;29414.50;29206.03;-208.47;-20847.00;-200.00;SIM;SIM;VENDA_EXECUTADA;497452608
20260716104003;2026.07.16 16:40:03;VENDA;29384.25;29182.83;-201.42;-20142.00;-200.00;SIM;SIM;VENDA_EXECUTADA;497457625
20260716104053;2026.07.16 16:40:54;VENDA;29414.25;29204.73;-209.52;-20952.00;-200.00;SIM;SIM;VENDA_EXECUTADA;497459514
20260716104119;2026.07.16 16:41:20;VENDA;29383.50;29183.33;-200.17;-20017.00;-200.00;SIM;SIM;VENDA_EXECUTADA;497460201
20260716104325;2026.07.16 16:43:26;COMPRA;29336.25;29141.48;-194.77;-19477.00;-200.00;NAO;NAO;BLOQUEADO_OFFSET;0
20260716104429;2026.07.16 16:44:29;COMPRA;29337.25;29130.78;-206.47;-20647.00;-200.00;SIM;SIM;COMPRA_EXECUTADA;497466122
20260716104842;2026.07.16 16:48:42;VENDA;29271.75;29075.33;-196.42;-19642.00;-200.00;NAO;NAO;BLOQUEADO_OFFSET;0
20260716105206;2026.07.16 16:52:06;VENDA;29307.75;29119.43;-188.32;-18832.00;-200.00;NAO;NAO;BLOQUEADO_OFFSET;0
20260716105427;2026.07.16 16:54:28;VENDA;29337.75;29125.83;-211.92;-21192.00;-200.00;SIM;SIM;VENDA_EXECUTADA;497482593
20260716105506;2026.07.16 16:55:07;VENDA;29290.50;29078.33;-212.17;-21217.00;-200.00;SIM;SIM;VENDA_EXECUTADA;497483789
20260716105610;2026.07.16 16:56:10;VENDA;29288.25;29108.53;-179.72;-17972.00;-200.00;NAO;NAO;BLOQUEADO_OFFSET;0
20260716105727;2026.07.16 16:57:27;VENDA;29316.00;29122.93;-193.07;-19307.00;-200.00;NAO;NAO;BLOQUEADO_OFFSET;0
20260716105843;2026.07.16 16:58:44;COMPRA;29328.00;29136.98;-191.02;-19102.00;-200.00;NAO;NAO;BLOQUEADO_OFFSET;0
20260716105947;2026.07.16 16:59:47;COMPRA;29344.75;29145.68;-199.07;-19907.00;-200.00;NAO;NAO;BLOQUEADO_OFFSET;0
20260716110116;2026.07.16 17:01:17;VENDA;29366.00;29171.53;-194.47;-19447.00;-200.00;NAO;NAO;BLOQUEADO_OFFSET;0
20260716110311;2026.07.16 17:03:12;COMPRA;29395.25;29205.88;-189.37;-18937.00;-200.00;NAO;NAO;BLOQUEADO_OFFSET;0
20260716110507;2026.07.16 17:05:07;VENDA;29396.00;29203.53;-192.47;-19247.00;-200.00;NAO;NAO;BLOQUEADO_OFFSET;0
20260716110728;2026.07.16 17:07:28;VENDA;29447.25;29247.53;-199.72;-19972.00;-200.00;NAO;NAO;BLOQUEADO_OFFSET;0
20260716110833;2026.07.16 17:08:33;COMPRA;29477.00;29278.78;-198.22;-19822.00;-200.00;NAO;NAO;BLOQUEADO_OFFSET;0
20260716111042;2026.07.16 17:10:43;VENDA;29481.50;29284.43;-197.07;-19707.00;-200.00;NAO;NAO;BLOQUEADO_OFFSET;0
20260716111134;2026.07.16 17:11:34;COMPRA;29471.25;29271.88;-199.37;-19937.00;-200.00;NAO;NAO;BLOQUEADO_OFFSET;0
20260716111356;2026.07.16 17:13:57;VENDA;29481.00;29286.23;-194.77;-19477.00;-200.00;NAO;NAO;BLOQUEADO_OFFSET;0
20260716111447;2026.07.16 17:14:48;VENDA;29468.50;29274.03;-194.47;-19447.00;-200.00;NAO;NAO;BLOQUEADO_OFFSET;0
20260716112011;2026.07.16 17:20:12;VENDA;29484.25;29279.23;-205.02;-20502.00;-200.00;SIM;SIM;VENDA_EXECUTADA;497519701
20260716112103;2026.07.16 17:21:03;VENDA;29444.75;29246.93;-197.82;-19782.00;-200.00;NAO;NAO;BLOQUEADO_OFFSET;0
20260716112221;2026.07.16 17:22:22;VENDA;29409.50;29210.23;-199.27;-19927.00;-200.00;NAO;NAO;BLOQUEADO_OFFSET;0
20260716112458;2026.07.16 17:24:59;VENDA;29447.50;29243.93;-203.57;-20357.00;-200.00;SIM;SIM;VENDA_EXECUTADA;497524686
20260716112524;2026.07.16 17:25:25;VENDA;29412.25;29210.73;-201.52;-20152.00;-200.00;SIM;SIM;VENDA_EXECUTADA;497525091
20260716112802;2026.07.16 17:28:03;VENDA;29475.50;29270.33;-205.17;-20517.00;-200.00;SIM;SIM;VENDA_EXECUTADA;497529499
20260716113041;2026.07.16 17:31:44;VENDA;29479.50;29253.93;-225.57;-22557.00;-200.00;SIM;SIM;VENDA_EXECUTADA;497533957
20260716113214;2026.07.16 17:33:47;VENDA;29444.00;29283.93;-160.07;-16007.00;-200.00;NAO;NAO;BLOQUEADO_OFFSET;0
20260716113824;2026.07.16 17:38:25;VENDA;29476.25;29289.93;-186.32;-18632.00;-200.00;NAO;NAO;BLOQUEADO_OFFSET;0
20260716114023;2026.07.16 17:40:24;VENDA;29446.00;29244.43;-201.57;-20157.00;-200.00;SIM;SIM;VENDA_EXECUTADA;497543106
20260716114156;2026.07.16 17:41:57;VENDA;29444.00;29245.83;-198.17;-19817.00;-200.00;NAO;NAO;BLOQUEADO_OFFSET;0
20260716115102;2026.07.16 17:51:03;VENDA;29404.75;29192.53;-212.22;-21222.00;-200.00;SIM;SIM;VENDA_EXECUTADA;497555813
20260716115357;2026.07.16 17:54:59;VENDA;29390.75;29191.43;-199.32;-19932.00;-200.00;NAO;NAO;BLOQUEADO_OFFSET;0
20260716115544;2026.07.16 17:55:45;VENDA;29370.75;29178.33;-192.42;-19242.00;-200.00;NAO;NAO;BLOQUEADO_OFFSET;0
20260716115824;2026.07.16 17:58:25;VENDA;29412.75;29233.03;-179.72;-17972.00;-200.00;NAO;NAO;BLOQUEADO_OFFSET;0
20260716120527;2026.07.16 18:05:28;COMPRA;29396.00;29199.88;-196.12;-19612.00;-200.00;NAO;NAO;BLOQUEADO_OFFSET;0
20260716121418;2026.07.16 18:14:19;VENDA;29343.25;29143.03;-200.22;-20022.00;-200.00;SIM;SIM;VENDA_EXECUTADA;497581617
20260716122534;2026.07.16 18:25:34;VENDA;29415.00;29217.33;-197.67;-19767.00;-200.00;NAO;NAO;BLOQUEADO_OFFSET;0
20260716122906;2026.07.16 18:29:07;VENDA;29385.50;29191.23;-194.27;-19427.00;-200.00;NAO;NAO;BLOQUEADO_OFFSET;0
20260716123159;2026.07.16 18:32:00;VENDA;29417.00;29225.53;-191.47;-19147.00;-200.00;NAO;NAO;BLOQUEADO_OFFSET;0
20260716123943;2026.07.16 18:39:44;VENDA;29461.00;29258.43;-202.57;-20257.00;-200.00;SIM;SIM;VENDA_EXECUTADA;497610699
20260716124103;2026.07.16 18:41:04;VENDA;29437.00;29231.03;-205.97;-20597.00;-200.00;SIM;SIM;VENDA_EXECUTADA;497612111
20260716124156;2026.07.16 18:41:57;COMPRA;29395.50;29196.18;-199.32;-19932.00;-200.00;NAO;NAO;BLOQUEADO_OFFSET;0
20260716124423;2026.07.16 18:44:24;VENDA;29387.50;29192.33;-195.17;-19517.00;-200.00;NAO;NAO;BLOQUEADO_OFFSET;0
20260716124556;2026.07.16 18:45:57;VENDA;29374.75;29179.78;-194.97;-19497.00;-200.00;NAO;NAO;BLOQUEADO_OFFSET;0
20260716124956;2026.07.16 18:49:57;COMPRA;29386.75;29196.63;-190.12;-19012.00;-200.00;NAO;NAO;BLOQUEADO_OFFSET;0
20260716125036;2026.07.16 18:50:37;VENDA;29402.00;29208.58;-193.42;-19342.00;-200.00;NAO;NAO;BLOQUEADO_OFFSET;0
20260716125557;2026.07.16 18:55:58;COMPRA;29386.25;29188.88;-197.37;-19737.00;-200.00;NAO;NAO;BLOQUEADO_OFFSET;0
20260716125730;2026.07.16 18:57:31;VENDA;29406.00;29214.93;-191.07;-19107.00;-200.00;NAO;NAO;BLOQUEADO_OFFSET;0
20260716130038;2026.07.16 19:00:39;VENDA;29380.75;29178.23;-202.52;-20252.00;-200.00;SIM;SIM;VENDA_EXECUTADA;497630385
20260716130238;2026.07.16 19:02:39;VENDA;29352.00;29156.48;-195.52;-19552.00;-200.00;NAO;NAO;BLOQUEADO_OFFSET;0
20260716130532;2026.07.16 19:05:33;COMPRA;29328.00;29127.13;-200.87;-20087.00;-200.00;SIM;SIM;COMPRA_EXECUTADA;497637222
20260716130800;2026.07.16 19:08:01;VENDA;29331.00;29141.93;-189.07;-18907.00;-200.00;NAO;NAO;BLOQUEADO_OFFSET;0
20260716131215;2026.07.16 19:12:16;COMPRA;29307.75;29114.03;-193.72;-19372.00;-200.00;NAO;NAO;BLOQUEADO_OFFSET;0
20260716133159;2026.07.16 19:32:00;VENDA;29323.50;29125.43;-198.07;-19807.00;-200.00;NAO;NAO;BLOQUEADO_OFFSET;0
20260716133552;2026.07.16 19:35:53;VENDA;29300.00;29096.98;-203.02;-20302.00;-200.00;SIM;SIM;VENDA_EXECUTADA;497668734
20260716134232;2026.07.16 19:46:03;VENDA;29296.75;29081.08;-215.67;-21567.00;-200.00;SIM;SIM;VENDA_EXECUTADA;497675100
20260716134653;2026.07.16 19:51:04;VENDA;29277.00;29110.68;-166.32;-16632.00;-200.00;NAO;NAO;BLOQUEADO_OFFSET;0
20260716135523;2026.07.16 19:55:24;VENDA;29334.75;29137.98;-196.77;-19677.00;-200.00;NAO;NAO;BLOQUEADO_OFFSET;0
20260716140055;2026.07.16 20:00:55;VENDA;29305.50;29099.28;-206.22;-20622.00;-200.00;SIM;SIM;VENDA_EXECUTADA;497687056
20260716140314;2026.07.16 20:03:19;VENDA;29294.75;29098.68;-196.07;-19607.00;-200.00;NAO;NAO;BLOQUEADO_OFFSET;0
20260716141801;2026.07.16 20:18:01;VENDA;29283.75;29085.08;-198.67;-19867.00;-200.00;NAO;NAO;BLOQUEADO_OFFSET;0
20260716142904;2026.07.16 20:29:04;VENDA;29341.00;29140.98;-200.02;-20002.00;-200.00;SIM;SIM;VENDA_EXECUTADA;497707266
20260716143026;2026.07.16 20:30:27;VENDA;29340.75;29142.08;-198.67;-19867.00;-200.00;NAO;NAO;BLOQUEADO_OFFSET;0
20260716143135;2026.07.16 20:31:36;VENDA;29319.75;29119.78;-199.97;-19997.00;-200.00;NAO;NAO;BLOQUEADO_OFFSET;0
20260716143421;2026.07.16 20:34:22;VENDA;29289.50;29090.53;-198.97;-19897.00;-200.00;NAO;NAO;BLOQUEADO_OFFSET;0
20260716143929;2026.07.16 20:39:30;VENDA;29268.50;29071.93;-196.57;-19657.00;-200.00;NAO;NAO;BLOQUEADO_OFFSET;0
20260716144054;2026.07.16 20:40:54;VENDA;29252.50;29054.53;-197.97;-19797.00;-200.00;NAO;NAO;BLOQUEADO_OFFSET;0
20260716144327;2026.07.16 20:43:28;VENDA;29235.75;29038.03;-197.72;-19772.00;-200.00;NAO;NAO;BLOQUEADO_OFFSET;0
20260716144710;2026.07.16 20:47:11;VENDA;29241.00;29044.58;-196.42;-19642.00;-200.00;NAO;NAO;BLOQUEADO_OFFSET;0
20260716145931;2026.07.16 20:59:32;VENDA;29248.50;29045.58;-202.92;-20292.00;-200.00;SIM;SIM;VENDA_EXECUTADA;497730327
20260716150647;2026.07.16 21:07:05;VENDA;29242.75;29047.28;-195.47;-19547.00;-200.00;NAO;NAO;BLOQUEADO_OFFSET;0
20260716150825;2026.07.16 21:08:26;VENDA;29230.75;29036.33;-194.42;-19442.00;-200.00;NAO;NAO;BLOQUEADO_OFFSET;0
20260716151211;2026.07.16 21:12:12;VENDA;29266.50;29073.73;-192.77;-19277.00;-200.00;NAO;NAO;BLOQUEADO_OFFSET;0
20260716151514;2026.07.16 21:15:15;COMPRA;29227.00;29028.23;-198.77;-19877.00;-200.00;NAO;NAO;BLOQUEADO_OFFSET;0
20260716151639;2026.07.16 21:16:40;VENDA;29250.75;29059.58;-191.17;-19117.00;-200.00;NAO;NAO;BLOQUEADO_OFFSET;0
20260716152155;2026.07.16 21:21:56;VENDA;29296.25;29097.83;-198.42;-19842.00;-200.00;NAO;NAO;BLOQUEADO_OFFSET;0
20260716152320;2026.07.16 21:23:20;VENDA;29282.00;29084.03;-197.97;-19797.00;-200.00;NAO;NAO;BLOQUEADO_OFFSET;0
20260716152553;2026.07.16 21:25:53;VENDA;29277.75;29080.18;-197.57;-19757.00;-200.00;NAO;NAO;BLOQUEADO_OFFSET;0
20260716152616;2026.07.16 21:26:16;VENDA;29280.25;29081.98;-198.27;-19827.00;-200.00;NAO;NAO;BLOQUEADO_OFFSET;0
20260716152907;2026.07.16 21:29:07;VENDA;29263.25;29064.98;-198.27;-19827.00;-200.00;NAO;NAO;BLOQUEADO_OFFSET;0
20260716153024;2026.07.16 21:30:25;COMPRA;29249.00;29051.63;-197.37;-19737.00;-200.00;NAO;NAO;BLOQUEADO_OFFSET;0
20260716153254;2026.07.16 21:32:55;VENDA;29249.00;29049.03;-199.97;-19997.00;-200.00;NAO;NAO;BLOQUEADO_OFFSET;0
20260716153544;2026.07.16 21:35:44;VENDA;29233.00;29035.23;-197.77;-19777.00;-200.00;NAO;NAO;BLOQUEADO_OFFSET;0
20260716153556;2026.07.16 21:35:57;COMPRA;29239.50;29042.48;-197.02;-19702.00;-200.00;NAO;NAO;BLOQUEADO_OFFSET;0
20260716153626;2026.07.16 21:36:27;VENDA;29233.25;29035.53;-197.72;-19772.00;-200.00;NAO;NAO;BLOQUEADO_OFFSET;0
20260716153736;2026.07.16 21:37:36;VENDA;29238.25;29040.93;-197.32;-19732.00;-200.00;NAO;NAO;BLOQUEADO_OFFSET;0
20260716154007;2026.07.16 21:40:08;VENDA;29219.00;29015.08;-203.92;-20392.00;-200.00;SIM;SIM;VENDA_EXECUTADA;497758996
20260716154043;2026.07.16 21:41:23;VENDA;29199.00;29015.43;-183.57;-18357.00;-200.00;NAO;NAO;BLOQUEADO_OFFSET;0
20260716154335;2026.07.16 21:43:36;VENDA;29243.00;29044.33;-198.67;-19867.00;-200.00;NAO;NAO;BLOQUEADO_OFFSET;0
20260716154508;2026.07.16 21:45:09;VENDA;29228.25;29031.08;-197.17;-19717.00;-200.00;NAO;NAO;BLOQUEADO_OFFSET;0
20260716155415;2026.07.16 21:54:16;VENDA;29214.50;29016.08;-198.42;-19842.00;-200.00;NAO;NAO;BLOQUEADO_OFFSET;0
20260716155611;2026.07.16 21:56:11;VENDA;29215.50;29017.78;-197.72;-19772.00;-200.00;NAO;NAO;BLOQUEADO_OFFSET;0
20260716155857;2026.07.16 21:58:58;VENDA;29215.25;29017.78;-197.47;-19747.00;-200.00;NAO;NAO;BLOQUEADO_OFFSET;0
20260716160020;2026.07.16 22:00:21;VENDA;29217.50;29019.58;-197.92;-19792.00;-200.00;NAO;NAO;BLOQUEADO_OFFSET;0
20260716160654;2026.07.16 22:06:54;VENDA;29204.75;29005.53;-199.22;-19922.00;-200.00;NAO;NAO;BLOQUEADO_OFFSET;0
20260716160740;2026.07.16 22:07:41;VENDA;29189.00;28988.93;-200.07;-20007.00;-200.00;SIM;SIM;VENDA_EXECUTADA;497775125
20260716161509;2026.07.16 22:15:42;VENDA;29173.25;28970.78;-202.47;-20247.00;-200.00;SIM;SIM;VENDA_EXECUTADA;497778877
20260716161738;2026.07.16 22:17:57;VENDA;29158.25;28953.58;-204.67;-20467.00;-200.00;SIM;SIM;VENDA_EXECUTADA;497779906
20260716161807;2026.07.16 22:21:46;VENDA;29157.25;28981.83;-175.42;-17542.00;-200.00;NAO;NAO;BLOQUEADO_OFFSET;0
20260716162538;2026.07.16 22:25:39;VENDA;29144.50;28946.03;-198.47;-19847.00;-200.00;NAO;NAO;BLOQUEADO_OFFSET;0
20260716162616;2026.07.16 22:26:16;VENDA;29131.25;28932.03;-199.22;-19922.00;-200.00;NAO;NAO;BLOQUEADO_OFFSET;0
20260716162740;2026.07.16 22:27:40;VENDA;29130.25;28930.53;-199.72;-19972.00;-200.00;NAO;NAO;BLOQUEADO_OFFSET;0
20260716163736;2026.07.16 22:37:36;VENDA;29130.50;28932.28;-198.22;-19822.00;-200.00;NAO;NAO;BLOQUEADO_OFFSET;0
20260716164504;2026.07.16 22:45:05;VENDA;29113.75;28914.73;-199.02;-19902.00;-200.00;NAO;NAO;BLOQUEADO_OFFSET;0
20260716164753;2026.07.16 22:47:54;VENDA;29099.00;28900.03;-198.97;-19897.00;-200.00;NAO;NAO;BLOQUEADO_OFFSET;0
20260716164805;2026.07.16 22:48:06;VENDA;29084.25;28885.83;-198.42;-19842.00;-200.00;NAO;NAO;BLOQUEADO_OFFSET;0
20260716165046;2026.07.16 22:50:46;COMPRA;29140.50;28943.18;-197.32;-19732.00;-200.00;NAO;NAO;BLOQUEADO_OFFSET;0
20260716165204;2026.07.16 22:52:04;VENDA;29162.75;28965.33;-197.42;-19742.00;-200.00;NAO;NAO;BLOQUEADO_OFFSET;0
20260716165510;2026.07.16 22:55:11;VENDA;29208.25;29008.43;-199.82;-19982.00;-200.00;NAO;NAO;BLOQUEADO_OFFSET;0
20260716165537;2026.07.16 22:55:39;VENDA;29192.75;28990.23;-202.52;-20252.00;-200.00;SIM;SIM;VENDA_EXECUTADA;497809594
20260716170443;2026.07.16 23:04:44;VENDA;29195.75;28996.34;-199.41;-19941.00;-200.00;NAO;NAO;BLOQUEADO_OFFSET;0
20260716170708;2026.07.16 23:07:08;COMPRA;29191.25;28993.57;-197.68;-19768.00;-200.00;NAO;NAO;BLOQUEADO_OFFSET;0
20260716170750;2026.07.16 23:07:50;VENDA;29189.50;28990.34;-199.16;-19916.00;-200.00;NAO;NAO;BLOQUEADO_OFFSET;0
20260716171400;2026.07.16 23:14:01;VENDA;29172.50;28973.74;-198.76;-19876.00;-200.00;NAO;NAO;BLOQUEADO_OFFSET;0
20260716190411;2026.07.17 01:04:12;COMPRA;29216.25;28974.67;-241.58;-24158.00;-200.00;SIM;NAO;ERRO_BUY_market closed;0
20260716191644;2026.07.17 01:16:45;COMPRA;29171.50;28978.17;-193.33;-19333.00;-200.00;NAO;NAO;BLOQUEADO_OFFSET;0
20260716195303;2026.07.17 01:53:04;COMPRA;29125.75;28932.77;-192.98;-19298.00;-200.00;NAO;NAO;BLOQUEADO_OFFSET;0
20260716195859;2026.07.17 01:59:00;COMPRA;29130.75;28936.27;-194.48;-19448.00;-200.00;NAO;NAO;BLOQUEADO_OFFSET;0
20260716203404;2026.07.17 02:34:06;VENDA;29081.75;28874.33;-207.42;-20742.00;-200.00;SIM;SIM;VENDA_EXECUTADA;497858711
20260716203844;2026.07.17 02:39:27;COMPRA;29089.50;28906.98;-182.52;-18252.00;-200.00;NAO;NAO;BLOQUEADO_OFFSET;0
20260716211539;2026.07.17 03:15:40;VENDA;29054.00;28863.23;-190.77;-19077.00;-200.00;NAO;NAO;BLOQUEADO_OFFSET;0
20260716212226;2026.07.17 03:22:26;COMPRA;29034.25;28840.18;-194.07;-19407.00;-200.00;NAO;NAO;BLOQUEADO_OFFSET;0
20260716215948;2026.07.17 03:59:49;COMPRA;29075.00;28863.98;-211.02;-21102.00;-3.00;SIM;SIM;COMPRA_EXECUTADA;497902603
20260716223110;2026.07.17 04:31:11;COMPRA;29020.75;28816.78;-203.97;-20397.00;-3.00;SIM;SIM;COMPRA_EXECUTADA;497923591
20260716225045;2026.07.17 04:50:46;COMPRA;28963.50;28771.28;-192.22;-19222.00;-3.00;SIM;SIM;COMPRA_EXECUTADA;497935712
20260716233935;2026.07.17 05:39:36;VENDA;28909.75;28713.83;-195.92;-19592.00;-3.00;SIM;SIM;VENDA_EXECUTADA;497962884
20260717002456;2026.07.17 06:24:57;VENDA;28983.75;28805.73;-178.02;-17802.00;-3.00;SIM;SIM;VENDA_EXECUTADA;497988226
20260717012205;2026.07.17 07:22:06;COMPRA;28831.50;28638.88;-192.62;-19262.00;-3.00;SIM;SIM;COMPRA_EXECUTADA;498008507
20260717021123;2026.07.17 08:11:24;COMPRA;28797.75;28609.68;-188.07;-18807.00;-3.00;SIM;SIM;COMPRA_EXECUTADA;498027110
20260717021123;2026.07.17 15:51:12;COMPRA;28797.75;28461.28;-336.47;-33647.00;-3.00;SIM;SIM;COMPRA_EXECUTADA;498344558
20260717021123;2026.07.17 16:30:52;COMPRA;28797.75;28458.18;-339.57;-33957.00;-3.00;SIM;SIM;COMPRA_EXECUTADA;498402809
20260717021123;2026.07.17 16:31:16;COMPRA;28797.75;28465.18;-332.57;-33257.00;200.00;SIM;SIM;COMPRA_EXECUTADA;498403732
20260717021123;2026.07.17 17:47:34;COMPRA;28797.75;28658.68;-139.07;-13907.00;200.00;SIM;SIM;COMPRA_EXECUTADA;498537969
20260717021123;2026.07.17 18:06:43;COMPRA;28797.75;28498.88;-298.87;-29887.00;200.00;SIM;SIM;COMPRA_EXECUTADA;498566976
20260717021123;2026.07.17 18:37:35;COMPRA;28797.75;28610.48;-187.27;-18727.00;200.00;SIM;SIM;COMPRA_EXECUTADA;498602714
20260717021123;2026.07.17 18:51:07;COMPRA;28797.75;28624.88;-172.87;-17287.00;200.00;SIM;SIM;COMPRA_EXECUTADA;498615380
20260717141434;2026.07.17 20:14:34;VENDA;29006.25;28808.83;-197.42;-19742.00;200.00;SIM;SIM;VENDA_EXECUTADA;498680254
20260717141509;2026.07.17 20:15:26;VENDA;28988.00;28807.83;-180.17;-18017.00;200.00;SIM;SIM;VENDA_EXECUTADA;498680946
20260717141603;2026.07.17 20:16:29;VENDA;29014.75;28836.18;-178.57;-17857.00;200.00;SIM;SIM;VENDA_EXECUTADA;498681496
20260717142005;2026.07.17 20:20:05;VENDA;28999.25;28803.03;-196.22;-19622.00;200.00;SIM;SIM;VENDA_EXECUTADA;498683194
20260717142040;2026.07.17 20:20:40;VENDA;28980.00;28786.53;-193.47;-19347.00;200.00;SIM;SIM;VENDA_EXECUTADA;498683604
20260717142606;2026.07.17 20:26:06;VENDA;29014.25;28819.18;-195.07;-19507.00;200.00;SIM;SIM;VENDA_EXECUTADA;498685459
20260717143537;2026.07.17 20:35:37;VENDA;28989.00;28793.78;-195.22;-19522.00;200.00;SIM;SIM;VENDA_EXECUTADA;498689935
20260717143726;2026.07.17 20:37:26;VENDA;28987.00;28792.98;-194.02;-19402.00;200.00;SIM;SIM;VENDA_EXECUTADA;498691161
20260717144028;2026.07.17 20:40:28;VENDA;28965.75;28769.73;-196.02;-19602.00;200.00;SIM;SIM;VENDA_EXECUTADA;498693113
20260717144120;2026.07.17 20:42:02;VENDA;28951.00;28768.83;-182.17;-18217.00;200.00;SIM;SIM;VENDA_EXECUTADA;498694317
20260717145107;2026.07.17 20:51:07;VENDA;28934.00;28734.18;-199.82;-19982.00;200.00;SIM;SIM;VENDA_EXECUTADA;498698124
20260717145502;2026.07.17 20:55:39;VENDA;28921.25;28717.33;-203.92;-20392.00;200.00;SIM;SIM;VENDA_EXECUTADA;498700825
20260717145638;2026.07.17 20:57:03;VENDA;28903.75;28697.93;-205.82;-20582.00;200.00;SIM;SIM;VENDA_EXECUTADA;498701588
20260717145749;2026.07.17 21:03:08;COMPRA;28907.00;28727.13;-179.87;-17987.00;200.00;SIM;SIM;COMPRA_EXECUTADA;498704606
20260717150458;2026.07.17 21:05:03;VENDA;28905.50;28699.03;-206.47;-20647.00;200.00;SIM;SIM;VENDA_EXECUTADA;498705500
20260717150526;2026.07.17 21:06:27;COMPRA;28888.50;28682.63;-205.87;-20587.00;200.00;SIM;SIM;COMPRA_EXECUTADA;498706303
20260717151214;2026.07.17 21:12:14;VENDA;28864.50;28671.03;-193.47;-19347.00;200.00;SIM;SIM;VENDA_EXECUTADA;498709468
20260717151537;2026.07.17 21:15:37;COMPRA;28846.25;28653.08;-193.17;-19317.00;200.00;SIM;SIM;COMPRA_EXECUTADA;498711128
20260717152415;2026.07.17 21:24:15;VENDA;28842.75;28657.98;-184.77;-18477.00;200.00;SIM;SIM;VENDA_EXECUTADA;498714789
20260717152551;2026.07.17 21:25:51;VENDA;28828.25;28644.48;-183.77;-18377.00;200.00;SIM;SIM;VENDA_EXECUTADA;498715207
20260717153010;2026.07.17 21:30:10;VENDA;28875.50;28689.13;-186.37;-18637.00;200.00;SIM;SIM;VENDA_EXECUTADA;498718579
20260717153205;2026.07.17 21:32:05;VENDA;28861.25;28675.73;-185.52;-18552.00;200.00;SIM;SIM;VENDA_EXECUTADA;498719872
20260717153316;2026.07.17 21:33:16;VENDA;28839.50;28654.43;-185.07;-18507.00;200.00;SIM;SIM;VENDA_EXECUTADA;498720633
20260717153456;2026.07.17 21:34:56;VENDA;28842.00;28658.73;-183.27;-18327.00;200.00;SIM;SIM;VENDA_EXECUTADA;498721716
20260717154017;2026.07.17 21:40:17;VENDA;28829.50;28642.48;-187.02;-18702.00;200.00;SIM;SIM;VENDA_EXECUTADA;498723378
20260717154130;2026.07.17 21:41:53;VENDA;28814.50;28623.98;-190.52;-19052.00;200.00;SIM;SIM;VENDA_EXECUTADA;498724421
20260717154704;2026.07.17 21:47:32;VENDA;28824.75;28651.08;-173.67;-17367.00;200.00;SIM;SIM;VENDA_EXECUTADA;498728059
20260717154819;2026.07.17 21:49:07;VENDA;28857.00;28677.93;-179.07;-17907.00;200.00;SIM;SIM;VENDA_EXECUTADA;498728907
20260717155006;2026.07.17 21:50:06;VENDA;28838.75;28653.73;-185.02;-18502.00;200.00;SIM;SIM;VENDA_EXECUTADA;498729271
20260717155334;2026.07.17 21:53:34;VENDA;28867.00;28681.73;-185.27;-18527.00;200.00;SIM;SIM;VENDA_EXECUTADA;498730957
20260717155731;2026.07.17 21:57:32;VENDA;28874.00;28689.68;-184.32;-18432.00;200.00;SIM;SIM;VENDA_EXECUTADA;498733161
20260717160010;2026.07.17 22:00:10;VENDA;28862.25;28670.38;-191.87;-19187.00;200.00;SIM;SIM;VENDA_EXECUTADA;498734281
20260717160112;2026.07.17 22:02:49;VENDA;28842.50;28653.18;-189.32;-18932.00;200.00;SIM;SIM;VENDA_EXECUTADA;498735434
20260717160653;2026.07.17 22:07:09;VENDA;28826.75;28635.43;-191.32;-19132.00;200.00;SIM;SIM;VENDA_EXECUTADA;498738135
20260717160906;2026.07.17 22:10:17;VENDA;28812.50;28619.43;-193.07;-19307.00;200.00;SIM;SIM;VENDA_EXECUTADA;498739779
20260717161116;2026.07.17 22:11:50;VENDA;28797.25;28603.58;-193.67;-19367.00;200.00;SIM;SIM;VENDA_EXECUTADA;498740678
20260717161226;2026.07.17 22:14:01;VENDA;28786.00;28585.98;-200.02;-20002.00;200.00;SIM;SIM;VENDA_EXECUTADA;498742202
20260717161412;2026.07.17 22:15:42;VENDA;28768.50;28568.58;-199.92;-19992.00;200.00;SIM;SIM;VENDA_EXECUTADA;498743493
20260717161550;2026.07.17 22:17:13;VENDA;28750.75;28552.43;-198.32;-19832.00;200.00;SIM;SIM;VENDA_EXECUTADA;498744275
20260717161759;2026.07.17 22:19:37;VENDA;28751.00;28582.83;-168.17;-16817.00;200.00;SIM;SIM;VENDA_EXECUTADA;498745251
20260717162507;2026.07.17 22:25:08;VENDA;28736.00;28549.73;-186.27;-18627.00;200.00;SIM;SIM;VENDA_EXECUTADA;498748206
20260717162553;2026.07.17 22:26:26;VENDA;28719.75;28547.43;-172.32;-17232.00;200.00;SIM;SIM;VENDA_EXECUTADA;498749054
20260717162719;2026.07.17 22:27:34;VENDA;28752.75;28574.88;-177.87;-17787.00;200.00;SIM;SIM;VENDA_EXECUTADA;498749634
20260717162813;2026.07.17 22:28:13;VENDA;28786.50;28604.88;-181.62;-18162.00;200.00;SIM;SIM;VENDA_EXECUTADA;498750050
20260717163015;2026.07.17 22:30:16;COMPRA;28827.00;28643.38;-183.62;-18362.00;200.00;SIM;SIM;COMPRA_EXECUTADA;498751309
20260717163047;2026.07.17 22:30:47;COMPRA;28813.25;28628.78;-184.47;-18447.00;200.00;SIM;SIM;COMPRA_EXECUTADA;498751698
20260717163223;2026.07.17 22:32:24;VENDA;28808.50;28628.23;-180.27;-18027.00;200.00;SIM;SIM;VENDA_EXECUTADA;498752730
20260717163301;2026.07.17 22:33:01;VENDA;28804.00;28617.13;-186.87;-18687.00;200.00;SIM;SIM;VENDA_EXECUTADA;498753065
20260717163634;2026.07.17 22:36:54;VENDA;28791.75;28616.43;-175.32;-17532.00;200.00;SIM;SIM;VENDA_EXECUTADA;498754522
20260717163827;2026.07.17 22:39:15;VENDA;28799.50;28596.93;-202.57;-20257.00;200.00;SIM;SIM;VENDA_EXECUTADA;498755952
20260717163921;2026.07.17 22:40:02;VENDA;28777.00;28579.93;-197.07;-19707.00;200.00;SIM;SIM;VENDA_EXECUTADA;498756228
20260717164139;2026.07.17 22:41:48;VENDA;28791.00;28607.43;-183.57;-18357.00;200.00;SIM;SIM;VENDA_EXECUTADA;498757038
20260717164230;2026.07.17 22:42:31;VENDA;28770.50;28589.43;-181.07;-18107.00;200.00;SIM;SIM;VENDA_EXECUTADA;498757424
20260717164415;2026.07.17 22:44:16;VENDA;28799.25;28614.93;-184.32;-18432.00;200.00;SIM;SIM;VENDA_EXECUTADA;498758508
20260717165002;2026.07.17 22:50:03;COMPRA;28835.00;28661.38;-173.62;-17362.00;200.00;SIM;SIM;COMPRA_EXECUTADA;498761889
20260717165256;2026.07.17 22:54:12;VENDA;28819.25;28633.33;-185.92;-18592.00;200.00;SIM;SIM;VENDA_EXECUTADA;498764433
20260717165912;2026.07.17 22:59:12;VENDA;28811.50;28622.83;-188.67;-18867.00;200.00;SIM;SIM;VENDA_EXECUTADA;498767221
20260717165942;2026.07.17 22:59:42;VENDA;28790.00;28605.83;-184.17;-18417.00;200.00;SIM;SIM;VENDA_EXECUTADA;498767570
20260717165954;2026.07.17 22:59:55;VENDA;28763.75;28573.13;-190.62;-19062.00;200.00;SIM;SIM;VENDA_EXECUTADA;498767888
20260717170038;2026.07.17 23:00:56;VENDA;28744.75;28554.34;-190.41;-19041.00;200.00;SIM;SIM;VENDA_EXECUTADA;498769352
20260717170240;2026.07.17 23:03:43;VENDA;28730.75;28536.04;-194.71;-19471.00;200.00;SIM;SIM;VENDA_EXECUTADA;498770532
20260717170407;2026.07.17 23:13:39;VENDA;28718.00;28562.84;-155.16;-15516.00;200.00;SIM;SIM;VENDA_EXECUTADA;498773059
20260717171344;2026.07.17 23:16:28;VENDA;28744.50;28560.64;-183.86;-18386.00;200.00;SIM;SIM;VENDA_EXECUTADA;498773601
20260719190500;2026.07.20 01:08:57;COMPRA;28743.50;28560.57;-182.93;-18293.00;200.00;SIM;SIM;COMPRA_EXECUTADA;498947753
20260719191349;2026.07.20 01:15:25;COMPRA;28714.50;28578.87;-135.63;-13563.00;200.00;SIM;SIM;COMPRA_EXECUTADA;498951900
20260719191834;2026.07.20 01:19:12;COMPRA;28769.50;28598.37;-171.13;-17113.00;200.00;SIM;SIM;COMPRA_EXECUTADA;498954324
20260719191930;2026.07.20 01:20:16;COMPRA;28779.25;28616.37;-162.88;-16288.00;200.00;SIM;SIM;COMPRA_EXECUTADA;498955513
20260719192053;2026.07.20 01:21:31;COMPRA;28801.75;28635.27;-166.48;-16648.00;200.00;SIM;SIM;COMPRA_EXECUTADA;498956488
20260719192537;2026.07.20 01:25:39;COMPRA;28767.50;28595.87;-171.63;-17163.00;200.00;SIM;SIM;COMPRA_EXECUTADA;498958721
20260719192734;2026.07.20 01:27:48;COMPRA;28779.50;28595.57;-183.93;-18393.00;200.00;SIM;SIM;COMPRA_EXECUTADA;498960111
20260719193335;2026.07.20 01:33:35;COMPRA;28812.00;28637.57;-174.43;-17443.00;200.00;SIM;SIM;COMPRA_EXECUTADA;498964155
20260719193335;2026.07.20 01:35:08;COMPRA;28812.00;28650.57;-161.43;-16143.00;200.00;SIM;SIM;COMPRA_EXECUTADA;498965412
20260719193542;2026.07.20 01:43:44;COMPRA;28828.50;28669.07;-159.43;-15943.00;200.00;SIM;SIM;COMPRA_EXECUTADA;498970041
20260719194407;2026.07.20 01:54:43;COMPRA;28845.75;28639.37;-206.38;-20638.00;200.00;SIM;SIM;COMPRA_EXECUTADA;498973937
20260719195454;2026.07.20 02:03:49;COMPRA;28815.75;28612.98;-202.77;-20277.00;200.00;SIM;SIM;COMPRA_EXECUTADA;498979877
20260719201402;2026.07.20 02:14:03;COMPRA;28816.50;28641.98;-174.52;-17452.00;200.00;SIM;SIM;COMPRA_EXECUTADA;498984725
20260719202204;2026.07.20 02:22:05;COMPRA;28792.25;28617.28;-174.97;-17497.00;200.00;SIM;SIM;COMPRA_EXECUTADA;498988679
20260719202345;2026.07.20 02:23:45;COMPRA;28811.00;28636.68;-174.32;-17432.00;200.00;SIM;SIM;COMPRA_EXECUTADA;498989293
20260719202633;2026.07.20 02:35:18;COMPRA;28809.50;28652.78;-156.72;-15672.00;200.00;SIM;SIM;COMPRA_EXECUTADA;498994613
20260719203523;2026.07.20 02:42:36;COMPRA;28829.50;28671.28;-158.22;-15822.00;200.00;SIM;SIM;COMPRA_EXECUTADA;498998379
20260719204303;2026.07.20 02:43:30;COMPRA;28855.00;28689.38;-165.62;-16562.00;200.00;SIM;SIM;COMPRA_EXECUTADA;498999298
20260719204544;2026.07.20 02:45:45;COMPRA;28823.75;28649.28;-174.47;-17447.00;200.00;SIM;SIM;COMPRA_EXECUTADA;499001336
20260719204837;2026.07.20 02:48:38;COMPRA;28839.00;28665.88;-173.12;-17312.00;200.00;SIM;SIM;COMPRA_EXECUTADA;499003269
20260719205144;2026.07.20 02:52:11;COMPRA;28852.25;28683.98;-168.27;-16827.00;200.00;SIM;SIM;COMPRA_EXECUTADA;499005723
20260719205857;2026.07.20 02:58:58;COMPRA;28871.00;28695.68;-175.32;-17532.00;200.00;SIM;SIM;COMPRA_EXECUTADA;499009723
20260719210049;2026.07.20 03:00:50;COMPRA;28839.75;28663.28;-176.47;-17647.00;200.00;SIM;SIM;COMPRA_EXECUTADA;499011875
20260719210214;2026.07.20 03:02:15;COMPRA;28816.25;28644.88;-171.37;-17137.00;200.00;SIM;SIM;COMPRA_EXECUTADA;499016104
20260719210245;2026.07.20 03:02:46;COMPRA;28838.25;28667.28;-170.97;-17097.00;200.00;SIM;SIM;COMPRA_EXECUTADA;499017173
20260719210440;2026.07.20 03:04:41;COMPRA;28868.00;28695.38;-172.62;-17262.00;200.00;SIM;SIM;COMPRA_EXECUTADA;499018914
20260719210548;2026.07.20 03:05:49;COMPRA;28895.75;28720.68;-175.07;-17507.00;200.00;SIM;SIM;COMPRA_EXECUTADA;499020512
20260719210734;2026.07.20 03:07:35;VENDA;28912.75;28732.33;-180.42;-18042.00;200.00;SIM;SIM;VENDA_EXECUTADA;499023711
20260719210842;2026.07.20 03:09:35;COMPRA;28923.75;28761.28;-162.47;-16247.00;200.00;SIM;SIM;COMPRA_EXECUTADA;499026085
20260719211139;2026.07.20 03:14:40;COMPRA;28937.75;28778.18;-159.57;-15957.00;200.00;SIM;SIM;COMPRA_EXECUTADA;499033351
20260719211640;2026.07.20 03:30:24;COMPRA;28957.00;28750.88;-206.12;-20612.00;200.00;SIM;SIM;COMPRA_EXECUTADA;499047937
20260719213032;2026.07.20 03:32:11;COMPRA;28918.00;28722.68;-195.32;-19532.00;200.00;SIM;SIM;COMPRA_EXECUTADA;499049535
20260719213636;2026.07.20 03:37:27;VENDA;28900.50;28739.53;-160.97;-16097.00;200.00;SIM;SIM;VENDA_EXECUTADA;499054089
20260719214037;2026.07.20 03:40:38;COMPRA;28895.50;28720.88;-174.62;-17462.00;200.00;SIM;SIM;COMPRA_EXECUTADA;499055729
20260719214142;2026.07.20 03:41:43;COMPRA;28914.25;28737.18;-177.07;-17707.00;200.00;SIM;SIM;COMPRA_EXECUTADA;499056230
20260719214240;2026.07.20 03:42:41;COMPRA;28929.00;28754.78;-174.22;-17422.00;200.00;SIM;SIM;COMPRA_EXECUTADA;499056848
20260719214458;2026.07.20 03:44:59;COMPRA;28885.50;28711.98;-173.52;-17352.00;200.00;SIM;SIM;COMPRA_EXECUTADA;499058253
20260719214804;2026.07.20 03:48:05;COMPRA;28878.25;28702.38;-175.87;-17587.00;200.00;SIM;SIM;COMPRA_EXECUTADA;499060152
20260719214948;2026.07.20 03:49:49;COMPRA;28878.25;28704.38;-173.87;-17387.00;200.00;SIM;SIM;COMPRA_EXECUTADA;499060886
20260719220721;2026.07.20 04:07:22;COMPRA;28902.25;28727.28;-174.97;-17497.00;200.00;SIM;SIM;COMPRA_EXECUTADA;499077759
20260719221056;2026.07.20 04:10:57;COMPRA;28901.50;28727.18;-174.32;-17432.00;200.00;SIM;SIM;COMPRA_EXECUTADA;499081164
20260719221202;2026.07.20 04:12:03;COMPRA;28874.50;28698.98;-175.52;-17552.00;200.00;SIM;SIM;COMPRA_EXECUTADA;499083422
20260719221856;2026.07.20 04:18:57;COMPRA;28850.00;28671.78;-178.22;-17822.00;200.00;SIM;SIM;COMPRA_EXECUTADA;499089101
20260719222302;2026.07.20 04:23:32;COMPRA;28855.25;28689.48;-165.77;-16577.00;200.00;SIM;SIM;COMPRA_EXECUTADA;499093742
20260719222412;2026.07.20 04:24:54;COMPRA;28865.75;28690.88;-174.87;-17487.00;200.00;SIM;SIM;COMPRA_EXECUTADA;499094540
20260719222705;2026.07.20 04:27:06;COMPRA;28873.75;28701.48;-172.27;-17227.00;200.00;SIM;SIM;COMPRA_EXECUTADA;499095854
20260719222910;2026.07.20 04:29:11;COMPRA;28824.75;28651.78;-172.97;-17297.00;200.00;SIM;SIM;COMPRA_EXECUTADA;499097044
20260719224253;2026.07.20 04:42:54;COMPRA;28790.50;28616.28;-174.22;-17422.00;200.00;SIM;SIM;COMPRA_EXECUTADA;499105223
20260719224549;2026.07.20 04:45:50;COMPRA;28789.50;28612.48;-177.02;-17702.00;200.00;SIM;SIM;COMPRA_EXECUTADA;499109404
20260719224645;2026.07.20 04:46:46;COMPRA;28799.00;28625.38;-173.62;-17362.00;200.00;SIM;SIM;COMPRA_EXECUTADA;499109936
20260719224950;2026.07.20 04:49:51;COMPRA;28818.50;28643.28;-175.22;-17522.00;200.00;SIM;SIM;COMPRA_EXECUTADA;499111463
20260719225224;2026.07.20 04:52:25;VENDA;28782.25;28605.33;-176.92;-17692.00;200.00;SIM;SIM;VENDA_EXECUTADA;499112959
20260719225605;2026.07.20 04:56:06;COMPRA;28766.00;28589.48;-176.52;-17652.00;200.00;SIM;SIM;COMPRA_EXECUTADA;499115279
20260719225708;2026.07.20 04:57:09;COMPRA;28781.50;28605.98;-175.52;-17552.00;200.00;SIM;SIM;COMPRA_EXECUTADA;499115717
20260719225807;2026.07.20 04:58:08;COMPRA;28797.50;28622.28;-175.22;-17522.00;200.00;SIM;SIM;COMPRA_EXECUTADA;499116336
20260719230117;2026.07.20 05:01:18;COMPRA;28861.25;28688.18;-173.07;-17307.00;200.00;SIM;SIM;COMPRA_EXECUTADA;499119073
20260719230412;2026.07.20 05:04:13;COMPRA;28854.75;28685.28;-169.47;-16947.00;200.00;SIM;SIM;COMPRA_EXECUTADA;499122321
20260719230502;2026.07.20 05:05:32;COMPRA;28874.25;28704.28;-169.97;-16997.00;200.00;SIM;SIM;COMPRA_EXECUTADA;499123195
20260719230801;2026.07.20 05:11:15;COMPRA;28874.25;28677.28;-196.97;-19697.00;200.00;SIM;SIM;COMPRA_EXECUTADA;499125890
20260719231328;2026.07.20 05:13:29;COMPRA;28846.00;28671.78;-174.22;-17422.00;200.00;SIM;SIM;COMPRA_EXECUTADA;499126644
20260719231824;2026.07.20 05:18:25;COMPRA;28818.25;28643.28;-174.97;-17497.00;200.00;SIM;SIM;COMPRA_EXECUTADA;499128770
20260719233105;2026.07.20 05:31:06;COMPRA;28848.75;28677.88;-170.87;-17087.00;200.00;SIM;SIM;COMPRA_EXECUTADA;499134287
20260719233306;2026.07.20 05:33:07;COMPRA;28873.75;28696.18;-177.57;-17757.00;200.00;SIM;SIM;COMPRA_EXECUTADA;499136015
20260719233908;2026.07.20 05:39:09;COMPRA;28872.75;28694.68;-178.07;-17807.00;200.00;SIM;SIM;COMPRA_EXECUTADA;499139811
20260719234230;2026.07.20 05:42:31;COMPRA;28891.25;28720.28;-170.97;-17097.00;200.00;SIM;SIM;COMPRA_EXECUTADA;499142352
20260719234359;2026.07.20 05:44:00;COMPRA;28914.00;28738.78;-175.22;-17522.00;200.00;SIM;SIM;COMPRA_EXECUTADA;499143811
20260719235023;2026.07.20 05:50:24;COMPRA;28925.75;28751.38;-174.37;-17437.00;200.00;SIM;SIM;COMPRA_EXECUTADA;499152059
20260719235626;2026.07.20 05:56:27;COMPRA;28893.75;28720.78;-172.97;-17297.00;200.00;SIM;SIM;COMPRA_EXECUTADA;499155541
20260719235659;2026.07.20 05:57:05;COMPRA;28903.00;28722.68;-180.32;-18032.00;200.00;SIM;SIM;COMPRA_EXECUTADA;499155938
20260720000558;2026.07.20 06:05:59;COMPRA;28868.75;28694.78;-173.97;-17397.00;200.00;SIM;SIM;COMPRA_EXECUTADA;499160846
20260720001319;2026.07.20 06:13:20;COMPRA;28880.00;28704.48;-175.52;-17552.00;200.00;SIM;SIM;COMPRA_EXECUTADA;499164762
20260720001600;2026.07.20 06:16:01;COMPRA;28906.00;28733.88;-172.12;-17212.00;200.00;SIM;SIM;COMPRA_EXECUTADA;499166738
20260720002329;2026.07.20 06:23:30;COMPRA;28867.00;28689.38;-177.62;-17762.00;200.00;SIM;SIM;COMPRA_EXECUTADA;499170189
20260720002441;2026.07.20 06:24:42;COMPRA;28894.00;28719.88;-174.12;-17412.00;200.00;SIM;SIM;COMPRA_EXECUTADA;499170964
20260720003524;2026.07.20 06:35:25;COMPRA;28863.00;28690.48;-172.52;-17252.00;200.00;SIM;SIM;COMPRA_EXECUTADA;499177504
20260720003744;2026.07.20 06:37:45;COMPRA;28880.25;28708.98;-171.27;-17127.00;200.00;SIM;SIM;COMPRA_EXECUTADA;499179119
20260720004122;2026.07.20 06:42:58;COMPRA;28884.75;28726.48;-158.27;-15827.00;200.00;SIM;SIM;COMPRA_EXECUTADA;499181580
20260720004439;2026.07.20 06:50:56;VENDA;28891.50;28742.93;-148.57;-14857.00;200.00;SIM;SIM;VENDA_EXECUTADA;499184729
20260720005120;2026.07.20 06:57:02;VENDA;28919.00;28724.23;-194.77;-19477.00;200.00;SIM;SIM;VENDA_EXECUTADA;499187059
20260720005730;2026.07.20 06:58:24;COMPRA;28899.00;28708.18;-190.82;-19082.00;200.00;SIM;SIM;COMPRA_EXECUTADA;499187471
20260720010123;2026.07.20 07:01:24;COMPRA;28909.75;28733.98;-175.77;-17577.00;200.00;SIM;SIM;COMPRA_EXECUTADA;499188974
20260720010719;2026.07.20 07:07:20;COMPRA;28871.25;28699.88;-171.37;-17137.00;200.00;SIM;SIM;COMPRA_EXECUTADA;499190508
20260720011141;2026.07.20 07:17:43;COMPRA;28882.50;28671.18;-211.32;-21132.00;200.00;SIM;SIM;COMPRA_EXECUTADA;499194329
20260720011817;2026.07.20 07:18:41;COMPRA;28856.25;28672.38;-183.87;-18387.00;200.00;SIM;SIM;COMPRA_EXECUTADA;499194669
20260720012551;2026.07.20 07:25:52;COMPRA;28872.00;28697.18;-174.82;-17482.00;200.00;SIM;SIM;COMPRA_EXECUTADA;499196747
20260720012710;2026.07.20 07:27:11;COMPRA;28891.50;28715.48;-176.02;-17602.00;200.00;SIM;SIM;COMPRA_EXECUTADA;499197269
20260720013304;2026.07.20 07:33:05;COMPRA;28927.50;28752.78;-174.72;-17472.00;200.00;SIM;SIM;COMPRA_EXECUTADA;499199962
20260720014549;2026.07.20 07:45:50;COMPRA;28935.00;28757.48;-177.52;-17752.00;200.00;SIM;SIM;COMPRA_EXECUTADA;499204498
20260720015614;2026.07.20 07:56:15;COMPRA;28901.25;28727.68;-173.57;-17357.00;200.00;SIM;SIM;COMPRA_EXECUTADA;499209621
20260720020614;2026.07.20 08:06:15;COMPRA;28862.50;28686.58;-175.92;-17592.00;200.00;SIM;SIM;COMPRA_EXECUTADA;499215469
20260720021137;2026.07.20 08:11:38;COMPRA;28829.00;28652.18;-176.82;-17682.00;200.00;SIM;SIM;COMPRA_EXECUTADA;499219152
20260720021359;2026.07.20 08:14:00;COMPRA;28858.00;28681.68;-176.32;-17632.00;200.00;SIM;SIM;COMPRA_EXECUTADA;499222280
20260720022614;2026.07.20 08:26:15;COMPRA;28846.75;28666.98;-179.77;-17977.00;200.00;SIM;SIM;COMPRA_EXECUTADA;499227299
20260720023658;2026.07.20 08:39:27;COMPRA;28824.25;28641.38;-182.87;-18287.00;200.00;SIM;SIM;COMPRA_EXECUTADA;499235149
20260720025451;2026.07.20 08:54:52;VENDA;28793.25;28616.93;-176.32;-17632.00;200.00;SIM;SIM;VENDA_EXECUTADA;499242800
20260720025845;2026.07.20 08:58:46;COMPRA;28814.50;28637.18;-177.32;-17732.00;200.00;SIM;SIM;COMPRA_EXECUTADA;499244697
20260720031157;2026.07.20 09:11:58;COMPRA;28785.00;28609.38;-175.62;-17562.00;200.00;SIM;SIM;COMPRA_EXECUTADA;499253432
20260720031336;2026.07.20 09:16:26;COMPRA;28786.25;28627.58;-158.67;-15867.00;200.00;SIM;SIM;COMPRA_EXECUTADA;499256024
20260720031632;2026.07.20 09:24:45;COMPRA;28804.50;28600.38;-204.12;-20412.00;200.00;SIM;SIM;COMPRA_EXECUTADA;499259139
20260720032507;2026.07.20 09:29:40;VENDA;28770.00;28616.73;-153.27;-15327.00;200.00;SIM;SIM;VENDA_EXECUTADA;499262712
20260720034142;2026.07.20 09:41:43;COMPRA;28809.50;28631.18;-178.32;-17832.00;200.00;SIM;SIM;COMPRA_EXECUTADA;499270686
20260720034912;2026.07.20 09:49:13;COMPRA;28787.25;28609.98;-177.27;-17727.00;200.00;SIM;SIM;COMPRA_EXECUTADA;499275434
20260720035208;2026.07.20 09:52:09;COMPRA;28805.75;28631.68;-174.07;-17407.00;200.00;SIM;SIM;COMPRA_EXECUTADA;499276439
20260720040032;2026.07.20 10:01:35;COMPRA;28820.25;28649.68;-170.57;-17057.00;200.00;SIM;SIM;COMPRA_EXECUTADA;499284221
20260720042239;2026.07.20 10:22:47;COMPRA;28830.50;28668.38;-162.12;-16212.00;200.00;SIM;SIM;COMPRA_EXECUTADA;499296675
20260720042312;2026.07.20 10:26:31;COMPRA;28840.75;28686.28;-154.47;-15447.00;200.00;SIM;SIM;COMPRA_EXECUTADA;499301456
20260720042801;2026.07.20 10:29:21;COMPRA;28864.50;28705.28;-159.22;-15922.00;200.00;SIM;SIM;COMPRA_EXECUTADA;499304147
20260720042927;2026.07.20 10:30:19;COMPRA;28880.00;28724.68;-155.32;-15532.00;200.00;SIM;SIM;COMPRA_EXECUTADA;499307143
20260720043041;2026.07.20 10:34:35;COMPRA;28895.75;28743.48;-152.27;-15227.00;200.00;SIM;SIM;COMPRA_EXECUTADA;499315069
20260720044129;2026.07.20 10:42:09;COMPRA;28918.00;28715.88;-202.12;-20212.00;200.00;SIM;SIM;COMPRA_EXECUTADA;499324308
20260720044750;2026.07.20 10:47:51;COMPRA;28887.25;28712.98;-174.27;-17427.00;200.00;SIM;SIM;COMPRA_EXECUTADA;499331003
20260720045454;2026.07.20 10:56:16;COMPRA;28892.00;28732.68;-159.32;-15932.00;200.00;SIM;SIM;COMPRA_EXECUTADA;499336479
20260720045919;2026.07.20 11:00:10;COMPRA;28910.00;28748.78;-161.22;-16122.00;200.00;SIM;SIM;COMPRA_EXECUTADA;499338968
20260720050034;2026.07.20 11:07:50;COMPRA;28926.75;28722.68;-204.07;-20407.00;200.00;SIM;SIM;COMPRA_EXECUTADA;499348827
20260720051132;2026.07.20 11:12:27;COMPRA;28912.75;28740.58;-172.17;-17217.00;200.00;SIM;SIM;COMPRA_EXECUTADA;499351733
20260720051516;2026.07.20 11:15:17;VENDA;28932.25;28754.83;-177.42;-17742.00;200.00;SIM;SIM;VENDA_EXECUTADA;499354128
20260720051808;2026.07.20 11:20:00;COMPRA;28919.00;28739.88;-179.12;-17912.00;200.00;SIM;SIM;COMPRA_EXECUTADA;499359494
20260720053104;2026.07.20 11:31:05;COMPRA;28882.50;28707.58;-174.92;-17492.00;200.00;SIM;SIM;COMPRA_EXECUTADA;499370948
20260720061725;2026.07.20 12:17:26;COMPRA;28901.75;28725.08;-176.67;-17667.00;200.00;SIM;SIM;COMPRA_EXECUTADA;499403351
20260720063036;2026.07.20 12:30:37;COMPRA;28899.75;28727.08;-172.67;-17267.00;200.00;SIM;SIM;COMPRA_EXECUTADA;499412575
20260720063129;2026.07.20 12:38:26;COMPRA;28918.00;28745.38;-172.62;-17262.00;200.00;SIM;SIM;COMPRA_EXECUTADA;499417851
20260720064152;2026.07.20 12:42:10;VENDA;28935.50;28760.63;-174.87;-17487.00;200.00;SIM;SIM;VENDA_EXECUTADA;499420013
20260720064909;2026.07.20 12:49:10;VENDA;28964.00;28785.03;-178.97;-17897.00;200.00;SIM;SIM;VENDA_EXECUTADA;499423975
20260720065249;2026.07.20 12:52:50;VENDA;28993.00;28817.03;-175.97;-17597.00;200.00;SIM;SIM;VENDA_EXECUTADA;499428033
20260720065401;2026.07.20 12:54:03;VENDA;28975.25;28798.03;-177.22;-17722.00;200.00;SIM;SIM;VENDA_EXECUTADA;499428963
20260720065547;2026.07.20 12:55:48;VENDA;28955.25;28778.43;-176.82;-17682.00;200.00;SIM;SIM;VENDA_EXECUTADA;499429987
20260720070126;2026.07.20 13:06:29;VENDA;28941.25;28759.33;-181.92;-18192.00;200.00;SIM;SIM;VENDA_EXECUTADA;499436716
20260720072733;2026.07.20 13:30:32;COMPRA;28951.00;28794.98;-156.02;-15602.00;200.00;SIM;SIM;COMPRA_EXECUTADA;499449999
20260720080254;2026.07.20 14:04:34;COMPRA;28970.00;28809.78;-160.22;-16022.00;200.00;SIM;SIM;COMPRA_EXECUTADA;499474877
20260720080500;2026.07.20 14:08:50;VENDA;28992.00;28825.83;-166.17;-16617.00;200.00;SIM;SIM;VENDA_EXECUTADA;499477843
20260720081614;2026.07.20 14:30:12;VENDA;29002.75;28854.33;-148.42;-14842.00;200.00;SIM;SIM;VENDA_EXECUTADA;499492173
20260720083034;2026.07.20 14:30:35;COMPRA;29061.75;28878.88;-182.87;-18287.00;200.00;SIM;SIM;COMPRA_EXECUTADA;499498741
20260720083225;2026.07.20 14:32:25;COMPRA;29082.75;28906.98;-175.77;-17577.00;200.00;SIM;SIM;COMPRA_EXECUTADA;499507484
20260720083328;2026.07.20 14:33:29;COMPRA;29088.75;28908.78;-179.97;-17997.00;200.00;SIM;SIM;COMPRA_EXECUTADA;499512067
20260720083431;2026.07.20 14:34:32;COMPRA;29100.25;28922.48;-177.77;-17777.00;200.00;SIM;SIM;COMPRA_EXECUTADA;499515121
20260720084802;2026.07.20 14:48:03;COMPRA;29072.00;28897.88;-174.12;-17412.00;200.00;SIM;SIM;COMPRA_EXECUTADA;499533518
20260720085611;2026.07.20 15:01:56;COMPRA;29075.25;28869.48;-205.77;-20577.00;200.00;SIM;SIM;COMPRA_EXECUTADA;499550309
20260720090205;2026.07.20 15:02:31;VENDA;29041.50;28838.33;-203.17;-20317.00;200.00;SIM;SIM;VENDA_EXECUTADA;499552358
20260720090240;2026.07.20 15:02:41;COMPRA;29010.25;28829.38;-180.87;-18087.00;200.00;SIM;SIM;COMPRA_EXECUTADA;499554391
20260720090857;2026.07.20 15:08:58;COMPRA;29014.00;28838.38;-175.62;-17562.00;200.00;SIM;SIM;COMPRA_EXECUTADA;499564638
20260720092812;2026.07.20 15:28:12;COMPRA;29034.75;28857.78;-176.97;-17697.00;200.00;SIM;SIM;COMPRA_EXECUTADA;499587851
20260720093937;2026.07.20 15:39:53;COMPRA;29042.00;28860.68;-181.32;-18132.00;200.00;SIM;SIM;COMPRA_EXECUTADA;499598255
20260720094421;2026.07.20 15:44:22;COMPRA;29007.75;28832.68;-175.07;-17507.00;200.00;SIM;SIM;COMPRA_EXECUTADA;499604265
20260720094751;2026.07.20 15:47:52;COMPRA;29024.75;28851.58;-173.17;-17317.00;200.00;SIM;SIM;COMPRA_EXECUTADA;499608332
20260720094819;2026.07.20 15:52:46;VENDA;29041.75;28851.13;-190.62;-19062.00;200.00;SIM;SIM;VENDA_EXECUTADA;499612078
20260720095301;2026.07.20 15:55:27;COMPRA;29021.00;28833.38;-187.62;-18762.00;200.00;SIM;SIM;COMPRA_EXECUTADA;499614489
20260720100029;2026.07.20 16:00:30;COMPRA;29040.00;28865.48;-174.52;-17452.00;200.00;SIM;SIM;COMPRA_EXECUTADA;499619537
20260720100318856454;2026.07.20 16:06:30;COMPRA;29050.25;28867.18;-183.07;-18307.00;200.00;SIM;SIM;COMPRA_EXECUTADA;499625829
20260720101350;2026.07.20 16:30:04;VENDA;29030.50;28884.33;-146.17;-14617.00;200.00;SIM;SIM;VENDA_EXECUTADA;499646476
20260720103156520516;2026.07.20 16:31:57;VENDA;29056.50;28880.83;-175.67;-17567.00;200.00;SIM;SIM;VENDA_EXECUTADA;499651424
20260720103401330036;2026.07.20 16:34:02;COMPRA;29118.25;28947.28;-170.97;-17097.00;200.00;SIM;SIM;COMPRA_EXECUTADA;499656074
20260720103925532101;2026.07.20 16:39:27;VENDA;29135.25;28947.53;-187.72;-18772.00;200.00;SIM;SIM;VENDA_EXECUTADA;499667700
20260720104513113298;2026.07.20 16:45:14;COMPRA;29181.00;29011.18;-169.82;-16982.00;200.00;SIM;SIM;COMPRA_EXECUTADA;499678852
20260720104956661208;2026.07.20 16:49:57;VENDA;29118.75;28941.73;-177.02;-17702.00;200.00;SIM;SIM;VENDA_EXECUTADA;499686815
20260720105324874947;2026.07.20 16:53:26;VENDA;29038.25;28855.33;-182.92;-18292.00;200.00;SIM;SIM;VENDA_EXECUTADA;499695555
20260720105628959683;2026.07.20 16:56:30;VENDA;29025.00;28850.33;-174.67;-17467.00;200.00;SIM;SIM;VENDA_EXECUTADA;499700709
20260720105956905714;2026.07.20 16:59:57;COMPRA;29002.00;28822.78;-179.22;-17922.00;200.00;SIM;SIM;COMPRA_EXECUTADA;499707202
20260720110235428539;2026.07.20 17:02:36;COMPRA;29013.00;28833.48;-179.52;-17952.00;200.00;SIM;SIM;COMPRA_EXECUTADA;499716434
20260720110412959915;2026.07.20 17:04:13;COMPRA;29039.00;28867.18;-171.82;-17182.00;200.00;SIM;SIM;COMPRA_EXECUTADA;499720521
20260720111043431177;2026.07.20 17:10:44;VENDA;28970.50;28787.83;-182.67;-18267.00;200.00;SIM;SIM;VENDA_EXECUTADA;499732734
20260720111412357665;2026.07.20 17:14:13;COMPRA;28974.50;28812.38;-162.12;-16212.00;200.00;SIM;SIM;COMPRA_EXECUTADA;499737945
20260720111515297538;2026.07.20 17:15:16;VENDA;28962.25;28809.73;-152.52;-15252.00;200.00;SIM;SIM;VENDA_EXECUTADA;499739715
20260720111914651419;2026.07.20 17:19:15;COMPRA;28976.00;28782.88;-193.12;-19312.00;200.00;SIM;SIM;COMPRA_EXECUTADA;499745513
20260720112042429245;2026.07.20 17:20:43;VENDA;28927.50;28765.03;-162.47;-16247.00;200.00;SIM;SIM;VENDA_EXECUTADA;499748466
20260720112313077579;2026.07.20 17:23:14;COMPRA;28946.25;28766.68;-179.57;-17957.00;200.00;SIM;SIM;COMPRA_EXECUTADA;499752372
20260720112416381440;2026.07.20 17:24:17;COMPRA;28980.50;28805.88;-174.62;-17462.00;200.00;SIM;SIM;COMPRA_EXECUTADA;499753967
20260720112933990809;2026.07.20 17:29:34;COMPRA;29009.75;28846.68;-163.07;-16307.00;200.00;SIM;SIM;COMPRA_EXECUTADA;499762404
20260720113128290293;2026.07.20 17:31:29;VENDA;29024.25;28845.03;-179.22;-17922.00;200.00;SIM;SIM;VENDA_EXECUTADA;499766306
20260720113607967459;2026.07.20 17:36:09;COMPRA;29025.00;28838.88;-186.12;-18612.00;200.00;SIM;SIM;COMPRA_EXECUTADA;499773588
20260720114205343683;2026.07.20 17:42:06;VENDA;28976.50;28811.23;-165.27;-16527.00;200.00;SIM;SIM;VENDA_EXECUTADA;499781295
20260720114517849224;2026.07.20 17:45:19;VENDA;28936.25;28764.73;-171.52;-17152.00;200.00;SIM;SIM;VENDA_EXECUTADA;499785221
20260720114724340416;2026.07.20 17:47:25;VENDA;28982.75;28799.53;-183.22;-18322.00;200.00;SIM;SIM;VENDA_EXECUTADA;499789553
20260720115847546833;2026.07.20 17:58:48;VENDA;28880.00;28706.43;-173.57;-17357.00;200.00;SIM;SIM;VENDA_EXECUTADA;499805324
20260720120313226900;2026.07.20 18:03:14;COMPRA;28946.50;28778.78;-167.72;-16772.00;200.00;SIM;SIM;COMPRA_EXECUTADA;499812870
20260720120544915182;2026.07.20 18:05:46;VENDA;28908.00;28726.43;-181.57;-18157.00;200.00;SIM;SIM;VENDA_EXECUTADA;499816176
20260720120725418526;2026.07.20 18:07:26;COMPRA;28932.50;28760.78;-171.72;-17172.00;200.00;SIM;SIM;COMPRA_EXECUTADA;499818255
20260720121048043685;2026.07.20 18:10:49;VENDA;28962.25;28785.43;-176.82;-17682.00;200.00;SIM;SIM;VENDA_EXECUTADA;499827967
20260720121936106014;2026.07.20 18:19:37;VENDA;28972.25;28793.43;-178.82;-17882.00;200.00;SIM;SIM;VENDA_EXECUTADA;499838224
20260720122411876245;2026.07.20 18:24:12;VENDA;29002.75;28829.93;-172.82;-17282.00;200.00;SIM;SIM;VENDA_EXECUTADA;499844040
20260720123654352737;2026.07.20 18:36:55;VENDA;29015.00;28847.28;-167.72;-16772.00;200.00;SIM;SIM;VENDA_EXECUTADA;499857553
20260720124224725211;2026.07.20 18:42:26;COMPRA;29016.00;28848.68;-167.32;-16732.00;200.00;SIM;SIM;COMPRA_EXECUTADA;499863142
20260720124757779767;2026.07.20 18:47:58;VENDA;28994.25;28824.53;-169.72;-16972.00;200.00;SIM;SIM;VENDA_EXECUTADA;499868546
20260720125148923588;2026.07.20 18:51:50;COMPRA;29020.50;28841.68;-178.82;-17882.00;200.00;SIM;SIM;COMPRA_EXECUTADA;499872035
20260720130301167413;2026.07.20 19:03:02;VENDA;29030.00;28859.28;-170.72;-17072.00;200.00;SIM;SIM;VENDA_EXECUTADA;499883105
20260720131906314160;2026.07.20 19:19:07;COMPRA;29104.75;28930.23;-174.52;-17452.00;200.00;SIM;SIM;COMPRA_EXECUTADA;499898971
20260720132721272624;2026.07.20 19:27:22;COMPRA;29084.50;28905.78;-178.72;-17872.00;200.00;SIM;SIM;COMPRA_EXECUTADA;499904426
20260720133335918562;2026.07.20 19:33:37;VENDA;29059.75;28877.28;-182.47;-18247.00;200.00;SIM;SIM;VENDA_EXECUTADA;499909372
20260720134136680174;2026.07.20 19:41:38;VENDA;29009.50;28840.33;-169.17;-16917.00;200.00;SIM;SIM;VENDA_EXECUTADA;499920337
20260720135029415275;2026.07.20 19:50:30;VENDA;29041.00;28867.28;-173.72;-17372.00;200.00;SIM;SIM;VENDA_EXECUTADA;499929266
20260720140023847694;2026.07.20 20:00:25;COMPRA;28991.25;28814.73;-176.52;-17652.00;200.00;SIM;SIM;COMPRA_EXECUTADA;499936337
20260720140920487131;2026.07.20 20:09:21;COMPRA;28952.75;28781.48;-171.27;-17127.00;200.00;SIM;SIM;COMPRA_EXECUTADA;499943624
20260720141748283020;2026.07.20 20:17:49;COMPRA;28938.50;28765.48;-173.02;-17302.00;200.00;SIM;SIM;COMPRA_EXECUTADA;499949538
20260720141949549675;2026.07.20 20:19:51;VENDA;28950.75;28777.93;-172.82;-17282.00;200.00;SIM;SIM;VENDA_EXECUTADA;499950381
20260720144552045152;2026.07.20 20:45:53;COMPRA;28930.25;28762.48;-167.77;-16777.00;200.00;SIM;SIM;COMPRA_EXECUTADA;499967055
20260720150944744554;2026.07.20 21:09:46;COMPRA;28980.00;28808.93;-171.07;-17107.00;200.00;SIM;SIM;COMPRA_EXECUTADA;499984025
20260720153713073078;2026.07.20 21:37:14;COMPRA;28958.25;28760.68;-197.57;-19757.00;200.00;SIM;SIM;COMPRA_EXECUTADA;500003261
20260720155239697511;2026.07.20 21:52:41;COMPRA;28940.50;28700.23;-240.27;-24027.00;200.00;SIM;SIM;COMPRA_EXECUTADA;500012950
20260720163934943130;2026.07.20 22:39:36;COMPRA;28873.50;28696.13;-177.37;-17737.00;200.00;SIM;SIM;COMPRA_EXECUTADA;500051300
20260720172552364307;2026.07.20 23:25:53;COMPRA;28762.75;28586.87;-175.88;-17588.00;200.00;SIM;SIM;COMPRA_EXECUTADA;500077529
20260720174513670768;2026.07.21 01:00:00;COMPRA;28773.75;28605.87;-167.88;-16788.00;200.00;SIM;NAO;ERRO_BUY_market closed;0
20260720174513670768;2026.07.21 01:00:00;COMPRA;28773.75;28605.87;-167.88;-16788.00;200.00;SIM;NAO;ERRO_BUY_market closed;0
20260720174513670768;2026.07.21 01:00:01;COMPRA;28773.75;28605.87;-167.88;-16788.00;200.00;SIM;NAO;ERRO_BUY_market closed;0
20260720174513670768;2026.07.21 01:00:01;COMPRA;28773.75;28605.87;-167.88;-16788.00;200.00;SIM;NAO;ERRO_BUY_market closed;0
20260720174513670768;2026.07.21 01:00:02;COMPRA;28773.75;28605.87;-167.88;-16788.00;200.00;SIM;NAO;ERRO_BUY_market closed;0
20260720174513670768;2026.07.21 01:00:02;COMPRA;28773.75;28605.87;-167.88;-16788.00;200.00;SIM;NAO;ERRO_BUY_market closed;0
20260720174513670768;2026.07.21 01:00:03;COMPRA;28773.75;28605.87;-167.88;-16788.00;200.00;SIM;NAO;ERRO_BUY_market closed;0
20260720174513670768;2026.07.21 01:00:03;COMPRA;28773.75;28605.87;-167.88;-16788.00;200.00;SIM;NAO;ERRO_BUY_market closed;0
20260720174513670768;2026.07.21 01:00:04;COMPRA;28773.75;28605.87;-167.88;-16788.00;200.00;SIM;NAO;ERRO_BUY_market closed;0
20260720174513670768;2026.07.21 01:00:04;COMPRA;28773.75;28605.87;-167.88;-16788.00;200.00;SIM;NAO;ERRO_BUY_market closed;0
20260720174513670768;2026.07.21 01:00:05;COMPRA;28773.75;28605.87;-167.88;-16788.00;200.00;SIM;NAO;ERRO_BUY_market closed;0
20260720174513670768;2026.07.21 01:00:05;COMPRA;28773.75;28605.87;-167.88;-16788.00;200.00;SIM;NAO;ERRO_BUY_market closed;0
20260720174513670768;2026.07.21 01:00:06;COMPRA;28773.75;28605.87;-167.88;-16788.00;200.00;SIM;NAO;ERRO_BUY_market closed;0
20260720174513670768;2026.07.21 01:00:06;COMPRA;28773.75;28605.87;-167.88;-16788.00;200.00;SIM;NAO;ERRO_BUY_market closed;0
20260720174513670768;2026.07.21 01:00:07;COMPRA;28773.75;28605.87;-167.88;-16788.00;200.00;SIM;NAO;ERRO_BUY_market closed;0
20260720174513670768;2026.07.21 01:00:07;COMPRA;28773.75;28605.87;-167.88;-16788.00;200.00;SIM;NAO;ERRO_BUY_market closed;0
20260720174513670768;2026.07.21 01:00:08;COMPRA;28773.75;28605.87;-167.88;-16788.00;200.00;SIM;NAO;ERRO_BUY_market closed;0
20260720174513670768;2026.07.21 01:00:08;COMPRA;28773.75;28605.87;-167.88;-16788.00;200.00;SIM;NAO;ERRO_BUY_market closed;0
20260720174513670768;2026.07.21 01:00:09;COMPRA;28773.75;28605.87;-167.88;-16788.00;200.00;SIM;NAO;ERRO_BUY_market closed;0
20260720174513670768;2026.07.21 01:00:09;COMPRA;28773.75;28605.87;-167.88;-16788.00;200.00;SIM;NAO;ERRO_BUY_market closed;0
20260720174513670768;2026.07.21 01:00:10;COMPRA;28773.75;28605.87;-167.88;-16788.00;200.00;SIM;NAO;ERRO_BUY_market closed;0
20260720174513670768;2026.07.21 01:00:10;COMPRA;28773.75;28605.87;-167.88;-16788.00;200.00;SIM;NAO;ERRO_BUY_market closed;0
20260720174513670768;2026.07.21 01:00:11;COMPRA;28773.75;28605.87;-167.88;-16788.00;200.00;SIM;NAO;ERRO_BUY_market closed;0
20260720174513670768;2026.07.21 01:00:11;COMPRA;28773.75;28605.87;-167.88;-16788.00;200.00;SIM;NAO;ERRO_BUY_market closed;0
20260720174513670768;2026.07.21 01:00:12;COMPRA;28773.75;28605.87;-167.88;-16788.00;200.00;SIM;NAO;ERRO_BUY_market closed;0
20260720174513670768;2026.07.21 01:00:12;COMPRA;28773.75;28605.87;-167.88;-16788.00;200.00;SIM;NAO;ERRO_BUY_market closed;0
20260720174513670768;2026.07.21 01:00:13;COMPRA;28773.75;28605.87;-167.88;-16788.00;200.00;SIM;NAO;ERRO_BUY_market closed;0
20260720174513670768;2026.07.21 01:00:13;COMPRA;28773.75;28605.87;-167.88;-16788.00;200.00;SIM;NAO;ERRO_BUY_market closed;0
20260720174513670768;2026.07.21 01:00:14;COMPRA;28773.75;28605.87;-167.88;-16788.00;200.00;SIM;NAO;ERRO_BUY_market closed;0
20260720174513670768;2026.07.21 01:00:14;COMPRA;28773.75;28605.87;-167.88;-16788.00;200.00;SIM;NAO;ERRO_BUY_market closed;0
20260720174513670768;2026.07.21 01:00:15;COMPRA;28773.75;28605.87;-167.88;-16788.00;200.00;SIM;NAO;ERRO_BUY_market closed;0
20260720174513670768;2026.07.21 01:00:15;COMPRA;28773.75;28605.87;-167.88;-16788.00;200.00;SIM;NAO;ERRO_BUY_market closed;0
20260720174513670768;2026.07.21 01:00:16;COMPRA;28773.75;28605.87;-167.88;-16788.00;200.00;SIM;NAO;ERRO_BUY_market closed;0
20260720174513670768;2026.07.21 01:00:16;COMPRA;28773.75;28605.87;-167.88;-16788.00;200.00;SIM;NAO;ERRO_BUY_market closed;0
20260720174513670768;2026.07.21 01:00:17;COMPRA;28773.75;28605.87;-167.88;-16788.00;200.00;SIM;NAO;ERRO_BUY_market closed;0
20260720174513670768;2026.07.21 01:00:17;COMPRA;28773.75;28605.87;-167.88;-16788.00;200.00;SIM;NAO;ERRO_BUY_market closed;0
20260720174513670768;2026.07.21 01:00:18;COMPRA;28773.75;28605.87;-167.88;-16788.00;200.00;SIM;NAO;ERRO_BUY_market closed;0
20260720174513670768;2026.07.21 01:00:18;COMPRA;28773.75;28605.87;-167.88;-16788.00;200.00;SIM;NAO;ERRO_BUY_market closed;0
20260720174513670768;2026.07.21 01:00:19;COMPRA;28773.75;28605.87;-167.88;-16788.00;200.00;SIM;NAO;ERRO_BUY_market closed;0
20260720174513670768;2026.07.21 01:00:19;COMPRA;28773.75;28605.87;-167.88;-16788.00;200.00;SIM;NAO;ERRO_BUY_market closed;0
20260720174513670768;2026.07.21 01:00:20;COMPRA;28773.75;28605.87;-167.88;-16788.00;200.00;SIM;NAO;ERRO_BUY_market closed;0
20260720174513670768;2026.07.21 01:00:20;COMPRA;28773.75;28605.87;-167.88;-16788.00;200.00;SIM;NAO;ERRO_BUY_market closed;0
20260720174513670768;2026.07.21 01:00:21;COMPRA;28773.75;28605.87;-167.88;-16788.00;200.00;SIM;NAO;ERRO_BUY_market closed;0
20260720174513670768;2026.07.21 01:00:21;COMPRA;28773.75;28605.87;-167.88;-16788.00;200.00;SIM;NAO;ERRO_BUY_market closed;0
20260720174513670768;2026.07.21 01:00:22;COMPRA;28773.75;28605.87;-167.88;-16788.00;200.00;SIM;NAO;ERRO_BUY_market closed;0
20260720174513670768;2026.07.21 01:00:22;COMPRA;28773.75;28605.87;-167.88;-16788.00;200.00;SIM;NAO;ERRO_BUY_market closed;0
20260720174513670768;2026.07.21 01:00:23;COMPRA;28773.75;28605.87;-167.88;-16788.00;200.00;SIM;NAO;ERRO_BUY_market closed;0
20260720174513670768;2026.07.21 01:00:23;COMPRA;28773.75;28605.87;-167.88;-16788.00;200.00;SIM;NAO;ERRO_BUY_market closed;0
20260720174513670768;2026.07.21 01:00:24;COMPRA;28773.75;28605.87;-167.88;-16788.00;200.00;SIM;NAO;ERRO_BUY_market closed;0
20260720174513670768;2026.07.21 01:00:24;COMPRA;28773.75;28605.87;-167.88;-16788.00;200.00;SIM;NAO;ERRO_BUY_market closed;0
20260720174513670768;2026.07.21 01:00:25;COMPRA;28773.75;28605.87;-167.88;-16788.00;200.00;SIM;NAO;ERRO_BUY_market closed;0
20260720174513670768;2026.07.21 01:00:25;COMPRA;28773.75;28605.87;-167.88;-16788.00;200.00;SIM;NAO;ERRO_BUY_market closed;0
20260720174513670768;2026.07.21 01:00:26;COMPRA;28773.75;28605.87;-167.88;-16788.00;200.00;SIM;NAO;ERRO_BUY_market closed;0
20260720174513670768;2026.07.21 01:00:26;COMPRA;28773.75;28605.87;-167.88;-16788.00;200.00;SIM;NAO;ERRO_BUY_market closed;0
20260720174513670768;2026.07.21 01:00:27;COMPRA;28773.75;28605.87;-167.88;-16788.00;200.00;SIM;NAO;ERRO_BUY_market closed;0
20260720174513670768;2026.07.21 01:00:27;COMPRA;28773.75;28605.87;-167.88;-16788.00;200.00;SIM;NAO;ERRO_BUY_market closed;0
20260720174513670768;2026.07.21 01:00:28;COMPRA;28773.75;28605.87;-167.88;-16788.00;200.00;SIM;NAO;ERRO_BUY_market closed;0
20260720174513670768;2026.07.21 01:00:28;COMPRA;28773.75;28605.87;-167.88;-16788.00;200.00;SIM;NAO;ERRO_BUY_market closed;0
20260720174513670768;2026.07.21 01:00:29;COMPRA;28773.75;28605.87;-167.88;-16788.00;200.00;SIM;NAO;ERRO_BUY_market closed;0
20260720174513670768;2026.07.21 01:00:29;COMPRA;28773.75;28605.87;-167.88;-16788.00;200.00;SIM;NAO;ERRO_BUY_market closed;0
20260720174513670768;2026.07.21 01:00:30;COMPRA;28773.75;28605.87;-167.88;-16788.00;200.00;SIM;NAO;ERRO_BUY_market closed;0
20260720174513670768;2026.07.21 01:00:30;COMPRA;28773.75;28605.87;-167.88;-16788.00;200.00;SIM;NAO;ERRO_BUY_market closed;0
20260720174513670768;2026.07.21 01:00:30;COMPRA;28773.75;28605.87;-167.88;-16788.00;200.00;SIM;NAO;ERRO_BUY_market closed;0
20260720174513670768;2026.07.21 01:00:31;COMPRA;28773.75;28605.87;-167.88;-16788.00;200.00;SIM;NAO;ERRO_BUY_market closed;0
20260720174513670768;2026.07.21 01:00:32;COMPRA;28773.75;28605.87;-167.88;-16788.00;200.00;SIM;NAO;ERRO_BUY_market closed;0
20260720174513670768;2026.07.21 01:00:32;COMPRA;28773.75;28605.87;-167.88;-16788.00;200.00;SIM;NAO;ERRO_BUY_market closed;0
20260720174513670768;2026.07.21 01:00:33;COMPRA;28773.75;28605.87;-167.88;-16788.00;200.00;SIM;NAO;ERRO_BUY_market closed;0
20260720174513670768;2026.07.21 01:00:33;COMPRA;28773.75;28605.87;-167.88;-16788.00;200.00;SIM;NAO;ERRO_BUY_market closed;0
20260720174513670768;2026.07.21 01:00:34;COMPRA;28773.75;28605.87;-167.88;-16788.00;200.00;SIM;NAO;ERRO_BUY_market closed;0
20260720174513670768;2026.07.21 01:00:34;COMPRA;28773.75;28605.87;-167.88;-16788.00;200.00;SIM;NAO;ERRO_BUY_market closed;0
20260720174513670768;2026.07.21 01:00:35;COMPRA;28773.75;28605.87;-167.88;-16788.00;200.00;SIM;NAO;ERRO_BUY_market closed;0
20260720174513670768;2026.07.21 01:00:35;COMPRA;28773.75;28605.87;-167.88;-16788.00;200.00;SIM;NAO;ERRO_BUY_market closed;0
20260720174513670768;2026.07.21 01:00:36;COMPRA;28773.75;28605.87;-167.88;-16788.00;200.00;SIM;NAO;ERRO_BUY_market closed;0
20260720174513670768;2026.07.21 01:00:36;COMPRA;28773.75;28605.87;-167.88;-16788.00;200.00;SIM;NAO;ERRO_BUY_market closed;0
20260720174513670768;2026.07.21 01:00:37;COMPRA;28773.75;28605.87;-167.88;-16788.00;200.00;SIM;NAO;ERRO_BUY_market closed;0
20260720174513670768;2026.07.21 01:00:37;COMPRA;28773.75;28605.87;-167.88;-16788.00;200.00;SIM;NAO;ERRO_BUY_market closed;0
20260720174513670768;2026.07.21 01:00:38;COMPRA;28773.75;28605.87;-167.88;-16788.00;200.00;SIM;NAO;ERRO_BUY_market closed;0
20260720174513670768;2026.07.21 01:00:38;COMPRA;28773.75;28605.87;-167.88;-16788.00;200.00;SIM;NAO;ERRO_BUY_market closed;0
20260720174513670768;2026.07.21 01:00:39;COMPRA;28773.75;28605.87;-167.88;-16788.00;200.00;SIM;NAO;ERRO_BUY_market closed;0
20260720174513670768;2026.07.21 01:00:39;COMPRA;28773.75;28605.87;-167.88;-16788.00;200.00;SIM;NAO;ERRO_BUY_market closed;0
20260720174513670768;2026.07.21 01:00:40;COMPRA;28773.75;28605.87;-167.88;-16788.00;200.00;SIM;NAO;ERRO_BUY_market closed;0
20260720174513670768;2026.07.21 01:00:40;COMPRA;28773.75;28605.87;-167.88;-16788.00;200.00;SIM;NAO;ERRO_BUY_market closed;0
20260720174513670768;2026.07.21 01:00:41;COMPRA;28773.75;28605.87;-167.88;-16788.00;200.00;SIM;NAO;ERRO_BUY_market closed;0
20260720174513670768;2026.07.21 01:00:41;COMPRA;28773.75;28605.87;-167.88;-16788.00;200.00;SIM;NAO;ERRO_BUY_market closed;0
20260720174513670768;2026.07.21 01:00:42;COMPRA;28773.75;28605.87;-167.88;-16788.00;200.00;SIM;NAO;ERRO_BUY_market closed;0
20260720174513670768;2026.07.21 01:00:42;COMPRA;28773.75;28605.87;-167.88;-16788.00;200.00;SIM;NAO;ERRO_BUY_market closed;0
20260720174513670768;2026.07.21 01:00:43;COMPRA;28773.75;28605.87;-167.88;-16788.00;200.00;SIM;NAO;ERRO_BUY_market closed;0
20260720174513670768;2026.07.21 01:00:43;COMPRA;28773.75;28605.87;-167.88;-16788.00;200.00;SIM;NAO;ERRO_BUY_market closed;0
20260720174513670768;2026.07.21 01:00:44;COMPRA;28773.75;28605.87;-167.88;-16788.00;200.00;SIM;NAO;ERRO_BUY_market closed;0
20260720174513670768;2026.07.21 01:00:44;COMPRA;28773.75;28605.87;-167.88;-16788.00;200.00;SIM;NAO;ERRO_BUY_market closed;0
20260720174513670768;2026.07.21 01:00:45;COMPRA;28773.75;28605.87;-167.88;-16788.00;200.00;SIM;NAO;ERRO_BUY_market closed;0
20260720174513670768;2026.07.21 01:00:45;COMPRA;28773.75;28605.87;-167.88;-16788.00;200.00;SIM;NAO;ERRO_BUY_market closed;0
20260720174513670768;2026.07.21 01:00:46;COMPRA;28773.75;28605.87;-167.88;-16788.00;200.00;SIM;NAO;ERRO_BUY_market closed;0
20260720174513670768;2026.07.21 01:00:46;COMPRA;28773.75;28605.87;-167.88;-16788.00;200.00;SIM;NAO;ERRO_BUY_market closed;0
20260720174513670768;2026.07.21 01:00:47;COMPRA;28773.75;28605.87;-167.88;-16788.00;200.00;SIM;NAO;ERRO_BUY_market closed;0
20260720174513670768;2026.07.21 01:00:47;COMPRA;28773.75;28605.87;-167.88;-16788.00;200.00;SIM;NAO;ERRO_BUY_market closed;0
20260720174513670768;2026.07.21 01:00:48;COMPRA;28773.75;28605.87;-167.88;-16788.00;200.00;SIM;NAO;ERRO_BUY_market closed;0
20260720174513670768;2026.07.21 01:00:48;COMPRA;28773.75;28605.87;-167.88;-16788.00;200.00;SIM;NAO;ERRO_BUY_market closed;0
20260720174513670768;2026.07.21 01:00:49;COMPRA;28773.75;28605.87;-167.88;-16788.00;200.00;SIM;NAO;ERRO_BUY_market closed;0
20260720174513670768;2026.07.21 01:00:49;COMPRA;28773.75;28605.87;-167.88;-16788.00;200.00;SIM;NAO;ERRO_BUY_market closed;0
20260720174513670768;2026.07.21 01:00:50;COMPRA;28773.75;28605.87;-167.88;-16788.00;200.00;SIM;NAO;ERRO_BUY_market closed;0
20260720174513670768;2026.07.21 01:00:50;COMPRA;28773.75;28605.87;-167.88;-16788.00;200.00;SIM;NAO;ERRO_BUY_market closed;0
20260720174513670768;2026.07.21 01:00:51;COMPRA;28773.75;28605.87;-167.88;-16788.00;200.00;SIM;NAO;ERRO_BUY_market closed;0
20260720174513670768;2026.07.21 01:00:51;COMPRA;28773.75;28605.87;-167.88;-16788.00;200.00;SIM;NAO;ERRO_BUY_market closed;0
20260720174513670768;2026.07.21 01:00:52;COMPRA;28773.75;28605.87;-167.88;-16788.00;200.00;SIM;NAO;ERRO_BUY_market closed;0
20260720174513670768;2026.07.21 01:00:52;COMPRA;28773.75;28605.87;-167.88;-16788.00;200.00;SIM;NAO;ERRO_BUY_market closed;0
20260720174513670768;2026.07.21 01:00:53;COMPRA;28773.75;28605.87;-167.88;-16788.00;200.00;SIM;NAO;ERRO_BUY_market closed;0
20260720174513670768;2026.07.21 01:00:53;COMPRA;28773.75;28605.87;-167.88;-16788.00;200.00;SIM;NAO;ERRO_BUY_market closed;0
20260720174513670768;2026.07.21 01:00:54;COMPRA;28773.75;28605.87;-167.88;-16788.00;200.00;SIM;NAO;ERRO_BUY_market closed;0
20260720174513670768;2026.07.21 01:00:54;COMPRA;28773.75;28605.87;-167.88;-16788.00;200.00;SIM;NAO;ERRO_BUY_market closed;0
20260720174513670768;2026.07.21 01:00:55;COMPRA;28773.75;28605.87;-167.88;-16788.00;200.00;SIM;NAO;ERRO_BUY_market closed;0
20260720174513670768;2026.07.21 01:00:55;COMPRA;28773.75;28605.87;-167.88;-16788.00;200.00;SIM;NAO;ERRO_BUY_market closed;0
20260720174513670768;2026.07.21 01:00:56;COMPRA;28773.75;28605.87;-167.88;-16788.00;200.00;SIM;NAO;ERRO_BUY_market closed;0
20260720174513670768;2026.07.21 01:00:56;COMPRA;28773.75;28605.87;-167.88;-16788.00;200.00;SIM;NAO;ERRO_BUY_market closed;0
20260720174513670768;2026.07.21 01:00:57;COMPRA;28773.75;28605.87;-167.88;-16788.00;200.00;SIM;NAO;ERRO_BUY_market closed;0
20260720174513670768;2026.07.21 01:00:57;COMPRA;28773.75;28605.87;-167.88;-16788.00;200.00;SIM;NAO;ERRO_BUY_market closed;0
20260720174513670768;2026.07.21 01:00:58;COMPRA;28773.75;28605.87;-167.88;-16788.00;200.00;SIM;NAO;ERRO_BUY_market closed;0
20260720174513670768;2026.07.21 01:00:58;COMPRA;28773.75;28605.87;-167.88;-16788.00;200.00;SIM;NAO;ERRO_BUY_market closed;0
20260720174513670768;2026.07.21 01:00:59;COMPRA;28773.75;28605.87;-167.88;-16788.00;200.00;SIM;NAO;ERRO_BUY_market closed;0
20260720174513670768;2026.07.21 01:00:59;COMPRA;28773.75;28605.87;-167.88;-16788.00;200.00;SIM;NAO;ERRO_BUY_market closed;0
20260720174513670768;2026.07.21 01:01:00;COMPRA;28773.75;28605.87;-167.88;-16788.00;200.00;SIM;NAO;ERRO_BUY_market closed;0
20260720174513670768;2026.07.21 01:01:00;COMPRA;28773.75;28605.87;-167.88;-16788.00;200.00;SIM;NAO;ERRO_BUY_market closed;0
20260720174513670768;2026.07.21 01:01:01;COMPRA;28773.75;28605.87;-167.88;-16788.00;200.00;SIM;NAO;ERRO_BUY_market closed;0
20260720174513670768;2026.07.21 01:01:01;COMPRA;28773.75;28605.87;-167.88;-16788.00;200.00;SIM;NAO;ERRO_BUY_market closed;0
20260720174513670768;2026.07.21 01:01:02;COMPRA;28773.75;28605.87;-167.88;-16788.00;200.00;SIM;NAO;ERRO_BUY_market closed;0
20260720174513670768;2026.07.21 01:01:02;COMPRA;28773.75;28605.87;-167.88;-16788.00;200.00;SIM;NAO;ERRO_BUY_market closed;0
20260720174513670768;2026.07.21 01:01:03;COMPRA;28773.75;28605.87;-167.88;-16788.00;200.00;SIM;NAO;ERRO_BUY_market closed;0
20260720174513670768;2026.07.21 01:01:03;COMPRA;28773.75;28605.87;-167.88;-16788.00;200.00;SIM;NAO;ERRO_BUY_market closed;0
20260720174513670768;2026.07.21 01:01:04;COMPRA;28773.75;28605.87;-167.88;-16788.00;200.00;SIM;NAO;ERRO_BUY_market closed;0
20260720174513670768;2026.07.21 01:01:04;COMPRA;28773.75;28605.87;-167.88;-16788.00;200.00;SIM;NAO;ERRO_BUY_market closed;0
20260720174513670768;2026.07.21 01:01:05;COMPRA;28773.75;28605.87;-167.88;-16788.00;200.00;SIM;NAO;ERRO_BUY_market closed;0
20260720174513670768;2026.07.21 01:01:05;COMPRA;28773.75;28605.87;-167.88;-16788.00;200.00;SIM;NAO;ERRO_BUY_market closed;0
20260720174513670768;2026.07.21 01:01:06;COMPRA;28773.75;28605.87;-167.88;-16788.00;200.00;SIM;NAO;ERRO_BUY_market closed;0
20260720174513670768;2026.07.21 01:01:06;COMPRA;28773.75;28605.87;-167.88;-16788.00;200.00;SIM;NAO;ERRO_BUY_market closed;0
20260720174513670768;2026.07.21 01:01:07;COMPRA;28773.75;28605.87;-167.88;-16788.00;200.00;SIM;NAO;ERRO_BUY_market closed;0
20260720174513670768;2026.07.21 01:01:07;COMPRA;28773.75;28605.87;-167.88;-16788.00;200.00;SIM;NAO;ERRO_BUY_market closed;0
20260720174513670768;2026.07.21 01:01:08;COMPRA;28773.75;28605.87;-167.88;-16788.00;200.00;SIM;NAO;ERRO_BUY_market closed;0
20260720174513670768;2026.07.21 01:01:08;COMPRA;28773.75;28605.87;-167.88;-16788.00;200.00;SIM;NAO;ERRO_BUY_market closed;0
20260720174513670768;2026.07.21 01:01:09;COMPRA;28773.75;28605.87;-167.88;-16788.00;200.00;SIM;NAO;ERRO_BUY_market closed;0
20260720174513670768;2026.07.21 01:01:09;COMPRA;28773.75;28605.87;-167.88;-16788.00;200.00;SIM;NAO;ERRO_BUY_market closed;0
20260720174513670768;2026.07.21 01:01:10;COMPRA;28773.75;28605.87;-167.88;-16788.00;200.00;SIM;NAO;ERRO_BUY_market closed;0
20260720174513670768;2026.07.21 01:01:10;COMPRA;28773.75;28605.87;-167.88;-16788.00;200.00;SIM;NAO;ERRO_BUY_market closed;0
20260720174513670768;2026.07.21 01:01:11;COMPRA;28773.75;28605.87;-167.88;-16788.00;200.00;SIM;NAO;ERRO_BUY_market closed;0
20260720174513670768;2026.07.21 01:01:11;COMPRA;28773.75;28605.87;-167.88;-16788.00;200.00;SIM;NAO;ERRO_BUY_market closed;0
20260720174513670768;2026.07.21 01:01:12;COMPRA;28773.75;28605.87;-167.88;-16788.00;200.00;SIM;NAO;ERRO_BUY_market closed;0
20260720174513670768;2026.07.21 01:01:12;COMPRA;28773.75;28605.87;-167.88;-16788.00;200.00;SIM;NAO;ERRO_BUY_market closed;0
20260720174513670768;2026.07.21 01:01:13;COMPRA;28773.75;28605.87;-167.88;-16788.00;200.00;SIM;NAO;ERRO_BUY_market closed;0
20260720174513670768;2026.07.21 01:01:13;COMPRA;28773.75;28605.87;-167.88;-16788.00;200.00;SIM;NAO;ERRO_BUY_market closed;0
20260720174513670768;2026.07.21 01:01:14;COMPRA;28773.75;28605.87;-167.88;-16788.00;200.00;SIM;NAO;ERRO_BUY_market closed;0
20260720174513670768;2026.07.21 01:01:14;COMPRA;28773.75;28605.87;-167.88;-16788.00;200.00;SIM;NAO;ERRO_BUY_market closed;0
20260720174513670768;2026.07.21 01:01:15;COMPRA;28773.75;28605.87;-167.88;-16788.00;200.00;SIM;NAO;ERRO_BUY_market closed;0
20260720174513670768;2026.07.21 01:01:15;COMPRA;28773.75;28605.87;-167.88;-16788.00;200.00;SIM;NAO;ERRO_BUY_market closed;0
20260720174513670768;2026.07.21 01:01:16;COMPRA;28773.75;28605.87;-167.88;-16788.00;200.00;SIM;NAO;ERRO_BUY_market closed;0
20260720174513670768;2026.07.21 01:01:16;COMPRA;28773.75;28605.87;-167.88;-16788.00;200.00;SIM;NAO;ERRO_BUY_market closed;0
20260720174513670768;2026.07.21 01:01:17;COMPRA;28773.75;28605.87;-167.88;-16788.00;200.00;SIM;NAO;ERRO_BUY_market closed;0
20260720174513670768;2026.07.21 01:01:17;COMPRA;28773.75;28605.87;-167.88;-16788.00;200.00;SIM;NAO;ERRO_BUY_market closed;0
20260720174513670768;2026.07.21 01:01:18;COMPRA;28773.75;28605.87;-167.88;-16788.00;200.00;SIM;NAO;ERRO_BUY_market closed;0
20260720174513670768;2026.07.21 01:01:18;COMPRA;28773.75;28605.87;-167.88;-16788.00;200.00;SIM;NAO;ERRO_BUY_market closed;0
20260720174513670768;2026.07.21 01:01:19;COMPRA;28773.75;28605.87;-167.88;-16788.00;200.00;SIM;NAO;ERRO_BUY_market closed;0
20260720174513670768;2026.07.21 01:01:19;COMPRA;28773.75;28605.87;-167.88;-16788.00;200.00;SIM;NAO;ERRO_BUY_market closed;0
20260720174513670768;2026.07.21 01:01:20;COMPRA;28773.75;28605.87;-167.88;-16788.00;200.00;SIM;NAO;ERRO_BUY_market closed;0
20260720174513670768;2026.07.21 01:01:20;COMPRA;28773.75;28605.87;-167.88;-16788.00;200.00;SIM;NAO;ERRO_BUY_market closed;0
20260720174513670768;2026.07.21 01:01:21;COMPRA;28773.75;28605.87;-167.88;-16788.00;200.00;SIM;NAO;ERRO_BUY_market closed;0
20260720174513670768;2026.07.21 01:01:21;COMPRA;28773.75;28605.87;-167.88;-16788.00;200.00;SIM;NAO;ERRO_BUY_market closed;0
20260720174513670768;2026.07.21 01:01:21;COMPRA;28773.75;28605.87;-167.88;-16788.00;200.00;SIM;NAO;ERRO_BUY_market closed;0
20260720190121876918;2026.07.21 01:01:22;COMPRA;28776.00;28605.87;-170.13;-17013.00;200.00;SIM;NAO;ERRO_BUY_market closed;0
20260720190121876918;2026.07.21 01:01:23;COMPRA;28776.00;28605.87;-170.13;-17013.00;200.00;SIM;NAO;ERRO_BUY_market closed;0
20260720190121876918;2026.07.21 01:01:23;COMPRA;28776.00;28605.87;-170.13;-17013.00;200.00;SIM;NAO;ERRO_BUY_market closed;0
20260720190121876918;2026.07.21 01:01:24;COMPRA;28776.00;28605.87;-170.13;-17013.00;200.00;SIM;NAO;ERRO_BUY_market closed;0
20260720190121876918;2026.07.21 01:01:24;COMPRA;28776.00;28605.87;-170.13;-17013.00;200.00;SIM;NAO;ERRO_BUY_market closed;0
20260720190121876918;2026.07.21 01:01:25;COMPRA;28776.00;28605.87;-170.13;-17013.00;200.00;SIM;NAO;ERRO_BUY_market closed;0
20260720190121876918;2026.07.21 01:01:25;COMPRA;28776.00;28605.87;-170.13;-17013.00;200.00;SIM;NAO;ERRO_BUY_market closed;0
20260720190121876918;2026.07.21 01:01:26;COMPRA;28776.00;28605.87;-170.13;-17013.00;200.00;SIM;NAO;ERRO_BUY_market closed;0
20260720190121876918;2026.07.21 01:01:26;COMPRA;28776.00;28605.87;-170.13;-17013.00;200.00;SIM;NAO;ERRO_BUY_market closed;0
20260720190121876918;2026.07.21 01:01:27;COMPRA;28776.00;28605.87;-170.13;-17013.00;200.00;SIM;NAO;ERRO_BUY_market closed;0
20260720190121876918;2026.07.21 01:01:27;COMPRA;28776.00;28605.87;-170.13;-17013.00;200.00;SIM;NAO;ERRO_BUY_market closed;0
20260720190121876918;2026.07.21 01:01:28;COMPRA;28776.00;28605.87;-170.13;-17013.00;200.00;SIM;NAO;ERRO_BUY_market closed;0
20260720190121876918;2026.07.21 01:01:28;COMPRA;28776.00;28605.87;-170.13;-17013.00;200.00;SIM;NAO;ERRO_BUY_market closed;0
20260720190121876918;2026.07.21 01:01:28;COMPRA;28776.00;28605.87;-170.13;-17013.00;200.00;SIM;NAO;ERRO_BUY_market closed;0
20260720190121876918;2026.07.21 01:01:29;COMPRA;28776.00;28605.87;-170.13;-17013.00;200.00;SIM;NAO;ERRO_BUY_market closed;0
20260720190121876918;2026.07.21 01:01:30;COMPRA;28776.00;28605.87;-170.13;-17013.00;200.00;SIM;NAO;ERRO_BUY_market closed;0
20260720190121876918;2026.07.21 01:01:30;COMPRA;28776.00;28605.87;-170.13;-17013.00;200.00;SIM;NAO;ERRO_BUY_market closed;0
20260720190121876918;2026.07.21 01:01:31;COMPRA;28776.00;28605.87;-170.13;-17013.00;200.00;SIM;NAO;ERRO_BUY_market closed;0
20260720190121876918;2026.07.21 01:01:31;COMPRA;28776.00;28605.87;-170.13;-17013.00;200.00;SIM;NAO;ERRO_BUY_market closed;0
20260720190121876918;2026.07.21 01:01:32;COMPRA;28776.00;28605.87;-170.13;-17013.00;200.00;SIM;NAO;ERRO_BUY_market closed;0
20260720190121876918;2026.07.21 01:01:32;COMPRA;28776.00;28605.87;-170.13;-17013.00;200.00;SIM;NAO;ERRO_BUY_market closed;0
20260720190121876918;2026.07.21 01:01:33;COMPRA;28776.00;28605.87;-170.13;-17013.00;200.00;SIM;NAO;ERRO_BUY_market closed;0
20260720190121876918;2026.07.21 01:01:33;COMPRA;28776.00;28605.87;-170.13;-17013.00;200.00;SIM;NAO;ERRO_BUY_market closed;0
20260720190121876918;2026.07.21 01:01:34;COMPRA;28776.00;28605.87;-170.13;-17013.00;200.00;SIM;NAO;ERRO_BUY_market closed;0
20260720190121876918;2026.07.21 01:01:34;COMPRA;28776.00;28605.87;-170.13;-17013.00;200.00;SIM;NAO;ERRO_BUY_market closed;0
20260720190121876918;2026.07.21 01:01:35;COMPRA;28776.00;28605.87;-170.13;-17013.00;200.00;SIM;NAO;ERRO_BUY_market closed;0
20260720190121876918;2026.07.21 01:01:35;COMPRA;28776.00;28605.87;-170.13;-17013.00;200.00;SIM;NAO;ERRO_BUY_market closed;0
20260720190121876918;2026.07.21 01:01:36;COMPRA;28776.00;28605.87;-170.13;-17013.00;200.00;SIM;NAO;ERRO_BUY_market closed;0
20260720190121876918;2026.07.21 01:01:36;COMPRA;28776.00;28605.87;-170.13;-17013.00;200.00;SIM;NAO;ERRO_BUY_market closed;0
20260720190121876918;2026.07.21 01:01:36;COMPRA;28776.00;28605.87;-170.13;-17013.00;200.00;SIM;NAO;ERRO_BUY_market closed;0
20260720190121876918;2026.07.21 01:01:36;COMPRA;28776.00;28605.87;-170.13;-17013.00;200.00;SIM;NAO;ERRO_BUY_market closed;0
20260720190121876918;2026.07.21 01:01:36;COMPRA;28776.00;28605.87;-170.13;-17013.00;200.00;SIM;NAO;ERRO_BUY_market closed;0
20260720190121876918;2026.07.21 01:01:38;COMPRA;28776.00;28605.87;-170.13;-17013.00;200.00;SIM;NAO;ERRO_BUY_market closed;0
20260720190121876918;2026.07.21 01:01:39;COMPRA;28776.00;28605.87;-170.13;-17013.00;200.00;SIM;NAO;ERRO_BUY_market closed;0
20260720190121876918;2026.07.21 01:01:39;COMPRA;28776.00;28605.87;-170.13;-17013.00;200.00;SIM;NAO;ERRO_BUY_market closed;0
20260720190121876918;2026.07.21 01:01:39;COMPRA;28776.00;28605.87;-170.13;-17013.00;200.00;SIM;NAO;ERRO_BUY_market closed;0
20260720190121876918;2026.07.21 01:01:40;COMPRA;28776.00;28605.87;-170.13;-17013.00;200.00;SIM;NAO;ERRO_BUY_market closed;0
20260720190121876918;2026.07.21 01:01:41;COMPRA;28776.00;28605.87;-170.13;-17013.00;200.00;SIM;NAO;ERRO_BUY_market closed;0
20260720190121876918;2026.07.21 01:01:41;COMPRA;28776.00;28605.87;-170.13;-17013.00;200.00;SIM;NAO;ERRO_BUY_market closed;0
20260720190121876918;2026.07.21 01:01:42;COMPRA;28776.00;28605.87;-170.13;-17013.00;200.00;SIM;NAO;ERRO_BUY_market closed;0
20260720190121876918;2026.07.21 01:01:42;COMPRA;28776.00;28605.87;-170.13;-17013.00;200.00;SIM;NAO;ERRO_BUY_market closed;0
20260720190121876918;2026.07.21 01:01:43;COMPRA;28776.00;28605.87;-170.13;-17013.00;200.00;SIM;NAO;ERRO_BUY_market closed;0
20260720190121876918;2026.07.21 01:01:43;COMPRA;28776.00;28605.87;-170.13;-17013.00;200.00;SIM;NAO;ERRO_BUY_market closed;0
20260720190121876918;2026.07.21 01:01:44;COMPRA;28776.00;28605.87;-170.13;-17013.00;200.00;SIM;NAO;ERRO_BUY_market closed;0
20260720190121876918;2026.07.21 01:01:44;COMPRA;28776.00;28605.87;-170.13;-17013.00;200.00;SIM;NAO;ERRO_BUY_market closed;0
20260720190121876918;2026.07.21 01:01:45;COMPRA;28776.00;28605.87;-170.13;-17013.00;200.00;SIM;NAO;ERRO_BUY_market closed;0
20260720190121876918;2026.07.21 01:01:45;COMPRA;28776.00;28605.87;-170.13;-17013.00;200.00;SIM;NAO;ERRO_BUY_market closed;0
20260720190121876918;2026.07.21 01:01:46;COMPRA;28776.00;28605.87;-170.13;-17013.00;200.00;SIM;NAO;ERRO_BUY_market closed;0
20260720190121876918;2026.07.21 01:01:46;COMPRA;28776.00;28605.87;-170.13;-17013.00;200.00;SIM;NAO;ERRO_BUY_market closed;0
20260720190121876918;2026.07.21 01:01:47;COMPRA;28776.00;28605.87;-170.13;-17013.00;200.00;SIM;NAO;ERRO_BUY_market closed;0
20260720190121876918;2026.07.21 01:01:47;COMPRA;28776.00;28605.87;-170.13;-17013.00;200.00;SIM;NAO;ERRO_BUY_market closed;0
20260720190121876918;2026.07.21 01:01:48;COMPRA;28776.00;28605.87;-170.13;-17013.00;200.00;SIM;NAO;ERRO_BUY_market closed;0
20260720190121876918;2026.07.21 01:01:48;COMPRA;28776.00;28605.87;-170.13;-17013.00;200.00;SIM;NAO;ERRO_BUY_market closed;0
20260720190121876918;2026.07.21 01:01:49;COMPRA;28776.00;28605.87;-170.13;-17013.00;200.00;SIM;NAO;ERRO_BUY_market closed;0
20260720190121876918;2026.07.21 01:01:49;COMPRA;28776.00;28605.87;-170.13;-17013.00;200.00;SIM;NAO;ERRO_BUY_market closed;0
20260720190121876918;2026.07.21 01:01:49;COMPRA;28776.00;28605.87;-170.13;-17013.00;200.00;SIM;NAO;ERRO_BUY_market closed;0
20260720190121876918;2026.07.21 01:01:50;COMPRA;28776.00;28605.87;-170.13;-17013.00;200.00;SIM;NAO;ERRO_BUY_market closed;0
20260720190121876918;2026.07.21 01:01:51;COMPRA;28776.00;28605.87;-170.13;-17013.00;200.00;SIM;NAO;ERRO_BUY_market closed;0
20260720190121876918;2026.07.21 01:01:51;COMPRA;28776.00;28605.87;-170.13;-17013.00;200.00;SIM;NAO;ERRO_BUY_market closed;0
20260720190121876918;2026.07.21 01:01:52;COMPRA;28776.00;28605.87;-170.13;-17013.00;200.00;SIM;NAO;ERRO_BUY_market closed;0
20260720190121876918;2026.07.21 01:01:52;COMPRA;28776.00;28605.87;-170.13;-17013.00;200.00;SIM;NAO;ERRO_BUY_market closed;0
20260720190121876918;2026.07.21 01:01:53;COMPRA;28776.00;28605.87;-170.13;-17013.00;200.00;SIM;NAO;ERRO_BUY_market closed;0
20260720190121876918;2026.07.21 01:01:53;COMPRA;28776.00;28605.87;-170.13;-17013.00;200.00;SIM;NAO;ERRO_BUY_market closed;0
20260720190121876918;2026.07.21 01:01:54;COMPRA;28776.00;28605.87;-170.13;-17013.00;200.00;SIM;NAO;ERRO_BUY_market closed;0
20260720190121876918;2026.07.21 01:01:54;COMPRA;28776.00;28605.87;-170.13;-17013.00;200.00;SIM;NAO;ERRO_BUY_market closed;0
20260720190121876918;2026.07.21 01:01:55;COMPRA;28776.00;28605.87;-170.13;-17013.00;200.00;SIM;NAO;ERRO_BUY_market closed;0
20260720190121876918;2026.07.21 01:01:55;COMPRA;28776.00;28605.87;-170.13;-17013.00;200.00;SIM;NAO;ERRO_BUY_market closed;0
20260720190121876918;2026.07.21 01:01:55;COMPRA;28776.00;28605.87;-170.13;-17013.00;200.00;SIM;NAO;ERRO_BUY_market closed;0
20260720190121876918;2026.07.21 01:01:56;COMPRA;28776.00;28605.87;-170.13;-17013.00;200.00;SIM;NAO;ERRO_BUY_market closed;0
20260720190121876918;2026.07.21 01:01:57;COMPRA;28776.00;28605.87;-170.13;-17013.00;200.00;SIM;NAO;ERRO_BUY_market closed;0
20260720190121876918;2026.07.21 01:01:57;COMPRA;28776.00;28605.87;-170.13;-17013.00;200.00;SIM;NAO;ERRO_BUY_market closed;0
20260720190121876918;2026.07.21 01:01:58;COMPRA;28776.00;28605.87;-170.13;-17013.00;200.00;SIM;NAO;ERRO_BUY_market closed;0
20260720190121876918;2026.07.21 01:01:58;COMPRA;28776.00;28605.87;-170.13;-17013.00;200.00;SIM;NAO;ERRO_BUY_market closed;0
20260720190121876918;2026.07.21 01:01:59;COMPRA;28776.00;28605.87;-170.13;-17013.00;200.00;SIM;NAO;ERRO_BUY_market closed;0
20260720190121876918;2026.07.21 01:01:59;COMPRA;28776.00;28605.87;-170.13;-17013.00;200.00;SIM;NAO;ERRO_BUY_market closed;0
20260720190121876918;2026.07.21 01:01:59;COMPRA;28776.00;28605.87;-170.13;-17013.00;200.00;SIM;NAO;ERRO_BUY_market closed;0
20260720190121876918;2026.07.21 01:02:00;COMPRA;28776.00;28605.87;-170.13;-17013.00;200.00;SIM;NAO;ERRO_BUY_market closed;0
20260720190121876918;2026.07.21 01:02:01;COMPRA;28776.00;28605.87;-170.13;-17013.00;200.00;SIM;NAO;ERRO_BUY_market closed;0
20260720190121876918;2026.07.21 01:02:01;COMPRA;28776.00;28605.87;-170.13;-17013.00;200.00;SIM;NAO;ERRO_BUY_market closed;0
20260720190121876918;2026.07.21 01:02:01;COMPRA;28776.00;28605.87;-170.13;-17013.00;200.00;SIM;NAO;ERRO_BUY_market closed;0
20260720190121876918;2026.07.21 01:02:01;COMPRA;28776.00;28605.87;-170.13;-17013.00;200.00;SIM;NAO;ERRO_BUY_market closed;0
20260720190121876918;2026.07.21 01:02:03;COMPRA;28776.00;28605.87;-170.13;-17013.00;200.00;SIM;NAO;ERRO_BUY_market closed;0
20260720190121876918;2026.07.21 01:02:03;COMPRA;28776.00;28605.87;-170.13;-17013.00;200.00;SIM;NAO;ERRO_BUY_market closed;0
20260720190121876918;2026.07.21 01:02:04;COMPRA;28776.00;28605.87;-170.13;-17013.00;200.00;SIM;NAO;ERRO_BUY_market closed;0
20260720190121876918;2026.07.21 01:02:04;COMPRA;28776.00;28605.87;-170.13;-17013.00;200.00;SIM;NAO;ERRO_BUY_market closed;0
20260720190121876918;2026.07.21 01:02:05;COMPRA;28776.00;28605.87;-170.13;-17013.00;200.00;SIM;NAO;ERRO_BUY_market closed;0
20260720190121876918;2026.07.21 01:02:05;COMPRA;28776.00;28605.87;-170.13;-17013.00;200.00;SIM;NAO;ERRO_BUY_market closed;0
20260720190121876918;2026.07.21 01:02:06;COMPRA;28776.00;28605.87;-170.13;-17013.00;200.00;SIM;NAO;ERRO_BUY_market closed;0
20260720190121876918;2026.07.21 01:02:06;COMPRA;28776.00;28605.87;-170.13;-17013.00;200.00;SIM;NAO;ERRO_BUY_market closed;0
20260720190121876918;2026.07.21 01:02:07;COMPRA;28776.00;28605.87;-170.13;-17013.00;200.00;SIM;NAO;ERRO_BUY_market closed;0
20260720190121876918;2026.07.21 01:02:07;COMPRA;28776.00;28605.87;-170.13;-17013.00;200.00;SIM;NAO;ERRO_BUY_market closed;0
20260720190121876918;2026.07.21 01:02:08;COMPRA;28776.00;28605.87;-170.13;-17013.00;200.00;SIM;NAO;ERRO_BUY_market closed;0
20260720190121876918;2026.07.21 01:02:08;COMPRA;28776.00;28605.87;-170.13;-17013.00;200.00;SIM;NAO;ERRO_BUY_market closed;0
20260720190121876918;2026.07.21 01:02:09;COMPRA;28776.00;28605.87;-170.13;-17013.00;200.00;SIM;NAO;ERRO_BUY_market closed;0
20260720190121876918;2026.07.21 01:02:09;COMPRA;28776.00;28605.87;-170.13;-17013.00;200.00;SIM;NAO;ERRO_BUY_market closed;0
20260720190121876918;2026.07.21 01:02:10;COMPRA;28776.00;28605.87;-170.13;-17013.00;200.00;SIM;NAO;ERRO_BUY_market closed;0
20260720190121876918;2026.07.21 01:02:10;COMPRA;28776.00;28605.87;-170.13;-17013.00;200.00;SIM;NAO;ERRO_BUY_market closed;0
20260720190121876918;2026.07.21 01:02:11;COMPRA;28776.00;28605.87;-170.13;-17013.00;200.00;SIM;NAO;ERRO_BUY_market closed;0
20260720190121876918;2026.07.21 01:02:11;COMPRA;28776.00;28605.87;-170.13;-17013.00;200.00;SIM;NAO;ERRO_BUY_market closed;0
20260720190121876918;2026.07.21 01:02:12;COMPRA;28776.00;28605.87;-170.13;-17013.00;200.00;SIM;NAO;ERRO_BUY_market closed;0
20260720190121876918;2026.07.21 01:02:12;COMPRA;28776.00;28605.87;-170.13;-17013.00;200.00;SIM;NAO;ERRO_BUY_market closed;0
20260720190121876918;2026.07.21 01:02:13;COMPRA;28776.00;28605.87;-170.13;-17013.00;200.00;SIM;NAO;ERRO_BUY_market closed;0
20260720190121876918;2026.07.21 01:02:13;COMPRA;28776.00;28605.87;-170.13;-17013.00;200.00;SIM;NAO;ERRO_BUY_market closed;0
20260720190121876918;2026.07.21 01:02:14;COMPRA;28776.00;28605.87;-170.13;-17013.00;200.00;SIM;NAO;ERRO_BUY_market closed;0
20260720190121876918;2026.07.21 01:02:14;COMPRA;28776.00;28605.87;-170.13;-17013.00;200.00;SIM;NAO;ERRO_BUY_market closed;0
20260720190121876918;2026.07.21 01:02:15;COMPRA;28776.00;28605.87;-170.13;-17013.00;200.00;SIM;NAO;ERRO_BUY_market closed;0
20260720190121876918;2026.07.21 01:02:15;COMPRA;28776.00;28605.87;-170.13;-17013.00;200.00;SIM;NAO;ERRO_BUY_market closed;0
20260720190121876918;2026.07.21 01:02:16;COMPRA;28776.00;28605.87;-170.13;-17013.00;200.00;SIM;NAO;ERRO_BUY_market closed;0
20260720190121876918;2026.07.21 01:02:16;COMPRA;28776.00;28605.87;-170.13;-17013.00;200.00;SIM;NAO;ERRO_BUY_market closed;0
20260720190121876918;2026.07.21 01:02:16;COMPRA;28776.00;28605.87;-170.13;-17013.00;200.00;SIM;NAO;ERRO_BUY_market closed;0
20260720190121876918;2026.07.21 01:02:17;COMPRA;28776.00;28605.87;-170.13;-17013.00;200.00;SIM;NAO;ERRO_BUY_market closed;0
20260720190121876918;2026.07.21 01:02:17;COMPRA;28776.00;28605.87;-170.13;-17013.00;200.00;SIM;NAO;ERRO_BUY_market closed;0
20260720190121876918;2026.07.21 01:02:17;COMPRA;28776.00;28605.87;-170.13;-17013.00;200.00;SIM;NAO;ERRO_BUY_market closed;0
20260720190121876918;2026.07.21 01:02:17;COMPRA;28776.00;28605.87;-170.13;-17013.00;200.00;SIM;NAO;ERRO_BUY_market closed;0
20260720190121876918;2026.07.21 01:02:17;COMPRA;28776.00;28605.87;-170.13;-17013.00;200.00;SIM;NAO;ERRO_BUY_market closed;0
20260720190121876918;2026.07.21 01:02:20;COMPRA;28776.00;28605.87;-170.13;-17013.00;200.00;SIM;NAO;ERRO_BUY_market closed;0
20260720190121876918;2026.07.21 01:02:20;COMPRA;28776.00;28605.87;-170.13;-17013.00;200.00;SIM;NAO;ERRO_BUY_market closed;0
20260720190121876918;2026.07.21 01:02:21;COMPRA;28776.00;28605.87;-170.13;-17013.00;200.00;SIM;NAO;ERRO_BUY_market closed;0
20260720190121876918;2026.07.21 01:02:21;COMPRA;28776.00;28605.87;-170.13;-17013.00;200.00;SIM;NAO;ERRO_BUY_market closed;0
20260720190121876918;2026.07.21 01:02:22;COMPRA;28776.00;28605.87;-170.13;-17013.00;200.00;SIM;NAO;ERRO_BUY_market closed;0
20260720190121876918;2026.07.21 01:02:22;COMPRA;28776.00;28605.87;-170.13;-17013.00;200.00;SIM;NAO;ERRO_BUY_market closed;0
20260720190121876918;2026.07.21 01:02:22;COMPRA;28776.00;28605.87;-170.13;-17013.00;200.00;SIM;NAO;ERRO_BUY_market closed;0
20260720190121876918;2026.07.21 01:02:23;COMPRA;28776.00;28605.87;-170.13;-17013.00;200.00;SIM;NAO;ERRO_BUY_market closed;0
20260720190121876918;2026.07.21 01:02:24;COMPRA;28776.00;28605.87;-170.13;-17013.00;200.00;SIM;NAO;ERRO_BUY_market closed;0
20260720190121876918;2026.07.21 01:02:24;COMPRA;28776.00;28605.87;-170.13;-17013.00;200.00;SIM;NAO;ERRO_BUY_market closed;0
20260720190121876918;2026.07.21 01:02:25;COMPRA;28776.00;28605.87;-170.13;-17013.00;200.00;SIM;NAO;ERRO_BUY_market closed;0
20260720190121876918;2026.07.21 01:02:25;COMPRA;28776.00;28605.87;-170.13;-17013.00;200.00;SIM;NAO;ERRO_BUY_market closed;0
20260720190121876918;2026.07.21 01:02:26;COMPRA;28776.00;28605.87;-170.13;-17013.00;200.00;SIM;NAO;ERRO_BUY_market closed;0
20260720190121876918;2026.07.21 01:02:26;COMPRA;28776.00;28605.87;-170.13;-17013.00;200.00;SIM;NAO;ERRO_BUY_market closed;0
20260720190121876918;2026.07.21 01:02:27;COMPRA;28776.00;28605.87;-170.13;-17013.00;200.00;SIM;NAO;ERRO_BUY_market closed;0
20260720190121876918;2026.07.21 01:02:27;COMPRA;28776.00;28605.87;-170.13;-17013.00;200.00;SIM;NAO;ERRO_BUY_market closed;0
20260720190121876918;2026.07.21 01:02:28;COMPRA;28776.00;28605.87;-170.13;-17013.00;200.00;SIM;NAO;ERRO_BUY_market closed;0
20260720190121876918;2026.07.21 01:02:28;COMPRA;28776.00;28605.87;-170.13;-17013.00;200.00;SIM;NAO;ERRO_BUY_market closed;0
20260720190121876918;2026.07.21 01:02:29;COMPRA;28776.00;28605.87;-170.13;-17013.00;200.00;SIM;NAO;ERRO_BUY_market closed;0
20260720190121876918;2026.07.21 01:02:29;COMPRA;28776.00;28605.87;-170.13;-17013.00;200.00;SIM;NAO;ERRO_BUY_market closed;0
20260720190121876918;2026.07.21 01:02:30;COMPRA;28776.00;28605.87;-170.13;-17013.00;200.00;SIM;NAO;ERRO_BUY_market closed;0
20260720190121876918;2026.07.21 01:02:30;COMPRA;28776.00;28605.87;-170.13;-17013.00;200.00;SIM;NAO;ERRO_BUY_market closed;0
20260720190121876918;2026.07.21 01:02:31;COMPRA;28776.00;28605.87;-170.13;-17013.00;200.00;SIM;NAO;ERRO_BUY_market closed;0
20260720190121876918;2026.07.21 01:02:31;COMPRA;28776.00;28605.87;-170.13;-17013.00;200.00;SIM;NAO;ERRO_BUY_market closed;0
20260720190121876918;2026.07.21 01:02:32;COMPRA;28776.00;28605.87;-170.13;-17013.00;200.00;SIM;NAO;ERRO_BUY_market closed;0
20260720190121876918;2026.07.21 01:02:32;COMPRA;28776.00;28605.87;-170.13;-17013.00;200.00;SIM;NAO;ERRO_BUY_market closed;0
20260720190121876918;2026.07.21 01:02:33;COMPRA;28776.00;28605.87;-170.13;-17013.00;200.00;SIM;NAO;ERRO_BUY_market closed;0
20260720190121876918;2026.07.21 01:02:33;COMPRA;28776.00;28605.87;-170.13;-17013.00;200.00;SIM;NAO;ERRO_BUY_market closed;0
20260720190121876918;2026.07.21 01:02:34;COMPRA;28776.00;28605.87;-170.13;-17013.00;200.00;SIM;NAO;ERRO_BUY_market closed;0
20260720190121876918;2026.07.21 01:02:34;COMPRA;28776.00;28605.87;-170.13;-17013.00;200.00;SIM;NAO;ERRO_BUY_market closed;0
20260720190121876918;2026.07.21 01:02:35;COMPRA;28776.00;28605.87;-170.13;-17013.00;200.00;SIM;NAO;ERRO_BUY_market closed;0
20260720190121876918;2026.07.21 01:02:35;COMPRA;28776.00;28605.87;-170.13;-17013.00;200.00;SIM;NAO;ERRO_BUY_market closed;0
20260720190121876918;2026.07.21 01:02:36;COMPRA;28776.00;28605.87;-170.13;-17013.00;200.00;SIM;NAO;ERRO_BUY_market closed;0
20260720190121876918;2026.07.21 01:02:36;COMPRA;28776.00;28605.87;-170.13;-17013.00;200.00;SIM;NAO;ERRO_BUY_market closed;0
20260720190121876918;2026.07.21 01:02:37;COMPRA;28776.00;28605.87;-170.13;-17013.00;200.00;SIM;NAO;ERRO_BUY_market closed;0
20260720190121876918;2026.07.21 01:02:37;COMPRA;28776.00;28605.87;-170.13;-17013.00;200.00;SIM;NAO;ERRO_BUY_market closed;0
20260720190121876918;2026.07.21 01:02:38;COMPRA;28776.00;28605.87;-170.13;-17013.00;200.00;SIM;NAO;ERRO_BUY_market closed;0
20260720190121876918;2026.07.21 01:02:38;COMPRA;28776.00;28605.87;-170.13;-17013.00;200.00;SIM;NAO;ERRO_BUY_market closed;0
20260720190121876918;2026.07.21 01:02:39;COMPRA;28776.00;28605.87;-170.13;-17013.00;200.00;SIM;NAO;ERRO_BUY_market closed;0
20260720190121876918;2026.07.21 01:02:39;COMPRA;28776.00;28605.87;-170.13;-17013.00;200.00;SIM;NAO;ERRO_BUY_market closed;0
20260720190121876918;2026.07.21 01:02:40;COMPRA;28776.00;28605.87;-170.13;-17013.00;200.00;SIM;NAO;ERRO_BUY_market closed;0
20260720190121876918;2026.07.21 01:02:40;COMPRA;28776.00;28605.87;-170.13;-17013.00;200.00;SIM;NAO;ERRO_BUY_market closed;0
20260720190121876918;2026.07.21 01:02:41;COMPRA;28776.00;28605.87;-170.13;-17013.00;200.00;SIM;NAO;ERRO_BUY_market closed;0
20260720190121876918;2026.07.21 01:02:41;COMPRA;28776.00;28605.87;-170.13;-17013.00;200.00;SIM;NAO;ERRO_BUY_market closed;0
20260720190121876918;2026.07.21 01:02:42;COMPRA;28776.00;28605.87;-170.13;-17013.00;200.00;SIM;NAO;ERRO_BUY_market closed;0
20260720190121876918;2026.07.21 01:02:42;COMPRA;28776.00;28605.87;-170.13;-17013.00;200.00;SIM;NAO;ERRO_BUY_market closed;0
20260720190121876918;2026.07.21 01:02:42;COMPRA;28776.00;28605.87;-170.13;-17013.00;200.00;SIM;NAO;ERRO_BUY_market closed;0
20260720190121876918;2026.07.21 01:02:43;COMPRA;28776.00;28605.87;-170.13;-17013.00;200.00;SIM;NAO;ERRO_BUY_market closed;0
20260720190121876918;2026.07.21 01:02:43;COMPRA;28776.00;28605.87;-170.13;-17013.00;200.00;SIM;NAO;ERRO_BUY_market closed;0
20260720190121876918;2026.07.21 01:02:43;COMPRA;28776.00;28605.87;-170.13;-17013.00;200.00;SIM;NAO;ERRO_BUY_market closed;0
20260720190121876918;2026.07.21 01:02:43;COMPRA;28776.00;28605.87;-170.13;-17013.00;200.00;SIM;NAO;ERRO_BUY_market closed;0
20260720190121876918;2026.07.21 01:02:43;COMPRA;28776.00;28605.87;-170.13;-17013.00;200.00;SIM;NAO;ERRO_BUY_market closed;0
20260720190121876918;2026.07.21 01:02:43;COMPRA;28776.00;28605.87;-170.13;-17013.00;200.00;SIM;NAO;ERRO_BUY_market closed;0
20260720190121876918;2026.07.21 01:02:43;COMPRA;28776.00;28605.87;-170.13;-17013.00;200.00;SIM;NAO;ERRO_BUY_market closed;0
20260720190121876918;2026.07.21 01:02:43;COMPRA;28776.00;28605.87;-170.13;-17013.00;200.00;SIM;NAO;ERRO_BUY_market closed;0
20260720190121876918;2026.07.21 01:02:43;COMPRA;28776.00;28605.87;-170.13;-17013.00;200.00;SIM;NAO;ERRO_BUY_market closed;0
20260720190121876918;2026.07.21 01:02:43;COMPRA;28776.00;28605.87;-170.13;-17013.00;200.00;SIM;NAO;ERRO_BUY_market closed;0
20260720190121876918;2026.07.21 01:02:48;COMPRA;28776.00;28605.87;-170.13;-17013.00;200.00;SIM;NAO;ERRO_BUY_market closed;0
20260720190121876918;2026.07.21 01:02:49;COMPRA;28776.00;28605.87;-170.13;-17013.00;200.00;SIM;NAO;ERRO_BUY_market closed;0
20260720190121876918;2026.07.21 01:02:49;COMPRA;28776.00;28605.87;-170.13;-17013.00;200.00;SIM;NAO;ERRO_BUY_market closed;0
20260720190121876918;2026.07.21 01:02:50;COMPRA;28776.00;28605.87;-170.13;-17013.00;200.00;SIM;NAO;ERRO_BUY_market closed;0
20260720190121876918;2026.07.21 01:02:50;COMPRA;28776.00;28605.87;-170.13;-17013.00;200.00;SIM;NAO;ERRO_BUY_market closed;0
20260720190121876918;2026.07.21 01:02:50;COMPRA;28776.00;28605.87;-170.13;-17013.00;200.00;SIM;NAO;ERRO_BUY_market closed;0
20260720190121876918;2026.07.21 01:02:50;COMPRA;28776.00;28605.87;-170.13;-17013.00;200.00;SIM;NAO;ERRO_BUY_market closed;0
20260720190121876918;2026.07.21 01:02:52;COMPRA;28776.00;28605.87;-170.13;-17013.00;200.00;SIM;NAO;ERRO_BUY_market closed;0
20260720190121876918;2026.07.21 01:02:52;COMPRA;28776.00;28605.87;-170.13;-17013.00;200.00;SIM;NAO;ERRO_BUY_market closed;0
20260720190121876918;2026.07.21 01:02:53;COMPRA;28776.00;28605.87;-170.13;-17013.00;200.00;SIM;NAO;ERRO_BUY_market closed;0
20260720190121876918;2026.07.21 01:02:53;COMPRA;28776.00;28605.87;-170.13;-17013.00;200.00;SIM;NAO;ERRO_BUY_market closed;0
20260720190121876918;2026.07.21 01:02:54;COMPRA;28776.00;28605.87;-170.13;-17013.00;200.00;SIM;NAO;ERRO_BUY_market closed;0
20260720190121876918;2026.07.21 01:02:54;COMPRA;28776.00;28605.87;-170.13;-17013.00;200.00;SIM;NAO;ERRO_BUY_market closed;0
20260720190121876918;2026.07.21 01:02:55;COMPRA;28776.00;28605.87;-170.13;-17013.00;200.00;SIM;NAO;ERRO_BUY_market closed;0
20260720190121876918;2026.07.21 01:02:55;COMPRA;28776.00;28605.87;-170.13;-17013.00;200.00;SIM;NAO;ERRO_BUY_market closed;0
20260720190121876918;2026.07.21 01:02:56;COMPRA;28776.00;28605.87;-170.13;-17013.00;200.00;SIM;NAO;ERRO_BUY_market closed;0
20260720190121876918;2026.07.21 01:02:56;COMPRA;28776.00;28605.87;-170.13;-17013.00;200.00;SIM;NAO;ERRO_BUY_market closed;0
20260720190121876918;2026.07.21 01:02:57;COMPRA;28776.00;28605.87;-170.13;-17013.00;200.00;SIM;NAO;ERRO_BUY_market closed;0
20260720190121876918;2026.07.21 01:02:57;COMPRA;28776.00;28605.87;-170.13;-17013.00;200.00;SIM;NAO;ERRO_BUY_market closed;0
20260720190121876918;2026.07.21 01:02:57;COMPRA;28776.00;28605.87;-170.13;-17013.00;200.00;SIM;NAO;ERRO_BUY_market closed;0
20260720190121876918;2026.07.21 01:02:58;COMPRA;28776.00;28605.87;-170.13;-17013.00;200.00;SIM;NAO;ERRO_BUY_market closed;0
20260720190121876918;2026.07.21 01:02:59;COMPRA;28776.00;28605.87;-170.13;-17013.00;200.00;SIM;NAO;ERRO_BUY_market closed;0
20260720190121876918;2026.07.21 01:02:59;COMPRA;28776.00;28605.87;-170.13;-17013.00;200.00;SIM;NAO;ERRO_BUY_market closed;0
20260720190121876918;2026.07.21 01:03:00;COMPRA;28776.00;28605.87;-170.13;-17013.00;200.00;SIM;NAO;ERRO_BUY_market closed;0
20260720190121876918;2026.07.21 01:03:00;COMPRA;28776.00;28605.87;-170.13;-17013.00;200.00;SIM;NAO;ERRO_BUY_market closed;0
20260720190121876918;2026.07.21 01:03:01;COMPRA;28776.00;28605.87;-170.13;-17013.00;200.00;SIM;NAO;ERRO_BUY_market closed;0
20260720190121876918;2026.07.21 01:03:01;COMPRA;28776.00;28605.87;-170.13;-17013.00;200.00;SIM;NAO;ERRO_BUY_market closed;0
20260720190121876918;2026.07.21 01:03:02;COMPRA;28776.00;28605.87;-170.13;-17013.00;200.00;SIM;NAO;ERRO_BUY_market closed;0
20260720190121876918;2026.07.21 01:03:02;COMPRA;28776.00;28605.87;-170.13;-17013.00;200.00;SIM;NAO;ERRO_BUY_market closed;0
20260720190121876918;2026.07.21 01:03:03;COMPRA;28776.00;28605.87;-170.13;-17013.00;200.00;SIM;NAO;ERRO_BUY_market closed;0
20260720190121876918;2026.07.21 01:03:03;COMPRA;28776.00;28605.87;-170.13;-17013.00;200.00;SIM;NAO;ERRO_BUY_market closed;0
20260720190121876918;2026.07.21 01:03:04;COMPRA;28776.00;28605.87;-170.13;-17013.00;200.00;SIM;NAO;ERRO_BUY_market closed;0
20260720190121876918;2026.07.21 01:03:04;COMPRA;28776.00;28605.87;-170.13;-17013.00;200.00;SIM;NAO;ERRO_BUY_market closed;0
20260720190121876918;2026.07.21 01:03:05;COMPRA;28776.00;28605.87;-170.13;-17013.00;200.00;SIM;NAO;ERRO_BUY_market closed;0
20260720190121876918;2026.07.21 01:03:05;COMPRA;28776.00;28605.87;-170.13;-17013.00;200.00;SIM;NAO;ERRO_BUY_market closed;0
20260720190121876918;2026.07.21 01:03:06;COMPRA;28776.00;28605.87;-170.13;-17013.00;200.00;SIM;NAO;ERRO_BUY_market closed;0
20260720190121876918;2026.07.21 01:03:06;COMPRA;28776.00;28605.87;-170.13;-17013.00;200.00;SIM;NAO;ERRO_BUY_market closed;0
20260720190121876918;2026.07.21 01:03:07;COMPRA;28776.00;28605.87;-170.13;-17013.00;200.00;SIM;NAO;ERRO_BUY_market closed;0
20260720190121876918;2026.07.21 01:03:07;COMPRA;28776.00;28605.87;-170.13;-17013.00;200.00;SIM;NAO;ERRO_BUY_market closed;0
20260720190121876918;2026.07.21 01:03:08;COMPRA;28776.00;28605.87;-170.13;-17013.00;200.00;SIM;NAO;ERRO_BUY_market closed;0
20260720190121876918;2026.07.21 01:03:08;COMPRA;28776.00;28605.87;-170.13;-17013.00;200.00;SIM;NAO;ERRO_BUY_market closed;0
20260720190121876918;2026.07.21 01:03:09;COMPRA;28776.00;28605.87;-170.13;-17013.00;200.00;SIM;NAO;ERRO_BUY_market closed;0
20260720190121876918;2026.07.21 01:03:09;COMPRA;28776.00;28605.87;-170.13;-17013.00;200.00;SIM;NAO;ERRO_BUY_market closed;0
20260720190121876918;2026.07.21 01:03:10;COMPRA;28776.00;28605.87;-170.13;-17013.00;200.00;SIM;NAO;ERRO_BUY_market closed;0
20260720190121876918;2026.07.21 01:03:10;COMPRA;28776.00;28605.87;-170.13;-17013.00;200.00;SIM;NAO;ERRO_BUY_market closed;0
20260720190121876918;2026.07.21 01:03:11;COMPRA;28776.00;28605.87;-170.13;-17013.00;200.00;SIM;NAO;ERRO_BUY_market closed;0
20260720190121876918;2026.07.21 01:03:11;COMPRA;28776.00;28605.87;-170.13;-17013.00;200.00;SIM;NAO;ERRO_BUY_market closed;0
20260720190121876918;2026.07.21 01:03:12;COMPRA;28776.00;28605.87;-170.13;-17013.00;200.00;SIM;NAO;ERRO_BUY_market closed;0
20260720190121876918;2026.07.21 01:03:12;COMPRA;28776.00;28605.87;-170.13;-17013.00;200.00;SIM;NAO;ERRO_BUY_market closed;0
20260720190121876918;2026.07.21 01:03:13;COMPRA;28776.00;28605.87;-170.13;-17013.00;200.00;SIM;NAO;ERRO_BUY_market closed;0
20260720190121876918;2026.07.21 01:03:13;COMPRA;28776.00;28605.87;-170.13;-17013.00;200.00;SIM;NAO;ERRO_BUY_market closed;0
20260720190121876918;2026.07.21 01:03:14;COMPRA;28776.00;28605.87;-170.13;-17013.00;200.00;SIM;NAO;ERRO_BUY_market closed;0
20260720190121876918;2026.07.21 01:03:14;COMPRA;28776.00;28605.87;-170.13;-17013.00;200.00;SIM;NAO;ERRO_BUY_market closed;0
20260720190121876918;2026.07.21 01:03:15;COMPRA;28776.00;28605.87;-170.13;-17013.00;200.00;SIM;NAO;ERRO_BUY_market closed;0
20260720190121876918;2026.07.21 01:03:15;COMPRA;28776.00;28605.87;-170.13;-17013.00;200.00;SIM;NAO;ERRO_BUY_market closed;0
20260720190121876918;2026.07.21 01:03:16;COMPRA;28776.00;28605.87;-170.13;-17013.00;200.00;SIM;NAO;ERRO_BUY_market closed;0
20260720190121876918;2026.07.21 01:03:16;COMPRA;28776.00;28605.87;-170.13;-17013.00;200.00;SIM;NAO;ERRO_BUY_market closed;0
20260720190121876918;2026.07.21 01:03:17;COMPRA;28776.00;28605.87;-170.13;-17013.00;200.00;SIM;NAO;ERRO_BUY_market closed;0
20260720190121876918;2026.07.21 01:03:17;COMPRA;28776.00;28605.87;-170.13;-17013.00;200.00;SIM;NAO;ERRO_BUY_market closed;0
20260720190121876918;2026.07.21 01:03:18;COMPRA;28776.00;28605.87;-170.13;-17013.00;200.00;SIM;NAO;ERRO_BUY_market closed;0
20260720190121876918;2026.07.21 01:03:18;COMPRA;28776.00;28605.87;-170.13;-17013.00;200.00;SIM;NAO;ERRO_BUY_market closed;0
20260720190121876918;2026.07.21 01:03:19;COMPRA;28776.00;28605.87;-170.13;-17013.00;200.00;SIM;NAO;ERRO_BUY_market closed;0
20260720190121876918;2026.07.21 01:03:19;COMPRA;28776.00;28605.87;-170.13;-17013.00;200.00;SIM;NAO;ERRO_BUY_market closed;0
20260720190121876918;2026.07.21 01:03:20;COMPRA;28776.00;28605.87;-170.13;-17013.00;200.00;SIM;NAO;ERRO_BUY_market closed;0
20260720190121876918;2026.07.21 01:03:20;COMPRA;28776.00;28605.87;-170.13;-17013.00;200.00;SIM;NAO;ERRO_BUY_market closed;0
20260720190121876918;2026.07.21 01:03:21;COMPRA;28776.00;28605.87;-170.13;-17013.00;200.00;SIM;NAO;ERRO_BUY_market closed;0
20260720190121876918;2026.07.21 01:03:21;COMPRA;28776.00;28605.87;-170.13;-17013.00;200.00;SIM;NAO;ERRO_BUY_market closed;0
20260720190121876918;2026.07.21 01:03:22;COMPRA;28776.00;28605.87;-170.13;-17013.00;200.00;SIM;NAO;ERRO_BUY_market closed;0
20260720190121876918;2026.07.21 01:03:22;COMPRA;28776.00;28605.87;-170.13;-17013.00;200.00;SIM;NAO;ERRO_BUY_market closed;0
20260720190121876918;2026.07.21 01:03:23;COMPRA;28776.00;28605.87;-170.13;-17013.00;200.00;SIM;NAO;ERRO_BUY_market closed;0
20260720190121876918;2026.07.21 01:03:23;COMPRA;28776.00;28605.87;-170.13;-17013.00;200.00;SIM;NAO;ERRO_BUY_market closed;0
20260720190121876918;2026.07.21 01:03:24;COMPRA;28776.00;28605.87;-170.13;-17013.00;200.00;SIM;NAO;ERRO_BUY_market closed;0
20260720190121876918;2026.07.21 01:03:24;COMPRA;28776.00;28605.87;-170.13;-17013.00;200.00;SIM;NAO;ERRO_BUY_market closed;0
20260720190121876918;2026.07.21 01:03:25;COMPRA;28776.00;28605.87;-170.13;-17013.00;200.00;SIM;NAO;ERRO_BUY_market closed;0
20260720190121876918;2026.07.21 01:03:25;COMPRA;28776.00;28605.87;-170.13;-17013.00;200.00;SIM;NAO;ERRO_BUY_market closed;0
20260720190121876918;2026.07.21 01:03:26;COMPRA;28776.00;28605.87;-170.13;-17013.00;200.00;SIM;NAO;ERRO_BUY_market closed;0
20260720190121876918;2026.07.21 01:03:26;COMPRA;28776.00;28605.87;-170.13;-17013.00;200.00;SIM;NAO;ERRO_BUY_market closed;0
20260720190121876918;2026.07.21 01:03:27;COMPRA;28776.00;28605.87;-170.13;-17013.00;200.00;SIM;NAO;ERRO_BUY_market closed;0
20260720190121876918;2026.07.21 01:03:27;COMPRA;28776.00;28605.87;-170.13;-17013.00;200.00;SIM;NAO;ERRO_BUY_market closed;0
20260720190121876918;2026.07.21 01:03:28;COMPRA;28776.00;28605.87;-170.13;-17013.00;200.00;SIM;NAO;ERRO_BUY_market closed;0
20260720190121876918;2026.07.21 01:03:28;COMPRA;28776.00;28605.87;-170.13;-17013.00;200.00;SIM;NAO;ERRO_BUY_market closed;0
20260720190121876918;2026.07.21 01:03:29;COMPRA;28776.00;28605.87;-170.13;-17013.00;200.00;SIM;NAO;ERRO_BUY_market closed;0
20260720190121876918;2026.07.21 01:03:29;COMPRA;28776.00;28605.87;-170.13;-17013.00;200.00;SIM;NAO;ERRO_BUY_market closed;0
20260720190121876918;2026.07.21 01:03:30;COMPRA;28776.00;28605.87;-170.13;-17013.00;200.00;SIM;NAO;ERRO_BUY_market closed;0
20260720190121876918;2026.07.21 01:03:30;COMPRA;28776.00;28605.87;-170.13;-17013.00;200.00;SIM;NAO;ERRO_BUY_market closed;0
20260720190121876918;2026.07.21 01:03:31;COMPRA;28776.00;28605.87;-170.13;-17013.00;200.00;SIM;NAO;ERRO_BUY_market closed;0
20260720190121876918;2026.07.21 01:03:31;COMPRA;28776.00;28605.87;-170.13;-17013.00;200.00;SIM;NAO;ERRO_BUY_market closed;0
20260720190121876918;2026.07.21 01:03:32;COMPRA;28776.00;28605.87;-170.13;-17013.00;200.00;SIM;NAO;ERRO_BUY_market closed;0
20260720190121876918;2026.07.21 01:03:32;COMPRA;28776.00;28605.87;-170.13;-17013.00;200.00;SIM;NAO;ERRO_BUY_market closed;0
20260720190121876918;2026.07.21 01:03:33;COMPRA;28776.00;28605.87;-170.13;-17013.00;200.00;SIM;NAO;ERRO_BUY_market closed;0
20260720190121876918;2026.07.21 01:03:33;COMPRA;28776.00;28605.87;-170.13;-17013.00;200.00;SIM;NAO;ERRO_BUY_market closed;0
20260720190121876918;2026.07.21 01:03:34;COMPRA;28776.00;28605.87;-170.13;-17013.00;200.00;SIM;NAO;ERRO_BUY_market closed;0
20260720190121876918;2026.07.21 01:03:34;COMPRA;28776.00;28605.87;-170.13;-17013.00;200.00;SIM;NAO;ERRO_BUY_market closed;0
20260720190121876918;2026.07.21 01:03:35;COMPRA;28776.00;28605.87;-170.13;-17013.00;200.00;SIM;NAO;ERRO_BUY_market closed;0
20260720190121876918;2026.07.21 01:03:35;COMPRA;28776.00;28605.87;-170.13;-17013.00;200.00;SIM;NAO;ERRO_BUY_market closed;0
20260720190121876918;2026.07.21 01:03:36;COMPRA;28776.00;28605.87;-170.13;-17013.00;200.00;SIM;NAO;ERRO_BUY_market closed;0
20260720190121876918;2026.07.21 01:03:36;COMPRA;28776.00;28605.87;-170.13;-17013.00;200.00;SIM;NAO;ERRO_BUY_market closed;0
20260720190121876918;2026.07.21 01:03:37;COMPRA;28776.00;28605.87;-170.13;-17013.00;200.00;SIM;NAO;ERRO_BUY_market closed;0
20260720190121876918;2026.07.21 01:03:37;COMPRA;28776.00;28605.87;-170.13;-17013.00;200.00;SIM;NAO;ERRO_BUY_market closed;0
20260720190121876918;2026.07.21 01:03:38;COMPRA;28776.00;28605.87;-170.13;-17013.00;200.00;SIM;NAO;ERRO_BUY_market closed;0
20260720190121876918;2026.07.21 01:03:38;COMPRA;28776.00;28605.87;-170.13;-17013.00;200.00;SIM;NAO;ERRO_BUY_market closed;0
20260720190121876918;2026.07.21 01:03:39;COMPRA;28776.00;28605.87;-170.13;-17013.00;200.00;SIM;NAO;ERRO_BUY_market closed;0
20260720190121876918;2026.07.21 01:03:39;COMPRA;28776.00;28605.87;-170.13;-17013.00;200.00;SIM;NAO;ERRO_BUY_market closed;0
20260720190121876918;2026.07.21 01:03:40;COMPRA;28776.00;28605.87;-170.13;-17013.00;200.00;SIM;NAO;ERRO_BUY_market closed;0
20260720190121876918;2026.07.21 01:03:40;COMPRA;28776.00;28605.87;-170.13;-17013.00;200.00;SIM;NAO;ERRO_BUY_market closed;0
20260720190121876918;2026.07.21 01:03:41;COMPRA;28776.00;28605.87;-170.13;-17013.00;200.00;SIM;NAO;ERRO_BUY_market closed;0
20260720190121876918;2026.07.21 01:03:41;COMPRA;28776.00;28605.87;-170.13;-17013.00;200.00;SIM;NAO;ERRO_BUY_market closed;0
20260720190121876918;2026.07.21 01:03:42;COMPRA;28776.00;28605.87;-170.13;-17013.00;200.00;SIM;NAO;ERRO_BUY_market closed;0
20260720190121876918;2026.07.21 01:03:42;COMPRA;28776.00;28605.87;-170.13;-17013.00;200.00;SIM;NAO;ERRO_BUY_market closed;0
20260720190121876918;2026.07.21 01:03:43;COMPRA;28776.00;28605.87;-170.13;-17013.00;200.00;SIM;NAO;ERRO_BUY_market closed;0
20260720190121876918;2026.07.21 01:03:43;COMPRA;28776.00;28605.87;-170.13;-17013.00;200.00;SIM;NAO;ERRO_BUY_market closed;0
20260720190121876918;2026.07.21 01:03:44;COMPRA;28776.00;28605.87;-170.13;-17013.00;200.00;SIM;NAO;ERRO_BUY_market closed;0
20260720190121876918;2026.07.21 01:03:44;COMPRA;28776.00;28605.87;-170.13;-17013.00;200.00;SIM;NAO;ERRO_BUY_market closed;0
20260720190121876918;2026.07.21 01:03:45;COMPRA;28776.00;28605.87;-170.13;-17013.00;200.00;SIM;NAO;ERRO_BUY_market closed;0
20260720190121876918;2026.07.21 01:03:45;COMPRA;28776.00;28605.87;-170.13;-17013.00;200.00;SIM;NAO;ERRO_BUY_market closed;0
20260720190121876918;2026.07.21 01:03:46;COMPRA;28776.00;28605.87;-170.13;-17013.00;200.00;SIM;NAO;ERRO_BUY_market closed;0
20260720190121876918;2026.07.21 01:03:46;COMPRA;28776.00;28605.87;-170.13;-17013.00;200.00;SIM;NAO;ERRO_BUY_market closed;0
20260720190121876918;2026.07.21 01:03:47;COMPRA;28776.00;28605.87;-170.13;-17013.00;200.00;SIM;NAO;ERRO_BUY_market closed;0
20260720190121876918;2026.07.21 01:03:47;COMPRA;28776.00;28605.87;-170.13;-17013.00;200.00;SIM;NAO;ERRO_BUY_market closed;0
20260720190121876918;2026.07.21 01:03:48;COMPRA;28776.00;28605.87;-170.13;-17013.00;200.00;SIM;NAO;ERRO_BUY_market closed;0
20260720190121876918;2026.07.21 01:03:48;COMPRA;28776.00;28605.87;-170.13;-17013.00;200.00;SIM;NAO;ERRO_BUY_market closed;0
20260720190121876918;2026.07.21 01:03:49;COMPRA;28776.00;28605.87;-170.13;-17013.00;200.00;SIM;NAO;ERRO_BUY_market closed;0
20260720190121876918;2026.07.21 01:03:49;COMPRA;28776.00;28605.87;-170.13;-17013.00;200.00;SIM;NAO;ERRO_BUY_market closed;0
20260720190121876918;2026.07.21 01:03:50;COMPRA;28776.00;28605.87;-170.13;-17013.00;200.00;SIM;NAO;ERRO_BUY_market closed;0
20260720190121876918;2026.07.21 01:03:50;COMPRA;28776.00;28605.87;-170.13;-17013.00;200.00;SIM;NAO;ERRO_BUY_market closed;0
20260720190121876918;2026.07.21 01:03:51;COMPRA;28776.00;28605.87;-170.13;-17013.00;200.00;SIM;NAO;ERRO_BUY_market closed;0
20260720190121876918;2026.07.21 01:03:51;COMPRA;28776.00;28605.87;-170.13;-17013.00;200.00;SIM;NAO;ERRO_BUY_market closed;0
20260720190121876918;2026.07.21 01:03:52;COMPRA;28776.00;28605.87;-170.13;-17013.00;200.00;SIM;NAO;ERRO_BUY_market closed;0
20260720190121876918;2026.07.21 01:03:52;COMPRA;28776.00;28605.87;-170.13;-17013.00;200.00;SIM;NAO;ERRO_BUY_market closed;0
20260720190121876918;2026.07.21 01:03:53;COMPRA;28776.00;28605.87;-170.13;-17013.00;200.00;SIM;NAO;ERRO_BUY_market closed;0
20260720190121876918;2026.07.21 01:03:53;COMPRA;28776.00;28605.87;-170.13;-17013.00;200.00;SIM;NAO;ERRO_BUY_market closed;0
20260720190121876918;2026.07.21 01:03:54;COMPRA;28776.00;28605.87;-170.13;-17013.00;200.00;SIM;NAO;ERRO_BUY_market closed;0
20260720190121876918;2026.07.21 01:03:54;COMPRA;28776.00;28605.87;-170.13;-17013.00;200.00;SIM;NAO;ERRO_BUY_market closed;0
20260720190121876918;2026.07.21 01:03:55;COMPRA;28776.00;28605.87;-170.13;-17013.00;200.00;SIM;NAO;ERRO_BUY_market closed;0
20260720190121876918;2026.07.21 01:03:55;COMPRA;28776.00;28605.87;-170.13;-17013.00;200.00;SIM;NAO;ERRO_BUY_market closed;0
20260720190121876918;2026.07.21 01:03:56;COMPRA;28776.00;28605.87;-170.13;-17013.00;200.00;SIM;NAO;ERRO_BUY_market closed;0
20260720190121876918;2026.07.21 01:03:56;COMPRA;28776.00;28605.87;-170.13;-17013.00;200.00;SIM;NAO;ERRO_BUY_market closed;0
20260720190121876918;2026.07.21 01:03:57;COMPRA;28776.00;28605.87;-170.13;-17013.00;200.00;SIM;NAO;ERRO_BUY_market closed;0
20260720190121876918;2026.07.21 01:03:57;COMPRA;28776.00;28605.87;-170.13;-17013.00;200.00;SIM;NAO;ERRO_BUY_market closed;0
20260720190121876918;2026.07.21 01:03:58;COMPRA;28776.00;28605.87;-170.13;-17013.00;200.00;SIM;NAO;ERRO_BUY_market closed;0
20260720190121876918;2026.07.21 01:03:58;COMPRA;28776.00;28605.87;-170.13;-17013.00;200.00;SIM;NAO;ERRO_BUY_market closed;0
20260720190121876918;2026.07.21 01:03:59;COMPRA;28776.00;28605.87;-170.13;-17013.00;200.00;SIM;NAO;ERRO_BUY_market closed;0
20260720190121876918;2026.07.21 01:03:59;COMPRA;28776.00;28605.87;-170.13;-17013.00;200.00;SIM;NAO;ERRO_BUY_market closed;0
20260720190121876918;2026.07.21 01:04:00;COMPRA;28776.00;28605.87;-170.13;-17013.00;200.00;SIM;NAO;ERRO_BUY_market closed;0
20260720190121876918;2026.07.21 01:04:00;COMPRA;28776.00;28605.87;-170.13;-17013.00;200.00;SIM;NAO;ERRO_BUY_market closed;0
20260720190121876918;2026.07.21 01:04:01;COMPRA;28776.00;28605.87;-170.13;-17013.00;200.00;SIM;NAO;ERRO_BUY_market closed;0
20260720190121876918;2026.07.21 01:04:01;COMPRA;28776.00;28605.87;-170.13;-17013.00;200.00;SIM;NAO;ERRO_BUY_market closed;0
20260720190121876918;2026.07.21 01:04:01;COMPRA;28776.00;28605.87;-170.13;-17013.00;200.00;SIM;NAO;ERRO_BUY_market closed;0
20260720190121876918;2026.07.21 01:04:01;COMPRA;28776.00;28605.87;-170.13;-17013.00;200.00;SIM;NAO;ERRO_BUY_market closed;0
20260720190121876918;2026.07.21 01:04:01;COMPRA;28776.00;28605.87;-170.13;-17013.00;200.00;SIM;NAO;ERRO_BUY_market closed;0
20260720190121876918;2026.07.21 01:04:03;COMPRA;28776.00;28605.87;-170.13;-17013.00;200.00;SIM;NAO;ERRO_BUY_market closed;0
20260720190121876918;2026.07.21 01:04:03;COMPRA;28776.00;28605.87;-170.13;-17013.00;200.00;SIM;NAO;ERRO_BUY_market closed;0
20260720190121876918;2026.07.21 01:04:04;COMPRA;28776.00;28605.87;-170.13;-17013.00;200.00;SIM;NAO;ERRO_BUY_market closed;0
20260720190121876918;2026.07.21 01:04:04;COMPRA;28776.00;28605.87;-170.13;-17013.00;200.00;SIM;NAO;ERRO_BUY_market closed;0
20260720190121876918;2026.07.21 01:04:05;COMPRA;28776.00;28605.87;-170.13;-17013.00;200.00;SIM;NAO;ERRO_BUY_market closed;0
20260720190121876918;2026.07.21 01:04:06;COMPRA;28776.00;28605.87;-170.13;-17013.00;200.00;SIM;NAO;ERRO_BUY_market closed;0
20260720190121876918;2026.07.21 01:04:06;COMPRA;28776.00;28605.87;-170.13;-17013.00;200.00;SIM;NAO;ERRO_BUY_market closed;0
20260720190121876918;2026.07.21 01:04:07;COMPRA;28776.00;28605.87;-170.13;-17013.00;200.00;SIM;NAO;ERRO_BUY_market closed;0
20260720190121876918;2026.07.21 01:04:07;COMPRA;28776.00;28605.87;-170.13;-17013.00;200.00;SIM;NAO;ERRO_BUY_market closed;0
20260720190121876918;2026.07.21 01:04:08;COMPRA;28776.00;28605.87;-170.13;-17013.00;200.00;SIM;NAO;ERRO_BUY_market closed;0
20260720190121876918;2026.07.21 01:04:08;COMPRA;28776.00;28605.87;-170.13;-17013.00;200.00;SIM;NAO;ERRO_BUY_market closed;0
20260720190121876918;2026.07.21 01:04:09;COMPRA;28776.00;28605.87;-170.13;-17013.00;200.00;SIM;NAO;ERRO_BUY_market closed;0
20260720190121876918;2026.07.21 01:04:09;COMPRA;28776.00;28605.87;-170.13;-17013.00;200.00;SIM;NAO;ERRO_BUY_market closed;0
20260720190121876918;2026.07.21 01:04:10;COMPRA;28776.00;28605.87;-170.13;-17013.00;200.00;SIM;NAO;ERRO_BUY_market closed;0
20260720190121876918;2026.07.21 01:04:10;COMPRA;28776.00;28605.87;-170.13;-17013.00;200.00;SIM;NAO;ERRO_BUY_market closed;0
20260720190121876918;2026.07.21 01:04:11;COMPRA;28776.00;28605.87;-170.13;-17013.00;200.00;SIM;NAO;ERRO_BUY_market closed;0
20260720190121876918;2026.07.21 01:04:11;COMPRA;28776.00;28605.87;-170.13;-17013.00;200.00;SIM;NAO;ERRO_BUY_market closed;0
20260720190121876918;2026.07.21 01:04:12;COMPRA;28776.00;28605.87;-170.13;-17013.00;200.00;SIM;NAO;ERRO_BUY_market closed;0
20260720190121876918;2026.07.21 01:04:12;COMPRA;28776.00;28605.87;-170.13;-17013.00;200.00;SIM;NAO;ERRO_BUY_market closed;0
20260720190121876918;2026.07.21 01:04:13;COMPRA;28776.00;28605.87;-170.13;-17013.00;200.00;SIM;NAO;ERRO_BUY_market closed;0
20260720190121876918;2026.07.21 01:04:13;COMPRA;28776.00;28605.87;-170.13;-17013.00;200.00;SIM;NAO;ERRO_BUY_market closed;0
20260720190121876918;2026.07.21 01:04:14;COMPRA;28776.00;28605.87;-170.13;-17013.00;200.00;SIM;NAO;ERRO_BUY_market closed;0
20260720190121876918;2026.07.21 01:04:14;COMPRA;28776.00;28605.87;-170.13;-17013.00;200.00;SIM;NAO;ERRO_BUY_market closed;0
20260720190121876918;2026.07.21 01:04:15;COMPRA;28776.00;28605.87;-170.13;-17013.00;200.00;SIM;NAO;ERRO_BUY_market closed;0
20260720190121876918;2026.07.21 01:04:15;COMPRA;28776.00;28605.87;-170.13;-17013.00;200.00;SIM;NAO;ERRO_BUY_market closed;0
20260720190121876918;2026.07.21 01:04:16;COMPRA;28776.00;28605.87;-170.13;-17013.00;200.00;SIM;NAO;ERRO_BUY_market closed;0
20260720190121876918;2026.07.21 01:04:16;COMPRA;28776.00;28605.87;-170.13;-17013.00;200.00;SIM;NAO;ERRO_BUY_market closed;0
20260720190121876918;2026.07.21 01:04:17;COMPRA;28776.00;28605.87;-170.13;-17013.00;200.00;SIM;NAO;ERRO_BUY_market closed;0
20260720190121876918;2026.07.21 01:04:17;COMPRA;28776.00;28605.87;-170.13;-17013.00;200.00;SIM;NAO;ERRO_BUY_market closed;0
20260720190121876918;2026.07.21 01:04:18;COMPRA;28776.00;28605.87;-170.13;-17013.00;200.00;SIM;NAO;ERRO_BUY_market closed;0
20260720190121876918;2026.07.21 01:04:18;COMPRA;28776.00;28605.87;-170.13;-17013.00;200.00;SIM;NAO;ERRO_BUY_market closed;0
20260720190121876918;2026.07.21 01:04:19;COMPRA;28776.00;28605.87;-170.13;-17013.00;200.00;SIM;NAO;ERRO_BUY_market closed;0
20260720190121876918;2026.07.21 01:04:19;COMPRA;28776.00;28605.87;-170.13;-17013.00;200.00;SIM;NAO;ERRO_BUY_market closed;0
20260720190121876918;2026.07.21 01:04:20;COMPRA;28776.00;28605.87;-170.13;-17013.00;200.00;SIM;NAO;ERRO_BUY_market closed;0
20260720190121876918;2026.07.21 01:04:20;COMPRA;28776.00;28605.87;-170.13;-17013.00;200.00;SIM;NAO;ERRO_BUY_market closed;0
20260720190121876918;2026.07.21 01:04:21;COMPRA;28776.00;28605.87;-170.13;-17013.00;200.00;SIM;NAO;ERRO_BUY_market closed;0
20260720190121876918;2026.07.21 01:04:21;COMPRA;28776.00;28605.87;-170.13;-17013.00;200.00;SIM;NAO;ERRO_BUY_market closed;0
20260720190121876918;2026.07.21 01:04:22;COMPRA;28776.00;28605.87;-170.13;-17013.00;200.00;SIM;NAO;ERRO_BUY_market closed;0
20260720190121876918;2026.07.21 01:04:22;COMPRA;28776.00;28605.87;-170.13;-17013.00;200.00;SIM;NAO;ERRO_BUY_market closed;0
20260720190121876918;2026.07.21 01:04:23;COMPRA;28776.00;28605.87;-170.13;-17013.00;200.00;SIM;NAO;ERRO_BUY_market closed;0
20260720190121876918;2026.07.21 01:04:23;COMPRA;28776.00;28605.87;-170.13;-17013.00;200.00;SIM;NAO;ERRO_BUY_market closed;0
20260720190121876918;2026.07.21 01:04:24;COMPRA;28776.00;28605.87;-170.13;-17013.00;200.00;SIM;NAO;ERRO_BUY_market closed;0
20260720190121876918;2026.07.21 01:04:24;COMPRA;28776.00;28605.87;-170.13;-17013.00;200.00;SIM;NAO;ERRO_BUY_market closed;0
20260720190121876918;2026.07.21 01:04:25;COMPRA;28776.00;28605.87;-170.13;-17013.00;200.00;SIM;NAO;ERRO_BUY_market closed;0
20260720190121876918;2026.07.21 01:04:25;COMPRA;28776.00;28605.87;-170.13;-17013.00;200.00;SIM;NAO;ERRO_BUY_market closed;0
20260720190121876918;2026.07.21 01:04:26;COMPRA;28776.00;28605.87;-170.13;-17013.00;200.00;SIM;NAO;ERRO_BUY_market closed;0
20260720190121876918;2026.07.21 01:04:26;COMPRA;28776.00;28605.87;-170.13;-17013.00;200.00;SIM;NAO;ERRO_BUY_market closed;0
20260720190121876918;2026.07.21 01:04:27;COMPRA;28776.00;28605.87;-170.13;-17013.00;200.00;SIM;NAO;ERRO_BUY_market closed;0
20260720190121876918;2026.07.21 01:04:27;COMPRA;28776.00;28605.87;-170.13;-17013.00;200.00;SIM;NAO;ERRO_BUY_market closed;0
20260720190121876918;2026.07.21 01:04:28;COMPRA;28776.00;28605.87;-170.13;-17013.00;200.00;SIM;NAO;ERRO_BUY_market closed;0
20260720190121876918;2026.07.21 01:04:28;COMPRA;28776.00;28605.87;-170.13;-17013.00;200.00;SIM;NAO;ERRO_BUY_market closed;0
20260720190121876918;2026.07.21 01:04:29;COMPRA;28776.00;28605.87;-170.13;-17013.00;200.00;SIM;NAO;ERRO_BUY_market closed;0
20260720190121876918;2026.07.21 01:04:29;COMPRA;28776.00;28605.87;-170.13;-17013.00;200.00;SIM;NAO;ERRO_BUY_market closed;0
20260720190121876918;2026.07.21 01:04:30;COMPRA;28776.00;28605.87;-170.13;-17013.00;200.00;SIM;NAO;ERRO_BUY_market closed;0
20260720190121876918;2026.07.21 01:04:30;COMPRA;28776.00;28605.87;-170.13;-17013.00;200.00;SIM;NAO;ERRO_BUY_market closed;0
20260720190121876918;2026.07.21 01:04:31;COMPRA;28776.00;28605.87;-170.13;-17013.00;200.00;SIM;NAO;ERRO_BUY_market closed;0
20260720190121876918;2026.07.21 01:04:31;COMPRA;28776.00;28605.87;-170.13;-17013.00;200.00;SIM;NAO;ERRO_BUY_market closed;0
20260720190121876918;2026.07.21 01:04:32;COMPRA;28776.00;28605.87;-170.13;-17013.00;200.00;SIM;NAO;ERRO_BUY_market closed;0
20260720190121876918;2026.07.21 01:04:32;COMPRA;28776.00;28605.87;-170.13;-17013.00;200.00;SIM;NAO;ERRO_BUY_market closed;0
20260720190121876918;2026.07.21 01:04:33;COMPRA;28776.00;28605.87;-170.13;-17013.00;200.00;SIM;NAO;ERRO_BUY_market closed;0
20260720190121876918;2026.07.21 01:04:33;COMPRA;28776.00;28605.87;-170.13;-17013.00;200.00;SIM;NAO;ERRO_BUY_market closed;0
20260720190121876918;2026.07.21 01:04:34;COMPRA;28776.00;28605.87;-170.13;-17013.00;200.00;SIM;NAO;ERRO_BUY_market closed;0
20260720190121876918;2026.07.21 01:04:34;COMPRA;28776.00;28605.87;-170.13;-17013.00;200.00;SIM;NAO;ERRO_BUY_market closed;0
20260720190121876918;2026.07.21 01:04:35;COMPRA;28776.00;28605.87;-170.13;-17013.00;200.00;SIM;NAO;ERRO_BUY_market closed;0
20260720190121876918;2026.07.21 01:04:35;COMPRA;28776.00;28605.87;-170.13;-17013.00;200.00;SIM;NAO;ERRO_BUY_market closed;0
20260720190121876918;2026.07.21 01:04:36;COMPRA;28776.00;28605.87;-170.13;-17013.00;200.00;SIM;NAO;ERRO_BUY_market closed;0
20260720190121876918;2026.07.21 01:04:36;COMPRA;28776.00;28605.87;-170.13;-17013.00;200.00;SIM;NAO;ERRO_BUY_market closed;0
20260720190121876918;2026.07.21 01:04:37;COMPRA;28776.00;28605.87;-170.13;-17013.00;200.00;SIM;NAO;ERRO_BUY_market closed;0
20260720190121876918;2026.07.21 01:04:37;COMPRA;28776.00;28605.87;-170.13;-17013.00;200.00;SIM;NAO;ERRO_BUY_market closed;0
20260720190121876918;2026.07.21 01:04:38;COMPRA;28776.00;28605.87;-170.13;-17013.00;200.00;SIM;NAO;ERRO_BUY_market closed;0
20260720190121876918;2026.07.21 01:04:38;COMPRA;28776.00;28605.87;-170.13;-17013.00;200.00;SIM;NAO;ERRO_BUY_market closed;0
20260720190121876918;2026.07.21 01:04:39;COMPRA;28776.00;28605.87;-170.13;-17013.00;200.00;SIM;NAO;ERRO_BUY_market closed;0
20260720190121876918;2026.07.21 01:04:39;COMPRA;28776.00;28605.87;-170.13;-17013.00;200.00;SIM;NAO;ERRO_BUY_market closed;0
20260720190121876918;2026.07.21 01:04:40;COMPRA;28776.00;28605.87;-170.13;-17013.00;200.00;SIM;NAO;ERRO_BUY_market closed;0
20260720190121876918;2026.07.21 01:04:40;COMPRA;28776.00;28605.87;-170.13;-17013.00;200.00;SIM;NAO;ERRO_BUY_market closed;0
20260720190121876918;2026.07.21 01:04:41;COMPRA;28776.00;28605.87;-170.13;-17013.00;200.00;SIM;NAO;ERRO_BUY_market closed;0
20260720190121876918;2026.07.21 01:04:41;COMPRA;28776.00;28605.87;-170.13;-17013.00;200.00;SIM;NAO;ERRO_BUY_market closed;0
20260720190121876918;2026.07.21 01:04:42;COMPRA;28776.00;28605.87;-170.13;-17013.00;200.00;SIM;NAO;ERRO_BUY_market closed;0
20260720190121876918;2026.07.21 01:04:42;COMPRA;28776.00;28605.87;-170.13;-17013.00;200.00;SIM;NAO;ERRO_BUY_market closed;0
20260720190121876918;2026.07.21 01:04:43;COMPRA;28776.00;28605.87;-170.13;-17013.00;200.00;SIM;NAO;ERRO_BUY_market closed;0
20260720190121876918;2026.07.21 01:04:43;COMPRA;28776.00;28605.87;-170.13;-17013.00;200.00;SIM;NAO;ERRO_BUY_market closed;0
20260720190121876918;2026.07.21 01:04:44;COMPRA;28776.00;28605.87;-170.13;-17013.00;200.00;SIM;NAO;ERRO_BUY_market closed;0
20260720190121876918;2026.07.21 01:04:44;COMPRA;28776.00;28605.87;-170.13;-17013.00;200.00;SIM;NAO;ERRO_BUY_market closed;0
20260720190121876918;2026.07.21 01:04:45;COMPRA;28776.00;28605.87;-170.13;-17013.00;200.00;SIM;NAO;ERRO_BUY_market closed;0
20260720190121876918;2026.07.21 01:04:45;COMPRA;28776.00;28605.87;-170.13;-17013.00;200.00;SIM;NAO;ERRO_BUY_market closed;0
20260720190121876918;2026.07.21 01:04:46;COMPRA;28776.00;28605.87;-170.13;-17013.00;200.00;SIM;NAO;ERRO_BUY_market closed;0
20260720190121876918;2026.07.21 01:04:46;COMPRA;28776.00;28605.87;-170.13;-17013.00;200.00;SIM;NAO;ERRO_BUY_market closed;0
20260720190121876918;2026.07.21 01:04:47;COMPRA;28776.00;28605.87;-170.13;-17013.00;200.00;SIM;NAO;ERRO_BUY_market closed;0
20260720190121876918;2026.07.21 01:04:47;COMPRA;28776.00;28605.87;-170.13;-17013.00;200.00;SIM;NAO;ERRO_BUY_market closed;0
20260720190121876918;2026.07.21 01:04:48;COMPRA;28776.00;28605.87;-170.13;-17013.00;200.00;SIM;NAO;ERRO_BUY_market closed;0
20260720190121876918;2026.07.21 01:04:48;COMPRA;28776.00;28605.87;-170.13;-17013.00;200.00;SIM;NAO;ERRO_BUY_market closed;0
20260720190121876918;2026.07.21 01:04:49;COMPRA;28776.00;28605.87;-170.13;-17013.00;200.00;SIM;NAO;ERRO_BUY_market closed;0
20260720190121876918;2026.07.21 01:04:49;COMPRA;28776.00;28605.87;-170.13;-17013.00;200.00;SIM;NAO;ERRO_BUY_market closed;0
20260720190121876918;2026.07.21 01:04:50;COMPRA;28776.00;28605.87;-170.13;-17013.00;200.00;SIM;NAO;ERRO_BUY_market closed;0
20260720190121876918;2026.07.21 01:04:50;COMPRA;28776.00;28605.87;-170.13;-17013.00;200.00;SIM;NAO;ERRO_BUY_market closed;0
20260720190121876918;2026.07.21 01:04:51;COMPRA;28776.00;28605.87;-170.13;-17013.00;200.00;SIM;NAO;ERRO_BUY_market closed;0
20260720190121876918;2026.07.21 01:04:51;COMPRA;28776.00;28605.87;-170.13;-17013.00;200.00;SIM;NAO;ERRO_BUY_market closed;0
20260720190121876918;2026.07.21 01:04:52;COMPRA;28776.00;28605.87;-170.13;-17013.00;200.00;SIM;NAO;ERRO_BUY_market closed;0
20260720190121876918;2026.07.21 01:04:52;COMPRA;28776.00;28605.87;-170.13;-17013.00;200.00;SIM;NAO;ERRO_BUY_market closed;0
20260720190121876918;2026.07.21 01:04:53;COMPRA;28776.00;28605.87;-170.13;-17013.00;200.00;SIM;NAO;ERRO_BUY_market closed;0
20260720190121876918;2026.07.21 01:04:53;COMPRA;28776.00;28605.87;-170.13;-17013.00;200.00;SIM;NAO;ERRO_BUY_market closed;0
20260720190121876918;2026.07.21 01:04:54;COMPRA;28776.00;28605.87;-170.13;-17013.00;200.00;SIM;NAO;ERRO_BUY_market closed;0
20260720190121876918;2026.07.21 01:04:54;COMPRA;28776.00;28605.87;-170.13;-17013.00;200.00;SIM;NAO;ERRO_BUY_market closed;0
20260720190121876918;2026.07.21 01:04:55;COMPRA;28776.00;28605.87;-170.13;-17013.00;200.00;SIM;NAO;ERRO_BUY_market closed;0
20260720190121876918;2026.07.21 01:04:55;COMPRA;28776.00;28605.87;-170.13;-17013.00;200.00;SIM;NAO;ERRO_BUY_market closed;0
20260720190121876918;2026.07.21 01:04:56;COMPRA;28776.00;28605.87;-170.13;-17013.00;200.00;SIM;NAO;ERRO_BUY_market closed;0
20260720190121876918;2026.07.21 01:04:56;COMPRA;28776.00;28605.87;-170.13;-17013.00;200.00;SIM;NAO;ERRO_BUY_market closed;0
20260720190121876918;2026.07.21 01:04:57;COMPRA;28776.00;28605.87;-170.13;-17013.00;200.00;SIM;NAO;ERRO_BUY_market closed;0
20260720190121876918;2026.07.21 01:04:57;COMPRA;28776.00;28605.87;-170.13;-17013.00;200.00;SIM;NAO;ERRO_BUY_market closed;0
20260720190121876918;2026.07.21 01:04:58;COMPRA;28776.00;28605.87;-170.13;-17013.00;200.00;SIM;NAO;ERRO_BUY_market closed;0
20260720190121876918;2026.07.21 01:04:58;COMPRA;28776.00;28605.87;-170.13;-17013.00;200.00;SIM;NAO;ERRO_BUY_market closed;0
20260720190121876918;2026.07.21 01:04:59;COMPRA;28776.00;28605.87;-170.13;-17013.00;200.00;SIM;NAO;ERRO_BUY_market closed;0
20260720190121876918;2026.07.21 01:04:59;COMPRA;28776.00;28605.87;-170.13;-17013.00;200.00;SIM;NAO;ERRO_BUY_market closed;0
20260720190121876918;2026.07.21 01:05:00;COMPRA;28776.00;28560.77;-215.23;-21523.00;200.00;SIM;SIM;COMPRA_EXECUTADA;500087309
20260720193221167404;2026.07.21 01:34:20;VENDA;28725.25;28528.24;-197.01;-19701.00;200.00;SIM;SIM;VENDA_EXECUTADA;500097475
20260720194748415595;2026.07.21 01:47:48;VENDA;28715.50;28541.84;-173.66;-17366.00;200.00;SIM;SIM;VENDA_EXECUTADA;500104053
20260720201157566351;2026.07.21 02:11:58;VENDA;28772.00;28597.43;-174.57;-17457.00;200.00;SIM;SIM;VENDA_EXECUTADA;500116868
20260720201844525946;2026.07.21 02:18:46;COMPRA;28778.50;28610.28;-168.22;-16822.00;200.00;SIM;SIM;COMPRA_EXECUTADA;500120407
20260720202202796490;2026.07.21 02:22:03;VENDA;28801.50;28628.63;-172.87;-17287.00;200.00;SIM;SIM;VENDA_EXECUTADA;500122378
20260720205618194253;2026.07.21 02:56:19;COMPRA;28794.25;28623.28;-170.97;-17097.00;200.00;SIM;SIM;COMPRA_EXECUTADA;500134394
20260720210224223452;2026.07.21 03:02:25;VENDA;28725.50;28554.43;-171.07;-17107.00;200.00;SIM;SIM;VENDA_EXECUTADA;500140234
20260720211425191296;2026.07.21 03:14:26;VENDA;28751.00;28567.33;-183.67;-18367.00;200.00;SIM;SIM;VENDA_EXECUTADA;500148510
20260720212019930716;2026.07.21 03:20:21;COMPRA;28805.75;28630.78;-174.97;-17497.00;200.00;SIM;SIM;COMPRA_EXECUTADA;500152790
20260720213310646979;2026.07.21 03:33:12;COMPRA;28854.50;28691.28;-163.22;-16322.00;200.00;SIM;SIM;COMPRA_EXECUTADA;500160432
20260720213953743978;2026.07.21 03:43:21;COMPRA;28866.75;28692.88;-173.87;-17387.00;200.00;SIM;SIM;COMPRA_EXECUTADA;500168049
20260720214600333453;2026.07.21 03:48:07;VENDA;28865.00;28709.73;-155.27;-15527.00;200.00;SIM;SIM;VENDA_EXECUTADA;500170311
20260720215133303684;2026.07.21 03:57:08;VENDA;28885.00;28691.73;-193.27;-19327.00;200.00;SIM;SIM;VENDA_EXECUTADA;500175480
20260720215926798796;2026.07.21 04:01:27;VENDA;28860.75;28673.53;-187.22;-18722.00;200.00;SIM;SIM;VENDA_EXECUTADA;500179759
20260720220833326219;2026.07.21 04:08:34;COMPRA;28899.00;28732.98;-166.02;-16602.00;200.00;SIM;SIM;COMPRA_EXECUTADA;500186130
20260720221805164610;2026.07.21 04:18:38;VENDA;28887.75;28703.93;-183.82;-18382.00;200.00;SIM;SIM;VENDA_EXECUTADA;500192828
20260720222015111203;2026.07.21 04:20:16;COMPRA;28905.75;28718.88;-186.87;-18687.00;200.00;SIM;SIM;COMPRA_EXECUTADA;500196147
20260720223922353600;2026.07.21 04:39:23;VENDA;28899.75;28728.53;-171.22;-17122.00;200.00;SIM;SIM;VENDA_EXECUTADA;500206173
20260720224045204402;2026.07.21 04:40:46;COMPRA;28890.00;28722.38;-167.62;-16762.00;200.00;SIM;SIM;COMPRA_EXECUTADA;500207317
20260720225643231436;2026.07.21 04:56:44;VENDA;28882.00;28703.73;-178.27;-17827.00;200.00;SIM;SIM;VENDA_EXECUTADA;500213299
20260720232116430632;2026.07.21 05:21:17;COMPRA;28872.75;28703.78;-168.97;-16897.00;200.00;SIM;SIM;COMPRA_EXECUTADA;500223294
20260720232414354397;2026.07.21 05:24:15;COMPRA;28906.50;28734.88;-171.62;-17162.00;200.00;SIM;SIM;COMPRA_EXECUTADA;500225088
20260720235443496054;2026.07.21 05:54:44;COMPRA;28939.25;28764.98;-174.27;-17427.00;200.00;SIM;SIM;COMPRA_EXECUTADA;500246561
20260721000204097244;2026.07.21 06:02:05;COMPRA;28965.50;28796.28;-169.22;-16922.00;200.00;SIM;SIM;COMPRA_EXECUTADA;500251923
20260721003207578924;2026.07.21 06:32:09;COMPRA;29004.25;28831.68;-172.57;-17257.00;200.00;SIM;SIM;COMPRA_EXECUTADA;500269594
20260721003700699170;2026.07.21 06:37:02;VENDA;29025.50;28851.83;-173.67;-17367.00;200.00;SIM;SIM;VENDA_EXECUTADA;500271858
20260721004851355311;2026.07.21 06:48:52;VENDA;29058.00;28887.83;-170.17;-17017.00;200.00;SIM;SIM;VENDA_EXECUTADA;500277316
20260721011953703727;2026.07.21 07:19:55;VENDA;29062.00;28886.73;-175.27;-17527.00;200.00;SIM;SIM;VENDA_EXECUTADA;500290981
20260721015838798563;2026.07.21 08:10:57;COMPRA;29060.00;28870.58;-189.42;-18942.00;200.00;SIM;SIM;COMPRA_EXECUTADA;500307517
20260721021754713900;2026.07.21 08:27:37;COMPRA;29026.00;28890.88;-135.12;-13512.00;200.00;SIM;SIM;COMPRA_EXECUTADA;500320170
20260721022832226099;2026.07.21 08:41:45;COMPRA;29070.00;28908.38;-161.62;-16162.00;200.00;SIM;SIM;COMPRA_EXECUTADA;500335037
20260721024556017598;2026.07.21 08:51:25;VENDA;29075.00;28924.53;-150.47;-15047.00;200.00;SIM;SIM;VENDA_EXECUTADA;500344712
20260721031329883094;2026.07.21 09:13:31;COMPRA;29129.50;28956.88;-172.62;-17262.00;200.00;SIM;SIM;COMPRA_EXECUTADA;500360893
20260721033746243009;2026.07.21 09:37:47;VENDA;29135.25;28963.83;-171.42;-17142.00;200.00;SIM;SIM;VENDA_EXECUTADA;500379803
20260721041953308954;2026.07.21 10:19:54;COMPRA;29125.75;28953.68;-172.07;-17207.00;200.00;SIM;SIM;COMPRA_EXECUTADA;500413886
20260721042728960684;2026.07.21 10:27:30;COMPRA;29096.50;28924.98;-171.52;-17152.00;200.00;SIM;SIM;COMPRA_EXECUTADA;500419641
20260721043134912355;2026.07.21 10:31:36;COMPRA;29094.25;28923.68;-170.57;-17057.00;200.00;SIM;SIM;COMPRA_EXECUTADA;500422810
20260721043527494264;2026.07.21 10:35:28;COMPRA;29123.50;28947.58;-175.92;-17592.00;200.00;SIM;SIM;COMPRA_EXECUTADA;500426248
20260721050102650799;2026.07.21 11:01:04;COMPRA;29125.00;28956.18;-168.82;-16882.00;200.00;SIM;SIM;COMPRA_EXECUTADA;500442468
20260721052527923300;2026.07.21 11:25:29;COMPRA;29165.25;28991.58;-173.67;-17367.00;200.00;SIM;SIM;COMPRA_EXECUTADA;500461236
20260721061716372610;2026.07.21 12:17:17;VENDA;29181.00;29009.43;-171.57;-17157.00;200.00;SIM;SIM;VENDA_EXECUTADA;500492674
20260721063225447867;2026.07.21 12:32:26;COMPRA;29171.50;28998.98;-172.52;-17252.00;200.00;SIM;SIM;COMPRA_EXECUTADA;500504232
20260721070236198504;2026.07.21 13:02:37;COMPRA;29175.00;29006.68;-168.32;-16832.00;200.00;SIM;SIM;COMPRA_EXECUTADA;500524094
20260721071631964519;2026.07.21 13:16:33;COMPRA;29176.00;29002.08;-173.92;-17392.00;200.00;SIM;SIM;COMPRA_EXECUTADA;500535566
20260721074628646382;2026.07.21 13:46:30;VENDA;29156.25;28987.93;-168.32;-16832.00;200.00;SIM;SIM;VENDA_EXECUTADA;500552700
20260721081244553427;2026.07.21 14:12:46;COMPRA;29150.50;28981.58;-168.92;-16892.00;200.00;SIM;SIM;COMPRA_EXECUTADA;500579027
20260721082039957786;2026.07.21 14:20:41;VENDA;29127.25;28953.13;-174.12;-17412.00;200.00;SIM;SIM;VENDA_EXECUTADA;500583357
20260721083839723758;2026.07.21 14:38:41;COMPRA;29169.00;28991.78;-177.22;-17722.00;200.00;SIM;SIM;COMPRA_EXECUTADA;500592181
20260721091435320628;2026.07.21 15:14:36;VENDA;29185.00;29006.73;-178.27;-17827.00;200.00;SIM;SIM;VENDA_EXECUTADA;500617781
20260721092427806240;2026.07.21 15:24:29;COMPRA;29152.75;28980.08;-172.67;-17267.00;200.00;SIM;SIM;COMPRA_EXECUTADA;500627296
20260721094348272052;2026.07.21 15:43:49;COMPRA;29135.50;28945.98;-189.52;-18952.00;200.00;SIM;SIM;COMPRA_EXECUTADA;500649679
20260721095036663179;2026.07.21 15:50:37;COMPRA;29174.75;28998.48;-176.27;-17627.00;200.00;SIM;SIM;COMPRA_EXECUTADA;500659057
20260721102127680885;2026.07.21 16:21:29;COMPRA;29174.75;29007.38;-167.37;-16737.00;200.00;SIM;SIM;COMPRA_EXECUTADA;500688712
20260721102713087609;2026.07.21 16:27:14;VENDA;29191.00;29016.53;-174.47;-17447.00;200.00;SIM;SIM;VENDA_EXECUTADA;500696120
20260721103110601107;2026.07.21 16:31:12;VENDA;29189.00;29014.83;-174.17;-17417.00;200.00;SIM;SIM;VENDA_EXECUTADA;500704478
20260721103303390990;2026.07.21 16:33:04;COMPRA;29168.75;29000.28;-168.47;-16847.00;200.00;SIM;SIM;COMPRA_EXECUTADA;500712032
20260721103839589210;2026.07.21 16:38:41;COMPRA;29191.50;29016.38;-175.12;-17512.00;200.00;SIM;SIM;COMPRA_EXECUTADA;500727393
20260721104020188658;2026.07.21 16:40:21;VENDA;29173.25;28995.23;-178.02;-17802.00;200.00;SIM;SIM;VENDA_EXECUTADA;500730407
20260721104316521098;2026.07.21 16:43:18;COMPRA;29158.50;28994.48;-164.02;-16402.00;200.00;SIM;SIM;COMPRA_EXECUTADA;500738377
20260721104626740377;2026.07.21 16:46:28;VENDA;29120.50;28954.03;-166.47;-16647.00;200.00;SIM;SIM;VENDA_EXECUTADA;500747327
20260721105053111058;2026.07.21 16:50:54;VENDA;29147.75;28984.03;-163.72;-16372.00;200.00;SIM;SIM;VENDA_EXECUTADA;500757314
20260721105248160850;2026.07.21 16:52:49;COMPRA;29158.25;28985.28;-172.97;-17297.00;200.00;SIM;SIM;COMPRA_EXECUTADA;500761054
20260721105936884413;2026.07.21 16:59:38;COMPRA;29134.75;28974.98;-159.77;-15977.00;200.00;SIM;SIM;COMPRA_EXECUTADA;500772381
20260721110028356256;2026.07.21 17:00:29;COMPRA;29162.25;29013.18;-149.07;-14907.00;200.00;SIM;SIM;COMPRA_EXECUTADA;500775458
20260721110314967120;2026.07.21 17:03:16;VENDA;29121.00;28940.03;-180.97;-18097.00;200.00;SIM;SIM;VENDA_EXECUTADA;500780077
20260721110534832053;2026.07.21 17:05:36;VENDA;29087.50;28912.83;-174.67;-17467.00;200.00;SIM;SIM;VENDA_EXECUTADA;500784909
20260721110820506939;2026.07.21 17:08:21;VENDA;29093.25;28918.93;-174.32;-17432.00;200.00;SIM;SIM;VENDA_EXECUTADA;500791423
20260721111415931365;2026.07.21 17:14:17;COMPRA;29125.00;28954.38;-170.62;-17062.00;200.00;SIM;SIM;COMPRA_EXECUTADA;500805438
20260721112434555926;2026.07.21 17:24:36;VENDA;29138.25;28980.43;-157.82;-15782.00;200.00;SIM;SIM;VENDA_EXECUTADA;500824165
20260721112858688895;2026.07.21 17:29:00;VENDA;29197.75;29026.23;-171.52;-17152.00;200.00;SIM;SIM;VENDA_EXECUTADA;500831369
20260721113231113607;2026.07.21 17:32:32;VENDA;29216.00;29043.83;-172.17;-17217.00;200.00;SIM;SIM;VENDA_EXECUTADA;500840917
20260721114112999737;2026.07.21 17:41:14;VENDA;29192.75;29014.93;-177.82;-17782.00;200.00;SIM;SIM;VENDA_EXECUTADA;500853394
20260721114316614099;2026.07.21 17:43:18;COMPRA;29198.75;29032.98;-165.77;-16577.00;200.00;SIM;SIM;COMPRA_EXECUTADA;500855579
20260721115307030351;2026.07.21 17:53:08;VENDA;29218.25;29047.58;-170.67;-17067.00;200.00;SIM;SIM;VENDA_EXECUTADA;500867850
20260721120358191127;2026.07.21 18:03:59;COMPRA;29202.50;29031.78;-170.72;-17072.00;200.00;SIM;SIM;COMPRA_EXECUTADA;500878110
20260721121306187432;2026.07.21 18:13:07;COMPRA;29292.25;29122.63;-169.62;-16962.00;200.00;SIM;SIM;COMPRA_EXECUTADA;500889545
20260721122852471353;2026.07.21 18:28:53;VENDA;29311.00;29136.43;-174.57;-17457.00;200.00;SIM;SIM;VENDA_EXECUTADA;500906420
20260721123206436630;2026.07.21 18:32:07;VENDA;29290.25;29117.43;-172.82;-17282.00;200.00;SIM;SIM;VENDA_EXECUTADA;500908780
20260721124010156209;2026.07.21 18:40:11;VENDA;29276.75;29103.08;-173.67;-17367.00;200.00;SIM;SIM;VENDA_EXECUTADA;500919364
20260721124925941452;2026.07.21 18:49:27;COMPRA;29289.50;29117.48;-172.02;-17202.00;200.00;SIM;SIM;COMPRA_EXECUTADA;500928257
20260721130103402253;2026.07.21 19:01:04;COMPRA;29275.25;29102.88;-172.37;-17237.00;200.00;SIM;SIM;COMPRA_EXECUTADA;500936748
20260721131534754431;2026.07.21 19:15:36;COMPRA;29310.25;29141.28;-168.97;-16897.00;200.00;SIM;SIM;COMPRA_EXECUTADA;500945092
20260721132441270428;2026.07.21 19:24:42;VENDA;29327.00;29153.83;-173.17;-17317.00;200.00;SIM;SIM;VENDA_EXECUTADA;500951094
20260721133157279452;2026.07.21 19:31:58;VENDA;29307.75;29134.43;-173.32;-17332.00;200.00;SIM;SIM;VENDA_EXECUTADA;500957864
20260721135709426372;2026.07.21 19:57:10;VENDA;29339.00;29172.53;-166.47;-16647.00;200.00;SIM;SIM;VENDA_EXECUTADA;500974395
20260721142822018579;2026.07.21 20:28:23;VENDA;29324.25;29153.23;-171.02;-17102.00;200.00;SIM;SIM;VENDA_EXECUTADA;500992115
20260721145113073208;2026.07.21 20:51:14;VENDA;29358.50;29188.13;-170.37;-17037.00;200.00;SIM;SIM;VENDA_EXECUTADA;501005815
20260721150030809521;2026.07.21 21:00:32;COMPRA;29354.50;29177.08;-177.42;-17742.00;200.00;SIM;SIM;COMPRA_EXECUTADA;501009685
20260721153223190218;2026.07.21 21:32:24;VENDA;29311.50;29140.73;-170.77;-17077.00;200.00;SIM;SIM;VENDA_EXECUTADA;501038067
20260721154624201164;2026.07.21 21:46:25;VENDA;29350.75;29177.13;-173.62;-17362.00;200.00;SIM;SIM;VENDA_EXECUTADA;501046558
20260721155358056173;2026.07.21 21:53:59;VENDA;29327.50;29157.23;-170.27;-17027.00;200.00;SIM;SIM;VENDA_EXECUTADA;501050290
20260721160538036794;2026.07.21 22:05:39;COMPRA;29322.50;29150.98;-171.52;-17152.00;200.00;SIM;SIM;COMPRA_EXECUTADA;501056347
20260721164719076405;2026.07.21 22:47:20;VENDA;29331.75;29157.53;-174.22;-17422.00;200.00;SIM;SIM;VENDA_EXECUTADA;501073755
20260721170554807135;2026.07.21 23:05:56;COMPRA;29297.50;29131.47;-166.03;-16603.00;200.00;SIM;SIM;COMPRA_EXECUTADA;501081429
20260721190755890381;2026.07.22 01:25:04;COMPRA;29289.00;29103.57;-185.43;-18543.00;200.00;SIM;SIM;COMPRA_EXECUTADA;501109279
20260721194526318467;2026.07.22 02:18:50;VENDA;29260.00;29122.13;-137.87;-13787.00;200.00;SIM;SIM;VENDA_EXECUTADA;501124001
20260721202003986463;2026.07.22 02:41:59;COMPRA;29301.75;29108.08;-193.67;-19367.00;200.00;SIM;SIM;COMPRA_EXECUTADA;501128970
20260721205317976297;2026.07.22 02:53:19;VENDA;29273.50;29105.03;-168.47;-16847.00;200.00;SIM;SIM;VENDA_EXECUTADA;501132917
20260721210217072599;2026.07.22 03:02:18;COMPRA;29313.25;29143.38;-169.87;-16987.00;200.00;SIM;SIM;COMPRA_EXECUTADA;501137172
20260721210936611204;2026.07.22 03:09:38;COMPRA;29326.25;29161.88;-164.37;-16437.00;200.00;SIM;SIM;COMPRA_EXECUTADA;501144790
20260721212737194560;2026.07.22 03:27:38;VENDA;29290.50;29123.73;-166.77;-16677.00;200.00;SIM;SIM;VENDA_EXECUTADA;501157751
20260721214339265035;2026.07.22 03:43:40;VENDA;29286.00;29115.53;-170.47;-17047.00;200.00;SIM;SIM;VENDA_EXECUTADA;501168458
20260721214758967076;2026.07.22 03:48:00;VENDA;29263.00;29096.53;-166.47;-16647.00;200.00;SIM;SIM;VENDA_EXECUTADA;501170444
20260721220307836625;2026.07.22 04:03:09;COMPRA;29244.75;29078.68;-166.07;-16607.00;200.00;SIM;SIM;COMPRA_EXECUTADA;501182318
20260721221623682947;2026.07.22 04:16:25;COMPRA;29268.00;29095.18;-172.82;-17282.00;200.00;SIM;SIM;COMPRA_EXECUTADA;501195736
20260721224259547982;2026.07.22 04:43:01;VENDA;29241.25;29070.93;-170.32;-17032.00;200.00;SIM;SIM;VENDA_EXECUTADA;501208961
20260721224832206188;2026.07.22 04:48:33;COMPRA;29284.25;29113.08;-171.17;-17117.00;200.00;SIM;SIM;COMPRA_EXECUTADA;501211645
20260721230133609759;2026.07.22 05:01:35;VENDA;29255.50;29077.73;-177.77;-17777.00;200.00;SIM;SIM;VENDA_EXECUTADA;501217661
20260721231315120299;2026.07.22 05:28:26;COMPRA;29262.00;29107.98;-154.02;-15402.00;200.00;SIM;SIM;COMPRA_EXECUTADA;501228353
20260721234100245555;2026.07.22 05:41:01;COMPRA;29256.50;29090.58;-165.92;-16592.00;200.00;SIM;SIM;COMPRA_EXECUTADA;501235340
20260722001116088719;2026.07.22 06:11:17;VENDA;29214.75;29045.33;-169.42;-16942.00;200.00;SIM;SIM;VENDA_EXECUTADA;501248991
20260722002616792448;2026.07.22 06:26:18;COMPRA;29257.25;29087.28;-169.97;-16997.00;200.00;SIM;SIM;COMPRA_EXECUTADA;501255100
20260722003450139740;2026.07.22 06:34:51;COMPRA;29226.50;29058.58;-167.92;-16792.00;200.00;SIM;SIM;COMPRA_EXECUTADA;501258546
20260722012354080287;2026.07.22 07:23:55;COMPRA;29236.00;29065.78;-170.22;-17022.00;200.00;SIM;SIM;COMPRA_EXECUTADA;501274832
20260722022049081915;2026.07.22 08:20:50;VENDA;29174.25;29003.53;-170.72;-17072.00;200.00;SIM;SIM;VENDA_EXECUTADA;501292920
20260722023714477479;2026.07.22 08:37:15;VENDA;29156.50;28988.63;-167.87;-16787.00;200.00;SIM;SIM;VENDA_EXECUTADA;501301357
20260722025139613851;2026.07.22 08:51:41;COMPRA;29174.75;29003.78;-170.97;-17097.00;200.00;SIM;SIM;COMPRA_EXECUTADA;501308697
20260722031404070452;2026.07.22 09:14:05;VENDA;29126.50;28958.53;-167.97;-16797.00;200.00;SIM;SIM;VENDA_EXECUTADA;501320876
20260722031832834238;2026.07.22 09:18:34;VENDA;29096.25;28927.83;-168.42;-16842.00;200.00;SIM;SIM;VENDA_EXECUTADA;501323404
20260722032414195005;2026.07.22 09:24:15;VENDA;29063.00;28895.53;-167.47;-16747.00;200.00;SIM;SIM;VENDA_EXECUTADA;501329704
20260722034519137125;2026.07.22 09:45:20;VENDA;29091.25;28920.23;-171.02;-17102.00;200.00;SIM;SIM;VENDA_EXECUTADA;501348972
20260722035111600313;2026.07.22 09:51:13;COMPRA;29078.75;28912.38;-166.37;-16637.00;200.00;SIM;SIM;COMPRA_EXECUTADA;501352249
20260722040105699029;2026.07.22 10:01:07;COMPRA;29102.00;28926.08;-175.92;-17592.00;200.00;SIM;SIM;COMPRA_EXECUTADA;501358923
20260722041910298992;2026.07.22 10:19:11;COMPRA;29113.50;28939.08;-174.42;-17442.00;200.00;SIM;SIM;COMPRA_EXECUTADA;501373424
20260722042627789074;2026.07.22 10:30:13;COMPRA;29097.25;28937.08;-160.17;-16017.00;200.00;SIM;SIM;COMPRA_EXECUTADA;501383939
20260722043055285466;2026.07.22 10:31:09;VENDA;29092.00;28904.43;-187.57;-18757.00;200.00;SIM;SIM;VENDA_EXECUTADA;501385598
20260722043511274816;2026.07.22 10:38:21;VENDA;29071.25;28903.23;-168.02;-16802.00;200.00;SIM;SIM;VENDA_EXECUTADA;501391741
20260722044028704662;2026.07.22 10:40:30;VENDA;29047.00;28877.33;-169.67;-16967.00;200.00;SIM;SIM;VENDA_EXECUTADA;501394178
20260722044432079762;2026.07.22 10:44:33;COMPRA;29062.75;28895.08;-167.67;-16767.00;200.00;SIM;SIM;COMPRA_EXECUTADA;501399891
20260722045024666964;2026.07.22 10:50:26;VENDA;29043.25;28874.63;-168.62;-16862.00;200.00;SIM;SIM;VENDA_EXECUTADA;501406194
20260722050818822423;2026.07.22 11:08:20;COMPRA;29090.50;28925.58;-164.92;-16492.00;200.00;SIM;SIM;COMPRA_EXECUTADA;501422941
20260722051234779209;2026.07.22 11:12:36;VENDA;29065.75;28895.73;-170.02;-17002.00;200.00;SIM;SIM;VENDA_EXECUTADA;501426299
20260722052941935135;2026.07.22 11:29:43;COMPRA;29099.00;28931.18;-167.82;-16782.00;200.00;SIM;SIM;COMPRA_EXECUTADA;501439434
20260722054536976485;2026.07.22 11:45:38;COMPRA;29096.00;28929.78;-166.22;-16622.00;200.00;SIM;SIM;COMPRA_EXECUTADA;501450707
20260722055917691705;2026.07.22 11:59:19;VENDA;29110.50;28941.83;-168.67;-16867.00;200.00;SIM;SIM;VENDA_EXECUTADA;501459500
20260722061224731143;2026.07.22 12:12:26;VENDA;29135.50;28972.13;-163.37;-16337.00;200.00;SIM;SIM;VENDA_EXECUTADA;501470178
20260722063319508540;2026.07.22 12:33:21;VENDA;29105.50;28939.83;-165.67;-16567.00;200.00;SIM;SIM;VENDA_EXECUTADA;501482571
20260722070316964203;2026.07.22 13:03:18;COMPRA;29155.50;28981.78;-173.72;-17372.00;200.00;SIM;SIM;COMPRA_EXECUTADA;501506329
20260722071600092327;2026.07.22 13:16:01;COMPRA;29129.25;28961.08;-168.17;-16817.00;200.00;SIM;SIM;COMPRA_EXECUTADA;501514255
20260722072451015608;2026.07.22 13:24:52;COMPRA;29159.25;28997.48;-161.77;-16177.00;200.00;SIM;SIM;COMPRA_EXECUTADA;501521153
20260722080508307879;2026.07.22 14:05:09;VENDA;29136.00;28967.93;-168.07;-16807.00;200.00;SIM;SIM;VENDA_EXECUTADA;501542050
20260722081703900700;2026.07.22 14:17:05;COMPRA;29121.75;28952.88;-168.87;-16887.00;200.00;SIM;SIM;COMPRA_EXECUTADA;501550100
20260722082618974311;2026.07.22 14:26:20;VENDA;29110.00;28941.93;-168.07;-16807.00;200.00;SIM;SIM;VENDA_EXECUTADA;501558627
20260722083735780929;2026.07.22 14:37:37;VENDA;29096.75;28919.23;-177.52;-17752.00;200.00;SIM;SIM;VENDA_EXECUTADA;501566167
20260722084447370745;2026.07.22 14:44:48;COMPRA;29043.00;28881.98;-161.02;-16102.00;200.00;SIM;SIM;COMPRA_EXECUTADA;501575542
20260722085057935092;2026.07.22 14:50:59;VENDA;29063.25;28890.93;-172.32;-17232.00;200.00;SIM;SIM;VENDA_EXECUTADA;501581309
20260722090023731918;2026.07.22 15:00:25;COMPRA;29064.25;28900.08;-164.17;-16417.00;200.00;SIM;SIM;COMPRA_EXECUTADA;501589484
20260722090825184733;2026.07.22 15:08:27;COMPRA;29033.00;28866.48;-166.52;-16652.00;200.00;SIM;SIM;COMPRA_EXECUTADA;501598768
20260722091549871173;2026.07.22 15:16:06;VENDA;29039.25;28866.43;-172.82;-17282.00;200.00;SIM;SIM;VENDA_EXECUTADA;501604000
20260722092109918593;2026.07.22 15:21:22;COMPRA;29030.25;28848.18;-182.07;-18207.00;200.00;SIM;SIM;COMPRA_EXECUTADA;501610093
20260722093342257898;2026.07.22 15:33:43;COMPRA;29057.25;28889.48;-167.77;-16777.00;200.00;SIM;SIM;COMPRA_EXECUTADA;501628392
20260722100914797810;2026.07.22 16:09:16;COMPRA;29052.75;28891.08;-161.67;-16167.00;200.00;SIM;SIM;COMPRA_EXECUTADA;501677336
20260722103257582260;2026.07.22 16:32:59;COMPRA;29146.25;28979.78;-166.47;-16647.00;200.00;SIM;SIM;COMPRA_EXECUTADA;501719192
20260722103841625644;2026.07.22 16:38:43;VENDA;29126.00;28963.83;-162.17;-16217.00;200.00;SIM;SIM;VENDA_EXECUTADA;501732444
20260722104019888223;2026.07.22 16:40:21;VENDA;29144.75;28972.53;-172.22;-17222.00;200.00;SIM;SIM;VENDA_EXECUTADA;501736683
20260722104623798580;2026.07.22 16:46:25;VENDA;29199.75;29030.03;-169.72;-16972.00;200.00;SIM;SIM;VENDA_EXECUTADA;501750287
20260722105411748541;2026.07.22 16:54:13;COMPRA;29228.25;29064.58;-163.67;-16367.00;200.00;SIM;SIM;COMPRA_EXECUTADA;501765153
20260722110010941287;2026.07.22 17:00:12;COMPRA;29279.25;29101.23;-178.02;-17802.00;200.00;SIM;SIM;COMPRA_EXECUTADA;501781229
20260722110508259209;2026.07.22 17:05:10;COMPRA;29257.75;29085.58;-172.17;-17217.00;200.00;SIM;SIM;COMPRA_EXECUTADA;501793623
20260722110916883715;2026.07.22 17:09:18;COMPRA;29240.25;29069.38;-170.87;-17087.00;200.00;SIM;SIM;COMPRA_EXECUTADA;501800468
20260722111312949682;2026.07.22 17:13:14;VENDA;29233.00;29069.63;-163.37;-16337.00;200.00;SIM;SIM;VENDA_EXECUTADA;501806581
20260722111557151878;2026.07.22 17:15:59;VENDA;29203.50;29041.33;-162.17;-16217.00;200.00;SIM;SIM;VENDA_EXECUTADA;501812005
20260722112005832008;2026.07.22 17:20:07;COMPRA;29245.00;29077.48;-167.52;-16752.00;200.00;SIM;SIM;COMPRA_EXECUTADA;501818840
20260722112305112167;2026.07.22 17:23:07;VENDA;29246.75;29059.63;-187.12;-18712.00;200.00;SIM;SIM;VENDA_EXECUTADA;501823234
20260722112852758102;2026.07.22 17:28:54;VENDA;29202.25;29045.53;-156.72;-15672.00;200.00;SIM;SIM;VENDA_EXECUTADA;501831747
20260722113215850977;2026.07.22 17:32:17;COMPRA;29239.25;29074.38;-164.87;-16487.00;200.00;SIM;SIM;COMPRA_EXECUTADA;501835474
20260722113626441056;2026.07.22 17:36:28;COMPRA;29238.25;29070.38;-167.87;-16787.00;200.00;SIM;SIM;COMPRA_EXECUTADA;501840552
20260722114202031698;2026.07.22 17:42:04;VENDA;29184.25;29011.63;-172.62;-17262.00;200.00;SIM;SIM;VENDA_EXECUTADA;501846106
20260722114925717225;2026.07.22 17:49:27;VENDA;29210.25;29040.03;-170.22;-17022.00;200.00;SIM;SIM;VENDA_EXECUTADA;501853570
20260722115501763530;2026.07.22 17:55:03;VENDA;29211.75;29022.03;-189.72;-18972.00;200.00;SIM;SIM;VENDA_EXECUTADA;501858402
20260722115613902837;2026.07.22 17:57:09;COMPRA;29205.50;29051.33;-154.17;-15417.00;200.00;SIM;SIM;COMPRA_EXECUTADA;501861373
20260722115814592631;2026.07.22 17:58:16;COMPRA;29232.25;29066.33;-165.92;-16592.00;200.00;SIM;SIM;COMPRA_EXECUTADA;501863016
20260722120139121270;2026.07.22 18:01:41;VENDA;29254.00;29087.33;-166.67;-16667.00;200.00;SIM;SIM;VENDA_EXECUTADA;501867551
20260722121000922444;2026.07.22 18:10:02;VENDA;29294.00;29124.78;-169.22;-16922.00;200.00;SIM;SIM;VENDA_EXECUTADA;501876326
20260722122455497635;2026.07.22 18:24:57;VENDA;29319.75;29153.88;-165.87;-16587.00;200.00;SIM;SIM;VENDA_EXECUTADA;501895494
20260722123432791185;2026.07.22 18:34:34;VENDA;29288.50;29127.88;-160.62;-16062.00;200.00;SIM;SIM;VENDA_EXECUTADA;501905068
20260722124157554294;2026.07.22 18:41:59;VENDA;29293.25;29128.58;-164.67;-16467.00;200.00;SIM;SIM;VENDA_EXECUTADA;501912267
20260722124804694802;2026.07.22 18:48:06;COMPRA;29301.50;29130.28;-171.22;-17122.00;200.00;SIM;SIM;COMPRA_EXECUTADA;501916813
20260722125151745487;2026.07.22 18:51:53;COMPRA;29322.00;29156.08;-165.92;-16592.00;200.00;SIM;SIM;COMPRA_EXECUTADA;501922841
20260722132634327130;2026.07.22 19:40:48;VENDA;29302.00;29127.63;-174.37;-17437.00;200.00;SIM;SIM;VENDA_EXECUTADA;501967722
20260722134512085308;2026.07.22 19:47:09;COMPRA;29294.75;29112.48;-182.27;-18227.00;200.00;SIM;SIM;COMPRA_EXECUTADA;501972859
20260722140215870446;2026.07.22 20:02:17;VENDA;29314.00;29146.13;-167.87;-16787.00;200.00;SIM;SIM;VENDA_EXECUTADA;501982369
20260722142657288786;2026.07.22 20:26:59;COMPRA;29302.75;29136.58;-166.17;-16617.00;200.00;SIM;SIM;COMPRA_EXECUTADA;501999095
20260722142657288786;2026.07.22 20:30:01;COMPRA;29302.75;29137.78;-164.97;-16497.00;200.00;SIM;SIM;COMPRA_EXECUTADA;502001110
20260722143551437352;2026.07.22 20:35:53;COMPRA;29292.25;29122.98;-169.27;-16927.00;200.00;SIM;SIM;COMPRA_EXECUTADA;502004670
20260722144734285684;2026.07.22 20:47:36;VENDA;29287.50;29119.93;-167.57;-16757.00;200.00;SIM;SIM;VENDA_EXECUTADA;502015497
20260722144734285684;2026.07.22 20:53:13;VENDA;29287.50;29098.93;-188.57;-18857.00;200.00;SIM;SIM;VENDA_EXECUTADA;502019442
20260722145500833828;2026.07.22 20:55:05;VENDA;29250.75;29078.13;-172.62;-17262.00;200.00;SIM;SIM;VENDA_EXECUTADA;502021060
20260722145751712525;2026.07.22 20:57:53;VENDA;29247.00;29081.03;-165.97;-16597.00;200.00;SIM;SIM;VENDA_EXECUTADA;502023173
20260722150238261955;2026.07.22 21:02:39;VENDA;29235.00;29069.43;-165.57;-16557.00;200.00;SIM;SIM;VENDA_EXECUTADA;502027882
20260722150911479607;2026.07.22 21:09:13;VENDA;29259.00;29087.33;-171.67;-17167.00;200.00;SIM;SIM;VENDA_EXECUTADA;502032845
20260722151509407015;2026.07.22 21:15:11;VENDA;29225.75;29057.13;-168.62;-16862.00;200.00;SIM;SIM;VENDA_EXECUTADA;502036859
20260722152107668088;2026.07.22 21:21:09;COMPRA;29242.00;29083.98;-158.02;-15802.00;200.00;SIM;SIM;COMPRA_EXECUTADA;502040750
20260722152630242372;2026.07.22 21:26:31;VENDA;29227.75;29061.13;-166.62;-16662.00;200.00;SIM;SIM;VENDA_EXECUTADA;502044962
20260722152911568993;2026.07.22 21:29:13;COMPRA;29247.75;29074.78;-172.97;-17297.00;200.00;SIM;SIM;COMPRA_EXECUTADA;502046921
20260722153117630655;2026.07.22 21:31:19;VENDA;29222.00;29049.53;-172.47;-17247.00;200.00;SIM;SIM;VENDA_EXECUTADA;502049900
20260722153922689020;2026.07.22 21:39:24;VENDA;29227.25;29057.53;-169.72;-16972.00;200.00;SIM;SIM;VENDA_EXECUTADA;502056418
20260722154821516269;2026.07.22 21:48:23;COMPRA;29248.50;29081.38;-167.12;-16712.00;200.00;SIM;SIM;COMPRA_EXECUTADA;502061521
20260722155328255433;2026.07.22 21:53:29;COMPRA;29235.00;29068.08;-166.92;-16692.00;200.00;SIM;SIM;COMPRA_EXECUTADA;502063517
20260722155726825369;2026.07.22 21:57:28;COMPRA;29250.75;29080.28;-170.47;-17047.00;200.00;SIM;SIM;COMPRA_EXECUTADA;502065131
20260722160547479345;2026.07.22 22:05:49;COMPRA;29254.25;29085.08;-169.17;-16917.00;200.00;SIM;SIM;COMPRA_EXECUTADA;502070183
20260722161959530296;2026.07.22 22:20:01;VENDA;29240.00;29072.03;-167.97;-16797.00;200.00;SIM;SIM;VENDA_EXECUTADA;502077929
20260722163805330258;2026.07.22 22:38:07;VENDA;29213.50;29043.83;-169.67;-16967.00;200.00;SIM;SIM;VENDA_EXECUTADA;502089905
20260722164749133400;2026.07.22 22:47:50;COMPRA;29215.75;29050.88;-164.87;-16487.00;200.00;SIM;SIM;COMPRA_EXECUTADA;502094907
20260722170004707570;2026.07.22 23:00:06;VENDA;29172.00;29015.54;-156.46;-15646.00;200.00;SIM;SIM;VENDA_EXECUTADA;502105565
20260722170204284571;2026.07.22 23:02:06;VENDA;29164.50;29044.74;-119.76;-11976.00;200.00;SIM;SIM;VENDA_EXECUTADA;502108495
20260722170716911891;2026.07.22 23:07:18;COMPRA;29150.50;28976.97;-173.53;-17353.00;200.00;SIM;SIM;COMPRA_EXECUTADA;502113991
20260722171210392864;2026.07.22 23:12:12;COMPRA;29178.00;29013.17;-164.83;-16483.00;200.00;SIM;SIM;COMPRA_EXECUTADA;502116556
20260722171626898363;2026.07.22 23:16:28;VENDA;29223.00;29065.74;-157.26;-15726.00;200.00;SIM;SIM;VENDA_EXECUTADA;502119796
20260722172156339315;2026.07.22 23:21:58;VENDA;29218.75;29048.94;-169.81;-16981.00;200.00;SIM;SIM;VENDA_EXECUTADA;502121916
20260722172943111653;2026.07.22 23:29:43;COMPRA;29216.75;29050.07;-166.68;-16668.00;200.00;SIM;SIM;COMPRA_EXECUTADA;502125322
20260722190415506125;2026.07.23 01:04:17;VENDA;29080.00;29020.94;-59.06;-5906.00;200.00;SIM;NAO;ERRO_SELL_market closed;0
20260722190415506125;2026.07.23 01:04:17;VENDA;29080.00;29020.94;-59.06;-5906.00;200.00;SIM;NAO;ERRO_SELL_market closed;0
20260722190415506125;2026.07.23 01:04:17;VENDA;29080.00;29020.94;-59.06;-5906.00;200.00;SIM;NAO;ERRO_SELL_market closed;0
20260722190415506125;2026.07.23 01:04:17;VENDA;29080.00;29020.94;-59.06;-5906.00;200.00;SIM;NAO;ERRO_SELL_market closed;0
20260722190415506125;2026.07.23 01:04:18;VENDA;29080.00;29020.94;-59.06;-5906.00;200.00;SIM;NAO;ERRO_SELL_market closed;0
20260722190415506125;2026.07.23 01:04:18;VENDA;29080.00;29020.94;-59.06;-5906.00;200.00;SIM;NAO;ERRO_SELL_market closed;0
20260722190415506125;2026.07.23 01:04:18;VENDA;29080.00;29020.94;-59.06;-5906.00;200.00;SIM;NAO;ERRO_SELL_market closed;0
20260722190415506125;2026.07.23 01:04:18;VENDA;29080.00;29020.94;-59.06;-5906.00;200.00;SIM;NAO;ERRO_SELL_market closed;0
20260722190415506125;2026.07.23 01:04:18;VENDA;29080.00;29020.94;-59.06;-5906.00;200.00;SIM;NAO;ERRO_SELL_market closed;0
20260722190415506125;2026.07.23 01:04:21;VENDA;29080.00;29020.94;-59.06;-5906.00;200.00;SIM;NAO;ERRO_SELL_market closed;0
20260722190415506125;2026.07.23 01:04:22;VENDA;29080.00;29020.94;-59.06;-5906.00;200.00;SIM;NAO;ERRO_SELL_market closed;0
20260722190415506125;2026.07.23 01:04:22;VENDA;29080.00;29020.94;-59.06;-5906.00;200.00;SIM;NAO;ERRO_SELL_market closed;0
20260722190415506125;2026.07.23 01:04:23;VENDA;29080.00;29020.94;-59.06;-5906.00;200.00;SIM;NAO;ERRO_SELL_market closed;0
20260722190415506125;2026.07.23 01:04:23;VENDA;29080.00;29020.94;-59.06;-5906.00;200.00;SIM;NAO;ERRO_SELL_market closed;0
20260722190415506125;2026.07.23 01:04:24;VENDA;29080.00;29020.94;-59.06;-5906.00;200.00;SIM;NAO;ERRO_SELL_market closed;0
20260722190415506125;2026.07.23 01:04:24;VENDA;29080.00;29020.94;-59.06;-5906.00;200.00;SIM;NAO;ERRO_SELL_market closed;0
20260722190415506125;2026.07.23 01:04:24;VENDA;29080.00;29020.94;-59.06;-5906.00;200.00;SIM;NAO;ERRO_SELL_market closed;0
20260722190415506125;2026.07.23 01:04:24;VENDA;29080.00;29020.94;-59.06;-5906.00;200.00;SIM;NAO;ERRO_SELL_market closed;0
20260722190415506125;2026.07.23 01:04:26;VENDA;29080.00;29020.94;-59.06;-5906.00;200.00;SIM;NAO;ERRO_SELL_market closed;0
20260722190415506125;2026.07.23 01:04:26;VENDA;29080.00;29020.94;-59.06;-5906.00;200.00;SIM;NAO;ERRO_SELL_market closed;0
20260722190415506125;2026.07.23 01:04:26;VENDA;29080.00;29020.94;-59.06;-5906.00;200.00;SIM;NAO;ERRO_SELL_market closed;0
20260722190415506125;2026.07.23 01:04:27;VENDA;29080.00;29020.94;-59.06;-5906.00;200.00;SIM;NAO;ERRO_SELL_market closed;0
20260722190415506125;2026.07.23 01:04:28;VENDA;29080.00;29020.94;-59.06;-5906.00;200.00;SIM;NAO;ERRO_SELL_market closed;0
20260722190415506125;2026.07.23 01:04:28;VENDA;29080.00;29020.94;-59.06;-5906.00;200.00;SIM;NAO;ERRO_SELL_market closed;0
20260722190415506125;2026.07.23 01:04:29;VENDA;29080.00;29020.94;-59.06;-5906.00;200.00;SIM;NAO;ERRO_SELL_market closed;0
20260722190415506125;2026.07.23 01:04:29;VENDA;29080.00;29020.94;-59.06;-5906.00;200.00;SIM;NAO;ERRO_SELL_market closed;0
20260722190415506125;2026.07.23 01:04:29;VENDA;29080.00;29020.94;-59.06;-5906.00;200.00;SIM;NAO;ERRO_SELL_market closed;0
20260722190415506125;2026.07.23 01:04:30;VENDA;29080.00;29020.94;-59.06;-5906.00;200.00;SIM;NAO;ERRO_SELL_market closed;0
20260722190415506125;2026.07.23 01:04:31;VENDA;29080.00;29020.94;-59.06;-5906.00;200.00;SIM;NAO;ERRO_SELL_market closed;0
20260722190415506125;2026.07.23 01:04:31;VENDA;29080.00;29020.94;-59.06;-5906.00;200.00;SIM;NAO;ERRO_SELL_market closed;0
20260722190415506125;2026.07.23 01:04:32;VENDA;29080.00;29020.94;-59.06;-5906.00;200.00;SIM;NAO;ERRO_SELL_market closed;0
20260722190415506125;2026.07.23 01:04:32;VENDA;29080.00;29020.94;-59.06;-5906.00;200.00;SIM;NAO;ERRO_SELL_market closed;0
20260722190415506125;2026.07.23 01:04:32;VENDA;29080.00;29020.94;-59.06;-5906.00;200.00;SIM;NAO;ERRO_SELL_market closed;0
20260722190415506125;2026.07.23 01:04:32;VENDA;29080.00;29020.94;-59.06;-5906.00;200.00;SIM;NAO;ERRO_SELL_market closed;0
20260722190415506125;2026.07.23 01:04:34;VENDA;29080.00;29020.94;-59.06;-5906.00;200.00;SIM;NAO;ERRO_SELL_market closed;0
20260722190415506125;2026.07.23 01:04:34;VENDA;29080.00;29020.94;-59.06;-5906.00;200.00;SIM;NAO;ERRO_SELL_market closed;0
20260722190415506125;2026.07.23 01:04:34;VENDA;29080.00;29020.94;-59.06;-5906.00;200.00;SIM;NAO;ERRO_SELL_market closed;0
20260722190415506125;2026.07.23 01:04:35;VENDA;29080.00;29020.94;-59.06;-5906.00;200.00;SIM;NAO;ERRO_SELL_market closed;0
20260722190415506125;2026.07.23 01:04:36;VENDA;29080.00;29020.94;-59.06;-5906.00;200.00;SIM;NAO;ERRO_SELL_market closed;0
20260722190415506125;2026.07.23 01:04:36;VENDA;29080.00;29020.94;-59.06;-5906.00;200.00;SIM;NAO;ERRO_SELL_market closed;0
20260722190415506125;2026.07.23 01:04:36;VENDA;29080.00;29020.94;-59.06;-5906.00;200.00;SIM;NAO;ERRO_SELL_market closed;0
20260722190415506125;2026.07.23 01:04:36;VENDA;29080.00;29020.94;-59.06;-5906.00;200.00;SIM;NAO;ERRO_SELL_market closed;0
20260722190415506125;2026.07.23 01:04:36;VENDA;29080.00;29020.94;-59.06;-5906.00;200.00;SIM;NAO;ERRO_SELL_market closed;0
20260722190415506125;2026.07.23 01:04:36;VENDA;29080.00;29020.94;-59.06;-5906.00;200.00;SIM;NAO;ERRO_SELL_market closed;0
20260722190415506125;2026.07.23 01:04:36;VENDA;29080.00;29020.94;-59.06;-5906.00;200.00;SIM;NAO;ERRO_SELL_market closed;0
20260722190415506125;2026.07.23 01:04:36;VENDA;29080.00;29020.94;-59.06;-5906.00;200.00;SIM;NAO;ERRO_SELL_market closed;0
20260722190415506125;2026.07.23 01:04:36;VENDA;29080.00;29020.94;-59.06;-5906.00;200.00;SIM;NAO;ERRO_SELL_market closed;0
20260722190415506125;2026.07.23 01:04:36;VENDA;29080.00;29020.94;-59.06;-5906.00;200.00;SIM;NAO;ERRO_SELL_market closed;0
20260722190415506125;2026.07.23 01:04:41;VENDA;29080.00;29020.94;-59.06;-5906.00;200.00;SIM;NAO;ERRO_SELL_market closed;0
20260722190415506125;2026.07.23 01:04:41;VENDA;29080.00;29020.94;-59.06;-5906.00;200.00;SIM;NAO;ERRO_SELL_market closed;0
20260722190415506125;2026.07.23 01:04:41;VENDA;29080.00;29020.94;-59.06;-5906.00;200.00;SIM;NAO;ERRO_SELL_market closed;0
20260722190415506125;2026.07.23 01:04:42;VENDA;29080.00;29020.94;-59.06;-5906.00;200.00;SIM;NAO;ERRO_SELL_market closed;0
20260722190415506125;2026.07.23 01:04:43;VENDA;29080.00;29020.94;-59.06;-5906.00;200.00;SIM;NAO;ERRO_SELL_market closed;0
20260722190415506125;2026.07.23 01:04:43;VENDA;29080.00;29020.94;-59.06;-5906.00;200.00;SIM;NAO;ERRO_SELL_market closed;0
20260722190415506125;2026.07.23 01:04:43;VENDA;29080.00;29020.94;-59.06;-5906.00;200.00;SIM;NAO;ERRO_SELL_market closed;0
20260722190415506125;2026.07.23 01:04:44;VENDA;29080.00;29020.94;-59.06;-5906.00;200.00;SIM;NAO;ERRO_SELL_market closed;0
20260722190415506125;2026.07.23 01:04:44;VENDA;29080.00;29020.94;-59.06;-5906.00;200.00;SIM;NAO;ERRO_SELL_market closed;0
20260722190415506125;2026.07.23 01:04:45;VENDA;29080.00;29020.94;-59.06;-5906.00;200.00;SIM;NAO;ERRO_SELL_market closed;0
20260722190415506125;2026.07.23 01:04:46;VENDA;29080.00;29020.94;-59.06;-5906.00;200.00;SIM;NAO;ERRO_SELL_market closed;0
20260722190415506125;2026.07.23 01:04:46;VENDA;29080.00;29020.94;-59.06;-5906.00;200.00;SIM;NAO;ERRO_SELL_market closed;0
20260722190415506125;2026.07.23 01:04:46;VENDA;29080.00;29020.94;-59.06;-5906.00;200.00;SIM;NAO;ERRO_SELL_market closed;0
20260722190415506125;2026.07.23 01:04:46;VENDA;29080.00;29020.94;-59.06;-5906.00;200.00;SIM;NAO;ERRO_SELL_market closed;0
20260722190415506125;2026.07.23 01:04:46;VENDA;29080.00;29020.94;-59.06;-5906.00;200.00;SIM;NAO;ERRO_SELL_market closed;0
20260722190415506125;2026.07.23 01:04:48;VENDA;29080.00;29020.94;-59.06;-5906.00;200.00;SIM;NAO;ERRO_SELL_market closed;0
20260722190415506125;2026.07.23 01:04:49;VENDA;29080.00;29020.94;-59.06;-5906.00;200.00;SIM;NAO;ERRO_SELL_market closed;0
20260722190415506125;2026.07.23 01:04:49;VENDA;29080.00;29020.94;-59.06;-5906.00;200.00;SIM;NAO;ERRO_SELL_market closed;0
20260722190415506125;2026.07.23 01:04:49;VENDA;29080.00;29020.94;-59.06;-5906.00;200.00;SIM;NAO;ERRO_SELL_market closed;0
20260722190415506125;2026.07.23 01:04:50;VENDA;29080.00;29020.94;-59.06;-5906.00;200.00;SIM;NAO;ERRO_SELL_market closed;0
20260722190415506125;2026.07.23 01:04:50;VENDA;29080.00;29020.94;-59.06;-5906.00;200.00;SIM;NAO;ERRO_SELL_market closed;0
20260722190415506125;2026.07.23 01:04:51;VENDA;29080.00;29020.94;-59.06;-5906.00;200.00;SIM;NAO;ERRO_SELL_market closed;0
20260722190415506125;2026.07.23 01:04:52;VENDA;29080.00;29020.94;-59.06;-5906.00;200.00;SIM;NAO;ERRO_SELL_market closed;0
20260722190415506125;2026.07.23 01:04:52;VENDA;29080.00;29020.94;-59.06;-5906.00;200.00;SIM;NAO;ERRO_SELL_market closed;0
20260722190415506125;2026.07.23 01:04:53;VENDA;29080.00;29020.94;-59.06;-5906.00;200.00;SIM;NAO;ERRO_SELL_market closed;0
20260722190415506125;2026.07.23 01:04:53;VENDA;29080.00;29020.94;-59.06;-5906.00;200.00;SIM;NAO;ERRO_SELL_market closed;0
20260722190415506125;2026.07.23 01:04:53;VENDA;29080.00;29020.94;-59.06;-5906.00;200.00;SIM;NAO;ERRO_SELL_market closed;0
20260722190415506125;2026.07.23 01:04:54;VENDA;29080.00;29020.94;-59.06;-5906.00;200.00;SIM;NAO;ERRO_SELL_market closed;0
20260722190415506125;2026.07.23 01:04:54;VENDA;29080.00;29020.94;-59.06;-5906.00;200.00;SIM;NAO;ERRO_SELL_market closed;0
20260722190415506125;2026.07.23 01:04:54;VENDA;29080.00;29020.94;-59.06;-5906.00;200.00;SIM;NAO;ERRO_SELL_market closed;0
20260722190415506125;2026.07.23 01:04:56;VENDA;29080.00;29020.94;-59.06;-5906.00;200.00;SIM;NAO;ERRO_SELL_market closed;0
20260722190415506125;2026.07.23 01:04:56;VENDA;29080.00;29020.94;-59.06;-5906.00;200.00;SIM;NAO;ERRO_SELL_market closed;0
20260722190415506125;2026.07.23 01:04:57;VENDA;29080.00;29020.94;-59.06;-5906.00;200.00;SIM;NAO;ERRO_SELL_market closed;0
20260722190415506125;2026.07.23 01:04:57;VENDA;29080.00;29020.94;-59.06;-5906.00;200.00;SIM;NAO;ERRO_SELL_market closed;0
20260722190415506125;2026.07.23 01:04:58;VENDA;29080.00;29020.94;-59.06;-5906.00;200.00;SIM;NAO;ERRO_SELL_market closed;0
20260722190415506125;2026.07.23 01:04:58;VENDA;29080.00;29020.94;-59.06;-5906.00;200.00;SIM;NAO;ERRO_SELL_market closed;0
20260722190415506125;2026.07.23 01:04:58;VENDA;29080.00;29020.94;-59.06;-5906.00;200.00;SIM;NAO;ERRO_SELL_market closed;0
20260722190415506125;2026.07.23 01:04:59;VENDA;29080.00;29020.94;-59.06;-5906.00;200.00;SIM;NAO;ERRO_SELL_market closed;0
20260722190415506125;2026.07.23 01:05:00;VENDA;29080.00;29020.94;-59.06;-5906.00;200.00;SIM;NAO;ERRO_SELL_invalid stops;0
20260722190415506125;2026.07.23 01:05:02;VENDA;29080.00;28912.74;-167.26;-16726.00;200.00;SIM;SIM;VENDA_EXECUTADA;502140254
20260722191408175831;2026.07.23 01:14:09;COMPRA;29087.25;28925.47;-161.78;-16178.00;200.00;SIM;SIM;COMPRA_EXECUTADA;502150828
20260722192125094783;2026.07.23 01:21:26;COMPRA;29096.00;28929.67;-166.33;-16633.00;200.00;SIM;SIM;COMPRA_EXECUTADA;502154136
20260722192451935768;2026.07.23 01:24:53;COMPRA;29087.00;28925.77;-161.23;-16123.00;200.00;SIM;SIM;COMPRA_EXECUTADA;502155305
20260722193722207933;2026.07.23 01:37:23;VENDA;29074.50;28903.24;-171.26;-17126.00;200.00;SIM;SIM;VENDA_EXECUTADA;502160492
20260722195023727624;2026.07.23 01:50:25;VENDA;29060.75;28894.84;-165.91;-16591.00;200.00;SIM;SIM;VENDA_EXECUTADA;502167153
20260722195744944265;2026.07.23 01:57:46;VENDA;29078.25;28912.14;-166.11;-16611.00;200.00;SIM;SIM;VENDA_EXECUTADA;502170625
20260722201048238643;2026.07.23 02:10:50;COMPRA;29036.25;28879.28;-156.97;-15697.00;200.00;SIM;SIM;COMPRA_EXECUTADA;502177981
20260722201644233174;2026.07.23 02:16:45;VENDA;29058.25;28892.33;-165.92;-16592.00;200.00;SIM;SIM;VENDA_EXECUTADA;502181328
20260722204337785998;2026.07.23 02:43:39;COMPRA;29098.00;28931.88;-166.12;-16612.00;200.00;SIM;SIM;COMPRA_EXECUTADA;502189215
20260722205814891103;2026.07.23 02:58:16;COMPRA;29134.25;28971.48;-162.77;-16277.00;200.00;SIM;SIM;COMPRA_EXECUTADA;502198093
20260722210259656078;2026.07.23 03:03:01;VENDA;29140.75;28974.13;-166.62;-16662.00;200.00;SIM;SIM;VENDA_EXECUTADA;502202715
20260722210540955275;2026.07.23 03:05:42;COMPRA;29164.50;29000.58;-163.92;-16392.00;200.00;SIM;SIM;COMPRA_EXECUTADA;502204543
20260722211421921431;2026.07.23 03:14:23;COMPRA;29161.00;28999.68;-161.32;-16132.00;200.00;SIM;SIM;COMPRA_EXECUTADA;502209423
20260722212252975054;2026.07.23 03:22:54;COMPRA;29226.50;29066.58;-159.92;-15992.00;200.00;SIM;SIM;COMPRA_EXECUTADA;502213575
20260722212752921056;2026.07.23 03:27:54;COMPRA;29252.25;29088.98;-163.27;-16327.00;200.00;SIM;SIM;COMPRA_EXECUTADA;502217197
20260722213610797456;2026.07.23 03:36:12;VENDA;29240.50;29077.43;-163.07;-16307.00;200.00;SIM;SIM;VENDA_EXECUTADA;502220767
20260722215157768985;2026.07.23 03:51:59;COMPRA;29278.50;29111.38;-167.12;-16712.00;200.00;SIM;SIM;COMPRA_EXECUTADA;502229114
20260722215324587107;2026.07.23 03:53:26;VENDA;29256.25;29087.83;-168.42;-16842.00;200.00;SIM;SIM;VENDA_EXECUTADA;502230039
20260722215846051963;2026.07.23 03:58:48;VENDA;29265.25;29098.93;-166.32;-16632.00;200.00;SIM;SIM;VENDA_EXECUTADA;502232589
20260722220102123515;2026.07.23 04:01:04;COMPRA;29255.00;29089.08;-165.92;-16592.00;200.00;SIM;SIM;COMPRA_EXECUTADA;502237277
20260722222749978673;2026.07.23 04:27:51;COMPRA;29251.50;29086.28;-165.22;-16522.00;200.00;SIM;SIM;COMPRA_EXECUTADA;502252249
20260722223104957899;2026.07.23 04:31:06;VENDA;29218.50;29051.33;-167.17;-16717.00;200.00;SIM;SIM;VENDA_EXECUTADA;502256521
20260722223810958964;2026.07.23 04:38:12;VENDA;29239.50;29069.43;-170.07;-17007.00;200.00;SIM;SIM;VENDA_EXECUTADA;502263961
20260722224148107171;2026.07.23 04:41:50;COMPRA;29212.00;29039.68;-172.32;-17232.00;200.00;SIM;SIM;COMPRA_EXECUTADA;502267025
20260722224537464591;2026.07.23 04:45:38;COMPRA;29190.50;29031.88;-158.62;-15862.00;200.00;SIM;SIM;COMPRA_EXECUTADA;502269829
20260722225102035079;2026.07.23 04:51:04;COMPRA;29194.25;29031.78;-162.47;-16247.00;200.00;SIM;SIM;COMPRA_EXECUTADA;502274647
20260722225802028402;2026.07.23 04:58:04;VENDA;29201.75;29032.43;-169.32;-16932.00;200.00;SIM;SIM;VENDA_EXECUTADA;502279710
20260722230401722254;2026.07.23 05:04:03;VENDA;29166.25;29004.23;-162.02;-16202.00;200.00;SIM;SIM;VENDA_EXECUTADA;502283993
20260722232640973936;2026.07.23 05:26:42;COMPRA;29107.25;28942.38;-164.87;-16487.00;200.00;SIM;SIM;COMPRA_EXECUTADA;502294306
20260722233611698725;2026.07.23 05:36:13;VENDA;29096.50;28933.83;-162.67;-16267.00;200.00;SIM;SIM;VENDA_EXECUTADA;502299244
20260722234901471223;2026.07.23 05:49:03;COMPRA;29092.25;28925.68;-166.57;-16657.00;200.00;SIM;SIM;COMPRA_EXECUTADA;502307041
20260722235357054277;2026.07.23 05:53:59;VENDA;29084.00;28921.23;-162.77;-16277.00;200.00;SIM;SIM;VENDA_EXECUTADA;502310263
20260723001130585792;2026.07.23 06:11:32;VENDA;29034.75;28869.43;-165.32;-16532.00;200.00;SIM;SIM;VENDA_EXECUTADA;502320393
20260723001657628093;2026.07.23 06:16:59;VENDA;29041.25;28878.53;-162.72;-16272.00;200.00;SIM;SIM;VENDA_EXECUTADA;502323386
20260723002150237714;2026.07.23 06:21:52;COMPRA;29070.75;28894.78;-175.97;-17597.00;200.00;SIM;SIM;COMPRA_EXECUTADA;502326599
20260723002542237765;2026.07.23 06:25:44;VENDA;29060.00;28894.63;-165.37;-16537.00;200.00;SIM;SIM;VENDA_EXECUTADA;502328186
20260723003136012518;2026.07.23 06:31:37;VENDA;29089.50;28922.13;-167.37;-16737.00;200.00;SIM;SIM;VENDA_EXECUTADA;502331005
20260723005340881051;2026.07.23 06:53:42;COMPRA;29126.75;28961.68;-165.07;-16507.00;200.00;SIM;SIM;COMPRA_EXECUTADA;502339349
20260723005909759384;2026.07.23 06:59:11;COMPRA;29125.00;28956.88;-168.12;-16812.00;200.00;SIM;SIM;COMPRA_EXECUTADA;502340568
20260723010022597365;2026.07.23 07:00:24;VENDA;29101.75;28931.03;-170.72;-17072.00;200.00;SIM;SIM;VENDA_EXECUTADA;502341679
20260723010841101797;2026.07.23 07:08:43;COMPRA;29079.25;28919.78;-159.47;-15947.00;200.00;SIM;SIM;COMPRA_EXECUTADA;502344813
20260723011308101683;2026.07.23 07:13:10;COMPRA;29117.75;28953.38;-164.37;-16437.00;200.00;SIM;SIM;COMPRA_EXECUTADA;502346234
20260723011711156245;2026.07.23 07:17:13;VENDA;29118.50;28953.43;-165.07;-16507.00;200.00;SIM;SIM;VENDA_EXECUTADA;502348708
20260723013346322804;2026.07.23 07:33:48;COMPRA;29160.75;28992.58;-168.17;-16817.00;200.00;SIM;SIM;COMPRA_EXECUTADA;502354827
20260723014912184898;2026.07.23 07:49:14;VENDA;29141.00;28973.93;-167.07;-16707.00;200.00;SIM;SIM;VENDA_EXECUTADA;502360127
20260723020312599963;2026.07.23 08:03:14;VENDA;29107.25;28947.83;-159.42;-15942.00;200.00;SIM;SIM;VENDA_EXECUTADA;502365886
20260723022054467842;2026.07.23 08:20:55;COMPRA;29123.25;28956.08;-167.17;-16717.00;200.00;SIM;SIM;COMPRA_EXECUTADA;502372230
20260723022522713205;2026.07.23 08:25:24;COMPRA;29122.50;28966.88;-155.62;-15562.00;200.00;SIM;SIM;COMPRA_EXECUTADA;502373736
20260723022813086182;2026.07.23 08:28:15;VENDA;29151.25;28987.03;-164.22;-16422.00;200.00;SIM;SIM;VENDA_EXECUTADA;502375415
20260723023014426213;2026.07.23 08:30:16;COMPRA;29172.50;29010.18;-162.32;-16232.00;200.00;SIM;SIM;COMPRA_EXECUTADA;502377150
20260723024426214304;2026.07.23 08:44:27;COMPRA;29147.25;28984.08;-163.17;-16317.00;200.00;SIM;SIM;COMPRA_EXECUTADA;502382930
20260723024830593879;2026.07.23 08:48:32;VENDA;29120.50;28951.73;-168.77;-16877.00;200.00;SIM;SIM;VENDA_EXECUTADA;502385418
20260723025440737955;2026.07.23 08:54:42;VENDA;29089.75;28917.33;-172.42;-17242.00;200.00;SIM;SIM;VENDA_EXECUTADA;502388081
20260723025731851994;2026.07.23 08:57:33;VENDA;29096.00;28929.13;-166.87;-16687.00;200.00;SIM;SIM;VENDA_EXECUTADA;502390913
20260723033531238203;2026.07.23 09:35:33;VENDA;29092.00;28924.23;-167.77;-16777.00;200.00;SIM;SIM;VENDA_EXECUTADA;502409816
20260723034917132350;2026.07.23 09:49:19;VENDA;29106.25;28939.93;-166.32;-16632.00;200.00;SIM;SIM;VENDA_EXECUTADA;502418171
20260723040227196376;2026.07.23 10:02:29;COMPRA;29058.00;28896.78;-161.22;-16122.00;200.00;SIM;SIM;COMPRA_EXECUTADA;502429577
20260723040623851089;2026.07.23 10:06:25;VENDA;29047.25;28879.83;-167.42;-16742.00;200.00;SIM;SIM;VENDA_EXECUTADA;502432659
20260723042556232343;2026.07.23 10:25:58;COMPRA;29029.50;28863.28;-166.22;-16622.00;200.00;SIM;SIM;COMPRA_EXECUTADA;502464440
20260723043259407810;2026.07.23 10:33:01;VENDA;28989.50;28824.63;-164.87;-16487.00;200.00;SIM;SIM;VENDA_EXECUTADA;502471809
20260723044654634487;2026.07.23 10:46:56;COMPRA;28931.75;28767.58;-164.17;-16417.00;200.00;SIM;SIM;COMPRA_EXECUTADA;502491234
20260723045447371802;2026.07.23 10:54:49;COMPRA;28964.75;28794.08;-170.67;-17067.00;200.00;SIM;SIM;COMPRA_EXECUTADA;502498424
20260723050139519200;2026.07.23 11:01:41;VENDA;28972.75;28807.63;-165.12;-16512.00;200.00;SIM;SIM;VENDA_EXECUTADA;502506096
20260723051115288311;2026.07.23 11:11:17;VENDA;29025.00;28856.73;-168.27;-16827.00;200.00;SIM;SIM;VENDA_EXECUTADA;502514776
20260723051639869328;2026.07.23 11:16:41;COMPRA;29042.25;28877.58;-164.67;-16467.00;200.00;SIM;SIM;COMPRA_EXECUTADA;502518575
20260723053229284508;2026.07.23 11:32:31;VENDA;29047.50;28881.03;-166.47;-16647.00;200.00;SIM;SIM;VENDA_EXECUTADA;502529459
20260723055639150439;2026.07.23 11:56:41;COMPRA;29089.75;28935.28;-154.47;-15447.00;200.00;SIM;SIM;COMPRA_EXECUTADA;502546765
20260723060256341094;2026.07.23 12:02:58;COMPRA;29106.25;28941.08;-165.17;-16517.00;200.00;SIM;SIM;COMPRA_EXECUTADA;502553301
20260723061503776224;2026.07.23 12:15:05;VENDA;29080.50;28915.23;-165.27;-16527.00;200.00;SIM;SIM;VENDA_EXECUTADA;502565016
20260723062401588125;2026.07.23 12:24:03;COMPRA;29097.00;28930.68;-166.32;-16632.00;200.00;SIM;SIM;COMPRA_EXECUTADA;502570421
20260723065536103281;2026.07.23 12:55:38;VENDA;29056.75;28893.33;-163.42;-16342.00;200.00;SIM;SIM;VENDA_EXECUTADA;502591084
20260723072416902607;2026.07.23 13:25:54;VENDA;29043.25;28891.23;-152.02;-15202.00;200.00;SIM;SIM;VENDA_EXECUTADA;502611024
20260723073538046961;2026.07.23 13:35:39;COMPRA;29101.75;28939.58;-162.17;-16217.00;200.00;SIM;SIM;COMPRA_EXECUTADA;502619077
20260723080425719628;2026.07.23 14:04:27;COMPRA;29069.50;28900.38;-169.12;-16912.00;200.00;SIM;SIM;COMPRA_EXECUTADA;502637758
20260723080606621889;2026.07.23 14:06:08;VENDA;29044.25;28877.33;-166.92;-16692.00;200.00;SIM;SIM;VENDA_EXECUTADA;502638761
20260723081521954409;2026.07.23 14:15:23;COMPRA;29070.75;28904.68;-166.07;-16607.00;200.00;SIM;SIM;COMPRA_EXECUTADA;502645204
20260723082037082867;2026.07.23 14:20:39;VENDA;29036.75;28872.03;-164.72;-16472.00;200.00;SIM;SIM;VENDA_EXECUTADA;502651530
20260723082810514474;2026.07.23 14:28:12;VENDA;29005.25;28844.03;-161.22;-16122.00;200.00;SIM;SIM;VENDA_EXECUTADA;502662362
20260723083402585057;2026.07.23 14:34:04;VENDA;28976.25;28808.73;-167.52;-16752.00;200.00;SIM;SIM;VENDA_EXECUTADA;502670762
20260723084830642498;2026.07.23 14:48:32;COMPRA;28936.00;28765.88;-170.12;-17012.00;200.00;SIM;SIM;COMPRA_EXECUTADA;502692722
20260723090347104964;2026.07.23 15:03:49;COMPRA;28957.00;28793.28;-163.72;-16372.00;200.00;SIM;SIM;COMPRA_EXECUTADA;502706869
20260723090901434437;2026.07.23 15:09:03;VENDA;28917.50;28756.13;-161.37;-16137.00;200.00;SIM;SIM;VENDA_EXECUTADA;502710111
20260723092434667822;2026.07.23 15:24:36;VENDA;28865.75;28697.73;-168.02;-16802.00;200.00;SIM;SIM;VENDA_EXECUTADA;502732917
20260723093313315350;2026.07.23 15:33:15;VENDA;28846.00;28671.73;-174.27;-17427.00;200.00;SIM;SIM;VENDA_EXECUTADA;502748166
20260723093844168795;2026.07.23 15:38:46;COMPRA;28810.00;28649.88;-160.12;-16012.00;200.00;SIM;SIM;COMPRA_EXECUTADA;502758739
20260723094144268422;2026.07.23 15:41:46;COMPRA;28798.25;28637.08;-161.17;-16117.00;200.00;SIM;SIM;COMPRA_EXECUTADA;502762915
20260723094729387677;2026.07.23 15:47:31;VENDA;28779.75;28618.63;-161.12;-16112.00;200.00;SIM;SIM;VENDA_EXECUTADA;502773569
20260723094937361813;2026.07.23 15:49:39;COMPRA;28771.25;28615.28;-155.97;-15597.00;200.00;SIM;SIM;COMPRA_EXECUTADA;502778417
20260723095404864145;2026.07.23 15:54:06;COMPRA;28805.25;28629.38;-175.87;-17587.00;200.00;SIM;SIM;COMPRA_EXECUTADA;502783470
20260723095430225813;2026.07.23 15:54:32;VENDA;28778.50;28618.33;-160.17;-16017.00;200.00;SIM;SIM;VENDA_EXECUTADA;502784898
20260723100242694612;2026.07.23 16:02:44;VENDA;28790.25;28618.93;-171.32;-17132.00;200.00;SIM;SIM;VENDA_EXECUTADA;502801288
20260723100914372947;2026.07.23 16:09:16;VENDA;28740.75;28569.63;-171.12;-17112.00;200.00;SIM;SIM;VENDA_EXECUTADA;502819906
20260723101441408970;2026.07.23 16:14:43;COMPRA;28725.25;28558.28;-166.97;-16697.00;200.00;SIM;SIM;COMPRA_EXECUTADA;502832599
20260723102410248322;2026.07.23 16:24:12;COMPRA;28717.00;28544.28;-172.72;-17272.00;200.00;SIM;SIM;COMPRA_EXECUTADA;502847084
20260723102512062739;2026.07.23 16:26:14;COMPRA;28718.25;28546.38;-171.87;-17187.00;200.00;SIM;SIM;COMPRA_EXECUTADA;502849053
20260723102804119598;2026.07.23 16:28:06;VENDA;28705.00;28536.33;-168.67;-16867.00;200.00;SIM;SIM;VENDA_EXECUTADA;502851133
20260723102930290522;2026.07.23 16:29:32;VENDA;28707.25;28543.33;-163.92;-16392.00;200.00;SIM;SIM;VENDA_EXECUTADA;502853266
20260723103019806402;2026.07.23 16:30:21;VENDA;28681.00;28535.83;-145.17;-14517.00;200.00;SIM;SIM;VENDA_EXECUTADA;502856243
20260723103312189256;2026.07.23 16:33:14;VENDA;28719.50;28564.93;-154.57;-15457.00;200.00;SIM;SIM;VENDA_EXECUTADA;502864157
20260723103413259039;2026.07.23 16:34:15;COMPRA;28735.50;28578.88;-156.62;-15662.00;200.00;SIM;SIM;COMPRA_EXECUTADA;502867515
20260723103817927958;2026.07.23 16:38:19;COMPRA;28814.50;28643.28;-171.22;-17122.00;200.00;SIM;SIM;COMPRA_EXECUTADA;502876205
20260723103943196916;2026.07.23 16:39:45;VENDA;28784.50;28623.73;-160.77;-16077.00;200.00;SIM;SIM;VENDA_EXECUTADA;502878858
20260723104527157008;2026.07.23 16:45:29;VENDA;28842.25;28672.93;-169.32;-16932.00;200.00;SIM;SIM;VENDA_EXECUTADA;502888811
20260723104730195505;2026.07.23 16:47:32;VENDA;28832.75;28677.93;-154.82;-15482.00;200.00;SIM;SIM;VENDA_EXECUTADA;502892397
20260723104946920286;2026.07.23 16:49:48;VENDA;28753.50;28589.33;-164.17;-16417.00;200.00;SIM;SIM;VENDA_EXECUTADA;502897254
20260723105611197860;2026.07.23 16:56:13;VENDA;28797.00;28623.13;-173.87;-17387.00;200.00;SIM;SIM;VENDA_EXECUTADA;502908521
20260723105725651740;2026.07.23 16:57:27;VENDA;28741.75;28572.23;-169.52;-16952.00;200.00;SIM;SIM;VENDA_EXECUTADA;502912040
20260723105904865817;2026.07.23 16:59:06;COMPRA;28715.75;28560.38;-155.37;-15537.00;200.00;SIM;SIM;COMPRA_EXECUTADA;502916482
20260723110146662913;2026.07.23 17:01:48;VENDA;28719.25;28549.23;-170.02;-17002.00;200.00;SIM;SIM;VENDA_EXECUTADA;502922799
20260723110441654300;2026.07.23 17:04:43;COMPRA;28765.75;28595.88;-169.87;-16987.00;200.00;SIM;SIM;COMPRA_EXECUTADA;502928125
20260723110832792183;2026.07.23 17:08:34;VENDA;28748.75;28570.83;-177.92;-17792.00;200.00;SIM;SIM;VENDA_EXECUTADA;502934162
20260723111500778407;2026.07.23 17:15:02;VENDA;28700.00;28534.23;-165.77;-16577.00;200.00;SIM;SIM;VENDA_EXECUTADA;502946620
20260723112326032643;2026.07.23 17:23:28;VENDA;28745.75;28592.83;-152.92;-15292.00;200.00;SIM;SIM;VENDA_EXECUTADA;502958125
20260723112457049461;2026.07.23 17:24:59;COMPRA;28708.50;28545.58;-162.92;-16292.00;200.00;SIM;SIM;COMPRA_EXECUTADA;502960421
20260723112615155651;2026.07.23 17:26:17;VENDA;28722.25;28549.13;-173.12;-17312.00;200.00;SIM;SIM;VENDA_EXECUTADA;502963293
20260723113008724061;2026.07.23 17:30:10;COMPRA;28736.50;28577.68;-158.82;-15882.00;200.00;SIM;SIM;COMPRA_EXECUTADA;502968460
20260723113152732755;2026.07.23 17:31:54;VENDA;28726.25;28555.23;-171.02;-17102.00;200.00;SIM;SIM;VENDA_EXECUTADA;502970879
20260723113257791751;2026.07.23 17:32:59;VENDA;28690.00;28517.83;-172.17;-17217.00;200.00;SIM;SIM;VENDA_EXECUTADA;502972797
20260723113637274656;2026.07.23 17:36:39;COMPRA;28670.50;28499.28;-171.22;-17122.00;200.00;SIM;SIM;COMPRA_EXECUTADA;502977685
20260723114029078693;2026.07.23 17:40:31;COMPRA;28765.75;28607.18;-158.57;-15857.00;200.00;SIM;SIM;COMPRA_EXECUTADA;502983841
20260723114146198325;2026.07.23 17:41:48;VENDA;28701.50;28521.13;-180.37;-18037.00;200.00;SIM;SIM;VENDA_EXECUTADA;502985389
20260723114341689377;2026.07.23 17:43:43;VENDA;28638.50;28469.23;-169.27;-16927.00;200.00;SIM;SIM;VENDA_EXECUTADA;502988326
20260723114812085334;2026.07.23 17:48:14;VENDA;28639.50;28468.93;-170.57;-17057.00;200.00;SIM;SIM;VENDA_EXECUTADA;502994269
20260723115254073619;2026.07.23 17:52:56;COMPRA;28612.50;28452.38;-160.12;-16012.00;200.00;SIM;SIM;COMPRA_EXECUTADA;503000421
20260723115514301231;2026.07.23 17:55:16;VENDA;28578.50;28423.13;-155.37;-15537.00;200.00;SIM;SIM;VENDA_EXECUTADA;503002331
20260723115851399378;2026.07.23 17:58:53;VENDA;28594.00;28438.33;-155.67;-15567.00;200.00;SIM;SIM;VENDA_EXECUTADA;503004814
20260723115955470744;2026.07.23 17:59:57;VENDA;28603.50;28436.83;-166.67;-16667.00;200.00;SIM;SIM;VENDA_EXECUTADA;503005470
20260723120215803686;2026.07.23 18:02:17;COMPRA;28586.00;28426.18;-159.82;-15982.00;200.00;SIM;SIM;COMPRA_EXECUTADA;503008957
20260723120640783584;2026.07.23 18:06:42;VENDA;28538.00;28371.83;-166.17;-16617.00;200.00;SIM;SIM;VENDA_EXECUTADA;503015975
20260723121014714732;2026.07.23 18:10:16;VENDA;28523.50;28373.33;-150.17;-15017.00;200.00;SIM;SIM;VENDA_EXECUTADA;503021101
20260723122205072906;2026.07.23 18:22:07;VENDA;28521.75;28349.63;-172.12;-17212.00;200.00;SIM;SIM;VENDA_EXECUTADA;503036927
20260723122529649776;2026.07.23 18:25:31;VENDA;28487.25;28315.13;-172.12;-17212.00;200.00;SIM;SIM;VENDA_EXECUTADA;503043066
20260723122856721723;2026.07.23 18:28:58;VENDA;28451.50;28285.43;-166.07;-16607.00;200.00;SIM;SIM;VENDA_EXECUTADA;503046210
20260723123419882891;2026.07.23 18:34:21;VENDA;28472.00;28326.43;-145.57;-14557.00;200.00;SIM;SIM;VENDA_EXECUTADA;503056787
20260723123531340229;2026.07.23 18:35:33;COMPRA;28506.25;28344.88;-161.37;-16137.00;200.00;SIM;SIM;COMPRA_EXECUTADA;503058423
20260723124018059095;2026.07.23 18:40:20;COMPRA;28536.50;28383.88;-152.62;-15262.00;200.00;SIM;SIM;COMPRA_EXECUTADA;503065901
20260723124305229715;2026.07.23 18:43:07;VENDA;28511.75;28349.63;-162.12;-16212.00;200.00;SIM;SIM;VENDA_EXECUTADA;503069686
20260723124529182554;2026.07.23 18:45:31;VENDA;28480.25;28325.43;-154.82;-15482.00;200.00;SIM;SIM;VENDA_EXECUTADA;503073073
20260723124753604157;2026.07.23 18:47:55;COMPRA;28507.75;28330.48;-177.27;-17727.00;200.00;SIM;SIM;COMPRA_EXECUTADA;503074964
20260723125545203929;2026.07.23 18:55:47;COMPRA;28565.00;28402.98;-162.02;-16202.00;200.00;SIM;SIM;COMPRA_EXECUTADA;503080535
20260723130011141545;2026.07.23 19:00:13;COMPRA;28591.25;28429.83;-161.42;-16142.00;200.00;SIM;SIM;COMPRA_EXECUTADA;503084754
20260723130323943863;2026.07.23 19:03:25;VENDA;28610.00;28462.53;-147.47;-14747.00;200.00;SIM;SIM;VENDA_EXECUTADA;503087563
20260723130412083407;2026.07.23 19:04:39;VENDA;28614.25;28441.13;-173.12;-17312.00;200.00;SIM;SIM;VENDA_EXECUTADA;503088476
20260723130835473763;2026.07.23 19:08:37;COMPRA;28605.50;28446.08;-159.42;-15942.00;200.00;SIM;SIM;COMPRA_EXECUTADA;503090952
20260723131632634879;2026.07.23 19:16:34;VENDA;28630.50;28469.38;-161.12;-16112.00;200.00;SIM;SIM;VENDA_EXECUTADA;503096372
20260723132654184611;2026.07.23 19:26:56;VENDA;28678.00;28512.38;-165.62;-16562.00;200.00;SIM;SIM;VENDA_EXECUTADA;503103848
20260723133017211949;2026.07.23 19:30:19;VENDA;28698.75;28536.48;-162.27;-16227.00;200.00;SIM;SIM;VENDA_EXECUTADA;503106168
20260723134406203893;2026.07.23 19:44:08;COMPRA;28709.50;28542.88;-166.62;-16662.00;200.00;SIM;SIM;COMPRA_EXECUTADA;503113761
20260723135012238572;2026.07.23 19:50:14;VENDA;28624.75;28464.48;-160.27;-16027.00;200.00;SIM;SIM;VENDA_EXECUTADA;503117742
20260723135158223344;2026.07.23 19:52:00;VENDA;28618.50;28457.73;-160.77;-16077.00;200.00;SIM;SIM;VENDA_EXECUTADA;503118927
20260723140013904320;2026.07.23 20:00:15;VENDA;28629.25;28453.43;-175.82;-17582.00;200.00;SIM;SIM;VENDA_EXECUTADA;503124514
20260723140224001833;2026.07.23 20:02:25;VENDA;28630.50;28470.23;-160.27;-16027.00;200.00;SIM;SIM;VENDA_EXECUTADA;503127493
20260723140334872192;2026.07.23 20:03:36;VENDA;28640.25;28482.43;-157.82;-15782.00;200.00;SIM;SIM;VENDA_EXECUTADA;503128229
20260723140644795279;2026.07.23 20:06:46;VENDA;28601.00;28436.93;-164.07;-16407.00;200.00;SIM;SIM;VENDA_EXECUTADA;503130361
20260723141252966053;2026.07.23 20:12:54;COMPRA;28648.25;28487.08;-161.17;-16117.00;200.00;SIM;SIM;COMPRA_EXECUTADA;503135376
20260723142014616709;2026.07.23 20:20:16;COMPRA;28650.25;28491.18;-159.07;-15907.00;200.00;SIM;SIM;COMPRA_EXECUTADA;503139833
20260723142337373255;2026.07.23 20:23:39;COMPRA;28643.25;28488.08;-155.17;-15517.00;200.00;SIM;SIM;COMPRA_EXECUTADA;503141772
20260723142624931782;2026.07.23 20:26:26;VENDA;28660.75;28502.38;-158.37;-15837.00;200.00;SIM;SIM;VENDA_EXECUTADA;503143036
20260723143557238539;2026.07.23 20:35:59;VENDA;28602.25;28434.53;-167.72;-16772.00;200.00;SIM;SIM;VENDA_EXECUTADA;503148720
20260723144847494066;2026.07.23 20:48:49;VENDA;28610.25;28455.63;-154.62;-15462.00;200.00;SIM;SIM;VENDA_EXECUTADA;503159385
20260723145449472160;2026.07.23 20:54:59;COMPRA;28611.00;28434.83;-176.17;-17617.00;200.00;SIM;SIM;COMPRA_EXECUTADA;503161806
20260723145601913748;2026.07.23 20:56:03;COMPRA;28590.50;28424.63;-165.87;-16587.00;200.00;SIM;SIM;COMPRA_EXECUTADA;503162408
20260723150139569465;2026.07.23 21:01:41;VENDA;28556.25;28391.63;-164.62;-16462.00;200.00;SIM;SIM;VENDA_EXECUTADA;503168034
20260723150428897741;2026.07.23 21:04:30;VENDA;28563.50;28398.98;-164.52;-16452.00;200.00;SIM;SIM;VENDA_EXECUTADA;503169582
20260723150428897741;2026.07.23 21:11:47;VENDA;28563.50;28399.38;-164.12;-16412.00;200.00;SIM;SIM;VENDA_EXECUTADA;503173799
20260723151253620457;2026.07.23 21:12:55;COMPRA;28576.00;28415.08;-160.92;-16092.00;200.00;SIM;SIM;COMPRA_EXECUTADA;503174294
20260723151653178162;2026.07.23 21:16:55;COMPRA;28578.00;28407.08;-170.92;-17092.00;200.00;SIM;SIM;COMPRA_EXECUTADA;503176209
20260723152541017563;2026.07.23 21:25:43;VENDA;28563.50;28400.13;-163.37;-16337.00;200.00;SIM;SIM;VENDA_EXECUTADA;503180124
20260723153406073241;2026.07.23 21:34:08;COMPRA;28582.00;28430.58;-151.42;-15142.00;200.00;SIM;SIM;COMPRA_EXECUTADA;503186273
20260723153806846502;2026.07.23 21:38:09;COMPRA;28569.00;28403.33;-165.67;-16567.00;200.00;SIM;SIM;COMPRA_EXECUTADA;503188224
20260723153931008688;2026.07.23 21:39:33;COMPRA;28563.25;28400.23;-163.02;-16302.00;200.00;SIM;SIM;COMPRA_EXECUTADA;503188657
20260723154932920899;2026.07.23 21:49:34;VENDA;28565.75;28399.68;-166.07;-16607.00;200.00;SIM;SIM;VENDA_EXECUTADA;503193693
20260723155844925624;2026.07.23 21:58:47;VENDA;28527.25;28369.18;-158.07;-15807.00;200.00;SIM;SIM;VENDA_EXECUTADA;503197485
20260723155959294625;2026.07.23 22:00:01;COMPRA;28558.50;28395.08;-163.42;-16342.00;200.00;SIM;SIM;COMPRA_EXECUTADA;503198256
20260723160239252125;2026.07.23 22:02:41;COMPRA;28545.25;28383.13;-162.12;-16212.00;200.00;SIM;SIM;COMPRA_EXECUTADA;503199899
20260723160328271472;2026.07.23 22:03:30;VENDA;28532.00;28365.98;-166.02;-16602.00;200.00;SIM;SIM;VENDA_EXECUTADA;503200092
20260723160910723271;2026.07.23 22:10:02;VENDA;28511.25;28343.53;-167.72;-16772.00;200.00;SIM;SIM;VENDA_EXECUTADA;503202635
20260723161621243287;2026.07.23 22:16:23;COMPRA;28526.25;28360.08;-166.17;-16617.00;200.00;SIM;SIM;COMPRA_EXECUTADA;503205679
20260723162140044781;2026.07.23 22:21:42;COMPRA;28555.50;28391.43;-164.07;-16407.00;200.00;SIM;SIM;COMPRA_EXECUTADA;503208483
20260723162758847366;2026.07.23 22:28:01;VENDA;28583.25;28417.38;-165.87;-16587.00;200.00;SIM;SIM;VENDA_EXECUTADA;503211555
20260723163304053344;2026.07.23 22:33:06;VENDA;28552.25;28391.28;-160.97;-16097.00;200.00;SIM;SIM;VENDA_EXECUTADA;503214953
20260723163506110361;2026.07.23 22:35:08;VENDA;28553.75;28388.68;-165.07;-16507.00;200.00;SIM;SIM;VENDA_EXECUTADA;503216039
20260723164126341025;2026.07.23 22:41:28;VENDA;28529.75;28367.98;-161.77;-16177.00;200.00;SIM;SIM;VENDA_EXECUTADA;503218398
20260723164331357635;2026.07.23 22:43:33;COMPRA;28513.75;28355.13;-158.62;-15862.00;200.00;SIM;SIM;COMPRA_EXECUTADA;503219513
20260723164616911134;2026.07.23 22:46:19;VENDA;28494.50;28328.18;-166.32;-16632.00;200.00;SIM;SIM;VENDA_EXECUTADA;503221795
20260723164913644179;2026.07.23 22:49:15;VENDA;28497.00;28330.98;-166.02;-16602.00;200.00;SIM;SIM;VENDA_EXECUTADA;503223229
20260723165039117095;2026.07.23 22:50:41;VENDA;28525.25;28363.43;-161.82;-16182.00;200.00;SIM;SIM;VENDA_EXECUTADA;503224370
20260723165530261800;2026.07.23 22:55:32;COMPRA;28568.75;28409.58;-159.17;-15917.00;200.00;SIM;SIM;COMPRA_EXECUTADA;503227897
20260723165954776941;2026.07.23 22:59:57;VENDA;28620.25;28452.43;-167.82;-16782.00;200.00;SIM;SIM;VENDA_EXECUTADA;503231527
20260723170237607132;2026.07.23 23:02:39;VENDA;28665.00;28514.84;-150.16;-15016.00;200.00;SIM;SIM;VENDA_EXECUTADA;503234152
20260723170336187818;2026.07.23 23:03:38;COMPRA;28725.00;28554.97;-170.03;-17003.00;200.00;SIM;SIM;COMPRA_EXECUTADA;503234668
20260723172355226824;2026.07.23 23:23:57;COMPRA;28767.50;28604.07;-163.43;-16343.00;200.00;SIM;SIM;COMPRA_EXECUTADA;503241483
