regra_bloqueio,componentes,variaveis,validacao_temporal,score_rank,treino_trades_base,treino_trades_bloqueados,treino_losses_evitados,treino_gains_perdidos,treino_resultado_base,treino_resultado_novo,treino_melhoria_resultado,treino_pf_base,treino_pf_novo,treino_melhoria_pf,treino_dd_base,treino_dd_novo,treino_reducao_dd,treino_expectancia_nova,treino_winrate_novo,teste_trades_base,teste_trades_bloqueados,teste_losses_evitados,teste_gains_perdidos,teste_resultado_base,teste_resultado_novo,teste_melhoria_resultado,teste_pf_base,teste_pf_novo,teste_melhoria_pf,teste_dd_base,teste_dd_novo,teste_reducao_dd,teste_expectancia_nova,teste_winrate_novo,estabilidade_resultado,saldo_eventos_teste,tipo_regra,candidata_conservadora
13a_features_tempo_real__pre60__adv_ratio_volatilidade_close_pontos_15s_60s__ret_pct >= 80.334631,1,13a_features_tempo_real__pre60__adv_ratio_volatilidade_close_pontos_15s_60s__ret_pct,True,4115.272727271779,144,29,16,13,-2239.9999999928696,2640.0000000059663,4879.999999998836,0.9562500000001393,1.0687500000001553,0.11250000000001603,18159.999999996944,11279.99999999738,6879.999999999563,22.956521739182314,58.26086956521739,63,12,7,5,9520.000000003347,12000.00000000291,2479.9999999995634,1.540909090909281,2.0000000000002425,0.4590909090909614,5439.999999999418,4319.999999999709,1119.999999999709,235.29411764711588,70.58823529411765,2479.9999999995634,2,SIMPLES,True
(13a_features_tempo_real__pre60__adv_ratio_volatilidade_close_pontos_15s_60s__delta >= 0.61612943) E (13a_features_tempo_real__pre60__adv_ratio_volatilidade_close_pontos_15s_60s__ret_pct >= 80.334631),2,13a_features_tempo_real__pre60__adv_ratio_volatilidade_close_pontos_15s_60s__delta | 13a_features_tempo_real__pre60__adv_ratio_volatilidade_close_pontos_15s_60s__ret_pct,True,3919.2727272718303,144,27,15,12,-2239.9999999928696,2080.000000006112,4319.999999998981,0.9562500000001393,1.0530612244899518,0.0968112244898125,18159.999999996944,11839.999999997235,6319.999999999709,17.777777777830014,58.119658119658126,63,12,7,5,9520.000000003347,12000.00000000291,2479.9999999995634,1.540909090909281,2.0000000000002425,0.4590909090909614,5439.999999999418,4319.999999999709,1119.999999999709,235.29411764711588,70.58823529411765,2479.9999999995634,2,COMBINADA,True
13a_features_tempo_real__pre60__adv_ratio_volatilidade_close_pontos_15s_60s__delta >= 0.61612943,1,13a_features_tempo_real__pre60__adv_ratio_volatilidade_close_pontos_15s_60s__delta,True,3415.2727272717793,144,29,15,14,-2239.9999999928696,640.0000000059663,2879.999999998836,0.9562500000001393,1.0163265306123972,0.06007653061225793,18159.999999996944,11839.999999997235,6319.999999999709,5.565217391356229,57.391304347826086,63,12,7,5,9520.000000003347,12000.00000000291,2479.9999999995634,1.540909090909281,2.0000000000002425,0.4590909090909614,5439.999999999418,4319.999999999709,1119.999999999709,235.29411764711588,70.58823529411765,2479.9999999995634,2,SIMPLES,True
13a_features_tempo_real__pre60__adv_delta_spread_minimo_15s_30s__repique_min >= 0.16557971,1,13a_features_tempo_real__pre60__adv_delta_spread_minimo_15s_30s__repique_min,True,1219.272727272437,144,15,9,6,-2239.9999999928696,640.0000000066939,2879.9999999995634,0.9562500000001393,1.0145454545456067,0.05829545454546747,18159.999999996944,16879.99999999738,1279.9999999995634,4.96124031012941,57.36434108527132,63,4,2,2,9520.000000003347,9680.000000003201,159.99999999985448,1.540909090909281,1.6050000000002,0.06409090909091897,5439.999999999418,4639.999999999418,800.0,164.06779661022375,66.10169491525424,159.99999999985448,0,SIMPLES,True
13a_features_tempo_real__pre60__adv_delta_spread_minimo_15s_30s__std >= 0.13293458,1,13a_features_tempo_real__pre60__adv_delta_spread_minimo_15s_30s__std,False,3553.55844155654,144,72,30,42,-2239.9999999928696,-2719.9999999967986,-480.000000003929,0.9562500000001393,0.9000000000001177,-0.05625000000002156,18159.999999996944,9759.9999999984,8399.999999998545,-37.77777777773331,52.77777777777778,63,13,8,5,9520.000000003347,12800.00000000291,3279.9999999995634,1.540909090909281,2.1428571428574026,0.6019480519481215,5439.999999999418,3519.999999999709,1919.999999999709,256.0000000000582,72.0,-480.000000003929,3,SIMPLES,False
13a_features_tempo_real__pre60__adv_ratio_volatilidade_close_pontos_15s_60s__ret_pct >= 99.581129,1,13a_features_tempo_real__pre60__adv_ratio_volatilidade_close_pontos_15s_60s__ret_pct,False,3262.2727272719203,144,15,7,8,-2239.9999999928696,-1439.9999999935972,799.9999999992724,0.9562500000001393,0.9684210526317194,0.012171052631580137,18159.999999996944,15039.999999997235,3119.999999999709,-11.162790697624784,55.81395348837209,63,10,6,4,9520.000000003347,12400.00000000291,2879.9999999995634,1.540909090909281,1.9687500000002274,0.4278409090909463,5439.999999999418,4319.999999999709,1119.999999999709,233.96226415099832,69.81132075471697,799.9999999992724,2,SIMPLES,False
13a_features_tempo_real__pre60__adv_delta_spread_minimo_15s_30s__delta <= -0.25,1,13a_features_tempo_real__pre60__adv_delta_spread_minimo_15s_30s__delta,False,3137.9393939388156,144,17,7,10,-2239.9999999928696,5.820766091346741e-09,2239.9999999986903,0.9562500000001393,1.0000000000001277,0.04374999999998841,18159.999999996944,18719.999999997526,-560.0000000005821,4.583280386887198e-11,55.118110236220474,63,6,4,2,9520.000000003347,11280.000000003201,1759.9999999998545,1.540909090909281,1.7833333333335557,0.24242424242427463,5439.999999999418,3839.999999999418,1600.0,197.89473684216142,68.42105263157895,1759.9999999998545,2,SIMPLES,False
13a_features_tempo_real__pre60__adv_ratio_volatilidade_close_pontos_15s_60s__delta >= 0.71244615,1,13a_features_tempo_real__pre60__adv_ratio_volatilidade_close_pontos_15s_60s__delta,False,3127.2727272721263,144,15,7,8,-2239.9999999928696,-1439.9999999935972,799.9999999992724,0.9562500000001393,0.9684210526317194,0.012171052631580137,18159.999999996944,15039.999999997235,3119.999999999709,-11.162790697624784,55.81395348837209,63,6,4,2,9520.000000003347,12240.000000003056,2719.999999999709,1.540909090909281,1.8500000000002121,0.30909090909093107,5439.999999999418,4879.999999999563,559.9999999998545,214.73684210531678,68.42105263157895,799.9999999992724,2,SIMPLES,False
13a_features_tempo_real__pre60__adv_ratio_volatilidade_close_pontos_15s_60s__ret_pct >= 33.803195,1,13a_features_tempo_real__pre60__adv_ratio_volatilidade_close_pontos_15s_60s__ret_pct,False,3020.9870129836936,144,72,36,36,-2239.9999999928696,5440.0000000037835,7679.999999996653,0.9562500000001393,1.2428571428573119,0.2866071428571726,18159.999999996944,3519.9999999982538,14639.99999999869,75.55555555560811,61.111111111111114,63,35,15,20,9520.000000003347,10960.00000000131,1439.9999999979627,1.540909090909281,2.957142857143091,1.4162337662338098,5439.999999999418,1919.999999999709,3519.999999999709,391.4285714286182,75.0,1439.9999999979627,-5,SIMPLES,False
13a_features_tempo_real__pre60__adv_delta_spread_minimo_15s_30s__first >= 0.15190476,1,13a_features_tempo_real__pre60__adv_delta_spread_minimo_15s_30s__first,False,2558.5668449189625,144,29,16,13,-2239.9999999928696,5520.00000000553,7759.999999998399,0.9562500000001393,1.143750000000144,0.18750000000000466,18159.999999996944,15039.999999997963,3119.9999999989814,48.00000000004808,58.26086956521739,63,10,5,5,9520.000000003347,9440.000000003056,-80.00000000029104,1.540909090909281,1.6941176470590482,0.15320855614976714,5439.999999999418,3839.999999999418,1600.0,178.11320754722746,67.9245283018868,-80.00000000029104,0,SIMPLES,False
13a_features_tempo_real__pre60__adv_ratio_volatilidade_close_pontos_15s_60s__ret_pct >= 42.902164,1,13a_features_tempo_real__pre60__adv_ratio_volatilidade_close_pontos_15s_60s__ret_pct,False,2090.54545454296,144,58,31,27,-2239.9999999928696,5520.000000004802,7759.999999997672,0.9562500000001393,1.209090909091091,0.2528409090909518,18159.999999996944,4479.999999998108,13679.999999998836,64.18604651168374,61.627906976744185,63,27,11,16,9520.000000003347,10640.0000000016,1119.9999999982538,1.540909090909281,2.209090909091091,0.66818181818181,5439.999999999418,3599.9999999992724,1840.0000000001455,295.5555555556,69.44444444444444,1119.9999999982538,-5,SIMPLES,False
13a_features_tempo_real__last__pre_30s_spread_minimo >= 1.0729167,1,13a_features_tempo_real__last__pre_30s_spread_minimo,False,1860.2727272709217,144,72,32,40,-2239.9999999928696,-2559.9999999962165,-320.00000000334694,0.9562500000001393,0.9000000000001478,-0.056249999999991473,18159.999999996944,9759.999999999127,8399.999999997817,-35.555555555503005,55.55555555555556,63,12,6,6,9520.000000003347,10960.000000002765,1439.999999999418,1.540909090909281,1.856250000000216,0.31534090909093493,5439.999999999418,2479.9999999995634,2959.9999999998545,214.90196078436793,68.62745098039215,-320.00000000334694,0,SIMPLES,False
13a_features_tempo_real__pre60__adv_ratio_volatilidade_close_pontos_15s_60s__delta >= 0.40870072,1,13a_features_tempo_real__pre60__adv_ratio_volatilidade_close_pontos_15s_60s__delta,False,1844.7272727244954,144,58,31,27,-2239.9999999928696,6480.000000004657,8719.999999997526,0.9562500000001393,1.245454545454722,0.28920454545458263,18159.999999996944,5279.999999998108,12879.999999998836,75.34883720935647,61.627906976744185,63,28,11,17,9520.000000003347,10400.000000001455,879.9999999981083,1.540909090909281,2.1818181818183473,0.6409090909090662,5439.999999999418,3839.999999999418,1600.0,297.1428571428987,68.57142857142857,879.9999999981083,-6,SIMPLES,False
13a_features_tempo_real__pre60__adv_delta_spread_minimo_15s_30s__slope >= 0.010419813,1,13a_features_tempo_real__pre60__adv_delta_spread_minimo_15s_30s__slope,False,1787.2727272725388,144,14,6,8,-2239.9999999928696,-3199.9999999934516,-960.0000000005821,0.9562500000001393,0.9310344827587618,-0.025215517241377494,18159.999999996944,17039.999999997235,1119.999999999709,-24.615384615334243,55.38461538461539,63,2,2,0,9520.000000003347,11120.000000003347,1600.0,1.540909090909281,1.6950000000002092,0.15409090909092815,5439.999999999418,4639.999999999418,800.0,182.29508196726798,67.21311475409836,-960.0000000005821,2,SIMPLES,False
13a_features_tempo_real__pre60__adv_delta_spread_minimo_15s_30s__first >= 0.25,1,13a_features_tempo_real__pre60__adv_delta_spread_minimo_15s_30s__first,False,1671.272727272149,144,17,7,10,-2239.9999999928696,5.820766091346741e-09,2239.9999999986903,0.9562500000001393,1.0000000000001277,0.04374999999998841,18159.999999996944,18719.999999997526,-560.0000000005821,4.583280386887198e-11,55.118110236220474,63,7,4,3,9520.000000003347,10080.000000003201,559.9999999998545,1.540909090909281,1.7000000000002222,0.15909090909094115,5439.999999999418,3839.999999999418,1600.0,180.00000000005716,67.85714285714286,559.9999999998545,1,SIMPLES,False
13a_features_tempo_real__last__pre_15s_spread_minimo >= 1.1583333,1,13a_features_tempo_real__last__pre_15s_spread_minimo,False,1608.91978609439,144,72,33,39,-2239.9999999928696,400.000000003638,2639.9999999965075,0.9562500000001393,1.0161290322582113,0.05987903225807201,18159.999999996944,8719.999999998981,9439.999999997963,5.555555555606083,56.94444444444444,63,11,5,6,9520.000000003347,10160.000000002765,639.9999999994179,1.540909090909281,1.7470588235296152,0.2061497326203341,5439.999999999418,3279.9999999995634,2159.9999999998545,195.38461538466856,67.3076923076923,639.9999999994179,-1,SIMPLES,False
13a_features_tempo_real__pre60__adv_ratio_volatilidade_close_pontos_15s_60s__dist_media <= 0.31478893,1,13a_features_tempo_real__pre60__adv_ratio_volatilidade_close_pontos_15s_60s__dist_media,False,1450.7012986998234,144,48,20,28,-2239.9999999928696,-3519.9999999953434,-1280.0000000024738,0.9562500000001393,0.9000000000001322,-0.05625000000000702,18159.999999996944,15039.99999999869,3119.9999999982538,-36.66666666661816,54.166666666666664,63,15,8,7,9520.000000003347,11360.000000002765,1839.999999999418,1.540909090909281,2.014285714285961,0.4733766233766801,5439.999999999418,3279.9999999995634,2159.9999999998545,236.66666666672427,70.83333333333334,-1280.0000000024738,1,SIMPLES,False
13a_features_tempo_real__pre60__adv_delta_spread_minimo_15s_30s__delta <= -0.125,1,13a_features_tempo_real__pre60__adv_delta_spread_minimo_15s_30s__delta,False,1438.5668449189625,144,30,15,15,-2239.9999999928696,2320.0000000055297,4559.999999998399,0.9562500000001393,1.0591836734695288,0.10293367346938953,18159.999999996944,16159.999999997672,1999.9999999992724,20.350877193030964,57.01754385964912,63,10,5,5,9520.000000003347,9440.000000003056,-80.00000000029104,1.540909090909281,1.6941176470590482,0.15320855614976714,5439.999999999418,3839.999999999418,1600.0,178.11320754722746,67.9245283018868,-80.00000000029104,0,SIMPLES,False
13a_features_tempo_real__pre60__adv_ratio_volatilidade_close_pontos_15s_60s__ret_pct >= 57.737779,1,13a_features_tempo_real__pre60__adv_ratio_volatilidade_close_pontos_15s_60s__ret_pct,False,1436.5034965017298,144,48,25,23,-2239.9999999928696,4560.000000004948,6799.999999997817,0.9562500000001393,1.1461538461540048,0.18990384615386557,18159.999999996944,7679.999999997381,10479.999999999563,47.500000000051536,59.375,63,21,9,12,9520.000000003347,10000.000000002183,479.99999999883585,1.540909090909281,1.9615384615386715,0.42062937062939043,5439.999999999418,4159.999999999127,1280.000000000291,238.09523809529006,69.04761904761905,479.99999999883585,-3,SIMPLES,False
13a_features_tempo_real__pre60__adv_ratio_volatilidade_close_pontos_15s_60s__delta >= 0.3520754,1,13a_features_tempo_real__pre60__adv_ratio_volatilidade_close_pontos_15s_60s__delta,False,1429.272727269581,144,72,36,36,-2239.9999999928696,4480.000000003929,6719.999999996799,0.9562500000001393,1.2000000000001754,0.2437500000000361,18159.999999996944,3679.9999999981083,14479.999999998836,62.22222222227679,61.111111111111114,63,34,14,20,9520.000000003347,10160.00000000131,639.9999999979627,1.540909090909281,2.5875000000002046,1.0465909090909236,5439.999999999418,2239.999999999418,3200.0,350.34482758625205,72.41379310344827,639.9999999979627,-6,SIMPLES,False
13a_features_tempo_real__window__n <= 3,1,13a_features_tempo_real__window__n,False,946.1298701294195,144,16,9,7,-2239.9999999928696,2320.0000000062573,4559.999999999127,0.9562500000001393,1.0527272727274148,0.09647727272727558,18159.999999996944,16559.99999999767,1599.9999999992724,18.125000000048885,57.03125,63,3,1,2,9520.000000003347,8880.000000003201,-640.0000000001455,1.540909090909281,1.5285714285716192,-0.01233766233766187,5439.999999999418,4639.999999999418,800.0,148.00000000005335,65.0,-640.0000000001455,-1,SIMPLES,False
13a_features_tempo_real__pre60__adv_ratio_volatilidade_close_pontos_15s_60s__delta >= 0.49037878,1,13a_features_tempo_real__pre60__adv_ratio_volatilidade_close_pontos_15s_60s__delta,False,794.9650349634248,144,48,24,24,-2239.9999999928696,2560.0000000049477,4799.999999997817,0.9562500000001393,1.0800000000001546,0.12375000000001535,18159.999999996944,8479.99999999738,9679.999999999563,26.666666666718204,58.333333333333336,63,20,9,11,9520.000000003347,10240.000000002328,719.9999999989814,1.540909090909281,1.9846153846156085,0.4437062937063274,5439.999999999418,4959.999999999127,480.00000000029104,238.13953488377507,69.76744186046511,719.9999999989814,-2,SIMPLES,False
13a_features_tempo_real__pre60__adv_delta_spread_minimo_15s_30s__mean >= 0.08910018,1,13a_features_tempo_real__pre60__adv_delta_spread_minimo_15s_30s__mean,False,482.5454545426692,144,86,35,51,-2239.9999999928696,-3759.9999999976717,-1520.0000000048021,0.9562500000001393,0.837931034482859,-0.11831896551728027,18159.999999996944,7119.999999998981,11039.999999997963,-64.82758620685641,50.0,63,23,11,12,9520.000000003347,10640.000000002328,1119.9999999989814,1.540909090909281,2.2090909090911737,0.6681818181818926,5439.999999999418,1919.999999999709,3519.999999999709,266.0000000000582,72.5,-1520.0000000048021,-1,SIMPLES,False
13a_features_tempo_real__pre60__adv_z_pre_15s_spread_medio__first >= 1.0052433,1,13a_features_tempo_real__pre60__adv_z_pre_15s_spread_medio__first,False,284.44919785914817,144,86,40,46,-2239.9999999928696,-479.99999999665306,1759.9999999962165,0.9562500000001393,0.9750000000001743,0.018750000000035016,18159.999999996944,13519.999999998981,4639.999999997963,-8.275862068907811,58.620689655172406,63,11,5,6,9520.000000003347,9200.00000000291,-320.00000000043656,1.540909090909281,1.6764705882355082,0.13556149732622713,5439.999999999418,3279.9999999995634,2159.9999999998545,176.9230769231329,67.3076923076923,-320.00000000043656,-1,SIMPLES,False
13a_features_tempo_real__pre60__pre_15s_spread_medio__first >= 1.619765,1,13a_features_tempo_real__pre60__pre_15s_spread_medio__first,False,284.44919785914817,144,86,40,46,-2239.9999999928696,-479.99999999665306,1759.9999999962165,0.9562500000001393,0.9750000000001743,0.018750000000035016,18159.999999996944,13519.999999998981,4639.999999997963,-8.275862068907811,58.620689655172406,63,11,5,6,9520.000000003347,9200.00000000291,-320.00000000043656,1.540909090909281,1.6764705882355082,0.13556149732622713,5439.999999999418,3279.9999999995634,2159.9999999998545,176.9230769231329,67.3076923076923,-320.00000000043656,-1,SIMPLES,False
13a_features_tempo_real__pre60__adv_delta_spread_minimo_15s_30s__std >= 0.10723647,1,13a_features_tempo_real__pre60__adv_delta_spread_minimo_15s_30s__std,False,244.36363636100987,144,86,34,52,-2239.9999999928696,-5759.999999997672,-3520.000000004802,0.9562500000001393,0.760000000000097,-0.19625000000004222,18159.999999996944,9999.999999997817,8159.999999999127,-99.31034482754606,48.275862068965516,63,22,11,11,9520.000000003347,10880.000000002474,1359.9999999991269,1.540909090909281,2.2363636363639174,0.6954545454546364,5439.999999999418,1919.999999999709,3519.999999999709,265.3658536585969,73.17073170731707,-3520.000000004802,0,SIMPLES,False
13a_features_tempo_real__pre60__adv_ratio_volatilidade_close_pontos_15s_60s__slope >= 0.031041396,1,13a_features_tempo_real__pre60__adv_ratio_volatilidade_close_pontos_15s_60s__slope,False,239.2727272724369,144,14,7,7,-2239.9999999928696,-2159.999999993306,79.99999999956344,0.9562500000001393,0.9526315789475153,-0.003618421052623999,18159.999999996944,18159.999999996944,0.0,-16.615384615333124,56.15384615384615,63,4,2,2,9520.000000003347,9680.000000003201,159.99999999985448,1.540909090909281,1.6050000000002,0.06409090909091897,5439.999999999418,4639.999999999418,800.0,164.06779661022375,66.10169491525424,79.99999999956344,0,SIMPLES,False
13a_features_tempo_real__pre60__adv_delta_spread_minimo_15s_30s__recuo_max <= -0.15104167,1,13a_features_tempo_real__pre60__adv_delta_spread_minimo_15s_30s__recuo_max,False,191.27272726869705,144,108,46,62,-2239.9999999928696,-2399.999999998545,-160.00000000567525,0.9562500000001393,0.8333333333334344,-0.12291666666670487,18159.999999996944,5199.999999998545,12959.9999999984,-66.66666666662624,50.0,63,38,17,21,9520.000000003347,10400.000000001455,879.9999999981083,1.540909090909281,3.600000000000364,2.0590909090910827,5439.999999999418,1600.0,3839.999999999418,416.0000000000582,80.0,-160.00000000567525,-4,SIMPLES,False
13a_features_tempo_real__pre60__adv_delta_spread_minimo_15s_30s__mean >= 0.14866975,1,13a_features_tempo_real__pre60__adv_delta_spread_minimo_15s_30s__mean,False,160.95693779736303,144,48,20,28,-2239.9999999928696,-639.99999999578,1599.9999999970896,0.9562500000001393,0.9818181818183017,0.02556818181816245,18159.999999996944,12479.999999998108,5679.999999998836,-6.6666666666227075,54.166666666666664,63,8,3,5,9520.000000003347,9760.000000002765,239.99999999941792,1.540909090909281,1.6421052631580766,0.10119617224879551,5439.999999999418,4879.999999999563,559.9999999998545,177.45454545459572,65.45454545454545,239.99999999941792,-2,SIMPLES,False
13a_features_tempo_real__pre60__adv_ratio_volatilidade_close_pontos_15s_60s__repique_min <= 0.55734444,1,13a_features_tempo_real__pre60__adv_ratio_volatilidade_close_pontos_15s_60s__repique_min,False,128.27272727191485,144,36,17,19,-2239.9999999928696,-879.9999999944703,1359.9999999983993,0.9562500000001393,0.9765957446809981,0.020345744680858813,18159.999999996944,15839.999999997963,2319.9999999989814,-8.148148148096947,56.481481481481474,63,12,6,6,9520.000000003347,9040.000000003056,-480.00000000029104,1.540909090909281,1.7062500000002387,0.16534090909095767,5439.999999999418,3039.999999999418,2400.0,177.25490196084422,68.62745098039215,-480.00000000029104,0,SIMPLES,False
13a_features_tempo_real__last__pre_15s_spread_minimo >= 1.25,1,13a_features_tempo_real__last__pre_15s_spread_minimo,False,120.60606060454211,144,63,28,35,-2239.9999999928696,-2639.99999999578,-400.0000000029104,0.9562500000001393,0.9083333333334799,-0.04791666666665939,18159.999999996944,11759.9999999984,6399.999999998545,-32.59259259254049,55.55555555555556,63,9,4,5,9520.000000003347,9600.00000000291,79.99999999956344,1.540909090909281,1.6666666666668688,0.12575757575758773,5439.999999999418,3279.9999999995634,2159.9999999998545,177.7777777778317,66.66666666666666,-400.0000000029104,-1,SIMPLES,False
13a_features_tempo_real__pre60__adv_ratio_volatilidade_close_pontos_15s_60s__slope <= -0.006223393,1,13a_features_tempo_real__pre60__adv_ratio_volatilidade_close_pontos_15s_60s__slope,False,87.2727272722841,144,14,8,6,-2239.9999999928696,-159.99999999330612,2079.9999999995634,0.9562500000001393,0.9964285714287209,0.04017857142858161,18159.999999996944,14799.99999999709,3359.9999999998545,-1.2307692307177394,56.92307692307692,63,5,2,3,9520.000000003347,9440.000000003056,-80.00000000029104,1.540909090909281,1.590000000000191,0.04909090909090996,5439.999999999418,5439.999999999418,0.0,162.75862068970787,65.51724137931035,-80.00000000029104,-1,SIMPLES,False
13a_features_tempo_real__pre60__adv_ratio_volatilidade_close_pontos_15s_60s__dist_media <= 0.28255158,1,13a_features_tempo_real__pre60__adv_ratio_volatilidade_close_pontos_15s_60s__dist_media,False,-17.43315508098658,144,36,17,19,-2239.9999999928696,-1839.9999999943248,399.9999999985448,0.9562500000001393,0.951063829787385,-0.005186170212754249,18159.999999996944,15679.999999998108,2479.999999998836,-17.03703703698449,56.481481481481474,63,10,5,5,9520.000000003347,9440.000000003056,-80.00000000029104,1.540909090909281,1.6941176470590482,0.15320855614976714,5439.999999999418,3839.999999999418,1600.0,178.11320754722746,67.9245283018868,-80.00000000029104,0,SIMPLES,False
13a_features_tempo_real__pre60__adv_z_pre_15s_spread_medio__slope >= 0.0073168315,1,13a_features_tempo_real__pre60__adv_z_pre_15s_spread_medio__slope,False,-99.01298701401947,144,43,15,28,-2239.9999999928696,-11359.999999994761,-9120.000000001892,0.9562500000001393,0.7102040816327867,-0.24604591836735257,18159.999999996944,15359.999999996217,2800.0000000007276,-112.4752475247006,51.48514851485149,63,13,8,5,9520.000000003347,11840.000000003056,2319.999999999709,1.540909090909281,2.05714285714313,0.516233766233849,5439.999999999418,2719.999999999709,2719.999999999709,236.80000000006112,72.0,-9120.000000001892,3,SIMPLES,False
13a_features_tempo_real__pre60__adv_z_pre_15s_spread_medio__slope <= -0.01923502,1,13a_features_tempo_real__pre60__adv_z_pre_15s_spread_medio__slope,False,-168.0000000002542,144,14,12,2,-2239.9999999928696,6880.000000006839,9119.999999999709,0.9562500000001393,1.1653846153847798,0.2091346153846405,18159.999999996944,13199.999999997817,4959.999999999127,52.923076923129535,60.0,63,3,0,3,9520.000000003347,6880.000000003201,-2640.0000000001455,1.540909090909281,1.3909090909092727,-0.15000000000000835,5439.999999999418,5439.999999999418,0.0,114.66666666672002,63.33333333333333,-2640.0000000001455,-3,SIMPLES,False
13a_features_tempo_real__pre60__adv_delta_spread_minimo_15s_30s__dist_media <= -0.10216431,1,13a_features_tempo_real__pre60__adv_delta_spread_minimo_15s_30s__dist_media,False,-178.37433155248573,144,58,21,37,-2239.9999999928696,-8719.999999996071,-6480.000000003201,0.9562500000001393,0.7465116279070909,-0.20973837209304835,18159.999999996944,14959.999999996944,3200.0,-101.39534883716361,50.0,63,9,5,4,9520.000000003347,11600.00000000291,2079.9999999995634,1.540909090909281,1.8529411764708021,0.31203208556152107,5439.999999999418,4319.999999999709,1119.999999999709,214.8148148148687,68.51851851851852,-6480.000000003201,1,SIMPLES,False
13a_features_tempo_real__pre60__adv_delta_spread_minimo_15s_30s__recuo_max <= -0.44464286,1,13a_features_tempo_real__pre60__adv_delta_spread_minimo_15s_30s__recuo_max,False,-215.3939393955079,144,58,21,37,-2239.9999999928696,-6799.999999996362,-4560.0000000034925,0.9562500000001393,0.8023255813954546,-0.15392441860468464,18159.999999996944,12719.999999998254,5439.99999999869,-79.06976744181816,50.0,63,7,4,3,9520.000000003347,11040.000000003056,1519.999999999709,1.540909090909281,1.7666666666668789,0.2257575757575978,5439.999999999418,4879.999999999563,559.9999999998545,197.1428571429117,67.85714285714286,-4560.0000000034925,1,SIMPLES,False
13a_features_tempo_real__pre60__adv_ratio_volatilidade_close_pontos_15s_60s__recuo_max <= -0.010719709,1,13a_features_tempo_real__pre60__adv_ratio_volatilidade_close_pontos_15s_60s__recuo_max,False,-328.7272727292084,144,36,14,22,-2239.9999999928696,-3999.999999994907,-1760.0000000020373,0.9562500000001393,0.9000000000001274,-0.0562500000000119,18159.999999996944,16399.999999997817,1759.9999999991269,-37.03703703698988,53.70370370370371,63,18,8,10,9520.000000003347,10640.000000002328,1119.9999999989814,1.540909090909281,1.9500000000002078,0.4090909090909267,5439.999999999418,3759.9999999998545,1679.9999999995634,236.44444444449618,68.88888888888889,-1760.0000000020373,-2,SIMPLES,False
13a_features_tempo_real__pre60__adv_delta_spread_minimo_15s_30s__dist_media <= -0.15324755,1,13a_features_tempo_real__pre60__adv_delta_spread_minimo_15s_30s__dist_media,False,-356.7272727283056,144,36,13,23,-2239.9999999928696,-4079.999999995198,-1840.0000000023283,0.9562500000001393,0.9000000000001177,-0.05625000000002156,18159.999999996944,14719.999999997526,3439.999999999418,-37.77777777773331,52.77777777777778,63,2,1,1,9520.000000003347,10080.000000003201,559.9999999998545,1.540909090909281,1.6000000000001906,0.05909090909090953,5439.999999999418,5679.999999999563,-240.00000000014552,165.24590163939675,65.57377049180327,-1840.0000000023283,0,SIMPLES,False
13a_features_tempo_real__pre60__adv_z_pre_15s_spread_medio__slope >= 0.009259569,1,13a_features_tempo_real__pre60__adv_z_pre_15s_spread_medio__slope,False,-392.727272728107,144,33,13,20,-2239.9999999928696,-6239.999999994325,-4000.000000001455,0.9562500000001393,0.8470588235295509,-0.1091911764705884,18159.999999996944,12959.999999997672,5199.999999999272,-56.21621621616509,54.054054054054056,63,11,6,5,9520.000000003347,10240.000000003056,719.999999999709,1.540909090909281,1.8000000000002387,0.25909090909095767,5439.999999999418,3279.9999999995634,2159.9999999998545,196.92307692313568,69.23076923076923,-4000.000000001455,1,SIMPLES,False
13a_features_tempo_real__pre60__adv_z_pre_15s_spread_medio__first >= 1.5579196,1,13a_features_tempo_real__pre60__adv_z_pre_15s_spread_medio__first,False,-393.4545454553088,144,36,18,18,-2239.9999999928696,2080.000000005384,4319.999999998254,0.9562500000001393,1.056521739130581,0.10027173913044174,18159.999999996944,14799.999999997817,3359.999999999127,19.259259259309115,57.407407407407405,63,2,0,2,9520.000000003347,8080.000000003201,-1440.0000000001455,1.540909090909281,1.459090909091091,-0.08181818181819,5439.999999999418,5439.999999999418,0.0,132.45901639349512,63.934426229508205,-1440.0000000001455,-2,SIMPLES,False
13a_features_tempo_real__pre60__pre_15s_spread_medio__first >= 1.8707792,1,13a_features_tempo_real__pre60__pre_15s_spread_medio__first,False,-393.4545454553088,144,36,18,18,-2239.9999999928696,2080.000000005384,4319.999999998254,0.9562500000001393,1.056521739130581,0.10027173913044174,18159.999999996944,14799.999999997817,3359.999999999127,19.259259259309115,57.407407407407405,63,2,0,2,9520.000000003347,8080.000000003201,-1440.0000000001455,1.540909090909281,1.459090909091091,-0.08181818181819,5439.999999999418,5439.999999999418,0.0,132.45901639349512,63.934426229508205,-1440.0000000001455,-2,SIMPLES,False
13a_features_tempo_real__pre60__adv_delta_spread_minimo_15s_30s__recuo_max <= -0.375,1,13a_features_tempo_real__pre60__adv_delta_spread_minimo_15s_30s__recuo_max,False,-424.7272727292509,144,72,27,45,-2239.9999999928696,-7759.999999996944,-5520.0000000040745,0.9562500000001393,0.7378378378379411,-0.21841216216219816,18159.999999996944,12479.99999999738,5679.999999999563,-107.77777777773534,48.61111111111111,63,11,6,5,9520.000000003347,11200.00000000291,1679.9999999995634,1.540909090909281,1.8750000000002274,0.3340909090909463,5439.999999999418,4319.999999999709,1119.999999999709,215.38461538467135,69.23076923076923,-5520.0000000040745,1,SIMPLES,False
13a_features_tempo_real__pre60__adv_delta_spread_minimo_15s_30s__mean >= 0.17498335,1,13a_features_tempo_real__pre60__adv_delta_spread_minimo_15s_30s__mean,False,-432.7272727282252,144,36,13,23,-2239.9999999928696,-4079.999999995198,-1840.0000000023283,0.9562500000001393,0.9000000000001177,-0.05625000000002156,18159.999999996944,15439.999999997963,2719.9999999989814,-37.77777777773331,52.77777777777778,63,4,2,2,9520.000000003347,9680.000000003201,159.99999999985448,1.540909090909281,1.6050000000002,0.06409090909091897,5439.999999999418,4639.999999999418,800.0,164.06779661022375,66.10169491525424,-1840.0000000023283,0,SIMPLES,False
13a_features_tempo_real__pre60__adv_delta_spread_minimo_15s_30s__slope >= 0.0050241862,1,13a_features_tempo_real__pre60__adv_delta_spread_minimo_15s_30s__slope,False,-439.3939393949486,144,33,14,19,-2239.9999999928696,-4239.999999994325,-2000.0000000014552,0.9562500000001393,0.8940000000001419,-0.06224999999999736,18159.999999996944,13519.999999997526,4639.999999999418,-38.19819819814707,54.95495495495496,63,9,4,5,9520.000000003347,9600.00000000291,79.99999999956344,1.540909090909281,1.6666666666668688,0.12575757575758773,5439.999999999418,3279.9999999995634,2159.9999999998545,177.7777777778317,66.66666666666666,-2000.0000000014552,-1,SIMPLES,False
13a_features_tempo_real__pre60__adv_ratio_volatilidade_close_pontos_15s_60s__range <= 0.58257854,1,13a_features_tempo_real__pre60__adv_ratio_volatilidade_close_pontos_15s_60s__range,False,-460.7272727280724,144,36,17,19,-2239.9999999928696,-879.9999999944703,1359.9999999983993,0.9562500000001393,0.9765957446809981,0.020345744680858813,18159.999999996944,16079.999999998108,2079.999999998836,-8.148148148096947,56.481481481481474,63,14,7,7,9520.000000003347,8640.000000003056,-880.000000000291,1.540909090909281,1.7200000000002547,0.17909090909097358,5439.999999999418,3039.999999999418,2400.0,176.32653061230727,69.38775510204081,-880.000000000291,0,SIMPLES,False
13a_features_tempo_real__pre60__adv_delta_spread_minimo_15s_30s__slope <= -0.009562747,1,13a_features_tempo_real__pre60__adv_delta_spread_minimo_15s_30s__slope,False,-468.7272727274104,144,14,8,6,-2239.9999999928696,-159.99999999330612,2079.9999999995634,0.9562500000001393,0.9964285714287209,0.04017857142858161,18159.999999996944,17999.99999999709,159.99999999985448,-1.2307692307177394,56.92307692307692,63,4,2,2,9520.000000003347,8720.000000003347,-800.0,1.540909090909281,1.545000000000209,0.004090909090928019,5439.999999999418,5439.999999999418,0.0,147.79661016954825,66.10169491525424,-800.0,0,SIMPLES,False
13a_features_tempo_real__pre60__adv_delta_spread_minimo_15s_30s__slope <= -0.0045579635,1,13a_features_tempo_real__pre60__adv_delta_spread_minimo_15s_30s__slope,False,-472.7272727277159,144,27,15,12,-2239.9999999928696,4000.0000000058208,6239.99999999869,0.9562500000001393,1.102040816326679,0.14579081632653978,18159.999999996944,15039.999999997235,3119.999999999709,34.18803418808394,58.119658119658126,63,5,2,3,9520.000000003347,7520.000000003347,-2000.0,1.540909090909281,1.4700000000002091,-0.07090909090907194,5439.999999999418,5439.999999999418,0.0,129.6551724138508,65.51724137931035,-2000.0,-1,SIMPLES,False
13a_features_tempo_real__last__adv_z_pre_15s_spread_medio >= 0.58782542,1,13a_features_tempo_real__last__adv_z_pre_15s_spread_medio,False,-473.72727272989323,144,115,51,64,-2239.9999999928696,-799.9999999985448,1439.9999999943248,0.9562500000001393,0.923076923077063,-0.03317307692307625,18159.999999996944,5200.0,12959.999999996944,-27.586206896501544,55.172413793103445,63,14,6,8,9520.000000003347,8560.000000002765,-960.0000000005821,1.540909090909281,1.668750000000216,0.12784090909093493,5439.999999999418,2479.9999999995634,2959.9999999998545,174.69387755107684,67.3469387755102,-960.0000000005821,-2,SIMPLES,False
13a_features_tempo_real__last__pre_15s_spread_medio >= 1.4301823,1,13a_features_tempo_real__last__pre_15s_spread_medio,False,-473.72727272989323,144,115,51,64,-2239.9999999928696,-799.9999999985448,1439.9999999943248,0.9562500000001393,0.923076923077063,-0.03317307692307625,18159.999999996944,5200.0,12959.999999996944,-27.586206896501544,55.172413793103445,63,14,6,8,9520.000000003347,8560.000000002765,-960.0000000005821,1.540909090909281,1.668750000000216,0.12784090909093493,5439.999999999418,2479.9999999995634,2959.9999999998545,174.69387755107684,67.3469387755102,-960.0000000005821,-2,SIMPLES,False
13a_features_tempo_real__pre60__adv_z_pre_15s_spread_medio__last >= 0.58782542,1,13a_features_tempo_real__pre60__adv_z_pre_15s_spread_medio__last,False,-473.72727272989323,144,115,51,64,-2239.9999999928696,-799.9999999985448,1439.9999999943248,0.9562500000001393,0.923076923077063,-0.03317307692307625,18159.999999996944,5200.0,12959.999999996944,-27.586206896501544,55.172413793103445,63,14,6,8,9520.000000003347,8560.000000002765,-960.0000000005821,1.540909090909281,1.668750000000216,0.12784090909093493,5439.999999999418,2479.9999999995634,2959.9999999998545,174.69387755107684,67.3469387755102,-960.0000000005821,-2,SIMPLES,False
13a_features_tempo_real__pre60__pre_15s_spread_medio__last >= 1.4301823,1,13a_features_tempo_real__pre60__pre_15s_spread_medio__last,False,-473.72727272989323,144,115,51,64,-2239.9999999928696,-799.9999999985448,1439.9999999943248,0.9562500000001393,0.923076923077063,-0.03317307692307625,18159.999999996944,5200.0,12959.999999996944,-27.586206896501544,55.172413793103445,63,14,6,8,9520.000000003347,8560.000000002765,-960.0000000005821,1.540909090909281,1.668750000000216,0.12784090909093493,5439.999999999418,2479.9999999995634,2959.9999999998545,174.69387755107684,67.3469387755102,-960.0000000005821,-2,SIMPLES,False
13a_features_tempo_real__last__adv_delta_spread_minimo_15s_30s >= 0.16666667,1,13a_features_tempo_real__last__adv_delta_spread_minimo_15s_30s,False,-496.7272727277667,144,17,10,7,-2239.9999999928696,1200.0000000065484,3439.999999999418,0.9562500000001393,1.0277777777779293,0.07152777777779007,18159.999999996944,16559.99999999767,1599.9999999992724,9.448818897689357,57.48031496062992,63,6,2,4,9520.000000003347,8240.000000003056,-1280.000000000291,1.540909090909281,1.515000000000191,-0.025909090909089993,5439.999999999418,4639.999999999418,800.0,144.56140350882555,64.91228070175438,-1280.000000000291,-2,SIMPLES,False
13a_features_tempo_real__pre60__adv_delta_spread_minimo_15s_30s__last >= 0.16666667,1,13a_features_tempo_real__pre60__adv_delta_spread_minimo_15s_30s__last,False,-496.7272727277667,144,17,10,7,-2239.9999999928696,1200.0000000065484,3439.999999999418,0.9562500000001393,1.0277777777779293,0.07152777777779007,18159.999999996944,16559.99999999767,1599.9999999992724,9.448818897689357,57.48031496062992,63,6,2,4,9520.000000003347,8240.000000003056,-1280.000000000291,1.540909090909281,1.515000000000191,-0.025909090909089993,5439.999999999418,4639.999999999418,800.0,144.56140350882555,64.91228070175438,-1280.000000000291,-2,SIMPLES,False
13a_features_tempo_real__pre60__adv_delta_spread_minimo_15s_30s__mean >= 0.083333333,1,13a_features_tempo_real__pre60__adv_delta_spread_minimo_15s_30s__mean,False,-497.0909090942155,144,96,39,57,-2239.9999999928696,-3919.9999999982538,-1680.0000000053842,0.9562500000001393,0.8040000000000873,-0.15225000000005195,18159.999999996944,7359.999999999127,10799.999999997817,-81.66666666663029,47.91666666666667,63,25,11,14,9520.000000003347,10160.000000002037,639.9999999986903,1.540909090909281,2.154545454545686,0.6136363636364051,5439.999999999418,1919.999999999709,3519.999999999709,267.36842105268516,71.05263157894737,-1680.0000000053842,-3,SIMPLES,False
13a_features_tempo_real__pre60__adv_delta_spread_minimo_15s_30s__slope <= -0.0034797613,1,13a_features_tempo_real__pre60__adv_delta_spread_minimo_15s_30s__slope,False,-556.7272727277668,144,33,18,15,-2239.9999999928696,3760.0000000056752,5999.999999998545,0.9562500000001393,1.1021739130436325,0.14592391304349328,18159.999999996944,13439.999999997235,4719.999999999709,33.873873873925,58.55855855855856,63,5,2,3,9520.000000003347,7520.000000003347,-2000.0,1.540909090909281,1.4700000000002091,-0.07090909090907194,5439.999999999418,5439.999999999418,0.0,129.6551724138508,65.51724137931035,-2000.0,-1,SIMPLES,False
13a_features_tempo_real__pre60__adv_delta_spread_minimo_15s_30s__max >= 0.32666667,1,13a_features_tempo_real__pre60__adv_delta_spread_minimo_15s_30s__max,False,-558.9090909115807,144,86,35,51,-2239.9999999928696,-4719.999999997526,-2480.0000000046566,0.9562500000001393,0.7965517241380377,-0.1596982758621016,18159.999999996944,8319.999999997526,9839.999999999418,-81.37931034478494,50.0,63,22,11,11,9520.000000003347,9920.00000000262,399.9999999992724,1.540909090909281,2.127272727273025,0.5863636363637439,5439.999999999418,2159.9999999998545,3279.9999999995634,241.951219512259,73.17073170731707,-2480.0000000046566,0,SIMPLES,False
13a_features_tempo_real__pre60__adv_delta_spread_minimo_15s_30s__range >= 0.32666667,1,13a_features_tempo_real__pre60__adv_delta_spread_minimo_15s_30s__range,False,-558.9090909115807,144,86,35,51,-2239.9999999928696,-4719.999999997526,-2480.0000000046566,0.9562500000001393,0.7965517241380377,-0.1596982758621016,18159.999999996944,8319.999999997526,9839.999999999418,-81.37931034478494,50.0,63,22,11,11,9520.000000003347,9920.00000000262,399.9999999992724,1.540909090909281,2.127272727273025,0.5863636363637439,5439.999999999418,2159.9999999998545,3279.9999999995634,241.951219512259,73.17073170731707,-2480.0000000046566,0,SIMPLES,False
13a_features_tempo_real__pre60__adv_ratio_volatilidade_close_pontos_15s_60s__std >= 0.2058853,1,13a_features_tempo_real__pre60__adv_ratio_volatilidade_close_pontos_15s_60s__std,False,-560.0000000033074,144,58,24,34,-2239.9999999928696,-4639.99999999578,-2400.0000000029104,0.9562500000001393,0.8550000000001319,-0.10125000000000739,18159.999999996944,9039.999999996508,9120.000000000437,-53.95348837204395,53.48837209302325,63,28,11,17,9520.000000003347,11360.00000000131,1839.9999999979627,1.540909090909281,2.2909090909092398,0.7499999999999587,5439.999999999418,2959.9999999998545,2479.9999999995634,324.571428571466,68.57142857142857,-2400.0000000029104,-6,SIMPLES,False
13a_features_tempo_real__pre60__adv_ratio_volatilidade_close_pontos_15s_60s__delta >= 0.555614,1,13a_features_tempo_real__pre60__adv_ratio_volatilidade_close_pontos_15s_60s__delta,False,-580.7272727284242,144,36,19,17,-2239.9999999928696,2160.0000000056752,4399.999999998545,0.9562500000001393,1.0600000000001577,0.10375000000001844,18159.999999996944,9439.999999997963,8719.999999998981,20.000000000052548,58.333333333333336,63,17,7,10,9520.000000003347,8880.000000002474,-640.0000000008731,1.540909090909281,1.740000000000206,0.19909090909092497,5439.999999999418,4719.999999998981,720.0000000004366,193.04347826092334,67.3913043478261,-640.0000000008731,-3,SIMPLES,False
13a_features_tempo_real__pre60__adv_z_pre_15s_spread_medio__slope >= 0.012589743,1,13a_features_tempo_real__pre60__adv_z_pre_15s_spread_medio__slope,False,-636.3062200962304,144,27,12,15,-2239.9999999928696,-2959.9999999940337,-720.0000000011642,0.9562500000001393,0.9288461538462973,-0.02740384615384195,18159.999999996944,13519.999999997526,4639.999999999418,-25.299145299094306,55.55555555555556,63,6,3,3,9520.000000003347,9280.000000003201,-240.00000000014552,1.540909090909281,1.6105263157896843,0.06961722488040323,5439.999999999418,4639.999999999418,800.0,162.8070175439158,66.66666666666666,-720.0000000011642,0,SIMPLES,False
13a_features_tempo_real__pre60__adv_ratio_volatilidade_close_pontos_15s_60s__slope >= 0.0081862597,1,13a_features_tempo_real__pre60__adv_ratio_volatilidade_close_pontos_15s_60s__slope,False,-698.4415584434723,144,53,24,29,-2239.9999999928696,-3439.9999999950523,-1200.0000000021828,0.9562500000001393,0.8925000000001546,-0.06374999999998465,18159.999999996944,11199.999999997817,6959.999999999127,-37.80219780214343,56.043956043956044,63,19,8,11,9520.000000003347,9440.000000002328,-80.00000000101863,1.540909090909281,1.8428571428573508,0.30194805194806973,5439.999999999418,1919.999999999709,3519.999999999709,214.54545454550745,68.18181818181817,-1200.0000000021828,-3,SIMPLES,False
13a_features_tempo_real__pre60__adv_ratio_volatilidade_close_pontos_15s_60s__range <= 0.53969121,1,13a_features_tempo_real__pre60__adv_ratio_volatilidade_close_pontos_15s_60s__range,False,-724.7272727279536,144,29,14,15,-2239.9999999928696,-1359.9999999940337,879.9999999988358,0.9562500000001393,0.9660000000001492,0.009750000000009917,18159.999999996944,16159.999999997672,1999.9999999992724,-11.826086956469858,56.52173913043478,63,9,4,5,9520.000000003347,8640.000000003056,-880.000000000291,1.540909090909281,1.6000000000002121,0.059090909090931065,5439.999999999418,3839.999999999418,1600.0,160.0000000000566,66.66666666666666,-880.000000000291,-1,SIMPLES,False
13a_features_tempo_real__pre60__adv_ratio_volatilidade_close_pontos_15s_60s__dist_media <= 0.25159924,1,13a_features_tempo_real__pre60__adv_ratio_volatilidade_close_pontos_15s_60s__dist_media,False,-724.7272727279536,144,29,14,15,-2239.9999999928696,-1359.9999999940337,879.9999999988358,0.9562500000001393,0.9660000000001492,0.009750000000009917,18159.999999996944,17599.999999997817,559.9999999991269,-11.826086956469858,56.52173913043478,63,9,4,5,9520.000000003347,8640.000000003056,-880.000000000291,1.540909090909281,1.6000000000002121,0.059090909090931065,5439.999999999418,3839.999999999418,1600.0,160.0000000000566,66.66666666666666,-880.000000000291,-1,SIMPLES,False
13a_features_tempo_real__pre60__adv_delta_spread_minimo_15s_30s__mean >= 0.19041667,1,13a_features_tempo_real__pre60__adv_delta_spread_minimo_15s_30s__mean,False,-733.8701298708353,144,29,12,17,-2239.9999999928696,-2479.9999999944703,-240.0000000016007,0.9562500000001393,0.9403846153847483,-0.015865384615391,18159.999999996944,14319.999999997526,3839.999999999418,-21.56521739125626,54.78260869565217,63,3,1,2,9520.000000003347,8880.000000003201,-640.0000000001455,1.540909090909281,1.5285714285716192,-0.01233766233766187,5439.999999999418,4639.999999999418,800.0,148.00000000005335,65.0,-640.0000000001455,-1,SIMPLES,False
13a_features_tempo_real__pre60__adv_delta_spread_minimo_15s_30s__max >= 0.54053571,1,13a_features_tempo_real__pre60__adv_delta_spread_minimo_15s_30s__max,False,-797.8181818195266,144,48,20,28,-2239.9999999928696,-1599.9999999956344,639.9999999972351,0.9562500000001393,0.9545454545455786,-0.0017045454545606686,18159.999999996944,12239.999999997963,5919.999999998981,-16.666666666621193,54.166666666666664,63,2,0,2,9520.000000003347,9040.000000003056,-480.00000000029104,1.540909090909281,1.5136363636365373,-0.02727272727274377,5439.999999999418,5679.999999999563,-240.00000000014552,148.1967213115255,63.934426229508205,-480.00000000029104,-2,SIMPLES,False
13a_features_tempo_real__pre60__adv_delta_spread_minimo_15s_30s__range >= 0.54053571,1,13a_features_tempo_real__pre60__adv_delta_spread_minimo_15s_30s__range,False,-797.8181818195266,144,48,20,28,-2239.9999999928696,-1599.9999999956344,639.9999999972351,0.9562500000001393,0.9545454545455786,-0.0017045454545606686,18159.999999996944,12239.999999997963,5919.999999998981,-16.666666666621193,54.166666666666664,63,2,0,2,9520.000000003347,9040.000000003056,-480.00000000029104,1.540909090909281,1.5136363636365373,-0.02727272727274377,5439.999999999418,5679.999999999563,-240.00000000014552,148.1967213115255,63.934426229508205,-480.00000000029104,-2,SIMPLES,False
13a_features_tempo_real__pre60__adv_ratio_volatilidade_close_pontos_15s_60s__ret_pct >= 67.322689,1,13a_features_tempo_real__pre60__adv_ratio_volatilidade_close_pontos_15s_60s__ret_pct,False,-820.7272727287032,144,36,19,17,-2239.9999999928696,3120.0000000055297,5359.999999998399,0.9562500000001393,1.0866666666668203,0.13041666666668106,18159.999999996944,9439.999999997963,8719.999999998981,28.88888888894009,58.333333333333336,63,18,7,11,9520.000000003347,8640.000000002328,-880.0000000010186,1.540909090909281,1.720000000000194,0.17909090909091296,5439.999999999418,4959.999999999127,480.00000000029104,192.00000000005173,66.66666666666666,-880.0000000010186,-4,SIMPLES,False
13a_features_tempo_real__pre60__adv_z_pre_15s_spread_medio__slope <= -0.011301354,1,13a_features_tempo_real__pre60__adv_z_pre_15s_spread_medio__slope,False,-923.5844155851432,144,27,18,9,-2239.9999999928696,8080.000000006112,10319.999999998981,0.9562500000001393,1.2195652173914704,0.2633152173913311,18159.999999996944,11679.999999998108,6479.999999998836,69.0598290598813,60.68376068376068,63,6,1,5,9520.000000003347,6240.000000003056,-3280.000000000291,1.540909090909281,1.3714285714287533,-0.16948051948052778,5439.999999999418,5679.999999999563,-240.00000000014552,109.47368421057993,63.1578947368421,-3280.000000000291,-4,SIMPLES,False
13a_features_tempo_real__pre60__adv_z_pre_15s_spread_medio__max >= 1.2636718,1,13a_features_tempo_real__pre60__adv_z_pre_15s_spread_medio__max,False,-924.7272727292147,144,86,38,48,-2239.9999999928696,-2559.999999996944,-320.00000000407454,0.9562500000001393,0.8769230769232238,-0.07932692307691547,18159.999999996944,10239.99999999869,7919.999999998254,-44.13793103443007,55.172413793103445,63,6,2,4,9520.000000003347,9200.00000000291,-320.00000000043656,1.540909090909281,1.5750000000001818,0.034090909090900734,5439.999999999418,4879.999999999563,559.9999999998545,161.40350877198088,64.91228070175438,-320.00000000407454,-2,SIMPLES,False
13a_features_tempo_real__pre60__pre_15s_spread_medio__max >= 1.7371379,1,13a_features_tempo_real__pre60__pre_15s_spread_medio__max,False,-924.7272727292147,144,86,38,48,-2239.9999999928696,-2559.999999996944,-320.00000000407454,0.9562500000001393,0.8769230769232238,-0.07932692307691547,18159.999999996944,10239.99999999869,7919.999999998254,-44.13793103443007,55.172413793103445,63,6,2,4,9520.000000003347,9200.00000000291,-320.00000000043656,1.540909090909281,1.5750000000001818,0.034090909090900734,5439.999999999418,4879.999999999563,559.9999999998545,161.40350877198088,64.91228070175438,-320.00000000407454,-2,SIMPLES,False
13a_features_tempo_real__pre60__adv_z_pre_15s_spread_medio__first >= 1.3804278,1,13a_features_tempo_real__pre60__adv_z_pre_15s_spread_medio__first,False,-953.4545454555636,144,48,22,26,-2239.9999999928696,480.0000000046566,2719.999999997526,0.9562500000001393,1.0142857142858528,0.058035714285713524,18159.999999996944,16239.999999997963,1919.9999999989814,5.000000000048506,56.25,63,2,0,2,9520.000000003347,8080.000000003201,-1440.0000000001455,1.540909090909281,1.459090909091091,-0.08181818181819,5439.999999999418,5439.999999999418,0.0,132.45901639349512,63.934426229508205,-1440.0000000001455,-2,SIMPLES,False
13a_features_tempo_real__pre60__pre_15s_spread_medio__first >= 1.790166,1,13a_features_tempo_real__pre60__pre_15s_spread_medio__first,False,-953.4545454555636,144,48,22,26,-2239.9999999928696,480.0000000046566,2719.999999997526,0.9562500000001393,1.0142857142858528,0.058035714285713524,18159.999999996944,16239.999999997963,1919.9999999989814,5.000000000048506,56.25,63,2,0,2,9520.000000003347,8080.000000003201,-1440.0000000001455,1.540909090909281,1.459090909091091,-0.08181818181819,5439.999999999418,5439.999999999418,0.0,132.45901639349512,63.934426229508205,-1440.0000000001455,-2,SIMPLES,False
13a_features_tempo_real__pre60__adv_delta_spread_minimo_15s_30s__delta >= 0.154375,1,13a_features_tempo_real__pre60__adv_delta_spread_minimo_15s_30s__delta,False,-968.727272727665,144,15,7,8,-2239.9999999928696,-1439.9999999935972,799.9999999992724,0.9562500000001393,0.9684210526317194,0.012171052631580137,18159.999999996944,18479.99999999738,-320.00000000043656,-11.162790697624784,55.81395348837209,63,5,2,3,9520.000000003347,8480.000000003201,-1040.0000000001455,1.540909090909281,1.5300000000002,-0.010909090909080987,5439.999999999418,4639.999999999418,800.0,146.20689655177932,65.51724137931035,-1040.0000000001455,-1,SIMPLES,False
13a_features_tempo_real__pre60__adv_ratio_volatilidade_close_pontos_15s_60s__std >= 0.21359327,1,13a_features_tempo_real__pre60__adv_ratio_volatilidade_close_pontos_15s_60s__std,False,-1048.7272727302961,144,48,18,30,-2239.9999999928696,-5599.999999995634,-3360.000000002765,0.9562500000001393,0.8478260869566404,-0.10842391304349885,18159.999999996944,12239.999999996508,5920.000000000437,-58.33333333328786,52.083333333333336,63,25,10,15,9520.000000003347,11040.0000000016,1519.9999999982538,1.540909090909281,2.150000000000167,0.6090909090908858,5439.999999999418,3200.0,2239.999999999418,290.5263157895158,68.42105263157895,-3360.000000002765,-5,SIMPLES,False
13a_features_tempo_real__pre60__adv_z_pre_15s_spread_medio__dist_media >= -0.054537059,1,13a_features_tempo_real__pre60__adv_z_pre_15s_spread_medio__dist_media,False,-1060.7272727303643,144,96,41,55,-2239.9999999928696,-4719.999999997526,-2480.0000000046566,0.9562500000001393,0.7434782608696997,-0.21277173913043956,18159.999999996944,9199.999999999272,8959.999999997672,-98.3333333332818,52.083333333333336,63,41,19,22,9520.000000003347,8880.000000001746,-640.0000000016007,1.540909090909281,4.700000000000728,3.1590909090914465,5439.999999999418,800.0,4639.999999999418,403.63636363644304,86.36363636363636,-2480.0000000046566,-3,SIMPLES,False
13a_features_tempo_real__pre60__adv_z_pre_15s_spread_medio__delta >= 0.22871036,1,13a_features_tempo_real__pre60__adv_z_pre_15s_spread_medio__delta,False,-1087.727272728589,144,48,20,28,-2239.9999999928696,-5439.999999995052,-3200.000000002183,0.9562500000001393,0.845454545454686,-0.11079545454545325,18159.999999996944,11359.9999999984,6799.999999998545,-56.66666666661513,54.166666666666664,63,12,6,6,9520.000000003347,10000.00000000291,479.99999999956344,1.540909090909281,1.7812500000002274,0.2403409090909463,5439.999999999418,4319.999999999709,1119.999999999709,196.07843137260608,68.62745098039215,-3200.000000002183,0,SIMPLES,False
13a_features_tempo_real__pre60__adv_z_pre_15s_spread_medio__range <= 0.37909506,1,13a_features_tempo_real__pre60__adv_z_pre_15s_spread_medio__range,False,-1098.7272727288293,144,29,16,13,-2239.9999999928696,3600.0000000058208,5839.99999999869,0.9562500000001393,1.0937500000001517,0.1375000000000124,18159.999999996944,15039.999999997963,3119.9999999989814,31.304347826137572,58.26086956521739,63,17,6,11,9520.000000003347,7840.000000002328,-1680.0000000010186,1.540909090909281,1.612500000000182,0.07159090909090082,5439.999999999418,4079.9999999995634,1359.9999999998545,170.43478260874627,65.21739130434783,-1680.0000000010186,-5,SIMPLES,False
13a_features_tempo_real__pre60__adv_z_pre_15s_spread_medio__dist_media >= 0.2789481,1,13a_features_tempo_real__pre60__adv_z_pre_15s_spread_medio__dist_media,False,-1104.7272727278505,144,29,12,17,-2239.9999999928696,-5359.999999994034,-3120.000000001164,0.9562500000001393,0.8711538461539896,-0.08509615384614966,18159.999999996944,15439.999999997235,2719.999999999709,-46.60869565212203,54.78260869565217,63,11,6,5,9520.000000003347,9280.000000003201,-240.00000000014552,1.540909090909281,1.7250000000002501,0.18409090909096903,5439.999999999418,3279.9999999995634,2159.9999999998545,178.46153846160001,69.23076923076923,-3120.000000001164,1,SIMPLES,False
13a_features_tempo_real__last__adv_z_pre_15s_spread_medio >= 1.0253288,1,13a_features_tempo_real__last__adv_z_pre_15s_spread_medio,False,-1144.72727272896,144,86,38,48,-2239.9999999928696,-1599.9999999970896,639.99999999578,0.9562500000001393,0.923076923077063,-0.03317307692307625,18159.999999996944,9679.999999998836,8479.999999998108,-27.586206896501544,55.172413793103445,63,5,2,3,9520.000000003347,8480.000000003201,-1040.0000000001455,1.540909090909281,1.5300000000002,-0.010909090909080987,5439.999999999418,4879.999999999563,559.9999999998545,146.20689655177932,65.51724137931035,-1040.0000000001455,-1,SIMPLES,False
13a_features_tempo_real__last__pre_15s_spread_medio >= 1.6288874,1,13a_features_tempo_real__last__pre_15s_spread_medio,False,-1144.72727272896,144,86,38,48,-2239.9999999928696,-1599.9999999970896,639.99999999578,0.9562500000001393,0.923076923077063,-0.03317307692307625,18159.999999996944,9679.999999998836,8479.999999998108,-27.586206896501544,55.172413793103445,63,5,2,3,9520.000000003347,8480.000000003201,-1040.0000000001455,1.540909090909281,1.5300000000002,-0.010909090909080987,5439.999999999418,4879.999999999563,559.9999999998545,146.20689655177932,65.51724137931035,-1040.0000000001455,-1,SIMPLES,False
13a_features_tempo_real__pre60__adv_z_pre_15s_spread_medio__last >= 1.0253288,1,13a_features_tempo_real__pre60__adv_z_pre_15s_spread_medio__last,False,-1144.72727272896,144,86,38,48,-2239.9999999928696,-1599.9999999970896,639.99999999578,0.9562500000001393,0.923076923077063,-0.03317307692307625,18159.999999996944,9679.999999998836,8479.999999998108,-27.586206896501544,55.172413793103445,63,5,2,3,9520.000000003347,8480.000000003201,-1040.0000000001455,1.540909090909281,1.5300000000002,-0.010909090909080987,5439.999999999418,4879.999999999563,559.9999999998545,146.20689655177932,65.51724137931035,-1040.0000000001455,-1,SIMPLES,False
13a_features_tempo_real__pre60__pre_15s_spread_medio__last >= 1.6288874,1,13a_features_tempo_real__pre60__pre_15s_spread_medio__last,False,-1144.72727272896,144,86,38,48,-2239.9999999928696,-1599.9999999970896,639.99999999578,0.9562500000001393,0.923076923077063,-0.03317307692307625,18159.999999996944,9679.999999998836,8479.999999998108,-27.586206896501544,55.172413793103445,63,5,2,3,9520.000000003347,8480.000000003201,-1040.0000000001455,1.540909090909281,1.5300000000002,-0.010909090909080987,5439.999999999418,4879.999999999563,559.9999999998545,146.20689655177932,65.51724137931035,-1040.0000000001455,-1,SIMPLES,False
13a_features_tempo_real__pre60__adv_z_pre_15s_spread_medio__repique_min >= 0.15893319,1,13a_features_tempo_real__pre60__adv_z_pre_15s_spread_medio__repique_min,False,-1160.7272727304853,144,96,40,56,-2239.9999999928696,-6719.999999997526,-4480.000000004657,0.9562500000001393,0.6500000000001288,-0.30625000000001046,18159.999999996944,7919.999999998254,10239.99999999869,-139.99999999994847,50.0,63,34,16,18,9520.000000003347,10320.000000001892,799.9999999985448,1.540909090909281,3.1500000000003943,1.6090909090911132,5439.999999999418,1600.0,3839.999999999418,355.86206896558247,79.3103448275862,-4480.000000004657,-2,SIMPLES,False
13a_features_tempo_real__pre60__adv_ratio_volatilidade_close_pontos_15s_60s__std <= 0.14660059,1,13a_features_tempo_real__pre60__adv_ratio_volatilidade_close_pontos_15s_60s__std,False,-1165.7272727282907,144,36,18,18,-2239.9999999928696,2080.000000005384,4319.999999998254,0.9562500000001393,1.056521739130581,0.10027173913044174,18159.999999996944,13759.999999999127,4399.999999997817,19.259259259309115,57.407407407407405,63,14,6,8,9520.000000003347,7600.00000000291,-1920.0000000004366,1.540909090909281,1.5937500000002274,0.0528409090909463,5439.999999999418,3839.999999999418,1600.0,155.10204081638594,67.3469387755102,-1920.0000000004366,-2,SIMPLES,False
13a_features_tempo_real__last__adv_z_pre_15s_spread_medio >= 0.70984101,1,13a_features_tempo_real__last__adv_z_pre_15s_spread_medio,False,-1177.6684492004406,144,108,46,62,-2239.9999999928696,-3359.9999999983993,-1120.0000000055297,0.9562500000001393,0.7666666666667779,-0.18958333333336141,18159.999999996944,8079.999999999563,10079.99999999738,-93.33333333328886,50.0,63,12,5,7,9520.000000003347,8960.000000002765,-560.0000000005821,1.540909090909281,1.658823529411968,0.1179144385026869,5439.999999999418,3279.9999999995634,2159.9999999998545,175.68627450985812,66.66666666666666,-1120.0000000055297,-2,SIMPLES,False
13a_features_tempo_real__last__pre_15s_spread_medio >= 1.4855993,1,13a_features_tempo_real__last__pre_15s_spread_medio,False,-1177.6684492004406,144,108,46,62,-2239.9999999928696,-3359.9999999983993,-1120.0000000055297,0.9562500000001393,0.7666666666667779,-0.18958333333336141,18159.999999996944,8079.999999999563,10079.99999999738,-93.33333333328886,50.0,63,12,5,7,9520.000000003347,8960.000000002765,-560.0000000005821,1.540909090909281,1.658823529411968,0.1179144385026869,5439.999999999418,3279.9999999995634,2159.9999999998545,175.68627450985812,66.66666666666666,-1120.0000000055297,-2,SIMPLES,False
13a_features_tempo_real__pre60__adv_z_pre_15s_spread_medio__last >= 0.70984101,1,13a_features_tempo_real__pre60__adv_z_pre_15s_spread_medio__last,False,-1177.6684492004406,144,108,46,62,-2239.9999999928696,-3359.9999999983993,-1120.0000000055297,0.9562500000001393,0.7666666666667779,-0.18958333333336141,18159.999999996944,8079.999999999563,10079.99999999738,-93.33333333328886,50.0,63,12,5,7,9520.000000003347,8960.000000002765,-560.0000000005821,1.540909090909281,1.658823529411968,0.1179144385026869,5439.999999999418,3279.9999999995634,2159.9999999998545,175.68627450985812,66.66666666666666,-1120.0000000055297,-2,SIMPLES,False
13a_features_tempo_real__pre60__pre_15s_spread_medio__last >= 1.4855993,1,13a_features_tempo_real__pre60__pre_15s_spread_medio__last,False,-1177.6684492004406,144,108,46,62,-2239.9999999928696,-3359.9999999983993,-1120.0000000055297,0.9562500000001393,0.7666666666667779,-0.18958333333336141,18159.999999996944,8079.999999999563,10079.99999999738,-93.33333333328886,50.0,63,12,5,7,9520.000000003347,8960.000000002765,-560.0000000005821,1.540909090909281,1.658823529411968,0.1179144385026869,5439.999999999418,3279.9999999995634,2159.9999999998545,175.68627450985812,66.66666666666666,-1120.0000000055297,-2,SIMPLES,False
13a_features_tempo_real__last__pre_15s_spread_minimo <= 0.69375,1,13a_features_tempo_real__last__pre_15s_spread_minimo,False,-1183.043062201924,144,15,5,10,-2239.9999999928696,-4479.999999993743,-2240.000000000873,0.9562500000001393,0.9050847457628445,-0.05116525423729479,18159.999999996944,19039.999999997235,-880.000000000291,-34.72868217049413,54.263565891472865,63,8,3,5,9520.000000003347,9760.000000002765,239.99999999941792,1.540909090909281,1.6421052631580766,0.10119617224879551,5439.999999999418,4879.999999999563,559.9999999998545,177.45454545459572,65.45454545454545,-2240.000000000873,-2,SIMPLES,False
13a_features_tempo_real__pre60__adv_z_pre_15s_spread_medio__range <= 0.67332998,1,13a_features_tempo_real__pre60__adv_z_pre_15s_spread_medio__range,False,-1216.727272731211,144,58,26,32,-2239.9999999928696,320.00000000407454,2559.999999996944,0.9562500000001393,1.0105263157896076,0.05427631578946834,18159.999999996944,12159.9999999984,5999.999999998545,3.720930232605518,55.81395348837209,63,41,16,25,9520.000000003347,9600.000000000728,79.99999999738066,1.540909090909281,3.0000000000001514,1.4590909090908704,5439.999999999418,2159.9999999998545,3279.9999999995634,436.36363636366946,72.72727272727273,79.99999999738066,-9,SIMPLES,False
13a_features_tempo_real__pre60__adv_ratio_volatilidade_close_pontos_15s_60s__repique_min <= 0.50905034,1,13a_features_tempo_real__pre60__adv_ratio_volatilidade_close_pontos_15s_60s__repique_min,False,-1256.095693780645,144,29,14,15,-2239.9999999928696,-399.99999999417923,1839.9999999986903,0.9562500000001393,0.9900000000001455,0.033750000000006275,18159.999999996944,15039.999999997963,3119.9999999989814,-3.4782608695146022,56.52173913043478,63,8,3,5,9520.000000003347,7840.000000003056,-1680.000000000291,1.540909090909281,1.5157894736844115,-0.02511961722486955,5439.999999999418,3839.999999999418,1600.0,142.5454545455101,65.45454545454545,-1680.000000000291,-2,SIMPLES,False
13a_features_tempo_real__pre60__adv_delta_spread_minimo_15s_30s__mean <= 0.017116209,1,13a_features_tempo_real__pre60__adv_delta_spread_minimo_15s_30s__mean,False,-1261.4545454549013,144,15,8,7,-2239.9999999928696,-399.99999999345164,1839.999999999418,0.9562500000001393,0.9910714285715747,0.03482142857143544,18159.999999996944,16319.999999996799,1840.0000000001455,-3.1007751937476873,56.58914728682171,63,2,0,2,9520.000000003347,8080.000000003201,-1440.0000000001455,1.540909090909281,1.459090909091091,-0.08181818181819,5439.999999999418,5439.999999999418,0.0,132.45901639349512,63.934426229508205,-1440.0000000001455,-2,SIMPLES,False
13a_features_tempo_real__pre60__adv_delta_spread_minimo_15s_30s__dist_media <= -0.076588945,1,13a_features_tempo_real__pre60__adv_delta_spread_minimo_15s_30s__dist_media,False,-1287.7272727296622,144,72,24,48,-2239.9999999928696,-11839.999999997235,-9600.000000004366,0.9562500000001393,0.6300000000000864,-0.3262500000000529,18159.999999996944,17119.999999997526,1039.999999999418,-164.44444444440603,44.44444444444444,63,12,6,6,9520.000000003347,11920.00000000262,2399.9999999992724,1.540909090909281,1.9312500000002046,0.39034090909092356,5439.999999999418,4319.999999999709,1119.999999999709,233.72549019612978,68.62745098039215,-9600.000000004366,0,SIMPLES,False
13a_features_tempo_real__pre60__adv_delta_spread_minimo_15s_30s__delta <= -0.08004386,1,13a_features_tempo_real__pre60__adv_delta_spread_minimo_15s_30s__delta,False,-1298.1390374342857,144,36,16,20,-2239.9999999928696,5.093170329928398e-09,2239.9999999979627,0.9562500000001393,1.0000000000001326,0.043749999999993294,18159.999999996944,17759.99999999767,399.9999999992724,4.715898453637406e-11,55.55555555555556,63,12,5,7,9520.000000003347,8000.00000000291,-1520.0000000004366,1.540909090909281,1.588235294117861,0.04732620320857994,5439.999999999418,3839.999999999418,1600.0,156.86274509809627,66.66666666666666,-1520.0000000004366,-2,SIMPLES,False
13a_features_tempo_real__pre60__adv_ratio_volatilidade_close_pontos_15s_60s__slope <= -0.0014921248,1,13a_features_tempo_real__pre60__adv_ratio_volatilidade_close_pontos_15s_60s__slope,False,-1330.2009569387442,144,27,14,13,-2239.9999999928696,80.0000000061118,2319.9999999989814,0.9562500000001393,1.0020000000001528,0.0457500000000135,18159.999999996944,13439.999999997235,4719.999999999709,0.6837606838129214,57.26495726495726,63,9,3,6,9520.000000003347,8560.000000002765,-960.0000000005821,1.540909090909281,1.563157894737024,0.022248803827742858,5439.999999999418,5439.999999999418,0.0,158.51851851856972,64.81481481481481,-960.0000000005821,-3,SIMPLES,False
13a_features_tempo_real__pre60__adv_z_pre_15s_spread_medio__std <= 0.10698165,1,13a_features_tempo_real__pre60__adv_z_pre_15s_spread_medio__std,False,-1340.7272727288728,144,29,16,13,-2239.9999999928696,1680.0000000061118,3919.9999999989814,0.9562500000001393,1.0437500000001592,0.0875000000000199,18159.999999996944,15439.999999997235,2719.999999999709,14.608695652227059,58.26086956521739,63,19,7,12,9520.000000003347,8400.000000002183,-1120.0000000011642,1.540909090909281,1.7000000000001818,0.15909090909090073,5439.999999999418,4079.9999999995634,1359.9999999998545,190.90909090914053,65.9090909090909,-1120.0000000011642,-5,SIMPLES,False
13a_features_tempo_real__pre60__pre_15s_spread_medio__std <= 0.048588869,1,13a_features_tempo_real__pre60__pre_15s_spread_medio__std,False,-1340.7272727288728,144,29,16,13,-2239.9999999928696,1680.0000000061118,3919.9999999989814,0.9562500000001393,1.0437500000001592,0.0875000000000199,18159.999999996944,15439.999999997235,2719.999999999709,14.608695652227059,58.26086956521739,63,19,7,12,9520.000000003347,8400.000000002183,-1120.0000000011642,1.540909090909281,1.7000000000001818,0.15909090909090073,5439.999999999418,4079.9999999995634,1359.9999999998545,190.90909090914053,65.9090909090909,-1120.0000000011642,-5,SIMPLES,False
13a_features_tempo_real__last__adv_z_pre_15s_spread_medio >= 0.86660504,1,13a_features_tempo_real__last__adv_z_pre_15s_spread_medio,False,-1348.7272727293507,144,96,41,55,-2239.9999999928696,-2799.999999997817,-560.0000000049477,0.9562500000001393,0.8478260869566404,-0.10842391304349885,18159.999999996944,10159.999999999127,7999.999999997817,-58.33333333328786,52.083333333333336,63,9,4,5,9520.000000003347,8640.000000003056,-880.000000000291,1.540909090909281,1.6000000000002121,0.059090909090931065,5439.999999999418,4079.9999999995634,1359.9999999998545,160.0000000000566,66.66666666666666,-880.000000000291,-1,SIMPLES,False
13a_features_tempo_real__last__pre_15s_spread_medio >= 1.5567983,1,13a_features_tempo_real__last__pre_15s_spread_medio,False,-1348.7272727293507,144,96,41,55,-2239.9999999928696,-2799.999999997817,-560.0000000049477,0.9562500000001393,0.8478260869566404,-0.10842391304349885,18159.999999996944,10159.999999999127,7999.999999997817,-58.33333333328786,52.083333333333336,63,9,4,5,9520.000000003347,8640.000000003056,-880.000000000291,1.540909090909281,1.6000000000002121,0.059090909090931065,5439.999999999418,4079.9999999995634,1359.9999999998545,160.0000000000566,66.66666666666666,-880.000000000291,-1,SIMPLES,False
13a_features_tempo_real__pre60__adv_z_pre_15s_spread_medio__last >= 0.86660504,1,13a_features_tempo_real__pre60__adv_z_pre_15s_spread_medio__last,False,-1348.7272727293507,144,96,41,55,-2239.9999999928696,-2799.999999997817,-560.0000000049477,0.9562500000001393,0.8478260869566404,-0.10842391304349885,18159.999999996944,10159.999999999127,7999.999999997817,-58.33333333328786,52.083333333333336,63,9,4,5,9520.000000003347,8640.000000003056,-880.000000000291,1.540909090909281,1.6000000000002121,0.059090909090931065,5439.999999999418,4079.9999999995634,1359.9999999998545,160.0000000000566,66.66666666666666,-880.000000000291,-1,SIMPLES,False
13a_features_tempo_real__pre60__pre_15s_spread_medio__last >= 1.5567983,1,13a_features_tempo_real__pre60__pre_15s_spread_medio__last,False,-1348.7272727293507,144,96,41,55,-2239.9999999928696,-2799.999999997817,-560.0000000049477,0.9562500000001393,0.8478260869566404,-0.10842391304349885,18159.999999996944,10159.999999999127,7999.999999997817,-58.33333333328786,52.083333333333336,63,9,4,5,9520.000000003347,8640.000000003056,-880.000000000291,1.540909090909281,1.6000000000002121,0.059090909090931065,5439.999999999418,4079.9999999995634,1359.9999999998545,160.0000000000566,66.66666666666666,-880.000000000291,-1,SIMPLES,False
13a_features_tempo_real__pre60__adv_delta_spread_minimo_15s_30s__ret_pct <= -100,1,13a_features_tempo_real__pre60__adv_delta_spread_minimo_15s_30s__ret_pct,False,-1400.7272727289455,144,45,21,24,-2239.9999999928696,2080.0000000046566,4319.999999997526,0.9562500000001393,1.0604651162792051,0.10421511627906588,18159.999999996944,15599.999999997817,2559.999999999127,21.01010101014805,56.56565656565656,63,12,4,8,9520.000000003347,7920.000000002619,-1600.0000000007276,1.540909090909281,1.550000000000182,0.009090909090900823,5439.999999999418,4879.999999999563,559.9999999998545,155.29411764711017,64.70588235294117,-1600.0000000007276,-4,SIMPLES,False
13a_features_tempo_real__pre60__adv_ratio_volatilidade_close_pontos_15s_60s__pos_range <= 0.99160245,1,13a_features_tempo_real__pre60__adv_ratio_volatilidade_close_pontos_15s_60s__pos_range,False,-1403.58441558666,144,48,21,27,-2239.9999999928696,-1519.9999999953434,719.9999999975262,0.9562500000001393,0.9558139534885075,-0.0004360465116317602,18159.999999996944,14879.999999998108,3279.999999998836,-15.833333333284827,55.208333333333336,63,20,8,12,9520.000000003347,9200.000000002183,-320.00000000116415,1.540909090909281,1.8214285714287664,0.2805194805194853,5439.999999999418,3759.9999999998545,1679.9999999995634,213.9534883721438,67.44186046511628,-320.00000000116415,-4,SIMPLES,False
13a_features_tempo_real__pre60__adv_ratio_volatilidade_close_pontos_15s_60s__std >= 0.28086275,1,13a_features_tempo_real__pre60__adv_ratio_volatilidade_close_pontos_15s_60s__std,False,-1424.7272727278687,144,15,5,10,-2239.9999999928696,-4479.999999993743,-2240.000000000873,0.9562500000001393,0.9050847457628445,-0.05116525423729479,18159.999999996944,16799.99999999709,1359.9999999998545,-34.72868217049413,54.263565891472865,63,5,2,3,9520.000000003347,9440.000000003056,-80.00000000029104,1.540909090909281,1.590000000000191,0.04909090909090996,5439.999999999418,5439.999999999418,0.0,162.75862068970787,65.51724137931035,-2240.000000000873,-1,SIMPLES,False
13a_features_tempo_real__last__pre_30s_spread_minimo <= 0.68125,1,13a_features_tempo_real__last__pre_30s_spread_minimo,False,-1440.7272727282825,144,15,5,10,-2239.9999999928696,-3519.999999993888,-1280.0000000010186,0.9562500000001393,0.9254237288136888,-0.030826271186450427,18159.999999996944,18079.99999999738,79.99999999956344,-27.28682170537898,54.263565891472865,63,10,4,6,9520.000000003347,9360.000000002765,-160.00000000058208,1.540909090909281,1.650000000000192,0.1090909090909109,5439.999999999418,4879.999999999563,559.9999999998545,176.60377358495782,66.0377358490566,-1280.0000000010186,-2,SIMPLES,False
13a_features_tempo_real__last__pre_30s_spread_minimo >= 1,1,13a_features_tempo_real__last__pre_30s_spread_minimo,False,-1484.7272727306336,144,101,50,51,-2239.9999999928696,6320.000000002619,8559.999999995489,0.9562500000001393,1.564285714285948,0.6080357142858088,18159.999999996944,2400.0,15759.999999996944,146.97674418610742,67.44186046511628,63,23,7,16,9520.000000003347,6480.000000001746,-3040.0000000016007,1.540909090909281,1.5400000000001455,-0.0009090909091356014,5439.999999999418,1919.999999999709,3519.999999999709,162.00000000004366,62.5,-3040.0000000016007,-9,SIMPLES,False
13a_features_tempo_real__pre60__adv_delta_spread_minimo_15s_30s__first >= 0.125,1,13a_features_tempo_real__pre60__adv_delta_spread_minimo_15s_30s__first,False,-1496.7272727285067,144,39,21,18,-2239.9999999928696,4480.000000005384,6719.999999998254,0.9562500000001393,1.1302325581396915,0.1739825581395522,18159.999999996944,14319.999999997526,3839.999999999418,42.666666666717944,59.04761904761905,63,17,7,10,9520.000000003347,6960.000000002765,-2560.000000000582,1.540909090909281,1.5800000000002303,0.039090909090949255,5439.999999999418,4079.9999999995634,1359.9999999998545,151.30434782614705,67.3913043478261,-2560.000000000582,-3,SIMPLES,False
13a_features_tempo_real__last__pre_15s_spread_minimo >= 1.0738095,1,13a_features_tempo_real__last__pre_15s_spread_minimo,False,-1540.7272727296852,144,86,39,47,-2239.9999999928696,-2479.999999996653,-240.0000000037835,0.9562500000001393,0.8760000000001673,-0.08024999999997195,18159.999999996944,7999.999999999272,10159.999999997672,-42.758620689597464,56.896551724137936,63,18,7,11,9520.000000003347,8640.000000002328,-880.0000000010186,1.540909090909281,1.720000000000194,0.17909090909091296,5439.999999999418,2479.9999999995634,2959.9999999998545,192.00000000005173,66.66666666666666,-880.0000000010186,-4,SIMPLES,False
13a_features_tempo_real__last__adv_z_pre_15s_spread_medio >= 1.1716619,1,13a_features_tempo_real__last__adv_z_pre_15s_spread_medio,False,-1552.727272728764,144,72,28,44,-2239.9999999928696,-8639.999999996508,-6400.000000003638,0.9562500000001393,0.7000000000001213,-0.25625000000001796,18159.999999996944,15439.999999997963,2719.9999999989814,-119.9999999999515,50.0,63,2,1,1,9520.000000003347,10080.000000003201,559.9999999998545,1.540909090909281,1.6000000000001906,0.05909090909090953,5439.999999999418,4879.999999999563,559.9999999998545,165.24590163939675,65.57377049180327,-6400.000000003638,0,SIMPLES,False
13a_features_tempo_real__last__pre_15s_spread_medio >= 1.6953489,1,13a_features_tempo_real__last__pre_15s_spread_medio,False,-1552.727272728764,144,72,28,44,-2239.9999999928696,-8639.999999996508,-6400.000000003638,0.9562500000001393,0.7000000000001213,-0.25625000000001796,18159.999999996944,15439.999999997963,2719.9999999989814,-119.9999999999515,50.0,63,2,1,1,9520.000000003347,10080.000000003201,559.9999999998545,1.540909090909281,1.6000000000001906,0.05909090909090953,5439.999999999418,4879.999999999563,559.9999999998545,165.24590163939675,65.57377049180327,-6400.000000003638,0,SIMPLES,False
13a_features_tempo_real__pre60__adv_z_pre_15s_spread_medio__last >= 1.1716619,1,13a_features_tempo_real__pre60__adv_z_pre_15s_spread_medio__last,False,-1552.727272728764,144,72,28,44,-2239.9999999928696,-8639.999999996508,-6400.000000003638,0.9562500000001393,0.7000000000001213,-0.25625000000001796,18159.999999996944,15439.999999997963,2719.9999999989814,-119.9999999999515,50.0,63,2,1,1,9520.000000003347,10080.000000003201,559.9999999998545,1.540909090909281,1.6000000000001906,0.05909090909090953,5439.999999999418,4879.999999999563,559.9999999998545,165.24590163939675,65.57377049180327,-6400.000000003638,0,SIMPLES,False
13a_features_tempo_real__pre60__pre_15s_spread_medio__last >= 1.6953489,1,13a_features_tempo_real__pre60__pre_15s_spread_medio__last,False,-1552.727272728764,144,72,28,44,-2239.9999999928696,-8639.999999996508,-6400.000000003638,0.9562500000001393,0.7000000000001213,-0.25625000000001796,18159.999999996944,15439.999999997963,2719.9999999989814,-119.9999999999515,50.0,63,2,1,1,9520.000000003347,10080.000000003201,559.9999999998545,1.540909090909281,1.6000000000001906,0.05909090909090953,5439.999999999418,4879.999999999563,559.9999999998545,165.24590163939675,65.57377049180327,-6400.000000003638,0,SIMPLES,False
13a_features_tempo_real__pre60__adv_z_pre_15s_spread_medio__first >= 0.69955719,1,13a_features_tempo_real__pre60__adv_z_pre_15s_spread_medio__first,False,-1556.2566844944054,144,108,49,59,-2239.9999999928696,-239.99999999796273,1999.9999999949068,0.9562500000001393,0.9800000000001697,0.02375000000003047,18159.999999996944,8319.999999999709,9839.999999997235,-6.666666666610076,58.333333333333336,63,13,5,8,9520.000000003347,7760.000000002765,-1760.000000000582,1.540909090909281,1.570588235294321,0.029679144385039935,5439.999999999418,3279.9999999995634,2159.9999999998545,155.2000000000553,66.0,-1760.000000000582,-3,SIMPLES,False
13a_features_tempo_real__pre60__pre_15s_spread_medio__first >= 1.4809286,1,13a_features_tempo_real__pre60__pre_15s_spread_medio__first,False,-1556.2566844944054,144,108,49,59,-2239.9999999928696,-239.99999999796273,1999.9999999949068,0.9562500000001393,0.9800000000001697,0.02375000000003047,18159.999999996944,8319.999999999709,9839.999999997235,-6.666666666610076,58.333333333333336,63,13,5,8,9520.000000003347,7760.000000002765,-1760.000000000582,1.540909090909281,1.570588235294321,0.029679144385039935,5439.999999999418,3279.9999999995634,2159.9999999998545,155.2000000000553,66.0,-1760.000000000582,-3,SIMPLES,False
13a_features_tempo_real__pre60__adv_ratio_volatilidade_close_pontos_15s_60s__slope >= 0.014793131,1,13a_features_tempo_real__pre60__adv_ratio_volatilidade_close_pontos_15s_60s__slope,False,-1583.3939393948983,144,27,14,13,-2239.9999999928696,-879.9999999937427,1359.9999999991269,0.9562500000001393,0.9780000000001564,0.021750000000017145,18159.999999996944,14319.999999997526,3839.999999999418,-7.52136752131404,57.26495726495726,63,11,4,7,9520.000000003347,8160.000000002765,-1360.000000000582,1.540909090909281,1.5666666666668587,0.025757575757577644,5439.999999999418,4079.9999999995634,1359.9999999998545,156.92307692313008,65.38461538461539,-1360.000000000582,-3,SIMPLES,False
13a_features_tempo_real__pre60__adv_delta_spread_minimo_15s_30s__recuo_max <= -0.5,1,13a_features_tempo_real__pre60__adv_delta_spread_minimo_15s_30s__recuo_max,False,-1628.7272727287564,144,53,20,33,-2239.9999999928696,-4719.999999996071,-2480.0000000032014,0.9562500000001393,0.8659090909092025,-0.09034090909093673,18159.999999996944,13279.999999998108,4879.999999998836,-51.86813186808869,51.64835164835166,63,5,2,3,9520.000000003347,9440.000000003056,-80.00000000029104,1.540909090909281,1.590000000000191,0.04909090909090996,5439.999999999418,5679.999999999563,-240.00000000014552,162.75862068970787,65.51724137931035,-2480.0000000032014,-1,SIMPLES,False
13a_features_tempo_real__pre60__adv_delta_spread_minimo_15s_30s__recuo_max <= -0.59709821,1,13a_features_tempo_real__pre60__adv_delta_spread_minimo_15s_30s__recuo_max,False,-1637.818181819272,144,36,14,22,-2239.9999999928696,-3999.999999994907,-1760.0000000020373,0.9562500000001393,0.9000000000001274,-0.0562500000000119,18159.999999996944,13999.999999997817,4159.999999999127,-37.03703703698988,53.70370370370371,63,2,0,2,9520.000000003347,9040.000000003056,-480.00000000029104,1.540909090909281,1.5136363636365373,-0.02727272727274377,5439.999999999418,5679.999999999563,-240.00000000014552,148.1967213115255,63.934426229508205,-1760.0000000020373,-2,SIMPLES,False
13a_features_tempo_real__pre60__adv_z_pre_15s_spread_medio__dist_media >= 0.22513908,1,13a_features_tempo_real__pre60__adv_z_pre_15s_spread_medio__dist_media,False,-1644.727272728196,144,36,15,21,-2239.9999999928696,-3919.999999994616,-1680.0000000017462,0.9562500000001393,0.9000000000001374,-0.05625000000000191,18159.999999996944,14319.999999997526,3839.999999999418,-36.296296296246446,54.629629629629626,63,14,7,7,9520.000000003347,8640.000000003056,-880.000000000291,1.540909090909281,1.7200000000002547,0.17909090909097358,5439.999999999418,3279.9999999995634,2159.9999999998545,176.32653061230727,69.38775510204081,-1680.0000000017462,0,SIMPLES,False
13a_features_tempo_real__pre60__adv_delta_spread_minimo_15s_30s__std >= 0.094831223,1,13a_features_tempo_real__pre60__adv_delta_spread_minimo_15s_30s__std,False,-1670.0606060640548,144,96,38,58,-2239.9999999928696,-6879.999999998108,-4640.000000005239,0.9562500000001393,0.6692307692308602,-0.28701923076927904,18159.999999996944,9919.999999998254,8239.99999999869,-143.33333333329392,45.83333333333333,63,29,13,16,9520.000000003347,10320.000000001892,799.9999999985448,1.540909090909281,2.433333333333596,0.892424242424315,5439.999999999418,2159.9999999998545,3279.9999999995634,303.5294117647615,73.52941176470588,-4640.000000005239,-3,SIMPLES,False
13a_features_tempo_real__pre60__adv_z_pre_15s_spread_medio__first >= 0.81758242,1,13a_features_tempo_real__pre60__adv_z_pre_15s_spread_medio__first,False,-1696.2566844941507,144,96,44,52,-2239.9999999928696,-639.9999999972351,1599.9999999956344,0.9562500000001393,0.9600000000001728,0.00375000000003356,18159.999999996944,11359.999999999127,6799.999999997817,-13.333333333275732,58.333333333333336,63,13,5,8,9520.000000003347,7760.000000002765,-1760.000000000582,1.540909090909281,1.570588235294321,0.029679144385039935,5439.999999999418,3279.9999999995634,2159.9999999998545,155.2000000000553,66.0,-1760.000000000582,-3,SIMPLES,False
13a_features_tempo_real__pre60__pre_15s_spread_medio__first >= 1.5345332,1,13a_features_tempo_real__pre60__pre_15s_spread_medio__first,False,-1696.2566844941507,144,96,44,52,-2239.9999999928696,-639.9999999972351,1599.9999999956344,0.9562500000001393,0.9600000000001728,0.00375000000003356,18159.999999996944,11359.999999999127,6799.999999997817,-13.333333333275732,58.333333333333336,63,13,5,8,9520.000000003347,7760.000000002765,-1760.000000000582,1.540909090909281,1.570588235294321,0.029679144385039935,5439.999999999418,3279.9999999995634,2159.9999999998545,155.2000000000553,66.0,-1760.000000000582,-3,SIMPLES,False
13a_features_tempo_real__pre60__adv_delta_spread_minimo_15s_30s__std <= 0,1,13a_features_tempo_real__pre60__adv_delta_spread_minimo_15s_30s__std,False,-1740.363636364246,144,20,10,10,-2239.9999999928696,-479.9999999937427,1759.9999999991269,0.9562500000001393,0.9888888888890337,0.032638888888894435,18159.999999996944,15999.99999999709,2159.9999999998545,-3.8709677418850217,56.451612903225815,63,3,0,3,9520.000000003347,7840.000000003056,-1680.000000000291,1.540909090909281,1.4454545454547192,-0.09545454545456189,5439.999999999418,5439.999999999418,0.0,130.6666666667176,63.33333333333333,-1680.000000000291,-3,SIMPLES,False
13a_features_tempo_real__pre60__adv_delta_spread_minimo_15s_30s__range <= 0,1,13a_features_tempo_real__pre60__adv_delta_spread_minimo_15s_30s__range,False,-1740.363636364246,144,20,10,10,-2239.9999999928696,-479.9999999937427,1759.9999999991269,0.9562500000001393,0.9888888888890337,0.032638888888894435,18159.999999996944,15999.99999999709,2159.9999999998545,-3.8709677418850217,56.451612903225815,63,3,0,3,9520.000000003347,7840.000000003056,-1680.000000000291,1.540909090909281,1.4454545454547192,-0.09545454545456189,5439.999999999418,5439.999999999418,0.0,130.6666666667176,63.33333333333333,-1680.000000000291,-3,SIMPLES,False
13a_features_tempo_real__pre60__adv_ratio_volatilidade_close_pontos_15s_60s__recuo_max <= -0.041512507,1,13a_features_tempo_real__pre60__adv_ratio_volatilidade_close_pontos_15s_60s__recuo_max,False,-1792.7272727288882,144,29,11,18,-2239.9999999928696,-5439.999999994325,-3200.000000001455,0.9562500000001393,0.871698113207681,-0.08455188679245829,18159.999999996944,16479.99999999738,1679.9999999995634,-47.304347826037606,53.91304347826087,63,11,4,7,9520.000000003347,10080.000000002474,559.9999999991269,1.540909090909281,1.7000000000001718,0.15909090909089074,5439.999999999418,5359.9999999998545,79.99999999956344,193.84615384620142,65.38461538461539,-3200.000000001455,-3,SIMPLES,False
13a_features_tempo_real__pre60__adv_delta_spread_minimo_15s_30s__dist_media >= 0.045351335,1,13a_features_tempo_real__pre60__adv_delta_spread_minimo_15s_30s__dist_media,False,-1815.7860962577593,144,15,7,8,-2239.9999999928696,-2399.9999999934516,-160.00000000058208,0.9562500000001393,0.9473684210527752,-0.008881578947364077,18159.999999996944,16879.99999999738,1279.9999999995634,-18.604651162739934,55.81395348837209,63,13,5,8,9520.000000003347,8720.00000000262,-800.0000000007276,1.540909090909281,1.641176470588428,0.1002673796791469,5439.999999999418,4319.999999999709,1119.999999999709,174.4000000000524,66.0,-800.0000000007276,-3,SIMPLES,False
13a_features_tempo_real__last__cobertura_60s <= 45,1,13a_features_tempo_real__last__cobertura_60s,False,-1852.7272727276068,144,24,13,11,-2239.9999999928696,2640.0000000059663,4879.999999998836,0.9562500000001393,1.0647058823530875,0.10845588235294823,18159.999999996944,15759.9999999984,2399.999999998545,22.00000000004972,57.49999999999999,63,7,2,5,9520.000000003347,7040.000000003056,-2480.000000000291,1.540909090909281,1.440000000000191,-0.10090909090909017,5439.999999999418,5439.99999999869,7.275957614183426e-10,125.71428571434028,64.28571428571429,-2480.000000000291,-3,SIMPLES,False
13a_features_tempo_real__pre60__adv_ratio_volatilidade_close_pontos_15s_60s__slope >= 0.013266128,1,13a_features_tempo_real__pre60__adv_ratio_volatilidade_close_pontos_15s_60s__slope,False,-1857.6684491989126,144,33,15,18,-2239.9999999928696,-4159.999999994034,-1920.0000000011642,0.9562500000001393,0.8938775510205603,-0.06237244897957894,18159.999999996944,14559.999999997672,3599.9999999992724,-37.477477477423726,55.85585585585585,63,12,5,7,9520.000000003347,8960.000000002765,-560.0000000005821,1.540909090909281,1.658823529411968,0.1179144385026869,5439.999999999418,4079.9999999995634,1359.9999999998545,175.68627450985812,66.66666666666666,-1920.0000000011642,-2,SIMPLES,False
13a_features_tempo_real__pre60__adv_z_pre_15s_spread_medio__std >= 0.29398742,1,13a_features_tempo_real__pre60__adv_z_pre_15s_spread_medio__std,False,-1872.7272727279706,144,36,16,20,-2239.9999999928696,-2879.9999999944703,-640.0000000016007,0.9562500000001393,0.925000000000144,-0.031249999999995226,18159.999999996944,13199.99999999709,4959.9999999998545,-26.666666666615466,55.55555555555556,63,5,2,3,9520.000000003347,8480.000000003201,-1040.0000000001455,1.540909090909281,1.5300000000002,-0.010909090909080987,5439.999999999418,5439.999999999418,0.0,146.20689655177932,65.51724137931035,-1040.0000000001455,-1,SIMPLES,False
13a_features_tempo_real__pre60__pre_15s_spread_medio__std >= 0.13352305,1,13a_features_tempo_real__pre60__pre_15s_spread_medio__std,False,-1872.7272727279706,144,36,16,20,-2239.9999999928696,-2879.9999999944703,-640.0000000016007,0.9562500000001393,0.925000000000144,-0.031249999999995226,18159.999999996944,13199.99999999709,4959.9999999998545,-26.666666666615466,55.55555555555556,63,5,2,3,9520.000000003347,8480.000000003201,-1040.0000000001455,1.540909090909281,1.5300000000002,-0.010909090909080987,5439.999999999418,5439.999999999418,0.0,146.20689655177932,65.51724137931035,-1040.0000000001455,-1,SIMPLES,False
13a_features_tempo_real__pre60__adv_ratio_volatilidade_close_pontos_15s_60s__delta >= 0.25136817,1,13a_features_tempo_real__pre60__adv_ratio_volatilidade_close_pontos_15s_60s__delta,False,-1885.8701298737546,144,86,39,47,-2239.9999999928696,400.0000000029104,2639.99999999578,0.9562500000001393,1.0200000000001455,0.06375000000000619,18159.999999996944,4079.999999998836,14079.999999998108,6.89655172418811,56.896551724137936,63,37,15,22,9520.000000003347,8560.00000000131,-960.0000000020373,1.540909090909281,2.5285714285716625,0.9876623376623814,5439.999999999418,1919.999999999709,3519.999999999709,329.2307692308196,73.07692307692307,-960.0000000020373,-7,SIMPLES,False
13a_features_tempo_real__pre60__adv_ratio_volatilidade_close_pontos_15s_60s__ret_pct >= 23.201447,1,13a_features_tempo_real__pre60__adv_ratio_volatilidade_close_pontos_15s_60s__ret_pct,False,-1885.8701298737546,144,86,39,47,-2239.9999999928696,400.0000000029104,2639.99999999578,0.9562500000001393,1.0200000000001455,0.06375000000000619,18159.999999996944,4319.999999998981,13839.999999997963,6.89655172418811,56.896551724137936,63,37,15,22,9520.000000003347,8560.00000000131,-960.0000000020373,1.540909090909281,2.5285714285716625,0.9876623376623814,5439.999999999418,1919.999999999709,3519.999999999709,329.2307692308196,73.07692307692307,-960.0000000020373,-7,SIMPLES,False
13a_features_tempo_real__pre60__adv_delta_spread_minimo_15s_30s__std >= 0.16043611,1,13a_features_tempo_real__pre60__adv_delta_spread_minimo_15s_30s__std,False,-1992.7272727288073,144,58,22,36,-2239.9999999928696,-5759.9999999962165,-3520.000000003347,0.9562500000001393,0.8285714285715412,-0.12767857142859806,18159.999999996944,12959.9999999984,5199.999999998545,-66.97674418600252,51.162790697674424,63,5,2,3,9520.000000003347,9440.000000003056,-80.00000000029104,1.540909090909281,1.590000000000191,0.04909090909090996,5439.999999999418,5679.999999999563,-240.00000000014552,162.75862068970787,65.51724137931035,-3520.000000003347,-1,SIMPLES,False
13a_features_tempo_real__pre60__adv_z_pre_15s_spread_medio__mean >= 0.97784565,1,13a_features_tempo_real__pre60__adv_z_pre_15s_spread_medio__mean,False,-2020.7272727291638,144,86,39,47,-2239.9999999928696,-1519.9999999967986,719.999999996071,0.9562500000001393,0.92400000000016,-0.03224999999997924,18159.999999996944,12079.999999998836,6079.999999998108,-26.20689655166894,56.896551724137936,63,7,2,5,9520.000000003347,8000.00000000291,-1520.0000000004366,1.540909090909281,1.5000000000001819,-0.04090909090909922,5439.999999999418,4879.999999999563,559.9999999998545,142.85714285719482,64.28571428571429,-1520.0000000004366,-3,SIMPLES,False
13a_features_tempo_real__pre60__pre_15s_spread_medio__mean >= 1.6073215,1,13a_features_tempo_real__pre60__pre_15s_spread_medio__mean,False,-2020.7272727291638,144,86,39,47,-2239.9999999928696,-1519.9999999967986,719.999999996071,0.9562500000001393,0.92400000000016,-0.03224999999997924,18159.999999996944,12079.999999998836,6079.999999998108,-26.20689655166894,56.896551724137936,63,7,2,5,9520.000000003347,8000.00000000291,-1520.0000000004366,1.540909090909281,1.5000000000001819,-0.04090909090909922,5439.999999999418,4879.999999999563,559.9999999998545,142.85714285719482,64.28571428571429,-1520.0000000004366,-3,SIMPLES,False
13a_features_tempo_real__last__cobertura_30s <= 23,1,13a_features_tempo_real__last__cobertura_30s,False,-2042.0606060625264,144,47,18,29,-2239.9999999928696,-4399.999999995634,-2160.000000002765,0.9562500000001393,0.8804347826088142,-0.07581521739132502,18159.999999996944,14399.999999999272,3759.9999999976717,-45.36082474222304,52.57731958762887,63,11,4,7,9520.000000003347,9120.00000000262,-400.0000000007276,1.540909090909281,1.6333333333335152,0.09242424242423408,5439.999999999418,4559.9999999998545,879.9999999995634,175.38461538466575,65.38461538461539,-2160.000000002765,-3,SIMPLES,False
13a_features_tempo_real__pre60__adv_z_pre_15s_spread_medio__std <= 0.12730613,1,13a_features_tempo_real__pre60__adv_z_pre_15s_spread_medio__std,False,-2068.155844158261,144,36,18,18,-2239.9999999928696,1120.0000000055297,3359.9999999983993,0.9562500000001393,1.030434782608846,0.07418478260870676,18159.999999996944,14319.999999997526,3839.999999999418,10.370370370421572,57.407407407407405,63,24,8,16,9520.000000003347,8240.0000000016,-1280.0000000017462,1.540909090909281,1.7357142857144285,0.19480519480514746,5439.999999999418,3279.9999999995634,2159.9999999998545,211.28205128209234,64.1025641025641,-1280.0000000017462,-8,SIMPLES,False
13a_features_tempo_real__pre60__pre_15s_spread_medio__std <= 0.05781983,1,13a_features_tempo_real__pre60__pre_15s_spread_medio__std,False,-2068.155844158261,144,36,18,18,-2239.9999999928696,1120.0000000055297,3359.9999999983993,0.9562500000001393,1.030434782608846,0.07418478260870676,18159.999999996944,14319.999999997526,3839.999999999418,10.370370370421572,57.407407407407405,63,24,8,16,9520.000000003347,8240.0000000016,-1280.0000000017462,1.540909090909281,1.7357142857144285,0.19480519480514746,5439.999999999418,3279.9999999995634,2159.9999999998545,211.28205128209234,64.1025641025641,-1280.0000000017462,-8,SIMPLES,False
13a_features_tempo_real__window__n <= 53,1,13a_features_tempo_real__window__n,False,-2072.727272731172,144,119,57,62,-2239.9999999928696,2560.0000000020373,4799.999999994907,0.9562500000001393,1.457142857143221,0.5008928571430817,18159.999999996944,2159.999999999127,15999.999999997817,102.40000000008149,72.0,63,32,12,20,9520.000000003347,7600.000000001455,-1920.0000000018917,1.540909090909281,1.9500000000001818,0.40909090909090073,5439.999999999418,1759.9999999998545,3679.9999999995634,245.1612903226276,67.74193548387096,-1920.0000000018917,-8,SIMPLES,False
13a_features_tempo_real__pre60__adv_ratio_volatilidade_close_pontos_15s_60s__dist_media >= 0.62472744,1,13a_features_tempo_real__pre60__adv_ratio_volatilidade_close_pontos_15s_60s__dist_media,False,-2076.3636363641954,144,15,7,8,-2239.9999999928696,-1439.9999999935972,799.9999999992724,0.9562500000001393,0.9684210526317194,0.012171052631580137,18159.999999996944,14399.99999999709,3759.9999999998545,-11.162790697624784,55.81395348837209,63,3,0,3,9520.000000003347,7840.000000003056,-1680.000000000291,1.540909090909281,1.4454545454547192,-0.09545454545456189,5439.999999999418,5439.999999999418,0.0,130.6666666667176,63.33333333333333,-1680.000000000291,-3,SIMPLES,False
13a_features_tempo_real__pre60__adv_delta_spread_minimo_15s_30s__max <= 0.083333333,1,13a_features_tempo_real__pre60__adv_delta_spread_minimo_15s_30s__max,False,-2082.4415584421617,144,17,8,9,-2239.9999999928696,-879.9999999937427,1359.9999999991269,0.9562500000001393,0.9803571428572825,0.024107142857143216,18159.999999996944,16799.99999999709,1359.9999999998545,-6.929133858218446,55.90551181102362,63,5,1,4,9520.000000003347,7440.000000003056,-2080.000000000291,1.540909090909281,1.4428571428573247,-0.09805194805195638,5439.999999999418,4639.999999999418,800.0,128.27586206901822,63.793103448275865,-2080.000000000291,-3,SIMPLES,False
13a_features_tempo_real__pre60__adv_z_pre_15s_spread_medio__max >= 1.4416997,1,13a_features_tempo_real__pre60__adv_z_pre_15s_spread_medio__max,False,-2104.363636365061,144,72,33,39,-2239.9999999928696,-1519.999999996071,719.9999999967986,0.9562500000001393,0.9387096774195133,-0.01754032258062599,18159.999999996944,10719.999999998254,7439.99999999869,-21.11111111105654,56.94444444444444,63,3,0,3,9520.000000003347,7840.000000003056,-1680.000000000291,1.540909090909281,1.4454545454547192,-0.09545454545456189,5439.999999999418,5439.999999999418,0.0,130.6666666667176,63.33333333333333,-1680.000000000291,-3,SIMPLES,False
13a_features_tempo_real__pre60__pre_15s_spread_medio__max >= 1.8179945,1,13a_features_tempo_real__pre60__pre_15s_spread_medio__max,False,-2104.363636365061,144,72,33,39,-2239.9999999928696,-1519.999999996071,719.9999999967986,0.9562500000001393,0.9387096774195133,-0.01754032258062599,18159.999999996944,10719.999999998254,7439.99999999869,-21.11111111105654,56.94444444444444,63,3,0,3,9520.000000003347,7840.000000003056,-1680.000000000291,1.540909090909281,1.4454545454547192,-0.09545454545456189,5439.999999999418,5439.999999999418,0.0,130.6666666667176,63.33333333333333,-1680.000000000291,-3,SIMPLES,False
13a_features_tempo_real__pre60__adv_ratio_volatilidade_close_pontos_15s_60s__slope >= 0.0052011612,1,13a_features_tempo_real__pre60__adv_ratio_volatilidade_close_pontos_15s_60s__slope,False,-2130.1818181841204,144,66,28,38,-2239.9999999928696,-3359.9999999962165,-1120.000000003347,0.9562500000001393,0.8833333333334648,-0.07291666666667451,18159.999999996944,9999.999999998545,8159.999999998399,-43.07692307687457,53.84615384615385,63,26,11,15,9520.000000003347,8960.000000002037,-560.0000000013097,1.540909090909281,2.01818181818205,0.4772727272727688,5439.999999999418,2559.999999999127,2880.000000000291,242.16216216221721,70.27027027027027,-1120.000000003347,-4,SIMPLES,False
13a_features_tempo_real__pre60__adv_ratio_volatilidade_close_pontos_15s_60s__std <= 0.13279758,1,13a_features_tempo_real__pre60__adv_ratio_volatilidade_close_pontos_15s_60s__std,False,-2136.727272728269,144,29,13,16,-2239.9999999928696,-479.9999999944703,1759.9999999983993,0.9562500000001393,0.9882352941177825,0.03198529411764328,18159.999999996944,15679.999999998836,2479.9999999981083,-4.1739130434301766,55.65217391304348,63,9,3,6,9520.000000003347,7600.00000000291,-1920.0000000004366,1.540909090909281,1.5000000000001914,-0.040909090909089674,5439.999999999418,4639.999999999418,800.0,140.74074074079465,64.81481481481481,-1920.0000000004366,-3,SIMPLES,False
13a_features_tempo_real__pre60__adv_z_pre_15s_spread_medio__first >= 1.2432613,1,13a_features_tempo_real__pre60__adv_z_pre_15s_spread_medio__first,False,-2154.4415584428966,144,58,27,31,-2239.9999999928696,400.0000000043656,2639.999999997235,0.9562500000001393,1.013513513513661,0.05726351351352177,18159.999999996944,15519.999999998254,2639.9999999986903,4.651162790748437,56.97674418604651,63,5,1,4,9520.000000003347,7440.000000003056,-2080.000000000291,1.540909090909281,1.4428571428573247,-0.09805194805195638,5439.999999999418,5679.999999999563,-240.00000000014552,128.27586206901822,63.793103448275865,-2080.000000000291,-3,SIMPLES,False
13a_features_tempo_real__pre60__pre_15s_spread_medio__first >= 1.7278678,1,13a_features_tempo_real__pre60__pre_15s_spread_medio__first,False,-2154.4415584428966,144,58,27,31,-2239.9999999928696,400.0000000043656,2639.999999997235,0.9562500000001393,1.013513513513661,0.05726351351352177,18159.999999996944,15519.999999998254,2639.9999999986903,4.651162790748437,56.97674418604651,63,5,1,4,9520.000000003347,7440.000000003056,-2080.000000000291,1.540909090909281,1.4428571428573247,-0.09805194805195638,5439.999999999418,5679.999999999563,-240.00000000014552,128.27586206901822,63.793103448275865,-2080.000000000291,-3,SIMPLES,False
13a_features_tempo_real__pre60__adv_delta_spread_minimo_15s_30s__delta >= 0.0625,1,13a_features_tempo_real__pre60__adv_delta_spread_minimo_15s_30s__delta,False,-2168.7272727288414,144,30,16,14,-2239.9999999928696,1440.0000000059663,3679.999999998836,0.9562500000001393,1.0375000000001553,0.08125000000001603,18159.999999996944,14079.999999998108,4079.999999998836,12.631578947420756,57.89473684210527,63,19,7,12,9520.000000003347,7440.000000002328,-2080.0000000010186,1.540909090909281,1.620000000000194,0.07909090909091288,5439.999999999418,3519.999999999709,1919.999999999709,169.09090909096201,65.9090909090909,-2080.0000000010186,-5,SIMPLES,False
13a_features_tempo_real__pre60__adv_ratio_volatilidade_close_pontos_15s_60s__slope >= 0.01132592,1,13a_features_tempo_real__pre60__adv_ratio_volatilidade_close_pontos_15s_60s__slope,False,-2184.727272728839,144,43,19,24,-2239.9999999928696,-5279.99999999447,-3040.0000000016007,0.9562500000001393,0.8533333333334869,-0.10291666666665233,18159.999999996944,12959.999999997672,5199.999999999272,-52.27722772271753,55.44554455445545,63,17,7,10,9520.000000003347,8880.000000002474,-640.0000000008731,1.540909090909281,1.740000000000206,0.19909090909092497,5439.999999999418,2719.999999999709,2719.999999999709,193.04347826092334,67.3913043478261,-3040.0000000016007,-3,SIMPLES,False
13a_features_tempo_real__pre60__adv_ratio_volatilidade_close_pontos_15s_60s__pos_range <= 0.89689538,1,13a_features_tempo_real__pre60__adv_ratio_volatilidade_close_pontos_15s_60s__pos_range,False,-2186.200956939166,144,29,12,17,-2239.9999999928696,-2479.9999999944703,-240.0000000016007,0.9562500000001393,0.9403846153847483,-0.015865384615391,18159.999999996944,15919.999999997526,2239.999999999418,-21.56521739125626,54.78260869565217,63,9,3,6,9520.000000003347,8560.000000002765,-960.0000000005821,1.540909090909281,1.563157894737024,0.022248803827742858,5439.999999999418,5359.9999999998545,79.99999999956344,158.51851851856972,64.81481481481481,-960.0000000005821,-3,SIMPLES,False
13a_features_tempo_real__pre60__adv_delta_spread_minimo_15s_30s__ret_pct >= -16.666667,1,13a_features_tempo_real__pre60__adv_delta_spread_minimo_15s_30s__ret_pct,False,-2297.358851675528,144,13,8,5,-2239.9999999928696,1040.0000000066939,3279.9999999995634,0.9562500000001393,1.023214285714435,0.0669642857142958,18159.999999996944,15039.999999997235,3119.999999999709,7.938931297761022,57.25190839694656,63,10,3,7,9520.000000003347,7360.000000002765,-2160.000000000582,1.540909090909281,1.4842105263159713,-0.0566985645933098,5439.999999999418,5119.999999999709,319.99999999970896,138.86792452835405,64.15094339622641,-2160.000000000582,-4,SIMPLES,False
13a_features_tempo_real__pre60__adv_z_pre_15s_spread_medio__max >= 1.0189408,1,13a_features_tempo_real__pre60__adv_z_pre_15s_spread_medio__max,False,-2326.844919788523,144,108,50,58,-2239.9999999928696,1760.0000000020373,3999.999999994907,0.9562500000001393,1.157142857143039,0.20089285714289984,18159.999999996944,6399.999999999272,11759.999999997672,48.88888888894548,61.111111111111114,63,14,5,9,9520.000000003347,6560.000000002765,-2960.000000000582,1.540909090909281,1.4823529411766738,-0.058556149732607254,5439.999999999418,3279.9999999995634,2159.9999999998545,133.87755102046458,65.3061224489796,-2960.000000000582,-4,SIMPLES,False
13a_features_tempo_real__pre60__pre_15s_spread_medio__max >= 1.6259861,1,13a_features_tempo_real__pre60__pre_15s_spread_medio__max,False,-2326.844919788523,144,108,50,58,-2239.9999999928696,1760.0000000020373,3999.999999994907,0.9562500000001393,1.157142857143039,0.20089285714289984,18159.999999996944,6399.999999999272,11759.999999997672,48.88888888894548,61.111111111111114,63,14,5,9,9520.000000003347,6560.000000002765,-2960.000000000582,1.540909090909281,1.4823529411766738,-0.058556149732607254,5439.999999999418,3279.9999999995634,2159.9999999998545,133.87755102046458,65.3061224489796,-2960.000000000582,-4,SIMPLES,False
13a_features_tempo_real__pre60__adv_delta_spread_minimo_15s_30s__slope <= -0.00038962648,1,13a_features_tempo_real__pre60__adv_delta_spread_minimo_15s_30s__slope,False,-2363.0129870144083,144,53,25,28,-2239.9999999928696,2400.0000000043656,4639.999999997235,0.9562500000001393,1.0769230769232168,0.1206730769230775,18159.999999996944,10959.999999997672,7199.999999999272,26.373626373674348,57.14285714285714,63,18,8,10,9520.000000003347,6800.00000000291,-2720.0000000004366,1.540909090909281,1.607142857143117,0.06623376623383592,5439.999999999418,4079.9999999995634,1359.9999999998545,151.11111111117577,68.88888888888889,-2720.0000000004366,-2,SIMPLES,False
13a_features_tempo_real__pre60__adv_ratio_volatilidade_close_pontos_15s_60s__dist_media <= 0.10914833,1,13a_features_tempo_real__pre60__adv_ratio_volatilidade_close_pontos_15s_60s__dist_media,False,-2380.000000000407,144,15,8,7,-2239.9999999928696,560.0000000064028,2799.9999999992724,0.9562500000001393,1.012500000000143,0.056250000000003686,18159.999999996944,16319.999999997526,1839.999999999418,4.341085271367464,56.58914728682171,63,3,0,3,9520.000000003347,6880.000000003201,-2640.0000000001455,1.540909090909281,1.3909090909092727,-0.15000000000000835,5439.999999999418,5439.999999999418,0.0,114.66666666672002,63.33333333333333,-2640.0000000001455,-3,SIMPLES,False
13a_features_tempo_real__pre60__adv_z_pre_15s_spread_medio__max >= 1.6344157,1,13a_features_tempo_real__pre60__adv_z_pre_15s_spread_medio__max,False,-2381.4545454556655,144,58,25,33,-2239.9999999928696,-3599.9999999956344,-1360.0000000027649,0.9562500000001393,0.8846153846155246,-0.07163461538461469,18159.999999996944,14479.999999998108,3679.999999998836,-41.860465116228305,54.65116279069767,63,2,0,2,9520.000000003347,8080.000000003201,-1440.0000000001455,1.540909090909281,1.459090909091091,-0.08181818181819,5439.999999999418,5439.999999999418,0.0,132.45901639349512,63.934426229508205,-1440.0000000001455,-2,SIMPLES,False
13a_features_tempo_real__pre60__pre_15s_spread_medio__max >= 1.9055221,1,13a_features_tempo_real__pre60__pre_15s_spread_medio__max,False,-2381.4545454556655,144,58,25,33,-2239.9999999928696,-3599.9999999956344,-1360.0000000027649,0.9562500000001393,0.8846153846155246,-0.07163461538461469,18159.999999996944,14479.999999998108,3679.999999998836,-41.860465116228305,54.65116279069767,63,2,0,2,9520.000000003347,8080.000000003201,-1440.0000000001455,1.540909090909281,1.459090909091091,-0.08181818181819,5439.999999999418,5439.999999999418,0.0,132.45901639349512,63.934426229508205,-1440.0000000001455,-2,SIMPLES,False
13a_features_tempo_real__last__pre_30s_spread_minimo >= 1.25,1,13a_features_tempo_real__last__pre_30s_spread_minimo,False,-2390.441558442468,144,52,20,32,-2239.9999999928696,-7359.999999995489,-5120.000000002619,0.9562500000001393,0.790909090909219,-0.16534090909092025,18159.999999996944,16159.999999996944,2000.0,-79.99999999995097,52.17391304347826,63,2,1,1,9520.000000003347,9120.000000003347,-400.0,1.540909090909281,1.542857142857342,0.0019480519480610248,5439.999999999418,5439.999999999418,0.0,149.50819672136635,65.57377049180327,-5120.000000002619,0,SIMPLES,False
13a_features_tempo_real__pre60__adv_ratio_volatilidade_close_pontos_15s_60s__pos_range <= 0.81370198,1,13a_features_tempo_real__pre60__adv_ratio_volatilidade_close_pontos_15s_60s__pos_range,False,-2392.7272727280433,144,15,7,8,-2239.9999999928696,-1439.9999999935972,799.9999999992724,0.9562500000001393,0.9684210526317194,0.012171052631580137,18159.999999996944,16639.999999997235,1519.999999999709,-11.162790697624784,55.81395348837209,63,7,2,5,9520.000000003347,8000.00000000291,-1520.0000000004366,1.540909090909281,1.5000000000001819,-0.04090909090909922,5439.999999999418,5679.999999999563,-240.00000000014552,142.85714285719482,64.28571428571429,-1520.0000000004366,-3,SIMPLES,False
13a_features_tempo_real__pre60__adv_ratio_volatilidade_close_pontos_15s_60s__slope >= 0.0031377236,1,13a_features_tempo_real__pre60__adv_ratio_volatilidade_close_pontos_15s_60s__slope,False,-2413.2987013018696,144,79,33,46,-2239.9999999928696,-4159.999999996944,-1920.0000000040745,0.9562500000001393,0.8322580645162523,-0.12399193548388698,18159.999999996944,8079.999999998836,10079.999999998108,-63.99999999995298,52.307692307692314,63,35,15,20,9520.000000003347,9040.0000000016,-480.00000000174623,1.540909090909281,2.6142857142860003,1.0733766233767192,5439.999999999418,1679.9999999995634,3759.9999999998545,322.8571428572,75.0,-1920.0000000040745,-5,SIMPLES,False
13a_features_tempo_real__pre60__adv_delta_spread_minimo_15s_30s__max >= 0.39565217,1,13a_features_tempo_real__pre60__adv_delta_spread_minimo_15s_30s__max,False,-2419.5508021409755,144,72,28,44,-2239.9999999928696,-6719.999999996799,-4480.000000003929,0.9562500000001393,0.7666666666667779,-0.18958333333336141,18159.999999996944,11199.999999997817,6959.999999999127,-93.33333333328886,50.0,63,11,5,6,9520.000000003347,9200.00000000291,-320.00000000043656,1.540909090909281,1.6764705882355082,0.13556149732622713,5439.999999999418,4319.999999999709,1119.999999999709,176.9230769231329,67.3076923076923,-4480.000000003929,-1,SIMPLES,False
13a_features_tempo_real__pre60__adv_delta_spread_minimo_15s_30s__range >= 0.39565217,1,13a_features_tempo_real__pre60__adv_delta_spread_minimo_15s_30s__range,False,-2419.5508021409755,144,72,28,44,-2239.9999999928696,-6719.999999996799,-4480.000000003929,0.9562500000001393,0.7666666666667779,-0.18958333333336141,18159.999999996944,11199.999999997817,6959.999999999127,-93.33333333328886,50.0,63,11,5,6,9520.000000003347,9200.00000000291,-320.00000000043656,1.540909090909281,1.6764705882355082,0.13556149732622713,5439.999999999418,4319.999999999709,1119.999999999709,176.9230769231329,67.3076923076923,-4480.000000003929,-1,SIMPLES,False
13a_features_tempo_real__pre60__adv_delta_spread_minimo_15s_30s__std >= 0.17878997,1,13a_features_tempo_real__pre60__adv_delta_spread_minimo_15s_30s__std,False,-2461.29870130009,144,48,18,30,-2239.9999999928696,-4639.99999999578,-2400.0000000029104,0.9562500000001393,0.8739130434783755,-0.08233695652176376,18159.999999996944,14559.9999999984,3599.999999998545,-48.333333333289374,52.083333333333336,63,4,1,3,9520.000000003347,8640.000000003056,-880.000000000291,1.540909090909281,1.514285714285896,-0.026623376623384987,5439.999999999418,5679.999999999563,-240.00000000014552,146.4406779661535,64.40677966101694,-2400.0000000029104,-2,SIMPLES,False
13a_features_tempo_real__pre60__adv_delta_spread_minimo_15s_30s__mean >= 0.13715502,1,13a_features_tempo_real__pre60__adv_delta_spread_minimo_15s_30s__mean,False,-2482.8325358871025,144,58,24,34,-2239.9999999928696,-2719.999999996071,-480.0000000032014,0.9562500000001393,0.9150000000001228,-0.04125000000001644,18159.999999996944,12079.999999998836,6079.999999998108,-31.6279069766985,53.48837209302325,63,10,3,7,9520.000000003347,8320.00000000262,-1200.0000000007276,1.540909090909281,1.5473684210528038,0.006459330143522735,5439.999999999418,4879.999999999563,559.9999999998545,156.98113207552112,64.15094339622641,-1200.0000000007276,-4,SIMPLES,False
13a_features_tempo_real__pre60__adv_delta_spread_minimo_15s_30s__ret_pct >= 0,1,13a_features_tempo_real__pre60__adv_delta_spread_minimo_15s_30s__ret_pct,False,-2577.358851675528,144,12,7,5,-2239.9999999928696,240.00000000669388,2479.9999999995634,0.9562500000001393,1.0052631578948836,0.049013157894744364,18159.999999996944,15839.999999997235,2319.999999999709,1.8181818182325293,56.81818181818182,63,10,3,7,9520.000000003347,7360.000000002765,-2160.000000000582,1.540909090909281,1.4842105263159713,-0.0566985645933098,5439.999999999418,5119.999999999709,319.99999999970896,138.86792452835405,64.15094339622641,-2160.000000000582,-4,SIMPLES,False
13a_features_tempo_real__pre60__adv_ratio_volatilidade_close_pontos_15s_60s__std >= 0.24589431,1,13a_features_tempo_real__pre60__adv_ratio_volatilidade_close_pontos_15s_60s__std,False,-2591.550802140953,144,29,12,17,-2239.9999999928696,-3439.9999999943248,-1200.0000000014552,0.9562500000001393,0.9173076923078287,-0.03894230769231055,18159.999999996944,14639.999999997235,3519.999999999709,-29.91304347821152,54.78260869565217,63,15,5,10,9520.000000003347,9200.000000002183,-320.00000000116415,1.540909090909281,1.6764705882354547,0.13556149732617362,5439.999999999418,5359.9999999998545,79.99999999956344,191.66666666671213,64.58333333333334,-1200.0000000014552,-5,SIMPLES,False
13a_features_tempo_real__pre60__adv_ratio_volatilidade_close_pontos_15s_60s__recuo_max <= -0.11435753,1,13a_features_tempo_real__pre60__adv_ratio_volatilidade_close_pontos_15s_60s__recuo_max,False,-2608.7272727279924,144,15,3,12,-2239.9999999928696,-7519.999999993888,-5280.000000001019,0.9562500000001393,0.8459016393443876,-0.11034836065575171,18159.999999996944,19039.999999997235,-880.000000000291,-58.29457364336348,52.71317829457365,63,5,2,3,9520.000000003347,9440.000000003056,-80.00000000029104,1.540909090909281,1.590000000000191,0.04909090909090996,5439.999999999418,5679.999999999563,-240.00000000014552,162.75862068970787,65.51724137931035,-5280.000000001019,-1,SIMPLES,False
13a_features_tempo_real__pre60__adv_z_pre_15s_spread_medio__ret_pct >= 106.05692,1,13a_features_tempo_real__pre60__adv_z_pre_15s_spread_medio__ret_pct,False,-2636.7272727280215,144,15,6,9,-2239.9999999928696,-2479.9999999937427,-240.00000000087311,0.9562500000001393,0.9465517241380659,-0.009698275862073391,18159.999999996944,14159.999999996944,4000.0,-19.22480620150188,55.03875968992248,63,7,2,5,9520.000000003347,8000.00000000291,-1520.0000000004366,1.540909090909281,1.5000000000001819,-0.04090909090909922,5439.999999999418,5439.999999999418,0.0,142.85714285719482,64.28571428571429,-1520.0000000004366,-3,SIMPLES,False
13a_features_tempo_real__pre60__adv_z_pre_15s_spread_medio__range <= 0.56759082,1,13a_features_tempo_real__pre60__adv_z_pre_15s_spread_medio__range,False,-2646.1818181848275,144,48,21,27,-2239.9999999928696,-1519.9999999953434,719.9999999975262,0.9562500000001393,0.9558139534885075,-0.0004360465116317602,18159.999999996944,14319.999999998254,3839.9999999986903,-15.833333333284827,55.208333333333336,63,30,11,19,9520.000000003347,8960.00000000131,-560.0000000020373,1.540909090909281,2.018181818181967,0.47727272727268577,5439.999999999418,3279.9999999995634,2159.9999999998545,271.5151515151912,66.66666666666666,-560.0000000020373,-8,SIMPLES,False
13a_features_tempo_real__last__pre_30s_spread_minimo >= 0.91666667,1,13a_features_tempo_real__last__pre_30s_spread_minimo,False,-2656.727272730932,144,109,53,56,-2239.9999999928696,3680.000000002474,5919.999999995343,0.9562500000001393,1.4181818181820993,0.46193181818196005,18159.999999996944,2719.999999999709,15439.999999997235,105.14285714292782,68.57142857142857,63,32,12,20,9520.000000003347,6640.000000001601,-2880.0000000017462,1.540909090909281,1.8300000000002001,0.28909090909091906,5439.999999999418,1600.0,3839.999999999418,214.1935483871484,67.74193548387096,-2880.0000000017462,-8,SIMPLES,False
13a_features_tempo_real__last__cobertura_15s <= 10,1,13a_features_tempo_real__last__cobertura_15s,False,-2668.7272727279924,144,20,8,12,-2239.9999999928696,-3519.999999993888,-1280.0000000010186,0.9562500000001393,0.9214285714287078,-0.034821428571431445,18159.999999996944,13679.999999998108,4479.999999998836,-28.38709677414426,54.83870967741935,63,6,2,4,9520.000000003347,8240.000000003056,-1280.000000000291,1.540909090909281,1.515000000000191,-0.025909090909089993,5439.999999999418,5679.999999999563,-240.00000000014552,144.56140350882555,64.91228070175438,-1280.0000000010186,-2,SIMPLES,False
13a_features_tempo_real__pre60__adv_delta_spread_minimo_15s_30s__repique_min >= 0.045138889,1,13a_features_tempo_real__pre60__adv_delta_spread_minimo_15s_30s__repique_min,False,-2684.727272729118,144,36,20,16,-2239.9999999928696,2240.0000000059663,4479.999999998836,0.9562500000001393,1.0636363636365331,0.10738636363639387,18159.999999996944,12719.999999997526,5439.999999999418,20.740740740795985,59.25925925925925,63,26,10,16,9520.000000003347,6960.000000002037,-2560.0000000013097,1.540909090909281,1.7250000000002121,0.18409090909093107,5439.999999999418,2719.999999999709,2719.999999999709,188.10810810816318,67.56756756756756,-2560.0000000013097,-6,SIMPLES,False
13a_features_tempo_real__pre60__adv_z_pre_15s_spread_medio__range <= 0.43803338,1,13a_features_tempo_real__pre60__adv_z_pre_15s_spread_medio__range,False,-2692.7272727292316,144,36,17,19,-2239.9999999928696,-879.9999999944703,1359.9999999983993,0.9562500000001393,0.9765957446809981,0.020345744680858813,18159.999999996944,16159.999999997672,1999.9999999992724,-8.148148148096947,56.481481481481474,63,20,7,13,9520.000000003347,8160.000000002037,-1360.0000000013097,1.540909090909281,1.6800000000001698,0.13909090909088873,5439.999999999418,4079.9999999995634,1359.9999999998545,189.7674418605125,65.11627906976744,-1360.0000000013097,-6,SIMPLES,False
13a_features_tempo_real__pre60__adv_delta_spread_minimo_15s_30s__max >= 0.5,1,13a_features_tempo_real__pre60__adv_delta_spread_minimo_15s_30s__max,False,-2696.727272728858,144,62,25,37,-2239.9999999928696,-3599.999999996362,-1360.0000000034925,0.9562500000001393,0.8846153846155013,-0.071634615384638,18159.999999996944,11519.999999998254,6639.99999999869,-43.90243902434588,52.4390243902439,63,6,2,4,9520.000000003347,8240.000000003056,-1280.000000000291,1.540909090909281,1.515000000000191,-0.025909090909089993,5439.999999999418,5679.999999999563,-240.00000000014552,144.56140350882555,64.91228070175438,-1360.0000000034925,-2,SIMPLES,False
13a_features_tempo_real__pre60__adv_delta_spread_minimo_15s_30s__range >= 0.5,1,13a_features_tempo_real__pre60__adv_delta_spread_minimo_15s_30s__range,False,-2696.727272728858,144,62,25,37,-2239.9999999928696,-3599.999999996362,-1360.0000000034925,0.9562500000001393,0.8846153846155013,-0.071634615384638,18159.999999996944,11519.999999998254,6639.99999999869,-43.90243902434588,52.4390243902439,63,6,2,4,9520.000000003347,8240.000000003056,-1280.000000000291,1.540909090909281,1.515000000000191,-0.025909090909089993,5439.999999999418,5679.999999999563,-240.00000000014552,144.56140350882555,64.91228070175438,-1360.0000000034925,-2,SIMPLES,False
13a_features_tempo_real__last__cobertura_30s <= 24,1,13a_features_tempo_real__last__cobertura_30s,False,-2696.727272729938,144,63,25,38,-2239.9999999928696,-6719.999999996071,-4480.000000003201,0.9562500000001393,0.7846153846155105,-0.17163461538462876,18159.999999996944,11199.999999999272,6959.999999997672,-82.96296296291446,51.85185185185185,63,19,7,12,9520.000000003347,9360.000000002037,-160.00000000130967,1.540909090909281,1.7800000000001697,0.2390909090908886,5439.999999999418,2959.9999999998545,2479.9999999995634,212.72727272731902,65.9090909090909,-4480.000000003201,-5,SIMPLES,False
13a_features_tempo_real__window__n <= 34,1,13a_features_tempo_real__window__n,False,-2697.197860964612,144,60,32,28,-2239.9999999928696,6080.000000004657,8319.999999997526,0.9562500000001393,1.237500000000182,0.28125000000004263,18159.999999996944,8239.99999999869,9919.999999998254,72.38095238100782,61.904761904761905,63,17,5,12,9520.000000003347,5840.000000002328,-3680.0000000010186,1.540909090909281,1.4294117647060536,-0.1114973262032275,5439.999999999418,4319.999999999709,1119.999999999709,126.95652173918106,63.04347826086957,-3680.0000000010186,-7,SIMPLES,False
13a_features_tempo_real__pre60__adv_ratio_volatilidade_close_pontos_15s_60s__slope >= 0.0019658072,1,13a_features_tempo_real__pre60__adv_ratio_volatilidade_close_pontos_15s_60s__slope,False,-2720.7272727311647,144,88,38,50,-2239.9999999928696,-1119.9999999975262,1119.9999999953434,0.9562500000001393,0.9461538461539651,-0.010096153846174127,18159.999999996944,5679.999999998836,12479.999999998108,-19.999999999955826,53.57142857142857,63,39,16,23,9520.000000003347,8160.00000000131,-1360.0000000020373,1.540909090909281,2.700000000000273,1.1590909090909918,5439.999999999418,1600.0,3839.999999999418,340.00000000005457,75.0,-1360.0000000020373,-7,SIMPLES,False
13a_features_tempo_real__pre60__adv_z_pre_15s_spread_medio__ret_pct >= 11.243139,1,13a_features_tempo_real__pre60__adv_z_pre_15s_spread_medio__ret_pct,False,-2732.727272729644,144,58,23,35,-2239.9999999928696,-7599.999999995634,-5360.000000002765,0.9562500000001393,0.7682926829269624,-0.18795731707317687,18159.999999996944,11199.999999997817,6959.999999999127,-88.37209302320505,52.32558139534884,63,27,12,15,9520.000000003347,9760.000000002037,239.99999999869033,1.540909090909281,2.2200000000002547,0.6790909090909736,5439.999999999418,2719.999999999709,2719.999999999709,271.1111111111677,72.22222222222221,-5360.000000002765,-3,SIMPLES,False
13a_features_tempo_real__pre60__adv_z_pre_15s_spread_medio__mean >= 0.60428187,1,13a_features_tempo_real__pre60__adv_z_pre_15s_spread_medio__mean,False,-2747.3939393966307,144,115,53,62,-2239.9999999928696,1280.0000000017462,3519.999999994616,0.9562500000001393,1.1454545454547438,0.18920454545460452,18159.999999996944,4559.9999999998545,13599.99999999709,44.13793103454297,62.06896551724138,63,13,4,9,9520.000000003347,6720.000000002619,-2800.0000000007276,1.540909090909281,1.4666666666668486,-0.07424242424243244,5439.999999999418,4079.9999999995634,1359.9999999998545,134.4000000000524,64.0,-2800.0000000007276,-5,SIMPLES,False
13a_features_tempo_real__pre60__pre_15s_spread_medio__mean >= 1.4376565,1,13a_features_tempo_real__pre60__pre_15s_spread_medio__mean,False,-2747.3939393966307,144,115,53,62,-2239.9999999928696,1280.0000000017462,3519.999999994616,0.9562500000001393,1.1454545454547438,0.18920454545460452,18159.999999996944,4559.9999999998545,13599.99999999709,44.13793103454297,62.06896551724138,63,13,4,9,9520.000000003347,6720.000000002619,-2800.0000000007276,1.540909090909281,1.4666666666668486,-0.07424242424243244,5439.999999999418,4079.9999999995634,1359.9999999998545,134.4000000000524,64.0,-2800.0000000007276,-5,SIMPLES,False
13a_features_tempo_real__pre60__adv_ratio_volatilidade_close_pontos_15s_60s__dist_media <= 0.34174874,1,13a_features_tempo_real__pre60__adv_ratio_volatilidade_close_pontos_15s_60s__dist_media,False,-2770.181818184484,144,58,22,36,-2239.9999999928696,-5759.9999999962165,-3520.000000003347,0.9562500000001393,0.8285714285715412,-0.12767857142859806,18159.999999996944,14959.999999999127,3199.999999997817,-66.97674418600252,51.162790697674424,63,26,11,15,9520.000000003347,8960.000000002037,-560.0000000013097,1.540909090909281,2.01818181818205,0.4772727272727688,5439.999999999418,2159.9999999998545,3279.9999999995634,242.16216216221721,70.27027027027027,-3520.000000003347,-4,SIMPLES,False
13a_features_tempo_real__pre60__adv_ratio_volatilidade_close_pontos_15s_60s__repique_min <= 0.65350037,1,13a_features_tempo_real__pre60__adv_ratio_volatilidade_close_pontos_15s_60s__repique_min,False,-2775.1888111902426,144,48,21,27,-2239.9999999928696,-2479.999999995198,-240.0000000023283,0.9562500000001393,0.9279069767443257,-0.028343023255813615,18159.999999996944,16159.9999999984,1999.9999999985448,-25.83333333328331,55.208333333333336,63,21,9,12,9520.000000003347,8080.000000002474,-1440.0000000008731,1.540909090909281,1.7769230769233149,0.23601398601403378,5439.999999999418,3519.9999999989814,1920.0000000004366,192.38095238101127,69.04761904761905,-1440.0000000008731,-3,SIMPLES,False
13a_features_tempo_real__pre60__adv_z_pre_15s_spread_medio__slope <= -0.0085127307,1,13a_features_tempo_real__pre60__adv_z_pre_15s_spread_medio__slope,False,-2788.727272728077,144,33,20,13,-2239.9999999928696,6800.000000005821,9039.99999999869,0.9562500000001393,1.1931818181819835,0.23693181818184428,18159.999999996944,12319.999999998254,5839.99999999869,61.2612612613137,60.36036036036037,63,12,4,8,9520.000000003347,5040.000000003056,-4480.000000000291,1.540909090909281,1.3500000000002121,-0.19090909090906893,5439.999999999418,4879.999999999563,559.9999999998545,98.82352941182462,64.70588235294117,-4480.000000000291,-4,SIMPLES,False
13a_features_tempo_real__pre60__adv_ratio_volatilidade_close_pontos_15s_60s__std >= 0.19114815,1,13a_features_tempo_real__pre60__adv_ratio_volatilidade_close_pontos_15s_60s__std,False,-2788.7272727307572,144,72,31,41,-2239.9999999928696,-3599.999999996362,-1360.0000000034925,0.9562500000001393,0.8636363636365014,-0.09261363636363784,18159.999999996944,8319.999999996799,9840.000000000146,-49.99999999994947,54.166666666666664,63,33,13,20,9520.000000003347,9360.00000000131,-160.00000000203727,1.540909090909281,2.300000000000182,0.7590909090909008,5439.999999999418,2959.9999999998545,2479.9999999995634,312.00000000004366,70.0,-1360.0000000034925,-7,SIMPLES,False
13a_features_tempo_real__pre60__adv_z_pre_15s_spread_medio__min >= 0.58468521,1,13a_features_tempo_real__pre60__adv_z_pre_15s_spread_medio__min,False,-2804.7272727294694,144,96,41,55,-2239.9999999928696,-3759.9999999976717,-1520.0000000048021,0.9562500000001393,0.79565217391317,-0.16059782608696926,18159.999999996944,11039.999999999418,7119.999999997526,-78.33333333328483,52.083333333333336,63,7,2,5,9520.000000003347,8000.00000000291,-1520.0000000004366,1.540909090909281,1.5000000000001819,-0.04090909090909922,5439.999999999418,4879.999999999563,559.9999999998545,142.85714285719482,64.28571428571429,-1520.0000000048021,-3,SIMPLES,False
13a_features_tempo_real__pre60__pre_15s_spread_medio__min >= 1.4287561,1,13a_features_tempo_real__pre60__pre_15s_spread_medio__min,False,-2804.7272727294694,144,96,41,55,-2239.9999999928696,-3759.9999999976717,-1520.0000000048021,0.9562500000001393,0.79565217391317,-0.16059782608696926,18159.999999996944,11039.999999999418,7119.999999997526,-78.33333333328483,52.083333333333336,63,7,2,5,9520.000000003347,8000.00000000291,-1520.0000000004366,1.540909090909281,1.5000000000001819,-0.04090909090909922,5439.999999999418,4879.999999999563,559.9999999998545,142.85714285719482,64.28571428571429,-1520.0000000048021,-3,SIMPLES,False
13a_features_tempo_real__pre60__adv_z_pre_15s_spread_medio__dist_media >= 0.12940107,1,13a_features_tempo_real__pre60__adv_z_pre_15s_spread_medio__dist_media,False,-2828.1118881131624,144,48,21,27,-2239.9999999928696,-3439.9999999950523,-1200.0000000021828,0.9562500000001393,0.9000000000001438,-0.05624999999999547,18159.999999996944,11599.999999998545,6559.999999998399,-35.83333333328179,55.208333333333336,63,19,9,10,9520.000000003347,7600.00000000291,-1920.0000000004366,1.540909090909281,1.7307692307695106,0.18986013986022954,5439.999999999418,2719.999999999709,2719.999999999709,172.72727272733889,70.45454545454545,-1920.0000000004366,-1,SIMPLES,False
13a_features_tempo_real__pre60__adv_delta_spread_minimo_15s_30s__mean >= 0.10775,1,13a_features_tempo_real__pre60__adv_delta_spread_minimo_15s_30s__mean,False,-2855.7272727295913,144,72,30,42,-2239.9999999928696,-2719.9999999967986,-480.000000003929,0.9562500000001393,0.9000000000001177,-0.05625000000002156,18159.999999996944,9439.999999999418,8719.999999997526,-37.77777777773331,52.77777777777778,63,16,6,10,9520.000000003347,8080.000000002474,-1440.0000000008731,1.540909090909281,1.6312500000001933,0.09034090909091219,5439.999999999418,4079.9999999995634,1359.9999999998545,171.91489361707391,65.95744680851064,-1440.0000000008731,-4,SIMPLES,False
13a_features_tempo_real__pre60__adv_z_pre_15s_spread_medio__pos_range <= 0,1,13a_features_tempo_real__pre60__adv_z_pre_15s_spread_medio__pos_range,False,-2858.9090909097517,144,20,10,10,-2239.9999999928696,480.0000000061118,2719.9999999989814,0.9562500000001393,1.0111111111112525,0.05486111111111325,18159.999999996944,16319.999999998254,1839.9999999986903,3.8709677419847726,56.451612903225815,63,4,0,4,9520.000000003347,6640.000000003056,-2880.000000000291,1.540909090909281,1.3772727272729008,-0.16363636363638023,5439.999999999418,5439.999999999418,0.0,112.54237288140773,62.71186440677966,-2880.000000000291,-4,SIMPLES,False
13a_features_tempo_real__pre60__adv_ratio_volatilidade_close_pontos_15s_60s__std >= 0.23505434,1,13a_features_tempo_real__pre60__adv_ratio_volatilidade_close_pontos_15s_60s__std,False,-3069.7272727294876,144,36,15,21,-2239.9999999928696,-2959.9999999947613,-720.0000000018917,0.9562500000001393,0.924489795918501,-0.031760204081638266,18159.999999996944,12479.99999999738,5679.999999999563,-27.4074074073589,54.629629629629626,63,18,6,12,9520.000000003347,8560.000000002037,-960.0000000013097,1.540909090909281,1.6687500000001592,0.12784090909087809,5439.999999999418,4559.9999999998545,879.9999999995634,190.2222222222675,64.44444444444444,-960.0000000013097,-6,SIMPLES,False
13a_features_tempo_real__pre60__adv_ratio_volatilidade_close_pontos_15s_60s__repique_min <= 0.21864537,1,13a_features_tempo_real__pre60__adv_ratio_volatilidade_close_pontos_15s_60s__repique_min,False,-3080.000000000407,144,15,7,8,-2239.9999999928696,-1439.9999999935972,799.9999999992724,0.9562500000001393,0.9684210526317194,0.012171052631580137,18159.999999996944,17519.999999997526,639.9999999994179,-11.162790697624784,55.81395348837209,63,3,0,3,9520.000000003347,6880.000000003201,-2640.0000000001455,1.540909090909281,1.3909090909092727,-0.15000000000000835,5439.999999999418,5439.999999999418,0.0,114.66666666672002,63.33333333333333,-2640.0000000001455,-3,SIMPLES,False
13a_features_tempo_real__pre60__adv_z_pre_15s_spread_medio__range <= 0.10137141,1,13a_features_tempo_real__pre60__adv_z_pre_15s_spread_medio__range,False,-3080.000000000407,144,15,7,8,-2239.9999999928696,-1439.9999999935972,799.9999999992724,0.9562500000001393,0.9684210526317194,0.012171052631580137,18159.999999996944,18319.999999997526,-160.00000000058208,-11.162790697624784,55.81395348837209,63,3,0,3,9520.000000003347,6880.000000003201,-2640.0000000001455,1.540909090909281,1.3909090909092727,-0.15000000000000835,5439.999999999418,5439.999999999418,0.0,114.66666666672002,63.33333333333333,-2640.0000000001455,-3,SIMPLES,False
13a_features_tempo_real__window__n <= 52,1,13a_features_tempo_real__window__n,False,-3080.727272731019,144,109,51,58,-2239.9999999928696,-319.9999999975262,1919.9999999953434,0.9562500000001393,0.9692307692310071,0.012980769230867883,18159.999999996944,3759.999999999127,14399.999999997817,-9.142857142786463,62.857142857142854,63,32,12,20,9520.000000003347,7600.000000001455,-1920.0000000018917,1.540909090909281,1.9500000000001818,0.40909090909090073,5439.999999999418,1759.9999999998545,3679.9999999995634,245.1612903226276,67.74193548387096,-1920.0000000018917,-8,SIMPLES,False
13a_features_tempo_real__pre60__adv_ratio_volatilidade_close_pontos_15s_60s__range >= 0.85812629,1,13a_features_tempo_real__pre60__adv_ratio_volatilidade_close_pontos_15s_60s__range,False,-3083.584415586587,144,48,19,29,-2239.9999999928696,-5519.999999995343,-3280.000000002474,0.9562500000001393,0.846666666666796,-0.10958333333334325,18159.999999996944,12239.999999997235,5919.999999999709,-57.49999999995149,53.125,63,20,8,12,9520.000000003347,9200.000000002183,-320.00000000116415,1.540909090909281,1.8214285714287664,0.2805194805194853,5439.999999999418,4319.999999999709,1119.999999999709,213.9534883721438,67.44186046511628,-3280.000000002474,-4,SIMPLES,False
13a_features_tempo_real__pre60__adv_z_pre_15s_spread_medio__min >= 0.67907449,1,13a_features_tempo_real__pre60__adv_z_pre_15s_spread_medio__min,False,-3112.7272727293166,144,86,36,50,-2239.9999999928696,-4639.999999997235,-2400.0000000043656,0.9562500000001393,0.7928571428572663,-0.163392857142873,18159.999999996944,10799.999999998545,7359.999999998399,-79.99999999995234,51.724137931034484,63,7,2,5,9520.000000003347,8000.00000000291,-1520.0000000004366,1.540909090909281,1.5000000000001819,-0.04090909090909922,5439.999999999418,4879.999999999563,559.9999999998545,142.85714285719482,64.28571428571429,-2400.0000000043656,-3,SIMPLES,False
13a_features_tempo_real__pre60__pre_15s_spread_medio__min >= 1.4716258,1,13a_features_tempo_real__pre60__pre_15s_spread_medio__min,False,-3112.7272727293166,144,86,36,50,-2239.9999999928696,-4639.999999997235,-2400.0000000043656,0.9562500000001393,0.7928571428572663,-0.163392857142873,18159.999999996944,10799.999999998545,7359.999999998399,-79.99999999995234,51.724137931034484,63,7,2,5,9520.000000003347,8000.00000000291,-1520.0000000004366,1.540909090909281,1.5000000000001819,-0.04090909090909922,5439.999999999418,4879.999999999563,559.9999999998545,142.85714285719482,64.28571428571429,-2400.0000000043656,-3,SIMPLES,False
13a_features_tempo_real__pre60__adv_delta_spread_minimo_15s_30s__recuo_max >= 0,1,13a_features_tempo_real__pre60__adv_delta_spread_minimo_15s_30s__recuo_max,False,-3125.2987012996095,144,24,12,12,-2239.9999999928696,-1279.9999999937427,959.9999999991269,0.9562500000001393,0.9692307692309197,0.012980769230780398,18159.999999996944,17199.99999999709,959.9999999998545,-10.666666666614523,56.666666666666664,63,7,1,6,9520.000000003347,6960.000000002765,-2560.000000000582,1.540909090909281,1.414285714285879,-0.12662337662340217,5439.999999999418,4639.999999999418,800.0,124.28571428576366,62.5,-2560.000000000582,-5,SIMPLES,False
13a_features_tempo_real__pre60__adv_z_pre_15s_spread_medio__delta <= -0.59470811,1,13a_features_tempo_real__pre60__adv_z_pre_15s_spread_medio__delta,False,-3134.5454545458615,144,15,9,6,-2239.9999999928696,2560.000000006403,4799.999999999272,0.9562500000001393,1.0581818181819638,0.10193181818182451,18159.999999996944,14959.999999997672,3199.9999999992724,19.844961240359712,57.36434108527132,63,4,0,4,9520.000000003347,5680.000000003201,-3840.0000000001455,1.540909090909281,1.3227272727274546,-0.21818181818182647,5439.999999999418,5439.999999999418,0.0,96.27118644073222,62.71186440677966,-3840.0000000001455,-4,SIMPLES,False
13a_features_tempo_real__pre60__pre_15s_spread_medio__delta <= -0.27010422,1,13a_features_tempo_real__pre60__pre_15s_spread_medio__delta,False,-3134.5454545458615,144,15,9,6,-2239.9999999928696,2560.000000006403,4799.999999999272,0.9562500000001393,1.0581818181819638,0.10193181818182451,18159.999999996944,14959.999999997672,3199.9999999992724,19.844961240359712,57.36434108527132,63,4,0,4,9520.000000003347,5680.000000003201,-3840.0000000001455,1.540909090909281,1.3227272727274546,-0.21818181818182647,5439.999999999418,5439.999999999418,0.0,96.27118644073222,62.71186440677966,-3840.0000000001455,-4,SIMPLES,False
13a_features_tempo_real__pre60__adv_delta_spread_minimo_15s_30s__dist_media <= -0.13112368,1,13a_features_tempo_real__pre60__adv_delta_spread_minimo_15s_30s__dist_media,False,-3161.29870130009,144,48,17,31,-2239.9999999928696,-6639.99999999578,-4400.00000000291,0.9562500000001393,0.8234042553192612,-0.13284574468087806,18159.999999996944,14399.99999999709,3759.9999999998545,-69.1666666666227,51.041666666666664,63,4,1,3,9520.000000003347,8640.000000003056,-880.000000000291,1.540909090909281,1.514285714285896,-0.026623376623384987,5439.999999999418,5679.999999999563,-240.00000000014552,146.4406779661535,64.40677966101694,-4400.00000000291,-2,SIMPLES,False
13a_features_tempo_real__pre60__adv_z_pre_15s_spread_medio__first >= 0.61156049,1,13a_features_tempo_real__pre60__adv_z_pre_15s_spread_medio__first,False,-3206.6096256715127,144,115,52,63,-2239.9999999928696,-719.9999999982538,1519.9999999946158,0.9562500000001393,0.9250000000001819,-0.031249999999957367,18159.999999996944,6159.9999999998545,11999.99999999709,-24.827586206836337,58.620689655172406,63,16,5,11,9520.000000003347,7040.000000002328,-2480.0000000010186,1.540909090909281,1.5176470588237005,-0.02326203208558053,5439.999999999418,3519.999999999709,1919.999999999709,149.78723404260273,63.829787234042556,-2480.0000000010186,-6,SIMPLES,False
13a_features_tempo_real__pre60__pre_15s_spread_medio__first >= 1.4409623,1,13a_features_tempo_real__pre60__pre_15s_spread_medio__first,False,-3206.6096256715127,144,115,52,63,-2239.9999999928696,-719.9999999982538,1519.9999999946158,0.9562500000001393,0.9250000000001819,-0.031249999999957367,18159.999999996944,6159.9999999998545,11999.99999999709,-24.827586206836337,58.620689655172406,63,16,5,11,9520.000000003347,7040.000000002328,-2480.0000000010186,1.540909090909281,1.5176470588237005,-0.02326203208558053,5439.999999999418,3519.999999999709,1919.999999999709,149.78723404260273,63.829787234042556,-2480.0000000010186,-6,SIMPLES,False
13a_features_tempo_real__last__cobertura_30s <= 22,1,13a_features_tempo_real__last__cobertura_30s,False,-3232.7272727283707,144,30,12,18,-2239.9999999928696,-4639.999999994325,-2400.000000001455,0.9562500000001393,0.8884615384616749,-0.0677884615384644,18159.999999996944,16479.99999999811,1679.9999999988358,-40.70175438591513,54.385964912280706,63,7,2,5,9520.000000003347,8000.00000000291,-1520.0000000004366,1.540909090909281,1.5000000000001819,-0.04090909090909922,5439.999999999418,5119.999999999709,319.99999999970896,142.85714285719482,64.28571428571429,-2400.000000001455,-3,SIMPLES,False
13a_features_tempo_real__pre60__adv_z_pre_15s_spread_medio__delta <= -0.25393362,1,13a_features_tempo_real__pre60__adv_z_pre_15s_spread_medio__delta,False,-3240.3062200972945,144,36,20,16,-2239.9999999928696,8000.000000005093,10239.999999997963,0.9562500000001393,1.227272727272872,0.2710227272727328,18159.999999996944,11679.999999998108,6479.999999998836,74.07407407412123,59.25925925925925,63,13,3,10,9520.000000003347,4720.000000002619,-4800.000000000728,1.540909090909281,1.310526315789646,-0.230382775119635,5439.999999999418,5119.999999999709,319.99999999970896,94.40000000005239,62.0,-4800.000000000728,-7,SIMPLES,False
13a_features_tempo_real__pre60__pre_15s_spread_medio__delta <= -0.11533144,1,13a_features_tempo_real__pre60__pre_15s_spread_medio__delta,False,-3240.3062200972945,144,36,20,16,-2239.9999999928696,8000.000000005093,10239.999999997963,0.9562500000001393,1.227272727272872,0.2710227272727328,18159.999999996944,11679.999999998108,6479.999999998836,74.07407407412123,59.25925925925925,63,13,3,10,9520.000000003347,4720.000000002619,-4800.000000000728,1.540909090909281,1.310526315789646,-0.230382775119635,5439.999999999418,5119.999999999709,319.99999999970896,94.40000000005239,62.0,-4800.000000000728,-7,SIMPLES,False
13a_features_tempo_real__last__cobertura_30s <= 26,1,13a_features_tempo_real__last__cobertura_30s,False,-3252.727272730699,144,103,48,55,-2239.9999999928696,880.0000000024738,3119.9999999953434,0.9562500000001393,1.0687500000001933,0.112500000000054,18159.999999996944,5359.9999999998545,12799.99999999709,21.46341463420668,60.97560975609756,63,31,12,19,9520.000000003347,6880.000000001746,-2640.0000000016007,1.540909090909281,1.8600000000002184,0.3190909090909373,5439.999999999418,1759.9999999998545,3679.9999999995634,215.00000000005457,68.75,-2640.0000000016007,-7,SIMPLES,False
13a_features_tempo_real__pre60__adv_ratio_volatilidade_close_pontos_15s_60s__delta >= 0.19589312,1,13a_features_tempo_real__pre60__adv_ratio_volatilidade_close_pontos_15s_60s__delta,False,-3264.1558441600137,144,96,41,55,-2239.9999999928696,-1839.9999999979627,399.99999999490683,0.9562500000001393,0.9000000000001107,-0.056250000000028555,18159.999999996944,3999.9999999992724,14159.999999997672,-38.33333333329089,52.083333333333336,63,38,15,23,9520.000000003347,8320.000000001164,-1200.0000000021828,1.540909090909281,2.4857142857144936,0.9448051948052125,5439.999999999418,2159.9999999998545,3279.9999999995634,332.80000000004657,72.0,-1200.0000000021828,-8,SIMPLES,False
13a_features_tempo_real__pre60__adv_ratio_volatilidade_close_pontos_15s_60s__ret_pct >= 17.351805,1,13a_features_tempo_real__pre60__adv_ratio_volatilidade_close_pontos_15s_60s__ret_pct,False,-3264.1558441600137,144,96,41,55,-2239.9999999928696,-1839.9999999979627,399.99999999490683,0.9562500000001393,0.9000000000001107,-0.056250000000028555,18159.999999996944,3999.9999999992724,14159.999999997672,-38.33333333329089,52.083333333333336,63,38,15,23,9520.000000003347,8320.000000001164,-1200.0000000021828,1.540909090909281,2.4857142857144936,0.9448051948052125,5439.999999999418,2159.9999999998545,3279.9999999995634,332.80000000004657,72.0,-1200.0000000021828,-8,SIMPLES,False
13a_features_tempo_real__window__n <= 27.19,1,13a_features_tempo_real__window__n,False,-3324.7272727287054,144,48,27,21,-2239.9999999928696,5680.000000005384,7919.999999998254,0.9562500000001393,1.1918918918920738,0.23564189189193452,18159.999999996944,9999.999999998545,8159.999999998399,59.166666666722755,61.458333333333336,63,11,2,9,9520.000000003347,5120.000000002619,-4400.000000000728,1.540909090909281,1.3200000000001637,-0.22090909090911737,5439.999999999418,4879.999999999563,559.9999999998545,98.46153846158883,61.53846153846154,-4400.000000000728,-7,SIMPLES,False
13a_features_tempo_real__pre60__adv_ratio_volatilidade_close_pontos_15s_60s__std <= 0.15910461,1,13a_features_tempo_real__pre60__adv_ratio_volatilidade_close_pontos_15s_60s__std,False,-3352.7272727289164,144,48,22,26,-2239.9999999928696,480.0000000046566,2719.999999997526,0.9562500000001393,1.0142857142858528,0.058035714285713524,18159.999999996944,12559.9999999984,5599.999999998545,5.000000000048506,56.25,63,18,7,11,9520.000000003347,6720.000000002619,-2800.0000000007276,1.540909090909281,1.5600000000002183,0.019090909090937247,5439.999999999418,4079.9999999995634,1359.9999999998545,149.33333333339155,66.66666666666666,-2800.0000000007276,-4,SIMPLES,False
13a_features_tempo_real__pre60__adv_z_pre_15s_spread_medio__pos_range >= 0.84364883,1,13a_features_tempo_real__pre60__adv_z_pre_15s_spread_medio__pos_range,False,-3370.26573426686,144,36,15,21,-2239.9999999928696,-6799.999999994179,-4560.00000000131,0.9562500000001393,0.8265306122450464,-0.12971938775509284,18159.999999996944,14479.99999999738,3679.9999999995634,-62.96296296290907,54.629629629629626,63,19,9,10,9520.000000003347,8560.000000002765,-960.0000000005821,1.540909090909281,1.8230769230771888,0.28216783216790775,5439.999999999418,3519.999999999709,1919.999999999709,194.54545454551737,70.45454545454545,-4560.00000000131,-1,SIMPLES,False
13a_features_tempo_real__pre60__adv_delta_spread_minimo_15s_30s__std >= 0.077790393,1,13a_features_tempo_real__pre60__adv_delta_spread_minimo_15s_30s__std,False,-3444.1558441595093,144,108,44,64,-2239.9999999928696,-5439.99999999869,-3200.0000000058208,0.9562500000001393,0.6600000000000819,-0.2962500000000574,18159.999999996944,8479.999999998836,9679.999999998108,-151.11111111107473,44.44444444444444,63,34,15,19,9520.000000003347,8320.000000001892,-1200.0000000014552,1.540909090909281,2.4857142857146237,0.9448051948053426,5439.999999999418,1600.0,3839.999999999418,286.89655172420316,75.86206896551724,-3200.0000000058208,-4,SIMPLES,False
13a_features_tempo_real__pre60__adv_z_pre_15s_spread_medio__recuo_max <= -0.78261142,1,13a_features_tempo_real__pre60__adv_z_pre_15s_spread_medio__recuo_max,False,-3470.5454545458106,144,15,9,6,-2239.9999999928696,1600.0000000065484,3839.999999999418,0.9562500000001393,1.0363636363637851,0.08011363636364588,18159.999999996944,15359.999999996944,2800.0,12.40310077524456,57.36434108527132,63,4,0,4,9520.000000003347,5680.000000003201,-3840.0000000001455,1.540909090909281,1.3227272727274546,-0.21818181818182647,5439.999999999418,5439.999999999418,0.0,96.27118644073222,62.71186440677966,-3840.0000000001455,-4,SIMPLES,False
13a_features_tempo_real__pre60__adv_z_pre_15s_spread_medio__pos_range >= 0.36418374,1,13a_features_tempo_real__pre60__adv_z_pre_15s_spread_medio__pos_range,False,-3472.727272730408,144,96,41,55,-2239.9999999928696,-6639.999999997235,-4400.000000004366,0.9562500000001393,0.639130434782759,-0.3171195652173803,18159.999999996944,8479.999999998836,9679.999999998108,-138.33333333327573,52.083333333333336,63,40,18,22,9520.000000003347,8080.000000001746,-1440.0000000016007,1.540909090909281,3.5250000000005457,1.9840909090912646,5439.999999999418,800.0,4639.999999999418,351.3043478261629,82.6086956521739,-4400.000000004366,-4,SIMPLES,False
13a_features_tempo_real__pre60__adv_delta_spread_minimo_15s_30s__ret_pct <= -44.444444,1,13a_features_tempo_real__pre60__adv_delta_spread_minimo_15s_30s__ret_pct,False,-3488.962566846584,144,46,21,25,-2239.9999999928696,880.0000000046566,3119.999999997526,0.9562500000001393,1.0255813953489725,0.06933139534883326,18159.999999996944,15599.999999997817,2559.999999999127,8.97959183678221,56.12244897959183,63,15,5,10,9520.000000003347,6320.000000002619,-3200.0000000007276,1.540909090909281,1.4647058823531338,-0.07620320855614726,5439.999999999418,4079.9999999995634,1359.9999999998545,131.66666666672123,64.58333333333334,-3200.0000000007276,-5,SIMPLES,False
13a_features_tempo_real__pre60__adv_ratio_volatilidade_close_pontos_15s_60s__pos_range <= 0.93252902,1,13a_features_tempo_real__pre60__adv_ratio_volatilidade_close_pontos_15s_60s__pos_range,False,-3506.8325358867896,144,36,14,22,-2239.9999999928696,-4959.999999994761,-2720.0000000018917,0.9562500000001393,0.876000000000131,-0.08025000000000826,18159.999999996944,16559.99999999767,1599.9999999992724,-45.92592592587742,53.70370370370371,63,10,3,7,9520.000000003347,8320.00000000262,-1200.0000000007276,1.540909090909281,1.5473684210528038,0.006459330143522735,5439.999999999418,5359.9999999998545,79.99999999956344,156.98113207552112,64.15094339622641,-2720.0000000018917,-4,SIMPLES,False
13a_features_tempo_real__last__cobertura_30s <= 21,1,13a_features_tempo_real__last__cobertura_30s,False,-3564.0000000005307,144,20,9,11,-2239.9999999928696,-2479.9999999937427,-240.00000000087311,0.9562500000001393,0.9436363636365058,-0.01261363636363344,18159.999999996944,17359.99999999767,799.9999999992724,-19.999999999949537,55.64516129032258,63,3,0,3,9520.000000003347,6880.000000003201,-2640.0000000001455,1.540909090909281,1.3909090909092727,-0.15000000000000835,5439.999999999418,5679.999999999563,-240.00000000014552,114.66666666672002,63.33333333333333,-2640.0000000001455,-3,SIMPLES,False
13a_features_tempo_real__pre60__adv_z_pre_15s_spread_medio__pos_range >= 0.87672197,1,13a_features_tempo_real__pre60__adv_z_pre_15s_spread_medio__pos_range,False,-3566.2657342668085,144,29,11,18,-2239.9999999928696,-7359.999999994034,-5120.000000001164,0.9562500000001393,0.8264150943397633,-0.12983490566037592,18159.999999996944,15279.99999999738,2879.9999999995634,-63.999999999948116,53.91304347826087,63,19,9,10,9520.000000003347,8560.000000002765,-960.0000000005821,1.540909090909281,1.8230769230771888,0.28216783216790775,5439.999999999418,3519.999999999709,1919.999999999709,194.54545454551737,70.45454545454545,-5120.000000001164,-1,SIMPLES,False
13a_features_tempo_real__pre60__adv_delta_spread_minimo_15s_30s__slope >= 0.0062125617,1,13a_features_tempo_real__pre60__adv_delta_spread_minimo_15s_30s__slope,False,-3588.727272728247,144,27,10,17,-2239.9999999928696,-5999.999999994179,-3760.0000000013097,0.9562500000001393,0.8611111111112458,-0.09513888888889344,18159.999999996944,15919.999999997526,2239.999999999418,-51.28205128200153,53.84615384615385,63,7,2,5,9520.000000003347,8000.00000000291,-1520.0000000004366,1.540909090909281,1.5000000000001819,-0.04090909090909922,5439.999999999418,4879.999999999563,559.9999999998545,142.85714285719482,64.28571428571429,-3760.0000000013097,-3,SIMPLES,False
13a_features_tempo_real__pre60__adv_z_pre_15s_spread_medio__std <= 0.036159692,1,13a_features_tempo_real__pre60__adv_z_pre_15s_spread_medio__std,False,-3650.9090909097226,144,15,7,8,-2239.9999999928696,-1439.9999999935972,799.9999999992724,0.9562500000001393,0.9684210526317194,0.012171052631580137,18159.999999996944,18319.999999997526,-160.00000000058208,-11.162790697624784,55.81395348837209,63,4,0,4,9520.000000003347,6640.000000003056,-2880.000000000291,1.540909090909281,1.3772727272729008,-0.16363636363638023,5439.999999999418,5679.999999999563,-240.00000000014552,112.54237288140773,62.71186440677966,-2880.000000000291,-4,SIMPLES,False
13a_features_tempo_real__pre60__pre_15s_spread_medio__std <= 0.01642299,1,13a_features_tempo_real__pre60__pre_15s_spread_medio__std,False,-3650.9090909097226,144,15,7,8,-2239.9999999928696,-1439.9999999935972,799.9999999992724,0.9562500000001393,0.9684210526317194,0.012171052631580137,18159.999999996944,18319.999999997526,-160.00000000058208,-11.162790697624784,55.81395348837209,63,4,0,4,9520.000000003347,6640.000000003056,-2880.000000000291,1.540909090909281,1.3772727272729008,-0.16363636363638023,5439.999999999418,5679.999999999563,-240.00000000014552,112.54237288140773,62.71186440677966,-2880.000000000291,-4,SIMPLES,False
13a_features_tempo_real__pre60__adv_delta_spread_minimo_15s_30s__slope >= 0.003320964,1,13a_features_tempo_real__pre60__adv_delta_spread_minimo_15s_30s__slope,False,-3670.374331552146,144,43,17,26,-2239.9999999928696,-5439.999999995052,-3200.000000002183,0.9562500000001393,0.8553191489363018,-0.10093085106383748,18159.999999996944,12159.999999997672,5999.999999999272,-53.861386138564875,53.46534653465347,63,14,5,9,9520.000000003347,7520.000000002619,-2000.0000000007276,1.540909090909281,1.5529411764707808,0.012032085561499706,5439.999999999418,2959.999999999127,2480.000000000291,153.4693877551555,65.3061224489796,-3200.000000002183,-4,SIMPLES,False
13a_features_tempo_real__pre60__adv_z_pre_15s_spread_medio__repique_min <= 0,1,13a_features_tempo_real__pre60__adv_z_pre_15s_spread_medio__repique_min,False,-3672.363636364551,144,29,16,13,-2239.9999999928696,3600.0000000058208,5839.99999999869,0.9562500000001393,1.0937500000001517,0.1375000000000124,18159.999999996944,14559.9999999984,3599.999999998545,31.304347826137572,58.26086956521739,63,6,0,6,9520.000000003347,5200.00000000291,-4320.000000000437,1.540909090909281,1.2954545454547108,-0.24545454545457024,5439.999999999418,5439.999999999418,0.0,91.22807017548966,61.40350877192983,-4320.000000000437,-6,SIMPLES,False
13a_features_tempo_real__pre60__adv_z_pre_15s_spread_medio__repique_min <= 0.0033536222,1,13a_features_tempo_real__pre60__adv_z_pre_15s_spread_medio__repique_min,False,-3672.363636364551,144,29,16,13,-2239.9999999928696,3600.0000000058208,5839.99999999869,0.9562500000001393,1.0937500000001517,0.1375000000000124,18159.999999996944,14559.9999999984,3599.999999998545,31.304347826137572,58.26086956521739,63,6,0,6,9520.000000003347,5200.00000000291,-4320.000000000437,1.540909090909281,1.2954545454547108,-0.24545454545457024,5439.999999999418,5439.999999999418,0.0,91.22807017548966,61.40350877192983,-4320.000000000437,-6,SIMPLES,False
13a_features_tempo_real__pre60__adv_z_pre_15s_spread_medio__ret_pct <= -40.453875,1,13a_features_tempo_real__pre60__adv_z_pre_15s_spread_medio__ret_pct,False,-3690.0606060613304,144,15,8,7,-2239.9999999928696,1520.0000000062573,3759.999999999127,0.9562500000001393,1.0339285714287112,0.07767857142857193,18159.999999996944,16399.99999999709,1759.9999999998545,11.782945736482615,56.58914728682171,63,11,4,7,9520.000000003347,6240.000000003056,-3280.000000000291,1.540909090909281,1.4333333333335456,-0.10757575757573545,5439.999999999418,5919.999999999709,-480.00000000029104,120.00000000005876,65.38461538461539,-3280.000000000291,-3,SIMPLES,False
13a_features_tempo_real__pre60__adv_z_pre_15s_spread_medio__pos_range <= 0.46846624,1,13a_features_tempo_real__pre60__adv_z_pre_15s_spread_medio__pos_range,False,-3696.7272727304203,144,58,30,28,-2239.9999999928696,8320.000000004075,10559.999999996944,0.9562500000001393,1.3058823529413264,0.3496323529411871,18159.999999996944,9039.99999999869,9119.999999998254,96.74418604655901,60.46511627906976,63,29,9,20,9520.000000003347,5200.000000001455,-4320.000000001892,1.540909090909281,1.5000000000001399,-0.04090909090914119,5439.999999999418,3519.999999999709,1919.999999999709,152.94117647063104,61.76470588235294,-4320.000000001892,-11,SIMPLES,False
13a_features_tempo_real__pre60__adv_z_pre_15s_spread_medio__dist_media <= -0.27948117,1,13a_features_tempo_real__pre60__adv_z_pre_15s_spread_medio__dist_media,False,-3705.454545455177,144,15,9,6,-2239.9999999928696,2560.000000006403,4799.999999999272,0.9562500000001393,1.0581818181819638,0.10193181818182451,18159.999999996944,15199.999999997817,2959.999999999127,19.844961240359712,57.36434108527132,63,5,0,5,9520.000000003347,5440.000000003056,-4080.000000000291,1.540909090909281,1.3090909090910827,-0.23181818181819835,5439.999999999418,5679.999999999563,-240.00000000014552,93.79310344832855,62.06896551724138,-4080.000000000291,-5,SIMPLES,False
13a_features_tempo_real__pre60__adv_delta_spread_minimo_15s_30s__slope <= -0.0018018517,1,13a_features_tempo_real__pre60__adv_delta_spread_minimo_15s_30s__slope,False,-3717.1978609635144,144,43,22,21,-2239.9999999928696,1680.0000000053842,3919.9999999982538,0.9562500000001393,1.0500000000001601,0.09375000000002087,18159.999999996944,12079.99999999738,6079.999999999563,16.633663366389943,58.415841584158414,63,13,5,8,9520.000000003347,5840.000000003056,-3680.000000000291,1.540909090909281,1.429411764706107,-0.11149732620317399,5439.999999999418,4879.999999999563,559.9999999998545,116.80000000006112,66.0,-3680.000000000291,-3,SIMPLES,False
13a_features_tempo_real__pre60__adv_ratio_volatilidade_close_pontos_15s_60s__std >= 0.17380283,1,13a_features_tempo_real__pre60__adv_ratio_volatilidade_close_pontos_15s_60s__std,False,-3751.5844155882796,144,86,40,46,-2239.9999999928696,2400.0000000029104,4639.99999999578,0.9562500000001393,1.1250000000001517,0.1687500000000124,18159.999999996944,5359.999999998399,12799.999999998545,41.379310344877766,58.620689655172406,63,39,15,24,9520.000000003347,7120.000000001164,-2400.000000002183,1.540909090909281,2.271428571428779,0.7305194805194981,5439.999999999418,2959.9999999998545,2479.9999999995634,296.6666666667152,70.83333333333334,-2400.000000002183,-9,SIMPLES,False
13a_features_tempo_real__pre60__adv_z_pre_15s_spread_medio__delta >= 0.12260371,1,13a_features_tempo_real__pre60__adv_z_pre_15s_spread_medio__delta,False,-3768.727272728923,144,58,22,36,-2239.9999999928696,-9599.999999995634,-7360.000000002765,0.9562500000001393,0.7142857142858442,-0.24196428571429507,18159.999999996944,12239.999999997963,5919.999999998981,-111.62790697669342,51.162790697674424,63,17,8,9,9520.000000003347,8960.000000002765,-560.0000000005821,1.540909090909281,1.800000000000247,0.2590909090909659,5439.999999999418,3519.999999999709,1919.999999999709,194.78260869571227,69.56521739130434,-7360.000000002765,-1,SIMPLES,False
13a_features_tempo_real__pre60__pre_15s_spread_medio__delta >= 0.055684089,1,13a_features_tempo_real__pre60__pre_15s_spread_medio__delta,False,-3768.727272728923,144,58,22,36,-2239.9999999928696,-9599.999999995634,-7360.000000002765,0.9562500000001393,0.7142857142858442,-0.24196428571429507,18159.999999996944,12239.999999997963,5919.999999998981,-111.62790697669342,51.162790697674424,63,17,8,9,9520.000000003347,8960.000000002765,-560.0000000005821,1.540909090909281,1.800000000000247,0.2590909090909659,5439.999999999418,3519.999999999709,1919.999999999709,194.78260869571227,69.56521739130434,-7360.000000002765,-1,SIMPLES,False
13a_features_tempo_real__pre60__adv_z_pre_15s_spread_medio__std <= 0.17369753,1,13a_features_tempo_real__pre60__adv_z_pre_15s_spread_medio__std,False,-3778.72727273083,144,58,26,32,-2239.9999999928696,-1599.9999999956344,639.9999999972351,0.9562500000001393,0.9473684210527752,-0.008881578947364077,18159.999999996944,11919.999999998254,6239.99999999869,-18.604651162739934,55.81395348837209,63,38,14,24,9520.000000003347,8240.000000000873,-1280.0000000024738,1.540909090909281,2.2875000000001364,0.7465909090908553,5439.999999999418,2479.9999999995634,2959.9999999998545,329.6000000000349,68.0,-1280.0000000024738,-10,SIMPLES,False
13a_features_tempo_real__pre60__pre_15s_spread_medio__std <= 0.078889855,1,13a_features_tempo_real__pre60__pre_15s_spread_medio__std,False,-3778.72727273083,144,58,26,32,-2239.9999999928696,-1599.9999999956344,639.9999999972351,0.9562500000001393,0.9473684210527752,-0.008881578947364077,18159.999999996944,11919.999999998254,6239.99999999869,-18.604651162739934,55.81395348837209,63,38,14,24,9520.000000003347,8240.000000000873,-1280.0000000024738,1.540909090909281,2.2875000000001364,0.7465909090908553,5439.999999999418,2479.9999999995634,2959.9999999998545,329.6000000000349,68.0,-1280.0000000024738,-10,SIMPLES,False
13a_features_tempo_real__pre60__adv_z_pre_15s_spread_medio__max >= 0.87628596,1,13a_features_tempo_real__pre60__adv_z_pre_15s_spread_medio__max,False,-3789.7272727302243,144,115,53,62,-2239.9999999928696,2240.0000000016007,4479.99999999447,0.9562500000001393,1.2545454545456365,0.2982954545454972,18159.999999996944,5359.9999999998545,12799.99999999709,77.24137931040002,62.06896551724138,63,18,6,12,9520.000000003347,5680.000000002474,-3840.000000000873,1.540909090909281,1.4437500000001933,-0.09715909090908781,5439.999999999418,3519.999999999709,1919.999999999709,126.2222222222772,64.44444444444444,-3840.000000000873,-6,SIMPLES,False
13a_features_tempo_real__pre60__pre_15s_spread_medio__max >= 1.5611952,1,13a_features_tempo_real__pre60__pre_15s_spread_medio__max,False,-3789.7272727302243,144,115,53,62,-2239.9999999928696,2240.0000000016007,4479.99999999447,0.9562500000001393,1.2545454545456365,0.2982954545454972,18159.999999996944,5359.9999999998545,12799.99999999709,77.24137931040002,62.06896551724138,63,18,6,12,9520.000000003347,5680.000000002474,-3840.000000000873,1.540909090909281,1.4437500000001933,-0.09715909090908781,5439.999999999418,3519.999999999709,1919.999999999709,126.2222222222772,64.44444444444444,-3840.000000000873,-6,SIMPLES,False
13a_features_tempo_real__pre60__adv_z_pre_15s_spread_medio__delta <= -0.3204162,1,13a_features_tempo_real__pre60__adv_z_pre_15s_spread_medio__delta,False,-3808.7272727285745,144,29,17,12,-2239.9999999928696,7520.00000000553,9759.9999999984,0.9562500000001393,1.2000000000001472,0.2437500000000079,18159.999999996944,13279.999999998108,4879.999999998836,65.39130434787417,59.130434782608695,63,11,2,9,9520.000000003347,4160.000000002765,-5360.000000000582,1.540909090909281,1.2600000000001728,-0.2809090909091083,5439.999999999418,5119.999999999709,319.99999999970896,80.00000000005318,61.53846153846154,-5360.000000000582,-7,SIMPLES,False
13a_features_tempo_real__pre60__pre_15s_spread_medio__delta <= -0.14552646,1,13a_features_tempo_real__pre60__pre_15s_spread_medio__delta,False,-3808.7272727285745,144,29,17,12,-2239.9999999928696,7520.00000000553,9759.9999999984,0.9562500000001393,1.2000000000001472,0.2437500000000079,18159.999999996944,13279.999999998108,4879.999999998836,65.39130434787417,59.130434782608695,63,11,2,9,9520.000000003347,4160.000000002765,-5360.000000000582,1.540909090909281,1.2600000000001728,-0.2809090909091083,5439.999999999418,5119.999999999709,319.99999999970896,80.00000000005318,61.53846153846154,-5360.000000000582,-7,SIMPLES,False
13a_features_tempo_real__pre60__adv_ratio_volatilidade_close_pontos_15s_60s__std <= 0.10190553,1,13a_features_tempo_real__pre60__adv_ratio_volatilidade_close_pontos_15s_60s__std,False,-3834.5454545458615,144,15,8,7,-2239.9999999928696,560.0000000064028,2799.9999999992724,0.9562500000001393,1.012500000000143,0.056250000000003686,18159.999999996944,17279.99999999738,879.9999999995634,4.341085271367464,56.58914728682171,63,4,0,4,9520.000000003347,5680.000000003201,-3840.0000000001455,1.540909090909281,1.3227272727274546,-0.21818181818182647,5439.999999999418,5439.999999999418,0.0,96.27118644073222,62.71186440677966,-3840.0000000001455,-4,SIMPLES,False
13a_features_tempo_real__pre60__adv_z_pre_15s_spread_medio__mean >= 1.1158371,1,13a_features_tempo_real__pre60__adv_z_pre_15s_spread_medio__mean,False,-3836.0000000013747,144,72,31,41,-2239.9999999928696,-3599.999999996362,-1360.0000000034925,0.9562500000001393,0.8636363636365014,-0.09261363636363784,18159.999999996944,15599.999999998545,2559.9999999983993,-49.99999999994947,54.166666666666664,63,3,0,3,9520.000000003347,6880.000000003201,-2640.0000000001455,1.540909090909281,1.3909090909092727,-0.15000000000000835,5439.999999999418,5439.999999999418,0.0,114.66666666672002,63.33333333333333,-2640.0000000001455,-3,SIMPLES,False
13a_features_tempo_real__pre60__pre_15s_spread_medio__mean >= 1.6699944,1,13a_features_tempo_real__pre60__pre_15s_spread_medio__mean,False,-3836.0000000013747,144,72,31,41,-2239.9999999928696,-3599.999999996362,-1360.0000000034925,0.9562500000001393,0.8636363636365014,-0.09261363636363784,18159.999999996944,15599.999999998545,2559.9999999983993,-49.99999999994947,54.166666666666664,63,3,0,3,9520.000000003347,6880.000000003201,-2640.0000000001455,1.540909090909281,1.3909090909092727,-0.15000000000000835,5439.999999999418,5439.999999999418,0.0,114.66666666672002,63.33333333333333,-2640.0000000001455,-3,SIMPLES,False
13a_features_tempo_real__pre60__adv_z_pre_15s_spread_medio__delta >= 0.3695634,1,13a_features_tempo_real__pre60__adv_z_pre_15s_spread_medio__delta,False,-3882.0606060614914,144,36,15,21,-2239.9999999928696,-6799.999999994179,-4560.00000000131,0.9562500000001393,0.8265306122450464,-0.12971938775509284,18159.999999996944,13039.999999997963,5119.999999998981,-62.96296296290907,54.629629629629626,63,10,4,6,9520.000000003347,8400.00000000291,-1120.0000000004366,1.540909090909281,1.5833333333335355,0.042424242424254466,5439.999999999418,5439.999999999418,0.0,158.49056603779076,66.0377358490566,-4560.00000000131,-2,SIMPLES,False
13a_features_tempo_real__pre60__adv_delta_spread_minimo_15s_30s__std >= 0.067186139,1,13a_features_tempo_real__pre60__adv_delta_spread_minimo_15s_30s__std,False,-3893.8701298740125,144,115,50,65,-2239.9999999928696,-879.9999999988358,1359.9999999940337,0.9562500000001393,0.9214285714286754,-0.034821428571463864,18159.999999996944,4639.999999999418,13519.999999997526,-30.344827586166755,51.724137931034484,63,36,15,21,9520.000000003347,6880.000000001746,-2640.0000000016007,1.540909090909281,2.2285714285717404,0.6876623376624593,5439.999999999418,1600.0,3839.999999999418,254.8148148148795,74.07407407407408,-2640.0000000016007,-6,SIMPLES,False
13a_features_tempo_real__pre60__adv_delta_spread_minimo_15s_30s__dist_media <= -0.051411472,1,13a_features_tempo_real__pre60__adv_delta_spread_minimo_15s_30s__dist_media,False,-3919.4965034995284,144,86,30,56,-2239.9999999928696,-12799.999999997817,-10560.000000004948,0.9562500000001393,0.5294117647059626,-0.42683823529417664,18159.999999996944,17839.999999997963,319.99999999898137,-220.68965517237615,41.37931034482759,63,21,9,12,9520.000000003347,10000.000000002183,479.99999999883585,1.540909090909281,1.9615384615386715,0.42062937062939043,5439.999999999418,2719.999999999709,2719.999999999709,238.09523809529006,69.04761904761905,-10560.000000004948,-3,SIMPLES,False
13a_features_tempo_real__last__cobertura_60s <= 52,1,13a_features_tempo_real__last__cobertura_60s,False,-3992.7272727312056,144,117,57,60,-2239.9999999928696,4960.000000002037,7199.999999994907,0.9562500000001393,1.8857142857146496,0.9294642857145103,18159.999999996944,2159.999999999127,15999.999999997817,183.70370370377915,74.07407407407408,63,29,9,20,9520.000000003347,5200.000000001455,-4320.000000001892,1.540909090909281,1.5000000000001399,-0.04090909090914119,5439.999999999418,1759.9999999998545,3679.9999999995634,152.94117647063104,61.76470588235294,-4320.000000001892,-11,SIMPLES,False
13a_features_tempo_real__pre60__adv_z_pre_15s_spread_medio__dist_media >= -0.013802591,1,13a_features_tempo_real__pre60__adv_z_pre_15s_spread_medio__dist_media,False,-4020.7272727304007,144,86,37,49,-2239.9999999928696,-5519.999999996799,-3280.000000003929,0.9562500000001393,0.7444444444445927,-0.2118055555555466,18159.999999996944,10879.999999998836,7279.999999998108,-95.17241379304825,53.44827586206896,63,37,16,21,9520.000000003347,7680.000000001746,-1840.0000000016007,1.540909090909281,2.600000000000364,1.0590909090910827,5439.999999999418,800.0,4639.999999999418,295.38461538468255,76.92307692307693,-3280.000000003929,-5,SIMPLES,False
13a_features_tempo_real__pre60__adv_delta_spread_minimo_15s_30s__pos_range >= 0.22858333,1,13a_features_tempo_real__pre60__adv_delta_spread_minimo_15s_30s__pos_range,False,-4024.7272727298455,144,48,27,21,-2239.9999999928696,6640.000000005239,8879.999999998108,0.9562500000001393,1.2243243243245012,0.26807432432436196,18159.999999996944,9679.999999998108,8479.999999998836,69.16666666672124,61.458333333333336,63,30,10,20,9520.000000003347,5040.000000001601,-4480.000000001746,1.540909090909281,1.5250000000001667,-0.01590909090911441,5439.999999999418,2719.999999999709,2719.999999999709,152.72727272732124,63.63636363636363,-4480.000000001746,-10,SIMPLES,False
13a_features_tempo_real__pre60__adv_z_pre_15s_spread_medio__std <= 0.14712686,1,13a_features_tempo_real__pre60__adv_z_pre_15s_spread_medio__std,False,-4040.7272727304494,144,48,21,27,-2239.9999999928696,-1519.9999999953434,719.9999999975262,0.9562500000001393,0.9558139534885075,-0.0004360465116317602,18159.999999996944,13519.999999998254,4639.99999999869,-15.833333333284827,55.208333333333336,63,30,10,20,9520.000000003347,7920.000000001164,-1600.0000000021828,1.540909090909281,1.8250000000001212,0.2840909090908401,5439.999999999418,3279.9999999995634,2159.9999999998545,240.00000000003527,63.63636363636363,-1600.0000000021828,-10,SIMPLES,False
13a_features_tempo_real__pre60__pre_15s_spread_medio__std <= 0.066821999,1,13a_features_tempo_real__pre60__pre_15s_spread_medio__std,False,-4040.7272727304494,144,48,21,27,-2239.9999999928696,-1519.9999999953434,719.9999999975262,0.9562500000001393,0.9558139534885075,-0.0004360465116317602,18159.999999996944,13519.999999998254,4639.99999999869,-15.833333333284827,55.208333333333336,63,30,10,20,9520.000000003347,7920.000000001164,-1600.0000000021828,1.540909090909281,1.8250000000001212,0.2840909090908401,5439.999999999418,3279.9999999995634,2159.9999999998545,240.00000000003527,63.63636363636363,-1600.0000000021828,-10,SIMPLES,False
13a_features_tempo_real__pre60__adv_z_pre_15s_spread_medio__repique_min >= 0.44350361,1,13a_features_tempo_real__pre60__adv_z_pre_15s_spread_medio__repique_min,False,-4061.298701300246,144,58,22,36,-2239.9999999928696,-8639.99999999578,-6400.00000000291,0.9562500000001393,0.7428571428572684,-0.21339285714287082,18159.999999996944,13359.999999997672,4799.999999999272,-100.46511627902069,51.162790697674424,63,17,8,9,9520.000000003347,8000.00000000291,-1520.0000000004366,1.540909090909281,1.7142857142859742,0.17337662337669313,5439.999999999418,2719.999999999709,2719.999999999709,173.91304347832414,69.56521739130434,-6400.00000000291,-1,SIMPLES,False
13a_features_tempo_real__last__adv_delta_spread_minimo_15s_30s >= 0.125,1,13a_features_tempo_real__last__adv_delta_spread_minimo_15s_30s,False,-4109.727272728542,144,31,18,13,-2239.9999999928696,4240.000000005966,6479.999999998836,0.9562500000001393,1.11521739130451,0.15896739130437076,18159.999999996944,13359.999999997672,4799.999999999272,37.52212389385811,59.29203539823009,63,18,6,12,9520.000000003347,4720.000000002619,-4800.000000000728,1.540909090909281,1.3687500000002046,-0.17215909090907644,5439.999999999418,3519.999999999709,1919.999999999709,104.8888888889471,64.44444444444444,-4800.000000000728,-6,SIMPLES,False
13a_features_tempo_real__pre60__adv_delta_spread_minimo_15s_30s__last >= 0.125,1,13a_features_tempo_real__pre60__adv_delta_spread_minimo_15s_30s__last,False,-4109.727272728542,144,31,18,13,-2239.9999999928696,4240.000000005966,6479.999999998836,0.9562500000001393,1.11521739130451,0.15896739130437076,18159.999999996944,13359.999999997672,4799.999999999272,37.52212389385811,59.29203539823009,63,18,6,12,9520.000000003347,4720.000000002619,-4800.000000000728,1.540909090909281,1.3687500000002046,-0.17215909090907644,5439.999999999418,3519.999999999709,1919.999999999709,104.8888888889471,64.44444444444444,-4800.000000000728,-6,SIMPLES,False
13a_features_tempo_real__window__n <= 19.75,1,13a_features_tempo_real__window__n,False,-4168.155844156927,144,36,19,17,-2239.9999999928696,3120.0000000055297,5359.999999998399,0.9562500000001393,1.0866666666668203,0.13041666666668106,18159.999999996944,13359.9999999984,4799.999999998545,28.88888888894009,58.333333333333336,63,8,1,7,9520.000000003347,4800.00000000291,-4720.000000000437,1.540909090909281,1.285714285714459,-0.25519480519482207,5439.999999999418,4879.999999999563,559.9999999998545,87.27272727278019,61.81818181818181,-4720.000000000437,-6,SIMPLES,False
13a_features_tempo_real__pre60__adv_ratio_volatilidade_close_pontos_15s_60s__range >= 0.82697709,1,13a_features_tempo_real__pre60__adv_ratio_volatilidade_close_pontos_15s_60s__range,False,-4173.87012987289,144,58,23,35,-2239.9999999928696,-5679.9999999959255,-3440.000000003056,0.9562500000001393,0.8268292682928071,-0.12942073170733215,18159.999999996944,11119.999999997526,7039.999999999418,-66.0465116278596,52.32558139534884,63,22,8,14,9520.000000003347,8720.000000001892,-800.0000000014552,1.540909090909281,1.7785714285715974,0.23766233766231637,5439.999999999418,4559.9999999998545,879.9999999995634,212.68292682931443,65.85365853658537,-3440.000000003056,-6,SIMPLES,False
13a_features_tempo_real__pre60__adv_ratio_volatilidade_close_pontos_15s_60s__range <= 0.26816407,1,13a_features_tempo_real__pre60__adv_ratio_volatilidade_close_pontos_15s_60s__range,False,-4198.545454545912,144,15,7,8,-2239.9999999928696,-479.9999999937427,1759.9999999991269,0.9562500000001393,0.9894736842106635,0.03322368421052424,18159.999999996944,17759.99999999767,399.9999999992724,-3.720930232509633,55.81395348837209,63,4,0,4,9520.000000003347,5680.000000003201,-3840.0000000001455,1.540909090909281,1.3227272727274546,-0.21818181818182647,5439.999999999418,5439.999999999418,0.0,96.27118644073222,62.71186440677966,-3840.0000000001455,-4,SIMPLES,False
13a_features_tempo_real__pre60__adv_z_pre_15s_spread_medio__mean >= 0.69793761,1,13a_features_tempo_real__pre60__adv_z_pre_15s_spread_medio__mean,False,-4212.727272729826,144,108,47,61,-2239.9999999928696,-2319.9999999982538,-80.00000000538421,0.9562500000001393,0.8294117647060107,-0.12683823529412852,18159.999999996944,9359.999999999854,8799.99999999709,-64.44444444439594,52.77777777777778,63,9,2,7,9520.000000003347,6560.000000002765,-2960.000000000582,1.540909090909281,1.410000000000173,-0.13090909090910818,5439.999999999418,4879.999999999563,559.9999999998545,121.48148148153268,62.96296296296296,-2960.000000000582,-5,SIMPLES,False
13a_features_tempo_real__pre60__pre_15s_spread_medio__mean >= 1.480193,1,13a_features_tempo_real__pre60__pre_15s_spread_medio__mean,False,-4212.727272729826,144,108,47,61,-2239.9999999928696,-2319.9999999982538,-80.00000000538421,0.9562500000001393,0.8294117647060107,-0.12683823529412852,18159.999999996944,9359.999999999854,8799.99999999709,-64.44444444439594,52.77777777777778,63,9,2,7,9520.000000003347,6560.000000002765,-2960.000000000582,1.540909090909281,1.410000000000173,-0.13090909090910818,5439.999999999418,4879.999999999563,559.9999999998545,121.48148148153268,62.96296296296296,-2960.000000000582,-5,SIMPLES,False
13a_features_tempo_real__pre60__adv_ratio_volatilidade_close_pontos_15s_60s__range <= 0.6602356,1,13a_features_tempo_real__pre60__adv_ratio_volatilidade_close_pontos_15s_60s__range,False,-4221.298701299867,144,48,22,26,-2239.9999999928696,-1439.9999999950523,799.9999999978172,0.9562500000001393,0.9571428571430044,0.0008928571428651333,18159.999999996944,15119.999999998254,3039.9999999986903,-14.999999999948463,56.25,63,20,8,12,9520.000000003347,6320.000000002619,-3200.0000000007276,1.540909090909281,1.564285714285948,0.023376623376667016,5439.999999999418,3279.999999998836,2160.000000000582,146.97674418610742,67.44186046511628,-3200.0000000007276,-4,SIMPLES,False
13a_features_tempo_real__pre60__adv_delta_spread_minimo_15s_30s__ret_pct >= -44.444444,1,13a_features_tempo_real__pre60__adv_delta_spread_minimo_15s_30s__ret_pct,False,-4224.727272728152,144,16,10,6,-2239.9999999928696,1440.0000000066939,3679.9999999995634,0.9562500000001393,1.0333333333334882,0.07708333333334894,18159.999999996944,14239.999999997235,3919.999999999709,11.250000000052296,57.8125,63,13,4,9,9520.000000003347,5760.000000002765,-3760.000000000582,1.540909090909281,1.400000000000192,-0.1409090909090891,5439.999999999418,5119.999999999709,319.99999999970896,115.2000000000553,64.0,-3760.000000000582,-5,SIMPLES,False
13a_features_tempo_real__pre60__adv_z_pre_15s_spread_medio__delta >= 0,1,13a_features_tempo_real__pre60__adv_z_pre_15s_spread_medio__delta,False,-4238.727272730339,144,79,34,45,-2239.9999999928696,-5999.999999996362,-3760.0000000034925,0.9562500000001393,0.7500000000001515,-0.20624999999998772,18159.999999996944,9199.999999998545,8959.9999999984,-92.30769230763634,53.84615384615385,63,34,14,20,9520.000000003347,8240.0000000016,-1280.0000000017462,1.540909090909281,2.28750000000025,0.746590909090969,5439.999999999418,1919.999999999709,3519.999999999709,284.1379310345379,72.41379310344827,-3760.0000000034925,-6,SIMPLES,False
13a_features_tempo_real__pre60__adv_z_pre_15s_spread_medio__ret_pct >= 0,1,13a_features_tempo_real__pre60__adv_z_pre_15s_spread_medio__ret_pct,False,-4238.727272730339,144,79,34,45,-2239.9999999928696,-5999.999999996362,-3760.0000000034925,0.9562500000001393,0.7500000000001515,-0.20624999999998772,18159.999999996944,9199.999999998545,8959.9999999984,-92.30769230763634,53.84615384615385,63,34,14,20,9520.000000003347,8240.0000000016,-1280.0000000017462,1.540909090909281,2.28750000000025,0.746590909090969,5439.999999999418,1919.999999999709,3519.999999999709,284.1379310345379,72.41379310344827,-3760.0000000034925,-6,SIMPLES,False
13a_features_tempo_real__pre60__pre_15s_spread_medio__delta >= 0,1,13a_features_tempo_real__pre60__pre_15s_spread_medio__delta,False,-4238.727272730339,144,79,34,45,-2239.9999999928696,-5999.999999996362,-3760.0000000034925,0.9562500000001393,0.7500000000001515,-0.20624999999998772,18159.999999996944,9199.999999998545,8959.9999999984,-92.30769230763634,53.84615384615385,63,34,14,20,9520.000000003347,8240.0000000016,-1280.0000000017462,1.540909090909281,2.28750000000025,0.746590909090969,5439.999999999418,1919.999999999709,3519.999999999709,284.1379310345379,72.41379310344827,-3760.0000000034925,-6,SIMPLES,False
13a_features_tempo_real__pre60__adv_z_pre_15s_spread_medio__delta >= 0.71593538,1,13a_features_tempo_real__pre60__adv_z_pre_15s_spread_medio__delta,False,-4239.5844155847135,144,15,3,12,-2239.9999999928696,-8479.999999993743,-6240.000000000873,0.9562500000001393,0.8262295081968495,-0.13002049180328978,18159.999999996944,16959.999999996944,1200.0,-65.73643410847862,52.71317829457365,63,3,1,2,9520.000000003347,7920.000000003347,-1600.0,1.540909090909281,1.4714285714287707,-0.06948051948051037,5439.999999999418,5439.999999999418,0.0,132.0000000000558,65.0,-6240.000000000873,-1,SIMPLES,False
13a_features_tempo_real__pre60__adv_z_pre_15s_spread_medio__repique_min >= 0.7068489,1,13a_features_tempo_real__pre60__adv_z_pre_15s_spread_medio__repique_min,False,-4304.727272727869,144,36,15,21,-2239.9999999928696,-3919.999999994616,-1680.0000000017462,0.9562500000001393,0.9000000000001374,-0.05625000000000191,18159.999999996944,14159.999999997672,3999.9999999992724,-36.296296296246446,54.629629629629626,63,6,2,4,9520.000000003347,6320.000000003347,-3200.0,1.540909090909281,1.3950000000002092,-0.1459090909090719,5439.999999999418,4639.999999999418,800.0,110.87719298251486,64.91228070175438,-3200.0,-2,SIMPLES,False
13a_features_tempo_real__pre60__adv_ratio_volatilidade_close_pontos_15s_60s__repique_min >= 0.99889376,1,13a_features_tempo_real__pre60__adv_ratio_volatilidade_close_pontos_15s_60s__repique_min,False,-4344.727272727869,144,15,5,10,-2239.9999999928696,-4479.999999993743,-2240.000000000873,0.9562500000001393,0.9050847457628445,-0.05116525423729479,18159.999999996944,16799.99999999709,1359.9999999998545,-34.72868217049413,54.263565891472865,63,7,2,5,9520.000000003347,7040.000000003056,-2480.000000000291,1.540909090909281,1.440000000000191,-0.10090909090909017,5439.999999999418,5439.999999999418,0.0,125.71428571434028,64.28571428571429,-2480.000000000291,-3,SIMPLES,False
13a_features_tempo_real__pre60__adv_ratio_volatilidade_close_pontos_15s_60s__repique_min >= 0.88001614,1,13a_features_tempo_real__pre60__adv_ratio_volatilidade_close_pontos_15s_60s__repique_min,False,-4354.139037435078,144,36,14,22,-2239.9999999928696,-4959.999999994761,-2720.0000000018917,0.9562500000001393,0.876000000000131,-0.08025000000000826,18159.999999996944,12959.999999996944,5200.0,-45.92592592587742,53.70370370370371,63,16,5,11,9520.000000003347,8000.000000002183,-1520.0000000011642,1.540909090909281,1.5882352941178075,0.04732620320852643,5439.999999999418,4879.999999999563,559.9999999998545,170.21276595749325,63.829787234042556,-2720.0000000018917,-6,SIMPLES,False
13a_features_tempo_real__pre60__adv_z_pre_15s_spread_medio__slope <= -0.0047391784,1,13a_features_tempo_real__pre60__adv_z_pre_15s_spread_medio__slope,False,-4361.72727272854,144,43,26,17,-2239.9999999928696,8720.00000000553,10959.9999999984,0.9562500000001393,1.2868421052633399,0.3305921052632006,18159.999999996944,10159.999999997672,7999.999999999272,86.33663366342108,62.37623762376238,63,18,6,12,9520.000000003347,3760.000000002765,-5760.000000000582,1.540909090909281,1.293750000000216,-0.24715909090906507,5439.999999999418,5119.999999999709,319.99999999970896,83.55555555561699,64.44444444444444,-5760.000000000582,-6,SIMPLES,False
13a_features_tempo_real__pre60__adv_z_pre_15s_spread_medio__std >= 0.24815408,1,13a_features_tempo_real__pre60__adv_z_pre_15s_spread_medio__std,False,-4404.727272728378,144,48,22,26,-2239.9999999928696,-479.99999999519787,1759.9999999976717,0.9562500000001393,0.9857142857144287,0.029464285714289384,18159.999999996944,9439.999999997235,8719.999999999709,-4.999999999949978,56.25,63,8,2,6,9520.000000003347,5840.000000003056,-3680.000000000291,1.540909090909281,1.365000000000191,-0.17590909090909013,5439.999999999418,5439.999999999418,0.0,106.18181818187374,63.63636363636363,-3680.000000000291,-4,SIMPLES,False
13a_features_tempo_real__pre60__pre_15s_spread_medio__std >= 0.11270649,1,13a_features_tempo_real__pre60__pre_15s_spread_medio__std,False,-4404.727272728378,144,48,22,26,-2239.9999999928696,-479.99999999519787,1759.9999999976717,0.9562500000001393,0.9857142857144287,0.029464285714289384,18159.999999996944,9439.999999997235,8719.999999999709,-4.999999999949978,56.25,63,8,2,6,9520.000000003347,5840.000000003056,-3680.000000000291,1.540909090909281,1.365000000000191,-0.17590909090909013,5439.999999999418,5439.999999999418,0.0,106.18181818187374,63.63636363636363,-3680.000000000291,-4,SIMPLES,False
13a_features_tempo_real__pre60__adv_z_pre_15s_spread_medio__range >= 1.0925149,1,13a_features_tempo_real__pre60__adv_z_pre_15s_spread_medio__range,False,-4412.155844156601,144,29,11,18,-2239.9999999928696,-3519.999999994616,-1280.0000000017462,0.9562500000001393,0.9169811320755987,-0.03926886792454054,18159.999999996944,15039.999999997235,3119.999999999709,-30.608695652127093,53.91304347826087,63,5,1,4,9520.000000003347,6480.000000003201,-3040.0000000001455,1.540909090909281,1.3857142857144762,-0.15519480519480489,5439.999999999418,5439.999999999418,0.0,111.72413793108969,63.793103448275865,-3040.0000000001455,-3,SIMPLES,False
13a_features_tempo_real__window__n <= 14,1,13a_features_tempo_real__window__n,False,-4420.155844156825,144,30,16,14,-2239.9999999928696,2400.0000000058208,4639.99999999869,0.9562500000001393,1.0625000000001517,0.10625000000001239,18159.999999996944,15279.999999998108,2879.999999998836,21.05263157899843,57.89473684210527,63,8,1,7,9520.000000003347,4800.00000000291,-4720.000000000437,1.540909090909281,1.285714285714459,-0.25519480519482207,5439.999999999418,4879.999999999563,559.9999999998545,87.27272727278019,61.81818181818181,-4720.000000000437,-6,SIMPLES,False
13a_features_tempo_real__pre60__adv_z_pre_15s_spread_medio__ret_pct >= -9.7167333,1,13a_features_tempo_real__pre60__adv_z_pre_15s_spread_medio__ret_pct,False,-4443.584415588172,144,96,39,57,-2239.9999999928696,-8719.999999997526,-6480.000000004657,0.9562500000001393,0.5640000000001237,-0.39225000000001553,18159.999999996944,10479.999999998108,7679.999999998836,-181.66666666661513,47.91666666666667,63,36,15,21,9520.000000003347,8800.000000001455,-720.0000000018917,1.540909090909281,2.5714285714288314,1.0305194805195503,5439.999999999418,1600.0,3839.999999999418,325.9259259259798,74.07407407407408,-6480.000000004657,-6,SIMPLES,False
13a_features_tempo_real__pre60__adv_z_pre_15s_spread_medio__ret_pct >= 21.811163,1,13a_features_tempo_real__pre60__adv_z_pre_15s_spread_medio__ret_pct,False,-4444.727272729311,144,48,17,31,-2239.9999999928696,-8559.999999995489,-6320.000000002619,0.9562500000001393,0.7723404255320349,-0.1839095744681044,18159.999999996944,12959.9999999984,5199.999999998545,-89.16666666661968,51.041666666666664,63,23,10,13,9520.000000003347,8640.000000002328,-880.0000000010186,1.540909090909281,1.9000000000002426,0.35909090909096153,5439.999999999418,3519.999999999709,1919.999999999709,216.0000000000582,70.0,-6320.000000002619,-3,SIMPLES,False
13a_features_tempo_real__last__cobertura_60s <= 51,1,13a_features_tempo_real__last__cobertura_60s,False,-4516.419580423208,144,102,48,54,-2239.9999999928696,-799.9999999970896,1439.99999999578,0.9562500000001393,0.9375000000002274,-0.018749999999911893,18159.999999996944,4559.999999999127,13599.999999997817,-19.04761904754975,61.904761904761905,63,28,9,19,9520.000000003347,6400.000000001455,-3120.0000000018917,1.540909090909281,1.6153846153847553,0.07447552447547423,5439.999999999418,1759.9999999998545,3679.9999999995634,182.85714285718444,62.857142857142854,-3120.0000000018917,-10,SIMPLES,False
13a_features_tempo_real__pre60__adv_delta_spread_minimo_15s_30s__delta <= -0.025,1,13a_features_tempo_real__pre60__adv_delta_spread_minimo_15s_30s__delta,False,-4550.727272728773,144,48,23,25,-2239.9999999928696,2480.0000000046566,4719.999999997526,0.9562500000001393,1.075609756097703,0.11935975609756366,18159.999999996944,14799.999999997817,3359.999999999127,25.83333333338184,57.291666666666664,63,17,6,11,9520.000000003347,4960.000000002765,-4560.000000000582,1.540909090909281,1.387500000000216,-0.15340909090906507,5439.999999999418,4079.9999999995634,1359.9999999998545,107.82608695658185,65.21739130434783,-4560.000000000582,-5,SIMPLES,False
13a_features_tempo_real__pre60__adv_z_pre_15s_spread_medio__range >= 1.0099308,1,13a_features_tempo_real__pre60__adv_z_pre_15s_spread_medio__range,False,-4552.155844156601,144,36,15,21,-2239.9999999928696,-3919.999999994616,-1680.0000000017462,0.9562500000001393,0.9000000000001374,-0.05625000000000191,18159.999999996944,14639.999999997235,3519.999999999709,-36.296296296246446,54.629629629629626,63,5,1,4,9520.000000003347,6480.000000003201,-3040.0000000001455,1.540909090909281,1.3857142857144762,-0.15519480519480489,5439.999999999418,5439.999999999418,0.0,111.72413793108969,63.793103448275865,-3040.0000000001455,-3,SIMPLES,False
13a_features_tempo_real__pre60__adv_z_pre_15s_spread_medio__repique_min >= 0.95008659,1,13a_features_tempo_real__pre60__adv_z_pre_15s_spread_medio__repique_min,False,-4603.584415584764,144,15,2,13,-2239.9999999928696,-9519.999999993888,-7280.000000001019,0.9562500000001393,0.8080645161291555,-0.14818548387098374,18159.999999996944,18159.99999999549,1.4551915228366852e-09,-73.79844961235572,51.93798449612403,63,3,1,2,9520.000000003347,7920.000000003347,-1600.0,1.540909090909281,1.4714285714287707,-0.06948051948051037,5439.999999999418,5439.999999999418,0.0,132.0000000000558,65.0,-7280.000000001019,-1,SIMPLES,False
13a_features_tempo_real__pre60__adv_z_pre_15s_spread_medio__first >= 1.1350326,1,13a_features_tempo_real__pre60__adv_z_pre_15s_spread_medio__first,False,-4619.584415585856,144,72,33,39,-2239.9999999928696,-2479.9999999959255,-240.0000000030559,0.9562500000001393,0.9000000000001643,-0.05624999999997493,18159.999999996944,14959.9999999984,3199.999999998545,-34.444444444387855,56.94444444444444,63,6,1,5,9520.000000003347,6240.000000003056,-3280.000000000291,1.540909090909281,1.3714285714287533,-0.16948051948052778,5439.999999999418,5679.999999999563,-240.00000000014552,109.47368421057993,63.1578947368421,-3280.000000000291,-4,SIMPLES,False
13a_features_tempo_real__pre60__pre_15s_spread_medio__first >= 1.6787126,1,13a_features_tempo_real__pre60__pre_15s_spread_medio__first,False,-4619.584415585856,144,72,33,39,-2239.9999999928696,-2479.9999999959255,-240.0000000030559,0.9562500000001393,0.9000000000001643,-0.05624999999997493,18159.999999996944,14959.9999999984,3199.999999998545,-34.444444444387855,56.94444444444444,63,6,1,5,9520.000000003347,6240.000000003056,-3280.000000000291,1.540909090909281,1.3714285714287533,-0.16948051948052778,5439.999999999418,5679.999999999563,-240.00000000014552,109.47368421057993,63.1578947368421,-3280.000000000291,-4,SIMPLES,False
13a_features_tempo_real__pre60__adv_z_pre_15s_spread_medio__dist_media >= 0.44064743,1,13a_features_tempo_real__pre60__adv_z_pre_15s_spread_medio__dist_media,False,-4632.727272727519,144,15,5,10,-2239.9999999928696,-5439.999999993597,-3200.0000000007276,0.9562500000001393,0.884745762712,-0.07150423728813926,18159.999999996944,17199.99999999709,959.9999999998545,-42.17054263560928,54.263565891472865,63,4,1,3,9520.000000003347,6720.000000003347,-2800.0,1.540909090909281,1.4000000000001993,-0.14090909090908177,5439.999999999418,5439.999999999418,0.0,113.89830508480249,64.40677966101694,-3200.0000000007276,-2,SIMPLES,False
13a_features_tempo_real__pre60__adv_z_pre_15s_spread_medio__dist_media >= 0.02137843,1,13a_features_tempo_real__pre60__adv_z_pre_15s_spread_medio__dist_media,False,-4635.393939396381,144,72,28,44,-2239.9999999928696,-9599.999999996362,-7360.0000000034925,0.9562500000001393,0.666666666666793,-0.2895833333333463,18159.999999996944,14559.9999999984,3599.999999998545,-133.3333333332828,50.0,63,29,13,16,9520.000000003347,8400.000000002183,-1120.0000000011642,1.540909090909281,2.16666666666697,0.6257575757576888,5439.999999999418,1919.999999999709,3519.999999999709,247.05882352947597,73.52941176470588,-7360.0000000034925,-3,SIMPLES,False
13a_features_tempo_real__pre60__adv_delta_spread_minimo_15s_30s__recuo_max <= -0.20101786,1,13a_features_tempo_real__pre60__adv_delta_spread_minimo_15s_30s__recuo_max,False,-4648.727272730903,144,96,38,58,-2239.9999999928696,-6879.999999998108,-4640.000000005239,0.9562500000001393,0.6692307692308602,-0.28701923076927904,18159.999999996944,10879.999999998108,7279.999999998836,-143.33333333329392,45.83333333333333,63,30,12,18,9520.000000003347,8080.000000001746,-1440.0000000016007,1.540909090909281,2.0100000000002183,0.4690909090909372,5439.999999999418,2159.9999999998545,3279.9999999995634,244.84848484853777,69.6969696969697,-4640.000000005239,-6,SIMPLES,False
13a_features_tempo_real__pre60__adv_delta_spread_minimo_15s_30s__max <= 0.1875,1,13a_features_tempo_real__pre60__adv_delta_spread_minimo_15s_30s__max,False,-4691.315508023008,144,30,17,13,-2239.9999999928696,2480.000000006112,4719.999999998981,0.9562500000001393,1.0659574468086732,0.10970744680853395,18159.999999996944,15199.99999999709,2959.9999999998545,21.75438596496589,58.77192982456141,63,18,5,13,9520.000000003347,5600.000000002183,-3920.000000001164,1.540909090909281,1.4117647058825133,-0.12914438502676773,5439.999999999418,4879.999999999563,559.9999999998545,124.44444444449294,62.22222222222222,-3920.000000001164,-8,SIMPLES,False
13a_features_tempo_real__pre60__adv_z_pre_15s_spread_medio__recuo_max >= -0.11260144,1,13a_features_tempo_real__pre60__adv_z_pre_15s_spread_medio__recuo_max,False,-4696.727272729193,144,48,20,28,-2239.9999999928696,-4479.999999995198,-2240.0000000023283,0.9562500000001393,0.8727272727274091,-0.08352272727273014,18159.999999996944,14879.999999998108,3279.999999998836,-46.66666666661664,54.166666666666664,63,26,11,15,9520.000000003347,7040.000000002328,-2480.0000000010186,1.540909090909281,1.8000000000002645,0.2590909090909834,5439.999999999418,2719.999999999709,2719.999999999709,190.27027027033319,70.27027027027027,-2480.0000000010186,-4,SIMPLES,False
13a_features_tempo_real__last__pre_30s_spread_minimo >= 1.145,1,13a_features_tempo_real__last__pre_30s_spread_minimo,False,-4704.727272728633,144,58,21,37,-2239.9999999928696,-9679.999999995925,-7440.000000003056,0.9562500000001393,0.7186046511629092,-0.2376453488372301,18159.999999996944,16079.99999999738,2079.9999999995634,-112.55813953483634,50.0,63,6,2,4,9520.000000003347,8240.000000003056,-1280.000000000291,1.540909090909281,1.515000000000191,-0.025909090909089993,5439.999999999418,5439.999999999418,0.0,144.56140350882555,64.91228070175438,-7440.000000003056,-2,SIMPLES,False
13a_features_tempo_real__pre60__adv_z_pre_15s_spread_medio__min >= 0.75826637,1,13a_features_tempo_real__pre60__adv_z_pre_15s_spread_medio__min,False,-4705.870129871875,144,72,30,42,-2239.9999999928696,-5599.999999996362,-3360.0000000034925,0.9562500000001393,0.7941176470589573,-0.162132352941182,18159.999999996944,13759.9999999984,4399.999999998545,-77.77777777772725,52.77777777777778,63,6,1,5,9520.000000003347,7200.00000000291,-2320.0000000004366,1.540909090909281,1.4285714285716018,-0.11233766233767928,5439.999999999418,5679.999999999563,-240.00000000014552,126.31578947373526,63.1578947368421,-3360.0000000034925,-4,SIMPLES,False
13a_features_tempo_real__pre60__pre_15s_spread_medio__min >= 1.5075931,1,13a_features_tempo_real__pre60__pre_15s_spread_medio__min,False,-4705.870129871875,144,72,30,42,-2239.9999999928696,-5599.999999996362,-3360.0000000034925,0.9562500000001393,0.7941176470589573,-0.162132352941182,18159.999999996944,13759.9999999984,4399.999999998545,-77.77777777772725,52.77777777777778,63,6,1,5,9520.000000003347,7200.00000000291,-2320.0000000004366,1.540909090909281,1.4285714285716018,-0.11233766233767928,5439.999999999418,5679.999999999563,-240.00000000014552,126.31578947373526,63.1578947368421,-3360.0000000034925,-4,SIMPLES,False
13a_features_tempo_real__pre60__adv_z_pre_15s_spread_medio__mean >= 0.8331253,1,13a_features_tempo_real__pre60__adv_z_pre_15s_spread_medio__mean,False,-4716.727272729622,144,96,41,55,-2239.9999999928696,-3759.9999999976717,-1520.0000000048021,0.9562500000001393,0.79565217391317,-0.16059782608696926,18159.999999996944,11439.999999999418,6719.999999997526,-78.33333333328483,52.083333333333336,63,9,2,7,9520.000000003347,6560.000000002765,-2960.000000000582,1.540909090909281,1.410000000000173,-0.13090909090910818,5439.999999999418,4879.999999999563,559.9999999998545,121.48148148153268,62.96296296296296,-2960.000000000582,-5,SIMPLES,False
13a_features_tempo_real__pre60__pre_15s_spread_medio__mean >= 1.5415925,1,13a_features_tempo_real__pre60__pre_15s_spread_medio__mean,False,-4716.727272729622,144,96,41,55,-2239.9999999928696,-3759.9999999976717,-1520.0000000048021,0.9562500000001393,0.79565217391317,-0.16059782608696926,18159.999999996944,11439.999999999418,6719.999999997526,-78.33333333328483,52.083333333333336,63,9,2,7,9520.000000003347,6560.000000002765,-2960.000000000582,1.540909090909281,1.410000000000173,-0.13090909090910818,5439.999999999418,4879.999999999563,559.9999999998545,121.48148148153268,62.96296296296296,-2960.000000000582,-5,SIMPLES,False
13a_features_tempo_real__pre60__adv_z_pre_15s_spread_medio__min >= 0.28856157,1,13a_features_tempo_real__pre60__adv_z_pre_15s_spread_medio__min,False,-4718.0606060636555,144,115,51,64,-2239.9999999928696,-1759.9999999983993,479.9999999944703,0.9562500000001393,0.8307692307693847,-0.12548076923075457,18159.999999996944,7519.999999999709,10639.999999997235,-60.6896551723586,55.172413793103445,63,15,4,11,9520.000000003347,6240.000000002328,-3280.0000000010186,1.540909090909281,1.433333333333495,-0.10757575757578608,5439.999999999418,4079.9999999995634,1359.9999999998545,130.00000000004852,62.5,-3280.0000000010186,-7,SIMPLES,False
13a_features_tempo_real__pre60__pre_15s_spread_medio__min >= 1.2942628,1,13a_features_tempo_real__pre60__pre_15s_spread_medio__min,False,-4718.0606060636555,144,115,51,64,-2239.9999999928696,-1759.9999999983993,479.9999999944703,0.9562500000001393,0.8307692307693847,-0.12548076923075457,18159.999999996944,7519.999999999709,10639.999999997235,-60.6896551723586,55.172413793103445,63,15,4,11,9520.000000003347,6240.000000002328,-3280.0000000010186,1.540909090909281,1.433333333333495,-0.10757575757578608,5439.999999999418,4079.9999999995634,1359.9999999998545,130.00000000004852,62.5,-3280.0000000010186,-7,SIMPLES,False
13a_features_tempo_real__pre60__adv_z_pre_15s_spread_medio__repique_min >= 0.51067814,1,13a_features_tempo_real__pre60__adv_z_pre_15s_spread_medio__repique_min,False,-4720.7272727284,144,48,18,30,-2239.9999999928696,-8479.999999995198,-6240.000000002328,0.9562500000001393,0.7695652173914348,-0.18668478260870447,18159.999999996944,15199.999999997817,2959.999999999127,-88.3333333332833,52.083333333333336,63,15,7,8,9520.000000003347,7440.000000003056,-2080.000000000291,1.540909090909281,1.6200000000002546,0.0790909090909735,5439.999999999418,3279.9999999995634,2159.9999999998545,155.00000000006366,68.75,-6240.000000002328,-1,SIMPLES,False
13a_features_tempo_real__pre60__adv_delta_spread_minimo_15s_30s__ret_pct <= -16.666667,1,13a_features_tempo_real__pre60__adv_delta_spread_minimo_15s_30s__ret_pct,False,-4725.727272728927,144,49,24,25,-2239.9999999928696,3280.0000000046566,5519.999999997526,0.9562500000001393,1.1025000000001455,0.1462500000000062,18159.999999996944,13999.999999997817,4159.999999999127,34.5263157895227,57.89473684210527,63,18,6,12,9520.000000003347,4720.000000002619,-4800.000000000728,1.540909090909281,1.3687500000002046,-0.17215909090907644,5439.999999999418,4079.9999999995634,1359.9999999998545,104.8888888889471,64.44444444444444,-4800.000000000728,-6,SIMPLES,False
13a_features_tempo_real__pre60__adv_delta_spread_minimo_15s_30s__range >= 0.25339286,1,13a_features_tempo_real__pre60__adv_delta_spread_minimo_15s_30s__range,False,-4767.393939397278,144,96,39,57,-2239.9999999928696,-3919.9999999982538,-1680.0000000053842,0.9562500000001393,0.8040000000000873,-0.15225000000005195,18159.999999996944,7519.999999998254,10639.99999999869,-81.66666666663029,47.91666666666667,63,31,13,18,9520.000000003347,6960.000000002037,-2560.0000000013097,1.540909090909281,1.9666666666669497,0.4257575757576686,5439.999999999418,2159.9999999998545,3279.9999999995634,217.50000000006366,71.875,-2560.0000000013097,-5,SIMPLES,False
13a_features_tempo_real__pre60__adv_z_pre_15s_spread_medio__ret_pct >= -2.8924135,1,13a_features_tempo_real__pre60__adv_z_pre_15s_spread_medio__ret_pct,False,-4770.727272730492,144,86,36,50,-2239.9999999928696,-7519.999999996799,-5280.000000003929,0.9562500000001393,0.6642857142858573,-0.291964285714282,18159.999999996944,9279.99999999738,8879.999999999563,-129.65517241373792,51.724137931034484,63,34,14,20,9520.000000003347,8240.0000000016,-1280.0000000017462,1.540909090909281,2.28750000000025,0.746590909090969,5439.999999999418,1919.999999999709,3519.999999999709,284.1379310345379,72.41379310344827,-5280.000000003929,-6,SIMPLES,False
13a_features_tempo_real__pre60__adv_z_pre_15s_spread_medio__pos_range >= 1,1,13a_features_tempo_real__pre60__adv_z_pre_15s_spread_medio__pos_range,False,-4828.727272727992,144,19,10,9,-2239.9999999928696,-1199.9999999934516,1039.999999999418,0.9562500000001393,0.9722222222223738,0.01597222222223449,18159.999999996944,15839.999999997235,2319.999999999709,-9.599999999947613,56.8,63,9,2,7,9520.000000003347,5600.00000000291,-3920.0000000004366,1.540909090909281,1.350000000000182,-0.19090909090909913,5439.999999999418,4879.999999999563,559.9999999998545,103.7037037037576,62.96296296296296,-3920.0000000004366,-5,SIMPLES,False
13a_features_tempo_real__pre60__adv_z_pre_15s_spread_medio__ret_pct >= -20.163225,1,13a_features_tempo_real__pre60__adv_z_pre_15s_spread_medio__ret_pct,False,-4884.727272731325,144,108,45,63,-2239.9999999928696,-7279.999999998108,-5040.000000005239,0.9562500000001393,0.5210526315790718,-0.4351973684210675,18159.999999996944,8479.999999998108,9679.999999998836,-202.22222222216968,47.22222222222222,63,41,17,24,9520.000000003347,7760.00000000131,-1760.0000000020373,1.540909090909281,2.9400000000003272,1.3990909090910462,5439.999999999418,800.0,4639.999999999418,352.72727272733226,77.27272727272727,-5040.000000005239,-7,SIMPLES,False
13a_features_tempo_real__pre60__adv_z_pre_15s_spread_medio__slope >= 0.0015868169,1,13a_features_tempo_real__pre60__adv_z_pre_15s_spread_medio__slope,False,-4908.727272729884,144,66,23,43,-2239.9999999928696,-12399.999999996362,-10160.000000003492,0.9562500000001393,0.621951219512306,-0.33429878048783324,18159.999999996944,16079.99999999738,2079.9999999995634,-158.97435897431234,47.43589743589743,63,27,12,15,9520.000000003347,8800.000000002183,-720.0000000011642,1.540909090909281,2.1000000000002728,0.5590909090909917,5439.999999999418,1600.0,3839.999999999418,244.44444444450508,72.22222222222221,-10160.000000003492,-3,SIMPLES,False
13a_features_tempo_real__pre60__adv_ratio_volatilidade_close_pontos_15s_60s__delta <= 0,1,13a_features_tempo_real__pre60__adv_ratio_volatilidade_close_pontos_15s_60s__delta,False,-4952.727272728298,144,23,12,11,-2239.9999999928696,880.0000000061118,3119.9999999989814,0.9562500000001393,1.021153846153993,0.0649038461538538,18159.999999996944,16879.99999999738,1279.9999999995634,7.272727272777783,57.02479338842975,63,10,2,8,9520.000000003347,5360.000000002765,-4160.000000000582,1.540909090909281,1.3350000000001727,-0.20590909090910836,5439.999999999418,5679.999999999563,-240.00000000014552,101.13207547175028,62.264150943396224,-4160.000000000582,-6,SIMPLES,False
13a_features_tempo_real__pre60__adv_ratio_volatilidade_close_pontos_15s_60s__ret_pct <= 0,1,13a_features_tempo_real__pre60__adv_ratio_volatilidade_close_pontos_15s_60s__ret_pct,False,-4952.727272728298,144,23,12,11,-2239.9999999928696,880.0000000061118,3119.9999999989814,0.9562500000001393,1.021153846153993,0.0649038461538538,18159.999999996944,16879.99999999738,1279.9999999995634,7.272727272777783,57.02479338842975,63,10,2,8,9520.000000003347,5360.000000002765,-4160.000000000582,1.540909090909281,1.3350000000001727,-0.20590909090910836,5439.999999999418,5679.999999999563,-240.00000000014552,101.13207547175028,62.264150943396224,-4160.000000000582,-6,SIMPLES,False
13a_features_tempo_real__pre60__adv_z_pre_15s_spread_medio__min >= 0.40568405,1,13a_features_tempo_real__pre60__adv_z_pre_15s_spread_medio__min,False,-4958.62200957223,144,108,46,62,-2239.9999999928696,-4319.999999998254,-2080.000000005384,0.9562500000001393,0.7000000000001213,-0.25625000000001796,18159.999999996944,10159.999999999854,7999.99999999709,-119.9999999999515,50.0,63,12,3,9,9520.000000003347,6880.000000002474,-2640.000000000873,1.540909090909281,1.4526315789475313,-0.08827751196174982,5439.999999999418,4879.999999999563,559.9999999998545,134.90196078436225,62.745098039215684,-2640.000000000873,-6,SIMPLES,False
13a_features_tempo_real__pre60__pre_15s_spread_medio__min >= 1.3474574,1,13a_features_tempo_real__pre60__pre_15s_spread_medio__min,False,-4958.62200957223,144,108,46,62,-2239.9999999928696,-4319.999999998254,-2080.000000005384,0.9562500000001393,0.7000000000001213,-0.25625000000001796,18159.999999996944,10159.999999999854,7999.99999999709,-119.9999999999515,50.0,63,12,3,9,9520.000000003347,6880.000000002474,-2640.000000000873,1.540909090909281,1.4526315789475313,-0.08827751196174982,5439.999999999418,4879.999999999563,559.9999999998545,134.90196078436225,62.745098039215684,-2640.000000000873,-6,SIMPLES,False
13a_features_tempo_real__pre60__adv_z_pre_15s_spread_medio__pos_range >= 0.76458378,1,13a_features_tempo_real__pre60__adv_z_pre_15s_spread_medio__pos_range,False,-4968.727272728793,144,48,19,29,-2239.9999999928696,-8399.999999994907,-6160.000000002037,0.9562500000001393,0.7666666666668082,-0.1895833333333311,18159.999999996944,13599.999999997817,4559.999999999127,-87.49999999994695,53.125,63,22,10,12,9520.000000003347,7920.000000002619,-1600.0000000007276,1.540909090909281,1.8250000000002728,0.2840909090909918,5439.999999999418,3519.999999999709,1919.999999999709,193.17073170738095,70.73170731707317,-6160.000000002037,-2,SIMPLES,False
13a_features_tempo_real__pre60__adv_z_pre_15s_spread_medio__slope >= 0.0038712443,1,13a_features_tempo_real__pre60__adv_z_pre_15s_spread_medio__slope,False,-5044.727272729251,144,53,19,34,-2239.9999999928696,-10559.999999995489,-8320.00000000262,0.9562500000001393,0.706666666666792,-0.24958333333334726,18159.999999996944,14079.999999996653,4080.000000000291,-116.04395604390648,50.54945054945055,63,24,10,14,9520.000000003347,8400.000000002183,-1120.0000000011642,1.540909090909281,1.8750000000002274,0.3340909090909463,5439.999999999418,2399.9999999992724,3040.0000000001455,215.38461538467135,69.23076923076923,-8320.00000000262,-4,SIMPLES,False
13a_features_tempo_real__pre60__adv_ratio_volatilidade_close_pontos_15s_60s__repique_min >= 0.82698247,1,13a_features_tempo_real__pre60__adv_ratio_volatilidade_close_pontos_15s_60s__repique_min,False,-5080.727272729588,144,48,18,30,-2239.9999999928696,-6559.999999995489,-4320.000000002619,0.9562500000001393,0.8217391304349052,-0.13451086956523406,18159.999999996944,11679.999999995925,6480.000000001019,-68.33333333328635,52.083333333333336,63,20,7,13,9520.000000003347,8160.000000002037,-1360.0000000013097,1.540909090909281,1.6800000000001698,0.13909090909088873,5439.999999999418,4879.999999999563,559.9999999998545,189.7674418605125,65.11627906976744,-4320.000000002619,-6,SIMPLES,False
13a_features_tempo_real__last__cobertura_15s <= 13,1,13a_features_tempo_real__last__cobertura_15s,False,-5115.4965035000205,144,100,43,57,-2239.9999999928696,-4559.999999997672,-2320.000000004802,0.9562500000001393,0.7285714285715672,-0.22767857142857206,18159.999999996944,6959.999999998399,11199.999999998545,-103.63636363631072,52.27272727272727,63,26,9,17,9520.000000003347,6880.000000001746,-2640.0000000016007,1.540909090909281,1.6615384615386295,0.12062937062934842,5439.999999999418,2159.9999999998545,3279.9999999995634,185.94594594599315,64.86486486486487,-2640.0000000016007,-8,SIMPLES,False
13a_features_tempo_real__pre60__adv_z_pre_15s_spread_medio__delta >= 0.48404856,1,13a_features_tempo_real__pre60__adv_z_pre_15s_spread_medio__delta,False,-5120.727272727563,144,29,11,18,-2239.9999999928696,-9279.999999993743,-7040.000000000873,0.9562500000001393,0.7811320754718457,-0.17511792452829356,18159.999999996944,14719.999999996799,3440.0000000001455,-80.69565217385863,53.91304347826087,63,5,2,3,9520.000000003347,7520.000000003347,-2000.0,1.540909090909281,1.4700000000002091,-0.07090909090907194,5439.999999999418,5439.999999999418,0.0,129.6551724138508,65.51724137931035,-7040.000000000873,-1,SIMPLES,False
13a_features_tempo_real__pre60__adv_z_pre_15s_spread_medio__delta >= -0.04043907,1,13a_features_tempo_real__pre60__adv_z_pre_15s_spread_medio__delta,False,-5134.727272730543,144,86,35,51,-2239.9999999928696,-8559.999999996944,-6320.0000000040745,0.9562500000001393,0.6310344827587524,-0.32521551724138686,18159.999999996944,10319.999999998981,7839.999999997963,-147.58620689649905,50.0,63,34,14,20,9520.000000003347,8240.0000000016,-1280.0000000017462,1.540909090909281,2.28750000000025,0.746590909090969,5439.999999999418,1919.999999999709,3519.999999999709,284.1379310345379,72.41379310344827,-6320.0000000040745,-6,SIMPLES,False
13a_features_tempo_real__pre60__pre_15s_spread_medio__delta >= -0.018366596,1,13a_features_tempo_real__pre60__pre_15s_spread_medio__delta,False,-5134.727272730543,144,86,35,51,-2239.9999999928696,-8559.999999996944,-6320.0000000040745,0.9562500000001393,0.6310344827587524,-0.32521551724138686,18159.999999996944,10319.999999998981,7839.999999997963,-147.58620689649905,50.0,63,34,14,20,9520.000000003347,8240.0000000016,-1280.0000000017462,1.540909090909281,2.28750000000025,0.746590909090969,5439.999999999418,1919.999999999709,3519.999999999709,284.1379310345379,72.41379310344827,-6320.0000000040745,-6,SIMPLES,False
13a_features_tempo_real__window__n <= 43.5,1,13a_features_tempo_real__window__n,False,-5148.021390376619,144,72,38,34,-2239.9999999928696,6560.00000000422,8799.99999999709,0.9562500000001393,1.3153846153848183,0.35913461538467906,18159.999999996944,5279.999999999563,12879.99999999738,91.11111111116972,63.888888888888886,63,20,5,15,9520.000000003347,4160.000000002037,-5360.00000000131,1.540909090909281,1.3058823529413264,-0.2350267379679547,5439.999999999418,4799.999999999272,640.0000000001455,96.74418604655901,60.46511627906976,-5360.00000000131,-10,SIMPLES,False
13a_features_tempo_real__last__cobertura_30s <= 27,1,13a_features_tempo_real__last__cobertura_30s,False,-5148.727272731485,144,119,54,65,-2239.9999999928696,-559.9999999983993,1679.9999999944703,0.9562500000001393,0.9300000000002001,-0.026249999999939155,18159.999999996944,3200.0,14959.999999996944,-22.39999999993597,60.0,63,34,12,22,9520.000000003347,6160.00000000131,-3360.0000000020373,1.540909090909281,1.7700000000001637,0.2290909090908826,5439.999999999418,1759.9999999998545,3679.9999999995634,212.41379310349345,65.51724137931035,-3360.0000000020373,-10,SIMPLES,False
13a_features_tempo_real__pre60__adv_ratio_volatilidade_close_pontos_15s_60s__repique_min >= 0.91580157,1,13a_features_tempo_real__pre60__adv_ratio_volatilidade_close_pontos_15s_60s__repique_min,False,-5177.99043062326,144,29,11,18,-2239.9999999928696,-5439.999999994325,-3200.000000001455,0.9562500000001393,0.871698113207681,-0.08455188679245829,18159.999999996944,14559.999999996944,3600.0,-47.304347826037606,53.91304347826087,63,11,3,8,9520.000000003347,7120.000000002619,-2400.0000000007276,1.540909090909281,1.4684210526317514,-0.0724880382775297,5439.999999999418,5439.999999999418,0.0,136.9230769231273,63.46153846153846,-3200.000000001455,-5,SIMPLES,False
13a_features_tempo_real__last__pre_30s_spread_minimo <= 0.825,1,13a_features_tempo_real__last__pre_30s_spread_minimo,False,-5184.111888113532,144,29,9,20,-2239.9999999928696,-5599.999999994907,-3360.0000000020373,0.9562500000001393,0.8727272727273885,-0.08352272727275079,18159.999999996944,18879.99999999738,-720.0000000004366,-48.69565217386876,52.17391304347826,63,23,9,14,9520.000000003347,7600.000000002183,-1920.0000000011642,1.540909090909281,1.7307692307694407,0.1898601398601596,5439.999999999418,4319.999999998981,1120.0000000004366,190.00000000005457,67.5,-3360.0000000020373,-5,SIMPLES,False
13a_features_tempo_real__pre60__adv_z_pre_15s_spread_medio__repique_min >= 0.74439957,1,13a_features_tempo_real__pre60__adv_z_pre_15s_spread_medio__repique_min,False,-5200.727272727818,144,29,10,19,-2239.9999999928696,-6479.99999999447,-4240.000000001601,0.9562500000001393,0.850000000000128,-0.10625000000001128,18159.999999996944,16319.999999997526,1839.999999999418,-56.347826086908434,53.04347826086957,63,6,2,4,9520.000000003347,6320.000000003347,-3200.0,1.540909090909281,1.3950000000002092,-0.1459090909090719,5439.999999999418,4639.999999999418,800.0,110.87719298251486,64.91228070175438,-4240.000000001601,-2,SIMPLES,False
13a_features_tempo_real__pre60__adv_ratio_volatilidade_close_pontos_15s_60s__repique_min >= 0.73427562,1,13a_features_tempo_real__pre60__adv_ratio_volatilidade_close_pontos_15s_60s__repique_min,False,-5216.727272730737,144,72,30,42,-2239.9999999928696,-3679.999999996653,-1440.0000000037835,0.9562500000001393,0.8647058823530642,-0.09154411764707504,18159.999999996944,7759.999999996944,10400.0,-51.11111111106462,52.77777777777778,63,29,10,19,9520.000000003347,7200.000000001455,-2320.0000000018917,1.540909090909281,1.7500000000001517,0.20909090909087058,5439.999999999418,2959.9999999998545,2479.9999999995634,211.76470588239573,64.70588235294117,-2320.0000000018917,-9,SIMPLES,False
13a_features_tempo_real__pre60__adv_delta_spread_minimo_15s_30s__range >= 0.24553571,1,13a_features_tempo_real__pre60__adv_delta_spread_minimo_15s_30s__range,False,-5283.012987017028,144,108,44,64,-2239.9999999928696,-6399.999999998545,-4160.000000005675,0.9562500000001393,0.6000000000000909,-0.35625000000004836,18159.999999996944,8239.99999999869,9919.999999998254,-177.77777777773736,44.44444444444444,63,37,15,22,9520.000000003347,7600.000000001455,-1920.0000000018917,1.540909090909281,2.357142857143117,0.8162337662338359,5439.999999999418,1759.9999999998545,3679.9999999995634,292.30769230774825,73.07692307692307,-4160.000000005675,-7,SIMPLES,False
13a_features_tempo_real__pre60__adv_delta_spread_minimo_15s_30s__dist_media >= 0,1,13a_features_tempo_real__pre60__adv_delta_spread_minimo_15s_30s__dist_media,False,-5315.188811190822,144,43,23,20,-2239.9999999928696,2720.0000000055297,4959.999999998399,0.9562500000001393,1.0829268292684613,0.12667682926832202,18159.999999996944,12239.999999997963,5919.999999998981,26.93069306936168,59.4059405940594,63,26,9,17,9520.000000003347,4960.000000002037,-4560.00000000131,1.540909090909281,1.4769230769232728,-0.06398601398600823,5439.999999999418,3519.999999999709,1919.999999999709,134.05405405410912,64.86486486486487,-4560.00000000131,-8,SIMPLES,False
13a_features_tempo_real__pre60__adv_z_pre_15s_spread_medio__recuo_max >= -0.14250363,1,13a_features_tempo_real__pre60__adv_z_pre_15s_spread_medio__recuo_max,False,-5424.727272729295,144,58,24,34,-2239.9999999928696,-6559.999999995489,-4320.000000002619,0.9562500000001393,0.7950000000001409,-0.16124999999999834,18159.999999996944,13359.9999999984,4799.999999998545,-76.2790697673894,53.48837209302325,63,26,11,15,9520.000000003347,7040.000000002328,-2480.0000000010186,1.540909090909281,1.8000000000002645,0.2590909090909834,5439.999999999418,2719.999999999709,2719.999999999709,190.27027027033319,70.27027027027027,-4320.000000002619,-4,SIMPLES,False
13a_features_tempo_real__last__cobertura_30s <= 25,1,13a_features_tempo_real__last__cobertura_30s,False,-5469.342657345618,144,84,37,47,-2239.9999999928696,-2159.999999996944,79.99999999592546,0.9562500000001393,0.9000000000001415,-0.0562499999999978,18159.999999996944,7359.9999999998545,10799.99999999709,-35.99999999994907,55.00000000000001,63,26,9,17,9520.000000003347,5920.000000001892,-3600.000000001455,1.540909090909281,1.569230769230951,0.028321678321669985,5439.999999999418,2479.9999999995634,2959.9999999998545,160.00000000005113,64.86486486486487,-3600.000000001455,-8,SIMPLES,False
13a_features_tempo_real__pre60__adv_ratio_volatilidade_close_pontos_15s_60s__ret_pct >= 8.2647345,1,13a_features_tempo_real__pre60__adv_ratio_volatilidade_close_pontos_15s_60s__ret_pct,False,-5548.72727273163,144,115,48,67,-2239.9999999928696,-5839.99999999869,-3600.0000000058208,0.9562500000001393,0.5437500000001023,-0.41250000000003695,18159.999999996944,6479.999999999563,11679.99999999738,-201.37931034478243,44.827586206896555,63,42,17,25,9520.000000003347,7520.000000001164,-2000.0000000021828,1.540909090909281,2.880000000000291,1.3390909090910101,5439.999999999418,2159.9999999998545,3279.9999999995634,358.09523809529355,76.19047619047619,-3600.0000000058208,-8,SIMPLES,False
13a_features_tempo_real__pre60__adv_z_pre_15s_spread_medio__dist_media >= 0.073761949,1,13a_features_tempo_real__pre60__adv_z_pre_15s_spread_medio__dist_media,False,-5565.090909092663,144,58,22,36,-2239.9999999928696,-9599.999999995634,-7360.000000002765,0.9562500000001393,0.7142857142858442,-0.24196428571429507,18159.999999996944,15359.999999997672,2799.9999999992724,-111.62790697669342,51.162790697674424,63,24,11,13,9520.000000003347,7520.000000002619,-2000.0000000007276,1.540909090909281,1.8545454545457523,0.3136363636364712,5439.999999999418,2719.999999999709,2719.999999999709,192.82051282057998,71.7948717948718,-7360.000000002765,-2,SIMPLES,False
13a_features_tempo_real__pre60__adv_z_pre_15s_spread_medio__pos_range <= 0.51665234,1,13a_features_tempo_real__pre60__adv_z_pre_15s_spread_medio__pos_range,False,-5616.72727273098,144,72,37,35,-2239.9999999928696,10320.000000003347,12559.999999996217,0.9562500000001393,1.4777777777779326,0.5215277777777934,18159.999999996944,6959.999999999127,11199.999999997817,143.3333333333798,62.5,63,34,10,24,9520.000000003347,3120.000000001164,-6400.000000002183,1.540909090909281,1.3250000000001212,-0.21590909090915988,5439.999999999418,2719.999999999709,2719.999999999709,107.58620689659186,58.620689655172406,-6400.000000002183,-14,SIMPLES,False
13a_features_tempo_real__pre60__adv_ratio_volatilidade_close_pontos_15s_60s__dist_media >= 0.44748786,1,13a_features_tempo_real__pre60__adv_ratio_volatilidade_close_pontos_15s_60s__dist_media,False,-5629.433155082618,144,48,22,26,-2239.9999999928696,1440.000000004511,3679.9999999973807,0.9562500000001393,1.042857142857277,0.08660714285713778,18159.999999996944,8879.999999998108,9279.999999998836,15.00000000004699,56.25,63,19,5,14,9520.000000003347,5360.000000002037,-4160.00000000131,1.540909090909281,1.3941176470589733,-0.14679144385030773,5439.999999999418,5119.999999999709,319.99999999970896,121.81818181822813,61.36363636363637,-4160.00000000131,-9,SIMPLES,False
13a_features_tempo_real__pre60__adv_z_pre_15s_spread_medio__recuo_max >= -0.35778755,1,13a_features_tempo_real__pre60__adv_z_pre_15s_spread_medio__recuo_max,False,-5632.727272730517,144,86,36,50,-2239.9999999928696,-7519.999999996799,-5280.000000003929,0.9562500000001393,0.6642857142858573,-0.291964285714282,18159.999999996944,11999.999999999272,6159.999999997672,-129.65517241373792,51.724137931034484,63,40,17,23,9520.000000003347,7040.000000001601,-2480.0000000017462,1.540909090909281,2.7600000000004004,1.2190909090911193,5439.999999999418,800.0,4639.999999999418,306.0869565218087,78.26086956521739,-5280.000000003929,-6,SIMPLES,False
13a_features_tempo_real__pre60__adv_ratio_volatilidade_close_pontos_15s_60s__range >= 0.95154007,1,13a_features_tempo_real__pre60__adv_ratio_volatilidade_close_pontos_15s_60s__range,False,-5633.1483253602555,144,29,11,18,-2239.9999999928696,-2559.9999999947613,-320.00000000189175,0.9562500000001393,0.9396226415095575,-0.016627358490581723,18159.999999996944,13839.999999997235,4319.999999999709,-22.260869565171838,53.91304347826087,63,12,3,9,9520.000000003347,5920.000000002619,-3600.0000000007276,1.540909090909281,1.3894736842106987,-0.15143540669858235,5439.999999999418,5439.999999999418,0.0,116.07843137260038,62.745098039215684,-3600.0000000007276,-6,SIMPLES,False
13a_features_tempo_real__pre60__adv_delta_spread_minimo_15s_30s__repique_min >= 0.083333333,1,13a_features_tempo_real__pre60__adv_delta_spread_minimo_15s_30s__repique_min,False,-5640.7272727289455,144,31,17,14,-2239.9999999928696,1280.0000000061118,3519.9999999989814,0.9562500000001393,1.034042553191652,0.07779255319151268,18159.999999996944,14879.99999999738,3279.9999999995634,11.32743362837267,58.4070796460177,63,22,7,15,9520.000000003347,4800.000000002183,-4720.000000001164,1.540909090909281,1.400000000000182,-0.1409090909090991,5439.999999999418,3519.999999999709,1919.999999999709,117.07317073176056,63.41463414634146,-4720.000000001164,-8,SIMPLES,False
13a_features_tempo_real__pre60__adv_z_pre_15s_spread_medio__recuo_max >= 0,1,13a_features_tempo_real__pre60__adv_z_pre_15s_spread_medio__recuo_max,False,-5648.727272728247,144,28,16,12,-2239.9999999928696,1920.0000000062573,4159.999999999127,0.9562500000001393,1.050000000000163,0.09375000000002376,18159.999999996944,14079.99999999738,4079.9999999995634,16.551724137984976,58.620689655172406,63,11,2,9,9520.000000003347,4160.000000002765,-5360.000000000582,1.540909090909281,1.2600000000001728,-0.2809090909091083,5439.999999999418,4879.999999999563,559.9999999998545,80.00000000005318,61.53846153846154,-5360.000000000582,-7,SIMPLES,False
13a_features_tempo_real__pre60__adv_z_pre_15s_spread_medio__ret_pct >= 53.022581,1,13a_features_tempo_real__pre60__adv_z_pre_15s_spread_medio__ret_pct,False,-5662.060606061645,144,29,11,18,-2239.9999999928696,-6399.999999994179,-4160.00000000131,0.9562500000001393,0.8490566037737222,-0.1071933962264171,18159.999999996944,11679.999999995925,6480.000000001019,-55.652173912992865,53.91304347826087,63,12,4,8,9520.000000003347,6960.000000002765,-2560.000000000582,1.540909090909281,1.4833333333335252,-0.05757575757575584,5439.999999999418,5439.999999999418,0.0,136.47058823534834,64.70588235294117,-4160.00000000131,-4,SIMPLES,False
13a_features_tempo_real__pre60__adv_delta_spread_minimo_15s_30s__pos_range >= 0.5,1,13a_features_tempo_real__pre60__adv_delta_spread_minimo_15s_30s__pos_range,False,-5678.4114832551895,144,30,15,15,-2239.9999999928696,-559.9999999940337,1679.9999999988358,0.9562500000001393,0.9857142857144379,0.0294642857142986,18159.999999996944,15279.99999999738,2879.9999999995634,-4.91228070170205,57.01754385964912,63,14,3,11,9520.000000003347,5440.000000002328,-4080.0000000010186,1.540909090909281,1.3578947368422585,-0.1830143540670226,5439.999999999418,5119.999999999709,319.99999999970896,111.02040816331282,61.224489795918366,-4080.0000000010186,-8,SIMPLES,False
13a_features_tempo_real__pre60__adv_z_pre_15s_spread_medio__repique_min >= 0.24915018,1,13a_features_tempo_real__pre60__adv_z_pre_15s_spread_medio__repique_min,False,-5700.727272729964,144,86,35,51,-2239.9999999928696,-9519.999999996799,-7280.000000003929,0.9562500000001393,0.5896551724139311,-0.3665948275862082,18159.999999996944,10719.999999997526,7439.999999999418,-164.13793103442757,50.0,63,28,12,16,9520.000000003347,7600.000000002183,-1920.0000000011642,1.540909090909281,1.9500000000002728,0.4090909090909918,5439.999999999418,2159.9999999998545,3279.9999999995634,217.1428571429195,71.42857142857143,-7280.000000003929,-4,SIMPLES,False
13a_features_tempo_real__pre60__adv_ratio_volatilidade_close_pontos_15s_60s__delta >= 0.12641027,1,13a_features_tempo_real__pre60__adv_ratio_volatilidade_close_pontos_15s_60s__delta,False,-5716.727272731478,144,108,45,63,-2239.9999999928696,-6319.999999998254,-4080.000000005384,0.9562500000001393,0.5842105263159043,-0.37203947368423496,18159.999999996944,6799.999999998545,11359.9999999984,-175.55555555550706,47.22222222222222,63,42,17,25,9520.000000003347,7520.000000001164,-2000.0000000021828,1.540909090909281,2.880000000000291,1.3390909090910101,5439.999999999418,2159.9999999998545,3279.9999999995634,358.09523809529355,76.19047619047619,-4080.000000005384,-8,SIMPLES,False
13a_features_tempo_real__pre60__adv_ratio_volatilidade_close_pontos_15s_60s__ret_pct >= 9.6349691,1,13a_features_tempo_real__pre60__adv_ratio_volatilidade_close_pontos_15s_60s__ret_pct,False,-5716.727272731478,144,108,45,63,-2239.9999999928696,-6319.999999998254,-4080.000000005384,0.9562500000001393,0.5842105263159043,-0.37203947368423496,18159.999999996944,6559.999999998399,11599.999999998545,-175.55555555550706,47.22222222222222,63,42,17,25,9520.000000003347,7520.000000001164,-2000.0000000021828,1.540909090909281,2.880000000000291,1.3390909090910101,5439.999999999418,2159.9999999998545,3279.9999999995634,358.09523809529355,76.19047619047619,-4080.000000005384,-8,SIMPLES,False
13a_features_tempo_real__pre60__adv_ratio_volatilidade_close_pontos_15s_60s__repique_min >= 0.70511331,1,13a_features_tempo_real__pre60__adv_ratio_volatilidade_close_pontos_15s_60s__repique_min,False,-5748.7272727309755,144,86,39,47,-2239.9999999928696,-559.9999999969441,1679.9999999959255,0.9562500000001393,0.9720000000001527,0.015750000000013475,18159.999999996944,6319.999999998254,11839.99999999869,-9.655172413740415,56.896551724137936,63,34,12,22,9520.000000003347,6160.00000000131,-3360.0000000020373,1.540909090909281,1.7700000000001637,0.2290909090908826,5439.999999999418,2959.9999999998545,2479.9999999995634,212.41379310349345,65.51724137931035,-3360.0000000020373,-10,SIMPLES,False
13a_features_tempo_real__pre60__adv_z_pre_15s_spread_medio__recuo_max >= -0.058679915,1,13a_features_tempo_real__pre60__adv_z_pre_15s_spread_medio__recuo_max,False,-5760.155844157297,144,36,19,17,-2239.9999999928696,1200.0000000058208,3439.9999999986903,0.9562500000001393,1.033333333333495,0.07708333333335582,18159.999999996944,13759.999999997672,4399.999999999272,11.111111111165007,58.333333333333336,63,22,8,14,9520.000000003347,4880.000000002474,-4640.000000000873,1.540909090909281,1.4357142857145067,-0.10519480519477442,5439.999999999418,4319.999999999709,1119.999999999709,119.02439024396277,65.85365853658537,-4640.000000000873,-6,SIMPLES,False
13a_features_tempo_real__pre60__adv_z_pre_15s_spread_medio__repique_min >= 0.31675534,1,13a_features_tempo_real__pre60__adv_z_pre_15s_spread_medio__repique_min,False,-5844.727272729324,144,72,29,43,-2239.9999999928696,-8559.999999996217,-6320.000000003347,0.9562500000001393,0.6942857142858494,-0.26196428571428987,18159.999999996944,10239.99999999869,7919.999999998254,-118.88888888883633,51.388888888888886,63,23,10,13,9520.000000003347,6720.000000002619,-2800.0000000007276,1.540909090909281,1.7000000000002728,0.15909090909099177,5439.999999999418,2159.9999999998545,3279.9999999995634,168.00000000006548,70.0,-6320.000000003347,-3,SIMPLES,False
13a_features_tempo_real__pre60__adv_delta_spread_minimo_15s_30s__recuo_max <= -0.25,1,13a_features_tempo_real__pre60__adv_delta_spread_minimo_15s_30s__recuo_max,False,-5952.72727273042,144,94,37,57,-2239.9999999928696,-7439.999999997963,-5200.000000005093,0.9562500000001393,0.6555555555556499,-0.30069444444448934,18159.999999996944,11439.999999997963,6719.999999998981,-148.79999999995925,46.0,63,26,10,16,9520.000000003347,6960.000000002037,-2560.0000000013097,1.540909090909281,1.7250000000002121,0.18409090909093107,5439.999999999418,2479.9999999995634,2959.9999999998545,188.10810810816318,67.56756756756756,-5200.000000005093,-6,SIMPLES,False
13a_features_tempo_real__pre60__adv_ratio_volatilidade_close_pontos_15s_60s__dist_media >= 0.53466931,1,13a_features_tempo_real__pre60__adv_ratio_volatilidade_close_pontos_15s_60s__dist_media,False,-5980.727272728327,144,29,13,16,-2239.9999999928696,-2399.9999999941792,-160.00000000130967,0.9562500000001393,0.941176470588378,-0.015073529411761322,18159.999999996944,12239.999999997235,5919.999999999709,-20.86956521734069,55.65217391304348,63,10,2,8,9520.000000003347,5360.000000002765,-4160.000000000582,1.540909090909281,1.3350000000001727,-0.20590909090910836,5439.999999999418,5439.999999999418,0.0,101.13207547175028,62.264150943396224,-4160.000000000582,-6,SIMPLES,False
13a_features_tempo_real__pre60__adv_delta_spread_minimo_15s_30s__pos_range >= 0.32657658,1,13a_features_tempo_real__pre60__adv_delta_spread_minimo_15s_30s__pos_range,False,-6032.727272729098,144,36,18,18,-2239.9999999928696,160.00000000567525,2399.999999998545,0.9562500000001393,1.0043478260871108,0.04809782608697155,18159.999999996944,12879.99999999738,5279.999999999563,1.48148148153403,57.407407407407405,63,22,7,15,9520.000000003347,4800.000000002183,-4720.000000001164,1.540909090909281,1.400000000000182,-0.1409090909090991,5439.999999999418,3519.999999999709,1919.999999999709,117.07317073176056,63.41463414634146,-4720.000000001164,-8,SIMPLES,False
13a_features_tempo_real__pre60__adv_z_pre_15s_spread_medio__recuo_max >= -0.005886084,1,13a_features_tempo_real__pre60__adv_z_pre_15s_spread_medio__recuo_max,False,-6068.727272728247,144,29,16,13,-2239.9999999928696,720.0000000062573,2959.999999999127,0.9562500000001393,1.018750000000163,0.06250000000002376,18159.999999996944,14079.99999999738,4079.9999999995634,6.260869565271803,58.26086956521739,63,11,2,9,9520.000000003347,4160.000000002765,-5360.000000000582,1.540909090909281,1.2600000000001728,-0.2809090909091083,5439.999999999418,4879.999999999563,559.9999999998545,80.00000000005318,61.53846153846154,-5360.000000000582,-7,SIMPLES,False
13a_features_tempo_real__pre60__adv_delta_spread_minimo_15s_30s__first >= 0.0825,1,13a_features_tempo_real__pre60__adv_delta_spread_minimo_15s_30s__first,False,-6068.727272729072,144,48,23,25,-2239.9999999928696,2480.0000000046566,4719.999999997526,0.9562500000001393,1.075609756097703,0.11935975609756366,18159.999999996944,15679.999999998108,2479.999999998836,25.83333333338184,57.291666666666664,63,21,7,14,9520.000000003347,4080.000000002474,-5440.000000000873,1.540909090909281,1.3400000000002061,-0.20090909090907494,5439.999999999418,4079.9999999995634,1359.9999999998545,97.14285714291604,64.28571428571429,-5440.000000000873,-7,SIMPLES,False
13a_features_tempo_real__pre60__adv_delta_spread_minimo_15s_30s__mean >= 0.06821166,1,13a_features_tempo_real__pre60__adv_delta_spread_minimo_15s_30s__mean,False,-6096.727272730714,144,108,43,65,-2239.9999999928696,-6479.999999998836,-4240.000000005966,0.9562500000001393,0.6142857142857836,-0.34196428571435566,18159.999999996944,9439.999999999418,8719.999999997526,-179.99999999996766,41.66666666666667,63,33,14,19,9520.000000003347,6560.000000002037,-2960.0000000013097,1.540909090909281,2.0250000000003183,0.48409090909103725,5439.999999999418,1919.999999999709,3519.999999999709,218.66666666673459,73.33333333333333,-4240.000000005966,-5,SIMPLES,False
13a_features_tempo_real__pre60__adv_ratio_volatilidade_close_pontos_15s_60s__range >= 0.77471016,1,13a_features_tempo_real__pre60__adv_ratio_volatilidade_close_pontos_15s_60s__range,False,-6097.034965038927,144,72,29,43,-2239.9999999928696,-3759.999999996944,-1520.0000000040745,0.9562500000001393,0.8657142857143949,-0.09053571428574436,18159.999999996944,9119.999999998254,9039.99999999869,-52.22222222217978,51.388888888888886,63,29,9,20,9520.000000003347,7120.000000001164,-2400.000000002183,1.540909090909281,1.6846153846154965,0.14370629370621546,5439.999999999418,4000.0,1439.999999999418,209.4117647059166,61.76470588235294,-2400.000000002183,-11,SIMPLES,False
13a_features_tempo_real__pre60__adv_delta_spread_minimo_15s_30s__dist_media <= -0.017090266,1,13a_features_tempo_real__pre60__adv_delta_spread_minimo_15s_30s__dist_media,False,-6136.7272727312065,144,96,38,58,-2239.9999999928696,-6879.999999998108,-4640.000000005239,0.9562500000001393,0.6692307692308602,-0.28701923076927904,18159.999999996944,12159.9999999984,5999.999999998545,-143.33333333329392,45.83333333333333,63,34,13,21,9520.000000003347,7200.000000001455,-2320.0000000018917,1.540909090909281,2.000000000000202,0.459090909090921,5439.999999999418,2159.9999999998545,3279.9999999995634,248.2758620690157,68.96551724137932,-4640.000000005239,-8,SIMPLES,False
13a_features_tempo_real__pre60__adv_z_pre_15s_spread_medio__max >= 1.1585458,1,13a_features_tempo_real__pre60__adv_z_pre_15s_spread_medio__max,False,-6148.72727272952,144,96,42,54,-2239.9999999928696,-3679.9999999973807,-1440.000000004511,0.9562500000001393,0.7909090909092398,-0.1653409090908995,18159.999999996944,10479.999999998836,7679.999999998108,-76.6666666666121,54.166666666666664,63,10,2,8,9520.000000003347,5360.000000002765,-4160.000000000582,1.540909090909281,1.3350000000001727,-0.20590909090910836,5439.999999999418,4879.999999999563,559.9999999998545,101.13207547175028,62.264150943396224,-4160.000000000582,-6,SIMPLES,False
13a_features_tempo_real__pre60__pre_15s_spread_medio__max >= 1.6893918,1,13a_features_tempo_real__pre60__pre_15s_spread_medio__max,False,-6148.72727272952,144,96,42,54,-2239.9999999928696,-3679.9999999973807,-1440.000000004511,0.9562500000001393,0.7909090909092398,-0.1653409090908995,18159.999999996944,10479.999999998836,7679.999999998108,-76.6666666666121,54.166666666666664,63,10,2,8,9520.000000003347,5360.000000002765,-4160.000000000582,1.540909090909281,1.3350000000001727,-0.20590909090910836,5439.999999999418,4879.999999999563,559.9999999998545,101.13207547175028,62.264150943396224,-4160.000000000582,-6,SIMPLES,False
13a_features_tempo_real__pre60__adv_delta_spread_minimo_15s_30s__slope >= 0,1,13a_features_tempo_real__pre60__adv_delta_spread_minimo_15s_30s__slope,False,-6238.727272731139,144,73,30,43,-2239.9999999928696,-6799.999999996362,-4560.0000000034925,0.9562500000001393,0.7500000000001338,-0.20625000000000548,18159.999999996944,10239.99999999869,7919.999999998254,-95.7746478872727,52.112676056338024,63,38,14,24,9520.000000003347,7280.000000001019,-2240.0000000023283,1.540909090909281,2.137500000000159,0.5965909090908781,5439.999999999418,1600.0,3839.999999999418,291.20000000004075,68.0,-4560.0000000034925,-10,SIMPLES,False
13a_features_tempo_real__last__pre_15s_spread_minimo <= 0.89,1,13a_features_tempo_real__last__pre_15s_spread_minimo,False,-6256.41958042115,144,29,10,19,-2239.9999999928696,-3599.999999994907,-1360.0000000020373,0.9562500000001393,0.9166666666667845,-0.03958333333335473,18159.999999996944,19119.999999997526,-960.0000000005821,-31.30434782604267,53.04347826086957,63,24,9,15,9520.000000003347,6400.000000002183,-3120.000000001164,1.540909090909281,1.6153846153848253,0.07447552447554417,5439.999999999418,4879.999999998836,560.0000000005821,164.10256410262008,66.66666666666666,-3120.000000001164,-6,SIMPLES,False
13a_features_tempo_real__pre60__adv_ratio_volatilidade_close_pontos_15s_60s__range >= 1.0187609,1,13a_features_tempo_real__pre60__adv_ratio_volatilidade_close_pontos_15s_60s__range,False,-6256.7272727280215,144,15,5,10,-2239.9999999928696,-4479.999999993743,-2240.000000000873,0.9562500000001393,0.9050847457628445,-0.05116525423729479,18159.999999996944,16559.999999996944,1600.0,-34.72868217049413,54.263565891472865,63,9,2,7,9520.000000003347,5600.00000000291,-3920.0000000004366,1.540909090909281,1.350000000000182,-0.19090909090909913,5439.999999999418,5439.999999999418,0.0,103.7037037037576,62.96296296296296,-3920.0000000004366,-5,SIMPLES,False
13a_features_tempo_real__last__cobertura_60s >= 50,1,13a_features_tempo_real__last__cobertura_60s,False,-6268.7272727306845,144,62,29,33,-2239.9999999928696,4400.000000003638,6639.9999999965075,0.9562500000001393,1.1571428571429871,0.20089285714284788,18159.999999996944,8479.999999998108,9679.999999998836,53.65853658541022,57.3170731707317,63,42,16,26,9520.000000003347,4560.00000000131,-4960.000000002037,1.540909090909281,1.9500000000002728,0.4090909090909918,5439.999999999418,2959.9999999998545,2479.9999999995634,217.1428571429195,71.42857142857143,-4960.000000002037,-10,SIMPLES,False
13a_features_tempo_real__last__adv_delta_spread_minimo_15s_30s <= 0,1,13a_features_tempo_real__last__adv_delta_spread_minimo_15s_30s,False,-6282.909090912839,144,99,39,60,-2239.9999999928696,-6559.999999998399,-4320.00000000553,0.9562500000001393,0.6720000000000801,-0.2842500000000592,18159.999999996944,14159.999999999127,3999.999999997817,-145.77777777774222,44.44444444444444,63,29,11,18,9520.000000003347,7280.000000001746,-2240.0000000016007,1.540909090909281,1.8272727272729257,0.2863636363636446,5439.999999999418,3759.9999999998545,1679.9999999995634,214.1176470588749,67.64705882352942,-4320.00000000553,-7,SIMPLES,False
13a_features_tempo_real__pre60__adv_delta_spread_minimo_15s_30s__last <= 0,1,13a_features_tempo_real__pre60__adv_delta_spread_minimo_15s_30s__last,False,-6282.909090912839,144,99,39,60,-2239.9999999928696,-6559.999999998399,-4320.00000000553,0.9562500000001393,0.6720000000000801,-0.2842500000000592,18159.999999996944,14159.999999999127,3999.999999997817,-145.77777777774222,44.44444444444444,63,29,11,18,9520.000000003347,7280.000000001746,-2240.0000000016007,1.540909090909281,1.8272727272729257,0.2863636363636446,5439.999999999418,3759.9999999998545,1679.9999999995634,214.1176470588749,67.64705882352942,-4320.00000000553,-7,SIMPLES,False
13a_features_tempo_real__pre60__adv_delta_spread_minimo_15s_30s__max >= 0.25339286,1,13a_features_tempo_real__pre60__adv_delta_spread_minimo_15s_30s__max,False,-6300.727272730611,144,96,39,57,-2239.9999999928696,-3919.9999999982538,-1680.0000000053842,0.9562500000001393,0.8040000000000873,-0.15225000000005195,18159.999999996944,7519.999999998254,10639.99999999869,-81.66666666663029,47.91666666666667,63,32,13,19,9520.000000003347,5760.000000002037,-3760.0000000013097,1.540909090909281,1.800000000000283,0.25909090909100185,5439.999999999418,2159.9999999998545,3279.9999999995634,185.80645161296894,70.96774193548387,-3760.0000000013097,-6,SIMPLES,False
13a_features_tempo_real__pre60__adv_z_pre_15s_spread_medio__pos_range <= 0.63886686,1,13a_features_tempo_real__pre60__adv_z_pre_15s_spread_medio__pos_range,False,-6338.181818185953,144,86,42,44,-2239.9999999928696,7360.000000002765,9599.999999995634,0.9562500000001393,1.4181818181819752,0.46193181818183593,18159.999999996944,5599.999999999272,12559.999999997672,126.8965517241856,62.06896551724138,63,36,11,25,9520.000000003347,3680.0000000010186,-5840.000000002328,1.540909090909281,1.418181818181934,-0.12272727272734718,5439.999999999418,2959.9999999998545,2479.9999999995634,136.29629629633402,59.25925925925925,-5840.000000002328,-14,SIMPLES,False
13a_features_tempo_real__pre60__adv_ratio_volatilidade_close_pontos_15s_60s__dist_media <= 0.39803563,1,13a_features_tempo_real__pre60__adv_ratio_volatilidade_close_pontos_15s_60s__dist_media,False,-6430.727272730819,144,72,31,41,-2239.9999999928696,-719.9999999967986,1519.999999996071,0.9562500000001393,0.972727272727394,0.016477272727254744,18159.999999996944,12399.999999999272,5759.999999997672,-9.999999999955536,54.166666666666664,63,38,14,24,9520.000000003347,5360.00000000131,-4160.000000002037,1.540909090909281,1.8375000000002046,0.29659090909092356,5439.999999999418,1919.999999999709,3519.999999999709,214.4000000000524,68.0,-4160.000000002037,-10,SIMPLES,False
13a_features_tempo_real__pre60__adv_z_pre_15s_spread_medio__ret_pct <= -26.410944,1,13a_features_tempo_real__pre60__adv_z_pre_15s_spread_medio__ret_pct,False,-6444.491978611541,144,29,17,12,-2239.9999999928696,6560.000000005675,8799.999999998545,0.9562500000001393,1.1744680851065339,0.21821808510639462,18159.999999996944,12239.999999997963,5919.999999998981,57.04347826091892,59.130434782608695,63,20,5,15,9520.000000003347,3200.000000002183,-6320.000000001164,1.540909090909281,1.2352941176472194,-0.30561497326206166,5439.999999999418,5359.9999999998545,79.99999999956344,74.41860465121356,60.46511627906976,-6320.000000001164,-10,SIMPLES,False
13a_features_tempo_real__pre60__adv_ratio_volatilidade_close_pontos_15s_60s__repique_min >= 0.7822837,1,13a_features_tempo_real__pre60__adv_ratio_volatilidade_close_pontos_15s_60s__repique_min,False,-6481.87012987323,144,58,22,36,-2239.9999999928696,-5759.9999999962165,-3520.000000003347,0.9562500000001393,0.8285714285715412,-0.12767857142859806,18159.999999996944,11279.999999996653,6880.000000000291,-66.97674418600252,51.162790697674424,63,25,8,17,9520.000000003347,7040.000000001601,-2480.0000000017462,1.540909090909281,1.6285714285715716,0.08766233766229048,5439.999999999418,4319.999999999709,1119.999999999709,185.26315789477897,63.1578947368421,-3520.000000003347,-9,SIMPLES,False
13a_features_tempo_real__pre60__adv_delta_spread_minimo_15s_30s__slope >= 0.0021045918,1,13a_features_tempo_real__pre60__adv_delta_spread_minimo_15s_30s__slope,False,-6504.727272728924,144,53,22,31,-2239.9999999928696,-4559.999999995489,-2320.0000000026193,0.9562500000001393,0.8642857142858485,-0.09196428571429072,18159.999999996944,10479.999999998108,7679.999999998836,-50.109890109840535,53.84615384615385,63,19,6,13,9520.000000003347,5440.000000002328,-4080.0000000010186,1.540909090909281,1.425000000000182,-0.11590909090909918,5439.999999999418,3279.999999998836,2160.000000000582,123.63636363641655,63.63636363636363,-4080.0000000010186,-7,SIMPLES,False
13a_features_tempo_real__pre60__adv_delta_spread_minimo_15s_30s__range <= 0.17916667,1,13a_features_tempo_real__pre60__adv_delta_spread_minimo_15s_30s__range,False,-6511.3939393954615,144,29,16,13,-2239.9999999928696,2640.0000000059663,4879.999999998836,0.9562500000001393,1.0687500000001553,0.11250000000001603,18159.999999996944,15039.999999997235,3119.999999999709,22.956521739182314,58.26086956521739,63,17,4,13,9520.000000003347,3840.0000000023283,-5680.000000001019,1.540909090909281,1.2666666666668283,-0.2742424242424528,5439.999999999418,4879.999999999563,559.9999999998545,83.47826086961584,60.86956521739131,-5680.000000001019,-9,SIMPLES,False
13a_features_tempo_real__last__cobertura_60s <= 47,1,13a_features_tempo_real__last__cobertura_60s,False,-6533.668449199388,144,51,22,29,-2239.9999999928696,-3119.9999999953434,-880.0000000024738,0.9562500000001393,0.9071428571429957,-0.04910714285714357,18159.999999996944,15119.999999998981,3039.9999999979627,-33.54838709672412,54.83870967741935,63,17,5,12,9520.000000003347,4880.000000002474,-4640.000000000873,1.540909090909281,1.3588235294119466,-0.18208556149733446,5439.999999999418,3519.9999999989814,1920.0000000004366,106.08695652179291,63.04347826086957,-4640.000000000873,-7,SIMPLES,False
13a_features_tempo_real__last__cobertura_15s <= 12,1,13a_features_tempo_real__last__cobertura_15s,False,-6550.727272730101,144,66,28,38,-2239.9999999928696,-4319.999999996071,-2080.0000000032014,0.9562500000001393,0.8500000000001364,-0.10625000000000284,18159.999999996944,10159.999999997672,7999.999999999272,-55.38461538456501,53.84615384615385,63,21,6,15,9520.000000003347,5920.000000001892,-3600.000000001455,1.540909090909281,1.4625000000001478,-0.07840909090913328,5439.999999999418,3759.9999999998545,1679.9999999995634,140.95238095242598,61.904761904761905,-3600.000000001455,-9,SIMPLES,False
13a_features_tempo_real__pre60__adv_z_pre_15s_spread_medio__range >= 0.90725488,1,13a_features_tempo_real__pre60__adv_z_pre_15s_spread_medio__range,False,-6564.727272728378,144,48,21,27,-2239.9999999928696,-2479.999999995198,-240.0000000023283,0.9562500000001393,0.9279069767443257,-0.028343023255813615,18159.999999996944,10879.99999999738,7279.999999999563,-25.83333333328331,55.208333333333336,63,9,2,7,9520.000000003347,4640.000000003056,-4880.000000000291,1.540909090909281,1.290000000000191,-0.2509090909090901,5439.999999999418,5439.999999999418,0.0,85.92592592598251,62.96296296296296,-4880.000000000291,-5,SIMPLES,False
13a_features_tempo_real__pre60__adv_z_pre_15s_spread_medio__recuo_max <= -0.24972717,1,13a_features_tempo_real__pre60__adv_z_pre_15s_spread_medio__recuo_max,False,-6623.584415588105,144,72,34,38,-2239.9999999928696,5280.000000003201,7519.999999996071,0.9562500000001393,1.2200000000001334,0.26374999999999416,18159.999999996944,7199.999999998545,10959.9999999984,73.3333333333778,58.333333333333336,63,29,8,21,9520.000000003347,4160.00000000131,-5360.000000002037,1.540909090909281,1.3714285714286885,-0.16948051948059262,5439.999999999418,4559.9999999998545,879.9999999995634,122.3529411765091,58.82352941176471,-5360.000000002037,-13,SIMPLES,False
13a_features_tempo_real__pre60__adv_z_pre_15s_spread_medio__first <= -0.031182405,1,13a_features_tempo_real__pre60__adv_z_pre_15s_spread_medio__first,False,-6633.034965036783,144,15,4,11,-2239.9999999928696,-5519.999999993888,-3280.0000000010186,0.9562500000001393,0.8850000000001274,-0.07125000000001191,18159.999999996944,17359.999999996944,800.0,-42.79069767437122,53.48837209302325,63,25,9,16,9520.000000003347,7120.000000001892,-2400.000000001455,1.540909090909281,1.6846153846155665,0.1437062937062854,5439.999999999418,5439.999999999418,0.0,187.36842105268136,65.78947368421053,-3280.0000000010186,-7,SIMPLES,False
13a_features_tempo_real__pre60__pre_15s_spread_medio__first <= 1.1490417,1,13a_features_tempo_real__pre60__pre_15s_spread_medio__first,False,-6633.034965036783,144,15,4,11,-2239.9999999928696,-5519.999999993888,-3280.0000000010186,0.9562500000001393,0.8850000000001274,-0.07125000000001191,18159.999999996944,17359.999999996944,800.0,-42.79069767437122,53.48837209302325,63,25,9,16,9520.000000003347,7120.000000001892,-2400.000000001455,1.540909090909281,1.6846153846155665,0.1437062937062854,5439.999999999418,5439.999999999418,0.0,187.36842105268136,65.78947368421053,-3280.0000000010186,-7,SIMPLES,False
13a_features_tempo_real__last__adv_delta_spread_minimo_15s_30s <= 0.083333333,1,13a_features_tempo_real__last__adv_delta_spread_minimo_15s_30s,False,-6655.58441558884,144,111,45,66,-2239.9999999928696,-7039.99999999869,-4800.000000005821,0.9562500000001393,0.536842105263244,-0.4194078947368952,18159.999999996944,11039.999999999418,7119.999999997526,-213.33333333329364,42.42424242424242,63,39,15,24,9520.000000003347,7120.000000001164,-2400.000000002183,1.540909090909281,2.271428571428779,0.7305194805194981,5439.999999999418,2159.9999999998545,3279.9999999995634,296.6666666667152,70.83333333333334,-4800.000000005821,-9,SIMPLES,False
13a_features_tempo_real__pre60__adv_delta_spread_minimo_15s_30s__last <= 0.083333333,1,13a_features_tempo_real__pre60__adv_delta_spread_minimo_15s_30s__last,False,-6655.58441558884,144,111,45,66,-2239.9999999928696,-7039.99999999869,-4800.000000005821,0.9562500000001393,0.536842105263244,-0.4194078947368952,18159.999999996944,11039.999999999418,7119.999999997526,-213.33333333329364,42.42424242424242,63,39,15,24,9520.000000003347,7120.000000001164,-2400.000000002183,1.540909090909281,2.271428571428779,0.7305194805194981,5439.999999999418,2159.9999999998545,3279.9999999995634,296.6666666667152,70.83333333333334,-4800.000000005821,-9,SIMPLES,False
13a_features_tempo_real__last__cobertura_60s <= 46,1,13a_features_tempo_real__last__cobertura_60s,False,-6656.30622009688,144,40,18,22,-2239.9999999928696,-1759.9999999947613,479.99999999810825,0.9562500000001393,0.9521739130436206,-0.004076086956518621,18159.999999996944,14879.999999998836,3279.9999999981083,-16.92307692302655,55.769230769230774,63,13,3,10,9520.000000003347,4720.000000002619,-4800.000000000728,1.540909090909281,1.310526315789646,-0.230382775119635,5439.999999999418,5119.999999998981,320.00000000043656,94.40000000005239,62.0,-4800.000000000728,-7,SIMPLES,False
13a_features_tempo_real__pre60__adv_delta_spread_minimo_15s_30s__mean <= 0.059258597,1,13a_features_tempo_real__pre60__adv_delta_spread_minimo_15s_30s__mean,False,-6662.441558444022,144,29,17,12,-2239.9999999928696,2720.0000000062573,4959.999999999127,0.9562500000001393,1.0723404255320814,0.11609042553194215,18159.999999996944,12479.99999999738,5679.999999999563,23.65217391309789,59.130434782608695,63,28,8,20,9520.000000003347,4400.000000001455,-5120.000000001892,1.540909090909281,1.3928571428572727,-0.1480519480520084,5439.999999999418,3759.9999999998545,1679.9999999995634,125.71428571432729,60.0,-5120.000000001892,-12,SIMPLES,False
13a_features_tempo_real__pre60__adv_z_pre_15s_spread_medio__range >= 0.83635104,1,13a_features_tempo_real__pre60__adv_z_pre_15s_spread_medio__range,False,-6675.3939393951805,144,58,26,32,-2239.9999999928696,-1599.9999999956344,639.9999999972351,0.9562500000001393,0.9473684210527752,-0.008881578947364077,18159.999999996944,8719.999999997526,9439.999999999418,-18.604651162739934,55.81395348837209,63,13,4,9,9520.000000003347,3840.000000003056,-5680.000000000291,1.540909090909281,1.2666666666668789,-0.2742424242424022,5439.999999999418,3839.999999999418,1600.0,76.80000000006112,64.0,-5680.000000000291,-5,SIMPLES,False
13a_features_tempo_real__pre60__adv_ratio_volatilidade_close_pontos_15s_60s__range >= 0.90894228,1,13a_features_tempo_real__pre60__adv_ratio_volatilidade_close_pontos_15s_60s__range,False,-6728.727272728874,144,36,12,24,-2239.9999999928696,-7999.999999994907,-5760.000000002037,0.9562500000001393,0.8076923076924302,-0.1485576923077091,18159.999999996944,13999.99999999709,4159.9999999998545,-74.07407407402691,51.85185185185185,63,14,4,10,9520.000000003347,6480.000000002474,-3040.000000000873,1.540909090909281,1.4500000000001718,-0.09090909090910926,5439.999999999418,4639.999999999418,800.0,132.24489795923415,63.26530612244898,-5760.000000002037,-6,SIMPLES,False
13a_features_tempo_real__pre60__adv_delta_spread_minimo_15s_30s__pos_range >= 0.051282051,1,13a_features_tempo_real__pre60__adv_delta_spread_minimo_15s_30s__pos_range,False,-6797.818181821098,144,58,32,26,-2239.9999999928696,5600.000000005093,7839.999999997963,0.9562500000001393,1.218750000000199,0.2625000000000597,18159.999999996944,8479.999999998108,9679.999999998836,65.11627906982666,62.7906976744186,63,34,11,23,9520.000000003347,3200.000000001455,-6320.000000001892,1.540909090909281,1.363636363636529,-0.17727272727275212,5439.999999999418,2400.0,3039.999999999418,110.34482758625708,62.06896551724138,-6320.000000001892,-12,SIMPLES,False
13a_features_tempo_real__window__n <= 49,1,13a_features_tempo_real__window__n,False,-6801.298701301832,144,90,43,47,-2239.9999999928696,-239.99999999650754,1999.999999996362,0.9562500000001393,0.9857142857144936,0.029464285714354332,18159.999999996944,5919.999999998981,12239.999999997963,-4.444444444379769,61.111111111111114,63,27,8,19,9520.000000003347,4640.000000001601,-4880.000000001746,1.540909090909281,1.4142857142858571,-0.12662337662342393,5439.999999999418,2879.9999999995634,2559.9999999998545,128.88888888893337,61.111111111111114,-4880.000000001746,-11,SIMPLES,False
13a_features_tempo_real__pre60__adv_delta_spread_minimo_15s_30s__max >= 0.24890351,1,13a_features_tempo_real__pre60__adv_delta_spread_minimo_15s_30s__max,False,-6854.441558445599,144,108,44,64,-2239.9999999928696,-6399.999999998545,-4160.000000005675,0.9562500000001393,0.6000000000000909,-0.35625000000004836,18159.999999996944,8239.99999999869,9919.999999998254,-177.77777777773736,44.44444444444444,63,38,15,23,9520.000000003347,6400.000000001455,-3120.0000000018917,1.540909090909281,2.1428571428574026,0.6019480519481215,5439.999999999418,1759.9999999998545,3679.9999999995634,256.0000000000582,72.0,-4160.000000005675,-8,SIMPLES,False
13a_features_tempo_real__last__cobertura_60s <= 50,1,13a_features_tempo_real__last__cobertura_60s,False,-6860.727272730679,144,92,43,49,-2239.9999999928696,-1679.999999996653,559.9999999962165,0.9562500000001393,0.9000000000001992,-0.05624999999994007,18159.999999996944,4879.999999998836,13279.999999998108,-32.307692307627946,59.61538461538461,63,25,7,18,9520.000000003347,5040.000000001601,-4480.000000001746,1.540909090909281,1.4200000000001334,-0.1209090909091477,5439.999999999418,3200.0,2239.999999999418,132.63157894741053,60.526315789473685,-4480.000000001746,-11,SIMPLES,False
13a_features_tempo_real__pre60__adv_delta_spread_minimo_15s_30s__first >= 0.05,1,13a_features_tempo_real__pre60__adv_delta_spread_minimo_15s_30s__first,False,-6947.012987015156,144,58,28,30,-2239.9999999928696,3360.00000000422,5599.99999999709,0.9562500000001393,1.1166666666668132,0.16041666666667398,18159.999999996944,13919.999999998254,4239.99999999869,39.06976744190953,58.139534883720934,63,24,8,16,9520.000000003347,3440.0000000023283,-6080.000000001019,1.540909090909281,1.307142857143065,-0.23376623376621608,5439.999999999418,4319.999999999709,1119.999999999709,88.2051282051879,64.1025641025641,-6080.000000001019,-8,SIMPLES,False
13a_features_tempo_real__pre60__adv_z_pre_15s_spread_medio__slope >= -0.0025661638,1,13a_features_tempo_real__pre60__adv_z_pre_15s_spread_medio__slope,False,-6960.155844159781,144,79,28,51,-2239.9999999928696,-13199.99999999709,-10960.00000000422,0.9562500000001393,0.5416666666667678,-0.4145833333333715,18159.999999996944,15599.99999999709,2559.9999999998545,-203.0769230768783,44.61538461538462,63,38,15,23,9520.000000003347,8320.000000001164,-1200.0000000021828,1.540909090909281,2.4857142857144936,0.9448051948052125,5439.999999999418,1600.0,3839.999999999418,332.80000000004657,72.0,-10960.00000000422,-8,SIMPLES,False
13a_features_tempo_real__pre60__adv_z_pre_15s_spread_medio__ret_pct >= 41.967577,1,13a_features_tempo_real__pre60__adv_z_pre_15s_spread_medio__ret_pct,False,-6984.727272728496,144,36,11,25,-2239.9999999928696,-10959.999999994761,-8720.000000001892,0.9562500000001393,0.7415094339623877,-0.2147405660377516,18159.999999996944,14799.999999996362,3360.000000000582,-101.48148148143298,50.92592592592593,63,15,6,9,9520.000000003347,7360.000000002765,-2160.000000000582,1.540909090909281,1.575000000000216,0.03409090909093493,5439.999999999418,5439.999999999418,0.0,153.33333333339093,66.66666666666666,-8720.000000001892,-3,SIMPLES,False
13a_features_tempo_real__pre60__adv_delta_spread_minimo_15s_30s__first <= 0,1,13a_features_tempo_real__pre60__adv_delta_spread_minimo_15s_30s__first,False,-6995.393939397678,144,83,33,50,-2239.9999999928696,-7999.99999999709,-5760.00000000422,0.9562500000001393,0.677419354838827,-0.2788306451613123,18159.999999996944,12239.999999997963,5919.999999998981,-131.14754098355886,49.18032786885246,63,35,13,22,9520.000000003347,6960.00000000131,-2560.0000000020373,1.540909090909281,1.9666666666668486,0.42575757575756756,5439.999999999418,2159.9999999998545,3279.9999999995634,248.57142857147534,67.85714285714286,-5760.00000000422,-9,SIMPLES,False
13a_features_tempo_real__pre60__adv_z_pre_15s_spread_medio__recuo_max <= -0.58375991,1,13a_features_tempo_real__pre60__adv_z_pre_15s_spread_medio__recuo_max,False,-7037.454545455482,144,29,16,13,-2239.9999999928696,2640.0000000059663,4879.999999998836,0.9562500000001393,1.0687500000001553,0.11250000000001603,18159.999999996944,12239.999999997963,5919.999999998981,22.956521739182314,58.26086956521739,63,8,0,8,9520.000000003347,2800.0000000029104,-6720.000000000437,1.540909090909281,1.1590909090910744,-0.3818181818182067,5439.999999999418,5679.999999999563,-240.00000000014552,50.90909090914383,60.0,-6720.000000000437,-8,SIMPLES,False
13a_features_tempo_real__last__pre_15s_spread_minimo <= 0.990625,1,13a_features_tempo_real__last__pre_15s_spread_minimo,False,-7076.7272727298405,144,36,11,25,-2239.9999999928696,-6159.999999995489,-3920.0000000026193,0.9562500000001393,0.8547169811321819,-0.1015330188679574,18159.999999996944,19999.999999997817,-1840.0000000008731,-57.037037036995265,50.92592592592593,63,31,12,19,9520.000000003347,6880.000000001746,-2640.0000000016007,1.540909090909281,1.8600000000002184,0.3190909090909373,5439.999999999418,4479.999999999563,959.9999999998545,215.00000000005457,68.75,-3920.0000000026193,-7,SIMPLES,False
13a_features_tempo_real__last__cobertura_60s <= 48,1,13a_features_tempo_real__last__cobertura_60s,False,-7085.903743317467,144,64,30,34,-2239.9999999928696,-1759.999999995489,479.99999999738066,0.9562500000001393,0.9352941176472247,-0.020955882352914568,18159.999999996944,12159.999999999127,5999.999999997817,-21.99999999994361,57.49999999999999,63,19,5,14,9520.000000003347,4400.000000002183,-5120.000000001164,1.540909090909281,1.3235294117648664,-0.2173796791444147,5439.999999999418,3759.999999999127,1680.000000000291,100.00000000004961,61.36363636363637,-5120.000000001164,-9,SIMPLES,False
13a_features_tempo_real__pre60__adv_z_pre_15s_spread_medio__slope <= -0.0025661638,1,13a_features_tempo_real__pre60__adv_z_pre_15s_spread_medio__slope,False,-7096.7272727291975,144,53,29,24,-2239.9999999928696,6560.000000004948,8799.999999997817,0.9562500000001393,1.234285714285891,0.2780357142857517,18159.999999996944,10559.9999999984,7599.999999998545,72.08791208796646,61.53846153846154,63,23,7,16,9520.000000003347,2640.0000000023283,-6880.000000001019,1.540909090909281,1.220000000000194,-0.32090909090908704,5439.999999999418,5119.999999999709,319.99999999970896,66.00000000005821,62.5,-6880.000000001019,-9,SIMPLES,False
13a_features_tempo_real__pre60__adv_ratio_volatilidade_close_pontos_15s_60s__range <= 0.71845869,1,13a_features_tempo_real__pre60__adv_ratio_volatilidade_close_pontos_15s_60s__range,False,-7112.727272729118,144,58,26,32,-2239.9999999928696,-639.99999999578,1599.9999999970896,0.9562500000001393,0.9789473684211915,0.02269736842105219,18159.999999996944,14799.999999998545,3359.9999999983993,-7.441860465067209,55.81395348837209,63,29,11,18,9520.000000003347,4400.000000002183,-5120.000000001164,1.540909090909281,1.500000000000248,-0.04090909090903305,5439.999999999418,3279.999999998836,2160.000000000582,129.41176470594655,67.64705882352942,-5120.000000001164,-7,SIMPLES,False
13a_features_tempo_real__pre60__adv_z_pre_15s_spread_medio__delta <= -0.12581266,1,13a_features_tempo_real__pre60__adv_z_pre_15s_spread_medio__delta,False,-7113.727272729639,144,48,24,24,-2239.9999999928696,6400.000000004366,8639.999999997235,0.9562500000001393,1.2000000000001365,0.24374999999999725,18159.999999996944,11759.9999999984,6399.999999998545,66.66666666671215,58.333333333333336,63,22,6,16,9520.000000003347,2800.000000002183,-6720.000000001164,1.540909090909281,1.2187500000001705,-0.32215909090911055,5439.999999999418,5359.9999999998545,79.99999999956344,68.2926829268825,60.97560975609756,-6720.000000001164,-10,SIMPLES,False
13a_features_tempo_real__pre60__pre_15s_spread_medio__delta <= -0.057141529,1,13a_features_tempo_real__pre60__pre_15s_spread_medio__delta,False,-7113.727272729639,144,48,24,24,-2239.9999999928696,6400.000000004366,8639.999999997235,0.9562500000001393,1.2000000000001365,0.24374999999999725,18159.999999996944,11759.9999999984,6399.999999998545,66.66666666671215,58.333333333333336,63,22,6,16,9520.000000003347,2800.000000002183,-6720.000000001164,1.540909090909281,1.2187500000001705,-0.32215909090911055,5439.999999999418,5359.9999999998545,79.99999999956344,68.2926829268825,60.97560975609756,-6720.000000001164,-10,SIMPLES,False
13a_features_tempo_real__pre60__adv_ratio_volatilidade_close_pontos_15s_60s__dist_media <= 0.43481213,1,13a_features_tempo_real__pre60__adv_ratio_volatilidade_close_pontos_15s_60s__dist_media,False,-7188.727272730648,144,86,39,47,-2239.9999999928696,400.0000000029104,2639.99999999578,0.9562500000001393,1.0200000000001455,0.06375000000000619,18159.999999996944,11439.999999999418,6719.999999997526,6.89655172418811,56.896551724137936,63,42,16,26,9520.000000003347,4560.00000000131,-4960.000000002037,1.540909090909281,1.9500000000002728,0.4090909090909918,5439.999999999418,1999.9999999992724,3440.0000000001455,217.1428571429195,71.42857142857143,-4960.000000002037,-10,SIMPLES,False
13a_features_tempo_real__pre60__adv_ratio_volatilidade_close_pontos_15s_60s__delta >= 0.10113022,1,13a_features_tempo_real__pre60__adv_ratio_volatilidade_close_pontos_15s_60s__delta,False,-7188.72727273163,144,115,48,67,-2239.9999999928696,-5839.99999999869,-3600.0000000058208,0.9562500000001393,0.5437500000001023,-0.41250000000003695,18159.999999996944,6479.999999999563,11679.99999999738,-201.37931034478243,44.827586206896555,63,43,17,26,9520.000000003347,6320.000000001164,-3200.000000002183,1.540909090909281,2.580000000000291,1.0390909090910099,5439.999999999418,2159.9999999998545,3279.9999999995634,316.0000000000582,75.0,-3600.0000000058208,-9,SIMPLES,False
13a_features_tempo_real__pre60__adv_delta_spread_minimo_15s_30s__recuo_max >= -0.25,1,13a_features_tempo_real__pre60__adv_delta_spread_minimo_15s_30s__recuo_max,False,-7206.727272730495,144,59,31,28,-2239.9999999928696,4320.000000004802,6559.999999997672,0.9562500000001393,1.1636363636365454,0.20738636363640617,18159.999999996944,9199.999999998545,8959.9999999984,50.8235294118212,61.1764705882353,63,40,14,26,9520.000000003347,3920.000000001164,-5600.000000002183,1.540909090909281,1.612500000000182,0.07159090909090082,5439.999999999418,2959.9999999998545,2479.9999999995634,170.43478260874627,65.21739130434783,-5600.000000002183,-12,SIMPLES,False
13a_features_tempo_real__window__n <= 50,1,13a_features_tempo_real__window__n,False,-7270.265734269277,144,97,43,54,-2239.9999999928696,-4799.99999999709,-2560.00000000422,0.9562500000001393,0.7142857142858875,-0.24196428571425177,18159.999999996944,6399.999999999272,11759.999999997672,-102.12765957440617,55.319148936170215,63,28,9,19,9520.000000003347,5440.000000001601,-4080.0000000017462,1.540909090909281,1.523076923077077,-0.017832167832203982,5439.999999999418,2400.0,3039.999999999418,155.42857142861718,62.857142857142854,-4080.0000000017462,-10,SIMPLES,False
13a_features_tempo_real__pre60__adv_ratio_volatilidade_close_pontos_15s_60s__slope <= -0.0004859635,1,13a_features_tempo_real__pre60__adv_ratio_volatilidade_close_pontos_15s_60s__slope,False,-7320.306220096894,144,33,15,18,-2239.9999999928696,-3199.9999999941792,-960.0000000013097,0.9562500000001393,0.918367346938924,-0.0378826530612153,18159.999999996944,13439.999999997235,4719.999999999709,-28.82882882877639,55.85585585585585,63,13,3,10,9520.000000003347,4720.000000002619,-4800.000000000728,1.540909090909281,1.310526315789646,-0.230382775119635,5439.999999999418,5439.999999999418,0.0,94.40000000005239,62.0,-4800.000000000728,-7,SIMPLES,False
13a_features_tempo_real__pre60__adv_z_pre_15s_spread_medio__recuo_max <= -0.42161,1,13a_features_tempo_real__pre60__adv_z_pre_15s_spread_medio__recuo_max,False,-7321.358851676956,144,48,23,25,-2239.9999999928696,4400.000000004366,6639.999999997235,0.9562500000001393,1.1341463414635478,0.1778963414634085,18159.999999996944,10879.999999998108,7279.999999998836,45.83333333337881,57.291666666666664,63,17,3,14,9520.000000003347,2800.000000002183,-6720.000000001164,1.540909090909281,1.184210526315933,-0.35669856459334803,5439.999999999418,5119.999999999709,319.99999999970896,60.869565217438755,58.69565217391305,-6720.000000001164,-11,SIMPLES,False
13a_features_tempo_real__pre60__adv_delta_spread_minimo_15s_30s__ret_pct >= -100,1,13a_features_tempo_real__pre60__adv_delta_spread_minimo_15s_30s__ret_pct,False,-7355.804195806738,144,61,31,30,-2239.9999999928696,5760.00000000422,7999.99999999709,0.9562500000001393,1.2181818181819781,0.26193181818183886,18159.999999996944,12319.999999998254,5839.99999999869,69.39759036149663,60.24096385542169,63,28,9,19,9520.000000003347,2560.0000000020373,-6960.00000000131,1.540909090909281,1.246153846154042,-0.29475524475523907,5439.999999999418,3759.9999999998545,1679.9999999995634,73.14285714291535,62.857142857142854,-6960.00000000131,-10,SIMPLES,False
13a_features_tempo_real__pre60__adv_delta_spread_minimo_15s_30s__slope <= 0.0021045918,1,13a_features_tempo_real__pre60__adv_delta_spread_minimo_15s_30s__slope,False,-7416.727272730956,144,79,35,44,-2239.9999999928696,-2079.999999996653,159.9999999962165,0.9562500000001393,0.9103448275863512,-0.04590517241378811,18159.999999996944,11119.999999998254,7039.99999999869,-31.999999999948507,55.38461538461539,63,42,16,26,9520.000000003347,5520.000000001164,-4000.000000002183,1.540909090909281,2.1500000000002424,0.6090909090909613,5439.999999999418,2959.9999999998545,2479.9999999995634,262.8571428571983,71.42857142857143,-4000.000000002183,-10,SIMPLES,False
13a_features_tempo_real__pre60__adv_z_pre_15s_spread_medio__delta >= -0.12581266,1,13a_features_tempo_real__pre60__adv_z_pre_15s_spread_medio__delta,False,-7432.727272731233,144,96,40,56,-2239.9999999928696,-8639.999999997235,-6400.000000004366,0.9562500000001393,0.550000000000144,-0.4062499999999952,18159.999999996944,9839.999999997235,8319.999999999709,-179.9999999999424,50.0,63,41,16,25,9520.000000003347,6720.000000001164,-2800.000000002183,1.540909090909281,2.4000000000002424,0.8590909090909613,5439.999999999418,1600.0,3839.999999999418,305.45454545459836,72.72727272727273,-6400.000000004366,-9,SIMPLES,False
13a_features_tempo_real__pre60__pre_15s_spread_medio__delta >= -0.057141529,1,13a_features_tempo_real__pre60__pre_15s_spread_medio__delta,False,-7432.727272731233,144,96,40,56,-2239.9999999928696,-8639.999999997235,-6400.000000004366,0.9562500000001393,0.550000000000144,-0.4062499999999952,18159.999999996944,9839.999999997235,8319.999999999709,-179.9999999999424,50.0,63,41,16,25,9520.000000003347,6720.000000001164,-2800.000000002183,1.540909090909281,2.4000000000002424,0.8590909090909613,5439.999999999418,1600.0,3839.999999999418,305.45454545459836,72.72727272727273,-6400.000000004366,-9,SIMPLES,False
13a_features_tempo_real__pre60__adv_delta_spread_minimo_15s_30s__first <= 0.05,1,13a_features_tempo_real__pre60__adv_delta_spread_minimo_15s_30s__first,False,-7448.727272731321,144,86,36,50,-2239.9999999928696,-5599.99999999709,-3360.00000000422,0.9562500000001393,0.7500000000001299,-0.20625000000000937,18159.999999996944,9839.999999997963,8319.999999998981,-96.55172413788085,51.724137931034484,63,39,14,25,9520.000000003347,6080.000000001019,-3440.0000000023283,1.540909090909281,1.9500000000001592,0.4090909090908781,5439.999999999418,1759.9999999998545,3679.9999999995634,253.33333333337578,66.66666666666666,-3440.0000000023283,-11,SIMPLES,False
13a_features_tempo_real__pre60__adv_ratio_volatilidade_close_pontos_15s_60s__dist_media >= 0.49139812,1,13a_features_tempo_real__pre60__adv_ratio_volatilidade_close_pontos_15s_60s__dist_media,False,-7459.674641150436,144,36,16,20,-2239.9999999928696,-1919.9999999946158,319.99999999825377,0.9562500000001393,0.9500000000001402,-0.00624999999999909,18159.999999996944,11439.999999997235,6719.999999999709,-17.777777777727923,55.55555555555556,63,16,3,13,9520.000000003347,4960.000000002037,-4560.00000000131,1.540909090909281,1.3263157894738182,-0.21459330143546285,5439.999999999418,5919.999999999709,-480.00000000029104,105.53191489366037,59.57446808510638,-4560.00000000131,-10,SIMPLES,False
13a_features_tempo_real__pre60__adv_ratio_volatilidade_close_pontos_15s_60s__delta <= 0.10113022,1,13a_features_tempo_real__pre60__adv_ratio_volatilidade_close_pontos_15s_60s__delta,False,-7480.49197861149,144,29,16,13,-2239.9999999928696,3600.0000000058208,5839.99999999869,0.9562500000001393,1.0937500000001517,0.1375000000000124,18159.999999996944,16559.99999999767,1599.9999999992724,31.304347826137572,58.26086956521739,63,20,5,15,9520.000000003347,3200.000000002183,-6320.000000001164,1.540909090909281,1.2352941176472194,-0.30561497326206166,5439.999999999418,5359.9999999998545,79.99999999956344,74.41860465121356,60.46511627906976,-6320.000000001164,-10,SIMPLES,False
13a_features_tempo_real__last__cobertura_60s >= 51,1,13a_features_tempo_real__last__cobertura_60s,False,-7484.727272730093,144,52,21,31,-2239.9999999928696,-559.9999999962165,1679.999999996653,0.9562500000001393,0.9837209302326682,0.02747093023252889,18159.999999996944,14079.999999998108,4079.999999998836,-6.0869565216980055,53.2608695652174,63,38,15,23,9520.000000003347,4480.000000001746,-5040.000000001601,1.540909090909281,1.8000000000003118,0.2590909090910307,5439.999999999418,2719.999999999709,2719.999999999709,179.20000000006985,72.0,-5040.000000001601,-8,SIMPLES,False
13a_features_tempo_real__last__pre_15s_spread_minimo >= 0.990625,1,13a_features_tempo_real__last__pre_15s_spread_minimo,False,-7496.727272730835,144,108,53,55,-2239.9999999928696,3920.0000000026193,6159.999999995489,0.9562500000001393,1.445454545454843,0.4892045454547038,18159.999999996944,1919.999999999709,16239.999999997235,108.88888888896165,69.44444444444444,63,32,10,22,9520.000000003347,2640.0000000016007,-6880.000000001746,1.540909090909281,1.2750000000001667,-0.2659090909091144,5439.999999999418,1759.9999999998545,3679.9999999995634,85.16129032263228,61.29032258064516,-6880.000000001746,-12,SIMPLES,False
13a_features_tempo_real__last__pre_15s_spread_minimo >= 1,1,13a_features_tempo_real__last__pre_15s_spread_minimo,False,-7496.727272730835,144,108,53,55,-2239.9999999928696,3920.0000000026193,6159.999999995489,0.9562500000001393,1.445454545454843,0.4892045454547038,18159.999999996944,1919.999999999709,16239.999999997235,108.88888888896165,69.44444444444444,63,32,10,22,9520.000000003347,2640.0000000016007,-6880.000000001746,1.540909090909281,1.2750000000001667,-0.2659090909091144,5439.999999999418,1759.9999999998545,3679.9999999995634,85.16129032263228,61.29032258064516,-6880.000000001746,-12,SIMPLES,False
13a_features_tempo_real__pre60__adv_delta_spread_minimo_15s_30s__slope <= 0,1,13a_features_tempo_real__pre60__adv_delta_spread_minimo_15s_30s__slope,False,-7535.012987015258,144,66,31,35,-2239.9999999928696,1680.000000003929,3919.9999999967986,0.9562500000001393,1.0636363636365125,0.10738636363637322,18159.999999996944,9999.999999997817,8159.999999999127,21.53846153851191,57.692307692307686,63,24,8,16,9520.000000003347,3440.0000000023283,-6080.000000001019,1.540909090909281,1.307142857143065,-0.23376623376621608,5439.999999999418,4319.999999999709,1119.999999999709,88.2051282051879,64.1025641025641,-6080.000000001019,-8,SIMPLES,False
13a_features_tempo_real__pre60__adv_z_pre_15s_spread_medio__ret_pct >= -26.410944,1,13a_features_tempo_real__pre60__adv_z_pre_15s_spread_medio__ret_pct,False,-7544.727272731652,144,115,47,68,-2239.9999999928696,-8799.999999998545,-6560.000000005675,0.9562500000001393,0.35294117647069523,-0.603308823529444,18159.999999996944,9999.999999998545,8159.999999998399,-303.44827586201876,41.37931034482759,63,43,17,26,9520.000000003347,6320.000000001164,-3200.000000002183,1.540909090909281,2.580000000000291,1.0390909090910099,5439.999999999418,800.0,4639.999999999418,316.0000000000582,75.0,-6560.000000005675,-9,SIMPLES,False
13a_features_tempo_real__pre60__adv_delta_spread_minimo_15s_30s__mean >= 0.059258597,1,13a_features_tempo_real__pre60__adv_delta_spread_minimo_15s_30s__mean,False,-7584.727272730979,144,115,47,68,-2239.9999999928696,-4959.999999999127,-2720.0000000062573,0.9562500000001393,0.6352941176471231,-0.3209558823530162,18159.999999996944,7359.999999999127,10799.999999997817,-171.03448275859057,41.37931034482759,63,35,14,21,9520.000000003347,5120.000000001892,-4400.000000001455,1.540909090909281,1.8000000000002956,0.2590909090910145,5439.999999999418,1919.999999999709,3519.999999999709,182.85714285721042,71.42857142857143,-4400.000000001455,-7,SIMPLES,False
13a_features_tempo_real__pre60__adv_z_pre_15s_spread_medio__recuo_max <= -0.53297674,1,13a_features_tempo_real__pre60__adv_z_pre_15s_spread_medio__recuo_max,False,-7597.4545454557365,144,36,17,19,-2239.9999999928696,1040.0000000052387,3279.9999999981083,0.9562500000001393,1.0276595744682244,0.07140957446808516,18159.999999996944,11679.999999998108,6479.999999998836,9.629629629678137,56.481481481481474,63,8,0,8,9520.000000003347,2800.0000000029104,-6720.000000000437,1.540909090909281,1.1590909090910744,-0.3818181818182067,5439.999999999418,5679.999999999563,-240.00000000014552,50.90909090914383,60.0,-6720.000000000437,-8,SIMPLES,False
13a_features_tempo_real__last__cobertura_15s >= 15,1,13a_features_tempo_real__last__cobertura_15s,False,-7600.727272728836,144,19,10,9,-2239.9999999928696,1680.0000000061118,3919.9999999989814,0.9562500000001393,1.0388888888890304,0.08263888888889115,18159.999999996944,17199.99999999709,959.9999999998545,13.440000000048894,56.8,63,28,10,18,9520.000000003347,3600.000000002183,-5920.000000001164,1.540909090909281,1.3750000000002274,-0.1659090909090537,5439.999999999418,4079.9999999995634,1359.9999999998545,102.85714285720522,65.71428571428571,-5920.000000001164,-8,SIMPLES,False
13a_features_tempo_real__pre60__adv_z_pre_15s_spread_medio__recuo_max >= -0.24972717,1,13a_features_tempo_real__pre60__adv_z_pre_15s_spread_medio__recuo_max,False,-7610.727272729746,144,72,30,42,-2239.9999999928696,-7519.999999996071,-5280.000000003201,0.9562500000001393,0.7235294117648503,-0.23272058823528896,18159.999999996944,13679.999999998836,4479.999999998108,-104.44444444438987,52.77777777777778,63,34,14,20,9520.000000003347,5360.000000002037,-4160.00000000131,1.540909090909281,1.8375000000003183,0.29659090909103725,5439.999999999418,1119.999999999709,4319.999999999709,184.8275862069668,72.41379310344827,-5280.000000003201,-6,SIMPLES,False
13a_features_tempo_real__pre60__adv_ratio_volatilidade_close_pontos_15s_60s__range >= 0.71845869,1,13a_features_tempo_real__pre60__adv_ratio_volatilidade_close_pontos_15s_60s__range,False,-7623.272727276724,144,86,38,48,-2239.9999999928696,-1599.9999999970896,639.99999999578,0.9562500000001393,0.923076923077063,-0.03317307692307625,18159.999999996944,6319.999999998254,11839.99999999869,-27.586206896501544,55.172413793103445,63,34,11,23,9520.000000003347,5120.000000001164,-4400.000000002183,1.540909090909281,1.5818181818183141,0.04090909090903305,5439.999999999418,3200.0,2239.999999999418,176.55172413797118,62.06896551724138,-4400.000000002183,-12,SIMPLES,False
13a_features_tempo_real__pre60__adv_ratio_volatilidade_close_pontos_15s_60s__dist_media >= 0.43481213,1,13a_features_tempo_real__pre60__adv_ratio_volatilidade_close_pontos_15s_60s__dist_media,False,-7662.727272729771,144,58,25,33,-2239.9999999928696,-2639.99999999578,-400.0000000029104,0.9562500000001393,0.9153846153847507,-0.04086538461538858,18159.999999996944,9439.999999997963,8719.999999998981,-30.697674418555582,54.65116279069767,63,21,6,15,9520.000000003347,4960.000000002037,-4560.00000000131,1.540909090909281,1.3875000000001592,-0.15340909090912191,5439.999999999418,5119.999999999709,319.99999999970896,118.0952380952866,61.904761904761905,-4560.00000000131,-9,SIMPLES,False
13a_features_tempo_real__pre60__adv_delta_spread_minimo_15s_30s__max <= 0.24890351,1,13a_features_tempo_real__pre60__adv_delta_spread_minimo_15s_30s__max,False,-7704.727272729336,144,36,20,16,-2239.9999999928696,4160.000000005675,6399.999999998545,0.9562500000001393,1.1181818181819794,0.1619318181818401,18159.999999996944,14639.999999997963,3519.9999999989814,38.518518518571064,59.25925925925925,63,25,7,18,9520.000000003347,3120.0000000018917,-6400.000000001455,1.540909090909281,1.2600000000001577,-0.2809090909091234,5439.999999999418,4879.999999999563,559.9999999998545,82.10526315794452,60.526315789473685,-6400.000000001455,-11,SIMPLES,False
13a_features_tempo_real__pre60__adv_delta_spread_minimo_15s_30s__pos_range <= 0,1,13a_features_tempo_real__pre60__adv_delta_spread_minimo_15s_30s__pos_range,False,-7778.181818185254,144,86,32,54,-2239.9999999928696,-7839.999999997963,-5600.000000005093,0.9562500000001393,0.6937500000000796,-0.2625000000000597,18159.999999996944,15999.999999998545,2159.9999999983993,-135.17241379306833,44.827586206896555,63,29,11,18,9520.000000003347,6320.000000001892,-3200.000000001455,1.540909090909281,1.7181818181820332,0.17727272727275212,5439.999999999418,3759.9999999998545,1679.9999999995634,185.8823529412321,67.64705882352942,-5600.000000005093,-7,SIMPLES,False
13a_features_tempo_real__pre60__adv_delta_spread_minimo_15s_30s__pos_range <= 0.051282051,1,13a_features_tempo_real__pre60__adv_delta_spread_minimo_15s_30s__pos_range,False,-7778.181818185254,144,86,32,54,-2239.9999999928696,-7839.999999997963,-5600.000000005093,0.9562500000001393,0.6937500000000796,-0.2625000000000597,18159.999999996944,15999.999999998545,2159.9999999983993,-135.17241379306833,44.827586206896555,63,29,11,18,9520.000000003347,6320.000000001892,-3200.000000001455,1.540909090909281,1.7181818181820332,0.17727272727275212,5439.999999999418,3759.9999999998545,1679.9999999995634,185.8823529412321,67.64705882352942,-5600.000000005093,-7,SIMPLES,False
13a_features_tempo_real__last__cobertura_15s >= 13,1,13a_features_tempo_real__last__cobertura_15s,False,-7800.727272730667,144,78,36,42,-2239.9999999928696,2080.0000000032014,4319.999999996071,0.9562500000001393,1.0928571428572857,0.13660714285714648,18159.999999996944,10799.999999997817,7359.999999999127,31.51515151520002,57.57575757575758,63,42,16,26,9520.000000003347,3600.000000001455,-5920.000000001892,1.540909090909281,1.750000000000303,0.20909090909102201,5439.999999999418,2159.9999999998545,3279.9999999995634,171.42857142864074,71.42857142857143,-5920.000000001892,-10,SIMPLES,False
13a_features_tempo_real__window__n >= 50,1,13a_features_tempo_real__window__n,False,-7818.727272730175,144,54,21,33,-2239.9999999928696,-1999.999999996362,239.99999999650754,0.9562500000001393,0.9418604651163848,-0.014389534883754496,18159.999999996944,12799.999999997817,5359.999999999127,-22.2222222221818,52.22222222222223,63,36,14,22,9520.000000003347,4880.000000001746,-4640.000000001601,1.540909090909281,1.7625000000002728,0.22159090909099177,5439.999999999418,3519.999999999709,1919.999999999709,180.74074074080542,70.37037037037037,-4640.000000001601,-8,SIMPLES,False
13a_features_tempo_real__last__cobertura_15s <= 11,1,13a_features_tempo_real__last__cobertura_15s,False,-7924.72727272896,144,42,15,27,-2239.9999999928696,-9199.999999994907,-6960.000000002037,0.9562500000001393,0.7653061224491096,-0.1909438775510297,18159.999999996944,15279.999999998836,2879.9999999981083,-90.19607843132262,51.9607843137255,63,11,2,9,9520.000000003347,6080.000000002474,-3440.000000000873,1.540909090909281,1.3800000000001547,-0.16090909090912642,5439.999999999418,5679.999999999563,-240.00000000014552,116.9230769231245,61.53846153846154,-6960.000000002037,-7,SIMPLES,False
13a_features_tempo_real__pre60__adv_z_pre_15s_spread_medio__pos_range >= 0.63886686,1,13a_features_tempo_real__pre60__adv_z_pre_15s_spread_medio__pos_range,False,-7997.818181820254,144,58,22,36,-2239.9999999928696,-9599.999999995634,-7360.000000002765,0.9562500000001393,0.7142857142858442,-0.24196428571429507,18159.999999996944,16479.99999999811,1679.9999999988358,-111.62790697669342,51.162790697674424,63,27,11,16,9520.000000003347,5840.000000002328,-3680.0000000010186,1.540909090909281,1.6636363636366283,0.12272727272734718,5439.999999999418,2719.999999999709,2719.999999999709,162.2222222222869,69.44444444444444,-7360.000000002765,-5,SIMPLES,False
13a_features_tempo_real__pre60__adv_z_pre_15s_spread_medio__dist_media <= -0.1552954,1,13a_features_tempo_real__pre60__adv_z_pre_15s_spread_medio__dist_media,False,-8027.012987014629,144,29,15,14,-2239.9999999928696,2560.0000000056752,4799.999999998545,0.9562500000001393,1.0653061224491243,0.109056122448985,18159.999999996944,13999.99999999709,4159.9999999998545,22.26086956526674,57.391304347826086,63,13,1,12,9520.000000003347,2640.0000000023283,-6880.000000001019,1.540909090909281,1.1571428571429958,-0.38376623376628527,5439.999999999418,5679.999999999563,-240.00000000014552,52.800000000046566,57.99999999999999,-6880.000000001019,-11,SIMPLES,False
13a_features_tempo_real__pre60__adv_delta_spread_minimo_15s_30s__dist_media >= -0.017090266,1,13a_features_tempo_real__pre60__adv_delta_spread_minimo_15s_30s__dist_media,False,-8086.265734268004,144,48,26,22,-2239.9999999928696,4640.000000005239,6879.999999998108,0.9562500000001393,1.1526315789475408,0.1963815789474015,18159.999999996944,10079.999999998108,8079.999999998836,48.333333333387905,60.416666666666664,63,29,9,20,9520.000000003347,2320.0000000018917,-7200.000000001455,1.540909090909281,1.223076923077105,-0.31783216783217605,5439.999999999418,3519.999999999709,1919.999999999709,68.2352941177027,61.76470588235294,-7200.000000001455,-11,SIMPLES,False
13a_features_tempo_real__last__cobertura_60s <= 49,1,13a_features_tempo_real__last__cobertura_60s,False,-8102.727272729808,144,82,35,47,-2239.9999999928696,-6639.9999999965075,-4400.000000003638,0.9562500000001393,0.7137931034484264,-0.24245689655171287,18159.999999996944,10479.999999998836,7679.999999998108,-107.09677419349205,53.2258064516129,63,21,6,15,9520.000000003347,4960.000000002037,-4560.00000000131,1.540909090909281,1.3875000000001592,-0.15340909090912191,5439.999999999418,3199.9999999992724,2240.0000000001455,118.0952380952866,61.904761904761905,-4560.00000000131,-9,SIMPLES,False
13a_features_tempo_real__pre60__adv_delta_spread_minimo_15s_30s__recuo_max >= -0.096507937,1,13a_features_tempo_real__pre60__adv_delta_spread_minimo_15s_30s__recuo_max,False,-8118.200956939531,144,29,13,16,-2239.9999999928696,-2399.9999999941792,-160.00000000130967,0.9562500000001393,0.941176470588378,-0.015073529411761322,18159.999999996944,18079.99999999738,79.99999999956344,-20.86956521734069,55.65217391304348,63,16,3,13,9520.000000003347,4000.000000002183,-5520.000000001164,1.540909090909281,1.2631578947369857,-0.2777511961722954,5439.999999999418,4879.999999999563,559.9999999998545,85.10638297876984,59.57446808510638,-5520.000000001164,-10,SIMPLES,False
13a_features_tempo_real__pre60__adv_delta_spread_minimo_15s_30s__first <= 0.0825,1,13a_features_tempo_real__pre60__adv_delta_spread_minimo_15s_30s__first,False,-8163.584415588764,144,96,41,55,-2239.9999999928696,-4719.999999997526,-2480.0000000046566,0.9562500000001393,0.7434782608696997,-0.21277173913043956,18159.999999996944,8799.999999997817,9359.999999999127,-98.3333333332818,52.083333333333336,63,42,15,27,9520.000000003347,5440.000000000873,-4080.000000002474,1.540909090909281,1.9714285714287274,0.43051948051944633,5439.999999999418,1759.9999999998545,3679.9999999995634,259.04761904766065,66.66666666666666,-4080.000000002474,-12,SIMPLES,False
13a_features_tempo_real__pre60__adv_z_pre_15s_spread_medio__recuo_max <= -0.35778755,1,13a_features_tempo_real__pre60__adv_z_pre_15s_spread_medio__recuo_max,False,-8174.844919788794,144,58,28,30,-2239.9999999928696,5280.000000003929,7519.999999996799,0.9562500000001393,1.1833333333334697,0.22708333333333042,18159.999999996944,8079.999999998108,10079.999999998836,61.395348837254986,58.139534883720934,63,23,5,18,9520.000000003347,2480.0000000017462,-7040.000000001601,1.540909090909281,1.182352941176599,-0.35855614973268213,5439.999999999418,5199.999999999272,240.00000000014552,62.000000000043656,57.49999999999999,-7040.000000001601,-13,SIMPLES,False
13a_features_tempo_real__pre60__adv_ratio_volatilidade_close_pontos_15s_60s__dist_media >= 0.39803563,1,13a_features_tempo_real__pre60__adv_ratio_volatilidade_close_pontos_15s_60s__dist_media,False,-8203.58441558707,144,72,33,39,-2239.9999999928696,-1519.999999996071,719.9999999967986,0.9562500000001393,0.9387096774195133,-0.01754032258062599,18159.999999996944,8479.999999998108,9679.999999998836,-21.11111111105654,56.94444444444444,63,25,8,17,9520.000000003347,4160.000000002037,-5360.00000000131,1.540909090909281,1.3714285714287533,-0.16948051948052778,5439.999999999418,4559.9999999998545,879.9999999995634,109.47368421057993,63.1578947368421,-5360.00000000131,-9,SIMPLES,False
13a_features_tempo_real__pre60__adv_delta_spread_minimo_15s_30s__pos_range <= 0.32657658,1,13a_features_tempo_real__pre60__adv_delta_spread_minimo_15s_30s__pos_range,False,-8294.441558446004,144,108,46,62,-2239.9999999928696,-2399.999999998545,-160.00000000567525,0.9562500000001393,0.8333333333334344,-0.12291666666670487,18159.999999996944,7679.999999998836,10479.999999998108,-66.66666666662624,50.0,63,41,15,26,9520.000000003347,4720.000000001164,-4800.000000002183,1.540909090909281,1.8428571428573508,0.30194805194806973,5439.999999999418,2400.0,3039.999999999418,214.54545454550745,68.18181818181817,-4800.000000002183,-11,SIMPLES,False
13a_features_tempo_real__last__adv_z_pre_15s_spread_medio <= 0.11367699,1,13a_features_tempo_real__last__adv_z_pre_15s_spread_medio,False,-8384.72727272913,144,15,4,11,-2239.9999999928696,-4559.999999994034,-2320.000000001164,0.9562500000001393,0.9050000000001243,-0.051250000000015006,18159.999999996944,17359.999999996944,800.0,-35.348837209256075,53.48837209302325,63,28,10,18,9520.000000003347,5520.000000001892,-4000.000000001455,1.540909090909281,1.5750000000001971,0.034090909090916055,5439.999999999418,5439.999999999418,0.0,157.71428571433975,65.71428571428571,-4000.000000001455,-8,SIMPLES,False
13a_features_tempo_real__last__pre_15s_spread_medio <= 1.2148338,1,13a_features_tempo_real__last__pre_15s_spread_medio,False,-8384.72727272913,144,15,4,11,-2239.9999999928696,-4559.999999994034,-2320.000000001164,0.9562500000001393,0.9050000000001243,-0.051250000000015006,18159.999999996944,17359.999999996944,800.0,-35.348837209256075,53.48837209302325,63,28,10,18,9520.000000003347,5520.000000001892,-4000.000000001455,1.540909090909281,1.5750000000001971,0.034090909090916055,5439.999999999418,5439.999999999418,0.0,157.71428571433975,65.71428571428571,-4000.000000001455,-8,SIMPLES,False
13a_features_tempo_real__pre60__adv_z_pre_15s_spread_medio__last <= 0.11367699,1,13a_features_tempo_real__pre60__adv_z_pre_15s_spread_medio__last,False,-8384.72727272913,144,15,4,11,-2239.9999999928696,-4559.999999994034,-2320.000000001164,0.9562500000001393,0.9050000000001243,-0.051250000000015006,18159.999999996944,17359.999999996944,800.0,-35.348837209256075,53.48837209302325,63,28,10,18,9520.000000003347,5520.000000001892,-4000.000000001455,1.540909090909281,1.5750000000001971,0.034090909090916055,5439.999999999418,5439.999999999418,0.0,157.71428571433975,65.71428571428571,-4000.000000001455,-8,SIMPLES,False
13a_features_tempo_real__pre60__pre_15s_spread_medio__last <= 1.2148338,1,13a_features_tempo_real__pre60__pre_15s_spread_medio__last,False,-8384.72727272913,144,15,4,11,-2239.9999999928696,-4559.999999994034,-2320.000000001164,0.9562500000001393,0.9050000000001243,-0.051250000000015006,18159.999999996944,17359.999999996944,800.0,-35.348837209256075,53.48837209302325,63,28,10,18,9520.000000003347,5520.000000001892,-4000.000000001455,1.540909090909281,1.5750000000001971,0.034090909090916055,5439.999999999418,5439.999999999418,0.0,157.71428571433975,65.71428571428571,-4000.000000001455,-8,SIMPLES,False
13a_features_tempo_real__pre60__adv_delta_spread_minimo_15s_30s__ret_pct <= 0,1,13a_features_tempo_real__pre60__adv_delta_spread_minimo_15s_30s__ret_pct,False,-8417.72727272939,144,56,27,29,-2239.9999999928696,3760.00000000422,5999.99999999709,0.9562500000001393,1.1270270270271696,0.17077702702703035,18159.999999996944,13519.999999998254,4639.99999999869,42.72727272732068,57.95454545454546,63,22,6,16,9520.000000003347,1840.0000000023283,-7680.000000001019,1.540909090909281,1.143750000000182,-0.3971590909090992,5439.999999999418,4079.9999999995634,1359.9999999998545,44.878048780544596,60.97560975609756,-7680.000000001019,-10,SIMPLES,False
13a_features_tempo_real__pre60__adv_delta_spread_minimo_15s_30s__mean <= 0.06821166,1,13a_features_tempo_real__pre60__adv_delta_spread_minimo_15s_30s__mean,False,-8433.298701301277,144,36,21,15,-2239.9999999928696,4240.000000005966,6479.999999998836,0.9562500000001393,1.123255813953662,0.16700581395352265,18159.999999996944,10319.999999997526,7839.999999999418,39.259259259314504,60.18518518518518,63,30,8,22,9520.000000003347,2960.0000000013097,-6560.000000002037,1.540909090909281,1.2642857142858313,-0.2766233766234498,5439.999999999418,4479.999999999563,959.9999999998545,89.69696969700938,57.57575757575758,-6560.000000002037,-14,SIMPLES,False
13a_features_tempo_real__pre60__adv_z_pre_15s_spread_medio__slope <= 0.0038712443,1,13a_features_tempo_real__pre60__adv_z_pre_15s_spread_medio__slope,False,-8440.727272730874,144,79,39,40,-2239.9999999928696,5920.000000003347,8159.9999999962165,0.9562500000001393,1.2960000000001672,0.339750000000028,18159.999999996944,9199.999999998545,8959.9999999984,91.07692307697457,61.53846153846154,63,37,12,25,9520.000000003347,2560.0000000013097,-6960.000000002037,1.540909090909281,1.3200000000001637,-0.22090909090911737,5439.999999999418,3759.9999999998545,1679.9999999995634,98.46153846158883,61.53846153846154,-6960.000000002037,-13,SIMPLES,False
13a_features_tempo_real__pre60__adv_delta_spread_minimo_15s_30s__max <= 0.25339286,1,13a_features_tempo_real__pre60__adv_delta_spread_minimo_15s_30s__max,False,-8491.496503499422,144,48,25,23,-2239.9999999928696,1680.0000000053842,3919.9999999982538,0.9562500000001393,1.0538461538463264,0.09759615384618714,18159.999999996944,12719.999999998254,5439.99999999869,17.500000000056087,59.375,63,31,9,22,9520.000000003347,3760.0000000013097,-5760.000000002037,1.540909090909281,1.3615384615385875,-0.1793706293706936,5439.999999999418,4559.9999999998545,879.9999999995634,117.50000000004093,59.375,-5760.000000002037,-13,SIMPLES,False
13a_features_tempo_real__pre60__adv_z_pre_15s_spread_medio__std >= 0.22807141,1,13a_features_tempo_real__pre60__adv_z_pre_15s_spread_medio__std,False,-8504.727272728633,144,58,26,32,-2239.9999999928696,320.00000000407454,2559.999999996944,0.9562500000001393,1.0105263157896076,0.05427631578946834,18159.999999996944,7759.999999997672,10399.999999999272,3.720930232605518,55.81395348837209,63,11,2,9,9520.000000003347,2240.000000003056,-7280.000000000291,1.540909090909281,1.140000000000191,-0.40090909090909,5439.999999999418,5439.999999999418,0.0,43.07692307698184,61.53846153846154,-7280.000000000291,-7,SIMPLES,False
13a_features_tempo_real__pre60__pre_15s_spread_medio__std >= 0.10358536,1,13a_features_tempo_real__pre60__pre_15s_spread_medio__std,False,-8504.727272728633,144,58,26,32,-2239.9999999928696,320.00000000407454,2559.999999996944,0.9562500000001393,1.0105263157896076,0.05427631578946834,18159.999999996944,7759.999999997672,10399.999999999272,3.720930232605518,55.81395348837209,63,11,2,9,9520.000000003347,2240.000000003056,-7280.000000000291,1.540909090909281,1.140000000000191,-0.40090909090909,5439.999999999418,5439.999999999418,0.0,43.07692307698184,61.53846153846154,-7280.000000000291,-7,SIMPLES,False
13a_features_tempo_real__last__pre_15s_spread_minimo >= 0.89,1,13a_features_tempo_real__last__pre_15s_spread_minimo,False,-8506.060606064886,144,115,54,61,-2239.9999999928696,1360.0000000020373,3599.999999994907,0.9562500000001393,1.1700000000002546,0.21375000000011535,18159.999999996944,2159.9999999998545,15999.99999999709,46.89655172420818,65.51724137931035,63,39,13,26,9520.000000003347,3120.000000001164,-6400.000000002183,1.540909090909281,1.433333333333495,-0.10757575757578608,5439.999999999418,1600.0,3839.999999999418,130.00000000004852,62.5,-6400.000000002183,-13,SIMPLES,False
13a_features_tempo_real__pre60__adv_z_pre_15s_spread_medio__recuo_max <= -0.058679915,1,13a_features_tempo_real__pre60__adv_z_pre_15s_spread_medio__recuo_max,False,-8632.727272732118,144,108,45,63,-2239.9999999928696,-3439.9999999986903,-1200.0000000058208,0.9562500000001393,0.7736842105264019,-0.18256578947373736,18159.999999996944,5759.999999999127,12399.999999997817,-95.55555555551918,47.22222222222222,63,41,14,27,9520.000000003347,4640.000000000873,-4880.000000002474,1.540909090909281,1.7250000000001364,0.18409090909085535,5439.999999999418,1600.0,3839.999999999418,210.90909090913058,63.63636363636363,-4880.000000002474,-13,SIMPLES,False
13a_features_tempo_real__pre60__adv_z_pre_15s_spread_medio__repique_min <= 0.31675534,1,13a_features_tempo_real__pre60__adv_z_pre_15s_spread_medio__repique_min,False,-8636.727272731514,144,72,35,37,-2239.9999999928696,6320.000000003347,8559.999999996217,0.9562500000001393,1.2724137931035926,0.31616379310345333,18159.999999996944,8239.99999999869,9919.999999998254,87.77777777782427,59.72222222222222,63,40,12,28,9520.000000003347,2800.0000000007276,-6720.000000002619,1.540909090909281,1.350000000000091,-0.19090909090919017,5439.999999999418,3759.9999999998545,1679.9999999995634,121.73913043481424,56.52173913043478,-6720.000000002619,-16,SIMPLES,False
13a_features_tempo_real__pre60__adv_z_pre_15s_spread_medio__pos_range >= 0.51665234,1,13a_features_tempo_real__pre60__adv_z_pre_15s_spread_medio__pos_range,False,-8684.72727272976,144,72,27,45,-2239.9999999928696,-12559.999999996217,-10320.000000003347,0.9562500000001393,0.5756756756758035,-0.3805743243243358,18159.999999996944,15119.999999998254,3039.9999999986903,-174.4444444443919,48.61111111111111,63,29,12,17,9520.000000003347,6400.000000002183,-3120.000000001164,1.540909090909281,1.800000000000273,0.25909090909099186,5439.999999999418,2959.9999999998545,2479.9999999995634,188.23529411771125,70.58823529411765,-10320.000000003347,-5,SIMPLES,False
13a_features_tempo_real__pre60__adv_z_pre_15s_spread_medio__repique_min <= 0.24915018,1,13a_features_tempo_real__pre60__adv_z_pre_15s_spread_medio__repique_min,False,-8700.727272730848,144,58,29,29,-2239.9999999928696,7280.000000003929,9519.999999996799,0.9562500000001393,1.2600000000001403,0.3037500000000011,18159.999999996944,12559.999999999127,5599.999999997817,84.65116279074336,59.30232558139535,63,35,10,25,9520.000000003347,1920.0000000011642,-7600.000000002183,1.540909090909281,1.2000000000001212,-0.3409090909091599,5439.999999999418,3759.9999999998545,1679.9999999995634,68.57142857147015,57.14285714285714,-7600.000000002183,-15,SIMPLES,False
13a_features_tempo_real__pre60__adv_ratio_volatilidade_close_pontos_15s_60s__repique_min <= 0.7822837,1,13a_features_tempo_real__pre60__adv_ratio_volatilidade_close_pontos_15s_60s__repique_min,False,-8746.727272730132,144,86,42,44,-2239.9999999928696,3520.000000003347,5759.9999999962165,0.9562500000001393,1.2000000000001902,0.24375000000005098,18159.999999996944,10319.999999998981,7839.999999997963,60.6896551724715,62.06896551724138,63,38,14,24,9520.000000003347,2480.0000000017462,-7040.000000001601,1.540909090909281,1.3875000000002728,-0.15340909090900823,5439.999999999418,3039.999999999418,2400.0,99.20000000006985,68.0,-7040.000000001601,-10,SIMPLES,False
13a_features_tempo_real__pre60__adv_ratio_volatilidade_close_pontos_15s_60s__delta <= 0.12641027,1,13a_features_tempo_real__pre60__adv_ratio_volatilidade_close_pontos_15s_60s__delta,False,-8783.08021390576,144,36,19,17,-2239.9999999928696,4080.000000005384,6319.999999998254,0.9562500000001393,1.113333333333483,0.15708333333334368,18159.999999996944,15199.999999997817,2959.999999999127,37.77777777782763,58.333333333333336,63,21,5,16,9520.000000003347,2000.0000000021828,-7520.000000001164,1.540909090909281,1.1470588235295722,-0.39385026737970885,5439.999999999418,5359.9999999998545,79.99999999956344,47.61904761909959,59.523809523809526,-7520.000000001164,-11,SIMPLES,False
13a_features_tempo_real__pre60__adv_ratio_volatilidade_close_pontos_15s_60s__ret_pct <= 9.6349691,1,13a_features_tempo_real__pre60__adv_ratio_volatilidade_close_pontos_15s_60s__ret_pct,False,-8783.08021390576,144,36,19,17,-2239.9999999928696,4080.000000005384,6319.999999998254,0.9562500000001393,1.113333333333483,0.15708333333334368,18159.999999996944,15999.999999997817,2159.999999999127,37.77777777782763,58.333333333333336,63,21,5,16,9520.000000003347,2000.0000000021828,-7520.000000001164,1.540909090909281,1.1470588235295722,-0.39385026737970885,5439.999999999418,5359.9999999998545,79.99999999956344,47.61904761909959,59.523809523809526,-7520.000000001164,-11,SIMPLES,False
13a_features_tempo_real__pre60__adv_z_pre_15s_spread_medio__slope <= 0.0015868169,1,13a_features_tempo_real__pre60__adv_z_pre_15s_spread_medio__slope,False,-8836.72727273064,144,66,34,32,-2239.9999999928696,6720.0000000040745,8959.999999996944,0.9562500000001393,1.2800000000001697,0.3237500000000304,18159.999999996944,9999.999999998545,8159.999999998399,86.15384615389839,61.53846153846154,63,34,10,24,9520.000000003347,2160.0000000013097,-7360.000000002037,1.540909090909281,1.2250000000001364,-0.31590909090914465,5439.999999999418,4559.9999999998545,879.9999999995634,74.48275862073481,58.620689655172406,-7360.000000002037,-14,SIMPLES,False
13a_features_tempo_real__last__adv_delta_spread_minimo_15s_30s >= 0.083333333,1,13a_features_tempo_real__last__adv_delta_spread_minimo_15s_30s,False,-8888.727272729255,144,38,20,18,-2239.9999999928696,1760.0000000056752,3999.999999998545,0.9562500000001393,1.0500000000001612,0.09375000000002198,18159.999999996944,13199.999999997817,4959.999999999127,16.6037735849592,58.490566037735846,63,25,7,18,9520.000000003347,2160.0000000020373,-7360.00000000131,1.540909090909281,1.1800000000001698,-0.3609090909091113,5439.999999999418,3519.999999999709,1919.999999999709,56.84210526321151,60.526315789473685,-7360.00000000131,-11,SIMPLES,False
13a_features_tempo_real__pre60__adv_delta_spread_minimo_15s_30s__last >= 0.083333333,1,13a_features_tempo_real__pre60__adv_delta_spread_minimo_15s_30s__last,False,-8888.727272729255,144,38,20,18,-2239.9999999928696,1760.0000000056752,3999.999999998545,0.9562500000001393,1.0500000000001612,0.09375000000002198,18159.999999996944,13199.999999997817,4959.999999999127,16.6037735849592,58.490566037735846,63,25,7,18,9520.000000003347,2160.0000000020373,-7360.00000000131,1.540909090909281,1.1800000000001698,-0.3609090909091113,5439.999999999418,3519.999999999709,1919.999999999709,56.84210526321151,60.526315789473685,-7360.00000000131,-11,SIMPLES,False
13a_features_tempo_real__pre60__adv_z_pre_15s_spread_medio__ret_pct <= -20.163225,1,13a_features_tempo_real__pre60__adv_z_pre_15s_spread_medio__ret_pct,False,-8901.197860964789,144,36,19,17,-2239.9999999928696,5040.000000005239,7279.999999998108,0.9562500000001393,1.1400000000001456,0.1837500000000063,18159.999999996944,12879.999999998108,5279.999999998836,46.66666666671517,58.333333333333336,63,22,5,17,9520.000000003347,1760.0000000020373,-7760.00000000131,1.540909090909281,1.1294117647060322,-0.41149732620324886,5439.999999999418,5359.9999999998545,79.99999999956344,42.926829268342374,58.536585365853654,-7760.00000000131,-12,SIMPLES,False
13a_features_tempo_real__pre60__adv_z_pre_15s_spread_medio__delta <= -0.04043907,1,13a_features_tempo_real__pre60__adv_z_pre_15s_spread_medio__delta,False,-8945.298701301617,144,58,29,29,-2239.9999999928696,6320.0000000040745,8559.999999996944,0.9562500000001393,1.2257142857144312,0.26946428571429193,18159.999999996944,10559.9999999984,7599.999999998545,73.48837209307064,59.30232558139535,63,29,8,21,9520.000000003347,1280.0000000017462,-8240.0000000016,1.540909090909281,1.1142857142858702,-0.4266233766234109,5439.999999999418,3759.9999999998545,1679.9999999995634,37.64705882358077,58.82352941176471,-8240.0000000016,-13,SIMPLES,False
13a_features_tempo_real__pre60__pre_15s_spread_medio__delta <= -0.018366596,1,13a_features_tempo_real__pre60__pre_15s_spread_medio__delta,False,-8945.298701301617,144,58,29,29,-2239.9999999928696,6320.0000000040745,8559.999999996944,0.9562500000001393,1.2257142857144312,0.26946428571429193,18159.999999996944,10559.9999999984,7599.999999998545,73.48837209307064,59.30232558139535,63,29,8,21,9520.000000003347,1280.0000000017462,-8240.0000000016,1.540909090909281,1.1142857142858702,-0.4266233766234109,5439.999999999418,3759.9999999998545,1679.9999999995634,37.64705882358077,58.82352941176471,-8240.0000000016,-13,SIMPLES,False
13a_features_tempo_real__pre60__adv_ratio_volatilidade_close_pontos_15s_60s__ret_pct <= 8.2647345,1,13a_features_tempo_real__pre60__adv_ratio_volatilidade_close_pontos_15s_60s__ret_pct,False,-8951.080213905607,144,29,16,13,-2239.9999999928696,3600.0000000058208,5839.99999999869,0.9562500000001393,1.0937500000001517,0.1375000000000124,18159.999999996944,16559.99999999767,1599.9999999992724,31.304347826137572,58.26086956521739,63,21,5,16,9520.000000003347,2000.0000000021828,-7520.000000001164,1.540909090909281,1.1470588235295722,-0.39385026737970885,5439.999999999418,5359.9999999998545,79.99999999956344,47.61904761909959,59.523809523809526,-7520.000000001164,-11,SIMPLES,False
13a_features_tempo_real__window__n >= 43.5,1,13a_features_tempo_real__window__n,False,-8976.727272730895,144,72,26,46,-2239.9999999928696,-8799.99999999709,-6560.00000000422,0.9562500000001393,0.7105263157895694,-0.2457236842105699,18159.999999996944,13679.999999998108,4479.999999998836,-122.2222222221818,47.22222222222222,63,43,17,26,9520.000000003347,5360.00000000131,-4160.000000002037,1.540909090909281,2.3400000000003276,0.7990909090910465,5439.999999999418,1359.9999999998545,4079.9999999995634,268.0000000000655,75.0,-6560.00000000422,-9,SIMPLES,False
13a_features_tempo_real__pre60__adv_z_pre_15s_spread_medio__pos_range <= 0.21822328,1,13a_features_tempo_real__pre60__adv_z_pre_15s_spread_medio__pos_range,False,-9016.727272729186,144,36,19,17,-2239.9999999928696,6000.000000005093,8239.999999997963,0.9562500000001393,1.1666666666668082,0.21041666666666892,18159.999999996944,13599.999999998545,4559.999999998399,55.555555555602716,58.333333333333336,63,16,2,14,9520.000000003347,1040.0000000023283,-8480.000000001019,1.540909090909281,1.0650000000001456,-0.47590909090913547,5439.999999999418,5919.999999999709,-480.00000000029104,22.127659574517622,57.446808510638306,-8480.000000001019,-12,SIMPLES,False
13a_features_tempo_real__pre60__adv_z_pre_15s_spread_medio__recuo_max <= -0.14250363,1,13a_features_tempo_real__pre60__adv_z_pre_15s_spread_medio__recuo_max,False,-9031.272727276984,144,86,40,46,-2239.9999999928696,4320.000000002619,6559.999999995489,0.9562500000001393,1.2250000000001364,0.26874999999999716,18159.999999996944,7039.99999999869,11119.999999998254,74.48275862073481,58.620689655172406,63,37,11,26,9520.000000003347,2480.0000000010186,-7040.000000002328,1.540909090909281,1.2818181818182977,-0.2590909090909834,5439.999999999418,3200.0,2239.999999999418,95.38461538465457,57.692307692307686,-7040.000000002328,-15,SIMPLES,False
13a_features_tempo_real__last__cobertura_30s >= 26,1,13a_features_tempo_real__last__cobertura_30s,False,-9036.72727273037,144,60,27,33,-2239.9999999928696,-79.99999999592546,2159.999999996944,0.9562500000001393,0.997297297297435,0.041047297297295726,18159.999999996944,12959.999999997672,5199.999999999272,-0.952380952332446,55.952380952380956,63,37,13,24,9520.000000003347,3600.000000001455,-5920.000000001892,1.540909090909281,1.500000000000202,-0.040909090909079016,5439.999999999418,3519.999999999709,1919.999999999709,138.46153846159444,65.38461538461539,-5920.000000001892,-11,SIMPLES,False
13a_features_tempo_real__pre60__adv_ratio_volatilidade_close_pontos_15s_60s__repique_min <= 0.70511331,1,13a_features_tempo_real__pre60__adv_ratio_volatilidade_close_pontos_15s_60s__repique_min,False,-9076.727272729488,144,58,25,33,-2239.9999999928696,-1679.9999999959255,559.9999999969441,0.9562500000001393,0.9461538461539768,-0.01009615384616247,18159.999999996944,14799.999999998545,3359.9999999983993,-19.534883720882853,54.65116279069767,63,29,10,19,9520.000000003347,3360.0000000020373,-6160.00000000131,1.540909090909281,1.3500000000002121,-0.19090909090906893,5439.999999999418,3759.999999999127,1680.000000000291,98.82352941182462,64.70588235294117,-6160.00000000131,-9,SIMPLES,False
13a_features_tempo_real__pre60__adv_z_pre_15s_spread_medio__slope >= -0.0047391784,1,13a_features_tempo_real__pre60__adv_z_pre_15s_spread_medio__slope,False,-9084.727272731823,144,88,31,57,-2239.9999999928696,-14159.999999997672,-11920.000000004802,0.9562500000001393,0.46363636363645183,-0.49261363636368743,18159.999999996944,16559.99999999767,1599.9999999992724,-252.85714285710128,41.07142857142857,63,43,16,27,9520.000000003347,7200.000000000728,-2320.0000000026193,1.540909090909281,2.5000000000001514,0.9590909090908704,5439.999999999418,1359.9999999998545,4079.9999999995634,360.0000000000364,70.0,-11920.000000004802,-11,SIMPLES,False
13a_features_tempo_real__pre60__adv_delta_spread_minimo_15s_30s__range <= 0.24553571,1,13a_features_tempo_real__pre60__adv_delta_spread_minimo_15s_30s__range,False,-9184.727272729335,144,36,20,16,-2239.9999999928696,4160.000000005675,6399.999999998545,0.9562500000001393,1.1181818181819794,0.1619318181818401,18159.999999996944,14639.999999997963,3519.9999999989814,38.518518518571064,59.25925925925925,63,26,7,19,9520.000000003347,1920.0000000018917,-7600.000000001455,1.540909090909281,1.1600000000001576,-0.3809090909091235,5439.999999999418,4879.999999999563,559.9999999998545,51.89189189194302,59.45945945945946,-7600.000000001455,-12,SIMPLES,False
13a_features_tempo_real__pre60__adv_ratio_volatilidade_close_pontos_15s_60s__range <= 0.77471016,1,13a_features_tempo_real__pre60__adv_ratio_volatilidade_close_pontos_15s_60s__range,False,-9250.060606062678,144,72,35,37,-2239.9999999928696,1520.0000000040745,3759.999999996944,0.9562500000001393,1.065517241379486,0.10926724137934674,18159.999999996944,11039.99999999869,7119.999999998254,21.111111111167702,59.72222222222222,63,34,13,21,9520.000000003347,2400.000000002183,-7120.000000001164,1.540909090909281,1.3333333333336366,-0.2075757575756445,5439.999999999418,3599.9999999992724,1840.0000000001455,82.75862068973044,68.96551724137932,-7120.000000001164,-8,SIMPLES,False
13a_features_tempo_real__pre60__adv_ratio_volatilidade_close_pontos_15s_60s__repique_min <= 0.73427562,1,13a_features_tempo_real__pre60__adv_ratio_volatilidade_close_pontos_15s_60s__repique_min,False,-9272.72727273008,144,72,34,38,-2239.9999999928696,1440.0000000037835,3679.999999996653,0.9562500000001393,1.0600000000001577,0.10375000000001844,18159.999999996944,13679.999999998836,4479.999999998108,20.000000000052548,58.333333333333336,63,34,12,22,9520.000000003347,2320.0000000018917,-7200.000000001455,1.540909090909281,1.2900000000002365,-0.25090909090904456,5439.999999999418,2959.9999999998545,2479.9999999995634,80.00000000006523,65.51724137931035,-7200.000000001455,-10,SIMPLES,False
13a_features_tempo_real__pre60__adv_z_pre_15s_spread_medio__max <= 0.36075297,1,13a_features_tempo_real__pre60__adv_z_pre_15s_spread_medio__max,False,-9281.65034965222,144,15,4,11,-2239.9999999928696,-4559.999999994034,-2320.000000001164,0.9562500000001393,0.9050000000001243,-0.051250000000015006,18159.999999996944,17359.999999996944,800.0,-35.348837209256075,53.48837209302325,63,27,9,18,9520.000000003347,4720.000000001892,-4800.000000001455,1.540909090909281,1.4538461538463356,-0.08706293706294543,5439.999999999418,5439.999999999418,0.0,131.11111111116367,63.888888888888886,-4800.000000001455,-9,SIMPLES,False
13a_features_tempo_real__pre60__pre_15s_spread_medio__max <= 1.3270507,1,13a_features_tempo_real__pre60__pre_15s_spread_medio__max,False,-9281.65034965222,144,15,4,11,-2239.9999999928696,-4559.999999994034,-2320.000000001164,0.9562500000001393,0.9050000000001243,-0.051250000000015006,18159.999999996944,17359.999999996944,800.0,-35.348837209256075,53.48837209302325,63,27,9,18,9520.000000003347,4720.000000001892,-4800.000000001455,1.540909090909281,1.4538461538463356,-0.08706293706294543,5439.999999999418,5439.999999999418,0.0,131.11111111116367,63.888888888888886,-4800.000000001455,-9,SIMPLES,False
13a_features_tempo_real__pre60__adv_z_pre_15s_spread_medio__repique_min <= 0.078153775,1,13a_features_tempo_real__pre60__adv_z_pre_15s_spread_medio__repique_min,False,-9284.727272729215,144,36,19,17,-2239.9999999928696,5040.000000005239,7279.999999998108,0.9562500000001393,1.1400000000001456,0.1837500000000063,18159.999999996944,14799.999999998545,3359.9999999983993,46.66666666671517,58.333333333333336,63,17,2,15,9520.000000003347,800.0000000021828,-8720.000000001164,1.540909090909281,1.0500000000001364,-0.4909090909091447,5439.999999999418,4879.999999999563,559.9999999998545,17.39130434787354,56.52173913043478,-8720.000000001164,-13,SIMPLES,False
13a_features_tempo_real__pre60__adv_z_pre_15s_spread_medio__dist_media <= 0.073761949,1,13a_features_tempo_real__pre60__adv_z_pre_15s_spread_medio__dist_media,False,-9290.909090913616,144,86,42,44,-2239.9999999928696,7360.000000002765,9599.999999995634,0.9562500000001393,1.4181818181819752,0.46193181818183593,18159.999999996944,6159.999999999127,11999.999999997817,126.8965517241856,62.06896551724138,63,39,11,28,9520.000000003347,2000.0000000007276,-7520.000000002619,1.540909090909281,1.22727272727281,-0.3136363636364712,5439.999999999418,4000.0,1439.999999999418,83.33333333336365,54.166666666666664,-7520.000000002619,-17,SIMPLES,False
13a_features_tempo_real__pre60__adv_z_pre_15s_spread_medio__ret_pct <= -2.8924135,1,13a_features_tempo_real__pre60__adv_z_pre_15s_spread_medio__ret_pct,False,-9309.298701301668,144,58,28,30,-2239.9999999928696,5280.000000003929,7519.999999996799,0.9562500000001393,1.1833333333334697,0.22708333333333042,18159.999999996944,11599.999999998545,6559.999999998399,61.395348837254986,58.139534883720934,63,29,8,21,9520.000000003347,1280.0000000017462,-8240.0000000016,1.540909090909281,1.1142857142858702,-0.4266233766234109,5439.999999999418,3759.9999999998545,1679.9999999995634,37.64705882358077,58.82352941176471,-8240.0000000016,-13,SIMPLES,False
13a_features_tempo_real__last__pre_30s_spread_minimo >= 0.825,1,13a_features_tempo_real__last__pre_30s_spread_minimo,False,-9339.393939398218,144,115,55,60,-2239.9999999928696,3360.0000000020373,5599.999999994907,0.9562500000001393,1.4666666666669497,0.5104166666668104,18159.999999996944,1600.0,16559.999999996944,115.8620689655875,68.96551724137932,63,40,13,27,9520.000000003347,1920.0000000011642,-7600.000000002183,1.540909090909281,1.2666666666668283,-0.2742424242424528,5439.999999999418,1600.0,3839.999999999418,83.47826086961584,60.86956521739131,-7600.000000002183,-14,SIMPLES,False
13a_features_tempo_real__window__n >= 49,1,13a_features_tempo_real__window__n,False,-9352.72727273039,144,59,22,37,-2239.9999999928696,-5039.9999999965075,-2800.000000003638,0.9562500000001393,0.8500000000001039,-0.10625000000003537,18159.999999996944,13839.999999997963,4319.999999998981,-59.294117647017735,50.588235294117645,63,37,14,23,9520.000000003347,4640.000000001601,-4880.000000001746,1.540909090909281,1.7250000000002501,0.18409090909096903,5439.999999999418,3519.999999999709,1919.999999999709,178.46153846160001,69.23076923076923,-4880.000000001746,-9,SIMPLES,False
13a_features_tempo_real__last__cobertura_15s >= 14,1,13a_features_tempo_real__last__cobertura_15s,False,-9383.393939396694,144,44,21,23,-2239.9999999928696,2320.000000004802,4559.999999997672,0.9562500000001393,1.0674418604652558,0.11119186046511653,18159.999999996944,14319.999999997526,3839.999999999418,23.20000000004802,56.99999999999999,63,37,13,24,9520.000000003347,2640.0000000016007,-6880.000000001746,1.540909090909281,1.366666666666889,-0.1742424242423921,5439.999999999418,3759.9999999998545,1679.9999999995634,101.53846153852311,65.38461538461539,-6880.000000001746,-11,SIMPLES,False
13a_features_tempo_real__last__cobertura_30s >= 28,1,13a_features_tempo_real__last__cobertura_30s,False,-9516.727272729124,144,25,10,15,-2239.9999999928696,-1679.9999999944703,559.9999999983993,0.9562500000001393,0.9611111111112391,0.004861111111099881,18159.999999996944,17439.999999997235,719.999999999709,-14.117647058777061,54.621848739495796,63,29,10,19,9520.000000003347,3360.0000000020373,-6160.00000000131,1.540909090909281,1.3500000000002121,-0.19090909090906893,5439.999999999418,4639.999999999418,800.0,98.82352941182462,64.70588235294117,-6160.00000000131,-9,SIMPLES,False
13a_features_tempo_real__pre60__adv_z_pre_15s_spread_medio__pos_range <= 0.76458378,1,13a_features_tempo_real__pre60__adv_z_pre_15s_spread_medio__pos_range,False,-9532.727272732045,144,96,45,51,-2239.9999999928696,6160.000000002037,8399.999999994907,0.9562500000001393,1.4052631578948709,0.4490131578947316,18159.999999996944,7039.999999999418,11119.999999997526,128.33333333337578,60.416666666666664,63,41,12,29,9520.000000003347,1600.0000000007276,-7920.000000002619,1.540909090909281,1.200000000000091,-0.3409090909091901,5439.999999999418,2400.0,3039.999999999418,72.7272727273058,54.54545454545454,-7920.000000002619,-17,SIMPLES,False
13a_features_tempo_real__pre60__adv_delta_spread_minimo_15s_30s__repique_min <= 0,1,13a_features_tempo_real__pre60__adv_delta_spread_minimo_15s_30s__repique_min,False,-9594.90909091315,144,106,42,64,-2239.9999999928696,-6079.999999998836,-3840.0000000059663,0.9562500000001393,0.6545454545455207,-0.30170454545461856,18159.999999996944,13039.999999999418,5119.999999997526,-159.99999999996936,42.10526315789473,63,32,11,21,9520.000000003347,4640.000000001601,-4880.000000001746,1.540909090909281,1.5272727272729092,-0.013636363636371884,5439.999999999418,3759.9999999998545,1679.9999999995634,149.67741935489033,64.51612903225806,-4880.000000001746,-10,SIMPLES,False
13a_features_tempo_real__pre60__adv_z_pre_15s_spread_medio__ret_pct <= -9.7167333,1,13a_features_tempo_real__pre60__adv_z_pre_15s_spread_medio__ret_pct,False,-9692.727272729839,144,48,25,23,-2239.9999999928696,6480.000000004657,8719.999999997526,0.9562500000001393,1.2076923076924568,0.25144230769231757,18159.999999996944,10959.9999999984,7199.999999998545,67.5000000000485,59.375,63,27,7,20,9520.000000003347,720.0000000018917,-8800.000000001455,1.540909090909281,1.0600000000001577,-0.48090909090912337,5439.999999999418,4559.9999999998545,879.9999999995634,20.000000000052548,58.333333333333336,-8800.000000001455,-13,SIMPLES,False
13a_features_tempo_real__pre60__adv_z_pre_15s_spread_medio__recuo_max <= -0.11260144,1,13a_features_tempo_real__pre60__adv_z_pre_15s_spread_medio__recuo_max,False,-9759.272727277086,144,96,44,52,-2239.9999999928696,2240.0000000023283,4479.999999995198,0.9562500000001393,1.1400000000001456,0.1837500000000063,18159.999999996944,5119.999999998981,13039.999999997963,46.66666666671517,58.333333333333336,63,37,11,26,9520.000000003347,2480.0000000010186,-7040.000000002328,1.540909090909281,1.2818181818182977,-0.2590909090909834,5439.999999999418,3200.0,2239.999999999418,95.38461538465457,57.692307692307686,-7040.000000002328,-15,SIMPLES,False
13a_features_tempo_real__pre60__adv_z_pre_15s_spread_medio__dist_media <= -0.013802591,1,13a_features_tempo_real__pre60__adv_z_pre_15s_spread_medio__dist_media,False,-9905.727272730337,144,58,27,31,-2239.9999999928696,3280.000000003929,5519.999999996799,0.9562500000001393,1.1108108108109436,0.1545608108108043,18159.999999996944,9839.99999999869,8319.999999998254,38.139534883766615,56.97674418604651,63,26,6,20,9520.000000003347,1840.0000000016007,-7680.000000001746,1.540909090909281,1.143750000000125,-0.397159090909156,5439.999999999418,5119.999999999709,319.99999999970896,49.72972972977299,56.75675675675676,-7680.000000001746,-14,SIMPLES,False
13a_features_tempo_real__last__cobertura_60s >= 52,1,13a_features_tempo_real__last__cobertura_60s,False,-9926.060606063094,144,42,16,26,-2239.9999999928696,-1439.99999999578,799.9999999970896,0.9562500000001393,0.9625000000001099,0.006249999999970668,18159.999999996944,16239.999999997963,1919.9999999989814,-14.117647058782156,52.94117647058824,63,35,13,22,9520.000000003347,3120.0000000018917,-6400.000000001455,1.540909090909281,1.433333333333596,-0.10757575757568505,5439.999999999418,4079.9999999995634,1359.9999999998545,111.42857142863899,67.85714285714286,-6400.000000001455,-9,SIMPLES,False
13a_features_tempo_real__pre60__adv_z_pre_15s_spread_medio__dist_media <= 0.02137843,1,13a_features_tempo_real__pre60__adv_z_pre_15s_spread_medio__dist_media,False,-9946.573426577164,144,72,36,36,-2239.9999999928696,7360.0000000034925,9599.999999996362,0.9562500000001393,1.3285714285715844,0.3723214285714451,18159.999999996944,6719.999999998981,11439.999999997963,102.22222222227073,61.111111111111114,63,34,9,25,9520.000000003347,1120.0000000011642,-8400.000000002183,1.540909090909281,1.1076923076924197,-0.4332167832168614,5439.999999999418,4559.9999999998545,879.9999999995634,38.62068965521256,55.172413793103445,-8400.000000002183,-16,SIMPLES,False
13a_features_tempo_real__pre60__adv_z_pre_15s_spread_medio__ret_pct <= 21.811163,1,13a_features_tempo_real__pre60__adv_z_pre_15s_spread_medio__ret_pct,False,-9948.727272731448,144,96,47,49,-2239.9999999928696,6320.000000002619,8559.999999995489,0.9562500000001393,1.4647058823531338,0.5084558823529945,18159.999999996944,6799.999999999272,11359.999999997672,131.66666666672123,64.58333333333334,63,40,12,28,9520.000000003347,880.0000000010186,-8640.000000002328,1.540909090909281,1.1100000000001273,-0.43090909090915375,5439.999999999418,2159.9999999998545,3279.9999999995634,38.26086956526168,56.52173913043478,-8640.000000002328,-16,SIMPLES,False
13a_features_tempo_real__window__n >= 52,1,13a_features_tempo_real__window__n,False,-9980.727272729964,144,39,14,25,-2239.9999999928696,-2799.9999999956344,-560.0000000027649,0.9562500000001393,0.9300000000001092,-0.026250000000030083,18159.999999996944,16559.99999999767,1599.9999999992724,-26.66666666662509,52.38095238095239,63,34,12,22,9520.000000003347,3280.0000000017462,-6240.000000001601,1.540909090909281,1.4100000000002182,-0.1309090909090629,5439.999999999418,3519.999999999709,1919.999999999709,113.10344827592229,65.51724137931035,-6240.000000001601,-10,SIMPLES,False
13a_features_tempo_real__pre60__adv_delta_spread_minimo_15s_30s__range <= 0.25339286,1,13a_features_tempo_real__pre60__adv_delta_spread_minimo_15s_30s__range,False,-9983.804195807114,144,48,25,23,-2239.9999999928696,1680.0000000053842,3919.9999999982538,0.9562500000001393,1.0538461538463264,0.09759615384618714,18159.999999996944,12719.999999998254,5439.99999999869,17.500000000056087,59.375,63,32,9,23,9520.000000003347,2560.0000000013097,-6960.000000002037,1.540909090909281,1.246153846153972,-0.294755244755309,5439.999999999418,4559.9999999998545,879.9999999995634,82.58064516133257,58.06451612903226,-6960.000000002037,-14,SIMPLES,False
13a_features_tempo_real__pre60__adv_delta_spread_minimo_15s_30s__recuo_max >= -0.20101786,1,13a_features_tempo_real__pre60__adv_delta_spread_minimo_15s_30s__recuo_max,False,-10024.727272729844,144,48,26,22,-2239.9999999928696,4640.000000005239,6879.999999998108,0.9562500000001393,1.1526315789475408,0.1963815789474015,18159.999999996944,11119.999999998254,7039.99999999869,48.333333333387905,60.416666666666664,63,33,10,23,9520.000000003347,1440.0000000016007,-8080.000000001746,1.540909090909281,1.1500000000001667,-0.3909090909091144,5439.999999999418,4319.999999999709,1119.999999999709,48.000000000053355,60.0,-8080.000000001746,-13,SIMPLES,False
13a_features_tempo_real__pre60__adv_z_pre_15s_spread_medio__range >= 0.7615179,1,13a_features_tempo_real__pre60__adv_z_pre_15s_spread_medio__range,False,-10062.060606062256,144,72,32,40,-2239.9999999928696,-1599.999999996362,639.9999999965075,0.9562500000001393,0.9375000000001421,-0.018749999999997158,18159.999999996944,8479.999999998108,9679.999999998836,-22.222222222171695,55.55555555555556,63,16,4,12,9520.000000003347,1200.0000000029104,-8320.000000000437,1.540909090909281,1.0833333333335355,-0.45757575757574553,5439.999999999418,3839.999999999418,1600.0,25.531914893678945,61.702127659574465,-8320.000000000437,-8,SIMPLES,False
13a_features_tempo_real__pre60__adv_z_pre_15s_spread_medio__std >= 0.20843686,1,13a_features_tempo_real__pre60__adv_z_pre_15s_spread_medio__std,False,-10090.060606062358,144,72,31,41,-2239.9999999928696,-1679.999999996653,559.9999999962165,0.9562500000001393,0.9363636363637632,-0.01988636363637608,18159.999999996944,9519.999999998254,8639.99999999869,-23.33333333328685,54.166666666666664,63,16,4,12,9520.000000003347,1200.0000000029104,-8320.000000000437,1.540909090909281,1.0833333333335355,-0.45757575757574553,5439.999999999418,3839.999999999418,1600.0,25.531914893678945,61.702127659574465,-8320.000000000437,-8,SIMPLES,False
13a_features_tempo_real__pre60__pre_15s_spread_medio__std >= 0.094667744,1,13a_features_tempo_real__pre60__pre_15s_spread_medio__std,False,-10090.060606062358,144,72,31,41,-2239.9999999928696,-1679.999999996653,559.9999999962165,0.9562500000001393,0.9363636363637632,-0.01988636363637608,18159.999999996944,9519.999999998254,8639.99999999869,-23.33333333328685,54.166666666666664,63,16,4,12,9520.000000003347,1200.0000000029104,-8320.000000000437,1.540909090909281,1.0833333333335355,-0.45757575757574553,5439.999999999418,3839.999999999418,1600.0,25.531914893678945,61.702127659574465,-8320.000000000437,-8,SIMPLES,False
13a_features_tempo_real__pre60__adv_z_pre_15s_spread_medio__pos_range <= 0.36418374,1,13a_features_tempo_real__pre60__adv_z_pre_15s_spread_medio__pos_range,False,-10148.727272730195,144,48,23,25,-2239.9999999928696,4400.000000004366,6639.999999997235,0.9562500000001393,1.1341463414635478,0.1778963414634085,18159.999999996944,12239.99999999869,5919.999999998254,45.83333333337881,57.291666666666664,63,23,4,19,9520.000000003347,1440.0000000016007,-8080.000000001746,1.540909090909281,1.1000000000001111,-0.44090909090916997,5439.999999999418,5919.999999999709,-480.00000000029104,36.00000000004002,55.00000000000001,-8080.000000001746,-15,SIMPLES,False
13a_features_tempo_real__pre60__adv_z_pre_15s_spread_medio__mean <= -0.0088144554,1,13a_features_tempo_real__pre60__adv_z_pre_15s_spread_medio__mean,False,-10204.727272728935,144,15,4,11,-2239.9999999928696,-4559.999999994034,-2320.000000001164,0.9562500000001393,0.9050000000001243,-0.051250000000015006,18159.999999996944,17359.999999996944,800.0,-35.348837209256075,53.48837209302325,63,26,8,18,9520.000000003347,3920.0000000018917,-5600.000000001455,1.540909090909281,1.3500000000001688,-0.19090909090911223,5439.999999999418,5519.999999998981,-79.99999999956344,105.94594594599707,62.16216216216216,-5600.000000001455,-10,SIMPLES,False
13a_features_tempo_real__pre60__pre_15s_spread_medio__mean <= 1.1592007,1,13a_features_tempo_real__pre60__pre_15s_spread_medio__mean,False,-10204.727272728935,144,15,4,11,-2239.9999999928696,-4559.999999994034,-2320.000000001164,0.9562500000001393,0.9050000000001243,-0.051250000000015006,18159.999999996944,17359.999999996944,800.0,-35.348837209256075,53.48837209302325,63,26,8,18,9520.000000003347,3920.0000000018917,-5600.000000001455,1.540909090909281,1.3500000000001688,-0.19090909090911223,5439.999999999418,5519.999999998981,-79.99999999956344,105.94594594599707,62.16216216216216,-5600.000000001455,-10,SIMPLES,False
13a_features_tempo_real__pre60__adv_ratio_volatilidade_close_pontos_15s_60s__repique_min <= 0.82698247,1,13a_features_tempo_real__pre60__adv_ratio_volatilidade_close_pontos_15s_60s__repique_min,False,-10222.441558445213,144,96,46,50,-2239.9999999928696,4320.000000002619,6559.999999995489,0.9562500000001393,1.300000000000182,0.34375000000004263,18159.999999996944,8399.999999999272,9759.999999997672,90.00000000005457,62.5,63,43,15,28,9520.000000003347,1360.0000000013097,-8160.000000002037,1.540909090909281,1.2428571428573767,-0.2980519480519044,5439.999999999418,2479.9999999995634,2959.9999999998545,68.00000000006548,65.0,-8160.000000002037,-13,SIMPLES,False
13a_features_tempo_real__pre60__adv_delta_spread_minimo_15s_30s__repique_min <= 0.083333333,1,13a_features_tempo_real__pre60__adv_delta_spread_minimo_15s_30s__repique_min,False,-10300.727272731965,144,116,47,69,-2239.9999999928696,-7119.999999998981,-4880.000000006112,0.9562500000001393,0.47647058823536903,-0.47977941176477024,18159.999999996944,10479.999999999563,7679.999999997381,-254.2857142856779,39.285714285714285,63,42,15,27,9520.000000003347,4480.000000001019,-5040.000000002328,1.540909090909281,1.800000000000182,0.2590909090909008,5439.999999999418,2159.9999999998545,3279.9999999995634,213.33333333338183,66.66666666666666,-5040.000000002328,-12,SIMPLES,False
13a_features_tempo_real__pre60__adv_z_pre_15s_spread_medio__std >= 0.17369753,1,13a_features_tempo_real__pre60__adv_z_pre_15s_spread_medio__std,False,-10301.29870130137,144,86,38,48,-2239.9999999928696,-639.9999999972351,1599.9999999956344,0.9562500000001393,0.9692307692309021,0.012980769230762856,18159.999999996944,6399.999999999272,11759.999999997672,-11.03448275857302,55.172413793103445,63,25,8,17,9520.000000003347,1280.0000000024738,-8240.000000000873,1.540909090909281,1.1142857142859353,-0.4266233766233458,5439.999999999418,3200.0,2239.999999999418,33.68421052638089,63.1578947368421,-8240.000000000873,-9,SIMPLES,False
13a_features_tempo_real__pre60__pre_15s_spread_medio__std >= 0.078889855,1,13a_features_tempo_real__pre60__pre_15s_spread_medio__std,False,-10301.29870130137,144,86,38,48,-2239.9999999928696,-639.9999999972351,1599.9999999956344,0.9562500000001393,0.9692307692309021,0.012980769230762856,18159.999999996944,6399.999999999272,11759.999999997672,-11.03448275857302,55.172413793103445,63,25,8,17,9520.000000003347,1280.0000000024738,-8240.000000000873,1.540909090909281,1.1142857142859353,-0.4266233766233458,5439.999999999418,3200.0,2239.999999999418,33.68421052638089,63.1578947368421,-8240.000000000873,-9,SIMPLES,False
13a_features_tempo_real__pre60__adv_delta_spread_minimo_15s_30s__pos_range <= 0.22858333,1,13a_features_tempo_real__pre60__adv_delta_spread_minimo_15s_30s__pos_range,False,-10308.727272730903,144,96,37,59,-2239.9999999928696,-8879.999999998108,-6640.000000005239,0.9562500000001393,0.5888888888889765,-0.36736111111116276,18159.999999996944,14399.999999998545,3759.9999999983993,-184.99999999996058,43.75,63,33,12,21,9520.000000003347,4480.000000001746,-5040.000000001601,1.540909090909281,1.5600000000002183,0.019090909090937247,5439.999999999418,2959.9999999998545,2479.9999999995634,149.33333333339155,66.66666666666666,-6640.000000005239,-9,SIMPLES,False
13a_features_tempo_real__pre60__adv_z_pre_15s_spread_medio__std >= 0.14712686,1,13a_features_tempo_real__pre60__adv_z_pre_15s_spread_medio__std,False,-10340.727272730292,144,96,43,53,-2239.9999999928696,-719.9999999975262,1519.9999999953434,0.9562500000001393,0.9571428571430044,0.0008928571428651333,18159.999999996944,5199.999999999272,12959.999999997672,-14.999999999948463,56.25,63,33,12,21,9520.000000003347,1600.0000000021828,-7920.000000001164,1.540909090909281,1.2000000000002728,-0.3409090909090082,5439.999999999418,2400.0,3039.999999999418,53.333333333406095,66.66666666666666,-7920.000000001164,-9,SIMPLES,False
13a_features_tempo_real__pre60__pre_15s_spread_medio__std >= 0.066821999,1,13a_features_tempo_real__pre60__pre_15s_spread_medio__std,False,-10340.727272730292,144,96,43,53,-2239.9999999928696,-719.9999999975262,1519.9999999953434,0.9562500000001393,0.9571428571430044,0.0008928571428651333,18159.999999996944,5199.999999999272,12959.999999997672,-14.999999999948463,56.25,63,33,12,21,9520.000000003347,1600.0000000021828,-7920.000000001164,1.540909090909281,1.2000000000002728,-0.3409090909090082,5439.999999999418,2400.0,3039.999999999418,53.333333333406095,66.66666666666666,-7920.000000001164,-9,SIMPLES,False
13a_features_tempo_real__pre60__adv_delta_spread_minimo_15s_30s__std <= 0.067186139,1,13a_features_tempo_real__pre60__adv_delta_spread_minimo_15s_30s__std,False,-10388.727272729691,144,29,14,15,-2239.9999999928696,-1359.9999999940337,879.9999999988358,0.9562500000001393,0.9660000000001492,0.009750000000009917,18159.999999996944,17039.999999997235,1119.999999999709,-11.826086956469858,56.52173913043478,63,27,7,20,9520.000000003347,2640.0000000016007,-6880.000000001746,1.540909090909281,1.2200000000001334,-0.32090909090914765,5439.999999999418,4559.9999999998545,879.9999999995634,73.3333333333778,58.333333333333336,-6880.000000001746,-13,SIMPLES,False
13a_features_tempo_real__pre60__adv_z_pre_15s_spread_medio__pos_range <= 0.15050967,1,13a_features_tempo_real__pre60__adv_z_pre_15s_spread_medio__pos_range,False,-10517.87012987172,144,29,14,15,-2239.9999999928696,2480.000000005384,4719.999999998254,0.9562500000001393,1.0620000000001346,0.10574999999999535,18159.999999996944,16559.9999999984,1599.9999999985448,21.565217391351165,56.52173913043478,63,14,1,13,9520.000000003347,480.0000000024738,-9040.000000000873,1.540909090909281,1.028571428571576,-0.5123376623377052,5439.999999999418,5679.999999999563,-240.00000000014552,9.795918367397425,57.14285714285714,-9040.000000000873,-12,SIMPLES,False
13a_features_tempo_real__pre60__adv_ratio_volatilidade_close_pontos_15s_60s__range >= 0.6602356,1,13a_features_tempo_real__pre60__adv_ratio_volatilidade_close_pontos_15s_60s__range,False,-10528.727272731976,144,96,42,54,-2239.9999999928696,-799.9999999978172,1439.9999999950523,0.9562500000001393,0.9545454545455786,-0.0017045454545606686,18159.999999996944,5759.999999998399,12399.999999998545,-16.666666666621193,54.166666666666664,63,43,14,29,9520.000000003347,3200.0000000007276,-6320.000000002619,1.540909090909281,1.5000000000001137,-0.04090909090916739,5439.999999999418,3200.0,2239.999999999418,160.00000000003638,60.0,-6320.000000002619,-15,SIMPLES,False
13a_features_tempo_real__pre60__adv_delta_spread_minimo_15s_30s__dist_media >= -0.051411472,1,13a_features_tempo_real__pre60__adv_delta_spread_minimo_15s_30s__dist_media,False,-10646.060606063722,144,58,34,24,-2239.9999999928696,10560.000000004948,12799.999999997817,0.9562500000001393,1.4400000000002062,0.48375000000006696,18159.999999996944,7919.999999998254,10239.99999999869,122.79069767447614,65.11627906976744,63,42,13,29,9520.000000003347,-479.99999999883585,-10000.000000002183,1.540909090909281,0.933333333333495,-0.6075757575757861,5439.999999999418,3119.999999999709,2319.999999999709,-22.85714285708742,57.14285714285714,-10000.000000002183,-16,SIMPLES,False
13a_features_tempo_real__pre60__adv_z_pre_15s_spread_medio__pos_range >= 0.46846624,1,13a_features_tempo_real__pre60__adv_z_pre_15s_spread_medio__pos_range,False,-10664.727272730095,144,86,34,52,-2239.9999999928696,-10559.999999996944,-8320.000000004075,0.9562500000001393,0.5600000000001273,-0.396250000000012,18159.999999996944,12479.999999998836,5679.999999998108,-182.0689655171887,48.275862068965516,63,34,13,21,9520.000000003347,4320.000000001892,-5200.000000001455,1.540909090909281,1.6000000000002628,0.05909090909098169,5439.999999999418,2239.999999999418,3200.0,148.96551724144453,68.96551724137932,-8320.000000004075,-8,SIMPLES,False
13a_features_tempo_real__pre60__adv_z_pre_15s_spread_medio__delta <= 0,1,13a_features_tempo_real__pre60__adv_z_pre_15s_spread_medio__delta,False,-10692.155844159222,144,74,36,38,-2239.9999999928696,6880.000000003201,9119.999999996071,0.9562500000001393,1.3071428571430002,0.3508928571428609,18159.999999996944,9519.999999998981,8639.999999997963,98.28571428576002,60.0,63,31,8,23,9520.000000003347,-159.9999999983993,-9680.000000001746,1.540909090909281,0.9857142857144287,-0.5551948051948524,5439.999999999418,3759.9999999998545,1679.9999999995634,-4.999999999949978,56.25,-9680.000000001746,-15,SIMPLES,False
13a_features_tempo_real__pre60__adv_z_pre_15s_spread_medio__ret_pct <= 0,1,13a_features_tempo_real__pre60__adv_z_pre_15s_spread_medio__ret_pct,False,-10692.155844159222,144,74,36,38,-2239.9999999928696,6880.000000003201,9119.999999996071,0.9562500000001393,1.3071428571430002,0.3508928571428609,18159.999999996944,9519.999999998981,8639.999999997963,98.28571428576002,60.0,63,31,8,23,9520.000000003347,-159.9999999983993,-9680.000000001746,1.540909090909281,0.9857142857144287,-0.5551948051948524,5439.999999999418,3759.9999999998545,1679.9999999995634,-4.999999999949978,56.25,-9680.000000001746,-15,SIMPLES,False
13a_features_tempo_real__pre60__pre_15s_spread_medio__delta <= 0,1,13a_features_tempo_real__pre60__pre_15s_spread_medio__delta,False,-10692.155844159222,144,74,36,38,-2239.9999999928696,6880.000000003201,9119.999999996071,0.9562500000001393,1.3071428571430002,0.3508928571428609,18159.999999996944,9519.999999998981,8639.999999997963,98.28571428576002,60.0,63,31,8,23,9520.000000003347,-159.9999999983993,-9680.000000001746,1.540909090909281,0.9857142857144287,-0.5551948051948524,5439.999999999418,3759.9999999998545,1679.9999999995634,-4.999999999949978,56.25,-9680.000000001746,-15,SIMPLES,False
13a_features_tempo_real__last__pre_30s_spread_minimo <= 0.91666667,1,13a_features_tempo_real__last__pre_30s_spread_minimo,False,-10716.727272729804,144,38,13,25,-2239.9999999928696,-5519.999999995343,-3280.000000002474,0.9562500000001393,0.8647058823530553,-0.09154411764708392,18159.999999996944,18959.99999999767,-800.0000000007276,-52.07547169806928,51.886792452830186,63,34,12,22,9520.000000003347,4240.000000001601,-5280.000000001746,1.540909090909281,1.5300000000002,-0.010909090909080987,5439.999999999418,5199.999999999272,240.00000000014552,146.20689655177932,65.51724137931035,-5280.000000001746,-10,SIMPLES,False
13a_features_tempo_real__pre60__adv_delta_spread_minimo_15s_30s__std <= 0.077790393,1,13a_features_tempo_real__pre60__adv_delta_spread_minimo_15s_30s__std,False,-10728.727272729897,144,36,20,16,-2239.9999999928696,3200.0000000058208,5439.99999999869,0.9562500000001393,1.0909090909092563,0.13465909090911699,18159.999999996944,14399.999999997817,3759.999999999127,29.629629629683524,59.25925925925925,63,29,7,22,9520.000000003347,1200.0000000014552,-8320.000000001892,1.540909090909281,1.1000000000001213,-0.44090909090915975,5439.999999999418,4559.9999999998545,879.9999999995634,35.29411764710162,55.88235294117647,-8320.000000001892,-15,SIMPLES,False
13a_features_tempo_real__pre60__adv_z_pre_15s_spread_medio__min <= -0.29910924,1,13a_features_tempo_real__pre60__adv_z_pre_15s_spread_medio__min,False,-10956.727272728738,144,15,4,11,-2239.9999999928696,-5519.999999993888,-3280.0000000010186,0.9562500000001393,0.8850000000001274,-0.07125000000001191,18159.999999996944,17359.999999996944,800.0,-42.79069767437122,53.48837209302325,63,24,7,17,9520.000000003347,3360.0000000020373,-6160.00000000131,1.540909090909281,1.2800000000001697,-0.2609090909091114,5439.999999999418,5519.999999998981,-79.99999999956344,86.15384615389839,61.53846153846154,-6160.00000000131,-10,SIMPLES,False
13a_features_tempo_real__pre60__pre_15s_spread_medio__min <= 1.0273548,1,13a_features_tempo_real__pre60__pre_15s_spread_medio__min,False,-10956.727272728738,144,15,4,11,-2239.9999999928696,-5519.999999993888,-3280.0000000010186,0.9562500000001393,0.8850000000001274,-0.07125000000001191,18159.999999996944,17359.999999996944,800.0,-42.79069767437122,53.48837209302325,63,24,7,17,9520.000000003347,3360.0000000020373,-6160.00000000131,1.540909090909281,1.2800000000001697,-0.2609090909091114,5439.999999999418,5519.999999998981,-79.99999999956344,86.15384615389839,61.53846153846154,-6160.00000000131,-10,SIMPLES,False
13a_features_tempo_real__pre60__adv_delta_spread_minimo_15s_30s__dist_media <= 0,1,13a_features_tempo_real__pre60__adv_delta_spread_minimo_15s_30s__dist_media,False,-10968.727272732172,144,121,51,70,-2239.9999999928696,-3199.9999999992724,-960.0000000064028,0.9562500000001393,0.6923076923077622,-0.26394230769237703,18159.999999996944,7279.999999999563,10879.99999999738,-139.13043478257705,43.47826086956522,63,40,13,27,9520.000000003347,2880.0000000010186,-6640.000000002328,1.540909090909281,1.4000000000001416,-0.1409090909091395,5439.999999999418,2400.0,3039.999999999418,125.21739130439211,60.86956521739131,-6640.000000002328,-14,SIMPLES,False
13a_features_tempo_real__pre60__adv_ratio_volatilidade_close_pontos_15s_60s__slope <= 0.0019658072,1,13a_features_tempo_real__pre60__adv_ratio_volatilidade_close_pontos_15s_60s__slope,False,-11025.727272729137,144,43,19,24,-2239.9999999928696,-4319.999999994616,-2080.0000000017462,0.9562500000001393,0.8800000000001496,-0.07624999999998971,18159.999999996944,15279.99999999738,2879.9999999995634,-42.77227722766946,55.44554455445545,63,22,6,16,9520.000000003347,2800.000000002183,-6720.000000001164,1.540909090909281,1.2187500000001705,-0.32215909090911055,5439.999999999418,5679.999999999563,-240.00000000014552,68.2926829268825,60.97560975609756,-6720.000000001164,-10,SIMPLES,False
13a_features_tempo_real__pre60__adv_z_pre_15s_spread_medio__dist_media <= -0.11038931,1,13a_features_tempo_real__pre60__adv_z_pre_15s_spread_medio__dist_media,False,-11039.01298701516,144,36,17,19,-2239.9999999928696,1040.0000000052387,3279.9999999981083,0.9562500000001393,1.0276595744682244,0.07140957446808516,18159.999999996944,12879.99999999738,5279.999999999563,9.629629629678137,56.481481481481474,63,16,1,15,9520.000000003347,960.0000000020373,-8560.00000000131,1.540909090909281,1.0571428571429784,-0.4837662337663027,5439.999999999418,5919.999999999709,-480.00000000029104,20.425531914936965,55.319148936170215,-8560.00000000131,-14,SIMPLES,False
13a_features_tempo_real__pre60__adv_delta_spread_minimo_15s_30s__slope >= -0.00038962648,1,13a_features_tempo_real__pre60__adv_delta_spread_minimo_15s_30s__slope,False,-11112.727272731609,144,79,33,46,-2239.9999999928696,-7039.9999999965075,-4800.000000003638,0.9562500000001393,0.7161290322582053,-0.24012096774193392,18159.999999996944,11199.999999998545,6959.999999998399,-108.30769230763858,52.307692307692314,63,43,14,29,9520.000000003347,4160.000000000582,-5360.000000002765,1.540909090909281,1.650000000000091,0.10909090909080987,5439.999999999418,2159.9999999998545,3279.9999999995634,208.0000000000291,60.0,-5360.000000002765,-15,SIMPLES,False
13a_features_tempo_real__pre60__adv_ratio_volatilidade_close_pontos_15s_60s__range <= 0.82697709,1,13a_features_tempo_real__pre60__adv_ratio_volatilidade_close_pontos_15s_60s__range,False,-11384.727272730634,144,86,41,45,-2239.9999999928696,3440.000000003056,5679.9999999959255,0.9562500000001393,1.1869565217392966,0.2307065217391573,18159.999999996944,8559.999999999127,9599.999999997817,59.31034482763889,60.3448275862069,63,41,14,27,9520.000000003347,800.0000000014552,-8720.000000001892,1.540909090909281,1.1250000000002274,-0.4159090909090537,5439.999999999418,3279.9999999995634,2159.9999999998545,36.36363636370251,63.63636363636363,-8720.000000001892,-13,SIMPLES,False
13a_features_tempo_real__last__cobertura_30s >= 27,1,13a_features_tempo_real__last__cobertura_30s,False,-11400.727272729902,144,41,16,25,-2239.9999999928696,-3119.9999999953434,-880.0000000024738,0.9562500000001393,0.9187500000001213,-0.03750000000001796,18159.999999996944,17519.999999997526,639.9999999994179,-30.29126213587712,53.398058252427184,63,32,10,22,9520.000000003347,2640.0000000016007,-6880.000000001746,1.540909090909281,1.2750000000001667,-0.2659090909091144,5439.999999999418,4639.999999999418,800.0,85.16129032263228,61.29032258064516,-6880.000000001746,-12,SIMPLES,False
13a_features_tempo_real__pre60__adv_ratio_volatilidade_close_pontos_15s_60s__pos_range >= 1,1,13a_features_tempo_real__pre60__adv_ratio_volatilidade_close_pontos_15s_60s__pos_range,False,-11419.393939397745,144,93,43,50,-2239.9999999928696,960.0000000027649,3199.9999999956344,0.9562500000001393,1.0571428571430217,0.10089285714288243,18159.999999996944,4639.99999999869,13519.999999998254,18.823529411818917,58.82352941176471,63,40,13,27,9520.000000003347,1920.0000000011642,-7600.000000002183,1.540909090909281,1.2666666666668283,-0.2742424242424528,5439.999999999418,4079.9999999995634,1359.9999999998545,83.47826086961584,60.86956521739131,-7600.000000002183,-14,SIMPLES,False
13a_features_tempo_real__pre60__adv_ratio_volatilidade_close_pontos_15s_60s__slope <= 0.0031377236,1,13a_features_tempo_real__pre60__adv_ratio_volatilidade_close_pontos_15s_60s__slope,False,-11572.727272729691,144,53,24,29,-2239.9999999928696,-1519.9999999953434,719.9999999975262,0.9562500000001393,0.9525000000001456,-0.003749999999993703,18159.999999996944,12879.99999999738,5279.999999999563,-16.70329670324553,56.043956043956044,63,26,7,19,9520.000000003347,1920.0000000018917,-7600.000000001455,1.540909090909281,1.1600000000001576,-0.3809090909091235,5439.999999999418,5679.999999999563,-240.00000000014552,51.89189189194302,59.45945945945946,-7600.000000001455,-12,SIMPLES,False
13a_features_tempo_real__pre60__adv_ratio_volatilidade_close_pontos_15s_60s__delta <= 0.19589312,1,13a_features_tempo_real__pre60__adv_ratio_volatilidade_close_pontos_15s_60s__delta,False,-11588.727272729375,144,48,23,25,-2239.9999999928696,-399.99999999490683,1839.9999999979627,0.9562500000001393,0.9878048780489358,0.03155487804879653,18159.999999996944,15599.999999997817,2559.999999999127,-4.1666666666136125,57.291666666666664,63,25,7,18,9520.000000003347,1200.0000000021828,-8320.000000001164,1.540909090909281,1.100000000000182,-0.44090909090909913,5439.999999999418,5359.9999999998545,79.99999999956344,31.578947368478495,60.526315789473685,-8320.000000001164,-11,SIMPLES,False
13a_features_tempo_real__pre60__adv_ratio_volatilidade_close_pontos_15s_60s__ret_pct <= 17.351805,1,13a_features_tempo_real__pre60__adv_ratio_volatilidade_close_pontos_15s_60s__ret_pct,False,-11588.727272729375,144,48,23,25,-2239.9999999928696,-399.99999999490683,1839.9999999979627,0.9562500000001393,0.9878048780489358,0.03155487804879653,18159.999999996944,15599.999999997817,2559.999999999127,-4.1666666666136125,57.291666666666664,63,25,7,18,9520.000000003347,1200.0000000021828,-8320.000000001164,1.540909090909281,1.100000000000182,-0.44090909090909913,5439.999999999418,5359.9999999998545,79.99999999956344,31.578947368478495,60.526315789473685,-8320.000000001164,-11,SIMPLES,False
13a_features_tempo_real__pre60__adv_z_pre_15s_spread_medio__dist_media <= -0.054537059,1,13a_features_tempo_real__pre60__adv_z_pre_15s_spread_medio__dist_media,False,-11667.043062203782,144,48,23,25,-2239.9999999928696,2480.0000000046566,4719.999999997526,0.9562500000001393,1.075609756097703,0.11935975609756366,18159.999999996944,11519.999999998254,6639.99999999869,25.83333333338184,57.291666666666664,63,22,3,19,9520.000000003347,640.0000000016007,-8880.000000001746,1.540909090909281,1.0421052631580001,-0.49880382775128096,5439.999999999418,5919.999999999709,-480.00000000029104,15.609756097600018,53.65853658536586,-8880.000000001746,-16,SIMPLES,False
13a_features_tempo_real__window__n >= 53,1,13a_features_tempo_real__window__n,False,-11680.727272729662,144,35,13,22,-2239.9999999928696,-1919.9999999953434,319.9999999975262,0.9562500000001393,0.9529411764707024,-0.003308823529436844,18159.999999996944,17359.99999999767,799.9999999992724,-17.61467889903985,53.21100917431193,63,31,10,21,9520.000000003347,1920.0000000018917,-7600.000000001455,1.540909090909281,1.2000000000001971,-0.34090909090908394,5439.999999999418,4879.999999999563,559.9999999998545,60.00000000005912,62.5,-7600.000000001455,-11,SIMPLES,False
13a_features_tempo_real__pre60__adv_delta_spread_minimo_15s_30s__repique_min <= 0.045138889,1,13a_features_tempo_real__pre60__adv_delta_spread_minimo_15s_30s__repique_min,False,-11680.727272731638,144,108,44,64,-2239.9999999928696,-4479.999999998836,-2240.0000000059663,0.9562500000001393,0.7200000000000728,-0.23625000000006646,18159.999999996944,11439.999999999418,6719.999999997526,-124.44444444441211,44.44444444444444,63,37,12,25,9520.000000003347,2560.0000000013097,-6960.000000002037,1.540909090909281,1.3200000000001637,-0.22090909090911737,5439.999999999418,2959.9999999998545,2479.9999999995634,98.46153846158883,61.53846153846154,-6960.000000002037,-13,SIMPLES,False
13a_features_tempo_real__pre60__adv_z_pre_15s_spread_medio__ret_pct <= 11.243139,1,13a_features_tempo_real__pre60__adv_z_pre_15s_spread_medio__ret_pct,False,-11752.727272730881,144,86,41,45,-2239.9999999928696,5360.000000002765,7599.999999995634,0.9562500000001393,1.2913043478262372,0.3350543478260979,18159.999999996944,8159.999999999127,9999.999999997817,92.41379310349595,60.3448275862069,63,36,10,26,9520.000000003347,-239.99999999869033,-9760.000000002037,1.540909090909281,0.9750000000001364,-0.5659090909091447,5439.999999999418,3439.999999999418,2000.0,-8.888888888840382,55.55555555555556,-9760.000000002037,-16,SIMPLES,False
13a_features_tempo_real__pre60__adv_ratio_volatilidade_close_pontos_15s_60s__std <= 0.17380283,1,13a_features_tempo_real__pre60__adv_ratio_volatilidade_close_pontos_15s_60s__std,False,-11952.727272729171,144,58,24,34,-2239.9999999928696,-4639.99999999578,-2400.0000000029104,0.9562500000001393,0.8550000000001319,-0.10125000000000739,18159.999999996944,14399.999999998545,3759.9999999983993,-53.95348837204395,53.48837209302325,63,24,7,17,9520.000000003347,2400.000000002183,-7120.000000001164,1.540909090909281,1.2000000000001818,-0.34090909090909927,5439.999999999418,6079.999999998836,-639.9999999994179,61.53846153851751,61.53846153846154,-7120.000000001164,-10,SIMPLES,False
13a_features_tempo_real__pre60__adv_z_pre_15s_spread_medio__range >= 0.56759082,1,13a_features_tempo_real__pre60__adv_z_pre_15s_spread_medio__range,False,-11969.81818182058,144,96,43,53,-2239.9999999928696,-719.9999999975262,1519.9999999953434,0.9562500000001393,0.9571428571430044,0.0008928571428651333,18159.999999996944,5039.999999999418,13119.999999997526,-14.999999999948463,56.25,63,33,11,22,9520.000000003347,560.0000000020373,-8960.00000000131,1.540909090909281,1.063636363636595,-0.477272727272686,5439.999999999418,2959.9999999983993,2480.0000000010186,18.666666666734574,63.33333333333333,-8960.00000000131,-11,SIMPLES,False
13a_features_tempo_real__pre60__adv_ratio_volatilidade_close_pontos_15s_60s__dist_media >= 0.34174874,1,13a_features_tempo_real__pre60__adv_ratio_volatilidade_close_pontos_15s_60s__dist_media,False,-12005.818181821503,144,86,42,44,-2239.9999999928696,3520.000000003347,5759.9999999962165,0.9562500000001393,1.2000000000001902,0.24375000000005098,18159.999999996944,6079.999999998108,12079.999999998836,60.6896551724715,62.06896551724138,63,37,11,26,9520.000000003347,560.0000000013097,-8960.000000002037,1.540909090909281,1.0636363636365125,-0.4772727272727686,5439.999999999418,4399.999999999272,1040.0000000001455,21.53846153851191,57.692307692307686,-8960.000000002037,-15,SIMPLES,False
13a_features_tempo_real__last__pre_15s_spread_minimo <= 1,1,13a_features_tempo_real__last__pre_15s_spread_minimo,False,-12014.060606063755,144,54,22,32,-2239.9999999928696,-1919.999999996071,319.9999999967986,0.9562500000001393,0.9428571428572597,-0.013392857142879522,18159.999999996944,12479.999999998108,5679.999999998836,-21.333333333289676,53.333333333333336,63,38,13,25,9520.000000003347,2400.000000001455,-7120.000000001892,1.540909090909281,1.3333333333335355,-0.20757575757574553,5439.999999999418,5119.999999999709,319.99999999970896,96.00000000005821,64.0,-7120.000000001892,-12,SIMPLES,False
13a_features_tempo_real__pre60__adv_ratio_volatilidade_close_pontos_15s_60s__slope <= 0.0052011612,1,13a_features_tempo_real__pre60__adv_ratio_volatilidade_close_pontos_15s_60s__slope,False,-12038.909090912268,144,66,29,37,-2239.9999999928696,-2319.999999996071,-80.00000000320142,0.9562500000001393,0.9171428571429975,-0.039107142857141786,18159.999999996944,10399.999999997817,7759.999999999127,-29.74358974353937,55.12820512820513,63,35,11,24,9520.000000003347,2000.0000000014552,-7520.000000001892,1.540909090909281,1.2272727272728927,-0.31363636363638836,5439.999999999418,4319.999999999709,1119.999999999709,71.4285714286234,60.71428571428571,-7520.000000001892,-13,SIMPLES,False
13a_features_tempo_real__pre60__adv_ratio_volatilidade_close_pontos_15s_60s__repique_min >= 0.65350037,1,13a_features_tempo_real__pre60__adv_ratio_volatilidade_close_pontos_15s_60s__repique_min,False,-12164.727272731772,144,96,43,53,-2239.9999999928696,240.0000000023283,2479.999999995198,0.9562500000001393,1.0142857142858528,0.058035714285713524,18159.999999996944,4719.999999998254,13439.99999999869,5.000000000048506,56.25,63,42,13,29,9520.000000003347,1440.0000000008731,-8080.000000002474,1.540909090909281,1.2000000000001212,-0.3409090909091599,5439.999999999418,3200.0,2239.999999999418,68.57142857147015,57.14285714285714,-8080.000000002474,-16,SIMPLES,False
13a_features_tempo_real__pre60__adv_z_pre_15s_spread_medio__range >= 0.43803338,1,13a_features_tempo_real__pre60__adv_z_pre_15s_spread_medio__range,False,-12170.441558445424,144,108,47,61,-2239.9999999928696,-1359.9999999983993,879.9999999944703,0.9562500000001393,0.9000000000001177,-0.05625000000002156,18159.999999996944,3759.9999999998545,14399.99999999709,-37.77777777773331,52.77777777777778,63,43,15,28,9520.000000003347,1360.0000000013097,-8160.000000002037,1.540909090909281,1.2428571428573767,-0.2980519480519044,5439.999999999418,2399.9999999992724,3040.0000000001455,68.00000000006548,65.0,-8160.000000002037,-13,SIMPLES,False
13a_features_tempo_real__window__n >= 56,1,13a_features_tempo_real__window__n,False,-12203.012987014761,144,18,6,12,-2239.9999999928696,-3199.9999999941792,-960.0000000013097,0.9562500000001393,0.9310344827587461,-0.02521551724139315,18159.999999996944,19039.999999997235,-880.000000000291,-25.3968253967792,53.96825396825397,63,27,8,19,9520.000000003347,1760.0000000020373,-7760.00000000131,1.540909090909281,1.157142857143039,-0.38376623376624197,5439.999999999418,5439.999999999418,0.0,48.88888888894548,61.111111111111114,-7760.00000000131,-11,SIMPLES,False
13a_features_tempo_real__pre60__adv_ratio_volatilidade_close_pontos_15s_60s__recuo_max >= 0,1,13a_features_tempo_real__pre60__adv_ratio_volatilidade_close_pontos_15s_60s__recuo_max,False,-12327.393939398009,144,102,49,53,-2239.9999999928696,4080.000000002474,6319.999999995343,0.9562500000001393,1.3400000000002061,0.38375000000006687,18159.999999996944,2400.0,15759.999999996944,97.14285714291604,64.28571428571429,63,42,13,29,9520.000000003347,480.00000000101863,-9040.000000002328,1.540909090909281,1.066666666666808,-0.474242424242473,5439.999999999418,4079.9999999995634,1359.9999999998545,22.857142857191363,57.14285714285714,-9040.000000002328,-16,SIMPLES,False
13a_features_tempo_real__pre60__adv_ratio_volatilidade_close_pontos_15s_60s__range <= 0.85812629,1,13a_features_tempo_real__pre60__adv_ratio_volatilidade_close_pontos_15s_60s__range,False,-12380.727272731165,144,96,45,51,-2239.9999999928696,3280.000000002474,5519.999999995343,0.9562500000001393,1.2157894736843733,0.259539473684234,18159.999999996944,6639.999999999418,11519.999999997526,68.33333333338487,60.416666666666664,63,43,14,29,9520.000000003347,320.00000000116415,-9200.000000002183,1.540909090909281,1.050000000000182,-0.4909090909090992,5439.999999999418,3279.9999999995634,2159.9999999998545,16.000000000058208,60.0,-9200.000000002183,-15,SIMPLES,False
13a_features_tempo_real__pre60__adv_z_pre_15s_spread_medio__range >= 0.67332998,1,13a_features_tempo_real__pre60__adv_z_pre_15s_spread_medio__range,False,-12389.72727272956,144,86,38,48,-2239.9999999928696,-2559.999999996944,-320.00000000407454,0.9562500000001393,0.8769230769232238,-0.07932692307691547,18159.999999996944,6639.99999999869,11519.999999998254,-44.13793103443007,55.172413793103445,63,22,6,16,9520.000000003347,-79.99999999738066,-9600.000000000728,1.540909090909281,0.9937500000002046,-0.5471590909090764,5439.999999999418,3519.999999999709,1919.999999999709,-1.9512195121312355,60.97560975609756,-9600.000000000728,-10,SIMPLES,False
13a_features_tempo_real__pre60__adv_z_pre_15s_spread_medio__std >= 0.12730613,1,13a_features_tempo_real__pre60__adv_z_pre_15s_spread_medio__std,False,-12544.727272730524,144,108,46,62,-2239.9999999928696,-3359.9999999983993,-1120.0000000055297,0.9562500000001393,0.7666666666667779,-0.18958333333336141,18159.999999996944,5519.999999999709,12639.999999997235,-93.33333333328886,50.0,63,39,14,25,9520.000000003347,1280.0000000017462,-8240.0000000016,1.540909090909281,1.2000000000002728,-0.3409090909090082,5439.999999999418,2719.9999999989814,2720.0000000004366,53.333333333406095,66.66666666666666,-8240.0000000016,-11,SIMPLES,False
13a_features_tempo_real__pre60__pre_15s_spread_medio__std >= 0.05781983,1,13a_features_tempo_real__pre60__pre_15s_spread_medio__std,False,-12544.727272730524,144,108,46,62,-2239.9999999928696,-3359.9999999983993,-1120.0000000055297,0.9562500000001393,0.7666666666667779,-0.18958333333336141,18159.999999996944,5519.999999999709,12639.999999997235,-93.33333333328886,50.0,63,39,14,25,9520.000000003347,1280.0000000017462,-8240.0000000016,1.540909090909281,1.2000000000002728,-0.3409090909090082,5439.999999999418,2719.9999999989814,2720.0000000004366,53.333333333406095,66.66666666666666,-8240.0000000016,-11,SIMPLES,False
13a_features_tempo_real__pre60__adv_z_pre_15s_spread_medio__repique_min <= 0.15893319,1,13a_features_tempo_real__pre60__adv_z_pre_15s_spread_medio__repique_min,False,-12610.72727273031,144,48,24,24,-2239.9999999928696,4480.000000004657,6719.999999997526,0.9562500000001393,1.1400000000001456,0.1837500000000063,18159.999999996944,13679.999999998836,4479.999999998108,46.66666666671517,58.333333333333336,63,29,6,23,9520.000000003347,-799.9999999985448,-10320.000000001892,1.540909090909281,0.9375000000001137,-0.6034090909091674,5439.999999999418,4559.9999999998545,879.9999999995634,-23.52941176466308,52.94117647058824,-10320.000000001892,-17,SIMPLES,False
13a_features_tempo_real__pre60__adv_ratio_volatilidade_close_pontos_15s_60s__std <= 0.19114815,1,13a_features_tempo_real__pre60__adv_ratio_volatilidade_close_pontos_15s_60s__std,False,-12640.419580421867,144,72,33,39,-2239.9999999928696,1360.0000000034925,3599.999999996362,0.9562500000001393,1.0548387096775602,0.09858870967742095,18159.999999996944,10319.999999998981,7839.999999997963,18.888888888937394,56.94444444444444,63,30,9,21,9520.000000003347,160.00000000203727,-9360.00000000131,1.540909090909281,1.0153846153848112,-0.5255244755244699,5439.999999999418,5279.999999998836,160.00000000058208,4.848484848546584,60.60606060606061,-9360.00000000131,-12,SIMPLES,False
13a_features_tempo_real__last__cobertura_60s >= 55,1,13a_features_tempo_real__last__cobertura_60s,False,-12707.012987014812,144,20,6,14,-2239.9999999928696,-4639.999999994325,-2400.000000001455,0.9562500000001393,0.9000000000001223,-0.05625000000001701,18159.999999996944,19039.999999997235,-880.000000000291,-37.41935483866391,53.2258064516129,63,27,8,19,9520.000000003347,1760.0000000020373,-7760.00000000131,1.540909090909281,1.157142857143039,-0.38376623376624197,5439.999999999418,5439.999999999418,0.0,48.88888888894548,61.111111111111114,-7760.00000000131,-11,SIMPLES,False
13a_features_tempo_real__pre60__adv_ratio_volatilidade_close_pontos_15s_60s__delta <= 0.25136817,1,13a_features_tempo_real__pre60__adv_ratio_volatilidade_close_pontos_15s_60s__delta,False,-12828.727272729835,144,58,25,33,-2239.9999999928696,-2639.99999999578,-400.0000000029104,0.9562500000001393,0.9153846153847507,-0.04086538461538858,18159.999999996944,16319.999999998254,1839.9999999986903,-30.697674418555582,54.65116279069767,63,26,7,19,9520.000000003347,960.0000000020373,-8560.00000000131,1.540909090909281,1.0800000000001697,-0.46090909090911136,5439.999999999418,5359.9999999998545,79.99999999956344,25.945945946001007,59.45945945945946,-8560.00000000131,-12,SIMPLES,False
13a_features_tempo_real__pre60__adv_ratio_volatilidade_close_pontos_15s_60s__ret_pct <= 23.201447,1,13a_features_tempo_real__pre60__adv_ratio_volatilidade_close_pontos_15s_60s__ret_pct,False,-12828.727272729835,144,58,25,33,-2239.9999999928696,-2639.99999999578,-400.0000000029104,0.9562500000001393,0.9153846153847507,-0.04086538461538858,18159.999999996944,16079.999999998108,2079.999999998836,-30.697674418555582,54.65116279069767,63,26,7,19,9520.000000003347,960.0000000020373,-8560.00000000131,1.540909090909281,1.0800000000001697,-0.46090909090911136,5439.999999999418,5359.9999999998545,79.99999999956344,25.945945946001007,59.45945945945946,-8560.00000000131,-12,SIMPLES,False
13a_features_tempo_real__pre60__adv_delta_spread_minimo_15s_30s__std <= 0.094831223,1,13a_features_tempo_real__pre60__adv_delta_spread_minimo_15s_30s__std,False,-12966.265734268547,144,48,26,22,-2239.9999999928696,4640.000000005239,6879.999999998108,0.9562500000001393,1.1526315789475408,0.1963815789474015,18159.999999996944,12879.999999998108,5279.999999998836,48.333333333387905,60.416666666666664,63,34,9,25,9520.000000003347,-799.9999999985448,-10320.000000001892,1.540909090909281,0.923076923077063,-0.6178321678322181,5439.999999999418,4559.9999999998545,879.9999999995634,-27.586206896501544,55.172413793103445,-10320.000000001892,-16,SIMPLES,False
13a_features_tempo_real__pre60__adv_ratio_volatilidade_close_pontos_15s_60s__slope <= 0.0081862597,1,13a_features_tempo_real__pre60__adv_ratio_volatilidade_close_pontos_15s_60s__slope,False,-13338.727272731157,144,79,33,46,-2239.9999999928696,-3199.9999999970896,-960.00000000422,0.9562500000001393,0.8709677419356012,-0.08528225806453804,18159.999999996944,8959.9999999984,9199.999999998545,-49.230769230724455,52.307692307692314,63,42,14,28,9520.000000003347,1520.0000000011642,-8000.000000002183,1.540909090909281,1.237500000000182,-0.3034090909090992,5439.999999999418,3759.9999999998545,1679.9999999995634,72.38095238100782,61.904761904761905,-8000.000000002183,-14,SIMPLES,False
13a_features_tempo_real__pre60__adv_delta_spread_minimo_15s_30s__delta <= 0,1,13a_features_tempo_real__pre60__adv_delta_spread_minimo_15s_30s__delta,False,-13503.393939398127,144,110,45,65,-2239.9999999928696,-4879.999999998836,-2640.0000000059663,0.9562500000001393,0.6789473684211292,-0.27730263157901003,18159.999999996944,10639.999999999418,7519.999999997526,-143.52941176467164,44.11764705882353,63,39,13,26,9520.000000003347,1200.0000000014552,-8320.000000001892,1.540909090909281,1.1666666666668688,-0.3742424242424123,5439.999999999418,2959.9999999998545,2479.9999999995634,50.00000000006063,62.5,-8320.000000001892,-13,SIMPLES,False
13a_features_tempo_real__pre60__adv_delta_spread_minimo_15s_30s__recuo_max >= -0.15104167,1,13a_features_tempo_real__pre60__adv_delta_spread_minimo_15s_30s__recuo_max,False,-13884.491978611777,144,36,18,18,-2239.9999999928696,160.00000000567525,2399.999999998545,0.9562500000001393,1.0043478260871108,0.04809782608697155,18159.999999996944,15919.999999997526,2239.999999999418,1.48148148153403,57.407407407407405,63,25,5,20,9520.000000003347,-879.9999999981083,-10400.000000001455,1.540909090909281,0.9352941176471979,-0.6056149732620831,5439.999999999418,5119.999999999709,319.99999999970896,-23.157894736792322,55.26315789473685,-10400.000000001455,-15,SIMPLES,False
13a_features_tempo_real__pre60__adv_delta_spread_minimo_15s_30s__max <= 0.32666667,1,13a_features_tempo_real__pre60__adv_delta_spread_minimo_15s_30s__max,False,-14177.090909094626,144,58,29,29,-2239.9999999928696,2480.0000000046566,4719.999999997526,0.9562500000001393,1.0885714285715948,0.13232142857145557,18159.999999996944,11199.999999998545,6959.999999998399,28.83720930237973,59.30232558139535,63,41,11,30,9520.000000003347,-399.9999999992724,-9920.00000000262,1.540909090909281,0.9545454545455372,-0.5863636363637439,5439.999999999418,4319.999999999709,1119.999999999709,-18.181818181785108,50.0,-9920.00000000262,-19,SIMPLES,False
13a_features_tempo_real__pre60__adv_delta_spread_minimo_15s_30s__range <= 0.32666667,1,13a_features_tempo_real__pre60__adv_delta_spread_minimo_15s_30s__range,False,-14177.090909094626,144,58,29,29,-2239.9999999928696,2480.0000000046566,4719.999999997526,0.9562500000001393,1.0885714285715948,0.13232142857145557,18159.999999996944,11199.999999998545,6959.999999998399,28.83720930237973,59.30232558139535,63,41,11,30,9520.000000003347,-399.9999999992724,-9920.00000000262,1.540909090909281,0.9545454545455372,-0.5863636363637439,5439.999999999418,4319.999999999709,1119.999999999709,-18.181818181785108,50.0,-9920.00000000262,-19,SIMPLES,False
13a_features_tempo_real__pre60__adv_ratio_volatilidade_close_pontos_15s_60s__pos_range >= 0.99160245,1,13a_features_tempo_real__pre60__adv_ratio_volatilidade_close_pontos_15s_60s__pos_range,False,-14180.727272731165,144,96,43,53,-2239.9999999928696,-719.9999999975262,1519.9999999953434,0.9562500000001393,0.9571428571430044,0.0008928571428651333,18159.999999996944,5439.999999997963,12719.999999998981,-14.999999999948463,56.25,63,43,14,29,9520.000000003347,320.00000000116415,-9200.000000002183,1.540909090909281,1.050000000000182,-0.4909090909090992,5439.999999999418,4079.9999999995634,1359.9999999998545,16.000000000058208,60.0,-9200.000000002183,-15,SIMPLES,False
13a_features_tempo_real__pre60__adv_delta_spread_minimo_15s_30s__mean <= 0.083333333,1,13a_features_tempo_real__pre60__adv_delta_spread_minimo_15s_30s__mean,False,-14598.909090911846,144,48,25,23,-2239.9999999928696,1680.0000000053842,3919.9999999982538,0.9562500000001393,1.0538461538463264,0.09759615384618714,18159.999999996944,13839.999999997963,4319.999999998981,17.500000000056087,59.375,63,38,11,27,9520.000000003347,-639.9999999986903,-10160.000000002037,1.540909090909281,0.9272727272728761,-0.613636363636405,5439.999999999418,5279.999999999563,159.99999999985448,-25.599999999947613,56.00000000000001,-10160.000000002037,-16,SIMPLES,False
13a_features_tempo_real__pre60__adv_ratio_volatilidade_close_pontos_15s_60s__std <= 0.21359327,1,13a_features_tempo_real__pre60__adv_ratio_volatilidade_close_pontos_15s_60s__std,False,-14624.727272730233,144,96,46,50,-2239.9999999928696,3360.000000002765,5599.999999995634,0.9562500000001393,1.2333333333335252,0.277083333333386,18159.999999996944,7519.999999999709,10639.999999997235,70.0000000000576,62.5,63,38,12,26,9520.000000003347,-1519.9999999982538,-11040.0000000016,1.540909090909281,0.8100000000002183,-0.7309090909090628,5439.999999999418,4959.999999999127,480.00000000029104,-60.79999999993015,60.0,-11040.0000000016,-14,SIMPLES,False
13a_features_tempo_real__pre60__adv_delta_spread_minimo_15s_30s__std <= 0.10723647,1,13a_features_tempo_real__pre60__adv_delta_spread_minimo_15s_30s__std,False,-14740.36363636707,144,58,30,28,-2239.9999999928696,3520.000000004802,5759.999999997672,0.9562500000001393,1.1294117647060589,0.1731617647059196,18159.999999996944,10959.9999999984,7199.999999998545,40.93023255819537,60.46511627906976,63,41,11,30,9520.000000003347,-1359.9999999991269,-10880.000000002474,1.540909090909281,0.8454545454546447,-0.6954545454546364,5439.999999999418,4079.9999999995634,1359.9999999998545,-61.81818181814213,50.0,-10880.000000002474,-19,SIMPLES,False
13a_features_tempo_real__pre60__adv_ratio_volatilidade_close_pontos_15s_60s__std <= 0.2058853,1,13a_features_tempo_real__pre60__adv_ratio_volatilidade_close_pontos_15s_60s__std,False,-15056.000000002463,144,86,40,46,-2239.9999999928696,2400.0000000029104,4639.99999999578,0.9562500000001393,1.1250000000001517,0.1687500000000124,18159.999999996944,9359.999999999127,8799.999999997817,41.379310344877766,58.620689655172406,63,35,11,24,9520.000000003347,-1839.9999999979627,-11360.00000000131,1.540909090909281,0.7909090909093224,-0.7499999999999587,5439.999999999418,5279.999999998836,160.00000000058208,-65.71428571421295,60.71428571428571,-11360.00000000131,-13,SIMPLES,False
13a_features_tempo_real__pre60__adv_delta_spread_minimo_15s_30s__mean <= 0.08910018,1,13a_features_tempo_real__pre60__adv_delta_spread_minimo_15s_30s__mean,False,-15578.54545454873,144,58,29,29,-2239.9999999928696,1520.0000000048021,3759.9999999976717,0.9562500000001393,1.0542857142858857,0.09803571428574642,18159.999999996944,13519.999999998254,4639.99999999869,17.674418604707,59.30232558139535,63,40,11,29,9520.000000003347,-1119.9999999989814,-10640.000000002328,1.540909090909281,0.8727272727273885,-0.6681818181818926,5439.999999999418,5279.999999999563,159.99999999985448,-48.69565217386876,52.17391304347826,-10640.000000002328,-18,SIMPLES,False
13a_features_tempo_real__pre60__adv_ratio_volatilidade_close_pontos_15s_60s__delta <= 0.3520754,1,13a_features_tempo_real__pre60__adv_ratio_volatilidade_close_pontos_15s_60s__delta,False,-15966.441558444469,144,72,28,44,-2239.9999999928696,-6719.999999996799,-4480.000000003929,0.9562500000001393,0.7666666666667779,-0.18958333333336141,18159.999999996944,15119.999999998981,3039.9999999979627,-93.33333333328886,50.0,63,29,8,21,9520.000000003347,-639.9999999979627,-10160.00000000131,1.540909090909281,0.9428571428573248,-0.5980519480519563,5439.999999999418,4559.9999999998545,879.9999999995634,-18.823529411704786,58.82352941176471,-10160.00000000131,-13,SIMPLES,False
13a_features_tempo_real__pre60__adv_ratio_volatilidade_close_pontos_15s_60s__delta <= 0.49037878,1,13a_features_tempo_real__pre60__adv_ratio_volatilidade_close_pontos_15s_60s__delta,False,-16088.727272731518,144,96,40,56,-2239.9999999928696,-4799.999999997817,-2560.0000000049477,0.9562500000001393,0.7500000000001137,-0.20625000000002558,18159.999999996944,10399.999999999272,7759.999999997672,-99.99999999995453,50.0,63,43,13,30,9520.000000003347,-719.9999999989814,-10240.000000002328,1.540909090909281,0.9000000000001415,-0.6409090909091396,5439.999999999418,2319.999999999709,3119.999999999709,-35.99999999994907,55.00000000000001,-10240.000000002328,-17,SIMPLES,False
13a_features_tempo_real__pre60__adv_ratio_volatilidade_close_pontos_15s_60s__ret_pct <= 57.737779,1,13a_features_tempo_real__pre60__adv_ratio_volatilidade_close_pontos_15s_60s__ret_pct,False,-16242.060606064762,144,96,39,57,-2239.9999999928696,-6799.999999997817,-4560.000000004948,0.9562500000001393,0.6600000000001092,-0.2962500000000301,18159.999999996944,11199.999999999272,6959.999999997672,-141.66666666662118,47.91666666666667,63,42,13,29,9520.000000003347,-479.99999999883585,-10000.000000002183,1.540909090909281,0.933333333333495,-0.6075757575757861,5439.999999999418,2159.9999999998545,3279.9999999995634,-22.85714285708742,57.14285714285714,-10000.000000002183,-16,SIMPLES,False
13a_features_tempo_real__pre60__adv_ratio_volatilidade_close_pontos_15s_60s__delta <= 0.40870072,1,13a_features_tempo_real__pre60__adv_ratio_volatilidade_close_pontos_15s_60s__delta,False,-16740.727272730554,144,86,33,53,-2239.9999999928696,-8719.999999997526,-6480.000000004657,0.9562500000001393,0.6483870967742933,-0.307862903225846,18159.999999996944,13359.999999999127,4799.999999997817,-150.34482758616426,46.55172413793103,63,35,11,24,9520.000000003347,-879.9999999981083,-10400.000000001455,1.540909090909281,0.900000000000215,-0.6409090909090661,5439.999999999418,2959.9999999998545,2479.9999999995634,-31.428571428503865,60.71428571428571,-10400.000000001455,-13,SIMPLES,False
13a_features_tempo_real__pre60__adv_ratio_volatilidade_close_pontos_15s_60s__ret_pct <= 42.902164,1,13a_features_tempo_real__pre60__adv_ratio_volatilidade_close_pontos_15s_60s__ret_pct,False,-16866.54545454895,144,86,33,53,-2239.9999999928696,-7759.999999997672,-5520.000000004802,0.9562500000001393,0.6870967741936422,-0.26915322580649703,18159.999999996944,14159.999999999127,3999.999999997817,-133.7931034482357,46.55172413793103,63,36,11,25,9520.000000003347,-1119.9999999982538,-10640.0000000016,1.540909090909281,0.8727272727274712,-0.6681818181818099,5439.999999999418,2959.9999999998545,2479.9999999995634,-41.48148148141681,59.25925925925925,-10640.0000000016,-14,SIMPLES,False
13a_features_tempo_real__pre60__adv_ratio_volatilidade_close_pontos_15s_60s__ret_pct <= 33.803195,1,13a_features_tempo_real__pre60__adv_ratio_volatilidade_close_pontos_15s_60s__ret_pct,False,-17552.72727273014,144,72,28,44,-2239.9999999928696,-7679.999999996653,-5440.0000000037835,0.9562500000001393,0.7333333333334495,-0.22291666666668974,18159.999999996944,14879.999999998836,3279.9999999981083,-106.66666666662019,50.0,63,28,7,21,9520.000000003347,-1439.9999999979627,-10960.00000000131,1.540909090909281,0.8800000000001698,-0.6609090909091113,5439.999999999418,5359.9999999998545,79.99999999956344,-41.14285714279894,57.14285714285714,-10960.00000000131,-14,SIMPLES,False
