posicao_ranking;id_regra;score_lado_max;score_oposto_min;perda_minima;persistencia_s;mfe_maximo;modo_fluxo;exigir_rompimento_contrario;conjunto_treino;qtd_trades_treino;disparos_treino;taxa_disparo_pct_treino;resultado_real_total_treino;resultado_sombra_total_treino;impacto_liquido_treino;impacto_medio_trade_treino;losses_salvos_treino;gains_prejudicados_treino;protegidos_prejudicados_treino;timeouts_melhorados_treino;score_lado_max_treino;score_oposto_min_treino;perda_minima_treino;persistencia_s_treino;mfe_maximo_treino;modo_fluxo_treino;exigir_rompimento_contrario_treino;conjunto_validacao;qtd_trades_validacao;disparos_validacao;taxa_disparo_pct_validacao;resultado_real_total_validacao;resultado_sombra_total_validacao;impacto_liquido_validacao;impacto_medio_trade_validacao;losses_salvos_validacao;gains_prejudicados_validacao;protegidos_prejudicados_validacao;timeouts_melhorados_validacao;score_lado_max_validacao;score_oposto_min_validacao;perda_minima_validacao;persistencia_s_validacao;mfe_maximo_validacao;modo_fluxo_validacao;exigir_rompimento_contrario_validacao;validacao_positiva;impacto_conservador
1;516;30;70;300;2;;DELTA_E_SALDO_CONTRARIOS;True;TREINO;42;6;14,285714285714286;-19900,0;-12650,0;7250,0;172,61904761904762;5;0;1;0;30;70;300;2;;DELTA_E_SALDO_CONTRARIOS;True;VALIDACAO;19;1;5,2631578947368425;6000,0;6975,0;975,0;51,31578947368421;1;0;0;0;30;70;300;2;;DELTA_E_SALDO_CONTRARIOS;True;True;975,0
2;520;30;70;300;2;500,0;DELTA_E_SALDO_CONTRARIOS;True;TREINO;42;6;14,285714285714286;-19900,0;-12650,0;7250,0;172,61904761904762;5;0;1;0;30;70;300;2;500,0;DELTA_E_SALDO_CONTRARIOS;True;VALIDACAO;19;1;5,2631578947368425;6000,0;6975,0;975,0;51,31578947368421;1;0;0;0;30;70;300;2;500,0;DELTA_E_SALDO_CONTRARIOS;True;True;975,0
3;524;30;70;300;3;;DELTA_E_SALDO_CONTRARIOS;True;TREINO;42;6;14,285714285714286;-19900,0;-12650,0;7250,0;172,61904761904762;5;0;1;0;30;70;300;3;;DELTA_E_SALDO_CONTRARIOS;True;VALIDACAO;19;1;5,2631578947368425;6000,0;6975,0;975,0;51,31578947368421;1;0;0;0;30;70;300;3;;DELTA_E_SALDO_CONTRARIOS;True;True;975,0
4;528;30;70;300;3;500,0;DELTA_E_SALDO_CONTRARIOS;True;TREINO;42;6;14,285714285714286;-19900,0;-12650,0;7250,0;172,61904761904762;5;0;1;0;30;70;300;3;500,0;DELTA_E_SALDO_CONTRARIOS;True;VALIDACAO;19;1;5,2631578947368425;6000,0;6975,0;975,0;51,31578947368421;1;0;0;0;30;70;300;3;500,0;DELTA_E_SALDO_CONTRARIOS;True;True;975,0
5;532;30;70;300;5;;DELTA_E_SALDO_CONTRARIOS;True;TREINO;42;6;14,285714285714286;-19900,0;-12650,0;7250,0;172,61904761904762;5;0;1;0;30;70;300;5;;DELTA_E_SALDO_CONTRARIOS;True;VALIDACAO;19;1;5,2631578947368425;6000,0;6975,0;975,0;51,31578947368421;1;0;0;0;30;70;300;5;;DELTA_E_SALDO_CONTRARIOS;True;True;975,0
6;536;30;70;300;5;500,0;DELTA_E_SALDO_CONTRARIOS;True;TREINO;42;6;14,285714285714286;-19900,0;-12650,0;7250,0;172,61904761904762;5;0;1;0;30;70;300;5;500,0;DELTA_E_SALDO_CONTRARIOS;True;VALIDACAO;19;1;5,2631578947368425;6000,0;6975,0;975,0;51,31578947368421;1;0;0;0;30;70;300;5;500,0;DELTA_E_SALDO_CONTRARIOS;True;True;975,0
7;540;30;70;300;8;;DELTA_E_SALDO_CONTRARIOS;True;TREINO;42;6;14,285714285714286;-19900,0;-12650,0;7250,0;172,61904761904762;5;0;1;0;30;70;300;8;;DELTA_E_SALDO_CONTRARIOS;True;VALIDACAO;19;1;5,2631578947368425;6000,0;6975,0;975,0;51,31578947368421;1;0;0;0;30;70;300;8;;DELTA_E_SALDO_CONTRARIOS;True;True;975,0
8;544;30;70;300;8;500,0;DELTA_E_SALDO_CONTRARIOS;True;TREINO;42;6;14,285714285714286;-19900,0;-12650,0;7250,0;172,61904761904762;5;0;1;0;30;70;300;8;500,0;DELTA_E_SALDO_CONTRARIOS;True;VALIDACAO;19;1;5,2631578947368425;6000,0;6975,0;975,0;51,31578947368421;1;0;0;0;30;70;300;8;500,0;DELTA_E_SALDO_CONTRARIOS;True;True;975,0
9;1028;40;70;300;2;;DELTA_E_SALDO_CONTRARIOS;True;TREINO;42;6;14,285714285714286;-19900,0;-12650,0;7250,0;172,61904761904762;5;0;1;0;40;70;300;2;;DELTA_E_SALDO_CONTRARIOS;True;VALIDACAO;19;1;5,2631578947368425;6000,0;6975,0;975,0;51,31578947368421;1;0;0;0;40;70;300;2;;DELTA_E_SALDO_CONTRARIOS;True;True;975,0
10;1032;40;70;300;2;500,0;DELTA_E_SALDO_CONTRARIOS;True;TREINO;42;6;14,285714285714286;-19900,0;-12650,0;7250,0;172,61904761904762;5;0;1;0;40;70;300;2;500,0;DELTA_E_SALDO_CONTRARIOS;True;VALIDACAO;19;1;5,2631578947368425;6000,0;6975,0;975,0;51,31578947368421;1;0;0;0;40;70;300;2;500,0;DELTA_E_SALDO_CONTRARIOS;True;True;975,0
11;1036;40;70;300;3;;DELTA_E_SALDO_CONTRARIOS;True;TREINO;42;6;14,285714285714286;-19900,0;-12650,0;7250,0;172,61904761904762;5;0;1;0;40;70;300;3;;DELTA_E_SALDO_CONTRARIOS;True;VALIDACAO;19;1;5,2631578947368425;6000,0;6975,0;975,0;51,31578947368421;1;0;0;0;40;70;300;3;;DELTA_E_SALDO_CONTRARIOS;True;True;975,0
12;1040;40;70;300;3;500,0;DELTA_E_SALDO_CONTRARIOS;True;TREINO;42;6;14,285714285714286;-19900,0;-12650,0;7250,0;172,61904761904762;5;0;1;0;40;70;300;3;500,0;DELTA_E_SALDO_CONTRARIOS;True;VALIDACAO;19;1;5,2631578947368425;6000,0;6975,0;975,0;51,31578947368421;1;0;0;0;40;70;300;3;500,0;DELTA_E_SALDO_CONTRARIOS;True;True;975,0
13;1044;40;70;300;5;;DELTA_E_SALDO_CONTRARIOS;True;TREINO;42;6;14,285714285714286;-19900,0;-12650,0;7250,0;172,61904761904762;5;0;1;0;40;70;300;5;;DELTA_E_SALDO_CONTRARIOS;True;VALIDACAO;19;1;5,2631578947368425;6000,0;6975,0;975,0;51,31578947368421;1;0;0;0;40;70;300;5;;DELTA_E_SALDO_CONTRARIOS;True;True;975,0
14;1048;40;70;300;5;500,0;DELTA_E_SALDO_CONTRARIOS;True;TREINO;42;6;14,285714285714286;-19900,0;-12650,0;7250,0;172,61904761904762;5;0;1;0;40;70;300;5;500,0;DELTA_E_SALDO_CONTRARIOS;True;VALIDACAO;19;1;5,2631578947368425;6000,0;6975,0;975,0;51,31578947368421;1;0;0;0;40;70;300;5;500,0;DELTA_E_SALDO_CONTRARIOS;True;True;975,0
15;1052;40;70;300;8;;DELTA_E_SALDO_CONTRARIOS;True;TREINO;42;6;14,285714285714286;-19900,0;-12650,0;7250,0;172,61904761904762;5;0;1;0;40;70;300;8;;DELTA_E_SALDO_CONTRARIOS;True;VALIDACAO;19;1;5,2631578947368425;6000,0;6975,0;975,0;51,31578947368421;1;0;0;0;40;70;300;8;;DELTA_E_SALDO_CONTRARIOS;True;True;975,0
16;1056;40;70;300;8;500,0;DELTA_E_SALDO_CONTRARIOS;True;TREINO;42;6;14,285714285714286;-19900,0;-12650,0;7250,0;172,61904761904762;5;0;1;0;40;70;300;8;500,0;DELTA_E_SALDO_CONTRARIOS;True;VALIDACAO;19;1;5,2631578947368425;6000,0;6975,0;975,0;51,31578947368421;1;0;0;0;40;70;300;8;500,0;DELTA_E_SALDO_CONTRARIOS;True;True;975,0
17;1540;50;70;300;2;;DELTA_E_SALDO_CONTRARIOS;True;TREINO;42;6;14,285714285714286;-19900,0;-12650,0;7250,0;172,61904761904762;5;0;1;0;50;70;300;2;;DELTA_E_SALDO_CONTRARIOS;True;VALIDACAO;19;1;5,2631578947368425;6000,0;6975,0;975,0;51,31578947368421;1;0;0;0;50;70;300;2;;DELTA_E_SALDO_CONTRARIOS;True;True;975,0
18;1544;50;70;300;2;500,0;DELTA_E_SALDO_CONTRARIOS;True;TREINO;42;6;14,285714285714286;-19900,0;-12650,0;7250,0;172,61904761904762;5;0;1;0;50;70;300;2;500,0;DELTA_E_SALDO_CONTRARIOS;True;VALIDACAO;19;1;5,2631578947368425;6000,0;6975,0;975,0;51,31578947368421;1;0;0;0;50;70;300;2;500,0;DELTA_E_SALDO_CONTRARIOS;True;True;975,0
19;1548;50;70;300;3;;DELTA_E_SALDO_CONTRARIOS;True;TREINO;42;6;14,285714285714286;-19900,0;-12650,0;7250,0;172,61904761904762;5;0;1;0;50;70;300;3;;DELTA_E_SALDO_CONTRARIOS;True;VALIDACAO;19;1;5,2631578947368425;6000,0;6975,0;975,0;51,31578947368421;1;0;0;0;50;70;300;3;;DELTA_E_SALDO_CONTRARIOS;True;True;975,0
20;1552;50;70;300;3;500,0;DELTA_E_SALDO_CONTRARIOS;True;TREINO;42;6;14,285714285714286;-19900,0;-12650,0;7250,0;172,61904761904762;5;0;1;0;50;70;300;3;500,0;DELTA_E_SALDO_CONTRARIOS;True;VALIDACAO;19;1;5,2631578947368425;6000,0;6975,0;975,0;51,31578947368421;1;0;0;0;50;70;300;3;500,0;DELTA_E_SALDO_CONTRARIOS;True;True;975,0
21;1556;50;70;300;5;;DELTA_E_SALDO_CONTRARIOS;True;TREINO;42;6;14,285714285714286;-19900,0;-12650,0;7250,0;172,61904761904762;5;0;1;0;50;70;300;5;;DELTA_E_SALDO_CONTRARIOS;True;VALIDACAO;19;1;5,2631578947368425;6000,0;6975,0;975,0;51,31578947368421;1;0;0;0;50;70;300;5;;DELTA_E_SALDO_CONTRARIOS;True;True;975,0
22;1560;50;70;300;5;500,0;DELTA_E_SALDO_CONTRARIOS;True;TREINO;42;6;14,285714285714286;-19900,0;-12650,0;7250,0;172,61904761904762;5;0;1;0;50;70;300;5;500,0;DELTA_E_SALDO_CONTRARIOS;True;VALIDACAO;19;1;5,2631578947368425;6000,0;6975,0;975,0;51,31578947368421;1;0;0;0;50;70;300;5;500,0;DELTA_E_SALDO_CONTRARIOS;True;True;975,0
23;1564;50;70;300;8;;DELTA_E_SALDO_CONTRARIOS;True;TREINO;42;6;14,285714285714286;-19900,0;-12650,0;7250,0;172,61904761904762;5;0;1;0;50;70;300;8;;DELTA_E_SALDO_CONTRARIOS;True;VALIDACAO;19;1;5,2631578947368425;6000,0;6975,0;975,0;51,31578947368421;1;0;0;0;50;70;300;8;;DELTA_E_SALDO_CONTRARIOS;True;True;975,0
24;1568;50;70;300;8;500,0;DELTA_E_SALDO_CONTRARIOS;True;TREINO;42;6;14,285714285714286;-19900,0;-12650,0;7250,0;172,61904761904762;5;0;1;0;50;70;300;8;500,0;DELTA_E_SALDO_CONTRARIOS;True;VALIDACAO;19;1;5,2631578947368425;6000,0;6975,0;975,0;51,31578947368421;1;0;0;0;50;70;300;8;500,0;DELTA_E_SALDO_CONTRARIOS;True;True;975,0
25;644;30;80;300;2;;DELTA_E_SALDO_CONTRARIOS;True;TREINO;42;5;11,904761904761905;-19900,0;-12900,0;7000,0;166,66666666666666;4;0;1;0;30;80;300;2;;DELTA_E_SALDO_CONTRARIOS;True;VALIDACAO;19;1;5,2631578947368425;6000,0;6975,0;975,0;51,31578947368421;1;0;0;0;30;80;300;2;;DELTA_E_SALDO_CONTRARIOS;True;True;975,0
26;648;30;80;300;2;500,0;DELTA_E_SALDO_CONTRARIOS;True;TREINO;42;5;11,904761904761905;-19900,0;-12900,0;7000,0;166,66666666666666;4;0;1;0;30;80;300;2;500,0;DELTA_E_SALDO_CONTRARIOS;True;VALIDACAO;19;1;5,2631578947368425;6000,0;6975,0;975,0;51,31578947368421;1;0;0;0;30;80;300;2;500,0;DELTA_E_SALDO_CONTRARIOS;True;True;975,0
27;652;30;80;300;3;;DELTA_E_SALDO_CONTRARIOS;True;TREINO;42;5;11,904761904761905;-19900,0;-12900,0;7000,0;166,66666666666666;4;0;1;0;30;80;300;3;;DELTA_E_SALDO_CONTRARIOS;True;VALIDACAO;19;1;5,2631578947368425;6000,0;6975,0;975,0;51,31578947368421;1;0;0;0;30;80;300;3;;DELTA_E_SALDO_CONTRARIOS;True;True;975,0
28;656;30;80;300;3;500,0;DELTA_E_SALDO_CONTRARIOS;True;TREINO;42;5;11,904761904761905;-19900,0;-12900,0;7000,0;166,66666666666666;4;0;1;0;30;80;300;3;500,0;DELTA_E_SALDO_CONTRARIOS;True;VALIDACAO;19;1;5,2631578947368425;6000,0;6975,0;975,0;51,31578947368421;1;0;0;0;30;80;300;3;500,0;DELTA_E_SALDO_CONTRARIOS;True;True;975,0
29;660;30;80;300;5;;DELTA_E_SALDO_CONTRARIOS;True;TREINO;42;5;11,904761904761905;-19900,0;-12900,0;7000,0;166,66666666666666;4;0;1;0;30;80;300;5;;DELTA_E_SALDO_CONTRARIOS;True;VALIDACAO;19;1;5,2631578947368425;6000,0;6975,0;975,0;51,31578947368421;1;0;0;0;30;80;300;5;;DELTA_E_SALDO_CONTRARIOS;True;True;975,0
30;664;30;80;300;5;500,0;DELTA_E_SALDO_CONTRARIOS;True;TREINO;42;5;11,904761904761905;-19900,0;-12900,0;7000,0;166,66666666666666;4;0;1;0;30;80;300;5;500,0;DELTA_E_SALDO_CONTRARIOS;True;VALIDACAO;19;1;5,2631578947368425;6000,0;6975,0;975,0;51,31578947368421;1;0;0;0;30;80;300;5;500,0;DELTA_E_SALDO_CONTRARIOS;True;True;975,0
31;668;30;80;300;8;;DELTA_E_SALDO_CONTRARIOS;True;TREINO;42;5;11,904761904761905;-19900,0;-12900,0;7000,0;166,66666666666666;4;0;1;0;30;80;300;8;;DELTA_E_SALDO_CONTRARIOS;True;VALIDACAO;19;1;5,2631578947368425;6000,0;6975,0;975,0;51,31578947368421;1;0;0;0;30;80;300;8;;DELTA_E_SALDO_CONTRARIOS;True;True;975,0
32;672;30;80;300;8;500,0;DELTA_E_SALDO_CONTRARIOS;True;TREINO;42;5;11,904761904761905;-19900,0;-12900,0;7000,0;166,66666666666666;4;0;1;0;30;80;300;8;500,0;DELTA_E_SALDO_CONTRARIOS;True;VALIDACAO;19;1;5,2631578947368425;6000,0;6975,0;975,0;51,31578947368421;1;0;0;0;30;80;300;8;500,0;DELTA_E_SALDO_CONTRARIOS;True;True;975,0
33;1156;40;80;300;2;;DELTA_E_SALDO_CONTRARIOS;True;TREINO;42;5;11,904761904761905;-19900,0;-12900,0;7000,0;166,66666666666666;4;0;1;0;40;80;300;2;;DELTA_E_SALDO_CONTRARIOS;True;VALIDACAO;19;1;5,2631578947368425;6000,0;6975,0;975,0;51,31578947368421;1;0;0;0;40;80;300;2;;DELTA_E_SALDO_CONTRARIOS;True;True;975,0
34;1160;40;80;300;2;500,0;DELTA_E_SALDO_CONTRARIOS;True;TREINO;42;5;11,904761904761905;-19900,0;-12900,0;7000,0;166,66666666666666;4;0;1;0;40;80;300;2;500,0;DELTA_E_SALDO_CONTRARIOS;True;VALIDACAO;19;1;5,2631578947368425;6000,0;6975,0;975,0;51,31578947368421;1;0;0;0;40;80;300;2;500,0;DELTA_E_SALDO_CONTRARIOS;True;True;975,0
35;1164;40;80;300;3;;DELTA_E_SALDO_CONTRARIOS;True;TREINO;42;5;11,904761904761905;-19900,0;-12900,0;7000,0;166,66666666666666;4;0;1;0;40;80;300;3;;DELTA_E_SALDO_CONTRARIOS;True;VALIDACAO;19;1;5,2631578947368425;6000,0;6975,0;975,0;51,31578947368421;1;0;0;0;40;80;300;3;;DELTA_E_SALDO_CONTRARIOS;True;True;975,0
36;1168;40;80;300;3;500,0;DELTA_E_SALDO_CONTRARIOS;True;TREINO;42;5;11,904761904761905;-19900,0;-12900,0;7000,0;166,66666666666666;4;0;1;0;40;80;300;3;500,0;DELTA_E_SALDO_CONTRARIOS;True;VALIDACAO;19;1;5,2631578947368425;6000,0;6975,0;975,0;51,31578947368421;1;0;0;0;40;80;300;3;500,0;DELTA_E_SALDO_CONTRARIOS;True;True;975,0
37;1172;40;80;300;5;;DELTA_E_SALDO_CONTRARIOS;True;TREINO;42;5;11,904761904761905;-19900,0;-12900,0;7000,0;166,66666666666666;4;0;1;0;40;80;300;5;;DELTA_E_SALDO_CONTRARIOS;True;VALIDACAO;19;1;5,2631578947368425;6000,0;6975,0;975,0;51,31578947368421;1;0;0;0;40;80;300;5;;DELTA_E_SALDO_CONTRARIOS;True;True;975,0
38;1176;40;80;300;5;500,0;DELTA_E_SALDO_CONTRARIOS;True;TREINO;42;5;11,904761904761905;-19900,0;-12900,0;7000,0;166,66666666666666;4;0;1;0;40;80;300;5;500,0;DELTA_E_SALDO_CONTRARIOS;True;VALIDACAO;19;1;5,2631578947368425;6000,0;6975,0;975,0;51,31578947368421;1;0;0;0;40;80;300;5;500,0;DELTA_E_SALDO_CONTRARIOS;True;True;975,0
39;1180;40;80;300;8;;DELTA_E_SALDO_CONTRARIOS;True;TREINO;42;5;11,904761904761905;-19900,0;-12900,0;7000,0;166,66666666666666;4;0;1;0;40;80;300;8;;DELTA_E_SALDO_CONTRARIOS;True;VALIDACAO;19;1;5,2631578947368425;6000,0;6975,0;975,0;51,31578947368421;1;0;0;0;40;80;300;8;;DELTA_E_SALDO_CONTRARIOS;True;True;975,0
40;1184;40;80;300;8;500,0;DELTA_E_SALDO_CONTRARIOS;True;TREINO;42;5;11,904761904761905;-19900,0;-12900,0;7000,0;166,66666666666666;4;0;1;0;40;80;300;8;500,0;DELTA_E_SALDO_CONTRARIOS;True;VALIDACAO;19;1;5,2631578947368425;6000,0;6975,0;975,0;51,31578947368421;1;0;0;0;40;80;300;8;500,0;DELTA_E_SALDO_CONTRARIOS;True;True;975,0
41;1668;50;80;300;2;;DELTA_E_SALDO_CONTRARIOS;True;TREINO;42;5;11,904761904761905;-19900,0;-12900,0;7000,0;166,66666666666666;4;0;1;0;50;80;300;2;;DELTA_E_SALDO_CONTRARIOS;True;VALIDACAO;19;1;5,2631578947368425;6000,0;6975,0;975,0;51,31578947368421;1;0;0;0;50;80;300;2;;DELTA_E_SALDO_CONTRARIOS;True;True;975,0
42;1672;50;80;300;2;500,0;DELTA_E_SALDO_CONTRARIOS;True;TREINO;42;5;11,904761904761905;-19900,0;-12900,0;7000,0;166,66666666666666;4;0;1;0;50;80;300;2;500,0;DELTA_E_SALDO_CONTRARIOS;True;VALIDACAO;19;1;5,2631578947368425;6000,0;6975,0;975,0;51,31578947368421;1;0;0;0;50;80;300;2;500,0;DELTA_E_SALDO_CONTRARIOS;True;True;975,0
43;1676;50;80;300;3;;DELTA_E_SALDO_CONTRARIOS;True;TREINO;42;5;11,904761904761905;-19900,0;-12900,0;7000,0;166,66666666666666;4;0;1;0;50;80;300;3;;DELTA_E_SALDO_CONTRARIOS;True;VALIDACAO;19;1;5,2631578947368425;6000,0;6975,0;975,0;51,31578947368421;1;0;0;0;50;80;300;3;;DELTA_E_SALDO_CONTRARIOS;True;True;975,0
44;1680;50;80;300;3;500,0;DELTA_E_SALDO_CONTRARIOS;True;TREINO;42;5;11,904761904761905;-19900,0;-12900,0;7000,0;166,66666666666666;4;0;1;0;50;80;300;3;500,0;DELTA_E_SALDO_CONTRARIOS;True;VALIDACAO;19;1;5,2631578947368425;6000,0;6975,0;975,0;51,31578947368421;1;0;0;0;50;80;300;3;500,0;DELTA_E_SALDO_CONTRARIOS;True;True;975,0
45;1684;50;80;300;5;;DELTA_E_SALDO_CONTRARIOS;True;TREINO;42;5;11,904761904761905;-19900,0;-12900,0;7000,0;166,66666666666666;4;0;1;0;50;80;300;5;;DELTA_E_SALDO_CONTRARIOS;True;VALIDACAO;19;1;5,2631578947368425;6000,0;6975,0;975,0;51,31578947368421;1;0;0;0;50;80;300;5;;DELTA_E_SALDO_CONTRARIOS;True;True;975,0
46;1688;50;80;300;5;500,0;DELTA_E_SALDO_CONTRARIOS;True;TREINO;42;5;11,904761904761905;-19900,0;-12900,0;7000,0;166,66666666666666;4;0;1;0;50;80;300;5;500,0;DELTA_E_SALDO_CONTRARIOS;True;VALIDACAO;19;1;5,2631578947368425;6000,0;6975,0;975,0;51,31578947368421;1;0;0;0;50;80;300;5;500,0;DELTA_E_SALDO_CONTRARIOS;True;True;975,0
47;1692;50;80;300;8;;DELTA_E_SALDO_CONTRARIOS;True;TREINO;42;5;11,904761904761905;-19900,0;-12900,0;7000,0;166,66666666666666;4;0;1;0;50;80;300;8;;DELTA_E_SALDO_CONTRARIOS;True;VALIDACAO;19;1;5,2631578947368425;6000,0;6975,0;975,0;51,31578947368421;1;0;0;0;50;80;300;8;;DELTA_E_SALDO_CONTRARIOS;True;True;975,0
48;1696;50;80;300;8;500,0;DELTA_E_SALDO_CONTRARIOS;True;TREINO;42;5;11,904761904761905;-19900,0;-12900,0;7000,0;166,66666666666666;4;0;1;0;50;80;300;8;500,0;DELTA_E_SALDO_CONTRARIOS;True;VALIDACAO;19;1;5,2631578947368425;6000,0;6975,0;975,0;51,31578947368421;1;0;0;0;50;80;300;8;500,0;DELTA_E_SALDO_CONTRARIOS;True;True;975,0
49;518;30;70;300;2;500,0;SOMENTE_SCORES;True;TREINO;42;8;19,047619047619047;-19900,0;-13675,0;6225,0;148,21428571428572;6;1;1;0;30;70;300;2;500,0;SOMENTE_SCORES;True;VALIDACAO;19;1;5,2631578947368425;6000,0;6975,0;975,0;51,31578947368421;1;0;0;0;30;70;300;2;500,0;SOMENTE_SCORES;True;True;975,0
50;526;30;70;300;3;500,0;SOMENTE_SCORES;True;TREINO;42;8;19,047619047619047;-19900,0;-13675,0;6225,0;148,21428571428572;6;1;1;0;30;70;300;3;500,0;SOMENTE_SCORES;True;VALIDACAO;19;1;5,2631578947368425;6000,0;6975,0;975,0;51,31578947368421;1;0;0;0;30;70;300;3;500,0;SOMENTE_SCORES;True;True;975,0
51;534;30;70;300;5;500,0;SOMENTE_SCORES;True;TREINO;42;8;19,047619047619047;-19900,0;-13675,0;6225,0;148,21428571428572;6;1;1;0;30;70;300;5;500,0;SOMENTE_SCORES;True;VALIDACAO;19;1;5,2631578947368425;6000,0;6975,0;975,0;51,31578947368421;1;0;0;0;30;70;300;5;500,0;SOMENTE_SCORES;True;True;975,0
52;542;30;70;300;8;500,0;SOMENTE_SCORES;True;TREINO;42;8;19,047619047619047;-19900,0;-13675,0;6225,0;148,21428571428572;6;1;1;0;30;70;300;8;500,0;SOMENTE_SCORES;True;VALIDACAO;19;1;5,2631578947368425;6000,0;6975,0;975,0;51,31578947368421;1;0;0;0;30;70;300;8;500,0;SOMENTE_SCORES;True;True;975,0
53;1030;40;70;300;2;500,0;SOMENTE_SCORES;True;TREINO;42;8;19,047619047619047;-19900,0;-13675,0;6225,0;148,21428571428572;6;1;1;0;40;70;300;2;500,0;SOMENTE_SCORES;True;VALIDACAO;19;1;5,2631578947368425;6000,0;6975,0;975,0;51,31578947368421;1;0;0;0;40;70;300;2;500,0;SOMENTE_SCORES;True;True;975,0
54;1038;40;70;300;3;500,0;SOMENTE_SCORES;True;TREINO;42;8;19,047619047619047;-19900,0;-13675,0;6225,0;148,21428571428572;6;1;1;0;40;70;300;3;500,0;SOMENTE_SCORES;True;VALIDACAO;19;1;5,2631578947368425;6000,0;6975,0;975,0;51,31578947368421;1;0;0;0;40;70;300;3;500,0;SOMENTE_SCORES;True;True;975,0
55;1046;40;70;300;5;500,0;SOMENTE_SCORES;True;TREINO;42;8;19,047619047619047;-19900,0;-13675,0;6225,0;148,21428571428572;6;1;1;0;40;70;300;5;500,0;SOMENTE_SCORES;True;VALIDACAO;19;1;5,2631578947368425;6000,0;6975,0;975,0;51,31578947368421;1;0;0;0;40;70;300;5;500,0;SOMENTE_SCORES;True;True;975,0
56;1054;40;70;300;8;500,0;SOMENTE_SCORES;True;TREINO;42;8;19,047619047619047;-19900,0;-13675,0;6225,0;148,21428571428572;6;1;1;0;40;70;300;8;500,0;SOMENTE_SCORES;True;VALIDACAO;19;1;5,2631578947368425;6000,0;6975,0;975,0;51,31578947368421;1;0;0;0;40;70;300;8;500,0;SOMENTE_SCORES;True;True;975,0
57;1542;50;70;300;2;500,0;SOMENTE_SCORES;True;TREINO;42;8;19,047619047619047;-19900,0;-13675,0;6225,0;148,21428571428572;6;1;1;0;50;70;300;2;500,0;SOMENTE_SCORES;True;VALIDACAO;19;1;5,2631578947368425;6000,0;6975,0;975,0;51,31578947368421;1;0;0;0;50;70;300;2;500,0;SOMENTE_SCORES;True;True;975,0
58;1550;50;70;300;3;500,0;SOMENTE_SCORES;True;TREINO;42;8;19,047619047619047;-19900,0;-13675,0;6225,0;148,21428571428572;6;1;1;0;50;70;300;3;500,0;SOMENTE_SCORES;True;VALIDACAO;19;1;5,2631578947368425;6000,0;6975,0;975,0;51,31578947368421;1;0;0;0;50;70;300;3;500,0;SOMENTE_SCORES;True;True;975,0
59;1558;50;70;300;5;500,0;SOMENTE_SCORES;True;TREINO;42;8;19,047619047619047;-19900,0;-13675,0;6225,0;148,21428571428572;6;1;1;0;50;70;300;5;500,0;SOMENTE_SCORES;True;VALIDACAO;19;1;5,2631578947368425;6000,0;6975,0;975,0;51,31578947368421;1;0;0;0;50;70;300;5;500,0;SOMENTE_SCORES;True;True;975,0
60;1566;50;70;300;8;500,0;SOMENTE_SCORES;True;TREINO;42;8;19,047619047619047;-19900,0;-13675,0;6225,0;148,21428571428572;6;1;1;0;50;70;300;8;500,0;SOMENTE_SCORES;True;VALIDACAO;19;1;5,2631578947368425;6000,0;6975,0;975,0;51,31578947368421;1;0;0;0;50;70;300;8;500,0;SOMENTE_SCORES;True;True;975,0
61;6;20;70;300;2;500,0;SOMENTE_SCORES;True;TREINO;42;5;11,904761904761905;-19900,0;-14100,0;5800,0;138,0952380952381;5;0;0;0;20;70;300;2;500,0;SOMENTE_SCORES;True;VALIDACAO;19;1;5,2631578947368425;6000,0;6975,0;975,0;51,31578947368421;1;0;0;0;20;70;300;2;500,0;SOMENTE_SCORES;True;True;975,0
62;14;20;70;300;3;500,0;SOMENTE_SCORES;True;TREINO;42;5;11,904761904761905;-19900,0;-14100,0;5800,0;138,0952380952381;5;0;0;0;20;70;300;3;500,0;SOMENTE_SCORES;True;VALIDACAO;19;1;5,2631578947368425;6000,0;6975,0;975,0;51,31578947368421;1;0;0;0;20;70;300;3;500,0;SOMENTE_SCORES;True;True;975,0
63;22;20;70;300;5;500,0;SOMENTE_SCORES;True;TREINO;42;5;11,904761904761905;-19900,0;-14100,0;5800,0;138,0952380952381;5;0;0;0;20;70;300;5;500,0;SOMENTE_SCORES;True;VALIDACAO;19;1;5,2631578947368425;6000,0;6975,0;975,0;51,31578947368421;1;0;0;0;20;70;300;5;500,0;SOMENTE_SCORES;True;True;975,0
64;30;20;70;300;8;500,0;SOMENTE_SCORES;True;TREINO;42;5;11,904761904761905;-19900,0;-14100,0;5800,0;138,0952380952381;5;0;0;0;20;70;300;8;500,0;SOMENTE_SCORES;True;VALIDACAO;19;1;5,2631578947368425;6000,0;6975,0;975,0;51,31578947368421;1;0;0;0;20;70;300;8;500,0;SOMENTE_SCORES;True;True;975,0
65;38;20;70;500;2;500,0;SOMENTE_SCORES;True;TREINO;42;5;11,904761904761905;-19900,0;-14675,0;5225,0;124,4047619047619;5;0;0;0;20;70;500;2;500,0;SOMENTE_SCORES;True;VALIDACAO;19;1;5,2631578947368425;6000,0;6975,0;975,0;51,31578947368421;1;0;0;0;20;70;500;2;500,0;SOMENTE_SCORES;True;True;975,0
66;46;20;70;500;3;500,0;SOMENTE_SCORES;True;TREINO;42;5;11,904761904761905;-19900,0;-14675,0;5225,0;124,4047619047619;5;0;0;0;20;70;500;3;500,0;SOMENTE_SCORES;True;VALIDACAO;19;1;5,2631578947368425;6000,0;6975,0;975,0;51,31578947368421;1;0;0;0;20;70;500;3;500,0;SOMENTE_SCORES;True;True;975,0
67;54;20;70;500;5;500,0;SOMENTE_SCORES;True;TREINO;42;5;11,904761904761905;-19900,0;-14675,0;5225,0;124,4047619047619;5;0;0;0;20;70;500;5;500,0;SOMENTE_SCORES;True;VALIDACAO;19;1;5,2631578947368425;6000,0;6975,0;975,0;51,31578947368421;1;0;0;0;20;70;500;5;500,0;SOMENTE_SCORES;True;True;975,0
68;62;20;70;500;8;500,0;SOMENTE_SCORES;True;TREINO;42;5;11,904761904761905;-19900,0;-14675,0;5225,0;124,4047619047619;5;0;0;0;20;70;500;8;500,0;SOMENTE_SCORES;True;VALIDACAO;19;1;5,2631578947368425;6000,0;6975,0;975,0;51,31578947368421;1;0;0;0;20;70;500;8;500,0;SOMENTE_SCORES;True;True;975,0
69;70;20;70;700;2;500,0;SOMENTE_SCORES;True;TREINO;42;5;11,904761904761905;-19900,0;-14675,0;5225,0;124,4047619047619;5;0;0;0;20;70;700;2;500,0;SOMENTE_SCORES;True;VALIDACAO;19;1;5,2631578947368425;6000,0;6975,0;975,0;51,31578947368421;1;0;0;0;20;70;700;2;500,0;SOMENTE_SCORES;True;True;975,0
70;78;20;70;700;3;500,0;SOMENTE_SCORES;True;TREINO;42;5;11,904761904761905;-19900,0;-14675,0;5225,0;124,4047619047619;5;0;0;0;20;70;700;3;500,0;SOMENTE_SCORES;True;VALIDACAO;19;1;5,2631578947368425;6000,0;6975,0;975,0;51,31578947368421;1;0;0;0;20;70;700;3;500,0;SOMENTE_SCORES;True;True;975,0
71;86;20;70;700;5;500,0;SOMENTE_SCORES;True;TREINO;42;5;11,904761904761905;-19900,0;-14675,0;5225,0;124,4047619047619;5;0;0;0;20;70;700;5;500,0;SOMENTE_SCORES;True;VALIDACAO;19;1;5,2631578947368425;6000,0;6975,0;975,0;51,31578947368421;1;0;0;0;20;70;700;5;500,0;SOMENTE_SCORES;True;True;975,0
72;94;20;70;700;8;500,0;SOMENTE_SCORES;True;TREINO;42;5;11,904761904761905;-19900,0;-14675,0;5225,0;124,4047619047619;5;0;0;0;20;70;700;8;500,0;SOMENTE_SCORES;True;VALIDACAO;19;1;5,2631578947368425;6000,0;6975,0;975,0;51,31578947368421;1;0;0;0;20;70;700;8;500,0;SOMENTE_SCORES;True;True;975,0
73;102;20;70;900;2;500,0;SOMENTE_SCORES;True;TREINO;42;5;11,904761904761905;-19900,0;-14675,0;5225,0;124,4047619047619;5;0;0;0;20;70;900;2;500,0;SOMENTE_SCORES;True;VALIDACAO;19;1;5,2631578947368425;6000,0;6975,0;975,0;51,31578947368421;1;0;0;0;20;70;900;2;500,0;SOMENTE_SCORES;True;True;975,0
74;110;20;70;900;3;500,0;SOMENTE_SCORES;True;TREINO;42;5;11,904761904761905;-19900,0;-14675,0;5225,0;124,4047619047619;5;0;0;0;20;70;900;3;500,0;SOMENTE_SCORES;True;VALIDACAO;19;1;5,2631578947368425;6000,0;6975,0;975,0;51,31578947368421;1;0;0;0;20;70;900;3;500,0;SOMENTE_SCORES;True;True;975,0
75;118;20;70;900;5;500,0;SOMENTE_SCORES;True;TREINO;42;5;11,904761904761905;-19900,0;-14675,0;5225,0;124,4047619047619;5;0;0;0;20;70;900;5;500,0;SOMENTE_SCORES;True;VALIDACAO;19;1;5,2631578947368425;6000,0;6975,0;975,0;51,31578947368421;1;0;0;0;20;70;900;5;500,0;SOMENTE_SCORES;True;True;975,0
76;126;20;70;900;8;500,0;SOMENTE_SCORES;True;TREINO;42;5;11,904761904761905;-19900,0;-14675,0;5225,0;124,4047619047619;5;0;0;0;20;70;900;8;500,0;SOMENTE_SCORES;True;VALIDACAO;19;1;5,2631578947368425;6000,0;6975,0;975,0;51,31578947368421;1;0;0;0;20;70;900;8;500,0;SOMENTE_SCORES;True;True;975,0
77;550;30;70;500;2;500,0;SOMENTE_SCORES;True;TREINO;42;5;11,904761904761905;-19900,0;-14675,0;5225,0;124,4047619047619;5;0;0;0;30;70;500;2;500,0;SOMENTE_SCORES;True;VALIDACAO;19;1;5,2631578947368425;6000,0;6975,0;975,0;51,31578947368421;1;0;0;0;30;70;500;2;500,0;SOMENTE_SCORES;True;True;975,0
78;558;30;70;500;3;500,0;SOMENTE_SCORES;True;TREINO;42;5;11,904761904761905;-19900,0;-14675,0;5225,0;124,4047619047619;5;0;0;0;30;70;500;3;500,0;SOMENTE_SCORES;True;VALIDACAO;19;1;5,2631578947368425;6000,0;6975,0;975,0;51,31578947368421;1;0;0;0;30;70;500;3;500,0;SOMENTE_SCORES;True;True;975,0
79;566;30;70;500;5;500,0;SOMENTE_SCORES;True;TREINO;42;5;11,904761904761905;-19900,0;-14675,0;5225,0;124,4047619047619;5;0;0;0;30;70;500;5;500,0;SOMENTE_SCORES;True;VALIDACAO;19;1;5,2631578947368425;6000,0;6975,0;975,0;51,31578947368421;1;0;0;0;30;70;500;5;500,0;SOMENTE_SCORES;True;True;975,0
80;574;30;70;500;8;500,0;SOMENTE_SCORES;True;TREINO;42;5;11,904761904761905;-19900,0;-14675,0;5225,0;124,4047619047619;5;0;0;0;30;70;500;8;500,0;SOMENTE_SCORES;True;VALIDACAO;19;1;5,2631578947368425;6000,0;6975,0;975,0;51,31578947368421;1;0;0;0;30;70;500;8;500,0;SOMENTE_SCORES;True;True;975,0
81;582;30;70;700;2;500,0;SOMENTE_SCORES;True;TREINO;42;5;11,904761904761905;-19900,0;-14675,0;5225,0;124,4047619047619;5;0;0;0;30;70;700;2;500,0;SOMENTE_SCORES;True;VALIDACAO;19;1;5,2631578947368425;6000,0;6975,0;975,0;51,31578947368421;1;0;0;0;30;70;700;2;500,0;SOMENTE_SCORES;True;True;975,0
82;590;30;70;700;3;500,0;SOMENTE_SCORES;True;TREINO;42;5;11,904761904761905;-19900,0;-14675,0;5225,0;124,4047619047619;5;0;0;0;30;70;700;3;500,0;SOMENTE_SCORES;True;VALIDACAO;19;1;5,2631578947368425;6000,0;6975,0;975,0;51,31578947368421;1;0;0;0;30;70;700;3;500,0;SOMENTE_SCORES;True;True;975,0
83;598;30;70;700;5;500,0;SOMENTE_SCORES;True;TREINO;42;5;11,904761904761905;-19900,0;-14675,0;5225,0;124,4047619047619;5;0;0;0;30;70;700;5;500,0;SOMENTE_SCORES;True;VALIDACAO;19;1;5,2631578947368425;6000,0;6975,0;975,0;51,31578947368421;1;0;0;0;30;70;700;5;500,0;SOMENTE_SCORES;True;True;975,0
84;606;30;70;700;8;500,0;SOMENTE_SCORES;True;TREINO;42;5;11,904761904761905;-19900,0;-14675,0;5225,0;124,4047619047619;5;0;0;0;30;70;700;8;500,0;SOMENTE_SCORES;True;VALIDACAO;19;1;5,2631578947368425;6000,0;6975,0;975,0;51,31578947368421;1;0;0;0;30;70;700;8;500,0;SOMENTE_SCORES;True;True;975,0
85;614;30;70;900;2;500,0;SOMENTE_SCORES;True;TREINO;42;5;11,904761904761905;-19900,0;-14675,0;5225,0;124,4047619047619;5;0;0;0;30;70;900;2;500,0;SOMENTE_SCORES;True;VALIDACAO;19;1;5,2631578947368425;6000,0;6975,0;975,0;51,31578947368421;1;0;0;0;30;70;900;2;500,0;SOMENTE_SCORES;True;True;975,0
86;622;30;70;900;3;500,0;SOMENTE_SCORES;True;TREINO;42;5;11,904761904761905;-19900,0;-14675,0;5225,0;124,4047619047619;5;0;0;0;30;70;900;3;500,0;SOMENTE_SCORES;True;VALIDACAO;19;1;5,2631578947368425;6000,0;6975,0;975,0;51,31578947368421;1;0;0;0;30;70;900;3;500,0;SOMENTE_SCORES;True;True;975,0
87;630;30;70;900;5;500,0;SOMENTE_SCORES;True;TREINO;42;5;11,904761904761905;-19900,0;-14675,0;5225,0;124,4047619047619;5;0;0;0;30;70;900;5;500,0;SOMENTE_SCORES;True;VALIDACAO;19;1;5,2631578947368425;6000,0;6975,0;975,0;51,31578947368421;1;0;0;0;30;70;900;5;500,0;SOMENTE_SCORES;True;True;975,0
88;638;30;70;900;8;500,0;SOMENTE_SCORES;True;TREINO;42;5;11,904761904761905;-19900,0;-14675,0;5225,0;124,4047619047619;5;0;0;0;30;70;900;8;500,0;SOMENTE_SCORES;True;VALIDACAO;19;1;5,2631578947368425;6000,0;6975,0;975,0;51,31578947368421;1;0;0;0;30;70;900;8;500,0;SOMENTE_SCORES;True;True;975,0
89;1062;40;70;500;2;500,0;SOMENTE_SCORES;True;TREINO;42;5;11,904761904761905;-19900,0;-14675,0;5225,0;124,4047619047619;5;0;0;0;40;70;500;2;500,0;SOMENTE_SCORES;True;VALIDACAO;19;1;5,2631578947368425;6000,0;6975,0;975,0;51,31578947368421;1;0;0;0;40;70;500;2;500,0;SOMENTE_SCORES;True;True;975,0
90;1070;40;70;500;3;500,0;SOMENTE_SCORES;True;TREINO;42;5;11,904761904761905;-19900,0;-14675,0;5225,0;124,4047619047619;5;0;0;0;40;70;500;3;500,0;SOMENTE_SCORES;True;VALIDACAO;19;1;5,2631578947368425;6000,0;6975,0;975,0;51,31578947368421;1;0;0;0;40;70;500;3;500,0;SOMENTE_SCORES;True;True;975,0
91;1078;40;70;500;5;500,0;SOMENTE_SCORES;True;TREINO;42;5;11,904761904761905;-19900,0;-14675,0;5225,0;124,4047619047619;5;0;0;0;40;70;500;5;500,0;SOMENTE_SCORES;True;VALIDACAO;19;1;5,2631578947368425;6000,0;6975,0;975,0;51,31578947368421;1;0;0;0;40;70;500;5;500,0;SOMENTE_SCORES;True;True;975,0
92;1086;40;70;500;8;500,0;SOMENTE_SCORES;True;TREINO;42;5;11,904761904761905;-19900,0;-14675,0;5225,0;124,4047619047619;5;0;0;0;40;70;500;8;500,0;SOMENTE_SCORES;True;VALIDACAO;19;1;5,2631578947368425;6000,0;6975,0;975,0;51,31578947368421;1;0;0;0;40;70;500;8;500,0;SOMENTE_SCORES;True;True;975,0
93;1094;40;70;700;2;500,0;SOMENTE_SCORES;True;TREINO;42;5;11,904761904761905;-19900,0;-14675,0;5225,0;124,4047619047619;5;0;0;0;40;70;700;2;500,0;SOMENTE_SCORES;True;VALIDACAO;19;1;5,2631578947368425;6000,0;6975,0;975,0;51,31578947368421;1;0;0;0;40;70;700;2;500,0;SOMENTE_SCORES;True;True;975,0
94;1102;40;70;700;3;500,0;SOMENTE_SCORES;True;TREINO;42;5;11,904761904761905;-19900,0;-14675,0;5225,0;124,4047619047619;5;0;0;0;40;70;700;3;500,0;SOMENTE_SCORES;True;VALIDACAO;19;1;5,2631578947368425;6000,0;6975,0;975,0;51,31578947368421;1;0;0;0;40;70;700;3;500,0;SOMENTE_SCORES;True;True;975,0
95;1110;40;70;700;5;500,0;SOMENTE_SCORES;True;TREINO;42;5;11,904761904761905;-19900,0;-14675,0;5225,0;124,4047619047619;5;0;0;0;40;70;700;5;500,0;SOMENTE_SCORES;True;VALIDACAO;19;1;5,2631578947368425;6000,0;6975,0;975,0;51,31578947368421;1;0;0;0;40;70;700;5;500,0;SOMENTE_SCORES;True;True;975,0
96;1118;40;70;700;8;500,0;SOMENTE_SCORES;True;TREINO;42;5;11,904761904761905;-19900,0;-14675,0;5225,0;124,4047619047619;5;0;0;0;40;70;700;8;500,0;SOMENTE_SCORES;True;VALIDACAO;19;1;5,2631578947368425;6000,0;6975,0;975,0;51,31578947368421;1;0;0;0;40;70;700;8;500,0;SOMENTE_SCORES;True;True;975,0
97;1126;40;70;900;2;500,0;SOMENTE_SCORES;True;TREINO;42;5;11,904761904761905;-19900,0;-14675,0;5225,0;124,4047619047619;5;0;0;0;40;70;900;2;500,0;SOMENTE_SCORES;True;VALIDACAO;19;1;5,2631578947368425;6000,0;6975,0;975,0;51,31578947368421;1;0;0;0;40;70;900;2;500,0;SOMENTE_SCORES;True;True;975,0
98;1134;40;70;900;3;500,0;SOMENTE_SCORES;True;TREINO;42;5;11,904761904761905;-19900,0;-14675,0;5225,0;124,4047619047619;5;0;0;0;40;70;900;3;500,0;SOMENTE_SCORES;True;VALIDACAO;19;1;5,2631578947368425;6000,0;6975,0;975,0;51,31578947368421;1;0;0;0;40;70;900;3;500,0;SOMENTE_SCORES;True;True;975,0
99;1142;40;70;900;5;500,0;SOMENTE_SCORES;True;TREINO;42;5;11,904761904761905;-19900,0;-14675,0;5225,0;124,4047619047619;5;0;0;0;40;70;900;5;500,0;SOMENTE_SCORES;True;VALIDACAO;19;1;5,2631578947368425;6000,0;6975,0;975,0;51,31578947368421;1;0;0;0;40;70;900;5;500,0;SOMENTE_SCORES;True;True;975,0
100;1150;40;70;900;8;500,0;SOMENTE_SCORES;True;TREINO;42;5;11,904761904761905;-19900,0;-14675,0;5225,0;124,4047619047619;5;0;0;0;40;70;900;8;500,0;SOMENTE_SCORES;True;VALIDACAO;19;1;5,2631578947368425;6000,0;6975,0;975,0;51,31578947368421;1;0;0;0;40;70;900;8;500,0;SOMENTE_SCORES;True;True;975,0
101;1574;50;70;500;2;500,0;SOMENTE_SCORES;True;TREINO;42;5;11,904761904761905;-19900,0;-14675,0;5225,0;124,4047619047619;5;0;0;0;50;70;500;2;500,0;SOMENTE_SCORES;True;VALIDACAO;19;1;5,2631578947368425;6000,0;6975,0;975,0;51,31578947368421;1;0;0;0;50;70;500;2;500,0;SOMENTE_SCORES;True;True;975,0
102;1582;50;70;500;3;500,0;SOMENTE_SCORES;True;TREINO;42;5;11,904761904761905;-19900,0;-14675,0;5225,0;124,4047619047619;5;0;0;0;50;70;500;3;500,0;SOMENTE_SCORES;True;VALIDACAO;19;1;5,2631578947368425;6000,0;6975,0;975,0;51,31578947368421;1;0;0;0;50;70;500;3;500,0;SOMENTE_SCORES;True;True;975,0
103;1590;50;70;500;5;500,0;SOMENTE_SCORES;True;TREINO;42;5;11,904761904761905;-19900,0;-14675,0;5225,0;124,4047619047619;5;0;0;0;50;70;500;5;500,0;SOMENTE_SCORES;True;VALIDACAO;19;1;5,2631578947368425;6000,0;6975,0;975,0;51,31578947368421;1;0;0;0;50;70;500;5;500,0;SOMENTE_SCORES;True;True;975,0
104;1598;50;70;500;8;500,0;SOMENTE_SCORES;True;TREINO;42;5;11,904761904761905;-19900,0;-14675,0;5225,0;124,4047619047619;5;0;0;0;50;70;500;8;500,0;SOMENTE_SCORES;True;VALIDACAO;19;1;5,2631578947368425;6000,0;6975,0;975,0;51,31578947368421;1;0;0;0;50;70;500;8;500,0;SOMENTE_SCORES;True;True;975,0
105;1606;50;70;700;2;500,0;SOMENTE_SCORES;True;TREINO;42;5;11,904761904761905;-19900,0;-14675,0;5225,0;124,4047619047619;5;0;0;0;50;70;700;2;500,0;SOMENTE_SCORES;True;VALIDACAO;19;1;5,2631578947368425;6000,0;6975,0;975,0;51,31578947368421;1;0;0;0;50;70;700;2;500,0;SOMENTE_SCORES;True;True;975,0
106;1614;50;70;700;3;500,0;SOMENTE_SCORES;True;TREINO;42;5;11,904761904761905;-19900,0;-14675,0;5225,0;124,4047619047619;5;0;0;0;50;70;700;3;500,0;SOMENTE_SCORES;True;VALIDACAO;19;1;5,2631578947368425;6000,0;6975,0;975,0;51,31578947368421;1;0;0;0;50;70;700;3;500,0;SOMENTE_SCORES;True;True;975,0
107;1622;50;70;700;5;500,0;SOMENTE_SCORES;True;TREINO;42;5;11,904761904761905;-19900,0;-14675,0;5225,0;124,4047619047619;5;0;0;0;50;70;700;5;500,0;SOMENTE_SCORES;True;VALIDACAO;19;1;5,2631578947368425;6000,0;6975,0;975,0;51,31578947368421;1;0;0;0;50;70;700;5;500,0;SOMENTE_SCORES;True;True;975,0
108;1630;50;70;700;8;500,0;SOMENTE_SCORES;True;TREINO;42;5;11,904761904761905;-19900,0;-14675,0;5225,0;124,4047619047619;5;0;0;0;50;70;700;8;500,0;SOMENTE_SCORES;True;VALIDACAO;19;1;5,2631578947368425;6000,0;6975,0;975,0;51,31578947368421;1;0;0;0;50;70;700;8;500,0;SOMENTE_SCORES;True;True;975,0
109;1638;50;70;900;2;500,0;SOMENTE_SCORES;True;TREINO;42;5;11,904761904761905;-19900,0;-14675,0;5225,0;124,4047619047619;5;0;0;0;50;70;900;2;500,0;SOMENTE_SCORES;True;VALIDACAO;19;1;5,2631578947368425;6000,0;6975,0;975,0;51,31578947368421;1;0;0;0;50;70;900;2;500,0;SOMENTE_SCORES;True;True;975,0
110;1646;50;70;900;3;500,0;SOMENTE_SCORES;True;TREINO;42;5;11,904761904761905;-19900,0;-14675,0;5225,0;124,4047619047619;5;0;0;0;50;70;900;3;500,0;SOMENTE_SCORES;True;VALIDACAO;19;1;5,2631578947368425;6000,0;6975,0;975,0;51,31578947368421;1;0;0;0;50;70;900;3;500,0;SOMENTE_SCORES;True;True;975,0
111;1654;50;70;900;5;500,0;SOMENTE_SCORES;True;TREINO;42;5;11,904761904761905;-19900,0;-14675,0;5225,0;124,4047619047619;5;0;0;0;50;70;900;5;500,0;SOMENTE_SCORES;True;VALIDACAO;19;1;5,2631578947368425;6000,0;6975,0;975,0;51,31578947368421;1;0;0;0;50;70;900;5;500,0;SOMENTE_SCORES;True;True;975,0
112;1662;50;70;900;8;500,0;SOMENTE_SCORES;True;TREINO;42;5;11,904761904761905;-19900,0;-14675,0;5225,0;124,4047619047619;5;0;0;0;50;70;900;8;500,0;SOMENTE_SCORES;True;VALIDACAO;19;1;5,2631578947368425;6000,0;6975,0;975,0;51,31578947368421;1;0;0;0;50;70;900;8;500,0;SOMENTE_SCORES;True;True;975,0
113;642;30;80;300;2;;SOMENTE_SCORES;True;TREINO;42;6;14,285714285714286;-19900,0;-15100,0;4800,0;114,28571428571429;4;1;1;0;30;80;300;2;;SOMENTE_SCORES;True;VALIDACAO;19;1;5,2631578947368425;6000,0;6975,0;975,0;51,31578947368421;1;0;0;0;30;80;300;2;;SOMENTE_SCORES;True;True;975,0
114;646;30;80;300;2;500,0;SOMENTE_SCORES;True;TREINO;42;6;14,285714285714286;-19900,0;-15100,0;4800,0;114,28571428571429;4;1;1;0;30;80;300;2;500,0;SOMENTE_SCORES;True;VALIDACAO;19;1;5,2631578947368425;6000,0;6975,0;975,0;51,31578947368421;1;0;0;0;30;80;300;2;500,0;SOMENTE_SCORES;True;True;975,0
115;650;30;80;300;3;;SOMENTE_SCORES;True;TREINO;42;6;14,285714285714286;-19900,0;-15100,0;4800,0;114,28571428571429;4;1;1;0;30;80;300;3;;SOMENTE_SCORES;True;VALIDACAO;19;1;5,2631578947368425;6000,0;6975,0;975,0;51,31578947368421;1;0;0;0;30;80;300;3;;SOMENTE_SCORES;True;True;975,0
116;654;30;80;300;3;500,0;SOMENTE_SCORES;True;TREINO;42;6;14,285714285714286;-19900,0;-15100,0;4800,0;114,28571428571429;4;1;1;0;30;80;300;3;500,0;SOMENTE_SCORES;True;VALIDACAO;19;1;5,2631578947368425;6000,0;6975,0;975,0;51,31578947368421;1;0;0;0;30;80;300;3;500,0;SOMENTE_SCORES;True;True;975,0
117;658;30;80;300;5;;SOMENTE_SCORES;True;TREINO;42;6;14,285714285714286;-19900,0;-15100,0;4800,0;114,28571428571429;4;1;1;0;30;80;300;5;;SOMENTE_SCORES;True;VALIDACAO;19;1;5,2631578947368425;6000,0;6975,0;975,0;51,31578947368421;1;0;0;0;30;80;300;5;;SOMENTE_SCORES;True;True;975,0
118;662;30;80;300;5;500,0;SOMENTE_SCORES;True;TREINO;42;6;14,285714285714286;-19900,0;-15100,0;4800,0;114,28571428571429;4;1;1;0;30;80;300;5;500,0;SOMENTE_SCORES;True;VALIDACAO;19;1;5,2631578947368425;6000,0;6975,0;975,0;51,31578947368421;1;0;0;0;30;80;300;5;500,0;SOMENTE_SCORES;True;True;975,0
119;666;30;80;300;8;;SOMENTE_SCORES;True;TREINO;42;6;14,285714285714286;-19900,0;-15100,0;4800,0;114,28571428571429;4;1;1;0;30;80;300;8;;SOMENTE_SCORES;True;VALIDACAO;19;1;5,2631578947368425;6000,0;6975,0;975,0;51,31578947368421;1;0;0;0;30;80;300;8;;SOMENTE_SCORES;True;True;975,0
120;670;30;80;300;8;500,0;SOMENTE_SCORES;True;TREINO;42;6;14,285714285714286;-19900,0;-15100,0;4800,0;114,28571428571429;4;1;1;0;30;80;300;8;500,0;SOMENTE_SCORES;True;VALIDACAO;19;1;5,2631578947368425;6000,0;6975,0;975,0;51,31578947368421;1;0;0;0;30;80;300;8;500,0;SOMENTE_SCORES;True;True;975,0
121;1154;40;80;300;2;;SOMENTE_SCORES;True;TREINO;42;6;14,285714285714286;-19900,0;-15100,0;4800,0;114,28571428571429;4;1;1;0;40;80;300;2;;SOMENTE_SCORES;True;VALIDACAO;19;1;5,2631578947368425;6000,0;6975,0;975,0;51,31578947368421;1;0;0;0;40;80;300;2;;SOMENTE_SCORES;True;True;975,0
122;1158;40;80;300;2;500,0;SOMENTE_SCORES;True;TREINO;42;6;14,285714285714286;-19900,0;-15100,0;4800,0;114,28571428571429;4;1;1;0;40;80;300;2;500,0;SOMENTE_SCORES;True;VALIDACAO;19;1;5,2631578947368425;6000,0;6975,0;975,0;51,31578947368421;1;0;0;0;40;80;300;2;500,0;SOMENTE_SCORES;True;True;975,0
123;1162;40;80;300;3;;SOMENTE_SCORES;True;TREINO;42;6;14,285714285714286;-19900,0;-15100,0;4800,0;114,28571428571429;4;1;1;0;40;80;300;3;;SOMENTE_SCORES;True;VALIDACAO;19;1;5,2631578947368425;6000,0;6975,0;975,0;51,31578947368421;1;0;0;0;40;80;300;3;;SOMENTE_SCORES;True;True;975,0
124;1166;40;80;300;3;500,0;SOMENTE_SCORES;True;TREINO;42;6;14,285714285714286;-19900,0;-15100,0;4800,0;114,28571428571429;4;1;1;0;40;80;300;3;500,0;SOMENTE_SCORES;True;VALIDACAO;19;1;5,2631578947368425;6000,0;6975,0;975,0;51,31578947368421;1;0;0;0;40;80;300;3;500,0;SOMENTE_SCORES;True;True;975,0
125;1170;40;80;300;5;;SOMENTE_SCORES;True;TREINO;42;6;14,285714285714286;-19900,0;-15100,0;4800,0;114,28571428571429;4;1;1;0;40;80;300;5;;SOMENTE_SCORES;True;VALIDACAO;19;1;5,2631578947368425;6000,0;6975,0;975,0;51,31578947368421;1;0;0;0;40;80;300;5;;SOMENTE_SCORES;True;True;975,0
126;1174;40;80;300;5;500,0;SOMENTE_SCORES;True;TREINO;42;6;14,285714285714286;-19900,0;-15100,0;4800,0;114,28571428571429;4;1;1;0;40;80;300;5;500,0;SOMENTE_SCORES;True;VALIDACAO;19;1;5,2631578947368425;6000,0;6975,0;975,0;51,31578947368421;1;0;0;0;40;80;300;5;500,0;SOMENTE_SCORES;True;True;975,0
127;1178;40;80;300;8;;SOMENTE_SCORES;True;TREINO;42;6;14,285714285714286;-19900,0;-15100,0;4800,0;114,28571428571429;4;1;1;0;40;80;300;8;;SOMENTE_SCORES;True;VALIDACAO;19;1;5,2631578947368425;6000,0;6975,0;975,0;51,31578947368421;1;0;0;0;40;80;300;8;;SOMENTE_SCORES;True;True;975,0
128;1182;40;80;300;8;500,0;SOMENTE_SCORES;True;TREINO;42;6;14,285714285714286;-19900,0;-15100,0;4800,0;114,28571428571429;4;1;1;0;40;80;300;8;500,0;SOMENTE_SCORES;True;VALIDACAO;19;1;5,2631578947368425;6000,0;6975,0;975,0;51,31578947368421;1;0;0;0;40;80;300;8;500,0;SOMENTE_SCORES;True;True;975,0
129;1666;50;80;300;2;;SOMENTE_SCORES;True;TREINO;42;6;14,285714285714286;-19900,0;-15100,0;4800,0;114,28571428571429;4;1;1;0;50;80;300;2;;SOMENTE_SCORES;True;VALIDACAO;19;1;5,2631578947368425;6000,0;6975,0;975,0;51,31578947368421;1;0;0;0;50;80;300;2;;SOMENTE_SCORES;True;True;975,0
130;1670;50;80;300;2;500,0;SOMENTE_SCORES;True;TREINO;42;6;14,285714285714286;-19900,0;-15100,0;4800,0;114,28571428571429;4;1;1;0;50;80;300;2;500,0;SOMENTE_SCORES;True;VALIDACAO;19;1;5,2631578947368425;6000,0;6975,0;975,0;51,31578947368421;1;0;0;0;50;80;300;2;500,0;SOMENTE_SCORES;True;True;975,0
131;1674;50;80;300;3;;SOMENTE_SCORES;True;TREINO;42;6;14,285714285714286;-19900,0;-15100,0;4800,0;114,28571428571429;4;1;1;0;50;80;300;3;;SOMENTE_SCORES;True;VALIDACAO;19;1;5,2631578947368425;6000,0;6975,0;975,0;51,31578947368421;1;0;0;0;50;80;300;3;;SOMENTE_SCORES;True;True;975,0
132;1678;50;80;300;3;500,0;SOMENTE_SCORES;True;TREINO;42;6;14,285714285714286;-19900,0;-15100,0;4800,0;114,28571428571429;4;1;1;0;50;80;300;3;500,0;SOMENTE_SCORES;True;VALIDACAO;19;1;5,2631578947368425;6000,0;6975,0;975,0;51,31578947368421;1;0;0;0;50;80;300;3;500,0;SOMENTE_SCORES;True;True;975,0
133;1682;50;80;300;5;;SOMENTE_SCORES;True;TREINO;42;6;14,285714285714286;-19900,0;-15100,0;4800,0;114,28571428571429;4;1;1;0;50;80;300;5;;SOMENTE_SCORES;True;VALIDACAO;19;1;5,2631578947368425;6000,0;6975,0;975,0;51,31578947368421;1;0;0;0;50;80;300;5;;SOMENTE_SCORES;True;True;975,0
134;1686;50;80;300;5;500,0;SOMENTE_SCORES;True;TREINO;42;6;14,285714285714286;-19900,0;-15100,0;4800,0;114,28571428571429;4;1;1;0;50;80;300;5;500,0;SOMENTE_SCORES;True;VALIDACAO;19;1;5,2631578947368425;6000,0;6975,0;975,0;51,31578947368421;1;0;0;0;50;80;300;5;500,0;SOMENTE_SCORES;True;True;975,0
135;1690;50;80;300;8;;SOMENTE_SCORES;True;TREINO;42;6;14,285714285714286;-19900,0;-15100,0;4800,0;114,28571428571429;4;1;1;0;50;80;300;8;;SOMENTE_SCORES;True;VALIDACAO;19;1;5,2631578947368425;6000,0;6975,0;975,0;51,31578947368421;1;0;0;0;50;80;300;8;;SOMENTE_SCORES;True;True;975,0
136;1694;50;80;300;8;500,0;SOMENTE_SCORES;True;TREINO;42;6;14,285714285714286;-19900,0;-15100,0;4800,0;114,28571428571429;4;1;1;0;50;80;300;8;500,0;SOMENTE_SCORES;True;VALIDACAO;19;1;5,2631578947368425;6000,0;6975,0;975,0;51,31578947368421;1;0;0;0;50;80;300;8;500,0;SOMENTE_SCORES;True;True;975,0
137;4;20;70;300;2;;DELTA_E_SALDO_CONTRARIOS;True;TREINO;42;4;9,523809523809524;-19900,0;-15275,0;4625,0;110,11904761904762;4;0;0;0;20;70;300;2;;DELTA_E_SALDO_CONTRARIOS;True;VALIDACAO;19;1;5,2631578947368425;6000,0;6975,0;975,0;51,31578947368421;1;0;0;0;20;70;300;2;;DELTA_E_SALDO_CONTRARIOS;True;True;975,0
138;8;20;70;300;2;500,0;DELTA_E_SALDO_CONTRARIOS;True;TREINO;42;4;9,523809523809524;-19900,0;-15275,0;4625,0;110,11904761904762;4;0;0;0;20;70;300;2;500,0;DELTA_E_SALDO_CONTRARIOS;True;VALIDACAO;19;1;5,2631578947368425;6000,0;6975,0;975,0;51,31578947368421;1;0;0;0;20;70;300;2;500,0;DELTA_E_SALDO_CONTRARIOS;True;True;975,0
139;12;20;70;300;3;;DELTA_E_SALDO_CONTRARIOS;True;TREINO;42;4;9,523809523809524;-19900,0;-15275,0;4625,0;110,11904761904762;4;0;0;0;20;70;300;3;;DELTA_E_SALDO_CONTRARIOS;True;VALIDACAO;19;1;5,2631578947368425;6000,0;6975,0;975,0;51,31578947368421;1;0;0;0;20;70;300;3;;DELTA_E_SALDO_CONTRARIOS;True;True;975,0
140;16;20;70;300;3;500,0;DELTA_E_SALDO_CONTRARIOS;True;TREINO;42;4;9,523809523809524;-19900,0;-15275,0;4625,0;110,11904761904762;4;0;0;0;20;70;300;3;500,0;DELTA_E_SALDO_CONTRARIOS;True;VALIDACAO;19;1;5,2631578947368425;6000,0;6975,0;975,0;51,31578947368421;1;0;0;0;20;70;300;3;500,0;DELTA_E_SALDO_CONTRARIOS;True;True;975,0
141;20;20;70;300;5;;DELTA_E_SALDO_CONTRARIOS;True;TREINO;42;4;9,523809523809524;-19900,0;-15275,0;4625,0;110,11904761904762;4;0;0;0;20;70;300;5;;DELTA_E_SALDO_CONTRARIOS;True;VALIDACAO;19;1;5,2631578947368425;6000,0;6975,0;975,0;51,31578947368421;1;0;0;0;20;70;300;5;;DELTA_E_SALDO_CONTRARIOS;True;True;975,0
142;24;20;70;300;5;500,0;DELTA_E_SALDO_CONTRARIOS;True;TREINO;42;4;9,523809523809524;-19900,0;-15275,0;4625,0;110,11904761904762;4;0;0;0;20;70;300;5;500,0;DELTA_E_SALDO_CONTRARIOS;True;VALIDACAO;19;1;5,2631578947368425;6000,0;6975,0;975,0;51,31578947368421;1;0;0;0;20;70;300;5;500,0;DELTA_E_SALDO_CONTRARIOS;True;True;975,0
143;28;20;70;300;8;;DELTA_E_SALDO_CONTRARIOS;True;TREINO;42;4;9,523809523809524;-19900,0;-15275,0;4625,0;110,11904761904762;4;0;0;0;20;70;300;8;;DELTA_E_SALDO_CONTRARIOS;True;VALIDACAO;19;1;5,2631578947368425;6000,0;6975,0;975,0;51,31578947368421;1;0;0;0;20;70;300;8;;DELTA_E_SALDO_CONTRARIOS;True;True;975,0
144;32;20;70;300;8;500,0;DELTA_E_SALDO_CONTRARIOS;True;TREINO;42;4;9,523809523809524;-19900,0;-15275,0;4625,0;110,11904761904762;4;0;0;0;20;70;300;8;500,0;DELTA_E_SALDO_CONTRARIOS;True;VALIDACAO;19;1;5,2631578947368425;6000,0;6975,0;975,0;51,31578947368421;1;0;0;0;20;70;300;8;500,0;DELTA_E_SALDO_CONTRARIOS;True;True;975,0
145;36;20;70;500;2;;DELTA_E_SALDO_CONTRARIOS;True;TREINO;42;4;9,523809523809524;-19900,0;-15850,0;4050,0;96,42857142857143;4;0;0;0;20;70;500;2;;DELTA_E_SALDO_CONTRARIOS;True;VALIDACAO;19;1;5,2631578947368425;6000,0;6975,0;975,0;51,31578947368421;1;0;0;0;20;70;500;2;;DELTA_E_SALDO_CONTRARIOS;True;True;975,0
146;40;20;70;500;2;500,0;DELTA_E_SALDO_CONTRARIOS;True;TREINO;42;4;9,523809523809524;-19900,0;-15850,0;4050,0;96,42857142857143;4;0;0;0;20;70;500;2;500,0;DELTA_E_SALDO_CONTRARIOS;True;VALIDACAO;19;1;5,2631578947368425;6000,0;6975,0;975,0;51,31578947368421;1;0;0;0;20;70;500;2;500,0;DELTA_E_SALDO_CONTRARIOS;True;True;975,0
147;44;20;70;500;3;;DELTA_E_SALDO_CONTRARIOS;True;TREINO;42;4;9,523809523809524;-19900,0;-15850,0;4050,0;96,42857142857143;4;0;0;0;20;70;500;3;;DELTA_E_SALDO_CONTRARIOS;True;VALIDACAO;19;1;5,2631578947368425;6000,0;6975,0;975,0;51,31578947368421;1;0;0;0;20;70;500;3;;DELTA_E_SALDO_CONTRARIOS;True;True;975,0
148;48;20;70;500;3;500,0;DELTA_E_SALDO_CONTRARIOS;True;TREINO;42;4;9,523809523809524;-19900,0;-15850,0;4050,0;96,42857142857143;4;0;0;0;20;70;500;3;500,0;DELTA_E_SALDO_CONTRARIOS;True;VALIDACAO;19;1;5,2631578947368425;6000,0;6975,0;975,0;51,31578947368421;1;0;0;0;20;70;500;3;500,0;DELTA_E_SALDO_CONTRARIOS;True;True;975,0
149;52;20;70;500;5;;DELTA_E_SALDO_CONTRARIOS;True;TREINO;42;4;9,523809523809524;-19900,0;-15850,0;4050,0;96,42857142857143;4;0;0;0;20;70;500;5;;DELTA_E_SALDO_CONTRARIOS;True;VALIDACAO;19;1;5,2631578947368425;6000,0;6975,0;975,0;51,31578947368421;1;0;0;0;20;70;500;5;;DELTA_E_SALDO_CONTRARIOS;True;True;975,0
150;56;20;70;500;5;500,0;DELTA_E_SALDO_CONTRARIOS;True;TREINO;42;4;9,523809523809524;-19900,0;-15850,0;4050,0;96,42857142857143;4;0;0;0;20;70;500;5;500,0;DELTA_E_SALDO_CONTRARIOS;True;VALIDACAO;19;1;5,2631578947368425;6000,0;6975,0;975,0;51,31578947368421;1;0;0;0;20;70;500;5;500,0;DELTA_E_SALDO_CONTRARIOS;True;True;975,0
151;60;20;70;500;8;;DELTA_E_SALDO_CONTRARIOS;True;TREINO;42;4;9,523809523809524;-19900,0;-15850,0;4050,0;96,42857142857143;4;0;0;0;20;70;500;8;;DELTA_E_SALDO_CONTRARIOS;True;VALIDACAO;19;1;5,2631578947368425;6000,0;6975,0;975,0;51,31578947368421;1;0;0;0;20;70;500;8;;DELTA_E_SALDO_CONTRARIOS;True;True;975,0
152;64;20;70;500;8;500,0;DELTA_E_SALDO_CONTRARIOS;True;TREINO;42;4;9,523809523809524;-19900,0;-15850,0;4050,0;96,42857142857143;4;0;0;0;20;70;500;8;500,0;DELTA_E_SALDO_CONTRARIOS;True;VALIDACAO;19;1;5,2631578947368425;6000,0;6975,0;975,0;51,31578947368421;1;0;0;0;20;70;500;8;500,0;DELTA_E_SALDO_CONTRARIOS;True;True;975,0
153;68;20;70;700;2;;DELTA_E_SALDO_CONTRARIOS;True;TREINO;42;4;9,523809523809524;-19900,0;-15850,0;4050,0;96,42857142857143;4;0;0;0;20;70;700;2;;DELTA_E_SALDO_CONTRARIOS;True;VALIDACAO;19;1;5,2631578947368425;6000,0;6975,0;975,0;51,31578947368421;1;0;0;0;20;70;700;2;;DELTA_E_SALDO_CONTRARIOS;True;True;975,0
154;72;20;70;700;2;500,0;DELTA_E_SALDO_CONTRARIOS;True;TREINO;42;4;9,523809523809524;-19900,0;-15850,0;4050,0;96,42857142857143;4;0;0;0;20;70;700;2;500,0;DELTA_E_SALDO_CONTRARIOS;True;VALIDACAO;19;1;5,2631578947368425;6000,0;6975,0;975,0;51,31578947368421;1;0;0;0;20;70;700;2;500,0;DELTA_E_SALDO_CONTRARIOS;True;True;975,0
155;76;20;70;700;3;;DELTA_E_SALDO_CONTRARIOS;True;TREINO;42;4;9,523809523809524;-19900,0;-15850,0;4050,0;96,42857142857143;4;0;0;0;20;70;700;3;;DELTA_E_SALDO_CONTRARIOS;True;VALIDACAO;19;1;5,2631578947368425;6000,0;6975,0;975,0;51,31578947368421;1;0;0;0;20;70;700;3;;DELTA_E_SALDO_CONTRARIOS;True;True;975,0
156;80;20;70;700;3;500,0;DELTA_E_SALDO_CONTRARIOS;True;TREINO;42;4;9,523809523809524;-19900,0;-15850,0;4050,0;96,42857142857143;4;0;0;0;20;70;700;3;500,0;DELTA_E_SALDO_CONTRARIOS;True;VALIDACAO;19;1;5,2631578947368425;6000,0;6975,0;975,0;51,31578947368421;1;0;0;0;20;70;700;3;500,0;DELTA_E_SALDO_CONTRARIOS;True;True;975,0
157;84;20;70;700;5;;DELTA_E_SALDO_CONTRARIOS;True;TREINO;42;4;9,523809523809524;-19900,0;-15850,0;4050,0;96,42857142857143;4;0;0;0;20;70;700;5;;DELTA_E_SALDO_CONTRARIOS;True;VALIDACAO;19;1;5,2631578947368425;6000,0;6975,0;975,0;51,31578947368421;1;0;0;0;20;70;700;5;;DELTA_E_SALDO_CONTRARIOS;True;True;975,0
158;88;20;70;700;5;500,0;DELTA_E_SALDO_CONTRARIOS;True;TREINO;42;4;9,523809523809524;-19900,0;-15850,0;4050,0;96,42857142857143;4;0;0;0;20;70;700;5;500,0;DELTA_E_SALDO_CONTRARIOS;True;VALIDACAO;19;1;5,2631578947368425;6000,0;6975,0;975,0;51,31578947368421;1;0;0;0;20;70;700;5;500,0;DELTA_E_SALDO_CONTRARIOS;True;True;975,0
159;92;20;70;700;8;;DELTA_E_SALDO_CONTRARIOS;True;TREINO;42;4;9,523809523809524;-19900,0;-15850,0;4050,0;96,42857142857143;4;0;0;0;20;70;700;8;;DELTA_E_SALDO_CONTRARIOS;True;VALIDACAO;19;1;5,2631578947368425;6000,0;6975,0;975,0;51,31578947368421;1;0;0;0;20;70;700;8;;DELTA_E_SALDO_CONTRARIOS;True;True;975,0
160;96;20;70;700;8;500,0;DELTA_E_SALDO_CONTRARIOS;True;TREINO;42;4;9,523809523809524;-19900,0;-15850,0;4050,0;96,42857142857143;4;0;0;0;20;70;700;8;500,0;DELTA_E_SALDO_CONTRARIOS;True;VALIDACAO;19;1;5,2631578947368425;6000,0;6975,0;975,0;51,31578947368421;1;0;0;0;20;70;700;8;500,0;DELTA_E_SALDO_CONTRARIOS;True;True;975,0
161;100;20;70;900;2;;DELTA_E_SALDO_CONTRARIOS;True;TREINO;42;4;9,523809523809524;-19900,0;-15850,0;4050,0;96,42857142857143;4;0;0;0;20;70;900;2;;DELTA_E_SALDO_CONTRARIOS;True;VALIDACAO;19;1;5,2631578947368425;6000,0;6975,0;975,0;51,31578947368421;1;0;0;0;20;70;900;2;;DELTA_E_SALDO_CONTRARIOS;True;True;975,0
162;104;20;70;900;2;500,0;DELTA_E_SALDO_CONTRARIOS;True;TREINO;42;4;9,523809523809524;-19900,0;-15850,0;4050,0;96,42857142857143;4;0;0;0;20;70;900;2;500,0;DELTA_E_SALDO_CONTRARIOS;True;VALIDACAO;19;1;5,2631578947368425;6000,0;6975,0;975,0;51,31578947368421;1;0;0;0;20;70;900;2;500,0;DELTA_E_SALDO_CONTRARIOS;True;True;975,0
163;108;20;70;900;3;;DELTA_E_SALDO_CONTRARIOS;True;TREINO;42;4;9,523809523809524;-19900,0;-15850,0;4050,0;96,42857142857143;4;0;0;0;20;70;900;3;;DELTA_E_SALDO_CONTRARIOS;True;VALIDACAO;19;1;5,2631578947368425;6000,0;6975,0;975,0;51,31578947368421;1;0;0;0;20;70;900;3;;DELTA_E_SALDO_CONTRARIOS;True;True;975,0
164;112;20;70;900;3;500,0;DELTA_E_SALDO_CONTRARIOS;True;TREINO;42;4;9,523809523809524;-19900,0;-15850,0;4050,0;96,42857142857143;4;0;0;0;20;70;900;3;500,0;DELTA_E_SALDO_CONTRARIOS;True;VALIDACAO;19;1;5,2631578947368425;6000,0;6975,0;975,0;51,31578947368421;1;0;0;0;20;70;900;3;500,0;DELTA_E_SALDO_CONTRARIOS;True;True;975,0
165;116;20;70;900;5;;DELTA_E_SALDO_CONTRARIOS;True;TREINO;42;4;9,523809523809524;-19900,0;-15850,0;4050,0;96,42857142857143;4;0;0;0;20;70;900;5;;DELTA_E_SALDO_CONTRARIOS;True;VALIDACAO;19;1;5,2631578947368425;6000,0;6975,0;975,0;51,31578947368421;1;0;0;0;20;70;900;5;;DELTA_E_SALDO_CONTRARIOS;True;True;975,0
166;120;20;70;900;5;500,0;DELTA_E_SALDO_CONTRARIOS;True;TREINO;42;4;9,523809523809524;-19900,0;-15850,0;4050,0;96,42857142857143;4;0;0;0;20;70;900;5;500,0;DELTA_E_SALDO_CONTRARIOS;True;VALIDACAO;19;1;5,2631578947368425;6000,0;6975,0;975,0;51,31578947368421;1;0;0;0;20;70;900;5;500,0;DELTA_E_SALDO_CONTRARIOS;True;True;975,0
167;124;20;70;900;8;;DELTA_E_SALDO_CONTRARIOS;True;TREINO;42;4;9,523809523809524;-19900,0;-15850,0;4050,0;96,42857142857143;4;0;0;0;20;70;900;8;;DELTA_E_SALDO_CONTRARIOS;True;VALIDACAO;19;1;5,2631578947368425;6000,0;6975,0;975,0;51,31578947368421;1;0;0;0;20;70;900;8;;DELTA_E_SALDO_CONTRARIOS;True;True;975,0
168;128;20;70;900;8;500,0;DELTA_E_SALDO_CONTRARIOS;True;TREINO;42;4;9,523809523809524;-19900,0;-15850,0;4050,0;96,42857142857143;4;0;0;0;20;70;900;8;500,0;DELTA_E_SALDO_CONTRARIOS;True;VALIDACAO;19;1;5,2631578947368425;6000,0;6975,0;975,0;51,31578947368421;1;0;0;0;20;70;900;8;500,0;DELTA_E_SALDO_CONTRARIOS;True;True;975,0
169;548;30;70;500;2;;DELTA_E_SALDO_CONTRARIOS;True;TREINO;42;4;9,523809523809524;-19900,0;-15850,0;4050,0;96,42857142857143;4;0;0;0;30;70;500;2;;DELTA_E_SALDO_CONTRARIOS;True;VALIDACAO;19;1;5,2631578947368425;6000,0;6975,0;975,0;51,31578947368421;1;0;0;0;30;70;500;2;;DELTA_E_SALDO_CONTRARIOS;True;True;975,0
170;552;30;70;500;2;500,0;DELTA_E_SALDO_CONTRARIOS;True;TREINO;42;4;9,523809523809524;-19900,0;-15850,0;4050,0;96,42857142857143;4;0;0;0;30;70;500;2;500,0;DELTA_E_SALDO_CONTRARIOS;True;VALIDACAO;19;1;5,2631578947368425;6000,0;6975,0;975,0;51,31578947368421;1;0;0;0;30;70;500;2;500,0;DELTA_E_SALDO_CONTRARIOS;True;True;975,0
171;556;30;70;500;3;;DELTA_E_SALDO_CONTRARIOS;True;TREINO;42;4;9,523809523809524;-19900,0;-15850,0;4050,0;96,42857142857143;4;0;0;0;30;70;500;3;;DELTA_E_SALDO_CONTRARIOS;True;VALIDACAO;19;1;5,2631578947368425;6000,0;6975,0;975,0;51,31578947368421;1;0;0;0;30;70;500;3;;DELTA_E_SALDO_CONTRARIOS;True;True;975,0
172;560;30;70;500;3;500,0;DELTA_E_SALDO_CONTRARIOS;True;TREINO;42;4;9,523809523809524;-19900,0;-15850,0;4050,0;96,42857142857143;4;0;0;0;30;70;500;3;500,0;DELTA_E_SALDO_CONTRARIOS;True;VALIDACAO;19;1;5,2631578947368425;6000,0;6975,0;975,0;51,31578947368421;1;0;0;0;30;70;500;3;500,0;DELTA_E_SALDO_CONTRARIOS;True;True;975,0
173;564;30;70;500;5;;DELTA_E_SALDO_CONTRARIOS;True;TREINO;42;4;9,523809523809524;-19900,0;-15850,0;4050,0;96,42857142857143;4;0;0;0;30;70;500;5;;DELTA_E_SALDO_CONTRARIOS;True;VALIDACAO;19;1;5,2631578947368425;6000,0;6975,0;975,0;51,31578947368421;1;0;0;0;30;70;500;5;;DELTA_E_SALDO_CONTRARIOS;True;True;975,0
174;568;30;70;500;5;500,0;DELTA_E_SALDO_CONTRARIOS;True;TREINO;42;4;9,523809523809524;-19900,0;-15850,0;4050,0;96,42857142857143;4;0;0;0;30;70;500;5;500,0;DELTA_E_SALDO_CONTRARIOS;True;VALIDACAO;19;1;5,2631578947368425;6000,0;6975,0;975,0;51,31578947368421;1;0;0;0;30;70;500;5;500,0;DELTA_E_SALDO_CONTRARIOS;True;True;975,0
175;572;30;70;500;8;;DELTA_E_SALDO_CONTRARIOS;True;TREINO;42;4;9,523809523809524;-19900,0;-15850,0;4050,0;96,42857142857143;4;0;0;0;30;70;500;8;;DELTA_E_SALDO_CONTRARIOS;True;VALIDACAO;19;1;5,2631578947368425;6000,0;6975,0;975,0;51,31578947368421;1;0;0;0;30;70;500;8;;DELTA_E_SALDO_CONTRARIOS;True;True;975,0
176;576;30;70;500;8;500,0;DELTA_E_SALDO_CONTRARIOS;True;TREINO;42;4;9,523809523809524;-19900,0;-15850,0;4050,0;96,42857142857143;4;0;0;0;30;70;500;8;500,0;DELTA_E_SALDO_CONTRARIOS;True;VALIDACAO;19;1;5,2631578947368425;6000,0;6975,0;975,0;51,31578947368421;1;0;0;0;30;70;500;8;500,0;DELTA_E_SALDO_CONTRARIOS;True;True;975,0
177;580;30;70;700;2;;DELTA_E_SALDO_CONTRARIOS;True;TREINO;42;4;9,523809523809524;-19900,0;-15850,0;4050,0;96,42857142857143;4;0;0;0;30;70;700;2;;DELTA_E_SALDO_CONTRARIOS;True;VALIDACAO;19;1;5,2631578947368425;6000,0;6975,0;975,0;51,31578947368421;1;0;0;0;30;70;700;2;;DELTA_E_SALDO_CONTRARIOS;True;True;975,0
178;584;30;70;700;2;500,0;DELTA_E_SALDO_CONTRARIOS;True;TREINO;42;4;9,523809523809524;-19900,0;-15850,0;4050,0;96,42857142857143;4;0;0;0;30;70;700;2;500,0;DELTA_E_SALDO_CONTRARIOS;True;VALIDACAO;19;1;5,2631578947368425;6000,0;6975,0;975,0;51,31578947368421;1;0;0;0;30;70;700;2;500,0;DELTA_E_SALDO_CONTRARIOS;True;True;975,0
179;588;30;70;700;3;;DELTA_E_SALDO_CONTRARIOS;True;TREINO;42;4;9,523809523809524;-19900,0;-15850,0;4050,0;96,42857142857143;4;0;0;0;30;70;700;3;;DELTA_E_SALDO_CONTRARIOS;True;VALIDACAO;19;1;5,2631578947368425;6000,0;6975,0;975,0;51,31578947368421;1;0;0;0;30;70;700;3;;DELTA_E_SALDO_CONTRARIOS;True;True;975,0
180;592;30;70;700;3;500,0;DELTA_E_SALDO_CONTRARIOS;True;TREINO;42;4;9,523809523809524;-19900,0;-15850,0;4050,0;96,42857142857143;4;0;0;0;30;70;700;3;500,0;DELTA_E_SALDO_CONTRARIOS;True;VALIDACAO;19;1;5,2631578947368425;6000,0;6975,0;975,0;51,31578947368421;1;0;0;0;30;70;700;3;500,0;DELTA_E_SALDO_CONTRARIOS;True;True;975,0
181;596;30;70;700;5;;DELTA_E_SALDO_CONTRARIOS;True;TREINO;42;4;9,523809523809524;-19900,0;-15850,0;4050,0;96,42857142857143;4;0;0;0;30;70;700;5;;DELTA_E_SALDO_CONTRARIOS;True;VALIDACAO;19;1;5,2631578947368425;6000,0;6975,0;975,0;51,31578947368421;1;0;0;0;30;70;700;5;;DELTA_E_SALDO_CONTRARIOS;True;True;975,0
182;600;30;70;700;5;500,0;DELTA_E_SALDO_CONTRARIOS;True;TREINO;42;4;9,523809523809524;-19900,0;-15850,0;4050,0;96,42857142857143;4;0;0;0;30;70;700;5;500,0;DELTA_E_SALDO_CONTRARIOS;True;VALIDACAO;19;1;5,2631578947368425;6000,0;6975,0;975,0;51,31578947368421;1;0;0;0;30;70;700;5;500,0;DELTA_E_SALDO_CONTRARIOS;True;True;975,0
183;604;30;70;700;8;;DELTA_E_SALDO_CONTRARIOS;True;TREINO;42;4;9,523809523809524;-19900,0;-15850,0;4050,0;96,42857142857143;4;0;0;0;30;70;700;8;;DELTA_E_SALDO_CONTRARIOS;True;VALIDACAO;19;1;5,2631578947368425;6000,0;6975,0;975,0;51,31578947368421;1;0;0;0;30;70;700;8;;DELTA_E_SALDO_CONTRARIOS;True;True;975,0
184;608;30;70;700;8;500,0;DELTA_E_SALDO_CONTRARIOS;True;TREINO;42;4;9,523809523809524;-19900,0;-15850,0;4050,0;96,42857142857143;4;0;0;0;30;70;700;8;500,0;DELTA_E_SALDO_CONTRARIOS;True;VALIDACAO;19;1;5,2631578947368425;6000,0;6975,0;975,0;51,31578947368421;1;0;0;0;30;70;700;8;500,0;DELTA_E_SALDO_CONTRARIOS;True;True;975,0
185;612;30;70;900;2;;DELTA_E_SALDO_CONTRARIOS;True;TREINO;42;4;9,523809523809524;-19900,0;-15850,0;4050,0;96,42857142857143;4;0;0;0;30;70;900;2;;DELTA_E_SALDO_CONTRARIOS;True;VALIDACAO;19;1;5,2631578947368425;6000,0;6975,0;975,0;51,31578947368421;1;0;0;0;30;70;900;2;;DELTA_E_SALDO_CONTRARIOS;True;True;975,0
186;616;30;70;900;2;500,0;DELTA_E_SALDO_CONTRARIOS;True;TREINO;42;4;9,523809523809524;-19900,0;-15850,0;4050,0;96,42857142857143;4;0;0;0;30;70;900;2;500,0;DELTA_E_SALDO_CONTRARIOS;True;VALIDACAO;19;1;5,2631578947368425;6000,0;6975,0;975,0;51,31578947368421;1;0;0;0;30;70;900;2;500,0;DELTA_E_SALDO_CONTRARIOS;True;True;975,0
187;620;30;70;900;3;;DELTA_E_SALDO_CONTRARIOS;True;TREINO;42;4;9,523809523809524;-19900,0;-15850,0;4050,0;96,42857142857143;4;0;0;0;30;70;900;3;;DELTA_E_SALDO_CONTRARIOS;True;VALIDACAO;19;1;5,2631578947368425;6000,0;6975,0;975,0;51,31578947368421;1;0;0;0;30;70;900;3;;DELTA_E_SALDO_CONTRARIOS;True;True;975,0
188;624;30;70;900;3;500,0;DELTA_E_SALDO_CONTRARIOS;True;TREINO;42;4;9,523809523809524;-19900,0;-15850,0;4050,0;96,42857142857143;4;0;0;0;30;70;900;3;500,0;DELTA_E_SALDO_CONTRARIOS;True;VALIDACAO;19;1;5,2631578947368425;6000,0;6975,0;975,0;51,31578947368421;1;0;0;0;30;70;900;3;500,0;DELTA_E_SALDO_CONTRARIOS;True;True;975,0
189;628;30;70;900;5;;DELTA_E_SALDO_CONTRARIOS;True;TREINO;42;4;9,523809523809524;-19900,0;-15850,0;4050,0;96,42857142857143;4;0;0;0;30;70;900;5;;DELTA_E_SALDO_CONTRARIOS;True;VALIDACAO;19;1;5,2631578947368425;6000,0;6975,0;975,0;51,31578947368421;1;0;0;0;30;70;900;5;;DELTA_E_SALDO_CONTRARIOS;True;True;975,0
190;632;30;70;900;5;500,0;DELTA_E_SALDO_CONTRARIOS;True;TREINO;42;4;9,523809523809524;-19900,0;-15850,0;4050,0;96,42857142857143;4;0;0;0;30;70;900;5;500,0;DELTA_E_SALDO_CONTRARIOS;True;VALIDACAO;19;1;5,2631578947368425;6000,0;6975,0;975,0;51,31578947368421;1;0;0;0;30;70;900;5;500,0;DELTA_E_SALDO_CONTRARIOS;True;True;975,0
191;636;30;70;900;8;;DELTA_E_SALDO_CONTRARIOS;True;TREINO;42;4;9,523809523809524;-19900,0;-15850,0;4050,0;96,42857142857143;4;0;0;0;30;70;900;8;;DELTA_E_SALDO_CONTRARIOS;True;VALIDACAO;19;1;5,2631578947368425;6000,0;6975,0;975,0;51,31578947368421;1;0;0;0;30;70;900;8;;DELTA_E_SALDO_CONTRARIOS;True;True;975,0
192;640;30;70;900;8;500,0;DELTA_E_SALDO_CONTRARIOS;True;TREINO;42;4;9,523809523809524;-19900,0;-15850,0;4050,0;96,42857142857143;4;0;0;0;30;70;900;8;500,0;DELTA_E_SALDO_CONTRARIOS;True;VALIDACAO;19;1;5,2631578947368425;6000,0;6975,0;975,0;51,31578947368421;1;0;0;0;30;70;900;8;500,0;DELTA_E_SALDO_CONTRARIOS;True;True;975,0
193;1060;40;70;500;2;;DELTA_E_SALDO_CONTRARIOS;True;TREINO;42;4;9,523809523809524;-19900,0;-15850,0;4050,0;96,42857142857143;4;0;0;0;40;70;500;2;;DELTA_E_SALDO_CONTRARIOS;True;VALIDACAO;19;1;5,2631578947368425;6000,0;6975,0;975,0;51,31578947368421;1;0;0;0;40;70;500;2;;DELTA_E_SALDO_CONTRARIOS;True;True;975,0
194;1064;40;70;500;2;500,0;DELTA_E_SALDO_CONTRARIOS;True;TREINO;42;4;9,523809523809524;-19900,0;-15850,0;4050,0;96,42857142857143;4;0;0;0;40;70;500;2;500,0;DELTA_E_SALDO_CONTRARIOS;True;VALIDACAO;19;1;5,2631578947368425;6000,0;6975,0;975,0;51,31578947368421;1;0;0;0;40;70;500;2;500,0;DELTA_E_SALDO_CONTRARIOS;True;True;975,0
195;1068;40;70;500;3;;DELTA_E_SALDO_CONTRARIOS;True;TREINO;42;4;9,523809523809524;-19900,0;-15850,0;4050,0;96,42857142857143;4;0;0;0;40;70;500;3;;DELTA_E_SALDO_CONTRARIOS;True;VALIDACAO;19;1;5,2631578947368425;6000,0;6975,0;975,0;51,31578947368421;1;0;0;0;40;70;500;3;;DELTA_E_SALDO_CONTRARIOS;True;True;975,0
196;1072;40;70;500;3;500,0;DELTA_E_SALDO_CONTRARIOS;True;TREINO;42;4;9,523809523809524;-19900,0;-15850,0;4050,0;96,42857142857143;4;0;0;0;40;70;500;3;500,0;DELTA_E_SALDO_CONTRARIOS;True;VALIDACAO;19;1;5,2631578947368425;6000,0;6975,0;975,0;51,31578947368421;1;0;0;0;40;70;500;3;500,0;DELTA_E_SALDO_CONTRARIOS;True;True;975,0
197;1076;40;70;500;5;;DELTA_E_SALDO_CONTRARIOS;True;TREINO;42;4;9,523809523809524;-19900,0;-15850,0;4050,0;96,42857142857143;4;0;0;0;40;70;500;5;;DELTA_E_SALDO_CONTRARIOS;True;VALIDACAO;19;1;5,2631578947368425;6000,0;6975,0;975,0;51,31578947368421;1;0;0;0;40;70;500;5;;DELTA_E_SALDO_CONTRARIOS;True;True;975,0
198;1080;40;70;500;5;500,0;DELTA_E_SALDO_CONTRARIOS;True;TREINO;42;4;9,523809523809524;-19900,0;-15850,0;4050,0;96,42857142857143;4;0;0;0;40;70;500;5;500,0;DELTA_E_SALDO_CONTRARIOS;True;VALIDACAO;19;1;5,2631578947368425;6000,0;6975,0;975,0;51,31578947368421;1;0;0;0;40;70;500;5;500,0;DELTA_E_SALDO_CONTRARIOS;True;True;975,0
199;1084;40;70;500;8;;DELTA_E_SALDO_CONTRARIOS;True;TREINO;42;4;9,523809523809524;-19900,0;-15850,0;4050,0;96,42857142857143;4;0;0;0;40;70;500;8;;DELTA_E_SALDO_CONTRARIOS;True;VALIDACAO;19;1;5,2631578947368425;6000,0;6975,0;975,0;51,31578947368421;1;0;0;0;40;70;500;8;;DELTA_E_SALDO_CONTRARIOS;True;True;975,0
200;1088;40;70;500;8;500,0;DELTA_E_SALDO_CONTRARIOS;True;TREINO;42;4;9,523809523809524;-19900,0;-15850,0;4050,0;96,42857142857143;4;0;0;0;40;70;500;8;500,0;DELTA_E_SALDO_CONTRARIOS;True;VALIDACAO;19;1;5,2631578947368425;6000,0;6975,0;975,0;51,31578947368421;1;0;0;0;40;70;500;8;500,0;DELTA_E_SALDO_CONTRARIOS;True;True;975,0
201;1092;40;70;700;2;;DELTA_E_SALDO_CONTRARIOS;True;TREINO;42;4;9,523809523809524;-19900,0;-15850,0;4050,0;96,42857142857143;4;0;0;0;40;70;700;2;;DELTA_E_SALDO_CONTRARIOS;True;VALIDACAO;19;1;5,2631578947368425;6000,0;6975,0;975,0;51,31578947368421;1;0;0;0;40;70;700;2;;DELTA_E_SALDO_CONTRARIOS;True;True;975,0
202;1096;40;70;700;2;500,0;DELTA_E_SALDO_CONTRARIOS;True;TREINO;42;4;9,523809523809524;-19900,0;-15850,0;4050,0;96,42857142857143;4;0;0;0;40;70;700;2;500,0;DELTA_E_SALDO_CONTRARIOS;True;VALIDACAO;19;1;5,2631578947368425;6000,0;6975,0;975,0;51,31578947368421;1;0;0;0;40;70;700;2;500,0;DELTA_E_SALDO_CONTRARIOS;True;True;975,0
203;1100;40;70;700;3;;DELTA_E_SALDO_CONTRARIOS;True;TREINO;42;4;9,523809523809524;-19900,0;-15850,0;4050,0;96,42857142857143;4;0;0;0;40;70;700;3;;DELTA_E_SALDO_CONTRARIOS;True;VALIDACAO;19;1;5,2631578947368425;6000,0;6975,0;975,0;51,31578947368421;1;0;0;0;40;70;700;3;;DELTA_E_SALDO_CONTRARIOS;True;True;975,0
204;1104;40;70;700;3;500,0;DELTA_E_SALDO_CONTRARIOS;True;TREINO;42;4;9,523809523809524;-19900,0;-15850,0;4050,0;96,42857142857143;4;0;0;0;40;70;700;3;500,0;DELTA_E_SALDO_CONTRARIOS;True;VALIDACAO;19;1;5,2631578947368425;6000,0;6975,0;975,0;51,31578947368421;1;0;0;0;40;70;700;3;500,0;DELTA_E_SALDO_CONTRARIOS;True;True;975,0
205;1108;40;70;700;5;;DELTA_E_SALDO_CONTRARIOS;True;TREINO;42;4;9,523809523809524;-19900,0;-15850,0;4050,0;96,42857142857143;4;0;0;0;40;70;700;5;;DELTA_E_SALDO_CONTRARIOS;True;VALIDACAO;19;1;5,2631578947368425;6000,0;6975,0;975,0;51,31578947368421;1;0;0;0;40;70;700;5;;DELTA_E_SALDO_CONTRARIOS;True;True;975,0
206;1112;40;70;700;5;500,0;DELTA_E_SALDO_CONTRARIOS;True;TREINO;42;4;9,523809523809524;-19900,0;-15850,0;4050,0;96,42857142857143;4;0;0;0;40;70;700;5;500,0;DELTA_E_SALDO_CONTRARIOS;True;VALIDACAO;19;1;5,2631578947368425;6000,0;6975,0;975,0;51,31578947368421;1;0;0;0;40;70;700;5;500,0;DELTA_E_SALDO_CONTRARIOS;True;True;975,0
207;1116;40;70;700;8;;DELTA_E_SALDO_CONTRARIOS;True;TREINO;42;4;9,523809523809524;-19900,0;-15850,0;4050,0;96,42857142857143;4;0;0;0;40;70;700;8;;DELTA_E_SALDO_CONTRARIOS;True;VALIDACAO;19;1;5,2631578947368425;6000,0;6975,0;975,0;51,31578947368421;1;0;0;0;40;70;700;8;;DELTA_E_SALDO_CONTRARIOS;True;True;975,0
208;1120;40;70;700;8;500,0;DELTA_E_SALDO_CONTRARIOS;True;TREINO;42;4;9,523809523809524;-19900,0;-15850,0;4050,0;96,42857142857143;4;0;0;0;40;70;700;8;500,0;DELTA_E_SALDO_CONTRARIOS;True;VALIDACAO;19;1;5,2631578947368425;6000,0;6975,0;975,0;51,31578947368421;1;0;0;0;40;70;700;8;500,0;DELTA_E_SALDO_CONTRARIOS;True;True;975,0
209;1124;40;70;900;2;;DELTA_E_SALDO_CONTRARIOS;True;TREINO;42;4;9,523809523809524;-19900,0;-15850,0;4050,0;96,42857142857143;4;0;0;0;40;70;900;2;;DELTA_E_SALDO_CONTRARIOS;True;VALIDACAO;19;1;5,2631578947368425;6000,0;6975,0;975,0;51,31578947368421;1;0;0;0;40;70;900;2;;DELTA_E_SALDO_CONTRARIOS;True;True;975,0
210;1128;40;70;900;2;500,0;DELTA_E_SALDO_CONTRARIOS;True;TREINO;42;4;9,523809523809524;-19900,0;-15850,0;4050,0;96,42857142857143;4;0;0;0;40;70;900;2;500,0;DELTA_E_SALDO_CONTRARIOS;True;VALIDACAO;19;1;5,2631578947368425;6000,0;6975,0;975,0;51,31578947368421;1;0;0;0;40;70;900;2;500,0;DELTA_E_SALDO_CONTRARIOS;True;True;975,0
211;1132;40;70;900;3;;DELTA_E_SALDO_CONTRARIOS;True;TREINO;42;4;9,523809523809524;-19900,0;-15850,0;4050,0;96,42857142857143;4;0;0;0;40;70;900;3;;DELTA_E_SALDO_CONTRARIOS;True;VALIDACAO;19;1;5,2631578947368425;6000,0;6975,0;975,0;51,31578947368421;1;0;0;0;40;70;900;3;;DELTA_E_SALDO_CONTRARIOS;True;True;975,0
212;1136;40;70;900;3;500,0;DELTA_E_SALDO_CONTRARIOS;True;TREINO;42;4;9,523809523809524;-19900,0;-15850,0;4050,0;96,42857142857143;4;0;0;0;40;70;900;3;500,0;DELTA_E_SALDO_CONTRARIOS;True;VALIDACAO;19;1;5,2631578947368425;6000,0;6975,0;975,0;51,31578947368421;1;0;0;0;40;70;900;3;500,0;DELTA_E_SALDO_CONTRARIOS;True;True;975,0
213;1140;40;70;900;5;;DELTA_E_SALDO_CONTRARIOS;True;TREINO;42;4;9,523809523809524;-19900,0;-15850,0;4050,0;96,42857142857143;4;0;0;0;40;70;900;5;;DELTA_E_SALDO_CONTRARIOS;True;VALIDACAO;19;1;5,2631578947368425;6000,0;6975,0;975,0;51,31578947368421;1;0;0;0;40;70;900;5;;DELTA_E_SALDO_CONTRARIOS;True;True;975,0
214;1144;40;70;900;5;500,0;DELTA_E_SALDO_CONTRARIOS;True;TREINO;42;4;9,523809523809524;-19900,0;-15850,0;4050,0;96,42857142857143;4;0;0;0;40;70;900;5;500,0;DELTA_E_SALDO_CONTRARIOS;True;VALIDACAO;19;1;5,2631578947368425;6000,0;6975,0;975,0;51,31578947368421;1;0;0;0;40;70;900;5;500,0;DELTA_E_SALDO_CONTRARIOS;True;True;975,0
215;1148;40;70;900;8;;DELTA_E_SALDO_CONTRARIOS;True;TREINO;42;4;9,523809523809524;-19900,0;-15850,0;4050,0;96,42857142857143;4;0;0;0;40;70;900;8;;DELTA_E_SALDO_CONTRARIOS;True;VALIDACAO;19;1;5,2631578947368425;6000,0;6975,0;975,0;51,31578947368421;1;0;0;0;40;70;900;8;;DELTA_E_SALDO_CONTRARIOS;True;True;975,0
216;1152;40;70;900;8;500,0;DELTA_E_SALDO_CONTRARIOS;True;TREINO;42;4;9,523809523809524;-19900,0;-15850,0;4050,0;96,42857142857143;4;0;0;0;40;70;900;8;500,0;DELTA_E_SALDO_CONTRARIOS;True;VALIDACAO;19;1;5,2631578947368425;6000,0;6975,0;975,0;51,31578947368421;1;0;0;0;40;70;900;8;500,0;DELTA_E_SALDO_CONTRARIOS;True;True;975,0
217;1572;50;70;500;2;;DELTA_E_SALDO_CONTRARIOS;True;TREINO;42;4;9,523809523809524;-19900,0;-15850,0;4050,0;96,42857142857143;4;0;0;0;50;70;500;2;;DELTA_E_SALDO_CONTRARIOS;True;VALIDACAO;19;1;5,2631578947368425;6000,0;6975,0;975,0;51,31578947368421;1;0;0;0;50;70;500;2;;DELTA_E_SALDO_CONTRARIOS;True;True;975,0
218;1576;50;70;500;2;500,0;DELTA_E_SALDO_CONTRARIOS;True;TREINO;42;4;9,523809523809524;-19900,0;-15850,0;4050,0;96,42857142857143;4;0;0;0;50;70;500;2;500,0;DELTA_E_SALDO_CONTRARIOS;True;VALIDACAO;19;1;5,2631578947368425;6000,0;6975,0;975,0;51,31578947368421;1;0;0;0;50;70;500;2;500,0;DELTA_E_SALDO_CONTRARIOS;True;True;975,0
219;1580;50;70;500;3;;DELTA_E_SALDO_CONTRARIOS;True;TREINO;42;4;9,523809523809524;-19900,0;-15850,0;4050,0;96,42857142857143;4;0;0;0;50;70;500;3;;DELTA_E_SALDO_CONTRARIOS;True;VALIDACAO;19;1;5,2631578947368425;6000,0;6975,0;975,0;51,31578947368421;1;0;0;0;50;70;500;3;;DELTA_E_SALDO_CONTRARIOS;True;True;975,0
220;1584;50;70;500;3;500,0;DELTA_E_SALDO_CONTRARIOS;True;TREINO;42;4;9,523809523809524;-19900,0;-15850,0;4050,0;96,42857142857143;4;0;0;0;50;70;500;3;500,0;DELTA_E_SALDO_CONTRARIOS;True;VALIDACAO;19;1;5,2631578947368425;6000,0;6975,0;975,0;51,31578947368421;1;0;0;0;50;70;500;3;500,0;DELTA_E_SALDO_CONTRARIOS;True;True;975,0
221;1588;50;70;500;5;;DELTA_E_SALDO_CONTRARIOS;True;TREINO;42;4;9,523809523809524;-19900,0;-15850,0;4050,0;96,42857142857143;4;0;0;0;50;70;500;5;;DELTA_E_SALDO_CONTRARIOS;True;VALIDACAO;19;1;5,2631578947368425;6000,0;6975,0;975,0;51,31578947368421;1;0;0;0;50;70;500;5;;DELTA_E_SALDO_CONTRARIOS;True;True;975,0
222;1592;50;70;500;5;500,0;DELTA_E_SALDO_CONTRARIOS;True;TREINO;42;4;9,523809523809524;-19900,0;-15850,0;4050,0;96,42857142857143;4;0;0;0;50;70;500;5;500,0;DELTA_E_SALDO_CONTRARIOS;True;VALIDACAO;19;1;5,2631578947368425;6000,0;6975,0;975,0;51,31578947368421;1;0;0;0;50;70;500;5;500,0;DELTA_E_SALDO_CONTRARIOS;True;True;975,0
223;1596;50;70;500;8;;DELTA_E_SALDO_CONTRARIOS;True;TREINO;42;4;9,523809523809524;-19900,0;-15850,0;4050,0;96,42857142857143;4;0;0;0;50;70;500;8;;DELTA_E_SALDO_CONTRARIOS;True;VALIDACAO;19;1;5,2631578947368425;6000,0;6975,0;975,0;51,31578947368421;1;0;0;0;50;70;500;8;;DELTA_E_SALDO_CONTRARIOS;True;True;975,0
224;1600;50;70;500;8;500,0;DELTA_E_SALDO_CONTRARIOS;True;TREINO;42;4;9,523809523809524;-19900,0;-15850,0;4050,0;96,42857142857143;4;0;0;0;50;70;500;8;500,0;DELTA_E_SALDO_CONTRARIOS;True;VALIDACAO;19;1;5,2631578947368425;6000,0;6975,0;975,0;51,31578947368421;1;0;0;0;50;70;500;8;500,0;DELTA_E_SALDO_CONTRARIOS;True;True;975,0
225;1604;50;70;700;2;;DELTA_E_SALDO_CONTRARIOS;True;TREINO;42;4;9,523809523809524;-19900,0;-15850,0;4050,0;96,42857142857143;4;0;0;0;50;70;700;2;;DELTA_E_SALDO_CONTRARIOS;True;VALIDACAO;19;1;5,2631578947368425;6000,0;6975,0;975,0;51,31578947368421;1;0;0;0;50;70;700;2;;DELTA_E_SALDO_CONTRARIOS;True;True;975,0
226;1608;50;70;700;2;500,0;DELTA_E_SALDO_CONTRARIOS;True;TREINO;42;4;9,523809523809524;-19900,0;-15850,0;4050,0;96,42857142857143;4;0;0;0;50;70;700;2;500,0;DELTA_E_SALDO_CONTRARIOS;True;VALIDACAO;19;1;5,2631578947368425;6000,0;6975,0;975,0;51,31578947368421;1;0;0;0;50;70;700;2;500,0;DELTA_E_SALDO_CONTRARIOS;True;True;975,0
227;1612;50;70;700;3;;DELTA_E_SALDO_CONTRARIOS;True;TREINO;42;4;9,523809523809524;-19900,0;-15850,0;4050,0;96,42857142857143;4;0;0;0;50;70;700;3;;DELTA_E_SALDO_CONTRARIOS;True;VALIDACAO;19;1;5,2631578947368425;6000,0;6975,0;975,0;51,31578947368421;1;0;0;0;50;70;700;3;;DELTA_E_SALDO_CONTRARIOS;True;True;975,0
228;1616;50;70;700;3;500,0;DELTA_E_SALDO_CONTRARIOS;True;TREINO;42;4;9,523809523809524;-19900,0;-15850,0;4050,0;96,42857142857143;4;0;0;0;50;70;700;3;500,0;DELTA_E_SALDO_CONTRARIOS;True;VALIDACAO;19;1;5,2631578947368425;6000,0;6975,0;975,0;51,31578947368421;1;0;0;0;50;70;700;3;500,0;DELTA_E_SALDO_CONTRARIOS;True;True;975,0
229;1620;50;70;700;5;;DELTA_E_SALDO_CONTRARIOS;True;TREINO;42;4;9,523809523809524;-19900,0;-15850,0;4050,0;96,42857142857143;4;0;0;0;50;70;700;5;;DELTA_E_SALDO_CONTRARIOS;True;VALIDACAO;19;1;5,2631578947368425;6000,0;6975,0;975,0;51,31578947368421;1;0;0;0;50;70;700;5;;DELTA_E_SALDO_CONTRARIOS;True;True;975,0
230;1624;50;70;700;5;500,0;DELTA_E_SALDO_CONTRARIOS;True;TREINO;42;4;9,523809523809524;-19900,0;-15850,0;4050,0;96,42857142857143;4;0;0;0;50;70;700;5;500,0;DELTA_E_SALDO_CONTRARIOS;True;VALIDACAO;19;1;5,2631578947368425;6000,0;6975,0;975,0;51,31578947368421;1;0;0;0;50;70;700;5;500,0;DELTA_E_SALDO_CONTRARIOS;True;True;975,0
231;1628;50;70;700;8;;DELTA_E_SALDO_CONTRARIOS;True;TREINO;42;4;9,523809523809524;-19900,0;-15850,0;4050,0;96,42857142857143;4;0;0;0;50;70;700;8;;DELTA_E_SALDO_CONTRARIOS;True;VALIDACAO;19;1;5,2631578947368425;6000,0;6975,0;975,0;51,31578947368421;1;0;0;0;50;70;700;8;;DELTA_E_SALDO_CONTRARIOS;True;True;975,0
232;1632;50;70;700;8;500,0;DELTA_E_SALDO_CONTRARIOS;True;TREINO;42;4;9,523809523809524;-19900,0;-15850,0;4050,0;96,42857142857143;4;0;0;0;50;70;700;8;500,0;DELTA_E_SALDO_CONTRARIOS;True;VALIDACAO;19;1;5,2631578947368425;6000,0;6975,0;975,0;51,31578947368421;1;0;0;0;50;70;700;8;500,0;DELTA_E_SALDO_CONTRARIOS;True;True;975,0
233;1636;50;70;900;2;;DELTA_E_SALDO_CONTRARIOS;True;TREINO;42;4;9,523809523809524;-19900,0;-15850,0;4050,0;96,42857142857143;4;0;0;0;50;70;900;2;;DELTA_E_SALDO_CONTRARIOS;True;VALIDACAO;19;1;5,2631578947368425;6000,0;6975,0;975,0;51,31578947368421;1;0;0;0;50;70;900;2;;DELTA_E_SALDO_CONTRARIOS;True;True;975,0
234;1640;50;70;900;2;500,0;DELTA_E_SALDO_CONTRARIOS;True;TREINO;42;4;9,523809523809524;-19900,0;-15850,0;4050,0;96,42857142857143;4;0;0;0;50;70;900;2;500,0;DELTA_E_SALDO_CONTRARIOS;True;VALIDACAO;19;1;5,2631578947368425;6000,0;6975,0;975,0;51,31578947368421;1;0;0;0;50;70;900;2;500,0;DELTA_E_SALDO_CONTRARIOS;True;True;975,0
235;1644;50;70;900;3;;DELTA_E_SALDO_CONTRARIOS;True;TREINO;42;4;9,523809523809524;-19900,0;-15850,0;4050,0;96,42857142857143;4;0;0;0;50;70;900;3;;DELTA_E_SALDO_CONTRARIOS;True;VALIDACAO;19;1;5,2631578947368425;6000,0;6975,0;975,0;51,31578947368421;1;0;0;0;50;70;900;3;;DELTA_E_SALDO_CONTRARIOS;True;True;975,0
236;1648;50;70;900;3;500,0;DELTA_E_SALDO_CONTRARIOS;True;TREINO;42;4;9,523809523809524;-19900,0;-15850,0;4050,0;96,42857142857143;4;0;0;0;50;70;900;3;500,0;DELTA_E_SALDO_CONTRARIOS;True;VALIDACAO;19;1;5,2631578947368425;6000,0;6975,0;975,0;51,31578947368421;1;0;0;0;50;70;900;3;500,0;DELTA_E_SALDO_CONTRARIOS;True;True;975,0
237;1652;50;70;900;5;;DELTA_E_SALDO_CONTRARIOS;True;TREINO;42;4;9,523809523809524;-19900,0;-15850,0;4050,0;96,42857142857143;4;0;0;0;50;70;900;5;;DELTA_E_SALDO_CONTRARIOS;True;VALIDACAO;19;1;5,2631578947368425;6000,0;6975,0;975,0;51,31578947368421;1;0;0;0;50;70;900;5;;DELTA_E_SALDO_CONTRARIOS;True;True;975,0
238;1656;50;70;900;5;500,0;DELTA_E_SALDO_CONTRARIOS;True;TREINO;42;4;9,523809523809524;-19900,0;-15850,0;4050,0;96,42857142857143;4;0;0;0;50;70;900;5;500,0;DELTA_E_SALDO_CONTRARIOS;True;VALIDACAO;19;1;5,2631578947368425;6000,0;6975,0;975,0;51,31578947368421;1;0;0;0;50;70;900;5;500,0;DELTA_E_SALDO_CONTRARIOS;True;True;975,0
239;1660;50;70;900;8;;DELTA_E_SALDO_CONTRARIOS;True;TREINO;42;4;9,523809523809524;-19900,0;-15850,0;4050,0;96,42857142857143;4;0;0;0;50;70;900;8;;DELTA_E_SALDO_CONTRARIOS;True;VALIDACAO;19;1;5,2631578947368425;6000,0;6975,0;975,0;51,31578947368421;1;0;0;0;50;70;900;8;;DELTA_E_SALDO_CONTRARIOS;True;True;975,0
240;1664;50;70;900;8;500,0;DELTA_E_SALDO_CONTRARIOS;True;TREINO;42;4;9,523809523809524;-19900,0;-15850,0;4050,0;96,42857142857143;4;0;0;0;50;70;900;8;500,0;DELTA_E_SALDO_CONTRARIOS;True;VALIDACAO;19;1;5,2631578947368425;6000,0;6975,0;975,0;51,31578947368421;1;0;0;0;50;70;900;8;500,0;DELTA_E_SALDO_CONTRARIOS;True;True;975,0
241;899;30;95;300;2;;DELTA_E_SALDO_CONTRARIOS;False;TREINO;42;4;9,523809523809524;-19900,0;-12350,0;7550,0;179,76190476190476;4;0;0;0;30;95;300;2;;DELTA_E_SALDO_CONTRARIOS;False;VALIDACAO;19;0;0,0;6000,0;6000,0;0,0;0,0;0;0;0;0;30;95;300;2;;DELTA_E_SALDO_CONTRARIOS;False;False;0,0
242;903;30;95;300;2;500,0;DELTA_E_SALDO_CONTRARIOS;False;TREINO;42;4;9,523809523809524;-19900,0;-12350,0;7550,0;179,76190476190476;4;0;0;0;30;95;300;2;500,0;DELTA_E_SALDO_CONTRARIOS;False;VALIDACAO;19;0;0,0;6000,0;6000,0;0,0;0,0;0;0;0;0;30;95;300;2;500,0;DELTA_E_SALDO_CONTRARIOS;False;False;0,0
243;907;30;95;300;3;;DELTA_E_SALDO_CONTRARIOS;False;TREINO;42;4;9,523809523809524;-19900,0;-12350,0;7550,0;179,76190476190476;4;0;0;0;30;95;300;3;;DELTA_E_SALDO_CONTRARIOS;False;VALIDACAO;19;0;0,0;6000,0;6000,0;0,0;0,0;0;0;0;0;30;95;300;3;;DELTA_E_SALDO_CONTRARIOS;False;False;0,0
244;911;30;95;300;3;500,0;DELTA_E_SALDO_CONTRARIOS;False;TREINO;42;4;9,523809523809524;-19900,0;-12350,0;7550,0;179,76190476190476;4;0;0;0;30;95;300;3;500,0;DELTA_E_SALDO_CONTRARIOS;False;VALIDACAO;19;0;0,0;6000,0;6000,0;0,0;0,0;0;0;0;0;30;95;300;3;500,0;DELTA_E_SALDO_CONTRARIOS;False;False;0,0
245;915;30;95;300;5;;DELTA_E_SALDO_CONTRARIOS;False;TREINO;42;4;9,523809523809524;-19900,0;-12350,0;7550,0;179,76190476190476;4;0;0;0;30;95;300;5;;DELTA_E_SALDO_CONTRARIOS;False;VALIDACAO;19;0;0,0;6000,0;6000,0;0,0;0,0;0;0;0;0;30;95;300;5;;DELTA_E_SALDO_CONTRARIOS;False;False;0,0
246;919;30;95;300;5;500,0;DELTA_E_SALDO_CONTRARIOS;False;TREINO;42;4;9,523809523809524;-19900,0;-12350,0;7550,0;179,76190476190476;4;0;0;0;30;95;300;5;500,0;DELTA_E_SALDO_CONTRARIOS;False;VALIDACAO;19;0;0,0;6000,0;6000,0;0,0;0,0;0;0;0;0;30;95;300;5;500,0;DELTA_E_SALDO_CONTRARIOS;False;False;0,0
247;923;30;95;300;8;;DELTA_E_SALDO_CONTRARIOS;False;TREINO;42;4;9,523809523809524;-19900,0;-12350,0;7550,0;179,76190476190476;4;0;0;0;30;95;300;8;;DELTA_E_SALDO_CONTRARIOS;False;VALIDACAO;19;0;0,0;6000,0;6000,0;0,0;0,0;0;0;0;0;30;95;300;8;;DELTA_E_SALDO_CONTRARIOS;False;False;0,0
248;927;30;95;300;8;500,0;DELTA_E_SALDO_CONTRARIOS;False;TREINO;42;4;9,523809523809524;-19900,0;-12350,0;7550,0;179,76190476190476;4;0;0;0;30;95;300;8;500,0;DELTA_E_SALDO_CONTRARIOS;False;VALIDACAO;19;0;0,0;6000,0;6000,0;0,0;0,0;0;0;0;0;30;95;300;8;500,0;DELTA_E_SALDO_CONTRARIOS;False;False;0,0
249;1411;40;95;300;2;;DELTA_E_SALDO_CONTRARIOS;False;TREINO;42;4;9,523809523809524;-19900,0;-12350,0;7550,0;179,76190476190476;4;0;0;0;40;95;300;2;;DELTA_E_SALDO_CONTRARIOS;False;VALIDACAO;19;0;0,0;6000,0;6000,0;0,0;0,0;0;0;0;0;40;95;300;2;;DELTA_E_SALDO_CONTRARIOS;False;False;0,0
250;1415;40;95;300;2;500,0;DELTA_E_SALDO_CONTRARIOS;False;TREINO;42;4;9,523809523809524;-19900,0;-12350,0;7550,0;179,76190476190476;4;0;0;0;40;95;300;2;500,0;DELTA_E_SALDO_CONTRARIOS;False;VALIDACAO;19;0;0,0;6000,0;6000,0;0,0;0,0;0;0;0;0;40;95;300;2;500,0;DELTA_E_SALDO_CONTRARIOS;False;False;0,0
251;1419;40;95;300;3;;DELTA_E_SALDO_CONTRARIOS;False;TREINO;42;4;9,523809523809524;-19900,0;-12350,0;7550,0;179,76190476190476;4;0;0;0;40;95;300;3;;DELTA_E_SALDO_CONTRARIOS;False;VALIDACAO;19;0;0,0;6000,0;6000,0;0,0;0,0;0;0;0;0;40;95;300;3;;DELTA_E_SALDO_CONTRARIOS;False;False;0,0
252;1423;40;95;300;3;500,0;DELTA_E_SALDO_CONTRARIOS;False;TREINO;42;4;9,523809523809524;-19900,0;-12350,0;7550,0;179,76190476190476;4;0;0;0;40;95;300;3;500,0;DELTA_E_SALDO_CONTRARIOS;False;VALIDACAO;19;0;0,0;6000,0;6000,0;0,0;0,0;0;0;0;0;40;95;300;3;500,0;DELTA_E_SALDO_CONTRARIOS;False;False;0,0
253;1427;40;95;300;5;;DELTA_E_SALDO_CONTRARIOS;False;TREINO;42;4;9,523809523809524;-19900,0;-12350,0;7550,0;179,76190476190476;4;0;0;0;40;95;300;5;;DELTA_E_SALDO_CONTRARIOS;False;VALIDACAO;19;0;0,0;6000,0;6000,0;0,0;0,0;0;0;0;0;40;95;300;5;;DELTA_E_SALDO_CONTRARIOS;False;False;0,0
254;1431;40;95;300;5;500,0;DELTA_E_SALDO_CONTRARIOS;False;TREINO;42;4;9,523809523809524;-19900,0;-12350,0;7550,0;179,76190476190476;4;0;0;0;40;95;300;5;500,0;DELTA_E_SALDO_CONTRARIOS;False;VALIDACAO;19;0;0,0;6000,0;6000,0;0,0;0,0;0;0;0;0;40;95;300;5;500,0;DELTA_E_SALDO_CONTRARIOS;False;False;0,0
255;1435;40;95;300;8;;DELTA_E_SALDO_CONTRARIOS;False;TREINO;42;4;9,523809523809524;-19900,0;-12350,0;7550,0;179,76190476190476;4;0;0;0;40;95;300;8;;DELTA_E_SALDO_CONTRARIOS;False;VALIDACAO;19;0;0,0;6000,0;6000,0;0,0;0,0;0;0;0;0;40;95;300;8;;DELTA_E_SALDO_CONTRARIOS;False;False;0,0
256;1439;40;95;300;8;500,0;DELTA_E_SALDO_CONTRARIOS;False;TREINO;42;4;9,523809523809524;-19900,0;-12350,0;7550,0;179,76190476190476;4;0;0;0;40;95;300;8;500,0;DELTA_E_SALDO_CONTRARIOS;False;VALIDACAO;19;0;0,0;6000,0;6000,0;0,0;0,0;0;0;0;0;40;95;300;8;500,0;DELTA_E_SALDO_CONTRARIOS;False;False;0,0
257;1923;50;95;300;2;;DELTA_E_SALDO_CONTRARIOS;False;TREINO;42;4;9,523809523809524;-19900,0;-12350,0;7550,0;179,76190476190476;4;0;0;0;50;95;300;2;;DELTA_E_SALDO_CONTRARIOS;False;VALIDACAO;19;0;0,0;6000,0;6000,0;0,0;0,0;0;0;0;0;50;95;300;2;;DELTA_E_SALDO_CONTRARIOS;False;False;0,0
258;1927;50;95;300;2;500,0;DELTA_E_SALDO_CONTRARIOS;False;TREINO;42;4;9,523809523809524;-19900,0;-12350,0;7550,0;179,76190476190476;4;0;0;0;50;95;300;2;500,0;DELTA_E_SALDO_CONTRARIOS;False;VALIDACAO;19;0;0,0;6000,0;6000,0;0,0;0,0;0;0;0;0;50;95;300;2;500,0;DELTA_E_SALDO_CONTRARIOS;False;False;0,0
259;1931;50;95;300;3;;DELTA_E_SALDO_CONTRARIOS;False;TREINO;42;4;9,523809523809524;-19900,0;-12350,0;7550,0;179,76190476190476;4;0;0;0;50;95;300;3;;DELTA_E_SALDO_CONTRARIOS;False;VALIDACAO;19;0;0,0;6000,0;6000,0;0,0;0,0;0;0;0;0;50;95;300;3;;DELTA_E_SALDO_CONTRARIOS;False;False;0,0
260;1935;50;95;300;3;500,0;DELTA_E_SALDO_CONTRARIOS;False;TREINO;42;4;9,523809523809524;-19900,0;-12350,0;7550,0;179,76190476190476;4;0;0;0;50;95;300;3;500,0;DELTA_E_SALDO_CONTRARIOS;False;VALIDACAO;19;0;0,0;6000,0;6000,0;0,0;0,0;0;0;0;0;50;95;300;3;500,0;DELTA_E_SALDO_CONTRARIOS;False;False;0,0
261;1939;50;95;300;5;;DELTA_E_SALDO_CONTRARIOS;False;TREINO;42;4;9,523809523809524;-19900,0;-12350,0;7550,0;179,76190476190476;4;0;0;0;50;95;300;5;;DELTA_E_SALDO_CONTRARIOS;False;VALIDACAO;19;0;0,0;6000,0;6000,0;0,0;0,0;0;0;0;0;50;95;300;5;;DELTA_E_SALDO_CONTRARIOS;False;False;0,0
262;1943;50;95;300;5;500,0;DELTA_E_SALDO_CONTRARIOS;False;TREINO;42;4;9,523809523809524;-19900,0;-12350,0;7550,0;179,76190476190476;4;0;0;0;50;95;300;5;500,0;DELTA_E_SALDO_CONTRARIOS;False;VALIDACAO;19;0;0,0;6000,0;6000,0;0,0;0,0;0;0;0;0;50;95;300;5;500,0;DELTA_E_SALDO_CONTRARIOS;False;False;0,0
263;1947;50;95;300;8;;DELTA_E_SALDO_CONTRARIOS;False;TREINO;42;4;9,523809523809524;-19900,0;-12350,0;7550,0;179,76190476190476;4;0;0;0;50;95;300;8;;DELTA_E_SALDO_CONTRARIOS;False;VALIDACAO;19;0;0,0;6000,0;6000,0;0,0;0,0;0;0;0;0;50;95;300;8;;DELTA_E_SALDO_CONTRARIOS;False;False;0,0
264;1951;50;95;300;8;500,0;DELTA_E_SALDO_CONTRARIOS;False;TREINO;42;4;9,523809523809524;-19900,0;-12350,0;7550,0;179,76190476190476;4;0;0;0;50;95;300;8;500,0;DELTA_E_SALDO_CONTRARIOS;False;VALIDACAO;19;0;0,0;6000,0;6000,0;0,0;0,0;0;0;0;0;50;95;300;8;500,0;DELTA_E_SALDO_CONTRARIOS;False;False;0,0
265;771;30;90;300;2;;DELTA_E_SALDO_CONTRARIOS;False;TREINO;42;6;14,285714285714286;-19900,0;-12800,0;7100,0;169,04761904761904;5;0;1;0;30;90;300;2;;DELTA_E_SALDO_CONTRARIOS;False;VALIDACAO;19;0;0,0;6000,0;6000,0;0,0;0,0;0;0;0;0;30;90;300;2;;DELTA_E_SALDO_CONTRARIOS;False;False;0,0
266;775;30;90;300;2;500,0;DELTA_E_SALDO_CONTRARIOS;False;TREINO;42;6;14,285714285714286;-19900,0;-12800,0;7100,0;169,04761904761904;5;0;1;0;30;90;300;2;500,0;DELTA_E_SALDO_CONTRARIOS;False;VALIDACAO;19;0;0,0;6000,0;6000,0;0,0;0,0;0;0;0;0;30;90;300;2;500,0;DELTA_E_SALDO_CONTRARIOS;False;False;0,0
267;779;30;90;300;3;;DELTA_E_SALDO_CONTRARIOS;False;TREINO;42;6;14,285714285714286;-19900,0;-12800,0;7100,0;169,04761904761904;5;0;1;0;30;90;300;3;;DELTA_E_SALDO_CONTRARIOS;False;VALIDACAO;19;0;0,0;6000,0;6000,0;0,0;0,0;0;0;0;0;30;90;300;3;;DELTA_E_SALDO_CONTRARIOS;False;False;0,0
268;783;30;90;300;3;500,0;DELTA_E_SALDO_CONTRARIOS;False;TREINO;42;6;14,285714285714286;-19900,0;-12800,0;7100,0;169,04761904761904;5;0;1;0;30;90;300;3;500,0;DELTA_E_SALDO_CONTRARIOS;False;VALIDACAO;19;0;0,0;6000,0;6000,0;0,0;0,0;0;0;0;0;30;90;300;3;500,0;DELTA_E_SALDO_CONTRARIOS;False;False;0,0
269;787;30;90;300;5;;DELTA_E_SALDO_CONTRARIOS;False;TREINO;42;6;14,285714285714286;-19900,0;-12800,0;7100,0;169,04761904761904;5;0;1;0;30;90;300;5;;DELTA_E_SALDO_CONTRARIOS;False;VALIDACAO;19;0;0,0;6000,0;6000,0;0,0;0,0;0;0;0;0;30;90;300;5;;DELTA_E_SALDO_CONTRARIOS;False;False;0,0
270;791;30;90;300;5;500,0;DELTA_E_SALDO_CONTRARIOS;False;TREINO;42;6;14,285714285714286;-19900,0;-12800,0;7100,0;169,04761904761904;5;0;1;0;30;90;300;5;500,0;DELTA_E_SALDO_CONTRARIOS;False;VALIDACAO;19;0;0,0;6000,0;6000,0;0,0;0,0;0;0;0;0;30;90;300;5;500,0;DELTA_E_SALDO_CONTRARIOS;False;False;0,0
271;795;30;90;300;8;;DELTA_E_SALDO_CONTRARIOS;False;TREINO;42;6;14,285714285714286;-19900,0;-12800,0;7100,0;169,04761904761904;5;0;1;0;30;90;300;8;;DELTA_E_SALDO_CONTRARIOS;False;VALIDACAO;19;0;0,0;6000,0;6000,0;0,0;0,0;0;0;0;0;30;90;300;8;;DELTA_E_SALDO_CONTRARIOS;False;False;0,0
272;799;30;90;300;8;500,0;DELTA_E_SALDO_CONTRARIOS;False;TREINO;42;6;14,285714285714286;-19900,0;-12800,0;7100,0;169,04761904761904;5;0;1;0;30;90;300;8;500,0;DELTA_E_SALDO_CONTRARIOS;False;VALIDACAO;19;0;0,0;6000,0;6000,0;0,0;0,0;0;0;0;0;30;90;300;8;500,0;DELTA_E_SALDO_CONTRARIOS;False;False;0,0
273;1283;40;90;300;2;;DELTA_E_SALDO_CONTRARIOS;False;TREINO;42;6;14,285714285714286;-19900,0;-12800,0;7100,0;169,04761904761904;5;0;1;0;40;90;300;2;;DELTA_E_SALDO_CONTRARIOS;False;VALIDACAO;19;0;0,0;6000,0;6000,0;0,0;0,0;0;0;0;0;40;90;300;2;;DELTA_E_SALDO_CONTRARIOS;False;False;0,0
274;1287;40;90;300;2;500,0;DELTA_E_SALDO_CONTRARIOS;False;TREINO;42;6;14,285714285714286;-19900,0;-12800,0;7100,0;169,04761904761904;5;0;1;0;40;90;300;2;500,0;DELTA_E_SALDO_CONTRARIOS;False;VALIDACAO;19;0;0,0;6000,0;6000,0;0,0;0,0;0;0;0;0;40;90;300;2;500,0;DELTA_E_SALDO_CONTRARIOS;False;False;0,0
275;1291;40;90;300;3;;DELTA_E_SALDO_CONTRARIOS;False;TREINO;42;6;14,285714285714286;-19900,0;-12800,0;7100,0;169,04761904761904;5;0;1;0;40;90;300;3;;DELTA_E_SALDO_CONTRARIOS;False;VALIDACAO;19;0;0,0;6000,0;6000,0;0,0;0,0;0;0;0;0;40;90;300;3;;DELTA_E_SALDO_CONTRARIOS;False;False;0,0
276;1295;40;90;300;3;500,0;DELTA_E_SALDO_CONTRARIOS;False;TREINO;42;6;14,285714285714286;-19900,0;-12800,0;7100,0;169,04761904761904;5;0;1;0;40;90;300;3;500,0;DELTA_E_SALDO_CONTRARIOS;False;VALIDACAO;19;0;0,0;6000,0;6000,0;0,0;0,0;0;0;0;0;40;90;300;3;500,0;DELTA_E_SALDO_CONTRARIOS;False;False;0,0
277;1299;40;90;300;5;;DELTA_E_SALDO_CONTRARIOS;False;TREINO;42;6;14,285714285714286;-19900,0;-12800,0;7100,0;169,04761904761904;5;0;1;0;40;90;300;5;;DELTA_E_SALDO_CONTRARIOS;False;VALIDACAO;19;0;0,0;6000,0;6000,0;0,0;0,0;0;0;0;0;40;90;300;5;;DELTA_E_SALDO_CONTRARIOS;False;False;0,0
278;1303;40;90;300;5;500,0;DELTA_E_SALDO_CONTRARIOS;False;TREINO;42;6;14,285714285714286;-19900,0;-12800,0;7100,0;169,04761904761904;5;0;1;0;40;90;300;5;500,0;DELTA_E_SALDO_CONTRARIOS;False;VALIDACAO;19;0;0,0;6000,0;6000,0;0,0;0,0;0;0;0;0;40;90;300;5;500,0;DELTA_E_SALDO_CONTRARIOS;False;False;0,0
279;1307;40;90;300;8;;DELTA_E_SALDO_CONTRARIOS;False;TREINO;42;6;14,285714285714286;-19900,0;-12800,0;7100,0;169,04761904761904;5;0;1;0;40;90;300;8;;DELTA_E_SALDO_CONTRARIOS;False;VALIDACAO;19;0;0,0;6000,0;6000,0;0,0;0,0;0;0;0;0;40;90;300;8;;DELTA_E_SALDO_CONTRARIOS;False;False;0,0
280;1311;40;90;300;8;500,0;DELTA_E_SALDO_CONTRARIOS;False;TREINO;42;6;14,285714285714286;-19900,0;-12800,0;7100,0;169,04761904761904;5;0;1;0;40;90;300;8;500,0;DELTA_E_SALDO_CONTRARIOS;False;VALIDACAO;19;0;0,0;6000,0;6000,0;0,0;0,0;0;0;0;0;40;90;300;8;500,0;DELTA_E_SALDO_CONTRARIOS;False;False;0,0
281;1795;50;90;300;2;;DELTA_E_SALDO_CONTRARIOS;False;TREINO;42;6;14,285714285714286;-19900,0;-12800,0;7100,0;169,04761904761904;5;0;1;0;50;90;300;2;;DELTA_E_SALDO_CONTRARIOS;False;VALIDACAO;19;0;0,0;6000,0;6000,0;0,0;0,0;0;0;0;0;50;90;300;2;;DELTA_E_SALDO_CONTRARIOS;False;False;0,0
282;1799;50;90;300;2;500,0;DELTA_E_SALDO_CONTRARIOS;False;TREINO;42;6;14,285714285714286;-19900,0;-12800,0;7100,0;169,04761904761904;5;0;1;0;50;90;300;2;500,0;DELTA_E_SALDO_CONTRARIOS;False;VALIDACAO;19;0;0,0;6000,0;6000,0;0,0;0,0;0;0;0;0;50;90;300;2;500,0;DELTA_E_SALDO_CONTRARIOS;False;False;0,0
283;1803;50;90;300;3;;DELTA_E_SALDO_CONTRARIOS;False;TREINO;42;6;14,285714285714286;-19900,0;-12800,0;7100,0;169,04761904761904;5;0;1;0;50;90;300;3;;DELTA_E_SALDO_CONTRARIOS;False;VALIDACAO;19;0;0,0;6000,0;6000,0;0,0;0,0;0;0;0;0;50;90;300;3;;DELTA_E_SALDO_CONTRARIOS;False;False;0,0
284;1807;50;90;300;3;500,0;DELTA_E_SALDO_CONTRARIOS;False;TREINO;42;6;14,285714285714286;-19900,0;-12800,0;7100,0;169,04761904761904;5;0;1;0;50;90;300;3;500,0;DELTA_E_SALDO_CONTRARIOS;False;VALIDACAO;19;0;0,0;6000,0;6000,0;0,0;0,0;0;0;0;0;50;90;300;3;500,0;DELTA_E_SALDO_CONTRARIOS;False;False;0,0
285;1811;50;90;300;5;;DELTA_E_SALDO_CONTRARIOS;False;TREINO;42;6;14,285714285714286;-19900,0;-12800,0;7100,0;169,04761904761904;5;0;1;0;50;90;300;5;;DELTA_E_SALDO_CONTRARIOS;False;VALIDACAO;19;0;0,0;6000,0;6000,0;0,0;0,0;0;0;0;0;50;90;300;5;;DELTA_E_SALDO_CONTRARIOS;False;False;0,0
286;1815;50;90;300;5;500,0;DELTA_E_SALDO_CONTRARIOS;False;TREINO;42;6;14,285714285714286;-19900,0;-12800,0;7100,0;169,04761904761904;5;0;1;0;50;90;300;5;500,0;DELTA_E_SALDO_CONTRARIOS;False;VALIDACAO;19;0;0,0;6000,0;6000,0;0,0;0,0;0;0;0;0;50;90;300;5;500,0;DELTA_E_SALDO_CONTRARIOS;False;False;0,0
287;1819;50;90;300;8;;DELTA_E_SALDO_CONTRARIOS;False;TREINO;42;6;14,285714285714286;-19900,0;-12800,0;7100,0;169,04761904761904;5;0;1;0;50;90;300;8;;DELTA_E_SALDO_CONTRARIOS;False;VALIDACAO;19;0;0,0;6000,0;6000,0;0,0;0,0;0;0;0;0;50;90;300;8;;DELTA_E_SALDO_CONTRARIOS;False;False;0,0
288;1823;50;90;300;8;500,0;DELTA_E_SALDO_CONTRARIOS;False;TREINO;42;6;14,285714285714286;-19900,0;-12800,0;7100,0;169,04761904761904;5;0;1;0;50;90;300;8;500,0;DELTA_E_SALDO_CONTRARIOS;False;VALIDACAO;19;0;0,0;6000,0;6000,0;0,0;0,0;0;0;0;0;50;90;300;8;500,0;DELTA_E_SALDO_CONTRARIOS;False;False;0,0
289;900;30;95;300;2;;DELTA_E_SALDO_CONTRARIOS;True;TREINO;42;4;9,523809523809524;-19900,0;-13375,0;6525,0;155,35714285714286;4;0;0;0;30;95;300;2;;DELTA_E_SALDO_CONTRARIOS;True;VALIDACAO;19;0;0,0;6000,0;6000,0;0,0;0,0;0;0;0;0;30;95;300;2;;DELTA_E_SALDO_CONTRARIOS;True;False;0,0
290;904;30;95;300;2;500,0;DELTA_E_SALDO_CONTRARIOS;True;TREINO;42;4;9,523809523809524;-19900,0;-13375,0;6525,0;155,35714285714286;4;0;0;0;30;95;300;2;500,0;DELTA_E_SALDO_CONTRARIOS;True;VALIDACAO;19;0;0,0;6000,0;6000,0;0,0;0,0;0;0;0;0;30;95;300;2;500,0;DELTA_E_SALDO_CONTRARIOS;True;False;0,0
291;908;30;95;300;3;;DELTA_E_SALDO_CONTRARIOS;True;TREINO;42;4;9,523809523809524;-19900,0;-13375,0;6525,0;155,35714285714286;4;0;0;0;30;95;300;3;;DELTA_E_SALDO_CONTRARIOS;True;VALIDACAO;19;0;0,0;6000,0;6000,0;0,0;0,0;0;0;0;0;30;95;300;3;;DELTA_E_SALDO_CONTRARIOS;True;False;0,0
292;912;30;95;300;3;500,0;DELTA_E_SALDO_CONTRARIOS;True;TREINO;42;4;9,523809523809524;-19900,0;-13375,0;6525,0;155,35714285714286;4;0;0;0;30;95;300;3;500,0;DELTA_E_SALDO_CONTRARIOS;True;VALIDACAO;19;0;0,0;6000,0;6000,0;0,0;0,0;0;0;0;0;30;95;300;3;500,0;DELTA_E_SALDO_CONTRARIOS;True;False;0,0
293;916;30;95;300;5;;DELTA_E_SALDO_CONTRARIOS;True;TREINO;42;4;9,523809523809524;-19900,0;-13375,0;6525,0;155,35714285714286;4;0;0;0;30;95;300;5;;DELTA_E_SALDO_CONTRARIOS;True;VALIDACAO;19;0;0,0;6000,0;6000,0;0,0;0,0;0;0;0;0;30;95;300;5;;DELTA_E_SALDO_CONTRARIOS;True;False;0,0
294;920;30;95;300;5;500,0;DELTA_E_SALDO_CONTRARIOS;True;TREINO;42;4;9,523809523809524;-19900,0;-13375,0;6525,0;155,35714285714286;4;0;0;0;30;95;300;5;500,0;DELTA_E_SALDO_CONTRARIOS;True;VALIDACAO;19;0;0,0;6000,0;6000,0;0,0;0,0;0;0;0;0;30;95;300;5;500,0;DELTA_E_SALDO_CONTRARIOS;True;False;0,0
295;924;30;95;300;8;;DELTA_E_SALDO_CONTRARIOS;True;TREINO;42;4;9,523809523809524;-19900,0;-13375,0;6525,0;155,35714285714286;4;0;0;0;30;95;300;8;;DELTA_E_SALDO_CONTRARIOS;True;VALIDACAO;19;0;0,0;6000,0;6000,0;0,0;0,0;0;0;0;0;30;95;300;8;;DELTA_E_SALDO_CONTRARIOS;True;False;0,0
296;928;30;95;300;8;500,0;DELTA_E_SALDO_CONTRARIOS;True;TREINO;42;4;9,523809523809524;-19900,0;-13375,0;6525,0;155,35714285714286;4;0;0;0;30;95;300;8;500,0;DELTA_E_SALDO_CONTRARIOS;True;VALIDACAO;19;0;0,0;6000,0;6000,0;0,0;0,0;0;0;0;0;30;95;300;8;500,0;DELTA_E_SALDO_CONTRARIOS;True;False;0,0
297;1412;40;95;300;2;;DELTA_E_SALDO_CONTRARIOS;True;TREINO;42;4;9,523809523809524;-19900,0;-13375,0;6525,0;155,35714285714286;4;0;0;0;40;95;300;2;;DELTA_E_SALDO_CONTRARIOS;True;VALIDACAO;19;0;0,0;6000,0;6000,0;0,0;0,0;0;0;0;0;40;95;300;2;;DELTA_E_SALDO_CONTRARIOS;True;False;0,0
298;1416;40;95;300;2;500,0;DELTA_E_SALDO_CONTRARIOS;True;TREINO;42;4;9,523809523809524;-19900,0;-13375,0;6525,0;155,35714285714286;4;0;0;0;40;95;300;2;500,0;DELTA_E_SALDO_CONTRARIOS;True;VALIDACAO;19;0;0,0;6000,0;6000,0;0,0;0,0;0;0;0;0;40;95;300;2;500,0;DELTA_E_SALDO_CONTRARIOS;True;False;0,0
299;1420;40;95;300;3;;DELTA_E_SALDO_CONTRARIOS;True;TREINO;42;4;9,523809523809524;-19900,0;-13375,0;6525,0;155,35714285714286;4;0;0;0;40;95;300;3;;DELTA_E_SALDO_CONTRARIOS;True;VALIDACAO;19;0;0,0;6000,0;6000,0;0,0;0,0;0;0;0;0;40;95;300;3;;DELTA_E_SALDO_CONTRARIOS;True;False;0,0
300;1424;40;95;300;3;500,0;DELTA_E_SALDO_CONTRARIOS;True;TREINO;42;4;9,523809523809524;-19900,0;-13375,0;6525,0;155,35714285714286;4;0;0;0;40;95;300;3;500,0;DELTA_E_SALDO_CONTRARIOS;True;VALIDACAO;19;0;0,0;6000,0;6000,0;0,0;0,0;0;0;0;0;40;95;300;3;500,0;DELTA_E_SALDO_CONTRARIOS;True;False;0,0
301;1428;40;95;300;5;;DELTA_E_SALDO_CONTRARIOS;True;TREINO;42;4;9,523809523809524;-19900,0;-13375,0;6525,0;155,35714285714286;4;0;0;0;40;95;300;5;;DELTA_E_SALDO_CONTRARIOS;True;VALIDACAO;19;0;0,0;6000,0;6000,0;0,0;0,0;0;0;0;0;40;95;300;5;;DELTA_E_SALDO_CONTRARIOS;True;False;0,0
302;1432;40;95;300;5;500,0;DELTA_E_SALDO_CONTRARIOS;True;TREINO;42;4;9,523809523809524;-19900,0;-13375,0;6525,0;155,35714285714286;4;0;0;0;40;95;300;5;500,0;DELTA_E_SALDO_CONTRARIOS;True;VALIDACAO;19;0;0,0;6000,0;6000,0;0,0;0,0;0;0;0;0;40;95;300;5;500,0;DELTA_E_SALDO_CONTRARIOS;True;False;0,0
303;1436;40;95;300;8;;DELTA_E_SALDO_CONTRARIOS;True;TREINO;42;4;9,523809523809524;-19900,0;-13375,0;6525,0;155,35714285714286;4;0;0;0;40;95;300;8;;DELTA_E_SALDO_CONTRARIOS;True;VALIDACAO;19;0;0,0;6000,0;6000,0;0,0;0,0;0;0;0;0;40;95;300;8;;DELTA_E_SALDO_CONTRARIOS;True;False;0,0
304;1440;40;95;300;8;500,0;DELTA_E_SALDO_CONTRARIOS;True;TREINO;42;4;9,523809523809524;-19900,0;-13375,0;6525,0;155,35714285714286;4;0;0;0;40;95;300;8;500,0;DELTA_E_SALDO_CONTRARIOS;True;VALIDACAO;19;0;0,0;6000,0;6000,0;0,0;0,0;0;0;0;0;40;95;300;8;500,0;DELTA_E_SALDO_CONTRARIOS;True;False;0,0
305;1924;50;95;300;2;;DELTA_E_SALDO_CONTRARIOS;True;TREINO;42;4;9,523809523809524;-19900,0;-13375,0;6525,0;155,35714285714286;4;0;0;0;50;95;300;2;;DELTA_E_SALDO_CONTRARIOS;True;VALIDACAO;19;0;0,0;6000,0;6000,0;0,0;0,0;0;0;0;0;50;95;300;2;;DELTA_E_SALDO_CONTRARIOS;True;False;0,0
306;1928;50;95;300;2;500,0;DELTA_E_SALDO_CONTRARIOS;True;TREINO;42;4;9,523809523809524;-19900,0;-13375,0;6525,0;155,35714285714286;4;0;0;0;50;95;300;2;500,0;DELTA_E_SALDO_CONTRARIOS;True;VALIDACAO;19;0;0,0;6000,0;6000,0;0,0;0,0;0;0;0;0;50;95;300;2;500,0;DELTA_E_SALDO_CONTRARIOS;True;False;0,0
307;1932;50;95;300;3;;DELTA_E_SALDO_CONTRARIOS;True;TREINO;42;4;9,523809523809524;-19900,0;-13375,0;6525,0;155,35714285714286;4;0;0;0;50;95;300;3;;DELTA_E_SALDO_CONTRARIOS;True;VALIDACAO;19;0;0,0;6000,0;6000,0;0,0;0,0;0;0;0;0;50;95;300;3;;DELTA_E_SALDO_CONTRARIOS;True;False;0,0
308;1936;50;95;300;3;500,0;DELTA_E_SALDO_CONTRARIOS;True;TREINO;42;4;9,523809523809524;-19900,0;-13375,0;6525,0;155,35714285714286;4;0;0;0;50;95;300;3;500,0;DELTA_E_SALDO_CONTRARIOS;True;VALIDACAO;19;0;0,0;6000,0;6000,0;0,0;0,0;0;0;0;0;50;95;300;3;500,0;DELTA_E_SALDO_CONTRARIOS;True;False;0,0
309;1940;50;95;300;5;;DELTA_E_SALDO_CONTRARIOS;True;TREINO;42;4;9,523809523809524;-19900,0;-13375,0;6525,0;155,35714285714286;4;0;0;0;50;95;300;5;;DELTA_E_SALDO_CONTRARIOS;True;VALIDACAO;19;0;0,0;6000,0;6000,0;0,0;0,0;0;0;0;0;50;95;300;5;;DELTA_E_SALDO_CONTRARIOS;True;False;0,0
310;1944;50;95;300;5;500,0;DELTA_E_SALDO_CONTRARIOS;True;TREINO;42;4;9,523809523809524;-19900,0;-13375,0;6525,0;155,35714285714286;4;0;0;0;50;95;300;5;500,0;DELTA_E_SALDO_CONTRARIOS;True;VALIDACAO;19;0;0,0;6000,0;6000,0;0,0;0,0;0;0;0;0;50;95;300;5;500,0;DELTA_E_SALDO_CONTRARIOS;True;False;0,0
311;1948;50;95;300;8;;DELTA_E_SALDO_CONTRARIOS;True;TREINO;42;4;9,523809523809524;-19900,0;-13375,0;6525,0;155,35714285714286;4;0;0;0;50;95;300;8;;DELTA_E_SALDO_CONTRARIOS;True;VALIDACAO;19;0;0,0;6000,0;6000,0;0,0;0,0;0;0;0;0;50;95;300;8;;DELTA_E_SALDO_CONTRARIOS;True;False;0,0
312;1952;50;95;300;8;500,0;DELTA_E_SALDO_CONTRARIOS;True;TREINO;42;4;9,523809523809524;-19900,0;-13375,0;6525,0;155,35714285714286;4;0;0;0;50;95;300;8;500,0;DELTA_E_SALDO_CONTRARIOS;True;VALIDACAO;19;0;0,0;6000,0;6000,0;0,0;0,0;0;0;0;0;50;95;300;8;500,0;DELTA_E_SALDO_CONTRARIOS;True;False;0,0
313;772;30;90;300;2;;DELTA_E_SALDO_CONTRARIOS;True;TREINO;42;5;11,904761904761905;-19900,0;-14100,0;5800,0;138,0952380952381;4;0;1;0;30;90;300;2;;DELTA_E_SALDO_CONTRARIOS;True;VALIDACAO;19;0;0,0;6000,0;6000,0;0,0;0,0;0;0;0;0;30;90;300;2;;DELTA_E_SALDO_CONTRARIOS;True;False;0,0
314;776;30;90;300;2;500,0;DELTA_E_SALDO_CONTRARIOS;True;TREINO;42;5;11,904761904761905;-19900,0;-14100,0;5800,0;138,0952380952381;4;0;1;0;30;90;300;2;500,0;DELTA_E_SALDO_CONTRARIOS;True;VALIDACAO;19;0;0,0;6000,0;6000,0;0,0;0,0;0;0;0;0;30;90;300;2;500,0;DELTA_E_SALDO_CONTRARIOS;True;False;0,0
315;780;30;90;300;3;;DELTA_E_SALDO_CONTRARIOS;True;TREINO;42;5;11,904761904761905;-19900,0;-14100,0;5800,0;138,0952380952381;4;0;1;0;30;90;300;3;;DELTA_E_SALDO_CONTRARIOS;True;VALIDACAO;19;0;0,0;6000,0;6000,0;0,0;0,0;0;0;0;0;30;90;300;3;;DELTA_E_SALDO_CONTRARIOS;True;False;0,0
316;784;30;90;300;3;500,0;DELTA_E_SALDO_CONTRARIOS;True;TREINO;42;5;11,904761904761905;-19900,0;-14100,0;5800,0;138,0952380952381;4;0;1;0;30;90;300;3;500,0;DELTA_E_SALDO_CONTRARIOS;True;VALIDACAO;19;0;0,0;6000,0;6000,0;0,0;0,0;0;0;0;0;30;90;300;3;500,0;DELTA_E_SALDO_CONTRARIOS;True;False;0,0
317;788;30;90;300;5;;DELTA_E_SALDO_CONTRARIOS;True;TREINO;42;5;11,904761904761905;-19900,0;-14100,0;5800,0;138,0952380952381;4;0;1;0;30;90;300;5;;DELTA_E_SALDO_CONTRARIOS;True;VALIDACAO;19;0;0,0;6000,0;6000,0;0,0;0,0;0;0;0;0;30;90;300;5;;DELTA_E_SALDO_CONTRARIOS;True;False;0,0
318;792;30;90;300;5;500,0;DELTA_E_SALDO_CONTRARIOS;True;TREINO;42;5;11,904761904761905;-19900,0;-14100,0;5800,0;138,0952380952381;4;0;1;0;30;90;300;5;500,0;DELTA_E_SALDO_CONTRARIOS;True;VALIDACAO;19;0;0,0;6000,0;6000,0;0,0;0,0;0;0;0;0;30;90;300;5;500,0;DELTA_E_SALDO_CONTRARIOS;True;False;0,0
319;796;30;90;300;8;;DELTA_E_SALDO_CONTRARIOS;True;TREINO;42;5;11,904761904761905;-19900,0;-14100,0;5800,0;138,0952380952381;4;0;1;0;30;90;300;8;;DELTA_E_SALDO_CONTRARIOS;True;VALIDACAO;19;0;0,0;6000,0;6000,0;0,0;0,0;0;0;0;0;30;90;300;8;;DELTA_E_SALDO_CONTRARIOS;True;False;0,0
320;800;30;90;300;8;500,0;DELTA_E_SALDO_CONTRARIOS;True;TREINO;42;5;11,904761904761905;-19900,0;-14100,0;5800,0;138,0952380952381;4;0;1;0;30;90;300;8;500,0;DELTA_E_SALDO_CONTRARIOS;True;VALIDACAO;19;0;0,0;6000,0;6000,0;0,0;0,0;0;0;0;0;30;90;300;8;500,0;DELTA_E_SALDO_CONTRARIOS;True;False;0,0
321;1284;40;90;300;2;;DELTA_E_SALDO_CONTRARIOS;True;TREINO;42;5;11,904761904761905;-19900,0;-14100,0;5800,0;138,0952380952381;4;0;1;0;40;90;300;2;;DELTA_E_SALDO_CONTRARIOS;True;VALIDACAO;19;0;0,0;6000,0;6000,0;0,0;0,0;0;0;0;0;40;90;300;2;;DELTA_E_SALDO_CONTRARIOS;True;False;0,0
322;1288;40;90;300;2;500,0;DELTA_E_SALDO_CONTRARIOS;True;TREINO;42;5;11,904761904761905;-19900,0;-14100,0;5800,0;138,0952380952381;4;0;1;0;40;90;300;2;500,0;DELTA_E_SALDO_CONTRARIOS;True;VALIDACAO;19;0;0,0;6000,0;6000,0;0,0;0,0;0;0;0;0;40;90;300;2;500,0;DELTA_E_SALDO_CONTRARIOS;True;False;0,0
323;1292;40;90;300;3;;DELTA_E_SALDO_CONTRARIOS;True;TREINO;42;5;11,904761904761905;-19900,0;-14100,0;5800,0;138,0952380952381;4;0;1;0;40;90;300;3;;DELTA_E_SALDO_CONTRARIOS;True;VALIDACAO;19;0;0,0;6000,0;6000,0;0,0;0,0;0;0;0;0;40;90;300;3;;DELTA_E_SALDO_CONTRARIOS;True;False;0,0
324;1296;40;90;300;3;500,0;DELTA_E_SALDO_CONTRARIOS;True;TREINO;42;5;11,904761904761905;-19900,0;-14100,0;5800,0;138,0952380952381;4;0;1;0;40;90;300;3;500,0;DELTA_E_SALDO_CONTRARIOS;True;VALIDACAO;19;0;0,0;6000,0;6000,0;0,0;0,0;0;0;0;0;40;90;300;3;500,0;DELTA_E_SALDO_CONTRARIOS;True;False;0,0
325;1300;40;90;300;5;;DELTA_E_SALDO_CONTRARIOS;True;TREINO;42;5;11,904761904761905;-19900,0;-14100,0;5800,0;138,0952380952381;4;0;1;0;40;90;300;5;;DELTA_E_SALDO_CONTRARIOS;True;VALIDACAO;19;0;0,0;6000,0;6000,0;0,0;0,0;0;0;0;0;40;90;300;5;;DELTA_E_SALDO_CONTRARIOS;True;False;0,0
326;1304;40;90;300;5;500,0;DELTA_E_SALDO_CONTRARIOS;True;TREINO;42;5;11,904761904761905;-19900,0;-14100,0;5800,0;138,0952380952381;4;0;1;0;40;90;300;5;500,0;DELTA_E_SALDO_CONTRARIOS;True;VALIDACAO;19;0;0,0;6000,0;6000,0;0,0;0,0;0;0;0;0;40;90;300;5;500,0;DELTA_E_SALDO_CONTRARIOS;True;False;0,0
327;1308;40;90;300;8;;DELTA_E_SALDO_CONTRARIOS;True;TREINO;42;5;11,904761904761905;-19900,0;-14100,0;5800,0;138,0952380952381;4;0;1;0;40;90;300;8;;DELTA_E_SALDO_CONTRARIOS;True;VALIDACAO;19;0;0,0;6000,0;6000,0;0,0;0,0;0;0;0;0;40;90;300;8;;DELTA_E_SALDO_CONTRARIOS;True;False;0,0
328;1312;40;90;300;8;500,0;DELTA_E_SALDO_CONTRARIOS;True;TREINO;42;5;11,904761904761905;-19900,0;-14100,0;5800,0;138,0952380952381;4;0;1;0;40;90;300;8;500,0;DELTA_E_SALDO_CONTRARIOS;True;VALIDACAO;19;0;0,0;6000,0;6000,0;0,0;0,0;0;0;0;0;40;90;300;8;500,0;DELTA_E_SALDO_CONTRARIOS;True;False;0,0
329;1796;50;90;300;2;;DELTA_E_SALDO_CONTRARIOS;True;TREINO;42;5;11,904761904761905;-19900,0;-14100,0;5800,0;138,0952380952381;4;0;1;0;50;90;300;2;;DELTA_E_SALDO_CONTRARIOS;True;VALIDACAO;19;0;0,0;6000,0;6000,0;0,0;0,0;0;0;0;0;50;90;300;2;;DELTA_E_SALDO_CONTRARIOS;True;False;0,0
330;1800;50;90;300;2;500,0;DELTA_E_SALDO_CONTRARIOS;True;TREINO;42;5;11,904761904761905;-19900,0;-14100,0;5800,0;138,0952380952381;4;0;1;0;50;90;300;2;500,0;DELTA_E_SALDO_CONTRARIOS;True;VALIDACAO;19;0;0,0;6000,0;6000,0;0,0;0,0;0;0;0;0;50;90;300;2;500,0;DELTA_E_SALDO_CONTRARIOS;True;False;0,0
331;1804;50;90;300;3;;DELTA_E_SALDO_CONTRARIOS;True;TREINO;42;5;11,904761904761905;-19900,0;-14100,0;5800,0;138,0952380952381;4;0;1;0;50;90;300;3;;DELTA_E_SALDO_CONTRARIOS;True;VALIDACAO;19;0;0,0;6000,0;6000,0;0,0;0,0;0;0;0;0;50;90;300;3;;DELTA_E_SALDO_CONTRARIOS;True;False;0,0
332;1808;50;90;300;3;500,0;DELTA_E_SALDO_CONTRARIOS;True;TREINO;42;5;11,904761904761905;-19900,0;-14100,0;5800,0;138,0952380952381;4;0;1;0;50;90;300;3;500,0;DELTA_E_SALDO_CONTRARIOS;True;VALIDACAO;19;0;0,0;6000,0;6000,0;0,0;0,0;0;0;0;0;50;90;300;3;500,0;DELTA_E_SALDO_CONTRARIOS;True;False;0,0
333;1812;50;90;300;5;;DELTA_E_SALDO_CONTRARIOS;True;TREINO;42;5;11,904761904761905;-19900,0;-14100,0;5800,0;138,0952380952381;4;0;1;0;50;90;300;5;;DELTA_E_SALDO_CONTRARIOS;True;VALIDACAO;19;0;0,0;6000,0;6000,0;0,0;0,0;0;0;0;0;50;90;300;5;;DELTA_E_SALDO_CONTRARIOS;True;False;0,0
334;1816;50;90;300;5;500,0;DELTA_E_SALDO_CONTRARIOS;True;TREINO;42;5;11,904761904761905;-19900,0;-14100,0;5800,0;138,0952380952381;4;0;1;0;50;90;300;5;500,0;DELTA_E_SALDO_CONTRARIOS;True;VALIDACAO;19;0;0,0;6000,0;6000,0;0,0;0,0;0;0;0;0;50;90;300;5;500,0;DELTA_E_SALDO_CONTRARIOS;True;False;0,0
335;1820;50;90;300;8;;DELTA_E_SALDO_CONTRARIOS;True;TREINO;42;5;11,904761904761905;-19900,0;-14100,0;5800,0;138,0952380952381;4;0;1;0;50;90;300;8;;DELTA_E_SALDO_CONTRARIOS;True;VALIDACAO;19;0;0,0;6000,0;6000,0;0,0;0,0;0;0;0;0;50;90;300;8;;DELTA_E_SALDO_CONTRARIOS;True;False;0,0
336;1824;50;90;300;8;500,0;DELTA_E_SALDO_CONTRARIOS;True;TREINO;42;5;11,904761904761905;-19900,0;-14100,0;5800,0;138,0952380952381;4;0;1;0;50;90;300;8;500,0;DELTA_E_SALDO_CONTRARIOS;True;VALIDACAO;19;0;0,0;6000,0;6000,0;0,0;0,0;0;0;0;0;50;90;300;8;500,0;DELTA_E_SALDO_CONTRARIOS;True;False;0,0
337;257;20;90;300;2;;SOMENTE_SCORES;False;TREINO;42;4;9,523809523809524;-19900,0;-14225,0;5675,0;135,11904761904762;4;0;0;0;20;90;300;2;;SOMENTE_SCORES;False;VALIDACAO;19;0;0,0;6000,0;6000,0;0,0;0,0;0;0;0;0;20;90;300;2;;SOMENTE_SCORES;False;False;0,0
338;259;20;90;300;2;;DELTA_E_SALDO_CONTRARIOS;False;TREINO;42;4;9,523809523809524;-19900,0;-14225,0;5675,0;135,11904761904762;4;0;0;0;20;90;300;2;;DELTA_E_SALDO_CONTRARIOS;False;VALIDACAO;19;0;0,0;6000,0;6000,0;0,0;0,0;0;0;0;0;20;90;300;2;;DELTA_E_SALDO_CONTRARIOS;False;False;0,0
339;261;20;90;300;2;500,0;SOMENTE_SCORES;False;TREINO;42;4;9,523809523809524;-19900,0;-14225,0;5675,0;135,11904761904762;4;0;0;0;20;90;300;2;500,0;SOMENTE_SCORES;False;VALIDACAO;19;0;0,0;6000,0;6000,0;0,0;0,0;0;0;0;0;20;90;300;2;500,0;SOMENTE_SCORES;False;False;0,0
340;263;20;90;300;2;500,0;DELTA_E_SALDO_CONTRARIOS;False;TREINO;42;4;9,523809523809524;-19900,0;-14225,0;5675,0;135,11904761904762;4;0;0;0;20;90;300;2;500,0;DELTA_E_SALDO_CONTRARIOS;False;VALIDACAO;19;0;0,0;6000,0;6000,0;0,0;0,0;0;0;0;0;20;90;300;2;500,0;DELTA_E_SALDO_CONTRARIOS;False;False;0,0
341;265;20;90;300;3;;SOMENTE_SCORES;False;TREINO;42;4;9,523809523809524;-19900,0;-14225,0;5675,0;135,11904761904762;4;0;0;0;20;90;300;3;;SOMENTE_SCORES;False;VALIDACAO;19;0;0,0;6000,0;6000,0;0,0;0,0;0;0;0;0;20;90;300;3;;SOMENTE_SCORES;False;False;0,0
342;267;20;90;300;3;;DELTA_E_SALDO_CONTRARIOS;False;TREINO;42;4;9,523809523809524;-19900,0;-14225,0;5675,0;135,11904761904762;4;0;0;0;20;90;300;3;;DELTA_E_SALDO_CONTRARIOS;False;VALIDACAO;19;0;0,0;6000,0;6000,0;0,0;0,0;0;0;0;0;20;90;300;3;;DELTA_E_SALDO_CONTRARIOS;False;False;0,0
343;269;20;90;300;3;500,0;SOMENTE_SCORES;False;TREINO;42;4;9,523809523809524;-19900,0;-14225,0;5675,0;135,11904761904762;4;0;0;0;20;90;300;3;500,0;SOMENTE_SCORES;False;VALIDACAO;19;0;0,0;6000,0;6000,0;0,0;0,0;0;0;0;0;20;90;300;3;500,0;SOMENTE_SCORES;False;False;0,0
344;271;20;90;300;3;500,0;DELTA_E_SALDO_CONTRARIOS;False;TREINO;42;4;9,523809523809524;-19900,0;-14225,0;5675,0;135,11904761904762;4;0;0;0;20;90;300;3;500,0;DELTA_E_SALDO_CONTRARIOS;False;VALIDACAO;19;0;0,0;6000,0;6000,0;0,0;0,0;0;0;0;0;20;90;300;3;500,0;DELTA_E_SALDO_CONTRARIOS;False;False;0,0
345;273;20;90;300;5;;SOMENTE_SCORES;False;TREINO;42;4;9,523809523809524;-19900,0;-14225,0;5675,0;135,11904761904762;4;0;0;0;20;90;300;5;;SOMENTE_SCORES;False;VALIDACAO;19;0;0,0;6000,0;6000,0;0,0;0,0;0;0;0;0;20;90;300;5;;SOMENTE_SCORES;False;False;0,0
346;275;20;90;300;5;;DELTA_E_SALDO_CONTRARIOS;False;TREINO;42;4;9,523809523809524;-19900,0;-14225,0;5675,0;135,11904761904762;4;0;0;0;20;90;300;5;;DELTA_E_SALDO_CONTRARIOS;False;VALIDACAO;19;0;0,0;6000,0;6000,0;0,0;0,0;0;0;0;0;20;90;300;5;;DELTA_E_SALDO_CONTRARIOS;False;False;0,0
347;277;20;90;300;5;500,0;SOMENTE_SCORES;False;TREINO;42;4;9,523809523809524;-19900,0;-14225,0;5675,0;135,11904761904762;4;0;0;0;20;90;300;5;500,0;SOMENTE_SCORES;False;VALIDACAO;19;0;0,0;6000,0;6000,0;0,0;0,0;0;0;0;0;20;90;300;5;500,0;SOMENTE_SCORES;False;False;0,0
348;279;20;90;300;5;500,0;DELTA_E_SALDO_CONTRARIOS;False;TREINO;42;4;9,523809523809524;-19900,0;-14225,0;5675,0;135,11904761904762;4;0;0;0;20;90;300;5;500,0;DELTA_E_SALDO_CONTRARIOS;False;VALIDACAO;19;0;0,0;6000,0;6000,0;0,0;0,0;0;0;0;0;20;90;300;5;500,0;DELTA_E_SALDO_CONTRARIOS;False;False;0,0
349;281;20;90;300;8;;SOMENTE_SCORES;False;TREINO;42;4;9,523809523809524;-19900,0;-14225,0;5675,0;135,11904761904762;4;0;0;0;20;90;300;8;;SOMENTE_SCORES;False;VALIDACAO;19;0;0,0;6000,0;6000,0;0,0;0,0;0;0;0;0;20;90;300;8;;SOMENTE_SCORES;False;False;0,0
350;283;20;90;300;8;;DELTA_E_SALDO_CONTRARIOS;False;TREINO;42;4;9,523809523809524;-19900,0;-14225,0;5675,0;135,11904761904762;4;0;0;0;20;90;300;8;;DELTA_E_SALDO_CONTRARIOS;False;VALIDACAO;19;0;0,0;6000,0;6000,0;0,0;0,0;0;0;0;0;20;90;300;8;;DELTA_E_SALDO_CONTRARIOS;False;False;0,0
351;285;20;90;300;8;500,0;SOMENTE_SCORES;False;TREINO;42;4;9,523809523809524;-19900,0;-14225,0;5675,0;135,11904761904762;4;0;0;0;20;90;300;8;500,0;SOMENTE_SCORES;False;VALIDACAO;19;0;0,0;6000,0;6000,0;0,0;0,0;0;0;0;0;20;90;300;8;500,0;SOMENTE_SCORES;False;False;0,0
352;287;20;90;300;8;500,0;DELTA_E_SALDO_CONTRARIOS;False;TREINO;42;4;9,523809523809524;-19900,0;-14225,0;5675,0;135,11904761904762;4;0;0;0;20;90;300;8;500,0;DELTA_E_SALDO_CONTRARIOS;False;VALIDACAO;19;0;0,0;6000,0;6000,0;0,0;0,0;0;0;0;0;20;90;300;8;500,0;DELTA_E_SALDO_CONTRARIOS;False;False;0,0
353;897;30;95;300;2;;SOMENTE_SCORES;False;TREINO;42;5;11,904761904761905;-19900,0;-14550,0;5350,0;127,38095238095238;4;1;0;0;30;95;300;2;;SOMENTE_SCORES;False;VALIDACAO;19;0;0,0;6000,0;6000,0;0,0;0,0;0;0;0;0;30;95;300;2;;SOMENTE_SCORES;False;False;0,0
354;901;30;95;300;2;500,0;SOMENTE_SCORES;False;TREINO;42;5;11,904761904761905;-19900,0;-14550,0;5350,0;127,38095238095238;4;1;0;0;30;95;300;2;500,0;SOMENTE_SCORES;False;VALIDACAO;19;0;0,0;6000,0;6000,0;0,0;0,0;0;0;0;0;30;95;300;2;500,0;SOMENTE_SCORES;False;False;0,0
355;905;30;95;300;3;;SOMENTE_SCORES;False;TREINO;42;5;11,904761904761905;-19900,0;-14550,0;5350,0;127,38095238095238;4;1;0;0;30;95;300;3;;SOMENTE_SCORES;False;VALIDACAO;19;0;0,0;6000,0;6000,0;0,0;0,0;0;0;0;0;30;95;300;3;;SOMENTE_SCORES;False;False;0,0
356;909;30;95;300;3;500,0;SOMENTE_SCORES;False;TREINO;42;5;11,904761904761905;-19900,0;-14550,0;5350,0;127,38095238095238;4;1;0;0;30;95;300;3;500,0;SOMENTE_SCORES;False;VALIDACAO;19;0;0,0;6000,0;6000,0;0,0;0,0;0;0;0;0;30;95;300;3;500,0;SOMENTE_SCORES;False;False;0,0
357;913;30;95;300;5;;SOMENTE_SCORES;False;TREINO;42;5;11,904761904761905;-19900,0;-14550,0;5350,0;127,38095238095238;4;1;0;0;30;95;300;5;;SOMENTE_SCORES;False;VALIDACAO;19;0;0,0;6000,0;6000,0;0,0;0,0;0;0;0;0;30;95;300;5;;SOMENTE_SCORES;False;False;0,0
358;917;30;95;300;5;500,0;SOMENTE_SCORES;False;TREINO;42;5;11,904761904761905;-19900,0;-14550,0;5350,0;127,38095238095238;4;1;0;0;30;95;300;5;500,0;SOMENTE_SCORES;False;VALIDACAO;19;0;0,0;6000,0;6000,0;0,0;0,0;0;0;0;0;30;95;300;5;500,0;SOMENTE_SCORES;False;False;0,0
359;921;30;95;300;8;;SOMENTE_SCORES;False;TREINO;42;5;11,904761904761905;-19900,0;-14550,0;5350,0;127,38095238095238;4;1;0;0;30;95;300;8;;SOMENTE_SCORES;False;VALIDACAO;19;0;0,0;6000,0;6000,0;0,0;0,0;0;0;0;0;30;95;300;8;;SOMENTE_SCORES;False;False;0,0
360;925;30;95;300;8;500,0;SOMENTE_SCORES;False;TREINO;42;5;11,904761904761905;-19900,0;-14550,0;5350,0;127,38095238095238;4;1;0;0;30;95;300;8;500,0;SOMENTE_SCORES;False;VALIDACAO;19;0;0,0;6000,0;6000,0;0,0;0,0;0;0;0;0;30;95;300;8;500,0;SOMENTE_SCORES;False;False;0,0
361;1409;40;95;300;2;;SOMENTE_SCORES;False;TREINO;42;5;11,904761904761905;-19900,0;-14550,0;5350,0;127,38095238095238;4;1;0;0;40;95;300;2;;SOMENTE_SCORES;False;VALIDACAO;19;0;0,0;6000,0;6000,0;0,0;0,0;0;0;0;0;40;95;300;2;;SOMENTE_SCORES;False;False;0,0
362;1413;40;95;300;2;500,0;SOMENTE_SCORES;False;TREINO;42;5;11,904761904761905;-19900,0;-14550,0;5350,0;127,38095238095238;4;1;0;0;40;95;300;2;500,0;SOMENTE_SCORES;False;VALIDACAO;19;0;0,0;6000,0;6000,0;0,0;0,0;0;0;0;0;40;95;300;2;500,0;SOMENTE_SCORES;False;False;0,0
363;1417;40;95;300;3;;SOMENTE_SCORES;False;TREINO;42;5;11,904761904761905;-19900,0;-14550,0;5350,0;127,38095238095238;4;1;0;0;40;95;300;3;;SOMENTE_SCORES;False;VALIDACAO;19;0;0,0;6000,0;6000,0;0,0;0,0;0;0;0;0;40;95;300;3;;SOMENTE_SCORES;False;False;0,0
364;1421;40;95;300;3;500,0;SOMENTE_SCORES;False;TREINO;42;5;11,904761904761905;-19900,0;-14550,0;5350,0;127,38095238095238;4;1;0;0;40;95;300;3;500,0;SOMENTE_SCORES;False;VALIDACAO;19;0;0,0;6000,0;6000,0;0,0;0,0;0;0;0;0;40;95;300;3;500,0;SOMENTE_SCORES;False;False;0,0
365;1425;40;95;300;5;;SOMENTE_SCORES;False;TREINO;42;5;11,904761904761905;-19900,0;-14550,0;5350,0;127,38095238095238;4;1;0;0;40;95;300;5;;SOMENTE_SCORES;False;VALIDACAO;19;0;0,0;6000,0;6000,0;0,0;0,0;0;0;0;0;40;95;300;5;;SOMENTE_SCORES;False;False;0,0
366;1429;40;95;300;5;500,0;SOMENTE_SCORES;False;TREINO;42;5;11,904761904761905;-19900,0;-14550,0;5350,0;127,38095238095238;4;1;0;0;40;95;300;5;500,0;SOMENTE_SCORES;False;VALIDACAO;19;0;0,0;6000,0;6000,0;0,0;0,0;0;0;0;0;40;95;300;5;500,0;SOMENTE_SCORES;False;False;0,0
367;1433;40;95;300;8;;SOMENTE_SCORES;False;TREINO;42;5;11,904761904761905;-19900,0;-14550,0;5350,0;127,38095238095238;4;1;0;0;40;95;300;8;;SOMENTE_SCORES;False;VALIDACAO;19;0;0,0;6000,0;6000,0;0,0;0,0;0;0;0;0;40;95;300;8;;SOMENTE_SCORES;False;False;0,0
368;1437;40;95;300;8;500,0;SOMENTE_SCORES;False;TREINO;42;5;11,904761904761905;-19900,0;-14550,0;5350,0;127,38095238095238;4;1;0;0;40;95;300;8;500,0;SOMENTE_SCORES;False;VALIDACAO;19;0;0,0;6000,0;6000,0;0,0;0,0;0;0;0;0;40;95;300;8;500,0;SOMENTE_SCORES;False;False;0,0
369;1921;50;95;300;2;;SOMENTE_SCORES;False;TREINO;42;5;11,904761904761905;-19900,0;-14550,0;5350,0;127,38095238095238;4;1;0;0;50;95;300;2;;SOMENTE_SCORES;False;VALIDACAO;19;0;0,0;6000,0;6000,0;0,0;0,0;0;0;0;0;50;95;300;2;;SOMENTE_SCORES;False;False;0,0
370;1925;50;95;300;2;500,0;SOMENTE_SCORES;False;TREINO;42;5;11,904761904761905;-19900,0;-14550,0;5350,0;127,38095238095238;4;1;0;0;50;95;300;2;500,0;SOMENTE_SCORES;False;VALIDACAO;19;0;0,0;6000,0;6000,0;0,0;0,0;0;0;0;0;50;95;300;2;500,0;SOMENTE_SCORES;False;False;0,0
371;1929;50;95;300;3;;SOMENTE_SCORES;False;TREINO;42;5;11,904761904761905;-19900,0;-14550,0;5350,0;127,38095238095238;4;1;0;0;50;95;300;3;;SOMENTE_SCORES;False;VALIDACAO;19;0;0,0;6000,0;6000,0;0,0;0,0;0;0;0;0;50;95;300;3;;SOMENTE_SCORES;False;False;0,0
372;1933;50;95;300;3;500,0;SOMENTE_SCORES;False;TREINO;42;5;11,904761904761905;-19900,0;-14550,0;5350,0;127,38095238095238;4;1;0;0;50;95;300;3;500,0;SOMENTE_SCORES;False;VALIDACAO;19;0;0,0;6000,0;6000,0;0,0;0,0;0;0;0;0;50;95;300;3;500,0;SOMENTE_SCORES;False;False;0,0
373;1937;50;95;300;5;;SOMENTE_SCORES;False;TREINO;42;5;11,904761904761905;-19900,0;-14550,0;5350,0;127,38095238095238;4;1;0;0;50;95;300;5;;SOMENTE_SCORES;False;VALIDACAO;19;0;0,0;6000,0;6000,0;0,0;0,0;0;0;0;0;50;95;300;5;;SOMENTE_SCORES;False;False;0,0
374;1941;50;95;300;5;500,0;SOMENTE_SCORES;False;TREINO;42;5;11,904761904761905;-19900,0;-14550,0;5350,0;127,38095238095238;4;1;0;0;50;95;300;5;500,0;SOMENTE_SCORES;False;VALIDACAO;19;0;0,0;6000,0;6000,0;0,0;0,0;0;0;0;0;50;95;300;5;500,0;SOMENTE_SCORES;False;False;0,0
375;1945;50;95;300;8;;SOMENTE_SCORES;False;TREINO;42;5;11,904761904761905;-19900,0;-14550,0;5350,0;127,38095238095238;4;1;0;0;50;95;300;8;;SOMENTE_SCORES;False;VALIDACAO;19;0;0,0;6000,0;6000,0;0,0;0,0;0;0;0;0;50;95;300;8;;SOMENTE_SCORES;False;False;0,0
376;1949;50;95;300;8;500,0;SOMENTE_SCORES;False;TREINO;42;5;11,904761904761905;-19900,0;-14550,0;5350,0;127,38095238095238;4;1;0;0;50;95;300;8;500,0;SOMENTE_SCORES;False;VALIDACAO;19;0;0,0;6000,0;6000,0;0,0;0,0;0;0;0;0;50;95;300;8;500,0;SOMENTE_SCORES;False;False;0,0
377;289;20;90;500;2;;SOMENTE_SCORES;False;TREINO;42;4;9,523809523809524;-19900,0;-14800,0;5100,0;121,42857142857143;4;0;0;0;20;90;500;2;;SOMENTE_SCORES;False;VALIDACAO;19;0;0,0;6000,0;6000,0;0,0;0,0;0;0;0;0;20;90;500;2;;SOMENTE_SCORES;False;False;0,0
378;291;20;90;500;2;;DELTA_E_SALDO_CONTRARIOS;False;TREINO;42;4;9,523809523809524;-19900,0;-14800,0;5100,0;121,42857142857143;4;0;0;0;20;90;500;2;;DELTA_E_SALDO_CONTRARIOS;False;VALIDACAO;19;0;0,0;6000,0;6000,0;0,0;0,0;0;0;0;0;20;90;500;2;;DELTA_E_SALDO_CONTRARIOS;False;False;0,0
379;293;20;90;500;2;500,0;SOMENTE_SCORES;False;TREINO;42;4;9,523809523809524;-19900,0;-14800,0;5100,0;121,42857142857143;4;0;0;0;20;90;500;2;500,0;SOMENTE_SCORES;False;VALIDACAO;19;0;0,0;6000,0;6000,0;0,0;0,0;0;0;0;0;20;90;500;2;500,0;SOMENTE_SCORES;False;False;0,0
380;295;20;90;500;2;500,0;DELTA_E_SALDO_CONTRARIOS;False;TREINO;42;4;9,523809523809524;-19900,0;-14800,0;5100,0;121,42857142857143;4;0;0;0;20;90;500;2;500,0;DELTA_E_SALDO_CONTRARIOS;False;VALIDACAO;19;0;0,0;6000,0;6000,0;0,0;0,0;0;0;0;0;20;90;500;2;500,0;DELTA_E_SALDO_CONTRARIOS;False;False;0,0
381;297;20;90;500;3;;SOMENTE_SCORES;False;TREINO;42;4;9,523809523809524;-19900,0;-14800,0;5100,0;121,42857142857143;4;0;0;0;20;90;500;3;;SOMENTE_SCORES;False;VALIDACAO;19;0;0,0;6000,0;6000,0;0,0;0,0;0;0;0;0;20;90;500;3;;SOMENTE_SCORES;False;False;0,0
382;299;20;90;500;3;;DELTA_E_SALDO_CONTRARIOS;False;TREINO;42;4;9,523809523809524;-19900,0;-14800,0;5100,0;121,42857142857143;4;0;0;0;20;90;500;3;;DELTA_E_SALDO_CONTRARIOS;False;VALIDACAO;19;0;0,0;6000,0;6000,0;0,0;0,0;0;0;0;0;20;90;500;3;;DELTA_E_SALDO_CONTRARIOS;False;False;0,0
383;301;20;90;500;3;500,0;SOMENTE_SCORES;False;TREINO;42;4;9,523809523809524;-19900,0;-14800,0;5100,0;121,42857142857143;4;0;0;0;20;90;500;3;500,0;SOMENTE_SCORES;False;VALIDACAO;19;0;0,0;6000,0;6000,0;0,0;0,0;0;0;0;0;20;90;500;3;500,0;SOMENTE_SCORES;False;False;0,0
384;303;20;90;500;3;500,0;DELTA_E_SALDO_CONTRARIOS;False;TREINO;42;4;9,523809523809524;-19900,0;-14800,0;5100,0;121,42857142857143;4;0;0;0;20;90;500;3;500,0;DELTA_E_SALDO_CONTRARIOS;False;VALIDACAO;19;0;0,0;6000,0;6000,0;0,0;0,0;0;0;0;0;20;90;500;3;500,0;DELTA_E_SALDO_CONTRARIOS;False;False;0,0
385;305;20;90;500;5;;SOMENTE_SCORES;False;TREINO;42;4;9,523809523809524;-19900,0;-14800,0;5100,0;121,42857142857143;4;0;0;0;20;90;500;5;;SOMENTE_SCORES;False;VALIDACAO;19;0;0,0;6000,0;6000,0;0,0;0,0;0;0;0;0;20;90;500;5;;SOMENTE_SCORES;False;False;0,0
386;307;20;90;500;5;;DELTA_E_SALDO_CONTRARIOS;False;TREINO;42;4;9,523809523809524;-19900,0;-14800,0;5100,0;121,42857142857143;4;0;0;0;20;90;500;5;;DELTA_E_SALDO_CONTRARIOS;False;VALIDACAO;19;0;0,0;6000,0;6000,0;0,0;0,0;0;0;0;0;20;90;500;5;;DELTA_E_SALDO_CONTRARIOS;False;False;0,0
387;309;20;90;500;5;500,0;SOMENTE_SCORES;False;TREINO;42;4;9,523809523809524;-19900,0;-14800,0;5100,0;121,42857142857143;4;0;0;0;20;90;500;5;500,0;SOMENTE_SCORES;False;VALIDACAO;19;0;0,0;6000,0;6000,0;0,0;0,0;0;0;0;0;20;90;500;5;500,0;SOMENTE_SCORES;False;False;0,0
388;311;20;90;500;5;500,0;DELTA_E_SALDO_CONTRARIOS;False;TREINO;42;4;9,523809523809524;-19900,0;-14800,0;5100,0;121,42857142857143;4;0;0;0;20;90;500;5;500,0;DELTA_E_SALDO_CONTRARIOS;False;VALIDACAO;19;0;0,0;6000,0;6000,0;0,0;0,0;0;0;0;0;20;90;500;5;500,0;DELTA_E_SALDO_CONTRARIOS;False;False;0,0
389;313;20;90;500;8;;SOMENTE_SCORES;False;TREINO;42;4;9,523809523809524;-19900,0;-14800,0;5100,0;121,42857142857143;4;0;0;0;20;90;500;8;;SOMENTE_SCORES;False;VALIDACAO;19;0;0,0;6000,0;6000,0;0,0;0,0;0;0;0;0;20;90;500;8;;SOMENTE_SCORES;False;False;0,0
390;315;20;90;500;8;;DELTA_E_SALDO_CONTRARIOS;False;TREINO;42;4;9,523809523809524;-19900,0;-14800,0;5100,0;121,42857142857143;4;0;0;0;20;90;500;8;;DELTA_E_SALDO_CONTRARIOS;False;VALIDACAO;19;0;0,0;6000,0;6000,0;0,0;0,0;0;0;0;0;20;90;500;8;;DELTA_E_SALDO_CONTRARIOS;False;False;0,0
391;317;20;90;500;8;500,0;SOMENTE_SCORES;False;TREINO;42;4;9,523809523809524;-19900,0;-14800,0;5100,0;121,42857142857143;4;0;0;0;20;90;500;8;500,0;SOMENTE_SCORES;False;VALIDACAO;19;0;0,0;6000,0;6000,0;0,0;0,0;0;0;0;0;20;90;500;8;500,0;SOMENTE_SCORES;False;False;0,0
392;319;20;90;500;8;500,0;DELTA_E_SALDO_CONTRARIOS;False;TREINO;42;4;9,523809523809524;-19900,0;-14800,0;5100,0;121,42857142857143;4;0;0;0;20;90;500;8;500,0;DELTA_E_SALDO_CONTRARIOS;False;VALIDACAO;19;0;0,0;6000,0;6000,0;0,0;0,0;0;0;0;0;20;90;500;8;500,0;DELTA_E_SALDO_CONTRARIOS;False;False;0,0
393;321;20;90;700;2;;SOMENTE_SCORES;False;TREINO;42;4;9,523809523809524;-19900,0;-14800,0;5100,0;121,42857142857143;4;0;0;0;20;90;700;2;;SOMENTE_SCORES;False;VALIDACAO;19;0;0,0;6000,0;6000,0;0,0;0,0;0;0;0;0;20;90;700;2;;SOMENTE_SCORES;False;False;0,0
394;323;20;90;700;2;;DELTA_E_SALDO_CONTRARIOS;False;TREINO;42;4;9,523809523809524;-19900,0;-14800,0;5100,0;121,42857142857143;4;0;0;0;20;90;700;2;;DELTA_E_SALDO_CONTRARIOS;False;VALIDACAO;19;0;0,0;6000,0;6000,0;0,0;0,0;0;0;0;0;20;90;700;2;;DELTA_E_SALDO_CONTRARIOS;False;False;0,0
395;325;20;90;700;2;500,0;SOMENTE_SCORES;False;TREINO;42;4;9,523809523809524;-19900,0;-14800,0;5100,0;121,42857142857143;4;0;0;0;20;90;700;2;500,0;SOMENTE_SCORES;False;VALIDACAO;19;0;0,0;6000,0;6000,0;0,0;0,0;0;0;0;0;20;90;700;2;500,0;SOMENTE_SCORES;False;False;0,0
396;327;20;90;700;2;500,0;DELTA_E_SALDO_CONTRARIOS;False;TREINO;42;4;9,523809523809524;-19900,0;-14800,0;5100,0;121,42857142857143;4;0;0;0;20;90;700;2;500,0;DELTA_E_SALDO_CONTRARIOS;False;VALIDACAO;19;0;0,0;6000,0;6000,0;0,0;0,0;0;0;0;0;20;90;700;2;500,0;DELTA_E_SALDO_CONTRARIOS;False;False;0,0
397;329;20;90;700;3;;SOMENTE_SCORES;False;TREINO;42;4;9,523809523809524;-19900,0;-14800,0;5100,0;121,42857142857143;4;0;0;0;20;90;700;3;;SOMENTE_SCORES;False;VALIDACAO;19;0;0,0;6000,0;6000,0;0,0;0,0;0;0;0;0;20;90;700;3;;SOMENTE_SCORES;False;False;0,0
398;331;20;90;700;3;;DELTA_E_SALDO_CONTRARIOS;False;TREINO;42;4;9,523809523809524;-19900,0;-14800,0;5100,0;121,42857142857143;4;0;0;0;20;90;700;3;;DELTA_E_SALDO_CONTRARIOS;False;VALIDACAO;19;0;0,0;6000,0;6000,0;0,0;0,0;0;0;0;0;20;90;700;3;;DELTA_E_SALDO_CONTRARIOS;False;False;0,0
399;333;20;90;700;3;500,0;SOMENTE_SCORES;False;TREINO;42;4;9,523809523809524;-19900,0;-14800,0;5100,0;121,42857142857143;4;0;0;0;20;90;700;3;500,0;SOMENTE_SCORES;False;VALIDACAO;19;0;0,0;6000,0;6000,0;0,0;0,0;0;0;0;0;20;90;700;3;500,0;SOMENTE_SCORES;False;False;0,0
400;335;20;90;700;3;500,0;DELTA_E_SALDO_CONTRARIOS;False;TREINO;42;4;9,523809523809524;-19900,0;-14800,0;5100,0;121,42857142857143;4;0;0;0;20;90;700;3;500,0;DELTA_E_SALDO_CONTRARIOS;False;VALIDACAO;19;0;0,0;6000,0;6000,0;0,0;0,0;0;0;0;0;20;90;700;3;500,0;DELTA_E_SALDO_CONTRARIOS;False;False;0,0
401;337;20;90;700;5;;SOMENTE_SCORES;False;TREINO;42;4;9,523809523809524;-19900,0;-14800,0;5100,0;121,42857142857143;4;0;0;0;20;90;700;5;;SOMENTE_SCORES;False;VALIDACAO;19;0;0,0;6000,0;6000,0;0,0;0,0;0;0;0;0;20;90;700;5;;SOMENTE_SCORES;False;False;0,0
402;339;20;90;700;5;;DELTA_E_SALDO_CONTRARIOS;False;TREINO;42;4;9,523809523809524;-19900,0;-14800,0;5100,0;121,42857142857143;4;0;0;0;20;90;700;5;;DELTA_E_SALDO_CONTRARIOS;False;VALIDACAO;19;0;0,0;6000,0;6000,0;0,0;0,0;0;0;0;0;20;90;700;5;;DELTA_E_SALDO_CONTRARIOS;False;False;0,0
403;341;20;90;700;5;500,0;SOMENTE_SCORES;False;TREINO;42;4;9,523809523809524;-19900,0;-14800,0;5100,0;121,42857142857143;4;0;0;0;20;90;700;5;500,0;SOMENTE_SCORES;False;VALIDACAO;19;0;0,0;6000,0;6000,0;0,0;0,0;0;0;0;0;20;90;700;5;500,0;SOMENTE_SCORES;False;False;0,0
404;343;20;90;700;5;500,0;DELTA_E_SALDO_CONTRARIOS;False;TREINO;42;4;9,523809523809524;-19900,0;-14800,0;5100,0;121,42857142857143;4;0;0;0;20;90;700;5;500,0;DELTA_E_SALDO_CONTRARIOS;False;VALIDACAO;19;0;0,0;6000,0;6000,0;0,0;0,0;0;0;0;0;20;90;700;5;500,0;DELTA_E_SALDO_CONTRARIOS;False;False;0,0
405;345;20;90;700;8;;SOMENTE_SCORES;False;TREINO;42;4;9,523809523809524;-19900,0;-14800,0;5100,0;121,42857142857143;4;0;0;0;20;90;700;8;;SOMENTE_SCORES;False;VALIDACAO;19;0;0,0;6000,0;6000,0;0,0;0,0;0;0;0;0;20;90;700;8;;SOMENTE_SCORES;False;False;0,0
406;347;20;90;700;8;;DELTA_E_SALDO_CONTRARIOS;False;TREINO;42;4;9,523809523809524;-19900,0;-14800,0;5100,0;121,42857142857143;4;0;0;0;20;90;700;8;;DELTA_E_SALDO_CONTRARIOS;False;VALIDACAO;19;0;0,0;6000,0;6000,0;0,0;0,0;0;0;0;0;20;90;700;8;;DELTA_E_SALDO_CONTRARIOS;False;False;0,0
407;349;20;90;700;8;500,0;SOMENTE_SCORES;False;TREINO;42;4;9,523809523809524;-19900,0;-14800,0;5100,0;121,42857142857143;4;0;0;0;20;90;700;8;500,0;SOMENTE_SCORES;False;VALIDACAO;19;0;0,0;6000,0;6000,0;0,0;0,0;0;0;0;0;20;90;700;8;500,0;SOMENTE_SCORES;False;False;0,0
408;351;20;90;700;8;500,0;DELTA_E_SALDO_CONTRARIOS;False;TREINO;42;4;9,523809523809524;-19900,0;-14800,0;5100,0;121,42857142857143;4;0;0;0;20;90;700;8;500,0;DELTA_E_SALDO_CONTRARIOS;False;VALIDACAO;19;0;0,0;6000,0;6000,0;0,0;0,0;0;0;0;0;20;90;700;8;500,0;DELTA_E_SALDO_CONTRARIOS;False;False;0,0
409;801;30;90;500;2;;SOMENTE_SCORES;False;TREINO;42;4;9,523809523809524;-19900,0;-14800,0;5100,0;121,42857142857143;4;0;0;0;30;90;500;2;;SOMENTE_SCORES;False;VALIDACAO;19;0;0,0;6000,0;6000,0;0,0;0,0;0;0;0;0;30;90;500;2;;SOMENTE_SCORES;False;False;0,0
410;803;30;90;500;2;;DELTA_E_SALDO_CONTRARIOS;False;TREINO;42;4;9,523809523809524;-19900,0;-14800,0;5100,0;121,42857142857143;4;0;0;0;30;90;500;2;;DELTA_E_SALDO_CONTRARIOS;False;VALIDACAO;19;0;0,0;6000,0;6000,0;0,0;0,0;0;0;0;0;30;90;500;2;;DELTA_E_SALDO_CONTRARIOS;False;False;0,0
411;805;30;90;500;2;500,0;SOMENTE_SCORES;False;TREINO;42;4;9,523809523809524;-19900,0;-14800,0;5100,0;121,42857142857143;4;0;0;0;30;90;500;2;500,0;SOMENTE_SCORES;False;VALIDACAO;19;0;0,0;6000,0;6000,0;0,0;0,0;0;0;0;0;30;90;500;2;500,0;SOMENTE_SCORES;False;False;0,0
412;807;30;90;500;2;500,0;DELTA_E_SALDO_CONTRARIOS;False;TREINO;42;4;9,523809523809524;-19900,0;-14800,0;5100,0;121,42857142857143;4;0;0;0;30;90;500;2;500,0;DELTA_E_SALDO_CONTRARIOS;False;VALIDACAO;19;0;0,0;6000,0;6000,0;0,0;0,0;0;0;0;0;30;90;500;2;500,0;DELTA_E_SALDO_CONTRARIOS;False;False;0,0
413;809;30;90;500;3;;SOMENTE_SCORES;False;TREINO;42;4;9,523809523809524;-19900,0;-14800,0;5100,0;121,42857142857143;4;0;0;0;30;90;500;3;;SOMENTE_SCORES;False;VALIDACAO;19;0;0,0;6000,0;6000,0;0,0;0,0;0;0;0;0;30;90;500;3;;SOMENTE_SCORES;False;False;0,0
414;811;30;90;500;3;;DELTA_E_SALDO_CONTRARIOS;False;TREINO;42;4;9,523809523809524;-19900,0;-14800,0;5100,0;121,42857142857143;4;0;0;0;30;90;500;3;;DELTA_E_SALDO_CONTRARIOS;False;VALIDACAO;19;0;0,0;6000,0;6000,0;0,0;0,0;0;0;0;0;30;90;500;3;;DELTA_E_SALDO_CONTRARIOS;False;False;0,0
415;813;30;90;500;3;500,0;SOMENTE_SCORES;False;TREINO;42;4;9,523809523809524;-19900,0;-14800,0;5100,0;121,42857142857143;4;0;0;0;30;90;500;3;500,0;SOMENTE_SCORES;False;VALIDACAO;19;0;0,0;6000,0;6000,0;0,0;0,0;0;0;0;0;30;90;500;3;500,0;SOMENTE_SCORES;False;False;0,0
416;815;30;90;500;3;500,0;DELTA_E_SALDO_CONTRARIOS;False;TREINO;42;4;9,523809523809524;-19900,0;-14800,0;5100,0;121,42857142857143;4;0;0;0;30;90;500;3;500,0;DELTA_E_SALDO_CONTRARIOS;False;VALIDACAO;19;0;0,0;6000,0;6000,0;0,0;0,0;0;0;0;0;30;90;500;3;500,0;DELTA_E_SALDO_CONTRARIOS;False;False;0,0
417;817;30;90;500;5;;SOMENTE_SCORES;False;TREINO;42;4;9,523809523809524;-19900,0;-14800,0;5100,0;121,42857142857143;4;0;0;0;30;90;500;5;;SOMENTE_SCORES;False;VALIDACAO;19;0;0,0;6000,0;6000,0;0,0;0,0;0;0;0;0;30;90;500;5;;SOMENTE_SCORES;False;False;0,0
418;819;30;90;500;5;;DELTA_E_SALDO_CONTRARIOS;False;TREINO;42;4;9,523809523809524;-19900,0;-14800,0;5100,0;121,42857142857143;4;0;0;0;30;90;500;5;;DELTA_E_SALDO_CONTRARIOS;False;VALIDACAO;19;0;0,0;6000,0;6000,0;0,0;0,0;0;0;0;0;30;90;500;5;;DELTA_E_SALDO_CONTRARIOS;False;False;0,0
419;821;30;90;500;5;500,0;SOMENTE_SCORES;False;TREINO;42;4;9,523809523809524;-19900,0;-14800,0;5100,0;121,42857142857143;4;0;0;0;30;90;500;5;500,0;SOMENTE_SCORES;False;VALIDACAO;19;0;0,0;6000,0;6000,0;0,0;0,0;0;0;0;0;30;90;500;5;500,0;SOMENTE_SCORES;False;False;0,0
420;823;30;90;500;5;500,0;DELTA_E_SALDO_CONTRARIOS;False;TREINO;42;4;9,523809523809524;-19900,0;-14800,0;5100,0;121,42857142857143;4;0;0;0;30;90;500;5;500,0;DELTA_E_SALDO_CONTRARIOS;False;VALIDACAO;19;0;0,0;6000,0;6000,0;0,0;0,0;0;0;0;0;30;90;500;5;500,0;DELTA_E_SALDO_CONTRARIOS;False;False;0,0
421;825;30;90;500;8;;SOMENTE_SCORES;False;TREINO;42;4;9,523809523809524;-19900,0;-14800,0;5100,0;121,42857142857143;4;0;0;0;30;90;500;8;;SOMENTE_SCORES;False;VALIDACAO;19;0;0,0;6000,0;6000,0;0,0;0,0;0;0;0;0;30;90;500;8;;SOMENTE_SCORES;False;False;0,0
422;827;30;90;500;8;;DELTA_E_SALDO_CONTRARIOS;False;TREINO;42;4;9,523809523809524;-19900,0;-14800,0;5100,0;121,42857142857143;4;0;0;0;30;90;500;8;;DELTA_E_SALDO_CONTRARIOS;False;VALIDACAO;19;0;0,0;6000,0;6000,0;0,0;0,0;0;0;0;0;30;90;500;8;;DELTA_E_SALDO_CONTRARIOS;False;False;0,0
423;829;30;90;500;8;500,0;SOMENTE_SCORES;False;TREINO;42;4;9,523809523809524;-19900,0;-14800,0;5100,0;121,42857142857143;4;0;0;0;30;90;500;8;500,0;SOMENTE_SCORES;False;VALIDACAO;19;0;0,0;6000,0;6000,0;0,0;0,0;0;0;0;0;30;90;500;8;500,0;SOMENTE_SCORES;False;False;0,0
424;831;30;90;500;8;500,0;DELTA_E_SALDO_CONTRARIOS;False;TREINO;42;4;9,523809523809524;-19900,0;-14800,0;5100,0;121,42857142857143;4;0;0;0;30;90;500;8;500,0;DELTA_E_SALDO_CONTRARIOS;False;VALIDACAO;19;0;0,0;6000,0;6000,0;0,0;0,0;0;0;0;0;30;90;500;8;500,0;DELTA_E_SALDO_CONTRARIOS;False;False;0,0
425;833;30;90;700;2;;SOMENTE_SCORES;False;TREINO;42;4;9,523809523809524;-19900,0;-14800,0;5100,0;121,42857142857143;4;0;0;0;30;90;700;2;;SOMENTE_SCORES;False;VALIDACAO;19;0;0,0;6000,0;6000,0;0,0;0,0;0;0;0;0;30;90;700;2;;SOMENTE_SCORES;False;False;0,0
426;835;30;90;700;2;;DELTA_E_SALDO_CONTRARIOS;False;TREINO;42;4;9,523809523809524;-19900,0;-14800,0;5100,0;121,42857142857143;4;0;0;0;30;90;700;2;;DELTA_E_SALDO_CONTRARIOS;False;VALIDACAO;19;0;0,0;6000,0;6000,0;0,0;0,0;0;0;0;0;30;90;700;2;;DELTA_E_SALDO_CONTRARIOS;False;False;0,0
427;837;30;90;700;2;500,0;SOMENTE_SCORES;False;TREINO;42;4;9,523809523809524;-19900,0;-14800,0;5100,0;121,42857142857143;4;0;0;0;30;90;700;2;500,0;SOMENTE_SCORES;False;VALIDACAO;19;0;0,0;6000,0;6000,0;0,0;0,0;0;0;0;0;30;90;700;2;500,0;SOMENTE_SCORES;False;False;0,0
428;839;30;90;700;2;500,0;DELTA_E_SALDO_CONTRARIOS;False;TREINO;42;4;9,523809523809524;-19900,0;-14800,0;5100,0;121,42857142857143;4;0;0;0;30;90;700;2;500,0;DELTA_E_SALDO_CONTRARIOS;False;VALIDACAO;19;0;0,0;6000,0;6000,0;0,0;0,0;0;0;0;0;30;90;700;2;500,0;DELTA_E_SALDO_CONTRARIOS;False;False;0,0
429;841;30;90;700;3;;SOMENTE_SCORES;False;TREINO;42;4;9,523809523809524;-19900,0;-14800,0;5100,0;121,42857142857143;4;0;0;0;30;90;700;3;;SOMENTE_SCORES;False;VALIDACAO;19;0;0,0;6000,0;6000,0;0,0;0,0;0;0;0;0;30;90;700;3;;SOMENTE_SCORES;False;False;0,0
430;843;30;90;700;3;;DELTA_E_SALDO_CONTRARIOS;False;TREINO;42;4;9,523809523809524;-19900,0;-14800,0;5100,0;121,42857142857143;4;0;0;0;30;90;700;3;;DELTA_E_SALDO_CONTRARIOS;False;VALIDACAO;19;0;0,0;6000,0;6000,0;0,0;0,0;0;0;0;0;30;90;700;3;;DELTA_E_SALDO_CONTRARIOS;False;False;0,0
431;845;30;90;700;3;500,0;SOMENTE_SCORES;False;TREINO;42;4;9,523809523809524;-19900,0;-14800,0;5100,0;121,42857142857143;4;0;0;0;30;90;700;3;500,0;SOMENTE_SCORES;False;VALIDACAO;19;0;0,0;6000,0;6000,0;0,0;0,0;0;0;0;0;30;90;700;3;500,0;SOMENTE_SCORES;False;False;0,0
432;847;30;90;700;3;500,0;DELTA_E_SALDO_CONTRARIOS;False;TREINO;42;4;9,523809523809524;-19900,0;-14800,0;5100,0;121,42857142857143;4;0;0;0;30;90;700;3;500,0;DELTA_E_SALDO_CONTRARIOS;False;VALIDACAO;19;0;0,0;6000,0;6000,0;0,0;0,0;0;0;0;0;30;90;700;3;500,0;DELTA_E_SALDO_CONTRARIOS;False;False;0,0
433;849;30;90;700;5;;SOMENTE_SCORES;False;TREINO;42;4;9,523809523809524;-19900,0;-14800,0;5100,0;121,42857142857143;4;0;0;0;30;90;700;5;;SOMENTE_SCORES;False;VALIDACAO;19;0;0,0;6000,0;6000,0;0,0;0,0;0;0;0;0;30;90;700;5;;SOMENTE_SCORES;False;False;0,0
434;851;30;90;700;5;;DELTA_E_SALDO_CONTRARIOS;False;TREINO;42;4;9,523809523809524;-19900,0;-14800,0;5100,0;121,42857142857143;4;0;0;0;30;90;700;5;;DELTA_E_SALDO_CONTRARIOS;False;VALIDACAO;19;0;0,0;6000,0;6000,0;0,0;0,0;0;0;0;0;30;90;700;5;;DELTA_E_SALDO_CONTRARIOS;False;False;0,0
435;853;30;90;700;5;500,0;SOMENTE_SCORES;False;TREINO;42;4;9,523809523809524;-19900,0;-14800,0;5100,0;121,42857142857143;4;0;0;0;30;90;700;5;500,0;SOMENTE_SCORES;False;VALIDACAO;19;0;0,0;6000,0;6000,0;0,0;0,0;0;0;0;0;30;90;700;5;500,0;SOMENTE_SCORES;False;False;0,0
436;855;30;90;700;5;500,0;DELTA_E_SALDO_CONTRARIOS;False;TREINO;42;4;9,523809523809524;-19900,0;-14800,0;5100,0;121,42857142857143;4;0;0;0;30;90;700;5;500,0;DELTA_E_SALDO_CONTRARIOS;False;VALIDACAO;19;0;0,0;6000,0;6000,0;0,0;0,0;0;0;0;0;30;90;700;5;500,0;DELTA_E_SALDO_CONTRARIOS;False;False;0,0
437;857;30;90;700;8;;SOMENTE_SCORES;False;TREINO;42;4;9,523809523809524;-19900,0;-14800,0;5100,0;121,42857142857143;4;0;0;0;30;90;700;8;;SOMENTE_SCORES;False;VALIDACAO;19;0;0,0;6000,0;6000,0;0,0;0,0;0;0;0;0;30;90;700;8;;SOMENTE_SCORES;False;False;0,0
438;859;30;90;700;8;;DELTA_E_SALDO_CONTRARIOS;False;TREINO;42;4;9,523809523809524;-19900,0;-14800,0;5100,0;121,42857142857143;4;0;0;0;30;90;700;8;;DELTA_E_SALDO_CONTRARIOS;False;VALIDACAO;19;0;0,0;6000,0;6000,0;0,0;0,0;0;0;0;0;30;90;700;8;;DELTA_E_SALDO_CONTRARIOS;False;False;0,0
439;861;30;90;700;8;500,0;SOMENTE_SCORES;False;TREINO;42;4;9,523809523809524;-19900,0;-14800,0;5100,0;121,42857142857143;4;0;0;0;30;90;700;8;500,0;SOMENTE_SCORES;False;VALIDACAO;19;0;0,0;6000,0;6000,0;0,0;0,0;0;0;0;0;30;90;700;8;500,0;SOMENTE_SCORES;False;False;0,0
440;863;30;90;700;8;500,0;DELTA_E_SALDO_CONTRARIOS;False;TREINO;42;4;9,523809523809524;-19900,0;-14800,0;5100,0;121,42857142857143;4;0;0;0;30;90;700;8;500,0;DELTA_E_SALDO_CONTRARIOS;False;VALIDACAO;19;0;0,0;6000,0;6000,0;0,0;0,0;0;0;0;0;30;90;700;8;500,0;DELTA_E_SALDO_CONTRARIOS;False;False;0,0
441;1313;40;90;500;2;;SOMENTE_SCORES;False;TREINO;42;4;9,523809523809524;-19900,0;-14800,0;5100,0;121,42857142857143;4;0;0;0;40;90;500;2;;SOMENTE_SCORES;False;VALIDACAO;19;0;0,0;6000,0;6000,0;0,0;0,0;0;0;0;0;40;90;500;2;;SOMENTE_SCORES;False;False;0,0
442;1315;40;90;500;2;;DELTA_E_SALDO_CONTRARIOS;False;TREINO;42;4;9,523809523809524;-19900,0;-14800,0;5100,0;121,42857142857143;4;0;0;0;40;90;500;2;;DELTA_E_SALDO_CONTRARIOS;False;VALIDACAO;19;0;0,0;6000,0;6000,0;0,0;0,0;0;0;0;0;40;90;500;2;;DELTA_E_SALDO_CONTRARIOS;False;False;0,0
443;1317;40;90;500;2;500,0;SOMENTE_SCORES;False;TREINO;42;4;9,523809523809524;-19900,0;-14800,0;5100,0;121,42857142857143;4;0;0;0;40;90;500;2;500,0;SOMENTE_SCORES;False;VALIDACAO;19;0;0,0;6000,0;6000,0;0,0;0,0;0;0;0;0;40;90;500;2;500,0;SOMENTE_SCORES;False;False;0,0
444;1319;40;90;500;2;500,0;DELTA_E_SALDO_CONTRARIOS;False;TREINO;42;4;9,523809523809524;-19900,0;-14800,0;5100,0;121,42857142857143;4;0;0;0;40;90;500;2;500,0;DELTA_E_SALDO_CONTRARIOS;False;VALIDACAO;19;0;0,0;6000,0;6000,0;0,0;0,0;0;0;0;0;40;90;500;2;500,0;DELTA_E_SALDO_CONTRARIOS;False;False;0,0
445;1321;40;90;500;3;;SOMENTE_SCORES;False;TREINO;42;4;9,523809523809524;-19900,0;-14800,0;5100,0;121,42857142857143;4;0;0;0;40;90;500;3;;SOMENTE_SCORES;False;VALIDACAO;19;0;0,0;6000,0;6000,0;0,0;0,0;0;0;0;0;40;90;500;3;;SOMENTE_SCORES;False;False;0,0
446;1323;40;90;500;3;;DELTA_E_SALDO_CONTRARIOS;False;TREINO;42;4;9,523809523809524;-19900,0;-14800,0;5100,0;121,42857142857143;4;0;0;0;40;90;500;3;;DELTA_E_SALDO_CONTRARIOS;False;VALIDACAO;19;0;0,0;6000,0;6000,0;0,0;0,0;0;0;0;0;40;90;500;3;;DELTA_E_SALDO_CONTRARIOS;False;False;0,0
447;1325;40;90;500;3;500,0;SOMENTE_SCORES;False;TREINO;42;4;9,523809523809524;-19900,0;-14800,0;5100,0;121,42857142857143;4;0;0;0;40;90;500;3;500,0;SOMENTE_SCORES;False;VALIDACAO;19;0;0,0;6000,0;6000,0;0,0;0,0;0;0;0;0;40;90;500;3;500,0;SOMENTE_SCORES;False;False;0,0
448;1327;40;90;500;3;500,0;DELTA_E_SALDO_CONTRARIOS;False;TREINO;42;4;9,523809523809524;-19900,0;-14800,0;5100,0;121,42857142857143;4;0;0;0;40;90;500;3;500,0;DELTA_E_SALDO_CONTRARIOS;False;VALIDACAO;19;0;0,0;6000,0;6000,0;0,0;0,0;0;0;0;0;40;90;500;3;500,0;DELTA_E_SALDO_CONTRARIOS;False;False;0,0
449;1329;40;90;500;5;;SOMENTE_SCORES;False;TREINO;42;4;9,523809523809524;-19900,0;-14800,0;5100,0;121,42857142857143;4;0;0;0;40;90;500;5;;SOMENTE_SCORES;False;VALIDACAO;19;0;0,0;6000,0;6000,0;0,0;0,0;0;0;0;0;40;90;500;5;;SOMENTE_SCORES;False;False;0,0
450;1331;40;90;500;5;;DELTA_E_SALDO_CONTRARIOS;False;TREINO;42;4;9,523809523809524;-19900,0;-14800,0;5100,0;121,42857142857143;4;0;0;0;40;90;500;5;;DELTA_E_SALDO_CONTRARIOS;False;VALIDACAO;19;0;0,0;6000,0;6000,0;0,0;0,0;0;0;0;0;40;90;500;5;;DELTA_E_SALDO_CONTRARIOS;False;False;0,0
451;1333;40;90;500;5;500,0;SOMENTE_SCORES;False;TREINO;42;4;9,523809523809524;-19900,0;-14800,0;5100,0;121,42857142857143;4;0;0;0;40;90;500;5;500,0;SOMENTE_SCORES;False;VALIDACAO;19;0;0,0;6000,0;6000,0;0,0;0,0;0;0;0;0;40;90;500;5;500,0;SOMENTE_SCORES;False;False;0,0
452;1335;40;90;500;5;500,0;DELTA_E_SALDO_CONTRARIOS;False;TREINO;42;4;9,523809523809524;-19900,0;-14800,0;5100,0;121,42857142857143;4;0;0;0;40;90;500;5;500,0;DELTA_E_SALDO_CONTRARIOS;False;VALIDACAO;19;0;0,0;6000,0;6000,0;0,0;0,0;0;0;0;0;40;90;500;5;500,0;DELTA_E_SALDO_CONTRARIOS;False;False;0,0
453;1337;40;90;500;8;;SOMENTE_SCORES;False;TREINO;42;4;9,523809523809524;-19900,0;-14800,0;5100,0;121,42857142857143;4;0;0;0;40;90;500;8;;SOMENTE_SCORES;False;VALIDACAO;19;0;0,0;6000,0;6000,0;0,0;0,0;0;0;0;0;40;90;500;8;;SOMENTE_SCORES;False;False;0,0
454;1339;40;90;500;8;;DELTA_E_SALDO_CONTRARIOS;False;TREINO;42;4;9,523809523809524;-19900,0;-14800,0;5100,0;121,42857142857143;4;0;0;0;40;90;500;8;;DELTA_E_SALDO_CONTRARIOS;False;VALIDACAO;19;0;0,0;6000,0;6000,0;0,0;0,0;0;0;0;0;40;90;500;8;;DELTA_E_SALDO_CONTRARIOS;False;False;0,0
455;1341;40;90;500;8;500,0;SOMENTE_SCORES;False;TREINO;42;4;9,523809523809524;-19900,0;-14800,0;5100,0;121,42857142857143;4;0;0;0;40;90;500;8;500,0;SOMENTE_SCORES;False;VALIDACAO;19;0;0,0;6000,0;6000,0;0,0;0,0;0;0;0;0;40;90;500;8;500,0;SOMENTE_SCORES;False;False;0,0
456;1343;40;90;500;8;500,0;DELTA_E_SALDO_CONTRARIOS;False;TREINO;42;4;9,523809523809524;-19900,0;-14800,0;5100,0;121,42857142857143;4;0;0;0;40;90;500;8;500,0;DELTA_E_SALDO_CONTRARIOS;False;VALIDACAO;19;0;0,0;6000,0;6000,0;0,0;0,0;0;0;0;0;40;90;500;8;500,0;DELTA_E_SALDO_CONTRARIOS;False;False;0,0
457;1345;40;90;700;2;;SOMENTE_SCORES;False;TREINO;42;4;9,523809523809524;-19900,0;-14800,0;5100,0;121,42857142857143;4;0;0;0;40;90;700;2;;SOMENTE_SCORES;False;VALIDACAO;19;0;0,0;6000,0;6000,0;0,0;0,0;0;0;0;0;40;90;700;2;;SOMENTE_SCORES;False;False;0,0
458;1347;40;90;700;2;;DELTA_E_SALDO_CONTRARIOS;False;TREINO;42;4;9,523809523809524;-19900,0;-14800,0;5100,0;121,42857142857143;4;0;0;0;40;90;700;2;;DELTA_E_SALDO_CONTRARIOS;False;VALIDACAO;19;0;0,0;6000,0;6000,0;0,0;0,0;0;0;0;0;40;90;700;2;;DELTA_E_SALDO_CONTRARIOS;False;False;0,0
459;1349;40;90;700;2;500,0;SOMENTE_SCORES;False;TREINO;42;4;9,523809523809524;-19900,0;-14800,0;5100,0;121,42857142857143;4;0;0;0;40;90;700;2;500,0;SOMENTE_SCORES;False;VALIDACAO;19;0;0,0;6000,0;6000,0;0,0;0,0;0;0;0;0;40;90;700;2;500,0;SOMENTE_SCORES;False;False;0,0
460;1351;40;90;700;2;500,0;DELTA_E_SALDO_CONTRARIOS;False;TREINO;42;4;9,523809523809524;-19900,0;-14800,0;5100,0;121,42857142857143;4;0;0;0;40;90;700;2;500,0;DELTA_E_SALDO_CONTRARIOS;False;VALIDACAO;19;0;0,0;6000,0;6000,0;0,0;0,0;0;0;0;0;40;90;700;2;500,0;DELTA_E_SALDO_CONTRARIOS;False;False;0,0
461;1353;40;90;700;3;;SOMENTE_SCORES;False;TREINO;42;4;9,523809523809524;-19900,0;-14800,0;5100,0;121,42857142857143;4;0;0;0;40;90;700;3;;SOMENTE_SCORES;False;VALIDACAO;19;0;0,0;6000,0;6000,0;0,0;0,0;0;0;0;0;40;90;700;3;;SOMENTE_SCORES;False;False;0,0
462;1355;40;90;700;3;;DELTA_E_SALDO_CONTRARIOS;False;TREINO;42;4;9,523809523809524;-19900,0;-14800,0;5100,0;121,42857142857143;4;0;0;0;40;90;700;3;;DELTA_E_SALDO_CONTRARIOS;False;VALIDACAO;19;0;0,0;6000,0;6000,0;0,0;0,0;0;0;0;0;40;90;700;3;;DELTA_E_SALDO_CONTRARIOS;False;False;0,0
463;1357;40;90;700;3;500,0;SOMENTE_SCORES;False;TREINO;42;4;9,523809523809524;-19900,0;-14800,0;5100,0;121,42857142857143;4;0;0;0;40;90;700;3;500,0;SOMENTE_SCORES;False;VALIDACAO;19;0;0,0;6000,0;6000,0;0,0;0,0;0;0;0;0;40;90;700;3;500,0;SOMENTE_SCORES;False;False;0,0
464;1359;40;90;700;3;500,0;DELTA_E_SALDO_CONTRARIOS;False;TREINO;42;4;9,523809523809524;-19900,0;-14800,0;5100,0;121,42857142857143;4;0;0;0;40;90;700;3;500,0;DELTA_E_SALDO_CONTRARIOS;False;VALIDACAO;19;0;0,0;6000,0;6000,0;0,0;0,0;0;0;0;0;40;90;700;3;500,0;DELTA_E_SALDO_CONTRARIOS;False;False;0,0
465;1361;40;90;700;5;;SOMENTE_SCORES;False;TREINO;42;4;9,523809523809524;-19900,0;-14800,0;5100,0;121,42857142857143;4;0;0;0;40;90;700;5;;SOMENTE_SCORES;False;VALIDACAO;19;0;0,0;6000,0;6000,0;0,0;0,0;0;0;0;0;40;90;700;5;;SOMENTE_SCORES;False;False;0,0
466;1363;40;90;700;5;;DELTA_E_SALDO_CONTRARIOS;False;TREINO;42;4;9,523809523809524;-19900,0;-14800,0;5100,0;121,42857142857143;4;0;0;0;40;90;700;5;;DELTA_E_SALDO_CONTRARIOS;False;VALIDACAO;19;0;0,0;6000,0;6000,0;0,0;0,0;0;0;0;0;40;90;700;5;;DELTA_E_SALDO_CONTRARIOS;False;False;0,0
467;1365;40;90;700;5;500,0;SOMENTE_SCORES;False;TREINO;42;4;9,523809523809524;-19900,0;-14800,0;5100,0;121,42857142857143;4;0;0;0;40;90;700;5;500,0;SOMENTE_SCORES;False;VALIDACAO;19;0;0,0;6000,0;6000,0;0,0;0,0;0;0;0;0;40;90;700;5;500,0;SOMENTE_SCORES;False;False;0,0
468;1367;40;90;700;5;500,0;DELTA_E_SALDO_CONTRARIOS;False;TREINO;42;4;9,523809523809524;-19900,0;-14800,0;5100,0;121,42857142857143;4;0;0;0;40;90;700;5;500,0;DELTA_E_SALDO_CONTRARIOS;False;VALIDACAO;19;0;0,0;6000,0;6000,0;0,0;0,0;0;0;0;0;40;90;700;5;500,0;DELTA_E_SALDO_CONTRARIOS;False;False;0,0
469;1369;40;90;700;8;;SOMENTE_SCORES;False;TREINO;42;4;9,523809523809524;-19900,0;-14800,0;5100,0;121,42857142857143;4;0;0;0;40;90;700;8;;SOMENTE_SCORES;False;VALIDACAO;19;0;0,0;6000,0;6000,0;0,0;0,0;0;0;0;0;40;90;700;8;;SOMENTE_SCORES;False;False;0,0
470;1371;40;90;700;8;;DELTA_E_SALDO_CONTRARIOS;False;TREINO;42;4;9,523809523809524;-19900,0;-14800,0;5100,0;121,42857142857143;4;0;0;0;40;90;700;8;;DELTA_E_SALDO_CONTRARIOS;False;VALIDACAO;19;0;0,0;6000,0;6000,0;0,0;0,0;0;0;0;0;40;90;700;8;;DELTA_E_SALDO_CONTRARIOS;False;False;0,0
471;1373;40;90;700;8;500,0;SOMENTE_SCORES;False;TREINO;42;4;9,523809523809524;-19900,0;-14800,0;5100,0;121,42857142857143;4;0;0;0;40;90;700;8;500,0;SOMENTE_SCORES;False;VALIDACAO;19;0;0,0;6000,0;6000,0;0,0;0,0;0;0;0;0;40;90;700;8;500,0;SOMENTE_SCORES;False;False;0,0
472;1375;40;90;700;8;500,0;DELTA_E_SALDO_CONTRARIOS;False;TREINO;42;4;9,523809523809524;-19900,0;-14800,0;5100,0;121,42857142857143;4;0;0;0;40;90;700;8;500,0;DELTA_E_SALDO_CONTRARIOS;False;VALIDACAO;19;0;0,0;6000,0;6000,0;0,0;0,0;0;0;0;0;40;90;700;8;500,0;DELTA_E_SALDO_CONTRARIOS;False;False;0,0
473;1825;50;90;500;2;;SOMENTE_SCORES;False;TREINO;42;4;9,523809523809524;-19900,0;-14800,0;5100,0;121,42857142857143;4;0;0;0;50;90;500;2;;SOMENTE_SCORES;False;VALIDACAO;19;0;0,0;6000,0;6000,0;0,0;0,0;0;0;0;0;50;90;500;2;;SOMENTE_SCORES;False;False;0,0
474;1827;50;90;500;2;;DELTA_E_SALDO_CONTRARIOS;False;TREINO;42;4;9,523809523809524;-19900,0;-14800,0;5100,0;121,42857142857143;4;0;0;0;50;90;500;2;;DELTA_E_SALDO_CONTRARIOS;False;VALIDACAO;19;0;0,0;6000,0;6000,0;0,0;0,0;0;0;0;0;50;90;500;2;;DELTA_E_SALDO_CONTRARIOS;False;False;0,0
475;1829;50;90;500;2;500,0;SOMENTE_SCORES;False;TREINO;42;4;9,523809523809524;-19900,0;-14800,0;5100,0;121,42857142857143;4;0;0;0;50;90;500;2;500,0;SOMENTE_SCORES;False;VALIDACAO;19;0;0,0;6000,0;6000,0;0,0;0,0;0;0;0;0;50;90;500;2;500,0;SOMENTE_SCORES;False;False;0,0
476;1831;50;90;500;2;500,0;DELTA_E_SALDO_CONTRARIOS;False;TREINO;42;4;9,523809523809524;-19900,0;-14800,0;5100,0;121,42857142857143;4;0;0;0;50;90;500;2;500,0;DELTA_E_SALDO_CONTRARIOS;False;VALIDACAO;19;0;0,0;6000,0;6000,0;0,0;0,0;0;0;0;0;50;90;500;2;500,0;DELTA_E_SALDO_CONTRARIOS;False;False;0,0
477;1833;50;90;500;3;;SOMENTE_SCORES;False;TREINO;42;4;9,523809523809524;-19900,0;-14800,0;5100,0;121,42857142857143;4;0;0;0;50;90;500;3;;SOMENTE_SCORES;False;VALIDACAO;19;0;0,0;6000,0;6000,0;0,0;0,0;0;0;0;0;50;90;500;3;;SOMENTE_SCORES;False;False;0,0
478;1835;50;90;500;3;;DELTA_E_SALDO_CONTRARIOS;False;TREINO;42;4;9,523809523809524;-19900,0;-14800,0;5100,0;121,42857142857143;4;0;0;0;50;90;500;3;;DELTA_E_SALDO_CONTRARIOS;False;VALIDACAO;19;0;0,0;6000,0;6000,0;0,0;0,0;0;0;0;0;50;90;500;3;;DELTA_E_SALDO_CONTRARIOS;False;False;0,0
479;1837;50;90;500;3;500,0;SOMENTE_SCORES;False;TREINO;42;4;9,523809523809524;-19900,0;-14800,0;5100,0;121,42857142857143;4;0;0;0;50;90;500;3;500,0;SOMENTE_SCORES;False;VALIDACAO;19;0;0,0;6000,0;6000,0;0,0;0,0;0;0;0;0;50;90;500;3;500,0;SOMENTE_SCORES;False;False;0,0
480;1839;50;90;500;3;500,0;DELTA_E_SALDO_CONTRARIOS;False;TREINO;42;4;9,523809523809524;-19900,0;-14800,0;5100,0;121,42857142857143;4;0;0;0;50;90;500;3;500,0;DELTA_E_SALDO_CONTRARIOS;False;VALIDACAO;19;0;0,0;6000,0;6000,0;0,0;0,0;0;0;0;0;50;90;500;3;500,0;DELTA_E_SALDO_CONTRARIOS;False;False;0,0
481;1841;50;90;500;5;;SOMENTE_SCORES;False;TREINO;42;4;9,523809523809524;-19900,0;-14800,0;5100,0;121,42857142857143;4;0;0;0;50;90;500;5;;SOMENTE_SCORES;False;VALIDACAO;19;0;0,0;6000,0;6000,0;0,0;0,0;0;0;0;0;50;90;500;5;;SOMENTE_SCORES;False;False;0,0
482;1843;50;90;500;5;;DELTA_E_SALDO_CONTRARIOS;False;TREINO;42;4;9,523809523809524;-19900,0;-14800,0;5100,0;121,42857142857143;4;0;0;0;50;90;500;5;;DELTA_E_SALDO_CONTRARIOS;False;VALIDACAO;19;0;0,0;6000,0;6000,0;0,0;0,0;0;0;0;0;50;90;500;5;;DELTA_E_SALDO_CONTRARIOS;False;False;0,0
483;1845;50;90;500;5;500,0;SOMENTE_SCORES;False;TREINO;42;4;9,523809523809524;-19900,0;-14800,0;5100,0;121,42857142857143;4;0;0;0;50;90;500;5;500,0;SOMENTE_SCORES;False;VALIDACAO;19;0;0,0;6000,0;6000,0;0,0;0,0;0;0;0;0;50;90;500;5;500,0;SOMENTE_SCORES;False;False;0,0
484;1847;50;90;500;5;500,0;DELTA_E_SALDO_CONTRARIOS;False;TREINO;42;4;9,523809523809524;-19900,0;-14800,0;5100,0;121,42857142857143;4;0;0;0;50;90;500;5;500,0;DELTA_E_SALDO_CONTRARIOS;False;VALIDACAO;19;0;0,0;6000,0;6000,0;0,0;0,0;0;0;0;0;50;90;500;5;500,0;DELTA_E_SALDO_CONTRARIOS;False;False;0,0
485;1849;50;90;500;8;;SOMENTE_SCORES;False;TREINO;42;4;9,523809523809524;-19900,0;-14800,0;5100,0;121,42857142857143;4;0;0;0;50;90;500;8;;SOMENTE_SCORES;False;VALIDACAO;19;0;0,0;6000,0;6000,0;0,0;0,0;0;0;0;0;50;90;500;8;;SOMENTE_SCORES;False;False;0,0
486;1851;50;90;500;8;;DELTA_E_SALDO_CONTRARIOS;False;TREINO;42;4;9,523809523809524;-19900,0;-14800,0;5100,0;121,42857142857143;4;0;0;0;50;90;500;8;;DELTA_E_SALDO_CONTRARIOS;False;VALIDACAO;19;0;0,0;6000,0;6000,0;0,0;0,0;0;0;0;0;50;90;500;8;;DELTA_E_SALDO_CONTRARIOS;False;False;0,0
487;1853;50;90;500;8;500,0;SOMENTE_SCORES;False;TREINO;42;4;9,523809523809524;-19900,0;-14800,0;5100,0;121,42857142857143;4;0;0;0;50;90;500;8;500,0;SOMENTE_SCORES;False;VALIDACAO;19;0;0,0;6000,0;6000,0;0,0;0,0;0;0;0;0;50;90;500;8;500,0;SOMENTE_SCORES;False;False;0,0
488;1855;50;90;500;8;500,0;DELTA_E_SALDO_CONTRARIOS;False;TREINO;42;4;9,523809523809524;-19900,0;-14800,0;5100,0;121,42857142857143;4;0;0;0;50;90;500;8;500,0;DELTA_E_SALDO_CONTRARIOS;False;VALIDACAO;19;0;0,0;6000,0;6000,0;0,0;0,0;0;0;0;0;50;90;500;8;500,0;DELTA_E_SALDO_CONTRARIOS;False;False;0,0
489;1857;50;90;700;2;;SOMENTE_SCORES;False;TREINO;42;4;9,523809523809524;-19900,0;-14800,0;5100,0;121,42857142857143;4;0;0;0;50;90;700;2;;SOMENTE_SCORES;False;VALIDACAO;19;0;0,0;6000,0;6000,0;0,0;0,0;0;0;0;0;50;90;700;2;;SOMENTE_SCORES;False;False;0,0
490;1859;50;90;700;2;;DELTA_E_SALDO_CONTRARIOS;False;TREINO;42;4;9,523809523809524;-19900,0;-14800,0;5100,0;121,42857142857143;4;0;0;0;50;90;700;2;;DELTA_E_SALDO_CONTRARIOS;False;VALIDACAO;19;0;0,0;6000,0;6000,0;0,0;0,0;0;0;0;0;50;90;700;2;;DELTA_E_SALDO_CONTRARIOS;False;False;0,0
491;1861;50;90;700;2;500,0;SOMENTE_SCORES;False;TREINO;42;4;9,523809523809524;-19900,0;-14800,0;5100,0;121,42857142857143;4;0;0;0;50;90;700;2;500,0;SOMENTE_SCORES;False;VALIDACAO;19;0;0,0;6000,0;6000,0;0,0;0,0;0;0;0;0;50;90;700;2;500,0;SOMENTE_SCORES;False;False;0,0
492;1863;50;90;700;2;500,0;DELTA_E_SALDO_CONTRARIOS;False;TREINO;42;4;9,523809523809524;-19900,0;-14800,0;5100,0;121,42857142857143;4;0;0;0;50;90;700;2;500,0;DELTA_E_SALDO_CONTRARIOS;False;VALIDACAO;19;0;0,0;6000,0;6000,0;0,0;0,0;0;0;0;0;50;90;700;2;500,0;DELTA_E_SALDO_CONTRARIOS;False;False;0,0
493;1865;50;90;700;3;;SOMENTE_SCORES;False;TREINO;42;4;9,523809523809524;-19900,0;-14800,0;5100,0;121,42857142857143;4;0;0;0;50;90;700;3;;SOMENTE_SCORES;False;VALIDACAO;19;0;0,0;6000,0;6000,0;0,0;0,0;0;0;0;0;50;90;700;3;;SOMENTE_SCORES;False;False;0,0
494;1867;50;90;700;3;;DELTA_E_SALDO_CONTRARIOS;False;TREINO;42;4;9,523809523809524;-19900,0;-14800,0;5100,0;121,42857142857143;4;0;0;0;50;90;700;3;;DELTA_E_SALDO_CONTRARIOS;False;VALIDACAO;19;0;0,0;6000,0;6000,0;0,0;0,0;0;0;0;0;50;90;700;3;;DELTA_E_SALDO_CONTRARIOS;False;False;0,0
495;1869;50;90;700;3;500,0;SOMENTE_SCORES;False;TREINO;42;4;9,523809523809524;-19900,0;-14800,0;5100,0;121,42857142857143;4;0;0;0;50;90;700;3;500,0;SOMENTE_SCORES;False;VALIDACAO;19;0;0,0;6000,0;6000,0;0,0;0,0;0;0;0;0;50;90;700;3;500,0;SOMENTE_SCORES;False;False;0,0
496;1871;50;90;700;3;500,0;DELTA_E_SALDO_CONTRARIOS;False;TREINO;42;4;9,523809523809524;-19900,0;-14800,0;5100,0;121,42857142857143;4;0;0;0;50;90;700;3;500,0;DELTA_E_SALDO_CONTRARIOS;False;VALIDACAO;19;0;0,0;6000,0;6000,0;0,0;0,0;0;0;0;0;50;90;700;3;500,0;DELTA_E_SALDO_CONTRARIOS;False;False;0,0
497;1873;50;90;700;5;;SOMENTE_SCORES;False;TREINO;42;4;9,523809523809524;-19900,0;-14800,0;5100,0;121,42857142857143;4;0;0;0;50;90;700;5;;SOMENTE_SCORES;False;VALIDACAO;19;0;0,0;6000,0;6000,0;0,0;0,0;0;0;0;0;50;90;700;5;;SOMENTE_SCORES;False;False;0,0
498;1875;50;90;700;5;;DELTA_E_SALDO_CONTRARIOS;False;TREINO;42;4;9,523809523809524;-19900,0;-14800,0;5100,0;121,42857142857143;4;0;0;0;50;90;700;5;;DELTA_E_SALDO_CONTRARIOS;False;VALIDACAO;19;0;0,0;6000,0;6000,0;0,0;0,0;0;0;0;0;50;90;700;5;;DELTA_E_SALDO_CONTRARIOS;False;False;0,0
499;1877;50;90;700;5;500,0;SOMENTE_SCORES;False;TREINO;42;4;9,523809523809524;-19900,0;-14800,0;5100,0;121,42857142857143;4;0;0;0;50;90;700;5;500,0;SOMENTE_SCORES;False;VALIDACAO;19;0;0,0;6000,0;6000,0;0,0;0,0;0;0;0;0;50;90;700;5;500,0;SOMENTE_SCORES;False;False;0,0
500;1879;50;90;700;5;500,0;DELTA_E_SALDO_CONTRARIOS;False;TREINO;42;4;9,523809523809524;-19900,0;-14800,0;5100,0;121,42857142857143;4;0;0;0;50;90;700;5;500,0;DELTA_E_SALDO_CONTRARIOS;False;VALIDACAO;19;0;0,0;6000,0;6000,0;0,0;0,0;0;0;0;0;50;90;700;5;500,0;DELTA_E_SALDO_CONTRARIOS;False;False;0,0
501;1881;50;90;700;8;;SOMENTE_SCORES;False;TREINO;42;4;9,523809523809524;-19900,0;-14800,0;5100,0;121,42857142857143;4;0;0;0;50;90;700;8;;SOMENTE_SCORES;False;VALIDACAO;19;0;0,0;6000,0;6000,0;0,0;0,0;0;0;0;0;50;90;700;8;;SOMENTE_SCORES;False;False;0,0
502;1883;50;90;700;8;;DELTA_E_SALDO_CONTRARIOS;False;TREINO;42;4;9,523809523809524;-19900,0;-14800,0;5100,0;121,42857142857143;4;0;0;0;50;90;700;8;;DELTA_E_SALDO_CONTRARIOS;False;VALIDACAO;19;0;0,0;6000,0;6000,0;0,0;0,0;0;0;0;0;50;90;700;8;;DELTA_E_SALDO_CONTRARIOS;False;False;0,0
503;1885;50;90;700;8;500,0;SOMENTE_SCORES;False;TREINO;42;4;9,523809523809524;-19900,0;-14800,0;5100,0;121,42857142857143;4;0;0;0;50;90;700;8;500,0;SOMENTE_SCORES;False;VALIDACAO;19;0;0,0;6000,0;6000,0;0,0;0,0;0;0;0;0;50;90;700;8;500,0;SOMENTE_SCORES;False;False;0,0
504;1887;50;90;700;8;500,0;DELTA_E_SALDO_CONTRARIOS;False;TREINO;42;4;9,523809523809524;-19900,0;-14800,0;5100,0;121,42857142857143;4;0;0;0;50;90;700;8;500,0;DELTA_E_SALDO_CONTRARIOS;False;VALIDACAO;19;0;0,0;6000,0;6000,0;0,0;0,0;0;0;0;0;50;90;700;8;500,0;DELTA_E_SALDO_CONTRARIOS;False;False;0,0
505;769;30;90;300;2;;SOMENTE_SCORES;False;TREINO;42;7;16,666666666666668;-19900,0;-15000,0;4900,0;116,66666666666667;5;1;1;0;30;90;300;2;;SOMENTE_SCORES;False;VALIDACAO;19;0;0,0;6000,0;6000,0;0,0;0,0;0;0;0;0;30;90;300;2;;SOMENTE_SCORES;False;False;0,0
506;773;30;90;300;2;500,0;SOMENTE_SCORES;False;TREINO;42;7;16,666666666666668;-19900,0;-15000,0;4900,0;116,66666666666667;5;1;1;0;30;90;300;2;500,0;SOMENTE_SCORES;False;VALIDACAO;19;0;0,0;6000,0;6000,0;0,0;0,0;0;0;0;0;30;90;300;2;500,0;SOMENTE_SCORES;False;False;0,0
507;777;30;90;300;3;;SOMENTE_SCORES;False;TREINO;42;7;16,666666666666668;-19900,0;-15000,0;4900,0;116,66666666666667;5;1;1;0;30;90;300;3;;SOMENTE_SCORES;False;VALIDACAO;19;0;0,0;6000,0;6000,0;0,0;0,0;0;0;0;0;30;90;300;3;;SOMENTE_SCORES;False;False;0,0
508;781;30;90;300;3;500,0;SOMENTE_SCORES;False;TREINO;42;7;16,666666666666668;-19900,0;-15000,0;4900,0;116,66666666666667;5;1;1;0;30;90;300;3;500,0;SOMENTE_SCORES;False;VALIDACAO;19;0;0,0;6000,0;6000,0;0,0;0,0;0;0;0;0;30;90;300;3;500,0;SOMENTE_SCORES;False;False;0,0
509;785;30;90;300;5;;SOMENTE_SCORES;False;TREINO;42;7;16,666666666666668;-19900,0;-15000,0;4900,0;116,66666666666667;5;1;1;0;30;90;300;5;;SOMENTE_SCORES;False;VALIDACAO;19;0;0,0;6000,0;6000,0;0,0;0,0;0;0;0;0;30;90;300;5;;SOMENTE_SCORES;False;False;0,0
510;789;30;90;300;5;500,0;SOMENTE_SCORES;False;TREINO;42;7;16,666666666666668;-19900,0;-15000,0;4900,0;116,66666666666667;5;1;1;0;30;90;300;5;500,0;SOMENTE_SCORES;False;VALIDACAO;19;0;0,0;6000,0;6000,0;0,0;0,0;0;0;0;0;30;90;300;5;500,0;SOMENTE_SCORES;False;False;0,0
511;793;30;90;300;8;;SOMENTE_SCORES;False;TREINO;42;7;16,666666666666668;-19900,0;-15000,0;4900,0;116,66666666666667;5;1;1;0;30;90;300;8;;SOMENTE_SCORES;False;VALIDACAO;19;0;0,0;6000,0;6000,0;0,0;0,0;0;0;0;0;30;90;300;8;;SOMENTE_SCORES;False;False;0,0
512;797;30;90;300;8;500,0;SOMENTE_SCORES;False;TREINO;42;7;16,666666666666668;-19900,0;-15000,0;4900,0;116,66666666666667;5;1;1;0;30;90;300;8;500,0;SOMENTE_SCORES;False;VALIDACAO;19;0;0,0;6000,0;6000,0;0,0;0,0;0;0;0;0;30;90;300;8;500,0;SOMENTE_SCORES;False;False;0,0
513;1281;40;90;300;2;;SOMENTE_SCORES;False;TREINO;42;7;16,666666666666668;-19900,0;-15000,0;4900,0;116,66666666666667;5;1;1;0;40;90;300;2;;SOMENTE_SCORES;False;VALIDACAO;19;0;0,0;6000,0;6000,0;0,0;0,0;0;0;0;0;40;90;300;2;;SOMENTE_SCORES;False;False;0,0
514;1285;40;90;300;2;500,0;SOMENTE_SCORES;False;TREINO;42;7;16,666666666666668;-19900,0;-15000,0;4900,0;116,66666666666667;5;1;1;0;40;90;300;2;500,0;SOMENTE_SCORES;False;VALIDACAO;19;0;0,0;6000,0;6000,0;0,0;0,0;0;0;0;0;40;90;300;2;500,0;SOMENTE_SCORES;False;False;0,0
515;1289;40;90;300;3;;SOMENTE_SCORES;False;TREINO;42;7;16,666666666666668;-19900,0;-15000,0;4900,0;116,66666666666667;5;1;1;0;40;90;300;3;;SOMENTE_SCORES;False;VALIDACAO;19;0;0,0;6000,0;6000,0;0,0;0,0;0;0;0;0;40;90;300;3;;SOMENTE_SCORES;False;False;0,0
516;1293;40;90;300;3;500,0;SOMENTE_SCORES;False;TREINO;42;7;16,666666666666668;-19900,0;-15000,0;4900,0;116,66666666666667;5;1;1;0;40;90;300;3;500,0;SOMENTE_SCORES;False;VALIDACAO;19;0;0,0;6000,0;6000,0;0,0;0,0;0;0;0;0;40;90;300;3;500,0;SOMENTE_SCORES;False;False;0,0
517;1297;40;90;300;5;;SOMENTE_SCORES;False;TREINO;42;7;16,666666666666668;-19900,0;-15000,0;4900,0;116,66666666666667;5;1;1;0;40;90;300;5;;SOMENTE_SCORES;False;VALIDACAO;19;0;0,0;6000,0;6000,0;0,0;0,0;0;0;0;0;40;90;300;5;;SOMENTE_SCORES;False;False;0,0
518;1301;40;90;300;5;500,0;SOMENTE_SCORES;False;TREINO;42;7;16,666666666666668;-19900,0;-15000,0;4900,0;116,66666666666667;5;1;1;0;40;90;300;5;500,0;SOMENTE_SCORES;False;VALIDACAO;19;0;0,0;6000,0;6000,0;0,0;0,0;0;0;0;0;40;90;300;5;500,0;SOMENTE_SCORES;False;False;0,0
519;1305;40;90;300;8;;SOMENTE_SCORES;False;TREINO;42;7;16,666666666666668;-19900,0;-15000,0;4900,0;116,66666666666667;5;1;1;0;40;90;300;8;;SOMENTE_SCORES;False;VALIDACAO;19;0;0,0;6000,0;6000,0;0,0;0,0;0;0;0;0;40;90;300;8;;SOMENTE_SCORES;False;False;0,0
520;1309;40;90;300;8;500,0;SOMENTE_SCORES;False;TREINO;42;7;16,666666666666668;-19900,0;-15000,0;4900,0;116,66666666666667;5;1;1;0;40;90;300;8;500,0;SOMENTE_SCORES;False;VALIDACAO;19;0;0,0;6000,0;6000,0;0,0;0,0;0;0;0;0;40;90;300;8;500,0;SOMENTE_SCORES;False;False;0,0
521;1793;50;90;300;2;;SOMENTE_SCORES;False;TREINO;42;7;16,666666666666668;-19900,0;-15000,0;4900,0;116,66666666666667;5;1;1;0;50;90;300;2;;SOMENTE_SCORES;False;VALIDACAO;19;0;0,0;6000,0;6000,0;0,0;0,0;0;0;0;0;50;90;300;2;;SOMENTE_SCORES;False;False;0,0
522;1797;50;90;300;2;500,0;SOMENTE_SCORES;False;TREINO;42;7;16,666666666666668;-19900,0;-15000,0;4900,0;116,66666666666667;5;1;1;0;50;90;300;2;500,0;SOMENTE_SCORES;False;VALIDACAO;19;0;0,0;6000,0;6000,0;0,0;0,0;0;0;0;0;50;90;300;2;500,0;SOMENTE_SCORES;False;False;0,0
523;1801;50;90;300;3;;SOMENTE_SCORES;False;TREINO;42;7;16,666666666666668;-19900,0;-15000,0;4900,0;116,66666666666667;5;1;1;0;50;90;300;3;;SOMENTE_SCORES;False;VALIDACAO;19;0;0,0;6000,0;6000,0;0,0;0,0;0;0;0;0;50;90;300;3;;SOMENTE_SCORES;False;False;0,0
524;1805;50;90;300;3;500,0;SOMENTE_SCORES;False;TREINO;42;7;16,666666666666668;-19900,0;-15000,0;4900,0;116,66666666666667;5;1;1;0;50;90;300;3;500,0;SOMENTE_SCORES;False;VALIDACAO;19;0;0,0;6000,0;6000,0;0,0;0,0;0;0;0;0;50;90;300;3;500,0;SOMENTE_SCORES;False;False;0,0
525;1809;50;90;300;5;;SOMENTE_SCORES;False;TREINO;42;7;16,666666666666668;-19900,0;-15000,0;4900,0;116,66666666666667;5;1;1;0;50;90;300;5;;SOMENTE_SCORES;False;VALIDACAO;19;0;0,0;6000,0;6000,0;0,0;0,0;0;0;0;0;50;90;300;5;;SOMENTE_SCORES;False;False;0,0
526;1813;50;90;300;5;500,0;SOMENTE_SCORES;False;TREINO;42;7;16,666666666666668;-19900,0;-15000,0;4900,0;116,66666666666667;5;1;1;0;50;90;300;5;500,0;SOMENTE_SCORES;False;VALIDACAO;19;0;0,0;6000,0;6000,0;0,0;0,0;0;0;0;0;50;90;300;5;500,0;SOMENTE_SCORES;False;False;0,0
527;1817;50;90;300;8;;SOMENTE_SCORES;False;TREINO;42;7;16,666666666666668;-19900,0;-15000,0;4900,0;116,66666666666667;5;1;1;0;50;90;300;8;;SOMENTE_SCORES;False;VALIDACAO;19;0;0,0;6000,0;6000,0;0,0;0,0;0;0;0;0;50;90;300;8;;SOMENTE_SCORES;False;False;0,0
528;1821;50;90;300;8;500,0;SOMENTE_SCORES;False;TREINO;42;7;16,666666666666668;-19900,0;-15000,0;4900,0;116,66666666666667;5;1;1;0;50;90;300;8;500,0;SOMENTE_SCORES;False;VALIDACAO;19;0;0,0;6000,0;6000,0;0,0;0,0;0;0;0;0;50;90;300;8;500,0;SOMENTE_SCORES;False;False;0,0
529;898;30;95;300;2;;SOMENTE_SCORES;True;TREINO;42;5;11,904761904761905;-19900,0;-15575,0;4325,0;102,97619047619048;4;1;0;0;30;95;300;2;;SOMENTE_SCORES;True;VALIDACAO;19;0;0,0;6000,0;6000,0;0,0;0,0;0;0;0;0;30;95;300;2;;SOMENTE_SCORES;True;False;0,0
530;902;30;95;300;2;500,0;SOMENTE_SCORES;True;TREINO;42;5;11,904761904761905;-19900,0;-15575,0;4325,0;102,97619047619048;4;1;0;0;30;95;300;2;500,0;SOMENTE_SCORES;True;VALIDACAO;19;0;0,0;6000,0;6000,0;0,0;0,0;0;0;0;0;30;95;300;2;500,0;SOMENTE_SCORES;True;False;0,0
531;906;30;95;300;3;;SOMENTE_SCORES;True;TREINO;42;5;11,904761904761905;-19900,0;-15575,0;4325,0;102,97619047619048;4;1;0;0;30;95;300;3;;SOMENTE_SCORES;True;VALIDACAO;19;0;0,0;6000,0;6000,0;0,0;0,0;0;0;0;0;30;95;300;3;;SOMENTE_SCORES;True;False;0,0
532;910;30;95;300;3;500,0;SOMENTE_SCORES;True;TREINO;42;5;11,904761904761905;-19900,0;-15575,0;4325,0;102,97619047619048;4;1;0;0;30;95;300;3;500,0;SOMENTE_SCORES;True;VALIDACAO;19;0;0,0;6000,0;6000,0;0,0;0,0;0;0;0;0;30;95;300;3;500,0;SOMENTE_SCORES;True;False;0,0
533;914;30;95;300;5;;SOMENTE_SCORES;True;TREINO;42;5;11,904761904761905;-19900,0;-15575,0;4325,0;102,97619047619048;4;1;0;0;30;95;300;5;;SOMENTE_SCORES;True;VALIDACAO;19;0;0,0;6000,0;6000,0;0,0;0,0;0;0;0;0;30;95;300;5;;SOMENTE_SCORES;True;False;0,0
534;918;30;95;300;5;500,0;SOMENTE_SCORES;True;TREINO;42;5;11,904761904761905;-19900,0;-15575,0;4325,0;102,97619047619048;4;1;0;0;30;95;300;5;500,0;SOMENTE_SCORES;True;VALIDACAO;19;0;0,0;6000,0;6000,0;0,0;0,0;0;0;0;0;30;95;300;5;500,0;SOMENTE_SCORES;True;False;0,0
535;922;30;95;300;8;;SOMENTE_SCORES;True;TREINO;42;5;11,904761904761905;-19900,0;-15575,0;4325,0;102,97619047619048;4;1;0;0;30;95;300;8;;SOMENTE_SCORES;True;VALIDACAO;19;0;0,0;6000,0;6000,0;0,0;0,0;0;0;0;0;30;95;300;8;;SOMENTE_SCORES;True;False;0,0
536;926;30;95;300;8;500,0;SOMENTE_SCORES;True;TREINO;42;5;11,904761904761905;-19900,0;-15575,0;4325,0;102,97619047619048;4;1;0;0;30;95;300;8;500,0;SOMENTE_SCORES;True;VALIDACAO;19;0;0,0;6000,0;6000,0;0,0;0,0;0;0;0;0;30;95;300;8;500,0;SOMENTE_SCORES;True;False;0,0
537;1410;40;95;300;2;;SOMENTE_SCORES;True;TREINO;42;5;11,904761904761905;-19900,0;-15575,0;4325,0;102,97619047619048;4;1;0;0;40;95;300;2;;SOMENTE_SCORES;True;VALIDACAO;19;0;0,0;6000,0;6000,0;0,0;0,0;0;0;0;0;40;95;300;2;;SOMENTE_SCORES;True;False;0,0
538;1414;40;95;300;2;500,0;SOMENTE_SCORES;True;TREINO;42;5;11,904761904761905;-19900,0;-15575,0;4325,0;102,97619047619048;4;1;0;0;40;95;300;2;500,0;SOMENTE_SCORES;True;VALIDACAO;19;0;0,0;6000,0;6000,0;0,0;0,0;0;0;0;0;40;95;300;2;500,0;SOMENTE_SCORES;True;False;0,0
539;1418;40;95;300;3;;SOMENTE_SCORES;True;TREINO;42;5;11,904761904761905;-19900,0;-15575,0;4325,0;102,97619047619048;4;1;0;0;40;95;300;3;;SOMENTE_SCORES;True;VALIDACAO;19;0;0,0;6000,0;6000,0;0,0;0,0;0;0;0;0;40;95;300;3;;SOMENTE_SCORES;True;False;0,0
540;1422;40;95;300;3;500,0;SOMENTE_SCORES;True;TREINO;42;5;11,904761904761905;-19900,0;-15575,0;4325,0;102,97619047619048;4;1;0;0;40;95;300;3;500,0;SOMENTE_SCORES;True;VALIDACAO;19;0;0,0;6000,0;6000,0;0,0;0,0;0;0;0;0;40;95;300;3;500,0;SOMENTE_SCORES;True;False;0,0
541;1426;40;95;300;5;;SOMENTE_SCORES;True;TREINO;42;5;11,904761904761905;-19900,0;-15575,0;4325,0;102,97619047619048;4;1;0;0;40;95;300;5;;SOMENTE_SCORES;True;VALIDACAO;19;0;0,0;6000,0;6000,0;0,0;0,0;0;0;0;0;40;95;300;5;;SOMENTE_SCORES;True;False;0,0
542;1430;40;95;300;5;500,0;SOMENTE_SCORES;True;TREINO;42;5;11,904761904761905;-19900,0;-15575,0;4325,0;102,97619047619048;4;1;0;0;40;95;300;5;500,0;SOMENTE_SCORES;True;VALIDACAO;19;0;0,0;6000,0;6000,0;0,0;0,0;0;0;0;0;40;95;300;5;500,0;SOMENTE_SCORES;True;False;0,0
543;1434;40;95;300;8;;SOMENTE_SCORES;True;TREINO;42;5;11,904761904761905;-19900,0;-15575,0;4325,0;102,97619047619048;4;1;0;0;40;95;300;8;;SOMENTE_SCORES;True;VALIDACAO;19;0;0,0;6000,0;6000,0;0,0;0,0;0;0;0;0;40;95;300;8;;SOMENTE_SCORES;True;False;0,0
544;1438;40;95;300;8;500,0;SOMENTE_SCORES;True;TREINO;42;5;11,904761904761905;-19900,0;-15575,0;4325,0;102,97619047619048;4;1;0;0;40;95;300;8;500,0;SOMENTE_SCORES;True;VALIDACAO;19;0;0,0;6000,0;6000,0;0,0;0,0;0;0;0;0;40;95;300;8;500,0;SOMENTE_SCORES;True;False;0,0
545;1922;50;95;300;2;;SOMENTE_SCORES;True;TREINO;42;5;11,904761904761905;-19900,0;-15575,0;4325,0;102,97619047619048;4;1;0;0;50;95;300;2;;SOMENTE_SCORES;True;VALIDACAO;19;0;0,0;6000,0;6000,0;0,0;0,0;0;0;0;0;50;95;300;2;;SOMENTE_SCORES;True;False;0,0
546;1926;50;95;300;2;500,0;SOMENTE_SCORES;True;TREINO;42;5;11,904761904761905;-19900,0;-15575,0;4325,0;102,97619047619048;4;1;0;0;50;95;300;2;500,0;SOMENTE_SCORES;True;VALIDACAO;19;0;0,0;6000,0;6000,0;0,0;0,0;0;0;0;0;50;95;300;2;500,0;SOMENTE_SCORES;True;False;0,0
547;1930;50;95;300;3;;SOMENTE_SCORES;True;TREINO;42;5;11,904761904761905;-19900,0;-15575,0;4325,0;102,97619047619048;4;1;0;0;50;95;300;3;;SOMENTE_SCORES;True;VALIDACAO;19;0;0,0;6000,0;6000,0;0,0;0,0;0;0;0;0;50;95;300;3;;SOMENTE_SCORES;True;False;0,0
548;1934;50;95;300;3;500,0;SOMENTE_SCORES;True;TREINO;42;5;11,904761904761905;-19900,0;-15575,0;4325,0;102,97619047619048;4;1;0;0;50;95;300;3;500,0;SOMENTE_SCORES;True;VALIDACAO;19;0;0,0;6000,0;6000,0;0,0;0,0;0;0;0;0;50;95;300;3;500,0;SOMENTE_SCORES;True;False;0,0
549;1938;50;95;300;5;;SOMENTE_SCORES;True;TREINO;42;5;11,904761904761905;-19900,0;-15575,0;4325,0;102,97619047619048;4;1;0;0;50;95;300;5;;SOMENTE_SCORES;True;VALIDACAO;19;0;0,0;6000,0;6000,0;0,0;0,0;0;0;0;0;50;95;300;5;;SOMENTE_SCORES;True;False;0,0
550;1942;50;95;300;5;500,0;SOMENTE_SCORES;True;TREINO;42;5;11,904761904761905;-19900,0;-15575,0;4325,0;102,97619047619048;4;1;0;0;50;95;300;5;500,0;SOMENTE_SCORES;True;VALIDACAO;19;0;0,0;6000,0;6000,0;0,0;0,0;0;0;0;0;50;95;300;5;500,0;SOMENTE_SCORES;True;False;0,0
551;1946;50;95;300;8;;SOMENTE_SCORES;True;TREINO;42;5;11,904761904761905;-19900,0;-15575,0;4325,0;102,97619047619048;4;1;0;0;50;95;300;8;;SOMENTE_SCORES;True;VALIDACAO;19;0;0,0;6000,0;6000,0;0,0;0,0;0;0;0;0;50;95;300;8;;SOMENTE_SCORES;True;False;0,0
552;1950;50;95;300;8;500,0;SOMENTE_SCORES;True;TREINO;42;5;11,904761904761905;-19900,0;-15575,0;4325,0;102,97619047619048;4;1;0;0;50;95;300;8;500,0;SOMENTE_SCORES;True;VALIDACAO;19;0;0,0;6000,0;6000,0;0,0;0,0;0;0;0;0;50;95;300;8;500,0;SOMENTE_SCORES;True;False;0,0
553;353;20;90;900;2;;SOMENTE_SCORES;False;TREINO;42;4;9,523809523809524;-19900,0;-15825,0;4075,0;97,02380952380952;4;0;0;0;20;90;900;2;;SOMENTE_SCORES;False;VALIDACAO;19;0;0,0;6000,0;6000,0;0,0;0,0;0;0;0;0;20;90;900;2;;SOMENTE_SCORES;False;False;0,0
554;355;20;90;900;2;;DELTA_E_SALDO_CONTRARIOS;False;TREINO;42;4;9,523809523809524;-19900,0;-15825,0;4075,0;97,02380952380952;4;0;0;0;20;90;900;2;;DELTA_E_SALDO_CONTRARIOS;False;VALIDACAO;19;0;0,0;6000,0;6000,0;0,0;0,0;0;0;0;0;20;90;900;2;;DELTA_E_SALDO_CONTRARIOS;False;False;0,0
555;357;20;90;900;2;500,0;SOMENTE_SCORES;False;TREINO;42;4;9,523809523809524;-19900,0;-15825,0;4075,0;97,02380952380952;4;0;0;0;20;90;900;2;500,0;SOMENTE_SCORES;False;VALIDACAO;19;0;0,0;6000,0;6000,0;0,0;0,0;0;0;0;0;20;90;900;2;500,0;SOMENTE_SCORES;False;False;0,0
556;359;20;90;900;2;500,0;DELTA_E_SALDO_CONTRARIOS;False;TREINO;42;4;9,523809523809524;-19900,0;-15825,0;4075,0;97,02380952380952;4;0;0;0;20;90;900;2;500,0;DELTA_E_SALDO_CONTRARIOS;False;VALIDACAO;19;0;0,0;6000,0;6000,0;0,0;0,0;0;0;0;0;20;90;900;2;500,0;DELTA_E_SALDO_CONTRARIOS;False;False;0,0
557;361;20;90;900;3;;SOMENTE_SCORES;False;TREINO;42;4;9,523809523809524;-19900,0;-15825,0;4075,0;97,02380952380952;4;0;0;0;20;90;900;3;;SOMENTE_SCORES;False;VALIDACAO;19;0;0,0;6000,0;6000,0;0,0;0,0;0;0;0;0;20;90;900;3;;SOMENTE_SCORES;False;False;0,0
558;363;20;90;900;3;;DELTA_E_SALDO_CONTRARIOS;False;TREINO;42;4;9,523809523809524;-19900,0;-15825,0;4075,0;97,02380952380952;4;0;0;0;20;90;900;3;;DELTA_E_SALDO_CONTRARIOS;False;VALIDACAO;19;0;0,0;6000,0;6000,0;0,0;0,0;0;0;0;0;20;90;900;3;;DELTA_E_SALDO_CONTRARIOS;False;False;0,0
559;365;20;90;900;3;500,0;SOMENTE_SCORES;False;TREINO;42;4;9,523809523809524;-19900,0;-15825,0;4075,0;97,02380952380952;4;0;0;0;20;90;900;3;500,0;SOMENTE_SCORES;False;VALIDACAO;19;0;0,0;6000,0;6000,0;0,0;0,0;0;0;0;0;20;90;900;3;500,0;SOMENTE_SCORES;False;False;0,0
560;367;20;90;900;3;500,0;DELTA_E_SALDO_CONTRARIOS;False;TREINO;42;4;9,523809523809524;-19900,0;-15825,0;4075,0;97,02380952380952;4;0;0;0;20;90;900;3;500,0;DELTA_E_SALDO_CONTRARIOS;False;VALIDACAO;19;0;0,0;6000,0;6000,0;0,0;0,0;0;0;0;0;20;90;900;3;500,0;DELTA_E_SALDO_CONTRARIOS;False;False;0,0
561;369;20;90;900;5;;SOMENTE_SCORES;False;TREINO;42;4;9,523809523809524;-19900,0;-15825,0;4075,0;97,02380952380952;4;0;0;0;20;90;900;5;;SOMENTE_SCORES;False;VALIDACAO;19;0;0,0;6000,0;6000,0;0,0;0,0;0;0;0;0;20;90;900;5;;SOMENTE_SCORES;False;False;0,0
562;371;20;90;900;5;;DELTA_E_SALDO_CONTRARIOS;False;TREINO;42;4;9,523809523809524;-19900,0;-15825,0;4075,0;97,02380952380952;4;0;0;0;20;90;900;5;;DELTA_E_SALDO_CONTRARIOS;False;VALIDACAO;19;0;0,0;6000,0;6000,0;0,0;0,0;0;0;0;0;20;90;900;5;;DELTA_E_SALDO_CONTRARIOS;False;False;0,0
563;373;20;90;900;5;500,0;SOMENTE_SCORES;False;TREINO;42;4;9,523809523809524;-19900,0;-15825,0;4075,0;97,02380952380952;4;0;0;0;20;90;900;5;500,0;SOMENTE_SCORES;False;VALIDACAO;19;0;0,0;6000,0;6000,0;0,0;0,0;0;0;0;0;20;90;900;5;500,0;SOMENTE_SCORES;False;False;0,0
564;375;20;90;900;5;500,0;DELTA_E_SALDO_CONTRARIOS;False;TREINO;42;4;9,523809523809524;-19900,0;-15825,0;4075,0;97,02380952380952;4;0;0;0;20;90;900;5;500,0;DELTA_E_SALDO_CONTRARIOS;False;VALIDACAO;19;0;0,0;6000,0;6000,0;0,0;0,0;0;0;0;0;20;90;900;5;500,0;DELTA_E_SALDO_CONTRARIOS;False;False;0,0
565;377;20;90;900;8;;SOMENTE_SCORES;False;TREINO;42;4;9,523809523809524;-19900,0;-15825,0;4075,0;97,02380952380952;4;0;0;0;20;90;900;8;;SOMENTE_SCORES;False;VALIDACAO;19;0;0,0;6000,0;6000,0;0,0;0,0;0;0;0;0;20;90;900;8;;SOMENTE_SCORES;False;False;0,0
566;379;20;90;900;8;;DELTA_E_SALDO_CONTRARIOS;False;TREINO;42;4;9,523809523809524;-19900,0;-15825,0;4075,0;97,02380952380952;4;0;0;0;20;90;900;8;;DELTA_E_SALDO_CONTRARIOS;False;VALIDACAO;19;0;0,0;6000,0;6000,0;0,0;0,0;0;0;0;0;20;90;900;8;;DELTA_E_SALDO_CONTRARIOS;False;False;0,0
567;381;20;90;900;8;500,0;SOMENTE_SCORES;False;TREINO;42;4;9,523809523809524;-19900,0;-15825,0;4075,0;97,02380952380952;4;0;0;0;20;90;900;8;500,0;SOMENTE_SCORES;False;VALIDACAO;19;0;0,0;6000,0;6000,0;0,0;0,0;0;0;0;0;20;90;900;8;500,0;SOMENTE_SCORES;False;False;0,0
568;383;20;90;900;8;500,0;DELTA_E_SALDO_CONTRARIOS;False;TREINO;42;4;9,523809523809524;-19900,0;-15825,0;4075,0;97,02380952380952;4;0;0;0;20;90;900;8;500,0;DELTA_E_SALDO_CONTRARIOS;False;VALIDACAO;19;0;0,0;6000,0;6000,0;0,0;0,0;0;0;0;0;20;90;900;8;500,0;DELTA_E_SALDO_CONTRARIOS;False;False;0,0
569;865;30;90;900;2;;SOMENTE_SCORES;False;TREINO;42;4;9,523809523809524;-19900,0;-15825,0;4075,0;97,02380952380952;4;0;0;0;30;90;900;2;;SOMENTE_SCORES;False;VALIDACAO;19;0;0,0;6000,0;6000,0;0,0;0,0;0;0;0;0;30;90;900;2;;SOMENTE_SCORES;False;False;0,0
570;867;30;90;900;2;;DELTA_E_SALDO_CONTRARIOS;False;TREINO;42;4;9,523809523809524;-19900,0;-15825,0;4075,0;97,02380952380952;4;0;0;0;30;90;900;2;;DELTA_E_SALDO_CONTRARIOS;False;VALIDACAO;19;0;0,0;6000,0;6000,0;0,0;0,0;0;0;0;0;30;90;900;2;;DELTA_E_SALDO_CONTRARIOS;False;False;0,0
571;869;30;90;900;2;500,0;SOMENTE_SCORES;False;TREINO;42;4;9,523809523809524;-19900,0;-15825,0;4075,0;97,02380952380952;4;0;0;0;30;90;900;2;500,0;SOMENTE_SCORES;False;VALIDACAO;19;0;0,0;6000,0;6000,0;0,0;0,0;0;0;0;0;30;90;900;2;500,0;SOMENTE_SCORES;False;False;0,0
572;871;30;90;900;2;500,0;DELTA_E_SALDO_CONTRARIOS;False;TREINO;42;4;9,523809523809524;-19900,0;-15825,0;4075,0;97,02380952380952;4;0;0;0;30;90;900;2;500,0;DELTA_E_SALDO_CONTRARIOS;False;VALIDACAO;19;0;0,0;6000,0;6000,0;0,0;0,0;0;0;0;0;30;90;900;2;500,0;DELTA_E_SALDO_CONTRARIOS;False;False;0,0
573;873;30;90;900;3;;SOMENTE_SCORES;False;TREINO;42;4;9,523809523809524;-19900,0;-15825,0;4075,0;97,02380952380952;4;0;0;0;30;90;900;3;;SOMENTE_SCORES;False;VALIDACAO;19;0;0,0;6000,0;6000,0;0,0;0,0;0;0;0;0;30;90;900;3;;SOMENTE_SCORES;False;False;0,0
574;875;30;90;900;3;;DELTA_E_SALDO_CONTRARIOS;False;TREINO;42;4;9,523809523809524;-19900,0;-15825,0;4075,0;97,02380952380952;4;0;0;0;30;90;900;3;;DELTA_E_SALDO_CONTRARIOS;False;VALIDACAO;19;0;0,0;6000,0;6000,0;0,0;0,0;0;0;0;0;30;90;900;3;;DELTA_E_SALDO_CONTRARIOS;False;False;0,0
575;877;30;90;900;3;500,0;SOMENTE_SCORES;False;TREINO;42;4;9,523809523809524;-19900,0;-15825,0;4075,0;97,02380952380952;4;0;0;0;30;90;900;3;500,0;SOMENTE_SCORES;False;VALIDACAO;19;0;0,0;6000,0;6000,0;0,0;0,0;0;0;0;0;30;90;900;3;500,0;SOMENTE_SCORES;False;False;0,0
576;879;30;90;900;3;500,0;DELTA_E_SALDO_CONTRARIOS;False;TREINO;42;4;9,523809523809524;-19900,0;-15825,0;4075,0;97,02380952380952;4;0;0;0;30;90;900;3;500,0;DELTA_E_SALDO_CONTRARIOS;False;VALIDACAO;19;0;0,0;6000,0;6000,0;0,0;0,0;0;0;0;0;30;90;900;3;500,0;DELTA_E_SALDO_CONTRARIOS;False;False;0,0
577;881;30;90;900;5;;SOMENTE_SCORES;False;TREINO;42;4;9,523809523809524;-19900,0;-15825,0;4075,0;97,02380952380952;4;0;0;0;30;90;900;5;;SOMENTE_SCORES;False;VALIDACAO;19;0;0,0;6000,0;6000,0;0,0;0,0;0;0;0;0;30;90;900;5;;SOMENTE_SCORES;False;False;0,0
578;883;30;90;900;5;;DELTA_E_SALDO_CONTRARIOS;False;TREINO;42;4;9,523809523809524;-19900,0;-15825,0;4075,0;97,02380952380952;4;0;0;0;30;90;900;5;;DELTA_E_SALDO_CONTRARIOS;False;VALIDACAO;19;0;0,0;6000,0;6000,0;0,0;0,0;0;0;0;0;30;90;900;5;;DELTA_E_SALDO_CONTRARIOS;False;False;0,0
579;885;30;90;900;5;500,0;SOMENTE_SCORES;False;TREINO;42;4;9,523809523809524;-19900,0;-15825,0;4075,0;97,02380952380952;4;0;0;0;30;90;900;5;500,0;SOMENTE_SCORES;False;VALIDACAO;19;0;0,0;6000,0;6000,0;0,0;0,0;0;0;0;0;30;90;900;5;500,0;SOMENTE_SCORES;False;False;0,0
580;887;30;90;900;5;500,0;DELTA_E_SALDO_CONTRARIOS;False;TREINO;42;4;9,523809523809524;-19900,0;-15825,0;4075,0;97,02380952380952;4;0;0;0;30;90;900;5;500,0;DELTA_E_SALDO_CONTRARIOS;False;VALIDACAO;19;0;0,0;6000,0;6000,0;0,0;0,0;0;0;0;0;30;90;900;5;500,0;DELTA_E_SALDO_CONTRARIOS;False;False;0,0
581;889;30;90;900;8;;SOMENTE_SCORES;False;TREINO;42;4;9,523809523809524;-19900,0;-15825,0;4075,0;97,02380952380952;4;0;0;0;30;90;900;8;;SOMENTE_SCORES;False;VALIDACAO;19;0;0,0;6000,0;6000,0;0,0;0,0;0;0;0;0;30;90;900;8;;SOMENTE_SCORES;False;False;0,0
582;891;30;90;900;8;;DELTA_E_SALDO_CONTRARIOS;False;TREINO;42;4;9,523809523809524;-19900,0;-15825,0;4075,0;97,02380952380952;4;0;0;0;30;90;900;8;;DELTA_E_SALDO_CONTRARIOS;False;VALIDACAO;19;0;0,0;6000,0;6000,0;0,0;0,0;0;0;0;0;30;90;900;8;;DELTA_E_SALDO_CONTRARIOS;False;False;0,0
583;893;30;90;900;8;500,0;SOMENTE_SCORES;False;TREINO;42;4;9,523809523809524;-19900,0;-15825,0;4075,0;97,02380952380952;4;0;0;0;30;90;900;8;500,0;SOMENTE_SCORES;False;VALIDACAO;19;0;0,0;6000,0;6000,0;0,0;0,0;0;0;0;0;30;90;900;8;500,0;SOMENTE_SCORES;False;False;0,0
584;895;30;90;900;8;500,0;DELTA_E_SALDO_CONTRARIOS;False;TREINO;42;4;9,523809523809524;-19900,0;-15825,0;4075,0;97,02380952380952;4;0;0;0;30;90;900;8;500,0;DELTA_E_SALDO_CONTRARIOS;False;VALIDACAO;19;0;0,0;6000,0;6000,0;0,0;0,0;0;0;0;0;30;90;900;8;500,0;DELTA_E_SALDO_CONTRARIOS;False;False;0,0
585;1377;40;90;900;2;;SOMENTE_SCORES;False;TREINO;42;4;9,523809523809524;-19900,0;-15825,0;4075,0;97,02380952380952;4;0;0;0;40;90;900;2;;SOMENTE_SCORES;False;VALIDACAO;19;0;0,0;6000,0;6000,0;0,0;0,0;0;0;0;0;40;90;900;2;;SOMENTE_SCORES;False;False;0,0
586;1379;40;90;900;2;;DELTA_E_SALDO_CONTRARIOS;False;TREINO;42;4;9,523809523809524;-19900,0;-15825,0;4075,0;97,02380952380952;4;0;0;0;40;90;900;2;;DELTA_E_SALDO_CONTRARIOS;False;VALIDACAO;19;0;0,0;6000,0;6000,0;0,0;0,0;0;0;0;0;40;90;900;2;;DELTA_E_SALDO_CONTRARIOS;False;False;0,0
587;1381;40;90;900;2;500,0;SOMENTE_SCORES;False;TREINO;42;4;9,523809523809524;-19900,0;-15825,0;4075,0;97,02380952380952;4;0;0;0;40;90;900;2;500,0;SOMENTE_SCORES;False;VALIDACAO;19;0;0,0;6000,0;6000,0;0,0;0,0;0;0;0;0;40;90;900;2;500,0;SOMENTE_SCORES;False;False;0,0
588;1383;40;90;900;2;500,0;DELTA_E_SALDO_CONTRARIOS;False;TREINO;42;4;9,523809523809524;-19900,0;-15825,0;4075,0;97,02380952380952;4;0;0;0;40;90;900;2;500,0;DELTA_E_SALDO_CONTRARIOS;False;VALIDACAO;19;0;0,0;6000,0;6000,0;0,0;0,0;0;0;0;0;40;90;900;2;500,0;DELTA_E_SALDO_CONTRARIOS;False;False;0,0
589;1385;40;90;900;3;;SOMENTE_SCORES;False;TREINO;42;4;9,523809523809524;-19900,0;-15825,0;4075,0;97,02380952380952;4;0;0;0;40;90;900;3;;SOMENTE_SCORES;False;VALIDACAO;19;0;0,0;6000,0;6000,0;0,0;0,0;0;0;0;0;40;90;900;3;;SOMENTE_SCORES;False;False;0,0
590;1387;40;90;900;3;;DELTA_E_SALDO_CONTRARIOS;False;TREINO;42;4;9,523809523809524;-19900,0;-15825,0;4075,0;97,02380952380952;4;0;0;0;40;90;900;3;;DELTA_E_SALDO_CONTRARIOS;False;VALIDACAO;19;0;0,0;6000,0;6000,0;0,0;0,0;0;0;0;0;40;90;900;3;;DELTA_E_SALDO_CONTRARIOS;False;False;0,0
591;1389;40;90;900;3;500,0;SOMENTE_SCORES;False;TREINO;42;4;9,523809523809524;-19900,0;-15825,0;4075,0;97,02380952380952;4;0;0;0;40;90;900;3;500,0;SOMENTE_SCORES;False;VALIDACAO;19;0;0,0;6000,0;6000,0;0,0;0,0;0;0;0;0;40;90;900;3;500,0;SOMENTE_SCORES;False;False;0,0
592;1391;40;90;900;3;500,0;DELTA_E_SALDO_CONTRARIOS;False;TREINO;42;4;9,523809523809524;-19900,0;-15825,0;4075,0;97,02380952380952;4;0;0;0;40;90;900;3;500,0;DELTA_E_SALDO_CONTRARIOS;False;VALIDACAO;19;0;0,0;6000,0;6000,0;0,0;0,0;0;0;0;0;40;90;900;3;500,0;DELTA_E_SALDO_CONTRARIOS;False;False;0,0
593;1393;40;90;900;5;;SOMENTE_SCORES;False;TREINO;42;4;9,523809523809524;-19900,0;-15825,0;4075,0;97,02380952380952;4;0;0;0;40;90;900;5;;SOMENTE_SCORES;False;VALIDACAO;19;0;0,0;6000,0;6000,0;0,0;0,0;0;0;0;0;40;90;900;5;;SOMENTE_SCORES;False;False;0,0
594;1395;40;90;900;5;;DELTA_E_SALDO_CONTRARIOS;False;TREINO;42;4;9,523809523809524;-19900,0;-15825,0;4075,0;97,02380952380952;4;0;0;0;40;90;900;5;;DELTA_E_SALDO_CONTRARIOS;False;VALIDACAO;19;0;0,0;6000,0;6000,0;0,0;0,0;0;0;0;0;40;90;900;5;;DELTA_E_SALDO_CONTRARIOS;False;False;0,0
595;1397;40;90;900;5;500,0;SOMENTE_SCORES;False;TREINO;42;4;9,523809523809524;-19900,0;-15825,0;4075,0;97,02380952380952;4;0;0;0;40;90;900;5;500,0;SOMENTE_SCORES;False;VALIDACAO;19;0;0,0;6000,0;6000,0;0,0;0,0;0;0;0;0;40;90;900;5;500,0;SOMENTE_SCORES;False;False;0,0
596;1399;40;90;900;5;500,0;DELTA_E_SALDO_CONTRARIOS;False;TREINO;42;4;9,523809523809524;-19900,0;-15825,0;4075,0;97,02380952380952;4;0;0;0;40;90;900;5;500,0;DELTA_E_SALDO_CONTRARIOS;False;VALIDACAO;19;0;0,0;6000,0;6000,0;0,0;0,0;0;0;0;0;40;90;900;5;500,0;DELTA_E_SALDO_CONTRARIOS;False;False;0,0
597;1401;40;90;900;8;;SOMENTE_SCORES;False;TREINO;42;4;9,523809523809524;-19900,0;-15825,0;4075,0;97,02380952380952;4;0;0;0;40;90;900;8;;SOMENTE_SCORES;False;VALIDACAO;19;0;0,0;6000,0;6000,0;0,0;0,0;0;0;0;0;40;90;900;8;;SOMENTE_SCORES;False;False;0,0
598;1403;40;90;900;8;;DELTA_E_SALDO_CONTRARIOS;False;TREINO;42;4;9,523809523809524;-19900,0;-15825,0;4075,0;97,02380952380952;4;0;0;0;40;90;900;8;;DELTA_E_SALDO_CONTRARIOS;False;VALIDACAO;19;0;0,0;6000,0;6000,0;0,0;0,0;0;0;0;0;40;90;900;8;;DELTA_E_SALDO_CONTRARIOS;False;False;0,0
599;1405;40;90;900;8;500,0;SOMENTE_SCORES;False;TREINO;42;4;9,523809523809524;-19900,0;-15825,0;4075,0;97,02380952380952;4;0;0;0;40;90;900;8;500,0;SOMENTE_SCORES;False;VALIDACAO;19;0;0,0;6000,0;6000,0;0,0;0,0;0;0;0;0;40;90;900;8;500,0;SOMENTE_SCORES;False;False;0,0
600;1407;40;90;900;8;500,0;DELTA_E_SALDO_CONTRARIOS;False;TREINO;42;4;9,523809523809524;-19900,0;-15825,0;4075,0;97,02380952380952;4;0;0;0;40;90;900;8;500,0;DELTA_E_SALDO_CONTRARIOS;False;VALIDACAO;19;0;0,0;6000,0;6000,0;0,0;0,0;0;0;0;0;40;90;900;8;500,0;DELTA_E_SALDO_CONTRARIOS;False;False;0,0
601;1889;50;90;900;2;;SOMENTE_SCORES;False;TREINO;42;4;9,523809523809524;-19900,0;-15825,0;4075,0;97,02380952380952;4;0;0;0;50;90;900;2;;SOMENTE_SCORES;False;VALIDACAO;19;0;0,0;6000,0;6000,0;0,0;0,0;0;0;0;0;50;90;900;2;;SOMENTE_SCORES;False;False;0,0
602;1891;50;90;900;2;;DELTA_E_SALDO_CONTRARIOS;False;TREINO;42;4;9,523809523809524;-19900,0;-15825,0;4075,0;97,02380952380952;4;0;0;0;50;90;900;2;;DELTA_E_SALDO_CONTRARIOS;False;VALIDACAO;19;0;0,0;6000,0;6000,0;0,0;0,0;0;0;0;0;50;90;900;2;;DELTA_E_SALDO_CONTRARIOS;False;False;0,0
603;1893;50;90;900;2;500,0;SOMENTE_SCORES;False;TREINO;42;4;9,523809523809524;-19900,0;-15825,0;4075,0;97,02380952380952;4;0;0;0;50;90;900;2;500,0;SOMENTE_SCORES;False;VALIDACAO;19;0;0,0;6000,0;6000,0;0,0;0,0;0;0;0;0;50;90;900;2;500,0;SOMENTE_SCORES;False;False;0,0
604;1895;50;90;900;2;500,0;DELTA_E_SALDO_CONTRARIOS;False;TREINO;42;4;9,523809523809524;-19900,0;-15825,0;4075,0;97,02380952380952;4;0;0;0;50;90;900;2;500,0;DELTA_E_SALDO_CONTRARIOS;False;VALIDACAO;19;0;0,0;6000,0;6000,0;0,0;0,0;0;0;0;0;50;90;900;2;500,0;DELTA_E_SALDO_CONTRARIOS;False;False;0,0
605;1897;50;90;900;3;;SOMENTE_SCORES;False;TREINO;42;4;9,523809523809524;-19900,0;-15825,0;4075,0;97,02380952380952;4;0;0;0;50;90;900;3;;SOMENTE_SCORES;False;VALIDACAO;19;0;0,0;6000,0;6000,0;0,0;0,0;0;0;0;0;50;90;900;3;;SOMENTE_SCORES;False;False;0,0
606;1899;50;90;900;3;;DELTA_E_SALDO_CONTRARIOS;False;TREINO;42;4;9,523809523809524;-19900,0;-15825,0;4075,0;97,02380952380952;4;0;0;0;50;90;900;3;;DELTA_E_SALDO_CONTRARIOS;False;VALIDACAO;19;0;0,0;6000,0;6000,0;0,0;0,0;0;0;0;0;50;90;900;3;;DELTA_E_SALDO_CONTRARIOS;False;False;0,0
607;1901;50;90;900;3;500,0;SOMENTE_SCORES;False;TREINO;42;4;9,523809523809524;-19900,0;-15825,0;4075,0;97,02380952380952;4;0;0;0;50;90;900;3;500,0;SOMENTE_SCORES;False;VALIDACAO;19;0;0,0;6000,0;6000,0;0,0;0,0;0;0;0;0;50;90;900;3;500,0;SOMENTE_SCORES;False;False;0,0
608;1903;50;90;900;3;500,0;DELTA_E_SALDO_CONTRARIOS;False;TREINO;42;4;9,523809523809524;-19900,0;-15825,0;4075,0;97,02380952380952;4;0;0;0;50;90;900;3;500,0;DELTA_E_SALDO_CONTRARIOS;False;VALIDACAO;19;0;0,0;6000,0;6000,0;0,0;0,0;0;0;0;0;50;90;900;3;500,0;DELTA_E_SALDO_CONTRARIOS;False;False;0,0
609;1905;50;90;900;5;;SOMENTE_SCORES;False;TREINO;42;4;9,523809523809524;-19900,0;-15825,0;4075,0;97,02380952380952;4;0;0;0;50;90;900;5;;SOMENTE_SCORES;False;VALIDACAO;19;0;0,0;6000,0;6000,0;0,0;0,0;0;0;0;0;50;90;900;5;;SOMENTE_SCORES;False;False;0,0
610;1907;50;90;900;5;;DELTA_E_SALDO_CONTRARIOS;False;TREINO;42;4;9,523809523809524;-19900,0;-15825,0;4075,0;97,02380952380952;4;0;0;0;50;90;900;5;;DELTA_E_SALDO_CONTRARIOS;False;VALIDACAO;19;0;0,0;6000,0;6000,0;0,0;0,0;0;0;0;0;50;90;900;5;;DELTA_E_SALDO_CONTRARIOS;False;False;0,0
611;1909;50;90;900;5;500,0;SOMENTE_SCORES;False;TREINO;42;4;9,523809523809524;-19900,0;-15825,0;4075,0;97,02380952380952;4;0;0;0;50;90;900;5;500,0;SOMENTE_SCORES;False;VALIDACAO;19;0;0,0;6000,0;6000,0;0,0;0,0;0;0;0;0;50;90;900;5;500,0;SOMENTE_SCORES;False;False;0,0
612;1911;50;90;900;5;500,0;DELTA_E_SALDO_CONTRARIOS;False;TREINO;42;4;9,523809523809524;-19900,0;-15825,0;4075,0;97,02380952380952;4;0;0;0;50;90;900;5;500,0;DELTA_E_SALDO_CONTRARIOS;False;VALIDACAO;19;0;0,0;6000,0;6000,0;0,0;0,0;0;0;0;0;50;90;900;5;500,0;DELTA_E_SALDO_CONTRARIOS;False;False;0,0
613;1913;50;90;900;8;;SOMENTE_SCORES;False;TREINO;42;4;9,523809523809524;-19900,0;-15825,0;4075,0;97,02380952380952;4;0;0;0;50;90;900;8;;SOMENTE_SCORES;False;VALIDACAO;19;0;0,0;6000,0;6000,0;0,0;0,0;0;0;0;0;50;90;900;8;;SOMENTE_SCORES;False;False;0,0
614;1915;50;90;900;8;;DELTA_E_SALDO_CONTRARIOS;False;TREINO;42;4;9,523809523809524;-19900,0;-15825,0;4075,0;97,02380952380952;4;0;0;0;50;90;900;8;;DELTA_E_SALDO_CONTRARIOS;False;VALIDACAO;19;0;0,0;6000,0;6000,0;0,0;0,0;0;0;0;0;50;90;900;8;;DELTA_E_SALDO_CONTRARIOS;False;False;0,0
615;1917;50;90;900;8;500,0;SOMENTE_SCORES;False;TREINO;42;4;9,523809523809524;-19900,0;-15825,0;4075,0;97,02380952380952;4;0;0;0;50;90;900;8;500,0;SOMENTE_SCORES;False;VALIDACAO;19;0;0,0;6000,0;6000,0;0,0;0,0;0;0;0;0;50;90;900;8;500,0;SOMENTE_SCORES;False;False;0,0
616;1919;50;90;900;8;500,0;DELTA_E_SALDO_CONTRARIOS;False;TREINO;42;4;9,523809523809524;-19900,0;-15825,0;4075,0;97,02380952380952;4;0;0;0;50;90;900;8;500,0;DELTA_E_SALDO_CONTRARIOS;False;VALIDACAO;19;0;0,0;6000,0;6000,0;0,0;0,0;0;0;0;0;50;90;900;8;500,0;DELTA_E_SALDO_CONTRARIOS;False;False;0,0
617;770;30;90;300;2;;SOMENTE_SCORES;True;TREINO;42;6;14,285714285714286;-19900,0;-16300,0;3600,0;85,71428571428571;4;1;1;0;30;90;300;2;;SOMENTE_SCORES;True;VALIDACAO;19;0;0,0;6000,0;6000,0;0,0;0,0;0;0;0;0;30;90;300;2;;SOMENTE_SCORES;True;False;0,0
618;774;30;90;300;2;500,0;SOMENTE_SCORES;True;TREINO;42;6;14,285714285714286;-19900,0;-16300,0;3600,0;85,71428571428571;4;1;1;0;30;90;300;2;500,0;SOMENTE_SCORES;True;VALIDACAO;19;0;0,0;6000,0;6000,0;0,0;0,0;0;0;0;0;30;90;300;2;500,0;SOMENTE_SCORES;True;False;0,0
619;778;30;90;300;3;;SOMENTE_SCORES;True;TREINO;42;6;14,285714285714286;-19900,0;-16300,0;3600,0;85,71428571428571;4;1;1;0;30;90;300;3;;SOMENTE_SCORES;True;VALIDACAO;19;0;0,0;6000,0;6000,0;0,0;0,0;0;0;0;0;30;90;300;3;;SOMENTE_SCORES;True;False;0,0
620;782;30;90;300;3;500,0;SOMENTE_SCORES;True;TREINO;42;6;14,285714285714286;-19900,0;-16300,0;3600,0;85,71428571428571;4;1;1;0;30;90;300;3;500,0;SOMENTE_SCORES;True;VALIDACAO;19;0;0,0;6000,0;6000,0;0,0;0,0;0;0;0;0;30;90;300;3;500,0;SOMENTE_SCORES;True;False;0,0
621;786;30;90;300;5;;SOMENTE_SCORES;True;TREINO;42;6;14,285714285714286;-19900,0;-16300,0;3600,0;85,71428571428571;4;1;1;0;30;90;300;5;;SOMENTE_SCORES;True;VALIDACAO;19;0;0,0;6000,0;6000,0;0,0;0,0;0;0;0;0;30;90;300;5;;SOMENTE_SCORES;True;False;0,0
622;790;30;90;300;5;500,0;SOMENTE_SCORES;True;TREINO;42;6;14,285714285714286;-19900,0;-16300,0;3600,0;85,71428571428571;4;1;1;0;30;90;300;5;500,0;SOMENTE_SCORES;True;VALIDACAO;19;0;0,0;6000,0;6000,0;0,0;0,0;0;0;0;0;30;90;300;5;500,0;SOMENTE_SCORES;True;False;0,0
623;794;30;90;300;8;;SOMENTE_SCORES;True;TREINO;42;6;14,285714285714286;-19900,0;-16300,0;3600,0;85,71428571428571;4;1;1;0;30;90;300;8;;SOMENTE_SCORES;True;VALIDACAO;19;0;0,0;6000,0;6000,0;0,0;0,0;0;0;0;0;30;90;300;8;;SOMENTE_SCORES;True;False;0,0
624;798;30;90;300;8;500,0;SOMENTE_SCORES;True;TREINO;42;6;14,285714285714286;-19900,0;-16300,0;3600,0;85,71428571428571;4;1;1;0;30;90;300;8;500,0;SOMENTE_SCORES;True;VALIDACAO;19;0;0,0;6000,0;6000,0;0,0;0,0;0;0;0;0;30;90;300;8;500,0;SOMENTE_SCORES;True;False;0,0
625;1282;40;90;300;2;;SOMENTE_SCORES;True;TREINO;42;6;14,285714285714286;-19900,0;-16300,0;3600,0;85,71428571428571;4;1;1;0;40;90;300;2;;SOMENTE_SCORES;True;VALIDACAO;19;0;0,0;6000,0;6000,0;0,0;0,0;0;0;0;0;40;90;300;2;;SOMENTE_SCORES;True;False;0,0
626;1286;40;90;300;2;500,0;SOMENTE_SCORES;True;TREINO;42;6;14,285714285714286;-19900,0;-16300,0;3600,0;85,71428571428571;4;1;1;0;40;90;300;2;500,0;SOMENTE_SCORES;True;VALIDACAO;19;0;0,0;6000,0;6000,0;0,0;0,0;0;0;0;0;40;90;300;2;500,0;SOMENTE_SCORES;True;False;0,0
627;1290;40;90;300;3;;SOMENTE_SCORES;True;TREINO;42;6;14,285714285714286;-19900,0;-16300,0;3600,0;85,71428571428571;4;1;1;0;40;90;300;3;;SOMENTE_SCORES;True;VALIDACAO;19;0;0,0;6000,0;6000,0;0,0;0,0;0;0;0;0;40;90;300;3;;SOMENTE_SCORES;True;False;0,0
628;1294;40;90;300;3;500,0;SOMENTE_SCORES;True;TREINO;42;6;14,285714285714286;-19900,0;-16300,0;3600,0;85,71428571428571;4;1;1;0;40;90;300;3;500,0;SOMENTE_SCORES;True;VALIDACAO;19;0;0,0;6000,0;6000,0;0,0;0,0;0;0;0;0;40;90;300;3;500,0;SOMENTE_SCORES;True;False;0,0
629;1298;40;90;300;5;;SOMENTE_SCORES;True;TREINO;42;6;14,285714285714286;-19900,0;-16300,0;3600,0;85,71428571428571;4;1;1;0;40;90;300;5;;SOMENTE_SCORES;True;VALIDACAO;19;0;0,0;6000,0;6000,0;0,0;0,0;0;0;0;0;40;90;300;5;;SOMENTE_SCORES;True;False;0,0
630;1302;40;90;300;5;500,0;SOMENTE_SCORES;True;TREINO;42;6;14,285714285714286;-19900,0;-16300,0;3600,0;85,71428571428571;4;1;1;0;40;90;300;5;500,0;SOMENTE_SCORES;True;VALIDACAO;19;0;0,0;6000,0;6000,0;0,0;0,0;0;0;0;0;40;90;300;5;500,0;SOMENTE_SCORES;True;False;0,0
631;1306;40;90;300;8;;SOMENTE_SCORES;True;TREINO;42;6;14,285714285714286;-19900,0;-16300,0;3600,0;85,71428571428571;4;1;1;0;40;90;300;8;;SOMENTE_SCORES;True;VALIDACAO;19;0;0,0;6000,0;6000,0;0,0;0,0;0;0;0;0;40;90;300;8;;SOMENTE_SCORES;True;False;0,0
632;1310;40;90;300;8;500,0;SOMENTE_SCORES;True;TREINO;42;6;14,285714285714286;-19900,0;-16300,0;3600,0;85,71428571428571;4;1;1;0;40;90;300;8;500,0;SOMENTE_SCORES;True;VALIDACAO;19;0;0,0;6000,0;6000,0;0,0;0,0;0;0;0;0;40;90;300;8;500,0;SOMENTE_SCORES;True;False;0,0
633;1794;50;90;300;2;;SOMENTE_SCORES;True;TREINO;42;6;14,285714285714286;-19900,0;-16300,0;3600,0;85,71428571428571;4;1;1;0;50;90;300;2;;SOMENTE_SCORES;True;VALIDACAO;19;0;0,0;6000,0;6000,0;0,0;0,0;0;0;0;0;50;90;300;2;;SOMENTE_SCORES;True;False;0,0
634;1798;50;90;300;2;500,0;SOMENTE_SCORES;True;TREINO;42;6;14,285714285714286;-19900,0;-16300,0;3600,0;85,71428571428571;4;1;1;0;50;90;300;2;500,0;SOMENTE_SCORES;True;VALIDACAO;19;0;0,0;6000,0;6000,0;0,0;0,0;0;0;0;0;50;90;300;2;500,0;SOMENTE_SCORES;True;False;0,0
635;1802;50;90;300;3;;SOMENTE_SCORES;True;TREINO;42;6;14,285714285714286;-19900,0;-16300,0;3600,0;85,71428571428571;4;1;1;0;50;90;300;3;;SOMENTE_SCORES;True;VALIDACAO;19;0;0,0;6000,0;6000,0;0,0;0,0;0;0;0;0;50;90;300;3;;SOMENTE_SCORES;True;False;0,0
636;1806;50;90;300;3;500,0;SOMENTE_SCORES;True;TREINO;42;6;14,285714285714286;-19900,0;-16300,0;3600,0;85,71428571428571;4;1;1;0;50;90;300;3;500,0;SOMENTE_SCORES;True;VALIDACAO;19;0;0,0;6000,0;6000,0;0,0;0,0;0;0;0;0;50;90;300;3;500,0;SOMENTE_SCORES;True;False;0,0
637;1810;50;90;300;5;;SOMENTE_SCORES;True;TREINO;42;6;14,285714285714286;-19900,0;-16300,0;3600,0;85,71428571428571;4;1;1;0;50;90;300;5;;SOMENTE_SCORES;True;VALIDACAO;19;0;0,0;6000,0;6000,0;0,0;0,0;0;0;0;0;50;90;300;5;;SOMENTE_SCORES;True;False;0,0
638;1814;50;90;300;5;500,0;SOMENTE_SCORES;True;TREINO;42;6;14,285714285714286;-19900,0;-16300,0;3600,0;85,71428571428571;4;1;1;0;50;90;300;5;500,0;SOMENTE_SCORES;True;VALIDACAO;19;0;0,0;6000,0;6000,0;0,0;0,0;0;0;0;0;50;90;300;5;500,0;SOMENTE_SCORES;True;False;0,0
639;1818;50;90;300;8;;SOMENTE_SCORES;True;TREINO;42;6;14,285714285714286;-19900,0;-16300,0;3600,0;85,71428571428571;4;1;1;0;50;90;300;8;;SOMENTE_SCORES;True;VALIDACAO;19;0;0,0;6000,0;6000,0;0,0;0,0;0;0;0;0;50;90;300;8;;SOMENTE_SCORES;True;False;0,0
640;1822;50;90;300;8;500,0;SOMENTE_SCORES;True;TREINO;42;6;14,285714285714286;-19900,0;-16300,0;3600,0;85,71428571428571;4;1;1;0;50;90;300;8;500,0;SOMENTE_SCORES;True;VALIDACAO;19;0;0,0;6000,0;6000,0;0,0;0,0;0;0;0;0;50;90;300;8;500,0;SOMENTE_SCORES;True;False;0,0
641;543;30;70;300;8;500,0;DELTA_E_SALDO_CONTRARIOS;False;TREINO;42;12;28,571428571428573;-19900,0;-13775,0;6125,0;145,83333333333334;8;2;1;0;30;70;300;8;500,0;DELTA_E_SALDO_CONTRARIOS;False;VALIDACAO;19;3;15,789473684210526;6000,0;5525,0;-475,0;-25,0;2;1;0;0;30;70;300;8;500,0;DELTA_E_SALDO_CONTRARIOS;False;False;-475,0
642;519;30;70;300;2;500,0;DELTA_E_SALDO_CONTRARIOS;False;TREINO;42;13;30,952380952380953;-19900,0;-16250,0;3650,0;86,9047619047619;8;3;1;0;30;70;300;2;500,0;DELTA_E_SALDO_CONTRARIOS;False;VALIDACAO;19;3;15,789473684210526;6000,0;5525,0;-475,0;-25,0;2;1;0;0;30;70;300;2;500,0;DELTA_E_SALDO_CONTRARIOS;False;False;-475,0
643;527;30;70;300;3;500,0;DELTA_E_SALDO_CONTRARIOS;False;TREINO;42;13;30,952380952380953;-19900,0;-16250,0;3650,0;86,9047619047619;8;3;1;0;30;70;300;3;500,0;DELTA_E_SALDO_CONTRARIOS;False;VALIDACAO;19;3;15,789473684210526;6000,0;5525,0;-475,0;-25,0;2;1;0;0;30;70;300;3;500,0;DELTA_E_SALDO_CONTRARIOS;False;False;-475,0
644;535;30;70;300;5;500,0;DELTA_E_SALDO_CONTRARIOS;False;TREINO;42;13;30,952380952380953;-19900,0;-16325,0;3575,0;85,11904761904762;8;3;1;0;30;70;300;5;500,0;DELTA_E_SALDO_CONTRARIOS;False;VALIDACAO;19;3;15,789473684210526;6000,0;5525,0;-475,0;-25,0;2;1;0;0;30;70;300;5;500,0;DELTA_E_SALDO_CONTRARIOS;False;False;-475,0
645;575;30;70;500;8;500,0;DELTA_E_SALDO_CONTRARIOS;False;TREINO;42;12;28,571428571428573;-19900,0;-16475,0;3425,0;81,54761904761905;8;2;1;0;30;70;500;8;500,0;DELTA_E_SALDO_CONTRARIOS;False;VALIDACAO;19;3;15,789473684210526;6000,0;5525,0;-475,0;-25,0;2;1;0;0;30;70;500;8;500,0;DELTA_E_SALDO_CONTRARIOS;False;False;-475,0
646;551;30;70;500;2;500,0;DELTA_E_SALDO_CONTRARIOS;False;TREINO;42;13;30,952380952380953;-19900,0;-18950,0;950,0;22,61904761904762;8;3;1;0;30;70;500;2;500,0;DELTA_E_SALDO_CONTRARIOS;False;VALIDACAO;19;3;15,789473684210526;6000,0;5525,0;-475,0;-25,0;2;1;0;0;30;70;500;2;500,0;DELTA_E_SALDO_CONTRARIOS;False;False;-475,0
647;559;30;70;500;3;500,0;DELTA_E_SALDO_CONTRARIOS;False;TREINO;42;13;30,952380952380953;-19900,0;-18950,0;950,0;22,61904761904762;8;3;1;0;30;70;500;3;500,0;DELTA_E_SALDO_CONTRARIOS;False;VALIDACAO;19;3;15,789473684210526;6000,0;5525,0;-475,0;-25,0;2;1;0;0;30;70;500;3;500,0;DELTA_E_SALDO_CONTRARIOS;False;False;-475,0
648;567;30;70;500;5;500,0;DELTA_E_SALDO_CONTRARIOS;False;TREINO;42;13;30,952380952380953;-19900,0;-19025,0;875,0;20,833333333333332;8;3;1;0;30;70;500;5;500,0;DELTA_E_SALDO_CONTRARIOS;False;VALIDACAO;19;3;15,789473684210526;6000,0;5525,0;-475,0;-25,0;2;1;0;0;30;70;500;5;500,0;DELTA_E_SALDO_CONTRARIOS;False;False;-475,0
649;514;30;70;300;2;;SOMENTE_SCORES;True;TREINO;42;9;21,428571428571427;-19900,0;-12775,0;7125,0;169,64285714285714;7;1;1;0;30;70;300;2;;SOMENTE_SCORES;True;VALIDACAO;19;2;10,526315789473685;6000,0;4250,0;-1750,0;-92,10526315789474;1;1;0;0;30;70;300;2;;SOMENTE_SCORES;True;False;-1750,0
650;522;30;70;300;3;;SOMENTE_SCORES;True;TREINO;42;9;21,428571428571427;-19900,0;-12775,0;7125,0;169,64285714285714;7;1;1;0;30;70;300;3;;SOMENTE_SCORES;True;VALIDACAO;19;2;10,526315789473685;6000,0;4250,0;-1750,0;-92,10526315789474;1;1;0;0;30;70;300;3;;SOMENTE_SCORES;True;False;-1750,0
651;530;30;70;300;5;;SOMENTE_SCORES;True;TREINO;42;9;21,428571428571427;-19900,0;-12775,0;7125,0;169,64285714285714;7;1;1;0;30;70;300;5;;SOMENTE_SCORES;True;VALIDACAO;19;2;10,526315789473685;6000,0;4250,0;-1750,0;-92,10526315789474;1;1;0;0;30;70;300;5;;SOMENTE_SCORES;True;False;-1750,0
652;538;30;70;300;8;;SOMENTE_SCORES;True;TREINO;42;9;21,428571428571427;-19900,0;-12775,0;7125,0;169,64285714285714;7;1;1;0;30;70;300;8;;SOMENTE_SCORES;True;VALIDACAO;19;2;10,526315789473685;6000,0;4250,0;-1750,0;-92,10526315789474;1;1;0;0;30;70;300;8;;SOMENTE_SCORES;True;False;-1750,0
653;1026;40;70;300;2;;SOMENTE_SCORES;True;TREINO;42;9;21,428571428571427;-19900,0;-12775,0;7125,0;169,64285714285714;7;1;1;0;40;70;300;2;;SOMENTE_SCORES;True;VALIDACAO;19;2;10,526315789473685;6000,0;4250,0;-1750,0;-92,10526315789474;1;1;0;0;40;70;300;2;;SOMENTE_SCORES;True;False;-1750,0
654;1034;40;70;300;3;;SOMENTE_SCORES;True;TREINO;42;9;21,428571428571427;-19900,0;-12775,0;7125,0;169,64285714285714;7;1;1;0;40;70;300;3;;SOMENTE_SCORES;True;VALIDACAO;19;2;10,526315789473685;6000,0;4250,0;-1750,0;-92,10526315789474;1;1;0;0;40;70;300;3;;SOMENTE_SCORES;True;False;-1750,0
655;1042;40;70;300;5;;SOMENTE_SCORES;True;TREINO;42;9;21,428571428571427;-19900,0;-12775,0;7125,0;169,64285714285714;7;1;1;0;40;70;300;5;;SOMENTE_SCORES;True;VALIDACAO;19;2;10,526315789473685;6000,0;4250,0;-1750,0;-92,10526315789474;1;1;0;0;40;70;300;5;;SOMENTE_SCORES;True;False;-1750,0
656;1050;40;70;300;8;;SOMENTE_SCORES;True;TREINO;42;9;21,428571428571427;-19900,0;-12775,0;7125,0;169,64285714285714;7;1;1;0;40;70;300;8;;SOMENTE_SCORES;True;VALIDACAO;19;2;10,526315789473685;6000,0;4250,0;-1750,0;-92,10526315789474;1;1;0;0;40;70;300;8;;SOMENTE_SCORES;True;False;-1750,0
657;1538;50;70;300;2;;SOMENTE_SCORES;True;TREINO;42;9;21,428571428571427;-19900,0;-12775,0;7125,0;169,64285714285714;7;1;1;0;50;70;300;2;;SOMENTE_SCORES;True;VALIDACAO;19;2;10,526315789473685;6000,0;4250,0;-1750,0;-92,10526315789474;1;1;0;0;50;70;300;2;;SOMENTE_SCORES;True;False;-1750,0
658;1546;50;70;300;3;;SOMENTE_SCORES;True;TREINO;42;9;21,428571428571427;-19900,0;-12775,0;7125,0;169,64285714285714;7;1;1;0;50;70;300;3;;SOMENTE_SCORES;True;VALIDACAO;19;2;10,526315789473685;6000,0;4250,0;-1750,0;-92,10526315789474;1;1;0;0;50;70;300;3;;SOMENTE_SCORES;True;False;-1750,0
659;1554;50;70;300;5;;SOMENTE_SCORES;True;TREINO;42;9;21,428571428571427;-19900,0;-12775,0;7125,0;169,64285714285714;7;1;1;0;50;70;300;5;;SOMENTE_SCORES;True;VALIDACAO;19;2;10,526315789473685;6000,0;4250,0;-1750,0;-92,10526315789474;1;1;0;0;50;70;300;5;;SOMENTE_SCORES;True;False;-1750,0
660;1562;50;70;300;8;;SOMENTE_SCORES;True;TREINO;42;9;21,428571428571427;-19900,0;-12775,0;7125,0;169,64285714285714;7;1;1;0;50;70;300;8;;SOMENTE_SCORES;True;VALIDACAO;19;2;10,526315789473685;6000,0;4250,0;-1750,0;-92,10526315789474;1;1;0;0;50;70;300;8;;SOMENTE_SCORES;True;False;-1750,0
661;2;20;70;300;2;;SOMENTE_SCORES;True;TREINO;42;6;14,285714285714286;-19900,0;-13200,0;6700,0;159,52380952380952;6;0;0;0;20;70;300;2;;SOMENTE_SCORES;True;VALIDACAO;19;2;10,526315789473685;6000,0;4250,0;-1750,0;-92,10526315789474;1;1;0;0;20;70;300;2;;SOMENTE_SCORES;True;False;-1750,0
662;10;20;70;300;3;;SOMENTE_SCORES;True;TREINO;42;6;14,285714285714286;-19900,0;-13200,0;6700,0;159,52380952380952;6;0;0;0;20;70;300;3;;SOMENTE_SCORES;True;VALIDACAO;19;2;10,526315789473685;6000,0;4250,0;-1750,0;-92,10526315789474;1;1;0;0;20;70;300;3;;SOMENTE_SCORES;True;False;-1750,0
663;18;20;70;300;5;;SOMENTE_SCORES;True;TREINO;42;6;14,285714285714286;-19900,0;-13200,0;6700,0;159,52380952380952;6;0;0;0;20;70;300;5;;SOMENTE_SCORES;True;VALIDACAO;19;2;10,526315789473685;6000,0;4250,0;-1750,0;-92,10526315789474;1;1;0;0;20;70;300;5;;SOMENTE_SCORES;True;False;-1750,0
664;26;20;70;300;8;;SOMENTE_SCORES;True;TREINO;42;6;14,285714285714286;-19900,0;-13200,0;6700,0;159,52380952380952;6;0;0;0;20;70;300;8;;SOMENTE_SCORES;True;VALIDACAO;19;2;10,526315789473685;6000,0;4250,0;-1750,0;-92,10526315789474;1;1;0;0;20;70;300;8;;SOMENTE_SCORES;True;False;-1750,0
665;34;20;70;500;2;;SOMENTE_SCORES;True;TREINO;42;6;14,285714285714286;-19900,0;-13775,0;6125,0;145,83333333333334;6;0;0;0;20;70;500;2;;SOMENTE_SCORES;True;VALIDACAO;19;2;10,526315789473685;6000,0;4250,0;-1750,0;-92,10526315789474;1;1;0;0;20;70;500;2;;SOMENTE_SCORES;True;False;-1750,0
666;42;20;70;500;3;;SOMENTE_SCORES;True;TREINO;42;6;14,285714285714286;-19900,0;-13775,0;6125,0;145,83333333333334;6;0;0;0;20;70;500;3;;SOMENTE_SCORES;True;VALIDACAO;19;2;10,526315789473685;6000,0;4250,0;-1750,0;-92,10526315789474;1;1;0;0;20;70;500;3;;SOMENTE_SCORES;True;False;-1750,0
667;50;20;70;500;5;;SOMENTE_SCORES;True;TREINO;42;6;14,285714285714286;-19900,0;-13775,0;6125,0;145,83333333333334;6;0;0;0;20;70;500;5;;SOMENTE_SCORES;True;VALIDACAO;19;2;10,526315789473685;6000,0;4250,0;-1750,0;-92,10526315789474;1;1;0;0;20;70;500;5;;SOMENTE_SCORES;True;False;-1750,0
668;58;20;70;500;8;;SOMENTE_SCORES;True;TREINO;42;6;14,285714285714286;-19900,0;-13775,0;6125,0;145,83333333333334;6;0;0;0;20;70;500;8;;SOMENTE_SCORES;True;VALIDACAO;19;2;10,526315789473685;6000,0;4250,0;-1750,0;-92,10526315789474;1;1;0;0;20;70;500;8;;SOMENTE_SCORES;True;False;-1750,0
669;66;20;70;700;2;;SOMENTE_SCORES;True;TREINO;42;6;14,285714285714286;-19900,0;-13775,0;6125,0;145,83333333333334;6;0;0;0;20;70;700;2;;SOMENTE_SCORES;True;VALIDACAO;19;2;10,526315789473685;6000,0;4250,0;-1750,0;-92,10526315789474;1;1;0;0;20;70;700;2;;SOMENTE_SCORES;True;False;-1750,0
670;74;20;70;700;3;;SOMENTE_SCORES;True;TREINO;42;6;14,285714285714286;-19900,0;-13775,0;6125,0;145,83333333333334;6;0;0;0;20;70;700;3;;SOMENTE_SCORES;True;VALIDACAO;19;2;10,526315789473685;6000,0;4250,0;-1750,0;-92,10526315789474;1;1;0;0;20;70;700;3;;SOMENTE_SCORES;True;False;-1750,0
671;82;20;70;700;5;;SOMENTE_SCORES;True;TREINO;42;6;14,285714285714286;-19900,0;-13775,0;6125,0;145,83333333333334;6;0;0;0;20;70;700;5;;SOMENTE_SCORES;True;VALIDACAO;19;2;10,526315789473685;6000,0;4250,0;-1750,0;-92,10526315789474;1;1;0;0;20;70;700;5;;SOMENTE_SCORES;True;False;-1750,0
672;90;20;70;700;8;;SOMENTE_SCORES;True;TREINO;42;6;14,285714285714286;-19900,0;-13775,0;6125,0;145,83333333333334;6;0;0;0;20;70;700;8;;SOMENTE_SCORES;True;VALIDACAO;19;2;10,526315789473685;6000,0;4250,0;-1750,0;-92,10526315789474;1;1;0;0;20;70;700;8;;SOMENTE_SCORES;True;False;-1750,0
673;98;20;70;900;2;;SOMENTE_SCORES;True;TREINO;42;6;14,285714285714286;-19900,0;-13775,0;6125,0;145,83333333333334;6;0;0;0;20;70;900;2;;SOMENTE_SCORES;True;VALIDACAO;19;2;10,526315789473685;6000,0;4250,0;-1750,0;-92,10526315789474;1;1;0;0;20;70;900;2;;SOMENTE_SCORES;True;False;-1750,0
674;106;20;70;900;3;;SOMENTE_SCORES;True;TREINO;42;6;14,285714285714286;-19900,0;-13775,0;6125,0;145,83333333333334;6;0;0;0;20;70;900;3;;SOMENTE_SCORES;True;VALIDACAO;19;2;10,526315789473685;6000,0;4250,0;-1750,0;-92,10526315789474;1;1;0;0;20;70;900;3;;SOMENTE_SCORES;True;False;-1750,0
675;114;20;70;900;5;;SOMENTE_SCORES;True;TREINO;42;6;14,285714285714286;-19900,0;-13775,0;6125,0;145,83333333333334;6;0;0;0;20;70;900;5;;SOMENTE_SCORES;True;VALIDACAO;19;2;10,526315789473685;6000,0;4250,0;-1750,0;-92,10526315789474;1;1;0;0;20;70;900;5;;SOMENTE_SCORES;True;False;-1750,0
676;122;20;70;900;8;;SOMENTE_SCORES;True;TREINO;42;6;14,285714285714286;-19900,0;-13775,0;6125,0;145,83333333333334;6;0;0;0;20;70;900;8;;SOMENTE_SCORES;True;VALIDACAO;19;2;10,526315789473685;6000,0;4250,0;-1750,0;-92,10526315789474;1;1;0;0;20;70;900;8;;SOMENTE_SCORES;True;False;-1750,0
677;546;30;70;500;2;;SOMENTE_SCORES;True;TREINO;42;6;14,285714285714286;-19900,0;-13775,0;6125,0;145,83333333333334;6;0;0;0;30;70;500;2;;SOMENTE_SCORES;True;VALIDACAO;19;2;10,526315789473685;6000,0;4250,0;-1750,0;-92,10526315789474;1;1;0;0;30;70;500;2;;SOMENTE_SCORES;True;False;-1750,0
678;554;30;70;500;3;;SOMENTE_SCORES;True;TREINO;42;6;14,285714285714286;-19900,0;-13775,0;6125,0;145,83333333333334;6;0;0;0;30;70;500;3;;SOMENTE_SCORES;True;VALIDACAO;19;2;10,526315789473685;6000,0;4250,0;-1750,0;-92,10526315789474;1;1;0;0;30;70;500;3;;SOMENTE_SCORES;True;False;-1750,0
679;562;30;70;500;5;;SOMENTE_SCORES;True;TREINO;42;6;14,285714285714286;-19900,0;-13775,0;6125,0;145,83333333333334;6;0;0;0;30;70;500;5;;SOMENTE_SCORES;True;VALIDACAO;19;2;10,526315789473685;6000,0;4250,0;-1750,0;-92,10526315789474;1;1;0;0;30;70;500;5;;SOMENTE_SCORES;True;False;-1750,0
680;570;30;70;500;8;;SOMENTE_SCORES;True;TREINO;42;6;14,285714285714286;-19900,0;-13775,0;6125,0;145,83333333333334;6;0;0;0;30;70;500;8;;SOMENTE_SCORES;True;VALIDACAO;19;2;10,526315789473685;6000,0;4250,0;-1750,0;-92,10526315789474;1;1;0;0;30;70;500;8;;SOMENTE_SCORES;True;False;-1750,0
681;578;30;70;700;2;;SOMENTE_SCORES;True;TREINO;42;6;14,285714285714286;-19900,0;-13775,0;6125,0;145,83333333333334;6;0;0;0;30;70;700;2;;SOMENTE_SCORES;True;VALIDACAO;19;2;10,526315789473685;6000,0;4250,0;-1750,0;-92,10526315789474;1;1;0;0;30;70;700;2;;SOMENTE_SCORES;True;False;-1750,0
682;586;30;70;700;3;;SOMENTE_SCORES;True;TREINO;42;6;14,285714285714286;-19900,0;-13775,0;6125,0;145,83333333333334;6;0;0;0;30;70;700;3;;SOMENTE_SCORES;True;VALIDACAO;19;2;10,526315789473685;6000,0;4250,0;-1750,0;-92,10526315789474;1;1;0;0;30;70;700;3;;SOMENTE_SCORES;True;False;-1750,0
683;594;30;70;700;5;;SOMENTE_SCORES;True;TREINO;42;6;14,285714285714286;-19900,0;-13775,0;6125,0;145,83333333333334;6;0;0;0;30;70;700;5;;SOMENTE_SCORES;True;VALIDACAO;19;2;10,526315789473685;6000,0;4250,0;-1750,0;-92,10526315789474;1;1;0;0;30;70;700;5;;SOMENTE_SCORES;True;False;-1750,0
684;602;30;70;700;8;;SOMENTE_SCORES;True;TREINO;42;6;14,285714285714286;-19900,0;-13775,0;6125,0;145,83333333333334;6;0;0;0;30;70;700;8;;SOMENTE_SCORES;True;VALIDACAO;19;2;10,526315789473685;6000,0;4250,0;-1750,0;-92,10526315789474;1;1;0;0;30;70;700;8;;SOMENTE_SCORES;True;False;-1750,0
685;610;30;70;900;2;;SOMENTE_SCORES;True;TREINO;42;6;14,285714285714286;-19900,0;-13775,0;6125,0;145,83333333333334;6;0;0;0;30;70;900;2;;SOMENTE_SCORES;True;VALIDACAO;19;2;10,526315789473685;6000,0;4250,0;-1750,0;-92,10526315789474;1;1;0;0;30;70;900;2;;SOMENTE_SCORES;True;False;-1750,0
686;618;30;70;900;3;;SOMENTE_SCORES;True;TREINO;42;6;14,285714285714286;-19900,0;-13775,0;6125,0;145,83333333333334;6;0;0;0;30;70;900;3;;SOMENTE_SCORES;True;VALIDACAO;19;2;10,526315789473685;6000,0;4250,0;-1750,0;-92,10526315789474;1;1;0;0;30;70;900;3;;SOMENTE_SCORES;True;False;-1750,0
687;626;30;70;900;5;;SOMENTE_SCORES;True;TREINO;42;6;14,285714285714286;-19900,0;-13775,0;6125,0;145,83333333333334;6;0;0;0;30;70;900;5;;SOMENTE_SCORES;True;VALIDACAO;19;2;10,526315789473685;6000,0;4250,0;-1750,0;-92,10526315789474;1;1;0;0;30;70;900;5;;SOMENTE_SCORES;True;False;-1750,0
688;634;30;70;900;8;;SOMENTE_SCORES;True;TREINO;42;6;14,285714285714286;-19900,0;-13775,0;6125,0;145,83333333333334;6;0;0;0;30;70;900;8;;SOMENTE_SCORES;True;VALIDACAO;19;2;10,526315789473685;6000,0;4250,0;-1750,0;-92,10526315789474;1;1;0;0;30;70;900;8;;SOMENTE_SCORES;True;False;-1750,0
689;1058;40;70;500;2;;SOMENTE_SCORES;True;TREINO;42;6;14,285714285714286;-19900,0;-13775,0;6125,0;145,83333333333334;6;0;0;0;40;70;500;2;;SOMENTE_SCORES;True;VALIDACAO;19;2;10,526315789473685;6000,0;4250,0;-1750,0;-92,10526315789474;1;1;0;0;40;70;500;2;;SOMENTE_SCORES;True;False;-1750,0
690;1066;40;70;500;3;;SOMENTE_SCORES;True;TREINO;42;6;14,285714285714286;-19900,0;-13775,0;6125,0;145,83333333333334;6;0;0;0;40;70;500;3;;SOMENTE_SCORES;True;VALIDACAO;19;2;10,526315789473685;6000,0;4250,0;-1750,0;-92,10526315789474;1;1;0;0;40;70;500;3;;SOMENTE_SCORES;True;False;-1750,0
691;1074;40;70;500;5;;SOMENTE_SCORES;True;TREINO;42;6;14,285714285714286;-19900,0;-13775,0;6125,0;145,83333333333334;6;0;0;0;40;70;500;5;;SOMENTE_SCORES;True;VALIDACAO;19;2;10,526315789473685;6000,0;4250,0;-1750,0;-92,10526315789474;1;1;0;0;40;70;500;5;;SOMENTE_SCORES;True;False;-1750,0
692;1082;40;70;500;8;;SOMENTE_SCORES;True;TREINO;42;6;14,285714285714286;-19900,0;-13775,0;6125,0;145,83333333333334;6;0;0;0;40;70;500;8;;SOMENTE_SCORES;True;VALIDACAO;19;2;10,526315789473685;6000,0;4250,0;-1750,0;-92,10526315789474;1;1;0;0;40;70;500;8;;SOMENTE_SCORES;True;False;-1750,0
693;1090;40;70;700;2;;SOMENTE_SCORES;True;TREINO;42;6;14,285714285714286;-19900,0;-13775,0;6125,0;145,83333333333334;6;0;0;0;40;70;700;2;;SOMENTE_SCORES;True;VALIDACAO;19;2;10,526315789473685;6000,0;4250,0;-1750,0;-92,10526315789474;1;1;0;0;40;70;700;2;;SOMENTE_SCORES;True;False;-1750,0
694;1098;40;70;700;3;;SOMENTE_SCORES;True;TREINO;42;6;14,285714285714286;-19900,0;-13775,0;6125,0;145,83333333333334;6;0;0;0;40;70;700;3;;SOMENTE_SCORES;True;VALIDACAO;19;2;10,526315789473685;6000,0;4250,0;-1750,0;-92,10526315789474;1;1;0;0;40;70;700;3;;SOMENTE_SCORES;True;False;-1750,0
695;1106;40;70;700;5;;SOMENTE_SCORES;True;TREINO;42;6;14,285714285714286;-19900,0;-13775,0;6125,0;145,83333333333334;6;0;0;0;40;70;700;5;;SOMENTE_SCORES;True;VALIDACAO;19;2;10,526315789473685;6000,0;4250,0;-1750,0;-92,10526315789474;1;1;0;0;40;70;700;5;;SOMENTE_SCORES;True;False;-1750,0
696;1114;40;70;700;8;;SOMENTE_SCORES;True;TREINO;42;6;14,285714285714286;-19900,0;-13775,0;6125,0;145,83333333333334;6;0;0;0;40;70;700;8;;SOMENTE_SCORES;True;VALIDACAO;19;2;10,526315789473685;6000,0;4250,0;-1750,0;-92,10526315789474;1;1;0;0;40;70;700;8;;SOMENTE_SCORES;True;False;-1750,0
697;1122;40;70;900;2;;SOMENTE_SCORES;True;TREINO;42;6;14,285714285714286;-19900,0;-13775,0;6125,0;145,83333333333334;6;0;0;0;40;70;900;2;;SOMENTE_SCORES;True;VALIDACAO;19;2;10,526315789473685;6000,0;4250,0;-1750,0;-92,10526315789474;1;1;0;0;40;70;900;2;;SOMENTE_SCORES;True;False;-1750,0
698;1130;40;70;900;3;;SOMENTE_SCORES;True;TREINO;42;6;14,285714285714286;-19900,0;-13775,0;6125,0;145,83333333333334;6;0;0;0;40;70;900;3;;SOMENTE_SCORES;True;VALIDACAO;19;2;10,526315789473685;6000,0;4250,0;-1750,0;-92,10526315789474;1;1;0;0;40;70;900;3;;SOMENTE_SCORES;True;False;-1750,0
699;1138;40;70;900;5;;SOMENTE_SCORES;True;TREINO;42;6;14,285714285714286;-19900,0;-13775,0;6125,0;145,83333333333334;6;0;0;0;40;70;900;5;;SOMENTE_SCORES;True;VALIDACAO;19;2;10,526315789473685;6000,0;4250,0;-1750,0;-92,10526315789474;1;1;0;0;40;70;900;5;;SOMENTE_SCORES;True;False;-1750,0
700;1146;40;70;900;8;;SOMENTE_SCORES;True;TREINO;42;6;14,285714285714286;-19900,0;-13775,0;6125,0;145,83333333333334;6;0;0;0;40;70;900;8;;SOMENTE_SCORES;True;VALIDACAO;19;2;10,526315789473685;6000,0;4250,0;-1750,0;-92,10526315789474;1;1;0;0;40;70;900;8;;SOMENTE_SCORES;True;False;-1750,0
701;1570;50;70;500;2;;SOMENTE_SCORES;True;TREINO;42;6;14,285714285714286;-19900,0;-13775,0;6125,0;145,83333333333334;6;0;0;0;50;70;500;2;;SOMENTE_SCORES;True;VALIDACAO;19;2;10,526315789473685;6000,0;4250,0;-1750,0;-92,10526315789474;1;1;0;0;50;70;500;2;;SOMENTE_SCORES;True;False;-1750,0
702;1578;50;70;500;3;;SOMENTE_SCORES;True;TREINO;42;6;14,285714285714286;-19900,0;-13775,0;6125,0;145,83333333333334;6;0;0;0;50;70;500;3;;SOMENTE_SCORES;True;VALIDACAO;19;2;10,526315789473685;6000,0;4250,0;-1750,0;-92,10526315789474;1;1;0;0;50;70;500;3;;SOMENTE_SCORES;True;False;-1750,0
703;1586;50;70;500;5;;SOMENTE_SCORES;True;TREINO;42;6;14,285714285714286;-19900,0;-13775,0;6125,0;145,83333333333334;6;0;0;0;50;70;500;5;;SOMENTE_SCORES;True;VALIDACAO;19;2;10,526315789473685;6000,0;4250,0;-1750,0;-92,10526315789474;1;1;0;0;50;70;500;5;;SOMENTE_SCORES;True;False;-1750,0
704;1594;50;70;500;8;;SOMENTE_SCORES;True;TREINO;42;6;14,285714285714286;-19900,0;-13775,0;6125,0;145,83333333333334;6;0;0;0;50;70;500;8;;SOMENTE_SCORES;True;VALIDACAO;19;2;10,526315789473685;6000,0;4250,0;-1750,0;-92,10526315789474;1;1;0;0;50;70;500;8;;SOMENTE_SCORES;True;False;-1750,0
705;1602;50;70;700;2;;SOMENTE_SCORES;True;TREINO;42;6;14,285714285714286;-19900,0;-13775,0;6125,0;145,83333333333334;6;0;0;0;50;70;700;2;;SOMENTE_SCORES;True;VALIDACAO;19;2;10,526315789473685;6000,0;4250,0;-1750,0;-92,10526315789474;1;1;0;0;50;70;700;2;;SOMENTE_SCORES;True;False;-1750,0
706;1610;50;70;700;3;;SOMENTE_SCORES;True;TREINO;42;6;14,285714285714286;-19900,0;-13775,0;6125,0;145,83333333333334;6;0;0;0;50;70;700;3;;SOMENTE_SCORES;True;VALIDACAO;19;2;10,526315789473685;6000,0;4250,0;-1750,0;-92,10526315789474;1;1;0;0;50;70;700;3;;SOMENTE_SCORES;True;False;-1750,0
707;1618;50;70;700;5;;SOMENTE_SCORES;True;TREINO;42;6;14,285714285714286;-19900,0;-13775,0;6125,0;145,83333333333334;6;0;0;0;50;70;700;5;;SOMENTE_SCORES;True;VALIDACAO;19;2;10,526315789473685;6000,0;4250,0;-1750,0;-92,10526315789474;1;1;0;0;50;70;700;5;;SOMENTE_SCORES;True;False;-1750,0
708;1626;50;70;700;8;;SOMENTE_SCORES;True;TREINO;42;6;14,285714285714286;-19900,0;-13775,0;6125,0;145,83333333333334;6;0;0;0;50;70;700;8;;SOMENTE_SCORES;True;VALIDACAO;19;2;10,526315789473685;6000,0;4250,0;-1750,0;-92,10526315789474;1;1;0;0;50;70;700;8;;SOMENTE_SCORES;True;False;-1750,0
709;1634;50;70;900;2;;SOMENTE_SCORES;True;TREINO;42;6;14,285714285714286;-19900,0;-13775,0;6125,0;145,83333333333334;6;0;0;0;50;70;900;2;;SOMENTE_SCORES;True;VALIDACAO;19;2;10,526315789473685;6000,0;4250,0;-1750,0;-92,10526315789474;1;1;0;0;50;70;900;2;;SOMENTE_SCORES;True;False;-1750,0
710;1642;50;70;900;3;;SOMENTE_SCORES;True;TREINO;42;6;14,285714285714286;-19900,0;-13775,0;6125,0;145,83333333333334;6;0;0;0;50;70;900;3;;SOMENTE_SCORES;True;VALIDACAO;19;2;10,526315789473685;6000,0;4250,0;-1750,0;-92,10526315789474;1;1;0;0;50;70;900;3;;SOMENTE_SCORES;True;False;-1750,0
711;1650;50;70;900;5;;SOMENTE_SCORES;True;TREINO;42;6;14,285714285714286;-19900,0;-13775,0;6125,0;145,83333333333334;6;0;0;0;50;70;900;5;;SOMENTE_SCORES;True;VALIDACAO;19;2;10,526315789473685;6000,0;4250,0;-1750,0;-92,10526315789474;1;1;0;0;50;70;900;5;;SOMENTE_SCORES;True;False;-1750,0
712;1658;50;70;900;8;;SOMENTE_SCORES;True;TREINO;42;6;14,285714285714286;-19900,0;-13775,0;6125,0;145,83333333333334;6;0;0;0;50;70;900;8;;SOMENTE_SCORES;True;VALIDACAO;19;2;10,526315789473685;6000,0;4250,0;-1750,0;-92,10526315789474;1;1;0;0;50;70;900;8;;SOMENTE_SCORES;True;False;-1750,0
713;539;30;70;300;8;;DELTA_E_SALDO_CONTRARIOS;False;TREINO;42;14;33,333333333333336;-19900,0;-14475,0;5425,0;129,16666666666666;9;2;2;0;30;70;300;8;;DELTA_E_SALDO_CONTRARIOS;False;VALIDACAO;19;5;26,31578947368421;6000,0;4025,0;-1975,0;-103,94736842105263;2;1;2;0;30;70;300;8;;DELTA_E_SALDO_CONTRARIOS;False;False;-1975,0
714;515;30;70;300;2;;DELTA_E_SALDO_CONTRARIOS;False;TREINO;42;15;35,714285714285715;-19900,0;-16950,0;2950,0;70,23809523809524;9;3;2;0;30;70;300;2;;DELTA_E_SALDO_CONTRARIOS;False;VALIDACAO;19;5;26,31578947368421;6000,0;4025,0;-1975,0;-103,94736842105263;2;1;2;0;30;70;300;2;;DELTA_E_SALDO_CONTRARIOS;False;False;-1975,0
715;523;30;70;300;3;;DELTA_E_SALDO_CONTRARIOS;False;TREINO;42;15;35,714285714285715;-19900,0;-16950,0;2950,0;70,23809523809524;9;3;2;0;30;70;300;3;;DELTA_E_SALDO_CONTRARIOS;False;VALIDACAO;19;5;26,31578947368421;6000,0;4025,0;-1975,0;-103,94736842105263;2;1;2;0;30;70;300;3;;DELTA_E_SALDO_CONTRARIOS;False;False;-1975,0
716;531;30;70;300;5;;DELTA_E_SALDO_CONTRARIOS;False;TREINO;42;15;35,714285714285715;-19900,0;-17025,0;2875,0;68,45238095238095;9;3;2;0;30;70;300;5;;DELTA_E_SALDO_CONTRARIOS;False;VALIDACAO;19;5;26,31578947368421;6000,0;4025,0;-1975,0;-103,94736842105263;2;1;2;0;30;70;300;5;;DELTA_E_SALDO_CONTRARIOS;False;False;-1975,0
717;607;30;70;700;8;500,0;DELTA_E_SALDO_CONTRARIOS;False;TREINO;42;12;28,571428571428573;-19900,0;-16875,0;3025,0;72,02380952380952;8;2;1;0;30;70;700;8;500,0;DELTA_E_SALDO_CONTRARIOS;False;VALIDACAO;19;3;15,789473684210526;6000,0;3725,0;-2275,0;-119,73684210526316;2;1;0;0;30;70;700;8;500,0;DELTA_E_SALDO_CONTRARIOS;False;False;-2275,0
718;613;30;70;900;2;500,0;SOMENTE_SCORES;False;TREINO;42;12;28,571428571428573;-19900,0;-16875,0;3025,0;72,02380952380952;8;2;1;0;30;70;900;2;500,0;SOMENTE_SCORES;False;VALIDACAO;19;3;15,789473684210526;6000,0;3725,0;-2275,0;-119,73684210526316;2;1;0;0;30;70;900;2;500,0;SOMENTE_SCORES;False;False;-2275,0
719;621;30;70;900;3;500,0;SOMENTE_SCORES;False;TREINO;42;12;28,571428571428573;-19900,0;-16875,0;3025,0;72,02380952380952;8;2;1;0;30;70;900;3;500,0;SOMENTE_SCORES;False;VALIDACAO;19;3;15,789473684210526;6000,0;3725,0;-2275,0;-119,73684210526316;2;1;0;0;30;70;900;3;500,0;SOMENTE_SCORES;False;False;-2275,0
720;629;30;70;900;5;500,0;SOMENTE_SCORES;False;TREINO;42;12;28,571428571428573;-19900,0;-16875,0;3025,0;72,02380952380952;8;2;1;0;30;70;900;5;500,0;SOMENTE_SCORES;False;VALIDACAO;19;3;15,789473684210526;6000,0;3725,0;-2275,0;-119,73684210526316;2;1;0;0;30;70;900;5;500,0;SOMENTE_SCORES;False;False;-2275,0
721;637;30;70;900;8;500,0;SOMENTE_SCORES;False;TREINO;42;12;28,571428571428573;-19900,0;-16875,0;3025,0;72,02380952380952;8;2;1;0;30;70;900;8;500,0;SOMENTE_SCORES;False;VALIDACAO;19;3;15,789473684210526;6000,0;3725,0;-2275,0;-119,73684210526316;2;1;0;0;30;70;900;8;500,0;SOMENTE_SCORES;False;False;-2275,0
722;583;30;70;700;2;500,0;DELTA_E_SALDO_CONTRARIOS;False;TREINO;42;13;30,952380952380953;-19900,0;-19425,0;475,0;11,30952380952381;8;3;1;0;30;70;700;2;500,0;DELTA_E_SALDO_CONTRARIOS;False;VALIDACAO;19;3;15,789473684210526;6000,0;3725,0;-2275,0;-119,73684210526316;2;1;0;0;30;70;700;2;500,0;DELTA_E_SALDO_CONTRARIOS;False;False;-2275,0
723;591;30;70;700;3;500,0;DELTA_E_SALDO_CONTRARIOS;False;TREINO;42;13;30,952380952380953;-19900,0;-19425,0;475,0;11,30952380952381;8;3;1;0;30;70;700;3;500,0;DELTA_E_SALDO_CONTRARIOS;False;VALIDACAO;19;3;15,789473684210526;6000,0;3725,0;-2275,0;-119,73684210526316;2;1;0;0;30;70;700;3;500,0;DELTA_E_SALDO_CONTRARIOS;False;False;-2275,0
724;599;30;70;700;5;500,0;DELTA_E_SALDO_CONTRARIOS;False;TREINO;42;13;30,952380952380953;-19900,0;-19425,0;475,0;11,30952380952381;8;3;1;0;30;70;700;5;500,0;DELTA_E_SALDO_CONTRARIOS;False;VALIDACAO;19;3;15,789473684210526;6000,0;3725,0;-2275,0;-119,73684210526316;2;1;0;0;30;70;700;5;500,0;DELTA_E_SALDO_CONTRARIOS;False;False;-2275,0
725;615;30;70;900;2;500,0;DELTA_E_SALDO_CONTRARIOS;False;TREINO;42;11;26,19047619047619;-19900,0;-19950,0;-50,0;-1,1904761904761905;7;2;1;0;30;70;900;2;500,0;DELTA_E_SALDO_CONTRARIOS;False;VALIDACAO;19;3;15,789473684210526;6000,0;3725,0;-2275,0;-119,73684210526316;2;1;0;0;30;70;900;2;500,0;DELTA_E_SALDO_CONTRARIOS;False;False;-2275,0
726;623;30;70;900;3;500,0;DELTA_E_SALDO_CONTRARIOS;False;TREINO;42;11;26,19047619047619;-19900,0;-19950,0;-50,0;-1,1904761904761905;7;2;1;0;30;70;900;3;500,0;DELTA_E_SALDO_CONTRARIOS;False;VALIDACAO;19;3;15,789473684210526;6000,0;3725,0;-2275,0;-119,73684210526316;2;1;0;0;30;70;900;3;500,0;DELTA_E_SALDO_CONTRARIOS;False;False;-2275,0
727;631;30;70;900;5;500,0;DELTA_E_SALDO_CONTRARIOS;False;TREINO;42;11;26,19047619047619;-19900,0;-19950,0;-50,0;-1,1904761904761905;7;2;1;0;30;70;900;5;500,0;DELTA_E_SALDO_CONTRARIOS;False;VALIDACAO;19;3;15,789473684210526;6000,0;3725,0;-2275,0;-119,73684210526316;2;1;0;0;30;70;900;5;500,0;DELTA_E_SALDO_CONTRARIOS;False;False;-2275,0
728;639;30;70;900;8;500,0;DELTA_E_SALDO_CONTRARIOS;False;TREINO;42;11;26,19047619047619;-19900,0;-19950,0;-50,0;-1,1904761904761905;7;2;1;0;30;70;900;8;500,0;DELTA_E_SALDO_CONTRARIOS;False;VALIDACAO;19;3;15,789473684210526;6000,0;3725,0;-2275,0;-119,73684210526316;2;1;0;0;30;70;900;8;500,0;DELTA_E_SALDO_CONTRARIOS;False;False;-2275,0
729;647;30;80;300;2;500,0;DELTA_E_SALDO_CONTRARIOS;False;TREINO;42;7;16,666666666666668;-19900,0;-10400,0;9500,0;226,1904761904762;6;0;1;0;30;80;300;2;500,0;DELTA_E_SALDO_CONTRARIOS;False;VALIDACAO;19;2;10,526315789473685;6000,0;3125,0;-2875,0;-151,31578947368422;1;1;0;0;30;80;300;2;500,0;DELTA_E_SALDO_CONTRARIOS;False;False;-2875,0
730;655;30;80;300;3;500,0;DELTA_E_SALDO_CONTRARIOS;False;TREINO;42;7;16,666666666666668;-19900,0;-10400,0;9500,0;226,1904761904762;6;0;1;0;30;80;300;3;500,0;DELTA_E_SALDO_CONTRARIOS;False;VALIDACAO;19;2;10,526315789473685;6000,0;3125,0;-2875,0;-151,31578947368422;1;1;0;0;30;80;300;3;500,0;DELTA_E_SALDO_CONTRARIOS;False;False;-2875,0
731;1159;40;80;300;2;500,0;DELTA_E_SALDO_CONTRARIOS;False;TREINO;42;7;16,666666666666668;-19900,0;-10400,0;9500,0;226,1904761904762;6;0;1;0;40;80;300;2;500,0;DELTA_E_SALDO_CONTRARIOS;False;VALIDACAO;19;2;10,526315789473685;6000,0;3125,0;-2875,0;-151,31578947368422;1;1;0;0;40;80;300;2;500,0;DELTA_E_SALDO_CONTRARIOS;False;False;-2875,0
732;1167;40;80;300;3;500,0;DELTA_E_SALDO_CONTRARIOS;False;TREINO;42;7;16,666666666666668;-19900,0;-10400,0;9500,0;226,1904761904762;6;0;1;0;40;80;300;3;500,0;DELTA_E_SALDO_CONTRARIOS;False;VALIDACAO;19;2;10,526315789473685;6000,0;3125,0;-2875,0;-151,31578947368422;1;1;0;0;40;80;300;3;500,0;DELTA_E_SALDO_CONTRARIOS;False;False;-2875,0
733;1671;50;80;300;2;500,0;DELTA_E_SALDO_CONTRARIOS;False;TREINO;42;7;16,666666666666668;-19900,0;-10400,0;9500,0;226,1904761904762;6;0;1;0;50;80;300;2;500,0;DELTA_E_SALDO_CONTRARIOS;False;VALIDACAO;19;2;10,526315789473685;6000,0;3125,0;-2875,0;-151,31578947368422;1;1;0;0;50;80;300;2;500,0;DELTA_E_SALDO_CONTRARIOS;False;False;-2875,0
734;1679;50;80;300;3;500,0;DELTA_E_SALDO_CONTRARIOS;False;TREINO;42;7;16,666666666666668;-19900,0;-10400,0;9500,0;226,1904761904762;6;0;1;0;50;80;300;3;500,0;DELTA_E_SALDO_CONTRARIOS;False;VALIDACAO;19;2;10,526315789473685;6000,0;3125,0;-2875,0;-151,31578947368422;1;1;0;0;50;80;300;3;500,0;DELTA_E_SALDO_CONTRARIOS;False;False;-2875,0
735;135;20;80;300;2;500,0;DELTA_E_SALDO_CONTRARIOS;False;TREINO;42;5;11,904761904761905;-19900,0;-12000,0;7900,0;188,0952380952381;5;0;0;0;20;80;300;2;500,0;DELTA_E_SALDO_CONTRARIOS;False;VALIDACAO;19;2;10,526315789473685;6000,0;3125,0;-2875,0;-151,31578947368422;1;1;0;0;20;80;300;2;500,0;DELTA_E_SALDO_CONTRARIOS;False;False;-2875,0
736;143;20;80;300;3;500,0;DELTA_E_SALDO_CONTRARIOS;False;TREINO;42;5;11,904761904761905;-19900,0;-12000,0;7900,0;188,0952380952381;5;0;0;0;20;80;300;3;500,0;DELTA_E_SALDO_CONTRARIOS;False;VALIDACAO;19;2;10,526315789473685;6000,0;3125,0;-2875,0;-151,31578947368422;1;1;0;0;20;80;300;3;500,0;DELTA_E_SALDO_CONTRARIOS;False;False;-2875,0
737;133;20;80;300;2;500,0;SOMENTE_SCORES;False;TREINO;42;5;11,904761904761905;-19900,0;-12250,0;7650,0;182,14285714285714;5;0;0;0;20;80;300;2;500,0;SOMENTE_SCORES;False;VALIDACAO;19;2;10,526315789473685;6000,0;3125,0;-2875,0;-151,31578947368422;1;1;0;0;20;80;300;2;500,0;SOMENTE_SCORES;False;False;-2875,0
738;141;20;80;300;3;500,0;SOMENTE_SCORES;False;TREINO;42;5;11,904761904761905;-19900,0;-12250,0;7650,0;182,14285714285714;5;0;0;0;20;80;300;3;500,0;SOMENTE_SCORES;False;VALIDACAO;19;2;10,526315789473685;6000,0;3125,0;-2875,0;-151,31578947368422;1;1;0;0;20;80;300;3;500,0;SOMENTE_SCORES;False;False;-2875,0
739;149;20;80;300;5;500,0;SOMENTE_SCORES;False;TREINO;42;5;11,904761904761905;-19900,0;-12250,0;7650,0;182,14285714285714;5;0;0;0;20;80;300;5;500,0;SOMENTE_SCORES;False;VALIDACAO;19;2;10,526315789473685;6000,0;3125,0;-2875,0;-151,31578947368422;1;1;0;0;20;80;300;5;500,0;SOMENTE_SCORES;False;False;-2875,0
740;157;20;80;300;8;500,0;SOMENTE_SCORES;False;TREINO;42;5;11,904761904761905;-19900,0;-12250,0;7650,0;182,14285714285714;5;0;0;0;20;80;300;8;500,0;SOMENTE_SCORES;False;VALIDACAO;19;2;10,526315789473685;6000,0;3125,0;-2875,0;-151,31578947368422;1;1;0;0;20;80;300;8;500,0;SOMENTE_SCORES;False;False;-2875,0
741;167;20;80;500;2;500,0;DELTA_E_SALDO_CONTRARIOS;False;TREINO;42;5;11,904761904761905;-19900,0;-12575,0;7325,0;174,4047619047619;5;0;0;0;20;80;500;2;500,0;DELTA_E_SALDO_CONTRARIOS;False;VALIDACAO;19;2;10,526315789473685;6000,0;3125,0;-2875,0;-151,31578947368422;1;1;0;0;20;80;500;2;500,0;DELTA_E_SALDO_CONTRARIOS;False;False;-2875,0
742;175;20;80;500;3;500,0;DELTA_E_SALDO_CONTRARIOS;False;TREINO;42;5;11,904761904761905;-19900,0;-12575,0;7325,0;174,4047619047619;5;0;0;0;20;80;500;3;500,0;DELTA_E_SALDO_CONTRARIOS;False;VALIDACAO;19;2;10,526315789473685;6000,0;3125,0;-2875,0;-151,31578947368422;1;1;0;0;20;80;500;3;500,0;DELTA_E_SALDO_CONTRARIOS;False;False;-2875,0
743;679;30;80;500;2;500,0;DELTA_E_SALDO_CONTRARIOS;False;TREINO;42;5;11,904761904761905;-19900,0;-12575,0;7325,0;174,4047619047619;5;0;0;0;30;80;500;2;500,0;DELTA_E_SALDO_CONTRARIOS;False;VALIDACAO;19;2;10,526315789473685;6000,0;3125,0;-2875,0;-151,31578947368422;1;1;0;0;30;80;500;2;500,0;DELTA_E_SALDO_CONTRARIOS;False;False;-2875,0
744;687;30;80;500;3;500,0;DELTA_E_SALDO_CONTRARIOS;False;TREINO;42;5;11,904761904761905;-19900,0;-12575,0;7325,0;174,4047619047619;5;0;0;0;30;80;500;3;500,0;DELTA_E_SALDO_CONTRARIOS;False;VALIDACAO;19;2;10,526315789473685;6000,0;3125,0;-2875,0;-151,31578947368422;1;1;0;0;30;80;500;3;500,0;DELTA_E_SALDO_CONTRARIOS;False;False;-2875,0
745;1191;40;80;500;2;500,0;DELTA_E_SALDO_CONTRARIOS;False;TREINO;42;5;11,904761904761905;-19900,0;-12575,0;7325,0;174,4047619047619;5;0;0;0;40;80;500;2;500,0;DELTA_E_SALDO_CONTRARIOS;False;VALIDACAO;19;2;10,526315789473685;6000,0;3125,0;-2875,0;-151,31578947368422;1;1;0;0;40;80;500;2;500,0;DELTA_E_SALDO_CONTRARIOS;False;False;-2875,0
746;1199;40;80;500;3;500,0;DELTA_E_SALDO_CONTRARIOS;False;TREINO;42;5;11,904761904761905;-19900,0;-12575,0;7325,0;174,4047619047619;5;0;0;0;40;80;500;3;500,0;DELTA_E_SALDO_CONTRARIOS;False;VALIDACAO;19;2;10,526315789473685;6000,0;3125,0;-2875,0;-151,31578947368422;1;1;0;0;40;80;500;3;500,0;DELTA_E_SALDO_CONTRARIOS;False;False;-2875,0
747;1703;50;80;500;2;500,0;DELTA_E_SALDO_CONTRARIOS;False;TREINO;42;5;11,904761904761905;-19900,0;-12575,0;7325,0;174,4047619047619;5;0;0;0;50;80;500;2;500,0;DELTA_E_SALDO_CONTRARIOS;False;VALIDACAO;19;2;10,526315789473685;6000,0;3125,0;-2875,0;-151,31578947368422;1;1;0;0;50;80;500;2;500,0;DELTA_E_SALDO_CONTRARIOS;False;False;-2875,0
748;1711;50;80;500;3;500,0;DELTA_E_SALDO_CONTRARIOS;False;TREINO;42;5;11,904761904761905;-19900,0;-12575,0;7325,0;174,4047619047619;5;0;0;0;50;80;500;3;500,0;DELTA_E_SALDO_CONTRARIOS;False;VALIDACAO;19;2;10,526315789473685;6000,0;3125,0;-2875,0;-151,31578947368422;1;1;0;0;50;80;500;3;500,0;DELTA_E_SALDO_CONTRARIOS;False;False;-2875,0
749;663;30;80;300;5;500,0;DELTA_E_SALDO_CONTRARIOS;False;TREINO;42;6;14,285714285714286;-19900,0;-12625,0;7275,0;173,21428571428572;5;0;1;0;30;80;300;5;500,0;DELTA_E_SALDO_CONTRARIOS;False;VALIDACAO;19;2;10,526315789473685;6000,0;3125,0;-2875,0;-151,31578947368422;1;1;0;0;30;80;300;5;500,0;DELTA_E_SALDO_CONTRARIOS;False;False;-2875,0
750;671;30;80;300;8;500,0;DELTA_E_SALDO_CONTRARIOS;False;TREINO;42;6;14,285714285714286;-19900,0;-12625,0;7275,0;173,21428571428572;5;0;1;0;30;80;300;8;500,0;DELTA_E_SALDO_CONTRARIOS;False;VALIDACAO;19;2;10,526315789473685;6000,0;3125,0;-2875,0;-151,31578947368422;1;1;0;0;30;80;300;8;500,0;DELTA_E_SALDO_CONTRARIOS;False;False;-2875,0
751;1175;40;80;300;5;500,0;DELTA_E_SALDO_CONTRARIOS;False;TREINO;42;6;14,285714285714286;-19900,0;-12625,0;7275,0;173,21428571428572;5;0;1;0;40;80;300;5;500,0;DELTA_E_SALDO_CONTRARIOS;False;VALIDACAO;19;2;10,526315789473685;6000,0;3125,0;-2875,0;-151,31578947368422;1;1;0;0;40;80;300;5;500,0;DELTA_E_SALDO_CONTRARIOS;False;False;-2875,0
752;1183;40;80;300;8;500,0;DELTA_E_SALDO_CONTRARIOS;False;TREINO;42;6;14,285714285714286;-19900,0;-12625,0;7275,0;173,21428571428572;5;0;1;0;40;80;300;8;500,0;DELTA_E_SALDO_CONTRARIOS;False;VALIDACAO;19;2;10,526315789473685;6000,0;3125,0;-2875,0;-151,31578947368422;1;1;0;0;40;80;300;8;500,0;DELTA_E_SALDO_CONTRARIOS;False;False;-2875,0
753;1687;50;80;300;5;500,0;DELTA_E_SALDO_CONTRARIOS;False;TREINO;42;6;14,285714285714286;-19900,0;-12625,0;7275,0;173,21428571428572;5;0;1;0;50;80;300;5;500,0;DELTA_E_SALDO_CONTRARIOS;False;VALIDACAO;19;2;10,526315789473685;6000,0;3125,0;-2875,0;-151,31578947368422;1;1;0;0;50;80;300;5;500,0;DELTA_E_SALDO_CONTRARIOS;False;False;-2875,0
754;1695;50;80;300;8;500,0;DELTA_E_SALDO_CONTRARIOS;False;TREINO;42;6;14,285714285714286;-19900,0;-12625,0;7275,0;173,21428571428572;5;0;1;0;50;80;300;8;500,0;DELTA_E_SALDO_CONTRARIOS;False;VALIDACAO;19;2;10,526315789473685;6000,0;3125,0;-2875,0;-151,31578947368422;1;1;0;0;50;80;300;8;500,0;DELTA_E_SALDO_CONTRARIOS;False;False;-2875,0
755;165;20;80;500;2;500,0;SOMENTE_SCORES;False;TREINO;42;5;11,904761904761905;-19900,0;-12825,0;7075,0;168,45238095238096;5;0;0;0;20;80;500;2;500,0;SOMENTE_SCORES;False;VALIDACAO;19;2;10,526315789473685;6000,0;3125,0;-2875,0;-151,31578947368422;1;1;0;0;20;80;500;2;500,0;SOMENTE_SCORES;False;False;-2875,0
756;173;20;80;500;3;500,0;SOMENTE_SCORES;False;TREINO;42;5;11,904761904761905;-19900,0;-12825,0;7075,0;168,45238095238096;5;0;0;0;20;80;500;3;500,0;SOMENTE_SCORES;False;VALIDACAO;19;2;10,526315789473685;6000,0;3125,0;-2875,0;-151,31578947368422;1;1;0;0;20;80;500;3;500,0;SOMENTE_SCORES;False;False;-2875,0
757;181;20;80;500;5;500,0;SOMENTE_SCORES;False;TREINO;42;5;11,904761904761905;-19900,0;-12825,0;7075,0;168,45238095238096;5;0;0;0;20;80;500;5;500,0;SOMENTE_SCORES;False;VALIDACAO;19;2;10,526315789473685;6000,0;3125,0;-2875,0;-151,31578947368422;1;1;0;0;20;80;500;5;500,0;SOMENTE_SCORES;False;False;-2875,0
758;189;20;80;500;8;500,0;SOMENTE_SCORES;False;TREINO;42;5;11,904761904761905;-19900,0;-12825,0;7075,0;168,45238095238096;5;0;0;0;20;80;500;8;500,0;SOMENTE_SCORES;False;VALIDACAO;19;2;10,526315789473685;6000,0;3125,0;-2875,0;-151,31578947368422;1;1;0;0;20;80;500;8;500,0;SOMENTE_SCORES;False;False;-2875,0
759;197;20;80;700;2;500,0;SOMENTE_SCORES;False;TREINO;42;5;11,904761904761905;-19900,0;-12825,0;7075,0;168,45238095238096;5;0;0;0;20;80;700;2;500,0;SOMENTE_SCORES;False;VALIDACAO;19;2;10,526315789473685;6000,0;3125,0;-2875,0;-151,31578947368422;1;1;0;0;20;80;700;2;500,0;SOMENTE_SCORES;False;False;-2875,0
760;205;20;80;700;3;500,0;SOMENTE_SCORES;False;TREINO;42;5;11,904761904761905;-19900,0;-12825,0;7075,0;168,45238095238096;5;0;0;0;20;80;700;3;500,0;SOMENTE_SCORES;False;VALIDACAO;19;2;10,526315789473685;6000,0;3125,0;-2875,0;-151,31578947368422;1;1;0;0;20;80;700;3;500,0;SOMENTE_SCORES;False;False;-2875,0
761;213;20;80;700;5;500,0;SOMENTE_SCORES;False;TREINO;42;5;11,904761904761905;-19900,0;-12825,0;7075,0;168,45238095238096;5;0;0;0;20;80;700;5;500,0;SOMENTE_SCORES;False;VALIDACAO;19;2;10,526315789473685;6000,0;3125,0;-2875,0;-151,31578947368422;1;1;0;0;20;80;700;5;500,0;SOMENTE_SCORES;False;False;-2875,0
762;221;20;80;700;8;500,0;SOMENTE_SCORES;False;TREINO;42;5;11,904761904761905;-19900,0;-12825,0;7075,0;168,45238095238096;5;0;0;0;20;80;700;8;500,0;SOMENTE_SCORES;False;VALIDACAO;19;2;10,526315789473685;6000,0;3125,0;-2875,0;-151,31578947368422;1;1;0;0;20;80;700;8;500,0;SOMENTE_SCORES;False;False;-2875,0
763;677;30;80;500;2;500,0;SOMENTE_SCORES;False;TREINO;42;5;11,904761904761905;-19900,0;-12825,0;7075,0;168,45238095238096;5;0;0;0;30;80;500;2;500,0;SOMENTE_SCORES;False;VALIDACAO;19;2;10,526315789473685;6000,0;3125,0;-2875,0;-151,31578947368422;1;1;0;0;30;80;500;2;500,0;SOMENTE_SCORES;False;False;-2875,0
764;685;30;80;500;3;500,0;SOMENTE_SCORES;False;TREINO;42;5;11,904761904761905;-19900,0;-12825,0;7075,0;168,45238095238096;5;0;0;0;30;80;500;3;500,0;SOMENTE_SCORES;False;VALIDACAO;19;2;10,526315789473685;6000,0;3125,0;-2875,0;-151,31578947368422;1;1;0;0;30;80;500;3;500,0;SOMENTE_SCORES;False;False;-2875,0
765;693;30;80;500;5;500,0;SOMENTE_SCORES;False;TREINO;42;5;11,904761904761905;-19900,0;-12825,0;7075,0;168,45238095238096;5;0;0;0;30;80;500;5;500,0;SOMENTE_SCORES;False;VALIDACAO;19;2;10,526315789473685;6000,0;3125,0;-2875,0;-151,31578947368422;1;1;0;0;30;80;500;5;500,0;SOMENTE_SCORES;False;False;-2875,0
766;701;30;80;500;8;500,0;SOMENTE_SCORES;False;TREINO;42;5;11,904761904761905;-19900,0;-12825,0;7075,0;168,45238095238096;5;0;0;0;30;80;500;8;500,0;SOMENTE_SCORES;False;VALIDACAO;19;2;10,526315789473685;6000,0;3125,0;-2875,0;-151,31578947368422;1;1;0;0;30;80;500;8;500,0;SOMENTE_SCORES;False;False;-2875,0
767;709;30;80;700;2;500,0;SOMENTE_SCORES;False;TREINO;42;5;11,904761904761905;-19900,0;-12825,0;7075,0;168,45238095238096;5;0;0;0;30;80;700;2;500,0;SOMENTE_SCORES;False;VALIDACAO;19;2;10,526315789473685;6000,0;3125,0;-2875,0;-151,31578947368422;1;1;0;0;30;80;700;2;500,0;SOMENTE_SCORES;False;False;-2875,0
768;717;30;80;700;3;500,0;SOMENTE_SCORES;False;TREINO;42;5;11,904761904761905;-19900,0;-12825,0;7075,0;168,45238095238096;5;0;0;0;30;80;700;3;500,0;SOMENTE_SCORES;False;VALIDACAO;19;2;10,526315789473685;6000,0;3125,0;-2875,0;-151,31578947368422;1;1;0;0;30;80;700;3;500,0;SOMENTE_SCORES;False;False;-2875,0
769;725;30;80;700;5;500,0;SOMENTE_SCORES;False;TREINO;42;5;11,904761904761905;-19900,0;-12825,0;7075,0;168,45238095238096;5;0;0;0;30;80;700;5;500,0;SOMENTE_SCORES;False;VALIDACAO;19;2;10,526315789473685;6000,0;3125,0;-2875,0;-151,31578947368422;1;1;0;0;30;80;700;5;500,0;SOMENTE_SCORES;False;False;-2875,0
770;733;30;80;700;8;500,0;SOMENTE_SCORES;False;TREINO;42;5;11,904761904761905;-19900,0;-12825,0;7075,0;168,45238095238096;5;0;0;0;30;80;700;8;500,0;SOMENTE_SCORES;False;VALIDACAO;19;2;10,526315789473685;6000,0;3125,0;-2875,0;-151,31578947368422;1;1;0;0;30;80;700;8;500,0;SOMENTE_SCORES;False;False;-2875,0
771;1189;40;80;500;2;500,0;SOMENTE_SCORES;False;TREINO;42;5;11,904761904761905;-19900,0;-12825,0;7075,0;168,45238095238096;5;0;0;0;40;80;500;2;500,0;SOMENTE_SCORES;False;VALIDACAO;19;2;10,526315789473685;6000,0;3125,0;-2875,0;-151,31578947368422;1;1;0;0;40;80;500;2;500,0;SOMENTE_SCORES;False;False;-2875,0
772;1197;40;80;500;3;500,0;SOMENTE_SCORES;False;TREINO;42;5;11,904761904761905;-19900,0;-12825,0;7075,0;168,45238095238096;5;0;0;0;40;80;500;3;500,0;SOMENTE_SCORES;False;VALIDACAO;19;2;10,526315789473685;6000,0;3125,0;-2875,0;-151,31578947368422;1;1;0;0;40;80;500;3;500,0;SOMENTE_SCORES;False;False;-2875,0
773;1205;40;80;500;5;500,0;SOMENTE_SCORES;False;TREINO;42;5;11,904761904761905;-19900,0;-12825,0;7075,0;168,45238095238096;5;0;0;0;40;80;500;5;500,0;SOMENTE_SCORES;False;VALIDACAO;19;2;10,526315789473685;6000,0;3125,0;-2875,0;-151,31578947368422;1;1;0;0;40;80;500;5;500,0;SOMENTE_SCORES;False;False;-2875,0
774;1213;40;80;500;8;500,0;SOMENTE_SCORES;False;TREINO;42;5;11,904761904761905;-19900,0;-12825,0;7075,0;168,45238095238096;5;0;0;0;40;80;500;8;500,0;SOMENTE_SCORES;False;VALIDACAO;19;2;10,526315789473685;6000,0;3125,0;-2875,0;-151,31578947368422;1;1;0;0;40;80;500;8;500,0;SOMENTE_SCORES;False;False;-2875,0
775;1221;40;80;700;2;500,0;SOMENTE_SCORES;False;TREINO;42;5;11,904761904761905;-19900,0;-12825,0;7075,0;168,45238095238096;5;0;0;0;40;80;700;2;500,0;SOMENTE_SCORES;False;VALIDACAO;19;2;10,526315789473685;6000,0;3125,0;-2875,0;-151,31578947368422;1;1;0;0;40;80;700;2;500,0;SOMENTE_SCORES;False;False;-2875,0
776;1229;40;80;700;3;500,0;SOMENTE_SCORES;False;TREINO;42;5;11,904761904761905;-19900,0;-12825,0;7075,0;168,45238095238096;5;0;0;0;40;80;700;3;500,0;SOMENTE_SCORES;False;VALIDACAO;19;2;10,526315789473685;6000,0;3125,0;-2875,0;-151,31578947368422;1;1;0;0;40;80;700;3;500,0;SOMENTE_SCORES;False;False;-2875,0
777;1237;40;80;700;5;500,0;SOMENTE_SCORES;False;TREINO;42;5;11,904761904761905;-19900,0;-12825,0;7075,0;168,45238095238096;5;0;0;0;40;80;700;5;500,0;SOMENTE_SCORES;False;VALIDACAO;19;2;10,526315789473685;6000,0;3125,0;-2875,0;-151,31578947368422;1;1;0;0;40;80;700;5;500,0;SOMENTE_SCORES;False;False;-2875,0
778;1245;40;80;700;8;500,0;SOMENTE_SCORES;False;TREINO;42;5;11,904761904761905;-19900,0;-12825,0;7075,0;168,45238095238096;5;0;0;0;40;80;700;8;500,0;SOMENTE_SCORES;False;VALIDACAO;19;2;10,526315789473685;6000,0;3125,0;-2875,0;-151,31578947368422;1;1;0;0;40;80;700;8;500,0;SOMENTE_SCORES;False;False;-2875,0
779;1701;50;80;500;2;500,0;SOMENTE_SCORES;False;TREINO;42;5;11,904761904761905;-19900,0;-12825,0;7075,0;168,45238095238096;5;0;0;0;50;80;500;2;500,0;SOMENTE_SCORES;False;VALIDACAO;19;2;10,526315789473685;6000,0;3125,0;-2875,0;-151,31578947368422;1;1;0;0;50;80;500;2;500,0;SOMENTE_SCORES;False;False;-2875,0
780;1709;50;80;500;3;500,0;SOMENTE_SCORES;False;TREINO;42;5;11,904761904761905;-19900,0;-12825,0;7075,0;168,45238095238096;5;0;0;0;50;80;500;3;500,0;SOMENTE_SCORES;False;VALIDACAO;19;2;10,526315789473685;6000,0;3125,0;-2875,0;-151,31578947368422;1;1;0;0;50;80;500;3;500,0;SOMENTE_SCORES;False;False;-2875,0
781;1717;50;80;500;5;500,0;SOMENTE_SCORES;False;TREINO;42;5;11,904761904761905;-19900,0;-12825,0;7075,0;168,45238095238096;5;0;0;0;50;80;500;5;500,0;SOMENTE_SCORES;False;VALIDACAO;19;2;10,526315789473685;6000,0;3125,0;-2875,0;-151,31578947368422;1;1;0;0;50;80;500;5;500,0;SOMENTE_SCORES;False;False;-2875,0
782;1725;50;80;500;8;500,0;SOMENTE_SCORES;False;TREINO;42;5;11,904761904761905;-19900,0;-12825,0;7075,0;168,45238095238096;5;0;0;0;50;80;500;8;500,0;SOMENTE_SCORES;False;VALIDACAO;19;2;10,526315789473685;6000,0;3125,0;-2875,0;-151,31578947368422;1;1;0;0;50;80;500;8;500,0;SOMENTE_SCORES;False;False;-2875,0
783;1733;50;80;700;2;500,0;SOMENTE_SCORES;False;TREINO;42;5;11,904761904761905;-19900,0;-12825,0;7075,0;168,45238095238096;5;0;0;0;50;80;700;2;500,0;SOMENTE_SCORES;False;VALIDACAO;19;2;10,526315789473685;6000,0;3125,0;-2875,0;-151,31578947368422;1;1;0;0;50;80;700;2;500,0;SOMENTE_SCORES;False;False;-2875,0
784;1741;50;80;700;3;500,0;SOMENTE_SCORES;False;TREINO;42;5;11,904761904761905;-19900,0;-12825,0;7075,0;168,45238095238096;5;0;0;0;50;80;700;3;500,0;SOMENTE_SCORES;False;VALIDACAO;19;2;10,526315789473685;6000,0;3125,0;-2875,0;-151,31578947368422;1;1;0;0;50;80;700;3;500,0;SOMENTE_SCORES;False;False;-2875,0
785;1749;50;80;700;5;500,0;SOMENTE_SCORES;False;TREINO;42;5;11,904761904761905;-19900,0;-12825,0;7075,0;168,45238095238096;5;0;0;0;50;80;700;5;500,0;SOMENTE_SCORES;False;VALIDACAO;19;2;10,526315789473685;6000,0;3125,0;-2875,0;-151,31578947368422;1;1;0;0;50;80;700;5;500,0;SOMENTE_SCORES;False;False;-2875,0
786;1757;50;80;700;8;500,0;SOMENTE_SCORES;False;TREINO;42;5;11,904761904761905;-19900,0;-12825,0;7075,0;168,45238095238096;5;0;0;0;50;80;700;8;500,0;SOMENTE_SCORES;False;VALIDACAO;19;2;10,526315789473685;6000,0;3125,0;-2875,0;-151,31578947368422;1;1;0;0;50;80;700;8;500,0;SOMENTE_SCORES;False;False;-2875,0
787;645;30;80;300;2;500,0;SOMENTE_SCORES;False;TREINO;42;8;19,047619047619047;-19900,0;-12850,0;7050,0;167,85714285714286;6;1;1;0;30;80;300;2;500,0;SOMENTE_SCORES;False;VALIDACAO;19;2;10,526315789473685;6000,0;3125,0;-2875,0;-151,31578947368422;1;1;0;0;30;80;300;2;500,0;SOMENTE_SCORES;False;False;-2875,0
788;653;30;80;300;3;500,0;SOMENTE_SCORES;False;TREINO;42;8;19,047619047619047;-19900,0;-12850,0;7050,0;167,85714285714286;6;1;1;0;30;80;300;3;500,0;SOMENTE_SCORES;False;VALIDACAO;19;2;10,526315789473685;6000,0;3125,0;-2875,0;-151,31578947368422;1;1;0;0;30;80;300;3;500,0;SOMENTE_SCORES;False;False;-2875,0
789;661;30;80;300;5;500,0;SOMENTE_SCORES;False;TREINO;42;8;19,047619047619047;-19900,0;-12850,0;7050,0;167,85714285714286;6;1;1;0;30;80;300;5;500,0;SOMENTE_SCORES;False;VALIDACAO;19;2;10,526315789473685;6000,0;3125,0;-2875,0;-151,31578947368422;1;1;0;0;30;80;300;5;500,0;SOMENTE_SCORES;False;False;-2875,0
790;669;30;80;300;8;500,0;SOMENTE_SCORES;False;TREINO;42;8;19,047619047619047;-19900,0;-12850,0;7050,0;167,85714285714286;6;1;1;0;30;80;300;8;500,0;SOMENTE_SCORES;False;VALIDACAO;19;2;10,526315789473685;6000,0;3125,0;-2875,0;-151,31578947368422;1;1;0;0;30;80;300;8;500,0;SOMENTE_SCORES;False;False;-2875,0
791;1157;40;80;300;2;500,0;SOMENTE_SCORES;False;TREINO;42;8;19,047619047619047;-19900,0;-12850,0;7050,0;167,85714285714286;6;1;1;0;40;80;300;2;500,0;SOMENTE_SCORES;False;VALIDACAO;19;2;10,526315789473685;6000,0;3125,0;-2875,0;-151,31578947368422;1;1;0;0;40;80;300;2;500,0;SOMENTE_SCORES;False;False;-2875,0
792;1165;40;80;300;3;500,0;SOMENTE_SCORES;False;TREINO;42;8;19,047619047619047;-19900,0;-12850,0;7050,0;167,85714285714286;6;1;1;0;40;80;300;3;500,0;SOMENTE_SCORES;False;VALIDACAO;19;2;10,526315789473685;6000,0;3125,0;-2875,0;-151,31578947368422;1;1;0;0;40;80;300;3;500,0;SOMENTE_SCORES;False;False;-2875,0
793;1173;40;80;300;5;500,0;SOMENTE_SCORES;False;TREINO;42;8;19,047619047619047;-19900,0;-12850,0;7050,0;167,85714285714286;6;1;1;0;40;80;300;5;500,0;SOMENTE_SCORES;False;VALIDACAO;19;2;10,526315789473685;6000,0;3125,0;-2875,0;-151,31578947368422;1;1;0;0;40;80;300;5;500,0;SOMENTE_SCORES;False;False;-2875,0
794;1181;40;80;300;8;500,0;SOMENTE_SCORES;False;TREINO;42;8;19,047619047619047;-19900,0;-12850,0;7050,0;167,85714285714286;6;1;1;0;40;80;300;8;500,0;SOMENTE_SCORES;False;VALIDACAO;19;2;10,526315789473685;6000,0;3125,0;-2875,0;-151,31578947368422;1;1;0;0;40;80;300;8;500,0;SOMENTE_SCORES;False;False;-2875,0
795;1669;50;80;300;2;500,0;SOMENTE_SCORES;False;TREINO;42;8;19,047619047619047;-19900,0;-12850,0;7050,0;167,85714285714286;6;1;1;0;50;80;300;2;500,0;SOMENTE_SCORES;False;VALIDACAO;19;2;10,526315789473685;6000,0;3125,0;-2875,0;-151,31578947368422;1;1;0;0;50;80;300;2;500,0;SOMENTE_SCORES;False;False;-2875,0
796;1677;50;80;300;3;500,0;SOMENTE_SCORES;False;TREINO;42;8;19,047619047619047;-19900,0;-12850,0;7050,0;167,85714285714286;6;1;1;0;50;80;300;3;500,0;SOMENTE_SCORES;False;VALIDACAO;19;2;10,526315789473685;6000,0;3125,0;-2875,0;-151,31578947368422;1;1;0;0;50;80;300;3;500,0;SOMENTE_SCORES;False;False;-2875,0
797;1685;50;80;300;5;500,0;SOMENTE_SCORES;False;TREINO;42;8;19,047619047619047;-19900,0;-12850,0;7050,0;167,85714285714286;6;1;1;0;50;80;300;5;500,0;SOMENTE_SCORES;False;VALIDACAO;19;2;10,526315789473685;6000,0;3125,0;-2875,0;-151,31578947368422;1;1;0;0;50;80;300;5;500,0;SOMENTE_SCORES;False;False;-2875,0
798;1693;50;80;300;8;500,0;SOMENTE_SCORES;False;TREINO;42;8;19,047619047619047;-19900,0;-12850,0;7050,0;167,85714285714286;6;1;1;0;50;80;300;8;500,0;SOMENTE_SCORES;False;VALIDACAO;19;2;10,526315789473685;6000,0;3125,0;-2875,0;-151,31578947368422;1;1;0;0;50;80;300;8;500,0;SOMENTE_SCORES;False;False;-2875,0
799;229;20;80;900;2;500,0;SOMENTE_SCORES;False;TREINO;42;5;11,904761904761905;-19900,0;-14200,0;5700,0;135,71428571428572;5;0;0;0;20;80;900;2;500,0;SOMENTE_SCORES;False;VALIDACAO;19;2;10,526315789473685;6000,0;3125,0;-2875,0;-151,31578947368422;1;1;0;0;20;80;900;2;500,0;SOMENTE_SCORES;False;False;-2875,0
800;237;20;80;900;3;500,0;SOMENTE_SCORES;False;TREINO;42;5;11,904761904761905;-19900,0;-14200,0;5700,0;135,71428571428572;5;0;0;0;20;80;900;3;500,0;SOMENTE_SCORES;False;VALIDACAO;19;2;10,526315789473685;6000,0;3125,0;-2875,0;-151,31578947368422;1;1;0;0;20;80;900;3;500,0;SOMENTE_SCORES;False;False;-2875,0
801;245;20;80;900;5;500,0;SOMENTE_SCORES;False;TREINO;42;5;11,904761904761905;-19900,0;-14200,0;5700,0;135,71428571428572;5;0;0;0;20;80;900;5;500,0;SOMENTE_SCORES;False;VALIDACAO;19;2;10,526315789473685;6000,0;3125,0;-2875,0;-151,31578947368422;1;1;0;0;20;80;900;5;500,0;SOMENTE_SCORES;False;False;-2875,0
802;253;20;80;900;8;500,0;SOMENTE_SCORES;False;TREINO;42;5;11,904761904761905;-19900,0;-14200,0;5700,0;135,71428571428572;5;0;0;0;20;80;900;8;500,0;SOMENTE_SCORES;False;VALIDACAO;19;2;10,526315789473685;6000,0;3125,0;-2875,0;-151,31578947368422;1;1;0;0;20;80;900;8;500,0;SOMENTE_SCORES;False;False;-2875,0
803;741;30;80;900;2;500,0;SOMENTE_SCORES;False;TREINO;42;5;11,904761904761905;-19900,0;-14200,0;5700,0;135,71428571428572;5;0;0;0;30;80;900;2;500,0;SOMENTE_SCORES;False;VALIDACAO;19;2;10,526315789473685;6000,0;3125,0;-2875,0;-151,31578947368422;1;1;0;0;30;80;900;2;500,0;SOMENTE_SCORES;False;False;-2875,0
804;749;30;80;900;3;500,0;SOMENTE_SCORES;False;TREINO;42;5;11,904761904761905;-19900,0;-14200,0;5700,0;135,71428571428572;5;0;0;0;30;80;900;3;500,0;SOMENTE_SCORES;False;VALIDACAO;19;2;10,526315789473685;6000,0;3125,0;-2875,0;-151,31578947368422;1;1;0;0;30;80;900;3;500,0;SOMENTE_SCORES;False;False;-2875,0
805;757;30;80;900;5;500,0;SOMENTE_SCORES;False;TREINO;42;5;11,904761904761905;-19900,0;-14200,0;5700,0;135,71428571428572;5;0;0;0;30;80;900;5;500,0;SOMENTE_SCORES;False;VALIDACAO;19;2;10,526315789473685;6000,0;3125,0;-2875,0;-151,31578947368422;1;1;0;0;30;80;900;5;500,0;SOMENTE_SCORES;False;False;-2875,0
806;765;30;80;900;8;500,0;SOMENTE_SCORES;False;TREINO;42;5;11,904761904761905;-19900,0;-14200,0;5700,0;135,71428571428572;5;0;0;0;30;80;900;8;500,0;SOMENTE_SCORES;False;VALIDACAO;19;2;10,526315789473685;6000,0;3125,0;-2875,0;-151,31578947368422;1;1;0;0;30;80;900;8;500,0;SOMENTE_SCORES;False;False;-2875,0
807;1253;40;80;900;2;500,0;SOMENTE_SCORES;False;TREINO;42;5;11,904761904761905;-19900,0;-14200,0;5700,0;135,71428571428572;5;0;0;0;40;80;900;2;500,0;SOMENTE_SCORES;False;VALIDACAO;19;2;10,526315789473685;6000,0;3125,0;-2875,0;-151,31578947368422;1;1;0;0;40;80;900;2;500,0;SOMENTE_SCORES;False;False;-2875,0
808;1261;40;80;900;3;500,0;SOMENTE_SCORES;False;TREINO;42;5;11,904761904761905;-19900,0;-14200,0;5700,0;135,71428571428572;5;0;0;0;40;80;900;3;500,0;SOMENTE_SCORES;False;VALIDACAO;19;2;10,526315789473685;6000,0;3125,0;-2875,0;-151,31578947368422;1;1;0;0;40;80;900;3;500,0;SOMENTE_SCORES;False;False;-2875,0
809;1269;40;80;900;5;500,0;SOMENTE_SCORES;False;TREINO;42;5;11,904761904761905;-19900,0;-14200,0;5700,0;135,71428571428572;5;0;0;0;40;80;900;5;500,0;SOMENTE_SCORES;False;VALIDACAO;19;2;10,526315789473685;6000,0;3125,0;-2875,0;-151,31578947368422;1;1;0;0;40;80;900;5;500,0;SOMENTE_SCORES;False;False;-2875,0
810;1277;40;80;900;8;500,0;SOMENTE_SCORES;False;TREINO;42;5;11,904761904761905;-19900,0;-14200,0;5700,0;135,71428571428572;5;0;0;0;40;80;900;8;500,0;SOMENTE_SCORES;False;VALIDACAO;19;2;10,526315789473685;6000,0;3125,0;-2875,0;-151,31578947368422;1;1;0;0;40;80;900;8;500,0;SOMENTE_SCORES;False;False;-2875,0
811;1765;50;80;900;2;500,0;SOMENTE_SCORES;False;TREINO;42;5;11,904761904761905;-19900,0;-14200,0;5700,0;135,71428571428572;5;0;0;0;50;80;900;2;500,0;SOMENTE_SCORES;False;VALIDACAO;19;2;10,526315789473685;6000,0;3125,0;-2875,0;-151,31578947368422;1;1;0;0;50;80;900;2;500,0;SOMENTE_SCORES;False;False;-2875,0
812;1773;50;80;900;3;500,0;SOMENTE_SCORES;False;TREINO;42;5;11,904761904761905;-19900,0;-14200,0;5700,0;135,71428571428572;5;0;0;0;50;80;900;3;500,0;SOMENTE_SCORES;False;VALIDACAO;19;2;10,526315789473685;6000,0;3125,0;-2875,0;-151,31578947368422;1;1;0;0;50;80;900;3;500,0;SOMENTE_SCORES;False;False;-2875,0
813;1781;50;80;900;5;500,0;SOMENTE_SCORES;False;TREINO;42;5;11,904761904761905;-19900,0;-14200,0;5700,0;135,71428571428572;5;0;0;0;50;80;900;5;500,0;SOMENTE_SCORES;False;VALIDACAO;19;2;10,526315789473685;6000,0;3125,0;-2875,0;-151,31578947368422;1;1;0;0;50;80;900;5;500,0;SOMENTE_SCORES;False;False;-2875,0
814;1789;50;80;900;8;500,0;SOMENTE_SCORES;False;TREINO;42;5;11,904761904761905;-19900,0;-14200,0;5700,0;135,71428571428572;5;0;0;0;50;80;900;8;500,0;SOMENTE_SCORES;False;VALIDACAO;19;2;10,526315789473685;6000,0;3125,0;-2875,0;-151,31578947368422;1;1;0;0;50;80;900;8;500,0;SOMENTE_SCORES;False;False;-2875,0
815;151;20;80;300;5;500,0;DELTA_E_SALDO_CONTRARIOS;False;TREINO;42;4;9,523809523809524;-19900,0;-14225,0;5675,0;135,11904761904762;4;0;0;0;20;80;300;5;500,0;DELTA_E_SALDO_CONTRARIOS;False;VALIDACAO;19;2;10,526315789473685;6000,0;3125,0;-2875,0;-151,31578947368422;1;1;0;0;20;80;300;5;500,0;DELTA_E_SALDO_CONTRARIOS;False;False;-2875,0
816;159;20;80;300;8;500,0;DELTA_E_SALDO_CONTRARIOS;False;TREINO;42;4;9,523809523809524;-19900,0;-14225,0;5675,0;135,11904761904762;4;0;0;0;20;80;300;8;500,0;DELTA_E_SALDO_CONTRARIOS;False;VALIDACAO;19;2;10,526315789473685;6000,0;3125,0;-2875,0;-151,31578947368422;1;1;0;0;20;80;300;8;500,0;DELTA_E_SALDO_CONTRARIOS;False;False;-2875,0
817;183;20;80;500;5;500,0;DELTA_E_SALDO_CONTRARIOS;False;TREINO;42;4;9,523809523809524;-19900,0;-14800,0;5100,0;121,42857142857143;4;0;0;0;20;80;500;5;500,0;DELTA_E_SALDO_CONTRARIOS;False;VALIDACAO;19;2;10,526315789473685;6000,0;3125,0;-2875,0;-151,31578947368422;1;1;0;0;20;80;500;5;500,0;DELTA_E_SALDO_CONTRARIOS;False;False;-2875,0
818;191;20;80;500;8;500,0;DELTA_E_SALDO_CONTRARIOS;False;TREINO;42;4;9,523809523809524;-19900,0;-14800,0;5100,0;121,42857142857143;4;0;0;0;20;80;500;8;500,0;DELTA_E_SALDO_CONTRARIOS;False;VALIDACAO;19;2;10,526315789473685;6000,0;3125,0;-2875,0;-151,31578947368422;1;1;0;0;20;80;500;8;500,0;DELTA_E_SALDO_CONTRARIOS;False;False;-2875,0
819;199;20;80;700;2;500,0;DELTA_E_SALDO_CONTRARIOS;False;TREINO;42;4;9,523809523809524;-19900,0;-14800,0;5100,0;121,42857142857143;4;0;0;0;20;80;700;2;500,0;DELTA_E_SALDO_CONTRARIOS;False;VALIDACAO;19;2;10,526315789473685;6000,0;3125,0;-2875,0;-151,31578947368422;1;1;0;0;20;80;700;2;500,0;DELTA_E_SALDO_CONTRARIOS;False;False;-2875,0
820;207;20;80;700;3;500,0;DELTA_E_SALDO_CONTRARIOS;False;TREINO;42;4;9,523809523809524;-19900,0;-14800,0;5100,0;121,42857142857143;4;0;0;0;20;80;700;3;500,0;DELTA_E_SALDO_CONTRARIOS;False;VALIDACAO;19;2;10,526315789473685;6000,0;3125,0;-2875,0;-151,31578947368422;1;1;0;0;20;80;700;3;500,0;DELTA_E_SALDO_CONTRARIOS;False;False;-2875,0
821;215;20;80;700;5;500,0;DELTA_E_SALDO_CONTRARIOS;False;TREINO;42;4;9,523809523809524;-19900,0;-14800,0;5100,0;121,42857142857143;4;0;0;0;20;80;700;5;500,0;DELTA_E_SALDO_CONTRARIOS;False;VALIDACAO;19;2;10,526315789473685;6000,0;3125,0;-2875,0;-151,31578947368422;1;1;0;0;20;80;700;5;500,0;DELTA_E_SALDO_CONTRARIOS;False;False;-2875,0
822;223;20;80;700;8;500,0;DELTA_E_SALDO_CONTRARIOS;False;TREINO;42;4;9,523809523809524;-19900,0;-14800,0;5100,0;121,42857142857143;4;0;0;0;20;80;700;8;500,0;DELTA_E_SALDO_CONTRARIOS;False;VALIDACAO;19;2;10,526315789473685;6000,0;3125,0;-2875,0;-151,31578947368422;1;1;0;0;20;80;700;8;500,0;DELTA_E_SALDO_CONTRARIOS;False;False;-2875,0
823;695;30;80;500;5;500,0;DELTA_E_SALDO_CONTRARIOS;False;TREINO;42;4;9,523809523809524;-19900,0;-14800,0;5100,0;121,42857142857143;4;0;0;0;30;80;500;5;500,0;DELTA_E_SALDO_CONTRARIOS;False;VALIDACAO;19;2;10,526315789473685;6000,0;3125,0;-2875,0;-151,31578947368422;1;1;0;0;30;80;500;5;500,0;DELTA_E_SALDO_CONTRARIOS;False;False;-2875,0
824;703;30;80;500;8;500,0;DELTA_E_SALDO_CONTRARIOS;False;TREINO;42;4;9,523809523809524;-19900,0;-14800,0;5100,0;121,42857142857143;4;0;0;0;30;80;500;8;500,0;DELTA_E_SALDO_CONTRARIOS;False;VALIDACAO;19;2;10,526315789473685;6000,0;3125,0;-2875,0;-151,31578947368422;1;1;0;0;30;80;500;8;500,0;DELTA_E_SALDO_CONTRARIOS;False;False;-2875,0
825;711;30;80;700;2;500,0;DELTA_E_SALDO_CONTRARIOS;False;TREINO;42;4;9,523809523809524;-19900,0;-14800,0;5100,0;121,42857142857143;4;0;0;0;30;80;700;2;500,0;DELTA_E_SALDO_CONTRARIOS;False;VALIDACAO;19;2;10,526315789473685;6000,0;3125,0;-2875,0;-151,31578947368422;1;1;0;0;30;80;700;2;500,0;DELTA_E_SALDO_CONTRARIOS;False;False;-2875,0
826;719;30;80;700;3;500,0;DELTA_E_SALDO_CONTRARIOS;False;TREINO;42;4;9,523809523809524;-19900,0;-14800,0;5100,0;121,42857142857143;4;0;0;0;30;80;700;3;500,0;DELTA_E_SALDO_CONTRARIOS;False;VALIDACAO;19;2;10,526315789473685;6000,0;3125,0;-2875,0;-151,31578947368422;1;1;0;0;30;80;700;3;500,0;DELTA_E_SALDO_CONTRARIOS;False;False;-2875,0
827;727;30;80;700;5;500,0;DELTA_E_SALDO_CONTRARIOS;False;TREINO;42;4;9,523809523809524;-19900,0;-14800,0;5100,0;121,42857142857143;4;0;0;0;30;80;700;5;500,0;DELTA_E_SALDO_CONTRARIOS;False;VALIDACAO;19;2;10,526315789473685;6000,0;3125,0;-2875,0;-151,31578947368422;1;1;0;0;30;80;700;5;500,0;DELTA_E_SALDO_CONTRARIOS;False;False;-2875,0
828;735;30;80;700;8;500,0;DELTA_E_SALDO_CONTRARIOS;False;TREINO;42;4;9,523809523809524;-19900,0;-14800,0;5100,0;121,42857142857143;4;0;0;0;30;80;700;8;500,0;DELTA_E_SALDO_CONTRARIOS;False;VALIDACAO;19;2;10,526315789473685;6000,0;3125,0;-2875,0;-151,31578947368422;1;1;0;0;30;80;700;8;500,0;DELTA_E_SALDO_CONTRARIOS;False;False;-2875,0
829;1207;40;80;500;5;500,0;DELTA_E_SALDO_CONTRARIOS;False;TREINO;42;4;9,523809523809524;-19900,0;-14800,0;5100,0;121,42857142857143;4;0;0;0;40;80;500;5;500,0;DELTA_E_SALDO_CONTRARIOS;False;VALIDACAO;19;2;10,526315789473685;6000,0;3125,0;-2875,0;-151,31578947368422;1;1;0;0;40;80;500;5;500,0;DELTA_E_SALDO_CONTRARIOS;False;False;-2875,0
830;1215;40;80;500;8;500,0;DELTA_E_SALDO_CONTRARIOS;False;TREINO;42;4;9,523809523809524;-19900,0;-14800,0;5100,0;121,42857142857143;4;0;0;0;40;80;500;8;500,0;DELTA_E_SALDO_CONTRARIOS;False;VALIDACAO;19;2;10,526315789473685;6000,0;3125,0;-2875,0;-151,31578947368422;1;1;0;0;40;80;500;8;500,0;DELTA_E_SALDO_CONTRARIOS;False;False;-2875,0
831;1223;40;80;700;2;500,0;DELTA_E_SALDO_CONTRARIOS;False;TREINO;42;4;9,523809523809524;-19900,0;-14800,0;5100,0;121,42857142857143;4;0;0;0;40;80;700;2;500,0;DELTA_E_SALDO_CONTRARIOS;False;VALIDACAO;19;2;10,526315789473685;6000,0;3125,0;-2875,0;-151,31578947368422;1;1;0;0;40;80;700;2;500,0;DELTA_E_SALDO_CONTRARIOS;False;False;-2875,0
832;1231;40;80;700;3;500,0;DELTA_E_SALDO_CONTRARIOS;False;TREINO;42;4;9,523809523809524;-19900,0;-14800,0;5100,0;121,42857142857143;4;0;0;0;40;80;700;3;500,0;DELTA_E_SALDO_CONTRARIOS;False;VALIDACAO;19;2;10,526315789473685;6000,0;3125,0;-2875,0;-151,31578947368422;1;1;0;0;40;80;700;3;500,0;DELTA_E_SALDO_CONTRARIOS;False;False;-2875,0
833;1239;40;80;700;5;500,0;DELTA_E_SALDO_CONTRARIOS;False;TREINO;42;4;9,523809523809524;-19900,0;-14800,0;5100,0;121,42857142857143;4;0;0;0;40;80;700;5;500,0;DELTA_E_SALDO_CONTRARIOS;False;VALIDACAO;19;2;10,526315789473685;6000,0;3125,0;-2875,0;-151,31578947368422;1;1;0;0;40;80;700;5;500,0;DELTA_E_SALDO_CONTRARIOS;False;False;-2875,0
834;1247;40;80;700;8;500,0;DELTA_E_SALDO_CONTRARIOS;False;TREINO;42;4;9,523809523809524;-19900,0;-14800,0;5100,0;121,42857142857143;4;0;0;0;40;80;700;8;500,0;DELTA_E_SALDO_CONTRARIOS;False;VALIDACAO;19;2;10,526315789473685;6000,0;3125,0;-2875,0;-151,31578947368422;1;1;0;0;40;80;700;8;500,0;DELTA_E_SALDO_CONTRARIOS;False;False;-2875,0
835;1719;50;80;500;5;500,0;DELTA_E_SALDO_CONTRARIOS;False;TREINO;42;4;9,523809523809524;-19900,0;-14800,0;5100,0;121,42857142857143;4;0;0;0;50;80;500;5;500,0;DELTA_E_SALDO_CONTRARIOS;False;VALIDACAO;19;2;10,526315789473685;6000,0;3125,0;-2875,0;-151,31578947368422;1;1;0;0;50;80;500;5;500,0;DELTA_E_SALDO_CONTRARIOS;False;False;-2875,0
836;1727;50;80;500;8;500,0;DELTA_E_SALDO_CONTRARIOS;False;TREINO;42;4;9,523809523809524;-19900,0;-14800,0;5100,0;121,42857142857143;4;0;0;0;50;80;500;8;500,0;DELTA_E_SALDO_CONTRARIOS;False;VALIDACAO;19;2;10,526315789473685;6000,0;3125,0;-2875,0;-151,31578947368422;1;1;0;0;50;80;500;8;500,0;DELTA_E_SALDO_CONTRARIOS;False;False;-2875,0
837;1735;50;80;700;2;500,0;DELTA_E_SALDO_CONTRARIOS;False;TREINO;42;4;9,523809523809524;-19900,0;-14800,0;5100,0;121,42857142857143;4;0;0;0;50;80;700;2;500,0;DELTA_E_SALDO_CONTRARIOS;False;VALIDACAO;19;2;10,526315789473685;6000,0;3125,0;-2875,0;-151,31578947368422;1;1;0;0;50;80;700;2;500,0;DELTA_E_SALDO_CONTRARIOS;False;False;-2875,0
838;1743;50;80;700;3;500,0;DELTA_E_SALDO_CONTRARIOS;False;TREINO;42;4;9,523809523809524;-19900,0;-14800,0;5100,0;121,42857142857143;4;0;0;0;50;80;700;3;500,0;DELTA_E_SALDO_CONTRARIOS;False;VALIDACAO;19;2;10,526315789473685;6000,0;3125,0;-2875,0;-151,31578947368422;1;1;0;0;50;80;700;3;500,0;DELTA_E_SALDO_CONTRARIOS;False;False;-2875,0
839;1751;50;80;700;5;500,0;DELTA_E_SALDO_CONTRARIOS;False;TREINO;42;4;9,523809523809524;-19900,0;-14800,0;5100,0;121,42857142857143;4;0;0;0;50;80;700;5;500,0;DELTA_E_SALDO_CONTRARIOS;False;VALIDACAO;19;2;10,526315789473685;6000,0;3125,0;-2875,0;-151,31578947368422;1;1;0;0;50;80;700;5;500,0;DELTA_E_SALDO_CONTRARIOS;False;False;-2875,0
840;1759;50;80;700;8;500,0;DELTA_E_SALDO_CONTRARIOS;False;TREINO;42;4;9,523809523809524;-19900,0;-14800,0;5100,0;121,42857142857143;4;0;0;0;50;80;700;8;500,0;DELTA_E_SALDO_CONTRARIOS;False;VALIDACAO;19;2;10,526315789473685;6000,0;3125,0;-2875,0;-151,31578947368422;1;1;0;0;50;80;700;8;500,0;DELTA_E_SALDO_CONTRARIOS;False;False;-2875,0
841;231;20;80;900;2;500,0;DELTA_E_SALDO_CONTRARIOS;False;TREINO;42;4;9,523809523809524;-19900,0;-15825,0;4075,0;97,02380952380952;4;0;0;0;20;80;900;2;500,0;DELTA_E_SALDO_CONTRARIOS;False;VALIDACAO;19;2;10,526315789473685;6000,0;3125,0;-2875,0;-151,31578947368422;1;1;0;0;20;80;900;2;500,0;DELTA_E_SALDO_CONTRARIOS;False;False;-2875,0
842;239;20;80;900;3;500,0;DELTA_E_SALDO_CONTRARIOS;False;TREINO;42;4;9,523809523809524;-19900,0;-15825,0;4075,0;97,02380952380952;4;0;0;0;20;80;900;3;500,0;DELTA_E_SALDO_CONTRARIOS;False;VALIDACAO;19;2;10,526315789473685;6000,0;3125,0;-2875,0;-151,31578947368422;1;1;0;0;20;80;900;3;500,0;DELTA_E_SALDO_CONTRARIOS;False;False;-2875,0
843;247;20;80;900;5;500,0;DELTA_E_SALDO_CONTRARIOS;False;TREINO;42;4;9,523809523809524;-19900,0;-15825,0;4075,0;97,02380952380952;4;0;0;0;20;80;900;5;500,0;DELTA_E_SALDO_CONTRARIOS;False;VALIDACAO;19;2;10,526315789473685;6000,0;3125,0;-2875,0;-151,31578947368422;1;1;0;0;20;80;900;5;500,0;DELTA_E_SALDO_CONTRARIOS;False;False;-2875,0
844;255;20;80;900;8;500,0;DELTA_E_SALDO_CONTRARIOS;False;TREINO;42;4;9,523809523809524;-19900,0;-15825,0;4075,0;97,02380952380952;4;0;0;0;20;80;900;8;500,0;DELTA_E_SALDO_CONTRARIOS;False;VALIDACAO;19;2;10,526315789473685;6000,0;3125,0;-2875,0;-151,31578947368422;1;1;0;0;20;80;900;8;500,0;DELTA_E_SALDO_CONTRARIOS;False;False;-2875,0
845;743;30;80;900;2;500,0;DELTA_E_SALDO_CONTRARIOS;False;TREINO;42;4;9,523809523809524;-19900,0;-15825,0;4075,0;97,02380952380952;4;0;0;0;30;80;900;2;500,0;DELTA_E_SALDO_CONTRARIOS;False;VALIDACAO;19;2;10,526315789473685;6000,0;3125,0;-2875,0;-151,31578947368422;1;1;0;0;30;80;900;2;500,0;DELTA_E_SALDO_CONTRARIOS;False;False;-2875,0
846;751;30;80;900;3;500,0;DELTA_E_SALDO_CONTRARIOS;False;TREINO;42;4;9,523809523809524;-19900,0;-15825,0;4075,0;97,02380952380952;4;0;0;0;30;80;900;3;500,0;DELTA_E_SALDO_CONTRARIOS;False;VALIDACAO;19;2;10,526315789473685;6000,0;3125,0;-2875,0;-151,31578947368422;1;1;0;0;30;80;900;3;500,0;DELTA_E_SALDO_CONTRARIOS;False;False;-2875,0
847;759;30;80;900;5;500,0;DELTA_E_SALDO_CONTRARIOS;False;TREINO;42;4;9,523809523809524;-19900,0;-15825,0;4075,0;97,02380952380952;4;0;0;0;30;80;900;5;500,0;DELTA_E_SALDO_CONTRARIOS;False;VALIDACAO;19;2;10,526315789473685;6000,0;3125,0;-2875,0;-151,31578947368422;1;1;0;0;30;80;900;5;500,0;DELTA_E_SALDO_CONTRARIOS;False;False;-2875,0
848;767;30;80;900;8;500,0;DELTA_E_SALDO_CONTRARIOS;False;TREINO;42;4;9,523809523809524;-19900,0;-15825,0;4075,0;97,02380952380952;4;0;0;0;30;80;900;8;500,0;DELTA_E_SALDO_CONTRARIOS;False;VALIDACAO;19;2;10,526315789473685;6000,0;3125,0;-2875,0;-151,31578947368422;1;1;0;0;30;80;900;8;500,0;DELTA_E_SALDO_CONTRARIOS;False;False;-2875,0
849;1255;40;80;900;2;500,0;DELTA_E_SALDO_CONTRARIOS;False;TREINO;42;4;9,523809523809524;-19900,0;-15825,0;4075,0;97,02380952380952;4;0;0;0;40;80;900;2;500,0;DELTA_E_SALDO_CONTRARIOS;False;VALIDACAO;19;2;10,526315789473685;6000,0;3125,0;-2875,0;-151,31578947368422;1;1;0;0;40;80;900;2;500,0;DELTA_E_SALDO_CONTRARIOS;False;False;-2875,0
850;1263;40;80;900;3;500,0;DELTA_E_SALDO_CONTRARIOS;False;TREINO;42;4;9,523809523809524;-19900,0;-15825,0;4075,0;97,02380952380952;4;0;0;0;40;80;900;3;500,0;DELTA_E_SALDO_CONTRARIOS;False;VALIDACAO;19;2;10,526315789473685;6000,0;3125,0;-2875,0;-151,31578947368422;1;1;0;0;40;80;900;3;500,0;DELTA_E_SALDO_CONTRARIOS;False;False;-2875,0
851;1271;40;80;900;5;500,0;DELTA_E_SALDO_CONTRARIOS;False;TREINO;42;4;9,523809523809524;-19900,0;-15825,0;4075,0;97,02380952380952;4;0;0;0;40;80;900;5;500,0;DELTA_E_SALDO_CONTRARIOS;False;VALIDACAO;19;2;10,526315789473685;6000,0;3125,0;-2875,0;-151,31578947368422;1;1;0;0;40;80;900;5;500,0;DELTA_E_SALDO_CONTRARIOS;False;False;-2875,0
852;1279;40;80;900;8;500,0;DELTA_E_SALDO_CONTRARIOS;False;TREINO;42;4;9,523809523809524;-19900,0;-15825,0;4075,0;97,02380952380952;4;0;0;0;40;80;900;8;500,0;DELTA_E_SALDO_CONTRARIOS;False;VALIDACAO;19;2;10,526315789473685;6000,0;3125,0;-2875,0;-151,31578947368422;1;1;0;0;40;80;900;8;500,0;DELTA_E_SALDO_CONTRARIOS;False;False;-2875,0
853;1767;50;80;900;2;500,0;DELTA_E_SALDO_CONTRARIOS;False;TREINO;42;4;9,523809523809524;-19900,0;-15825,0;4075,0;97,02380952380952;4;0;0;0;50;80;900;2;500,0;DELTA_E_SALDO_CONTRARIOS;False;VALIDACAO;19;2;10,526315789473685;6000,0;3125,0;-2875,0;-151,31578947368422;1;1;0;0;50;80;900;2;500,0;DELTA_E_SALDO_CONTRARIOS;False;False;-2875,0
854;1775;50;80;900;3;500,0;DELTA_E_SALDO_CONTRARIOS;False;TREINO;42;4;9,523809523809524;-19900,0;-15825,0;4075,0;97,02380952380952;4;0;0;0;50;80;900;3;500,0;DELTA_E_SALDO_CONTRARIOS;False;VALIDACAO;19;2;10,526315789473685;6000,0;3125,0;-2875,0;-151,31578947368422;1;1;0;0;50;80;900;3;500,0;DELTA_E_SALDO_CONTRARIOS;False;False;-2875,0
855;1783;50;80;900;5;500,0;DELTA_E_SALDO_CONTRARIOS;False;TREINO;42;4;9,523809523809524;-19900,0;-15825,0;4075,0;97,02380952380952;4;0;0;0;50;80;900;5;500,0;DELTA_E_SALDO_CONTRARIOS;False;VALIDACAO;19;2;10,526315789473685;6000,0;3125,0;-2875,0;-151,31578947368422;1;1;0;0;50;80;900;5;500,0;DELTA_E_SALDO_CONTRARIOS;False;False;-2875,0
856;1791;50;80;900;8;500,0;DELTA_E_SALDO_CONTRARIOS;False;TREINO;42;4;9,523809523809524;-19900,0;-15825,0;4075,0;97,02380952380952;4;0;0;0;50;80;900;8;500,0;DELTA_E_SALDO_CONTRARIOS;False;VALIDACAO;19;2;10,526315789473685;6000,0;3125,0;-2875,0;-151,31578947368422;1;1;0;0;50;80;900;8;500,0;DELTA_E_SALDO_CONTRARIOS;False;False;-2875,0
857;29;20;70;300;8;500,0;SOMENTE_SCORES;False;TREINO;42;12;28,571428571428573;-19900,0;-15850,0;4050,0;96,42857142857143;8;1;1;0;20;70;300;8;500,0;SOMENTE_SCORES;False;VALIDACAO;19;2;10,526315789473685;6000,0;3125,0;-2875,0;-151,31578947368422;1;1;0;0;20;70;300;8;500,0;SOMENTE_SCORES;False;False;-2875,0
858;31;20;70;300;8;500,0;DELTA_E_SALDO_CONTRARIOS;False;TREINO;42;10;23,80952380952381;-19900,0;-16225,0;3675,0;87,5;7;1;1;0;20;70;300;8;500,0;DELTA_E_SALDO_CONTRARIOS;False;VALIDACAO;19;2;10,526315789473685;6000,0;3125,0;-2875,0;-151,31578947368422;1;1;0;0;20;70;300;8;500,0;DELTA_E_SALDO_CONTRARIOS;False;False;-2875,0
859;101;20;70;900;2;500,0;SOMENTE_SCORES;False;TREINO;42;11;26,19047619047619;-19900,0;-16300,0;3600,0;85,71428571428571;8;1;1;0;20;70;900;2;500,0;SOMENTE_SCORES;False;VALIDACAO;19;2;10,526315789473685;6000,0;3125,0;-2875,0;-151,31578947368422;1;1;0;0;20;70;900;2;500,0;SOMENTE_SCORES;False;False;-2875,0
860;109;20;70;900;3;500,0;SOMENTE_SCORES;False;TREINO;42;11;26,19047619047619;-19900,0;-16300,0;3600,0;85,71428571428571;8;1;1;0;20;70;900;3;500,0;SOMENTE_SCORES;False;VALIDACAO;19;2;10,526315789473685;6000,0;3125,0;-2875,0;-151,31578947368422;1;1;0;0;20;70;900;3;500,0;SOMENTE_SCORES;False;False;-2875,0
861;117;20;70;900;5;500,0;SOMENTE_SCORES;False;TREINO;42;11;26,19047619047619;-19900,0;-16300,0;3600,0;85,71428571428571;8;1;1;0;20;70;900;5;500,0;SOMENTE_SCORES;False;VALIDACAO;19;2;10,526315789473685;6000,0;3125,0;-2875,0;-151,31578947368422;1;1;0;0;20;70;900;5;500,0;SOMENTE_SCORES;False;False;-2875,0
862;125;20;70;900;8;500,0;SOMENTE_SCORES;False;TREINO;42;11;26,19047619047619;-19900,0;-16300,0;3600,0;85,71428571428571;8;1;1;0;20;70;900;8;500,0;SOMENTE_SCORES;False;VALIDACAO;19;2;10,526315789473685;6000,0;3125,0;-2875,0;-151,31578947368422;1;1;0;0;20;70;900;8;500,0;SOMENTE_SCORES;False;False;-2875,0
863;61;20;70;500;8;500,0;SOMENTE_SCORES;False;TREINO;42;12;28,571428571428573;-19900,0;-16425,0;3475,0;82,73809523809524;8;1;1;0;20;70;500;8;500,0;SOMENTE_SCORES;False;VALIDACAO;19;2;10,526315789473685;6000,0;3125,0;-2875,0;-151,31578947368422;1;1;0;0;20;70;500;8;500,0;SOMENTE_SCORES;False;False;-2875,0
864;93;20;70;700;8;500,0;SOMENTE_SCORES;False;TREINO;42;12;28,571428571428573;-19900,0;-16425,0;3475,0;82,73809523809524;8;1;1;0;20;70;700;8;500,0;SOMENTE_SCORES;False;VALIDACAO;19;2;10,526315789473685;6000,0;3125,0;-2875,0;-151,31578947368422;1;1;0;0;20;70;700;8;500,0;SOMENTE_SCORES;False;False;-2875,0
865;63;20;70;500;8;500,0;DELTA_E_SALDO_CONTRARIOS;False;TREINO;42;10;23,80952380952381;-19900,0;-16800,0;3100,0;73,80952380952381;7;1;1;0;20;70;500;8;500,0;DELTA_E_SALDO_CONTRARIOS;False;VALIDACAO;19;2;10,526315789473685;6000,0;3125,0;-2875,0;-151,31578947368422;1;1;0;0;20;70;500;8;500,0;DELTA_E_SALDO_CONTRARIOS;False;False;-2875,0
866;95;20;70;700;8;500,0;DELTA_E_SALDO_CONTRARIOS;False;TREINO;42;10;23,80952380952381;-19900,0;-17200,0;2700,0;64,28571428571429;7;1;1;0;20;70;700;8;500,0;DELTA_E_SALDO_CONTRARIOS;False;VALIDACAO;19;2;10,526315789473685;6000,0;3125,0;-2875,0;-151,31578947368422;1;1;0;0;20;70;700;8;500,0;DELTA_E_SALDO_CONTRARIOS;False;False;-2875,0
867;5;20;70;300;2;500,0;SOMENTE_SCORES;False;TREINO;42;13;30,952380952380953;-19900,0;-18400,0;1500,0;35,714285714285715;8;2;1;0;20;70;300;2;500,0;SOMENTE_SCORES;False;VALIDACAO;19;2;10,526315789473685;6000,0;3125,0;-2875,0;-151,31578947368422;1;1;0;0;20;70;300;2;500,0;SOMENTE_SCORES;False;False;-2875,0
868;13;20;70;300;3;500,0;SOMENTE_SCORES;False;TREINO;42;13;30,952380952380953;-19900,0;-18400,0;1500,0;35,714285714285715;8;2;1;0;20;70;300;3;500,0;SOMENTE_SCORES;False;VALIDACAO;19;2;10,526315789473685;6000,0;3125,0;-2875,0;-151,31578947368422;1;1;0;0;20;70;300;3;500,0;SOMENTE_SCORES;False;False;-2875,0
869;21;20;70;300;5;500,0;SOMENTE_SCORES;False;TREINO;42;13;30,952380952380953;-19900,0;-18400,0;1500,0;35,714285714285715;8;2;1;0;20;70;300;5;500,0;SOMENTE_SCORES;False;VALIDACAO;19;2;10,526315789473685;6000,0;3125,0;-2875,0;-151,31578947368422;1;1;0;0;20;70;300;5;500,0;SOMENTE_SCORES;False;False;-2875,0
870;7;20;70;300;2;500,0;DELTA_E_SALDO_CONTRARIOS;False;TREINO;42;11;26,19047619047619;-19900,0;-18700,0;1200,0;28,571428571428573;7;2;1;0;20;70;300;2;500,0;DELTA_E_SALDO_CONTRARIOS;False;VALIDACAO;19;2;10,526315789473685;6000,0;3125,0;-2875,0;-151,31578947368422;1;1;0;0;20;70;300;2;500,0;DELTA_E_SALDO_CONTRARIOS;False;False;-2875,0
871;15;20;70;300;3;500,0;DELTA_E_SALDO_CONTRARIOS;False;TREINO;42;11;26,19047619047619;-19900,0;-18700,0;1200,0;28,571428571428573;7;2;1;0;20;70;300;3;500,0;DELTA_E_SALDO_CONTRARIOS;False;VALIDACAO;19;2;10,526315789473685;6000,0;3125,0;-2875,0;-151,31578947368422;1;1;0;0;20;70;300;3;500,0;DELTA_E_SALDO_CONTRARIOS;False;False;-2875,0
872;23;20;70;300;5;500,0;DELTA_E_SALDO_CONTRARIOS;False;TREINO;42;11;26,19047619047619;-19900,0;-18775,0;1125,0;26,785714285714285;7;2;1;0;20;70;300;5;500,0;DELTA_E_SALDO_CONTRARIOS;False;VALIDACAO;19;2;10,526315789473685;6000,0;3125,0;-2875,0;-151,31578947368422;1;1;0;0;20;70;300;5;500,0;DELTA_E_SALDO_CONTRARIOS;False;False;-2875,0
873;37;20;70;500;2;500,0;SOMENTE_SCORES;False;TREINO;42;13;30,952380952380953;-19900,0;-18975,0;925,0;22,023809523809526;8;2;1;0;20;70;500;2;500,0;SOMENTE_SCORES;False;VALIDACAO;19;2;10,526315789473685;6000,0;3125,0;-2875,0;-151,31578947368422;1;1;0;0;20;70;500;2;500,0;SOMENTE_SCORES;False;False;-2875,0
874;45;20;70;500;3;500,0;SOMENTE_SCORES;False;TREINO;42;13;30,952380952380953;-19900,0;-18975,0;925,0;22,023809523809526;8;2;1;0;20;70;500;3;500,0;SOMENTE_SCORES;False;VALIDACAO;19;2;10,526315789473685;6000,0;3125,0;-2875,0;-151,31578947368422;1;1;0;0;20;70;500;3;500,0;SOMENTE_SCORES;False;False;-2875,0
875;53;20;70;500;5;500,0;SOMENTE_SCORES;False;TREINO;42;13;30,952380952380953;-19900,0;-18975,0;925,0;22,023809523809526;8;2;1;0;20;70;500;5;500,0;SOMENTE_SCORES;False;VALIDACAO;19;2;10,526315789473685;6000,0;3125,0;-2875,0;-151,31578947368422;1;1;0;0;20;70;500;5;500,0;SOMENTE_SCORES;False;False;-2875,0
876;69;20;70;700;2;500,0;SOMENTE_SCORES;False;TREINO;42;13;30,952380952380953;-19900,0;-18975,0;925,0;22,023809523809526;8;2;1;0;20;70;700;2;500,0;SOMENTE_SCORES;False;VALIDACAO;19;2;10,526315789473685;6000,0;3125,0;-2875,0;-151,31578947368422;1;1;0;0;20;70;700;2;500,0;SOMENTE_SCORES;False;False;-2875,0
877;77;20;70;700;3;500,0;SOMENTE_SCORES;False;TREINO;42;13;30,952380952380953;-19900,0;-18975,0;925,0;22,023809523809526;8;2;1;0;20;70;700;3;500,0;SOMENTE_SCORES;False;VALIDACAO;19;2;10,526315789473685;6000,0;3125,0;-2875,0;-151,31578947368422;1;1;0;0;20;70;700;3;500,0;SOMENTE_SCORES;False;False;-2875,0
878;85;20;70;700;5;500,0;SOMENTE_SCORES;False;TREINO;42;13;30,952380952380953;-19900,0;-18975,0;925,0;22,023809523809526;8;2;1;0;20;70;700;5;500,0;SOMENTE_SCORES;False;VALIDACAO;19;2;10,526315789473685;6000,0;3125,0;-2875,0;-151,31578947368422;1;1;0;0;20;70;700;5;500,0;SOMENTE_SCORES;False;False;-2875,0
879;39;20;70;500;2;500,0;DELTA_E_SALDO_CONTRARIOS;False;TREINO;42;11;26,19047619047619;-19900,0;-19275,0;625,0;14,880952380952381;7;2;1;0;20;70;500;2;500,0;DELTA_E_SALDO_CONTRARIOS;False;VALIDACAO;19;2;10,526315789473685;6000,0;3125,0;-2875,0;-151,31578947368422;1;1;0;0;20;70;500;2;500,0;DELTA_E_SALDO_CONTRARIOS;False;False;-2875,0
880;47;20;70;500;3;500,0;DELTA_E_SALDO_CONTRARIOS;False;TREINO;42;11;26,19047619047619;-19900,0;-19275,0;625,0;14,880952380952381;7;2;1;0;20;70;500;3;500,0;DELTA_E_SALDO_CONTRARIOS;False;VALIDACAO;19;2;10,526315789473685;6000,0;3125,0;-2875,0;-151,31578947368422;1;1;0;0;20;70;500;3;500,0;DELTA_E_SALDO_CONTRARIOS;False;False;-2875,0
881;55;20;70;500;5;500,0;DELTA_E_SALDO_CONTRARIOS;False;TREINO;42;11;26,19047619047619;-19900,0;-19350,0;550,0;13,095238095238095;7;2;1;0;20;70;500;5;500,0;DELTA_E_SALDO_CONTRARIOS;False;VALIDACAO;19;2;10,526315789473685;6000,0;3125,0;-2875,0;-151,31578947368422;1;1;0;0;20;70;500;5;500,0;DELTA_E_SALDO_CONTRARIOS;False;False;-2875,0
882;103;20;70;900;2;500,0;DELTA_E_SALDO_CONTRARIOS;False;TREINO;42;9;21,428571428571427;-19900,0;-19625,0;275,0;6,5476190476190474;6;1;1;0;20;70;900;2;500,0;DELTA_E_SALDO_CONTRARIOS;False;VALIDACAO;19;2;10,526315789473685;6000,0;3125,0;-2875,0;-151,31578947368422;1;1;0;0;20;70;900;2;500,0;DELTA_E_SALDO_CONTRARIOS;False;False;-2875,0
883;111;20;70;900;3;500,0;DELTA_E_SALDO_CONTRARIOS;False;TREINO;42;9;21,428571428571427;-19900,0;-19625,0;275,0;6,5476190476190474;6;1;1;0;20;70;900;3;500,0;DELTA_E_SALDO_CONTRARIOS;False;VALIDACAO;19;2;10,526315789473685;6000,0;3125,0;-2875,0;-151,31578947368422;1;1;0;0;20;70;900;3;500,0;DELTA_E_SALDO_CONTRARIOS;False;False;-2875,0
884;119;20;70;900;5;500,0;DELTA_E_SALDO_CONTRARIOS;False;TREINO;42;9;21,428571428571427;-19900,0;-19625,0;275,0;6,5476190476190474;6;1;1;0;20;70;900;5;500,0;DELTA_E_SALDO_CONTRARIOS;False;VALIDACAO;19;2;10,526315789473685;6000,0;3125,0;-2875,0;-151,31578947368422;1;1;0;0;20;70;900;5;500,0;DELTA_E_SALDO_CONTRARIOS;False;False;-2875,0
885;127;20;70;900;8;500,0;DELTA_E_SALDO_CONTRARIOS;False;TREINO;42;9;21,428571428571427;-19900,0;-19625,0;275,0;6,5476190476190474;6;1;1;0;20;70;900;8;500,0;DELTA_E_SALDO_CONTRARIOS;False;VALIDACAO;19;2;10,526315789473685;6000,0;3125,0;-2875,0;-151,31578947368422;1;1;0;0;20;70;900;8;500,0;DELTA_E_SALDO_CONTRARIOS;False;False;-2875,0
886;71;20;70;700;2;500,0;DELTA_E_SALDO_CONTRARIOS;False;TREINO;42;11;26,19047619047619;-19900,0;-19750,0;150,0;3,5714285714285716;7;2;1;0;20;70;700;2;500,0;DELTA_E_SALDO_CONTRARIOS;False;VALIDACAO;19;2;10,526315789473685;6000,0;3125,0;-2875,0;-151,31578947368422;1;1;0;0;20;70;700;2;500,0;DELTA_E_SALDO_CONTRARIOS;False;False;-2875,0
887;79;20;70;700;3;500,0;DELTA_E_SALDO_CONTRARIOS;False;TREINO;42;11;26,19047619047619;-19900,0;-19750,0;150,0;3,5714285714285716;7;2;1;0;20;70;700;3;500,0;DELTA_E_SALDO_CONTRARIOS;False;VALIDACAO;19;2;10,526315789473685;6000,0;3125,0;-2875,0;-151,31578947368422;1;1;0;0;20;70;700;3;500,0;DELTA_E_SALDO_CONTRARIOS;False;False;-2875,0
888;87;20;70;700;5;500,0;DELTA_E_SALDO_CONTRARIOS;False;TREINO;42;11;26,19047619047619;-19900,0;-19750,0;150,0;3,5714285714285716;7;2;1;0;20;70;700;5;500,0;DELTA_E_SALDO_CONTRARIOS;False;VALIDACAO;19;2;10,526315789473685;6000,0;3125,0;-2875,0;-151,31578947368422;1;1;0;0;20;70;700;5;500,0;DELTA_E_SALDO_CONTRARIOS;False;False;-2875,0
889;517;30;70;300;2;500,0;SOMENTE_SCORES;False;TREINO;42;14;33,333333333333336;-19900,0;-16450,0;3450,0;82,14285714285714;8;3;1;0;30;70;300;2;500,0;SOMENTE_SCORES;False;VALIDACAO;19;4;21,05263157894737;6000,0;3100,0;-2900,0;-152,6315789473684;2;2;0;0;30;70;300;2;500,0;SOMENTE_SCORES;False;False;-2900,0
890;525;30;70;300;3;500,0;SOMENTE_SCORES;False;TREINO;42;14;33,333333333333336;-19900,0;-16450,0;3450,0;82,14285714285714;8;3;1;0;30;70;300;3;500,0;SOMENTE_SCORES;False;VALIDACAO;19;4;21,05263157894737;6000,0;3100,0;-2900,0;-152,6315789473684;2;2;0;0;30;70;300;3;500,0;SOMENTE_SCORES;False;False;-2900,0
891;533;30;70;300;5;500,0;SOMENTE_SCORES;False;TREINO;42;14;33,333333333333336;-19900,0;-16450,0;3450,0;82,14285714285714;8;3;1;0;30;70;300;5;500,0;SOMENTE_SCORES;False;VALIDACAO;19;4;21,05263157894737;6000,0;3100,0;-2900,0;-152,6315789473684;2;2;0;0;30;70;300;5;500,0;SOMENTE_SCORES;False;False;-2900,0
892;541;30;70;300;8;500,0;SOMENTE_SCORES;False;TREINO;42;14;33,333333333333336;-19900,0;-16450,0;3450,0;82,14285714285714;8;3;1;0;30;70;300;8;500,0;SOMENTE_SCORES;False;VALIDACAO;19;4;21,05263157894737;6000,0;3100,0;-2900,0;-152,6315789473684;2;2;0;0;30;70;300;8;500,0;SOMENTE_SCORES;False;False;-2900,0
893;573;30;70;500;8;500,0;SOMENTE_SCORES;False;TREINO;42;13;30,952380952380953;-19900,0;-16950,0;2950,0;70,23809523809524;8;2;1;0;30;70;500;8;500,0;SOMENTE_SCORES;False;VALIDACAO;19;4;21,05263157894737;6000,0;3100,0;-2900,0;-152,6315789473684;2;2;0;0;30;70;500;8;500,0;SOMENTE_SCORES;False;False;-2900,0
894;549;30;70;500;2;500,0;SOMENTE_SCORES;False;TREINO;42;14;33,333333333333336;-19900,0;-19500,0;400,0;9,523809523809524;8;3;1;0;30;70;500;2;500,0;SOMENTE_SCORES;False;VALIDACAO;19;4;21,05263157894737;6000,0;3100,0;-2900,0;-152,6315789473684;2;2;0;0;30;70;500;2;500,0;SOMENTE_SCORES;False;False;-2900,0
895;557;30;70;500;3;500,0;SOMENTE_SCORES;False;TREINO;42;14;33,333333333333336;-19900,0;-19500,0;400,0;9,523809523809524;8;3;1;0;30;70;500;3;500,0;SOMENTE_SCORES;False;VALIDACAO;19;4;21,05263157894737;6000,0;3100,0;-2900,0;-152,6315789473684;2;2;0;0;30;70;500;3;500,0;SOMENTE_SCORES;False;False;-2900,0
896;565;30;70;500;5;500,0;SOMENTE_SCORES;False;TREINO;42;14;33,333333333333336;-19900,0;-19500,0;400,0;9,523809523809524;8;3;1;0;30;70;500;5;500,0;SOMENTE_SCORES;False;VALIDACAO;19;4;21,05263157894737;6000,0;3100,0;-2900,0;-152,6315789473684;2;2;0;0;30;70;500;5;500,0;SOMENTE_SCORES;False;False;-2900,0
897;1055;40;70;300;8;500,0;DELTA_E_SALDO_CONTRARIOS;False;TREINO;42;12;28,571428571428573;-19900,0;-13025,0;6875,0;163,6904761904762;8;2;1;0;40;70;300;8;500,0;DELTA_E_SALDO_CONTRARIOS;False;VALIDACAO;19;5;26,31578947368421;6000,0;2975,0;-3025,0;-159,21052631578948;3;2;0;0;40;70;300;8;500,0;DELTA_E_SALDO_CONTRARIOS;False;False;-3025,0
898;1567;50;70;300;8;500,0;DELTA_E_SALDO_CONTRARIOS;False;TREINO;42;12;28,571428571428573;-19900,0;-13025,0;6875,0;163,6904761904762;8;2;1;0;50;70;300;8;500,0;DELTA_E_SALDO_CONTRARIOS;False;VALIDACAO;19;5;26,31578947368421;6000,0;2975,0;-3025,0;-159,21052631578948;3;2;0;0;50;70;300;8;500,0;DELTA_E_SALDO_CONTRARIOS;False;False;-3025,0
899;1031;40;70;300;2;500,0;DELTA_E_SALDO_CONTRARIOS;False;TREINO;42;13;30,952380952380953;-19900,0;-15500,0;4400,0;104,76190476190476;8;3;1;0;40;70;300;2;500,0;DELTA_E_SALDO_CONTRARIOS;False;VALIDACAO;19;5;26,31578947368421;6000,0;2975,0;-3025,0;-159,21052631578948;3;2;0;0;40;70;300;2;500,0;DELTA_E_SALDO_CONTRARIOS;False;False;-3025,0
900;1039;40;70;300;3;500,0;DELTA_E_SALDO_CONTRARIOS;False;TREINO;42;13;30,952380952380953;-19900,0;-15500,0;4400,0;104,76190476190476;8;3;1;0;40;70;300;3;500,0;DELTA_E_SALDO_CONTRARIOS;False;VALIDACAO;19;5;26,31578947368421;6000,0;2975,0;-3025,0;-159,21052631578948;3;2;0;0;40;70;300;3;500,0;DELTA_E_SALDO_CONTRARIOS;False;False;-3025,0
901;1543;50;70;300;2;500,0;DELTA_E_SALDO_CONTRARIOS;False;TREINO;42;13;30,952380952380953;-19900,0;-15500,0;4400,0;104,76190476190476;8;3;1;0;50;70;300;2;500,0;DELTA_E_SALDO_CONTRARIOS;False;VALIDACAO;19;5;26,31578947368421;6000,0;2975,0;-3025,0;-159,21052631578948;3;2;0;0;50;70;300;2;500,0;DELTA_E_SALDO_CONTRARIOS;False;False;-3025,0
902;1551;50;70;300;3;500,0;DELTA_E_SALDO_CONTRARIOS;False;TREINO;42;13;30,952380952380953;-19900,0;-15500,0;4400,0;104,76190476190476;8;3;1;0;50;70;300;3;500,0;DELTA_E_SALDO_CONTRARIOS;False;VALIDACAO;19;5;26,31578947368421;6000,0;2975,0;-3025,0;-159,21052631578948;3;2;0;0;50;70;300;3;500,0;DELTA_E_SALDO_CONTRARIOS;False;False;-3025,0
903;1047;40;70;300;5;500,0;DELTA_E_SALDO_CONTRARIOS;False;TREINO;42;13;30,952380952380953;-19900,0;-15575,0;4325,0;102,97619047619048;8;3;1;0;40;70;300;5;500,0;DELTA_E_SALDO_CONTRARIOS;False;VALIDACAO;19;5;26,31578947368421;6000,0;2975,0;-3025,0;-159,21052631578948;3;2;0;0;40;70;300;5;500,0;DELTA_E_SALDO_CONTRARIOS;False;False;-3025,0
904;1559;50;70;300;5;500,0;DELTA_E_SALDO_CONTRARIOS;False;TREINO;42;13;30,952380952380953;-19900,0;-15575,0;4325,0;102,97619047619048;8;3;1;0;50;70;300;5;500,0;DELTA_E_SALDO_CONTRARIOS;False;VALIDACAO;19;5;26,31578947368421;6000,0;2975,0;-3025,0;-159,21052631578948;3;2;0;0;50;70;300;5;500,0;DELTA_E_SALDO_CONTRARIOS;False;False;-3025,0
905;1087;40;70;500;8;500,0;DELTA_E_SALDO_CONTRARIOS;False;TREINO;42;12;28,571428571428573;-19900,0;-15725,0;4175,0;99,4047619047619;8;2;1;0;40;70;500;8;500,0;DELTA_E_SALDO_CONTRARIOS;False;VALIDACAO;19;5;26,31578947368421;6000,0;2975,0;-3025,0;-159,21052631578948;3;2;0;0;40;70;500;8;500,0;DELTA_E_SALDO_CONTRARIOS;False;False;-3025,0
906;1599;50;70;500;8;500,0;DELTA_E_SALDO_CONTRARIOS;False;TREINO;42;12;28,571428571428573;-19900,0;-15725,0;4175,0;99,4047619047619;8;2;1;0;50;70;500;8;500,0;DELTA_E_SALDO_CONTRARIOS;False;VALIDACAO;19;5;26,31578947368421;6000,0;2975,0;-3025,0;-159,21052631578948;3;2;0;0;50;70;500;8;500,0;DELTA_E_SALDO_CONTRARIOS;False;False;-3025,0
907;1063;40;70;500;2;500,0;DELTA_E_SALDO_CONTRARIOS;False;TREINO;42;13;30,952380952380953;-19900,0;-18200,0;1700,0;40,476190476190474;8;3;1;0;40;70;500;2;500,0;DELTA_E_SALDO_CONTRARIOS;False;VALIDACAO;19;5;26,31578947368421;6000,0;2975,0;-3025,0;-159,21052631578948;3;2;0;0;40;70;500;2;500,0;DELTA_E_SALDO_CONTRARIOS;False;False;-3025,0
908;1071;40;70;500;3;500,0;DELTA_E_SALDO_CONTRARIOS;False;TREINO;42;13;30,952380952380953;-19900,0;-18200,0;1700,0;40,476190476190474;8;3;1;0;40;70;500;3;500,0;DELTA_E_SALDO_CONTRARIOS;False;VALIDACAO;19;5;26,31578947368421;6000,0;2975,0;-3025,0;-159,21052631578948;3;2;0;0;40;70;500;3;500,0;DELTA_E_SALDO_CONTRARIOS;False;False;-3025,0
909;1575;50;70;500;2;500,0;DELTA_E_SALDO_CONTRARIOS;False;TREINO;42;13;30,952380952380953;-19900,0;-18200,0;1700,0;40,476190476190474;8;3;1;0;50;70;500;2;500,0;DELTA_E_SALDO_CONTRARIOS;False;VALIDACAO;19;5;26,31578947368421;6000,0;2975,0;-3025,0;-159,21052631578948;3;2;0;0;50;70;500;2;500,0;DELTA_E_SALDO_CONTRARIOS;False;False;-3025,0
910;1583;50;70;500;3;500,0;DELTA_E_SALDO_CONTRARIOS;False;TREINO;42;13;30,952380952380953;-19900,0;-18200,0;1700,0;40,476190476190474;8;3;1;0;50;70;500;3;500,0;DELTA_E_SALDO_CONTRARIOS;False;VALIDACAO;19;5;26,31578947368421;6000,0;2975,0;-3025,0;-159,21052631578948;3;2;0;0;50;70;500;3;500,0;DELTA_E_SALDO_CONTRARIOS;False;False;-3025,0
911;1079;40;70;500;5;500,0;DELTA_E_SALDO_CONTRARIOS;False;TREINO;42;13;30,952380952380953;-19900,0;-18275,0;1625,0;38,69047619047619;8;3;1;0;40;70;500;5;500,0;DELTA_E_SALDO_CONTRARIOS;False;VALIDACAO;19;5;26,31578947368421;6000,0;2975,0;-3025,0;-159,21052631578948;3;2;0;0;40;70;500;5;500,0;DELTA_E_SALDO_CONTRARIOS;False;False;-3025,0
912;1591;50;70;500;5;500,0;DELTA_E_SALDO_CONTRARIOS;False;TREINO;42;13;30,952380952380953;-19900,0;-18275,0;1625,0;38,69047619047619;8;3;1;0;50;70;500;5;500,0;DELTA_E_SALDO_CONTRARIOS;False;VALIDACAO;19;5;26,31578947368421;6000,0;2975,0;-3025,0;-159,21052631578948;3;2;0;0;50;70;500;5;500,0;DELTA_E_SALDO_CONTRARIOS;False;False;-3025,0
913;571;30;70;500;8;;DELTA_E_SALDO_CONTRARIOS;False;TREINO;42;14;33,333333333333336;-19900,0;-17175,0;2725,0;64,88095238095238;9;2;2;0;30;70;500;8;;DELTA_E_SALDO_CONTRARIOS;False;VALIDACAO;19;5;26,31578947368421;6000,0;2600,0;-3400,0;-178,94736842105263;2;1;2;0;30;70;500;8;;DELTA_E_SALDO_CONTRARIOS;False;False;-3400,0
914;547;30;70;500;2;;DELTA_E_SALDO_CONTRARIOS;False;TREINO;42;15;35,714285714285715;-19900,0;-19650,0;250,0;5,9523809523809526;9;3;2;0;30;70;500;2;;DELTA_E_SALDO_CONTRARIOS;False;VALIDACAO;19;5;26,31578947368421;6000,0;2600,0;-3400,0;-178,94736842105263;2;1;2;0;30;70;500;2;;DELTA_E_SALDO_CONTRARIOS;False;False;-3400,0
915;555;30;70;500;3;;DELTA_E_SALDO_CONTRARIOS;False;TREINO;42;15;35,714285714285715;-19900,0;-19650,0;250,0;5,9523809523809526;9;3;2;0;30;70;500;3;;DELTA_E_SALDO_CONTRARIOS;False;VALIDACAO;19;5;26,31578947368421;6000,0;2600,0;-3400,0;-178,94736842105263;2;1;2;0;30;70;500;3;;DELTA_E_SALDO_CONTRARIOS;False;False;-3400,0
916;563;30;70;500;5;;DELTA_E_SALDO_CONTRARIOS;False;TREINO;42;15;35,714285714285715;-19900,0;-19725,0;175,0;4,166666666666667;9;3;2;0;30;70;500;5;;DELTA_E_SALDO_CONTRARIOS;False;VALIDACAO;19;5;26,31578947368421;6000,0;2600,0;-3400,0;-178,94736842105263;2;1;2;0;30;70;500;5;;DELTA_E_SALDO_CONTRARIOS;False;False;-3400,0
917;1051;40;70;300;8;;DELTA_E_SALDO_CONTRARIOS;False;TREINO;42;14;33,333333333333336;-19900,0;-13725,0;6175,0;147,02380952380952;9;2;2;0;40;70;300;8;;DELTA_E_SALDO_CONTRARIOS;False;VALIDACAO;19;7;36,8421052631579;6000,0;1475,0;-4525,0;-238,1578947368421;3;2;2;0;40;70;300;8;;DELTA_E_SALDO_CONTRARIOS;False;False;-4525,0
918;1563;50;70;300;8;;DELTA_E_SALDO_CONTRARIOS;False;TREINO;42;14;33,333333333333336;-19900,0;-13725,0;6175,0;147,02380952380952;9;2;2;0;50;70;300;8;;DELTA_E_SALDO_CONTRARIOS;False;VALIDACAO;19;7;36,8421052631579;6000,0;1475,0;-4525,0;-238,1578947368421;3;2;2;0;50;70;300;8;;DELTA_E_SALDO_CONTRARIOS;False;False;-4525,0
919;1027;40;70;300;2;;DELTA_E_SALDO_CONTRARIOS;False;TREINO;42;15;35,714285714285715;-19900,0;-16200,0;3700,0;88,0952380952381;9;3;2;0;40;70;300;2;;DELTA_E_SALDO_CONTRARIOS;False;VALIDACAO;19;7;36,8421052631579;6000,0;1475,0;-4525,0;-238,1578947368421;3;2;2;0;40;70;300;2;;DELTA_E_SALDO_CONTRARIOS;False;False;-4525,0
920;1035;40;70;300;3;;DELTA_E_SALDO_CONTRARIOS;False;TREINO;42;15;35,714285714285715;-19900,0;-16200,0;3700,0;88,0952380952381;9;3;2;0;40;70;300;3;;DELTA_E_SALDO_CONTRARIOS;False;VALIDACAO;19;7;36,8421052631579;6000,0;1475,0;-4525,0;-238,1578947368421;3;2;2;0;40;70;300;3;;DELTA_E_SALDO_CONTRARIOS;False;False;-4525,0
921;1539;50;70;300;2;;DELTA_E_SALDO_CONTRARIOS;False;TREINO;42;15;35,714285714285715;-19900,0;-16200,0;3700,0;88,0952380952381;9;3;2;0;50;70;300;2;;DELTA_E_SALDO_CONTRARIOS;False;VALIDACAO;19;7;36,8421052631579;6000,0;1475,0;-4525,0;-238,1578947368421;3;2;2;0;50;70;300;2;;DELTA_E_SALDO_CONTRARIOS;False;False;-4525,0
922;1547;50;70;300;3;;DELTA_E_SALDO_CONTRARIOS;False;TREINO;42;15;35,714285714285715;-19900,0;-16200,0;3700,0;88,0952380952381;9;3;2;0;50;70;300;3;;DELTA_E_SALDO_CONTRARIOS;False;VALIDACAO;19;7;36,8421052631579;6000,0;1475,0;-4525,0;-238,1578947368421;3;2;2;0;50;70;300;3;;DELTA_E_SALDO_CONTRARIOS;False;False;-4525,0
923;1043;40;70;300;5;;DELTA_E_SALDO_CONTRARIOS;False;TREINO;42;15;35,714285714285715;-19900,0;-16275,0;3625,0;86,30952380952381;9;3;2;0;40;70;300;5;;DELTA_E_SALDO_CONTRARIOS;False;VALIDACAO;19;7;36,8421052631579;6000,0;1475,0;-4525,0;-238,1578947368421;3;2;2;0;40;70;300;5;;DELTA_E_SALDO_CONTRARIOS;False;False;-4525,0
924;1555;50;70;300;5;;DELTA_E_SALDO_CONTRARIOS;False;TREINO;42;15;35,714285714285715;-19900,0;-16275,0;3625,0;86,30952380952381;9;3;2;0;50;70;300;5;;DELTA_E_SALDO_CONTRARIOS;False;VALIDACAO;19;7;36,8421052631579;6000,0;1475,0;-4525,0;-238,1578947368421;3;2;2;0;50;70;300;5;;DELTA_E_SALDO_CONTRARIOS;False;False;-4525,0
925;27;20;70;300;8;;DELTA_E_SALDO_CONTRARIOS;False;TREINO;42;11;26,19047619047619;-19900,0;-17425,0;2475,0;58,92857142857143;7;1;2;0;20;70;300;8;;DELTA_E_SALDO_CONTRARIOS;False;VALIDACAO;19;3;15,789473684210526;6000,0;1400,0;-4600,0;-242,10526315789474;1;1;1;0;20;70;300;8;;DELTA_E_SALDO_CONTRARIOS;False;False;-4600,0
926;59;20;70;500;8;;DELTA_E_SALDO_CONTRARIOS;False;TREINO;42;11;26,19047619047619;-19900,0;-18000,0;1900,0;45,23809523809524;7;1;2;0;20;70;500;8;;DELTA_E_SALDO_CONTRARIOS;False;VALIDACAO;19;3;15,789473684210526;6000,0;1400,0;-4600,0;-242,10526315789474;1;1;1;0;20;70;500;8;;DELTA_E_SALDO_CONTRARIOS;False;False;-4600,0
927;91;20;70;700;8;;DELTA_E_SALDO_CONTRARIOS;False;TREINO;42;11;26,19047619047619;-19900,0;-18400,0;1500,0;35,714285714285715;7;1;2;0;20;70;700;8;;DELTA_E_SALDO_CONTRARIOS;False;VALIDACAO;19;3;15,789473684210526;6000,0;1400,0;-4600,0;-242,10526315789474;1;1;1;0;20;70;700;8;;DELTA_E_SALDO_CONTRARIOS;False;False;-4600,0
928;3;20;70;300;2;;DELTA_E_SALDO_CONTRARIOS;False;TREINO;42;12;28,571428571428573;-19900,0;-19900,0;0,0;0,0;7;2;2;0;20;70;300;2;;DELTA_E_SALDO_CONTRARIOS;False;VALIDACAO;19;3;15,789473684210526;6000,0;1400,0;-4600,0;-242,10526315789474;1;1;1;0;20;70;300;2;;DELTA_E_SALDO_CONTRARIOS;False;False;-4600,0
929;11;20;70;300;3;;DELTA_E_SALDO_CONTRARIOS;False;TREINO;42;12;28,571428571428573;-19900,0;-19900,0;0,0;0,0;7;2;2;0;20;70;300;3;;DELTA_E_SALDO_CONTRARIOS;False;VALIDACAO;19;3;15,789473684210526;6000,0;1400,0;-4600,0;-242,10526315789474;1;1;1;0;20;70;300;3;;DELTA_E_SALDO_CONTRARIOS;False;False;-4600,0
930;19;20;70;300;5;;DELTA_E_SALDO_CONTRARIOS;False;TREINO;42;12;28,571428571428573;-19900,0;-19975,0;-75,0;-1,7857142857142858;7;2;2;0;20;70;300;5;;DELTA_E_SALDO_CONTRARIOS;False;VALIDACAO;19;3;15,789473684210526;6000,0;1400,0;-4600,0;-242,10526315789474;1;1;1;0;20;70;300;5;;DELTA_E_SALDO_CONTRARIOS;False;False;-4600,0
931;35;20;70;500;2;;DELTA_E_SALDO_CONTRARIOS;False;TREINO;42;12;28,571428571428573;-19900,0;-20475,0;-575,0;-13,69047619047619;7;2;2;0;20;70;500;2;;DELTA_E_SALDO_CONTRARIOS;False;VALIDACAO;19;3;15,789473684210526;6000,0;1400,0;-4600,0;-242,10526315789474;1;1;1;0;20;70;500;2;;DELTA_E_SALDO_CONTRARIOS;False;False;-4600,0
932;43;20;70;500;3;;DELTA_E_SALDO_CONTRARIOS;False;TREINO;42;12;28,571428571428573;-19900,0;-20475,0;-575,0;-13,69047619047619;7;2;2;0;20;70;500;3;;DELTA_E_SALDO_CONTRARIOS;False;VALIDACAO;19;3;15,789473684210526;6000,0;1400,0;-4600,0;-242,10526315789474;1;1;1;0;20;70;500;3;;DELTA_E_SALDO_CONTRARIOS;False;False;-4600,0
933;51;20;70;500;5;;DELTA_E_SALDO_CONTRARIOS;False;TREINO;42;12;28,571428571428573;-19900,0;-20550,0;-650,0;-15,476190476190476;7;2;2;0;20;70;500;5;;DELTA_E_SALDO_CONTRARIOS;False;VALIDACAO;19;3;15,789473684210526;6000,0;1400,0;-4600,0;-242,10526315789474;1;1;1;0;20;70;500;5;;DELTA_E_SALDO_CONTRARIOS;False;False;-4600,0
934;99;20;70;900;2;;DELTA_E_SALDO_CONTRARIOS;False;TREINO;42;10;23,80952380952381;-19900,0;-20825,0;-925,0;-22,023809523809526;6;1;2;0;20;70;900;2;;DELTA_E_SALDO_CONTRARIOS;False;VALIDACAO;19;3;15,789473684210526;6000,0;1400,0;-4600,0;-242,10526315789474;1;1;1;0;20;70;900;2;;DELTA_E_SALDO_CONTRARIOS;False;False;-4600,0
935;107;20;70;900;3;;DELTA_E_SALDO_CONTRARIOS;False;TREINO;42;10;23,80952380952381;-19900,0;-20825,0;-925,0;-22,023809523809526;6;1;2;0;20;70;900;3;;DELTA_E_SALDO_CONTRARIOS;False;VALIDACAO;19;3;15,789473684210526;6000,0;1400,0;-4600,0;-242,10526315789474;1;1;1;0;20;70;900;3;;DELTA_E_SALDO_CONTRARIOS;False;False;-4600,0
936;115;20;70;900;5;;DELTA_E_SALDO_CONTRARIOS;False;TREINO;42;10;23,80952380952381;-19900,0;-20825,0;-925,0;-22,023809523809526;6;1;2;0;20;70;900;5;;DELTA_E_SALDO_CONTRARIOS;False;VALIDACAO;19;3;15,789473684210526;6000,0;1400,0;-4600,0;-242,10526315789474;1;1;1;0;20;70;900;5;;DELTA_E_SALDO_CONTRARIOS;False;False;-4600,0
937;123;20;70;900;8;;DELTA_E_SALDO_CONTRARIOS;False;TREINO;42;10;23,80952380952381;-19900,0;-20825,0;-925,0;-22,023809523809526;6;1;2;0;20;70;900;8;;DELTA_E_SALDO_CONTRARIOS;False;VALIDACAO;19;3;15,789473684210526;6000,0;1400,0;-4600,0;-242,10526315789474;1;1;1;0;20;70;900;8;;DELTA_E_SALDO_CONTRARIOS;False;False;-4600,0
938;67;20;70;700;2;;DELTA_E_SALDO_CONTRARIOS;False;TREINO;42;12;28,571428571428573;-19900,0;-20950,0;-1050,0;-25,0;7;2;2;0;20;70;700;2;;DELTA_E_SALDO_CONTRARIOS;False;VALIDACAO;19;3;15,789473684210526;6000,0;1400,0;-4600,0;-242,10526315789474;1;1;1;0;20;70;700;2;;DELTA_E_SALDO_CONTRARIOS;False;False;-4600,0
939;75;20;70;700;3;;DELTA_E_SALDO_CONTRARIOS;False;TREINO;42;12;28,571428571428573;-19900,0;-20950,0;-1050,0;-25,0;7;2;2;0;20;70;700;3;;DELTA_E_SALDO_CONTRARIOS;False;VALIDACAO;19;3;15,789473684210526;6000,0;1400,0;-4600,0;-242,10526315789474;1;1;1;0;20;70;700;3;;DELTA_E_SALDO_CONTRARIOS;False;False;-4600,0
940;83;20;70;700;5;;DELTA_E_SALDO_CONTRARIOS;False;TREINO;42;12;28,571428571428573;-19900,0;-20950,0;-1050,0;-25,0;7;2;2;0;20;70;700;5;;DELTA_E_SALDO_CONTRARIOS;False;VALIDACAO;19;3;15,789473684210526;6000,0;1400,0;-4600,0;-242,10526315789474;1;1;1;0;20;70;700;5;;DELTA_E_SALDO_CONTRARIOS;False;False;-4600,0
941;605;30;70;700;8;500,0;SOMENTE_SCORES;False;TREINO;42;13;30,952380952380953;-19900,0;-16950,0;2950,0;70,23809523809524;8;2;1;0;30;70;700;8;500,0;SOMENTE_SCORES;False;VALIDACAO;19;4;21,05263157894737;6000,0;1300,0;-4700,0;-247,3684210526316;2;2;0;0;30;70;700;8;500,0;SOMENTE_SCORES;False;False;-4700,0
942;581;30;70;700;2;500,0;SOMENTE_SCORES;False;TREINO;42;14;33,333333333333336;-19900,0;-19500,0;400,0;9,523809523809524;8;3;1;0;30;70;700;2;500,0;SOMENTE_SCORES;False;VALIDACAO;19;4;21,05263157894737;6000,0;1300,0;-4700,0;-247,3684210526316;2;2;0;0;30;70;700;2;500,0;SOMENTE_SCORES;False;False;-4700,0
943;589;30;70;700;3;500,0;SOMENTE_SCORES;False;TREINO;42;14;33,333333333333336;-19900,0;-19500,0;400,0;9,523809523809524;8;3;1;0;30;70;700;3;500,0;SOMENTE_SCORES;False;VALIDACAO;19;4;21,05263157894737;6000,0;1300,0;-4700,0;-247,3684210526316;2;2;0;0;30;70;700;3;500,0;SOMENTE_SCORES;False;False;-4700,0
944;597;30;70;700;5;500,0;SOMENTE_SCORES;False;TREINO;42;14;33,333333333333336;-19900,0;-19500,0;400,0;9,523809523809524;8;3;1;0;30;70;700;5;500,0;SOMENTE_SCORES;False;VALIDACAO;19;4;21,05263157894737;6000,0;1300,0;-4700,0;-247,3684210526316;2;2;0;0;30;70;700;5;500,0;SOMENTE_SCORES;False;False;-4700,0
945;1119;40;70;700;8;500,0;DELTA_E_SALDO_CONTRARIOS;False;TREINO;42;12;28,571428571428573;-19900,0;-16125,0;3775,0;89,88095238095238;8;2;1;0;40;70;700;8;500,0;DELTA_E_SALDO_CONTRARIOS;False;VALIDACAO;19;5;26,31578947368421;6000,0;1175,0;-4825,0;-253,94736842105263;3;2;0;0;40;70;700;8;500,0;DELTA_E_SALDO_CONTRARIOS;False;False;-4825,0
946;1631;50;70;700;8;500,0;DELTA_E_SALDO_CONTRARIOS;False;TREINO;42;12;28,571428571428573;-19900,0;-16125,0;3775,0;89,88095238095238;8;2;1;0;50;70;700;8;500,0;DELTA_E_SALDO_CONTRARIOS;False;VALIDACAO;19;5;26,31578947368421;6000,0;1175,0;-4825,0;-253,94736842105263;3;2;0;0;50;70;700;8;500,0;DELTA_E_SALDO_CONTRARIOS;False;False;-4825,0
947;1125;40;70;900;2;500,0;SOMENTE_SCORES;False;TREINO;42;12;28,571428571428573;-19900,0;-16975,0;2925,0;69,64285714285714;8;2;1;0;40;70;900;2;500,0;SOMENTE_SCORES;False;VALIDACAO;19;5;26,31578947368421;6000,0;1175,0;-4825,0;-253,94736842105263;3;2;0;0;40;70;900;2;500,0;SOMENTE_SCORES;False;False;-4825,0
948;1133;40;70;900;3;500,0;SOMENTE_SCORES;False;TREINO;42;12;28,571428571428573;-19900,0;-16975,0;2925,0;69,64285714285714;8;2;1;0;40;70;900;3;500,0;SOMENTE_SCORES;False;VALIDACAO;19;5;26,31578947368421;6000,0;1175,0;-4825,0;-253,94736842105263;3;2;0;0;40;70;900;3;500,0;SOMENTE_SCORES;False;False;-4825,0
949;1141;40;70;900;5;500,0;SOMENTE_SCORES;False;TREINO;42;12;28,571428571428573;-19900,0;-16975,0;2925,0;69,64285714285714;8;2;1;0;40;70;900;5;500,0;SOMENTE_SCORES;False;VALIDACAO;19;5;26,31578947368421;6000,0;1175,0;-4825,0;-253,94736842105263;3;2;0;0;40;70;900;5;500,0;SOMENTE_SCORES;False;False;-4825,0
950;1149;40;70;900;8;500,0;SOMENTE_SCORES;False;TREINO;42;12;28,571428571428573;-19900,0;-16975,0;2925,0;69,64285714285714;8;2;1;0;40;70;900;8;500,0;SOMENTE_SCORES;False;VALIDACAO;19;5;26,31578947368421;6000,0;1175,0;-4825,0;-253,94736842105263;3;2;0;0;40;70;900;8;500,0;SOMENTE_SCORES;False;False;-4825,0
951;1637;50;70;900;2;500,0;SOMENTE_SCORES;False;TREINO;42;12;28,571428571428573;-19900,0;-16975,0;2925,0;69,64285714285714;8;2;1;0;50;70;900;2;500,0;SOMENTE_SCORES;False;VALIDACAO;19;5;26,31578947368421;6000,0;1175,0;-4825,0;-253,94736842105263;3;2;0;0;50;70;900;2;500,0;SOMENTE_SCORES;False;False;-4825,0
952;1645;50;70;900;3;500,0;SOMENTE_SCORES;False;TREINO;42;12;28,571428571428573;-19900,0;-16975,0;2925,0;69,64285714285714;8;2;1;0;50;70;900;3;500,0;SOMENTE_SCORES;False;VALIDACAO;19;5;26,31578947368421;6000,0;1175,0;-4825,0;-253,94736842105263;3;2;0;0;50;70;900;3;500,0;SOMENTE_SCORES;False;False;-4825,0
953;1653;50;70;900;5;500,0;SOMENTE_SCORES;False;TREINO;42;12;28,571428571428573;-19900,0;-16975,0;2925,0;69,64285714285714;8;2;1;0;50;70;900;5;500,0;SOMENTE_SCORES;False;VALIDACAO;19;5;26,31578947368421;6000,0;1175,0;-4825,0;-253,94736842105263;3;2;0;0;50;70;900;5;500,0;SOMENTE_SCORES;False;False;-4825,0
954;1661;50;70;900;8;500,0;SOMENTE_SCORES;False;TREINO;42;12;28,571428571428573;-19900,0;-16975,0;2925,0;69,64285714285714;8;2;1;0;50;70;900;8;500,0;SOMENTE_SCORES;False;VALIDACAO;19;5;26,31578947368421;6000,0;1175,0;-4825,0;-253,94736842105263;3;2;0;0;50;70;900;8;500,0;SOMENTE_SCORES;False;False;-4825,0
955;1095;40;70;700;2;500,0;DELTA_E_SALDO_CONTRARIOS;False;TREINO;42;13;30,952380952380953;-19900,0;-18675,0;1225,0;29,166666666666668;8;3;1;0;40;70;700;2;500,0;DELTA_E_SALDO_CONTRARIOS;False;VALIDACAO;19;5;26,31578947368421;6000,0;1175,0;-4825,0;-253,94736842105263;3;2;0;0;40;70;700;2;500,0;DELTA_E_SALDO_CONTRARIOS;False;False;-4825,0
956;1103;40;70;700;3;500,0;DELTA_E_SALDO_CONTRARIOS;False;TREINO;42;13;30,952380952380953;-19900,0;-18675,0;1225,0;29,166666666666668;8;3;1;0;40;70;700;3;500,0;DELTA_E_SALDO_CONTRARIOS;False;VALIDACAO;19;5;26,31578947368421;6000,0;1175,0;-4825,0;-253,94736842105263;3;2;0;0;40;70;700;3;500,0;DELTA_E_SALDO_CONTRARIOS;False;False;-4825,0
957;1111;40;70;700;5;500,0;DELTA_E_SALDO_CONTRARIOS;False;TREINO;42;13;30,952380952380953;-19900,0;-18675,0;1225,0;29,166666666666668;8;3;1;0;40;70;700;5;500,0;DELTA_E_SALDO_CONTRARIOS;False;VALIDACAO;19;5;26,31578947368421;6000,0;1175,0;-4825,0;-253,94736842105263;3;2;0;0;40;70;700;5;500,0;DELTA_E_SALDO_CONTRARIOS;False;False;-4825,0
958;1607;50;70;700;2;500,0;DELTA_E_SALDO_CONTRARIOS;False;TREINO;42;13;30,952380952380953;-19900,0;-18675,0;1225,0;29,166666666666668;8;3;1;0;50;70;700;2;500,0;DELTA_E_SALDO_CONTRARIOS;False;VALIDACAO;19;5;26,31578947368421;6000,0;1175,0;-4825,0;-253,94736842105263;3;2;0;0;50;70;700;2;500,0;DELTA_E_SALDO_CONTRARIOS;False;False;-4825,0
959;1615;50;70;700;3;500,0;DELTA_E_SALDO_CONTRARIOS;False;TREINO;42;13;30,952380952380953;-19900,0;-18675,0;1225,0;29,166666666666668;8;3;1;0;50;70;700;3;500,0;DELTA_E_SALDO_CONTRARIOS;False;VALIDACAO;19;5;26,31578947368421;6000,0;1175,0;-4825,0;-253,94736842105263;3;2;0;0;50;70;700;3;500,0;DELTA_E_SALDO_CONTRARIOS;False;False;-4825,0
960;1623;50;70;700;5;500,0;DELTA_E_SALDO_CONTRARIOS;False;TREINO;42;13;30,952380952380953;-19900,0;-18675,0;1225,0;29,166666666666668;8;3;1;0;50;70;700;5;500,0;DELTA_E_SALDO_CONTRARIOS;False;VALIDACAO;19;5;26,31578947368421;6000,0;1175,0;-4825,0;-253,94736842105263;3;2;0;0;50;70;700;5;500,0;DELTA_E_SALDO_CONTRARIOS;False;False;-4825,0
961;1127;40;70;900;2;500,0;DELTA_E_SALDO_CONTRARIOS;False;TREINO;42;11;26,19047619047619;-19900,0;-19400,0;500,0;11,904761904761905;7;2;1;0;40;70;900;2;500,0;DELTA_E_SALDO_CONTRARIOS;False;VALIDACAO;19;5;26,31578947368421;6000,0;1175,0;-4825,0;-253,94736842105263;3;2;0;0;40;70;900;2;500,0;DELTA_E_SALDO_CONTRARIOS;False;False;-4825,0
962;1135;40;70;900;3;500,0;DELTA_E_SALDO_CONTRARIOS;False;TREINO;42;11;26,19047619047619;-19900,0;-19400,0;500,0;11,904761904761905;7;2;1;0;40;70;900;3;500,0;DELTA_E_SALDO_CONTRARIOS;False;VALIDACAO;19;5;26,31578947368421;6000,0;1175,0;-4825,0;-253,94736842105263;3;2;0;0;40;70;900;3;500,0;DELTA_E_SALDO_CONTRARIOS;False;False;-4825,0
963;1143;40;70;900;5;500,0;DELTA_E_SALDO_CONTRARIOS;False;TREINO;42;11;26,19047619047619;-19900,0;-19400,0;500,0;11,904761904761905;7;2;1;0;40;70;900;5;500,0;DELTA_E_SALDO_CONTRARIOS;False;VALIDACAO;19;5;26,31578947368421;6000,0;1175,0;-4825,0;-253,94736842105263;3;2;0;0;40;70;900;5;500,0;DELTA_E_SALDO_CONTRARIOS;False;False;-4825,0
964;1151;40;70;900;8;500,0;DELTA_E_SALDO_CONTRARIOS;False;TREINO;42;11;26,19047619047619;-19900,0;-19400,0;500,0;11,904761904761905;7;2;1;0;40;70;900;8;500,0;DELTA_E_SALDO_CONTRARIOS;False;VALIDACAO;19;5;26,31578947368421;6000,0;1175,0;-4825,0;-253,94736842105263;3;2;0;0;40;70;900;8;500,0;DELTA_E_SALDO_CONTRARIOS;False;False;-4825,0
965;1639;50;70;900;2;500,0;DELTA_E_SALDO_CONTRARIOS;False;TREINO;42;11;26,19047619047619;-19900,0;-19400,0;500,0;11,904761904761905;7;2;1;0;50;70;900;2;500,0;DELTA_E_SALDO_CONTRARIOS;False;VALIDACAO;19;5;26,31578947368421;6000,0;1175,0;-4825,0;-253,94736842105263;3;2;0;0;50;70;900;2;500,0;DELTA_E_SALDO_CONTRARIOS;False;False;-4825,0
966;1647;50;70;900;3;500,0;DELTA_E_SALDO_CONTRARIOS;False;TREINO;42;11;26,19047619047619;-19900,0;-19400,0;500,0;11,904761904761905;7;2;1;0;50;70;900;3;500,0;DELTA_E_SALDO_CONTRARIOS;False;VALIDACAO;19;5;26,31578947368421;6000,0;1175,0;-4825,0;-253,94736842105263;3;2;0;0;50;70;900;3;500,0;DELTA_E_SALDO_CONTRARIOS;False;False;-4825,0
967;1655;50;70;900;5;500,0;DELTA_E_SALDO_CONTRARIOS;False;TREINO;42;11;26,19047619047619;-19900,0;-19400,0;500,0;11,904761904761905;7;2;1;0;50;70;900;5;500,0;DELTA_E_SALDO_CONTRARIOS;False;VALIDACAO;19;5;26,31578947368421;6000,0;1175,0;-4825,0;-253,94736842105263;3;2;0;0;50;70;900;5;500,0;DELTA_E_SALDO_CONTRARIOS;False;False;-4825,0
968;1663;50;70;900;8;500,0;DELTA_E_SALDO_CONTRARIOS;False;TREINO;42;11;26,19047619047619;-19900,0;-19400,0;500,0;11,904761904761905;7;2;1;0;50;70;900;8;500,0;DELTA_E_SALDO_CONTRARIOS;False;VALIDACAO;19;5;26,31578947368421;6000,0;1175,0;-4825,0;-253,94736842105263;3;2;0;0;50;70;900;8;500,0;DELTA_E_SALDO_CONTRARIOS;False;False;-4825,0
969;643;30;80;300;2;;DELTA_E_SALDO_CONTRARIOS;False;TREINO;42;8;19,047619047619047;-19900,0;-11600,0;8300,0;197,61904761904762;6;0;2;0;30;80;300;2;;DELTA_E_SALDO_CONTRARIOS;False;VALIDACAO;19;3;15,789473684210526;6000,0;800,0;-5200,0;-273,6842105263158;1;1;1;0;30;80;300;2;;DELTA_E_SALDO_CONTRARIOS;False;False;-5200,0
970;651;30;80;300;3;;DELTA_E_SALDO_CONTRARIOS;False;TREINO;42;8;19,047619047619047;-19900,0;-11600,0;8300,0;197,61904761904762;6;0;2;0;30;80;300;3;;DELTA_E_SALDO_CONTRARIOS;False;VALIDACAO;19;3;15,789473684210526;6000,0;800,0;-5200,0;-273,6842105263158;1;1;1;0;30;80;300;3;;DELTA_E_SALDO_CONTRARIOS;False;False;-5200,0
971;1155;40;80;300;2;;DELTA_E_SALDO_CONTRARIOS;False;TREINO;42;8;19,047619047619047;-19900,0;-11600,0;8300,0;197,61904761904762;6;0;2;0;40;80;300;2;;DELTA_E_SALDO_CONTRARIOS;False;VALIDACAO;19;3;15,789473684210526;6000,0;800,0;-5200,0;-273,6842105263158;1;1;1;0;40;80;300;2;;DELTA_E_SALDO_CONTRARIOS;False;False;-5200,0
972;1163;40;80;300;3;;DELTA_E_SALDO_CONTRARIOS;False;TREINO;42;8;19,047619047619047;-19900,0;-11600,0;8300,0;197,61904761904762;6;0;2;0;40;80;300;3;;DELTA_E_SALDO_CONTRARIOS;False;VALIDACAO;19;3;15,789473684210526;6000,0;800,0;-5200,0;-273,6842105263158;1;1;1;0;40;80;300;3;;DELTA_E_SALDO_CONTRARIOS;False;False;-5200,0
973;1667;50;80;300;2;;DELTA_E_SALDO_CONTRARIOS;False;TREINO;42;8;19,047619047619047;-19900,0;-11600,0;8300,0;197,61904761904762;6;0;2;0;50;80;300;2;;DELTA_E_SALDO_CONTRARIOS;False;VALIDACAO;19;3;15,789473684210526;6000,0;800,0;-5200,0;-273,6842105263158;1;1;1;0;50;80;300;2;;DELTA_E_SALDO_CONTRARIOS;False;False;-5200,0
974;1675;50;80;300;3;;DELTA_E_SALDO_CONTRARIOS;False;TREINO;42;8;19,047619047619047;-19900,0;-11600,0;8300,0;197,61904761904762;6;0;2;0;50;80;300;3;;DELTA_E_SALDO_CONTRARIOS;False;VALIDACAO;19;3;15,789473684210526;6000,0;800,0;-5200,0;-273,6842105263158;1;1;1;0;50;80;300;3;;DELTA_E_SALDO_CONTRARIOS;False;False;-5200,0
975;131;20;80;300;2;;DELTA_E_SALDO_CONTRARIOS;False;TREINO;42;6;14,285714285714286;-19900,0;-13200,0;6700,0;159,52380952380952;5;0;1;0;20;80;300;2;;DELTA_E_SALDO_CONTRARIOS;False;VALIDACAO;19;3;15,789473684210526;6000,0;800,0;-5200,0;-273,6842105263158;1;1;1;0;20;80;300;2;;DELTA_E_SALDO_CONTRARIOS;False;False;-5200,0
976;139;20;80;300;3;;DELTA_E_SALDO_CONTRARIOS;False;TREINO;42;6;14,285714285714286;-19900,0;-13200,0;6700,0;159,52380952380952;5;0;1;0;20;80;300;3;;DELTA_E_SALDO_CONTRARIOS;False;VALIDACAO;19;3;15,789473684210526;6000,0;800,0;-5200,0;-273,6842105263158;1;1;1;0;20;80;300;3;;DELTA_E_SALDO_CONTRARIOS;False;False;-5200,0
977;129;20;80;300;2;;SOMENTE_SCORES;False;TREINO;42;6;14,285714285714286;-19900,0;-13450,0;6450,0;153,57142857142858;5;0;1;0;20;80;300;2;;SOMENTE_SCORES;False;VALIDACAO;19;3;15,789473684210526;6000,0;800,0;-5200,0;-273,6842105263158;1;1;1;0;20;80;300;2;;SOMENTE_SCORES;False;False;-5200,0
978;137;20;80;300;3;;SOMENTE_SCORES;False;TREINO;42;6;14,285714285714286;-19900,0;-13450,0;6450,0;153,57142857142858;5;0;1;0;20;80;300;3;;SOMENTE_SCORES;False;VALIDACAO;19;3;15,789473684210526;6000,0;800,0;-5200,0;-273,6842105263158;1;1;1;0;20;80;300;3;;SOMENTE_SCORES;False;False;-5200,0
979;145;20;80;300;5;;SOMENTE_SCORES;False;TREINO;42;6;14,285714285714286;-19900,0;-13450,0;6450,0;153,57142857142858;5;0;1;0;20;80;300;5;;SOMENTE_SCORES;False;VALIDACAO;19;3;15,789473684210526;6000,0;800,0;-5200,0;-273,6842105263158;1;1;1;0;20;80;300;5;;SOMENTE_SCORES;False;False;-5200,0
980;153;20;80;300;8;;SOMENTE_SCORES;False;TREINO;42;6;14,285714285714286;-19900,0;-13450,0;6450,0;153,57142857142858;5;0;1;0;20;80;300;8;;SOMENTE_SCORES;False;VALIDACAO;19;3;15,789473684210526;6000,0;800,0;-5200,0;-273,6842105263158;1;1;1;0;20;80;300;8;;SOMENTE_SCORES;False;False;-5200,0
981;163;20;80;500;2;;DELTA_E_SALDO_CONTRARIOS;False;TREINO;42;6;14,285714285714286;-19900,0;-13775,0;6125,0;145,83333333333334;5;0;1;0;20;80;500;2;;DELTA_E_SALDO_CONTRARIOS;False;VALIDACAO;19;3;15,789473684210526;6000,0;800,0;-5200,0;-273,6842105263158;1;1;1;0;20;80;500;2;;DELTA_E_SALDO_CONTRARIOS;False;False;-5200,0
982;171;20;80;500;3;;DELTA_E_SALDO_CONTRARIOS;False;TREINO;42;6;14,285714285714286;-19900,0;-13775,0;6125,0;145,83333333333334;5;0;1;0;20;80;500;3;;DELTA_E_SALDO_CONTRARIOS;False;VALIDACAO;19;3;15,789473684210526;6000,0;800,0;-5200,0;-273,6842105263158;1;1;1;0;20;80;500;3;;DELTA_E_SALDO_CONTRARIOS;False;False;-5200,0
983;675;30;80;500;2;;DELTA_E_SALDO_CONTRARIOS;False;TREINO;42;6;14,285714285714286;-19900,0;-13775,0;6125,0;145,83333333333334;5;0;1;0;30;80;500;2;;DELTA_E_SALDO_CONTRARIOS;False;VALIDACAO;19;3;15,789473684210526;6000,0;800,0;-5200,0;-273,6842105263158;1;1;1;0;30;80;500;2;;DELTA_E_SALDO_CONTRARIOS;False;False;-5200,0
984;683;30;80;500;3;;DELTA_E_SALDO_CONTRARIOS;False;TREINO;42;6;14,285714285714286;-19900,0;-13775,0;6125,0;145,83333333333334;5;0;1;0;30;80;500;3;;DELTA_E_SALDO_CONTRARIOS;False;VALIDACAO;19;3;15,789473684210526;6000,0;800,0;-5200,0;-273,6842105263158;1;1;1;0;30;80;500;3;;DELTA_E_SALDO_CONTRARIOS;False;False;-5200,0
985;1187;40;80;500;2;;DELTA_E_SALDO_CONTRARIOS;False;TREINO;42;6;14,285714285714286;-19900,0;-13775,0;6125,0;145,83333333333334;5;0;1;0;40;80;500;2;;DELTA_E_SALDO_CONTRARIOS;False;VALIDACAO;19;3;15,789473684210526;6000,0;800,0;-5200,0;-273,6842105263158;1;1;1;0;40;80;500;2;;DELTA_E_SALDO_CONTRARIOS;False;False;-5200,0
986;1195;40;80;500;3;;DELTA_E_SALDO_CONTRARIOS;False;TREINO;42;6;14,285714285714286;-19900,0;-13775,0;6125,0;145,83333333333334;5;0;1;0;40;80;500;3;;DELTA_E_SALDO_CONTRARIOS;False;VALIDACAO;19;3;15,789473684210526;6000,0;800,0;-5200,0;-273,6842105263158;1;1;1;0;40;80;500;3;;DELTA_E_SALDO_CONTRARIOS;False;False;-5200,0
987;1699;50;80;500;2;;DELTA_E_SALDO_CONTRARIOS;False;TREINO;42;6;14,285714285714286;-19900,0;-13775,0;6125,0;145,83333333333334;5;0;1;0;50;80;500;2;;DELTA_E_SALDO_CONTRARIOS;False;VALIDACAO;19;3;15,789473684210526;6000,0;800,0;-5200,0;-273,6842105263158;1;1;1;0;50;80;500;2;;DELTA_E_SALDO_CONTRARIOS;False;False;-5200,0
988;1707;50;80;500;3;;DELTA_E_SALDO_CONTRARIOS;False;TREINO;42;6;14,285714285714286;-19900,0;-13775,0;6125,0;145,83333333333334;5;0;1;0;50;80;500;3;;DELTA_E_SALDO_CONTRARIOS;False;VALIDACAO;19;3;15,789473684210526;6000,0;800,0;-5200,0;-273,6842105263158;1;1;1;0;50;80;500;3;;DELTA_E_SALDO_CONTRARIOS;False;False;-5200,0
989;659;30;80;300;5;;DELTA_E_SALDO_CONTRARIOS;False;TREINO;42;7;16,666666666666668;-19900,0;-13825,0;6075,0;144,64285714285714;5;0;2;0;30;80;300;5;;DELTA_E_SALDO_CONTRARIOS;False;VALIDACAO;19;3;15,789473684210526;6000,0;800,0;-5200,0;-273,6842105263158;1;1;1;0;30;80;300;5;;DELTA_E_SALDO_CONTRARIOS;False;False;-5200,0
990;667;30;80;300;8;;DELTA_E_SALDO_CONTRARIOS;False;TREINO;42;7;16,666666666666668;-19900,0;-13825,0;6075,0;144,64285714285714;5;0;2;0;30;80;300;8;;DELTA_E_SALDO_CONTRARIOS;False;VALIDACAO;19;3;15,789473684210526;6000,0;800,0;-5200,0;-273,6842105263158;1;1;1;0;30;80;300;8;;DELTA_E_SALDO_CONTRARIOS;False;False;-5200,0
991;1171;40;80;300;5;;DELTA_E_SALDO_CONTRARIOS;False;TREINO;42;7;16,666666666666668;-19900,0;-13825,0;6075,0;144,64285714285714;5;0;2;0;40;80;300;5;;DELTA_E_SALDO_CONTRARIOS;False;VALIDACAO;19;3;15,789473684210526;6000,0;800,0;-5200,0;-273,6842105263158;1;1;1;0;40;80;300;5;;DELTA_E_SALDO_CONTRARIOS;False;False;-5200,0
992;1179;40;80;300;8;;DELTA_E_SALDO_CONTRARIOS;False;TREINO;42;7;16,666666666666668;-19900,0;-13825,0;6075,0;144,64285714285714;5;0;2;0;40;80;300;8;;DELTA_E_SALDO_CONTRARIOS;False;VALIDACAO;19;3;15,789473684210526;6000,0;800,0;-5200,0;-273,6842105263158;1;1;1;0;40;80;300;8;;DELTA_E_SALDO_CONTRARIOS;False;False;-5200,0
993;1683;50;80;300;5;;DELTA_E_SALDO_CONTRARIOS;False;TREINO;42;7;16,666666666666668;-19900,0;-13825,0;6075,0;144,64285714285714;5;0;2;0;50;80;300;5;;DELTA_E_SALDO_CONTRARIOS;False;VALIDACAO;19;3;15,789473684210526;6000,0;800,0;-5200,0;-273,6842105263158;1;1;1;0;50;80;300;5;;DELTA_E_SALDO_CONTRARIOS;False;False;-5200,0
994;1691;50;80;300;8;;DELTA_E_SALDO_CONTRARIOS;False;TREINO;42;7;16,666666666666668;-19900,0;-13825,0;6075,0;144,64285714285714;5;0;2;0;50;80;300;8;;DELTA_E_SALDO_CONTRARIOS;False;VALIDACAO;19;3;15,789473684210526;6000,0;800,0;-5200,0;-273,6842105263158;1;1;1;0;50;80;300;8;;DELTA_E_SALDO_CONTRARIOS;False;False;-5200,0
995;161;20;80;500;2;;SOMENTE_SCORES;False;TREINO;42;6;14,285714285714286;-19900,0;-14025,0;5875,0;139,88095238095238;5;0;1;0;20;80;500;2;;SOMENTE_SCORES;False;VALIDACAO;19;3;15,789473684210526;6000,0;800,0;-5200,0;-273,6842105263158;1;1;1;0;20;80;500;2;;SOMENTE_SCORES;False;False;-5200,0
996;169;20;80;500;3;;SOMENTE_SCORES;False;TREINO;42;6;14,285714285714286;-19900,0;-14025,0;5875,0;139,88095238095238;5;0;1;0;20;80;500;3;;SOMENTE_SCORES;False;VALIDACAO;19;3;15,789473684210526;6000,0;800,0;-5200,0;-273,6842105263158;1;1;1;0;20;80;500;3;;SOMENTE_SCORES;False;False;-5200,0
997;177;20;80;500;5;;SOMENTE_SCORES;False;TREINO;42;6;14,285714285714286;-19900,0;-14025,0;5875,0;139,88095238095238;5;0;1;0;20;80;500;5;;SOMENTE_SCORES;False;VALIDACAO;19;3;15,789473684210526;6000,0;800,0;-5200,0;-273,6842105263158;1;1;1;0;20;80;500;5;;SOMENTE_SCORES;False;False;-5200,0
998;185;20;80;500;8;;SOMENTE_SCORES;False;TREINO;42;6;14,285714285714286;-19900,0;-14025,0;5875,0;139,88095238095238;5;0;1;0;20;80;500;8;;SOMENTE_SCORES;False;VALIDACAO;19;3;15,789473684210526;6000,0;800,0;-5200,0;-273,6842105263158;1;1;1;0;20;80;500;8;;SOMENTE_SCORES;False;False;-5200,0
999;193;20;80;700;2;;SOMENTE_SCORES;False;TREINO;42;6;14,285714285714286;-19900,0;-14025,0;5875,0;139,88095238095238;5;0;1;0;20;80;700;2;;SOMENTE_SCORES;False;VALIDACAO;19;3;15,789473684210526;6000,0;800,0;-5200,0;-273,6842105263158;1;1;1;0;20;80;700;2;;SOMENTE_SCORES;False;False;-5200,0
1000;201;20;80;700;3;;SOMENTE_SCORES;False;TREINO;42;6;14,285714285714286;-19900,0;-14025,0;5875,0;139,88095238095238;5;0;1;0;20;80;700;3;;SOMENTE_SCORES;False;VALIDACAO;19;3;15,789473684210526;6000,0;800,0;-5200,0;-273,6842105263158;1;1;1;0;20;80;700;3;;SOMENTE_SCORES;False;False;-5200,0
1001;209;20;80;700;5;;SOMENTE_SCORES;False;TREINO;42;6;14,285714285714286;-19900,0;-14025,0;5875,0;139,88095238095238;5;0;1;0;20;80;700;5;;SOMENTE_SCORES;False;VALIDACAO;19;3;15,789473684210526;6000,0;800,0;-5200,0;-273,6842105263158;1;1;1;0;20;80;700;5;;SOMENTE_SCORES;False;False;-5200,0
1002;217;20;80;700;8;;SOMENTE_SCORES;False;TREINO;42;6;14,285714285714286;-19900,0;-14025,0;5875,0;139,88095238095238;5;0;1;0;20;80;700;8;;SOMENTE_SCORES;False;VALIDACAO;19;3;15,789473684210526;6000,0;800,0;-5200,0;-273,6842105263158;1;1;1;0;20;80;700;8;;SOMENTE_SCORES;False;False;-5200,0
1003;673;30;80;500;2;;SOMENTE_SCORES;False;TREINO;42;7;16,666666666666668;-19900,0;-14750,0;5150,0;122,61904761904762;5;0;2;0;30;80;500;2;;SOMENTE_SCORES;False;VALIDACAO;19;3;15,789473684210526;6000,0;800,0;-5200,0;-273,6842105263158;1;1;1;0;30;80;500;2;;SOMENTE_SCORES;False;False;-5200,0
1004;681;30;80;500;3;;SOMENTE_SCORES;False;TREINO;42;7;16,666666666666668;-19900,0;-14750,0;5150,0;122,61904761904762;5;0;2;0;30;80;500;3;;SOMENTE_SCORES;False;VALIDACAO;19;3;15,789473684210526;6000,0;800,0;-5200,0;-273,6842105263158;1;1;1;0;30;80;500;3;;SOMENTE_SCORES;False;False;-5200,0
1005;689;30;80;500;5;;SOMENTE_SCORES;False;TREINO;42;7;16,666666666666668;-19900,0;-14750,0;5150,0;122,61904761904762;5;0;2;0;30;80;500;5;;SOMENTE_SCORES;False;VALIDACAO;19;3;15,789473684210526;6000,0;800,0;-5200,0;-273,6842105263158;1;1;1;0;30;80;500;5;;SOMENTE_SCORES;False;False;-5200,0
1006;697;30;80;500;8;;SOMENTE_SCORES;False;TREINO;42;7;16,666666666666668;-19900,0;-14750,0;5150,0;122,61904761904762;5;0;2;0;30;80;500;8;;SOMENTE_SCORES;False;VALIDACAO;19;3;15,789473684210526;6000,0;800,0;-5200,0;-273,6842105263158;1;1;1;0;30;80;500;8;;SOMENTE_SCORES;False;False;-5200,0
1007;705;30;80;700;2;;SOMENTE_SCORES;False;TREINO;42;7;16,666666666666668;-19900,0;-14750,0;5150,0;122,61904761904762;5;0;2;0;30;80;700;2;;SOMENTE_SCORES;False;VALIDACAO;19;3;15,789473684210526;6000,0;800,0;-5200,0;-273,6842105263158;1;1;1;0;30;80;700;2;;SOMENTE_SCORES;False;False;-5200,0
1008;713;30;80;700;3;;SOMENTE_SCORES;False;TREINO;42;7;16,666666666666668;-19900,0;-14750,0;5150,0;122,61904761904762;5;0;2;0;30;80;700;3;;SOMENTE_SCORES;False;VALIDACAO;19;3;15,789473684210526;6000,0;800,0;-5200,0;-273,6842105263158;1;1;1;0;30;80;700;3;;SOMENTE_SCORES;False;False;-5200,0
1009;721;30;80;700;5;;SOMENTE_SCORES;False;TREINO;42;7;16,666666666666668;-19900,0;-14750,0;5150,0;122,61904761904762;5;0;2;0;30;80;700;5;;SOMENTE_SCORES;False;VALIDACAO;19;3;15,789473684210526;6000,0;800,0;-5200,0;-273,6842105263158;1;1;1;0;30;80;700;5;;SOMENTE_SCORES;False;False;-5200,0
1010;729;30;80;700;8;;SOMENTE_SCORES;False;TREINO;42;7;16,666666666666668;-19900,0;-14750,0;5150,0;122,61904761904762;5;0;2;0;30;80;700;8;;SOMENTE_SCORES;False;VALIDACAO;19;3;15,789473684210526;6000,0;800,0;-5200,0;-273,6842105263158;1;1;1;0;30;80;700;8;;SOMENTE_SCORES;False;False;-5200,0
1011;1185;40;80;500;2;;SOMENTE_SCORES;False;TREINO;42;7;16,666666666666668;-19900,0;-14750,0;5150,0;122,61904761904762;5;0;2;0;40;80;500;2;;SOMENTE_SCORES;False;VALIDACAO;19;3;15,789473684210526;6000,0;800,0;-5200,0;-273,6842105263158;1;1;1;0;40;80;500;2;;SOMENTE_SCORES;False;False;-5200,0
1012;1193;40;80;500;3;;SOMENTE_SCORES;False;TREINO;42;7;16,666666666666668;-19900,0;-14750,0;5150,0;122,61904761904762;5;0;2;0;40;80;500;3;;SOMENTE_SCORES;False;VALIDACAO;19;3;15,789473684210526;6000,0;800,0;-5200,0;-273,6842105263158;1;1;1;0;40;80;500;3;;SOMENTE_SCORES;False;False;-5200,0
1013;1201;40;80;500;5;;SOMENTE_SCORES;False;TREINO;42;7;16,666666666666668;-19900,0;-14750,0;5150,0;122,61904761904762;5;0;2;0;40;80;500;5;;SOMENTE_SCORES;False;VALIDACAO;19;3;15,789473684210526;6000,0;800,0;-5200,0;-273,6842105263158;1;1;1;0;40;80;500;5;;SOMENTE_SCORES;False;False;-5200,0
1014;1209;40;80;500;8;;SOMENTE_SCORES;False;TREINO;42;7;16,666666666666668;-19900,0;-14750,0;5150,0;122,61904761904762;5;0;2;0;40;80;500;8;;SOMENTE_SCORES;False;VALIDACAO;19;3;15,789473684210526;6000,0;800,0;-5200,0;-273,6842105263158;1;1;1;0;40;80;500;8;;SOMENTE_SCORES;False;False;-5200,0
1015;1217;40;80;700;2;;SOMENTE_SCORES;False;TREINO;42;7;16,666666666666668;-19900,0;-14750,0;5150,0;122,61904761904762;5;0;2;0;40;80;700;2;;SOMENTE_SCORES;False;VALIDACAO;19;3;15,789473684210526;6000,0;800,0;-5200,0;-273,6842105263158;1;1;1;0;40;80;700;2;;SOMENTE_SCORES;False;False;-5200,0
1016;1225;40;80;700;3;;SOMENTE_SCORES;False;TREINO;42;7;16,666666666666668;-19900,0;-14750,0;5150,0;122,61904761904762;5;0;2;0;40;80;700;3;;SOMENTE_SCORES;False;VALIDACAO;19;3;15,789473684210526;6000,0;800,0;-5200,0;-273,6842105263158;1;1;1;0;40;80;700;3;;SOMENTE_SCORES;False;False;-5200,0
1017;1233;40;80;700;5;;SOMENTE_SCORES;False;TREINO;42;7;16,666666666666668;-19900,0;-14750,0;5150,0;122,61904761904762;5;0;2;0;40;80;700;5;;SOMENTE_SCORES;False;VALIDACAO;19;3;15,789473684210526;6000,0;800,0;-5200,0;-273,6842105263158;1;1;1;0;40;80;700;5;;SOMENTE_SCORES;False;False;-5200,0
1018;1241;40;80;700;8;;SOMENTE_SCORES;False;TREINO;42;7;16,666666666666668;-19900,0;-14750,0;5150,0;122,61904761904762;5;0;2;0;40;80;700;8;;SOMENTE_SCORES;False;VALIDACAO;19;3;15,789473684210526;6000,0;800,0;-5200,0;-273,6842105263158;1;1;1;0;40;80;700;8;;SOMENTE_SCORES;False;False;-5200,0
1019;1697;50;80;500;2;;SOMENTE_SCORES;False;TREINO;42;7;16,666666666666668;-19900,0;-14750,0;5150,0;122,61904761904762;5;0;2;0;50;80;500;2;;SOMENTE_SCORES;False;VALIDACAO;19;3;15,789473684210526;6000,0;800,0;-5200,0;-273,6842105263158;1;1;1;0;50;80;500;2;;SOMENTE_SCORES;False;False;-5200,0
1020;1705;50;80;500;3;;SOMENTE_SCORES;False;TREINO;42;7;16,666666666666668;-19900,0;-14750,0;5150,0;122,61904761904762;5;0;2;0;50;80;500;3;;SOMENTE_SCORES;False;VALIDACAO;19;3;15,789473684210526;6000,0;800,0;-5200,0;-273,6842105263158;1;1;1;0;50;80;500;3;;SOMENTE_SCORES;False;False;-5200,0
1021;1713;50;80;500;5;;SOMENTE_SCORES;False;TREINO;42;7;16,666666666666668;-19900,0;-14750,0;5150,0;122,61904761904762;5;0;2;0;50;80;500;5;;SOMENTE_SCORES;False;VALIDACAO;19;3;15,789473684210526;6000,0;800,0;-5200,0;-273,6842105263158;1;1;1;0;50;80;500;5;;SOMENTE_SCORES;False;False;-5200,0
1022;1721;50;80;500;8;;SOMENTE_SCORES;False;TREINO;42;7;16,666666666666668;-19900,0;-14750,0;5150,0;122,61904761904762;5;0;2;0;50;80;500;8;;SOMENTE_SCORES;False;VALIDACAO;19;3;15,789473684210526;6000,0;800,0;-5200,0;-273,6842105263158;1;1;1;0;50;80;500;8;;SOMENTE_SCORES;False;False;-5200,0
1023;1729;50;80;700;2;;SOMENTE_SCORES;False;TREINO;42;7;16,666666666666668;-19900,0;-14750,0;5150,0;122,61904761904762;5;0;2;0;50;80;700;2;;SOMENTE_SCORES;False;VALIDACAO;19;3;15,789473684210526;6000,0;800,0;-5200,0;-273,6842105263158;1;1;1;0;50;80;700;2;;SOMENTE_SCORES;False;False;-5200,0
1024;1737;50;80;700;3;;SOMENTE_SCORES;False;TREINO;42;7;16,666666666666668;-19900,0;-14750,0;5150,0;122,61904761904762;5;0;2;0;50;80;700;3;;SOMENTE_SCORES;False;VALIDACAO;19;3;15,789473684210526;6000,0;800,0;-5200,0;-273,6842105263158;1;1;1;0;50;80;700;3;;SOMENTE_SCORES;False;False;-5200,0
1025;1745;50;80;700;5;;SOMENTE_SCORES;False;TREINO;42;7;16,666666666666668;-19900,0;-14750,0;5150,0;122,61904761904762;5;0;2;0;50;80;700;5;;SOMENTE_SCORES;False;VALIDACAO;19;3;15,789473684210526;6000,0;800,0;-5200,0;-273,6842105263158;1;1;1;0;50;80;700;5;;SOMENTE_SCORES;False;False;-5200,0
1026;1753;50;80;700;8;;SOMENTE_SCORES;False;TREINO;42;7;16,666666666666668;-19900,0;-14750,0;5150,0;122,61904761904762;5;0;2;0;50;80;700;8;;SOMENTE_SCORES;False;VALIDACAO;19;3;15,789473684210526;6000,0;800,0;-5200,0;-273,6842105263158;1;1;1;0;50;80;700;8;;SOMENTE_SCORES;False;False;-5200,0
1027;641;30;80;300;2;;SOMENTE_SCORES;False;TREINO;42;10;23,80952380952381;-19900,0;-14775,0;5125,0;122,02380952380952;6;1;3;0;30;80;300;2;;SOMENTE_SCORES;False;VALIDACAO;19;3;15,789473684210526;6000,0;800,0;-5200,0;-273,6842105263158;1;1;1;0;30;80;300;2;;SOMENTE_SCORES;False;False;-5200,0
1028;649;30;80;300;3;;SOMENTE_SCORES;False;TREINO;42;10;23,80952380952381;-19900,0;-14775,0;5125,0;122,02380952380952;6;1;3;0;30;80;300;3;;SOMENTE_SCORES;False;VALIDACAO;19;3;15,789473684210526;6000,0;800,0;-5200,0;-273,6842105263158;1;1;1;0;30;80;300;3;;SOMENTE_SCORES;False;False;-5200,0
1029;657;30;80;300;5;;SOMENTE_SCORES;False;TREINO;42;10;23,80952380952381;-19900,0;-14775,0;5125,0;122,02380952380952;6;1;3;0;30;80;300;5;;SOMENTE_SCORES;False;VALIDACAO;19;3;15,789473684210526;6000,0;800,0;-5200,0;-273,6842105263158;1;1;1;0;30;80;300;5;;SOMENTE_SCORES;False;False;-5200,0
1030;665;30;80;300;8;;SOMENTE_SCORES;False;TREINO;42;10;23,80952380952381;-19900,0;-14775,0;5125,0;122,02380952380952;6;1;3;0;30;80;300;8;;SOMENTE_SCORES;False;VALIDACAO;19;3;15,789473684210526;6000,0;800,0;-5200,0;-273,6842105263158;1;1;1;0;30;80;300;8;;SOMENTE_SCORES;False;False;-5200,0
1031;1153;40;80;300;2;;SOMENTE_SCORES;False;TREINO;42;10;23,80952380952381;-19900,0;-14775,0;5125,0;122,02380952380952;6;1;3;0;40;80;300;2;;SOMENTE_SCORES;False;VALIDACAO;19;3;15,789473684210526;6000,0;800,0;-5200,0;-273,6842105263158;1;1;1;0;40;80;300;2;;SOMENTE_SCORES;False;False;-5200,0
1032;1161;40;80;300;3;;SOMENTE_SCORES;False;TREINO;42;10;23,80952380952381;-19900,0;-14775,0;5125,0;122,02380952380952;6;1;3;0;40;80;300;3;;SOMENTE_SCORES;False;VALIDACAO;19;3;15,789473684210526;6000,0;800,0;-5200,0;-273,6842105263158;1;1;1;0;40;80;300;3;;SOMENTE_SCORES;False;False;-5200,0
1033;1169;40;80;300;5;;SOMENTE_SCORES;False;TREINO;42;10;23,80952380952381;-19900,0;-14775,0;5125,0;122,02380952380952;6;1;3;0;40;80;300;5;;SOMENTE_SCORES;False;VALIDACAO;19;3;15,789473684210526;6000,0;800,0;-5200,0;-273,6842105263158;1;1;1;0;40;80;300;5;;SOMENTE_SCORES;False;False;-5200,0
1034;1177;40;80;300;8;;SOMENTE_SCORES;False;TREINO;42;10;23,80952380952381;-19900,0;-14775,0;5125,0;122,02380952380952;6;1;3;0;40;80;300;8;;SOMENTE_SCORES;False;VALIDACAO;19;3;15,789473684210526;6000,0;800,0;-5200,0;-273,6842105263158;1;1;1;0;40;80;300;8;;SOMENTE_SCORES;False;False;-5200,0
1035;1665;50;80;300;2;;SOMENTE_SCORES;False;TREINO;42;10;23,80952380952381;-19900,0;-14775,0;5125,0;122,02380952380952;6;1;3;0;50;80;300;2;;SOMENTE_SCORES;False;VALIDACAO;19;3;15,789473684210526;6000,0;800,0;-5200,0;-273,6842105263158;1;1;1;0;50;80;300;2;;SOMENTE_SCORES;False;False;-5200,0
1036;1673;50;80;300;3;;SOMENTE_SCORES;False;TREINO;42;10;23,80952380952381;-19900,0;-14775,0;5125,0;122,02380952380952;6;1;3;0;50;80;300;3;;SOMENTE_SCORES;False;VALIDACAO;19;3;15,789473684210526;6000,0;800,0;-5200,0;-273,6842105263158;1;1;1;0;50;80;300;3;;SOMENTE_SCORES;False;False;-5200,0
1037;1681;50;80;300;5;;SOMENTE_SCORES;False;TREINO;42;10;23,80952380952381;-19900,0;-14775,0;5125,0;122,02380952380952;6;1;3;0;50;80;300;5;;SOMENTE_SCORES;False;VALIDACAO;19;3;15,789473684210526;6000,0;800,0;-5200,0;-273,6842105263158;1;1;1;0;50;80;300;5;;SOMENTE_SCORES;False;False;-5200,0
1038;1689;50;80;300;8;;SOMENTE_SCORES;False;TREINO;42;10;23,80952380952381;-19900,0;-14775,0;5125,0;122,02380952380952;6;1;3;0;50;80;300;8;;SOMENTE_SCORES;False;VALIDACAO;19;3;15,789473684210526;6000,0;800,0;-5200,0;-273,6842105263158;1;1;1;0;50;80;300;8;;SOMENTE_SCORES;False;False;-5200,0
1039;225;20;80;900;2;;SOMENTE_SCORES;False;TREINO;42;6;14,285714285714286;-19900,0;-15400,0;4500,0;107,14285714285714;5;0;1;0;20;80;900;2;;SOMENTE_SCORES;False;VALIDACAO;19;3;15,789473684210526;6000,0;800,0;-5200,0;-273,6842105263158;1;1;1;0;20;80;900;2;;SOMENTE_SCORES;False;False;-5200,0
1040;233;20;80;900;3;;SOMENTE_SCORES;False;TREINO;42;6;14,285714285714286;-19900,0;-15400,0;4500,0;107,14285714285714;5;0;1;0;20;80;900;3;;SOMENTE_SCORES;False;VALIDACAO;19;3;15,789473684210526;6000,0;800,0;-5200,0;-273,6842105263158;1;1;1;0;20;80;900;3;;SOMENTE_SCORES;False;False;-5200,0
1041;241;20;80;900;5;;SOMENTE_SCORES;False;TREINO;42;6;14,285714285714286;-19900,0;-15400,0;4500,0;107,14285714285714;5;0;1;0;20;80;900;5;;SOMENTE_SCORES;False;VALIDACAO;19;3;15,789473684210526;6000,0;800,0;-5200,0;-273,6842105263158;1;1;1;0;20;80;900;5;;SOMENTE_SCORES;False;False;-5200,0
1042;249;20;80;900;8;;SOMENTE_SCORES;False;TREINO;42;6;14,285714285714286;-19900,0;-15400,0;4500,0;107,14285714285714;5;0;1;0;20;80;900;8;;SOMENTE_SCORES;False;VALIDACAO;19;3;15,789473684210526;6000,0;800,0;-5200,0;-273,6842105263158;1;1;1;0;20;80;900;8;;SOMENTE_SCORES;False;False;-5200,0
1043;737;30;80;900;2;;SOMENTE_SCORES;False;TREINO;42;6;14,285714285714286;-19900,0;-15400,0;4500,0;107,14285714285714;5;0;1;0;30;80;900;2;;SOMENTE_SCORES;False;VALIDACAO;19;3;15,789473684210526;6000,0;800,0;-5200,0;-273,6842105263158;1;1;1;0;30;80;900;2;;SOMENTE_SCORES;False;False;-5200,0
1044;745;30;80;900;3;;SOMENTE_SCORES;False;TREINO;42;6;14,285714285714286;-19900,0;-15400,0;4500,0;107,14285714285714;5;0;1;0;30;80;900;3;;SOMENTE_SCORES;False;VALIDACAO;19;3;15,789473684210526;6000,0;800,0;-5200,0;-273,6842105263158;1;1;1;0;30;80;900;3;;SOMENTE_SCORES;False;False;-5200,0
1045;753;30;80;900;5;;SOMENTE_SCORES;False;TREINO;42;6;14,285714285714286;-19900,0;-15400,0;4500,0;107,14285714285714;5;0;1;0;30;80;900;5;;SOMENTE_SCORES;False;VALIDACAO;19;3;15,789473684210526;6000,0;800,0;-5200,0;-273,6842105263158;1;1;1;0;30;80;900;5;;SOMENTE_SCORES;False;False;-5200,0
1046;761;30;80;900;8;;SOMENTE_SCORES;False;TREINO;42;6;14,285714285714286;-19900,0;-15400,0;4500,0;107,14285714285714;5;0;1;0;30;80;900;8;;SOMENTE_SCORES;False;VALIDACAO;19;3;15,789473684210526;6000,0;800,0;-5200,0;-273,6842105263158;1;1;1;0;30;80;900;8;;SOMENTE_SCORES;False;False;-5200,0
1047;1249;40;80;900;2;;SOMENTE_SCORES;False;TREINO;42;6;14,285714285714286;-19900,0;-15400,0;4500,0;107,14285714285714;5;0;1;0;40;80;900;2;;SOMENTE_SCORES;False;VALIDACAO;19;3;15,789473684210526;6000,0;800,0;-5200,0;-273,6842105263158;1;1;1;0;40;80;900;2;;SOMENTE_SCORES;False;False;-5200,0
1048;1257;40;80;900;3;;SOMENTE_SCORES;False;TREINO;42;6;14,285714285714286;-19900,0;-15400,0;4500,0;107,14285714285714;5;0;1;0;40;80;900;3;;SOMENTE_SCORES;False;VALIDACAO;19;3;15,789473684210526;6000,0;800,0;-5200,0;-273,6842105263158;1;1;1;0;40;80;900;3;;SOMENTE_SCORES;False;False;-5200,0
1049;1265;40;80;900;5;;SOMENTE_SCORES;False;TREINO;42;6;14,285714285714286;-19900,0;-15400,0;4500,0;107,14285714285714;5;0;1;0;40;80;900;5;;SOMENTE_SCORES;False;VALIDACAO;19;3;15,789473684210526;6000,0;800,0;-5200,0;-273,6842105263158;1;1;1;0;40;80;900;5;;SOMENTE_SCORES;False;False;-5200,0
1050;1273;40;80;900;8;;SOMENTE_SCORES;False;TREINO;42;6;14,285714285714286;-19900,0;-15400,0;4500,0;107,14285714285714;5;0;1;0;40;80;900;8;;SOMENTE_SCORES;False;VALIDACAO;19;3;15,789473684210526;6000,0;800,0;-5200,0;-273,6842105263158;1;1;1;0;40;80;900;8;;SOMENTE_SCORES;False;False;-5200,0
1051;1761;50;80;900;2;;SOMENTE_SCORES;False;TREINO;42;6;14,285714285714286;-19900,0;-15400,0;4500,0;107,14285714285714;5;0;1;0;50;80;900;2;;SOMENTE_SCORES;False;VALIDACAO;19;3;15,789473684210526;6000,0;800,0;-5200,0;-273,6842105263158;1;1;1;0;50;80;900;2;;SOMENTE_SCORES;False;False;-5200,0
1052;1769;50;80;900;3;;SOMENTE_SCORES;False;TREINO;42;6;14,285714285714286;-19900,0;-15400,0;4500,0;107,14285714285714;5;0;1;0;50;80;900;3;;SOMENTE_SCORES;False;VALIDACAO;19;3;15,789473684210526;6000,0;800,0;-5200,0;-273,6842105263158;1;1;1;0;50;80;900;3;;SOMENTE_SCORES;False;False;-5200,0
1053;1777;50;80;900;5;;SOMENTE_SCORES;False;TREINO;42;6;14,285714285714286;-19900,0;-15400,0;4500,0;107,14285714285714;5;0;1;0;50;80;900;5;;SOMENTE_SCORES;False;VALIDACAO;19;3;15,789473684210526;6000,0;800,0;-5200,0;-273,6842105263158;1;1;1;0;50;80;900;5;;SOMENTE_SCORES;False;False;-5200,0
1054;1785;50;80;900;8;;SOMENTE_SCORES;False;TREINO;42;6;14,285714285714286;-19900,0;-15400,0;4500,0;107,14285714285714;5;0;1;0;50;80;900;8;;SOMENTE_SCORES;False;VALIDACAO;19;3;15,789473684210526;6000,0;800,0;-5200,0;-273,6842105263158;1;1;1;0;50;80;900;8;;SOMENTE_SCORES;False;False;-5200,0
1055;147;20;80;300;5;;DELTA_E_SALDO_CONTRARIOS;False;TREINO;42;5;11,904761904761905;-19900,0;-15425,0;4475,0;106,54761904761905;4;0;1;0;20;80;300;5;;DELTA_E_SALDO_CONTRARIOS;False;VALIDACAO;19;3;15,789473684210526;6000,0;800,0;-5200,0;-273,6842105263158;1;1;1;0;20;80;300;5;;DELTA_E_SALDO_CONTRARIOS;False;False;-5200,0
1056;155;20;80;300;8;;DELTA_E_SALDO_CONTRARIOS;False;TREINO;42;5;11,904761904761905;-19900,0;-15425,0;4475,0;106,54761904761905;4;0;1;0;20;80;300;8;;DELTA_E_SALDO_CONTRARIOS;False;VALIDACAO;19;3;15,789473684210526;6000,0;800,0;-5200,0;-273,6842105263158;1;1;1;0;20;80;300;8;;DELTA_E_SALDO_CONTRARIOS;False;False;-5200,0
1057;179;20;80;500;5;;DELTA_E_SALDO_CONTRARIOS;False;TREINO;42;5;11,904761904761905;-19900,0;-16000,0;3900,0;92,85714285714286;4;0;1;0;20;80;500;5;;DELTA_E_SALDO_CONTRARIOS;False;VALIDACAO;19;3;15,789473684210526;6000,0;800,0;-5200,0;-273,6842105263158;1;1;1;0;20;80;500;5;;DELTA_E_SALDO_CONTRARIOS;False;False;-5200,0
1058;187;20;80;500;8;;DELTA_E_SALDO_CONTRARIOS;False;TREINO;42;5;11,904761904761905;-19900,0;-16000,0;3900,0;92,85714285714286;4;0;1;0;20;80;500;8;;DELTA_E_SALDO_CONTRARIOS;False;VALIDACAO;19;3;15,789473684210526;6000,0;800,0;-5200,0;-273,6842105263158;1;1;1;0;20;80;500;8;;DELTA_E_SALDO_CONTRARIOS;False;False;-5200,0
1059;195;20;80;700;2;;DELTA_E_SALDO_CONTRARIOS;False;TREINO;42;5;11,904761904761905;-19900,0;-16000,0;3900,0;92,85714285714286;4;0;1;0;20;80;700;2;;DELTA_E_SALDO_CONTRARIOS;False;VALIDACAO;19;3;15,789473684210526;6000,0;800,0;-5200,0;-273,6842105263158;1;1;1;0;20;80;700;2;;DELTA_E_SALDO_CONTRARIOS;False;False;-5200,0
1060;203;20;80;700;3;;DELTA_E_SALDO_CONTRARIOS;False;TREINO;42;5;11,904761904761905;-19900,0;-16000,0;3900,0;92,85714285714286;4;0;1;0;20;80;700;3;;DELTA_E_SALDO_CONTRARIOS;False;VALIDACAO;19;3;15,789473684210526;6000,0;800,0;-5200,0;-273,6842105263158;1;1;1;0;20;80;700;3;;DELTA_E_SALDO_CONTRARIOS;False;False;-5200,0
1061;211;20;80;700;5;;DELTA_E_SALDO_CONTRARIOS;False;TREINO;42;5;11,904761904761905;-19900,0;-16000,0;3900,0;92,85714285714286;4;0;1;0;20;80;700;5;;DELTA_E_SALDO_CONTRARIOS;False;VALIDACAO;19;3;15,789473684210526;6000,0;800,0;-5200,0;-273,6842105263158;1;1;1;0;20;80;700;5;;DELTA_E_SALDO_CONTRARIOS;False;False;-5200,0
1062;219;20;80;700;8;;DELTA_E_SALDO_CONTRARIOS;False;TREINO;42;5;11,904761904761905;-19900,0;-16000,0;3900,0;92,85714285714286;4;0;1;0;20;80;700;8;;DELTA_E_SALDO_CONTRARIOS;False;VALIDACAO;19;3;15,789473684210526;6000,0;800,0;-5200,0;-273,6842105263158;1;1;1;0;20;80;700;8;;DELTA_E_SALDO_CONTRARIOS;False;False;-5200,0
1063;691;30;80;500;5;;DELTA_E_SALDO_CONTRARIOS;False;TREINO;42;5;11,904761904761905;-19900,0;-16000,0;3900,0;92,85714285714286;4;0;1;0;30;80;500;5;;DELTA_E_SALDO_CONTRARIOS;False;VALIDACAO;19;3;15,789473684210526;6000,0;800,0;-5200,0;-273,6842105263158;1;1;1;0;30;80;500;5;;DELTA_E_SALDO_CONTRARIOS;False;False;-5200,0
1064;699;30;80;500;8;;DELTA_E_SALDO_CONTRARIOS;False;TREINO;42;5;11,904761904761905;-19900,0;-16000,0;3900,0;92,85714285714286;4;0;1;0;30;80;500;8;;DELTA_E_SALDO_CONTRARIOS;False;VALIDACAO;19;3;15,789473684210526;6000,0;800,0;-5200,0;-273,6842105263158;1;1;1;0;30;80;500;8;;DELTA_E_SALDO_CONTRARIOS;False;False;-5200,0
1065;707;30;80;700;2;;DELTA_E_SALDO_CONTRARIOS;False;TREINO;42;5;11,904761904761905;-19900,0;-16000,0;3900,0;92,85714285714286;4;0;1;0;30;80;700;2;;DELTA_E_SALDO_CONTRARIOS;False;VALIDACAO;19;3;15,789473684210526;6000,0;800,0;-5200,0;-273,6842105263158;1;1;1;0;30;80;700;2;;DELTA_E_SALDO_CONTRARIOS;False;False;-5200,0
1066;715;30;80;700;3;;DELTA_E_SALDO_CONTRARIOS;False;TREINO;42;5;11,904761904761905;-19900,0;-16000,0;3900,0;92,85714285714286;4;0;1;0;30;80;700;3;;DELTA_E_SALDO_CONTRARIOS;False;VALIDACAO;19;3;15,789473684210526;6000,0;800,0;-5200,0;-273,6842105263158;1;1;1;0;30;80;700;3;;DELTA_E_SALDO_CONTRARIOS;False;False;-5200,0
1067;723;30;80;700;5;;DELTA_E_SALDO_CONTRARIOS;False;TREINO;42;5;11,904761904761905;-19900,0;-16000,0;3900,0;92,85714285714286;4;0;1;0;30;80;700;5;;DELTA_E_SALDO_CONTRARIOS;False;VALIDACAO;19;3;15,789473684210526;6000,0;800,0;-5200,0;-273,6842105263158;1;1;1;0;30;80;700;5;;DELTA_E_SALDO_CONTRARIOS;False;False;-5200,0
1068;731;30;80;700;8;;DELTA_E_SALDO_CONTRARIOS;False;TREINO;42;5;11,904761904761905;-19900,0;-16000,0;3900,0;92,85714285714286;4;0;1;0;30;80;700;8;;DELTA_E_SALDO_CONTRARIOS;False;VALIDACAO;19;3;15,789473684210526;6000,0;800,0;-5200,0;-273,6842105263158;1;1;1;0;30;80;700;8;;DELTA_E_SALDO_CONTRARIOS;False;False;-5200,0
1069;1203;40;80;500;5;;DELTA_E_SALDO_CONTRARIOS;False;TREINO;42;5;11,904761904761905;-19900,0;-16000,0;3900,0;92,85714285714286;4;0;1;0;40;80;500;5;;DELTA_E_SALDO_CONTRARIOS;False;VALIDACAO;19;3;15,789473684210526;6000,0;800,0;-5200,0;-273,6842105263158;1;1;1;0;40;80;500;5;;DELTA_E_SALDO_CONTRARIOS;False;False;-5200,0
1070;1211;40;80;500;8;;DELTA_E_SALDO_CONTRARIOS;False;TREINO;42;5;11,904761904761905;-19900,0;-16000,0;3900,0;92,85714285714286;4;0;1;0;40;80;500;8;;DELTA_E_SALDO_CONTRARIOS;False;VALIDACAO;19;3;15,789473684210526;6000,0;800,0;-5200,0;-273,6842105263158;1;1;1;0;40;80;500;8;;DELTA_E_SALDO_CONTRARIOS;False;False;-5200,0
1071;1219;40;80;700;2;;DELTA_E_SALDO_CONTRARIOS;False;TREINO;42;5;11,904761904761905;-19900,0;-16000,0;3900,0;92,85714285714286;4;0;1;0;40;80;700;2;;DELTA_E_SALDO_CONTRARIOS;False;VALIDACAO;19;3;15,789473684210526;6000,0;800,0;-5200,0;-273,6842105263158;1;1;1;0;40;80;700;2;;DELTA_E_SALDO_CONTRARIOS;False;False;-5200,0
1072;1227;40;80;700;3;;DELTA_E_SALDO_CONTRARIOS;False;TREINO;42;5;11,904761904761905;-19900,0;-16000,0;3900,0;92,85714285714286;4;0;1;0;40;80;700;3;;DELTA_E_SALDO_CONTRARIOS;False;VALIDACAO;19;3;15,789473684210526;6000,0;800,0;-5200,0;-273,6842105263158;1;1;1;0;40;80;700;3;;DELTA_E_SALDO_CONTRARIOS;False;False;-5200,0
1073;1235;40;80;700;5;;DELTA_E_SALDO_CONTRARIOS;False;TREINO;42;5;11,904761904761905;-19900,0;-16000,0;3900,0;92,85714285714286;4;0;1;0;40;80;700;5;;DELTA_E_SALDO_CONTRARIOS;False;VALIDACAO;19;3;15,789473684210526;6000,0;800,0;-5200,0;-273,6842105263158;1;1;1;0;40;80;700;5;;DELTA_E_SALDO_CONTRARIOS;False;False;-5200,0
1074;1243;40;80;700;8;;DELTA_E_SALDO_CONTRARIOS;False;TREINO;42;5;11,904761904761905;-19900,0;-16000,0;3900,0;92,85714285714286;4;0;1;0;40;80;700;8;;DELTA_E_SALDO_CONTRARIOS;False;VALIDACAO;19;3;15,789473684210526;6000,0;800,0;-5200,0;-273,6842105263158;1;1;1;0;40;80;700;8;;DELTA_E_SALDO_CONTRARIOS;False;False;-5200,0
1075;1715;50;80;500;5;;DELTA_E_SALDO_CONTRARIOS;False;TREINO;42;5;11,904761904761905;-19900,0;-16000,0;3900,0;92,85714285714286;4;0;1;0;50;80;500;5;;DELTA_E_SALDO_CONTRARIOS;False;VALIDACAO;19;3;15,789473684210526;6000,0;800,0;-5200,0;-273,6842105263158;1;1;1;0;50;80;500;5;;DELTA_E_SALDO_CONTRARIOS;False;False;-5200,0
1076;1723;50;80;500;8;;DELTA_E_SALDO_CONTRARIOS;False;TREINO;42;5;11,904761904761905;-19900,0;-16000,0;3900,0;92,85714285714286;4;0;1;0;50;80;500;8;;DELTA_E_SALDO_CONTRARIOS;False;VALIDACAO;19;3;15,789473684210526;6000,0;800,0;-5200,0;-273,6842105263158;1;1;1;0;50;80;500;8;;DELTA_E_SALDO_CONTRARIOS;False;False;-5200,0
1077;1731;50;80;700;2;;DELTA_E_SALDO_CONTRARIOS;False;TREINO;42;5;11,904761904761905;-19900,0;-16000,0;3900,0;92,85714285714286;4;0;1;0;50;80;700;2;;DELTA_E_SALDO_CONTRARIOS;False;VALIDACAO;19;3;15,789473684210526;6000,0;800,0;-5200,0;-273,6842105263158;1;1;1;0;50;80;700;2;;DELTA_E_SALDO_CONTRARIOS;False;False;-5200,0
1078;1739;50;80;700;3;;DELTA_E_SALDO_CONTRARIOS;False;TREINO;42;5;11,904761904761905;-19900,0;-16000,0;3900,0;92,85714285714286;4;0;1;0;50;80;700;3;;DELTA_E_SALDO_CONTRARIOS;False;VALIDACAO;19;3;15,789473684210526;6000,0;800,0;-5200,0;-273,6842105263158;1;1;1;0;50;80;700;3;;DELTA_E_SALDO_CONTRARIOS;False;False;-5200,0
1079;1747;50;80;700;5;;DELTA_E_SALDO_CONTRARIOS;False;TREINO;42;5;11,904761904761905;-19900,0;-16000,0;3900,0;92,85714285714286;4;0;1;0;50;80;700;5;;DELTA_E_SALDO_CONTRARIOS;False;VALIDACAO;19;3;15,789473684210526;6000,0;800,0;-5200,0;-273,6842105263158;1;1;1;0;50;80;700;5;;DELTA_E_SALDO_CONTRARIOS;False;False;-5200,0
1080;1755;50;80;700;8;;DELTA_E_SALDO_CONTRARIOS;False;TREINO;42;5;11,904761904761905;-19900,0;-16000,0;3900,0;92,85714285714286;4;0;1;0;50;80;700;8;;DELTA_E_SALDO_CONTRARIOS;False;VALIDACAO;19;3;15,789473684210526;6000,0;800,0;-5200,0;-273,6842105263158;1;1;1;0;50;80;700;8;;DELTA_E_SALDO_CONTRARIOS;False;False;-5200,0
1081;227;20;80;900;2;;DELTA_E_SALDO_CONTRARIOS;False;TREINO;42;5;11,904761904761905;-19900,0;-17025,0;2875,0;68,45238095238095;4;0;1;0;20;80;900;2;;DELTA_E_SALDO_CONTRARIOS;False;VALIDACAO;19;3;15,789473684210526;6000,0;800,0;-5200,0;-273,6842105263158;1;1;1;0;20;80;900;2;;DELTA_E_SALDO_CONTRARIOS;False;False;-5200,0
1082;235;20;80;900;3;;DELTA_E_SALDO_CONTRARIOS;False;TREINO;42;5;11,904761904761905;-19900,0;-17025,0;2875,0;68,45238095238095;4;0;1;0;20;80;900;3;;DELTA_E_SALDO_CONTRARIOS;False;VALIDACAO;19;3;15,789473684210526;6000,0;800,0;-5200,0;-273,6842105263158;1;1;1;0;20;80;900;3;;DELTA_E_SALDO_CONTRARIOS;False;False;-5200,0
1083;243;20;80;900;5;;DELTA_E_SALDO_CONTRARIOS;False;TREINO;42;5;11,904761904761905;-19900,0;-17025,0;2875,0;68,45238095238095;4;0;1;0;20;80;900;5;;DELTA_E_SALDO_CONTRARIOS;False;VALIDACAO;19;3;15,789473684210526;6000,0;800,0;-5200,0;-273,6842105263158;1;1;1;0;20;80;900;5;;DELTA_E_SALDO_CONTRARIOS;False;False;-5200,0
1084;251;20;80;900;8;;DELTA_E_SALDO_CONTRARIOS;False;TREINO;42;5;11,904761904761905;-19900,0;-17025,0;2875,0;68,45238095238095;4;0;1;0;20;80;900;8;;DELTA_E_SALDO_CONTRARIOS;False;VALIDACAO;19;3;15,789473684210526;6000,0;800,0;-5200,0;-273,6842105263158;1;1;1;0;20;80;900;8;;DELTA_E_SALDO_CONTRARIOS;False;False;-5200,0
1085;739;30;80;900;2;;DELTA_E_SALDO_CONTRARIOS;False;TREINO;42;5;11,904761904761905;-19900,0;-17025,0;2875,0;68,45238095238095;4;0;1;0;30;80;900;2;;DELTA_E_SALDO_CONTRARIOS;False;VALIDACAO;19;3;15,789473684210526;6000,0;800,0;-5200,0;-273,6842105263158;1;1;1;0;30;80;900;2;;DELTA_E_SALDO_CONTRARIOS;False;False;-5200,0
1086;747;30;80;900;3;;DELTA_E_SALDO_CONTRARIOS;False;TREINO;42;5;11,904761904761905;-19900,0;-17025,0;2875,0;68,45238095238095;4;0;1;0;30;80;900;3;;DELTA_E_SALDO_CONTRARIOS;False;VALIDACAO;19;3;15,789473684210526;6000,0;800,0;-5200,0;-273,6842105263158;1;1;1;0;30;80;900;3;;DELTA_E_SALDO_CONTRARIOS;False;False;-5200,0
1087;755;30;80;900;5;;DELTA_E_SALDO_CONTRARIOS;False;TREINO;42;5;11,904761904761905;-19900,0;-17025,0;2875,0;68,45238095238095;4;0;1;0;30;80;900;5;;DELTA_E_SALDO_CONTRARIOS;False;VALIDACAO;19;3;15,789473684210526;6000,0;800,0;-5200,0;-273,6842105263158;1;1;1;0;30;80;900;5;;DELTA_E_SALDO_CONTRARIOS;False;False;-5200,0
1088;763;30;80;900;8;;DELTA_E_SALDO_CONTRARIOS;False;TREINO;42;5;11,904761904761905;-19900,0;-17025,0;2875,0;68,45238095238095;4;0;1;0;30;80;900;8;;DELTA_E_SALDO_CONTRARIOS;False;VALIDACAO;19;3;15,789473684210526;6000,0;800,0;-5200,0;-273,6842105263158;1;1;1;0;30;80;900;8;;DELTA_E_SALDO_CONTRARIOS;False;False;-5200,0
1089;1251;40;80;900;2;;DELTA_E_SALDO_CONTRARIOS;False;TREINO;42;5;11,904761904761905;-19900,0;-17025,0;2875,0;68,45238095238095;4;0;1;0;40;80;900;2;;DELTA_E_SALDO_CONTRARIOS;False;VALIDACAO;19;3;15,789473684210526;6000,0;800,0;-5200,0;-273,6842105263158;1;1;1;0;40;80;900;2;;DELTA_E_SALDO_CONTRARIOS;False;False;-5200,0
1090;1259;40;80;900;3;;DELTA_E_SALDO_CONTRARIOS;False;TREINO;42;5;11,904761904761905;-19900,0;-17025,0;2875,0;68,45238095238095;4;0;1;0;40;80;900;3;;DELTA_E_SALDO_CONTRARIOS;False;VALIDACAO;19;3;15,789473684210526;6000,0;800,0;-5200,0;-273,6842105263158;1;1;1;0;40;80;900;3;;DELTA_E_SALDO_CONTRARIOS;False;False;-5200,0
1091;1267;40;80;900;5;;DELTA_E_SALDO_CONTRARIOS;False;TREINO;42;5;11,904761904761905;-19900,0;-17025,0;2875,0;68,45238095238095;4;0;1;0;40;80;900;5;;DELTA_E_SALDO_CONTRARIOS;False;VALIDACAO;19;3;15,789473684210526;6000,0;800,0;-5200,0;-273,6842105263158;1;1;1;0;40;80;900;5;;DELTA_E_SALDO_CONTRARIOS;False;False;-5200,0
1092;1275;40;80;900;8;;DELTA_E_SALDO_CONTRARIOS;False;TREINO;42;5;11,904761904761905;-19900,0;-17025,0;2875,0;68,45238095238095;4;0;1;0;40;80;900;8;;DELTA_E_SALDO_CONTRARIOS;False;VALIDACAO;19;3;15,789473684210526;6000,0;800,0;-5200,0;-273,6842105263158;1;1;1;0;40;80;900;8;;DELTA_E_SALDO_CONTRARIOS;False;False;-5200,0
1093;1763;50;80;900;2;;DELTA_E_SALDO_CONTRARIOS;False;TREINO;42;5;11,904761904761905;-19900,0;-17025,0;2875,0;68,45238095238095;4;0;1;0;50;80;900;2;;DELTA_E_SALDO_CONTRARIOS;False;VALIDACAO;19;3;15,789473684210526;6000,0;800,0;-5200,0;-273,6842105263158;1;1;1;0;50;80;900;2;;DELTA_E_SALDO_CONTRARIOS;False;False;-5200,0
1094;1771;50;80;900;3;;DELTA_E_SALDO_CONTRARIOS;False;TREINO;42;5;11,904761904761905;-19900,0;-17025,0;2875,0;68,45238095238095;4;0;1;0;50;80;900;3;;DELTA_E_SALDO_CONTRARIOS;False;VALIDACAO;19;3;15,789473684210526;6000,0;800,0;-5200,0;-273,6842105263158;1;1;1;0;50;80;900;3;;DELTA_E_SALDO_CONTRARIOS;False;False;-5200,0
1095;1779;50;80;900;5;;DELTA_E_SALDO_CONTRARIOS;False;TREINO;42;5;11,904761904761905;-19900,0;-17025,0;2875,0;68,45238095238095;4;0;1;0;50;80;900;5;;DELTA_E_SALDO_CONTRARIOS;False;VALIDACAO;19;3;15,789473684210526;6000,0;800,0;-5200,0;-273,6842105263158;1;1;1;0;50;80;900;5;;DELTA_E_SALDO_CONTRARIOS;False;False;-5200,0
1096;1787;50;80;900;8;;DELTA_E_SALDO_CONTRARIOS;False;TREINO;42;5;11,904761904761905;-19900,0;-17025,0;2875,0;68,45238095238095;4;0;1;0;50;80;900;8;;DELTA_E_SALDO_CONTRARIOS;False;VALIDACAO;19;3;15,789473684210526;6000,0;800,0;-5200,0;-273,6842105263158;1;1;1;0;50;80;900;8;;DELTA_E_SALDO_CONTRARIOS;False;False;-5200,0
1097;603;30;70;700;8;;DELTA_E_SALDO_CONTRARIOS;False;TREINO;42;14;33,333333333333336;-19900,0;-17575,0;2325,0;55,357142857142854;9;2;2;0;30;70;700;8;;DELTA_E_SALDO_CONTRARIOS;False;VALIDACAO;19;5;26,31578947368421;6000,0;800,0;-5200,0;-273,6842105263158;2;1;2;0;30;70;700;8;;DELTA_E_SALDO_CONTRARIOS;False;False;-5200,0
1098;579;30;70;700;2;;DELTA_E_SALDO_CONTRARIOS;False;TREINO;42;15;35,714285714285715;-19900,0;-20125,0;-225,0;-5,357142857142857;9;3;2;0;30;70;700;2;;DELTA_E_SALDO_CONTRARIOS;False;VALIDACAO;19;5;26,31578947368421;6000,0;800,0;-5200,0;-273,6842105263158;2;1;2;0;30;70;700;2;;DELTA_E_SALDO_CONTRARIOS;False;False;-5200,0
1099;587;30;70;700;3;;DELTA_E_SALDO_CONTRARIOS;False;TREINO;42;15;35,714285714285715;-19900,0;-20125,0;-225,0;-5,357142857142857;9;3;2;0;30;70;700;3;;DELTA_E_SALDO_CONTRARIOS;False;VALIDACAO;19;5;26,31578947368421;6000,0;800,0;-5200,0;-273,6842105263158;2;1;2;0;30;70;700;3;;DELTA_E_SALDO_CONTRARIOS;False;False;-5200,0
1100;595;30;70;700;5;;DELTA_E_SALDO_CONTRARIOS;False;TREINO;42;15;35,714285714285715;-19900,0;-20125,0;-225,0;-5,357142857142857;9;3;2;0;30;70;700;5;;DELTA_E_SALDO_CONTRARIOS;False;VALIDACAO;19;5;26,31578947368421;6000,0;800,0;-5200,0;-273,6842105263158;2;1;2;0;30;70;700;5;;DELTA_E_SALDO_CONTRARIOS;False;False;-5200,0
1101;611;30;70;900;2;;DELTA_E_SALDO_CONTRARIOS;False;TREINO;42;13;30,952380952380953;-19900,0;-20650,0;-750,0;-17,857142857142858;8;2;2;0;30;70;900;2;;DELTA_E_SALDO_CONTRARIOS;False;VALIDACAO;19;5;26,31578947368421;6000,0;800,0;-5200,0;-273,6842105263158;2;1;2;0;30;70;900;2;;DELTA_E_SALDO_CONTRARIOS;False;False;-5200,0
1102;619;30;70;900;3;;DELTA_E_SALDO_CONTRARIOS;False;TREINO;42;13;30,952380952380953;-19900,0;-20650,0;-750,0;-17,857142857142858;8;2;2;0;30;70;900;3;;DELTA_E_SALDO_CONTRARIOS;False;VALIDACAO;19;5;26,31578947368421;6000,0;800,0;-5200,0;-273,6842105263158;2;1;2;0;30;70;900;3;;DELTA_E_SALDO_CONTRARIOS;False;False;-5200,0
1103;627;30;70;900;5;;DELTA_E_SALDO_CONTRARIOS;False;TREINO;42;13;30,952380952380953;-19900,0;-20650,0;-750,0;-17,857142857142858;8;2;2;0;30;70;900;5;;DELTA_E_SALDO_CONTRARIOS;False;VALIDACAO;19;5;26,31578947368421;6000,0;800,0;-5200,0;-273,6842105263158;2;1;2;0;30;70;900;5;;DELTA_E_SALDO_CONTRARIOS;False;False;-5200,0
1104;635;30;70;900;8;;DELTA_E_SALDO_CONTRARIOS;False;TREINO;42;13;30,952380952380953;-19900,0;-20650,0;-750,0;-17,857142857142858;8;2;2;0;30;70;900;8;;DELTA_E_SALDO_CONTRARIOS;False;VALIDACAO;19;5;26,31578947368421;6000,0;800,0;-5200,0;-273,6842105263158;2;1;2;0;30;70;900;8;;DELTA_E_SALDO_CONTRARIOS;False;False;-5200,0
1105;1029;40;70;300;2;500,0;SOMENTE_SCORES;False;TREINO;42;14;33,333333333333336;-19900,0;-16550,0;3350,0;79,76190476190476;8;3;1;0;40;70;300;2;500,0;SOMENTE_SCORES;False;VALIDACAO;19;6;31,57894736842105;6000,0;550,0;-5450,0;-286,8421052631579;3;3;0;0;40;70;300;2;500,0;SOMENTE_SCORES;False;False;-5450,0
1106;1037;40;70;300;3;500,0;SOMENTE_SCORES;False;TREINO;42;14;33,333333333333336;-19900,0;-16550,0;3350,0;79,76190476190476;8;3;1;0;40;70;300;3;500,0;SOMENTE_SCORES;False;VALIDACAO;19;6;31,57894736842105;6000,0;550,0;-5450,0;-286,8421052631579;3;3;0;0;40;70;300;3;500,0;SOMENTE_SCORES;False;False;-5450,0
1107;1045;40;70;300;5;500,0;SOMENTE_SCORES;False;TREINO;42;14;33,333333333333336;-19900,0;-16550,0;3350,0;79,76190476190476;8;3;1;0;40;70;300;5;500,0;SOMENTE_SCORES;False;VALIDACAO;19;6;31,57894736842105;6000,0;550,0;-5450,0;-286,8421052631579;3;3;0;0;40;70;300;5;500,0;SOMENTE_SCORES;False;False;-5450,0
1108;1053;40;70;300;8;500,0;SOMENTE_SCORES;False;TREINO;42;14;33,333333333333336;-19900,0;-16550,0;3350,0;79,76190476190476;8;3;1;0;40;70;300;8;500,0;SOMENTE_SCORES;False;VALIDACAO;19;6;31,57894736842105;6000,0;550,0;-5450,0;-286,8421052631579;3;3;0;0;40;70;300;8;500,0;SOMENTE_SCORES;False;False;-5450,0
1109;1541;50;70;300;2;500,0;SOMENTE_SCORES;False;TREINO;42;14;33,333333333333336;-19900,0;-16550,0;3350,0;79,76190476190476;8;3;1;0;50;70;300;2;500,0;SOMENTE_SCORES;False;VALIDACAO;19;6;31,57894736842105;6000,0;550,0;-5450,0;-286,8421052631579;3;3;0;0;50;70;300;2;500,0;SOMENTE_SCORES;False;False;-5450,0
1110;1549;50;70;300;3;500,0;SOMENTE_SCORES;False;TREINO;42;14;33,333333333333336;-19900,0;-16550,0;3350,0;79,76190476190476;8;3;1;0;50;70;300;3;500,0;SOMENTE_SCORES;False;VALIDACAO;19;6;31,57894736842105;6000,0;550,0;-5450,0;-286,8421052631579;3;3;0;0;50;70;300;3;500,0;SOMENTE_SCORES;False;False;-5450,0
1111;1557;50;70;300;5;500,0;SOMENTE_SCORES;False;TREINO;42;14;33,333333333333336;-19900,0;-16550,0;3350,0;79,76190476190476;8;3;1;0;50;70;300;5;500,0;SOMENTE_SCORES;False;VALIDACAO;19;6;31,57894736842105;6000,0;550,0;-5450,0;-286,8421052631579;3;3;0;0;50;70;300;5;500,0;SOMENTE_SCORES;False;False;-5450,0
1112;1565;50;70;300;8;500,0;SOMENTE_SCORES;False;TREINO;42;14;33,333333333333336;-19900,0;-16550,0;3350,0;79,76190476190476;8;3;1;0;50;70;300;8;500,0;SOMENTE_SCORES;False;VALIDACAO;19;6;31,57894736842105;6000,0;550,0;-5450,0;-286,8421052631579;3;3;0;0;50;70;300;8;500,0;SOMENTE_SCORES;False;False;-5450,0
1113;1085;40;70;500;8;500,0;SOMENTE_SCORES;False;TREINO;42;13;30,952380952380953;-19900,0;-17050,0;2850,0;67,85714285714286;8;2;1;0;40;70;500;8;500,0;SOMENTE_SCORES;False;VALIDACAO;19;6;31,57894736842105;6000,0;550,0;-5450,0;-286,8421052631579;3;3;0;0;40;70;500;8;500,0;SOMENTE_SCORES;False;False;-5450,0
1114;1597;50;70;500;8;500,0;SOMENTE_SCORES;False;TREINO;42;13;30,952380952380953;-19900,0;-17050,0;2850,0;67,85714285714286;8;2;1;0;50;70;500;8;500,0;SOMENTE_SCORES;False;VALIDACAO;19;6;31,57894736842105;6000,0;550,0;-5450,0;-286,8421052631579;3;3;0;0;50;70;500;8;500,0;SOMENTE_SCORES;False;False;-5450,0
1115;1061;40;70;500;2;500,0;SOMENTE_SCORES;False;TREINO;42;14;33,333333333333336;-19900,0;-19600,0;300,0;7,142857142857143;8;3;1;0;40;70;500;2;500,0;SOMENTE_SCORES;False;VALIDACAO;19;6;31,57894736842105;6000,0;550,0;-5450,0;-286,8421052631579;3;3;0;0;40;70;500;2;500,0;SOMENTE_SCORES;False;False;-5450,0
1116;1069;40;70;500;3;500,0;SOMENTE_SCORES;False;TREINO;42;14;33,333333333333336;-19900,0;-19600,0;300,0;7,142857142857143;8;3;1;0;40;70;500;3;500,0;SOMENTE_SCORES;False;VALIDACAO;19;6;31,57894736842105;6000,0;550,0;-5450,0;-286,8421052631579;3;3;0;0;40;70;500;3;500,0;SOMENTE_SCORES;False;False;-5450,0
1117;1077;40;70;500;5;500,0;SOMENTE_SCORES;False;TREINO;42;14;33,333333333333336;-19900,0;-19600,0;300,0;7,142857142857143;8;3;1;0;40;70;500;5;500,0;SOMENTE_SCORES;False;VALIDACAO;19;6;31,57894736842105;6000,0;550,0;-5450,0;-286,8421052631579;3;3;0;0;40;70;500;5;500,0;SOMENTE_SCORES;False;False;-5450,0
1118;1573;50;70;500;2;500,0;SOMENTE_SCORES;False;TREINO;42;14;33,333333333333336;-19900,0;-19600,0;300,0;7,142857142857143;8;3;1;0;50;70;500;2;500,0;SOMENTE_SCORES;False;VALIDACAO;19;6;31,57894736842105;6000,0;550,0;-5450,0;-286,8421052631579;3;3;0;0;50;70;500;2;500,0;SOMENTE_SCORES;False;False;-5450,0
1119;1581;50;70;500;3;500,0;SOMENTE_SCORES;False;TREINO;42;14;33,333333333333336;-19900,0;-19600,0;300,0;7,142857142857143;8;3;1;0;50;70;500;3;500,0;SOMENTE_SCORES;False;VALIDACAO;19;6;31,57894736842105;6000,0;550,0;-5450,0;-286,8421052631579;3;3;0;0;50;70;500;3;500,0;SOMENTE_SCORES;False;False;-5450,0
1120;1589;50;70;500;5;500,0;SOMENTE_SCORES;False;TREINO;42;14;33,333333333333336;-19900,0;-19600,0;300,0;7,142857142857143;8;3;1;0;50;70;500;5;500,0;SOMENTE_SCORES;False;VALIDACAO;19;6;31,57894736842105;6000,0;550,0;-5450,0;-286,8421052631579;3;3;0;0;50;70;500;5;500,0;SOMENTE_SCORES;False;False;-5450,0
1121;1083;40;70;500;8;;DELTA_E_SALDO_CONTRARIOS;False;TREINO;42;14;33,333333333333336;-19900,0;-16425,0;3475,0;82,73809523809524;9;2;2;0;40;70;500;8;;DELTA_E_SALDO_CONTRARIOS;False;VALIDACAO;19;7;36,8421052631579;6000,0;50,0;-5950,0;-313,1578947368421;3;2;2;0;40;70;500;8;;DELTA_E_SALDO_CONTRARIOS;False;False;-5950,0
1122;1595;50;70;500;8;;DELTA_E_SALDO_CONTRARIOS;False;TREINO;42;14;33,333333333333336;-19900,0;-16425,0;3475,0;82,73809523809524;9;2;2;0;50;70;500;8;;DELTA_E_SALDO_CONTRARIOS;False;VALIDACAO;19;7;36,8421052631579;6000,0;50,0;-5950,0;-313,1578947368421;3;2;2;0;50;70;500;8;;DELTA_E_SALDO_CONTRARIOS;False;False;-5950,0
1123;1059;40;70;500;2;;DELTA_E_SALDO_CONTRARIOS;False;TREINO;42;15;35,714285714285715;-19900,0;-18900,0;1000,0;23,80952380952381;9;3;2;0;40;70;500;2;;DELTA_E_SALDO_CONTRARIOS;False;VALIDACAO;19;7;36,8421052631579;6000,0;50,0;-5950,0;-313,1578947368421;3;2;2;0;40;70;500;2;;DELTA_E_SALDO_CONTRARIOS;False;False;-5950,0
1124;1067;40;70;500;3;;DELTA_E_SALDO_CONTRARIOS;False;TREINO;42;15;35,714285714285715;-19900,0;-18900,0;1000,0;23,80952380952381;9;3;2;0;40;70;500;3;;DELTA_E_SALDO_CONTRARIOS;False;VALIDACAO;19;7;36,8421052631579;6000,0;50,0;-5950,0;-313,1578947368421;3;2;2;0;40;70;500;3;;DELTA_E_SALDO_CONTRARIOS;False;False;-5950,0
1125;1571;50;70;500;2;;DELTA_E_SALDO_CONTRARIOS;False;TREINO;42;15;35,714285714285715;-19900,0;-18900,0;1000,0;23,80952380952381;9;3;2;0;50;70;500;2;;DELTA_E_SALDO_CONTRARIOS;False;VALIDACAO;19;7;36,8421052631579;6000,0;50,0;-5950,0;-313,1578947368421;3;2;2;0;50;70;500;2;;DELTA_E_SALDO_CONTRARIOS;False;False;-5950,0
1126;1579;50;70;500;3;;DELTA_E_SALDO_CONTRARIOS;False;TREINO;42;15;35,714285714285715;-19900,0;-18900,0;1000,0;23,80952380952381;9;3;2;0;50;70;500;3;;DELTA_E_SALDO_CONTRARIOS;False;VALIDACAO;19;7;36,8421052631579;6000,0;50,0;-5950,0;-313,1578947368421;3;2;2;0;50;70;500;3;;DELTA_E_SALDO_CONTRARIOS;False;False;-5950,0
1127;1075;40;70;500;5;;DELTA_E_SALDO_CONTRARIOS;False;TREINO;42;15;35,714285714285715;-19900,0;-18975,0;925,0;22,023809523809526;9;3;2;0;40;70;500;5;;DELTA_E_SALDO_CONTRARIOS;False;VALIDACAO;19;7;36,8421052631579;6000,0;50,0;-5950,0;-313,1578947368421;3;2;2;0;40;70;500;5;;DELTA_E_SALDO_CONTRARIOS;False;False;-5950,0
1128;1587;50;70;500;5;;DELTA_E_SALDO_CONTRARIOS;False;TREINO;42;15;35,714285714285715;-19900,0;-18975,0;925,0;22,023809523809526;9;3;2;0;50;70;500;5;;DELTA_E_SALDO_CONTRARIOS;False;VALIDACAO;19;7;36,8421052631579;6000,0;50,0;-5950,0;-313,1578947368421;3;2;2;0;50;70;500;5;;DELTA_E_SALDO_CONTRARIOS;False;False;-5950,0
1129;513;30;70;300;2;;SOMENTE_SCORES;False;TREINO;42;17;40,476190476190474;-19900,0;-17200,0;2700,0;64,28571428571429;9;3;3;0;30;70;300;2;;SOMENTE_SCORES;False;VALIDACAO;19;7;36,8421052631579;6000,0;-950,0;-6950,0;-365,7894736842105;2;3;2;0;30;70;300;2;;SOMENTE_SCORES;False;False;-6950,0
1130;521;30;70;300;3;;SOMENTE_SCORES;False;TREINO;42;17;40,476190476190474;-19900,0;-17200,0;2700,0;64,28571428571429;9;3;3;0;30;70;300;3;;SOMENTE_SCORES;False;VALIDACAO;19;7;36,8421052631579;6000,0;-950,0;-6950,0;-365,7894736842105;2;3;2;0;30;70;300;3;;SOMENTE_SCORES;False;False;-6950,0
1131;529;30;70;300;5;;SOMENTE_SCORES;False;TREINO;42;17;40,476190476190474;-19900,0;-17200,0;2700,0;64,28571428571429;9;3;3;0;30;70;300;5;;SOMENTE_SCORES;False;VALIDACAO;19;7;36,8421052631579;6000,0;-950,0;-6950,0;-365,7894736842105;2;3;2;0;30;70;300;5;;SOMENTE_SCORES;False;False;-6950,0
1132;537;30;70;300;8;;SOMENTE_SCORES;False;TREINO;42;17;40,476190476190474;-19900,0;-17200,0;2700,0;64,28571428571429;9;3;3;0;30;70;300;8;;SOMENTE_SCORES;False;VALIDACAO;19;7;36,8421052631579;6000,0;-950,0;-6950,0;-365,7894736842105;2;3;2;0;30;70;300;8;;SOMENTE_SCORES;False;False;-6950,0
1133;1117;40;70;700;8;500,0;SOMENTE_SCORES;False;TREINO;42;13;30,952380952380953;-19900,0;-17050,0;2850,0;67,85714285714286;8;2;1;0;40;70;700;8;500,0;SOMENTE_SCORES;False;VALIDACAO;19;6;31,57894736842105;6000,0;-1250,0;-7250,0;-381,57894736842104;3;3;0;0;40;70;700;8;500,0;SOMENTE_SCORES;False;False;-7250,0
1134;1629;50;70;700;8;500,0;SOMENTE_SCORES;False;TREINO;42;13;30,952380952380953;-19900,0;-17050,0;2850,0;67,85714285714286;8;2;1;0;50;70;700;8;500,0;SOMENTE_SCORES;False;VALIDACAO;19;6;31,57894736842105;6000,0;-1250,0;-7250,0;-381,57894736842104;3;3;0;0;50;70;700;8;500,0;SOMENTE_SCORES;False;False;-7250,0
1135;1093;40;70;700;2;500,0;SOMENTE_SCORES;False;TREINO;42;14;33,333333333333336;-19900,0;-19600,0;300,0;7,142857142857143;8;3;1;0;40;70;700;2;500,0;SOMENTE_SCORES;False;VALIDACAO;19;6;31,57894736842105;6000,0;-1250,0;-7250,0;-381,57894736842104;3;3;0;0;40;70;700;2;500,0;SOMENTE_SCORES;False;False;-7250,0
1136;1101;40;70;700;3;500,0;SOMENTE_SCORES;False;TREINO;42;14;33,333333333333336;-19900,0;-19600,0;300,0;7,142857142857143;8;3;1;0;40;70;700;3;500,0;SOMENTE_SCORES;False;VALIDACAO;19;6;31,57894736842105;6000,0;-1250,0;-7250,0;-381,57894736842104;3;3;0;0;40;70;700;3;500,0;SOMENTE_SCORES;False;False;-7250,0
1137;1109;40;70;700;5;500,0;SOMENTE_SCORES;False;TREINO;42;14;33,333333333333336;-19900,0;-19600,0;300,0;7,142857142857143;8;3;1;0;40;70;700;5;500,0;SOMENTE_SCORES;False;VALIDACAO;19;6;31,57894736842105;6000,0;-1250,0;-7250,0;-381,57894736842104;3;3;0;0;40;70;700;5;500,0;SOMENTE_SCORES;False;False;-7250,0
1138;1605;50;70;700;2;500,0;SOMENTE_SCORES;False;TREINO;42;14;33,333333333333336;-19900,0;-19600,0;300,0;7,142857142857143;8;3;1;0;50;70;700;2;500,0;SOMENTE_SCORES;False;VALIDACAO;19;6;31,57894736842105;6000,0;-1250,0;-7250,0;-381,57894736842104;3;3;0;0;50;70;700;2;500,0;SOMENTE_SCORES;False;False;-7250,0
1139;1613;50;70;700;3;500,0;SOMENTE_SCORES;False;TREINO;42;14;33,333333333333336;-19900,0;-19600,0;300,0;7,142857142857143;8;3;1;0;50;70;700;3;500,0;SOMENTE_SCORES;False;VALIDACAO;19;6;31,57894736842105;6000,0;-1250,0;-7250,0;-381,57894736842104;3;3;0;0;50;70;700;3;500,0;SOMENTE_SCORES;False;False;-7250,0
1140;1621;50;70;700;5;500,0;SOMENTE_SCORES;False;TREINO;42;14;33,333333333333336;-19900,0;-19600,0;300,0;7,142857142857143;8;3;1;0;50;70;700;5;500,0;SOMENTE_SCORES;False;VALIDACAO;19;6;31,57894736842105;6000,0;-1250,0;-7250,0;-381,57894736842104;3;3;0;0;50;70;700;5;500,0;SOMENTE_SCORES;False;False;-7250,0
1141;25;20;70;300;8;;SOMENTE_SCORES;False;TREINO;42;14;33,333333333333336;-19900,0;-16150,0;3750,0;89,28571428571429;9;1;2;0;20;70;300;8;;SOMENTE_SCORES;False;VALIDACAO;19;4;21,05263157894737;6000,0;-1325,0;-7325,0;-385,5263157894737;1;2;1;0;20;70;300;8;;SOMENTE_SCORES;False;False;-7325,0
1142;97;20;70;900;2;;SOMENTE_SCORES;False;TREINO;42;13;30,952380952380953;-19900,0;-16600,0;3300,0;78,57142857142857;9;1;2;0;20;70;900;2;;SOMENTE_SCORES;False;VALIDACAO;19;4;21,05263157894737;6000,0;-1325,0;-7325,0;-385,5263157894737;1;2;1;0;20;70;900;2;;SOMENTE_SCORES;False;False;-7325,0
1143;105;20;70;900;3;;SOMENTE_SCORES;False;TREINO;42;13;30,952380952380953;-19900,0;-16600,0;3300,0;78,57142857142857;9;1;2;0;20;70;900;3;;SOMENTE_SCORES;False;VALIDACAO;19;4;21,05263157894737;6000,0;-1325,0;-7325,0;-385,5263157894737;1;2;1;0;20;70;900;3;;SOMENTE_SCORES;False;False;-7325,0
1144;113;20;70;900;5;;SOMENTE_SCORES;False;TREINO;42;13;30,952380952380953;-19900,0;-16600,0;3300,0;78,57142857142857;9;1;2;0;20;70;900;5;;SOMENTE_SCORES;False;VALIDACAO;19;4;21,05263157894737;6000,0;-1325,0;-7325,0;-385,5263157894737;1;2;1;0;20;70;900;5;;SOMENTE_SCORES;False;False;-7325,0
1145;121;20;70;900;8;;SOMENTE_SCORES;False;TREINO;42;13;30,952380952380953;-19900,0;-16600,0;3300,0;78,57142857142857;9;1;2;0;20;70;900;8;;SOMENTE_SCORES;False;VALIDACAO;19;4;21,05263157894737;6000,0;-1325,0;-7325,0;-385,5263157894737;1;2;1;0;20;70;900;8;;SOMENTE_SCORES;False;False;-7325,0
1146;57;20;70;500;8;;SOMENTE_SCORES;False;TREINO;42;14;33,333333333333336;-19900,0;-16725,0;3175,0;75,5952380952381;9;1;2;0;20;70;500;8;;SOMENTE_SCORES;False;VALIDACAO;19;4;21,05263157894737;6000,0;-1325,0;-7325,0;-385,5263157894737;1;2;1;0;20;70;500;8;;SOMENTE_SCORES;False;False;-7325,0
1147;89;20;70;700;8;;SOMENTE_SCORES;False;TREINO;42;14;33,333333333333336;-19900,0;-16725,0;3175,0;75,5952380952381;9;1;2;0;20;70;700;8;;SOMENTE_SCORES;False;VALIDACAO;19;4;21,05263157894737;6000,0;-1325,0;-7325,0;-385,5263157894737;1;2;1;0;20;70;700;8;;SOMENTE_SCORES;False;False;-7325,0
1148;1;20;70;300;2;;SOMENTE_SCORES;False;TREINO;42;15;35,714285714285715;-19900,0;-18700,0;1200,0;28,571428571428573;9;2;2;0;20;70;300;2;;SOMENTE_SCORES;False;VALIDACAO;19;4;21,05263157894737;6000,0;-1325,0;-7325,0;-385,5263157894737;1;2;1;0;20;70;300;2;;SOMENTE_SCORES;False;False;-7325,0
1149;9;20;70;300;3;;SOMENTE_SCORES;False;TREINO;42;15;35,714285714285715;-19900,0;-18700,0;1200,0;28,571428571428573;9;2;2;0;20;70;300;3;;SOMENTE_SCORES;False;VALIDACAO;19;4;21,05263157894737;6000,0;-1325,0;-7325,0;-385,5263157894737;1;2;1;0;20;70;300;3;;SOMENTE_SCORES;False;False;-7325,0
1150;17;20;70;300;5;;SOMENTE_SCORES;False;TREINO;42;15;35,714285714285715;-19900,0;-18700,0;1200,0;28,571428571428573;9;2;2;0;20;70;300;5;;SOMENTE_SCORES;False;VALIDACAO;19;4;21,05263157894737;6000,0;-1325,0;-7325,0;-385,5263157894737;1;2;1;0;20;70;300;5;;SOMENTE_SCORES;False;False;-7325,0
1151;33;20;70;500;2;;SOMENTE_SCORES;False;TREINO;42;15;35,714285714285715;-19900,0;-19275,0;625,0;14,880952380952381;9;2;2;0;20;70;500;2;;SOMENTE_SCORES;False;VALIDACAO;19;4;21,05263157894737;6000,0;-1325,0;-7325,0;-385,5263157894737;1;2;1;0;20;70;500;2;;SOMENTE_SCORES;False;False;-7325,0
1152;41;20;70;500;3;;SOMENTE_SCORES;False;TREINO;42;15;35,714285714285715;-19900,0;-19275,0;625,0;14,880952380952381;9;2;2;0;20;70;500;3;;SOMENTE_SCORES;False;VALIDACAO;19;4;21,05263157894737;6000,0;-1325,0;-7325,0;-385,5263157894737;1;2;1;0;20;70;500;3;;SOMENTE_SCORES;False;False;-7325,0
1153;49;20;70;500;5;;SOMENTE_SCORES;False;TREINO;42;15;35,714285714285715;-19900,0;-19275,0;625,0;14,880952380952381;9;2;2;0;20;70;500;5;;SOMENTE_SCORES;False;VALIDACAO;19;4;21,05263157894737;6000,0;-1325,0;-7325,0;-385,5263157894737;1;2;1;0;20;70;500;5;;SOMENTE_SCORES;False;False;-7325,0
1154;65;20;70;700;2;;SOMENTE_SCORES;False;TREINO;42;15;35,714285714285715;-19900,0;-19275,0;625,0;14,880952380952381;9;2;2;0;20;70;700;2;;SOMENTE_SCORES;False;VALIDACAO;19;4;21,05263157894737;6000,0;-1325,0;-7325,0;-385,5263157894737;1;2;1;0;20;70;700;2;;SOMENTE_SCORES;False;False;-7325,0
1155;73;20;70;700;3;;SOMENTE_SCORES;False;TREINO;42;15;35,714285714285715;-19900,0;-19275,0;625,0;14,880952380952381;9;2;2;0;20;70;700;3;;SOMENTE_SCORES;False;VALIDACAO;19;4;21,05263157894737;6000,0;-1325,0;-7325,0;-385,5263157894737;1;2;1;0;20;70;700;3;;SOMENTE_SCORES;False;False;-7325,0
1156;81;20;70;700;5;;SOMENTE_SCORES;False;TREINO;42;15;35,714285714285715;-19900,0;-19275,0;625,0;14,880952380952381;9;2;2;0;20;70;700;5;;SOMENTE_SCORES;False;VALIDACAO;19;4;21,05263157894737;6000,0;-1325,0;-7325,0;-385,5263157894737;1;2;1;0;20;70;700;5;;SOMENTE_SCORES;False;False;-7325,0
1157;1115;40;70;700;8;;DELTA_E_SALDO_CONTRARIOS;False;TREINO;42;14;33,333333333333336;-19900,0;-16825,0;3075,0;73,21428571428571;9;2;2;0;40;70;700;8;;DELTA_E_SALDO_CONTRARIOS;False;VALIDACAO;19;7;36,8421052631579;6000,0;-1750,0;-7750,0;-407,89473684210526;3;2;2;0;40;70;700;8;;DELTA_E_SALDO_CONTRARIOS;False;False;-7750,0
1158;1627;50;70;700;8;;DELTA_E_SALDO_CONTRARIOS;False;TREINO;42;14;33,333333333333336;-19900,0;-16825,0;3075,0;73,21428571428571;9;2;2;0;50;70;700;8;;DELTA_E_SALDO_CONTRARIOS;False;VALIDACAO;19;7;36,8421052631579;6000,0;-1750,0;-7750,0;-407,89473684210526;3;2;2;0;50;70;700;8;;DELTA_E_SALDO_CONTRARIOS;False;False;-7750,0
1159;1091;40;70;700;2;;DELTA_E_SALDO_CONTRARIOS;False;TREINO;42;15;35,714285714285715;-19900,0;-19375,0;525,0;12,5;9;3;2;0;40;70;700;2;;DELTA_E_SALDO_CONTRARIOS;False;VALIDACAO;19;7;36,8421052631579;6000,0;-1750,0;-7750,0;-407,89473684210526;3;2;2;0;40;70;700;2;;DELTA_E_SALDO_CONTRARIOS;False;False;-7750,0
1160;1099;40;70;700;3;;DELTA_E_SALDO_CONTRARIOS;False;TREINO;42;15;35,714285714285715;-19900,0;-19375,0;525,0;12,5;9;3;2;0;40;70;700;3;;DELTA_E_SALDO_CONTRARIOS;False;VALIDACAO;19;7;36,8421052631579;6000,0;-1750,0;-7750,0;-407,89473684210526;3;2;2;0;40;70;700;3;;DELTA_E_SALDO_CONTRARIOS;False;False;-7750,0
1161;1107;40;70;700;5;;DELTA_E_SALDO_CONTRARIOS;False;TREINO;42;15;35,714285714285715;-19900,0;-19375,0;525,0;12,5;9;3;2;0;40;70;700;5;;DELTA_E_SALDO_CONTRARIOS;False;VALIDACAO;19;7;36,8421052631579;6000,0;-1750,0;-7750,0;-407,89473684210526;3;2;2;0;40;70;700;5;;DELTA_E_SALDO_CONTRARIOS;False;False;-7750,0
1162;1603;50;70;700;2;;DELTA_E_SALDO_CONTRARIOS;False;TREINO;42;15;35,714285714285715;-19900,0;-19375,0;525,0;12,5;9;3;2;0;50;70;700;2;;DELTA_E_SALDO_CONTRARIOS;False;VALIDACAO;19;7;36,8421052631579;6000,0;-1750,0;-7750,0;-407,89473684210526;3;2;2;0;50;70;700;2;;DELTA_E_SALDO_CONTRARIOS;False;False;-7750,0
1163;1611;50;70;700;3;;DELTA_E_SALDO_CONTRARIOS;False;TREINO;42;15;35,714285714285715;-19900,0;-19375,0;525,0;12,5;9;3;2;0;50;70;700;3;;DELTA_E_SALDO_CONTRARIOS;False;VALIDACAO;19;7;36,8421052631579;6000,0;-1750,0;-7750,0;-407,89473684210526;3;2;2;0;50;70;700;3;;DELTA_E_SALDO_CONTRARIOS;False;False;-7750,0
1164;1619;50;70;700;5;;DELTA_E_SALDO_CONTRARIOS;False;TREINO;42;15;35,714285714285715;-19900,0;-19375,0;525,0;12,5;9;3;2;0;50;70;700;5;;DELTA_E_SALDO_CONTRARIOS;False;VALIDACAO;19;7;36,8421052631579;6000,0;-1750,0;-7750,0;-407,89473684210526;3;2;2;0;50;70;700;5;;DELTA_E_SALDO_CONTRARIOS;False;False;-7750,0
1165;1123;40;70;900;2;;DELTA_E_SALDO_CONTRARIOS;False;TREINO;42;13;30,952380952380953;-19900,0;-20100,0;-200,0;-4,761904761904762;8;2;2;0;40;70;900;2;;DELTA_E_SALDO_CONTRARIOS;False;VALIDACAO;19;7;36,8421052631579;6000,0;-1750,0;-7750,0;-407,89473684210526;3;2;2;0;40;70;900;2;;DELTA_E_SALDO_CONTRARIOS;False;False;-7750,0
1166;1131;40;70;900;3;;DELTA_E_SALDO_CONTRARIOS;False;TREINO;42;13;30,952380952380953;-19900,0;-20100,0;-200,0;-4,761904761904762;8;2;2;0;40;70;900;3;;DELTA_E_SALDO_CONTRARIOS;False;VALIDACAO;19;7;36,8421052631579;6000,0;-1750,0;-7750,0;-407,89473684210526;3;2;2;0;40;70;900;3;;DELTA_E_SALDO_CONTRARIOS;False;False;-7750,0
1167;1139;40;70;900;5;;DELTA_E_SALDO_CONTRARIOS;False;TREINO;42;13;30,952380952380953;-19900,0;-20100,0;-200,0;-4,761904761904762;8;2;2;0;40;70;900;5;;DELTA_E_SALDO_CONTRARIOS;False;VALIDACAO;19;7;36,8421052631579;6000,0;-1750,0;-7750,0;-407,89473684210526;3;2;2;0;40;70;900;5;;DELTA_E_SALDO_CONTRARIOS;False;False;-7750,0
1168;1147;40;70;900;8;;DELTA_E_SALDO_CONTRARIOS;False;TREINO;42;13;30,952380952380953;-19900,0;-20100,0;-200,0;-4,761904761904762;8;2;2;0;40;70;900;8;;DELTA_E_SALDO_CONTRARIOS;False;VALIDACAO;19;7;36,8421052631579;6000,0;-1750,0;-7750,0;-407,89473684210526;3;2;2;0;40;70;900;8;;DELTA_E_SALDO_CONTRARIOS;False;False;-7750,0
1169;1635;50;70;900;2;;DELTA_E_SALDO_CONTRARIOS;False;TREINO;42;13;30,952380952380953;-19900,0;-20100,0;-200,0;-4,761904761904762;8;2;2;0;50;70;900;2;;DELTA_E_SALDO_CONTRARIOS;False;VALIDACAO;19;7;36,8421052631579;6000,0;-1750,0;-7750,0;-407,89473684210526;3;2;2;0;50;70;900;2;;DELTA_E_SALDO_CONTRARIOS;False;False;-7750,0
1170;1643;50;70;900;3;;DELTA_E_SALDO_CONTRARIOS;False;TREINO;42;13;30,952380952380953;-19900,0;-20100,0;-200,0;-4,761904761904762;8;2;2;0;50;70;900;3;;DELTA_E_SALDO_CONTRARIOS;False;VALIDACAO;19;7;36,8421052631579;6000,0;-1750,0;-7750,0;-407,89473684210526;3;2;2;0;50;70;900;3;;DELTA_E_SALDO_CONTRARIOS;False;False;-7750,0
1171;1651;50;70;900;5;;DELTA_E_SALDO_CONTRARIOS;False;TREINO;42;13;30,952380952380953;-19900,0;-20100,0;-200,0;-4,761904761904762;8;2;2;0;50;70;900;5;;DELTA_E_SALDO_CONTRARIOS;False;VALIDACAO;19;7;36,8421052631579;6000,0;-1750,0;-7750,0;-407,89473684210526;3;2;2;0;50;70;900;5;;DELTA_E_SALDO_CONTRARIOS;False;False;-7750,0
1172;1659;50;70;900;8;;DELTA_E_SALDO_CONTRARIOS;False;TREINO;42;13;30,952380952380953;-19900,0;-20100,0;-200,0;-4,761904761904762;8;2;2;0;50;70;900;8;;DELTA_E_SALDO_CONTRARIOS;False;VALIDACAO;19;7;36,8421052631579;6000,0;-1750,0;-7750,0;-407,89473684210526;3;2;2;0;50;70;900;8;;DELTA_E_SALDO_CONTRARIOS;False;False;-7750,0
1173;609;30;70;900;2;;SOMENTE_SCORES;False;TREINO;42;14;33,333333333333336;-19900,0;-16900,0;3000,0;71,42857142857143;9;2;2;0;30;70;900;2;;SOMENTE_SCORES;False;VALIDACAO;19;6;31,57894736842105;6000,0;-1925,0;-7925,0;-417,10526315789474;2;2;2;0;30;70;900;2;;SOMENTE_SCORES;False;False;-7925,0
1174;617;30;70;900;3;;SOMENTE_SCORES;False;TREINO;42;14;33,333333333333336;-19900,0;-16900,0;3000,0;71,42857142857143;9;2;2;0;30;70;900;3;;SOMENTE_SCORES;False;VALIDACAO;19;6;31,57894736842105;6000,0;-1925,0;-7925,0;-417,10526315789474;2;2;2;0;30;70;900;3;;SOMENTE_SCORES;False;False;-7925,0
1175;625;30;70;900;5;;SOMENTE_SCORES;False;TREINO;42;14;33,333333333333336;-19900,0;-16900,0;3000,0;71,42857142857143;9;2;2;0;30;70;900;5;;SOMENTE_SCORES;False;VALIDACAO;19;6;31,57894736842105;6000,0;-1925,0;-7925,0;-417,10526315789474;2;2;2;0;30;70;900;5;;SOMENTE_SCORES;False;False;-7925,0
1176;633;30;70;900;8;;SOMENTE_SCORES;False;TREINO;42;14;33,333333333333336;-19900,0;-16900,0;3000,0;71,42857142857143;9;2;2;0;30;70;900;8;;SOMENTE_SCORES;False;VALIDACAO;19;6;31,57894736842105;6000,0;-1925,0;-7925,0;-417,10526315789474;2;2;2;0;30;70;900;8;;SOMENTE_SCORES;False;False;-7925,0
1177;569;30;70;500;8;;SOMENTE_SCORES;False;TREINO;42;16;38,095238095238095;-19900,0;-17700,0;2200,0;52,38095238095238;9;2;3;0;30;70;500;8;;SOMENTE_SCORES;False;VALIDACAO;19;7;36,8421052631579;6000,0;-2375,0;-8375,0;-440,7894736842105;2;3;2;0;30;70;500;8;;SOMENTE_SCORES;False;False;-8375,0
1178;545;30;70;500;2;;SOMENTE_SCORES;False;TREINO;42;17;40,476190476190474;-19900,0;-20250,0;-350,0;-8,333333333333334;9;3;3;0;30;70;500;2;;SOMENTE_SCORES;False;VALIDACAO;19;7;36,8421052631579;6000,0;-2375,0;-8375,0;-440,7894736842105;2;3;2;0;30;70;500;2;;SOMENTE_SCORES;False;False;-8375,0
1179;553;30;70;500;3;;SOMENTE_SCORES;False;TREINO;42;17;40,476190476190474;-19900,0;-20250,0;-350,0;-8,333333333333334;9;3;3;0;30;70;500;3;;SOMENTE_SCORES;False;VALIDACAO;19;7;36,8421052631579;6000,0;-2375,0;-8375,0;-440,7894736842105;2;3;2;0;30;70;500;3;;SOMENTE_SCORES;False;False;-8375,0
1180;561;30;70;500;5;;SOMENTE_SCORES;False;TREINO;42;17;40,476190476190474;-19900,0;-20250,0;-350,0;-8,333333333333334;9;3;3;0;30;70;500;5;;SOMENTE_SCORES;False;VALIDACAO;19;7;36,8421052631579;6000,0;-2375,0;-8375,0;-440,7894736842105;2;3;2;0;30;70;500;5;;SOMENTE_SCORES;False;False;-8375,0
1181;1025;40;70;300;2;;SOMENTE_SCORES;False;TREINO;42;17;40,476190476190474;-19900,0;-17300,0;2600,0;61,904761904761905;9;3;3;0;40;70;300;2;;SOMENTE_SCORES;False;VALIDACAO;19;9;47,36842105263158;6000,0;-3500,0;-9500,0;-500,0;3;4;2;0;40;70;300;2;;SOMENTE_SCORES;False;False;-9500,0
1182;1033;40;70;300;3;;SOMENTE_SCORES;False;TREINO;42;17;40,476190476190474;-19900,0;-17300,0;2600,0;61,904761904761905;9;3;3;0;40;70;300;3;;SOMENTE_SCORES;False;VALIDACAO;19;9;47,36842105263158;6000,0;-3500,0;-9500,0;-500,0;3;4;2;0;40;70;300;3;;SOMENTE_SCORES;False;False;-9500,0
1183;1041;40;70;300;5;;SOMENTE_SCORES;False;TREINO;42;17;40,476190476190474;-19900,0;-17300,0;2600,0;61,904761904761905;9;3;3;0;40;70;300;5;;SOMENTE_SCORES;False;VALIDACAO;19;9;47,36842105263158;6000,0;-3500,0;-9500,0;-500,0;3;4;2;0;40;70;300;5;;SOMENTE_SCORES;False;False;-9500,0
1184;1049;40;70;300;8;;SOMENTE_SCORES;False;TREINO;42;17;40,476190476190474;-19900,0;-17300,0;2600,0;61,904761904761905;9;3;3;0;40;70;300;8;;SOMENTE_SCORES;False;VALIDACAO;19;9;47,36842105263158;6000,0;-3500,0;-9500,0;-500,0;3;4;2;0;40;70;300;8;;SOMENTE_SCORES;False;False;-9500,0
1185;1537;50;70;300;2;;SOMENTE_SCORES;False;TREINO;42;17;40,476190476190474;-19900,0;-17300,0;2600,0;61,904761904761905;9;3;3;0;50;70;300;2;;SOMENTE_SCORES;False;VALIDACAO;19;9;47,36842105263158;6000,0;-3500,0;-9500,0;-500,0;3;4;2;0;50;70;300;2;;SOMENTE_SCORES;False;False;-9500,0
1186;1545;50;70;300;3;;SOMENTE_SCORES;False;TREINO;42;17;40,476190476190474;-19900,0;-17300,0;2600,0;61,904761904761905;9;3;3;0;50;70;300;3;;SOMENTE_SCORES;False;VALIDACAO;19;9;47,36842105263158;6000,0;-3500,0;-9500,0;-500,0;3;4;2;0;50;70;300;3;;SOMENTE_SCORES;False;False;-9500,0
1187;1553;50;70;300;5;;SOMENTE_SCORES;False;TREINO;42;17;40,476190476190474;-19900,0;-17300,0;2600,0;61,904761904761905;9;3;3;0;50;70;300;5;;SOMENTE_SCORES;False;VALIDACAO;19;9;47,36842105263158;6000,0;-3500,0;-9500,0;-500,0;3;4;2;0;50;70;300;5;;SOMENTE_SCORES;False;False;-9500,0
1188;1561;50;70;300;8;;SOMENTE_SCORES;False;TREINO;42;17;40,476190476190474;-19900,0;-17300,0;2600,0;61,904761904761905;9;3;3;0;50;70;300;8;;SOMENTE_SCORES;False;VALIDACAO;19;9;47,36842105263158;6000,0;-3500,0;-9500,0;-500,0;3;4;2;0;50;70;300;8;;SOMENTE_SCORES;False;False;-9500,0
1189;601;30;70;700;8;;SOMENTE_SCORES;False;TREINO;42;16;38,095238095238095;-19900,0;-17700,0;2200,0;52,38095238095238;9;2;3;0;30;70;700;8;;SOMENTE_SCORES;False;VALIDACAO;19;7;36,8421052631579;6000,0;-4350,0;-10350,0;-544,7368421052631;2;3;2;0;30;70;700;8;;SOMENTE_SCORES;False;False;-10350,0
1190;577;30;70;700;2;;SOMENTE_SCORES;False;TREINO;42;17;40,476190476190474;-19900,0;-20250,0;-350,0;-8,333333333333334;9;3;3;0;30;70;700;2;;SOMENTE_SCORES;False;VALIDACAO;19;7;36,8421052631579;6000,0;-4350,0;-10350,0;-544,7368421052631;2;3;2;0;30;70;700;2;;SOMENTE_SCORES;False;False;-10350,0
1191;585;30;70;700;3;;SOMENTE_SCORES;False;TREINO;42;17;40,476190476190474;-19900,0;-20250,0;-350,0;-8,333333333333334;9;3;3;0;30;70;700;3;;SOMENTE_SCORES;False;VALIDACAO;19;7;36,8421052631579;6000,0;-4350,0;-10350,0;-544,7368421052631;2;3;2;0;30;70;700;3;;SOMENTE_SCORES;False;False;-10350,0
1192;593;30;70;700;5;;SOMENTE_SCORES;False;TREINO;42;17;40,476190476190474;-19900,0;-20250,0;-350,0;-8,333333333333334;9;3;3;0;30;70;700;5;;SOMENTE_SCORES;False;VALIDACAO;19;7;36,8421052631579;6000,0;-4350,0;-10350,0;-544,7368421052631;2;3;2;0;30;70;700;5;;SOMENTE_SCORES;False;False;-10350,0
1193;1121;40;70;900;2;;SOMENTE_SCORES;False;TREINO;42;14;33,333333333333336;-19900,0;-17000,0;2900,0;69,04761904761905;9;2;2;0;40;70;900;2;;SOMENTE_SCORES;False;VALIDACAO;19;8;42,10526315789474;6000,0;-4475,0;-10475,0;-551,3157894736842;3;3;2;0;40;70;900;2;;SOMENTE_SCORES;False;False;-10475,0
1194;1129;40;70;900;3;;SOMENTE_SCORES;False;TREINO;42;14;33,333333333333336;-19900,0;-17000,0;2900,0;69,04761904761905;9;2;2;0;40;70;900;3;;SOMENTE_SCORES;False;VALIDACAO;19;8;42,10526315789474;6000,0;-4475,0;-10475,0;-551,3157894736842;3;3;2;0;40;70;900;3;;SOMENTE_SCORES;False;False;-10475,0
1195;1137;40;70;900;5;;SOMENTE_SCORES;False;TREINO;42;14;33,333333333333336;-19900,0;-17000,0;2900,0;69,04761904761905;9;2;2;0;40;70;900;5;;SOMENTE_SCORES;False;VALIDACAO;19;8;42,10526315789474;6000,0;-4475,0;-10475,0;-551,3157894736842;3;3;2;0;40;70;900;5;;SOMENTE_SCORES;False;False;-10475,0
1196;1145;40;70;900;8;;SOMENTE_SCORES;False;TREINO;42;14;33,333333333333336;-19900,0;-17000,0;2900,0;69,04761904761905;9;2;2;0;40;70;900;8;;SOMENTE_SCORES;False;VALIDACAO;19;8;42,10526315789474;6000,0;-4475,0;-10475,0;-551,3157894736842;3;3;2;0;40;70;900;8;;SOMENTE_SCORES;False;False;-10475,0
1197;1633;50;70;900;2;;SOMENTE_SCORES;False;TREINO;42;14;33,333333333333336;-19900,0;-17000,0;2900,0;69,04761904761905;9;2;2;0;50;70;900;2;;SOMENTE_SCORES;False;VALIDACAO;19;8;42,10526315789474;6000,0;-4475,0;-10475,0;-551,3157894736842;3;3;2;0;50;70;900;2;;SOMENTE_SCORES;False;False;-10475,0
1198;1641;50;70;900;3;;SOMENTE_SCORES;False;TREINO;42;14;33,333333333333336;-19900,0;-17000,0;2900,0;69,04761904761905;9;2;2;0;50;70;900;3;;SOMENTE_SCORES;False;VALIDACAO;19;8;42,10526315789474;6000,0;-4475,0;-10475,0;-551,3157894736842;3;3;2;0;50;70;900;3;;SOMENTE_SCORES;False;False;-10475,0
1199;1649;50;70;900;5;;SOMENTE_SCORES;False;TREINO;42;14;33,333333333333336;-19900,0;-17000,0;2900,0;69,04761904761905;9;2;2;0;50;70;900;5;;SOMENTE_SCORES;False;VALIDACAO;19;8;42,10526315789474;6000,0;-4475,0;-10475,0;-551,3157894736842;3;3;2;0;50;70;900;5;;SOMENTE_SCORES;False;False;-10475,0
1200;1657;50;70;900;8;;SOMENTE_SCORES;False;TREINO;42;14;33,333333333333336;-19900,0;-17000,0;2900,0;69,04761904761905;9;2;2;0;50;70;900;8;;SOMENTE_SCORES;False;VALIDACAO;19;8;42,10526315789474;6000,0;-4475,0;-10475,0;-551,3157894736842;3;3;2;0;50;70;900;8;;SOMENTE_SCORES;False;False;-10475,0
1201;1081;40;70;500;8;;SOMENTE_SCORES;False;TREINO;42;16;38,095238095238095;-19900,0;-17800,0;2100,0;50,0;9;2;3;0;40;70;500;8;;SOMENTE_SCORES;False;VALIDACAO;19;9;47,36842105263158;6000,0;-4925,0;-10925,0;-575,0;3;4;2;0;40;70;500;8;;SOMENTE_SCORES;False;False;-10925,0
1202;1593;50;70;500;8;;SOMENTE_SCORES;False;TREINO;42;16;38,095238095238095;-19900,0;-17800,0;2100,0;50,0;9;2;3;0;50;70;500;8;;SOMENTE_SCORES;False;VALIDACAO;19;9;47,36842105263158;6000,0;-4925,0;-10925,0;-575,0;3;4;2;0;50;70;500;8;;SOMENTE_SCORES;False;False;-10925,0
1203;1057;40;70;500;2;;SOMENTE_SCORES;False;TREINO;42;17;40,476190476190474;-19900,0;-20350,0;-450,0;-10,714285714285714;9;3;3;0;40;70;500;2;;SOMENTE_SCORES;False;VALIDACAO;19;9;47,36842105263158;6000,0;-4925,0;-10925,0;-575,0;3;4;2;0;40;70;500;2;;SOMENTE_SCORES;False;False;-10925,0
1204;1065;40;70;500;3;;SOMENTE_SCORES;False;TREINO;42;17;40,476190476190474;-19900,0;-20350,0;-450,0;-10,714285714285714;9;3;3;0;40;70;500;3;;SOMENTE_SCORES;False;VALIDACAO;19;9;47,36842105263158;6000,0;-4925,0;-10925,0;-575,0;3;4;2;0;40;70;500;3;;SOMENTE_SCORES;False;False;-10925,0
1205;1073;40;70;500;5;;SOMENTE_SCORES;False;TREINO;42;17;40,476190476190474;-19900,0;-20350,0;-450,0;-10,714285714285714;9;3;3;0;40;70;500;5;;SOMENTE_SCORES;False;VALIDACAO;19;9;47,36842105263158;6000,0;-4925,0;-10925,0;-575,0;3;4;2;0;40;70;500;5;;SOMENTE_SCORES;False;False;-10925,0
1206;1569;50;70;500;2;;SOMENTE_SCORES;False;TREINO;42;17;40,476190476190474;-19900,0;-20350,0;-450,0;-10,714285714285714;9;3;3;0;50;70;500;2;;SOMENTE_SCORES;False;VALIDACAO;19;9;47,36842105263158;6000,0;-4925,0;-10925,0;-575,0;3;4;2;0;50;70;500;2;;SOMENTE_SCORES;False;False;-10925,0
1207;1577;50;70;500;3;;SOMENTE_SCORES;False;TREINO;42;17;40,476190476190474;-19900,0;-20350,0;-450,0;-10,714285714285714;9;3;3;0;50;70;500;3;;SOMENTE_SCORES;False;VALIDACAO;19;9;47,36842105263158;6000,0;-4925,0;-10925,0;-575,0;3;4;2;0;50;70;500;3;;SOMENTE_SCORES;False;False;-10925,0
1208;1585;50;70;500;5;;SOMENTE_SCORES;False;TREINO;42;17;40,476190476190474;-19900,0;-20350,0;-450,0;-10,714285714285714;9;3;3;0;50;70;500;5;;SOMENTE_SCORES;False;VALIDACAO;19;9;47,36842105263158;6000,0;-4925,0;-10925,0;-575,0;3;4;2;0;50;70;500;5;;SOMENTE_SCORES;False;False;-10925,0
1209;1113;40;70;700;8;;SOMENTE_SCORES;False;TREINO;42;16;38,095238095238095;-19900,0;-17800,0;2100,0;50,0;9;2;3;0;40;70;700;8;;SOMENTE_SCORES;False;VALIDACAO;19;9;47,36842105263158;6000,0;-6900,0;-12900,0;-678,9473684210526;3;4;2;0;40;70;700;8;;SOMENTE_SCORES;False;False;-12900,0
1210;1625;50;70;700;8;;SOMENTE_SCORES;False;TREINO;42;16;38,095238095238095;-19900,0;-17800,0;2100,0;50,0;9;2;3;0;50;70;700;8;;SOMENTE_SCORES;False;VALIDACAO;19;9;47,36842105263158;6000,0;-6900,0;-12900,0;-678,9473684210526;3;4;2;0;50;70;700;8;;SOMENTE_SCORES;False;False;-12900,0
1211;1089;40;70;700;2;;SOMENTE_SCORES;False;TREINO;42;17;40,476190476190474;-19900,0;-20350,0;-450,0;-10,714285714285714;9;3;3;0;40;70;700;2;;SOMENTE_SCORES;False;VALIDACAO;19;9;47,36842105263158;6000,0;-6900,0;-12900,0;-678,9473684210526;3;4;2;0;40;70;700;2;;SOMENTE_SCORES;False;False;-12900,0
1212;1097;40;70;700;3;;SOMENTE_SCORES;False;TREINO;42;17;40,476190476190474;-19900,0;-20350,0;-450,0;-10,714285714285714;9;3;3;0;40;70;700;3;;SOMENTE_SCORES;False;VALIDACAO;19;9;47,36842105263158;6000,0;-6900,0;-12900,0;-678,9473684210526;3;4;2;0;40;70;700;3;;SOMENTE_SCORES;False;False;-12900,0
1213;1105;40;70;700;5;;SOMENTE_SCORES;False;TREINO;42;17;40,476190476190474;-19900,0;-20350,0;-450,0;-10,714285714285714;9;3;3;0;40;70;700;5;;SOMENTE_SCORES;False;VALIDACAO;19;9;47,36842105263158;6000,0;-6900,0;-12900,0;-678,9473684210526;3;4;2;0;40;70;700;5;;SOMENTE_SCORES;False;False;-12900,0
1214;1601;50;70;700;2;;SOMENTE_SCORES;False;TREINO;42;17;40,476190476190474;-19900,0;-20350,0;-450,0;-10,714285714285714;9;3;3;0;50;70;700;2;;SOMENTE_SCORES;False;VALIDACAO;19;9;47,36842105263158;6000,0;-6900,0;-12900,0;-678,9473684210526;3;4;2;0;50;70;700;2;;SOMENTE_SCORES;False;False;-12900,0
1215;1609;50;70;700;3;;SOMENTE_SCORES;False;TREINO;42;17;40,476190476190474;-19900,0;-20350,0;-450,0;-10,714285714285714;9;3;3;0;50;70;700;3;;SOMENTE_SCORES;False;VALIDACAO;19;9;47,36842105263158;6000,0;-6900,0;-12900,0;-678,9473684210526;3;4;2;0;50;70;700;3;;SOMENTE_SCORES;False;False;-12900,0
1216;1617;50;70;700;5;;SOMENTE_SCORES;False;TREINO;42;17;40,476190476190474;-19900,0;-20350,0;-450,0;-10,714285714285714;9;3;3;0;50;70;700;5;;SOMENTE_SCORES;False;VALIDACAO;19;9;47,36842105263158;6000,0;-6900,0;-12900,0;-678,9473684210526;3;4;2;0;50;70;700;5;;SOMENTE_SCORES;False;False;-12900,0
