regra_bloqueio,componentes,trades_bloqueados,pct_trades_bloqueados,losses_evitados,gains_perdidos,saldo_eventos,pontos_dos_trades_bloqueados,trades_restantes,resultado_novo,melhoria_resultado,pf_novo,melhoria_pf,expectancia_nova,winrate_novo,dd_novo,reducao_dd,score_rank
13a_features_tempo_real__last__preco <= 27901.75,1,99,50.0,52,47,5,-13039.99999999578,99,20400.00000000582,13039.99999999578,1.8500000000002426,0.73780487804887,206.06060606066487,69.6969696969697,4879.999999998836,13279.999999998108,17272.68292682444
13a_features_tempo_real__last__preco <= 27865.528,1,66,33.33333333333333,38,28,10,-12159.999999997672,132,19520.000000007713,12159.999999997672,1.5545454545456736,0.442350332594301,147.8787878788463,66.66666666666666,6319.999999998981,11839.999999997963,17097.41019955354
13a_features_tempo_real__last__preco <= 27881.5,1,80,40.4040404040404,44,36,8,-12159.999999996944,118,19520.000000006985,12159.999999996944,1.6421052631581246,0.529910141206752,165.4237288136185,67.79661016949152,4879.999999998836,13279.999999998108,17085.946084720334
13a_features_tempo_real__last__preco <= 27934.05,1,119,60.1010101010101,59,60,-1,-12639.999999994325,79,20000.000000004366,12639.999999994325,2.0869565217393675,0.9747613997879949,253.16455696208058,70.88607594936708,4879.999999998836,13279.999999998108,15684.856839866461
13a_features_tempo_real__w60__adv_ratio_volatilidade_close_pontos_15s_60s__delta >= 0.41182767,1,79,39.8989898989899,39,40,-1,-11039.99999999578,119,18400.00000000582,11039.99999999578,1.5348837209304018,0.4226885989790292,154.6218487395447,63.86554621848739,5519.999999998254,12639.99999999869,14209.613159382738
13a_features_tempo_real__last__preco <= 27961.495,1,132,66.66666666666666,64,68,-4,-10879.999999993743,66,18240.000000003783,10879.999999993743,2.2666666666669295,1.154471544715557,276.3636363636937,72.72727272727273,4559.999999999127,13599.999999997817,13428.682926822315
13a_features_tempo_real__w60__adv_ratio_volatilidade_close_pontos_15s_60s__delta >= 0.60099524,1,40,20.2020202020202,23,17,6,-9519.999999998254,158,16880.000000008295,9519.999999998254,1.3576271186442435,0.24543199669287086,106.83544303802718,62.65822784810127,9999.999999997817,8159.999999999127,12833.259198013671
13a_features_tempo_real__w60__adv_ratio_volatilidade_close_pontos_15s_60s__delta >= 0.48870926,1,66,33.33333333333333,34,32,2,-8959.999999996944,132,16320.000000006985,8959.999999996944,1.425000000000182,0.3128048780488093,123.63636363641655,63.63636363636363,6719.999999998254,11439.99999999869,12359.682926825772
13a_features_tempo_real__w60__adv_ratio_volatilidade_close_pontos_15s_60s__first <= 0.93528101,1,79,39.8989898989899,40,39,1,-7279.999999996653,119,14640.000000006694,7279.999999996653,1.435714285714485,0.3235191637631123,123.02521008408986,64.70588235294117,6719.999999997526,11439.999999999418,10300.111498254315
13a_features_tempo_real__w60__adv_ratio_volatilidade_close_pontos_15s_60s__first <= 0.81983595,1,50,25.252525252525253,26,24,2,-7359.999999997672,148,14720.000000007713,7359.999999997672,1.3285714285716008,0.21637630662022822,99.45945945951158,62.16216216216216,9359.999999996944,8800.0,10049.825783969809
13a_features_tempo_real__w60__adv_ratio_volatilidade_close_pontos_15s_60s__first <= 0.88386897,1,66,33.33333333333333,33,33,0,-6959.999999996944,132,14320.000000006985,6959.999999996944,1.3653061224491578,0.25311100049778523,108.4848484849014,62.878787878787875,6799.999999997817,11359.999999999127,9965.86660029531
13a_features_tempo_real__w60__adv_z_pre_15s_spread_medio__slope <= -0.019074994,1,19,9.595959595959595,13,6,7,-7039.999999999418,179,14400.000000009459,7039.999999999418,1.2608695652175625,0.14867444326618995,80.44692737435452,61.452513966480446,12639.999999997963,5519.999999998981,9893.204665958776
13a_features_tempo_real__w60__pre_15s_spread_medio__slope <= -0.008663471,1,19,9.595959595959595,13,6,7,-7039.999999999418,179,14400.000000009459,7039.999999999418,1.2608695652175625,0.14867444326618995,80.44692737435452,61.452513966480446,12639.999999997963,5519.999999998981,9893.204665958776
13a_features_tempo_real__w60__adv_ratio_volatilidade_close_pontos_15s_60s__delta >= 0.34707626,1,99,50.0,47,52,-5,-6879.999999995198,99,14240.000000005239,6879.999999995198,1.5085714285716156,0.39637630662024304,143.83838383843676,64.64646464646465,3679.9999999981083,14479.999999998836,9677.825783966939
13a_features_tempo_real__w60__adv_ratio_volatilidade_close_pontos_15s_60s__first <= 0.78725951,1,40,20.2020202020202,22,18,4,-6559.999999998399,158,13920.00000000844,6559.999999998399,1.290000000000176,0.1778048780488033,88.10126582283823,62.0253164556962,9999.99999999709,8159.9999999998545,9502.68292682763
13a_features_tempo_real__last__preco <= 27828.875,1,50,25.252525252525253,27,23,4,-6479.999999998108,148,13840.000000008149,6479.999999998108,1.3145454545456396,0.20235033259426705,93.51351351356857,62.83783783783784,9999.999999998545,8159.999999998399,9267.410199554108
13a_features_tempo_real__w60__adv_z_pre_15s_spread_medio__slope <= -0.010134602,1,37,18.68686868686869,21,16,5,-6239.99999999869,161,13600.000000008731,6239.99999999869,1.2786885245903428,0.16649340263897017,84.47204968949522,62.11180124223602,11679.999999998108,6479.999999998836,8803.896041581665
13a_features_tempo_real__w60__pre_15s_spread_medio__slope <= -0.0046029285,1,37,18.68686868686869,21,16,5,-6239.99999999869,161,13600.000000008731,6239.99999999869,1.2786885245903428,0.16649340263897017,84.47204968949522,62.11180124223602,11679.999999998108,6479.999999998836,8803.896041581665
13a_features_tempo_real__last__preco <= 27989.375,1,148,74.74747474747475,68,80,-12,-7359.9999999925785,50,14720.00000000262,7359.9999999925785,2.314285714285948,1.2020905923345755,294.4000000000524,72.0,3759.999999999127,14399.999999997817,8625.25435539256
13a_features_tempo_real__w60__adv_delta_spread_minimo_15s_30s__slope <= -0.0024077951,1,46,23.232323232323232,25,21,4,-6319.999999998254,152,13680.000000008295,6319.999999998254,1.300000000000182,0.1878048780488093,90.00000000005457,62.5,12879.99999999738,5279.999999999563,8158.682926827387
13a_features_tempo_real__w60__adv_ratio_volatilidade_close_pontos_15s_60s__delta >= 0.54031236,1,50,25.252525252525253,25,25,0,-5359.999999997672,148,12720.000000007713,5359.999999997672,1.2789473684212218,0.1667522464698492,85.94594594599806,61.48648648648649,8399.999999997817,9759.999999999127,8026.051347879276
13a_features_tempo_real__last__pre_60s_volatilidade_close_pontos <= 192.06899,1,99,50.0,45,54,-9,-6719.999999994616,99,14080.000000004657,6719.999999994616,1.475675675675833,0.3634805537244603,142.22222222226927,62.62626262626263,6399.999999999272,11759.999999997672,7886.088332228479
13a_features_tempo_real__last__pre_30s_spread_minimo >= 1,1,123,62.121212121212125,57,66,-9,-5759.999999994034,75,13120.000000004075,5759.999999994034,1.6560000000002038,0.5438048780488312,174.93333333338765,66.66666666666666,2959.9999999998545,15199.99999999709,7830.282926822314
13a_features_tempo_real__w60__adv_z_pre_15s_spread_medio__slope <= -0.0079604878,1,46,23.232323232323232,25,21,4,-5359.999999998399,152,12720.00000000844,5359.999999998399,1.2789473684212378,0.1667522464698652,83.68421052637132,62.5,11519.999999998254,6639.99999999869,7662.05134787986
13a_features_tempo_real__w60__pre_15s_spread_medio__slope <= -0.0036154902,1,46,23.232323232323232,25,21,4,-5359.999999998399,152,12720.00000000844,5359.999999998399,1.2789473684212378,0.1667522464698652,83.68421052637132,62.5,11519.999999998254,6639.99999999869,7662.05134787986
13a_features_tempo_real__w60__adv_delta_spread_minimo_15s_30s__first >= 0.14000484,1,40,20.2020202020202,21,19,2,-6479.999999998108,158,13840.000000008149,6479.999999998108,1.2836065573772162,0.17141143542584358,87.59493670891234,61.39240506329114,14239.999999997963,3919.9999999989814,7604.846861253258
13a_features_tempo_real__w60__adv_delta_spread_minimo_15s_30s__delta >= 0.035119048,1,50,25.252525252525253,26,24,2,-5439.999999997963,148,12800.000000008004,5439.999999997963,1.2857142857144643,0.17351916376309173,86.48648648654057,62.16216216216216,13039.999999997963,5119.999999998981,6816.111498255461
13a_features_tempo_real__w60__adv_z_pre_15s_spread_medio__delta <= -0.32389333,1,40,20.2020202020202,20,20,0,-5439.999999997963,158,12800.000000008004,5439.999999997963,1.2580645161291937,0.14586939417782108,81.01265822789875,60.75949367088608,13279.999999998108,4879.999999998836,6555.521636504247
13a_features_tempo_real__w60__pre_15s_spread_medio__delta <= -0.1471057,1,40,20.2020202020202,20,20,0,-5439.999999997963,158,12800.000000008004,5439.999999997963,1.2580645161291937,0.14586939417782108,81.01265822789875,60.75949367088608,13279.999999998108,4879.999999998836,6555.521636504247
13a_features_tempo_real__w60__adv_ratio_volatilidade_close_pontos_15s_60s__std >= 0.17448163,1,119,60.1010101010101,54,65,-11,-5519.999999993888,79,12880.000000003929,5519.999999993888,1.5750000000001754,0.46280487804880277,163.03797468359403,64.55696202531645,5119.999999998254,13039.99999999869,6523.682926822712
13a_features_tempo_real__last__pre_15s_volatilidade_close_pontos <= 257.59514,1,99,50.0,44,55,-11,-5679.99999999447,99,13040.000000004511,5679.99999999447,1.428947368421201,0.31675224646982847,131.7171717172173,61.61616161616161,6399.999999999272,11759.999999997672,6488.051347875553
13a_features_tempo_real__last__preco <= 27812.8,1,40,20.2020202020202,21,19,2,-4559.999999998399,158,11920.00000000844,4559.999999998399,1.2442622950821403,0.13206717313076766,75.44303797473697,61.39240506329114,12239.99999999869,5919.999999998254,6361.2403038762495
13a_features_tempo_real__window__n <= 30.01,1,66,33.33333333333333,33,33,0,-4079.9999999973807,132,11440.000000007421,4079.9999999973807,1.291836734694067,0.1796416127426943,86.66666666672289,62.878787878787875,8799.999999998545,9359.9999999984,6341.784967642438
13a_features_tempo_real__last__pre_15s_spread_minimo >= 1.5,1,24,12.121212121212121,14,10,4,-4959.999999999127,174,12320.000000009168,4959.999999999127,1.2264705882354627,0.11427546628409013,70.80459770120211,60.91954022988506,15599.999999997817,2559.999999999127,6176.565279769276
13a_features_tempo_real__w60__adv_z_pre_15s_spread_medio__delta <= -0.25736217,1,50,25.252525252525253,23,27,-4,-5199.99999999709,148,12560.00000000713,5199.99999999709,1.2661016949154054,0.15390657296403276,84.86486486491305,60.13513513513513,11679.999999998108,6479.999999998836,6050.343943775102
13a_features_tempo_real__w60__pre_15s_spread_medio__delta <= -0.11688862,1,50,25.252525252525253,23,27,-4,-5199.99999999709,148,12560.00000000713,5199.99999999709,1.2661016949154054,0.15390657296403276,84.86486486491305,60.13513513513513,11679.999999998108,6479.999999998836,6050.343943775102
13a_features_tempo_real__w60__adv_ratio_volatilidade_close_pontos_15s_60s__delta >= 0.70158915,1,20,10.1010101010101,11,9,2,-4719.999999998981,178,12080.000000009022,4719.999999998981,1.212676056338187,0.10048093438681449,67.86516853937653,60.1123595505618,15039.999999997235,3119.999999999709,5862.288560630968
13a_features_tempo_real__w60__adv_delta_spread_minimo_15s_30s__slope <= -0.0036425358,1,37,18.68686868686869,20,17,3,-4239.99999999869,161,11600.000000008731,4239.99999999869,1.2338709677421116,0.12167584579073898,72.04968944104802,61.49068322981367,13439.999999997235,4719.999999999709,5831.005507473032
13a_features_tempo_real__last__pre_15s_spread_minimo >= 1.1666667,1,83,41.91919191919192,39,44,-5,-4319.999999996071,115,11680.000000006112,4319.999999996071,1.3395348837211078,0.22733976176973525,101.56521739135749,62.60869565217392,8079.999999998836,10079.999999998108,5748.40385705725
13a_features_tempo_real__w60__adv_z_pre_15s_spread_medio__slope >= 0.019729454,1,19,9.595959595959595,11,8,3,-3999.9999999992724,179,11360.000000009313,3999.9999999992724,1.200000000000164,0.08780487804879145,63.46368715089002,60.33519553072626,13839.999999997235,4319.999999999709,5736.6829268284455
13a_features_tempo_real__w60__pre_15s_spread_medio__slope >= 0.008960713,1,19,9.595959595959595,11,8,3,-3999.9999999992724,179,11360.000000009313,3999.9999999992724,1.200000000000164,0.08780487804879145,63.46368715089002,60.33519553072626,13839.999999997235,4319.999999999709,5736.6829268284455
13a_features_tempo_real__window__n <= 4.7,1,20,10.1010101010101,11,9,2,-4719.999999998981,178,12080.000000009022,4719.999999998981,1.212676056338187,0.10048093438681449,67.86516853937653,60.1123595505618,15759.999999997672,2399.9999999992724,5610.2885606308155
13a_features_tempo_real__w60__adv_ratio_volatilidade_close_pontos_15s_60s__min >= 0.66434492,1,79,39.8989898989899,39,40,-1,-4319.999999996799,119,11680.00000000684,4319.999999996799,1.339534883721129,0.22733976176975634,98.15126050425916,63.86554621848739,10959.9999999984,7199.999999998545,5468.403857058143
13a_features_tempo_real__w60__adv_ratio_volatilidade_close_pontos_15s_60s__first <= 1.0279678,1,99,50.0,45,54,-9,-3839.9999999950523,99,11200.000000005093,3839.9999999950523,1.3783783783785504,0.2661832564271778,113.13131313136458,62.62626262626263,5039.999999997963,13119.999999998981,5423.709953851003
13a_features_tempo_real__last__adv_ratio_volatilidade_close_pontos_15s_60s >= 1.3669823,1,79,39.8989898989899,34,45,-11,-4879.999999995198,119,12240.000000005239,4879.999999995198,1.3187500000001364,0.20655487804876382,102.85714285718689,59.66386554621849,9039.999999997963,9119.999999998981,5037.9329268241
13a_features_tempo_real__w60__adv_ratio_volatilidade_close_pontos_15s_60s__last >= 1.3669823,1,79,39.8989898989899,34,45,-11,-4879.999999995198,119,12240.000000005239,4879.999999995198,1.3187500000001364,0.20655487804876382,102.85714285718689,59.66386554621849,9039.999999997963,9119.999999998981,5037.9329268241
13a_features_tempo_real__w60__adv_ratio_volatilidade_close_pontos_15s_60s__first <= 0.674766,1,20,10.1010101010101,11,9,2,-3759.999999999127,178,11120.000000009168,3759.999999999127,1.1957746478874853,0.08357952593611273,62.47191011241105,60.1123595505618,14799.99999999709,3359.9999999998545,4976.147715560744
13a_features_tempo_real__w60__adv_ratio_volatilidade_close_pontos_15s_60s__first <= 1.1075337,1,119,60.1010101010101,53,66,-13,-3519.999999993888,79,10880.000000003929,3519.999999993888,1.4689655172415486,0.35677039529017596,137.7215189873915,63.29113924050633,3119.9999999989814,15039.999999997963,4830.06223716728
13a_features_tempo_real__w60__pre_15s_spread_minimo__std <= 0.082773349,1,50,25.252525252525253,24,26,-2,-3359.9999999976717,148,10720.000000007713,3359.9999999976717,1.231034482758787,0.11883936080741431,72.43243243248455,60.810810810810814,11599.999999997817,6559.999999999127,4547.303616481815
13a_features_tempo_real__window__n <= 35.8,1,79,39.8989898989899,37,42,-5,-3199.999999996362,119,10560.000000006403,3199.999999996362,1.293333333333511,0.18113821138213848,88.73949579837313,62.18487394957983,8479.999999998836,9679.999999998108,4528.682926824982
13a_features_tempo_real__last__adv_z_pre_15s_spread_medio >= 0.42139884,1,148,74.74747474747475,67,81,-14,-3439.9999999928696,50,10800.00000000291,3439.9999999928696,1.9000000000002426,0.78780487804887,216.0000000000582,70.0,3200.0,14959.999999996944,4322.682926821122
13a_features_tempo_real__last__pre_15s_spread_medio >= 1.3545948,1,148,74.74747474747475,67,81,-14,-3439.9999999928696,50,10800.00000000291,3439.9999999928696,1.9000000000002426,0.78780487804887,216.0000000000582,70.0,3200.0,14959.999999996944,4322.682926821122
13a_features_tempo_real__w60__adv_z_pre_15s_spread_medio__last >= 0.42139884,1,148,74.74747474747475,67,81,-14,-3439.9999999928696,50,10800.00000000291,3439.9999999928696,1.9000000000002426,0.78780487804887,216.0000000000582,70.0,3200.0,14959.999999996944,4322.682926821122
13a_features_tempo_real__w60__pre_15s_spread_medio__last >= 1.3545948,1,148,74.74747474747475,67,81,-14,-3439.9999999928696,50,10800.00000000291,3439.9999999928696,1.9000000000002426,0.78780487804887,216.0000000000582,70.0,3200.0,14959.999999996944,4322.682926821122
13a_features_tempo_real__window__n <= 23.25,1,50,25.252525252525253,25,25,0,-3439.9999999979627,148,10800.000000008004,3439.9999999979627,1.2368421052633334,0.12464698331196078,72.97297297302705,61.48648648648649,13439.999999997235,4719.999999999709,4316.788189985036
13a_features_tempo_real__window__n <= 53,1,151,76.26262626262627,69,82,-13,-2879.999999993015,47,10240.000000003056,2879.999999993015,1.9846153846156784,0.8724202626643058,217.87234042559695,72.3404255319149,2159.999999999127,15999.999999997817,4291.452157590837
13a_features_tempo_real__w60__adv_delta_spread_minimo_15s_30s__slope <= -0.00018201304,1,73,36.868686868686865,34,39,-5,-3439.9999999965075,125,10800.000000006548,3439.9999999965075,1.2812500000001705,0.16905487804879793,86.40000000005239,61.6,10159.999999997672,7999.999999999272,4275.4329268255315
13a_features_tempo_real__w60__pre_15s_spread_minimo__mean >= 1.4385613,1,20,10.1010101010101,12,8,4,-2879.9999999995634,178,10240.000000009604,2879.9999999995634,1.1828571428573145,0.07066202090594187,57.52808988769441,60.67415730337079,15359.999999997672,2799.9999999992724,4222.397212542874
13a_features_tempo_real__last__cobertura_60s <= 52,1,146,73.73737373737373,66,80,-14,-2879.999999993015,52,10240.000000003056,2879.999999993015,1.8000000000002387,0.6878048780488661,196.92307692313568,69.23076923076923,2159.999999999127,15999.999999997817,4100.682926821573
13a_features_tempo_real__w60__adv_z_pre_15s_spread_medio__slope <= -0.0047359,1,61,30.808080808080806,30,31,-1,-3119.999999997526,137,10480.000000007567,3119.999999997526,1.2519230769232588,0.13972795497188617,76.49635036501874,62.04379562043796,12239.999999996508,5920.000000000437,4073.8367729808106
13a_features_tempo_real__w60__pre_15s_spread_medio__slope <= -0.0021509486,1,61,30.808080808080806,30,31,-1,-3119.999999997526,137,10480.000000007567,3119.999999997526,1.2519230769232588,0.13972795497188617,76.49635036501874,62.04379562043796,12239.999999996508,5920.000000000437,4073.8367729808106
13a_features_tempo_real__last__adv_z_pre_15s_spread_medio >= 0.27151487,1,158,79.7979797979798,72,86,-14,-2399.999999992724,40,9760.000000002765,2399.999999992724,2.2200000000003457,1.107804878048973,244.00000000006912,75.0,1600.0,16559.999999996944,3864.6829268210386
13a_features_tempo_real__last__pre_15s_spread_medio >= 1.2865206,1,158,79.7979797979798,72,86,-14,-2399.999999992724,40,9760.000000002765,2399.999999992724,2.2200000000003457,1.107804878048973,244.00000000006912,75.0,1600.0,16559.999999996944,3864.6829268210386
13a_features_tempo_real__w60__adv_z_pre_15s_spread_medio__min >= -0.16004668,1,158,79.7979797979798,72,86,-14,-2399.999999992724,40,9760.000000002765,2399.999999992724,2.2200000000003457,1.107804878048973,244.00000000006912,75.0,1600.0,16559.999999996944,3864.6829268210386
13a_features_tempo_real__w60__adv_z_pre_15s_spread_medio__last >= 0.27151487,1,158,79.7979797979798,72,86,-14,-2399.999999992724,40,9760.000000002765,2399.999999992724,2.2200000000003457,1.107804878048973,244.00000000006912,75.0,1600.0,16559.999999996944,3864.6829268210386
13a_features_tempo_real__w60__pre_15s_spread_medio__min >= 1.0905142,1,158,79.7979797979798,72,86,-14,-2399.999999992724,40,9760.000000002765,2399.999999992724,2.2200000000003457,1.107804878048973,244.00000000006912,75.0,1600.0,16559.999999996944,3864.6829268210386
13a_features_tempo_real__w60__pre_15s_spread_medio__last >= 1.2865206,1,158,79.7979797979798,72,86,-14,-2399.999999992724,40,9760.000000002765,2399.999999992724,2.2200000000003457,1.107804878048973,244.00000000006912,75.0,1600.0,16559.999999996944,3864.6829268210386
13a_features_tempo_real__last__cobertura_60s <= 54,1,160,80.8080808080808,72,88,-16,-2879.9999999922875,38,10240.000000002328,2879.9999999922875,2.280000000000291,1.1678048780489185,269.4736842105876,73.68421052631578,2159.9999999998545,15999.99999999709,3820.68292682062
13a_features_tempo_real__last__preco <= 27765.175,1,20,10.1010101010101,10,10,0,-2719.9999999989814,178,10080.000000009022,2719.9999999989814,1.1750000000001566,0.06280487804878399,56.62921348319676,59.55056179775281,14159.999999997672,3999.9999999992724,3817.682926827997
13a_features_tempo_real__last__preco <= 28007.25,1,158,79.7979797979798,71,87,-16,-3279.9999999922875,40,10640.000000002328,3279.9999999922875,2.2090909090911737,1.096895787139801,266.0000000000582,72.5,3759.999999999127,14399.999999997817,3652.1374722754044
13a_features_tempo_real__w60__adv_z_pre_15s_spread_medio__max >= 0.63581006,1,148,74.74747474747475,67,81,-14,-2479.999999993015,50,9840.000000003056,2479.999999993015,1.8200000000002547,0.7078048780488821,196.80000000006112,70.0,2400.0,15759.999999996944,3594.682926821275
13a_features_tempo_real__w60__pre_15s_spread_medio__max >= 1.451976,1,148,74.74747474747475,67,81,-14,-2479.999999993015,50,9840.000000003056,2479.999999993015,1.8200000000002547,0.7078048780488821,196.80000000006112,70.0,2400.0,15759.999999996944,3594.682926821275
13a_features_tempo_real__last__pre_15s_spread_minimo >= 1.3097222,1,40,20.2020202020202,20,20,0,-3519.9999999982538,158,10880.000000008295,3519.9999999982538,1.2193548387098447,0.10715971675847213,68.86075949372338,60.75949367088608,16239.999999997235,1919.999999999709,3576.2958300532355
13a_features_tempo_real__w60__adv_z_pre_15s_spread_medio__std <= 0.11937539,1,50,25.252525252525253,24,26,-2,-3359.9999999976717,148,10720.000000007713,3359.9999999976717,1.231034482758787,0.11883936080741431,72.43243243248455,60.810810810810814,14639.999999997235,3519.999999999709,3483.3036164820187
13a_features_tempo_real__w60__pre_15s_spread_medio__std <= 0.054217853,1,50,25.252525252525253,24,26,-2,-3359.9999999976717,148,10720.000000007713,3359.9999999976717,1.231034482758787,0.11883936080741431,72.43243243248455,60.810810810810814,14639.999999997235,3519.999999999709,3483.3036164820187
13a_features_tempo_real__last__adv_delta_spread_minimo_15s_30s >= 0.125,1,45,22.727272727272727,23,22,1,-2559.9999999983993,153,9920.00000000844,2559.9999999983993,1.2101694915256025,0.09797436957422989,64.8366013072447,61.43790849673203,14399.99999999709,3759.9999999998545,3334.784621742887
13a_features_tempo_real__w60__adv_delta_spread_minimo_15s_30s__last >= 0.125,1,45,22.727272727272727,23,22,1,-2559.9999999983993,153,9920.00000000844,2559.9999999983993,1.2101694915256025,0.09797436957422989,64.8366013072447,61.43790849673203,14399.99999999709,3759.9999999998545,3334.784621742887
13a_features_tempo_real__last__adv_ratio_volatilidade_close_pontos_15s_60s >= 1.3416092,1,99,50.0,42,57,-15,-3599.9999999941792,99,10960.00000000422,3599.9999999941792,1.342500000000132,0.23030487804875932,110.70707070711333,59.59595959595959,7439.99999999869,10719.999999998254,3332.182926822825
13a_features_tempo_real__w60__adv_ratio_volatilidade_close_pontos_15s_60s__last >= 1.3416092,1,99,50.0,42,57,-15,-3599.9999999941792,99,10960.00000000422,3599.9999999941792,1.342500000000132,0.23030487804875932,110.70707070711333,59.59595959595959,7439.99999999869,10719.999999998254,3332.182926822825
13a_features_tempo_real__last__cobertura_60s <= 53,1,152,76.76767676767676,68,84,-16,-2559.9999999925785,46,9920.00000000262,2559.9999999925785,1.8857142857145195,0.7735191637631469,215.65217391310043,69.56521739130434,2399.9999999992724,15759.999999997672,3316.111498249651
13a_features_tempo_real__w60__adv_delta_spread_minimo_15s_30s__delta <= -0.25,1,23,11.616161616161616,11,12,-1,-3999.999999998545,175,11360.000000008586,3999.999999998545,1.2000000000001512,0.08780487804877857,64.91428571433478,59.42857142857143,18719.999999997526,-560.0000000005821,3300.6829268276088
13a_features_tempo_real__last__adv_delta_spread_minimo_15s_30s >= 0.092237903,1,50,25.252525252525253,25,25,0,-2479.9999999981083,148,9840.000000008149,2479.9999999981083,1.2157894736843893,0.10359435173301668,66.48648648654155,61.48648648648649,13839.999999997235,4319.999999999709,3204.156611037816
13a_features_tempo_real__w60__adv_delta_spread_minimo_15s_30s__last >= 0.092237903,1,50,25.252525252525253,25,25,0,-2479.9999999981083,148,9840.000000008149,2479.9999999981083,1.2157894736843893,0.10359435173301668,66.48648648654155,61.48648648648649,13839.999999997235,4319.999999999709,3204.156611037816
13a_features_tempo_real__last__pre_60s_volatilidade_close_pontos <= 203.87989,1,119,60.1010101010101,52,67,-15,-3439.999999993597,79,10800.000000003638,3439.999999993597,1.4500000000001516,0.337804878048779,136.70886075953973,62.0253164556962,6879.999999999563,11279.99999999738,3092.682926821948
13a_features_tempo_real__w60__adv_ratio_volatilidade_close_pontos_15s_60s__slope <= -0.0059491096,1,19,9.595959595959595,10,9,1,-1999.9999999992724,179,9360.000000009313,1999.9999999992724,1.1625000000001617,0.05030487804878914,52.29050279334812,59.77653631284916,14799.99999999709,3359.9999999998545,3048.1829268284946
13a_features_tempo_real__last__adv_ratio_volatilidade_close_pontos_15s_60s >= 1.3958123,1,66,33.33333333333333,29,37,-8,-2799.999999996362,132,10160.000000006403,2799.999999996362,1.239622641509585,0.1274275195582124,76.96969696974547,59.84848484848485,10719.999999997526,7439.999999999418,3038.456511731085
13a_features_tempo_real__w60__adv_ratio_volatilidade_close_pontos_15s_60s__last >= 1.3958123,1,66,33.33333333333333,29,37,-8,-2799.999999996362,132,10160.000000006403,2799.999999996362,1.239622641509585,0.1274275195582124,76.96969696974547,59.84848484848485,10719.999999997526,7439.999999999418,3038.456511731085
13a_features_tempo_real__w60__adv_ratio_volatilidade_close_pontos_15s_60s__first >= 1.3893412,1,20,10.1010101010101,10,10,0,-2719.9999999989814,178,10080.000000009022,2719.9999999989814,1.1750000000001566,0.06280487804878399,56.62921348319676,59.55056179775281,16399.99999999709,1759.9999999998545,3033.682926828201
13a_features_tempo_real__w60__adv_delta_spread_minimo_15s_30s__slope <= -0.001503706,1,61,30.808080808080806,29,32,-3,-2079.9999999973807,137,9440.000000007421,2079.9999999973807,1.2226415094341374,0.11044638748276481,68.90510948910527,61.31386861313869,11519.999999997526,6639.999999999418,2938.2678324868357
13a_features_tempo_real__last__pre_30s_spread_minimo >= 0.9375,1,134,67.67676767676768,61,73,-12,-1519.9999999938882,64,8880.000000003929,1519.9999999938882,1.5285714285716625,0.4163763066202899,138.7500000000614,67.1875,2719.999999999709,15439.999999997235,2915.825783965094
13a_features_tempo_real__w60__adv_z_pre_15s_spread_medio__delta <= -0.54223817,1,20,10.1010101010101,10,10,0,-1759.9999999991269,178,9120.000000009168,1759.9999999991269,1.1583333333334924,0.04613821138211982,51.235955056231276,59.55056179775281,14159.999999997672,3999.9999999992724,2847.6829268281435
13a_features_tempo_real__w60__pre_15s_spread_medio__delta <= -0.24627345,1,20,10.1010101010101,10,10,0,-1759.9999999991269,178,9120.000000009168,1759.9999999991269,1.1583333333334924,0.04613821138211982,51.235955056231276,59.55056179775281,14159.999999997672,3999.9999999992724,2847.6829268281435
13a_features_tempo_real__last__adv_ratio_volatilidade_close_pontos_15s_60s >= 1.309477,1,148,74.74747474747475,65,83,-18,-3279.9999999922875,50,10640.000000002328,3279.9999999922875,1.782352941176642,0.6701578192252693,212.80000000004657,66.0,5119.999999998981,13039.999999997963,2760.094691526734
13a_features_tempo_real__w60__adv_ratio_volatilidade_close_pontos_15s_60s__last >= 1.309477,1,148,74.74747474747475,65,83,-18,-3279.9999999922875,50,10640.000000002328,3279.9999999922875,1.782352941176642,0.6701578192252693,212.80000000004657,66.0,5119.999999998981,13039.999999997963,2760.094691526734
13a_features_tempo_real__w60__adv_delta_spread_minimo_15s_30s__first >= 0.125,1,54,27.27272727272727,26,28,-2,-2559.9999999976717,144,9920.000000007713,2559.9999999976717,1.2214285714287436,0.10923344947737101,68.88888888894245,61.111111111111114,14319.999999997526,3839.999999999418,2721.5400696838906
13a_features_tempo_real__last__cobertura_60s <= 45,1,31,15.656565656565657,15,16,-1,-2399.999999998545,167,9760.000000008586,2399.999999998545,1.182089552238966,0.06989443028759346,58.4431137725065,59.88023952095808,15759.9999999984,2399.999999998545,2589.9366581705917
13a_features_tempo_real__last__cobertura_15s >= 12,1,145,73.23232323232324,65,80,-15,-3039.9999999928696,53,10400.00000000291,3039.9999999928696,1.7647058823531552,0.6525107604017826,196.22641509439453,67.9245283018868,6559.999999999127,11599.999999997817,2551.5064562331754
13a_features_tempo_real__w60__pre_15s_spread_minimo__std <= 0,1,23,11.616161616161616,11,12,-1,-2079.999999998836,175,9440.000000008877,2079.999999998836,1.1661971830987479,0.05400206114737527,53.94285714290787,59.42857142857143,15439.999999997235,2719.999999999709,2508.4012366871593
13a_features_tempo_real__w60__adv_z_pre_15s_spread_medio__min >= 1.3394998,1,20,10.1010101010101,11,9,2,-1839.999999999418,178,9200.000000009459,1839.999999999418,1.161971830986082,0.04977670903470943,51.685393258480104,60.1123595505618,16399.999999997817,1759.9999999991269,2475.8660254199385
13a_features_tempo_real__w60__pre_15s_spread_medio__min >= 1.7715774,1,20,10.1010101010101,11,9,2,-1839.999999999418,178,9200.000000009459,1839.999999999418,1.161971830986082,0.04977670903470943,51.685393258480104,60.1123595505618,16399.999999997817,1759.9999999991269,2475.8660254199385
13a_features_tempo_real__w60__adv_z_pre_15s_spread_medio__mean >= 0.42309863,1,148,74.74747474747475,67,81,-14,-1519.9999999931606,50,8880.000000003201,1519.9999999931606,1.7400000000002669,0.6278048780488943,177.60000000006403,70.0,2719.999999999709,15439.999999997235,2474.6829268215297
13a_features_tempo_real__w60__pre_15s_spread_medio__mean >= 1.3553668,1,148,74.74747474747475,67,81,-14,-1519.9999999931606,50,8880.000000003201,1519.9999999931606,1.7400000000002669,0.6278048780488943,177.60000000006403,70.0,2719.999999999709,15439.999999997235,2474.6829268215297
13a_features_tempo_real__w60__adv_delta_spread_minimo_15s_30s__slope <= -0.0082588082,1,19,9.595959595959595,11,8,3,-2079.9999999995634,179,9440.000000009604,2079.9999999995634,1.1661971830987607,0.05400206114738815,52.73743016765142,60.33519553072626,17999.99999999709,159.99999999985448,2340.4012366879456
13a_features_tempo_real__w60__adv_z_pre_15s_spread_medio__slope >= 0.011713732,1,37,18.68686868686869,18,19,-1,-1199.9999999985448,161,8560.000000008586,1199.9999999985448,1.1671875000001677,0.05499237804879509,53.167701863407366,60.24844720496895,12959.999999997672,5199.999999999272,2258.995426827567
13a_features_tempo_real__w60__pre_15s_spread_medio__slope >= 0.0053201367,1,37,18.68686868686869,18,19,-1,-1199.9999999985448,161,8560.000000008586,1199.9999999985448,1.1671875000001677,0.05499237804879509,53.167701863407366,60.24844720496895,12959.999999997672,5199.999999999272,2258.995426827567
13a_features_tempo_real__last__pre_60s_volatilidade_close_pontos <= 179.17417,1,79,39.8989898989899,34,45,-11,-1999.9999999956344,119,9360.000000005675,1999.9999999956344,1.2437500000001478,0.1315548780487752,78.65546218492165,59.66386554621849,8799.999999997817,9359.999999999127,2196.932926824593
13a_features_tempo_real__w60__adv_ratio_volatilidade_close_pontos_15s_60s__max >= 1.4033961,1,79,39.8989898989899,35,44,-9,-2079.9999999959255,119,9440.000000005966,2079.9999999959255,1.2510638297873926,0.13886870783602,79.32773109248711,60.50420168067227,10559.999999997672,7599.999999999272,1995.3212246972835
13a_features_tempo_real__window__n <= 55,1,162,81.81818181818183,72,90,-18,-1439.999999992142,36,8800.000000002183,1439.999999992142,2.1000000000002728,0.9878048780489002,244.44444444450508,72.22222222222221,2159.9999999998545,15999.99999999709,1908.6829268204638
13a_features_tempo_real__w60__adv_delta_spread_minimo_15s_30s__first >= 0.25,1,24,12.121212121212121,11,13,-2,-2799.999999998545,174,10160.000000008586,2799.999999998545,1.178873239436771,0.06667811748539831,58.390804597750495,59.195402298850574,18719.999999997526,-560.0000000005821,1906.0068704895803
13a_features_tempo_real__w60__adv_z_pre_15s_spread_medio__slope <= -0.002251612,1,73,36.868686868686865,34,39,-5,-1519.9999999967986,125,8880.00000000684,1519.9999999967986,1.231250000000178,0.11905487804880543,71.04000000005472,61.6,11439.999999997235,6719.999999999709,1877.432926825979
13a_features_tempo_real__w60__pre_15s_spread_medio__slope <= -0.001022636,1,73,36.868686868686865,34,39,-5,-1519.9999999967986,125,8880.00000000684,1519.9999999967986,1.231250000000178,0.11905487804880543,71.04000000005472,61.6,11439.999999997235,6719.999999999709,1877.432926825979
13a_features_tempo_real__last__adv_ratio_volatilidade_close_pontos_15s_60s >= 1.3181448,1,132,66.66666666666666,57,75,-18,-2639.9999999928696,66,10000.00000000291,2639.9999999928696,1.5000000000001454,0.38780487804877284,151.5151515151956,62.121212121212125,6319.999999998981,11839.999999997963,1802.6829268214206
13a_features_tempo_real__w60__adv_ratio_volatilidade_close_pontos_15s_60s__last >= 1.3181448,1,132,66.66666666666666,57,75,-18,-2639.9999999928696,66,10000.00000000291,2639.9999999928696,1.5000000000001454,0.38780487804877284,151.5151515151956,62.121212121212125,6319.999999998981,11839.999999997963,1802.6829268214206
13a_features_tempo_real__last__adv_delta_spread_minimo_15s_30s >= 0.16666667,1,21,10.606060606060606,11,10,1,-1599.9999999992724,177,8960.000000009313,1599.9999999992724,1.1577464788734033,0.04555135692203072,50.62146892660629,59.887005649717516,17119.999999997526,1039.999999999418,1799.330814152287
13a_features_tempo_real__w60__adv_delta_spread_minimo_15s_30s__last >= 0.16666667,1,21,10.606060606060606,11,10,1,-1599.9999999992724,177,8960.000000009313,1599.9999999992724,1.1577464788734033,0.04555135692203072,50.62146892660629,59.887005649717516,17119.999999997526,1039.999999999418,1799.330814152287
13a_features_tempo_real__w60__adv_delta_spread_minimo_15s_30s__max >= 0.36458333,1,99,50.0,44,55,-11,-1839.9999999950523,99,9200.000000005093,1839.9999999950523,1.302631578947536,0.1904364569961634,92.92929292934437,61.61616161616161,8719.999999998254,9439.99999999869,1760.2618741922925
13a_features_tempo_real__w60__pre_15s_spread_minimo__min >= 1.25,1,22,11.11111111111111,12,10,2,-1439.999999999418,176,8800.000000009459,1439.999999999418,1.157142857143026,0.044947735191653404,50.000000000053745,60.22727272727273,17199.99999999709,959.9999999998545,1758.9686411143593
13a_features_tempo_real__w60__adv_ratio_volatilidade_close_pontos_15s_60s__max >= 1.3652152,1,99,50.0,41,58,-17,-2559.9999999940337,99,9920.000000004075,2559.9999999940337,1.302439024390368,0.19024390243899547,100.20202020206136,58.58585858585859,8319.999999998254,9839.99999999869,1630.1463414569735
13a_features_tempo_real__w60__adv_z_pre_15s_spread_medio__mean >= 0.56084376,1,132,66.66666666666666,59,73,-14,-879.9999999937427,66,8240.000000003783,879.9999999937427,1.4478260869567274,0.33563096500535483,124.84848484854217,65.15151515151516,4000.0,14159.999999996944,1483.3785789958856
13a_features_tempo_real__w60__pre_15s_spread_medio__mean >= 1.4179278,1,132,66.66666666666666,59,73,-14,-879.9999999937427,66,8240.000000003783,879.9999999937427,1.4478260869567274,0.33563096500535483,124.84848484854217,65.15151515151516,4000.0,14159.999999996944,1483.3785789958856
13a_features_tempo_real__w60__adv_z_pre_15s_spread_medio__delta <= -0.15711013,1,66,33.33333333333333,28,38,-10,-1759.9999999962165,132,9120.000000006257,1759.9999999962165,1.211111111111256,0.09891598915988342,69.0909090909565,59.09090909090909,11279.999999998108,6879.999999998836,1455.3495934917391
13a_features_tempo_real__w60__pre_15s_spread_medio__delta <= -0.071356195,1,66,33.33333333333333,28,38,-10,-1759.9999999962165,132,9120.000000006257,1759.9999999962165,1.211111111111256,0.09891598915988342,69.0909090909565,59.09090909090909,11279.999999998108,6879.999999998836,1455.3495934917391
13a_features_tempo_real__last__adv_z_pre_15s_spread_medio >= 0.9350199,1,99,50.0,44,55,-11,-1839.9999999950523,99,9200.000000005093,1839.9999999950523,1.302631578947536,0.1904364569961634,92.92929292934437,61.61616161616161,9599.999999999272,8559.999999997672,1452.261874191936
13a_features_tempo_real__last__pre_15s_spread_medio >= 1.5878709,1,99,50.0,44,55,-11,-1839.9999999950523,99,9200.000000005093,1839.9999999950523,1.302631578947536,0.1904364569961634,92.92929292934437,61.61616161616161,9599.999999999272,8559.999999997672,1452.261874191936
13a_features_tempo_real__w60__adv_z_pre_15s_spread_medio__last >= 0.9350199,1,99,50.0,44,55,-11,-1839.9999999950523,99,9200.000000005093,1839.9999999950523,1.302631578947536,0.1904364569961634,92.92929292934437,61.61616161616161,9599.999999999272,8559.999999997672,1452.261874191936
13a_features_tempo_real__w60__pre_15s_spread_medio__last >= 1.5878709,1,99,50.0,44,55,-11,-1839.9999999950523,99,9200.000000005093,1839.9999999950523,1.302631578947536,0.1904364569961634,92.92929292934437,61.61616161616161,9599.999999999272,8559.999999997672,1452.261874191936
13a_features_tempo_real__last__pre_15s_spread_minimo >= 1.1011905,1,99,50.0,45,54,-9,-959.9999999954889,99,8320.00000000553,959.9999999954889,1.2810810810812678,0.16888595912989524,84.04040404045989,62.62626262626263,8319.999999998981,9839.999999997963,1337.3315754727118
13a_features_tempo_real__w60__adv_z_pre_15s_spread_medio__mean >= 0.19623279,1,158,79.7979797979798,71,87,-16,-399.99999999272404,40,7760.000000002765,399.99999999272404,1.881818181818496,0.7696230598671234,194.00000000006912,72.5,1600.0,16559.999999996944,1331.7738359119285
13a_features_tempo_real__w60__pre_15s_spread_medio__mean >= 1.252329,1,158,79.7979797979798,71,87,-16,-399.99999999272404,40,7760.000000002765,399.99999999272404,1.881818181818496,0.7696230598671234,194.00000000006912,72.5,1600.0,16559.999999996944,1331.7738359119285
13a_features_tempo_real__w60__adv_ratio_volatilidade_close_pontos_15s_60s__min <= 0.48889879,1,40,20.2020202020202,17,23,-6,-1359.9999999976717,158,8720.000000007713,1359.9999999976717,1.167692307692456,0.05549718574108331,55.18987341777033,58.86075949367089,13599.99999999709,4559.9999999998545,1319.2983114422714
13a_features_tempo_real__w60__adv_z_pre_15s_spread_medio__first >= 1.5205563,1,40,20.2020202020202,18,22,-4,-1439.9999999979627,158,8800.000000008004,1439.9999999979627,1.1718750000001563,0.05967987804878372,55.69620253169622,59.49367088607595,14799.999999997817,3359.999999999127,1311.8079268269275
13a_features_tempo_real__w60__pre_15s_spread_medio__first >= 1.8538095,1,40,20.2020202020202,18,22,-4,-1439.9999999979627,158,8800.000000008004,1439.9999999979627,1.1718750000001563,0.05967987804878372,55.69620253169622,59.49367088607595,14799.999999997817,3359.999999999127,1311.8079268269275
13a_features_tempo_real__w60__adv_delta_spread_minimo_15s_30s__delta >= 0.06952381,1,40,20.2020202020202,19,21,-2,-1519.9999999982538,158,8880.000000008295,1519.9999999982538,1.1761904761906408,0.06399535423926817,56.202531645622116,60.12658227848101,16079.99999999738,2079.9999999995634,1276.3972125416622
13a_features_tempo_real__w60__adv_ratio_volatilidade_close_pontos_15s_60s__first >= 1.3125659,1,40,20.2020202020202,18,22,-4,-1439.9999999979627,158,8800.000000008004,1439.9999999979627,1.1718750000001563,0.05967987804878372,55.69620253169622,59.49367088607595,15119.999999997526,3039.999999999418,1199.8079268270294
13a_features_tempo_real__w60__adv_z_pre_15s_spread_medio__max >= 0.90194072,1,132,66.66666666666666,59,73,-14,-879.9999999937427,66,8240.000000003783,879.9999999937427,1.4478260869567274,0.33563096500535483,124.84848484854217,65.15151515151516,5119.999999999709,13039.999999997235,1091.3785789959875
13a_features_tempo_real__w60__pre_15s_spread_medio__max >= 1.572847,1,132,66.66666666666666,59,73,-14,-879.9999999937427,66,8240.000000003783,879.9999999937427,1.4478260869567274,0.33563096500535483,124.84848484854217,65.15151515151516,5119.999999999709,13039.999999997235,1091.3785789959875
13a_features_tempo_real__last__pre_60s_bid_size_medio_soma >= 95.584295,1,20,10.1010101010101,9,11,-2,-719.9999999989814,178,8080.000000009022,719.9999999989814,1.1383561643837161,0.026161042432343518,45.39325842701698,58.98876404494382,15279.999999998108,2879.999999998836,1073.6966254579802
13a_features_tempo_real__w60__adv_z_pre_15s_spread_medio__min >= -0.0072966757,1,148,74.74747474747475,66,82,-16,-479.9999999930151,50,7840.000000003056,479.9999999930151,1.6125000000002387,0.5003048780488661,156.80000000006112,68.0,2719.999999999709,15439.999999997235,1028.182926821366
13a_features_tempo_real__w60__pre_15s_spread_medio__min >= 1.1598901,1,148,74.74747474747475,66,82,-16,-479.9999999930151,50,7840.000000003056,479.9999999930151,1.6125000000002387,0.5003048780488661,156.80000000006112,68.0,2719.999999999709,15439.999999997235,1028.182926821366
13a_features_tempo_real__last__pre_60s_bid_size_medio_soma >= 88.568564,1,40,20.2020202020202,18,22,-4,-479.99999999810825,158,7840.000000008149,479.99999999810825,1.1531250000001592,0.04092987804878656,49.62025316460854,59.49367088607595,12879.999999998108,5279.999999998836,1012.5579268269721
13a_features_tempo_real__w60__pre_15s_spread_minimo__min >= 0.75,1,136,68.68686868686868,62,74,-12,-159.99999999403371,62,7520.0000000040745,159.99999999403371,1.4700000000002547,0.35780487804888206,121.29032258071088,67.74193548387096,4079.9999999995634,14079.99999999738,1010.6829268224465
13a_features_tempo_real__w60__adv_z_pre_15s_spread_medio__std >= 0.26617339,1,50,25.252525252525253,22,28,-6,-319.9999999975262,148,7680.000000007567,319.9999999975262,1.1600000000001576,0.04780487804878497,51.89189189194302,59.45945945945946,11039.999999997235,7119.999999999709,1000.6829268266956
13a_features_tempo_real__w60__pre_15s_spread_medio__std >= 0.12089049,1,50,25.252525252525253,22,28,-6,-319.9999999975262,148,7680.000000007567,319.9999999975262,1.1600000000001576,0.04780487804878497,51.89189189194302,59.45945945945946,11039.999999997235,7119.999999999709,1000.6829268266956
13a_features_tempo_real__w60__adv_z_pre_15s_spread_medio__std >= 0.30047051,1,40,20.2020202020202,18,22,-4,-479.99999999810825,158,7840.000000008149,479.99999999810825,1.1531250000001592,0.04092987804878656,49.62025316460854,59.49367088607595,13199.99999999709,4959.9999999998545,900.5579268273286
13a_features_tempo_real__w60__pre_15s_spread_medio__std >= 0.13646754,1,40,20.2020202020202,18,22,-4,-479.99999999810825,158,7840.000000008149,479.99999999810825,1.1531250000001592,0.04092987804878656,49.62025316460854,59.49367088607595,13199.99999999709,4959.9999999998545,900.5579268273286
13a_features_tempo_real__w60__adv_ratio_volatilidade_close_pontos_15s_60s__std >= 0.2094795,1,79,39.8989898989899,33,46,-13,-959.9999999954889,119,8320.00000000553,959.9999999954889,1.2122448979593248,0.10004977600795217,69.91596638660108,58.82352941176471,8559.999999997672,9599.999999999272,892.029865600005
13a_features_tempo_real__last__pre_60s_volatilidade_close_pontos <= 171.35384,1,66,33.33333333333333,27,39,-12,-719.999999996071,132,8080.000000006112,719.999999996071,1.1836363636365026,0.07144124168513,61.21212121216752,58.333333333333336,8959.999999997672,9199.999999999272,880.8647450068947
13a_features_tempo_real__w60__adv_ratio_volatilidade_close_pontos_15s_60s__delta >= 0.23977579,1,119,60.1010101010101,51,68,-17,-479.9999999937427,79,7840.0000000037835,479.9999999937427,1.316129032258217,0.2039339103068445,99.24050632916182,60.75949367088608,3600.0,14559.999999996944,870.3603461767798
13a_features_tempo_real__last__pre_15s_spread_minimo >= 1,1,139,70.2020202020202,63,76,-13,480.0000000061118,59,6880.000000003929,-480.0000000061118,1.452631578947627,0.34043645699625436,116.61016949159202,67.79661016949152,2159.9999999998545,15999.99999999709,816.2618741906226
13a_features_tempo_real__w60__adv_ratio_volatilidade_close_pontos_15s_60s__slope >= 0.014786889,1,37,18.68686868686869,18,19,-1,-239.99999999869033,161,7600.000000008731,239.99999999869033,1.1484375000001705,0.03624237804879793,47.20496894415361,60.24844720496895,14319.999999997526,3839.999999999418,811.7454268277652
13a_features_tempo_real__w60__pre_15s_spread_minimo__min >= 0.8875,1,99,50.0,45,54,-9,4.3655745685100555e-09,99,7360.000000005675,-4.3655745685100555e-09,1.2486486486488404,0.1364535266974678,74.34343434349167,62.62626262626263,7039.99999999869,11119.999999998254,805.8721160135028
13a_features_tempo_real__w60__adv_ratio_volatilidade_close_pontos_15s_60s__max >= 1.3411207,1,119,60.1010101010101,50,69,-19,-1359.9999999933061,79,8720.000000003347,1359.9999999933061,1.3406250000001307,0.22842987804875814,110.3797468354854,59.49367088607595,5759.999999999127,12399.999999997817,679.0579268217971
13a_features_tempo_real__w60__pre_15s_spread_minimo__std <= 0.10314262,1,66,33.33333333333333,30,36,-6,-959.9999999969441,132,8320.000000006985,959.9999999969441,1.2000000000001678,0.08780487804879522,63.030303030355945,60.60606060606061,13279.999999998108,4879.999999998836,608.6829268258134
13a_features_tempo_real__last__cobertura_30s <= 26,1,134,67.67676767676768,60,74,-14,-479.9999999937427,64,7840.0000000037835,479.9999999937427,1.4454545454547605,0.3332594235033879,122.50000000005912,65.625,5359.9999999998545,12799.99999999709,571.955654094756
13a_features_tempo_real__w60__pre_15s_spread_minimo__std <= 0.11980097,1,79,39.8989898989899,36,43,-7,-239.99999999650754,119,7600.000000006548,239.99999999650754,1.2065217391306127,0.09432661717924007,63.86554621854242,61.34453781512605,10319.999999998254,7839.99999999869,542.5959703035933
13a_features_tempo_real__w60__adv_delta_spread_minimo_15s_30s__max >= 0.8675,1,20,10.1010101010101,9,11,-2,-719.9999999989814,178,8080.000000009022,719.9999999989814,1.1383561643837161,0.026161042432343518,45.39325842701698,58.98876404494382,16799.99999999709,1359.9999999998545,541.6966254583367
13a_features_tempo_real__last__pre_30s_spread_minimo <= 1.1303804,1,132,66.66666666666666,58,74,-16,-799.9999999934516,66,8160.0000000034925,799.9999999934516,1.425000000000182,0.3128048780488093,123.63636363641655,63.63636363636363,5599.999999999272,12559.999999997672,499.6829268219226
13a_features_tempo_real__w60__adv_ratio_volatilidade_close_pontos_15s_60s__mean >= 1.0692821,1,40,20.2020202020202,18,22,-4,-479.99999999810825,158,7840.000000008149,479.99999999810825,1.1531250000001592,0.04092987804878656,49.62025316460854,59.49367088607595,15039.999999997963,3119.9999999989814,256.55792682702395
13a_features_tempo_real__w60__adv_z_pre_15s_spread_medio__first >= 1.3578816,1,50,25.252525252525253,22,28,-6,-1279.9999999973807,148,8640.000000007421,1279.9999999973807,1.1800000000001547,0.0678048780487821,58.37837837842852,59.45945945945946,15999.999999997817,2159.999999999127,236.68292682634456
13a_features_tempo_real__w60__pre_15s_spread_medio__first >= 1.779926,1,50,25.252525252525253,22,28,-6,-1279.9999999973807,148,8640.000000007421,1279.9999999973807,1.1800000000001547,0.0678048780487821,58.37837837842852,59.45945945945946,15999.999999997817,2159.999999999127,236.68292682634456
13a_features_tempo_real__last__pre_30s_spread_minimo >= 1.4,1,22,11.11111111111111,10,12,-2,-319.99999999898137,176,7680.000000009022,319.99999999898137,1.13333333333349,0.021138211382117467,43.6363636364149,59.09090909090909,16559.99999999767,1599.9999999992724,188.6829268279971
13a_features_tempo_real__window__n <= 51,1,134,67.67676767676768,60,74,-14,480.0000000061118,64,6880.000000003929,-480.0000000061118,1.3909090909093142,0.27871396895794165,107.50000000006139,65.625,3759.999999999127,14399.999999997817,139.2283813678896
13a_features_tempo_real__last__adv_ratio_volatilidade_close_pontos_15s_60s >= 1.3048069,1,158,79.7979797979798,69,89,-20,-239.99999999214197,40,7600.000000002183,239.99999999214197,1.7307692307694407,0.6185741088180681,190.00000000005457,67.5,2559.9999999998545,15599.99999999709,85.14446528196277
13a_features_tempo_real__w60__adv_ratio_volatilidade_close_pontos_15s_60s__last >= 1.3048069,1,158,79.7979797979798,69,89,-20,-239.99999999214197,40,7600.000000002183,239.99999999214197,1.7307692307694407,0.6185741088180681,190.00000000005457,67.5,2559.9999999998545,15599.99999999709,85.14446528196277
13a_features_tempo_real__w60__adv_ratio_volatilidade_close_pontos_15s_60s__min >= 0.68785108,1,66,33.33333333333333,30,36,-6,-959.9999999969441,132,8320.000000006985,959.9999999969441,1.2000000000001678,0.08780487804879522,63.030303030355945,60.60606060606061,14799.999999996362,3360.000000000582,76.68292682642459
13a_features_tempo_real__w60__adv_ratio_volatilidade_close_pontos_15s_60s__slope <= -0.0012057281,1,37,18.68686868686869,16,21,-5,-79.99999999810825,161,7440.000000008149,79.99999999810825,1.1409090909092452,0.028713968957872593,46.211180124274215,59.006211180124225,14239.999999997235,3919.999999999709,15.228381372729928
13a_features_tempo_real__w60__adv_delta_spread_minimo_15s_30s__std <= 0,1,23,11.616161616161616,10,13,-3,-79.99999999883585,175,7440.000000008877,79.99999999883585,1.1291666666668208,0.01697154471544815,42.51428571433644,58.857142857142854,15999.99999999709,2159.9999999998545,-39.81707317194605
13a_features_tempo_real__w60__pre_15s_spread_minimo__std <= 0.18234498,1,132,66.66666666666666,59,73,-14,80.0000000061118,66,7280.000000003929,-80.0000000061118,1.395652173913257,0.2834570519618844,110.30303030308983,65.15151515151516,5519.999999998981,12639.999999997963,-39.92576882969297
13a_features_tempo_real__last__adv_delta_spread_minimo_15s_30s >= 0.0625,1,67,33.83838383838384,31,36,-5,160.00000000276486,131,7200.000000007276,-160.00000000276486,1.1764705882354725,0.06427546628409986,54.96183206112424,61.06870229007634,12319.999999997526,5839.999999999418,-41.43472023250888
13a_features_tempo_real__w60__adv_delta_spread_minimo_15s_30s__last >= 0.0625,1,67,33.83838383838384,31,36,-5,160.00000000276486,131,7200.000000007276,-160.00000000276486,1.1764705882354725,0.06427546628409986,54.96183206112424,61.06870229007634,12319.999999997526,5839.999999999418,-41.43472023250888
13a_features_tempo_real__last__pre_30s_spread_minimo >= 1.1138889,1,79,39.8989898989899,35,44,-9,-159.9999999962165,119,7520.000000006257,159.9999999962165,1.2000000000001665,0.08780487804879389,63.19327731097695,60.50420168067227,10959.9999999984,7199.999999998545,-95.31707317501605
13a_features_tempo_real__w60__pre_15s_spread_minimo__min >= 1,1,82,41.41414141414141,36,46,-10,480.000000003929,116,6880.000000006112,-480.000000003929,1.1869565217392966,0.07476139978792395,59.31034482763889,60.3448275862069,8559.9999999984,9599.999999998545,-119.14316013168354
13a_features_tempo_real__w60__adv_ratio_volatilidade_close_pontos_15s_60s__mean >= 1.1954941,1,20,10.1010101010101,9,11,-2,240.00000000087311,178,7120.000000009168,-240.00000000087311,1.121917808219335,0.009722686267962466,40.00000000005151,58.98876404494382,15919.999999996071,2240.000000000873,-120.1663882397902
13a_features_tempo_real__w60__adv_delta_spread_minimo_15s_30s__max >= 0.61507937,1,40,20.2020202020202,16,24,-8,-319.9999999975262,158,7680.000000007567,319.9999999975262,1.1454545454546887,0.03325942350331612,48.607594936756755,58.22784810126582,13999.999999997817,4159.999999999127,-204.04434590078927
13a_features_tempo_real__w60__adv_delta_spread_minimo_15s_30s__max >= 0.54017857,1,50,25.252525252525253,20,30,-10,-159.9999999969441,148,7520.000000006985,159.9999999969441,1.1516129032259472,0.039417781274574626,50.81081081085801,58.108108108108105,12239.999999997963,5919.999999998981,-244.34933123866722
13a_features_tempo_real__w60__adv_z_pre_15s_spread_medio__min >= -0.53299308,1,178,89.8989898989899,77,101,-24,80.00000000902219,20,7280.000000001019,-80.00000000902219,2.8200000000002547,1.7078048780488821,364.00000000005093,75.0,1600.0,16559.999999996944,-245.31707318076224
13a_features_tempo_real__w60__pre_15s_spread_medio__min >= 0.92112955,1,178,89.8989898989899,77,101,-24,80.00000000902219,20,7280.000000001019,-80.00000000902219,2.8200000000002547,1.7078048780488821,364.00000000005093,75.0,1600.0,16559.999999996944,-245.31707318076224
13a_features_tempo_real__w60__adv_z_pre_15s_spread_medio__max >= 0.51316808,1,158,79.7979797979798,70,88,-18,640.0000000074215,40,6720.000000002619,-640.0000000074215,1.7000000000002728,0.5878048780489002,168.00000000006548,70.0,1919.999999999709,16239.999999997235,-259.31707317904875
13a_features_tempo_real__w60__adv_z_pre_15s_spread_medio__first >= 0.093253858,1,158,79.7979797979798,70,88,-18,640.0000000074215,40,6720.000000002619,-640.0000000074215,1.7000000000002728,0.5878048780489002,168.00000000006548,70.0,1919.999999999709,16239.999999997235,-259.31707317904875
13a_features_tempo_real__w60__pre_15s_spread_medio__max >= 1.3962745,1,158,79.7979797979798,70,88,-18,640.0000000074215,40,6720.000000002619,-640.0000000074215,1.7000000000002728,0.5878048780489002,168.00000000006548,70.0,1919.999999999709,16239.999999997235,-259.31707317904875
13a_features_tempo_real__w60__pre_15s_spread_medio__first >= 1.2055581,1,158,79.7979797979798,70,88,-18,640.0000000074215,40,6720.000000002619,-640.0000000074215,1.7000000000002728,0.5878048780489002,168.00000000006548,70.0,1919.999999999709,16239.999999997235,-259.31707317904875
13a_features_tempo_real__w60__adv_delta_spread_minimo_15s_30s__mean <= 0.0209013,1,20,10.1010101010101,9,11,-2,240.00000000087311,178,7120.000000009168,-240.00000000087311,1.121917808219335,0.009722686267962466,40.00000000005151,58.98876404494382,16319.999999996799,1840.0000000001455,-260.1663882400446
13a_features_tempo_real__last__pre_60s_volatilidade_close_pontos <= 218.88239,1,132,66.66666666666666,56,76,-20,-639.9999999928696,66,8000.00000000291,639.9999999928696,1.3846153846155245,0.27242026266415187,121.21212121216531,60.60606060606061,5519.999999999709,12639.999999997235,-316.54784240960726
13a_features_tempo_real__last__pre_15s_spread_minimo >= 1.25,1,71,35.858585858585855,32,39,-7,80.00000000320142,127,7280.000000006839,-80.00000000320142,1.182000000000171,0.06980487804879831,57.32283464572315,60.629921259842526,12319.999999998254,5839.99999999869,-356.1170731743805
13a_features_tempo_real__w60__adv_ratio_volatilidade_close_pontos_15s_60s__slope >= 0.0081896313,1,73,36.868686868686865,33,40,-7,480.0000000032014,125,6880.000000006839,-480.0000000032014,1.175510204081807,0.06331508213043446,55.04000000005472,60.8,11199.999999997817,6959.999999999127,-402.0109507252464
13a_features_tempo_real__w60__adv_z_pre_15s_spread_medio__first >= 0.57129655,1,132,66.66666666666666,58,74,-16,160.00000000640284,66,7200.000000003638,-160.00000000640284,1.3750000000001894,0.2628048780488168,109.09090909096422,63.63636363636363,5359.9999999998545,12799.99999999709,-406.317073178132
13a_features_tempo_real__w60__pre_15s_spread_medio__first >= 1.4226752,1,132,66.66666666666666,58,74,-16,160.00000000640284,66,7200.000000003638,-160.00000000640284,1.3750000000001894,0.2628048780488168,109.09090909096422,63.63636363636363,5359.9999999998545,12799.99999999709,-406.317073178132
13a_features_tempo_real__last__adv_ratio_volatilidade_close_pontos_15s_60s >= 1.326167,1,119,60.1010101010101,50,69,-19,-1359.9999999933061,79,8720.000000003347,1359.9999999933061,1.3406250000001307,0.22842987804875814,110.3797468354854,59.49367088607595,8879.999999998836,9279.999999998108,-412.94207317810105
13a_features_tempo_real__w60__adv_ratio_volatilidade_close_pontos_15s_60s__last >= 1.326167,1,119,60.1010101010101,50,69,-19,-1359.9999999933061,79,8720.000000003347,1359.9999999933061,1.3406250000001307,0.22842987804875814,110.3797468354854,59.49367088607595,8879.999999998836,9279.999999998108,-412.94207317810105
13a_features_tempo_real__w60__adv_ratio_volatilidade_close_pontos_15s_60s__mean >= 1.0362624,1,50,25.252525252525253,22,28,-6,-319.9999999975262,148,7680.000000007567,319.9999999975262,1.1600000000001576,0.04780487804878497,51.89189189194302,59.45945945945946,15119.999999998981,3039.9999999979627,-427.31707317391556
13a_features_tempo_real__w60__adv_ratio_volatilidade_close_pontos_15s_60s__slope >= 0.028523823,1,19,9.595959595959595,9,10,-1,7.275957614183426e-10,179,7360.000000009313,-7.275957614183426e-10,1.1260273972604335,0.013832275309060948,41.11731843580622,59.217877094972074,18159.999999996944,0.0,-479.7006348152911
13a_features_tempo_real__w60__adv_z_pre_15s_spread_medio__first >= 0.99795973,1,99,50.0,45,54,-9,-959.9999999954889,99,8320.00000000553,959.9999999954889,1.2810810810812678,0.16888595912989524,84.04040404045989,62.62626262626263,13519.999999998981,4639.999999997963,-482.66842452728633
13a_features_tempo_real__w60__pre_15s_spread_medio__first >= 1.6164569,1,99,50.0,45,54,-9,-959.9999999954889,99,8320.00000000553,959.9999999954889,1.2810810810812678,0.16888595912989524,84.04040404045989,62.62626262626263,13519.999999998981,4639.999999997963,-482.66842452728633
13a_features_tempo_real__w60__adv_z_pre_15s_spread_medio__slope <= 0.0012968769,1,92,46.464646464646464,40,52,-12,-319.9999999953434,106,7680.000000005384,319.9999999953434,1.2285714285715887,0.11637630662021614,72.45283018873003,60.37735849056604,10559.999999997672,7599.999999999272,-494.17421603278126
13a_features_tempo_real__w60__pre_15s_spread_medio__slope <= 0.00058901489,1,92,46.464646464646464,40,52,-12,-319.9999999953434,106,7680.000000005384,319.9999999953434,1.2285714285715887,0.11637630662021614,72.45283018873003,60.37735849056604,10559.999999997672,7599.999999999272,-494.17421603278126
13a_features_tempo_real__w60__adv_delta_spread_minimo_15s_30s__delta <= -0.088095238,1,40,20.2020202020202,18,22,-4,-479.99999999810825,158,7840.000000008149,479.99999999810825,1.1531250000001592,0.04092987804878656,49.62025316460854,59.49367088607595,17359.99999999767,799.9999999992724,-555.4420731728742
13a_features_tempo_real__w60__pre_15s_spread_minimo__min >= 0.625,1,149,75.25252525252525,67,82,-15,640.0000000066939,49,6720.000000003347,-640.0000000066939,1.560000000000279,0.44780487804890634,137.14285714292544,69.38775510204081,4559.9999999998545,13599.99999999709,-619.3170731783684
13a_features_tempo_real__w60__adv_z_pre_15s_spread_medio__max >= 1.6025443,1,66,33.33333333333333,29,37,-8,80.00000000320142,132,7280.000000006839,-80.00000000320142,1.1716981132077084,0.059502991256335847,55.15151515156697,59.84848484848485,12959.999999997672,5199.999999999272,-666.2982052496545
13a_features_tempo_real__w60__pre_15s_spread_medio__max >= 1.8910468,1,66,33.33333333333333,29,37,-8,80.00000000320142,132,7280.000000006839,-80.00000000320142,1.1716981132077084,0.059502991256335847,55.15151515156697,59.84848484848485,12959.999999997672,5199.999999999272,-666.2982052496545
13a_features_tempo_real__w60__pre_15s_spread_minimo__std <= 0.071534794,1,40,20.2020202020202,18,22,-4,480.00000000174623,158,6880.000000008295,-480.00000000174623,1.134375000000162,0.022179878048789403,43.544303797520854,59.49367088607595,15039.999999997235,3119.999999999709,-714.6920731725745
13a_features_tempo_real__w60__adv_z_pre_15s_spread_medio__delta >= 0.28816751,1,50,25.252525252525253,23,27,-4,1520.0000000018917,148,5840.000000008149,-1520.0000000018917,1.1237288135594947,0.01153369160812212,39.45945945951452,60.13513513513513,11599.99999999709,6559.9999999998545,-727.0797850370691
13a_features_tempo_real__w60__pre_15s_spread_medio__delta >= 0.13087977,1,50,25.252525252525253,23,27,-4,1520.0000000018917,148,5840.000000008149,-1520.0000000018917,1.1237288135594947,0.01153369160812212,39.45945945951452,60.13513513513513,11599.99999999709,6559.9999999998545,-727.0797850370691
13a_features_tempo_real__w60__adv_ratio_volatilidade_close_pontos_15s_60s__std >= 0.19491957,1,99,50.0,42,57,-15,240.0000000052387,99,7120.000000004802,-240.0000000052387,1.22250000000015,0.11030487804877742,71.91919191924042,59.59595959595959,8079.999999996653,10080.000000000291,-803.817073175871
13a_features_tempo_real__last__adv_z_pre_15s_spread_medio >= 0.57015024,1,132,66.66666666666666,58,74,-16,160.00000000640284,66,7200.000000003638,-160.00000000640284,1.3750000000001894,0.2628048780488168,109.09090909096422,63.63636363636363,6559.9999999998545,11599.99999999709,-826.317073178132
13a_features_tempo_real__last__pre_15s_spread_medio >= 1.4221546,1,132,66.66666666666666,58,74,-16,160.00000000640284,66,7200.000000003638,-160.00000000640284,1.3750000000001894,0.2628048780488168,109.09090909096422,63.63636363636363,6559.9999999998545,11599.99999999709,-826.317073178132
13a_features_tempo_real__w60__adv_z_pre_15s_spread_medio__last >= 0.57015024,1,132,66.66666666666666,58,74,-16,160.00000000640284,66,7200.000000003638,-160.00000000640284,1.3750000000001894,0.2628048780488168,109.09090909096422,63.63636363636363,6559.9999999998545,11599.99999999709,-826.317073178132
13a_features_tempo_real__w60__pre_15s_spread_medio__last >= 1.4221546,1,132,66.66666666666666,58,74,-16,160.00000000640284,66,7200.000000003638,-160.00000000640284,1.3750000000001894,0.2628048780488168,109.09090909096422,63.63636363636363,6559.9999999998545,11599.99999999709,-826.317073178132
13a_features_tempo_real__w60__pre_15s_spread_minimo__std <= 0.16959623,1,119,60.1010101010101,52,67,-15,400.00000000582077,79,6960.00000000422,-400.00000000582077,1.290000000000176,0.1778048780488033,88.10126582283823,62.0253164556962,6879.999999998836,11279.999999998108,-843.3170731772007
13a_features_tempo_real__w60__adv_ratio_volatilidade_close_pontos_15s_60s__std <= 0.14678337,1,50,25.252525252525253,22,28,-6,640.0000000023283,148,6720.0000000077125,-640.0000000023283,1.1400000000001607,0.027804878048788062,45.405405405457515,59.45945945945946,13919.999999998981,4239.999999997963,-979.3170731737682
13a_features_tempo_real__w60__adv_ratio_volatilidade_close_pontos_15s_60s__std >= 0.25240722,1,40,20.2020202020202,17,23,-6,560.0000000020373,158,6800.000000008004,-560.0000000020373,1.1307692307693846,0.018574108818012025,43.03797468359496,58.86075949367089,14639.999999997235,3519.999999999709,-986.855534711332
13a_features_tempo_real__w60__adv_delta_spread_minimo_15s_30s__mean >= 0.098544431,1,99,50.0,42,57,-15,240.0000000052387,99,7120.000000004802,-240.0000000052387,1.22250000000015,0.11030487804877742,71.91919191924042,59.59595959595959,8639.999999999418,9519.999999997526,-999.8170731768387
13a_features_tempo_real__w60__adv_ratio_volatilidade_close_pontos_15s_60s__slope >= 0.0016775403,1,122,61.61616161616161,52,70,-18,160.00000000640284,76,7200.000000003638,-160.00000000640284,1.3000000000001515,0.18780487804877888,94.73684210531103,60.526315789473685,6479.999999998836,11679.999999998108,-1003.3170731777973
13a_features_tempo_real__w60__adv_z_pre_15s_spread_medio__max >= 1.3967602,1,79,39.8989898989899,35,44,-9,800.000000003638,119,6560.000000006403,-800.000000003638,1.1744680851065532,0.062272963155180605,55.12605042022187,60.50420168067227,10799.999999997817,7359.999999999127,-1014.6362221108357
13a_features_tempo_real__w60__pre_15s_spread_medio__max >= 1.7975839,1,79,39.8989898989899,35,44,-9,800.000000003638,119,6560.000000006403,-800.000000003638,1.1744680851065532,0.062272963155180605,55.12605042022187,60.50420168067227,10799.999999997817,7359.999999999127,-1014.6362221108357
13a_features_tempo_real__w60__adv_delta_spread_minimo_15s_30s__max <= 0.20982143,1,50,25.252525252525253,22,28,-6,640.0000000023283,148,6720.0000000077125,-640.0000000023283,1.1400000000001607,0.027804878048788062,45.405405405457515,59.45945945945946,14159.999999997672,3999.9999999992724,-1063.3170731733103
13a_features_tempo_real__w60__adv_delta_spread_minimo_15s_30s__mean >= 0.083333333,1,120,60.60606060606061,50,70,-20,-159.99999999330612,78,7520.000000003347,159.99999999330612,1.2937500000001307,0.18155487804875814,96.41025641029933,58.97435897435898,6799.999999999272,11359.999999997672,-1095.0670731782538
13a_features_tempo_real__last__adv_ratio_volatilidade_close_pontos_15s_60s >= 1.4248984,1,40,20.2020202020202,17,23,-6,1520.0000000018917,158,5840.000000008149,-1520.0000000018917,1.112307692307849,0.00011257035647638247,36.96202531650727,58.86075949367089,12239.999999997235,5919.999999999709,-1117.932457788108
13a_features_tempo_real__w60__adv_ratio_volatilidade_close_pontos_15s_60s__last >= 1.4248984,1,40,20.2020202020202,17,23,-6,1520.0000000018917,158,5840.000000008149,-1520.0000000018917,1.112307692307849,0.00011257035647638247,36.96202531650727,58.86075949367089,12239.999999997235,5919.999999999709,-1117.932457788108
13a_features_tempo_real__w60__adv_z_pre_15s_spread_medio__first >= 0.71188868,1,119,60.1010101010101,53,66,-13,320.0000000055297,79,7040.000000004511,-320.0000000055297,1.3034482758622634,0.19125315391089082,89.11392405069002,63.29113924050633,8879.999999999563,9279.99999999738,-1125.2481076599124
13a_features_tempo_real__w60__pre_15s_spread_medio__first >= 1.4865293,1,119,60.1010101010101,53,66,-13,320.0000000055297,79,7040.000000004511,-320.0000000055297,1.3034482758622634,0.19125315391089082,89.11392405069002,63.29113924050633,8879.999999999563,9279.99999999738,-1125.2481076599124
13a_features_tempo_real__w60__adv_delta_spread_minimo_15s_30s__mean >= 0.12549969,1,79,39.8989898989899,32,47,-15,80.00000000465661,119,7280.000000005384,-80.00000000465661,1.1820000000001345,0.0698048780487619,61.17647058828054,57.98319327731093,10479.999999998108,7679.999999998836,-1168.1170731758066
13a_features_tempo_real__window__n <= 17,1,41,20.707070707070706,18,23,-5,720.0000000018917,157,6640.000000008149,-720.0000000018917,1.1296875000001592,0.01749237804878656,42.292993630625155,59.23566878980891,15199.99999999709,2959.9999999998545,-1195.504573172671
13a_features_tempo_real__w60__adv_delta_spread_minimo_15s_30s__std >= 0.11440636,1,99,50.0,42,57,-15,240.0000000052387,99,7120.000000004802,-240.0000000052387,1.22250000000015,0.11030487804877742,71.91919191924042,59.59595959595959,9359.9999999984,8799.999999998545,-1251.8170731764822
13a_features_tempo_real__last__pre_15s_spread_minimo >= 0.90961022,1,148,74.74747474747475,66,82,-16,1440.0000000066939,50,5920.000000003347,-1440.0000000066939,1.4625000000002615,0.3503048780488889,118.40000000006694,68.0,3519.999999999709,14639.999999997235,-1261.8170731783284
13a_features_tempo_real__last__pre_30s_spread_minimo >= 0.8375,1,148,74.74747474747475,66,82,-16,1440.0000000066939,50,5920.000000003347,-1440.0000000066939,1.4625000000002615,0.3503048780488889,118.40000000006694,68.0,3519.999999999709,14639.999999997235,-1261.8170731783284
13a_features_tempo_real__w60__adv_delta_spread_minimo_15s_30s__max <= 0.083333333,1,22,11.11111111111111,9,13,-4,720.0000000011642,176,6640.000000008877,-720.0000000011642,1.1136986301371383,0.0015035081857657229,37.72727272732316,58.52272727272727,16799.99999999709,1359.9999999998545,-1277.0978950897556
13a_features_tempo_real__w60__adv_z_pre_15s_spread_medio__first >= 1.2097583,1,66,33.33333333333333,29,37,-8,80.00000000320142,132,7280.000000006839,-80.00000000320142,1.1716981132077084,0.059502991256335847,55.15151515156697,59.84848484848485,14719.999999998254,3439.9999999986903,-1282.2982052498583
13a_features_tempo_real__w60__pre_15s_spread_medio__first >= 1.7126515,1,66,33.33333333333333,29,37,-8,80.00000000320142,132,7280.000000006839,-80.00000000320142,1.1716981132077084,0.059502991256335847,55.15151515156697,59.84848484848485,14719.999999998254,3439.9999999986903,-1282.2982052498583
13a_features_tempo_real__w60__adv_z_pre_15s_spread_medio__slope >= 0.0089941664,1,46,23.232323232323232,21,25,-4,1680.0000000017462,152,5680.000000008295,-1680.0000000017462,1.1163934426231208,0.00419832067174819,37.36842105268615,59.86842105263158,12959.999999997672,5199.999999999272,-1299.4810075989521
13a_features_tempo_real__w60__pre_15s_spread_medio__slope >= 0.0040849658,1,46,23.232323232323232,21,25,-4,1680.0000000017462,152,5680.000000008295,-1680.0000000017462,1.1163934426231208,0.00419832067174819,37.36842105268615,59.86842105263158,12959.999999997672,5199.999999999272,-1299.4810075989521
13a_features_tempo_real__last__pre_15s_volatilidade_close_pontos <= 243.3525,1,79,39.8989898989899,32,47,-15,80.00000000465661,119,7280.000000005384,-80.00000000465661,1.1820000000001345,0.0698048780487619,61.17647058828054,57.98319327731093,10879.999999998108,7279.999999998836,-1308.1170731758066
13a_features_tempo_real__w60__adv_z_pre_15s_spread_medio__max <= -0.048737015,1,20,10.1010101010101,8,12,-4,320.00000000116415,178,7040.000000008877,-320.00000000116415,1.118918918919069,0.006723796967696316,39.55056179780268,58.42696629213483,18159.999999996944,0.0,-1315.9657218205464
13a_features_tempo_real__w60__pre_15s_spread_medio__max <= 1.1410687,1,20,10.1010101010101,8,12,-4,320.00000000116415,178,7040.000000008877,-320.00000000116415,1.118918918919069,0.006723796967696316,39.55056179780268,58.42696629213483,18159.999999996944,0.0,-1315.9657218205464
13a_features_tempo_real__w60__adv_delta_spread_minimo_15s_30s__max <= 0.18501742,1,40,20.2020202020202,17,23,-6,560.0000000020373,158,6800.000000008004,-560.0000000020373,1.1307692307693846,0.018574108818012025,43.03797468359496,58.86075949367089,15599.99999999709,2559.9999999998545,-1322.855534711281
13a_features_tempo_real__w60__adv_delta_spread_minimo_15s_30s__std >= 0.27383413,1,20,10.1010101010101,8,12,-4,1280.0000000010186,178,6080.000000009022,-1280.0000000010186,1.102702702702855,-0.009492419248517514,34.157303370837205,58.42696629213483,15439.999999997235,2719.999999999709,-1333.6954515502312
13a_features_tempo_real__w60__pre_15s_spread_minimo__mean <= 1.1181772,1,99,50.0,43,56,-13,1120.0000000048021,99,6240.000000005239,-1120.0000000048021,1.2000000000001678,0.08780487804879522,63.030303030355945,60.60606060606061,8079.999999998836,10079.999999998108,-1367.3170731761875
13a_features_tempo_real__w60__adv_z_pre_15s_spread_medio__min >= 1.1365173,1,40,20.2020202020202,18,22,-4,480.00000000174623,158,6880.000000008295,-480.00000000174623,1.134375000000162,0.022179878048789403,43.544303797520854,59.49367088607595,17039.999999997963,1119.9999999989814,-1414.6920731728292
13a_features_tempo_real__w60__pre_15s_spread_medio__min >= 1.6793869,1,40,20.2020202020202,18,22,-4,480.00000000174623,158,6880.000000008295,-480.00000000174623,1.134375000000162,0.022179878048789403,43.544303797520854,59.49367088607595,17039.999999997963,1119.9999999989814,-1414.6920731728292
13a_features_tempo_real__w60__adv_delta_spread_minimo_15s_30s__mean >= 0.24885204,1,20,10.1010101010101,8,12,-4,1280.0000000010186,178,6080.000000009022,-1280.0000000010186,1.102702702702855,-0.009492419248517514,34.157303370837205,58.42696629213483,15679.99999999738,2479.9999999995634,-1417.6954515502819
13a_features_tempo_real__w60__adv_z_pre_15s_spread_medio__std >= 0.35804479,1,20,10.1010101010101,8,12,-4,1280.0000000010186,178,6080.000000009022,-1280.0000000010186,1.102702702702855,-0.009492419248517514,34.157303370837205,58.42696629213483,15759.999999996944,2400.0,-1445.695451550129
13a_features_tempo_real__w60__pre_15s_spread_medio__std >= 0.16261659,1,20,10.1010101010101,8,12,-4,1280.0000000010186,178,6080.000000009022,-1280.0000000010186,1.102702702702855,-0.009492419248517514,34.157303370837205,58.42696629213483,15759.999999996944,2400.0,-1445.695451550129
13a_features_tempo_real__w60__adv_z_pre_15s_spread_medio__mean >= 1.9429613,1,20,10.1010101010101,9,11,-2,1200.0000000007276,178,6160.000000009313,-1200.0000000007276,1.105479452054954,-0.006715669896418586,34.606741573086026,58.98876404494382,16959.99999999767,1199.9999999992724,-1454.0294019388334
13a_features_tempo_real__w60__pre_15s_spread_medio__mean >= 2.0456572,1,20,10.1010101010101,9,11,-2,1200.0000000007276,178,6160.000000009313,-1200.0000000007276,1.105479452054954,-0.006715669896418586,34.606741573086026,58.98876404494382,16959.99999999767,1199.9999999992724,-1454.0294019388334
13a_features_tempo_real__last__adv_ratio_volatilidade_close_pontos_15s_60s >= 1.2955149,1,178,89.8989898989899,77,101,-24,1040.0000000088767,20,6320.000000001164,-1040.0000000088767,2.580000000000291,1.4678048780489183,316.0000000000582,75.0,1919.999999999709,16239.999999997235,-1461.317073180493
13a_features_tempo_real__w60__adv_ratio_volatilidade_close_pontos_15s_60s__max >= 1.2963412,1,178,89.8989898989899,77,101,-24,1040.0000000088767,20,6320.000000001164,-1040.0000000088767,2.580000000000291,1.4678048780489183,316.0000000000582,75.0,1919.999999999709,16239.999999997235,-1461.317073180493
13a_features_tempo_real__w60__adv_ratio_volatilidade_close_pontos_15s_60s__last >= 1.2955149,1,178,89.8989898989899,77,101,-24,1040.0000000088767,20,6320.000000001164,-1040.0000000088767,2.580000000000291,1.4678048780489183,316.0000000000582,75.0,1919.999999999709,16239.999999997235,-1461.317073180493
13a_features_tempo_real__w60__pre_15s_spread_minimo__max >= 1.5833333,1,52,26.262626262626267,22,30,-8,1120.0000000026193,146,6240.0000000074215,-1120.0000000026193,1.1300000000001547,0.017804878048782058,42.73972602744809,58.9041095890411,12879.99999999738,5279.999999999563,-1465.317073173503
13a_features_tempo_real__w60__adv_z_pre_15s_spread_medio__std <= 0.10274184,1,40,20.2020202020202,18,22,-4,480.00000000174623,158,6880.000000008295,-480.00000000174623,1.134375000000162,0.022179878048789403,43.544303797520854,59.49367088607595,17199.99999999709,959.9999999998545,-1470.6920731725236
13a_features_tempo_real__w60__pre_15s_spread_medio__std <= 0.046663237,1,40,20.2020202020202,18,22,-4,480.00000000174623,158,6880.000000008295,-480.00000000174623,1.134375000000162,0.022179878048789403,43.544303797520854,59.49367088607595,17199.99999999709,959.9999999998545,-1470.6920731725236
13a_features_tempo_real__w60__adv_z_pre_15s_spread_medio__first >= 1.905049,1,20,10.1010101010101,7,13,-6,400.0000000014552,178,6960.000000008586,-400.0000000014552,1.116000000000143,0.003804878048770499,39.10112359555385,57.865168539325836,17519.999999997526,639.9999999994179,-1503.7170731723966
13a_features_tempo_real__w60__pre_15s_spread_medio__first >= 2.0284382,1,20,10.1010101010101,7,13,-6,400.0000000014552,178,6960.000000008586,-400.0000000014552,1.116000000000143,0.003804878048770499,39.10112359555385,57.865168539325836,17519.999999997526,639.9999999994179,-1503.7170731723966
13a_features_tempo_real__w60__pre_15s_spread_minimo__max <= 0.89886364,1,20,10.1010101010101,7,13,-6,400.0000000014552,178,6960.000000008586,-400.0000000014552,1.116000000000143,0.003804878048770499,39.10112359555385,57.865168539325836,17599.99999999709,559.9999999998545,-1531.7170731722438
13a_features_tempo_real__w60__adv_z_pre_15s_spread_medio__std <= 0.16282879,1,79,39.8989898989899,33,46,-13,4.3655745685100555e-09,119,7360.000000005675,-4.3655745685100555e-09,1.1877551020409611,0.07555998008958853,61.84873949584601,58.82352941176471,12719.999999998254,5439.99999999869,-1538.6640119510712
13a_features_tempo_real__w60__pre_15s_spread_medio__std <= 0.073953494,1,79,39.8989898989899,33,46,-13,4.3655745685100555e-09,119,7360.000000005675,-4.3655745685100555e-09,1.1877551020409611,0.07555998008958853,61.84873949584601,58.82352941176471,12719.999999998254,5439.99999999869,-1538.6640119510712
13a_features_tempo_real__w60__adv_ratio_volatilidade_close_pontos_15s_60s__mean >= 0.96734921,1,99,50.0,42,57,-15,240.0000000052387,99,7120.000000004802,-240.0000000052387,1.22250000000015,0.11030487804877742,71.91919191924042,59.59595959595959,10239.999999999418,7919.999999997526,-1559.8170731768387
13a_features_tempo_real__w60__adv_ratio_volatilidade_close_pontos_15s_60s__mean <= 0.82490056,1,20,10.1010101010101,7,13,-6,1360.0000000013097,178,6000.000000008731,-1360.0000000013097,1.1000000000001455,-0.012195121951227073,33.70786516858838,57.865168539325836,14959.999999996944,3200.0,-1577.3170731720459
13a_features_tempo_real__w60__adv_ratio_volatilidade_close_pontos_15s_60s__std >= 0.23996472,1,50,25.252525252525253,20,30,-10,800.0000000029104,148,6560.00000000713,-800.0000000029104,1.1322580645162728,0.020062942564900155,44.324324324372505,58.108108108108105,13279.99999999738,4879.999999999563,-1579.962234464123
13a_features_tempo_real__w60__adv_z_pre_15s_spread_medio__max >= 2.4396734,1,20,10.1010101010101,8,12,-4,1280.0000000010186,178,6080.000000009022,-1280.0000000010186,1.102702702702855,-0.009492419248517514,34.157303370837205,58.42696629213483,16159.999999997672,1999.9999999992724,-1585.695451550384
13a_features_tempo_real__w60__pre_15s_spread_medio__max >= 2.2712537,1,20,10.1010101010101,8,12,-4,1280.0000000010186,178,6080.000000009022,-1280.0000000010186,1.102702702702855,-0.009492419248517514,34.157303370837205,58.42696629213483,16159.999999997672,1999.9999999992724,-1585.695451550384
13a_features_tempo_real__w60__adv_ratio_volatilidade_close_pontos_15s_60s__min <= 0.51660426,1,50,25.252525252525253,19,31,-12,880.0000000032014,148,6480.000000006839,-880.0000000032014,1.1285714285715642,0.016376306620191627,43.783783783829996,57.432432432432435,12239.999999997235,5919.999999999709,-1628.1742160311883
13a_features_tempo_real__last__cobertura_60s <= 51,1,130,65.65656565656566,57,73,-16,1680.0000000061118,68,5680.000000003929,-1680.0000000061118,1.2840000000001965,0.17180487804882394,83.52941176476367,63.23529411764706,4559.999999999127,13599.999999997817,-1666.9170731775812
13a_features_tempo_real__w60__adv_ratio_volatilidade_close_pontos_15s_60s__max >= 1.3297866,1,132,66.66666666666666,55,77,-22,400.00000000727596,66,6960.000000002765,-400.00000000727596,1.3222222222223503,0.2100271002709777,105.45454545458735,59.09090909090909,5359.999999999127,12799.999999997817,-1667.9837398454529
13a_features_tempo_real__w60__pre_15s_spread_minimo__max >= 1.625,1,49,24.747474747474747,21,28,-7,1440.0000000023283,149,5920.0000000077125,-1440.0000000023283,1.1213114754099942,0.009116353458621607,39.73154362421283,59.06040268456376,13199.99999999709,4959.9999999998545,-1686.5301879272065
13a_features_tempo_real__w60__adv_delta_spread_minimo_15s_30s__mean <= 0.075063896,1,66,33.33333333333333,29,37,-8,2000.0000000029104,132,5360.00000000713,-2000.0000000029104,1.1264150943397908,0.014219972388418212,40.606060606114625,59.84848484848485,10319.999999997526,7839.999999999418,-1689.468016570063
13a_features_tempo_real__last__pre_15s_spread_minimo <= 0.68125,1,20,10.1010101010101,7,13,-6,400.0000000014552,178,6960.000000008586,-400.0000000014552,1.116000000000143,0.003804878048770499,39.10112359555385,57.865168539325836,18079.99999999738,79.99999999956344,-1699.7170731723456
13a_features_tempo_real__w60__pre_15s_spread_minimo__std <= 0.1430155,1,99,50.0,42,57,-15,1200.0000000050932,99,6160.000000004948,-1200.0000000050932,1.1925000000001547,0.08030487804878206,62.2222222222722,59.59595959595959,7919.999999998254,10239.99999999869,-1725.817073176282
13a_features_tempo_real__last__adv_z_pre_15s_spread_medio <= 1.5639937,1,158,79.7979797979798,67,91,-24,880.0000000082946,40,6480.000000001746,-880.0000000082946,1.5400000000001455,0.4278048780487729,162.00000000004366,62.5,2400.0,15759.999999996944,-1753.3170731801001
13a_features_tempo_real__last__pre_15s_spread_medio <= 1.8735379,1,158,79.7979797979798,67,91,-24,880.0000000082946,40,6480.000000001746,-880.0000000082946,1.5400000000001455,0.4278048780487729,162.00000000004366,62.5,2400.0,15759.999999996944,-1753.3170731801001
13a_features_tempo_real__w60__adv_z_pre_15s_spread_medio__last <= 1.5639937,1,158,79.7979797979798,67,91,-24,880.0000000082946,40,6480.000000001746,-880.0000000082946,1.5400000000001455,0.4278048780487729,162.00000000004366,62.5,2400.0,15759.999999996944,-1753.3170731801001
13a_features_tempo_real__w60__pre_15s_spread_medio__last <= 1.8735379,1,158,79.7979797979798,67,91,-24,880.0000000082946,40,6480.000000001746,-880.0000000082946,1.5400000000001455,0.4278048780487729,162.00000000004366,62.5,2400.0,15759.999999996944,-1753.3170731801001
13a_features_tempo_real__w60__adv_z_pre_15s_spread_medio__first >= 0.37769378,1,148,74.74747474747475,65,83,-18,1520.000000006985,50,5840.000000003056,-1520.000000006985,1.429411764706107,0.3172166427547345,116.80000000006112,66.0,3759.9999999998545,14399.99999999709,-1775.6700143551625
13a_features_tempo_real__w60__pre_15s_spread_medio__first >= 1.3347448,1,148,74.74747474747475,65,83,-18,1520.000000006985,50,5840.000000003056,-1520.000000006985,1.429411764706107,0.3172166427547345,116.80000000006112,66.0,3759.9999999998545,14399.99999999709,-1775.6700143551625
13a_features_tempo_real__w60__adv_ratio_volatilidade_close_pontos_15s_60s__max >= 1.568963,1,20,10.1010101010101,8,12,-4,1280.0000000010186,178,6080.000000009022,-1280.0000000010186,1.102702702702855,-0.009492419248517514,34.157303370837205,58.42696629213483,16799.99999999709,1359.9999999998545,-1809.6954515501802
13a_features_tempo_real__w60__adv_ratio_volatilidade_close_pontos_15s_60s__slope >= 0.01294226,1,46,23.232323232323232,21,25,-4,1680.0000000017462,152,5680.000000008295,-1680.0000000017462,1.1163934426231208,0.00419832067174819,37.36842105268615,59.86842105263158,14559.999999997672,3599.9999999992724,-1859.4810075989521
13a_features_tempo_real__w60__adv_ratio_volatilidade_close_pontos_15s_60s__mean >= 1.0112497,1,66,33.33333333333333,28,38,-10,1120.000000003347,132,6240.000000006694,-1120.000000003347,1.1444444444445994,0.03224932249322676,47.272727272777985,59.09090909090909,12479.999999998836,5679.999999998108,-1884.6504065080735
13a_features_tempo_real__w60__adv_ratio_volatilidade_close_pontos_15s_60s__mean <= 0.87302718,1,40,20.2020202020202,16,24,-8,1600.0000000021828,158,5760.000000007858,-1600.0000000021828,1.109090909091058,-0.0031042128603147034,36.45569620258138,58.22784810126582,13279.999999995925,4880.000000001019,-1893.862527718015
13a_features_tempo_real__w60__adv_delta_spread_minimo_15s_30s__delta >= 0.14784515,1,20,10.1010101010101,9,11,-2,1200.0000000007276,178,6160.000000009313,-1200.0000000007276,1.105479452054954,-0.006715669896418586,34.606741573086026,58.98876404494382,18239.999999997235,-80.00000000029104,-1902.0294019386806
13a_features_tempo_real__w60__pre_15s_spread_minimo__mean >= 1.3291509,1,40,20.2020202020202,19,21,-2,1360.0000000013097,158,6000.000000008731,-1360.0000000013097,1.1190476190477923,0.006852497096419663,37.97468354435906,60.12658227848101,16879.99999999738,1279.9999999995634,-1917.8885017436105
13a_features_tempo_real__w60__adv_delta_spread_minimo_15s_30s__mean <= 0.05045038,1,40,20.2020202020202,17,23,-6,1520.0000000018917,158,5840.000000008149,-1520.0000000018917,1.112307692307849,0.00011257035647638247,36.96202531650727,58.86075949367089,14559.999999996944,3600.0,-1929.932457788006
13a_features_tempo_real__w60__adv_ratio_volatilidade_close_pontos_15s_60s__delta <= 0.049485341,1,40,20.2020202020202,16,24,-8,640.0000000023283,158,6720.0000000077125,-640.0000000023283,1.1272727272728733,0.015077605321500709,42.53164556966907,58.22784810126582,16159.999999997672,1999.9999999992724,-1930.9534368096824
13a_features_tempo_real__w60__pre_15s_spread_minimo__max >= 1.5,1,75,37.878787878787875,32,43,-11,1040.0000000037835,123,6320.000000006257,-1040.0000000037835,1.1580000000001565,0.04580487804878386,51.38211382118909,59.34959349593496,12079.999999998108,6079.999999998836,-1974.5170731749204
13a_features_tempo_real__w60__adv_delta_spread_minimo_15s_30s__mean <= 0.058049705,1,50,25.252525252525253,21,29,-8,1680.0000000024738,148,5680.000000007567,-1680.0000000024738,1.116393442623106,0.004198320671733313,38.37837837842951,58.78378378378378,12959.999999996944,5200.0,-2027.4810075994342
13a_features_tempo_real__w60__adv_delta_spread_minimo_15s_30s__std >= 0.13747308,1,79,39.8989898989899,33,46,-13,960.00000000422,119,6400.000000005821,-960.00000000422,1.1632653061225975,0.051070184171224886,53.78151260509093,58.82352941176471,11359.9999999984,6799.999999998545,-2037.3578895019946
13a_features_tempo_real__w60__adv_ratio_volatilidade_close_pontos_15s_60s__slope >= 0.011034924,1,61,30.808080808080806,27,34,-7,1920.0000000026193,137,5440.0000000074215,-1920.0000000026193,1.1236363636365323,0.011441241685159698,39.708029197134465,59.854014598540154,12399.999999997817,5759.999999999127,-2089.1352549918292
13a_features_tempo_real__window__n >= 51,1,73,36.868686868686865,30,43,-13,720.0000000040745,125,6640.000000005966,-720.0000000040745,1.159615384615528,0.04742026266415533,53.12000000004773,58.4,12559.999999997672,5599.999999999272,-2117.5478424058365
13a_features_tempo_real__w60__pre_15s_spread_minimo__min >= 1.1166667,1,40,20.2020202020202,18,22,-4,1440.0000000016007,158,5920.00000000844,-1440.0000000016007,1.1156250000001648,0.0034298780487922453,37.468354430433166,59.49367088607595,16319.999999997526,1839.999999999418,-2133.942073172529
13a_features_tempo_real__w60__pre_15s_spread_minimo__mean >= 0.94417901,1,148,74.74747474747475,66,82,-16,2400.0000000065484,50,4960.0000000034925,-2400.0000000065484,1.3875000000002728,0.27530487804890025,99.20000000006985,68.0,3200.0,14959.999999996944,-2154.8170731782775
13a_features_tempo_real__w60__adv_z_pre_15s_spread_medio__delta <= -0.067606953,1,79,39.8989898989899,32,47,-15,1040.000000004511,119,6320.00000000553,-1040.000000004511,1.1580000000001383,0.04580487804876565,53.10924369752546,57.98319327731093,10559.9999999984,7599.999999998545,-2170.5170731757607
13a_features_tempo_real__w60__pre_15s_spread_medio__delta <= -0.030705691,1,79,39.8989898989899,32,47,-15,1040.000000004511,119,6320.00000000553,-1040.000000004511,1.1580000000001383,0.04580487804876565,53.10924369752546,57.98319327731093,10559.9999999984,7599.999999998545,-2170.5170731757607
13a_features_tempo_real__w60__adv_ratio_volatilidade_close_pontos_15s_60s__max >= 1.485856,1,40,20.2020202020202,16,24,-8,1600.0000000021828,158,5760.000000007858,-1600.0000000021828,1.109090909091058,-0.0031042128603147034,36.45569620258138,58.22784810126582,14079.99999999738,4079.9999999995634,-2173.8625277185242
13a_features_tempo_real__w60__adv_delta_spread_minimo_15s_30s__mean >= 0.15523459,1,50,25.252525252525253,19,31,-12,880.0000000032014,148,6480.000000006839,-880.0000000032014,1.1285714285715642,0.016376306620191627,43.783783783829996,57.432432432432435,13839.999999997963,4319.999999998981,-2188.174216031443
13a_features_tempo_real__window__n <= 46,1,100,50.505050505050505,44,56,-12,2240.000000004511,98,5120.00000000553,-2240.000000004511,1.1684210526317609,0.05622593068038828,52.2448979592401,61.224489795918366,7599.999999998545,10559.9999999984,-2190.264441596839
13a_features_tempo_real__w60__adv_z_pre_15s_spread_medio__max >= 1.0286126,1,119,60.1010101010101,52,67,-15,1360.0000000056752,79,6000.000000004366,-1360.0000000056752,1.2500000000001819,0.13780487804880925,75.94936708866285,62.0253164556962,7999.999999999272,10159.999999997672,-2219.3170731772043
13a_features_tempo_real__w60__pre_15s_spread_medio__max >= 1.6303788,1,119,60.1010101010101,52,67,-15,1360.0000000056752,79,6000.000000004366,-1360.0000000056752,1.2500000000001819,0.13780487804880925,75.94936708866285,62.0253164556962,7999.999999999272,10159.999999997672,-2219.3170731772043
13a_features_tempo_real__w60__adv_ratio_volatilidade_close_pontos_15s_60s__min >= 0.79396037,1,40,20.2020202020202,17,23,-6,1520.0000000018917,158,5840.000000008149,-1520.0000000018917,1.112307692307849,0.00011257035647638247,36.96202531650727,58.86075949367089,15439.999999997963,2719.9999999989814,-2237.9324577883626
13a_features_tempo_real__w60__adv_ratio_volatilidade_close_pontos_15s_60s__min >= 0.5896106,1,119,60.1010101010101,53,66,-13,1280.0000000053842,79,6080.000000004657,-1280.0000000053842,1.2620689655174422,0.1498738435660696,76.96202531651464,63.29113924050633,9359.999999999127,8799.999999997817,-2278.075693866507
13a_features_tempo_real__w60__pre_15s_spread_minimo__max <= 1.625,1,159,80.3030303030303,68,91,-23,1040.000000008149,39,6320.000000001892,-1040.000000008149,1.5642857142858833,0.45209059233451065,162.05128205133056,64.1025641025641,3919.999999999709,14239.999999997235,-2282.7456446084107
13a_features_tempo_real__w60__adv_z_pre_15s_spread_medio__min >= 0.26192344,1,132,66.66666666666666,57,75,-18,1200.0000000065484,66,6160.0000000034925,-1200.0000000065484,1.3080000000001746,0.19580487804880198,93.33333333338625,62.121212121212125,6719.999999999709,11439.999999997235,-2292.5170731782346
13a_features_tempo_real__w60__pre_15s_spread_medio__min >= 1.2821643,1,132,66.66666666666666,57,75,-18,1200.0000000065484,66,6160.0000000034925,-1200.0000000065484,1.3080000000001746,0.19580487804880198,93.33333333338625,62.121212121212125,6719.999999999709,11439.999999997235,-2292.5170731782346
13a_features_tempo_real__last__cobertura_30s <= 27,1,153,77.27272727272727,66,87,-21,1680.000000007567,45,5680.000000002474,-1680.000000007567,1.4437500000001933,0.33155487804882067,126.2222222222772,64.44444444444444,3200.0,14959.999999996944,-2311.0670731793434
13a_features_tempo_real__w60__adv_z_pre_15s_spread_medio__mean <= 1.080792,1,119,60.1010101010101,50,69,-19,1520.0000000062573,79,5840.0000000037835,-1520.0000000062573,1.2281250000001478,0.11592987804877519,73.92405063295928,59.49367088607595,5919.999999998981,12239.999999997963,-2324.4420731777063
13a_features_tempo_real__w60__pre_15s_spread_medio__mean <= 1.6540776,1,119,60.1010101010101,50,69,-19,1520.0000000062573,79,5840.0000000037835,-1520.0000000062573,1.2281250000001478,0.11592987804877519,73.92405063295928,59.49367088607595,5919.999999998981,12239.999999997963,-2324.4420731777063
13a_features_tempo_real__w60__adv_delta_spread_minimo_15s_30s__slope <= 9.9962238e-05,1,92,46.464646464646464,40,52,-12,1600.0000000043656,106,5760.000000005675,-1600.0000000043656,1.1714285714287402,0.05923344947736764,54.339622641562976,60.37735849056604,10239.999999997963,7919.999999998981,-2336.4599303183013
13a_features_tempo_real__last__pre_60s_bid_size_medio_soma >= 67.190919,1,158,79.7979797979798,68,90,-22,1760.000000007858,40,5600.000000002183,-1760.000000007858,1.500000000000195,0.38780487804882235,140.00000000005457,65.0,2479.9999999995634,15679.99999999738,-2355.3170731794817
13a_features_tempo_real__w60__adv_ratio_volatilidade_close_pontos_15s_60s__slope >= 0.0030349699,1,110,55.55555555555556,47,63,-16,1520.0000000055297,88,5840.000000004511,-1520.0000000055297,1.2085714285715896,0.09637630662021701,66.36363636368763,60.22727272727273,7839.99999999869,10319.999999998254,-2360.174216034011
13a_features_tempo_real__last__pre_60s_bid_size_medio_soma >= 64.069987,1,178,89.8989898989899,77,101,-24,2000.0000000087311,20,5360.00000000131,-2000.0000000087311,2.3400000000003276,1.227804878048955,268.0000000000655,75.0,1359.9999999998545,16799.99999999709,-2369.3170731803766
13a_features_tempo_real__last__cobertura_15s <= 10,1,26,13.131313131313133,10,16,-6,2560.0000000013097,172,4800.000000008731,-2560.0000000013097,1.083333333333485,-0.028861788617887685,27.906976744236808,58.139534883720934,13679.999999998108,4479.999999998836,-2441.3170731724495
13a_features_tempo_real__w60__pre_15s_spread_minimo__mean <= 1.0000414,1,66,33.33333333333333,26,40,-14,1280.000000003929,132,6080.000000006112,-1280.000000003929,1.1357142857144222,0.023519163763049633,46.06060606065236,57.57575757575758,11759.9999999984,6399.999999998545,-2457.888501746608
13a_features_tempo_real__w60__pre_15s_spread_minimo__mean >= 1.2601527,1,50,25.252525252525253,23,27,-4,1520.0000000018917,148,5840.000000008149,-1520.0000000018917,1.1237288135594947,0.01153369160812212,39.45945945951452,60.13513513513513,16559.99999999767,1599.9999999992724,-2463.0797850372733
13a_features_tempo_real__last__pre_60s_volatilidade_close_pontos <= 127.52776,1,20,10.1010101010101,7,13,-6,1360.0000000013097,178,6000.000000008731,-1360.0000000013097,1.1000000000001455,-0.012195121951227073,33.70786516858838,57.865168539325836,17599.99999999709,559.9999999998545,-2501.3170731720966
13a_features_tempo_real__last__pre_15s_volatilidade_close_pontos >= 326.13429,1,50,25.252525252525253,22,28,-6,1600.0000000021828,148,5760.000000007858,-1600.0000000021828,1.1200000000001638,0.007804878048791153,38.91891891897201,59.45945945945946,15519.999999997526,2639.999999999418,-2511.317073173112
13a_features_tempo_real__w60__adv_ratio_volatilidade_close_pontos_15s_60s__mean >= 0.99219739,1,79,39.8989898989899,33,46,-13,960.00000000422,119,6400.000000005821,-960.00000000422,1.1632653061225975,0.051070184171224886,53.78151260509093,58.82352941176471,12719.999999998981,5439.999999997963,-2513.3578895021983
13a_features_tempo_real__w60__adv_delta_spread_minimo_15s_30s__slope >= 0.0093308675,1,19,9.595959595959595,8,11,-3,2000.0000000007276,179,5360.000000009313,-2000.0000000007276,1.0905405405406978,-0.021654581410674778,29.94413407826432,58.659217877094974,17279.99999999738,879.9999999995634,-2522.992748847285
13a_features_tempo_real__last__pre_60s_bid_size_medio_soma <= 72.516389,1,79,39.8989898989899,33,46,-13,960.00000000422,119,6400.000000005821,-960.00000000422,1.1632653061225975,0.051070184171224886,53.78151260509093,58.82352941176471,12799.999999997817,5359.999999999127,-2541.357889501791
13a_features_tempo_real__w60__adv_z_pre_15s_spread_medio__delta <= 0.095473384,1,119,60.1010101010101,49,70,-21,640.0000000066939,79,6720.000000003347,-640.0000000066939,1.2545454545455814,0.14235033259420882,85.06329113928287,58.22784810126582,8159.999999999127,9999.999999997817,-2542.5898004509327
13a_features_tempo_real__w60__pre_15s_spread_medio__delta <= 0.043362052,1,119,60.1010101010101,49,70,-21,640.0000000066939,79,6720.000000003347,-640.0000000066939,1.2545454545455814,0.14235033259420882,85.06329113928287,58.22784810126582,8159.999999999127,9999.999999997817,-2542.5898004509327
13a_features_tempo_real__last__pre_60s_bid_size_medio_soma >= 81.130273,1,79,39.8989898989899,33,46,-13,1920.0000000040745,119,5440.000000005966,-1920.0000000040745,1.1387755102042338,0.026580388252861242,45.71428571433585,58.82352941176471,10079.99999999738,8079.999999999563,-2564.0517670525105
13a_features_tempo_real__w60__adv_delta_spread_minimo_15s_30s__mean >= 0.13942115,1,66,33.33333333333333,26,40,-14,1280.000000003929,132,6080.000000006112,-1280.000000003929,1.1357142857144222,0.023519163763049633,46.06060606065236,57.57575757575758,12079.999999998836,6079.999999998108,-2569.888501746761
13a_features_tempo_real__last__adv_ratio_volatilidade_close_pontos_15s_60s >= 1.4877169,1,20,10.1010101010101,8,12,-4,2240.000000000873,178,5120.000000009168,-2240.000000000873,1.0864864864866413,-0.025708635464731344,28.764044943871728,58.42696629213483,16239.999999997235,1919.999999999709,-2583.425181279814
13a_features_tempo_real__w60__adv_ratio_volatilidade_close_pontos_15s_60s__last >= 1.4877169,1,20,10.1010101010101,8,12,-4,2240.000000000873,178,5120.000000009168,-2240.000000000873,1.0864864864866413,-0.025708635464731344,28.764044943871728,58.42696629213483,16239.999999997235,1919.999999999709,-2583.425181279814
13a_features_tempo_real__last__pre_15s_volatilidade_close_pontos <= 171.99046,1,20,10.1010101010101,7,13,-6,1360.0000000013097,178,6000.000000008731,-1360.0000000013097,1.1000000000001455,-0.012195121951227073,33.70786516858838,57.865168539325836,17839.999999997235,319.99999999970896,-2585.3170731721475
13a_features_tempo_real__w60__adv_ratio_volatilidade_close_pontos_15s_60s__first >= 1.264865,1,50,25.252525252525253,21,29,-8,1680.0000000024738,148,5680.000000007567,-1680.0000000024738,1.116393442623106,0.004198320671733313,38.37837837842951,58.78378378378378,14559.999999997672,3599.9999999992724,-2587.4810075996884
13a_features_tempo_real__last__pre_15s_spread_minimo >= 0.83333333,1,160,80.8080808080808,70,90,-20,2080.000000007567,38,5280.000000002474,-2080.000000007567,1.5500000000002576,0.437804878048885,138.94736842111774,68.42105263157895,3200.0,14959.999999996944,-2601.317073179305
13a_features_tempo_real__w60__adv_ratio_volatilidade_close_pontos_15s_60s__delta <= 0.10265803,1,50,25.252525252525253,20,30,-10,800.0000000029104,148,6560.00000000713,-800.0000000029104,1.1322580645162728,0.020062942564900155,44.324324324372505,58.108108108108105,16399.999999997817,1759.9999999991269,-2671.9622344642758
13a_features_tempo_real__w60__adv_ratio_volatilidade_close_pontos_15s_60s__max >= 1.3104716,1,158,79.7979797979798,67,91,-24,880.0000000082946,40,6480.000000001746,-880.0000000082946,1.5400000000001455,0.4278048780487729,162.00000000004366,62.5,5039.999999999418,13119.999999997526,-2677.3170731798964
13a_features_tempo_real__w60__adv_delta_spread_minimo_15s_30s__std >= 0.06560152,1,148,74.74747474747475,64,84,-20,1600.000000007276,50,5760.000000002765,-1600.000000007276,1.400000000000192,0.2878048780488194,115.2000000000553,64.0,5119.999999998981,13039.999999997963,-2679.3170731786977
13a_features_tempo_real__w60__pre_15s_spread_minimo__max <= 1.10625,1,50,25.252525252525253,20,30,-10,1760.0000000027649,148,5600.000000007276,-1760.0000000027649,1.1129032258065983,0.0007081038552256835,37.837837837887,58.108108108108105,13679.99999999738,4479.999999999563,-2691.5751376897824
13a_features_tempo_real__last__pre_60s_bid_size_medio_soma >= 68.278682,1,148,74.74747474747475,63,85,-22,1680.000000007567,50,5680.000000002474,-1680.000000007567,1.3736842105264786,0.261489088575106,113.60000000004948,62.0,3999.9999999992724,14159.999999997672,-2713.1065468633187
13a_features_tempo_real__last__adv_z_pre_15s_spread_medio >= 0.72953445,1,119,60.1010101010101,51,68,-17,1440.0000000059663,79,5920.0000000040745,-1440.0000000059663,1.2387096774195192,0.1265145554681466,74.93670886081107,60.75949367088608,8239.999999999418,9919.999999997526,-2720.0912667259436
13a_features_tempo_real__last__pre_15s_spread_medio >= 1.4945437,1,119,60.1010101010101,51,68,-17,1440.0000000059663,79,5920.0000000040745,-1440.0000000059663,1.2387096774195192,0.1265145554681466,74.93670886081107,60.75949367088608,8239.999999999418,9919.999999997526,-2720.0912667259436
13a_features_tempo_real__w60__adv_z_pre_15s_spread_medio__last >= 0.72953445,1,119,60.1010101010101,51,68,-17,1440.0000000059663,79,5920.0000000040745,-1440.0000000059663,1.2387096774195192,0.1265145554681466,74.93670886081107,60.75949367088608,8239.999999999418,9919.999999997526,-2720.0912667259436
13a_features_tempo_real__w60__pre_15s_spread_medio__last >= 1.4945437,1,119,60.1010101010101,51,68,-17,1440.0000000059663,79,5920.0000000040745,-1440.0000000059663,1.2387096774195192,0.1265145554681466,74.93670886081107,60.75949367088608,8239.999999999418,9919.999999997526,-2720.0912667259436
13a_features_tempo_real__w60__adv_ratio_volatilidade_close_pontos_15s_60s__delta >= 0.17395679,1,132,66.66666666666666,56,76,-20,2240.000000006694,66,5120.000000003347,-2240.000000006694,1.2461538461540071,0.13395872420263455,77.57575757580828,60.60606060606061,3999.9999999992724,14159.999999997672,-2747.624765485929
13a_features_tempo_real__w60__adv_z_pre_15s_spread_medio__delta <= 0.65805588,1,178,89.8989898989899,76,102,-26,1120.0000000091677,20,6240.000000000873,-1120.0000000091677,2.300000000000182,1.1878048780488093,312.00000000004366,70.0,4000.0,14159.999999996944,-2767.3170731809514
13a_features_tempo_real__w60__pre_15s_spread_medio__delta <= 0.29887548,1,178,89.8989898989899,76,102,-26,1120.0000000091677,20,6240.000000000873,-1120.0000000091677,2.300000000000182,1.1878048780488093,312.00000000004366,70.0,4000.0,14159.999999996944,-2767.3170731809514
13a_features_tempo_real__w60__adv_z_pre_15s_spread_medio__std <= 0.21593253,1,119,60.1010101010101,51,68,-17,1440.0000000059663,79,5920.0000000040745,-1440.0000000059663,1.2387096774195192,0.1265145554681466,74.93670886081107,60.75949367088608,8479.999999999563,9679.99999999738,-2804.0912667259945
13a_features_tempo_real__w60__pre_15s_spread_medio__std <= 0.098072125,1,119,60.1010101010101,51,68,-17,1440.0000000059663,79,5920.0000000040745,-1440.0000000059663,1.2387096774195192,0.1265145554681466,74.93670886081107,60.75949367088608,8479.999999999563,9679.99999999738,-2804.0912667259945
13a_features_tempo_real__last__cobertura_60s >= 48,1,130,65.65656565656566,55,75,-20,1840.0000000066939,68,5520.000000003347,-1840.0000000066939,1.2555555555557105,0.14336043360433792,81.17647058828452,60.29411764705882,5439.999999999418,12719.999999997526,-2811.9837398449563
13a_features_tempo_real__w60__adv_delta_spread_minimo_15s_30s__std >= 0.057060841,1,158,79.7979797979798,68,90,-22,1760.000000007858,40,5600.000000002183,-1760.000000007858,1.500000000000195,0.38780487804882235,140.00000000005457,65.0,3839.999999999418,14319.999999997526,-2831.3170731794307
13a_features_tempo_real__w60__adv_z_pre_15s_spread_medio__mean >= 0.68807701,1,119,60.1010101010101,51,68,-17,1440.0000000059663,79,5920.0000000040745,-1440.0000000059663,1.2387096774195192,0.1265145554681466,74.93670886081107,60.75949367088608,8559.999999999854,9599.99999999709,-2832.0912667260964
13a_features_tempo_real__w60__pre_15s_spread_medio__mean >= 1.4757145,1,119,60.1010101010101,51,68,-17,1440.0000000059663,79,5920.0000000040745,-1440.0000000059663,1.2387096774195192,0.1265145554681466,74.93670886081107,60.75949367088608,8559.999999999854,9599.99999999709,-2832.0912667260964
13a_features_tempo_real__w60__adv_ratio_volatilidade_close_pontos_15s_60s__mean <= 0.9345728,1,79,39.8989898989899,33,46,-13,2880.000000003929,119,4480.000000006112,-2880.000000003929,1.1142857142858702,0.0020905923344975985,37.64705882358077,58.82352941176471,8079.999999998108,10079.999999998836,-2838.7456446036376
13a_features_tempo_real__w60__adv_z_pre_15s_spread_medio__std <= 0.13863279,1,66,33.33333333333333,27,39,-12,1200.000000003638,132,6160.000000006403,-1200.000000003638,1.1400000000001456,0.027804878048772963,46.66666666671517,58.333333333333336,14079.999999998108,4079.999999998836,-2857.3170731747814
13a_features_tempo_real__w60__pre_15s_spread_medio__std <= 0.062964167,1,66,33.33333333333333,27,39,-12,1200.000000003638,132,6160.000000006403,-1200.000000003638,1.1400000000001456,0.027804878048772963,46.66666666671517,58.333333333333336,14079.999999998108,4079.999999998836,-2857.3170731747814
13a_features_tempo_real__w60__adv_ratio_volatilidade_close_pontos_15s_60s__min >= 0.55967411,1,132,66.66666666666666,58,74,-16,2080.000000006112,66,5280.000000003929,-2080.000000006112,1.2750000000002046,0.16280487804883204,80.00000000005953,63.63636363636363,6879.999999999563,11279.99999999738,-2918.31707317773
13a_features_tempo_real__last__pre_60s_volatilidade_close_pontos <= 311.93914,1,178,89.8989898989899,76,102,-26,2080.000000009022,20,5280.000000001019,-2080.000000009022,2.1000000000002124,0.9878048780488398,264.00000000005093,70.0,1600.0,16559.999999996944,-3007.3170731807877
13a_features_tempo_real__w60__adv_z_pre_15s_spread_medio__mean >= -0.25321859,1,178,89.8989898989899,76,102,-26,2080.000000009022,20,5280.000000001019,-2080.000000009022,2.1000000000002124,0.9878048780488398,264.00000000005093,70.0,1600.0,16559.999999996944,-3007.3170731807877
13a_features_tempo_real__w60__pre_15s_spread_medio__mean >= 1.0481974,1,178,89.8989898989899,76,102,-26,2080.000000009022,20,5280.000000001019,-2080.000000009022,2.1000000000002124,0.9878048780488398,264.00000000005093,70.0,1600.0,16559.999999996944,-3007.3170731807877
13a_features_tempo_real__w60__adv_ratio_volatilidade_close_pontos_15s_60s__first <= 1.1527798,1,132,66.66666666666666,56,76,-20,2240.000000006694,66,5120.000000003347,-2240.000000006694,1.2461538461540071,0.13395872420263455,77.57575757580828,60.60606060606061,4879.999999998836,13279.999999998108,-3055.624765485776
13a_features_tempo_real__w60__adv_delta_spread_minimo_15s_30s__mean >= 0.1756994,1,40,20.2020202020202,15,25,-10,1680.0000000024738,158,5680.000000007567,-1680.0000000024738,1.1059701492538725,-0.0062249726975001085,35.949367088655485,57.59493670886076,15439.999999997963,2719.9999999989814,-3061.7349836213307
13a_features_tempo_real__w60__adv_z_pre_15s_spread_medio__mean >= 1.4243314,1,50,25.252525252525253,20,30,-10,1760.0000000027649,148,5600.000000007276,-1760.0000000027649,1.1129032258065983,0.0007081038552256835,37.837837837887,58.108108108108105,14799.999999997817,3359.999999999127,-3083.575137689935
13a_features_tempo_real__w60__adv_z_pre_15s_spread_medio__max >= 1.8392374,1,50,25.252525252525253,20,30,-10,1760.0000000027649,148,5600.000000007276,-1760.0000000027649,1.1129032258065983,0.0007081038552256835,37.837837837887,58.108108108108105,14799.999999997817,3359.999999999127,-3083.575137689935
13a_features_tempo_real__w60__pre_15s_spread_medio__mean >= 1.8101062,1,50,25.252525252525253,20,30,-10,1760.0000000027649,148,5600.000000007276,-1760.0000000027649,1.1129032258065983,0.0007081038552256835,37.837837837887,58.108108108108105,14799.999999997817,3359.999999999127,-3083.575137689935
13a_features_tempo_real__w60__pre_15s_spread_medio__max >= 1.998548,1,50,25.252525252525253,20,30,-10,1760.0000000027649,148,5600.000000007276,-1760.0000000027649,1.1129032258065983,0.0007081038552256835,37.837837837887,58.108108108108105,14799.999999997817,3359.999999999127,-3083.575137689935
13a_features_tempo_real__w60__adv_delta_spread_minimo_15s_30s__first >= 0.07887218,1,66,33.33333333333333,28,38,-10,1120.000000003347,132,6240.000000006694,-1120.000000003347,1.1444444444445994,0.03224932249322676,47.272727272777985,59.09090909090909,15919.999999998254,2239.9999999986903,-3088.6504065078693
13a_features_tempo_real__w60__adv_z_pre_15s_spread_medio__min >= 0.88033918,1,66,33.33333333333333,28,38,-10,1120.000000003347,132,6240.000000006694,-1120.000000003347,1.1444444444445994,0.03224932249322676,47.272727272777985,59.09090909090909,15919.999999998254,2239.9999999986903,-3088.6504065078693
13a_features_tempo_real__w60__pre_15s_spread_medio__min >= 1.5630361,1,66,33.33333333333333,28,38,-10,1120.000000003347,132,6240.000000006694,-1120.000000003347,1.1444444444445994,0.03224932249322676,47.272727272777985,59.09090909090909,15919.999999998254,2239.9999999986903,-3088.6504065078693
13a_features_tempo_real__w60__pre_15s_spread_minimo__min >= 1.0408654,1,50,25.252525252525253,22,28,-6,2560.0000000020373,148,4800.000000008004,-2560.0000000020373,1.1000000000001668,-0.012195121951205756,32.43243243248651,59.45945945945946,14479.999999996653,3680.000000000291,-3119.3170731726586
13a_features_tempo_real__w60__pre_15s_spread_minimo__mean <= 1.0581944,1,79,39.8989898989899,32,47,-15,2000.0000000043656,119,5360.000000005675,-2000.0000000043656,1.1340000000001418,0.021804878048769183,45.04201680677038,57.98319327731093,10559.9999999984,7599.999999998545,-3144.917073175613
13a_features_tempo_real__last__pre_60s_volatilidade_close_pontos >= 151.06993,1,148,74.74747474747475,65,83,-18,2480.0000000068394,50,4880.000000003201,-2480.0000000068394,1.3588235294120001,0.24662840746062753,97.60000000006403,66.0,4879.999999999563,13279.99999999738,-3170.02295553138
13a_features_tempo_real__w60__adv_z_pre_15s_spread_medio__mean >= 0.89598621,1,99,50.0,43,56,-13,2080.0000000046566,99,5280.000000005384,-2080.0000000046566,1.1692307692309418,0.057035647279569224,53.33333333338772,60.60606060606061,10479.999999998836,7679.999999998108,-3185.7786116375773
13a_features_tempo_real__w60__pre_15s_spread_medio__mean >= 1.5701426,1,99,50.0,43,56,-13,2080.0000000046566,99,5280.000000005384,-2080.0000000046566,1.1692307692309418,0.057035647279569224,53.33333333338772,60.60606060606061,10479.999999998836,7679.999999998108,-3185.7786116375773
13a_features_tempo_real__last__pre_15s_volatilidade_close_pontos <= 208.02299,1,50,25.252525252525253,19,31,-12,1840.000000003056,148,5520.000000006985,-1840.000000003056,1.1095238095239481,-0.002671312427424466,37.29729729734449,57.432432432432435,13919.999999997526,4239.999999999418,-3187.6027874597144
13a_features_tempo_real__w60__adv_ratio_volatilidade_close_pontos_15s_60s__std >= 0.28092969,1,20,10.1010101010101,7,13,-6,2320.000000001164,178,5040.000000008877,-2320.000000001164,1.084000000000148,-0.028195121951224644,28.314606741622903,57.865168539325836,16799.99999999709,1359.9999999998545,-3190.9170731719496
13a_features_tempo_real__last__pre_15s_volatilidade_close_pontos <= 195.76055,1,40,20.2020202020202,15,25,-10,1680.0000000024738,158,5680.000000007567,-1680.0000000024738,1.1059701492538725,-0.0062249726975001085,35.949367088655485,57.59493670886076,15839.999999997235,2319.999999999709,-3201.734983621076
13a_features_tempo_real__w60__adv_ratio_volatilidade_close_pontos_15s_60s__std <= 0.1026589,1,20,10.1010101010101,8,12,-4,2240.000000000873,178,5120.000000009168,-2240.000000000873,1.0864864864866413,-0.025708635464731344,28.764044943871728,58.42696629213483,18079.999999995925,80.00000000101863,-3227.4251812793555
13a_features_tempo_real__w60__pre_15s_spread_minimo__max >= 1.4190476,1,79,39.8989898989899,33,46,-13,1920.0000000040745,119,5440.000000005966,-1920.0000000040745,1.1387755102042338,0.026580388252861242,45.71428571433585,58.82352941176471,12079.999999998108,6079.999999998836,-3264.051767052765
13a_features_tempo_real__w60__adv_ratio_volatilidade_close_pontos_15s_60s__min >= 0.43267144,1,178,89.8989898989899,76,102,-26,2080.000000009022,20,5280.000000001019,-2080.000000009022,2.1000000000002124,0.9878048780488398,264.00000000005093,70.0,2400.0,15759.999999996944,-3287.3170731807877
13a_features_tempo_real__w60__pre_15s_spread_minimo__mean >= 0.83842829,1,158,79.7979797979798,69,89,-20,2640.0000000074215,40,4720.000000002619,-2640.0000000074215,1.4538461538464058,0.3416510318950332,118.00000000006548,67.5,3519.999999999709,14639.999999997235,-3297.009380871368
13a_features_tempo_real__w60__adv_delta_spread_minimo_15s_30s__slope >= 0.006008703,1,37,18.68686868686869,15,22,-7,2880.0000000017462,161,4480.000000008295,-2880.0000000017462,1.0835820895523935,-0.028613032398979055,27.82608695657326,58.38509316770186,14319.999999997526,3839.999999999418,-3337.167819441337
13a_features_tempo_real__w60__adv_z_pre_15s_spread_medio__slope <= 0.0044595909,1,110,55.55555555555556,46,64,-18,1600.0000000058208,88,5760.00000000422,-1600.0000000058208,1.2000000000001465,0.0878048780487739,65.45454545459341,59.09090909090909,9519.999999998254,8639.99999999869,-3363.317073177015
13a_features_tempo_real__w60__pre_15s_spread_medio__slope <= 0.0020254547,1,110,55.55555555555556,46,64,-18,1600.0000000058208,88,5760.00000000422,-1600.0000000058208,1.2000000000001465,0.0878048780487739,65.45454545459341,59.09090909090909,9519.999999998254,8639.99999999869,-3363.317073177015
13a_features_tempo_real__w60__adv_z_pre_15s_spread_medio__first <= -0.2636379,1,20,10.1010101010101,7,13,-6,2320.000000001164,178,5040.000000008877,-2320.000000001164,1.084000000000148,-0.028195121951224644,28.314606741622903,57.865168539325836,17359.999999996944,800.0,-3386.917073171899
13a_features_tempo_real__w60__pre_15s_spread_medio__first <= 1.0434651,1,20,10.1010101010101,7,13,-6,2320.000000001164,178,5040.000000008877,-2320.000000001164,1.084000000000148,-0.028195121951224644,28.314606741622903,57.865168539325836,17359.999999996944,800.0,-3386.917073171899
13a_features_tempo_real__last__cobertura_15s >= 15,1,38,19.19191919191919,16,22,-6,2080.0000000017462,160,5280.000000008295,-2080.0000000017462,1.100000000000157,-0.012195121951215526,33.00000000005184,58.75,17199.99999999709,959.9999999998545,-3387.3170731725268
13a_features_tempo_real__last__pre_60s_volatilidade_close_pontos <= 235.89734,1,148,74.74747474747475,62,86,-24,1760.000000007858,50,5600.000000002183,-1760.000000007858,1.3500000000001364,0.23780487804876382,112.00000000004366,60.0,4719.999999999709,13439.999999997235,-3389.317073179567
13a_features_tempo_real__last__cobertura_15s >= 13,1,111,56.060606060606055,48,63,-15,1680.0000000053842,87,5680.000000004657,-1680.0000000053842,1.2088235294119358,0.09662840746056323,65.2873563218926,60.91954022988506,10799.999999997817,7359.999999999127,-3408.0229555293517
13a_features_tempo_real__last__adv_ratio_volatilidade_close_pontos_15s_60s >= 1.4150779,1,50,25.252525252525253,20,30,-10,2720.0000000026193,148,4640.0000000074215,-2720.0000000026193,1.0935483870969238,-0.018646734854448788,31.351351351401497,58.108108108108105,13039.999999996508,5120.000000000437,-3439.1880409151363
13a_features_tempo_real__w60__adv_ratio_volatilidade_close_pontos_15s_60s__last >= 1.4150779,1,50,25.252525252525253,20,30,-10,2720.0000000026193,148,4640.0000000074215,-2720.0000000026193,1.0935483870969238,-0.018646734854448788,31.351351351401497,58.108108108108105,13039.999999996508,5120.000000000437,-3439.1880409151363
13a_features_tempo_real__last__adv_z_pre_15s_spread_medio <= 1.208585,1,132,66.66666666666666,55,77,-22,2320.000000006985,66,5040.000000003056,-2320.000000006985,1.2333333333334748,0.12113821138210223,76.36363636368266,59.09090909090909,4799.999999999272,13359.999999997672,-3445.3170731785394
13a_features_tempo_real__last__pre_15s_spread_medio <= 1.7121186,1,132,66.66666666666666,55,77,-22,2320.000000006985,66,5040.000000003056,-2320.000000006985,1.2333333333334748,0.12113821138210223,76.36363636368266,59.09090909090909,4799.999999999272,13359.999999997672,-3445.3170731785394
13a_features_tempo_real__w60__adv_z_pre_15s_spread_medio__last <= 1.208585,1,132,66.66666666666666,55,77,-22,2320.000000006985,66,5040.000000003056,-2320.000000006985,1.2333333333334748,0.12113821138210223,76.36363636368266,59.09090909090909,4799.999999999272,13359.999999997672,-3445.3170731785394
13a_features_tempo_real__w60__pre_15s_spread_medio__last <= 1.7121186,1,132,66.66666666666666,55,77,-22,2320.000000006985,66,5040.000000003056,-2320.000000006985,1.2333333333334748,0.12113821138210223,76.36363636368266,59.09090909090909,4799.999999999272,13359.999999997672,-3445.3170731785394
13a_features_tempo_real__w60__adv_z_pre_15s_spread_medio__max <= 1.2325203,1,99,50.0,41,58,-17,2240.0000000052387,99,5120.000000004802,-2240.0000000052387,1.1560975609757562,0.04390243902438362,51.717171717220225,58.58585858585859,8879.999999998108,9279.999999998836,-3453.658536591016
13a_features_tempo_real__w60__pre_15s_spread_medio__max <= 1.7229895,1,99,50.0,41,58,-17,2240.0000000052387,99,5120.000000004802,-2240.0000000052387,1.1560975609757562,0.04390243902438362,51.717171717220225,58.58585858585859,8879.999999998108,9279.999999998836,-3453.658536591016
13a_features_tempo_real__last__pre_60s_volatilidade_close_pontos <= 251.66633,1,158,79.7979797979798,66,92,-26,1920.00000000844,40,5440.000000001601,-1920.00000000844,1.425000000000125,0.31280487804875245,136.00000000004002,60.0,3200.0,14959.999999996944,-3472.3170731802584
13a_features_tempo_real__w60__adv_ratio_volatilidade_close_pontos_15s_60s__delta <= -0.019565287,1,20,10.1010101010101,7,13,-6,2320.000000001164,178,5040.000000008877,-2320.000000001164,1.084000000000148,-0.028195121951224644,28.314606741622903,57.865168539325836,17679.99999999738,479.99999999956344,-3498.917073172052
13a_features_tempo_real__w60__adv_delta_spread_minimo_15s_30s__slope >= 0.002980964,1,61,30.808080808080806,25,36,-11,3040.000000003056,137,4320.000000006985,-3040.000000003056,1.0947368421054164,-0.01745827984595616,31.532846715379453,58.3941605839416,11359.999999997672,6799.999999999272,-3522.4749679108845
13a_features_tempo_real__w60__adv_ratio_volatilidade_close_pontos_15s_60s__min >= 0.61152164,1,99,50.0,44,55,-11,2000.0000000043656,99,5360.000000005675,-2000.0000000043656,1.176315789473871,0.06412066752249834,54.141414141471465,61.61616161616161,12639.99999999869,5519.999999998254,-3527.527599491478
13a_features_tempo_real__last__pre_15s_volatilidade_close_pontos <= 343.13141,1,158,79.7979797979798,66,92,-26,1920.00000000844,40,5440.000000001601,-1920.00000000844,1.425000000000125,0.31280487804875245,136.00000000004002,60.0,3359.9999999998545,14799.99999999709,-3528.3170731802074
13a_features_tempo_real__w60__adv_ratio_volatilidade_close_pontos_15s_60s__std <= 0.14001976,1,40,20.2020202020202,16,24,-8,2560.0000000020373,158,4800.000000008004,-2560.0000000020373,1.0909090909092425,-0.021286031042130116,30.379746835493695,58.22784810126582,15279.999999998836,2879.9999999981083,-3564.7716186279777
13a_features_tempo_real__w60__adv_z_pre_15s_spread_medio__std >= 0.19084646,1,99,50.0,42,57,-15,3120.000000004802,99,4240.000000005239,-3120.000000004802,1.1325000000001637,0.02030487804879111,42.828282828335745,59.59595959595959,7599.999999998545,10559.9999999984,-3569.8170731760883
13a_features_tempo_real__w60__pre_15s_spread_medio__std >= 0.086678545,1,99,50.0,42,57,-15,3120.000000004802,99,4240.000000005239,-3120.000000004802,1.1325000000001637,0.02030487804879111,42.828282828335745,59.59595959595959,7599.999999998545,10559.9999999984,-3569.8170731760883
13a_features_tempo_real__w60__adv_z_pre_15s_spread_medio__slope <= 0.0063434407,1,122,61.61616161616161,50,72,-22,1280.0000000068394,76,6080.000000003201,-1280.0000000068394,1.237500000000125,0.12530487804875245,80.00000000004212,57.89473684210527,8639.99999999869,9519.999999998254,-3576.8170731781993
13a_features_tempo_real__w60__pre_15s_spread_medio__slope <= 0.0028810606,1,122,61.61616161616161,50,72,-22,1280.0000000068394,76,6080.000000003201,-1280.0000000068394,1.237500000000125,0.12530487804875245,80.00000000004212,57.89473684210527,8639.99999999869,9519.999999998254,-3576.8170731781993
13a_features_tempo_real__w60__pre_15s_spread_minimo__max >= 1.3333333,1,102,51.515151515151516,44,58,-14,2720.000000004802,96,4640.000000005239,-2720.000000004802,1.1526315789475408,0.04043645699616816,48.333333333387905,60.416666666666664,9439.999999999418,8719.999999997526,-3687.7381258079668
13a_features_tempo_real__last__pre_60s_bid_size_medio_soma <= 70.820963,1,66,33.33333333333333,27,39,-12,2160.0000000034925,132,5200.000000006548,-2160.0000000034925,1.118181818181967,0.005986696230594335,39.393939393989,58.333333333333336,13679.99999999738,4479.999999999563,-3690.4079822652884
13a_features_tempo_real__w60__adv_ratio_volatilidade_close_pontos_15s_60s__max >= 1.4608421,1,50,25.252525252525253,20,30,-10,2720.0000000026193,148,4640.0000000074215,-2720.0000000026193,1.0935483870969238,-0.018646734854448788,31.351351351401497,58.108108108108105,13999.99999999709,4159.9999999998545,-3775.1880409153396
13a_features_tempo_real__w60__adv_z_pre_15s_spread_medio__delta >= 0.15922187,1,66,33.33333333333333,29,37,-8,3920.0000000026193,132,3440.0000000074215,-3920.0000000026193,1.0811320754718732,-0.031063046479499423,26.060606060662284,59.84848484848485,10719.999999997526,7439.999999999418,-3776.6378278905227
13a_features_tempo_real__w60__pre_15s_spread_medio__delta >= 0.072315304,1,66,33.33333333333333,29,37,-8,3920.0000000026193,132,3440.0000000074215,-3920.0000000026193,1.0811320754718732,-0.031063046479499423,26.060606060662284,59.84848484848485,10719.999999997526,7439.999999999418,-3776.6378278905227
13a_features_tempo_real__w60__adv_delta_spread_minimo_15s_30s__slope >= 0.0043031889,1,46,23.232323232323232,18,28,-10,2880.000000002474,152,4480.000000007567,-2880.000000002474,1.0875000000001478,-0.024695121951224808,29.4736842105761,57.89473684210527,13759.999999997672,4399.999999999272,-3786.8170731734635
13a_features_tempo_real__w60__adv_ratio_volatilidade_close_pontos_15s_60s__min <= 0.75353147,1,148,74.74747474747475,62,86,-24,2720.0000000077125,50,4640.000000002328,-2720.0000000077125,1.2900000000001455,0.17780487804877287,92.80000000004657,60.0,3119.9999999989814,15039.999999997963,-3825.3170731791615
13a_features_tempo_real__last__cobertura_30s <= 21,1,23,11.616161616161616,9,14,-5,2880.0000000010186,175,4480.000000009022,-2880.0000000010186,1.0767123287672777,-0.03548279318409486,25.600000000051555,58.285714285714285,17359.99999999767,799.9999999992724,-3837.2896759117302
13a_features_tempo_real__w60__adv_delta_spread_minimo_15s_30s__max >= 0.27676768,1,119,60.1010101010101,51,68,-17,3360.0000000056752,79,4000.0000000043656,-3360.0000000056752,1.161290322580821,0.0490952006294485,50.63291139246032,60.75949367088608,5919.999999997526,12239.999999999418,-3874.5428796282104
13a_features_tempo_real__w60__adv_ratio_volatilidade_close_pontos_15s_60s__std >= 0.22219268,1,66,33.33333333333333,25,41,-16,2320.0000000040745,132,5040.000000005966,-2320.0000000040745,1.1105263157896046,-0.0016688061617680106,38.18181818186338,56.81818181818182,11919.999999997526,6239.999999999418,-3899.001283701339
13a_features_tempo_real__w60__adv_delta_spread_minimo_15s_30s__max >= 0.5,1,68,34.34343434343434,27,41,-14,2640.0000000037835,130,4720.000000006257,-2640.0000000037835,1.1072727272728695,-0.004922394678503084,36.30769230774044,57.692307692307686,11919.999999996799,6240.0000000001455,-3924.9534368108343
13a_features_tempo_real__w60__adv_z_pre_15s_spread_medio__mean <= 1.5929134,1,158,79.7979797979798,67,91,-24,2800.0000000080036,40,4560.000000002037,-2800.0000000080036,1.3800000000001698,0.26780487804879716,114.00000000005093,62.5,2879.9999999995634,15279.99999999738,-3937.3170731796417
13a_features_tempo_real__w60__pre_15s_spread_medio__mean <= 1.8866726,1,158,79.7979797979798,67,91,-24,2800.0000000080036,40,4560.000000002037,-2800.0000000080036,1.3800000000001698,0.26780487804879716,114.00000000005093,62.5,2879.9999999995634,15279.99999999738,-3937.3170731796417
13a_features_tempo_real__w60__adv_z_pre_15s_spread_medio__max >= 2.0832903,1,40,20.2020202020202,16,24,-8,2560.0000000020373,158,4800.000000008004,-2560.0000000020373,1.0909090909092425,-0.021286031042130116,30.379746835493695,58.22784810126582,16399.999999997817,1759.9999999991269,-3956.771618627621
13a_features_tempo_real__w60__pre_15s_spread_medio__max >= 2.1093918,1,40,20.2020202020202,16,24,-8,2560.0000000020373,158,4800.000000008004,-2560.0000000020373,1.0909090909092425,-0.021286031042130116,30.379746835493695,58.22784810126582,16399.999999997817,1759.9999999991269,-3956.771618627621
13a_features_tempo_real__w60__adv_z_pre_15s_spread_medio__delta >= 0,1,109,55.05050505050505,47,62,-15,3200.000000005093,89,4160.000000004948,-3200.000000005093,1.1485714285716053,0.03637630662023272,46.74157303376346,60.67415730337079,8079.999999998836,10079.999999998108,-3978.1742160336153
13a_features_tempo_real__w60__pre_15s_spread_medio__delta >= 0,1,109,55.05050505050505,47,62,-15,3200.000000005093,89,4160.000000004948,-3200.000000005093,1.1485714285716053,0.03637630662023272,46.74157303376346,60.67415730337079,8079.999999998836,10079.999999998108,-3978.1742160336153
13a_features_tempo_real__last__pre_30s_spread_minimo <= 0.625,1,21,10.606060606060606,7,14,-7,2560.0000000013097,177,4800.000000008731,-2560.0000000013097,1.0800000000001455,-0.03219512195122709,27.11864406784594,57.6271186440678,17839.999999997235,319.99999999970896,-3979.317073172148
13a_features_tempo_real__w60__adv_delta_spread_minimo_15s_30s__std >= 0.084522817,1,132,66.66666666666666,56,76,-20,2240.000000006694,66,5120.000000003347,-2240.000000006694,1.2461538461540071,0.13395872420263455,77.57575757580828,60.60606060606061,7599.999999998545,10559.9999999984,-4007.6247654856743
13a_features_tempo_real__last__adv_z_pre_15s_spread_medio <= -0.22362902,1,20,10.1010101010101,6,14,-8,2400.000000001455,178,4960.000000008586,-2400.000000001455,1.0815789473685622,-0.030616174582810407,27.865168539374075,57.30337078651685,18159.999999996944,0.0,-4078.3697047511414
13a_features_tempo_real__last__pre_15s_spread_medio <= 1.0616364,1,20,10.1010101010101,6,14,-8,2400.000000001455,178,4960.000000008586,-2400.000000001455,1.0815789473685622,-0.030616174582810407,27.865168539374075,57.30337078651685,18159.999999996944,0.0,-4078.3697047511414
13a_features_tempo_real__w60__adv_z_pre_15s_spread_medio__last <= -0.22362902,1,20,10.1010101010101,6,14,-8,2400.000000001455,178,4960.000000008586,-2400.000000001455,1.0815789473685622,-0.030616174582810407,27.865168539374075,57.30337078651685,18159.999999996944,0.0,-4078.3697047511414
13a_features_tempo_real__w60__pre_15s_spread_medio__last <= 1.0616364,1,20,10.1010101010101,6,14,-8,2400.000000001455,178,4960.000000008586,-2400.000000001455,1.0815789473685622,-0.030616174582810407,27.865168539374075,57.30337078651685,18159.999999996944,0.0,-4078.3697047511414
13a_features_tempo_real__w60__pre_15s_spread_minimo__mean >= 0.72863779,1,178,89.8989898989899,76,102,-26,3040.0000000088767,20,4320.000000001164,-3040.0000000088767,1.9000000000002426,0.78780487804887,216.0000000000582,70.0,1600.0,16559.999999996944,-4087.317073180624
13a_features_tempo_real__w60__adv_delta_spread_minimo_15s_30s__std <= 0.21149263,1,158,79.7979797979798,69,89,-20,3600.000000007276,40,3760.000000002765,-3600.000000007276,1.3615384615387274,0.24934333958735477,94.00000000006912,67.5,2879.9999999995634,15279.99999999738,-4088.3939962557797
13a_features_tempo_real__w60__adv_z_pre_15s_spread_medio__std >= 0.042625433,1,178,89.8989898989899,76,102,-26,3040.0000000088767,20,4320.000000001164,-3040.0000000088767,1.9000000000002426,0.78780487804887,216.0000000000582,70.0,1679.9999999995634,16479.99999999738,-4115.317073180471
13a_features_tempo_real__w60__pre_15s_spread_medio__std >= 0.019359597,1,178,89.8989898989899,76,102,-26,3040.0000000088767,20,4320.000000001164,-3040.0000000088767,1.9000000000002426,0.78780487804887,216.0000000000582,70.0,1679.9999999995634,16479.99999999738,-4115.317073180471
13a_features_tempo_real__w60__adv_ratio_volatilidade_close_pontos_15s_60s__mean >= 0.91269851,1,132,66.66666666666666,57,75,-18,3120.0000000062573,66,4240.0000000037835,-3120.0000000062573,1.2120000000001891,0.09980487804881655,64.24242424248156,62.121212121212125,6479.999999999563,11679.99999999738,-4186.117073177884
13a_features_tempo_real__last__adv_z_pre_15s_spread_medio >= 2.0603842,1,20,10.1010101010101,8,12,-4,3200.0000000007276,178,4160.000000009313,-3200.0000000007276,1.0702702702704276,-0.04192485168094495,23.370786516906254,58.42696629213483,18159.999999996944,0.0,-4225.154911009295
13a_features_tempo_real__last__pre_15s_spread_medio >= 2.0989883,1,20,10.1010101010101,8,12,-4,3200.0000000007276,178,4160.000000009313,-3200.0000000007276,1.0702702702704276,-0.04192485168094495,23.370786516906254,58.42696629213483,18159.999999996944,0.0,-4225.154911009295
13a_features_tempo_real__w60__adv_z_pre_15s_spread_medio__last >= 2.0603842,1,20,10.1010101010101,8,12,-4,3200.0000000007276,178,4160.000000009313,-3200.0000000007276,1.0702702702704276,-0.04192485168094495,23.370786516906254,58.42696629213483,18159.999999996944,0.0,-4225.154911009295
13a_features_tempo_real__w60__pre_15s_spread_medio__last >= 2.0989883,1,20,10.1010101010101,8,12,-4,3200.0000000007276,178,4160.000000009313,-3200.0000000007276,1.0702702702704276,-0.04192485168094495,23.370786516906254,58.42696629213483,18159.999999996944,0.0,-4225.154911009295
13a_features_tempo_real__last__cobertura_15s >= 14,1,72,36.36363636363637,30,42,-12,2400.000000003638,126,4960.000000006403,-2400.000000003638,1.1192307692309231,0.007035647279550528,39.36507936513018,58.730158730158735,14319.999999997526,3839.999999999418,-4255.778611636111
13a_features_tempo_real__w60__adv_z_pre_15s_spread_medio__std >= 0.23267387,1,66,33.33333333333333,27,39,-12,4080.0000000032014,132,3280.0000000068394,-4080.0000000032014,1.07454545454561,-0.0376496674057627,24.84848484853666,58.333333333333336,9759.999999996217,8400.000000000728,-4264.589800446404
13a_features_tempo_real__w60__pre_15s_spread_medio__std >= 0.1056757,1,66,33.33333333333333,27,39,-12,4080.0000000032014,132,3280.0000000068394,-4080.0000000032014,1.07454545454561,-0.0376496674057627,24.84848484853666,58.333333333333336,9759.999999996217,8400.000000000728,-4264.589800446404
13a_features_tempo_real__last__pre_15s_volatilidade_close_pontos >= 302.16228,1,66,33.33333333333333,28,38,-10,3040.000000003056,132,4320.000000006985,-3040.000000003056,1.1000000000001617,-0.012195121951210863,32.72727272732564,59.09090909090909,13839.999999997963,4319.999999998981,-4307.317073174139
13a_features_tempo_real__w60__adv_ratio_volatilidade_close_pontos_15s_60s__max >= 1.420396,1,66,33.33333333333333,27,39,-12,3120.000000003347,132,4240.000000006694,-3120.000000003347,1.0963636363637885,-0.01583148558758407,32.12121212126283,58.333333333333336,12799.99999999709,5359.9999999998545,-4355.498891355948
13a_features_tempo_real__w60__adv_delta_spread_minimo_15s_30s__slope >= 0.0019057638,1,73,36.868686868686865,30,43,-13,3600.000000003638,125,3760.000000006403,-3600.000000003638,1.0903846153847694,-0.021810506566603216,30.08000000005122,58.4,10719.999999998254,7439.99999999869,-4395.086303944058
13a_features_tempo_real__last__adv_z_pre_15s_spread_medio >= 1.1342146,1,79,39.8989898989899,33,46,-13,2880.000000003929,119,4480.000000006112,-2880.000000003929,1.1142857142858702,0.0020905923344975985,37.64705882358077,58.82352941176471,12559.999999997672,5599.999999999272,-4406.745644603485
13a_features_tempo_real__last__pre_15s_spread_medio >= 1.6783411,1,79,39.8989898989899,33,46,-13,2880.000000003929,119,4480.000000006112,-2880.000000003929,1.1142857142858702,0.0020905923344975985,37.64705882358077,58.82352941176471,12559.999999997672,5599.999999999272,-4406.745644603485
13a_features_tempo_real__w60__adv_z_pre_15s_spread_medio__last >= 1.1342146,1,79,39.8989898989899,33,46,-13,2880.000000003929,119,4480.000000006112,-2880.000000003929,1.1142857142858702,0.0020905923344975985,37.64705882358077,58.82352941176471,12559.999999997672,5599.999999999272,-4406.745644603485
13a_features_tempo_real__w60__pre_15s_spread_medio__last >= 1.6783411,1,79,39.8989898989899,33,46,-13,2880.000000003929,119,4480.000000006112,-2880.000000003929,1.1142857142858702,0.0020905923344975985,37.64705882358077,58.82352941176471,12559.999999997672,5599.999999999272,-4406.745644603485
13a_features_tempo_real__w60__adv_ratio_volatilidade_close_pontos_15s_60s__mean <= 0.8960938,1,50,25.252525252525253,19,31,-12,3760.000000002765,148,3600.000000007276,-3760.000000002765,1.0714285714287157,-0.040766550522656875,24.324324324373485,57.432432432432435,11919.999999996071,6240.000000000873,-4430.459930316054
13a_features_tempo_real__w60__adv_delta_spread_minimo_15s_30s__max <= 0.41666667,1,120,60.60606060606061,51,69,-18,2640.0000000059663,78,4720.0000000040745,-2640.0000000059663,1.1903225806453255,0.07812745869395288,60.51282051287275,60.256410256410255,9199.999999998545,8959.9999999984,-4467.123524790155
13a_features_tempo_real__last__pre_60s_bid_size_medio_soma >= 86.083974,1,50,25.252525252525253,21,29,-8,3600.000000002183,148,3760.000000007858,-3600.000000002183,1.07704918032803,-0.035145941623342614,25.4054054054585,58.78378378378378,14399.999999997817,3759.999999999127,-4475.087564976494
13a_features_tempo_real__last__pre_60s_bid_size_medio_soma <= 76.533427,1,99,50.0,41,58,-17,3200.000000005093,99,4160.000000004948,-3200.000000005093,1.1268292682928338,0.014634146341461207,42.02020202025199,58.58585858585859,9039.999999997963,9119.999999998981,-4487.219512200573
13a_features_tempo_real__w60__adv_z_pre_15s_spread_medio__min >= 0.62100842,1,99,50.0,41,58,-17,2240.0000000052387,99,5120.000000004802,-2240.0000000052387,1.1560975609757562,0.04390243902438362,51.717171717220225,58.58585858585859,11839.999999999418,6319.999999997526,-4489.658536591474
13a_features_tempo_real__w60__pre_15s_spread_medio__min >= 1.4452534,1,99,50.0,41,58,-17,2240.0000000052387,99,5120.000000004802,-2240.0000000052387,1.1560975609757562,0.04390243902438362,51.717171717220225,58.58585858585859,11839.999999999418,6319.999999997526,-4489.658536591474
13a_features_tempo_real__w60__adv_z_pre_15s_spread_medio__delta <= 0,1,100,50.505050505050505,41,59,-18,2480.000000005384,98,4880.000000004657,-2480.000000005384,1.14878048780502,0.03658536585364747,49.79591836739446,58.16326530612245,10719.999999998254,7439.99999999869,-4524.048780493654
13a_features_tempo_real__w60__pre_15s_spread_medio__delta <= 0,1,100,50.505050505050505,41,59,-18,2480.000000005384,98,4880.000000004657,-2480.000000005384,1.14878048780502,0.03658536585364747,49.79591836739446,58.16326530612245,10719.999999998254,7439.99999999869,-4524.048780493654
13a_features_tempo_real__last__cobertura_30s >= 25,1,116,58.58585858585859,50,66,-16,2720.0000000055297,82,4640.000000004511,-2720.0000000055297,1.1812500000001762,0.06905487804880361,56.58536585371355,60.97560975609756,10319.999999998254,7839.99999999869,-4546.567073176706
13a_features_tempo_real__w60__adv_z_pre_15s_spread_medio__min >= 0.76020597,1,79,39.8989898989899,33,46,-13,2880.000000003929,119,4480.000000006112,-2880.000000003929,1.1142857142858702,0.0020905923344975985,37.64705882358077,58.82352941176471,12959.9999999984,5199.999999998545,-4546.7456446037395
13a_features_tempo_real__w60__pre_15s_spread_medio__min >= 1.508474,1,79,39.8989898989899,33,46,-13,2880.000000003929,119,4480.000000006112,-2880.000000003929,1.1142857142858702,0.0020905923344975985,37.64705882358077,58.82352941176471,12959.9999999984,5199.999999998545,-4546.7456446037395
13a_features_tempo_real__last__cobertura_30s <= 23,1,58,29.292929292929294,22,36,-14,2560.0000000034925,140,4800.000000006548,-2560.0000000034925,1.1000000000001364,-0.012195121951236176,34.28571428576106,57.14285714285714,14399.999999999272,3759.9999999976717,-4547.317073175049
13a_features_tempo_real__w60__adv_z_pre_15s_spread_medio__mean >= 1.1960342,1,66,33.33333333333333,27,39,-12,2160.0000000034925,132,5200.000000006548,-2160.0000000034925,1.118181818181967,0.005986696230594335,39.393939393989,58.333333333333336,16159.999999997672,1999.9999999992724,-4558.40798226539
13a_features_tempo_real__w60__pre_15s_spread_medio__mean >= 1.7064183,1,66,33.33333333333333,27,39,-12,2160.0000000034925,132,5200.000000006548,-2160.0000000034925,1.118181818181967,0.005986696230594335,39.393939393989,58.333333333333336,16159.999999997672,1999.9999999992724,-4558.40798226539
13a_features_tempo_real__w60__adv_z_pre_15s_spread_medio__delta >= 0.39727499,1,40,20.2020202020202,17,23,-6,4400.000000001455,158,2960.0000000085856,-4400.000000001455,1.056923076923242,-0.055272045028130545,18.734177215244213,58.86075949367089,13759.999999996944,4400.0,-4563.163227018334
13a_features_tempo_real__w60__pre_15s_spread_medio__delta >= 0.18043415,1,40,20.2020202020202,17,23,-6,4400.000000001455,158,2960.0000000085856,-4400.000000001455,1.056923076923242,-0.055272045028130545,18.734177215244213,58.86075949367089,13759.999999996944,4400.0,-4563.163227018334
13a_features_tempo_real__w60__adv_ratio_volatilidade_close_pontos_15s_60s__std <= 0.16123076,1,66,33.33333333333333,27,39,-12,3120.000000003347,132,4240.000000006694,-3120.000000003347,1.0963636363637885,-0.01583148558758407,32.12121212126283,58.333333333333336,13439.999999997235,4719.999999999709,-4579.498891355999
13a_features_tempo_real__w60__adv_ratio_volatilidade_close_pontos_15s_60s__max >= 1.3161931,1,148,74.74747474747475,62,86,-24,2720.0000000077125,50,4640.000000002328,-2720.0000000077125,1.2900000000001455,0.17780487804877287,92.80000000004657,60.0,5279.999999998836,12879.999999998108,-4581.317073179111
13a_features_tempo_real__last__pre_15s_volatilidade_close_pontos <= 410.2945,1,178,89.8989898989899,75,103,-28,3120.0000000091677,20,4240.000000000873,-3120.0000000091677,1.757142857143013,0.6449477351916404,212.00000000004366,65.0,1600.0,16559.999999996944,-4583.031358895252
13a_features_tempo_real__w60__pre_15s_spread_minimo__max <= 1.2250714,1,66,33.33333333333333,26,40,-14,3200.000000003638,132,4160.000000006403,-3200.000000003638,1.0928571428572857,-0.019337979094086855,31.51515151520002,57.57575757575758,12319.999999997526,5839.999999999418,-4599.602787460294
13a_features_tempo_real__last__pre_15s_volatilidade_close_pontos <= 281.28765,1,119,60.1010101010101,48,71,-23,2640.000000006694,79,4720.000000003347,-2640.000000006694,1.173529411764829,0.061334289813456344,59.74683544308034,56.9620253164557,7279.999999999563,10879.99999999738,-4613.199426119538
13a_features_tempo_real__last__cobertura_30s <= 25,1,110,55.55555555555556,46,64,-18,3520.0000000055297,88,3840.000000004511,-3520.0000000055297,1.13333333333349,0.021138211382117467,43.6363636364149,59.09090909090909,7519.999999998981,10639.999999997963,-4623.317073176972
13a_features_tempo_real__w60__adv_z_pre_15s_spread_medio__min <= 0.40719685,1,79,39.8989898989899,33,46,-13,3840.0000000037835,119,3520.0000000062573,-3840.0000000037835,1.0897959183675066,-0.022399203583866045,29.57983193282569,58.82352941176471,10399.99999999709,7759.9999999998545,-4625.4395221541545
13a_features_tempo_real__w60__pre_15s_spread_medio__min <= 1.3481445,1,79,39.8989898989899,33,46,-13,3840.0000000037835,119,3520.0000000062573,-3840.0000000037835,1.0897959183675066,-0.022399203583866045,29.57983193282569,58.82352941176471,10399.99999999709,7759.9999999998545,-4625.4395221541545
13a_features_tempo_real__w60__adv_delta_spread_minimo_15s_30s__max <= 0.25,1,74,37.37373737373738,30,44,-14,2880.000000003929,124,4480.000000006112,-2880.000000003929,1.1076923076924545,-0.004502814258918075,36.1290322581138,58.06451612903226,12959.9999999984,5199.999999998545,-4630.7016885597895
13a_features_tempo_real__w60__adv_ratio_volatilidade_close_pontos_15s_60s__min >= 1.0583171,1,20,10.1010101010101,7,13,-6,3280.0000000010186,178,4080.000000009022,-3280.0000000010186,1.0680000000001504,-0.044195121951222216,22.92134831465743,57.865168539325836,18159.999999996217,7.275957614183426e-10,-4636.517073171497
13a_features_tempo_real__last__cobertura_60s >= 49,1,115,58.080808080808076,47,68,-21,2720.0000000062573,83,4640.0000000037835,-2720.0000000062573,1.165714285714421,0.05351916376304833,55.90361445787691,57.831325301204814,8319.999999998254,9839.99999999869,-4663.8885017488865
13a_features_tempo_real__last__cobertura_60s >= 47,1,145,73.23232323232324,61,84,-23,3040.0000000074215,53,4320.000000002619,-3040.0000000074215,1.257142857143013,0.1449477351916404,81.50943396231358,60.37735849056604,5199.999999998545,12959.9999999984,-4677.031358892997
13a_features_tempo_real__w60__adv_z_pre_15s_spread_medio__first >= 1.1182435,1,79,39.8989898989899,35,44,-9,2720.000000003347,119,4640.000000006694,-2720.000000003347,1.1234042553193269,0.01120913336795426,38.99159663871171,60.50420168067227,15759.999999996944,2400.0,-4701.274519982575
13a_features_tempo_real__w60__pre_15s_spread_medio__first >= 1.6710873,1,79,39.8989898989899,35,44,-9,2720.000000003347,119,4640.000000006694,-2720.000000003347,1.1234042553193269,0.01120913336795426,38.99159663871171,60.50420168067227,15759.999999996944,2400.0,-4701.274519982575
13a_features_tempo_real__last__pre_60s_volatilidade_close_pontos >= 147.42478,1,158,79.7979797979798,68,90,-22,3680.000000007567,40,3680.000000002474,-3680.000000007567,1.3285714285716494,0.21637630662027685,92.00000000006185,65.0,3519.999999999709,14639.999999997235,-4742.174216036368
13a_features_tempo_real__last__pre_15s_volatilidade_close_pontos >= 231.35052,1,132,66.66666666666666,57,75,-18,4080.000000006112,66,3280.000000003929,-4080.000000006112,1.1640000000001964,0.05180487804882383,49.696969697029225,62.121212121212125,5519.999999998254,12639.99999999869,-4838.917073177276
13a_features_tempo_real__last__adv_z_pre_15s_spread_medio >= 1.4421382,1,50,25.252525252525253,21,29,-8,3600.000000002183,148,3760.000000007858,-3600.000000002183,1.07704918032803,-0.035145941623342614,25.4054054054585,58.78378378378378,15679.99999999738,2479.9999999995634,-4923.087564976341
13a_features_tempo_real__last__pre_15s_spread_medio >= 1.8181937,1,50,25.252525252525253,21,29,-8,3600.000000002183,148,3760.000000007858,-3600.000000002183,1.07704918032803,-0.035145941623342614,25.4054054054585,58.78378378378378,15679.99999999738,2479.9999999995634,-4923.087564976341
13a_features_tempo_real__w60__adv_z_pre_15s_spread_medio__last >= 1.4421382,1,50,25.252525252525253,21,29,-8,3600.000000002183,148,3760.000000007858,-3600.000000002183,1.07704918032803,-0.035145941623342614,25.4054054054585,58.78378378378378,15679.99999999738,2479.9999999995634,-4923.087564976341
13a_features_tempo_real__w60__pre_15s_spread_medio__last >= 1.8181937,1,50,25.252525252525253,21,29,-8,3600.000000002183,148,3760.000000007858,-3600.000000002183,1.07704918032803,-0.035145941623342614,25.4054054054585,58.78378378378378,15679.99999999738,2479.9999999995634,-4923.087564976341
13a_features_tempo_real__w60__adv_delta_spread_minimo_15s_30s__std <= 0.15254236,1,132,66.66666666666666,57,75,-18,3120.0000000062573,66,4240.0000000037835,-3120.0000000062573,1.2120000000001891,0.09980487804881655,64.24242424248156,62.121212121212125,8639.99999999869,9519.999999998254,-4942.117073177578
13a_features_tempo_real__w60__pre_15s_spread_minimo__mean <= 1.1666667,1,120,60.60606060606061,51,69,-18,3600.0000000058208,78,3760.00000000422,-3600.0000000058208,1.1516129032259765,0.039417781274603936,48.205128205182305,60.256410256410255,7759.999999999127,10399.999999997817,-4946.349331241823
13a_features_tempo_real__w60__adv_delta_spread_minimo_15s_30s__std >= 0.18216368,1,50,25.252525252525253,18,32,-14,2880.0000000032014,148,4480.000000006839,-2880.0000000032014,1.0875000000001336,-0.02469512195123902,30.270270270316484,56.75675675675676,15119.999999998254,3039.9999999986903,-4990.817073174403
13a_features_tempo_real__last__preco >= 28062.425,1,20,10.1010101010101,6,14,-8,3360.0000000013097,178,4000.000000008731,-3360.0000000013097,1.065789473684354,-0.04640564826701854,22.4719101124086,57.30337078651685,18159.999999996944,0.0,-5047.843388961521
13a_features_tempo_real__w60__pre_15s_spread_minimo__max >= 1.25,1,130,65.65656565656566,56,74,-18,3680.000000006112,68,3680.000000003929,-3680.000000006112,1.176923076923266,0.06472795497189332,54.11764705888131,61.76470588235294,7519.999999998981,10639.999999997963,-5097.16322702369
13a_features_tempo_real__last__pre_30s_spread_minimo >= 0.75,1,168,84.84848484848484,71,97,-26,3920.00000000844,30,3440.0000000016007,-3920.00000000844,1.3909090909092727,0.2787139689579001,114.66666666672002,63.33333333333333,1600.0,16559.999999996944,-5102.77161863477
13a_features_tempo_real__last__cobertura_30s >= 23,1,161,81.31313131313132,68,93,-25,3440.000000008149,37,3920.0000000018917,-3440.000000008149,1.3500000000001688,0.23780487804879624,105.94594594599707,62.16216216216216,4319.999999999709,13839.999999997235,-5315.317073179838
13a_features_tempo_real__w60__pre_15s_spread_minimo__max <= 1,1,43,21.71717171717172,15,28,-13,3360.000000002765,155,4000.000000007276,-3360.000000002765,1.0746268656717775,-0.03756825627959515,25.806451612950166,56.774193548387096,15679.99999999738,2479.9999999995634,-5390.540953770675
13a_features_tempo_real__w60__pre_15s_spread_minimo__max <= 1.3333333,1,100,50.505050505050505,41,59,-18,3440.0000000052387,98,3920.000000004802,-3440.0000000052387,1.1195121951220977,0.0073170731707250525,40.000000000049,58.16326530612245,10479.999999998836,7679.999999998108,-5417.609756103466
13a_features_tempo_real__w60__adv_delta_spread_minimo_15s_30s__max >= 0.41666667,1,80,40.4040404040404,32,48,-16,4160.00000000422,118,3200.0000000058208,-4160.00000000422,1.0800000000001455,-0.03219512195122709,27.11864406784594,57.6271186440678,10319.999999998254,7839.99999999869,-5435.317073175414
13a_features_tempo_real__last__preco <= 28062.425,1,178,89.8989898989899,76,102,-26,4000.000000008731,20,3360.0000000013097,-4000.000000008731,1.7000000000002728,0.5878048780489002,168.00000000006548,70.0,2399.9999999992724,15759.999999997672,-5447.317073180206
13a_features_tempo_real__last__pre_15s_volatilidade_close_pontos <= 231.35052,1,66,33.33333333333333,25,41,-16,3280.000000003929,132,4080.000000006112,-3280.000000003929,1.0894736842106603,-0.022721437740712336,30.90909090913721,56.81818181818182,13759.999999997672,4399.999999999272,-5515.632862648611
13a_features_tempo_real__w60__adv_ratio_volatilidade_close_pontos_15s_60s__mean >= 0.8960938,1,148,74.74747474747475,63,85,-22,3600.000000007276,50,3760.000000002765,-3600.000000007276,1.2473684210528135,0.13517329910144094,75.2000000000553,62.0,6319.999999999709,11839.999999997235,-5520.8960205473795
13a_features_tempo_real__w60__adv_z_pre_15s_spread_medio__min >= 1.0320023,1,50,25.252525252525253,21,29,-8,3600.000000002183,148,3760.000000007858,-3600.000000002183,1.07704918032803,-0.035145941623342614,25.4054054054585,58.78378378378378,17439.999999997963,719.9999999989814,-5539.087564976545
13a_features_tempo_real__w60__pre_15s_spread_medio__min >= 1.6319184,1,50,25.252525252525253,21,29,-8,3600.000000002183,148,3760.000000007858,-3600.000000002183,1.07704918032803,-0.035145941623342614,25.4054054054585,58.78378378378378,17439.999999997963,719.9999999989814,-5539.087564976545
13a_features_tempo_real__last__pre_60s_volatilidade_close_pontos <= 147.42478,1,40,20.2020202020202,14,26,-12,3680.000000002474,158,3680.000000007567,-3680.000000002474,1.0676470588236686,-0.044548063127703985,23.291139240554223,56.9620253164557,15839.999999997235,2319.999999999709,-5554.728837879198
13a_features_tempo_real__w60__adv_delta_spread_minimo_15s_30s__first >= 0.027142857,1,79,39.8989898989899,33,46,-13,2880.000000003929,119,4480.000000006112,-2880.000000003929,1.1142857142858702,0.0020905923344975985,37.64705882358077,58.82352941176471,15919.999999997526,2239.999999999418,-5582.745644603434
13a_features_tempo_real__w60__adv_delta_spread_minimo_15s_30s__std <= 0.18216368,1,148,74.74747474747475,64,84,-20,4480.000000006839,50,2880.0000000032014,-4480.000000006839,1.2000000000002222,0.08780487804884962,57.60000000006403,64.0,4879.999999999563,13279.99999999738,-5595.317073178447
13a_features_tempo_real__last__pre_60s_bid_size_medio_soma >= 84.04762,1,66,33.33333333333333,27,39,-12,4080.0000000032014,132,3280.0000000068394,-4080.0000000032014,1.07454545454561,-0.0376496674057627,24.84848484853666,58.333333333333336,13599.99999999709,4559.9999999998545,-5608.58980044671
13a_features_tempo_real__w60__pre_15s_spread_minimo__mean <= 1.2052622,1,132,66.66666666666666,55,77,-22,4240.000000006694,66,3120.000000003347,-4240.000000006694,1.1444444444445994,0.03224932249322676,47.272727272777985,59.09090909090909,5359.999999999127,12799.999999997817,-5614.650406511522
13a_features_tempo_real__w60__adv_ratio_volatilidade_close_pontos_15s_60s__slope <= -0.00030046546,1,46,23.232323232323232,18,28,-10,4800.000000002183,152,2560.000000007858,-4800.000000002183,1.0500000000001535,-0.06219512195121912,16.842105263209593,57.89473684210527,13439.999999997235,4719.999999999709,-5617.317073173016
13a_features_tempo_real__last__adv_z_pre_15s_spread_medio <= 1.1342146,1,119,60.1010101010101,49,70,-21,4480.000000006112,79,2880.000000003929,-4480.000000006112,1.109090909091058,-0.0031042128603147034,36.45569620258138,58.22784810126582,5759.999999998399,12399.999999998545,-5629.86252772281
13a_features_tempo_real__last__pre_15s_spread_medio <= 1.6783411,1,119,60.1010101010101,49,70,-21,4480.000000006112,79,2880.000000003929,-4480.000000006112,1.109090909091058,-0.0031042128603147034,36.45569620258138,58.22784810126582,5759.999999998399,12399.999999998545,-5629.86252772281
13a_features_tempo_real__w60__adv_z_pre_15s_spread_medio__last <= 1.1342146,1,119,60.1010101010101,49,70,-21,4480.000000006112,79,2880.000000003929,-4480.000000006112,1.109090909091058,-0.0031042128603147034,36.45569620258138,58.22784810126582,5759.999999998399,12399.999999998545,-5629.86252772281
13a_features_tempo_real__w60__pre_15s_spread_medio__last <= 1.6783411,1,119,60.1010101010101,49,70,-21,4480.000000006112,79,2880.000000003929,-4480.000000006112,1.109090909091058,-0.0031042128603147034,36.45569620258138,58.22784810126582,5759.999999998399,12399.999999998545,-5629.86252772281
13a_features_tempo_real__last__pre_15s_volatilidade_close_pontos >= 410.2945,1,20,10.1010101010101,7,13,-6,4240.000000000873,178,3120.0000000091677,-4240.000000000873,1.0520000000001528,-0.06019512195121979,17.528089887691955,57.865168539325836,18399.99999999709,-240.00000000014552,-5690.117073171656
13a_features_tempo_real__w60__adv_z_pre_15s_spread_medio__delta <= 0.39727499,1,158,79.7979797979798,65,93,-28,2960.0000000085856,40,4400.000000001455,-2960.0000000085856,1.3235294117648129,0.21133428981344027,110.00000000003638,57.49999999999999,5519.999999999709,12639.999999997235,-5715.1994261214895
13a_features_tempo_real__w60__pre_15s_spread_medio__delta <= 0.18043415,1,158,79.7979797979798,65,93,-28,2960.0000000085856,40,4400.000000001455,-2960.0000000085856,1.3235294117648129,0.21133428981344027,110.00000000003638,57.49999999999999,5519.999999999709,12639.999999997235,-5715.1994261214895
13a_features_tempo_real__last__adv_z_pre_15s_spread_medio <= 1.4421382,1,148,74.74747474747475,61,87,-26,3760.000000007858,50,3600.000000002183,-3760.000000007858,1.2142857142858443,0.10209059233447171,72.00000000004366,57.99999999999999,4479.999999999563,13679.99999999738,-5716.745644608092
13a_features_tempo_real__last__pre_15s_spread_medio <= 1.8181937,1,148,74.74747474747475,61,87,-26,3760.000000007858,50,3600.000000002183,-3760.000000007858,1.2142857142858443,0.10209059233447171,72.00000000004366,57.99999999999999,4479.999999999563,13679.99999999738,-5716.745644608092
13a_features_tempo_real__w60__adv_z_pre_15s_spread_medio__min <= 1.0320023,1,148,74.74747474747475,61,87,-26,3760.000000007858,50,3600.000000002183,-3760.000000007858,1.2142857142858443,0.10209059233447171,72.00000000004366,57.99999999999999,4479.999999999563,13679.99999999738,-5716.745644608092
13a_features_tempo_real__w60__adv_z_pre_15s_spread_medio__last <= 1.4421382,1,148,74.74747474747475,61,87,-26,3760.000000007858,50,3600.000000002183,-3760.000000007858,1.2142857142858443,0.10209059233447171,72.00000000004366,57.99999999999999,4479.999999999563,13679.99999999738,-5716.745644608092
13a_features_tempo_real__w60__pre_15s_spread_medio__min <= 1.6319184,1,148,74.74747474747475,61,87,-26,3760.000000007858,50,3600.000000002183,-3760.000000007858,1.2142857142858443,0.10209059233447171,72.00000000004366,57.99999999999999,4479.999999999563,13679.99999999738,-5716.745644608092
13a_features_tempo_real__w60__pre_15s_spread_medio__last <= 1.8181937,1,148,74.74747474747475,61,87,-26,3760.000000007858,50,3600.000000002183,-3760.000000007858,1.2142857142858443,0.10209059233447171,72.00000000004366,57.99999999999999,4479.999999999563,13679.99999999738,-5716.745644608092
13a_features_tempo_real__w60__pre_15s_spread_minimo__mean >= 1.2052622,1,66,33.33333333333333,27,39,-12,3120.000000003347,132,4240.000000006694,-3120.000000003347,1.0963636363637885,-0.01583148558758407,32.12121212126283,58.333333333333336,16719.999999998254,1439.9999999986903,-5727.498891356356
13a_features_tempo_real__w60__pre_15s_spread_minimo__mean <= 0.72863779,1,20,10.1010101010101,6,14,-8,4320.000000001164,178,3040.0000000088767,-4320.000000001164,1.050000000000146,-0.06219512195122667,17.078651685443127,57.30337078651685,17359.999999996944,800.0,-5737.3170731719
13a_features_tempo_real__w60__adv_delta_spread_minimo_15s_30s__delta <= -0.0625,1,52,26.262626262626267,20,32,-12,3200.0000000029104,146,4160.00000000713,-3200.0000000029104,1.0838709677420792,-0.02832415420929335,28.493150684980346,57.534246575342465,17199.999999997817,959.9999999991269,-5744.994492528792
13a_features_tempo_real__w60__pre_15s_spread_minimo__max >= 1.75,1,33,16.666666666666664,12,21,-9,4080.0000000017462,165,3280.0000000082946,-4080.0000000017462,1.0585714285715766,-0.053623693379796,19.87878787883815,57.57575757575758,17039.999999997235,1119.999999999709,-5766.174216029725
13a_features_tempo_real__w60__adv_z_pre_15s_spread_medio__min <= 0.76020597,1,119,60.1010101010101,49,70,-21,4480.000000006112,79,2880.000000003929,-4480.000000006112,1.109090909091058,-0.0031042128603147034,36.45569620258138,58.22784810126582,6159.999999999127,11999.999999997817,-5769.862527723065
13a_features_tempo_real__w60__pre_15s_spread_medio__min <= 1.508474,1,119,60.1010101010101,49,70,-21,4480.000000006112,79,2880.000000003929,-4480.000000006112,1.109090909091058,-0.0031042128603147034,36.45569620258138,58.22784810126582,6159.999999999127,11999.999999997817,-5769.862527723065
13a_features_tempo_real__w60__adv_delta_spread_minimo_15s_30s__std <= 0.09928787,1,79,39.8989898989899,33,46,-13,3840.0000000037835,119,3520.0000000062573,-3840.0000000037835,1.0897959183675066,-0.022399203583866045,29.57983193282569,58.82352941176471,13999.99999999709,4159.9999999998545,-5885.4395221541545
13a_features_tempo_real__w60__adv_ratio_volatilidade_close_pontos_15s_60s__mean <= 0.91269851,1,66,33.33333333333333,25,41,-16,4240.0000000037835,132,3120.0000000062573,-4240.0000000037835,1.0684210526317162,-0.04377406931965644,23.63636363641104,56.81818181818182,12079.999999998108,6079.999999998836,-5900.264441595985
13a_features_tempo_real__last__pre_60s_bid_size_medio_soma >= 76.533427,1,99,50.0,41,58,-17,4160.000000004948,99,3200.000000005093,-4160.000000004948,1.0975609756099114,-0.014634146341461207,32.32323232328377,58.58585858585859,10319.999999997526,7839.999999999418,-5912.780487810028
13a_features_tempo_real__last__cobertura_60s <= 46,1,53,26.767676767676768,21,32,-11,4320.000000002619,145,3040.0000000074215,-4320.000000002619,1.062295081967365,-0.049900039984007494,20.965517241430494,57.931034482758626,14879.999999998836,3279.9999999981083,-5917.940023993686
13a_features_tempo_real__w60__adv_ratio_volatilidade_close_pontos_15s_60s__min <= 1.0583171,1,178,89.8989898989899,75,103,-28,4080.000000009022,20,3280.0000000010186,-4080.000000009022,1.5857142857144677,0.4735191637630951,164.00000000005093,65.0,2400.0,15759.999999996944,-5925.888501752235
13a_features_tempo_real__w60__adv_delta_spread_minimo_15s_30s__std >= 0.15254236,1,66,33.33333333333333,25,41,-16,4240.0000000037835,132,3120.0000000062573,-4240.0000000037835,1.0684210526317162,-0.04377406931965644,23.63636363641104,56.81818181818182,12159.9999999984,5999.999999998545,-5928.264441596087
13a_features_tempo_real__last__pre_60s_bid_size_medio_soma <= 84.04762,1,132,66.66666666666666,55,77,-22,3280.0000000068394,66,4080.0000000032014,-3280.0000000068394,1.1888888888890372,0.07669376693766461,61.81818181823032,59.09090909090909,9119.999999998981,9039.999999997963,-5943.983739844954
13a_features_tempo_real__w60__adv_z_pre_15s_spread_medio__min >= 0.40719685,1,119,60.1010101010101,49,70,-21,3520.0000000062573,79,3840.0000000037835,-3520.0000000062573,1.1454545454546887,0.03325942350331612,48.607594936756755,58.22784810126582,9519.999999998981,8639.999999997963,-5964.04434590498
13a_features_tempo_real__w60__pre_15s_spread_medio__min >= 1.3481445,1,119,60.1010101010101,49,70,-21,3520.0000000062573,79,3840.0000000037835,-3520.0000000062573,1.1454545454546887,0.03325942350331612,48.607594936756755,58.22784810126582,9519.999999998981,8639.999999997963,-5964.04434590498
13a_features_tempo_real__w60__adv_z_pre_15s_spread_medio__min <= 0.62100842,1,99,50.0,41,58,-17,5120.000000004802,99,2240.0000000052387,-5120.000000004802,1.068292682926989,-0.04390243902438362,22.626262626315544,58.58585858585859,7759.999999997672,10399.999999999272,-5994.341463419687
13a_features_tempo_real__w60__pre_15s_spread_medio__min <= 1.4452534,1,99,50.0,41,58,-17,5120.000000004802,99,2240.0000000052387,-5120.000000004802,1.068292682926989,-0.04390243902438362,22.626262626315544,58.58585858585859,7759.999999997672,10399.999999999272,-5994.341463419687
13a_features_tempo_real__w60__adv_ratio_volatilidade_close_pontos_15s_60s__std >= 0.16123076,1,132,66.66666666666666,55,77,-22,4240.000000006694,66,3120.000000003347,-4240.000000006694,1.1444444444445994,0.03224932249322676,47.272727272777985,59.09090909090909,6479.999999998108,11679.999999998836,-6006.650406511166
13a_features_tempo_real__w60__pre_15s_spread_minimo__max >= 1.2250714,1,132,66.66666666666666,56,76,-20,4160.000000006403,66,3200.000000003638,-4160.000000006403,1.1538461538463287,0.041651031894956114,48.48484848490361,60.60606060606061,7759.999999999127,10399.999999997817,-6039.009380870193
13a_features_tempo_real__last__cobertura_30s >= 24,1,140,70.70707070707071,60,80,-20,4800.000000006548,58,2560.0000000034925,-4800.000000006548,1.1454545454547438,0.03325942350337119,44.13793103454297,62.06896551724138,5759.999999999127,12399.999999997817,-6120.044345905289
13a_features_tempo_real__last__cobertura_30s >= 26,1,88,44.44444444444444,36,52,-16,3840.000000004511,110,3520.0000000055297,-3840.000000004511,1.0956521739131937,-0.016542948038178906,32.00000000005027,58.18181818181818,12959.999999997672,5199.999999999272,-6165.925768827674
13a_features_tempo_real__w60__adv_z_pre_15s_spread_medio__std <= 0.23267387,1,132,66.66666666666666,55,77,-22,3280.0000000068394,66,4080.0000000032014,-3280.0000000068394,1.1888888888890372,0.07669376693766461,61.81818181823032,59.09090909090909,9839.999999999418,8319.999999997526,-6195.983739845106
13a_features_tempo_real__w60__pre_15s_spread_medio__std <= 0.1056757,1,132,66.66666666666666,55,77,-22,3280.0000000068394,66,4080.0000000032014,-3280.0000000068394,1.1888888888890372,0.07669376693766461,61.81818181823032,59.09090909090909,9839.999999999418,8319.999999997526,-6195.983739845106
13a_features_tempo_real__last__cobertura_60s >= 51,1,81,40.909090909090914,32,49,-17,3440.000000004511,117,3920.0000000055297,-3440.000000004511,1.0980000000001382,-0.014195121951234402,33.504273504320764,57.26495726495726,14079.999999998108,4079.999999998836,-6202.517073175659
13a_features_tempo_real__last__adv_z_pre_15s_spread_medio >= -0.22362902,1,178,89.8989898989899,76,102,-26,4960.000000008586,20,2400.000000001455,-4960.000000008586,1.500000000000303,0.3878048780489305,120.00000000007276,70.0,1600.0,16559.999999996944,-6247.317073180297
13a_features_tempo_real__last__pre_15s_spread_medio >= 1.0616364,1,178,89.8989898989899,76,102,-26,4960.000000008586,20,2400.000000001455,-4960.000000008586,1.500000000000303,0.3878048780489305,120.00000000007276,70.0,1600.0,16559.999999996944,-6247.317073180297
13a_features_tempo_real__w60__adv_z_pre_15s_spread_medio__last >= -0.22362902,1,178,89.8989898989899,76,102,-26,4960.000000008586,20,2400.000000001455,-4960.000000008586,1.500000000000303,0.3878048780489305,120.00000000007276,70.0,1600.0,16559.999999996944,-6247.317073180297
13a_features_tempo_real__w60__pre_15s_spread_medio__last >= 1.0616364,1,178,89.8989898989899,76,102,-26,4960.000000008586,20,2400.000000001455,-4960.000000008586,1.500000000000303,0.3878048780489305,120.00000000007276,70.0,1600.0,16559.999999996944,-6247.317073180297
13a_features_tempo_real__last__adv_z_pre_15s_spread_medio <= 2.0603842,1,178,89.8989898989899,74,104,-30,4160.000000009313,20,3200.0000000007276,-4160.000000009313,1.5000000000001137,0.3878048780487411,160.00000000003638,60.0,2000.0,16159.999999996944,-6247.317073181139
13a_features_tempo_real__last__pre_15s_spread_medio <= 2.0989883,1,178,89.8989898989899,74,104,-30,4160.000000009313,20,3200.0000000007276,-4160.000000009313,1.5000000000001137,0.3878048780487411,160.00000000003638,60.0,2000.0,16159.999999996944,-6247.317073181139
13a_features_tempo_real__w60__adv_z_pre_15s_spread_medio__last <= 2.0603842,1,178,89.8989898989899,74,104,-30,4160.000000009313,20,3200.0000000007276,-4160.000000009313,1.5000000000001137,0.3878048780487411,160.00000000003638,60.0,2000.0,16159.999999996944,-6247.317073181139
13a_features_tempo_real__w60__pre_15s_spread_medio__last <= 2.0989883,1,178,89.8989898989899,74,104,-30,4160.000000009313,20,3200.0000000007276,-4160.000000009313,1.5000000000001137,0.3878048780487411,160.00000000003638,60.0,2000.0,16159.999999996944,-6247.317073181139
13a_features_tempo_real__w60__adv_delta_spread_minimo_15s_30s__delta >= -0.0625,1,149,75.25252525252525,63,86,-23,4800.000000007276,49,2560.000000002765,-4800.000000007276,1.1684210526317609,0.05622593068038828,52.2448979592401,61.224489795918366,4319.999999999709,13839.999999997235,-6250.264441600011
13a_features_tempo_real__last__cobertura_60s <= 48,1,83,41.91919191919192,35,48,-13,4640.0000000037835,115,2720.0000000062573,-4640.0000000037835,1.0723404255320814,-0.03985469641929118,23.65217391309789,59.130434782608695,12639.999999997963,5519.999999998981,-6287.912817855715
13a_features_tempo_real__w60__adv_delta_spread_minimo_15s_30s__std >= 0.21149263,1,40,20.2020202020202,13,27,-14,3760.000000002765,158,3600.000000007276,-3760.000000002765,1.0652173913044796,-0.046977730646893034,22.78481012662833,56.32911392405063,16799.999999997817,1359.9999999991269,-6302.186638391206
13a_features_tempo_real__w60__adv_z_pre_15s_spread_medio__mean >= 1.5929134,1,40,20.2020202020202,15,25,-10,4560.000000002037,158,2800.0000000080036,-4560.000000002037,1.0522388059702985,-0.05995631598107409,17.72151898739243,57.59493670886076,16399.999999997817,1759.9999999991269,-6309.9737895909875
13a_features_tempo_real__w60__pre_15s_spread_medio__mean >= 1.8866726,1,40,20.2020202020202,15,25,-10,4560.000000002037,158,2800.0000000080036,-4560.000000002037,1.0522388059702985,-0.05995631598107409,17.72151898739243,57.59493670886076,16399.999999997817,1759.9999999991269,-6309.9737895909875
13a_features_tempo_real__w60__adv_z_pre_15s_spread_medio__std <= 0.042625433,1,20,10.1010101010101,6,14,-8,4320.000000001164,178,3040.0000000088767,-4320.000000001164,1.050000000000146,-0.06219512195122667,17.078651685443127,57.30337078651685,19119.999999997526,-960.0000000005821,-6353.317073172104
13a_features_tempo_real__w60__pre_15s_spread_medio__std <= 0.019359597,1,20,10.1010101010101,6,14,-8,4320.000000001164,178,3040.0000000088767,-4320.000000001164,1.050000000000146,-0.06219512195122667,17.078651685443127,57.30337078651685,19119.999999997526,-960.0000000005821,-6353.317073172104
13a_features_tempo_real__w60__adv_delta_spread_minimo_15s_30s__std >= 0.09928787,1,119,60.1010101010101,49,70,-21,3520.0000000062573,79,3840.0000000037835,-3520.0000000062573,1.1454545454546887,0.03325942350331612,48.607594936756755,58.22784810126582,10719.999999998254,7439.99999999869,-6384.044345904726
13a_features_tempo_real__w60__adv_z_pre_15s_spread_medio__std <= 0.19084646,1,99,50.0,40,59,-19,4240.000000005239,99,3120.000000004802,-4240.000000005239,1.0928571428572857,-0.019337979094086855,31.51515151520002,57.57575757575758,10559.9999999984,7599.999999998545,-6409.6027874622
13a_features_tempo_real__w60__pre_15s_spread_medio__std <= 0.086678545,1,99,50.0,40,59,-19,4240.000000005239,99,3120.000000004802,-4240.000000005239,1.0928571428572857,-0.019337979094086855,31.51515151520002,57.57575757575758,10559.9999999984,7599.999999998545,-6409.6027874622
13a_features_tempo_real__w60__adv_ratio_volatilidade_close_pontos_15s_60s__slope >= 0.0050930797,1,92,46.464646464646464,37,55,-18,4720.000000004802,106,2640.0000000052387,-4720.000000004802,1.073333333333479,-0.03886178861789369,24.905660377407912,57.54716981132076,9999.999999998545,8159.999999998399,-6421.317073176098
13a_features_tempo_real__w60__adv_ratio_volatilidade_close_pontos_15s_60s__min <= 0.43267144,1,20,10.1010101010101,6,14,-8,5280.000000001019,178,2080.000000009022,-5280.000000001019,1.0342105263159378,-0.0779845956354348,11.685393258477653,57.30337078651685,16559.999999996944,1600.0,-6426.7907573822795
13a_features_tempo_real__last__cobertura_30s >= 30,1,23,11.616161616161616,8,15,-7,4880.000000001019,175,2480.000000009022,-4880.000000001019,1.0418918918920443,-0.07030323005932826,14.171428571480126,57.714285714285715,18159.999999996944,0.0,-6468.181938036616
13a_features_tempo_real__last__pre_60s_bid_size_medio_soma <= 86.083974,1,148,74.74747474747475,61,87,-26,3760.000000007858,50,3600.000000002183,-3760.000000007858,1.2142857142858443,0.10209059233447171,72.00000000004366,57.99999999999999,6639.999999999418,11519.999999997526,-6472.745644608041
13a_features_tempo_real__w60__adv_delta_spread_minimo_15s_30s__max <= 0.27676768,1,79,39.8989898989899,31,48,-17,4000.0000000043656,119,3360.0000000056752,-4000.0000000043656,1.0823529411766097,-0.02984218077476286,28.23529411769475,57.14285714285714,13359.9999999984,4799.999999998545,-6485.9053084697325
13a_features_tempo_real__w60__adv_z_pre_15s_spread_medio__max <= 2.0832903,1,158,79.7979797979798,66,92,-26,4800.000000008004,40,2560.0000000020373,-4800.000000008004,1.2000000000001592,0.08780487804878656,64.00000000005093,60.0,3279.9999999995634,14879.99999999738,-6515.317073179649
13a_features_tempo_real__w60__pre_15s_spread_medio__max <= 2.1093918,1,158,79.7979797979798,66,92,-26,4800.000000008004,40,2560.0000000020373,-4800.000000008004,1.2000000000001592,0.08780487804878656,64.00000000005093,60.0,3279.9999999995634,14879.99999999738,-6515.317073179649
13a_features_tempo_real__w60__adv_z_pre_15s_spread_medio__delta <= 0.15922187,1,132,66.66666666666666,53,79,-26,3440.0000000074215,66,3920.0000000026193,-3440.0000000074215,1.1689655172414921,0.05677039529011951,59.39393939397908,56.060606060606055,8479.999999998836,9679.999999998108,-6551.937762834012
13a_features_tempo_real__w60__pre_15s_spread_medio__delta <= 0.072315304,1,132,66.66666666666666,53,79,-26,3440.0000000074215,66,3920.0000000026193,-3440.0000000074215,1.1689655172414921,0.05677039529011951,59.39393939397908,56.060606060606055,8479.999999998836,9679.999999998108,-6551.937762834012
13a_features_tempo_real__last__pre_15s_volatilidade_close_pontos >= 281.28765,1,79,39.8989898989899,34,45,-11,4720.000000003347,119,2640.000000006694,-4720.000000003347,1.0687500000001744,-0.04344512195119821,22.18487394963608,59.66386554621849,14399.999999998545,3759.9999999983993,-6588.067073174627
13a_features_tempo_real__w60__pre_15s_spread_minimo__max >= 1,1,172,86.86868686868688,74,98,-24,5600.000000008004,26,1760.0000000020373,-5600.000000008004,1.2750000000003183,0.16280487804894572,67.69230769238605,69.23076923076923,1600.0,16559.999999996944,-6590.317073179705
13a_features_tempo_real__last__cobertura_30s <= 24,1,82,41.41414141414141,32,50,-18,4640.000000004511,116,2720.0000000055297,-4640.000000004511,1.0680000000001382,-0.04419512195123443,23.448275862116635,56.896551724137936,11199.999999999272,6959.999999997672,-6594.517073176066
13a_features_tempo_real__last__pre_60s_bid_size_medio_soma >= 70.820963,1,132,66.66666666666666,55,77,-22,5200.000000006548,66,2160.0000000034925,-5200.000000006548,1.1000000000001617,-0.012195121951210863,32.72727272732564,59.09090909090909,5359.9999999998545,12799.99999999709,-6601.317073178294
13a_features_tempo_real__w60__adv_ratio_volatilidade_close_pontos_15s_60s__max <= 1.3161931,1,50,25.252525252525253,20,30,-10,4640.000000002328,148,2720.0000000077125,-4640.000000002328,1.0548387096775749,-0.05735641227379773,18.37837837843049,58.108108108108105,16799.999999997817,1359.9999999991269,-6698.413847366913
13a_features_tempo_real__w60__adv_ratio_volatilidade_close_pontos_15s_60s__max <= 1.4608421,1,148,74.74747474747475,62,86,-24,4640.0000000074215,50,2720.0000000026193,-4640.0000000074215,1.1700000000001638,0.0578048780487912,54.40000000005239,60.0,5679.999999998836,12479.999999998108,-6713.317073178809
13a_features_tempo_real__w60__adv_ratio_volatilidade_close_pontos_15s_60s__slope >= -0.00030046546,1,137,69.1919191919192,57,80,-23,4320.000000006985,61,3040.000000003056,-4320.000000006985,1.152000000000153,0.0398048780487803,49.83606557382059,59.01639344262295,7679.999999998836,10479.999999998108,-6752.1170731783795
13a_features_tempo_real__w60__adv_delta_spread_minimo_15s_30s__first <= 0.027142857,1,119,60.1010101010101,49,70,-21,4480.000000006112,79,2880.000000003929,-4480.000000006112,1.109090909091058,-0.0031042128603147034,36.45569620258138,58.22784810126582,9039.999999997963,9119.999999998981,-6777.862527722657
13a_features_tempo_real__w60__adv_z_pre_15s_spread_medio__mean <= 1.1960342,1,132,66.66666666666666,55,77,-22,5200.000000006548,66,2160.0000000034925,-5200.000000006548,1.1000000000001617,-0.012195121951210863,32.72727272732564,59.09090909090909,5919.999999998981,12239.999999997963,-6797.317073177988
13a_features_tempo_real__w60__pre_15s_spread_medio__mean <= 1.7064183,1,132,66.66666666666666,55,77,-22,5200.000000006548,66,2160.0000000034925,-5200.000000006548,1.1000000000001617,-0.012195121951210863,32.72727272732564,59.09090909090909,5919.999999998981,12239.999999997963,-6797.317073177988
13a_features_tempo_real__w60__pre_15s_spread_minimo__max <= 1.25,1,90,45.45454545454545,36,54,-18,4320.000000004802,108,3040.0000000052387,-4320.000000004802,1.0826086956523162,-0.02958642629905639,28.148148148196654,57.407407407407405,12479.999999998836,5679.999999998108,-6849.751855784898
13a_features_tempo_real__w60__adv_ratio_volatilidade_close_pontos_15s_60s__std <= 0.28092969,1,178,89.8989898989899,75,103,-28,5040.000000008877,20,2320.000000001164,-5040.000000008877,1.4142857142859222,0.3020905923345496,116.00000000005821,65.0,2079.9999999995634,16079.99999999738,-6876.745644609064
13a_features_tempo_real__w60__adv_ratio_volatilidade_close_pontos_15s_60s__min <= 0.61152164,1,99,50.0,38,61,-23,5360.000000005675,99,2000.0000000043656,-5360.000000005675,1.0568181818183058,-0.05537694013306682,20.2020202020643,55.55555555555556,6799.999999997817,11359.999999999127,-6895.226164085821
13a_features_tempo_real__w60__adv_ratio_volatilidade_close_pontos_15s_60s__min >= 0.75353147,1,50,25.252525252525253,20,30,-10,4640.000000002328,148,2720.0000000077125,-4640.000000002328,1.0548387096775749,-0.05735641227379773,18.37837837843049,58.108108108108105,17519.99999999607,640.0000000008731,-6950.4138473663015
13a_features_tempo_real__w60__adv_z_pre_15s_spread_medio__first >= -0.2636379,1,178,89.8989898989899,75,103,-28,5040.000000008877,20,2320.000000001164,-5040.000000008877,1.4142857142859222,0.3020905923345496,116.00000000005821,65.0,2319.999999999709,15839.999999997235,-6960.745644609115
13a_features_tempo_real__w60__pre_15s_spread_medio__first >= 1.0434651,1,178,89.8989898989899,75,103,-28,5040.000000008877,20,2320.000000001164,-5040.000000008877,1.4142857142859222,0.3020905923345496,116.00000000005821,65.0,2319.999999999709,15839.999999997235,-6960.745644609115
13a_features_tempo_real__w60__adv_z_pre_15s_spread_medio__delta >= 0.65805588,1,20,10.1010101010101,6,14,-8,6240.000000000873,178,1120.0000000091677,-6240.000000000873,1.0184210526317297,-0.09377406931964294,6.292134831512178,57.30337078651685,15359.999999996944,2800.0,-6976.264441592659
13a_features_tempo_real__w60__pre_15s_spread_medio__delta >= 0.29887548,1,20,10.1010101010101,6,14,-8,6240.000000000873,178,1120.0000000091677,-6240.000000000873,1.0184210526317297,-0.09377406931964294,6.292134831512178,57.30337078651685,15359.999999996944,2800.0,-6976.264441592659
13a_features_tempo_real__w60__adv_z_pre_15s_spread_medio__mean <= -0.25321859,1,20,10.1010101010101,6,14,-8,5280.000000001019,178,2080.000000009022,-5280.000000001019,1.0342105263159378,-0.0779845956354348,11.685393258477653,57.30337078651685,18159.999999996944,0.0,-6986.7907573822795
13a_features_tempo_real__w60__pre_15s_spread_medio__mean <= 1.0481974,1,20,10.1010101010101,6,14,-8,5280.000000001019,178,2080.000000009022,-5280.000000001019,1.0342105263159378,-0.0779845956354348,11.685393258477653,57.30337078651685,18159.999999996944,0.0,-6986.7907573822795
13a_features_tempo_real__w60__adv_ratio_volatilidade_close_pontos_15s_60s__std >= 0.14001976,1,158,79.7979797979798,66,92,-26,4800.000000008004,40,2560.0000000020373,-4800.000000008004,1.2000000000001592,0.08780487804878656,64.00000000005093,60.0,4639.999999999418,13519.999999997526,-6991.317073179598
13a_features_tempo_real__last__cobertura_15s <= 13,1,126,63.63636363636363,52,74,-22,4960.000000006403,72,2400.000000003638,-4960.000000006403,1.1000000000001515,-0.012195121951221077,33.33333333338386,58.333333333333336,7519.999999998254,10639.99999999869,-7015.3170731775945
13a_features_tempo_real__last__pre_15s_volatilidade_close_pontos <= 302.16228,1,132,66.66666666666666,54,78,-24,4320.000000006985,66,3040.000000003056,-4320.000000006985,1.1357142857144222,0.023519163763049633,46.06060606065236,57.57575757575758,8239.999999997963,9919.999999998981,-7037.888501749511
13a_features_tempo_real__last__adv_z_pre_15s_spread_medio >= 1.208585,1,66,33.33333333333333,27,39,-12,5040.000000003056,132,2320.000000006985,-5040.000000003056,1.0527272727274315,-0.059467849223941105,17.575757575810492,58.333333333333336,14959.999999996944,3200.0,-7057.680709537421
13a_features_tempo_real__last__pre_15s_spread_medio >= 1.7121186,1,66,33.33333333333333,27,39,-12,5040.000000003056,132,2320.000000006985,-5040.000000003056,1.0527272727274315,-0.059467849223941105,17.575757575810492,58.333333333333336,14959.999999996944,3200.0,-7057.680709537421
13a_features_tempo_real__w60__adv_z_pre_15s_spread_medio__last >= 1.208585,1,66,33.33333333333333,27,39,-12,5040.000000003056,132,2320.000000006985,-5040.000000003056,1.0527272727274315,-0.059467849223941105,17.575757575810492,58.333333333333336,14959.999999996944,3200.0,-7057.680709537421
13a_features_tempo_real__w60__pre_15s_spread_medio__last >= 1.7121186,1,66,33.33333333333333,27,39,-12,5040.000000003056,132,2320.000000006985,-5040.000000003056,1.0527272727274315,-0.059467849223941105,17.575757575810492,58.333333333333336,14959.999999996944,3200.0,-7057.680709537421
13a_features_tempo_real__last__pre_60s_volatilidade_close_pontos >= 311.93914,1,20,10.1010101010101,6,14,-8,5280.000000001019,178,2080.000000009022,-5280.000000001019,1.0342105263159378,-0.0779845956354348,11.685393258477653,57.30337078651685,18399.99999999709,-240.00000000014552,-7070.79075738233
13a_features_tempo_real__w60__pre_15s_spread_minimo__mean <= 0.83842829,1,40,20.2020202020202,13,27,-14,4720.000000002619,158,2640.0000000074215,-4720.000000002619,1.0478260869566562,-0.06436903499471636,16.70886075954064,56.32911392405063,16239.999999997235,1919.999999999709,-7076.6214209995505
13a_features_tempo_real__w60__adv_ratio_volatilidade_close_pontos_15s_60s__delta >= -0.019565287,1,178,89.8989898989899,75,103,-28,5040.000000008877,20,2320.000000001164,-5040.000000008877,1.4142857142859222,0.3020905923345496,116.00000000005821,65.0,2719.999999999709,15439.999999997235,-7100.745644609115
13a_features_tempo_real__w60__adv_z_pre_15s_spread_medio__mean <= 1.4243314,1,148,74.74747474747475,62,86,-24,5600.000000007276,50,1760.0000000027649,-5600.000000007276,1.1100000000001728,-0.002195121951199752,35.2000000000553,60.0,3999.9999999992724,14159.999999997672,-7121.3170731788105
13a_features_tempo_real__w60__pre_15s_spread_medio__mean <= 1.8101062,1,148,74.74747474747475,62,86,-24,5600.000000007276,50,1760.0000000027649,-5600.000000007276,1.1100000000001728,-0.002195121951199752,35.2000000000553,60.0,3999.9999999992724,14159.999999997672,-7121.3170731788105
13a_features_tempo_real__w60__adv_z_pre_15s_spread_medio__std >= 0.21593253,1,79,39.8989898989899,31,48,-17,5920.0000000040745,119,1440.0000000059663,-5920.0000000040745,1.035294117647205,-0.07690100430416758,12.100840336184591,57.14285714285714,9679.999999998108,8479.999999998836,-7146.140602586982
13a_features_tempo_real__w60__pre_15s_spread_medio__std >= 0.098072125,1,79,39.8989898989899,31,48,-17,5920.0000000040745,119,1440.0000000059663,-5920.0000000040745,1.035294117647205,-0.07690100430416758,12.100840336184591,57.14285714285714,9679.999999998108,8479.999999998836,-7146.140602586982
13a_features_tempo_real__window__n >= 50,1,81,40.909090909090914,31,50,-19,4480.000000004657,117,2880.000000005384,-4480.000000004657,1.0705882352942495,-0.04160688665712309,24.615384615430635,56.41025641025641,12879.99999999738,5279.999999999563,-7168.964131999083
13a_features_tempo_real__last__pre_60s_volatilidade_close_pontos <= 151.06993,1,50,25.252525252525253,17,33,-16,4880.000000003201,148,2480.0000000068394,-4880.000000003201,1.0476923076924392,-0.06450281425893345,16.756756756802968,56.08108108108109,14639.999999997235,3519.999999999709,-7176.701688558664
13a_features_tempo_real__last__cobertura_30s <= 28,1,168,84.84848484848484,70,98,-28,4960.000000008586,30,2400.000000001455,-4960.000000008586,1.2500000000001517,0.13780487804877906,80.0000000000485,60.0,3439.999999999418,14719.999999997526,-7201.317073180184
13a_features_tempo_real__w60__adv_delta_spread_minimo_15s_30s__std <= 0.084522817,1,66,33.33333333333333,26,40,-14,5120.000000003347,132,2240.000000006694,-5120.000000003347,1.0500000000001495,-0.06219512195122312,16.96969696974768,57.57575757575758,14239.999999997235,3919.999999999709,-7217.317073174183
13a_features_tempo_real__w60__adv_ratio_volatilidade_close_pontos_15s_60s__std <= 0.22219268,1,132,66.66666666666666,57,75,-18,5040.000000005966,66,2320.0000000040745,-5040.000000005966,1.1160000000002037,0.0038048780488311174,35.15151515157689,62.121212121212125,9519.999999998254,8639.99999999869,-7227.717073177126
13a_features_tempo_real__w60__adv_z_pre_15s_spread_medio__mean <= 0.89598621,1,99,50.0,39,60,-21,5280.000000005384,99,2080.0000000046566,-5280.000000005384,1.0604651162792051,-0.051730005672167456,21.01010101014805,56.56565656565656,9039.99999999869,9119.999999998254,-7267.038003409296
13a_features_tempo_real__w60__pre_15s_spread_medio__mean <= 1.5701426,1,99,50.0,39,60,-21,5280.000000005384,99,2080.0000000046566,-5280.000000005384,1.0604651162792051,-0.051730005672167456,21.01010101014805,56.56565656565656,9039.99999999869,9119.999999998254,-7267.038003409296
13a_features_tempo_real__last__pre_60s_bid_size_medio_soma <= 64.069987,1,20,10.1010101010101,5,15,-10,5360.00000000131,178,2000.0000000087311,-5360.00000000131,1.0324675324676742,-0.0797275894836984,11.235955056228827,56.74157303370787,17839.999999997235,319.99999999970896,-7285.836553691631
13a_features_tempo_real__last__pre_15s_volatilidade_close_pontos >= 208.02299,1,148,74.74747474747475,63,85,-22,5520.000000006985,50,1840.000000003056,-5520.000000006985,1.1210526315791485,0.008857509627775872,36.80000000006112,62.0,5679.999999998836,12479.999999998108,-7292.685494230982
13a_features_tempo_real__w60__adv_ratio_volatilidade_close_pontos_15s_60s__slope <= 0.0050930797,1,92,46.464646464646464,38,54,-16,5600.000000004366,106,1760.0000000056752,-5600.000000004366,1.0500000000001612,-0.06219512195121135,16.6037735849592,58.490566037735846,10879.99999999738,7279.999999999563,-7293.317073175245
13a_features_tempo_real__w60__pre_15s_spread_minimo__max <= 1.4190476,1,119,60.1010101010101,49,70,-21,5440.000000005966,79,1920.0000000040745,-5440.000000005966,1.072727272727427,-0.03946784922394553,24.303797468406007,58.22784810126582,7759.999999999127,10399.999999997817,-7311.680709541098
13a_features_tempo_real__w60__adv_ratio_volatilidade_close_pontos_15s_60s__max <= 1.420396,1,132,66.66666666666666,55,77,-22,4240.000000006694,66,3120.000000003347,-4240.000000006694,1.1444444444445994,0.03224932249322676,47.272727272777985,59.09090909090909,10239.99999999869,7919.999999998254,-7322.6504065113695
13a_features_tempo_real__w60__adv_ratio_volatilidade_close_pontos_15s_60s__std >= 0.1026589,1,178,89.8989898989899,74,104,-30,5120.000000009168,20,2240.000000000873,-5120.000000009168,1.3500000000001364,0.23780487804876382,112.00000000004366,60.0,2079.9999999995634,16079.99999999738,-7325.317073180826
13a_features_tempo_real__last__adv_ratio_volatilidade_close_pontos_15s_60s <= 1.4150779,1,148,74.74747474747475,62,86,-24,4640.0000000074215,50,2720.0000000026193,-4640.0000000074215,1.1700000000001638,0.0578048780487912,54.40000000005239,60.0,7599.999999999272,10559.999999997672,-7385.317073178961
13a_features_tempo_real__w60__adv_ratio_volatilidade_close_pontos_15s_60s__last <= 1.4150779,1,148,74.74747474747475,62,86,-24,4640.0000000074215,50,2720.0000000026193,-4640.0000000074215,1.1700000000001638,0.0578048780487912,54.40000000005239,60.0,7599.999999999272,10559.999999997672,-7385.317073178961
13a_features_tempo_real__w60__adv_z_pre_15s_spread_medio__max <= 1.8392374,1,148,74.74747474747475,62,86,-24,5600.000000007276,50,1760.0000000027649,-5600.000000007276,1.1100000000001728,-0.002195121951199752,35.2000000000553,60.0,4799.999999999272,13359.999999997672,-7401.3170731788105
13a_features_tempo_real__w60__pre_15s_spread_medio__max <= 1.998548,1,148,74.74747474747475,62,86,-24,5600.000000007276,50,1760.0000000027649,-5600.000000007276,1.1100000000001728,-0.002195121951199752,35.2000000000553,60.0,4799.999999999272,13359.999999997672,-7401.3170731788105
13a_features_tempo_real__last__pre_60s_volatilidade_close_pontos >= 251.66633,1,40,20.2020202020202,16,24,-8,5440.000000001601,158,1920.00000000844,-5440.000000001601,1.0363636363637962,-0.07583148558757635,12.151898734230633,58.22784810126582,17919.999999997526,239.99999999941792,-7401.49889135435
13a_features_tempo_real__w60__adv_delta_spread_minimo_15s_30s__mean <= 0.1756994,1,158,79.7979797979798,67,91,-24,5680.000000007567,40,1680.0000000024738,-5680.000000007567,1.1400000000002062,0.02780487804883358,42.000000000061846,62.5,4159.999999999127,13999.999999997817,-7409.317073179031
13a_features_tempo_real__w60__adv_ratio_volatilidade_close_pontos_15s_60s__min <= 0.55967411,1,66,33.33333333333333,24,42,-18,5280.000000003929,132,2080.000000006112,-5280.000000003929,1.0448275862070282,-0.0673675357443444,15.757575757622059,56.060606060606055,12479.999999995925,5680.000000001019,-7424.420521450179
13a_features_tempo_real__w60__pre_15s_spread_minimo__mean >= 1.1666667,1,80,40.4040404040404,31,49,-18,4240.000000004511,118,3120.0000000055297,-4240.000000004511,1.0764705882354297,-0.03572453371594286,26.440677966148556,56.779661016949156,14879.999999998836,3279.9999999981083,-7443.434720234739
13a_features_tempo_real__w60__pre_15s_spread_minimo__min <= 1.0408654,1,148,74.74747474747475,60,88,-28,4800.000000008004,50,2560.0000000020373,-4800.000000008004,1.1454545454546612,0.03325942350328859,51.200000000040745,56.00000000000001,5679.999999998836,12479.999999998108,-7548.044345906692
13a_features_tempo_real__w60__adv_ratio_volatilidade_close_pontos_15s_60s__mean >= 0.9345728,1,119,60.1010101010101,49,70,-21,4480.000000006112,79,2880.000000003929,-4480.000000006112,1.109090909091058,-0.0031042128603147034,36.45569620258138,58.22784810126582,11279.999999999563,6879.999999997381,-7561.862527723217
13a_features_tempo_real__w60__adv_z_pre_15s_spread_medio__std >= 0.13863279,1,132,66.66666666666666,55,77,-22,6160.000000006403,66,1200.000000003638,-6160.000000006403,1.055555555555724,-0.05663956639564871,18.181818181873304,59.09090909090909,5439.999999999418,12719.999999997526,-7615.983739844658
13a_features_tempo_real__w60__pre_15s_spread_medio__std >= 0.062964167,1,132,66.66666666666666,55,77,-22,6160.000000006403,66,1200.000000003638,-6160.000000006403,1.055555555555724,-0.05663956639564871,18.181818181873304,59.09090909090909,5439.999999999418,12719.999999997526,-7615.983739844658
13a_features_tempo_real__last__adv_ratio_volatilidade_close_pontos_15s_60s <= 1.4877169,1,178,89.8989898989899,74,104,-30,5120.000000009168,20,2240.000000000873,-5120.000000009168,1.3500000000001364,0.23780487804876382,112.00000000004366,60.0,2959.9999999998545,15199.99999999709,-7633.317073180928
13a_features_tempo_real__w60__adv_ratio_volatilidade_close_pontos_15s_60s__last <= 1.4877169,1,178,89.8989898989899,74,104,-30,5120.000000009168,20,2240.000000000873,-5120.000000009168,1.3500000000001364,0.23780487804876382,112.00000000004366,60.0,2959.9999999998545,15199.99999999709,-7633.317073180928
13a_features_tempo_real__w60__adv_z_pre_15s_spread_medio__max >= 1.2325203,1,99,50.0,41,58,-17,5120.000000004802,99,2240.0000000052387,-5120.000000004802,1.068292682926989,-0.04390243902438362,22.626262626315544,58.58585858585859,12479.99999999738,5679.999999999563,-7646.341463419585
13a_features_tempo_real__w60__pre_15s_spread_medio__max >= 1.7229895,1,99,50.0,41,58,-17,5120.000000004802,99,2240.0000000052387,-5120.000000004802,1.068292682926989,-0.04390243902438362,22.626262626315544,58.58585858585859,12479.99999999738,5679.999999999563,-7646.341463419585
13a_features_tempo_real__last__pre_15s_volatilidade_close_pontos >= 343.13141,1,40,20.2020202020202,16,24,-8,5440.000000001601,158,1920.00000000844,-5440.000000001601,1.0363636363637962,-0.07583148558757635,12.151898734230633,58.22784810126582,18719.999999997526,-560.0000000005821,-7681.49889135435
13a_features_tempo_real__last__cobertura_15s >= 11,1,172,86.86868686868688,72,100,-28,4800.000000008731,26,2560.0000000013097,-4800.000000008731,1.3200000000001637,0.2078048780487911,98.46153846158883,61.53846153846154,5199.999999999272,12959.999999997672,-7683.317073180271
13a_features_tempo_real__w60__adv_z_pre_15s_spread_medio__first <= 1.1182435,1,119,60.1010101010101,47,72,-25,4640.000000006694,79,2720.000000003347,-4640.000000006694,1.0971428571429767,-0.015052264808395943,34.43037974687781,55.69620253164557,9359.999999999127,8799.999999997817,-7717.0313588924955
13a_features_tempo_real__w60__pre_15s_spread_medio__first <= 1.6710873,1,119,60.1010101010101,47,72,-25,4640.000000006694,79,2720.000000003347,-4640.000000006694,1.0971428571429767,-0.015052264808395943,34.43037974687781,55.69620253164557,9359.999999999127,8799.999999997817,-7717.0313588924955
13a_features_tempo_real__last__pre_60s_bid_size_medio_soma >= 72.516389,1,119,60.1010101010101,49,70,-21,6400.000000005821,79,960.00000000422,-6400.000000005821,1.0363636363637962,-0.07583148558757635,12.151898734230633,58.22784810126582,6159.999999998399,11999.999999998545,-7733.498891358876
13a_features_tempo_real__w60__adv_ratio_volatilidade_close_pontos_15s_60s__first >= 1.1527798,1,66,33.33333333333333,26,40,-14,5120.000000003347,132,2240.000000006694,-5120.000000003347,1.0500000000001495,-0.06219512195122312,16.96969696974768,57.57575757575758,15759.999999996944,2400.0,-7749.317073174081
13a_features_tempo_real__last__pre_30s_spread_minimo >= 1.25,1,54,27.27272727272727,21,33,-12,5520.000000002619,144,1840.0000000074215,-5520.000000002619,1.037704918032939,-0.07449020391843364,12.777777777829316,57.638888888888886,16159.999999996944,2000.0,-7762.69412235368
13a_features_tempo_real__w60__pre_15s_spread_minimo__max >= 1.10625,1,148,74.74747474747475,62,86,-24,5600.000000007276,50,1760.0000000027649,-5600.000000007276,1.1100000000001728,-0.002195121951199752,35.2000000000553,60.0,5839.999999999418,12319.999999997526,-7765.317073178861
13a_features_tempo_real__last__pre_60s_volatilidade_close_pontos >= 127.52776,1,178,89.8989898989899,75,103,-28,6000.000000008731,20,1360.0000000013097,-6000.000000008731,1.2428571428573767,0.1306620209060041,68.00000000006548,65.0,1600.0,16559.999999996944,-7771.602787466198
13a_features_tempo_real__last__pre_15s_volatilidade_close_pontos >= 195.76055,1,158,79.7979797979798,67,91,-24,5680.000000007567,40,1680.0000000024738,-5680.000000007567,1.1400000000002062,0.02780487804883358,42.000000000061846,62.5,5199.999999999272,12959.999999997672,-7773.3170731790815
13a_features_tempo_real__w60__pre_15s_spread_minimo__max <= 1.5,1,138,69.6969696969697,57,81,-24,5520.000000006985,60,1840.000000003056,-5520.000000006985,1.0920000000001528,-0.020195121951219752,30.6666666667176,58.333333333333336,6559.999999999127,11599.999999997817,-7778.117073178481
13a_features_tempo_real__w60__adv_z_pre_15s_spread_medio__min <= 0.88033918,1,132,66.66666666666666,54,78,-24,6240.000000006694,66,1120.000000003347,-6240.000000006694,1.0500000000001495,-0.06219512195122312,16.96969696974768,57.57575757575758,4799.999999999272,13359.999999997672,-7805.317073178243
13a_features_tempo_real__w60__pre_15s_spread_medio__min <= 1.5630361,1,132,66.66666666666666,54,78,-24,6240.000000006694,66,1120.000000003347,-6240.000000006694,1.0500000000001495,-0.06219512195122312,16.96969696974768,57.57575757575758,4799.999999999272,13359.999999997672,-7805.317073178243
13a_features_tempo_real__w60__adv_z_pre_15s_spread_medio__mean <= 0.68807701,1,79,39.8989898989899,31,48,-17,5920.0000000040745,119,1440.0000000059663,-5920.0000000040745,1.035294117647205,-0.07690100430416758,12.100840336184591,57.14285714285714,11599.99999999709,6559.9999999998545,-7818.140602586625
13a_features_tempo_real__w60__pre_15s_spread_medio__mean <= 1.4757145,1,79,39.8989898989899,31,48,-17,5920.0000000040745,119,1440.0000000059663,-5920.0000000040745,1.035294117647205,-0.07690100430416758,12.100840336184591,57.14285714285714,11599.99999999709,6559.9999999998545,-7818.140602586625
13a_features_tempo_real__last__pre_15s_volatilidade_close_pontos >= 171.99046,1,178,89.8989898989899,75,103,-28,6000.000000008731,20,1360.0000000013097,-6000.000000008731,1.2428571428573767,0.1306620209060041,68.00000000006548,65.0,1759.9999999998545,16399.99999999709,-7827.602787466147
13a_features_tempo_real__w60__adv_ratio_volatilidade_close_pontos_15s_60s__mean <= 0.99219739,1,119,60.1010101010101,49,70,-21,6400.000000005821,79,960.00000000422,-6400.000000005821,1.0363636363637962,-0.07583148558757635,12.151898734230633,58.22784810126582,6559.999999998399,11599.999999998545,-7873.498891358877
13a_features_tempo_real__w60__pre_15s_spread_minimo__mean >= 1.0581944,1,119,60.1010101010101,50,69,-19,5360.000000005675,79,2000.0000000043656,-5360.000000005675,1.0781250000001705,-0.03407012195120207,25.31645569625779,59.49367088607595,10639.99999999869,7519.999999998254,-7906.442073177008
13a_features_tempo_real__w60__adv_z_pre_15s_spread_medio__max <= 1.0286126,1,79,39.8989898989899,30,49,-19,6000.000000004366,119,1360.0000000056752,-6000.000000004366,1.0326923076924441,-0.07950281425892847,11.42857142861912,56.30252100840336,10719.999999997526,7439.999999999418,-7921.701688559926
13a_features_tempo_real__w60__pre_15s_spread_medio__max <= 1.6303788,1,79,39.8989898989899,30,49,-19,6000.000000004366,119,1360.0000000056752,-6000.000000004366,1.0326923076924441,-0.07950281425892847,11.42857142861912,56.30252100840336,10719.999999997526,7439.999999999418,-7921.701688559926
13a_features_tempo_real__w60__adv_delta_spread_minimo_15s_30s__std <= 0.057060841,1,40,20.2020202020202,14,26,-12,5600.000000002183,158,1760.000000007858,-5600.000000002183,1.032352941176615,-0.07984218077475758,11.139240506378849,56.9620253164557,17119.99999999607,1040.0000000008731,-7943.905308466732
13a_features_tempo_real__last__cobertura_15s <= 12,1,87,43.93939393939394,34,53,-19,5680.000000004657,111,1680.0000000053842,-5680.000000004657,1.0437500000001403,-0.06844512195123231,15.135135135183642,56.75675675675676,11359.999999996944,6800.0,-7955.067073175396
13a_features_tempo_real__last__cobertura_60s <= 47,1,68,34.34343434343434,27,41,-14,5520.000000003347,130,1840.0000000066939,-5520.000000003347,1.0418181818183339,-0.07037694013303875,14.153846153897645,57.692307692307686,15119.999999998981,3039.9999999979627,-7964.226164083883
13a_features_tempo_real__w60__adv_z_pre_15s_spread_medio__min <= 0.26192344,1,66,33.33333333333333,25,41,-16,6160.0000000034925,132,1200.0000000065484,-6160.0000000034925,1.0263157894738277,-0.08587933247754487,9.0909090909587,56.81818181818182,12559.999999996944,5600.0,-8013.527599490019
13a_features_tempo_real__w60__pre_15s_spread_medio__min <= 1.2821643,1,66,33.33333333333333,25,41,-16,6160.0000000034925,132,1200.0000000065484,-6160.0000000034925,1.0263157894738277,-0.08587933247754487,9.0909090909587,56.81818181818182,12559.999999996944,5600.0,-8013.527599490019
13a_features_tempo_real__w60__adv_z_pre_15s_spread_medio__delta >= 0.095473384,1,79,39.8989898989899,33,46,-13,6720.000000003347,119,640.0000000066939,-6720.000000003347,1.0163265306124156,-0.09586859133895698,5.378151260560453,58.82352941176471,11759.999999996217,6400.000000000728,-8025.521154806466
13a_features_tempo_real__w60__pre_15s_spread_medio__delta >= 0.043362052,1,79,39.8989898989899,33,46,-13,6720.000000003347,119,640.0000000066939,-6720.000000003347,1.0163265306124156,-0.09586859133895698,5.378151260560453,58.82352941176471,11759.999999996217,6400.000000000728,-8025.521154806466
13a_features_tempo_real__w60__adv_ratio_volatilidade_close_pontos_15s_60s__delta <= 0.17395679,1,66,33.33333333333333,26,40,-14,5120.000000003347,132,2240.000000006694,-5120.000000003347,1.0500000000001495,-0.06219512195122312,16.96969696974768,57.57575757575758,16559.999999996944,1600.0,-8029.317073174081
13a_features_tempo_real__w60__adv_ratio_volatilidade_close_pontos_15s_60s__mean >= 0.87302718,1,158,79.7979797979798,66,92,-26,5760.000000007858,40,1600.0000000021828,-5760.000000007858,1.1250000000001705,0.01280487804879793,40.00000000005457,60.0,4959.9999999998545,13199.99999999709,-8108.317073179598
13a_features_tempo_real__w60__pre_15s_spread_minimo__mean <= 0.94417901,1,50,25.252525252525253,16,34,-18,4960.0000000034925,148,2400.0000000065484,-4960.0000000034925,1.0454545454546695,-0.06674057649670306,16.216216216260463,55.4054054054054,16159.999999997672,1999.9999999992724,-8120.044345901769
13a_features_tempo_real__last__adv_z_pre_15s_spread_medio <= 0.72953445,1,79,39.8989898989899,31,48,-17,5920.0000000040745,119,1440.0000000059663,-5920.0000000040745,1.035294117647205,-0.07690100430416758,12.100840336184591,57.14285714285714,12479.99999999738,5679.999999999563,-8126.140602586727
13a_features_tempo_real__last__pre_15s_spread_medio <= 1.4945437,1,79,39.8989898989899,31,48,-17,5920.0000000040745,119,1440.0000000059663,-5920.0000000040745,1.035294117647205,-0.07690100430416758,12.100840336184591,57.14285714285714,12479.99999999738,5679.999999999563,-8126.140602586727
13a_features_tempo_real__w60__adv_z_pre_15s_spread_medio__last <= 0.72953445,1,79,39.8989898989899,31,48,-17,5920.0000000040745,119,1440.0000000059663,-5920.0000000040745,1.035294117647205,-0.07690100430416758,12.100840336184591,57.14285714285714,12479.99999999738,5679.999999999563,-8126.140602586727
13a_features_tempo_real__w60__pre_15s_spread_medio__last <= 1.4945437,1,79,39.8989898989899,31,48,-17,5920.0000000040745,119,1440.0000000059663,-5920.0000000040745,1.035294117647205,-0.07690100430416758,12.100840336184591,57.14285714285714,12479.99999999738,5679.999999999563,-8126.140602586727
13a_features_tempo_real__last__adv_ratio_volatilidade_close_pontos_15s_60s <= 1.2955149,1,20,10.1010101010101,5,15,-10,6320.000000001164,178,1040.0000000088767,-6320.000000001164,1.016883116883261,-0.09531200506811155,5.842696629263352,56.74157303370787,17519.999999997526,639.9999999994179,-8143.187203042235
13a_features_tempo_real__w60__adv_ratio_volatilidade_close_pontos_15s_60s__last <= 1.2955149,1,20,10.1010101010101,5,15,-10,6320.000000001164,178,1040.0000000088767,-6320.000000001164,1.016883116883261,-0.09531200506811155,5.842696629263352,56.74157303370787,17519.999999997526,639.9999999994179,-8143.187203042235
13a_features_tempo_real__last__pre_60s_volatilidade_close_pontos >= 235.89734,1,50,25.252525252525253,20,30,-10,5600.000000002183,148,1760.000000007858,-5600.000000002183,1.0354838709679004,-0.0767112509834722,11.891891891944987,58.108108108108105,18159.99999999767,-7.275957614183426e-10,-8146.02675059252
13a_features_tempo_real__w60__adv_delta_spread_minimo_15s_30s__slope <= 0.0019057638,1,110,55.55555555555556,45,65,-20,5520.00000000553,88,1840.000000004511,-5520.00000000553,1.0621621621623145,-0.050032959789058085,20.909090909142172,57.95454545454546,10879.999999998108,7279.999999998836,-8172.019775879372
13a_features_tempo_real__w60__adv_ratio_volatilidade_close_pontos_15s_60s__min <= 0.79396037,1,158,79.7979797979798,65,93,-28,5840.000000008149,40,1520.0000000018917,-5840.000000008149,1.111764705882492,-0.00043041606888061246,38.000000000047294,57.49999999999999,3999.999999998545,14159.9999999984,-8190.258249650038
13a_features_tempo_real__w60__adv_ratio_volatilidade_close_pontos_15s_60s__max <= 1.3104716,1,40,20.2020202020202,15,25,-10,6480.000000001746,158,880.0000000082946,-6480.000000001746,1.0164179104479159,-0.09577721150345675,5.569620253217054,57.59493670886076,16239.999999997235,1919.999999999709,-8195.466326903923
13a_features_tempo_real__w60__adv_ratio_volatilidade_close_pontos_15s_60s__max <= 1.2963412,1,20,10.1010101010101,5,15,-10,6320.000000001164,178,1040.0000000088767,-6320.000000001164,1.016883116883261,-0.09531200506811155,5.842696629263352,56.74157303370787,17839.999999997235,319.99999999970896,-8255.187203042133
13a_features_tempo_real__w60__adv_z_pre_15s_spread_medio__first <= 0.37769378,1,50,25.252525252525253,17,33,-16,5840.000000003056,148,1520.000000006985,-5840.000000003056,1.0292307692309035,-0.08296435272046909,10.270270270317466,56.08108108108109,14959.999999996944,3200.0,-8259.778611635338
13a_features_tempo_real__w60__pre_15s_spread_medio__first <= 1.3347448,1,50,25.252525252525253,17,33,-16,5840.000000003056,148,1520.000000006985,-5840.000000003056,1.0292307692309035,-0.08296435272046909,10.270270270317466,56.08108108108109,14959.999999996944,3200.0,-8259.778611635338
13a_features_tempo_real__w60__adv_delta_spread_minimo_15s_30s__mean <= 0.15523459,1,148,74.74747474747475,63,85,-22,6480.000000006839,50,880.0000000032014,-6480.000000006839,1.057894736842316,-0.05430038510905666,17.60000000006403,62.0,5599.999999999272,12559.999999997672,-8262.580231073089
13a_features_tempo_real__w60__adv_delta_spread_minimo_15s_30s__mean <= 0.13942115,1,132,66.66666666666666,56,76,-20,6080.000000006112,66,1280.000000003929,-6080.000000006112,1.0615384615386505,-0.0506566604127221,19.393939393998924,60.60606060606061,8559.999999999127,9599.999999997817,-8294.393996254508
13a_features_tempo_real__w60__adv_delta_spread_minimo_15s_30s__std <= 0.06560152,1,50,25.252525252525253,18,32,-14,5760.000000002765,148,1600.000000007276,-5760.000000002765,1.031250000000142,-0.08094512195123049,10.810810810859973,56.75675675675676,16239.999999996508,1920.0000000004366,-8296.567073173352
13a_features_tempo_real__last__cobertura_15s <= 14,1,160,80.8080808080808,66,94,-28,5280.000000008295,38,2080.0000000017462,-5280.000000008295,1.1625000000001364,0.050304878048763824,54.73684210530911,57.89473684210527,5999.999999999272,12159.999999997672,-8333.817073179851
13a_features_tempo_real__w60__pre_15s_spread_minimo__mean >= 1.0000414,1,132,66.66666666666666,56,76,-20,6080.000000006112,66,1280.000000003929,-6080.000000006112,1.0615384615386505,-0.0506566604127221,19.393939393998924,60.60606060606061,8719.999999998981,9439.999999997963,-8350.393996254457
13a_features_tempo_real__w60__adv_ratio_volatilidade_close_pontos_15s_60s__first <= 1.264865,1,148,74.74747474747475,61,87,-26,5680.000000007567,50,1680.0000000024738,-5680.000000007567,1.1000000000001473,-0.012195121951225296,33.60000000004948,57.99999999999999,6399.999999998545,11759.9999999984,-8377.317073178863
13a_features_tempo_real__last__cobertura_30s >= 28,1,45,22.727272727272727,16,29,-13,5680.000000002474,153,1680.000000007567,-5680.000000002474,1.0318181818183252,-0.08037694013304741,10.980392156912202,56.86274509803921,17439.999999997235,719.999999999709,-8386.226164082404
13a_features_tempo_real__w60__adv_ratio_volatilidade_close_pontos_15s_60s__max <= 1.485856,1,158,79.7979797979798,66,92,-26,5760.000000007858,40,1600.0000000021828,-5760.000000007858,1.1250000000001705,0.01280487804879793,40.00000000005457,60.0,5759.999999999127,12399.999999997817,-8388.317073179343
13a_features_tempo_real__w60__adv_delta_spread_minimo_15s_30s__mean >= 0.058049705,1,148,74.74747474747475,61,87,-26,5680.000000007567,50,1680.0000000024738,-5680.000000007567,1.1000000000001473,-0.012195121951225296,33.60000000004948,57.99999999999999,6559.999999999127,11599.999999997817,-8433.317073179067
13a_features_tempo_real__w60__adv_ratio_volatilidade_close_pontos_15s_60s__mean >= 0.82490056,1,178,89.8989898989899,75,103,-28,6000.000000008731,20,1360.0000000013097,-6000.000000008731,1.2428571428573767,0.1306620209060041,68.00000000006548,65.0,3519.999999999709,14639.999999997235,-8443.602787466096
13a_features_tempo_real__w60__adv_ratio_volatilidade_close_pontos_15s_60s__delta >= 0.10265803,1,148,74.74747474747475,62,86,-24,6560.00000000713,50,800.0000000029104,-6560.00000000713,1.050000000000182,-0.0621951219511907,16.000000000058208,60.0,5039.999999999418,13119.999999997526,-8481.31707317871
13a_features_tempo_real__w60__adv_z_pre_15s_spread_medio__max <= 2.4396734,1,178,89.8989898989899,74,104,-30,6080.000000009022,20,1280.0000000010186,-6080.000000009022,1.2000000000001592,0.08780487804878656,64.00000000005093,60.0,2400.0,15759.999999996944,-8487.31707318082
13a_features_tempo_real__w60__pre_15s_spread_medio__max <= 2.2712537,1,178,89.8989898989899,74,104,-30,6080.000000009022,20,1280.0000000010186,-6080.000000009022,1.2000000000001592,0.08780487804878656,64.00000000005093,60.0,2400.0,15759.999999996944,-8487.31707318082
13a_features_tempo_real__last__pre_60s_bid_size_medio_soma <= 81.130273,1,119,60.1010101010101,49,70,-21,5440.000000005966,79,1920.0000000040745,-5440.000000005966,1.072727272727427,-0.03946784922394553,24.303797468406007,58.22784810126582,11119.999999998254,7039.99999999869,-8487.680709540793
13a_features_tempo_real__window__n <= 50,1,125,63.13131313131313,52,73,-21,6640.000000005966,73,720.0000000040745,-6640.000000005966,1.0300000000001697,-0.08219512195120293,9.863013698685952,58.9041095890411,7359.999999999127,10799.999999997817,-8499.317073177452
13a_features_tempo_real__w60__adv_ratio_volatilidade_close_pontos_15s_60s__min <= 0.5896106,1,79,39.8989898989899,29,50,-21,6080.000000004657,119,1280.0000000053842,-6080.000000004657,1.03018867924541,-0.08200644270596258,10.756302521053648,55.46218487394958,11199.999999996362,6960.000000000582,-8501.203865628031
13a_features_tempo_real__w60__adv_delta_spread_minimo_15s_30s__max <= 0.5,1,145,73.23232323232324,61,84,-23,5920.000000006985,53,1440.000000003056,-5920.000000006985,1.0857142857144677,-0.026480836236904892,27.169811320812375,60.37735849056604,7759.999999999127,10399.999999997817,-8555.888501749892
13a_features_tempo_real__last__adv_z_pre_15s_spread_medio >= 1.5639937,1,40,20.2020202020202,15,25,-10,6480.000000001746,158,880.0000000082946,-6480.000000001746,1.0164179104479159,-0.09577721150345675,5.569620253217054,57.59493670886076,17279.99999999738,879.9999999995634,-8559.466326903974
13a_features_tempo_real__last__pre_15s_spread_medio >= 1.8735379,1,40,20.2020202020202,15,25,-10,6480.000000001746,158,880.0000000082946,-6480.000000001746,1.0164179104479159,-0.09577721150345675,5.569620253217054,57.59493670886076,17279.99999999738,879.9999999995634,-8559.466326903974
13a_features_tempo_real__w60__adv_z_pre_15s_spread_medio__last >= 1.5639937,1,40,20.2020202020202,15,25,-10,6480.000000001746,158,880.0000000082946,-6480.000000001746,1.0164179104479159,-0.09577721150345675,5.569620253217054,57.59493670886076,17279.99999999738,879.9999999995634,-8559.466326903974
13a_features_tempo_real__w60__pre_15s_spread_medio__last >= 1.8735379,1,40,20.2020202020202,15,25,-10,6480.000000001746,158,880.0000000082946,-6480.000000001746,1.0164179104479159,-0.09577721150345675,5.569620253217054,57.59493670886076,17279.99999999738,879.9999999995634,-8559.466326903974
13a_features_tempo_real__w60__adv_ratio_volatilidade_close_pontos_15s_60s__max <= 1.568963,1,178,89.8989898989899,74,104,-30,6080.000000009022,20,1280.0000000010186,-6080.000000009022,1.2000000000001592,0.08780487804878656,64.00000000005093,60.0,2719.999999999709,15439.999999997235,-8599.317073180719
13a_features_tempo_real__w60__pre_15s_spread_minimo__max <= 1.5833333,1,149,75.25252525252525,61,88,-27,5920.0000000077125,49,1440.0000000023283,-5920.0000000077125,1.0857142857144244,-0.02648083623694819,29.387755102088335,57.14285714285714,5839.999999999418,12319.999999997526,-8611.888501750747
13a_features_tempo_real__w60__adv_ratio_volatilidade_close_pontos_15s_60s__mean <= 1.0112497,1,132,66.66666666666666,54,78,-24,6240.000000006694,66,1120.000000003347,-6240.000000006694,1.0500000000001495,-0.06219512195122312,16.96969696974768,57.57575757575758,7119.999999998254,11039.99999999869,-8617.317073177886
13a_features_tempo_real__w60__pre_15s_spread_minimo__mean <= 1.2601527,1,148,74.74747474747475,59,89,-30,5840.000000008149,50,1520.0000000018917,-5840.000000008149,1.0826086956522767,-0.029586426299095914,30.400000000037835,54.0,4719.999999999709,13439.999999997235,-8619.751855788574
13a_features_tempo_real__last__pre_15s_volatilidade_close_pontos <= 326.13429,1,148,74.74747474747475,60,88,-28,5760.000000007858,50,1600.0000000021828,-5760.000000007858,1.090909090909215,-0.02128603104215765,32.000000000043656,56.00000000000001,5919.999999998254,12239.99999999869,-8624.771618633611
13a_features_tempo_real__w60__pre_15s_spread_minimo__min <= 1.1166667,1,158,79.7979797979798,64,94,-30,5920.00000000844,40,1440.0000000016007,-5920.00000000844,1.1000000000001111,-0.01219512195126149,36.00000000004002,55.00000000000001,4079.9999999995634,14079.99999999738,-8635.317073180115
13a_features_tempo_real__w60__adv_z_pre_15s_spread_medio__std >= 0.16282879,1,119,60.1010101010101,49,70,-21,7360.000000005675,79,4.3655745685100555e-09,-7360.000000005675,1.0000000000001654,-0.11219512195120718,5.526043757607665e-11,58.22784810126582,5999.999999999272,12159.999999997672,-8659.317073177215
13a_features_tempo_real__w60__pre_15s_spread_medio__std >= 0.073953494,1,119,60.1010101010101,49,70,-21,7360.000000005675,79,4.3655745685100555e-09,-7360.000000005675,1.0000000000001654,-0.11219512195120718,5.526043757607665e-11,58.22784810126582,5999.999999999272,12159.999999997672,-8659.317073177215
13a_features_tempo_real__last__pre_60s_bid_size_medio_soma <= 67.190919,1,40,20.2020202020202,14,26,-12,5600.000000002183,158,1760.000000007858,-5600.000000002183,1.032352941176615,-0.07984218077475758,11.139240506378849,56.9620253164557,19199.99999999709,-1040.0000000001455,-8671.905308467089
13a_features_tempo_real__w60__pre_15s_spread_minimo__std >= 0.1430155,1,99,50.0,40,59,-19,6160.000000004948,99,1200.0000000050932,-6160.000000004948,1.0357142857144372,-0.07648083623693536,12.121212121263568,57.57575757575758,11599.999999998545,6559.999999998399,-8727.88850174767
13a_features_tempo_real__w60__adv_delta_spread_minimo_15s_30s__mean >= 0.05045038,1,158,79.7979797979798,65,93,-28,5840.000000008149,40,1520.0000000018917,-5840.000000008149,1.111764705882492,-0.00043041606888061246,38.000000000047294,57.49999999999999,5599.999999999272,12559.999999997672,-8750.258249650293
13a_features_tempo_real__w60__adv_ratio_volatilidade_close_pontos_15s_60s__mean <= 0.96734921,1,99,50.0,40,59,-19,7120.000000004802,99,240.0000000052387,-7120.000000004802,1.007142857143013,-0.10505226480835961,2.42424242429534,57.57575757575758,8879.999999998108,9279.999999998836,-8753.031358890225
13a_features_tempo_real__w60__adv_z_pre_15s_spread_medio__std <= 0.35804479,1,178,89.8989898989899,74,104,-30,6080.000000009022,20,1280.0000000010186,-6080.000000009022,1.2000000000001592,0.08780487804878656,64.00000000005093,60.0,3200.0,14959.999999996944,-8767.31707318082
13a_features_tempo_real__w60__pre_15s_spread_medio__std <= 0.16261659,1,178,89.8989898989899,74,104,-30,6080.000000009022,20,1280.0000000010186,-6080.000000009022,1.2000000000001592,0.08780487804878656,64.00000000005093,60.0,3200.0,14959.999999996944,-8767.31707318082
13a_features_tempo_real__w60__adv_delta_spread_minimo_15s_30s__mean <= 0.24885204,1,178,89.8989898989899,74,104,-30,6080.000000009022,20,1280.0000000010186,-6080.000000009022,1.2000000000001592,0.08780487804878656,64.00000000005093,60.0,3279.9999999995634,14879.99999999738,-8795.317073180668
13a_features_tempo_real__window__n >= 59,1,22,11.11111111111111,6,16,-10,6720.000000001164,176,640.0000000088767,-6720.000000001164,1.0105263157896196,-0.101668806161753,3.636363636414072,56.81818181818182,18159.999999996944,0.0,-8805.001283698217
13a_features_tempo_real__w60__adv_z_pre_15s_spread_medio__mean <= 1.9429613,1,178,89.8989898989899,73,105,-32,6160.000000009313,20,1200.0000000007276,-6160.000000009313,1.1666666666667678,0.05447154471539517,60.00000000003638,55.00000000000001,2159.9999999998545,15999.99999999709,-8833.317073181095
13a_features_tempo_real__w60__pre_15s_spread_medio__mean <= 2.0456572,1,178,89.8989898989899,73,105,-32,6160.000000009313,20,1200.0000000007276,-6160.000000009313,1.1666666666667678,0.05447154471539517,60.00000000003638,55.00000000000001,2159.9999999998545,15999.99999999709,-8833.317073181095
13a_features_tempo_real__last__pre_15s_spread_minimo >= 0.68125,1,178,89.8989898989899,75,103,-28,6960.000000008586,20,400.0000000014552,-6960.000000008586,1.0714285714288312,-0.04076655052254141,20.00000000007276,65.0,1600.0,16559.999999996944,-8834.45993032318
13a_features_tempo_real__w60__adv_ratio_volatilidade_close_pontos_15s_60s__min >= 0.51660426,1,148,74.74747474747475,63,85,-22,6480.000000006839,50,880.0000000032014,-6480.000000006839,1.057894736842316,-0.05430038510905666,17.60000000006403,62.0,7279.999999999563,10879.99999999738,-8850.58023107319
13a_features_tempo_real__w60__adv_z_pre_15s_spread_medio__first <= 1.905049,1,178,89.8989898989899,75,103,-28,6960.000000008586,20,400.0000000014552,-6960.000000008586,1.0714285714288312,-0.04076655052254141,20.00000000007276,65.0,1679.9999999995634,16479.99999999738,-8862.459930323028
13a_features_tempo_real__w60__pre_15s_spread_medio__first <= 2.0284382,1,178,89.8989898989899,75,103,-28,6960.000000008586,20,400.0000000014552,-6960.000000008586,1.0714285714288312,-0.04076655052254141,20.00000000007276,65.0,1679.9999999995634,16479.99999999738,-8862.459930323028
13a_features_tempo_real__last__pre_60s_bid_size_medio_soma <= 68.278682,1,50,25.252525252525253,19,31,-12,5680.000000002474,148,1680.000000007567,-5680.000000002474,1.0333333333334835,-0.07886178861788906,11.35135135140248,57.432432432432435,19039.999999997235,-880.000000000291,-8865.317073173308
13a_features_tempo_real__w60__adv_delta_spread_minimo_15s_30s__mean >= 0.075063896,1,132,66.66666666666666,53,79,-26,5360.00000000713,66,2000.0000000029104,-5360.00000000713,1.0862068965518497,-0.025988225399522946,30.3030303030744,56.060606060606055,9519.999999998981,8639.999999997963,-8885.592935247558
13a_features_tempo_real__w60__adv_delta_spread_minimo_15s_30s__first <= 0.07887218,1,132,66.66666666666666,54,78,-24,6240.000000006694,66,1120.000000003347,-6240.000000006694,1.0500000000001495,-0.06219512195122312,16.96969696974768,57.57575757575758,7919.999999998254,10239.99999999869,-8897.317073177886
13a_features_tempo_real__w60__adv_z_pre_15s_spread_medio__delta >= -0.067606953,1,119,60.1010101010101,50,69,-19,6320.00000000553,79,1040.000000004511,-6320.00000000553,1.0406250000001762,-0.07157012195119639,13.164556962082418,59.49367088607595,10719.999999998981,7439.999999997963,-8916.94207317696
13a_features_tempo_real__w60__pre_15s_spread_medio__delta >= -0.030705691,1,119,60.1010101010101,50,69,-19,6320.00000000553,79,1040.000000004511,-6320.00000000553,1.0406250000001762,-0.07157012195119639,13.164556962082418,59.49367088607595,10719.999999998981,7439.999999997963,-8916.94207317696
13a_features_tempo_real__w60__pre_15s_spread_minimo__max >= 0.89886364,1,178,89.8989898989899,75,103,-28,6960.000000008586,20,400.0000000014552,-6960.000000008586,1.0714285714288312,-0.04076655052254141,20.00000000007276,65.0,1919.999999999709,16239.999999997235,-8946.459930323079
13a_features_tempo_real__w60__adv_delta_spread_minimo_15s_30s__std <= 0.27383413,1,178,89.8989898989899,74,104,-30,6080.000000009022,20,1280.0000000010186,-6080.000000009022,1.2000000000001592,0.08780487804878656,64.00000000005093,60.0,3759.9999999998545,14399.99999999709,-8963.31707318077
13a_features_tempo_real__w60__adv_ratio_volatilidade_close_pontos_15s_60s__delta >= 0.049485341,1,158,79.7979797979798,66,92,-26,6720.0000000077125,40,640.0000000023283,-6720.0000000077125,1.050000000000182,-0.0621951219511907,16.000000000058208,60.0,4639.99999999869,13519.999999998254,-9001.317073179038
13a_features_tempo_real__w60__adv_ratio_volatilidade_close_pontos_15s_60s__max <= 1.3297866,1,66,33.33333333333333,27,39,-12,6960.000000002765,132,400.00000000727596,-6960.000000002765,1.0090909090910745,-0.10310421286029814,3.030303030358151,58.333333333333336,14959.999999997672,3199.9999999992724,-9003.862527719199
13a_features_tempo_real__w60__adv_delta_spread_minimo_15s_30s__slope <= 0.002980964,1,122,61.61616161616161,50,72,-22,6080.000000006112,76,1280.000000003929,-6080.000000006112,1.0500000000001535,-0.06219512195121912,16.842105263209593,57.89473684210527,10239.99999999869,7919.999999998254,-9049.317073177455
13a_features_tempo_real__w60__adv_delta_spread_minimo_15s_30s__std <= 0.13747308,1,119,60.1010101010101,49,70,-21,6400.000000005821,79,960.00000000422,-6400.000000005821,1.0363636363637962,-0.07583148558757635,12.151898734230633,58.22784810126582,9919.999999998254,8239.99999999869,-9049.498891358824
13a_features_tempo_real__w60__adv_delta_spread_minimo_15s_30s__slope <= 0.0043031889,1,137,69.1919191919192,57,80,-23,6240.000000006694,61,1120.000000003347,-6240.000000006694,1.0560000000001672,-0.05619512195120535,18.360655737759785,59.01639344262295,8639.999999997963,9519.999999998981,-9065.717073177773
13a_features_tempo_real__w60__adv_ratio_volatilidade_close_pontos_15s_60s__std <= 0.23996472,1,148,74.74747474747475,62,86,-24,6560.00000000713,50,800.0000000029104,-6560.00000000713,1.050000000000182,-0.0621951219511907,16.000000000058208,60.0,6719.999999998981,11439.999999997963,-9069.317073178558
13a_features_tempo_real__last__pre_15s_volatilidade_close_pontos >= 243.3525,1,119,60.1010101010101,50,69,-19,7280.000000005384,79,80.00000000465661,-7280.000000005384,1.003125000000182,-0.1090701219511907,1.0126582279070457,59.49367088607595,8479.999999998108,9679.999999998836,-9115.442073176506
13a_features_tempo_real__w60__pre_15s_spread_minimo__mean <= 1.3291509,1,158,79.7979797979798,63,95,-32,6000.000000008731,40,1360.0000000013097,-6000.000000008731,1.0894736842106125,-0.022721437740760075,34.00000000003274,52.5,4319.999999999709,13839.999999997235,-9135.632862654154
13a_features_tempo_real__last__cobertura_60s >= 52,1,68,34.34343434343434,25,43,-18,5680.000000003929,130,1680.0000000061118,-5680.000000003929,1.036842105263292,-0.0753530166880807,12.923076923123936,56.15384615384615,16239.999999997963,1919.9999999989814,-9179.211810017134
13a_features_tempo_real__w60__adv_delta_spread_minimo_15s_30s__delta <= 0.14784515,1,178,89.8989898989899,73,105,-32,6160.000000009313,20,1200.0000000007276,-6160.000000009313,1.1666666666667678,0.05447154471539517,60.00000000003638,55.00000000000001,3279.9999999995634,14879.99999999738,-9225.317073180993
13a_features_tempo_real__last__adv_ratio_volatilidade_close_pontos_15s_60s <= 1.4248984,1,158,79.7979797979798,65,93,-28,5840.000000008149,40,1520.0000000018917,-5840.000000008149,1.111764705882492,-0.00043041606888061246,38.000000000047294,57.49999999999999,7039.999999999418,11119.999999997526,-9254.258249650344
13a_features_tempo_real__w60__adv_ratio_volatilidade_close_pontos_15s_60s__last <= 1.4248984,1,158,79.7979797979798,65,93,-28,5840.000000008149,40,1520.0000000018917,-5840.000000008149,1.111764705882492,-0.00043041606888061246,38.000000000047294,57.49999999999999,7039.999999999418,11119.999999997526,-9254.258249650344
13a_features_tempo_real__w60__adv_delta_spread_minimo_15s_30s__mean <= 0.083333333,1,80,40.4040404040404,33,47,-14,6960.0000000034925,118,400.00000000654836,-6960.0000000034925,1.0102040816328202,-0.10199104031855244,3.389830508530071,58.47457627118644,14079.999999996653,4080.000000000291,-9263.194624194522
13a_features_tempo_real__w60__adv_z_pre_15s_spread_medio__min <= -0.53299308,1,20,10.1010101010101,5,15,-10,7280.000000001019,178,80.00000000902219,-7280.000000001019,1.0012987012988477,-0.11089642065252492,0.44943820229787745,56.74157303370787,18159.999999996944,0.0,-9336.537852392534
13a_features_tempo_real__w60__pre_15s_spread_medio__min <= 0.92112955,1,20,10.1010101010101,5,15,-10,7280.000000001019,178,80.00000000902219,-7280.000000001019,1.0012987012988477,-0.11089642065252492,0.44943820229787745,56.74157303370787,18159.999999996944,0.0,-9336.537852392534
13a_features_tempo_real__w60__adv_z_pre_15s_spread_medio__mean >= 1.080792,1,79,39.8989898989899,32,47,-15,5840.0000000037835,119,1520.0000000062573,-5840.0000000037835,1.0380000000001564,-0.07419512195121625,12.773109243750062,57.98319327731093,17119.999999998254,1039.9999999986903,-9338.517073174971
13a_features_tempo_real__w60__pre_15s_spread_medio__mean >= 1.6540776,1,79,39.8989898989899,32,47,-15,5840.0000000037835,119,1520.0000000062573,-5840.0000000037835,1.0380000000001564,-0.07419512195121625,12.773109243750062,57.98319327731093,17119.999999998254,1039.9999999986903,-9338.517073174971
13a_features_tempo_real__w60__adv_delta_spread_minimo_15s_30s__slope <= 0.006008703,1,146,73.73737373737373,60,86,-26,6240.0000000074215,52,1120.0000000026193,-6240.0000000074215,1.0636363636365125,-0.04855875831486012,21.53846153851191,57.692307692307686,7599.999999998545,10559.9999999984,-9345.135254996898
13a_features_tempo_real__w60__adv_z_pre_15s_spread_medio__max >= -0.048737015,1,178,89.8989898989899,74,104,-30,7040.000000008877,20,320.00000000116415,-7040.000000008877,1.050000000000182,-0.0621951219511907,16.000000000058208,60.0,1919.999999999709,16239.999999997235,-9369.317073180559
13a_features_tempo_real__w60__pre_15s_spread_medio__max >= 1.1410687,1,178,89.8989898989899,74,104,-30,7040.000000008877,20,320.00000000116415,-7040.000000008877,1.050000000000182,-0.0621951219511907,16.000000000058208,60.0,1919.999999999709,16239.999999997235,-9369.317073180559
13a_features_tempo_real__w60__pre_15s_spread_minimo__std >= 0.16959623,1,79,39.8989898989899,30,49,-19,6960.00000000422,119,400.00000000582077,-6960.00000000422,1.0096153846155245,-0.10257973733584813,3.36134453786404,56.30252100840336,12079.999999998108,6079.999999998836,-9371.547842406137
13a_features_tempo_real__w60__adv_z_pre_15s_spread_medio__std >= 0.10274184,1,158,79.7979797979798,64,94,-30,6880.000000008295,40,480.00000000174623,-6880.000000008295,1.0333333333334547,-0.07886178861791793,12.000000000043656,55.00000000000001,3519.999999999709,14639.999999997235,-9439.317073180013
13a_features_tempo_real__w60__pre_15s_spread_medio__std >= 0.046663237,1,158,79.7979797979798,64,94,-30,6880.000000008295,40,480.00000000174623,-6880.000000008295,1.0333333333334547,-0.07886178861791793,12.000000000043656,55.00000000000001,3519.999999999709,14639.999999997235,-9439.317073180013
13a_features_tempo_real__w60__pre_15s_spread_minimo__min <= 1,1,146,73.73737373737373,58,88,-30,6400.000000008004,52,960.0000000020373,-6400.000000008004,1.0500000000001062,-0.06219512195126642,18.46153846157764,53.84615384615385,5679.999999998836,12479.999999998108,-9501.317073179425
13a_features_tempo_real__w60__adv_ratio_volatilidade_close_pontos_15s_60s__std >= 0.14678337,1,148,74.74747474747475,60,88,-28,6720.0000000077125,50,640.0000000023283,-6720.0000000077125,1.0363636363637687,-0.07583148558760389,12.800000000046566,56.00000000000001,5599.999999999272,12559.999999997672,-9505.49889136109
13a_features_tempo_real__w60__adv_delta_spread_minimo_15s_30s__mean <= 0.12549969,1,119,60.1010101010101,50,69,-19,7280.000000005384,79,80.00000000465661,-7280.000000005384,1.003125000000182,-0.1090701219511907,1.0126582279070457,59.49367088607595,9679.99999999738,8479.999999999563,-9535.442073176251
13a_features_tempo_real__last__adv_z_pre_15s_spread_medio <= 0.57015024,1,66,33.33333333333333,24,42,-18,7200.000000003638,132,160.00000000640284,-7200.000000003638,1.003448275862207,-0.10874684608916563,1.2121212121697185,56.060606060606055,12959.999999996944,5200.0,-9537.248107657138
13a_features_tempo_real__last__pre_15s_spread_medio <= 1.4221546,1,66,33.33333333333333,24,42,-18,7200.000000003638,132,160.00000000640284,-7200.000000003638,1.003448275862207,-0.10874684608916563,1.2121212121697185,56.060606060606055,12959.999999996944,5200.0,-9537.248107657138
13a_features_tempo_real__w60__adv_z_pre_15s_spread_medio__last <= 0.57015024,1,66,33.33333333333333,24,42,-18,7200.000000003638,132,160.00000000640284,-7200.000000003638,1.003448275862207,-0.10874684608916563,1.2121212121697185,56.060606060606055,12959.999999996944,5200.0,-9537.248107657138
13a_features_tempo_real__w60__pre_15s_spread_medio__last <= 1.4221546,1,66,33.33333333333333,24,42,-18,7200.000000003638,132,160.00000000640284,-7200.000000003638,1.003448275862207,-0.10874684608916563,1.2121212121697185,56.060606060606055,12959.999999996944,5200.0,-9537.248107657138
13a_features_tempo_real__w60__adv_z_pre_15s_spread_medio__first <= 0.093253858,1,40,20.2020202020202,12,28,-16,6720.000000002619,158,640.0000000074215,-6720.000000002619,1.011428571428704,-0.1007665505226687,4.050632911439377,55.69620253164557,16559.999999996944,1600.0,-9540.459930316221
13a_features_tempo_real__w60__pre_15s_spread_medio__first <= 1.2055581,1,40,20.2020202020202,12,28,-16,6720.000000002619,158,640.0000000074215,-6720.000000002619,1.011428571428704,-0.1007665505226687,4.050632911439377,55.69620253164557,16559.999999996944,1600.0,-9540.459930316221
13a_features_tempo_real__w60__adv_z_pre_15s_spread_medio__first <= 0.71188868,1,79,39.8989898989899,29,50,-21,7040.000000004511,119,320.0000000055297,-7040.000000004511,1.007547169811451,-0.10464795213992151,2.689075630298569,55.46218487394958,11439.999999997963,6719.999999998981,-9558.78877128882
13a_features_tempo_real__w60__pre_15s_spread_medio__first <= 1.4865293,1,79,39.8989898989899,29,50,-21,7040.000000004511,119,320.0000000055297,-7040.000000004511,1.007547169811451,-0.10464795213992151,2.689075630298569,55.46218487394958,11439.999999997963,6719.999999998981,-9558.78877128882
13a_features_tempo_real__w60__adv_delta_spread_minimo_15s_30s__max >= 0.25,1,143,72.22222222222221,59,84,-25,6560.00000000713,55,800.0000000029104,-6560.00000000713,1.0434782608697233,-0.06871686108164932,14.54545454550746,58.18181818181818,7999.999999998545,10159.9999999984,-9601.23011665668
13a_features_tempo_real__w60__adv_z_pre_15s_spread_medio__slope >= 0.0044595909,1,73,36.868686868686865,29,44,-15,7520.000000003347,125,-159.99999999330612,-7520.000000003347,0.9962264150944975,-0.1159687068568751,-1.2799999999464489,57.599999999999994,13439.999999996508,4720.000000000437,-9653.581224117319
13a_features_tempo_real__w60__pre_15s_spread_medio__slope >= 0.0020254547,1,73,36.868686868686865,29,44,-15,7520.000000003347,125,-159.99999999330612,-7520.000000003347,0.9962264150944975,-0.1159687068568751,-1.2799999999464489,57.599999999999994,13439.999999996508,4720.000000000437,-9653.581224117319
13a_features_tempo_real__w60__adv_z_pre_15s_spread_medio__delta <= 0.28816751,1,148,74.74747474747475,59,89,-30,5840.000000008149,50,1520.0000000018917,-5840.000000008149,1.0826086956522767,-0.029586426299095914,30.400000000037835,54.0,7679.999999999563,10479.99999999738,-9655.751855788523
13a_features_tempo_real__w60__pre_15s_spread_medio__delta <= 0.13087977,1,148,74.74747474747475,59,89,-30,5840.000000008149,50,1520.0000000018917,-5840.000000008149,1.0826086956522767,-0.029586426299095914,30.400000000037835,54.0,7679.999999999563,10479.99999999738,-9655.751855788523
13a_features_tempo_real__w60__adv_z_pre_15s_spread_medio__slope >= 0.0063434407,1,61,30.808080808080806,25,36,-11,7840.000000002328,137,-479.9999999922875,-7840.000000002328,0.9894736842106955,-0.12272143774067712,-3.5036496349802007,58.3941605839416,15119.999999996071,3040.000000000873,-9701.63286264643
13a_features_tempo_real__w60__pre_15s_spread_medio__slope >= 0.0028810606,1,61,30.808080808080806,25,36,-11,7840.000000002328,137,-479.9999999922875,-7840.000000002328,0.9894736842106955,-0.12272143774067712,-3.5036496349802007,58.3941605839416,15119.999999996071,3040.000000000873,-9701.63286264643
13a_features_tempo_real__w60__adv_delta_spread_minimo_15s_30s__std <= 0.11440636,1,99,50.0,40,59,-19,7120.000000004802,99,240.0000000052387,-7120.000000004802,1.007142857143013,-0.10505226480835961,2.42424242429534,57.57575757575758,11599.999999997817,6559.999999999127,-9705.031358890123
13a_features_tempo_real__w60__adv_z_pre_15s_spread_medio__max <= 1.3967602,1,119,60.1010101010101,47,72,-25,6560.000000006403,79,800.000000003638,-6560.000000006403,1.0285714285715586,-0.08362369337981401,10.126582278527064,55.69620253164557,9439.99999999869,8719.999999998254,-9706.174216034902
13a_features_tempo_real__w60__pre_15s_spread_medio__max <= 1.7975839,1,119,60.1010101010101,47,72,-25,6560.000000006403,79,800.000000003638,-6560.000000006403,1.0285714285715586,-0.08362369337981401,10.126582278527064,55.69620253164557,9439.99999999869,8719.999999998254,-9706.174216034902
13a_features_tempo_real__w60__adv_ratio_volatilidade_close_pontos_15s_60s__std <= 0.25240722,1,158,79.7979797979798,65,93,-28,6800.000000008004,40,560.0000000020373,-6800.000000008004,1.041176470588385,-0.07101865136298757,14.000000000050932,57.49999999999999,5599.999999999272,12559.999999997672,-9752.61119082661
13a_features_tempo_real__w60__adv_z_pre_15s_spread_medio__min <= 1.1365173,1,158,79.7979797979798,64,94,-30,6880.000000008295,40,480.00000000174623,-6880.000000008295,1.0333333333334547,-0.07886178861791793,12.000000000043656,55.00000000000001,4479.999999999563,13679.99999999738,-9775.317073179962
13a_features_tempo_real__w60__pre_15s_spread_medio__min <= 1.6793869,1,158,79.7979797979798,64,94,-30,6880.000000008295,40,480.00000000174623,-6880.000000008295,1.0333333333334547,-0.07886178861791793,12.000000000043656,55.00000000000001,4479.999999999563,13679.99999999738,-9775.317073179962
13a_features_tempo_real__w60__adv_delta_spread_minimo_15s_30s__first <= 0,1,115,58.080808080808076,46,69,-23,6640.000000005966,83,720.0000000040745,-6640.000000005966,1.0250000000001416,-0.08719512195123102,8.674698795229814,56.62650602409639,10639.999999997963,7519.999999998981,-9810.317073177062
13a_features_tempo_real__w60__adv_z_pre_15s_spread_medio__first <= 0.57129655,1,66,33.33333333333333,24,42,-18,7200.000000003638,132,160.00000000640284,-7200.000000003638,1.003448275862207,-0.10874684608916563,1.2121212121697185,56.060606060606055,13999.99999999709,4159.9999999998545,-9901.24810765719
13a_features_tempo_real__w60__pre_15s_spread_medio__first <= 1.4226752,1,66,33.33333333333333,24,42,-18,7200.000000003638,132,160.00000000640284,-7200.000000003638,1.003448275862207,-0.10874684608916563,1.2121212121697185,56.060606060606055,13999.99999999709,4159.9999999998545,-9901.24810765719
13a_features_tempo_real__w60__adv_z_pre_15s_spread_medio__max <= 1.6025443,1,132,66.66666666666666,53,79,-26,7280.000000006839,66,80.00000000320142,-7280.000000006839,1.003448275862207,-0.10874684608916563,1.2121212121697185,56.060606060606055,6799.999999999272,11359.999999997672,-9903.248107661155
13a_features_tempo_real__w60__pre_15s_spread_medio__max <= 1.8910468,1,132,66.66666666666666,53,79,-26,7280.000000006839,66,80.00000000320142,-7280.000000006839,1.003448275862207,-0.10874684608916563,1.2121212121697185,56.060606060606055,6799.999999999272,11359.999999997672,-9903.248107661155
13a_features_tempo_real__w60__adv_delta_spread_minimo_15s_30s__mean <= 0.098544431,1,99,50.0,40,59,-19,7120.000000004802,99,240.0000000052387,-7120.000000004802,1.007142857143013,-0.10505226480835961,2.42424242429534,57.57575757575758,12319.999999997526,5839.999999999418,-9957.03135889002
13a_features_tempo_real__w60__adv_z_pre_15s_spread_medio__max <= 0.51316808,1,40,20.2020202020202,12,28,-16,6720.000000002619,158,640.0000000074215,-6720.000000002619,1.011428571428704,-0.1007665505226687,4.050632911439377,55.69620253164557,17759.999999996944,400.0,-9960.459930316221
13a_features_tempo_real__w60__pre_15s_spread_medio__max <= 1.3962745,1,40,20.2020202020202,12,28,-16,6720.000000002619,158,640.0000000074215,-6720.000000002619,1.011428571428704,-0.1007665505226687,4.050632911439377,55.69620253164557,17759.999999996944,400.0,-9960.459930316221
13a_features_tempo_real__last__adv_delta_spread_minimo_15s_30s <= 0.125,1,165,83.33333333333334,67,98,-31,6400.000000008731,33,960.0000000013097,-6400.000000008731,1.080000000000109,-0.032195121951263506,29.090909090948777,54.54545454545454,5679.999999999563,12479.99999999738,-9971.317073180406
13a_features_tempo_real__w60__adv_delta_spread_minimo_15s_30s__last <= 0.125,1,165,83.33333333333334,67,98,-31,6400.000000008731,33,960.0000000013097,-6400.000000008731,1.080000000000109,-0.032195121951263506,29.090909090948777,54.54545454545454,5679.999999999563,12479.99999999738,-9971.317073180406
13a_features_tempo_real__w60__adv_ratio_volatilidade_close_pontos_15s_60s__std <= 0.19491957,1,99,50.0,40,59,-19,7120.000000004802,99,240.0000000052387,-7120.000000004802,1.007142857143013,-0.10505226480835961,2.42424242429534,57.57575757575758,12399.99999999709,5759.9999999998545,-9985.031358889868
13a_features_tempo_real__w60__pre_15s_spread_minimo__std >= 0.18234498,1,66,33.33333333333333,23,43,-20,7280.000000003929,132,80.0000000061118,-7280.000000003929,1.0016949152543668,-0.11050020669700578,0.6060606061069076,55.3030303030303,13439.999999997963,4719.999999998981,-10116.30012402249
13a_features_tempo_real__last__pre_30s_spread_minimo <= 0.8375,1,50,25.252525252525253,16,34,-18,5920.000000003347,148,1440.0000000066939,-5920.000000003347,1.0272727272728541,-0.08492239467851848,9.72972972977496,55.4054054054054,19119.999999997526,-960.0000000005821,-10126.953436810662
13a_features_tempo_real__w60__adv_z_pre_15s_spread_medio__first <= 1.2097583,1,132,66.66666666666666,53,79,-26,7280.000000006839,66,80.00000000320142,-7280.000000006839,1.003448275862207,-0.10874684608916563,1.2121212121697185,56.060606060606055,7439.99999999869,10719.999999998254,-10127.248107660951
13a_features_tempo_real__w60__pre_15s_spread_medio__first <= 1.7126515,1,132,66.66666666666666,53,79,-26,7280.000000006839,66,80.00000000320142,-7280.000000006839,1.003448275862207,-0.10874684608916563,1.2121212121697185,56.060606060606055,7439.99999999869,10719.999999998254,-10127.248107660951
13a_features_tempo_real__w60__adv_ratio_volatilidade_close_pontos_15s_60s__slope <= 0.0030349699,1,73,36.868686868686865,28,45,-17,7600.000000003638,125,-239.99999999359716,-7600.000000003638,0.9944444444445927,-0.11775067750677992,-1.9199999999487773,56.8,13679.99999999738,4479.999999999563,-10148.650406507859
13a_features_tempo_real__w60__adv_delta_spread_minimo_15s_30s__max <= 0.54017857,1,148,74.74747474747475,62,86,-24,7520.000000006985,50,-159.9999999969441,-7520.000000006985,0.990000000000191,-0.12219512195118165,-3.199999999938882,60.0,6959.999999999127,11199.999999997817,-10149.31707317846
13a_features_tempo_real__w60__pre_15s_spread_minimo__std >= 0.071534794,1,158,79.7979797979798,64,94,-30,6880.000000008295,40,480.00000000174623,-6880.000000008295,1.0333333333334547,-0.07886178861791793,12.000000000043656,55.00000000000001,5599.999999999272,12559.999999997672,-10167.31707317986
13a_features_tempo_real__last__pre_30s_spread_minimo <= 0.75,1,42,21.21212121212121,13,29,-16,6160.000000002765,156,1200.000000007276,-6160.000000002765,1.0217391304349144,-0.09045599151645822,7.692307692354333,55.769230769230774,19919.999999997526,-1760.000000000582,-10184.273594912844
13a_features_tempo_real__last__cobertura_60s >= 58,1,23,11.616161616161616,6,17,-11,7920.000000001164,175,-559.9999999911233,-7920.000000001164,0.9907894736843565,-0.12140564826701605,-3.1999999999492763,56.57142857142857,18159.999999996944,0.0,-10198.843388961373
13a_features_tempo_real__w60__adv_delta_spread_minimo_15s_30s__max >= 0.18501742,1,158,79.7979797979798,65,93,-28,6800.000000008004,40,560.0000000020373,-6800.000000008004,1.041176470588385,-0.07101865136298757,14.000000000050932,57.49999999999999,6879.999999999563,11279.99999999738,-10200.611190826714
13a_features_tempo_real__w60__adv_ratio_volatilidade_close_pontos_15s_60s__slope <= 0.011034924,1,122,61.61616161616161,48,74,-26,7200.000000006548,76,160.00000000349246,-7200.000000006548,1.0058823529413048,-0.10631276901006781,2.10526315794069,55.26315789473685,8399.999999998545,9759.9999999984,-10211.78766141315
13a_features_tempo_real__last__adv_delta_spread_minimo_15s_30s <= 0.0625,1,136,68.68686868686868,54,82,-28,6240.0000000074215,62,1120.0000000026193,-6240.0000000074215,1.0500000000001168,-0.06219512195125576,18.064516129074505,54.83870967741935,9599.999999999272,8559.999999997672,-10213.31707317899
13a_features_tempo_real__w60__adv_delta_spread_minimo_15s_30s__last <= 0.0625,1,136,68.68686868686868,54,82,-28,6240.0000000074215,62,1120.0000000026193,-6240.0000000074215,1.0500000000001168,-0.06219512195125576,18.064516129074505,54.83870967741935,9599.999999999272,8559.999999997672,-10213.31707317899
13a_features_tempo_real__w60__adv_delta_spread_minimo_15s_30s__max <= 0.61507937,1,158,79.7979797979798,66,92,-26,7680.000000007567,40,-319.9999999975262,-7680.000000007567,0.9750000000001933,-0.13719512195117933,-7.999999999938154,60.0,5439.999999999418,12719.999999997526,-10286.31707317914
13a_features_tempo_real__last__pre_15s_spread_minimo <= 0.83333333,1,43,21.71717171717172,13,30,-17,6400.00000000291,155,960.0000000071304,-6400.00000000291,1.0173913043479552,-0.09480381760341738,6.193548387142777,55.483870967741936,19119.999999997526,-960.0000000005821,-10328.882290565165
13a_features_tempo_real__w60__adv_delta_spread_minimo_15s_30s__slope <= 0.0093308675,1,164,82.82828282828282,67,97,-30,7120.00000000844,34,240.0000000016007,-7120.00000000844,1.0200000000001335,-0.09219512195123913,7.058823529458844,55.88235294117647,5199.999999998545,12959.9999999984,-10377.317073179744
13a_features_tempo_real__w60__adv_delta_spread_minimo_15s_30s__mean >= 0.0209013,1,178,89.8989898989899,73,105,-32,7120.000000009168,20,240.00000000087311,-7120.000000009168,1.0333333333334547,-0.07886178861791793,12.000000000043656,55.00000000000001,3839.999999999418,14319.999999997526,-10461.317073180784
13a_features_tempo_real__w60__pre_15s_spread_minimo__mean >= 1.1181772,1,99,50.0,39,60,-21,6240.000000005239,99,1120.0000000048021,-6240.000000005239,1.0325581395350234,-0.0796369824163492,11.31313131317982,56.56565656565656,15519.999999998254,2639.9999999986903,-10511.782189455505
13a_features_tempo_real__last__pre_30s_spread_minimo <= 1.1138889,1,119,60.1010101010101,47,72,-25,7520.000000006257,79,-159.9999999962165,-7520.000000006257,0.9942857142858494,-0.11790940766552316,-2.0253164556483103,55.69620253164557,8959.999999999127,9199.999999997817,-10518.745644606335
13a_features_tempo_real__w60__adv_delta_spread_minimo_15s_30s__max >= 0.20982143,1,148,74.74747474747475,60,88,-28,6720.0000000077125,50,640.0000000023283,-6720.0000000077125,1.0363636363637687,-0.07583148558760389,12.800000000046566,56.00000000000001,8719.999999998981,9439.999999997963,-10597.498891360989
13a_features_tempo_real__w60__adv_delta_spread_minimo_15s_30s__delta >= -0.088095238,1,158,79.7979797979798,64,94,-30,7840.000000008149,40,-479.99999999810825,-7840.000000008149,0.966666666666798,-0.1455284552845746,-11.999999999952706,55.00000000000001,3999.9999999992724,14159.999999997672,-10607.317073179709
13a_features_tempo_real__last__pre_60s_volatilidade_close_pontos >= 218.88239,1,66,33.33333333333333,26,40,-14,8000.00000000291,132,-639.9999999928696,-8000.00000000291,0.9857142857144449,-0.12648083623692774,-4.84848484843083,57.57575757575758,15599.999999997817,2559.999999999127,-10611.888501745372
13a_features_tempo_real__w60__adv_ratio_volatilidade_close_pontos_15s_60s__slope <= 0.01294226,1,137,69.1919191919192,54,83,-29,7440.0000000074215,61,-79.99999999738066,-7440.0000000074215,0.9964285714286883,-0.11576655052268425,-1.3114754097931256,54.09836065573771,6719.999999998981,11439.999999997963,-10619.459930321746
13a_features_tempo_real__last__pre_15s_spread_minimo <= 0.90961022,1,50,25.252525252525253,16,34,-18,5920.000000003347,148,1440.0000000066939,-5920.000000003347,1.0272727272728541,-0.08492239467851848,9.72972972977496,55.4054054054054,20799.999999997817,-2640.000000000873,-10714.953436810763
13a_features_tempo_real__w60__adv_z_pre_15s_spread_medio__first <= 0.99795973,1,99,50.0,37,62,-25,8320.00000000553,99,-959.9999999954889,-8320.00000000553,0.9733333333334586,-0.13886178861791398,-9.69696969692413,54.54545454545454,8239.99999999869,9919.999999998254,-10739.31707317689
13a_features_tempo_real__w60__pre_15s_spread_medio__first <= 1.6164569,1,99,50.0,37,62,-25,8320.00000000553,99,-959.9999999954889,-8320.00000000553,0.9733333333334586,-0.13886178861791398,-9.69696969692413,54.54545454545454,8239.99999999869,9919.999999998254,-10739.31707317689
13a_features_tempo_real__w60__pre_15s_spread_minimo__min <= 0.5,1,44,22.22222222222222,13,31,-18,7600.00000000291,154,-239.99999999286956,-7600.00000000291,0.9956521739131726,-0.11654294803819998,-1.5584415583952569,55.1948051948052,16399.99999999709,1759.9999999998545,-10771.92576882588
13a_features_tempo_real__w60__adv_ratio_volatilidade_close_pontos_15s_60s__mean <= 1.1954941,1,178,89.8989898989899,73,105,-32,7120.000000009168,20,240.00000000087311,-7120.000000009168,1.0333333333334547,-0.07886178861791793,12.000000000043656,55.00000000000001,4799.999999999272,13359.999999997672,-10797.317073180733
13a_features_tempo_real__last__adv_ratio_volatilidade_close_pontos_15s_60s <= 1.3048069,1,40,20.2020202020202,13,27,-14,7600.000000002183,158,-239.99999999214197,-7600.000000002183,0.9956521739131858,-0.11654294803818677,-1.5189873417224176,56.32911392405063,18559.99999999767,-400.0000000007276,-10799.92576882535
13a_features_tempo_real__w60__adv_ratio_volatilidade_close_pontos_15s_60s__last <= 1.3048069,1,40,20.2020202020202,13,27,-14,7600.000000002183,158,-239.99999999214197,-7600.000000002183,0.9956521739131858,-0.11654294803818677,-1.5189873417224176,56.32911392405063,18559.99999999767,-400.0000000007276,-10799.92576882535
13a_features_tempo_real__w60__adv_ratio_volatilidade_close_pontos_15s_60s__mean <= 1.0362624,1,148,74.74747474747475,60,88,-28,7680.000000007567,50,-319.9999999975262,-7680.000000007567,0.9818181818183224,-0.13037694013305023,-6.3999999999505235,56.00000000000001,6719.999999998254,11439.99999999869,-10890.226164087857
13a_features_tempo_real__w60__adv_z_pre_15s_spread_medio__first <= 1.3578816,1,148,74.74747474747475,60,88,-28,8640.000000007421,50,-1279.9999999973807,-8640.000000007421,0.9272727272728761,-0.18492239467849647,-25.599999999947613,56.00000000000001,3999.9999999992724,14159.999999997672,-10930.953436815334
13a_features_tempo_real__w60__pre_15s_spread_medio__first <= 1.779926,1,148,74.74747474747475,60,88,-28,8640.000000007421,50,-1279.9999999973807,-8640.000000007421,0.9272727272728761,-0.18492239467849647,-25.599999999947613,56.00000000000001,3999.9999999992724,14159.999999997672,-10930.953436815334
13a_features_tempo_real__w60__adv_z_pre_15s_spread_medio__std <= 0.30047051,1,158,79.7979797979798,64,94,-30,7840.000000008149,40,-479.99999999810825,-7840.000000008149,0.966666666666798,-0.1455284552845746,-11.999999999952706,55.00000000000001,4959.9999999998545,13199.99999999709,-10943.317073179913
13a_features_tempo_real__w60__pre_15s_spread_medio__std <= 0.13646754,1,158,79.7979797979798,64,94,-30,7840.000000008149,40,-479.99999999810825,-7840.000000008149,0.966666666666798,-0.1455284552845746,-11.999999999952706,55.00000000000001,4959.9999999998545,13199.99999999709,-10943.317073179913
13a_features_tempo_real__w60__pre_15s_spread_minimo__min <= 0.625,1,52,26.262626262626267,16,36,-20,7360.0000000034925,146,6.548361852765083e-09,-7360.0000000034925,1.0000000000001241,-0.11219512195124848,4.485179351208961e-11,54.794520547945204,16639.999999997235,1519.999999999709,-11079.317073174343
13a_features_tempo_real__w60__adv_z_pre_15s_spread_medio__slope <= 0.0089941664,1,137,69.1919191919192,54,83,-29,7440.0000000074215,61,-79.99999999738066,-7440.0000000074215,0.9964285714286883,-0.11576655052268425,-1.3114754097931256,54.09836065573771,8079.999999998108,10079.999999998836,-11095.45993032144
13a_features_tempo_real__w60__pre_15s_spread_medio__slope <= 0.0040849658,1,137,69.1919191919192,54,83,-29,7440.0000000074215,61,-79.99999999738066,-7440.0000000074215,0.9964285714286883,-0.11576655052268425,-1.3114754097931256,54.09836065573771,8079.999999998108,10079.999999998836,-11095.45993032144
13a_features_tempo_real__w60__adv_z_pre_15s_spread_medio__std <= 0.26617339,1,148,74.74747474747475,60,88,-28,7680.000000007567,50,-319.9999999975262,-7680.000000007567,0.9818181818183224,-0.13037694013305023,-6.3999999999505235,56.00000000000001,7359.9999999998545,10799.99999999709,-11114.226164088417
13a_features_tempo_real__w60__pre_15s_spread_medio__std <= 0.12089049,1,148,74.74747474747475,60,88,-28,7680.000000007567,50,-319.9999999975262,-7680.000000007567,0.9818181818183224,-0.13037694013305023,-6.3999999999505235,56.00000000000001,7359.9999999998545,10799.99999999709,-11114.226164088417
13a_features_tempo_real__w60__adv_delta_spread_minimo_15s_30s__max <= 0.8675,1,178,89.8989898989899,73,105,-32,8080.000000009022,20,-719.9999999989814,-8080.000000009022,0.9000000000001415,-0.21219512195123114,-35.99999999994907,55.00000000000001,2800.0,15359.999999996944,-11137.317073180831
13a_features_tempo_real__w60__adv_z_pre_15s_spread_medio__min <= -0.0072966757,1,50,25.252525252525253,16,34,-18,7840.000000003056,148,-479.9999999930151,-7840.000000003056,0.9909090909092232,-0.12128603104214941,-3.243243243196048,55.4054054054054,16559.999999996944,1600.0,-11172.771618628345
13a_features_tempo_real__w60__pre_15s_spread_medio__min <= 1.1598901,1,50,25.252525252525253,16,34,-18,7840.000000003056,148,-479.9999999930151,-7840.000000003056,0.9909090909092232,-0.12128603104214941,-3.243243243196048,55.4054054054054,16559.999999996944,1600.0,-11172.771618628345
13a_features_tempo_real__w60__adv_z_pre_15s_spread_medio__mean <= 0.19623279,1,40,20.2020202020202,11,29,-18,7760.000000002765,158,-399.99999999272404,-7760.000000002765,0.9929577464790014,-0.11923737547237123,-2.5316455695742026,55.06329113924051,17359.999999996944,800.0,-11201.542425286189
13a_features_tempo_real__w60__pre_15s_spread_medio__mean <= 1.252329,1,40,20.2020202020202,11,29,-18,7760.000000002765,158,-399.99999999272404,-7760.000000002765,0.9929577464790014,-0.11923737547237123,-2.5316455695742026,55.06329113924051,17359.999999996944,800.0,-11201.542425286189
13a_features_tempo_real__window__n >= 53,1,57,28.78787878787879,19,38,-19,7360.0000000034925,141,6.548361852765083e-09,-7360.0000000034925,1.00000000000013,-0.1121951219512427,4.6442282643723994e-11,55.319148936170215,17359.99999999767,799.9999999992724,-11251.317073174494
13a_features_tempo_real__last__pre_60s_bid_size_medio_soma <= 95.584295,1,178,89.8989898989899,73,105,-32,8080.000000009022,20,-719.9999999989814,-8080.000000009022,0.9000000000001415,-0.21219512195123114,-35.99999999994907,55.00000000000001,3279.9999999995634,14879.99999999738,-11305.317073180679
13a_features_tempo_real__last__adv_ratio_volatilidade_close_pontos_15s_60s <= 1.326167,1,79,39.8989898989899,32,47,-15,8720.000000003347,119,-1359.9999999933061,-8720.000000003347,0.9660000000001674,-0.1461951219512052,-11.428571428515177,57.98319327731093,14399.999999997817,3759.999999999127,-11309.717073174375
13a_features_tempo_real__w60__adv_ratio_volatilidade_close_pontos_15s_60s__last <= 1.326167,1,79,39.8989898989899,32,47,-15,8720.000000003347,119,-1359.9999999933061,-8720.000000003347,0.9660000000001674,-0.1461951219512052,-11.428571428515177,57.98319327731093,14399.999999997817,3759.999999999127,-11309.717073174375
13a_features_tempo_real__last__pre_60s_volatilidade_close_pontos >= 171.35384,1,132,66.66666666666666,55,77,-22,8080.000000006112,66,-719.999999996071,-8080.000000006112,0.9666666666668485,-0.14552845528452407,-10.909090909031379,59.09090909090909,10559.999999999127,7599.999999997817,-11381.31707317759
13a_features_tempo_real__w60__adv_ratio_volatilidade_close_pontos_15s_60s__min <= 0.68785108,1,132,66.66666666666666,52,80,-28,8320.000000006985,66,-959.9999999969441,-8320.000000006985,0.9600000000001273,-0.1521951219512453,-14.545454545408244,54.54545454545454,7039.999999997963,11119.999999998981,-11383.317073178088
13a_features_tempo_real__w60__adv_ratio_volatilidade_close_pontos_15s_60s__mean <= 1.0692821,1,158,79.7979797979798,64,94,-30,7840.000000008149,40,-479.99999999810825,-7840.000000008149,0.966666666666798,-0.1455284552845746,-11.999999999952706,55.00000000000001,6239.99999999869,11919.999999998254,-11391.317073179505
13a_features_tempo_real__w60__pre_15s_spread_minimo__min <= 0.75,1,80,40.4040404040404,29,51,-22,7280.000000004657,118,80.00000000538421,-7280.000000004657,1.001886792452957,-0.11030832949841551,0.6779661017405442,55.08474576271186,15519.999999997526,2639.999999999418,-11412.18499770391
13a_features_tempo_real__w60__adv_ratio_volatilidade_close_pontos_15s_60s__slope <= 0.0016775403,1,61,30.808080808080806,23,38,-15,8960.000000002765,137,-1599.999999992724,-8960.000000002765,0.9661016949154084,-0.14609342703596417,-11.678832116735212,56.934306569343065,15039.999999997235,3119.999999999709,-11467.656056224445
13a_features_tempo_real__w60__adv_ratio_volatilidade_close_pontos_15s_60s__max <= 1.3411207,1,79,39.8989898989899,32,47,-15,8720.000000003347,119,-1359.9999999933061,-8720.000000003347,0.9660000000001674,-0.1461951219512052,-11.428571428515177,57.98319327731093,14879.999999996653,3280.000000000291,-11477.717073173968
13a_features_tempo_real__last__pre_30s_spread_minimo >= 1.1303804,1,66,33.33333333333333,24,42,-18,8160.0000000034925,132,-799.9999999934516,-8160.0000000034925,0.9827586206897962,-0.12943650126157635,-6.060606060556452,56.060606060606055,16079.99999999738,2079.9999999995634,-11601.661900760591
13a_features_tempo_real__last__pre_15s_spread_minimo <= 1,1,83,41.91919191919192,30,53,-23,7920.000000004802,115,-559.9999999947613,-7920.000000004802,0.9865384615385875,-0.12565666041278511,-4.869565217345751,54.78260869565217,13599.99999999709,4559.9999999998545,-11605.393996252524
13a_features_tempo_real__w60__adv_delta_spread_minimo_15s_30s__slope >= 9.9962238e-05,1,92,46.464646464646464,35,57,-22,8720.000000004802,106,-1359.9999999947613,-8720.000000004802,0.9638297872341819,-0.1483653347171907,-12.830188679195862,55.660377358490564,11359.9999999984,6799.999999998545,-11623.019200835626
13a_features_tempo_real__w60__adv_ratio_volatilidade_close_pontos_15s_60s__std <= 0.2094795,1,119,60.1010101010101,49,70,-21,8320.00000000553,79,-959.9999999954889,-8320.00000000553,0.9636363636365345,-0.1485587583148381,-12.151898734120113,58.22784810126582,11679.99999999738,6479.999999999563,-11629.135254994584
13a_features_tempo_real__w60__adv_z_pre_15s_spread_medio__max <= 0.90194072,1,66,33.33333333333333,23,43,-20,8240.000000003783,132,-879.9999999937427,-8240.000000003783,0.9813559322035224,-0.13083918974785025,-6.666666666619263,55.3030303030303,15039.999999997235,3119.999999999709,-11648.503513852596
13a_features_tempo_real__w60__pre_15s_spread_medio__max <= 1.572847,1,66,33.33333333333333,23,43,-20,8240.000000003783,132,-879.9999999937427,-8240.000000003783,0.9813559322035224,-0.13083918974785025,-6.666666666619263,55.3030303030303,15039.999999997235,3119.999999999709,-11648.503513852596
13a_features_tempo_real__w60__adv_delta_spread_minimo_15s_30s__delta >= 0,1,137,69.1919191919192,55,82,-27,8320.000000006985,61,-959.9999999969441,-8320.000000006985,0.955555555555697,-0.15663956639567556,-15.73770491798269,55.73770491803278,8079.999999998108,10079.999999998836,-11669.983739844798
13a_features_tempo_real__window__n >= 46,1,102,51.515151515151516,39,63,-24,7920.00000000553,96,-559.9999999954889,-7920.00000000553,0.9837209302326893,-0.12847419171868335,-5.833333333286343,55.208333333333336,12559.999999997672,5599.999999999272,-11731.084515036993
13a_features_tempo_real__w60__adv_z_pre_15s_spread_medio__mean <= 0.56084376,1,66,33.33333333333333,23,43,-20,8240.000000003783,132,-879.9999999937427,-8240.000000003783,0.9813559322035224,-0.13083918974785025,-6.666666666619263,55.3030303030303,15359.999999996944,2800.0,-11760.503513852495
13a_features_tempo_real__w60__pre_15s_spread_medio__mean <= 1.4179278,1,66,33.33333333333333,23,43,-20,8240.000000003783,132,-879.9999999937427,-8240.000000003783,0.9813559322035224,-0.13083918974785025,-6.666666666619263,55.3030303030303,15359.999999996944,2800.0,-11760.503513852495
13a_features_tempo_real__w60__pre_15s_spread_minimo__std >= 0.11980097,1,119,60.1010101010101,46,73,-27,7600.000000006548,79,-239.99999999650754,-7600.000000006548,0.9916666666667879,-0.12052845528458467,-3.0379746835000954,54.43037974683544,11359.9999999984,6799.999999998545,-11770.317073177808
13a_features_tempo_real__last__pre_15s_spread_minimo <= 1.1011905,1,99,50.0,37,62,-25,8320.00000000553,99,-959.9999999954889,-8320.00000000553,0.9733333333334586,-0.13886178861791398,-9.69696969692413,54.54545454545454,11359.9999999984,6799.999999998545,-11831.317073176788
13a_features_tempo_real__w60__adv_z_pre_15s_spread_medio__first <= 1.5205563,1,158,79.7979797979798,64,94,-30,8800.000000008004,40,-1439.9999999979627,-8800.000000008004,0.9000000000001415,-0.21219512195123114,-35.99999999994907,55.00000000000001,4799.999999999272,13359.999999997672,-11887.317073179558
13a_features_tempo_real__w60__pre_15s_spread_medio__first <= 1.8538095,1,158,79.7979797979798,64,94,-30,8800.000000008004,40,-1439.9999999979627,-8800.000000008004,0.9000000000001415,-0.21219512195123114,-35.99999999994907,55.00000000000001,4799.999999999272,13359.999999997672,-11887.317073179558
13a_features_tempo_real__w60__pre_15s_spread_minimo__min <= 0.8875,1,99,50.0,37,62,-25,7360.000000005675,99,4.3655745685100555e-09,-7360.000000005675,1.0000000000001212,-0.11219512195125136,4.4096712813232884e-11,54.54545454545454,14399.999999997817,3759.999999999127,-11919.317073176731
13a_features_tempo_real__w60__adv_ratio_volatilidade_close_pontos_15s_60s__slope <= 0.0081896313,1,110,55.55555555555556,42,68,-26,8640.000000005966,88,-1279.9999999959255,-8640.000000005966,0.9600000000001273,-0.1521951219512453,-14.545454545408244,54.54545454545454,9679.999999998108,8479.999999998836,-11923.31707317712
13a_features_tempo_real__last__pre_60s_bid_size_medio_soma <= 88.568564,1,158,79.7979797979798,64,94,-30,7840.000000008149,40,-479.99999999810825,-7840.000000008149,0.966666666666798,-0.1455284552845746,-11.999999999952706,55.00000000000001,7839.999999999418,10319.999999997526,-11951.31707317976
13a_features_tempo_real__last__cobertura_60s <= 49,1,103,52.02020202020202,41,62,-21,8960.000000004948,95,-1599.9999999949068,-8960.000000004948,0.9512195121952772,-0.16097560975609537,-16.842105263104283,56.84210526315789,11599.999999997817,6559.999999999127,-11976.585365858911
13a_features_tempo_real__last__adv_z_pre_15s_spread_medio <= 0.9350199,1,99,50.0,38,61,-23,9200.000000005093,99,-1839.9999999950523,-9200.000000005093,0.9477272727274133,-0.1644678492239593,-18.58585858580861,55.55555555555556,10399.99999999709,7759.9999999998545,-12060.68070953952
13a_features_tempo_real__last__pre_15s_spread_medio <= 1.5878709,1,99,50.0,38,61,-23,9200.000000005093,99,-1839.9999999950523,-9200.000000005093,0.9477272727274133,-0.1644678492239593,-18.58585858580861,55.55555555555556,10399.99999999709,7759.9999999998545,-12060.68070953952
13a_features_tempo_real__w60__adv_z_pre_15s_spread_medio__last <= 0.9350199,1,99,50.0,38,61,-23,9200.000000005093,99,-1839.9999999950523,-9200.000000005093,0.9477272727274133,-0.1644678492239593,-18.58585858580861,55.55555555555556,10399.99999999709,7759.9999999998545,-12060.68070953952
13a_features_tempo_real__w60__pre_15s_spread_medio__last <= 1.5878709,1,99,50.0,38,61,-23,9200.000000005093,99,-1839.9999999950523,-9200.000000005093,0.9477272727274133,-0.1644678492239593,-18.58585858580861,55.55555555555556,10399.99999999709,7759.9999999998545,-12060.68070953952
13a_features_tempo_real__w60__adv_ratio_volatilidade_close_pontos_15s_60s__min >= 0.48889879,1,158,79.7979797979798,65,93,-28,8720.000000007713,40,-1359.9999999976717,-8720.000000007713,0.9000000000001712,-0.21219512195120138,-33.99999999994179,57.49999999999999,6479.999999998836,11679.999999998108,-12065.317073179096
13a_features_tempo_real__last__cobertura_30s >= 27,1,64,32.323232323232325,22,42,-20,7840.0000000037835,134,-479.9999999937427,-7840.0000000037835,0.9900000000001303,-0.12219512195124227,-3.5820895521921097,55.223880597014926,17519.999999997526,639.9999999994179,-12077.317073174732
13a_features_tempo_real__window__n >= 17,1,159,80.3030303030303,64,95,-31,8080.000000008295,39,-719.9999999982538,-8080.000000008295,0.9500000000001213,-0.1621951219512513,-18.461538461493685,53.84615384615385,7039.99999999869,11119.999999998254,-12103.317073179656
13a_features_tempo_real__w60__adv_ratio_volatilidade_close_pontos_15s_60s__delta <= 0.23977579,1,79,39.8989898989899,31,48,-17,7840.0000000037835,119,-479.9999999937427,-7840.0000000037835,0.9882352941178004,-0.12395982783357218,-4.033613445325568,57.14285714285714,18399.99999999709,-240.00000000014552,-12146.375896703978
13a_features_tempo_real__w60__adv_ratio_volatilidade_close_pontos_15s_60s__first <= 1.3125659,1,158,79.7979797979798,64,94,-30,8800.000000008004,40,-1439.9999999979627,-8800.000000008004,0.9000000000001415,-0.21219512195123114,-35.99999999994907,55.00000000000001,5839.99999999869,12319.999999998254,-12251.317073179354
13a_features_tempo_real__w60__pre_15s_spread_minimo__std >= 0.10314262,1,132,66.66666666666666,52,80,-28,8320.000000006985,66,-959.9999999969441,-8320.000000006985,0.9600000000001273,-0.1521951219512453,-14.545454545408244,54.54545454545454,9679.999999998836,8479.999999998108,-12307.317073178394
13a_features_tempo_real__window__n >= 55,1,43,21.71717171717172,13,30,-17,8320.00000000262,155,-959.9999999925785,-8320.00000000262,0.9826086956523084,-0.12958642629906425,-6.193548387048894,55.483870967741936,19279.99999999738,-1120.0000000004366,-12325.751855782211
13a_features_tempo_real__last__pre_30s_spread_minimo <= 1,1,107,54.04040404040404,41,66,-25,8960.000000005675,91,-1599.9999999956344,-8960.000000005675,0.951219512195255,-0.16097560975611758,-17.582417582369608,54.94505494505495,11119.999999998981,7039.999999997963,-12536.585365860059
13a_features_tempo_real__w60__adv_z_pre_15s_spread_medio__mean <= 0.42309863,1,50,25.252525252525253,15,35,-20,8880.000000003201,148,-1519.9999999931606,-8880.000000003201,0.9716417910449037,-0.14055333090646893,-10.270270270224058,54.729729729729726,16799.999999995634,1360.0000000013097,-12638.331998546624
13a_features_tempo_real__w60__pre_15s_spread_medio__mean <= 1.3553668,1,50,25.252525252525253,15,35,-20,8880.000000003201,148,-1519.9999999931606,-8880.000000003201,0.9716417910449037,-0.14055333090646893,-10.270270270224058,54.729729729729726,16799.999999995634,1360.0000000013097,-12638.331998546624
13a_features_tempo_real__last__pre_60s_volatilidade_close_pontos >= 179.17417,1,119,60.1010101010101,48,71,-23,9360.000000005675,79,-1999.9999999956344,-9360.000000005675,0.9264705882354546,-0.18572453371591802,-25.316455696147273,56.9620253164557,10719.999999998981,7439.999999997963,-12685.434720235939
13a_features_tempo_real__w60__adv_ratio_volatilidade_close_pontos_15s_60s__slope >= -0.0012057281,1,146,73.73737373737373,59,87,-28,9200.000000007276,52,-1839.9999999972351,-9200.000000007276,0.9000000000001502,-0.21219512195122237,-35.38461538456222,55.769230769230774,7679.999999998836,10479.999999998108,-12761.31707317867
13a_features_tempo_real__w60__adv_ratio_volatilidade_close_pontos_15s_60s__slope <= 0.028523823,1,164,82.82828282828282,66,98,-32,9120.00000000844,34,-1759.9999999983993,-9120.00000000844,0.8625000000001251,-0.24969512195124755,-51.76470588230586,52.94117647058824,5119.999999998981,13039.999999997963,-12773.817073179902
13a_features_tempo_real__w60__adv_z_pre_15s_spread_medio__delta >= -0.15711013,1,132,66.66666666666666,54,78,-24,9120.000000006257,66,-1759.9999999962165,-9120.000000006257,0.9214285714287404,-0.19076655052263225,-26.66666666660934,57.57575757575758,10639.999999997963,7519.999999998981,-12806.459930320194
13a_features_tempo_real__w60__pre_15s_spread_medio__delta >= -0.071356195,1,132,66.66666666666666,54,78,-24,9120.000000006257,66,-1759.9999999962165,-9120.000000006257,0.9214285714287404,-0.19076655052263225,-26.66666666660934,57.57575757575758,10639.999999997963,7519.999999998981,-12806.459930320194
13a_features_tempo_real__w60__adv_delta_spread_minimo_15s_30s__max <= 0.36458333,1,99,50.0,38,61,-23,9200.000000005093,99,-1839.9999999950523,-9200.000000005093,0.9477272727274133,-0.1644678492239593,-18.58585858580861,55.55555555555556,12639.999999997963,5519.999999998981,-12844.680709539825
13a_features_tempo_real__w60__adv_z_pre_15s_spread_medio__min <= 1.3394998,1,178,89.8989898989899,71,107,-36,9200.000000009459,20,-1839.999999999418,-9200.000000009459,0.7909090909091571,-0.32128603104221554,-91.9999999999709,45.0,2719.999999999709,15439.999999997235,-12954.771618635756
13a_features_tempo_real__w60__pre_15s_spread_medio__min <= 1.7715774,1,178,89.8989898989899,71,107,-36,9200.000000009459,20,-1839.999999999418,-9200.000000009459,0.7909090909091571,-0.32128603104221554,-91.9999999999709,45.0,2719.999999999709,15439.999999997235,-12954.771618635756
13a_features_tempo_real__w60__adv_ratio_volatilidade_close_pontos_15s_60s__max <= 1.3652152,1,99,50.0,41,58,-17,9920.000000004075,99,-2559.9999999940337,-9920.000000004075,0.921951219512377,-0.19024390243899558,-25.858585858525593,58.58585858585859,14159.999999996944,4000.0,-13122.146341467473
13a_features_tempo_real__last__pre_30s_spread_minimo <= 1.25,1,160,80.8080808080808,64,96,-32,10240.000000008149,38,-2879.9999999981083,-10240.000000008149,0.8000000000001314,-0.3121951219512412,-75.78947368416074,52.63157894736842,3759.9999999983993,14399.999999998545,-13387.317073179403
13a_features_tempo_real__last__adv_ratio_volatilidade_close_pontos_15s_60s <= 1.3181448,1,66,33.33333333333333,25,41,-16,10000.00000000291,132,-2639.9999999928696,-10000.00000000291,0.9421052631580511,-0.1700898587933215,-19.99999999994598,56.81818181818182,16799.999999997817,1359.9999999991269,-13388.053915279208
13a_features_tempo_real__w60__adv_ratio_volatilidade_close_pontos_15s_60s__last <= 1.3181448,1,66,33.33333333333333,25,41,-16,10000.00000000291,132,-2639.9999999928696,-10000.00000000291,0.9421052631580511,-0.1700898587933215,-19.99999999994598,56.81818181818182,16799.999999997817,1359.9999999991269,-13388.053915279208
13a_features_tempo_real__last__adv_z_pre_15s_spread_medio <= 0.27151487,1,40,20.2020202020202,10,30,-20,9760.000000002765,158,-2399.999999992724,-9760.000000002765,0.9583333333334596,-0.153861788617913,-15.189873417675468,54.43037974683544,17359.999999996944,800.0,-13552.317073173514
13a_features_tempo_real__last__pre_15s_spread_medio <= 1.2865206,1,40,20.2020202020202,10,30,-20,9760.000000002765,158,-2399.999999992724,-9760.000000002765,0.9583333333334596,-0.153861788617913,-15.189873417675468,54.43037974683544,17359.999999996944,800.0,-13552.317073173514
13a_features_tempo_real__w60__adv_z_pre_15s_spread_medio__min <= -0.16004668,1,40,20.2020202020202,10,30,-20,9760.000000002765,158,-2399.999999992724,-9760.000000002765,0.9583333333334596,-0.153861788617913,-15.189873417675468,54.43037974683544,17359.999999996944,800.0,-13552.317073173514
13a_features_tempo_real__w60__adv_z_pre_15s_spread_medio__last <= 0.27151487,1,40,20.2020202020202,10,30,-20,9760.000000002765,158,-2399.999999992724,-9760.000000002765,0.9583333333334596,-0.153861788617913,-15.189873417675468,54.43037974683544,17359.999999996944,800.0,-13552.317073173514
13a_features_tempo_real__w60__pre_15s_spread_medio__min <= 1.0905142,1,40,20.2020202020202,10,30,-20,9760.000000002765,158,-2399.999999992724,-9760.000000002765,0.9583333333334596,-0.153861788617913,-15.189873417675468,54.43037974683544,17359.999999996944,800.0,-13552.317073173514
13a_features_tempo_real__w60__pre_15s_spread_medio__last <= 1.2865206,1,40,20.2020202020202,10,30,-20,9760.000000002765,158,-2399.999999992724,-9760.000000002765,0.9583333333334596,-0.153861788617913,-15.189873417675468,54.43037974683544,17359.999999996944,800.0,-13552.317073173514
13a_features_tempo_real__w60__adv_delta_spread_minimo_15s_30s__delta <= 0.06952381,1,158,79.7979797979798,63,95,-32,8880.000000008295,40,-1519.9999999982538,-8880.000000008295,0.9000000000001149,-0.21219512195125767,-37.999999999956344,52.5,8399.999999999272,9759.999999997672,-13557.317073179864
13a_features_tempo_real__w60__adv_ratio_volatilidade_close_pontos_15s_60s__slope <= 0.014786889,1,146,73.73737373737373,57,89,-32,9360.000000007858,52,-1999.9999999978172,-9360.000000007858,0.9000000000001092,-0.21219512195126344,-38.46153846149649,51.92307692307693,8239.99999999869,9919.999999998254,-13777.317073179227
13a_features_tempo_real__last__adv_ratio_volatilidade_close_pontos_15s_60s <= 1.309477,1,50,25.252525252525253,17,33,-16,10640.000000002328,148,-3279.9999999922875,-10640.000000002328,0.9369230769232253,-0.1752720450281473,-22.16216216211005,56.08108108108109,16959.99999999767,1199.9999999992724,-13815.163227019471
13a_features_tempo_real__w60__adv_ratio_volatilidade_close_pontos_15s_60s__last <= 1.309477,1,50,25.252525252525253,17,33,-16,10640.000000002328,148,-3279.9999999922875,-10640.000000002328,0.9369230769232253,-0.1752720450281473,-22.16216216211005,56.08108108108109,16959.99999999767,1199.9999999992724,-13815.163227019471
13a_features_tempo_real__w60__adv_z_pre_15s_spread_medio__max <= 0.63581006,1,50,25.252525252525253,15,35,-20,9840.000000003056,148,-2479.999999993015,-9840.000000003056,0.9537313432837125,-0.15846377866766015,-16.75675675670956,54.729729729729726,17599.999999995634,560.0000000013097,-13889.078267203193
13a_features_tempo_real__w60__pre_15s_spread_medio__max <= 1.451976,1,50,25.252525252525253,15,35,-20,9840.000000003056,148,-2479.999999993015,-9840.000000003056,0.9537313432837125,-0.15846377866766015,-16.75675675670956,54.729729729729726,17599.999999995634,560.0000000013097,-13889.078267203193
13a_features_tempo_real__w60__adv_z_pre_15s_spread_medio__slope >= 0.0012968769,1,92,46.464646464646464,35,57,-22,9680.000000004657,106,-2319.999999994616,-9680.000000004657,0.9382978723405687,-0.17389724961080388,-21.886792452779396,55.660377358490564,15199.99999999709,2959.9999999998545,-13942.33834977119
13a_features_tempo_real__w60__pre_15s_spread_medio__slope >= 0.00058901489,1,92,46.464646464646464,35,57,-22,9680.000000004657,106,-2319.999999994616,-9680.000000004657,0.9382978723405687,-0.17389724961080388,-21.886792452779396,55.660377358490564,15199.99999999709,2959.9999999998545,-13942.33834977119
13a_features_tempo_real__w60__adv_z_pre_15s_spread_medio__delta >= -0.54223817,1,178,89.8989898989899,72,106,-34,9120.000000009168,20,-1759.9999999991269,-9120.000000009168,0.7800000000001092,-0.33219512195126344,-87.99999999995634,50.0,7039.999999999418,11119.999999997526,-14063.317073180791
13a_features_tempo_real__w60__pre_15s_spread_medio__delta >= -0.24627345,1,178,89.8989898989899,72,106,-34,9120.000000009168,20,-1759.9999999991269,-9120.000000009168,0.7800000000001092,-0.33219512195126344,-87.99999999995634,50.0,7039.999999999418,11119.999999997526,-14063.317073180791
13a_features_tempo_real__last__cobertura_60s >= 54,1,46,23.232323232323232,14,32,-18,9920.00000000262,152,-2559.9999999925785,-9920.00000000262,0.9529411764707246,-0.15925394548064797,-16.84210526310907,55.26315789473685,19279.99999999738,-1120.0000000004366,-14159.55236729116
13a_features_tempo_real__w60__adv_ratio_volatilidade_close_pontos_15s_60s__max <= 1.4033961,1,119,60.1010101010101,47,72,-25,9440.000000005966,79,-2079.9999999959255,-9440.000000005966,0.9257142857144313,-0.18648083623694134,-26.329113923999056,55.69620253164557,13759.9999999984,4399.999999998545,-14159.88850174864
13a_features_tempo_real__w60__adv_ratio_volatilidade_close_pontos_15s_60s__first <= 1.3893412,1,178,89.8989898989899,72,106,-34,10080.000000009022,20,-2719.9999999989814,-10080.000000009022,0.6600000000001274,-0.4521951219512452,-135.99999999994907,50.0,4399.999999999272,13759.999999997672,-14171.317073180584
13a_features_tempo_real__last__pre_15s_spread_minimo <= 1.1666667,1,122,61.61616161616161,46,76,-30,10240.000000006694,76,-2879.999999996653,-10240.000000006694,0.9000000000001163,-0.21219512195125634,-37.89473684206123,52.63157894736842,9039.99999999869,9119.999999998254,-14199.31707317806
13a_features_tempo_real__last__cobertura_15s <= 11,1,53,26.767676767676768,17,36,-19,10400.00000000291,145,-3039.9999999928696,-10400.00000000291,0.9415384615385987,-0.17065666041277394,-20.965517241330136,55.172413793103445,17199.999999997817,959.9999999991269,-14202.393996250881
13a_features_tempo_real__last__cobertura_60s >= 46,1,167,84.34343434343434,67,100,-33,9760.000000008586,31,-2399.999999998545,-9760.000000008586,0.8000000000001213,-0.3121951219512513,-77.41935483866274,51.61290322580645,6879.999999998836,11279.999999998108,-14283.317073179998
13a_features_tempo_real__w60__adv_z_pre_15s_spread_medio__std >= 0.11937539,1,148,74.74747474747475,58,90,-32,10720.000000007713,50,-3359.9999999976717,-10720.000000007713,0.8250000000001213,-0.2871951219512513,-67.19999999995343,52.0,5759.9999999998545,12399.99999999709,-14348.317073179482
13a_features_tempo_real__w60__pre_15s_spread_medio__std >= 0.054217853,1,148,74.74747474747475,58,90,-32,10720.000000007713,50,-3359.9999999976717,-10720.000000007713,0.8250000000001213,-0.2871951219512513,-67.19999999995343,52.0,5759.9999999998545,12399.99999999709,-14348.317073179482
13a_features_tempo_real__last__preco >= 28007.25,1,40,20.2020202020202,11,29,-18,10640.000000002328,158,-3279.9999999922875,-10640.000000002328,0.9422535211268963,-0.1699416008244763,-20.759493670837262,55.06329113924051,18159.999999996944,0.0,-14391.964960497015
13a_features_tempo_real__last__preco >= 27765.175,1,178,89.8989898989899,72,106,-34,10080.000000009022,20,-2719.9999999989814,-10080.000000009022,0.6600000000001274,-0.4521951219512452,-135.99999999994907,50.0,5359.999999999127,12799.999999997817,-14507.317073180533
13a_features_tempo_real__last__adv_delta_spread_minimo_15s_30s <= 0,1,124,62.62626262626263,47,77,-30,8720.000000006985,74,-1359.999999996944,-8720.000000006985,0.9514285714286805,-0.16076655052269206,-18.378378378337082,52.702702702702695,14399.999999999272,3759.9999999976717,-14558.459930321416
13a_features_tempo_real__w60__adv_delta_spread_minimo_15s_30s__last <= 0,1,124,62.62626262626263,47,77,-30,8720.000000006985,74,-1359.999999996944,-8720.000000006985,0.9514285714286805,-0.16076655052269206,-18.378378378337082,52.702702702702695,14399.999999999272,3759.9999999976717,-14558.459930321416
13a_features_tempo_real__last__adv_ratio_volatilidade_close_pontos_15s_60s <= 1.3416092,1,99,50.0,40,59,-19,10960.00000000422,99,-3599.9999999941792,-10960.00000000422,0.8928571428573161,-0.2193379790940565,-36.36363636357757,57.57575757575758,14319.999999996799,3840.0000000001455,-14565.602787460602
13a_features_tempo_real__w60__adv_ratio_volatilidade_close_pontos_15s_60s__last <= 1.3416092,1,99,50.0,40,59,-19,10960.00000000422,99,-3599.9999999941792,-10960.00000000422,0.8928571428573161,-0.2193379790940565,-36.36363636357757,57.57575757575758,14319.999999996799,3840.0000000001455,-14565.602787460602
13a_features_tempo_real__last__adv_z_pre_15s_spread_medio <= 0.42139884,1,50,25.252525252525253,15,35,-20,10800.00000000291,148,-3439.9999999928696,-10800.00000000291,0.9358208955225211,-0.17637422642885148,-23.243243243195064,54.729729729729726,16799.999999995634,1360.0000000013097,-14579.824535859763
13a_features_tempo_real__last__pre_15s_spread_medio <= 1.3545948,1,50,25.252525252525253,15,35,-20,10800.00000000291,148,-3439.9999999928696,-10800.00000000291,0.9358208955225211,-0.17637422642885148,-23.243243243195064,54.729729729729726,16799.999999995634,1360.0000000013097,-14579.824535859763
13a_features_tempo_real__w60__adv_z_pre_15s_spread_medio__last <= 0.42139884,1,50,25.252525252525253,15,35,-20,10800.00000000291,148,-3439.9999999928696,-10800.00000000291,0.9358208955225211,-0.17637422642885148,-23.243243243195064,54.729729729729726,16799.999999995634,1360.0000000013097,-14579.824535859763
13a_features_tempo_real__w60__pre_15s_spread_medio__last <= 1.3545948,1,50,25.252525252525253,15,35,-20,10800.00000000291,148,-3439.9999999928696,-10800.00000000291,0.9358208955225211,-0.17637422642885148,-23.243243243195064,54.729729729729726,16799.999999995634,1360.0000000013097,-14579.824535859763
13a_features_tempo_real__last__pre_60s_volatilidade_close_pontos >= 203.87989,1,79,39.8989898989899,30,49,-19,10800.000000003638,119,-3439.999999993597,-10800.000000003638,0.9173076923078463,-0.19488742964352634,-28.90756302515628,56.30252100840336,15919.999999998254,2239.9999999986903,-14610.932457790212
13a_features_tempo_real__w60__adv_z_pre_15s_spread_medio__slope <= 0.011713732,1,146,73.73737373737373,57,89,-32,10320.000000007713,52,-2959.9999999976717,-10320.000000007713,0.8520000000001164,-0.26019512195125616,-56.92307692303215,51.92307692307693,8079.999999998108,10079.999999998836,-14710.117073178873
13a_features_tempo_real__w60__pre_15s_spread_medio__slope <= 0.0053201367,1,146,73.73737373737373,57,89,-32,10320.000000007713,52,-2959.9999999976717,-10320.000000007713,0.8520000000001164,-0.26019512195125616,-56.92307692303215,51.92307692307693,8079.999999998108,10079.999999998836,-14710.117073178873
13a_features_tempo_real__window__n >= 35.8,1,119,60.1010101010101,45,74,-29,10560.000000006403,79,-3199.999999996362,-10560.000000006403,0.8918918918920148,-0.2203032300593578,-40.506329113878,53.16455696202531,10239.999999997235,7919.999999999709,-14728.181938042118
13a_features_tempo_real__w60__pre_15s_spread_minimo__mean <= 1.4385613,1,178,89.8989898989899,70,108,-38,10240.000000009604,20,-2879.9999999995634,-10240.000000009604,0.7000000000000455,-0.4121951219513271,-143.99999999997817,40.0,3759.9999999998545,14399.99999999709,-14743.317073181419
13a_features_tempo_real__last__cobertura_60s >= 53,1,52,26.262626262626267,16,36,-20,10240.000000003056,146,-2879.999999993015,-10240.000000003056,0.9454545454546778,-0.16674057649669483,-19.726027397212434,54.794520547945204,19279.99999999738,-1120.0000000004366,-14916.044345901226
13a_features_tempo_real__last__adv_ratio_volatilidade_close_pontos_15s_60s <= 1.3958123,1,132,66.66666666666666,53,79,-26,10160.000000006403,66,-2799.999999996362,-10160.000000006403,0.8793103448277431,-0.23288477712362954,-42.424242424187305,56.060606060606055,12879.999999998108,5279.999999998836,-14985.730866280988
13a_features_tempo_real__w60__adv_ratio_volatilidade_close_pontos_15s_60s__last <= 1.3958123,1,132,66.66666666666666,53,79,-26,10160.000000006403,66,-2799.999999996362,-10160.000000006403,0.8793103448277431,-0.23288477712362954,-42.424242424187305,56.060606060606055,12879.999999998108,5279.999999998836,-14985.730866280988
13a_features_tempo_real__last__pre_15s_spread_minimo <= 1.3097222,1,158,79.7979797979798,62,96,-34,10880.000000008295,40,-3519.9999999982538,-10880.000000008295,0.7800000000001092,-0.33219512195126344,-87.99999999995634,50.0,5999.999999998545,12159.9999999984,-15119.317073179613
13a_features_tempo_real__last__pre_15s_spread_minimo <= 1.25,1,155,78.28282828282829,61,94,-33,11200.000000008004,43,-3839.9999999979627,-11200.000000008004,0.7714285714286927,-0.3407665505226799,-89.30232558134797,51.162790697674424,5759.999999998399,12399.999999998545,-15144.459930322122
13a_features_tempo_real__last__adv_delta_spread_minimo_15s_30s <= 0.092237903,1,148,74.74747474747475,57,91,-34,9840.000000008149,50,-2479.9999999981083,-9840.000000008149,0.8760000000000946,-0.236195121951278,-49.599999999962165,50.0,10479.999999999563,7679.999999997381,-15419.717073179832
13a_features_tempo_real__w60__adv_delta_spread_minimo_15s_30s__last <= 0.092237903,1,148,74.74747474747475,57,91,-34,9840.000000008149,50,-2479.9999999981083,-9840.000000008149,0.8760000000000946,-0.236195121951278,-49.599999999962165,50.0,10479.999999999563,7679.999999997381,-15419.717073179832
13a_features_tempo_real__w60__pre_15s_spread_minimo__std >= 0.082773349,1,148,74.74747474747475,58,90,-32,10720.000000007713,50,-3359.9999999976717,-10720.000000007713,0.8250000000001213,-0.2871951219512513,-67.19999999995343,52.0,9359.999999999127,8799.999999997817,-15608.317073179227
13a_features_tempo_real__window__n >= 23.25,1,148,74.74747474747475,57,91,-34,10800.000000008004,50,-3439.9999999979627,-10800.000000008004,0.8280000000001019,-0.2841951219512707,-68.79999999995925,50.0,8559.9999999984,9599.999999998545,-15736.517073179275
13a_features_tempo_real__w60__adv_ratio_volatilidade_close_pontos_15s_60s__slope >= -0.0059491096,1,164,82.82828282828282,65,99,-34,11120.00000000844,34,-3759.9999999983993,-11120.00000000844,0.7235294117648235,-0.38866571018654905,-110.58823529407057,50.0,6719.999999998981,11439.999999997963,-15747.199426121082
13a_features_tempo_real__w60__adv_delta_spread_minimo_15s_30s__slope >= -0.0082588082,1,164,82.82828282828282,64,100,-36,11200.000000008731,34,-3839.9999999986903,-11200.000000008731,0.7333333333334243,-0.3788617886179483,-112.94117647054972,47.05882352941176,5679.999999998836,12479.999999998108,-15787.317073180162
13a_features_tempo_real__w60__adv_delta_spread_minimo_15s_30s__slope >= -0.001503706,1,122,61.61616161616161,46,76,-30,11200.000000006548,76,-3839.9999999965075,-11200.000000006548,0.8666666666667879,-0.24552845528458467,-50.526315789427734,52.63157894736842,10799.999999998545,7359.999999998399,-15795.31707317786
13a_features_tempo_real__w60__adv_ratio_volatilidade_close_pontos_15s_60s__min <= 0.66434492,1,119,60.1010101010101,43,76,-33,11680.00000000684,79,-4319.999999996799,-11680.00000000684,0.8615384615385642,-0.25065666041280843,-54.683544303756946,50.63291139240506,9759.999999997672,8399.999999999272,-16358.39399625478
13a_features_tempo_real__w60__adv_z_pre_15s_spread_medio__slope >= -0.002251612,1,110,55.55555555555556,41,69,-28,10640.000000005966,88,-3279.9999999959255,-10640.000000005966,0.9000000000001243,-0.21219512195124834,-37.272727272680974,53.40909090909091,15599.999999997817,2559.999999999127,-16361.31707317702
13a_features_tempo_real__w60__pre_15s_spread_medio__slope >= -0.001022636,1,110,55.55555555555556,41,69,-28,10640.000000005966,88,-3279.9999999959255,-10640.000000005966,0.9000000000001243,-0.21219512195124834,-37.272727272680974,53.40909090909091,15599.999999997817,2559.999999999127,-16361.31707317702
13a_features_tempo_real__w60__adv_ratio_volatilidade_close_pontos_15s_60s__first >= 1.1075337,1,79,39.8989898989899,29,50,-21,10880.000000003929,119,-3519.999999993888,-10880.000000003929,0.9169811320756158,-0.19521398987575678,-29.57983193272175,55.46218487394958,19839.999999997235,-1680.000000000291,-16393.128393929484
13a_features_tempo_real__w60__adv_ratio_volatilidade_close_pontos_15s_60s__first >= 0.674766,1,178,89.8989898989899,71,107,-36,11120.000000009168,20,-3759.999999999127,-11120.000000009168,0.5727272727273719,-0.5394678492240007,-187.99999999995634,45.0,6879.999999999563,11279.99999999738,-16461.680709544486
13a_features_tempo_real__last__pre_30s_spread_minimo <= 0.9375,1,68,34.34343434343434,22,46,-24,10720.000000004075,130,-3359.9999999940337,-10720.000000004075,0.9300000000001243,-0.18219512195124832,-25.846153846107953,53.84615384615385,19839.999999997963,-1680.0000000010186,-16533.31707317518
13a_features_tempo_real__window__n >= 4.7,1,178,89.8989898989899,71,107,-36,12080.000000009022,20,-4719.999999998981,-12080.000000009022,0.46363636363647937,-0.6485587583148933,-235.99999999994907,45.0,4559.999999999127,13599.999999997817,-16675.13525499872
13a_features_tempo_real__last__adv_ratio_volatilidade_close_pontos_15s_60s <= 1.3669823,1,119,60.1010101010101,48,71,-23,12240.000000005239,79,-4879.999999995198,-12240.000000005239,0.8205882352942941,-0.29160688665707846,-61.77215189867339,56.9620253164557,13839.999999997235,4319.999999999709,-16720.964131999586
13a_features_tempo_real__w60__adv_ratio_volatilidade_close_pontos_15s_60s__last <= 1.3669823,1,119,60.1010101010101,48,71,-23,12240.000000005239,79,-4879.999999995198,-12240.000000005239,0.8205882352942941,-0.29160688665707846,-61.77215189867339,56.9620253164557,13839.999999997235,4319.999999999709,-16720.964131999586
13a_features_tempo_real__w60__adv_ratio_volatilidade_close_pontos_15s_60s__delta <= 0.70158915,1,178,89.8989898989899,71,107,-36,12080.000000009022,20,-4719.999999998981,-12080.000000009022,0.46363636363647937,-0.6485587583148933,-235.99999999994907,45.0,5199.999999999272,12959.999999997672,-16899.13525499877
13a_features_tempo_real__window__n >= 30.01,1,132,66.66666666666666,49,83,-34,11440.000000007421,66,-4079.9999999973807,-11440.000000007421,0.8454545454546447,-0.2667405764967279,-61.81818181814213,50.0,10879.999999998108,7279.999999998836,-16906.044345905866
13a_features_tempo_real__w60__adv_ratio_volatilidade_close_pontos_15s_60s__first >= 1.0279678,1,99,50.0,37,62,-25,11200.000000005093,99,-3839.9999999950523,-11200.000000005093,0.8933333333334708,-0.21886178861790184,-38.78787878782881,54.54545454545454,17839.999999997963,319.99999999898137,-17027.317073176193
13a_features_tempo_real__w60__adv_delta_spread_minimo_15s_30s__slope >= -0.00018201304,1,110,55.55555555555556,41,69,-28,12560.000000005675,88,-5199.999999995634,-12560.000000005675,0.8414634146342794,-0.2707317073170932,-59.09090909085948,53.40909090909091,12159.9999999984,5999.999999998545,-17112.43902439644
13a_features_tempo_real__last__pre_15s_volatilidade_close_pontos >= 257.59514,1,99,50.0,38,61,-23,13040.000000004511,99,-5679.99999999447,-13040.000000004511,0.8386363636365207,-0.2735587583148519,-57.373737373681514,55.55555555555556,14079.99999999738,4079.9999999995634,-17254.135254993576
13a_features_tempo_real__last__preco >= 27812.8,1,158,79.7979797979798,61,97,-36,11920.00000000844,40,-4559.999999998399,-11920.00000000844,0.7285714285715239,-0.3836236933798487,-113.99999999995998,47.5,8719.999999998981,9439.999999997963,-17472.174216037063
13a_features_tempo_real__w60__adv_ratio_volatilidade_close_pontos_15s_60s__std <= 0.17448163,1,79,39.8989898989899,28,51,-23,12880.000000003929,119,-5519.999999993888,-12880.000000003929,0.8722222222223637,-0.23997289972900893,-46.38655462179738,54.621848739495796,17039.999999996508,1120.0000000004366,-17769.983739841184
13a_features_tempo_real__w60__adv_z_pre_15s_spread_medio__delta >= -0.25736217,1,148,74.74747474747475,59,89,-30,12560.00000000713,50,-5199.99999999709,-12560.00000000713,0.7173913043479843,-0.39480381760338834,-103.99999999994179,54.0,11759.9999999984,6399.999999998545,-18022.882290569672
13a_features_tempo_real__w60__pre_15s_spread_medio__delta >= -0.11688862,1,148,74.74747474747475,59,89,-30,12560.00000000713,50,-5199.99999999709,-12560.00000000713,0.7173913043479843,-0.39480381760338834,-103.99999999994179,54.0,11759.9999999984,6399.999999998545,-18022.882290569672
13a_features_tempo_real__w60__adv_delta_spread_minimo_15s_30s__delta <= 0,1,142,71.71717171717171,54,88,-34,11520.000000007713,56,-4159.999999997672,-11520.000000007713,0.8142857142858182,-0.2979094076655544,-74.28571428567271,50.0,13359.999999999127,4799.999999997817,-18042.745644607807
13a_features_tempo_real__w60__adv_z_pre_15s_spread_medio__slope >= -0.0047359,1,122,61.61616161616161,45,77,-32,12240.000000006694,76,-4879.999999996653,-12240.000000006694,0.8351351351352482,-0.2770599868161244,-64.21052631574544,51.31578947368421,14079.99999999738,4079.9999999995634,-18332.23599209652
13a_features_tempo_real__w60__pre_15s_spread_medio__slope >= -0.0021509486,1,122,61.61616161616161,45,77,-32,12240.000000006694,76,-4879.999999996653,-12240.000000006694,0.8351351351352482,-0.2770599868161244,-64.21052631574544,51.31578947368421,14079.99999999738,4079.9999999995634,-18332.23599209652
13a_features_tempo_real__w60__adv_delta_spread_minimo_15s_30s__first <= 0.125,1,157,79.29292929292929,61,96,-35,12640.000000008149,41,-5279.999999998108,-12640.000000008149,0.6857142857143983,-0.4264808362369743,-128.78048780483192,48.78048780487805,10559.9999999984,7599.999999998545,-18679.888501750844
13a_features_tempo_real__w60__adv_ratio_volatilidade_close_pontos_15s_60s__delta <= 0.54031236,1,148,74.74747474747475,57,91,-34,12720.000000007713,50,-5359.999999997672,-12720.000000007713,0.7320000000001164,-0.38019512195125615,-107.19999999995343,50.0,11759.999999999127,6399.999999997817,-18834.11707317923
13a_features_tempo_real__w60__adv_z_pre_15s_spread_medio__delta >= -0.32389333,1,158,79.7979797979798,62,96,-34,12800.000000008004,40,-5439.999999997963,-12800.000000008004,0.6600000000001274,-0.4521951219512452,-135.99999999994907,50.0,11279.999999998836,6879.999999998108,-18959.317073179413
13a_features_tempo_real__w60__pre_15s_spread_medio__delta >= -0.1471057,1,158,79.7979797979798,62,96,-34,12800.000000008004,40,-5439.999999997963,-12800.000000008004,0.6600000000001274,-0.4521951219512452,-135.99999999994907,50.0,11279.999999998836,6879.999999998108,-18959.317073179413
13a_features_tempo_real__w60__adv_delta_spread_minimo_15s_30s__slope >= -0.0036425358,1,146,73.73737373737373,55,91,-36,13360.000000007858,52,-5999.999999997817,-13360.000000007858,0.7222222222223232,-0.38997289972904936,-115.38461538457341,48.07692307692308,9759.9999999984,8399.999999998545,-19075.983739845797
13a_features_tempo_real__w60__adv_z_pre_15s_spread_medio__slope <= 0.019729454,1,164,82.82828282828282,64,100,-36,13120.00000000844,34,-5759.999999998399,-13120.00000000844,0.6000000000001111,-0.5121951219512615,-169.41176470583528,47.05882352941176,9999.999999998545,8159.999999998399,-19299.317073179758
13a_features_tempo_real__w60__pre_15s_spread_medio__slope <= 0.008960713,1,164,82.82828282828282,64,100,-36,13120.00000000844,34,-5759.999999998399,-13120.00000000844,0.6000000000001111,-0.5121951219512615,-169.41176470583528,47.05882352941176,9999.999999998545,8159.999999998399,-19299.317073179758
13a_features_tempo_real__last__pre_60s_volatilidade_close_pontos >= 192.06899,1,99,50.0,37,62,-25,14080.000000004657,99,-6719.999999994616,-14080.000000004657,0.8133333333334829,-0.2988617886178897,-67.87878787873349,54.54545454545454,15999.999999998545,2159.9999999983993,-19311.317073175953
13a_features_tempo_real__last__preco >= 27989.375,1,50,25.252525252525253,14,36,-22,14720.00000000262,148,-7359.9999999925785,-14720.00000000262,0.8647058823530775,-0.24748923959829505,-49.72972972967958,54.054054054054056,18319.9999999968,-159.99999999985448,-19404.493543761546
13a_features_tempo_real__w60__adv_delta_spread_minimo_15s_30s__delta <= 0.035119048,1,148,74.74747474747475,56,92,-36,12800.000000008004,50,-5439.999999997963,-12800.000000008004,0.7384615384616364,-0.3737335834897362,-108.79999999995925,48.0,13999.999999999272,4159.999999997672,-20024.24015010266
13a_features_tempo_real__w60__adv_delta_spread_minimo_15s_30s__first <= 0.14000484,1,158,79.7979797979798,61,97,-36,13840.000000008149,40,-6479.999999998108,-13840.000000008149,0.6142857142858269,-0.4979094076655457,-161.9999999999527,47.5,10559.9999999984,7599.999999998545,-20104.745644607985
13a_features_tempo_real__last__preco >= 27828.875,1,148,74.74747474747475,55,93,-38,13840.000000008149,50,-6479.999999998108,-13840.000000008149,0.7000000000000876,-0.41219512195128505,-129.59999999996217,46.0,10319.999999998254,7839.99999999869,-20129.31707317938
13a_features_tempo_real__w60__adv_ratio_volatilidade_close_pontos_15s_60s__first >= 0.78725951,1,158,79.7979797979798,60,98,-38,13920.00000000844,40,-6559.999999998399,-13920.00000000844,0.6272727272728182,-0.48492239467855436,-163.99999999995998,45.0,9839.999999999418,8319.999999997526,-20254.95343681644
13a_features_tempo_real__w60__adv_ratio_volatilidade_close_pontos_15s_60s__delta <= 0.34707626,1,99,50.0,35,64,-29,14240.000000005239,99,-6879.999999995198,-14240.000000005239,0.8170212765958724,-0.2951738453555002,-69.494949494901,52.52525252525253,16639.999999997963,1519.9999999989814,-20353.104307218895
13a_features_tempo_real__w60__adv_ratio_volatilidade_close_pontos_15s_60s__first >= 0.81983595,1,148,74.74747474747475,56,92,-36,14720.000000007713,50,-7359.999999997672,-14720.000000007713,0.6461538461539581,-0.4660412757974145,-147.19999999995343,48.0,10719.999999998981,7439.999999997963,-20851.624765486875
13a_features_tempo_real__w60__adv_delta_spread_minimo_15s_30s__slope >= -0.0024077951,1,137,69.1919191919192,50,87,-37,15440.000000007421,61,-8079.999999997381,-15440.000000007421,0.6843750000001023,-0.4278201219512703,-132.45901639339968,47.540983606557376,9759.999999997672,8399.999999999272,-21190.692073178438
13a_features_tempo_real__w60__adv_ratio_volatilidade_close_pontos_15s_60s__first >= 0.88386897,1,132,66.66666666666666,49,83,-34,14320.000000006985,66,-6959.999999996944,-14320.000000006985,0.7363636363637521,-0.3758314855876205,-105.45454545449915,50.0,15039.99999999869,3119.9999999982538,-21307.49889136017
13a_features_tempo_real__w60__adv_z_pre_15s_spread_medio__slope >= -0.0079604878,1,137,69.1919191919192,50,87,-37,14480.000000007567,61,-7119.999999997526,-14480.000000007567,0.7218750000000966,-0.39032012195127597,-116.72131147536928,47.540983606557376,13199.999999997817,4959.999999999127,-21412.192073178638
13a_features_tempo_real__w60__pre_15s_spread_medio__slope >= -0.0036154902,1,137,69.1919191919192,50,87,-37,14480.000000007567,61,-7119.999999997526,-14480.000000007567,0.7218750000000966,-0.39032012195127597,-116.72131147536928,47.540983606557376,13199.999999997817,4959.999999999127,-21412.192073178638
13a_features_tempo_real__w60__adv_ratio_volatilidade_close_pontos_15s_60s__first >= 0.93528101,1,119,60.1010101010101,42,77,-35,14640.000000006694,79,-7279.999999996653,-14640.000000006694,0.7725000000001045,-0.33969512195126805,-92.15189873413485,49.36708860759494,16559.9999999984,1599.9999999985448,-22081.817073177965
13a_features_tempo_real__w60__adv_z_pre_15s_spread_medio__slope >= -0.010134602,1,146,73.73737373737373,54,92,-38,15360.000000007858,52,-7999.999999997817,-15360.000000007858,0.6428571428572403,-0.46933797909413233,-153.84615384611186,46.15384615384615,13759.9999999984,4399.999999998545,-22853.602787464846
13a_features_tempo_real__w60__pre_15s_spread_medio__slope >= -0.0046029285,1,146,73.73737373737373,54,92,-38,15360.000000007858,52,-7999.999999997817,-15360.000000007858,0.6428571428572403,-0.46933797909413233,-153.84615384611186,46.15384615384615,13759.9999999984,4399.999999998545,-22853.602787464846
13a_features_tempo_real__w60__adv_ratio_volatilidade_close_pontos_15s_60s__delta <= 0.48870926,1,132,66.66666666666666,48,84,-36,16320.000000006985,66,-8959.999999996944,-16320.000000006985,0.67058823529423,-0.44160688665714265,-135.75757575752945,48.484848484848484,13439.99999999869,4719.999999998254,-23116.96413200188
13a_features_tempo_real__w60__adv_z_pre_15s_spread_medio__slope >= -0.019074994,1,164,82.82828282828282,62,102,-40,16160.000000008586,34,-8799.999999998545,-16160.000000008586,0.45000000000009094,-0.6621951219512816,-258.8235294117219,41.17647058823529,12079.999999998836,6079.999999998108,-23817.317073180016
13a_features_tempo_real__w60__pre_15s_spread_medio__slope >= -0.008663471,1,164,82.82828282828282,62,102,-40,16160.000000008586,34,-8799.999999998545,-16160.000000008586,0.45000000000009094,-0.6621951219512816,-258.8235294117219,41.17647058823529,12079.999999998836,6079.999999998108,-23817.317073180016
13a_features_tempo_real__w60__adv_ratio_volatilidade_close_pontos_15s_60s__delta <= 0.60099524,1,158,79.7979797979798,59,99,-40,16880.000000008295,40,-9519.999999998254,-16880.000000008295,0.4826086956522688,-0.6295864262991038,-237.99999999995634,42.5,11759.999999999127,6399.999999997817,-24303.75185578852
13a_features_tempo_real__w60__adv_ratio_volatilidade_close_pontos_15s_60s__delta <= 0.41182767,1,119,60.1010101010101,43,76,-33,18400.00000000582,79,-11039.99999999578,-18400.00000000582,0.6461538461539814,-0.4660412757973912,-139.74683544298455,50.63291139240506,15679.999999998108,2479.999999998836,-25279.624765484663
13a_features_tempo_real__last__preco >= 27961.495,1,66,33.33333333333333,18,48,-30,18240.000000003783,132,-10879.999999993743,-18240.000000003783,0.7875000000001222,-0.3246951219512504,-82.42424242419501,51.515151515151516,20559.999999996217,-2399.9999999992724,-25346.81707317428
13a_features_tempo_real__last__preco >= 27881.5,1,120,60.60606060606061,39,81,-42,18960.00000000713,78,-11599.99999999709,-18960.00000000713,0.6627906976745032,-0.44940442427686944,-148.7179487179114,44.871794871794876,17119.999999997526,1039.999999999418,-27835.642654573458
13a_features_tempo_real__last__preco >= 27934.05,1,79,39.8989898989899,23,56,-33,20000.000000004366,119,-12639.999999994325,-20000.000000004366,0.7322033898306287,-0.3799917321207439,-106.2184873949103,50.42016806722689,21679.999999995925,-3519.9999999989814,-28247.995039276455
13a_features_tempo_real__last__preco >= 27865.528,1,132,66.66666666666666,44,88,-44,19520.000000007713,66,-12159.999999997672,-19520.000000007713,0.6000000000000766,-0.512195121951296,-184.24242424238898,42.42424242424242,15999.999999997817,2159.999999999127,-28575.317073178794
13a_features_tempo_real__last__preco >= 27901.75,1,99,50.0,30,69,-39,20400.00000000582,99,-13039.99999999578,-20400.00000000582,0.686538461538563,-0.4256566604128096,-131.71717171712908,47.474747474747474,19919.9999999968,-1759.9999999998545,-29389.393996253457
