variavel,n_stop,n_nao_stop,media_stop,media_nao_stop,mediana_stop,mediana_nao_stop,diferenca_medias,efeito_padronizado,correlacao_resultado,abs_efeito
07_bloqueios_auditoria_completa__last__desloc_30s,17,17,517.6470588235294,-395.5882352941176,625.0,-575.0,913.2352941176471,1.1746998585819706,-0.5277130933506033,1.1746998585819706
05_estrutura_eventos_enriquecidos__last__desloc_30s,29,34,734.4827586206897,-324.2647058823529,725.0,-425.0,1058.7474645030425,1.1435666189061733,-0.5534601994122997,1.1435666189061733
06_evolucao_score_eventos__last__desloc_30s,29,34,734.4827586206897,-324.2647058823529,725.0,-425.0,1058.7474645030425,1.1435666189061733,-0.5534601994122997,1.1435666189061733
05_estrutura_eventos_enriquecidos__last__desloc_60s,29,34,1101.7241379310344,-323.52941176470586,1000.0,-350.0,1425.2535496957403,1.072081831771524,-0.5192234784005476,1.072081831771524
06_evolucao_score_eventos__last__desloc_60s,29,34,1101.7241379310344,-323.52941176470586,1000.0,-350.0,1425.2535496957403,1.072081831771524,-0.5192234784005476,1.072081831771524
07_bloqueios_auditoria_completa__last__max_baixa_30s,17,17,-148.52941176470588,-607.3529411764706,-225.0,-600.0,458.82352941176475,0.9907308327875318,-0.4746232550734468,0.9907308327875318
05_estrutura_eventos_enriquecidos__w60__desloc_120s__mean,51,65,1137.6577752313049,-494.52701465201477,708.3333333333334,-337.5,1632.1847898833196,0.9792665348524962,-0.49588509584713203,0.9792665348524962
06_evolucao_score_eventos__w60__desloc_120s__mean,51,65,1137.6577752313049,-494.52701465201477,708.3333333333334,-337.5,1632.1847898833196,0.9792665348524962,-0.49588509584713203,0.9792665348524962
05_estrutura_eventos_enriquecidos__w60__desloc_120s__min,51,65,519.1176470588235,-1144.6153846153845,0.0,-1100.0,1663.7330316742082,0.9776836905796248,-0.5086980397580587,0.9776836905796248
06_evolucao_score_eventos__w60__desloc_120s__min,51,65,519.1176470588235,-1144.6153846153845,0.0,-1100.0,1663.7330316742082,0.9776836905796248,-0.5086980397580587,0.9776836905796248
07_bloqueios_auditoria_completa__last__ajuste_estrutura_compra,17,17,5.529411764705882,-2.4705882352941178,8.0,-6.0,8.0,0.973417168333576,-0.35466691601232964,0.973417168333576
05_estrutura_eventos_enriquecidos__last__max_alta_60s,29,34,1457.7586206896551,502.20588235294116,1275.0,525.0,955.5527383367139,0.9719597254634504,-0.41424832997441147,0.9719597254634504
06_evolucao_score_eventos__last__max_alta_60s,29,34,1457.7586206896551,502.20588235294116,1275.0,525.0,955.5527383367139,0.9719597254634504,-0.41424832997441147,0.9719597254634504
07_bloqueios_auditoria_completa__w60__desloc_60s__last,43,54,926.7441860465116,-346.2962962962963,850.0,-250.0,1273.040482342808,0.9404900681411158,-0.43766809468302564,0.9404900681411158
05_estrutura_eventos_enriquecidos__w60__desloc_60s__last,51,65,1051.9607843137255,-370.7692307692308,600.0,0.0,1422.7300150829562,0.9390184976745896,-0.44198037982012245,0.9390184976745896
06_evolucao_score_eventos__w60__desloc_60s__last,51,65,1051.9607843137255,-370.7692307692308,600.0,0.0,1422.7300150829562,0.9390184976745896,-0.44198037982012245,0.9390184976745896
05_estrutura_eventos_enriquecidos__last__max_baixa_60s,29,34,-288.7931034482759,-802.2058823529412,-200.0,-700.0,513.4127789046654,0.9231718274161539,-0.5005802394725344,0.9231718274161539
06_evolucao_score_eventos__last__max_baixa_60s,29,34,-288.7931034482759,-802.2058823529412,-200.0,-700.0,513.4127789046654,0.9231718274161539,-0.5005802394725344,0.9231718274161539
05_estrutura_eventos_enriquecidos__w60__desloc_120s__first,51,65,1242.1568627450981,-544.6153846153846,975.0,-600.0,1786.7722473604827,0.9226939752962238,-0.47192970824647806,0.9226939752962238
06_evolucao_score_eventos__w60__desloc_120s__first,51,65,1242.1568627450981,-544.6153846153846,975.0,-600.0,1786.7722473604827,0.9226939752962238,-0.47192970824647806,0.9226939752962238
05_estrutura_eventos_enriquecidos__w60__desloc_120s__max,51,65,1795.5882352941176,130.0,1525.0,0.0,1665.5882352941176,0.9217051527556033,-0.457027513121366,0.9217051527556033
06_evolucao_score_eventos__w60__desloc_120s__max,51,65,1795.5882352941176,130.0,1525.0,0.0,1665.5882352941176,0.9217051527556033,-0.457027513121366,0.9217051527556033
05_estrutura_eventos_enriquecidos__w60__desloc_30s__last,51,65,696.5686274509804,-177.30769230769232,350.0,0.0,873.8763197586727,0.9182781592579616,-0.42811016166002713,0.9182781592579616
06_evolucao_score_eventos__w60__desloc_30s__last,51,65,696.5686274509804,-177.30769230769232,350.0,0.0,873.8763197586727,0.9182781592579616,-0.42811016166002713,0.9182781592579616
05_estrutura_eventos_enriquecidos__w60__desloc_120s__last,51,65,977.4509803921569,-467.6923076923077,675.0,-150.0,1445.1432880844645,0.8983066185948222,-0.4575191020482713,0.8983066185948222
06_evolucao_score_eventos__w60__desloc_120s__last,51,65,977.4509803921569,-467.6923076923077,675.0,-150.0,1445.1432880844645,0.8983066185948222,-0.4575191020482713,0.8983066185948222
05_estrutura_eventos_enriquecidos__last__max_alta_120s,29,34,1721.551724137931,709.5588235294117,1450.0,737.5,1011.9929006085192,0.8950841399842064,-0.4023051380803701,0.8950841399842064
06_evolucao_score_eventos__last__max_alta_120s,29,34,1721.551724137931,709.5588235294117,1450.0,737.5,1011.9929006085192,0.8950841399842064,-0.4023051380803701,0.8950841399842064
05_estrutura_eventos_enriquecidos__w60__max_alta_120s__min,51,65,1307.3529411764705,194.6153846153846,850.0,0.0,1112.737556561086,0.8710358548393833,-0.4119486871596111,0.8710358548393833
06_evolucao_score_eventos__w60__max_alta_120s__min,51,65,1307.3529411764705,194.6153846153846,850.0,0.0,1112.737556561086,0.8710358548393833,-0.4119486871596111,0.8710358548393833
05_estrutura_eventos_enriquecidos__w60__desloc_60s__mean,51,65,980.566201227966,-236.36355311355314,695.0,-105.55555555555556,1216.9297543415191,0.8708216635398321,-0.3961972904097136,0.8708216635398321
06_evolucao_score_eventos__w60__desloc_60s__mean,51,65,980.566201227966,-236.36355311355314,695.0,-105.55555555555556,1216.9297543415191,0.8708216635398321,-0.3961972904097136,0.8708216635398321
07_bloqueios_auditoria_completa__w60__desloc_120s__mean,43,54,1027.2771317829458,-375.4982363315697,941.6666666666666,-293.75,1402.7753681145155,0.8618137068732086,-0.42960804424568066,0.8618137068732086
07_bloqueios_auditoria_completa__w60__desloc_120s__first,43,54,1167.4418604651162,-412.5,1000.0,-337.5,1579.9418604651162,0.8576419906620271,-0.42771142827609326,0.8576419906620271
05_estrutura_eventos_enriquecidos__last__max_baixa_30s,29,34,-190.51724137931035,-554.4117647058823,0.0,-500.0,363.89452332657197,0.8571004761954961,-0.41731821301958827,0.8571004761954961
06_evolucao_score_eventos__last__max_baixa_30s,29,34,-190.51724137931035,-554.4117647058823,0.0,-500.0,363.89452332657197,0.8571004761954961,-0.41731821301958827,0.8571004761954961
07_bloqueios_auditoria_completa__w60__max_alta_120s__min,43,54,1320.3488372093022,371.2962962962963,875.0,275.0,949.0525409130059,0.8557294085386838,-0.41493321195828264,0.8557294085386838
07_bloqueios_auditoria_completa__last__desloc_60s,17,17,947.0588235294117,-161.76470588235293,750.0,-275.0,1108.8235294117646,0.8550033362491802,-0.3962635460848215,0.8550033362491802
05_estrutura_eventos_enriquecidos__last__max_baixa_120s,29,34,-375.0,-985.2941176470588,-200.0,-987.5,610.2941176470588,0.8496790680327289,-0.49197228372793855,0.8496790680327289
06_evolucao_score_eventos__last__max_baixa_120s,29,34,-375.0,-985.2941176470588,-200.0,-987.5,610.2941176470588,0.8496790680327289,-0.49197228372793855,0.8496790680327289
07_bloqueios_auditoria_completa__w60__max_alta_120s__mean,43,54,1686.1184939091916,677.765752765753,1304.1666666666667,657.5,1008.3527411434386,0.8491487064278898,-0.3936070798123634,0.8491487064278898
07_bloqueios_auditoria_completa__last__ajuste_estrutura_venda,17,17,-0.47058823529411764,6.352941176470588,-6.0,8.0,-6.823529411764706,-0.847913345869148,0.3384105804494247,0.847913345869148
07_bloqueios_auditoria_completa__w60__desloc_60s__mean,43,54,859.2054263565893,-233.9167468334135,633.3333333333334,-105.0,1093.1221731900027,0.8416278035285967,-0.37751965657790354,0.8416278035285967
05_estrutura_eventos_enriquecidos__w60__desloc_60s__min,51,65,338.72549019607845,-888.4615384615385,0.0,-725.0,1227.1870286576168,0.8399555942467476,-0.40378955507178566,0.8399555942467476
06_evolucao_score_eventos__w60__desloc_60s__min,51,65,338.72549019607845,-888.4615384615385,0.0,-725.0,1227.1870286576168,0.8399555942467476,-0.40378955507178566,0.8399555942467476
07_bloqueios_auditoria_completa__last__max_baixa_60s,17,17,-283.8235294117647,-708.8235294117648,-300.0,-650.0,425.00000000000006,0.8291590672768046,-0.41417814423966237,0.8291590672768046
07_bloqueios_auditoria_completa__w60__desloc_120s__max,43,54,1555.2325581395348,63.425925925925924,1450.0,0.0,1491.806632213609,0.8259716768356145,-0.39152831416029754,0.8259716768356145
07_bloqueios_auditoria_completa__w60__desloc_60s__max,43,54,1372.6744186046512,128.24074074074073,1275.0,200.0,1244.4336778639106,0.8232008849894151,-0.34913414360464584,0.8232008849894151
05_estrutura_eventos_enriquecidos__w60__max_alta_60s__last,51,65,1305.3921568627452,293.84615384615387,875.0,0.0,1011.5460030165914,0.8230775901481335,-0.3798033758742874,0.8230775901481335
06_evolucao_score_eventos__w60__max_alta_60s__last,51,65,1305.3921568627452,293.84615384615387,875.0,0.0,1011.5460030165914,0.8230775901481335,-0.3798033758742874,0.8230775901481335
05_estrutura_eventos_enriquecidos__last__max_alta_30s,29,34,886.2068965517242,372.79411764705884,875.0,150.0,513.4127789046654,0.8216941727065548,-0.33912363559601316,0.8216941727065548
06_evolucao_score_eventos__last__max_alta_30s,29,34,886.2068965517242,372.79411764705884,875.0,150.0,513.4127789046654,0.8216941727065548,-0.33912363559601316,0.8216941727065548
05_estrutura_eventos_enriquecidos__w60__max_alta_120s__mean,51,65,1725.2865312791782,600.4331501831502,1319.4444444444443,387.5,1124.853381096028,0.8182199773332375,-0.3845377308660558,0.8182199773332375
06_evolucao_score_eventos__w60__max_alta_120s__mean,51,65,1725.2865312791782,600.4331501831502,1319.4444444444443,387.5,1124.853381096028,0.8182199773332375,-0.3845377308660558,0.8182199773332375
07_bloqueios_auditoria_completa__w60__max_alta_120s__last,43,54,1542.4418604651162,608.7962962962963,1100.0,537.5,933.6455641688199,0.8112529800792178,-0.40148658994545106,0.8112529800792178
05_estrutura_eventos_enriquecidos__w60__max_alta_120s__last,51,65,1543.137254901961,464.2307692307692,1125.0,125.0,1078.9064856711916,0.803524140595662,-0.3856002513801327,0.803524140595662
06_evolucao_score_eventos__w60__max_alta_120s__last,51,65,1543.137254901961,464.2307692307692,1125.0,125.0,1078.9064856711916,0.803524140595662,-0.3856002513801327,0.803524140595662
07_bloqueios_auditoria_completa__w60__desloc_120s__min,43,54,486.04651162790697,-801.3888888888889,375.0,-700.0,1287.4354005167959,0.801697468260395,-0.42427365086748237,0.801697468260395
05_estrutura_eventos_enriquecidos__last__desloc_120s,29,34,1063.7931034482758,-152.2058823529412,950.0,-75.0,1215.998985801217,0.8004824906298108,-0.39183999195102304,0.8004824906298108
06_evolucao_score_eventos__last__desloc_120s,29,34,1063.7931034482758,-152.2058823529412,950.0,-75.0,1215.998985801217,0.8004824906298108,-0.39183999195102304,0.8004824906298108
07_bloqueios_auditoria_completa__w60__max_alta_60s__last,43,54,1225.5813953488373,459.25925925925924,900.0,425.0,766.3221360895781,0.7985998223977239,-0.3698927593758671,0.7985998223977239
07_bloqueios_auditoria_completa__w60__max_alta_120s__max,43,54,2038.953488372093,963.425925925926,1925.0,862.5,1075.527562446167,0.7827487671545074,-0.3495790336254961,0.7827487671545074
05_estrutura_eventos_enriquecidos__w60__max_baixa_120s__last,51,65,-300.4901960784314,-1011.5384615384615,0.0,-725.0,711.0482654600302,0.7799839010369706,-0.44806804008322326,0.7799839010369706
06_evolucao_score_eventos__w60__max_baixa_120s__last,51,65,-300.4901960784314,-1011.5384615384615,0.0,-725.0,711.0482654600302,0.7799839010369706,-0.44806804008322326,0.7799839010369706
bloqueios_c7_dna_fluxo_v5_2__last__ajuste_estrutura_compra,20,22,4.5,-1.8181818181818181,8.0,-6.0,6.318181818181818,0.7782092134050103,-0.2719304741020699,0.7782092134050103
07_bloqueios_auditoria_completa__w60__max_alta_120s__first,43,54,1759.8837209302326,744.4444444444445,1275.0,587.5,1015.4392764857881,0.773893538361656,-0.3505127162825925,0.773893538361656
07_bloqueios_auditoria_completa__w60__desloc_60s__min,43,54,366.86046511627904,-587.5,300.0,-612.5,954.3604651162791,0.7658103712315453,-0.37348088195464085,0.7658103712315453
05_estrutura_eventos_enriquecidos__w60__desloc_60s__max,51,65,1599.5098039215686,488.0769230769231,1450.0,275.0,1111.4328808446455,0.7573483327580336,-0.33131155928607897,0.7573483327580336
06_evolucao_score_eventos__w60__desloc_60s__max,51,65,1599.5098039215686,488.0769230769231,1450.0,275.0,1111.4328808446455,0.7573483327580336,-0.33131155928607897,0.7573483327580336
07_bloqueios_auditoria_completa__w60__max_alta_60s__mean,43,54,1182.295127353267,559.7942720859387,1114.2857142857142,465.0,622.5008552673282,0.756406028621255,-0.3363231387919181,0.756406028621255
05_estrutura_eventos_enriquecidos__w60__max_alta_60s__mean,51,65,1281.1879827688651,461.525641025641,1029.5454545454545,306.25,819.6623417432241,0.745292903493314,-0.33702251483206286,0.745292903493314
06_evolucao_score_eventos__w60__max_alta_60s__mean,51,65,1281.1879827688651,461.525641025641,1029.5454545454545,306.25,819.6623417432241,0.745292903493314,-0.33702251483206286,0.745292903493314
05_estrutura_eventos_enriquecidos__w60__desloc_30s__max,51,65,1200.0,504.2307692307692,1250.0,400.0,695.7692307692307,0.7446896360492825,-0.3513040623200348,0.7446896360492825
06_evolucao_score_eventos__w60__desloc_30s__max,51,65,1200.0,504.2307692307692,1250.0,400.0,695.7692307692307,0.7446896360492825,-0.3513040623200348,0.7446896360492825
05_estrutura_eventos_enriquecidos__w60__max_alta_120s__first,51,65,1802.450980392157,696.9230769230769,1400.0,325.0,1105.52790346908,0.736839356290499,-0.34074477718862023,0.736839356290499
06_evolucao_score_eventos__w60__max_alta_120s__first,51,65,1802.450980392157,696.9230769230769,1400.0,325.0,1105.52790346908,0.736839356290499,-0.34074477718862023,0.736839356290499
05_estrutura_eventos_enriquecidos__w60__max_alta_120s__max,51,65,2150.9803921568628,1017.3076923076923,1900.0,775.0,1133.6726998491704,0.7333639389054094,-0.3398241349029031,0.7333639389054094
06_evolucao_score_eventos__w60__max_alta_120s__max,51,65,2150.9803921568628,1017.3076923076923,1900.0,775.0,1133.6726998491704,0.7333639389054094,-0.3398241349029031,0.7333639389054094
07_bloqueios_auditoria_completa__w60__desloc_120s__last,43,54,813.953488372093,-324.0740740740741,550.0,-262.5,1138.0275624461672,0.7239279006416962,-0.3811881781449894,0.7239279006416962
07_bloqueios_auditoria_completa__w60__max_alta_60s__max,43,54,1610.4651162790697,828.2407407407408,1450.0,750.0,782.2243755383289,0.7199151004464339,-0.2969312667893088,0.7199151004464339
05_estrutura_eventos_enriquecidos__w60__max_baixa_120s__mean,51,65,-418.9618877854172,-1038.9297924297925,-307.14285714285717,-812.5,619.9679046443753,0.7197135850638544,-0.42083817991953343,0.7197135850638544
06_evolucao_score_eventos__w60__max_baixa_120s__mean,51,65,-418.9618877854172,-1038.9297924297925,-307.14285714285717,-812.5,619.9679046443753,0.7197135850638544,-0.42083817991953343,0.7197135850638544
05_estrutura_eventos_enriquecidos__w60__max_alta_30s__last,51,65,796.0784313725491,219.23076923076923,350.0,0.0,576.8476621417799,0.7145705994645729,-0.3321451563062943,0.7145705994645729
06_evolucao_score_eventos__w60__max_alta_30s__last,51,65,796.0784313725491,219.23076923076923,350.0,0.0,576.8476621417799,0.7145705994645729,-0.3321451563062943,0.7145705994645729
05_estrutura_eventos_enriquecidos__w60__max_baixa_60s__last,51,65,-183.33333333333334,-687.6923076923077,0.0,-425.0,504.35897435897436,0.7129456602902475,-0.3494227951532247,0.7129456602902475
06_evolucao_score_eventos__w60__max_baixa_60s__last,51,65,-183.33333333333334,-687.6923076923077,0.0,-425.0,504.35897435897436,0.7129456602902475,-0.3494227951532247,0.7129456602902475
05_estrutura_eventos_enriquecidos__w60__max_alta_60s__max,51,65,1776.4705882352941,835.7692307692307,1650.0,700.0,940.7013574660634,0.70019507487932,-0.3074228514235895,0.70019507487932
06_evolucao_score_eventos__w60__max_alta_60s__max,51,65,1776.4705882352941,835.7692307692307,1650.0,700.0,940.7013574660634,0.70019507487932,-0.3074228514235895,0.70019507487932
07_bloqueios_auditoria_completa__last__max_baixa_120s,17,17,-401.47058823529414,-808.8235294117648,-425.0,-675.0,407.3529411764706,0.6956851596157485,-0.40778834479389603,0.6956851596157485
07_bloqueios_auditoria_completa__last__max_alta_60s,17,17,1250.0,530.8823529411765,875.0,575.0,719.1176470588235,0.6852966806576039,-0.2886160121623922,0.6852966806576039
05_estrutura_eventos_enriquecidos__w60__max_alta_30s__max,51,65,1251.4705882352941,653.8461538461538,1250.0,625.0,597.6244343891403,0.6846106679905243,-0.32469293624631745,0.6846106679905243
06_evolucao_score_eventos__w60__max_alta_30s__max,51,65,1251.4705882352941,653.8461538461538,1250.0,625.0,597.6244343891403,0.6846106679905243,-0.32469293624631745,0.6846106679905243
05_estrutura_eventos_enriquecidos__w60__max_baixa_120s__max,51,65,-106.37254901960785,-630.0,0.0,-250.0,523.6274509803922,0.6791636615444642,-0.37088608142922375,0.6791636615444642
06_evolucao_score_eventos__w60__max_baixa_120s__max,51,65,-106.37254901960785,-630.0,0.0,-250.0,523.6274509803922,0.6791636615444642,-0.37088608142922375,0.6791636615444642
07_bloqueios_auditoria_completa__last__score_compra,17,17,46.88235294117647,25.0,62.0,14.0,21.88235294117647,0.6740789820518156,-0.23048413499707812,0.6740789820518156
07_bloqueios_auditoria_completa__w60__continuidade_2s__std,43,54,1.763569282242203,0.9337027779407523,1.583881484062351,0.7166920722261818,0.8298665043014508,0.6737431100200953,-0.32031304962995494,0.6737431100200953
07_bloqueios_auditoria_completa__w60__impediu_gain_120s__all_true,43,54,0.37209302325581395,0.7037037037037037,0.0,1.0,-0.33161068044788977,-0.6675274606284629,0.25998313020303604,0.6675274606284629
bloqueios_c7_dna_fluxo_v5_2__last__ajuste_estrutura_venda,20,22,0.5,5.818181818181818,-4.0,8.0,-5.318181818181818,-0.6659416994808465,0.25848689336450204,0.6659416994808465
05_estrutura_eventos_enriquecidos__w60__max_baixa_120s__min,51,65,-830.3921568627451,-1485.7692307692307,-725.0,-1400.0,655.3770739064856,0.6649805107710568,-0.41088568424939875,0.6649805107710568
06_evolucao_score_eventos__w60__max_baixa_120s__min,51,65,-830.3921568627451,-1485.7692307692307,-725.0,-1400.0,655.3770739064856,0.6649805107710568,-0.41088568424939875,0.6649805107710568
07_bloqueios_auditoria_completa__w60__mov_contra_60s__max,43,54,1370.3488372093022,771.2962962962963,1275.0,625.0,599.0525409130059,0.6543174557234112,-0.24352530224880975,0.6543174557234112
05_estrutura_eventos_enriquecidos__w60__favor_30s__slope,39,53,63.01823176823174,-42.26813281058565,31.249999999999982,-8.928571428571427,105.2863645788174,0.6522433857663258,-0.3620491283067036,0.6522433857663258
07_bloqueios_auditoria_completa__last__diferenca_score,17,17,61.0,71.88235294117646,59.0,74.0,-10.882352941176464,-0.6424182345333193,0.2959005952369715,0.6424182345333193
07_bloqueios_auditoria_completa__last__max_alta_30s,17,17,626.4705882352941,316.1764705882353,650.0,125.0,310.29411764705884,0.6420934288239863,-0.2892621200634708,0.6420934288239863
05_estrutura_eventos_enriquecidos__w60__max_alta_60s__min,51,65,750.4901960784314,107.6923076923077,250.0,0.0,642.7978883861236,0.6397860849196804,-0.3039510645114254,0.6397860849196804
06_evolucao_score_eventos__w60__max_alta_60s__min,51,65,750.4901960784314,107.6923076923077,250.0,0.0,642.7978883861236,0.6397860849196804,-0.3039510645114254,0.6397860849196804
07_bloqueios_auditoria_completa__w60__desloc_30s__last,43,54,470.93023255813955,-112.5,325.0,-125.0,583.4302325581396,0.6392409886467089,-0.29211339191775476,0.6392409886467089
07_bloqueios_auditoria_completa__last__score_oposto,17,17,14.0,7.764705882352941,12.0,5.0,6.235294117647059,0.628397142739049,-0.3230650151231788,0.628397142739049
07_bloqueios_auditoria_completa__w60__ajuste_estrutura_compra__last,43,54,4.930232558139535,-0.07407407407407407,8.0,-6.0,5.004306632213609,0.6254386284025015,-0.2197769625909716,0.6254386284025015
07_bloqueios_auditoria_completa__w60__ref__slope,21,28,1.5129251700669963,-0.2366709183681792,1.375000000000574,-0.8499999999997265,1.7495960884351756,0.6245055401087289,-0.38742728910374774,0.6245055401087289
07_bloqueios_auditoria_completa__w60__impediu_gain_120s__changed,43,54,0.37209302325581395,0.1111111111111111,0.0,0.0,0.26098191214470284,0.6232182620798568,-0.23111865814240876,0.6232182620798568
07_bloqueios_auditoria_completa__w60__max_alta_60s__min,43,54,740.1162790697674,287.037037037037,475.0,175.0,453.0792420327304,0.6223135173922639,-0.32143769846710735,0.6223135173922639
07_bloqueios_auditoria_completa__w60__max_baixa_120s__max,43,54,-220.93023255813952,-713.425925925926,0.0,-550.0,492.49569336778643,0.6217425068868585,-0.31389006202900543,0.6217425068868585
07_bloqueios_auditoria_completa__w60__mov_contra_60s__mean,43,54,901.7594130675526,495.2329846079846,700.0,385.625,406.526428459568,0.6214107383041091,-0.2413485620299701,0.6214107383041091
07_bloqueios_auditoria_completa__w60__max_baixa_120s__last,43,54,-463.95348837209303,-989.3518518518518,-300.0,-825.0,525.3983634797588,0.6207939805651723,-0.35906905176518705,0.6207939805651723
07_bloqueios_auditoria_completa__w60__impediu_gain_120s__transitions,43,54,0.8372093023255814,0.3333333333333333,1.0,0.0,0.5038759689922481,0.620625334138291,-0.23532997593226668,0.620625334138291
05_estrutura_eventos_enriquecidos__w60__desloc_30s__delta,51,65,497.05882352941177,-128.84615384615384,225.0,-325.0,625.9049773755656,0.6182305439077247,-0.2828189214008511,0.6182305439077247
06_evolucao_score_eventos__w60__desloc_30s__delta,51,65,497.05882352941177,-128.84615384615384,225.0,-325.0,625.9049773755656,0.6182305439077247,-0.2828189214008511,0.6182305439077247
07_bloqueios_auditoria_completa__w60__impediu_gain_60s__changed,43,54,0.3953488372093023,0.12962962962962962,0.0,0.0,0.2657192075796727,0.6157829104905708,-0.2409565202947073,0.6157829104905708
07_bloqueios_auditoria_completa__w60__mov_contra_30s__max,43,54,1002.9069767441861,591.6666666666666,875.0,575.0,411.24031007751944,0.6067665622074759,-0.2557181381874802,0.6067665622074759
07_bloqueios_auditoria_completa__w60__desloc_60s__first,43,54,693.6046511627907,-117.5925925925926,550.0,-37.5,811.1972437553833,0.5977388895478992,-0.250379513923059,0.5977388895478992
07_bloqueios_auditoria_completa__w60__max_baixa_120s__mean,43,54,-506.21400885935765,-988.7503006253006,-325.0,-825.0,482.53629176594296,0.5973191010630204,-0.33739068411938955,0.5973191010630204
07_bloqueios_auditoria_completa__last__mov_contra_30s,17,17,261.7647058823529,538.2352941176471,275.0,575.0,-276.47058823529414,-0.5965068639463742,0.37635357303345196,0.5965068639463742
05_estrutura_eventos_enriquecidos__w60__desloc_30s__slope,39,53,118.54284604284602,-20.09821939067221,95.00000000000004,-29.99999999999996,138.64106543351824,0.5958280758554606,-0.2626779122969245,0.5958280758554606
06_evolucao_score_eventos__w60__desloc_30s__slope,39,53,118.54284604284602,-20.09821939067221,95.00000000000004,-29.99999999999996,138.64106543351824,0.5958280758554606,-0.2626779122969245,0.5958280758554606
05_estrutura_eventos_enriquecidos__w60__max_alta_30s__std,51,65,382.006364280062,222.24834469696603,352.27829907617075,206.51876428063383,159.75801958309594,0.5953484806141494,-0.2706231239586175,0.5953484806141494
06_evolucao_score_eventos__w60__max_alta_30s__std,51,65,382.006364280062,222.24834469696603,352.27829907617075,206.51876428063383,159.75801958309594,0.5953484806141494,-0.2706231239586175,0.5953484806141494
05_estrutura_eventos_enriquecidos__w60__desloc_30s__mean,51,65,439.24226508785324,-27.80128205128206,368.1818181818182,0.0,467.0435471391353,0.5949386195514229,-0.2848001538796628,0.5949386195514229
06_evolucao_score_eventos__w60__desloc_30s__mean,51,65,439.24226508785324,-27.80128205128206,368.1818181818182,0.0,467.0435471391353,0.5949386195514229,-0.2848001538796628,0.5949386195514229
07_bloqueios_auditoria_completa__w60__desloc_30s__max,43,54,813.953488372093,319.44444444444446,700.0,400.0,494.5090439276486,0.5880118744634867,-0.28778980722346303,0.5880118744634867
07_bloqueios_auditoria_completa__last__mov_contra_120s,17,17,610.2941176470588,1120.5882352941176,325.0,1150.0,-510.2941176470588,-0.5864547454449108,0.3773930475035094,0.5864547454449108
bloqueios_c7_dna_fluxo_v5_2__last__score_compra,20,22,47.05,28.90909090909091,51.5,18.0,18.140909090909087,0.5845941540776384,-0.18242614328636245,0.5845941540776384
07_bloqueios_auditoria_completa__w60__campanha_pullback__changed,43,54,0.13953488372093023,0.0,0.0,0.0,0.13953488372093023,0.579239550328724,-0.2578821513501266,0.579239550328724
07_bloqueios_auditoria_completa__last__score_venda,17,17,42.11764705882353,62.411764705882355,38.0,77.0,-20.294117647058826,-0.5788417467074087,0.17351238995605367,0.5788417467074087
07_bloqueios_auditoria_completa__w60__mov_contra_30s__first,43,54,576.1627906976744,273.14814814814815,500.0,100.0,303.01464254952623,0.577986547703956,-0.31584761768925884,0.577986547703956
07_bloqueios_auditoria_completa__w60__max_alta_30s__max,43,54,988.953488372093,604.6296296296297,875.0,587.5,384.32385874246336,0.5750859053000122,-0.282669879599111,0.5750859053000122
05_estrutura_eventos_enriquecidos__w60__max_alta_60s__slope,39,53,61.8081918081918,-47.47243322715019,7.142857142857132,-23.787878787878764,109.28062503534198,0.57188588591161,-0.25230053085383647,0.57188588591161
06_evolucao_score_eventos__w60__max_alta_60s__slope,39,53,61.8081918081918,-47.47243322715019,7.142857142857132,-23.787878787878764,109.28062503534198,0.57188588591161,-0.25230053085383647,0.57188588591161
07_bloqueios_auditoria_completa__last__mov_favor_120s,17,17,1227.9411764705883,611.7647058823529,700.0,600.0,616.1764705882354,0.5717542371742473,-0.3109694408755472,0.5717542371742473
07_bloqueios_auditoria_completa__w60__mov_contra_60s__first,43,54,919.1860465116279,500.0,700.0,300.0,419.18604651162786,0.5712454588486647,-0.24709749308163528,0.5712454588486647
07_bloqueios_auditoria_completa__w60__continuidade_2s__max,43,54,2.546511627906977,0.9907407407407407,2.5,1.0,1.5557708871662361,0.5687843321986322,-0.2055467007727037,0.5687843321986322
05_estrutura_eventos_enriquecidos__w60__max_baixa_120s__first,51,65,-523.5294117647059,-1082.6923076923076,-350.0,-875.0,559.1628959276018,0.5653732780339269,-0.33609436329128806,0.5653732780339269
06_evolucao_score_eventos__w60__max_baixa_120s__first,51,65,-523.5294117647059,-1082.6923076923076,-350.0,-875.0,559.1628959276018,0.5653732780339269,-0.33609436329128806,0.5653732780339269
07_bloqueios_auditoria_completa__last__mov_favor_60s,17,17,1089.7058823529412,530.8823529411765,650.0,600.0,558.8235294117648,0.5652277913557888,-0.3136564931909304,0.5652277913557888
05_estrutura_eventos_enriquecidos__last__favor_60s,29,34,1179.3103448275863,655.1470588235294,825.0,625.0,524.1632860040569,0.56268846261319,-0.2169870305146457,0.56268846261319
05_estrutura_eventos_enriquecidos__last__favor_120s,29,34,1325.0,747.0588235294117,825.0,700.0,577.9411764705883,0.5613783694204553,-0.2246683820889514,0.5613783694204553
07_bloqueios_auditoria_completa__w60__desloc_120s__slope,27,30,-208.3796296296296,32.85227272727276,-112.49999999999999,87.50000000000009,-241.23190235690237,-0.5595073499119947,0.2569064563169778,0.5595073499119947
bloqueios_c7_dna_fluxo_v5_2__w60__campanha_pullback__changed,49,69,0.12244897959183673,0.0,0.0,0.0,0.12244897959183673,0.5573814886385768,-0.2447320833690866,0.5573814886385768
05_estrutura_eventos_enriquecidos__w60__max_alta_30s__slope,39,53,71.31951381951379,-25.668443192028096,14.285714285714231,-15.773809523809534,96.98795701154188,0.5539290083829427,-0.24691072809366843,0.5539290083829427
06_evolucao_score_eventos__w60__max_alta_30s__slope,39,53,71.31951381951379,-25.668443192028096,14.285714285714231,-15.773809523809534,96.98795701154188,0.5539290083829427,-0.24691072809366843,0.5539290083829427
07_bloqueios_auditoria_completa__w60__mov_contra_30s__mean,43,54,593.5229789590255,325.7080727914061,437.5,256.25,267.8149061676194,0.5538622483371072,-0.26811357578159456,0.5538622483371072
07_bloqueios_auditoria_completa__w60__mov_contra_120s__max,43,54,1795.3488372093022,1088.888888888889,1500.0,1000.0,706.4599483204133,0.5518223858680916,-0.18311826320751895,0.5518223858680916
07_bloqueios_auditoria_completa__w60__mov_contra_120s__mean,43,54,1194.6331672203764,734.6495711079044,1020.0,686.6666666666667,459.983596112472,0.5472215441575446,-0.18353385596982644,0.5472215441575446
05_estrutura_eventos_enriquecidos__w60__max_alta_30s__mean,51,65,665.7707502192798,314.77777777777777,607.1428571428571,258.3333333333333,350.992972441502,0.5465834303405778,-0.26681189073402073,0.5465834303405778
06_evolucao_score_eventos__w60__max_alta_30s__mean,51,65,665.7707502192798,314.77777777777777,607.1428571428571,258.3333333333333,350.992972441502,0.5465834303405778,-0.26681189073402073,0.5465834303405778
07_bloqueios_auditoria_completa__w60__desloc_30s__delta,43,54,328.48837209302326,-126.38888888888889,0.0,-12.5,454.8772609819122,0.5429207678915751,-0.2047757309793347,0.5429207678915751
07_bloqueios_auditoria_completa__w60__salvou_loss_60s__ever_true,43,54,0.9069767441860465,0.6851851851851852,1.0,1.0,0.22179155900086123,0.5385180994453801,-0.24199647132758556,0.5385180994453801
07_bloqueios_auditoria_completa__w60__aceleracao__std,43,54,0.7545164503132161,0.4779628940657671,0.7283098782057135,0.4337576027106447,0.27655355624744904,0.5365044237328999,-0.22802687759758414,0.5365044237328999
07_bloqueios_auditoria_completa__w60__f_aceleracao__std,43,54,0.7545164503132161,0.4779628940657671,0.7283098782057135,0.4337576027106447,0.27655355624744904,0.5365044237328999,-0.22802687759758414,0.5365044237328999
07_bloqueios_auditoria_completa__w60__mov_contra_120s__slope,27,30,-206.67328042328037,45.71807359307357,-112.50000000000003,32.5,-252.39135401635394,-0.5361832287762881,0.2306602396715449,0.5361832287762881
05_estrutura_eventos_enriquecidos__w60__desloc_60s__delta,51,65,358.3333333333333,-380.38461538461536,225.0,-50.0,738.7179487179487,0.5353986533845376,-0.2653896505755312,0.5353986533845376
06_evolucao_score_eventos__w60__desloc_60s__delta,51,65,358.3333333333333,-380.38461538461536,225.0,-50.0,738.7179487179487,0.5353986533845376,-0.2653896505755312,0.5353986533845376
05_estrutura_eventos_enriquecidos__w60__max_baixa_60s__mean,51,65,-339.84813117166055,-651.9919108669108,-297.5,-487.5,312.1437796952502,0.5337714683287327,-0.25701159213802943,0.5337714683287327
06_evolucao_score_eventos__w60__max_baixa_60s__mean,51,65,-339.84813117166055,-651.9919108669108,-297.5,-487.5,312.1437796952502,0.5337714683287327,-0.25701159213802943,0.5337714683287327
07_bloqueios_auditoria_completa__w60__max_baixa_60s__last,43,54,-334.30232558139534,-727.3148148148148,-250.0,-612.5,393.01248923341944,0.5331438250572414,-0.2711927174941915,0.5331438250572414
07_bloqueios_auditoria_completa__last__score_compra_base,17,17,41.35294117647059,26.764705882352942,52.0,20.0,14.588235294117645,0.5311698246627257,-0.17382178075544275,0.5311698246627257
07_bloqueios_auditoria_completa__last__qtd_hard_gates_compra_ok,17,17,3.4705882352941178,2.4705882352941178,4.0,2.0,1.0,0.5301509723549864,-0.15264055762240714,0.5301509723549864
07_bloqueios_auditoria_completa__w60__mov_contra_120s__first,43,54,1220.3488372093022,684.2592592592592,875.0,387.5,536.089577950043,0.5299005576112127,-0.19095052940782065,0.5299005576112127
07_bloqueios_auditoria_completa__w60__impediu_gain_60s__transitions,43,54,0.9534883720930233,0.5,1.0,0.0,0.4534883720930233,0.5251617657325448,-0.1904633118516588,0.5251617657325448
07_bloqueios_auditoria_completa__w60__impediu_gain_60s__all_true,43,54,0.27906976744186046,0.5370370370370371,0.0,1.0,-0.25796726959517663,-0.5222162711482335,0.21191635480603604,0.5222162711482335
05_estrutura_eventos_enriquecidos__w60__max_alta_60s__delta,51,65,225.0,-275.0,0.0,-50.0,500.0,0.521525799211336,-0.2511307270355559,0.521525799211336
06_evolucao_score_eventos__w60__max_alta_60s__delta,51,65,225.0,-275.0,0.0,-50.0,500.0,0.521525799211336,-0.2511307270355559,0.521525799211336
07_bloqueios_auditoria_completa__w60__max_baixa_120s__min,43,54,-826.1627906976744,-1290.7407407407406,-700.0,-1112.5,464.57795004306627,0.5213890276594201,-0.3263384012579411,0.5213890276594201
05_estrutura_eventos_enriquecidos__w60__favor_120s__slope,39,53,37.2548285048285,-60.83874458874458,22.424242424242607,-41.969696969697,98.09357309357308,0.5204877345323045,-0.3161368337064691,0.5204877345323045
07_bloqueios_auditoria_completa__w60__desloc_30s__slope,27,30,73.83597883597884,-101.11471861471861,-37.50000000000005,-54.10714285714283,174.95069745069745,0.5174629360285882,-0.17985033030283173,0.5174629360285882
05_estrutura_eventos_enriquecidos__w60__max_baixa_60s__max,51,65,-50.0,-190.0,0.0,0.0,140.0,0.5157895267750222,-0.18613452735742123,0.5157895267750222
06_evolucao_score_eventos__w60__max_baixa_60s__max,51,65,-50.0,-190.0,0.0,0.0,140.0,0.5157895267750222,-0.18613452735742123,0.5157895267750222
07_bloqueios_auditoria_completa__last__f_spread,17,17,0.9411764705882353,2.4705882352941178,0.0,0.0,-1.5294117647058825,-0.5156862774427126,0.1404695917593064,0.5156862774427126
07_bloqueios_auditoria_completa__last__score_spread,17,17,0.9411764705882353,2.4705882352941178,0.0,0.0,-1.5294117647058825,-0.5156862774427126,0.1404695917593064,0.5156862774427126
bloqueios_c7_dna_fluxo_v5_2__w60__ajuste_estrutura_compra__last,49,69,4.326530612244898,0.2318840579710145,8.0,-6.0,4.094646554273884,0.5132102393718041,-0.1956064695657438,0.5132102393718041
05_estrutura_eventos_enriquecidos__w60__max_baixa_30s__last,51,65,-126.96078431372548,-318.84615384615387,0.0,0.0,191.8853695324284,0.5116422716515363,-0.20373789803643158,0.5116422716515363
06_evolucao_score_eventos__w60__max_baixa_30s__last,51,65,-126.96078431372548,-318.84615384615387,0.0,0.0,191.8853695324284,0.5116422716515363,-0.20373789803643158,0.5116422716515363
07_bloqueios_auditoria_completa__w60__salvou_loss_30s__ever_true,43,54,0.8837209302325582,0.6666666666666666,1.0,1.0,0.21705426356589153,0.5103407851438228,-0.24676346283947684,0.5103407851438228
07_bloqueios_auditoria_completa__w60__gate_rompimento__transitions,43,54,1.069767441860465,0.5925925925925926,1.0,0.0,0.47717484926787246,0.5089135524755019,-0.2669822771055705,0.5089135524755019
05_estrutura_eventos_enriquecidos__w60__favor_30s__last,51,65,648.5294117647059,253.46153846153845,225.0,0.0,395.0678733031674,0.5077079779699832,-0.2400202251444577,0.5077079779699832
07_bloqueios_auditoria_completa__w60__max_baixa_60s__max,43,54,-140.11627906976744,-480.55555555555554,0.0,-200.0,340.4392764857881,0.5010644659806454,-0.218997482856325,0.5010644659806454
05_estrutura_eventos_enriquecidos__w60__favor_60s__last,51,65,1098.5294117647059,478.0769230769231,600.0,100.0,620.4524886877828,0.49936387181513237,-0.2597238502870755,0.49936387181513237
07_bloqueios_auditoria_completa__w60__max_alta_30s__std,43,54,303.1271411054511,182.17338914235734,216.02468994692867,149.44576339926942,120.95375196309374,0.49752020685090403,-0.1945566685408511,0.49752020685090403
05_estrutura_eventos_enriquecidos__w60__max_baixa_60s__min,51,65,-703.4313725490196,-1112.6923076923076,-675.0,-975.0,409.26093514328807,0.4929370815292485,-0.26805727234795707,0.4929370815292485
06_evolucao_score_eventos__w60__max_baixa_60s__min,51,65,-703.4313725490196,-1112.6923076923076,-675.0,-975.0,409.26093514328807,0.4929370815292485,-0.26805727234795707,0.4929370815292485
07_bloqueios_auditoria_completa__w60__max_baixa_30s__slope,27,30,22.48677248677249,-73.27164502164501,-24.107142857142865,-22.49999999999999,95.75841750841751,0.49110366443596554,-0.18183535483966215,0.49110366443596554
07_bloqueios_auditoria_completa__w60__qtd_hard_gates_compra_ok__std,43,54,0.9918467413819133,0.6711149008579628,0.9428090415820634,0.5,0.32073184052395054,0.4909044760778821,-0.20914884734434758,0.4909044760778821
07_bloqueios_auditoria_completa__w60__max_baixa_30s__delta,43,54,127.32558139534883,-108.79629629629629,0.0,0.0,236.12187769164512,0.4893187448245595,-0.20379660399302948,0.4893187448245595
07_bloqueios_auditoria_completa__last__f_saldo,17,17,2.2941176470588234,-21.88235294117647,-4.0,-32.0,24.176470588235293,0.48890364776483075,-0.15884659899559872,0.48890364776483075
07_bloqueios_auditoria_completa__last__saldo30,17,17,2.2941176470588234,-21.88235294117647,-4.0,-32.0,24.176470588235293,0.48890364776483075,-0.15884659899559872,0.48890364776483075
07_bloqueios_auditoria_completa__w60__continuidade_2s__slope,27,30,0.5203042328042327,-0.232180735930736,0.17857142857142858,-0.31964285714285706,0.7524849687349686,0.4886935387137076,-0.18088040199380462,0.4886935387137076
bloqueios_c7_dna_fluxo_v5_2__w60__gate_continuidade__last,49,69,0.8979591836734694,0.6956521739130435,1.0,1.0,0.20230700976042593,0.4881039819038778,-0.21859040191511278,0.4881039819038778
07_bloqueios_auditoria_completa__w60__ajuste_estrutura_compra__min,43,54,1.302325581395349,-2.2222222222222223,-2.0,-6.0,3.5245478036175713,0.48752288507795627,-0.14648771519702078,0.48752288507795627
07_bloqueios_auditoria_completa__w60__max_alta_30s__last,43,54,669.7674418604652,340.27777777777777,350.0,262.5,329.4896640826874,0.4849642672409809,-0.24457636894826643,0.4849642672409809
bloqueios_c7_dna_fluxo_v5_2__last__score_venda,20,22,45.55,61.45454545454545,52.0,75.5,-15.904545454545456,-0.4846956035464642,0.15441891795146126,0.4846956035464642
05_estrutura_eventos_enriquecidos__w60__imbalance_atual__last,51,65,0.937908496732026,1.3200404858299595,1.0,1.0,-0.38213198909793344,-0.4828051592991566,0.1446628488535775,0.4828051592991566
06_evolucao_score_eventos__w60__imbalance_atual__last,51,65,0.937908496732026,1.3200404858299595,1.0,1.0,-0.38213198909793344,-0.4828051592991566,0.1446628488535775,0.4828051592991566
07_bloqueios_auditoria_completa__w60__mov_favor_60s__slope,27,30,207.64550264550255,25.72132034632034,106.42857142857139,-5.535714285714244,181.9241822991822,0.47999867190330125,-0.19033960044188905,0.47999867190330125
05_estrutura_eventos_enriquecidos__w60__desloc_30s__std,51,65,524.6618915408308,373.71977883878856,475.89348532523536,384.0572873934304,150.9421127020422,0.47984642428178553,-0.2229081916475789,0.47984642428178553
06_evolucao_score_eventos__w60__desloc_30s__std,51,65,524.6618915408308,373.71977883878856,475.89348532523536,384.0572873934304,150.9421127020422,0.47984642428178553,-0.2229081916475789,0.47984642428178553
05_estrutura_eventos_enriquecidos__w60__gate_saldo30__first,51,65,0.9019607843137255,0.7076923076923077,1.0,1.0,0.19426847662141777,0.4795796973891519,-0.19038621164120162,0.4795796973891519
06_evolucao_score_eventos__w60__gate_saldo30__first,51,65,0.9019607843137255,0.7076923076923077,1.0,1.0,0.19426847662141777,0.4795796973891519,-0.19038621164120162,0.4795796973891519
07_bloqueios_auditoria_completa__w60__desloc_30s__mean,43,54,301.1973975636767,-40.41466249799583,266.6666666666667,-19.196428571428573,341.61206006167254,0.47824780543253326,-0.24819539965804935,0.47824780543253326
07_bloqueios_auditoria_completa__w60__salvou_loss_120s__transitions,43,54,0.7209302325581395,0.35185185185185186,0.0,0.0,0.3690783807062876,0.4763684570556976,-0.2401134836006313,0.4763684570556976
07_bloqueios_auditoria_completa__w60__mov_contra_60s__slope,27,30,-169.8875661375661,-23.75,-164.99999999999991,11.249999999999975,-146.1375661375661,-0.4743998874107318,0.22018588313304296,0.4743998874107318
07_bloqueios_auditoria_completa__w60__f_lado__nunique,43,54,1.4651162790697674,1.2407407407407407,1.0,1.0,0.22437553832902668,0.47358755916414197,-0.16598192279263171,0.47358755916414197
07_bloqueios_auditoria_completa__w60__lado__nunique,43,54,1.4651162790697674,1.2407407407407407,1.0,1.0,0.22437553832902668,0.47358755916414197,-0.16598192279263171,0.47358755916414197
07_bloqueios_auditoria_completa__w60__rompimento_venda__slope,27,30,-0.873148148148148,0.4765422077922078,-0.44642857142857073,0.3749999999999983,-1.3496903559403557,-0.47299708614864067,0.24335134564765853,0.47299708614864067
05_estrutura_eventos_enriquecidos__w60__desloc_60s__first,51,65,693.6274509803922,9.615384615384615,275.0,0.0,684.0120663650075,0.47212090468087764,-0.2094710695791331,0.47212090468087764
06_evolucao_score_eventos__w60__desloc_60s__first,51,65,693.6274509803922,9.615384615384615,275.0,0.0,684.0120663650075,0.47212090468087764,-0.2094710695791331,0.47212090468087764
05_estrutura_eventos_enriquecidos__w60__imbalance_atual__slope,39,53,-0.04743589743589741,0.09077207383811157,-0.017857142857142648,0.024999999999999994,-0.138207971274009,-0.469375329198258,0.14229903030279858,0.469375329198258
06_evolucao_score_eventos__w60__imbalance_atual__slope,39,53,-0.04743589743589741,0.09077207383811157,-0.017857142857142648,0.024999999999999994,-0.138207971274009,-0.469375329198258,0.14229903030279858,0.469375329198258
07_bloqueios_auditoria_completa__w60__ajuste_estrutura_venda__last,43,54,0.046511627906976744,3.6296296296296298,-6.0,8.0,-3.583118001722653,-0.4656354086165442,0.1686343716975449,0.4656354086165442
bloqueios_c7_dna_fluxo_v5_2__last__rompimento_compra,20,22,-4.0125,-6.954545454545454,-4.75,-6.25,2.942045454545454,0.4635165552202524,-0.3090855165462751,0.4635165552202524
05_estrutura_eventos_enriquecidos__w60__max_baixa_60s__delta,51,65,276.96078431372547,-131.15384615384616,175.0,0.0,408.1146304675716,0.46281317198942684,-0.21032007849655054,0.46281317198942684
06_evolucao_score_eventos__w60__max_baixa_60s__delta,51,65,276.96078431372547,-131.15384615384616,175.0,0.0,408.1146304675716,0.46281317198942684,-0.21032007849655054,0.46281317198942684
07_bloqueios_auditoria_completa__w60__max_baixa_120s__first,43,54,-582.5581395348837,-985.6481481481482,-550.0,-775.0,403.09000861326444,0.4620714992726979,-0.27101432838856415,0.4620714992726979
07_bloqueios_auditoria_completa__w60__ajuste_estrutura_compra__max,43,54,6.837209302325581,3.259259259259259,8.0,8.0,3.577950043066322,0.4618050339811827,-0.11172740329276559,0.4618050339811827
bloqueios_c7_dna_fluxo_v5_2__last__score_compra_base,20,22,42.55,30.181818181818183,49.5,22.5,12.368181818181814,0.46157043286799354,-0.13366369600937733,0.46157043286799354
07_bloqueios_auditoria_completa__w60__salvou_loss_120s__ever_true,43,54,0.9302325581395349,0.7592592592592593,1.0,1.0,0.17097329888027557,0.4606780553162981,-0.19513745982107217,0.4606780553162981
estado_mercado_tempo_real__w60__delta_agressor__std,82,116,0.5783288637532407,0.6625651378955171,0.5754193101629004,0.6388765649999398,-0.08423627414227641,-0.459803227389511,0.2508130649068177,0.459803227389511
bloqueios_c7_dna_fluxo_v5_2__w60__aceleracao__std,49,69,0.8390206613561701,0.5672472154068909,0.8380648510564779,0.4699748270679094,0.2717734459492792,0.45967403963316816,-0.17094538456166802,0.45967403963316816
05_estrutura_eventos_enriquecidos__w60__spread_pct_120_60__max,51,65,0.6273450465528818,0.4991196412429636,0.7044917257683215,0.5610438024231128,0.12822540530991822,0.4570157722622702,-0.15630637080413767,0.4570157722622702
06_evolucao_score_eventos__w60__spread_pct_120_60__max,51,65,0.6273450465528818,0.4991196412429636,0.7044917257683215,0.5610438024231128,0.12822540530991822,0.4570157722622702,-0.15630637080413767,0.4570157722622702
bloqueios_c7_dna_fluxo_v5_2__w60__gate_rompimento__last,49,69,0.40816326530612246,0.2028985507246377,0.0,0.0,0.20526471458148476,0.4532284937442679,-0.1963921078310751,0.4532284937442679
estados_c7_dna_fluxo_v5_2__w60__spread_pct_120_60__max,57,81,0.5744222581318866,0.43961876259300275,0.6554878048780488,0.4014084507042254,0.13480349553888388,0.45317556988173985,-0.15766804285434796,0.45317556988173985
07_bloqueios_auditoria_completa__w60__qtd_hard_gates_compra_ok__slope,27,30,0.16640211640211625,-0.1761688311688311,0.07142857142857133,-0.10000000000000009,0.34257094757094736,0.4525194760034625,-0.20546361556860887,0.4525194760034625
bloqueios_c7_dna_fluxo_v5_2__w60__continuidade_2s__max,49,69,2.8316326530612246,1.4927536231884058,2.75,1.25,1.3388790298728188,0.45125296729327236,-0.13386614140663844,0.45125296729327236
estados_c7_dna_fluxo_v5_2__w60__spread_pct_120_60__last,57,81,0.5280921510793385,0.3968263465501435,0.5559105431309904,0.3510555121188428,0.131265804529195,0.4508467049090061,-0.1570793434800093,0.4508467049090061
05_estrutura_eventos_enriquecidos__w60__max_alta_30s__delta,51,65,254.90196078431373,-71.15384615384616,0.0,0.0,326.0558069381599,0.4506302215448949,-0.2000797506184014,0.4506302215448949
06_evolucao_score_eventos__w60__max_alta_30s__delta,51,65,254.90196078431373,-71.15384615384616,0.0,0.0,326.0558069381599,0.4506302215448949,-0.2000797506184014,0.4506302215448949
bloqueios_c7_dna_fluxo_v5_2__last__qtd_hard_gates_compra_ok,20,22,3.45,2.6363636363636362,3.5,2.0,0.8136363636363639,0.45053906512254266,-0.1255920760715082,0.45053906512254266
estados_c7_dna_fluxo_v5_2__w60__spread_pct_120_60__mean,57,81,0.5222945238666501,0.3911777256232921,0.5894249444235763,0.3192910263761597,0.13111679824335798,0.44791542493992226,-0.16433777189679916,0.44791542493992226
13a_features_tempo_real__w60__preco__max,82,116,27890.969512195123,27940.665948275862,27883.25,27940.875,-49.69643608073966,-0.44694893672674374,0.2170088822678208,0.44694893672674374
07_bloqueios_auditoria_completa__w60__score_compra__std,43,54,15.303122752741636,10.129897989707883,13.86671245413686,7.3193136595149495,5.173224763033753,0.4456163227807454,-0.17005984706088545,0.4456163227807454
bloqueios_c7_dna_fluxo_v5_2__w60__lado__nunique,49,69,1.489795918367347,1.2753623188405796,1.0,1.0,0.21443359952676744,0.4455638866380194,-0.15297598601207604,0.4455638866380194
05_estrutura_eventos_enriquecidos__w60__max_alta_60s__first,51,65,1080.3921568627452,568.8461538461538,625.0,325.0,511.5460030165914,0.44533295126446576,-0.1967519159199533,0.44533295126446576
06_evolucao_score_eventos__w60__max_alta_60s__first,51,65,1080.3921568627452,568.8461538461538,625.0,325.0,511.5460030165914,0.44533295126446576,-0.1967519159199533,0.44533295126446576
05_estrutura_eventos_enriquecidos__w60__favor_60s__slope,39,53,88.03821178821177,-13.592460998121359,47.04545454545455,-10.833333333333302,101.63067278633312,0.44505897553217816,-0.2747405748704906,0.44505897553217816
05_estrutura_eventos_enriquecidos__w60__fundo_30s__first,51,65,27869.696078431374,27923.976923076923,27854.0,27940.75,-54.28084464554922,-0.44498505441674624,0.24475934891321982,0.44498505441674624
06_evolucao_score_eventos__w60__fundo_30s__first,51,65,27869.696078431374,27923.976923076923,27854.0,27940.75,-54.28084464554922,-0.44498505441674624,0.24475934891321982,0.44498505441674624
07_bloqueios_auditoria_completa__w60__salvou_loss_30s__true_pct,43,54,59.66777408637874,43.34616001282667,66.66666666666666,50.0,16.32161407355207,0.4449579983170164,-0.24103324361473846,0.4449579983170164
07_bloqueios_auditoria_completa__w60__rompimento_venda__std,43,54,3.486979222984749,2.2869622417229998,3.2228432710884345,1.4375,1.2000169812617494,0.44401811156413457,-0.12406852697241103,0.44401811156413457
bloqueios_c7_dna_fluxo_v5_2__w60__qtd_hard_gates_compra_ok__std,49,69,0.9874105326161772,0.7049419258283609,0.9428090415820634,0.7071067811865476,0.28246860678781627,0.4432214031279155,-0.1807822089041469,0.4432214031279155
07_bloqueios_auditoria_completa__w60__gate_vel15__all_true,43,54,0.813953488372093,0.6111111111111112,1.0,1.0,0.20284237726098187,0.44307471896719003,-0.12761800637791826,0.44307471896719003
05_estrutura_eventos_enriquecidos__w60__fundo_30s__min,51,65,27867.13725490196,27921.315384615384,27854.0,27940.25,-54.178129713422095,-0.44271568179369236,0.23993970848092955,0.44271568179369236
06_evolucao_score_eventos__w60__fundo_30s__min,51,65,27867.13725490196,27921.315384615384,27854.0,27940.25,-54.178129713422095,-0.44271568179369236,0.23993970848092955,0.44271568179369236
05_estrutura_eventos_enriquecidos__w60__fundo_anterior__min,51,65,27870.264705882353,27924.123076923075,27855.75,27936.75,-53.85837104072198,-0.44195232866461637,0.24026625385671221,0.44195232866461637
06_evolucao_score_eventos__w60__fundo_anterior__min,51,65,27870.264705882353,27924.123076923075,27855.75,27936.75,-53.85837104072198,-0.44195232866461637,0.24026625385671221,0.44195232866461637
07_bloqueios_auditoria_completa__last__f_score,17,17,75.0,79.6470588235294,71.0,81.0,-4.647058823529406,-0.4419325411827677,0.17182882203566568,0.4419325411827677
07_bloqueios_auditoria_completa__last__score,17,17,75.0,79.6470588235294,71.0,81.0,-4.647058823529406,-0.4419325411827677,0.17182882203566568,0.4419325411827677
05_estrutura_eventos_enriquecidos__w60__nivel_invalidation__first,51,65,27877.480392156864,27930.996153846154,27858.0,27940.25,-53.51576168929023,-0.441648027719911,0.24536538817421805,0.441648027719911
06_evolucao_score_eventos__w60__nivel_invalidation__first,51,65,27877.480392156864,27930.996153846154,27858.0,27940.25,-53.51576168929023,-0.441648027719911,0.24536538817421805,0.441648027719911
bloqueios_c7_dna_fluxo_v5_2__w60__gate_vel15__all_true,49,69,0.7755102040816326,0.5652173913043478,1.0,1.0,0.21029281277728484,0.44164075771940586,-0.13807854523273297,0.44164075771940586
07_bloqueios_auditoria_completa__w60__max_baixa_60s__slope,27,30,34.2989417989418,-57.137987012987,22.500000000000004,-1.3658436384076317e-14,91.4369288119288,0.4414361481409705,-0.213180917277366,0.4414361481409705
07_bloqueios_auditoria_completa__w60__gate_rompimento__true_count,43,54,1.2093023255813953,0.7777777777777778,1.0,1.0,0.4315245478036175,0.440926954686586,-0.2232160583426174,0.440926954686586
13a_features_tempo_real__w60__preco__mean,82,116,27882.65990525003,27931.47405063695,27874.061522198732,27927.451351950353,-48.81414538691752,-0.4408728756269622,0.21233861712843405,0.4408728756269622
13a_features_tempo_real__w60__preco__first,82,116,27882.939024390245,27931.818965517243,27873.75,27924.375,-48.87994112699744,-0.4406858969911007,0.2129367663431967,0.4406858969911007
estados_c7_dna_fluxo_v5_2__w60__spread_pct_120_60__min,57,81,0.4760059574155608,0.3484353396041842,0.5221238938053098,0.2466367713004484,0.12757061781137657,0.44025993039350525,-0.16423996846191893,0.44025993039350525
07_bloqueios_auditoria_completa__w60__gate_saldo30__last,43,54,0.7441860465116279,0.9074074074074074,1.0,1.0,-0.16322136089577954,-0.43979088908029484,0.23065900423129146,0.43979088908029484
07_bloqueios_auditoria_completa__w60__max_baixa_60s__mean,43,54,-405.68244739756364,-714.8933782267115,-283.3333333333333,-568.75,309.2109308291479,0.4393628593218778,-0.22183819704190474,0.4393628593218778
05_estrutura_eventos_enriquecidos__w60__fundo_30s__mean,51,65,27870.83893928783,27924.364247558,27856.625,27940.775,-53.52530827017108,-0.4392291670211593,0.24128062305333298,0.4392291670211593
06_evolucao_score_eventos__w60__fundo_30s__mean,51,65,27870.83893928783,27924.364247558,27856.625,27940.775,-53.52530827017108,-0.4392291670211593,0.24128062305333298,0.4392291670211593
05_estrutura_eventos_enriquecidos__w60__fundo_anterior__first,51,65,27874.406862745098,27928.03076923077,27855.75,27936.75,-53.62390648567089,-0.4388557061327015,0.24253191087354006,0.4388557061327015
06_evolucao_score_eventos__w60__fundo_anterior__first,51,65,27874.406862745098,27928.03076923077,27855.75,27936.75,-53.62390648567089,-0.4388557061327015,0.24253191087354006,0.4388557061327015
estados_c7_dna_fluxo_v5_2__w60__spread_pct_120_60__first,57,81,0.5218100857721251,0.3927846208541394,0.5633802816901409,0.3673469387755102,0.12902546491798567,0.43810676058592213,-0.16086840745718292,0.43810676058592213
estados_c7_dna_fluxo_v5_2__w60__imbalance_atual__slope,45,67,-0.041907968574635225,0.07765727638861968,-0.017857142857142648,0.016666666666666708,-0.11956524496325491,-0.4380747570393876,0.13188040819165958,0.4380747570393876
07_bloqueios_auditoria_completa__w60__max_alta_30s__mean,43,54,584.1486710963454,369.33351370851375,450.0,300.0,214.81515738783168,0.43803633897594546,-0.24596329308645687,0.43803633897594546
05_estrutura_eventos_enriquecidos__w60__ultimo_topo__max,51,65,27883.813725490196,27937.296153846153,27865.25,27941.25,-53.48242835595738,-0.437739798477305,0.2434495455232468,0.437739798477305
06_evolucao_score_eventos__w60__ultimo_topo__max,51,65,27883.813725490196,27937.296153846153,27865.25,27941.25,-53.48242835595738,-0.437739798477305,0.2434495455232468,0.437739798477305
07_bloqueios_auditoria_completa__w60__campanha_entradas__std,43,54,0.05318352461914093,0.006480131594664492,0.0,0.0,0.04670339302447644,0.43731334505080494,-0.17047130067970312,0.43731334505080494
05_estrutura_eventos_enriquecidos__w60__nivel_invalidation__min,51,65,27874.18137254902,27927.596153846152,27858.0,27940.25,-53.41478129713141,-0.4372889844716217,0.24110589152217796,0.4372889844716217
06_evolucao_score_eventos__w60__nivel_invalidation__min,51,65,27874.18137254902,27927.596153846152,27858.0,27940.25,-53.41478129713141,-0.4372889844716217,0.24110589152217796,0.4372889844716217
estados_c7_dna_fluxo_v5_2__last__spread_pct_120_60,34,46,0.5005661934958519,0.3814471644961459,0.500816093889659,0.33267061320227853,0.11911902899970594,0.4371829333535204,-0.17184587580826277,0.4371829333535204
05_estrutura_eventos_enriquecidos__w60__fundo_anterior__mean,51,65,27875.00459390827,27928.26461691087,27862.0,27937.5,-53.260023002600065,-0.4369058550950338,0.24091915607113934,0.4369058550950338
06_evolucao_score_eventos__w60__fundo_anterior__mean,51,65,27875.00459390827,27928.26461691087,27862.0,27937.5,-53.260023002600065,-0.4369058550950338,0.24091915607113934,0.4369058550950338
05_estrutura_eventos_enriquecidos__w60__swing_mais_recente_preco__min,51,65,27872.28431372549,27925.5,27856.25,27938.5,-53.21568627451052,-0.4368897639788421,0.24083396013347141,0.4368897639788421
06_evolucao_score_eventos__w60__swing_mais_recente_preco__min,51,65,27872.28431372549,27925.5,27856.25,27938.5,-53.21568627451052,-0.4368897639788421,0.24083396013347141,0.4368897639788421
05_estrutura_eventos_enriquecidos__w60__topo_anterior__min,51,65,27874.960784313724,27928.28846153846,27858.5,27939.5,-53.32767722473727,-0.43686319182373856,0.2389534218828121,0.43686319182373856
06_evolucao_score_eventos__w60__topo_anterior__min,51,65,27874.960784313724,27928.28846153846,27858.5,27939.5,-53.32767722473727,-0.43686319182373856,0.2389534218828121,0.43686319182373856
05_estrutura_eventos_enriquecidos__w60__ultimo_topo__first,51,65,27879.426470588234,27932.888461538463,27858.5,27939.5,-53.46199095022894,-0.43669006379939856,0.24299100328020612,0.43669006379939856
06_evolucao_score_eventos__w60__ultimo_topo__first,51,65,27879.426470588234,27932.888461538463,27858.5,27939.5,-53.46199095022894,-0.43669006379939856,0.24299100328020612,0.43669006379939856
05_estrutura_eventos_enriquecidos__w60__ultimo_topo__min,51,65,27874.980392156864,27928.323076923076,27858.5,27938.75,-53.34268476621219,-0.4366374373635444,0.23920536132629203,0.4366374373635444
06_evolucao_score_eventos__w60__ultimo_topo__min,51,65,27874.980392156864,27928.323076923076,27858.5,27938.75,-53.34268476621219,-0.4366374373635444,0.23920536132629203,0.4366374373635444
05_estrutura_eventos_enriquecidos__w60__ultimo_fundo__min,51,65,27871.00980392157,27924.334615384614,27856.25,27935.75,-53.32481146304417,-0.4366183417366052,0.2394810473595392,0.4366183417366052
06_evolucao_score_eventos__w60__ultimo_fundo__min,51,65,27871.00980392157,27924.334615384614,27856.25,27935.75,-53.32481146304417,-0.4366183417366052,0.2394810473595392,0.4366183417366052
05_estrutura_eventos_enriquecidos__w60__swing_mais_recente_preco__first,51,65,27877.357843137255,27930.438461538462,27856.25,27939.5,-53.080618401207175,-0.4364900721253012,0.2427521201159043,0.4364900721253012
06_evolucao_score_eventos__w60__swing_mais_recente_preco__first,51,65,27877.357843137255,27930.438461538462,27856.25,27939.5,-53.080618401207175,-0.4364900721253012,0.2427521201159043,0.4364900721253012
05_estrutura_eventos_enriquecidos__w60__swing_mais_recente_preco__max,51,65,27882.754901960783,27935.753846153846,27861.5,27941.25,-52.998944193062925,-0.4364837669891662,0.24258713786142042,0.4364837669891662
06_evolucao_score_eventos__w60__swing_mais_recente_preco__max,51,65,27882.754901960783,27935.753846153846,27861.5,27941.25,-52.998944193062925,-0.4364837669891662,0.24258713786142042,0.4364837669891662
05_estrutura_eventos_enriquecidos__w60__base__first,51,65,27877.196078431374,27930.46923076923,27858.25,27938.75,-53.27315233785703,-0.4364078835335919,0.24256625119299657,0.4364078835335919
05_estrutura_eventos_enriquecidos__w60__preco__first,51,65,27877.196078431374,27930.46923076923,27858.25,27938.75,-53.27315233785703,-0.4364078835335919,0.24256625119299657,0.4364078835335919
05_estrutura_eventos_enriquecidos__w60__preco_2__first,51,65,27877.196078431374,27930.46923076923,27858.25,27938.75,-53.27315233785703,-0.4364078835335919,0.24256625119299657,0.4364078835335919
05_estrutura_eventos_enriquecidos__w60__ref__first,51,65,27877.196078431374,27930.46923076923,27858.25,27938.75,-53.27315233785703,-0.4364078835335919,0.24256625119299657,0.4364078835335919
06_evolucao_score_eventos__w60__base__first,51,65,27877.196078431374,27930.46923076923,27858.25,27938.75,-53.27315233785703,-0.4364078835335919,0.24256625119299657,0.4364078835335919
06_evolucao_score_eventos__w60__preco__first,51,65,27877.196078431374,27930.46923076923,27858.25,27938.75,-53.27315233785703,-0.4364078835335919,0.24256625119299657,0.4364078835335919
06_evolucao_score_eventos__w60__preco_2__first,51,65,27877.196078431374,27930.46923076923,27858.25,27938.75,-53.27315233785703,-0.4364078835335919,0.24256625119299657,0.4364078835335919
06_evolucao_score_eventos__w60__ref__first,51,65,27877.196078431374,27930.46923076923,27858.25,27938.75,-53.27315233785703,-0.4364078835335919,0.24256625119299657,0.4364078835335919
05_estrutura_eventos_enriquecidos__w60__fundo_30s__max,51,65,27874.686274509804,27927.684615384616,27860.25,27943.5,-52.99834087481213,-0.43564248213443374,0.24289837798305988,0.43564248213443374
06_evolucao_score_eventos__w60__fundo_30s__max,51,65,27874.686274509804,27927.684615384616,27860.25,27943.5,-52.99834087481213,-0.43564248213443374,0.24289837798305988,0.43564248213443374
05_estrutura_eventos_enriquecidos__w60__fundo_anterior__last,51,65,27875.813725490196,27928.953846153847,27862.0,27938.25,-53.14012066365103,-0.4354873641261442,0.23755276585660934,0.4354873641261442
06_evolucao_score_eventos__w60__fundo_anterior__last,51,65,27875.813725490196,27928.953846153847,27862.0,27938.25,-53.14012066365103,-0.4354873641261442,0.23755276585660934,0.4354873641261442
07_bloqueios_auditoria_completa__w60__score_venda__min,43,54,22.209302325581394,35.75925925925926,12.0,22.0,-13.549956933677866,-0.43539142308684803,0.10817064290166815,0.43539142308684803
05_estrutura_eventos_enriquecidos__w60__eficiencia_swings__mean,51,65,0.19915765657855758,0.16154639913505608,0.1846339987900786,0.15010570824524308,0.037611257443501495,0.43515145716528,-0.14058354614499333,0.43515145716528
06_evolucao_score_eventos__w60__eficiencia_swings__mean,51,65,0.19915765657855758,0.16154639913505608,0.1846339987900786,0.15010570824524308,0.037611257443501495,0.43515145716528,-0.14058354614499333,0.43515145716528
05_estrutura_eventos_enriquecidos__w60__spread_pct_120_60__mean,51,65,0.5725152930786604,0.4516939312995567,0.6414313275498627,0.4529152796440211,0.12082136177910374,0.43501935061662017,-0.15394101165697618,0.43501935061662017
06_evolucao_score_eventos__w60__spread_pct_120_60__mean,51,65,0.5725152930786604,0.4516939312995567,0.6414313275498627,0.4529152796440211,0.12082136177910374,0.43501935061662017,-0.15394101165697618,0.43501935061662017
05_estrutura_eventos_enriquecidos__w60__ultimo_fundo__max,51,65,27879.725490196077,27932.734615384616,27861.5,27936.25,-53.009125188538746,-0.4349585282933122,0.2425411170314654,0.4349585282933122
06_evolucao_score_eventos__w60__ultimo_fundo__max,51,65,27879.725490196077,27932.734615384616,27861.5,27936.25,-53.009125188538746,-0.4349585282933122,0.2425411170314654,0.4349585282933122
07_bloqueios_auditoria_completa__last__score_venda_base,17,17,42.470588235294116,55.8235294117647,44.0,69.0,-13.352941176470587,-0.4348569235443261,0.1062786581356345,0.4348569235443261
05_estrutura_eventos_enriquecidos__w60__ultimo_topo__mean,51,65,27879.839155384376,27932.878420329667,27865.25,27939.5625,-53.03926494529151,-0.434541883356055,0.24038563590326506,0.434541883356055
06_evolucao_score_eventos__w60__ultimo_topo__mean,51,65,27879.839155384376,27932.878420329667,27865.25,27939.5625,-53.03926494529151,-0.434541883356055,0.24038563590326506,0.434541883356055
bloqueios_c7_dna_fluxo_v5_2__w60__tipo_entrada_campanha__nunique,49,69,1.3265306122448979,1.0869565217391304,1.0,1.0,0.2395740905057675,0.43435405438942426,-0.20035422382468693,0.43435405438942426
05_estrutura_eventos_enriquecidos__w60__fundo_anterior__max,51,65,27879.647058823528,27932.646153846155,27862.0,27938.25,-52.99909502262744,-0.4342985494323749,0.24102434533065617,0.4342985494323749
06_evolucao_score_eventos__w60__fundo_anterior__max,51,65,27879.647058823528,27932.646153846155,27862.0,27938.25,-52.99909502262744,-0.4342985494323749,0.24102434533065617,0.4342985494323749
13a_sinais__last__preco_entrada,82,116,27883.865853658535,27932.400862068964,27873.125,27927.5,-48.53500841042842,-0.4341740621465431,0.20863450829982874,0.4341740621465431
13a_sinais__last__stop_preco,82,116,27891.865853658535,27940.400862068964,27881.125,27935.5,-48.53500841042842,-0.4341740621465431,0.20863450829982874,0.4341740621465431
13a_sinais__last__target_preco,82,116,27871.865853658535,27920.400862068964,27861.125,27915.5,-48.53500841042842,-0.4341740621465431,0.20863450829982874,0.4341740621465431
13a_sinais__w60__preco_entrada__last,82,116,27883.865853658535,27932.400862068964,27873.125,27927.5,-48.53500841042842,-0.4341740621465431,0.20863450829982874,0.4341740621465431
13a_sinais__w60__stop_preco__last,82,116,27891.865853658535,27940.400862068964,27881.125,27935.5,-48.53500841042842,-0.4341740621465431,0.20863450829982874,0.4341740621465431
13a_sinais__w60__target_preco__last,82,116,27871.865853658535,27920.400862068964,27861.125,27915.5,-48.53500841042842,-0.4341740621465431,0.20863450829982874,0.4341740621465431
05_estrutura_eventos_enriquecidos__w60__spread_pct_120_60__first,51,65,0.5725252522165077,0.45094577149638776,0.6255144032921811,0.3955223880597014,0.12157948072011998,0.4340342116565302,-0.16018375758446635,0.4340342116565302
06_evolucao_score_eventos__w60__spread_pct_120_60__first,51,65,0.5725252522165077,0.45094577149638776,0.6255144032921811,0.3955223880597014,0.12157948072011998,0.4340342116565302,-0.16018375758446635,0.4340342116565302
05_estrutura_eventos_enriquecidos__w60__base__max,51,65,27882.57843137255,27935.61923076923,27864.75,27940.25,-53.040799396680086,-0.4339780945565106,0.24239967995984116,0.4339780945565106
05_estrutura_eventos_enriquecidos__w60__preco__max,51,65,27882.57843137255,27935.61923076923,27864.75,27940.25,-53.040799396680086,-0.4339780945565106,0.24239967995984116,0.4339780945565106
05_estrutura_eventos_enriquecidos__w60__preco_2__max,51,65,27882.57843137255,27935.61923076923,27864.75,27940.25,-53.040799396680086,-0.4339780945565106,0.24239967995984116,0.4339780945565106
05_estrutura_eventos_enriquecidos__w60__ref__max,51,65,27882.57843137255,27935.61923076923,27864.75,27940.25,-53.040799396680086,-0.4339780945565106,0.24239967995984116,0.4339780945565106
06_evolucao_score_eventos__w60__base__max,51,65,27882.57843137255,27935.61923076923,27864.75,27940.25,-53.040799396680086,-0.4339780945565106,0.24239967995984116,0.4339780945565106
06_evolucao_score_eventos__w60__preco__max,51,65,27882.57843137255,27935.61923076923,27864.75,27940.25,-53.040799396680086,-0.4339780945565106,0.24239967995984116,0.4339780945565106
06_evolucao_score_eventos__w60__preco_2__max,51,65,27882.57843137255,27935.61923076923,27864.75,27940.25,-53.040799396680086,-0.4339780945565106,0.24239967995984116,0.4339780945565106
06_evolucao_score_eventos__w60__ref__max,51,65,27882.57843137255,27935.61923076923,27864.75,27940.25,-53.040799396680086,-0.4339780945565106,0.24239967995984116,0.4339780945565106
05_estrutura_eventos_enriquecidos__w60__base__mean,51,65,27877.751331239564,27930.684383394382,27864.75,27938.75,-52.93305215481814,-0.4336354485756642,0.24074903058669173,0.4336354485756642
05_estrutura_eventos_enriquecidos__w60__preco__mean,51,65,27877.751331239564,27930.684383394382,27864.75,27938.75,-52.93305215481814,-0.4336354485756642,0.24074903058669173,0.4336354485756642
05_estrutura_eventos_enriquecidos__w60__preco_2__mean,51,65,27877.751331239564,27930.684383394382,27864.75,27938.75,-52.93305215481814,-0.4336354485756642,0.24074903058669173,0.4336354485756642
05_estrutura_eventos_enriquecidos__w60__ref__mean,51,65,27877.751331239564,27930.684383394382,27864.75,27938.75,-52.93305215481814,-0.4336354485756642,0.24074903058669173,0.4336354485756642
06_evolucao_score_eventos__w60__base__mean,51,65,27877.751331239564,27930.684383394382,27864.75,27938.75,-52.93305215481814,-0.4336354485756642,0.24074903058669173,0.4336354485756642
06_evolucao_score_eventos__w60__preco__mean,51,65,27877.751331239564,27930.684383394382,27864.75,27938.75,-52.93305215481814,-0.4336354485756642,0.24074903058669173,0.4336354485756642
06_evolucao_score_eventos__w60__preco_2__mean,51,65,27877.751331239564,27930.684383394382,27864.75,27938.75,-52.93305215481814,-0.4336354485756642,0.24074903058669173,0.4336354485756642
06_evolucao_score_eventos__w60__ref__mean,51,65,27877.751331239564,27930.684383394382,27864.75,27938.75,-52.93305215481814,-0.4336354485756642,0.24074903058669173,0.4336354485756642
07_bloqueios_auditoria_completa__w60__qtd_hard_gates_venda_ok__std,43,54,0.9592779408194722,0.6689372731846738,0.8329931278350429,0.558287726505694,0.2903406676347984,0.4336149460922732,-0.15932088245999848,0.4336149460922732
13a_features_tempo_real__w60__preco__min,82,116,27875.219512195123,27923.415948275862,27865.25,27919.875,-48.19643608073966,-0.4333302425850899,0.20725734890764805,0.4333302425850899
05_estrutura_eventos_enriquecidos__w60__ultimo_fundo__first,51,65,27875.31862745098,27928.1,27856.25,27936.25,-52.78137254901958,-0.43299962840377043,0.24133059804307186,0.43299962840377043
06_evolucao_score_eventos__w60__ultimo_fundo__first,51,65,27875.31862745098,27928.1,27856.25,27936.25,-52.78137254901958,-0.43299962840377043,0.24133059804307186,0.43299962840377043
05_estrutura_eventos_enriquecidos__w60__swing_mais_recente_preco__mean,51,65,27877.94136745608,27930.598737789987,27861.5,27938.5,-52.65737033390906,-0.4326741910197052,0.24043307622463544,0.4326741910197052
06_evolucao_score_eventos__w60__swing_mais_recente_preco__mean,51,65,27877.94136745608,27930.598737789987,27861.5,27938.5,-52.65737033390906,-0.4326741910197052,0.24043307622463544,0.4326741910197052
07_bloqueios_auditoria_completa__w60__score_compra__max,43,54,65.83720930232558,52.092592592592595,72.0,66.0,13.74461670973298,0.4324844371180189,-0.12857250653798408,0.4324844371180189
05_estrutura_eventos_enriquecidos__w60__ultimo_fundo__mean,51,65,27875.620214752566,27928.347344322345,27861.5,27936.0,-52.72712956977921,-0.43239377856740513,0.23983615070462325,0.43239377856740513
06_evolucao_score_eventos__w60__ultimo_fundo__mean,51,65,27875.620214752566,27928.347344322345,27861.5,27936.0,-52.72712956977921,-0.43239377856740513,0.23983615070462325,0.43239377856740513
bloqueios_c7_dna_fluxo_v5_2__w60__continuidade_2s__std,49,69,1.9523320182967645,1.279398119781804,1.625,0.9078649403958718,0.6729338985149604,0.4319758239587893,-0.15486284308006174,0.4319758239587893
07_bloqueios_auditoria_completa__last__max_alta_120s,17,17,1436.764705882353,923.5294117647059,950.0,825.0,513.2352941176471,0.43193623402295556,-0.20663249595615477,0.43193623402295556
05_estrutura_eventos_enriquecidos__w60__base__min,51,65,27872.970588235294,27925.746153846154,27858.25,27938.75,-52.77556561086021,-0.43189455139152044,0.2378570451999896,0.43189455139152044
05_estrutura_eventos_enriquecidos__w60__preco__min,51,65,27872.970588235294,27925.746153846154,27858.25,27938.75,-52.77556561086021,-0.43189455139152044,0.2378570451999896,0.43189455139152044
05_estrutura_eventos_enriquecidos__w60__preco_2__min,51,65,27872.970588235294,27925.746153846154,27858.25,27938.75,-52.77556561086021,-0.43189455139152044,0.2378570451999896,0.43189455139152044
05_estrutura_eventos_enriquecidos__w60__ref__min,51,65,27872.970588235294,27925.746153846154,27858.25,27938.75,-52.77556561086021,-0.43189455139152044,0.2378570451999896,0.43189455139152044
06_evolucao_score_eventos__w60__base__min,51,65,27872.970588235294,27925.746153846154,27858.25,27938.75,-52.77556561086021,-0.43189455139152044,0.2378570451999896,0.43189455139152044
06_evolucao_score_eventos__w60__preco__min,51,65,27872.970588235294,27925.746153846154,27858.25,27938.75,-52.77556561086021,-0.43189455139152044,0.2378570451999896,0.43189455139152044
06_evolucao_score_eventos__w60__preco_2__min,51,65,27872.970588235294,27925.746153846154,27858.25,27938.75,-52.77556561086021,-0.43189455139152044,0.2378570451999896,0.43189455139152044
06_evolucao_score_eventos__w60__ref__min,51,65,27872.970588235294,27925.746153846154,27858.25,27938.75,-52.77556561086021,-0.43189455139152044,0.2378570451999896,0.43189455139152044
07_bloqueios_auditoria_completa__w60__score_compra__slope,27,30,3.3589947089947056,-2.0745238095238108,1.1999999999999924,-0.2499999999999995,5.433518518518516,0.431574515561927,-0.22413551248749608,0.431574515561927
05_estrutura_eventos_enriquecidos__w60__topo_30s__max,51,65,27888.313725490196,27941.003846153846,27870.25,27953.75,-52.690120663650305,-0.43112953474469884,0.24335392980256862,0.43112953474469884
06_evolucao_score_eventos__w60__topo_30s__max,51,65,27888.313725490196,27941.003846153846,27870.25,27953.75,-52.690120663650305,-0.43112953474469884,0.24335392980256862,0.43112953474469884
13a_sinais__w60__preco_entrada__max,82,116,27884.30487804878,27932.491379310344,27873.125,27927.5,-48.186501261563535,-0.43102046828252333,0.20716809029428035,0.43102046828252333
13a_sinais__w60__stop_preco__max,82,116,27892.30487804878,27940.491379310344,27881.125,27935.5,-48.186501261563535,-0.43102046828252333,0.20716809029428035,0.43102046828252333
13a_sinais__w60__target_preco__max,82,116,27872.30487804878,27920.491379310344,27861.125,27915.5,-48.186501261563535,-0.43102046828252333,0.20716809029428035,0.43102046828252333
05_estrutura_eventos_enriquecidos__w60__nivel_invalidation__mean,51,65,27878.114579266046,27930.51811507937,27865.25,27942.8,-52.40353581332238,-0.4309980102697311,0.23931418233491078,0.4309980102697311
06_evolucao_score_eventos__w60__nivel_invalidation__mean,51,65,27878.114579266046,27930.51811507937,27865.25,27942.8,-52.40353581332238,-0.4309980102697311,0.23931418233491078,0.4309980102697311
05_estrutura_eventos_enriquecidos__w60__topo_anterior__max,51,65,27884.642156862745,27937.01923076923,27865.75,27941.25,-52.37707390648575,-0.43099528299367723,0.24004845659232163,0.43099528299367723
06_evolucao_score_eventos__w60__topo_anterior__max,51,65,27884.642156862745,27937.01923076923,27865.75,27941.25,-52.37707390648575,-0.43099528299367723,0.24004845659232163,0.43099528299367723
05_estrutura_eventos_enriquecidos__w60__nivel_invalidation__max,51,65,27881.308823529413,27933.503846153846,27865.25,27943.75,-52.19502262443348,-0.4308867658846432,0.24029951533647845,0.4308867658846432
06_evolucao_score_eventos__w60__nivel_invalidation__max,51,65,27881.308823529413,27933.503846153846,27865.25,27943.75,-52.19502262443348,-0.4308867658846432,0.24029951533647845,0.4308867658846432
05_estrutura_eventos_enriquecidos__w60__favor_30s__delta,51,65,192.64705882352942,-100.38461538461539,0.0,0.0,293.0316742081448,0.4307925378070208,-0.23261448939236545,0.4307925378070208
05_estrutura_eventos_enriquecidos__w60__topo_anterior__mean,51,65,27880.09372524262,27932.576904761907,27865.75,27940.1875,-52.48317951928766,-0.43069936823832894,0.23857705885920752,0.43069936823832894
06_evolucao_score_eventos__w60__topo_anterior__mean,51,65,27880.09372524262,27932.576904761907,27865.75,27940.1875,-52.48317951928766,-0.43069936823832894,0.23857705885920752,0.43069936823832894
05_estrutura_eventos_enriquecidos__w60__topo_anterior__last,51,65,27880.357843137255,27933.007692307692,27865.75,27940.5,-52.64984917043694,-0.4304740457842007,0.23700874407784772,0.4304740457842007
06_evolucao_score_eventos__w60__topo_anterior__last,51,65,27880.357843137255,27933.007692307692,27865.75,27940.5,-52.64984917043694,-0.4304740457842007,0.23700874407784772,0.4304740457842007
05_estrutura_eventos_enriquecidos__w60__spread_pct_120_60__last,51,65,0.5769239809521229,0.4581806820310782,0.6111111111111112,0.4736842105263157,0.11874329892104474,0.43020529837721794,-0.1363783450233266,0.43020529837721794
06_evolucao_score_eventos__w60__spread_pct_120_60__last,51,65,0.5769239809521229,0.4581806820310782,0.6111111111111112,0.4736842105263157,0.11874329892104474,0.43020529837721794,-0.1363783450233266,0.43020529837721794
05_estrutura_eventos_enriquecidos__w60__topo_30s__mean,51,65,27884.98119535693,27937.45934676435,27870.25,27948.475,-52.47815140742023,-0.43015418894495827,0.24171499920170578,0.43015418894495827
06_evolucao_score_eventos__w60__topo_30s__mean,51,65,27884.98119535693,27937.45934676435,27870.25,27948.475,-52.47815140742023,-0.43015418894495827,0.24171499920170578,0.43015418894495827
05_estrutura_eventos_enriquecidos__w60__topo_30s__first,51,65,27885.79411764706,27938.26923076923,27867.0,27944.5,-52.475113122171024,-0.42997610654612756,0.24149614013074464,0.42997610654612756
06_evolucao_score_eventos__w60__topo_30s__first,51,65,27885.79411764706,27938.26923076923,27867.0,27944.5,-52.475113122171024,-0.42997610654612756,0.24149614013074464,0.42997610654612756
13a_sinais__w60__preco_entrada__mean,82,116,27884.085365853658,27932.035560344826,27873.125,27927.5,-47.95019449116808,-0.4297404168994429,0.20634975997095226,0.4297404168994429
13a_sinais__w60__stop_preco__mean,82,116,27892.085365853658,27940.035560344826,27881.125,27935.5,-47.95019449116808,-0.4297404168994429,0.20634975997095226,0.4297404168994429
13a_sinais__w60__target_preco__mean,82,116,27872.085365853658,27920.035560344826,27861.125,27915.5,-47.95019449116808,-0.4297404168994429,0.20634975997095226,0.4297404168994429
07_bloqueios_auditoria_completa__w60__score_compra_base__std,43,54,14.016728737294125,9.552707711958151,12.687001221722964,8.005855089740518,4.464021025335974,0.4296664240327303,-0.17366339633903496,0.4296664240327303
05_estrutura_eventos_enriquecidos__w60__desloc_60s__slope,39,53,69.23340548340549,-63.99524217920445,36.4285714285714,-52.72727272727271,133.22864766260994,0.429241908155867,-0.20649884069455535,0.429241908155867
06_evolucao_score_eventos__w60__desloc_60s__slope,39,53,69.23340548340549,-63.99524217920445,36.4285714285714,-52.72727272727271,133.22864766260994,0.429241908155867,-0.20649884069455535,0.429241908155867
07_bloqueios_auditoria_completa__w60__ajuste_estrutura_compra__mean,43,54,3.4517165005537094,0.4974747474747475,7.666666666666667,-0.75,2.954241753078962,0.42911748020607204,-0.10585987843466305,0.42911748020607204
05_estrutura_eventos_enriquecidos__w60__fundo_30s__last,51,65,27872.156862745098,27924.542307692307,27860.25,27943.5,-52.38544494720918,-0.42893934081322754,0.2347408708958331,0.42893934081322754
06_evolucao_score_eventos__w60__fundo_30s__last,51,65,27872.156862745098,27924.542307692307,27860.25,27943.5,-52.38544494720918,-0.42893934081322754,0.2347408708958331,0.42893934081322754
07_bloqueios_auditoria_completa__w60__salvou_loss_60s__first,43,54,0.7441860465116279,0.5370370370370371,1.0,1.0,0.2071490094745908,0.4287838578114503,-0.21193995559744677,0.4287838578114503
07_bloqueios_auditoria_completa__w60__gate_vel15__transitions,43,54,0.2558139534883721,0.5925925925925926,0.0,0.0,-0.33677863910422046,-0.4284288993992888,0.11079713574193667,0.4284288993992888
13a_sinais__w60__preco_entrada__min,82,116,27883.865853658535,27931.57974137931,27873.125,27927.5,-47.713887720776256,-0.428325726160443,0.20546604798391566,0.428325726160443
13a_sinais__w60__stop_preco__min,82,116,27891.865853658535,27939.57974137931,27881.125,27935.5,-47.713887720776256,-0.428325726160443,0.20546604798391566,0.428325726160443
13a_sinais__w60__target_preco__min,82,116,27871.865853658535,27919.57974137931,27861.125,27915.5,-47.713887720776256,-0.428325726160443,0.20546604798391566,0.428325726160443
07_bloqueios_auditoria_completa__w60__aceleracao__max,43,54,1.0759966375854544,0.657669827830022,0.9855121254740916,0.5279708906783538,0.41832680975543235,0.4281754930492893,-0.1531961931960429,0.4281754930492893
07_bloqueios_auditoria_completa__w60__f_aceleracao__max,43,54,1.0759966375854544,0.657669827830022,0.9855121254740916,0.5279708906783538,0.41832680975543235,0.4281754930492893,-0.1531961931960429,0.4281754930492893
07_bloqueios_auditoria_completa__w60__base__slope,27,30,1.2760582010572605,0.2302489177482805,0.8499999999994392,-0.07500000000073496,1.04580928330898,0.4278188907816381,-0.25343300179464967,0.4278188907816381
07_bloqueios_auditoria_completa__w60__preco__slope,27,30,1.2760582010572605,0.2302489177482805,0.8499999999994392,-0.07500000000073496,1.04580928330898,0.4278188907816381,-0.25343300179464967,0.4278188907816381
07_bloqueios_auditoria_completa__w60__preco_2__slope,27,30,1.2760582010572605,0.2302489177482805,0.8499999999994392,-0.07500000000073496,1.04580928330898,0.4278188907816381,-0.25343300179464967,0.4278188907816381
07_bloqueios_auditoria_completa__w60__gate_rompimento__last,43,54,0.4418604651162791,0.24074074074074073,0.0,0.0,0.20111972437553835,0.4277546427281343,-0.1983019078376515,0.4277546427281343
07_bloqueios_auditoria_completa__w60__score_oposto__slope,27,30,1.3277777777777782,-0.3645238095238096,1.4999999999999996,-0.04999999999999928,1.6923015873015879,0.4276277561804881,-0.2670926137820614,0.4276277561804881
05_estrutura_eventos_enriquecidos__w60__topo_30s__last,51,65,27884.769607843136,27936.96153846154,27870.25,27953.75,-52.191930618402694,-0.4274301911472914,0.23904575408607698,0.4274301911472914
06_evolucao_score_eventos__w60__topo_30s__last,51,65,27884.769607843136,27936.96153846154,27870.25,27953.75,-52.191930618402694,-0.4274301911472914,0.23904575408607698,0.4274301911472914
bloqueios_c7_dna_fluxo_v5_2__w60__campanha_entradas__std,49,69,0.046671256298429796,0.00507140733495482,0.0,0.0,0.041599848963474975,0.427170965058462,-0.1663306932615829,0.427170965058462
05_estrutura_eventos_enriquecidos__w60__ultimo_topo__last,51,65,27880.549019607843,27932.85769230769,27865.25,27941.25,-52.3086726998481,-0.42699759515721614,0.2350972434153771,0.42699759515721614
06_evolucao_score_eventos__w60__ultimo_topo__last,51,65,27880.549019607843,27932.85769230769,27865.25,27941.25,-52.3086726998481,-0.42699759515721614,0.2350972434153771,0.42699759515721614
05_estrutura_eventos_enriquecidos__w60__ultimo_fundo__last,51,65,27876.485294117647,27928.653846153848,27861.5,27935.75,-52.16855203620071,-0.42638509677637343,0.23573020222092317,0.42638509677637343
06_evolucao_score_eventos__w60__ultimo_fundo__last,51,65,27876.485294117647,27928.653846153848,27861.5,27935.75,-52.16855203620071,-0.42638509677637343,0.23573020222092317,0.42638509677637343
05_estrutura_eventos_enriquecidos__w60__nivel_invalidation__last,51,65,27878.28431372549,27930.373076923075,27865.25,27943.75,-52.08876319758565,-0.42613614694941815,0.23651942202499054,0.42613614694941815
06_evolucao_score_eventos__w60__nivel_invalidation__last,51,65,27878.28431372549,27930.373076923075,27865.25,27943.75,-52.08876319758565,-0.42613614694941815,0.23651942202499054,0.42613614694941815
13a_features_tempo_real__last__preco,82,116,27884.204268292684,27931.956896551725,27873.375,27927.5,-47.75262825904065,-0.42604777874106264,0.20568664283021598,0.42604777874106264
13a_features_tempo_real__w60__preco__last,82,116,27884.204268292684,27931.956896551725,27873.375,27927.5,-47.75262825904065,-0.42604777874106264,0.20568664283021598,0.42604777874106264
13a_sinais__w60__preco_entrada__first,82,116,27884.30487804878,27931.67025862069,27873.125,27927.5,-47.365380571907735,-0.42515756724760717,0.2039928357160352,0.42515756724760717
13a_sinais__w60__stop_preco__first,82,116,27892.30487804878,27939.67025862069,27881.125,27935.5,-47.365380571907735,-0.42515756724760717,0.2039928357160352,0.42515756724760717
13a_sinais__w60__target_preco__first,82,116,27872.30487804878,27919.67025862069,27861.125,27915.5,-47.365380571907735,-0.42515756724760717,0.2039928357160352,0.42515756724760717
05_estrutura_eventos_enriquecidos__w60__swing_mais_recente_preco__last,51,65,27878.852941176472,27930.596153846152,27861.5,27941.25,-51.74321266968036,-0.42432227630031844,0.2350145862390577,0.42432227630031844
06_evolucao_score_eventos__w60__swing_mais_recente_preco__last,51,65,27878.852941176472,27930.596153846152,27861.5,27941.25,-51.74321266968036,-0.42432227630031844,0.2350145862390577,0.42432227630031844
estados_c7_dna_fluxo_v5_2__last__rompimento_compra,34,46,-4.860294117647059,-7.614130434782608,-5.125,-5.5,2.7538363171355495,0.4239574807938957,-0.34092481142106845,0.4239574807938957
05_estrutura_eventos_enriquecidos__w60__topo_30s__min,51,65,27881.81862745098,27933.526923076923,27867.0,27944.5,-51.70829562594372,-0.4236109816426895,0.23621426738361587,0.4236109816426895
06_evolucao_score_eventos__w60__topo_30s__min,51,65,27881.81862745098,27933.526923076923,27867.0,27944.5,-51.70829562594372,-0.4236109816426895,0.23621426738361587,0.4236109816426895
07_bloqueios_auditoria_completa__w60__mov_contra_60s__std,43,54,384.0482032113742,225.72419791421206,233.13086453749534,142.1084166404533,158.32400529716213,0.4231065435980774,-0.12419009546007245,0.4231065435980774
bloqueios_c7_dna_fluxo_v5_2__last__ajuste_estrutura,20,22,5.9,8.727272727272727,12.0,12.0,-2.8272727272727263,-0.42304537959540145,0.25872539707519154,0.42304537959540145
05_estrutura_eventos_enriquecidos__w60__base__last,51,65,27879.04411764706,27931.073076923076,27864.75,27940.25,-52.028959276016394,-0.4230115775618776,0.23522713767228054,0.4230115775618776
05_estrutura_eventos_enriquecidos__w60__preco__last,51,65,27879.04411764706,27931.073076923076,27864.75,27940.25,-52.028959276016394,-0.4230115775618776,0.23522713767228054,0.4230115775618776
05_estrutura_eventos_enriquecidos__w60__preco_2__last,51,65,27879.04411764706,27931.073076923076,27864.75,27940.25,-52.028959276016394,-0.4230115775618776,0.23522713767228054,0.4230115775618776
05_estrutura_eventos_enriquecidos__w60__ref__last,51,65,27879.04411764706,27931.073076923076,27864.75,27940.25,-52.028959276016394,-0.4230115775618776,0.23522713767228054,0.4230115775618776
06_evolucao_score_eventos__w60__base__last,51,65,27879.04411764706,27931.073076923076,27864.75,27940.25,-52.028959276016394,-0.4230115775618776,0.23522713767228054,0.4230115775618776
06_evolucao_score_eventos__w60__preco__last,51,65,27879.04411764706,27931.073076923076,27864.75,27940.25,-52.028959276016394,-0.4230115775618776,0.23522713767228054,0.4230115775618776
06_evolucao_score_eventos__w60__preco_2__last,51,65,27879.04411764706,27931.073076923076,27864.75,27940.25,-52.028959276016394,-0.4230115775618776,0.23522713767228054,0.4230115775618776
06_evolucao_score_eventos__w60__ref__last,51,65,27879.04411764706,27931.073076923076,27864.75,27940.25,-52.028959276016394,-0.4230115775618776,0.23522713767228054,0.4230115775618776
07_bloqueios_auditoria_completa__w60__salvou_loss_120s__changed,43,54,0.3953488372093023,0.2037037037037037,0.0,0.0,0.1916451335055986,0.42292754248316894,-0.20154695141093687,0.42292754248316894
05_estrutura_eventos_enriquecidos__w60__topo_anterior__first,51,65,27880.803921568626,27932.3,27858.5,27939.5,-51.49607843137346,-0.42221673146680133,0.23658050861836546,0.42221673146680133
06_evolucao_score_eventos__w60__topo_anterior__first,51,65,27880.803921568626,27932.3,27858.5,27939.5,-51.49607843137346,-0.42221673146680133,0.23658050861836546,0.42221673146680133
07_bloqueios_auditoria_completa__w60__impediu_gain_120s__true_pct,43,54,69.03654485049833,82.38095238095238,75.0,100.0,-13.344407530454049,-0.42216530691084525,0.16802908536098912,0.42216530691084525
07_bloqueios_auditoria_completa__last__ref,14,16,27833.946428571428,27881.84375,27823.875,27893.5,-47.89732142857247,-0.4220107158356108,0.1657078142222475,0.4220107158356108
07_bloqueios_auditoria_completa__w60__max_alta_60s__first,43,54,1006.3953488372093,638.425925925926,700.0,450.0,367.96942291128335,0.4217331439464663,-0.18197334358956668,0.4217331439464663
07_bloqueios_auditoria_completa__w60__salvou_loss_60s__transitions,43,54,0.7674418604651163,0.42592592592592593,1.0,0.0,0.3415159345391904,0.4215305571466297,-0.22416982803681507,0.4215305571466297
07_bloqueios_auditoria_completa__w60__max_alta_60s__delta,43,54,219.1860465116279,-179.16666666666666,0.0,0.0,398.35271317829455,0.42107346436917353,-0.20735638419337007,0.42107346436917353
05_estrutura_eventos_enriquecidos__last__qtd_hard_gates_compra_ok,29,34,3.413793103448276,2.7941176470588234,4.0,3.0,0.6196754563894524,0.42082755986025877,-0.11714078176799415,0.42082755986025877
06_evolucao_score_eventos__last__qtd_hard_gates_compra_ok,29,34,3.413793103448276,2.7941176470588234,4.0,3.0,0.6196754563894524,0.42082755986025877,-0.11714078176799415,0.42082755986025877
05_estrutura_eventos_enriquecidos__last__favor_30s,29,34,670.6896551724138,427.94117647058823,450.0,287.5,242.7484787018256,0.42046978149668407,-0.14173912038627912,0.42046978149668407
07_bloqueios_auditoria_completa__last__delta30,17,17,-4.9411764705882355,-15.941176470588236,-4.0,-20.0,11.0,0.41992450167403234,-0.1310255210282448,0.41992450167403234
07_bloqueios_auditoria_completa__last__f_delta,17,17,-4.9411764705882355,-15.941176470588236,-4.0,-20.0,11.0,0.41992450167403234,-0.1310255210282448,0.41992450167403234
estados_c7_dna_fluxo_v5_2__last__qtd_hard_gates_compra_ok,34,46,3.411764705882353,2.8260869565217392,3.5,3.0,0.5856777493606136,0.4173443272043233,-0.11891009366881115,0.4173443272043233
07_bloqueios_auditoria_completa__w60__rompimento_venda__min,43,54,-12.238372093023257,-8.99074074074074,-12.5,-7.875,-3.247631352282516,-0.4169998537595932,0.12525356684913808,0.4169998537595932
07_bloqueios_auditoria_completa__w60__desloc_60s__delta,43,54,233.13953488372093,-228.7037037037037,100.0,0.0,461.8432385874246,0.41574040141527957,-0.22741325473307858,0.41574040141527957
03_eventos_elementares_fluxo__last__preco,21,24,27852.440476190477,27901.447916666668,27835.25,27896.5,-49.00744047619082,-0.41564300854949016,0.2459688921274883,0.41564300854949016
05_estrutura_eventos_enriquecidos__w60__spread_pct_120_60__min,51,65,0.5229551719370826,0.40749280384924286,0.5475638051044084,0.3765690376569037,0.11546236808783977,0.4148880083515566,-0.1462378010701471,0.4148880083515566
06_evolucao_score_eventos__w60__spread_pct_120_60__min,51,65,0.5229551719370826,0.40749280384924286,0.5475638051044084,0.3765690376569037,0.11546236808783977,0.4148880083515566,-0.1462378010701471,0.4148880083515566
07_bloqueios_auditoria_completa__w60__score_compra_base__slope,27,30,2.2224867724867696,-2.5469913419913426,0.39999999999999536,-0.5727272727272734,4.769478114478112,0.4141433071463263,-0.20971514752555223,0.4141433071463263
07_bloqueios_auditoria_completa__w60__score_venda__std,43,54,15.455224033190646,10.43989687465203,12.90891165048394,7.0235486510031375,5.015327158538616,0.4128051261325772,-0.12426356164483736,0.4128051261325772
05_estrutura_eventos_enriquecidos__last__spread_pct_120_60,29,34,0.5638580994753045,0.4597212191430011,0.5559105431309904,0.4387185903451152,0.1041368803323034,0.41225670475561904,-0.09477393649455267,0.41225670475561904
06_evolucao_score_eventos__last__spread_pct_120_60,29,34,0.5638580994753045,0.4597212191430011,0.5559105431309904,0.4387185903451152,0.1041368803323034,0.41225670475561904,-0.09477393649455267,0.41225670475561904
bloqueios_c7_dna_fluxo_v5_2__w60__score_compra__std,49,69,15.025805878765754,10.455886748769478,13.86671245413686,8.215838362577491,4.569919129996276,0.41203194994651376,-0.1470126239263505,0.41203194994651376
bloqueios_c7_dna_fluxo_v5_2__w60__qtd_hard_gates_compra_ok__slope,32,41,0.11986607142857128,-0.17089008552423188,0.1357142857142855,-0.1000000000000002,0.29075615695280316,0.411063222787866,-0.1761588002499811,0.411063222787866
05_estrutura_eventos_enriquecidos__w60__favor_30s__max,51,65,1075.4901960784314,755.7692307692307,900.0,725.0,319.72096530920066,0.4101503410829557,-0.18812032491420547,0.4101503410829557
07_bloqueios_auditoria_completa__w60__qtd_hard_gates_compra_ok__max,43,54,4.674418604651163,4.0,5.0,4.5,0.6744186046511631,0.41010164861724585,-0.1294761863072009,0.41010164861724585
estados_c7_dna_fluxo_v5_2__w60__ultimo_topo__max,57,81,27883.859649122805,27930.666666666668,27875.0,27924.75,-46.80701754386246,-0.4099501488861727,0.2206332580367212,0.4099501488861727
estados_c7_dna_fluxo_v5_2__w60__fundo_anterior__first,57,81,27873.96052631579,27920.703703703704,27861.75,27912.5,-46.74317738791433,-0.40960551493395153,0.2168926869691975,0.40960551493395153
estados_c7_dna_fluxo_v5_2__w60__fundo_anterior__max,57,81,27879.679824561405,27926.320987654322,27869.0,27921.25,-46.64116309291785,-0.4089816886165464,0.21955008168455106,0.4089816886165464
05_estrutura_eventos_enriquecidos__w60__favor_120s__last,51,65,1243.137254901961,685.7692307692307,675.0,275.0,557.3680241327302,0.40875268916388946,-0.2041525535653666,0.40875268916388946
estados_c7_dna_fluxo_v5_2__w60__preco__max,57,81,27882.46052631579,27929.070987654322,27875.0,27926.0,-46.61046133853233,-0.40827417604672156,0.22036142908774536,0.40827417604672156
estados_c7_dna_fluxo_v5_2__w60__ultimo_topo__first,57,81,27879.09649122807,27925.787037037036,27865.25,27921.75,-46.69054580896773,-0.40819464661255933,0.21677191905878848,0.40819464661255933
estados_c7_dna_fluxo_v5_2__w60__ultimo_fundo__max,57,81,27879.76754385965,27926.25,27870.5,27920.25,-46.48245614035113,-0.40816310293071795,0.2201598540872964,0.40816310293071795
05_estrutura_eventos_enriquecidos__w60__ajuste_estrutura__slope,39,53,-0.4296814296814296,0.4337172261700562,-0.4285714285714293,0.28571428571428614,-0.8633986558514858,-0.40769476366094504,0.14307897587676194,0.40769476366094504
06_evolucao_score_eventos__w60__ajuste_estrutura__slope,39,53,-0.4296814296814296,0.4337172261700562,-0.4285714285714293,0.28571428571428614,-0.8633986558514858,-0.40769476366094504,0.14307897587676194,0.40769476366094504
05_estrutura_eventos_enriquecidos__last__score_compra,29,34,40.724137931034484,31.205882352941178,41.0,31.5,9.518255578093306,0.40750209709363194,-0.11855865203913588,0.40750209709363194
06_evolucao_score_eventos__last__score_compra,29,34,40.724137931034484,31.205882352941178,41.0,31.5,9.518255578093306,0.40750209709363194,-0.11855865203913588,0.40750209709363194
estados_c7_dna_fluxo_v5_2__w60__swing_mais_recente_preco__max,57,81,27882.723684210527,27928.975308641977,27874.0,27924.75,-46.25162443145018,-0.40745765899664455,0.21883924737782312,0.40745765899664455
estados_c7_dna_fluxo_v5_2__w60__preco__first,57,81,27876.907894736843,27923.37037037037,27864.75,27920.0,-46.46247563352517,-0.4073250149930738,0.21664171167229862,0.4073250149930738
bloqueios_c7_dna_fluxo_v5_2__last__campanha_entradas,20,22,0.35,0.13636363636363635,0.0,0.0,0.21363636363636362,0.40617627883620816,-0.23838523055097416,0.40617627883620816
estados_c7_dna_fluxo_v5_2__w60__swing_mais_recente_preco__first,57,81,27877.114035087718,27923.25925925926,27861.5,27920.0,-46.145224171541486,-0.40597330753871674,0.2156294374196731,0.40597330753871674
03_eventos_elementares_fluxo__w60__preco__max,48,61,27883.677083333332,27933.782786885247,27869.875,27940.25,-50.10570355191521,-0.4058912415813571,0.2442671296986757,0.4058912415813571
07_bloqueios_auditoria_completa__w60__campanha_ativa__changed,43,54,0.11627906976744186,0.018518518518518517,0.0,0.0,0.09776055124892334,0.40582524050808744,-0.14998632370623097,0.40582524050808744
07_bloqueios_auditoria_completa__w60__campanha_ativa__transitions,43,54,0.11627906976744186,0.018518518518518517,0.0,0.0,0.09776055124892334,0.40582524050808744,-0.14998632370623097,0.40582524050808744
07_bloqueios_auditoria_completa__w60__max_alta_60s__slope,27,30,72.05687830687832,-55.16666666666667,-2.5000000000001905,-24.107142857142858,127.22354497354499,0.4058018890003425,-0.15460414516897028,0.4058018890003425
05_estrutura_eventos_enriquecidos__w60__score_oposto__delta,51,65,0.6078431372549019,-5.492307692307692,0.0,-1.0,6.100150829562594,0.405344631312567,-0.11657448841456432,0.405344631312567
06_evolucao_score_eventos__w60__score_oposto__delta,51,65,0.6078431372549019,-5.492307692307692,0.0,-1.0,6.100150829562594,0.405344631312567,-0.11657448841456432,0.405344631312567
estados_c7_dna_fluxo_v5_2__w60__topo_anterior__max,57,81,27884.675438596492,27930.666666666668,27872.75,27926.5,-45.991228070175566,-0.40493440693391963,0.21824704425605812,0.40493440693391963
bloqueios_c7_dna_fluxo_v5_2__w60__aceleracao__max,49,69,1.178435222801277,0.7222363789307105,1.138708273698481,0.6241120648770406,0.45619884387056664,0.4048951712800321,-0.10970611665367497,0.4048951712800321
07_bloqueios_auditoria_completa__w60__base__min,43,54,27874.8488372093,27925.555555555555,27844.5,27940.125,-50.70671834625318,-0.40469337885818085,0.2472114423362139,0.40469337885818085
07_bloqueios_auditoria_completa__w60__preco__min,43,54,27874.8488372093,27925.555555555555,27844.5,27940.125,-50.70671834625318,-0.40469337885818085,0.2472114423362139,0.40469337885818085
07_bloqueios_auditoria_completa__w60__preco_2__min,43,54,27874.8488372093,27925.555555555555,27844.5,27940.125,-50.70671834625318,-0.40469337885818085,0.2472114423362139,0.40469337885818085
03_eventos_elementares_fluxo__w60__preco__first,48,61,27878.953125,27928.885245901638,27861.5,27938.25,-49.93212090163797,-0.4046450140464961,0.24245241007209578,0.4046450140464961
bloqueios_c7_dna_fluxo_v5_2__last__score_spread,20,22,2.2,3.772727272727273,0.0,3.0,-1.5727272727272728,-0.4044821331815441,0.21818942440879596,0.4044821331815441
07_bloqueios_auditoria_completa__w60__score_venda_base__std,43,54,14.412810096121646,9.982957700125292,13.585286158193357,7.1485057531621035,4.429852395996354,0.40426420505274097,-0.13230699645901692,0.40426420505274097
07_bloqueios_auditoria_completa__w60__qtd_hard_gates_venda_ok__slope,27,30,-0.20423280423280435,0.11699134199134185,-1.1483605329973047e-15,1.3478650896340105e-16,-0.3212241462241462,-0.40418564260763806,0.13953561462080302,0.40418564260763806
07_bloqueios_auditoria_completa__w60__mov_favor_60s__min,43,54,216.27906976744185,482.4074074074074,0.0,362.5,-266.12833763996554,-0.4041147487272956,0.12520403895648602,0.4041147487272956
estados_c7_dna_fluxo_v5_2__w60__fundo_30s__first,57,81,27868.587719298244,27914.712962962964,27859.75,27908.5,-46.125243664719164,-0.40404733842090584,0.21317715750076635,0.40404733842090584
03_eventos_elementares_fluxo__w60__preco__mean,48,61,27879.391666666666,27929.26148679417,27866.15625,27938.333333333332,-49.86982012750377,-0.4039016064321333,0.24148094083210253,0.4039016064321333
bloqueios_c7_dna_fluxo_v5_2__w60__qtd_hard_gates_venda_ok__slope,32,41,-0.16629464285714296,0.12486009925034305,-0.050000000000000024,2.9941133098064534e-16,-0.29115474210748604,-0.4036593559901923,0.14469774097623028,0.4036593559901923
07_bloqueios_auditoria_completa__last__rompimento_compra,17,17,-3.3970588235294117,-5.794117647058823,-4.0,-5.25,2.3970588235294117,0.4035689002066547,-0.2251915746979751,0.4035689002066547
07_bloqueios_auditoria_completa__w60__base__first,43,54,27877.6511627907,27928.13425925926,27844.5,27941.5,-50.48309646856069,-0.4035103212350693,0.24930460590288175,0.4035103212350693
07_bloqueios_auditoria_completa__w60__preco__first,43,54,27877.6511627907,27928.13425925926,27844.5,27941.5,-50.48309646856069,-0.4035103212350693,0.24930460590288175,0.4035103212350693
07_bloqueios_auditoria_completa__w60__preco_2__first,43,54,27877.6511627907,27928.13425925926,27844.5,27941.5,-50.48309646856069,-0.4035103212350693,0.24930460590288175,0.4035103212350693
07_bloqueios_auditoria_completa__last__qtd_hard_gates_venda_ok,17,17,3.4705882352941178,4.235294117647059,3.0,5.0,-0.7647058823529411,-0.40325831928331646,0.09913860662701596,0.40325831928331646
estados_c7_dna_fluxo_v5_2__w60__fundo_anterior__min,57,81,27869.552631578947,27915.515432098764,27861.75,27907.75,-45.96280051981739,-0.40305014940584843,0.20816872620238194,0.40305014940584843
estados_c7_dna_fluxo_v5_2__w60__ultimo_fundo__first,57,81,27875.11842105263,27920.993827160495,27861.5,27916.25,-45.875406107865274,-0.4028745988916016,0.21531534434139818,0.4028745988916016
07_bloqueios_auditoria_completa__w60__mov_favor_120s__slope,27,30,62.08333333333321,-74.03463203463207,37.50000000000005,-112.5000000000002,136.11796536796527,0.4020336583363073,-0.1456925617139892,0.4020336583363073
bloqueios_c7_dna_fluxo_v5_2__w60__score_compra_base__std,49,69,13.935271757873407,9.925896684084085,12.81421404662233,9.10823802938856,4.009375073789322,0.4016017441153511,-0.153709724432604,0.4016017441153511
estados_c7_dna_fluxo_v5_2__w60__fundo_anterior__mean,57,81,27874.822141528064,27920.554159318046,27863.875,27912.0,-45.73201778998191,-0.40133091465516885,0.21246144637029257,0.40133091465516885
estados_c7_dna_fluxo_v5_2__w60__nivel_invalidation__first,57,81,27877.535087719298,27922.864197530864,27861.75,27917.0,-45.32910981156601,-0.4006963394672313,0.21401017705127773,0.4006963394672313
03_eventos_elementares_fluxo__w60__preco__min,48,61,27875.354166666668,27924.93442622951,27861.5,27938.25,-49.58025956284109,-0.40062375811474266,0.23759511677184567,0.40062375811474266
07_bloqueios_auditoria_completa__last__mov_contra_60s,17,17,444.11764705882354,708.8235294117648,300.0,750.0,-264.7058823529412,-0.40055225269579225,0.3322028506348087,0.40055225269579225
estados_c7_dna_fluxo_v5_2__w60__topo_30s__max,57,81,27889.25,27934.873456790123,27872.75,27929.5,-45.62345679012287,-0.4005261819214176,0.22065204008511463,0.4005261819214176
07_bloqueios_auditoria_completa__w60__salvou_loss_60s__true_pct,43,54,68.3720930232558,52.75533108866442,75.0,50.0,15.61676193459138,0.3994366192423528,-0.1641257412212438,0.3994366192423528
07_bloqueios_auditoria_completa__w60__mov_contra_120s__std,43,54,523.7613688893551,296.848630561857,266.92695630078276,145.01145183002924,226.91273832749812,0.39935359430559253,-0.12046166124956849,0.39935359430559253
estados_c7_dna_fluxo_v5_2__w60__ultimo_topo__mean,57,81,27879.592928501814,27925.155119537525,27869.541666666668,27921.75,-45.562191035711294,-0.39926575597613156,0.21201094609723245,0.39926575597613156
07_bloqueios_auditoria_completa__w60__gate_continuidade__last,43,54,0.8837209302325582,0.7222222222222222,1.0,1.0,0.16149870801033595,0.39919071034762343,-0.1742965356724279,0.39919071034762343
estados_c7_dna_fluxo_v5_2__w60__preco__mean,57,81,27877.437253487253,27922.985970262594,27868.416666666668,27920.833333333332,-45.548716775341745,-0.39907612234958884,0.21251996169888182,0.39907612234958884
bloqueios_c7_dna_fluxo_v5_2__w60__qtd_hard_gates_venda_ok__std,49,69,0.9461432668120043,0.6889415325401321,0.8329931278350429,0.6324555320336759,0.2572017342718722,0.3990629283396487,-0.14872658746106446,0.3990629283396487
estados_c7_dna_fluxo_v5_2__w60__ultimo_topo__min,57,81,27874.36842105263,27919.938271604937,27865.25,27917.25,-45.56985055230689,-0.3986669090410781,0.2068498997395959,0.3986669090410781
bloqueios_c7_dna_fluxo_v5_2__w60__campanha_ativa__changed,49,69,0.10204081632653061,0.014492753623188406,0.0,0.0,0.08754806270334221,0.39851430105560093,-0.14808420573337533,0.39851430105560093
bloqueios_c7_dna_fluxo_v5_2__w60__campanha_ativa__transitions,49,69,0.10204081632653061,0.014492753623188406,0.0,0.0,0.08754806270334221,0.39851430105560093,-0.14808420573337533,0.39851430105560093
estados_c7_dna_fluxo_v5_2__w60__swing_mais_recente_preco__min,57,81,27871.657894736843,27917.077160493827,27861.5,27914.0,-45.419265756983805,-0.3985051197428472,0.20784967934046672,0.3985051197428472
07_bloqueios_auditoria_completa__w60__base__mean,43,54,27878.447923588035,27928.4294011544,27846.5,27942.0625,-49.981477566365356,-0.3983778674856435,0.2466260604504831,0.3983778674856435
07_bloqueios_auditoria_completa__w60__preco__mean,43,54,27878.447923588035,27928.4294011544,27846.5,27942.0625,-49.981477566365356,-0.3983778674856435,0.2466260604504831,0.3983778674856435
07_bloqueios_auditoria_completa__w60__preco_2__mean,43,54,27878.447923588035,27928.4294011544,27846.5,27942.0625,-49.981477566365356,-0.3983778674856435,0.2466260604504831,0.3983778674856435
estados_c7_dna_fluxo_v5_2__w60__fundo_30s__min,57,81,27865.65350877193,27911.314814814814,27858.5,27907.0,-45.66130604288264,-0.39785285579498364,0.2044222052622246,0.39785285579498364
07_bloqueios_auditoria_completa__w60__tipo_entrada_campanha__nunique,43,54,1.3255813953488371,1.0925925925925926,1.0,1.0,0.23298880275624456,0.397777323245612,-0.17788257568008956,0.397777323245612
estados_c7_dna_fluxo_v5_2__w60__topo_anterior__min,57,81,27874.425438596492,27919.87037037037,27865.75,27914.5,-45.444931773876306,-0.39774728583925695,0.2063697155200046,0.39774728583925695
estados_c7_dna_fluxo_v5_2__w60__fundo_anterior__last,57,81,27875.657894736843,27920.993827160495,27867.75,27916.25,-45.335932423651684,-0.39750220917467133,0.2076803627721102,0.39750220917467133
estados_c7_dna_fluxo_v5_2__w60__swing_mais_recente_preco__mean,57,81,27877.670200121516,27922.9064079953,27867.791666666668,27920.75,-45.236207873782405,-0.3974983039839012,0.21182634397963057,0.3974983039839012
estados_c7_dna_fluxo_v5_2__w60__ultimo_fundo__mean,57,81,27875.37681008076,27920.68289854007,27865.708333333332,27918.0,-45.30608845931056,-0.3974534768532939,0.21149262209425052,0.3974534768532939
estados_c7_dna_fluxo_v5_2__w60__ultimo_fundo__min,57,81,27870.434210526317,27915.827160493827,27861.5,27914.0,-45.3929499675105,-0.39716272583703893,0.2065011327417428,0.39716272583703893
estados_c7_dna_fluxo_v5_2__w60__fundo_30s__mean,57,81,27869.957355035316,27915.252978640012,27860.75,27911.0,-45.29562360469572,-0.39682107239189573,0.2086151875139141,0.39682107239189573
estados_c7_dna_fluxo_v5_2__w60__eficiencia_swings__mean,57,81,0.19353440516872067,0.16028553231006867,0.177535485216948,0.15000144923215417,0.033248872858651995,0.3966357335282177,-0.13620950447232455,0.3966357335282177
estados_c7_dna_fluxo_v5_2__w60__topo_30s__first,57,81,27886.333333333332,27931.444444444445,27870.25,27926.75,-45.11111111111313,-0.39656373767012876,0.21432567951191114,0.39656373767012876
estados_c7_dna_fluxo_v5_2__w60__fundo_30s__max,57,81,27874.364035087718,27919.484567901236,27861.25,27911.25,-45.120532813518366,-0.39616317992192546,0.21407287733015873,0.39616317992192546
estados_c7_dna_fluxo_v5_2__w60__topo_anterior__mean,57,81,27879.84867424242,27924.973334313152,27868.208333333332,27918.5,-45.1246600707309,-0.3960805218039454,0.21057308650999126,0.3960805218039454
estados_c7_dna_fluxo_v5_2__w60__topo_30s__mean,57,81,27885.50768746361,27930.56779712914,27870.375,27926.75,-45.060109665530035,-0.3958240155226854,0.21459876595093455,0.3958240155226854
03_eventos_elementares_fluxo__w60__preco__last,48,61,27880.864583333332,27929.872950819674,27869.875,27940.25,-49.00836748634174,-0.39501269383751586,0.23642909373821375,0.39501269383751586
estados_c7_dna_fluxo_v5_2__w60__preco__min,57,81,27872.197368421053,27917.35802469136,27864.75,27914.0,-45.16065627030548,-0.39474430512967995,0.20605316744172944,0.39474430512967995
bloqueios_c7_dna_fluxo_v5_2__w60__score_venda__std,49,69,14.947971728046236,10.430453792015252,12.90891165048394,8.0156097709407,4.517517936030984,0.3941603240092553,-0.1179209335088941,0.3941603240092553
05_estrutura_eventos_enriquecidos__w60__favor_60s__max,51,65,1625.0,1109.6153846153845,1250.0,1000.0,515.3846153846155,0.3938337732660594,-0.16846003516353644,0.3938337732660594
estados_c7_dna_fluxo_v5_2__w60__topo_anterior__first,57,81,27880.39912280702,27925.262345679013,27865.75,27922.25,-44.86322287199437,-0.39361477652784477,0.21050122245121247,0.39361477652784477
estados_c7_dna_fluxo_v5_2__w60__topo_30s__last,57,81,27884.956140350878,27929.725308641977,27872.75,27921.75,-44.76916829109905,-0.39294244977341725,0.2136083145985457,0.39294244977341725
07_bloqueios_auditoria_completa__w60__desloc_30s__std,43,54,400.7178828171352,281.4301092743661,350.1983564908449,217.51763628193515,119.28777354276912,0.3924645000147504,-0.17150434217395202,0.3924645000147504
estados_c7_dna_fluxo_v5_2__w60__nivel_invalidation__min,57,81,27873.820175438595,27918.53086419753,27861.75,27914.0,-44.71068875893616,-0.39232817923938323,0.20612580416728035,0.39232817923938323
estados_c7_dna_fluxo_v5_2__w60__topo_anterior__last,57,81,27880.285087719298,27925.117283950618,27869.75,27918.5,-44.83219623132027,-0.3920510513698471,0.20728408802185772,0.3920510513698471
estados_c7_dna_fluxo_v5_2__w60__nivel_invalidation__max,57,81,27881.644736842107,27925.978395061727,27870.5,27923.25,-44.3336582196207,-0.39200280280471844,0.2127618771994188,0.39200280280471844
07_bloqueios_auditoria_completa__w60__base__max,43,54,27882.28488372093,27931.49537037037,27850.25,27944.25,-49.21048664943737,-0.39103994010096793,0.24503647696572053,0.39103994010096793
07_bloqueios_auditoria_completa__w60__preco__max,43,54,27882.28488372093,27931.49537037037,27850.25,27944.25,-49.21048664943737,-0.39103994010096793,0.24503647696572053,0.39103994010096793
07_bloqueios_auditoria_completa__w60__preco_2__max,43,54,27882.28488372093,27931.49537037037,27850.25,27944.25,-49.21048664943737,-0.39103994010096793,0.24503647696572053,0.39103994010096793
07_bloqueios_auditoria_completa__w60__mov_contra_30s__std,43,54,302.3508265126462,203.0361983097921,216.02468994692867,142.1084166404533,99.31462820285412,0.39051709718009375,-0.10424391367636592,0.39051709718009375
bloqueios_c7_dna_fluxo_v5_2__w60__gate_saldo30__last,49,69,0.7551020408163265,0.8985507246376812,1.0,1.0,-0.14344868382135467,-0.3902870823923441,0.19748606063756285,0.3902870823923441
estados_c7_dna_fluxo_v5_2__w60__nivel_invalidation__mean,57,81,27877.999984177615,27922.26403341172,27865.791666666668,27921.0,-44.26404923410519,-0.3901792348940648,0.20721590814938032,0.3901792348940648
05_estrutura_eventos_enriquecidos__w60__favor_60s__delta,51,65,320.5882352941176,-100.76923076923077,0.0,0.0,421.3574660633484,0.3891355814538272,-0.2677642375064163,0.3891355814538272
bloqueios_c7_dna_fluxo_v5_2__w60__gate_rompimento__transitions,49,69,1.0816326530612246,0.6811594202898551,1.0,0.0,0.4004732327713695,0.3887033502597207,-0.20780036142655434,0.3887033502597207
estados_c7_dna_fluxo_v5_2__w60__ultimo_fundo__last,57,81,27876.144736842107,27920.595679012345,27865.25,27916.0,-44.450942170238704,-0.38869596906971593,0.2057336356546939,0.38869596906971593
estados_c7_dna_fluxo_v5_2__w60__imbalance_atual__last,57,81,0.9970760233918128,1.2969460688758934,1.0,1.0,-0.2998700454840806,-0.38835890247943966,0.1218015218490193,0.38835890247943966
estados_c7_dna_fluxo_v5_2__w60__topo_30s__min,57,81,27881.5,27925.66975308642,27870.25,27917.25,-44.169753086418496,-0.38760240516283917,0.20656346481512783,0.38760240516283917
estados_c7_dna_fluxo_v5_2__w60__ultimo_topo__last,57,81,27880.464912280702,27924.827160493827,27867.25,27921.75,-44.362248213124985,-0.38751231125514146,0.2051302477179287,0.38751231125514146
07_bloqueios_auditoria_completa__w60__desloc_60s__slope,27,30,68.90873015873015,-86.05465367965367,-2.5000000000001905,-34.99999999999994,154.96338383838383,0.38629458665923566,-0.19133964286827485,0.38629458665923566
07_bloqueios_auditoria_completa__w60__base__last,43,54,27879.837209302324,27928.666666666668,27850.25,27944.25,-48.8294573643434,-0.3862562151003753,0.2410788532924484,0.3862562151003753
07_bloqueios_auditoria_completa__w60__preco__last,43,54,27879.837209302324,27928.666666666668,27850.25,27944.25,-48.8294573643434,-0.3862562151003753,0.2410788532924484,0.3862562151003753
07_bloqueios_auditoria_completa__w60__preco_2__last,43,54,27879.837209302324,27928.666666666668,27850.25,27944.25,-48.8294573643434,-0.3862562151003753,0.2410788532924484,0.3862562151003753
bloqueios_c7_dna_fluxo_v5_2__w60__ajuste_estrutura_compra__max,49,69,6.571428571428571,3.5942028985507246,8.0,8.0,2.9772256728778466,0.38625565402658,-0.09056927660788998,0.38625565402658
07_bloqueios_auditoria_completa__w60__salvou_loss_30s__first,43,54,0.5813953488372093,0.3888888888888889,1.0,0.0,0.19250645994832044,0.38552543698929664,-0.2604743757832885,0.38552543698929664
05_estrutura_eventos_enriquecidos__w60__max_baixa_30s__delta,51,65,225.0,11.153846153846153,75.0,0.0,213.84615384615384,0.3852962729014653,-0.14750200313287734,0.3852962729014653
06_evolucao_score_eventos__w60__max_baixa_30s__delta,51,65,225.0,11.153846153846153,75.0,0.0,213.84615384615384,0.3852962729014653,-0.14750200313287734,0.3852962729014653
05_estrutura_eventos_enriquecidos__w60__spread_max_30__std,51,65,0.34894991634536043,0.1791448359809184,0.16583123951777,0.12422599874998831,0.16980508036444203,0.38479645573883703,-0.13778520480718048,0.38479645573883703
06_evolucao_score_eventos__w60__spread_max_30__std,51,65,0.34894991634536043,0.1791448359809184,0.16583123951777,0.12422599874998831,0.16980508036444203,0.38479645573883703,-0.13778520480718048,0.38479645573883703
estados_c7_dna_fluxo_v5_2__w60__preco__last,57,81,27878.67105263158,27922.913580246914,27865.75,27914.75,-44.24252761533353,-0.38465128639159907,0.20483317523458916,0.38465128639159907
estados_c7_dna_fluxo_v5_2__w60__swing_mais_recente_preco__last,57,81,27878.675438596492,27922.425925925927,27867.25,27916.0,-43.75048732943469,-0.3837533526206472,0.20316094939091237,0.3837533526206472
estados_c7_dna_fluxo_v5_2__w60__nivel_invalidation__last,57,81,27878.10087719298,27921.86111111111,27867.25,27919.75,-43.760233918128506,-0.3835105157188151,0.20537083217020552,0.3835105157188151
07_bloqueios_auditoria_completa__w60__ajuste_estrutura_venda__min,43,54,-1.9534883720930232,0.8148148148148148,-6.0,-4.0,-2.768303186907838,-0.3828521446052861,0.08775785031180049,0.3828521446052861
05_estrutura_eventos_enriquecidos__w60__eficiencia_swings__min,51,65,0.1097427985275666,0.0707668810017021,0.0738255033557047,0.0393700787401574,0.038975917525864504,0.3824495052742171,-0.08696098990957707,0.3824495052742171
06_evolucao_score_eventos__w60__eficiencia_swings__min,51,65,0.1097427985275666,0.0707668810017021,0.0738255033557047,0.0393700787401574,0.038975917525864504,0.3824495052742171,-0.08696098990957707,0.3824495052742171
estados_c7_dna_fluxo_v5_2__w60__fundo_30s__last,57,81,27871.491228070176,27915.25925925926,27861.25,27911.25,-43.76803118908356,-0.3821540626261149,0.19985782181925194,0.3821540626261149
07_bloqueios_auditoria_completa__w60__ajuste_estrutura_compra__delta,43,54,2.186046511627907,-0.8888888888888888,0.0,0.0,3.0749354005167957,0.3819691294975752,-0.21103813957981815,0.3819691294975752
estado_mercado_tempo_real__w60__agressor_compra__std,82,116,0.3461602152549545,0.4102928098800756,0.34992710611188266,0.41032590332414487,-0.06413259462512111,-0.38178847376365604,0.20887101670973407,0.38178847376365604
bloqueios_c7_dna_fluxo_v5_2__w60__ajuste_estrutura_compra__min,49,69,0.9795918367346939,-1.7681159420289856,-2.0,-6.0,2.7477077787636794,0.3813620471104137,-0.1260363927049689,0.3813620471104137
07_bloqueios_auditoria_completa__w60__gate_saldo30__first,43,54,0.9302325581395349,0.7962962962962963,1.0,1.0,0.1339362618432386,0.3811244791520991,-0.15258669557187898,0.3811244791520991
bloqueios_c7_dna_fluxo_v5_2__w60__score_venda_base__std,49,69,13.973797093021828,10.025779761740322,12.302314366634848,8.584142356694699,3.9480173312815054,0.3810092149406887,-0.1272167177799668,0.3810092149406887
07_bloqueios_auditoria_completa__w60__score_venda_base__min,43,54,22.488372093023255,32.74074074074074,13.0,15.5,-10.252368647717486,-0.380071514144798,0.09831141257435963,0.380071514144798
estado_mercado_tempo_real__w60__agressor_compra__mean,82,116,0.16974948211403318,0.21777492332732803,0.14285714285714285,0.21428571428571427,-0.048025441213294856,-0.37995613941990297,0.188882581207984,0.37995613941990297
07_bloqueios_auditoria_completa__w60__max_baixa_60s__delta,43,54,159.30232558139534,-52.77777777777778,0.0,0.0,212.0801033591731,0.37889604772306634,-0.19295784382635672,0.37889604772306634
07_bloqueios_auditoria_completa__w60__ref__first,43,53,27877.325581395347,27923.91037735849,27844.5,27938.25,-46.584795963142824,-0.3788582061796977,0.2498514493682736,0.3788582061796977
bloqueios_c7_dna_fluxo_v5_2__w60__score_compra__slope,32,41,2.2883928571428545,-2.0775261324041825,0.921428571428567,-1.9999999999999996,4.365918989547037,0.3767850753052078,-0.18905882916956543,0.3767850753052078
05_estrutura_eventos_enriquecidos__w60__sucesso250_30s__last,51,65,0.49019607843137253,0.3076923076923077,0.0,0.0,0.18250377073906482,0.3745367174563845,-0.1944092714666296,0.3745367174563845
07_bloqueios_auditoria_completa__w60__aceleracao__slope,27,30,0.0797408238225077,-0.1001270125812521,-0.02582430268061479,-0.09397697016563807,0.1798678364037598,0.3741291239664131,-0.10041472618444548,0.3741291239664131
07_bloqueios_auditoria_completa__w60__f_aceleracao__slope,27,30,0.0797408238225077,-0.1001270125812521,-0.02582430268061479,-0.09397697016563807,0.1798678364037598,0.3741291239664131,-0.10041472618444548,0.3741291239664131
05_estrutura_eventos_enriquecidos__w60__sucesso250_30s__all_true,51,65,0.09803921568627451,0.015384615384615385,0.0,0.0,0.08265460030165912,0.37320981057661906,-0.1854294573163838,0.37320981057661906
07_bloqueios_auditoria_completa__w60__ref__min,43,53,27875.13953488372,27921.193396226416,27844.5,27935.5,-46.05386134269429,-0.3731657848269907,0.24414482420480152,0.3731657848269907
07_bloqueios_auditoria_completa__w60__ref__mean,43,53,27878.222674418605,27924.15013477089,27846.5,27937.625,-45.92746035228629,-0.3723609263236237,0.2461499859580183,0.3723609263236237
07_bloqueios_auditoria_completa__w60__salvou_loss_120s__first,43,54,0.7674418604651163,0.5925925925925926,1.0,1.0,0.17484926787252375,0.37188090995208267,-0.16654715928979102,0.37188090995208267
bloqueios_c7_dna_fluxo_v5_2__w60__score_compra_base__slope,32,41,1.5736607142857113,-2.4019216555801934,1.1964285714285694,-1.6000000000000012,3.9755823698659047,0.37181036714540744,-0.1757745185963269,0.37181036714540744
05_estrutura_eventos_enriquecidos__w60__imbalance_atual__delta,51,65,-0.19281045751633988,0.22205128205128202,0.0,0.0,-0.4148617395676219,-0.37179106592487526,0.12815070352829513,0.37179106592487526
06_evolucao_score_eventos__w60__imbalance_atual__delta,51,65,-0.19281045751633988,0.22205128205128202,0.0,0.0,-0.4148617395676219,-0.37179106592487526,0.12815070352829513,0.37179106592487526
07_bloqueios_auditoria_completa__w60__impediu_gain_30s__first,43,54,0.46511627906976744,0.6481481481481481,0.0,1.0,-0.1830318690783807,-0.36939623015520395,0.20828808443548044,0.36939623015520395
07_bloqueios_auditoria_completa__w60__ref__max,43,53,27881.470930232557,27927.028301886792,27850.25,27940.25,-45.557371654234885,-0.36891090673287963,0.24581729619308565,0.36891090673287963
07_bloqueios_auditoria_completa__w60__rompimento_compra__slope,27,30,1.701058201058201,0.5794642857142859,0.9107142857142859,0.2008928571428578,1.1215939153439152,0.36883428746393404,-0.1510709340872685,0.36883428746393404
07_bloqueios_auditoria_completa__w60__max_alta_120s__slope,27,30,-130.1455026455026,-44.09145021645023,-85.00000000000004,-18.750000000000025,-86.05405242905238,-0.3683077411047636,0.193504211960776,0.3683077411047636
07_bloqueios_auditoria_completa__w60__mov_favor_30s__min,43,54,54.651162790697676,170.83333333333334,0.0,0.0,-116.18217054263567,-0.36805289434389565,0.19712466438265183,0.36805289434389565
bloqueios_c7_dna_fluxo_v5_2__last__delta30,20,22,-18.1,-40.0,-12.0,-23.5,21.9,0.36736402585075695,-0.2850842316569991,0.36736402585075695
bloqueios_c7_dna_fluxo_v5_2__w60__preco__first,49,69,27877.647959183672,27920.155797101448,27865.0,27919.75,-42.50783791777576,-0.36653608208338256,0.21412372850062297,0.36653608208338256
bloqueios_c7_dna_fluxo_v5_2__last__score_venda_base,20,22,44.95,55.45454545454545,47.5,68.0,-10.50454545454545,-0.3659516151890885,0.10254932134565534,0.3659516151890885
bloqueios_c7_dna_fluxo_v5_2__w60__ajuste_estrutura_venda__last,49,69,0.6938775510204082,3.5072463768115942,-2.0,8.0,-2.813368825791186,-0.36583771768295503,0.1477616937237397,0.36583771768295503
estados_c7_dna_fluxo_v5_2__w60__gate_saldo30__first,57,81,0.8771929824561403,0.7283950617283951,1.0,1.0,0.14879792072774523,0.3652276938103083,-0.15512243586006141,0.3652276938103083
05_estrutura_eventos_enriquecidos__w60__max_alta_30s__first,51,65,541.1764705882352,290.38461538461536,250.0,75.0,250.7918552036199,0.36520903138813,-0.1796402594546208,0.36520903138813
06_evolucao_score_eventos__w60__max_alta_30s__first,51,65,541.1764705882352,290.38461538461536,250.0,75.0,250.7918552036199,0.36520903138813,-0.1796402594546208,0.36520903138813
bloqueios_c7_dna_fluxo_v5_2__w60__preco__min,49,69,27874.178571428572,27916.539855072464,27865.0,27907.5,-42.36128364389151,-0.36478626289619515,0.2091477567261863,0.36478626289619515
bloqueios_c7_dna_fluxo_v5_2__w60__preco__max,49,69,27881.964285714286,27924.456521739132,27872.0,27919.75,-42.492236024845624,-0.3646232620930396,0.21735714165772202,0.3646232620930396
07_bloqueios_auditoria_completa__last__rompimento_venda,17,17,-7.852941176470588,-4.955882352941177,-8.75,-0.75,-2.8970588235294112,-0.364008516430083,0.10609370992814333,0.364008516430083
07_bloqueios_auditoria_completa__w60__mov_favor_60s__delta,43,54,305.2325581395349,-93.05555555555556,200.0,0.0,398.28811369509043,0.3634843875191382,-0.18576775123365674,0.3634843875191382
bloqueios_c7_dna_fluxo_v5_2__w60__preco__mean,49,69,27877.963532555877,27920.166775414604,27868.666666666668,27910.95,-42.2032428587263,-0.3629699445630562,0.2126147003563715,0.3629699445630562
estados_c7_dna_fluxo_v5_2__last__score_compra,34,46,41.529411764705884,33.41304347826087,41.0,34.0,8.116368286445017,0.3629410569532366,-0.093378059695504,0.3629410569532366
bloqueios_c7_dna_fluxo_v5_2__w60__ajuste_estrutura_venda__min,49,69,-1.8775510204081634,0.7246376811594203,-6.0,-2.0,-2.6021887015675835,-0.3628435459275733,0.09250431359871658,0.3628435459275733
07_bloqueios_auditoria_completa__w60__score_compra_base__max,43,54,60.395348837209305,50.55555555555556,69.0,60.5,9.839793281653748,0.36165920062110457,-0.11480224794962154,0.36165920062110457
05_estrutura_eventos_enriquecidos__last__imbalance_atual,29,34,1.0,1.3161764705882353,1.0,1.0,-0.3161764705882353,-0.3608485474957107,0.08074511980472258,0.3608485474957107
06_evolucao_score_eventos__last__imbalance_atual,29,34,1.0,1.3161764705882353,1.0,1.0,-0.3161764705882353,-0.3608485474957107,0.08074511980472258,0.3608485474957107
bloqueios_c7_dna_fluxo_v5_2__w60__rompimento_venda__std,49,69,3.856367109900533,2.730218127004943,3.294243587885773,1.57797338380595,1.1261489828955904,0.3601003381658237,-0.07170118177041823,0.3601003381658237
07_bloqueios_auditoria_completa__w60__ajuste_estrutura_venda__max,43,54,3.488372093023256,6.222222222222222,8.0,8.0,-2.7338501291989665,-0.360029892179743,0.10625218901990907,0.360029892179743
05_estrutura_eventos_enriquecidos__last__score_compra_base,29,34,38.793103448275865,31.323529411764707,39.0,27.0,7.469574036511158,0.36000607567029785,-0.09040946216184931,0.36000607567029785
06_evolucao_score_eventos__last__score_compra_base,29,34,38.793103448275865,31.323529411764707,39.0,27.0,7.469574036511158,0.36000607567029785,-0.09040946216184931,0.36000607567029785
07_bloqueios_auditoria_completa__w60__max_baixa_60s__min,43,54,-683.1395348837209,-965.2777777777778,-625.0,-662.5,282.13824289405693,0.3593648205016062,-0.207885056097046,0.3593648205016062
bloqueios_c7_dna_fluxo_v5_2__w60__score_venda__min,49,69,25.571428571428573,36.34782608695652,15.0,23.0,-10.77639751552795,-0.3592756839484533,0.07141665143276298,0.3592756839484533
07_bloqueios_auditoria_completa__w60__ref__last,43,53,27879.21511627907,27923.811320754718,27850.25,27940.25,-44.59620447564885,-0.35923561817410216,0.23849895291538076,0.35923561817410216
bloqueios_c7_dna_fluxo_v5_2__w60__campanha_ativa__true_count,49,69,1.0204081632653061,0.43478260869565216,0.0,0.0,0.585625554569654,0.35913717171828874,-0.18024219537810895,0.35913717171828874
estados_c7_dna_fluxo_v5_2__w60__eficiencia_swings__min,57,81,0.10121250370241634,0.06618614344888331,0.0625,0.0348258706467661,0.035026360253533034,0.3581892487592926,-0.10587314817947911,0.3581892487592926
07_bloqueios_auditoria_completa__w60__f_velocidade__std,43,54,0.27455564522942877,0.19476910053438293,0.2457013799785504,0.13521532798694516,0.07978654469504584,0.3573316321644812,-0.08026927130830326,0.3573316321644812
07_bloqueios_auditoria_completa__w60__vel15__std,43,54,0.27455564522942877,0.19476910053438293,0.2457013799785504,0.13521532798694516,0.07978654469504584,0.3573316321644812,-0.08026927130830326,0.3573316321644812
bloqueios_c7_dna_fluxo_v5_2__w60__preco__slope,32,41,1.0996093749991647,0.168721623903891,0.9607142857138002,-0.15000000000091712,0.9308877510952737,0.3565033801686393,-0.18649501589189652,0.3565033801686393
05_estrutura_eventos_enriquecidos__w60__hard_gates_compra_ok__transitions,51,65,0.0784313725490196,0.2153846153846154,0.0,0.0,-0.1369532428355958,-0.35559041081857856,0.21701254375874846,0.35559041081857856
06_evolucao_score_eventos__w60__hard_gates_compra_ok__transitions,51,65,0.0784313725490196,0.2153846153846154,0.0,0.0,-0.1369532428355958,-0.35559041081857856,0.21701254375874846,0.35559041081857856
07_bloqueios_auditoria_completa__w60__max_alta_30s__slope,27,30,49.98677248677248,-38.732142857142875,-8.035714285714278,7.499999999999998,88.71891534391536,0.35504621790355045,-0.11273429521533687,0.35504621790355045
07_bloqueios_auditoria_completa__w60__score_oposto__delta,43,54,2.0232558139534884,-1.9444444444444444,0.0,0.0,3.967700258397933,0.3548868784707533,-0.18168019519470816,0.3548868784707533
estados_c7_dna_fluxo_v5_2__last__spread_pct_60,34,46,0.47748484119213436,0.3759230121307466,0.56890473773879,0.29915313427623536,0.10156182906138778,0.35486024990244464,-0.15392841479422684,0.35486024990244464
05_estrutura_eventos_enriquecidos__w60__sucesso250_60s__last,51,65,0.6078431372549019,0.4307692307692308,1.0,0.0,0.17707390648567112,0.3542004626130471,-0.23290659063138738,0.3542004626130471
07_bloqueios_auditoria_completa__w60__mov_favor_120s__std,43,54,433.0223819628954,250.38531774697378,241.3503677229434,171.90971508067065,182.6370642159216,0.35347593262399735,-0.10374540378835802,0.35347593262399735
bloqueios_c7_dna_fluxo_v5_2__w60__gate_rompimento__true_pct,49,69,33.075801749271136,22.679486375138545,33.33333333333333,14.285714285714285,10.396315374132591,0.35271646607737533,-0.1682901933855118,0.35271646607737533
bloqueios_c7_dna_fluxo_v5_2__last__score_oposto,20,22,17.05,12.681818181818182,12.0,12.5,4.368181818181819,0.3498514275193691,-0.1004108822739824,0.3498514275193691
bloqueios_c7_dna_fluxo_v5_2__w60__campanha_ativa__ever_true,49,69,0.2857142857142857,0.14492753623188406,0.0,0.0,0.14078674948240164,0.34976330303508,-0.15870941393049243,0.34976330303508
07_bloqueios_auditoria_completa__w60__mov_contra_30s__min,43,54,254.06976744186048,85.64814814814815,25.0,0.0,168.42161929371233,0.34933128907647837,-0.2230443371849741,0.34933128907647837
bloqueios_c7_dna_fluxo_v5_2__last__diferenca_score,20,22,58.5,65.0,58.5,68.0,-6.5,-0.34846495752034634,0.10258082796672416,0.34846495752034634
07_bloqueios_auditoria_completa__w60__max_alta_60s__std,43,54,352.7061701310467,223.9016765703691,286.7441755680876,178.2147544044885,128.8044935606776,0.34817705615206196,-0.07971216228902035,0.34817705615206196
bloqueios_c7_dna_fluxo_v5_2__w60__gate_rompimento__true_count,49,69,1.163265306122449,0.8115942028985508,1.0,1.0,0.35167110322389816,0.3475886194536177,-0.14794574913303554,0.3475886194536177
bloqueios_c7_dna_fluxo_v5_2__w60__preco__last,49,69,27879.479591836734,27920.108695652172,27872.0,27911.0,-40.6291038154377,-0.34738942633106834,0.20541036582733294,0.34738942633106834
07_bloqueios_auditoria_completa__w60__gate_vel15__true_pct,43,54,93.34440753045405,86.01691518358184,100.0,100.0,7.327492346872205,0.346811822150485,-0.138651961096755,0.346811822150485
07_bloqueios_auditoria_completa__w60__ajuste_estrutura_venda__mean,43,54,1.070985603543743,3.421701138367805,-2.0,5.0,-2.3507155348240616,-0.3467299493299764,0.08429743937239478,0.3467299493299764
07_bloqueios_auditoria_completa__w60__max_alta_30s__delta,43,54,201.1627906976744,-25.0,0.0,0.0,226.1627906976744,0.34659490277833305,-0.1265839117696514,0.34659490277833305
07_bloqueios_auditoria_completa__w60__mov_contra_60s__min,43,54,426.16279069767444,218.9814814814815,100.0,75.0,207.18130921619294,0.34602190688467666,-0.16952474790975489,0.34602190688467666
05_estrutura_eventos_enriquecidos__w60__favor_120s__std,51,65,555.6364696906692,388.82904371063694,375.8324094593227,356.1600763701625,166.80742598003224,0.3444666444085513,-0.11134755683754878,0.3444666444085513
07_bloqueios_auditoria_completa__w60__impediu_gain_30s__changed,43,54,0.4418604651162791,0.2777777777777778,0.0,0.0,0.1640826873385013,0.34389412878721415,-0.18215739057145913,0.34389412878721415
07_bloqueios_auditoria_completa__w60__score_compra__last,43,54,48.348837209302324,37.18518518518518,64.0,19.0,11.163652024117141,0.3433043588362849,-0.09378707824867309,0.3433043588362849
estados_c7_dna_fluxo_v5_2__last__score_compra_base,34,46,39.94117647058823,33.06521739130435,41.5,32.0,6.875959079283881,0.3430537582873761,-0.0694257508157674,0.3430537582873761
estado_mercado_tempo_real__w60__score_compra__mean,82,116,5.020964199346174,6.139129700812337,4.285714285714286,6.428571428571429,-1.1181655014661622,-0.3425166202058762,0.1640805074257947,0.3425166202058762
07_bloqueios_auditoria_completa__w60__desloc_120s__delta,43,54,-353.48837209302326,88.42592592592592,0.0,0.0,-441.9142980189492,-0.3423823461755077,0.1461932938991471,0.3423823461755077
05_estrutura_eventos_enriquecidos__w60__score_spread__slope,39,53,0.061482961482961486,-0.09353099730458218,0.0,0.0,0.15501395878754368,0.3412196557422256,-0.1158988665521394,0.3412196557422256
06_evolucao_score_eventos__w60__score_spread__slope,39,53,0.061482961482961486,-0.09353099730458218,0.0,0.0,0.15501395878754368,0.3412196557422256,-0.1158988665521394,0.3412196557422256
05_estrutura_eventos_enriquecidos__w60__spread_pct_30__delta,51,65,-0.03549916458636505,0.01616320026679563,-0.03460914330479559,0.0,-0.05166236485316068,-0.34119013662368175,0.1374764530554364,0.34119013662368175
06_evolucao_score_eventos__w60__spread_pct_30__delta,51,65,-0.03549916458636505,0.01616320026679563,-0.03460914330479559,0.0,-0.05166236485316068,-0.34119013662368175,0.1374764530554364,0.34119013662368175
05_estrutura_eventos_enriquecidos__w60__diferenca_score__delta,51,65,1.0980392156862746,15.061538461538461,0.0,16.0,-13.963499245852187,-0.3409595362129316,0.10480110855528244,0.3409595362129316
06_evolucao_score_eventos__w60__diferenca_score__delta,51,65,1.0980392156862746,15.061538461538461,0.0,16.0,-13.963499245852187,-0.3409595362129316,0.10480110855528244,0.3409595362129316
05_estrutura_eventos_enriquecidos__w60__sucesso250_120s__transitions,51,65,1.6274509803921569,1.1692307692307693,1.0,1.0,0.45822021116138756,0.33970341598231946,-0.18622644792235893,0.33970341598231946
07_bloqueios_auditoria_completa__last__aceleracao,17,17,0.2669979322248395,-0.12435952642744023,0.4120634809002828,-0.4167458465647873,0.3913574586522797,0.3394484882163172,-0.041077082337882716,0.3394484882163172
07_bloqueios_auditoria_completa__last__f_aceleracao,17,17,0.2669979322248395,-0.12435952642744023,0.4120634809002828,-0.4167458465647873,0.3913574586522797,0.3394484882163172,-0.041077082337882716,0.3394484882163172
bloqueios_c7_dna_fluxo_v5_2__w60__qtd_hard_gates_compra_ok__max,49,69,4.63265306122449,4.086956521739131,5.0,4.0,0.545696539485359,0.33920238105320594,-0.08889076359103738,0.33920238105320594
07_bloqueios_auditoria_completa__w60__gate_rompimento__true_pct,43,54,35.586932447397565,25.14630431297098,33.33333333333333,15.476190476190474,10.440628134426586,0.33845512324167204,-0.17817646291228093,0.33845512324167204
bloqueios_c7_dna_fluxo_v5_2__w60__ajuste_estrutura_compra__delta,49,69,1.6326530612244898,-1.0144927536231885,0.0,0.0,2.6471458148476783,0.3365756151771629,-0.2055486081660655,0.3365756151771629
bloqueios_c7_dna_fluxo_v5_2__w60__gate_vel15__transitions,49,69,0.40816326530612246,0.7391304347826086,0.0,0.0,-0.3309671694764862,-0.3363112906275657,0.09138306643614146,0.3363112906275657
05_estrutura_eventos_enriquecidos__w60__max_baixa_60s__slope,39,53,61.87701187701187,-13.095135996079401,60.00000000000002,-18.750000000000018,74.97214787309127,0.33537263831675557,-0.1398402980570699,0.33537263831675557
06_evolucao_score_eventos__w60__max_baixa_60s__slope,39,53,61.87701187701187,-13.095135996079401,60.00000000000002,-18.750000000000018,74.97214787309127,0.33537263831675557,-0.1398402980570699,0.33537263831675557
05_estrutura_eventos_enriquecidos__w60__max_baixa_60s__std,51,65,239.37071709458138,329.56354748965117,212.49546109894752,261.93722742502854,-90.19283039506979,-0.3352384218931081,0.2171479995687802,0.3352384218931081
06_evolucao_score_eventos__w60__max_baixa_60s__std,51,65,239.37071709458138,329.56354748965117,212.49546109894752,261.93722742502854,-90.19283039506979,-0.3352384218931081,0.2171479995687802,0.3352384218931081
13a_features_tempo_real__w60__adv_ratio_volatilidade_close_pontos_15s_60s__slope,75,108,0.02011322209233395,0.007824175406628046,0.004883662040475587,0.005130556186403129,0.012289046685705903,0.33479049586528065,-0.14236970255461143,0.33479049586528065
05_estrutura_eventos_enriquecidos__w60__score_oposto__slope,39,53,0.18034188034188084,-1.0336559666748346,0.0714285714285708,-0.8690476190476186,1.2139978470167154,0.334573778809269,-0.12690091423898417,0.334573778809269
06_evolucao_score_eventos__w60__score_oposto__slope,39,53,0.18034188034188084,-1.0336559666748346,0.0714285714285708,-0.8690476190476186,1.2139978470167154,0.334573778809269,-0.12690091423898417,0.334573778809269
05_estrutura_eventos_enriquecidos__w60__gate_aceleracao__changed,51,65,0.6274509803921569,0.46153846153846156,1.0,0.0,0.1659125188536953,0.33261698403117707,-0.21995530251209955,0.33261698403117707
06_evolucao_score_eventos__w60__gate_aceleracao__changed,51,65,0.6274509803921569,0.46153846153846156,1.0,0.0,0.1659125188536953,0.33261698403117707,-0.21995530251209955,0.33261698403117707
05_estrutura_eventos_enriquecidos__w60__spread_pct_60__slope,39,53,-0.004171298123151323,0.004484652304647231,-0.0026121564750406054,-0.0006047687205345993,-0.008655950427798553,-0.3323996003111143,0.12084696381444889,0.3323996003111143
06_evolucao_score_eventos__w60__spread_pct_60__slope,39,53,-0.004171298123151323,0.004484652304647231,-0.0026121564750406054,-0.0006047687205345993,-0.008655950427798553,-0.3323996003111143,0.12084696381444889,0.3323996003111143
07_bloqueios_auditoria_completa__w60__qtd_hard_gates_venda_ok__min,43,54,2.13953488372093,2.7037037037037037,1.0,2.0,-0.5641688199827737,-0.33203506748920175,0.09289175421621759,0.33203506748920175
05_estrutura_eventos_enriquecidos__w60__desloc_120s__slope,39,53,-59.94630369630371,30.075553377440187,-0.7575757575758073,18.750000000000018,-90.02185707374389,-0.33056850084721345,0.1954048449313868,0.33056850084721345
06_evolucao_score_eventos__w60__desloc_120s__slope,39,53,-59.94630369630371,30.075553377440187,-0.7575757575758073,18.750000000000018,-90.02185707374389,-0.33056850084721345,0.1954048449313868,0.33056850084721345
07_bloqueios_auditoria_completa__w60__campanha_pullback__transitions,43,54,0.13953488372093023,0.037037037037037035,0.0,0.0,0.1024978466838932,0.33031049825058384,-0.09940676022999143,0.33031049825058384
bloqueios_c7_dna_fluxo_v5_2__w60__campanha_pullback__transitions,49,69,0.12244897959183673,0.028985507246376812,0.0,0.0,0.09346347234545992,0.33013519185518986,-0.10321644056786934,0.33013519185518986
bloqueios_c7_dna_fluxo_v5_2__w60__score_spread__min,49,69,2.020408163265306,3.3043478260869565,0.0,0.0,-1.2839396628216506,-0.3301324077633994,0.11396282754360015,0.3301324077633994
bloqueios_c7_dna_fluxo_v5_2__w60__score_compra__max,49,69,65.12244897959184,54.7536231884058,72.0,67.0,10.36882579118604,0.3295336289964019,-0.07824412486422198,0.3295336289964019
07_bloqueios_auditoria_completa__w60__mov_contra_120s__delta,43,54,-300.5813953488372,122.22222222222223,-100.0,0.0,-422.8036175710594,-0.3294526368982132,0.14702603645625423,0.3294526368982132
bloqueios_c7_dna_fluxo_v5_2__last__qtd_hard_gates_venda_ok,20,22,3.55,4.136363636363637,3.5,5.0,-0.5863636363636369,-0.3293310952700636,0.08012075278654822,0.3293310952700636
estado_mercado_tempo_real__w60__spread_qt__min,82,116,1.201219512195122,1.0689655172413792,1.25,1.0,0.13225399495374268,0.32914003503874656,-0.1174514376693588,0.32914003503874656
bloqueios_c7_dna_fluxo_v5_2__w60__score_spread__first,49,69,2.36734693877551,3.710144927536232,0.0,0.0,-1.3427979887607218,-0.32870082297323866,0.1004311360769525,0.32870082297323866
07_bloqueios_auditoria_completa__w60__mov_favor_30s__slope,27,30,87.76455026455022,17.152597402597394,52.49999999999997,11.931818181818223,70.61195286195283,0.3266663201280361,-0.13194578882863647,0.3266663201280361
bloqueios_c7_dna_fluxo_v5_2__w60__ajuste_estrutura_compra__mean,49,69,3.177745383867832,0.9180145136666875,3.0,0.5,2.2597308702011443,0.3265666471868731,-0.08383852284660434,0.3265666471868731
estados_c7_dna_fluxo_v5_2__last__compra10,34,46,64.52941176470588,111.5,36.0,39.0,-46.970588235294116,-0.326309976738212,0.30120594615830054,0.326309976738212
07_bloqueios_auditoria_completa__w60__campanha_ativa__true_count,43,54,0.9302325581395349,0.42592592592592593,0.0,0.0,0.5043066322136089,0.326031358724943,-0.15620462915830124,0.326031358724943
bloqueios_c7_dna_fluxo_v5_2__w60__score_venda_base__slope,32,41,-2.239955357142856,1.414079822616407,-0.5892857142857137,0.3272727272727289,-3.654035179759263,-0.3246199303926411,0.1435927318312354,0.3246199303926411
07_bloqueios_auditoria_completa__w60__salvou_loss_30s__all_true,43,54,0.3023255813953488,0.16666666666666666,0.0,0.0,0.13565891472868216,0.323950086724678,-0.22367064822882304,0.323950086724678
bloqueios_c7_dna_fluxo_v5_2__w60__gate_vel15__true_pct,49,69,91.97278911564625,85.18047974569714,100.0,100.0,6.792309369949109,0.32365078130437913,-0.12310402853048912,0.32365078130437913
07_bloqueios_auditoria_completa__w60__impediu_gain_120s__first,43,54,0.7209302325581395,0.8518518518518519,1.0,1.0,-0.13092161929371238,-0.32361060252180684,0.15206902489127835,0.32361060252180684
07_bloqueios_auditoria_completa__w60__campanha_ativa__ever_true,43,54,0.27906976744186046,0.14814814814814814,0.0,0.0,0.13092161929371232,0.3236106025218067,-0.1520690248912783,0.3236106025218067
07_bloqueios_auditoria_completa__w60__f_spread__min,43,54,1.2325581395348837,2.314814814814815,0.0,0.0,-1.0822566752799312,-0.32354081065965445,0.09583368407134155,0.32354081065965445
07_bloqueios_auditoria_completa__w60__score_spread__min,43,54,1.2325581395348837,2.314814814814815,0.0,0.0,-1.0822566752799312,-0.32354081065965445,0.09583368407134155,0.32354081065965445
07_bloqueios_auditoria_completa__w60__f_spread__first,43,54,1.5116279069767442,2.6666666666666665,0.0,0.0,-1.1550387596899223,-0.32270277410017395,0.08557668664684767,0.32270277410017395
07_bloqueios_auditoria_completa__w60__score_spread__first,43,54,1.5116279069767442,2.6666666666666665,0.0,0.0,-1.1550387596899223,-0.32270277410017395,0.08557668664684767,0.32270277410017395
05_estrutura_eventos_enriquecidos__w60__max_alta_30s__min,51,65,234.31372549019608,42.30769230769231,0.0,0.0,192.00603318250376,0.3220811839937066,-0.15745510524913212,0.3220811839937066
06_evolucao_score_eventos__w60__max_alta_30s__min,51,65,234.31372549019608,42.30769230769231,0.0,0.0,192.00603318250376,0.3220811839937066,-0.15745510524913212,0.3220811839937066
07_bloqueios_auditoria_completa__w60__gate_vel15__ever_true,43,54,1.0,0.9444444444444444,1.0,1.0,0.05555555555555558,0.3209036634167508,-0.19891860300691136,0.3209036634167508
estado_mercado_tempo_real__w60__score_compra__std,82,116,10.226369439971899,11.249038520331249,10.497813183356477,12.309777099724345,-1.02266908035935,-0.31997504942183214,0.1649292333361598,0.31997504942183214
bloqueios_c7_dna_fluxo_v5_2__w60__score_compra__last,49,69,48.142857142857146,37.927536231884055,64.0,24.0,10.215320910973091,0.31931519097390276,-0.09620834143042442,0.31931519097390276
07_bloqueios_auditoria_completa__w60__f_spread__mean,43,54,1.5518272425249169,2.6568342151675486,0.0,0.0,-1.1050069726426317,-0.31912879254214016,0.0846086583283933,0.31912879254214016
07_bloqueios_auditoria_completa__w60__score_spread__mean,43,54,1.5518272425249169,2.6568342151675486,0.0,0.0,-1.1050069726426317,-0.31912879254214016,0.0846086583283933,0.31912879254214016
05_estrutura_eventos_enriquecidos__w60__desloc_30s__min,51,65,-280.88235294117646,-562.3076923076923,-400.0,-475.0,281.4253393665158,0.3189636020591268,-0.16116455323476264,0.3189636020591268
06_evolucao_score_eventos__w60__desloc_30s__min,51,65,-280.88235294117646,-562.3076923076923,-400.0,-475.0,281.4253393665158,0.3189636020591268,-0.16116455323476264,0.3189636020591268
05_estrutura_eventos_enriquecidos__w60__diferenca_score__slope,39,53,-0.07201132201132296,3.1449808053581636,-0.41666666666666596,1.9151515151515153,-3.2169921273694864,-0.31876147646904146,0.13307497214167777,0.31876147646904146
06_evolucao_score_eventos__w60__diferenca_score__slope,39,53,-0.07201132201132296,3.1449808053581636,-0.41666666666666596,1.9151515151515153,-3.2169921273694864,-0.31876147646904146,0.13307497214167777,0.31876147646904146
07_bloqueios_auditoria_completa__w60__rompimento_venda__mean,43,54,-7.938205980066446,-5.965097402597402,-6.875,-4.366071428571429,-1.973108577469044,-0.31823976416348887,0.0997414628627362,0.31823976416348887
07_bloqueios_auditoria_completa__w60__score_venda__slope,27,30,-3.721957671957673,0.5776839826839806,-0.9642857142857151,-1.1,-4.299641654641653,-0.3177920605443054,0.14629163135090067,0.3177920605443054
07_bloqueios_auditoria_completa__w60__diferenca_score__slope,27,30,-3.018518518518522,-0.7677922077922088,-1.5000000000000195,-0.3454545454545469,-2.2507263107263134,-0.3160744343835264,0.17854787576564948,0.3160744343835264
bloqueios_c7_dna_fluxo_v5_2__w60__campanha_pullback__true_count,49,69,0.8367346938775511,0.37681159420289856,0.0,0.0,0.4599230996746525,0.3153741017656669,-0.17989669553098642,0.3153741017656669
07_bloqueios_auditoria_completa__w60__mov_favor_60s__std,43,54,399.4699884327879,258.3339418760628,241.3503677229434,187.662157526232,141.1360465567251,0.3153384451475122,-0.07150793738900381,0.3153384451475122
estados_c7_dna_fluxo_v5_2__w60__hard_gates_compra_ok__transitions,57,81,0.07017543859649122,0.18518518518518517,0.0,0.0,-0.11500974658869395,-0.31510369750322276,0.17886422453075537,0.31510369750322276
05_estrutura_eventos_enriquecidos__w60__spread_medio_30__slope,39,53,-0.006983224346019159,0.005020969593483663,-0.011448687369684725,0.004989430118226917,-0.012004193939502823,-0.31496118308316473,0.14997340194232098,0.31496118308316473
06_evolucao_score_eventos__w60__spread_medio_30__slope,39,53,-0.006983224346019159,0.005020969593483663,-0.011448687369684725,0.004989430118226917,-0.012004193939502823,-0.31496118308316473,0.14997340194232098,0.31496118308316473
estado_mercado_tempo_real__w60__delta_agressor__slope,82,116,-0.009095087625254503,0.009497362269060786,-0.008797729618163042,8.190664485990616e-18,-0.01859244989431529,-0.31467092093536336,0.20701836695634848,0.31467092093536336
bloqueios_c7_dna_fluxo_v5_2__w60__score_spread__mean,49,69,2.450971817298348,3.7184955141476883,0.0,1.2857142857142858,-1.2675236968493402,-0.3140757114725131,0.10442465589806078,0.3140757114725131
07_bloqueios_auditoria_completa__w60__impediu_gain_30s__all_true,43,54,0.16279069767441862,0.2962962962962963,0.0,0.0,-0.13350559862187766,-0.313900086100367,0.18320775886876395,0.313900086100367
05_estrutura_eventos_enriquecidos__last__ajuste_estrutura_venda,29,34,2.0,4.352941176470588,-2.0,8.0,-2.352941176470588,-0.3136076932426286,0.14180318921002424,0.3136076932426286
06_evolucao_score_eventos__last__ajuste_estrutura_venda,29,34,2.0,4.352941176470588,-2.0,8.0,-2.352941176470588,-0.3136076932426286,0.14180318921002424,0.3136076932426286
05_estrutura_eventos_enriquecidos__w60__favor_120s__delta,51,65,34.31372549019608,-293.84615384615387,0.0,-50.0,328.15987933634995,0.31333974406425513,-0.22921091268023447,0.31333974406425513
05_estrutura_eventos_enriquecidos__last__ajuste_estrutura_compra,29,34,1.9310344827586208,-0.47058823529411764,8.0,-4.0,2.4016227180527383,0.3132719232007617,-0.1275927403608565,0.3132719232007617
06_evolucao_score_eventos__last__ajuste_estrutura_compra,29,34,1.9310344827586208,-0.47058823529411764,8.0,-4.0,2.4016227180527383,0.3132719232007617,-0.1275927403608565,0.3132719232007617
05_estrutura_eventos_enriquecidos__w60__spread_pct_30__slope,39,53,-0.005091272930942534,0.006096350155603972,-0.008857646241951213,0.007214085599267379,-0.011187623086546507,-0.3128020861526791,0.14301641628581374,0.3128020861526791
06_evolucao_score_eventos__w60__spread_pct_30__slope,39,53,-0.005091272930942534,0.006096350155603972,-0.008857646241951213,0.007214085599267379,-0.011187623086546507,-0.3128020861526791,0.14301641628581374,0.3128020861526791
05_estrutura_eventos_enriquecidos__w60__amplitude_swings__mean,51,65,14.300760935687409,12.760827228327228,12.477272727272727,12.055555555555555,1.5399337073601806,0.3121373916396464,-0.0679149501372376,0.3121373916396464
06_evolucao_score_eventos__w60__amplitude_swings__mean,51,65,14.300760935687409,12.760827228327228,12.477272727272727,12.055555555555555,1.5399337073601806,0.3121373916396464,-0.0679149501372376,0.3121373916396464
estados_c7_dna_fluxo_v5_2__w60__spread_pct_60__first,57,81,0.4938431319766029,0.40353662142976515,0.5242718446601942,0.3613963039014374,0.09030651054683775,0.3119338771492924,-0.0750198367648858,0.3119338771492924
05_estrutura_eventos_enriquecidos__w60__spread_pct_15__slope,39,53,-0.003435072093061862,0.012868514511435395,-0.008357216720019113,0.009523809523809528,-0.016303586604497256,-0.3114151498710806,0.08092292450540169,0.3114151498710806
06_evolucao_score_eventos__w60__spread_pct_15__slope,39,53,-0.003435072093061862,0.012868514511435395,-0.008357216720019113,0.009523809523809528,-0.016303586604497256,-0.3114151498710806,0.08092292450540169,0.3114151498710806
bloqueios_c7_dna_fluxo_v5_2__w60__score_venda_base__min,49,69,25.612244897959183,33.666666666666664,14.0,27.0,-8.054421768707481,-0.3109261890045475,0.06006471476970646,0.3109261890045475
07_bloqueios_auditoria_completa__w60__score_venda_base__slope,27,30,-2.86058201058201,1.013290043290042,-5.76678691839057e-17,-0.25000000000000155,-3.873872053872052,-0.3107771527221915,0.12862533619359748,0.3107771527221915
07_bloqueios_auditoria_completa__w60__mov_contra_30s__slope,27,30,-60.264550264550216,17.38690476190475,-112.50000000000003,22.499999999999986,-77.65145502645497,-0.30904042327305103,0.14250475491442594,0.30904042327305103
bloqueios_c7_dna_fluxo_v5_2__w60__score_venda__slope,32,41,-2.6475446428571425,1.1398268398268385,-0.4821428571428572,0.10909090909091015,-3.787371482683981,-0.309023471553061,0.15087363144024765,0.309023471553061
estados_c7_dna_fluxo_v5_2__last__score_spread,34,46,2.5588235294117645,3.8043478260869565,0.0,3.0,-1.245524296675192,-0.3085082114458432,0.18311596901000446,0.3085082114458432
estados_c7_dna_fluxo_v5_2__last__venda10,34,46,68.94117647058823,112.30434782608695,35.0,47.5,-43.36317135549872,-0.30837714236236347,0.26381533773979854,0.30837714236236347
estados_c7_dna_fluxo_v5_2__last__campanha_entradas,34,46,0.35294117647058826,0.17391304347826086,0.0,0.0,0.1790281329923274,0.3081657678141736,-0.12979444226209347,0.3081657678141736
05_estrutura_eventos_enriquecidos__w60__hard_gates_compra_ok__changed,51,65,0.0784313725490196,0.18461538461538463,0.0,0.0,-0.10618401206636502,-0.30793363499245857,0.16750193984506379,0.30793363499245857
06_evolucao_score_eventos__w60__hard_gates_compra_ok__changed,51,65,0.0784313725490196,0.18461538461538463,0.0,0.0,-0.10618401206636502,-0.30793363499245857,0.16750193984506379,0.30793363499245857
05_estrutura_eventos_enriquecidos__w60__sucesso250_60s__ever_true,51,65,0.9215686274509803,0.8153846153846154,1.0,1.0,0.10618401206636496,0.30793363499245835,-0.1675019398450637,0.30793363499245835
07_bloqueios_auditoria_completa__w60__score_venda__mean,43,54,39.59147286821705,48.608080808080814,40.75,55.96666666666667,-9.01660793986376,-0.3075148557876816,0.0678396364720922,0.3075148557876816
07_bloqueios_auditoria_completa__last__score_base_dna,17,17,68.29411764705883,71.41176470588235,69.0,70.0,-3.117647058823522,-0.3070040160382626,0.06516214762122365,0.3070040160382626
07_bloqueios_auditoria_completa__w60__impediu_gain_30s__true_pct,43,54,45.98560354374308,57.14205547538881,50.0,55.0,-11.156451931645726,-0.3059531412846121,0.14925262502684913,0.3059531412846121
07_bloqueios_auditoria_completa__w60__rompimento_venda__last,43,54,-8.104651162790697,-5.662037037037037,-8.25,-2.625,-2.4426141257536598,-0.3050137707496077,0.10201160904880203,0.3050137707496077
05_estrutura_eventos_enriquecidos__w60__spread_pct_5__slope,39,53,-0.003515174046082592,0.016364293672434374,-0.009189244768528998,0.005279345780865525,-0.019879467718516966,-0.3049501125298907,0.06592347288603341,0.3049501125298907
06_evolucao_score_eventos__w60__spread_pct_5__slope,39,53,-0.003515174046082592,0.016364293672434374,-0.009189244768528998,0.005279345780865525,-0.019879467718516966,-0.3049501125298907,0.06592347288603341,0.3049501125298907
bloqueios_c7_dna_fluxo_v5_2__w60__campanha_entradas__max,49,69,0.3673469387755102,0.18840579710144928,0.0,0.0,0.17894114167406094,0.3041050593187007,-0.1069171802541225,0.3041050593187007
bloqueios_c7_dna_fluxo_v5_2__w60__campanha_ativa__first,49,69,0.2653061224489796,0.14492753623188406,0.0,0.0,0.12037858621709555,0.303882384185783,-0.13864706321963116,0.303882384185783
07_bloqueios_auditoria_completa__w60__score_compra__mean,43,54,47.39695459579181,38.854405162738495,46.5,31.75,8.542549433053317,0.3032875987469315,-0.07319661931996106,0.3032875987469315
estados_c7_dna_fluxo_v5_2__last__spread_pct_15,34,46,0.4731915921646941,0.3817458918628296,0.47691904179052275,0.3707090404413056,0.0914457003018645,0.3031021234029249,-0.1339552046580132,0.3031021234029249
05_estrutura_eventos_enriquecidos__last__razao_compra30,29,34,1.0990705947237105,0.9786026736970169,1.021505376344086,0.956124534198822,0.12046792102669357,0.30280899658861327,-0.17101205634368388,0.30280899658861327
06_evolucao_score_eventos__last__razao_compra30,29,34,1.0990705947237105,0.9786026736970169,1.021505376344086,0.956124534198822,0.12046792102669357,0.30280899658861327,-0.17101205634368388,0.30280899658861327
bloqueios_c7_dna_fluxo_v5_2__w60__delta30__slope,32,41,4.164285714285714,-1.849567099567099,3.100000000000005,-0.32142857142857084,6.013852813852813,0.3026429310241481,-0.19576085155821019,0.3026429310241481
06_evolucao_score_eventos__w60__score_aceleracao__mean,51,65,0.001913346228859722,0.00650054303896596,-0.00023641838161774024,0.0010379061940946,-0.004587196810106238,-0.3014411112184006,0.22750098803752425,0.3014411112184006
13a_features_tempo_real__w60__pre_15s_volatilidade_close_pontos__slope,75,108,3.5051124435466705,1.3293273940488766,0.8262843759199425,0.6578066731311183,2.1757850494977937,0.30025769000642394,-0.13298748697919682,0.30025769000642394
05_estrutura_eventos_enriquecidos__w60__favor_120s__max,51,65,1866.1764705882354,1433.4615384615386,1325.0,1225.0,432.7149321266968,0.2999531472723728,-0.10605777524312526,0.2999531472723728
05_estrutura_eventos_enriquecidos__w60__eficiencia_swings__max,51,65,0.3058825454391439,0.27229788608559663,0.3178294573643411,0.2777777777777778,0.033584659353547264,0.2998971790759727,-0.12783436138110635,0.2998971790759727
06_evolucao_score_eventos__w60__eficiencia_swings__max,51,65,0.3058825454391439,0.27229788608559663,0.3178294573643411,0.2777777777777778,0.033584659353547264,0.2998971790759727,-0.12783436138110635,0.2998971790759727
05_estrutura_eventos_enriquecidos__last__spread_max_30,29,34,2.6810344827586206,2.4926470588235294,2.5,2.5,0.18838742393509111,0.2991863900681821,-0.09035710893346008,0.2991863900681821
06_evolucao_score_eventos__last__spread_max_30,29,34,2.6810344827586206,2.4926470588235294,2.5,2.5,0.18838742393509111,0.2991863900681821,-0.09035710893346008,0.2991863900681821
estado_mercado_tempo_real__w60__agressor_venda__slope,82,116,0.005969447125152024,-0.004886669458437366,0.0029411764705882353,-1.1437267034589724e-18,0.010856116583589391,0.2984694068735018,-0.2005134101476981,0.2984694068735018
estado_mercado_tempo_real__w60__agressor_compra__max,82,116,0.9634146341463414,1.146551724137931,1.0,1.0,-0.18313708999158962,-0.2975425146226033,0.17138490858953945,0.2975425146226033
estado_mercado_tempo_real__w60__delta_agressor__max,82,116,0.9634146341463414,1.146551724137931,1.0,1.0,-0.18313708999158962,-0.2975425146226033,0.17138490858953945,0.2975425146226033
07_bloqueios_auditoria_completa__w60__ajuste_estrutura_compra__slope,27,30,1.1830687830687825,0.24480519480519472,0.4000000000000011,-1.7539749608463684e-16,0.9382635882635878,0.29693479419823293,-0.15832242100262894,0.29693479419823293
07_bloqueios_auditoria_completa__w60__max_baixa_30s__last,43,54,-265.1162790697674,-398.14814814814815,-225.0,-212.5,133.03186907838074,0.29640161743630183,-0.16644907276146065,0.29640161743630183
07_bloqueios_auditoria_completa__w60__estrutura_bruta__nunique,43,54,2.0232558139534884,1.7962962962962963,2.0,2.0,0.22695951765719213,0.29615201628620896,-0.12401108216679484,0.29615201628620896
bloqueios_c7_dna_fluxo_v5_2__w60__ajuste_estrutura_venda__max,49,69,3.795918367346939,6.028985507246377,8.0,8.0,-2.233067139899438,-0.2959799098752134,0.09910382392479028,0.2959799098752134
13a_sinais__w60__preco_entrada__delta,82,116,-0.43902439024390244,0.7306034482758621,0.0,0.0,-1.1696278385197645,-0.2955818445018472,0.150734964973063,0.2955818445018472
13a_sinais__w60__stop_preco__delta,82,116,-0.43902439024390244,0.7306034482758621,0.0,0.0,-1.1696278385197645,-0.2955818445018472,0.150734964973063,0.2955818445018472
13a_sinais__w60__target_preco__delta,82,116,-0.43902439024390244,0.7306034482758621,0.0,0.0,-1.1696278385197645,-0.2955818445018472,0.150734964973063,0.2955818445018472
05_estrutura_eventos_enriquecidos__w60__hard_gates_ok__transitions,51,65,0.2549019607843137,0.4153846153846154,0.0,0.0,-0.1604826546003017,-0.2955291039757073,0.18465333681521715,0.2955291039757073
06_evolucao_score_eventos__w60__hard_gates_ok__transitions,51,65,0.2549019607843137,0.4153846153846154,0.0,0.0,-0.1604826546003017,-0.2955291039757073,0.18465333681521715,0.2955291039757073
estados_c7_dna_fluxo_v5_2__w60__amplitude_swings__mean,57,81,14.081382591579962,12.704641877327063,12.0,12.0,1.3767407142528985,0.2953471543983287,-0.07075604135141764,0.2953471543983287
07_bloqueios_auditoria_completa__w60__score_oposto__last,43,54,12.534883720930232,9.777777777777779,12.0,8.5,2.757105943152453,0.2951210514190929,-0.1168490708316667,0.2951210514190929
estados_c7_dna_fluxo_v5_2__last__compra30,34,46,204.58823529411765,305.7608695652174,129.0,140.0,-101.17263427109972,-0.2948364719914065,0.2734825060186362,0.2948364719914065
estados_c7_dna_fluxo_v5_2__w60__eficiencia_swings__max,57,81,0.30635001080325847,0.27359193362104606,0.3179190751445087,0.2777777777777778,0.03275807718221241,0.2947825776045165,-0.10538853090362803,0.2947825776045165
05_estrutura_eventos_enriquecidos__last__score_spread,29,34,1.4482758620689655,2.411764705882353,0.0,0.0,-0.9634888438133873,-0.2945828594454523,0.10581348604796403,0.2945828594454523
06_evolucao_score_eventos__last__score_spread,29,34,1.4482758620689655,2.411764705882353,0.0,0.0,-0.9634888438133873,-0.2945828594454523,0.10581348604796403,0.2945828594454523
07_bloqueios_auditoria_completa__w60__salvou_loss_120s__true_pct,43,54,72.9125138427464,61.79573512906846,80.0,69.04761904761904,11.116778713677945,0.2943324866121867,-0.10822584865171045,0.2943324866121867
estados_c7_dna_fluxo_v5_2__last__vel15,34,46,0.11396089584246556,-0.02190580451008269,0.0835840945728103,-0.0516635169501411,0.13586670035254825,0.29421388881334254,-0.12272512714584685,0.29421388881334254
05_estrutura_eventos_enriquecidos__w60__hard_gates_compra_ok__true_count,51,65,0.11764705882352941,0.23076923076923078,0.0,0.0,-0.11312217194570137,-0.2937881498269164,0.20530897280393473,0.2937881498269164
05_estrutura_eventos_enriquecidos__w60__hard_gates_compra_ok__ever_true,51,65,0.11764705882352941,0.23076923076923078,0.0,0.0,-0.11312217194570137,-0.2937881498269164,0.20530897280393473,0.2937881498269164
06_evolucao_score_eventos__w60__hard_gates_compra_ok__true_count,51,65,0.11764705882352941,0.23076923076923078,0.0,0.0,-0.11312217194570137,-0.2937881498269164,0.20530897280393473,0.2937881498269164
06_evolucao_score_eventos__w60__hard_gates_compra_ok__ever_true,51,65,0.11764705882352941,0.23076923076923078,0.0,0.0,-0.11312217194570137,-0.2937881498269164,0.20530897280393473,0.2937881498269164
07_bloqueios_auditoria_completa__w60__desloc_30s__min,43,54,-158.13953488372093,-391.6666666666667,-200.0,-437.5,233.52713178294576,0.29364618791459346,-0.15635680573263752,0.29364618791459346
estados_c7_dna_fluxo_v5_2__last__desloc15,34,46,1.6764705882352942,-0.31521739130434784,1.25,-0.75,1.991687979539642,0.29263941172337815,-0.12180989188930065,0.29263941172337815
07_bloqueios_auditoria_completa__w60__gate_rompimento__ever_true,43,54,0.6976744186046512,0.5555555555555556,1.0,1.0,0.1421188630490956,0.29258157370577226,-0.16165146924679316,0.29258157370577226
07_bloqueios_auditoria_completa__w60__qtd_hard_gates_compra_ok__mean,43,54,3.6069767441860465,3.1751282667949337,3.5,2.875,0.4318484773911129,0.2915328052034328,-0.06991852137938592,0.2915328052034328
05_estrutura_eventos_enriquecidos__last__venda10,29,34,39.310344827586206,49.11764705882353,35.0,37.0,-9.807302231237323,-0.2914732490567648,0.03535989550911486,0.2914732490567648
06_evolucao_score_eventos__last__venda10,29,34,39.310344827586206,49.11764705882353,35.0,37.0,-9.807302231237323,-0.2914732490567648,0.03535989550911486,0.2914732490567648
05_estrutura_eventos_enriquecidos__w60__score_oposto__last,51,65,16.19607843137255,12.723076923076922,14.0,12.0,3.473001508295626,0.2914146426060541,-0.13526704909096823,0.2914146426060541
06_evolucao_score_eventos__w60__score_oposto__last,51,65,16.19607843137255,12.723076923076922,14.0,12.0,3.473001508295626,0.2914146426060541,-0.13526704909096823,0.2914146426060541
05_estrutura_eventos_enriquecidos__last__delta30,29,34,-3.1379310344827585,-9.823529411764707,-2.0,-9.0,6.6855983772819485,0.29110241121518693,-0.11844102584266263,0.29110241121518693
05_estrutura_eventos_enriquecidos__last__f_delta,29,34,-3.1379310344827585,-9.823529411764707,-2.0,-9.0,6.6855983772819485,0.29110241121518693,-0.11844102584266263,0.29110241121518693
06_evolucao_score_eventos__last__delta30,29,34,-3.1379310344827585,-9.823529411764707,-2.0,-9.0,6.6855983772819485,0.29110241121518693,-0.11844102584266263,0.29110241121518693
06_evolucao_score_eventos__last__f_delta,29,34,-3.1379310344827585,-9.823529411764707,-2.0,-9.0,6.6855983772819485,0.29110241121518693,-0.11844102584266263,0.29110241121518693
bloqueios_c7_dna_fluxo_v5_2__w60__score_spread__max,49,69,2.8979591836734695,4.130434782608695,0.0,3.0,-1.2324755989352258,-0.2909195213098575,0.08976810536858758,0.2909195213098575
05_estrutura_eventos_enriquecidos__w60__gate_saldo30__ever_true,51,65,1.0,0.9538461538461539,1.0,1.0,0.0461538461538461,0.29078100833009474,-0.11320130641203607,0.29078100833009474
06_evolucao_score_eventos__w60__gate_saldo30__ever_true,51,65,1.0,0.9538461538461539,1.0,1.0,0.0461538461538461,0.29078100833009474,-0.11320130641203607,0.29078100833009474
estados_c7_dna_fluxo_v5_2__last__venda30,34,46,202.94117647058823,303.60869565217394,113.0,147.0,-100.6675191815857,-0.29068062796050215,0.2663594563577251,0.29068062796050215
07_bloqueios_auditoria_completa__w60__score_venda__first,43,54,38.48837209302326,48.611111111111114,25.0,62.5,-10.122739018087856,-0.28939711365011234,0.07482624891559023,0.28939711365011234
estados_c7_dna_fluxo_v5_2__w60__score_oposto__delta,57,81,0.17543859649122806,-4.197530864197531,0.0,0.0,4.372969460688759,0.2889882695566818,-0.04678379719212448,0.2889882695566818
13a_features_tempo_real__w60__cobertura_60s__mean,82,116,49.652194797600224,50.87666280966928,48.42647058823529,50.408010012515646,-1.2244680120690532,-0.28845809849309695,0.13323496043366084,0.28845809849309695
05_estrutura_eventos_enriquecidos__w60__favor_30s__mean,51,65,517.0425543954956,350.0740231990232,375.0,362.5,166.96853119647238,0.2883627137490498,-0.13219878449791594,0.2883627137490498
bloqueios_c7_dna_fluxo_v5_2__w60__campanha_ativa__true_pct,49,69,25.17006802721088,14.285714285714286,0.0,0.0,10.884353741496595,0.28812422483340877,-0.13421610711973514,0.28812422483340877
05_estrutura_eventos_enriquecidos__last__spread_pct_60,29,34,0.5413624504769536,0.46466720003404904,0.6224489795918368,0.5154846659364731,0.0766952504429046,0.28802565203102976,-0.06808520389398749,0.28802565203102976
06_evolucao_score_eventos__last__spread_pct_60,29,34,0.5413624504769536,0.46466720003404904,0.6224489795918368,0.5154846659364731,0.0766952504429046,0.28802565203102976,-0.06808520389398749,0.28802565203102976
05_estrutura_eventos_enriquecidos__last__topo_30s,29,34,27866.21551724138,27899.125,27844.75,27905.125,-32.90948275861956,-0.28734621561326934,0.16779175895143073,0.28734621561326934
06_evolucao_score_eventos__last__topo_30s,29,34,27866.21551724138,27899.125,27844.75,27905.125,-32.90948275861956,-0.28734621561326934,0.16779175895143073,0.28734621561326934
05_estrutura_eventos_enriquecidos__last__rompimento_compra,29,34,-4.646551724137931,-6.272058823529412,-4.75,-4.375,1.6255070993914815,0.2869365220148825,-0.2543003648820872,0.2869365220148825
06_evolucao_score_eventos__last__rompimento_compra,29,34,-4.646551724137931,-6.272058823529412,-4.75,-4.375,1.6255070993914815,0.2869365220148825,-0.2543003648820872,0.2869365220148825
07_bloqueios_auditoria_completa__w60__impediu_gain_60s__first,43,54,0.627906976744186,0.7592592592592593,1.0,1.0,-0.13135228251507325,-0.2869167500742952,0.16306355061861277,0.2869167500742952
05_estrutura_eventos_enriquecidos__last__fundo_anterior,29,34,27859.03448275862,27891.875,27840.0,27897.625,-32.84051724138044,-0.286412459321116,0.16003327976446835,0.286412459321116
06_evolucao_score_eventos__last__fundo_anterior,29,34,27859.03448275862,27891.875,27840.0,27897.625,-32.84051724138044,-0.286412459321116,0.16003327976446835,0.286412459321116
05_estrutura_eventos_enriquecidos__w60__f_score__slope,39,53,0.10833055833055855,2.1113248386833283,-0.016666666666666465,1.3000000000000014,-2.0029942803527696,-0.28622793541633135,0.12611716850245283,0.28622793541633135
05_estrutura_eventos_enriquecidos__w60__score__slope,39,53,0.10833055833055855,2.1113248386833283,-0.016666666666666465,1.3000000000000014,-2.0029942803527696,-0.28622793541633135,0.12611716850245283,0.28622793541633135
06_evolucao_score_eventos__w60__f_score__slope,39,53,0.10833055833055855,2.1113248386833283,-0.016666666666666465,1.3000000000000014,-2.0029942803527696,-0.28622793541633135,0.12611716850245283,0.28622793541633135
06_evolucao_score_eventos__w60__score__slope,39,53,0.10833055833055855,2.1113248386833283,-0.016666666666666465,1.3000000000000014,-2.0029942803527696,-0.28622793541633135,0.12611716850245283,0.28622793541633135
estados_c7_dna_fluxo_v5_2__last__spread_medio_30,34,46,1.5899469758383917,1.4990865550416164,1.5367721447841727,1.4774940143655226,0.09086042079677537,0.2860300938639681,-0.11928860025787412,0.2860300938639681
05_estrutura_eventos_enriquecidos__w60__favor_60s__mean,51,65,902.8485661941544,617.4772588522587,635.7142857142857,472.5,285.37130734189566,0.2860253612916771,-0.1346213698328899,0.2860253612916771
05_estrutura_eventos_enriquecidos__last__topo_anterior,29,34,27863.112068965518,27895.95588235294,27844.75,27902.625,-32.843813387422415,-0.285936142234986,0.16178869117129388,0.285936142234986
06_evolucao_score_eventos__last__topo_anterior,29,34,27863.112068965518,27895.95588235294,27844.75,27902.625,-32.843813387422415,-0.285936142234986,0.16178869117129388,0.285936142234986
bloqueios_c7_dna_fluxo_v5_2__w60__qtd_hard_gates_compra_ok__last,49,69,3.6122448979591835,3.072463768115942,4.0,3.0,0.5397811298432416,0.28522288967717335,-0.0773135522943767,0.28522288967717335
estados_c7_dna_fluxo_v5_2__w60__spread_pct_60__max,57,81,0.5346986458223791,0.4502227064364903,0.5772727272727273,0.4052863436123348,0.08447593938588882,0.28511539022357085,-0.06744142038909866,0.28511539022357085
05_estrutura_eventos_enriquecidos__last__nivel_invalidation,29,34,27860.30172413793,27892.875,27838.25,27896.375,-32.57327586206884,-0.28485895983229015,0.16324055677199786,0.28485895983229015
06_evolucao_score_eventos__last__nivel_invalidation,29,34,27860.30172413793,27892.875,27838.25,27896.375,-32.57327586206884,-0.28485895983229015,0.16324055677199786,0.28485895983229015
07_bloqueios_auditoria_completa__w60__mov_favor_120s__last,43,54,1086.6279069767443,791.6666666666666,700.0,587.5,294.96124031007764,0.28483525233993157,-0.148396187120592,0.28483525233993157
estado_mercado_tempo_real__w60__score_venda__min,82,116,49.51219512195122,48.10344827586207,50.0,50.0,1.4087468460891515,0.28438757042516155,-0.1381054754979835,0.28438757042516155
estado_mercado_tempo_real__last__delta_acumulado,81,110,-132.45679012345678,235.24545454545455,-482.0,-321.5,-367.70224466891136,-0.2838641201680956,0.15405991141710668,0.2838641201680956
05_estrutura_eventos_enriquecidos__w60__favor_30s__std,51,65,340.11186070539384,273.8368843683754,334.43983016381287,279.3842435706702,66.27497633701842,0.28380226731198094,-0.13300014325195378,0.28380226731198094
estados_c7_dna_fluxo_v5_2__w60__spread_pct_30__delta,57,81,-0.03219645482440264,0.009200672488430746,-0.03366213699386081,0.0,-0.04139712731283339,-0.28352031913711784,0.11207908017098975,0.28352031913711784
07_bloqueios_auditoria_completa__w60__max_baixa_30s__first,43,54,-392.4418604651163,-289.35185185185185,-250.0,-237.5,-103.09000861326444,-0.2833111788265679,0.06495721316601716,0.2833111788265679
07_bloqueios_auditoria_completa__w60__mov_favor_30s__mean,43,54,312.952657807309,401.5729717813051,220.83333333333334,354.0178571428571,-88.62031397399613,-0.28308993908958463,0.13635452801276807,0.28308993908958463
bloqueios_c7_dna_fluxo_v5_2__w60__gate_aceleracao__all_true,49,69,0.24489795918367346,0.37681159420289856,0.0,0.0,-0.1319136350192251,-0.282315617352778,0.10372686741576875,0.282315617352778
07_bloqueios_auditoria_completa__w60__f_spread__max,43,54,1.930232558139535,2.962962962962963,0.0,0.0,-1.0327304048234278,-0.2818552166093193,0.0567548668302792,0.2818552166093193
07_bloqueios_auditoria_completa__w60__score_spread__max,43,54,1.930232558139535,2.962962962962963,0.0,0.0,-1.0327304048234278,-0.2818552166093193,0.0567548668302792,0.2818552166093193
07_bloqueios_auditoria_completa__w60__rompimento_venda__first,43,54,-8.156976744186046,-6.069444444444445,-7.75,-4.25,-2.0875322997416017,-0.2814268234343606,0.1001115763391452,0.2814268234343606
05_estrutura_eventos_enriquecidos__last__ultimo_topo,29,34,27862.922413793105,27895.28676470588,27841.75,27898.875,-32.36435091277599,-0.2812808907945232,0.1570612075224881,0.2812808907945232
06_evolucao_score_eventos__last__ultimo_topo,29,34,27862.922413793105,27895.28676470588,27841.75,27898.875,-32.36435091277599,-0.2812808907945232,0.1570612075224881,0.2812808907945232
estados_c7_dna_fluxo_v5_2__w60__hard_gates_compra_ok__true_count,57,81,0.10526315789473684,0.20987654320987653,0.0,0.0,-0.1046133853151397,-0.2807071691052367,0.16669762815250666,0.2807071691052367
estados_c7_dna_fluxo_v5_2__w60__hard_gates_compra_ok__ever_true,57,81,0.10526315789473684,0.20987654320987653,0.0,0.0,-0.1046133853151397,-0.2807071691052367,0.16669762815250666,0.2807071691052367
05_estrutura_eventos_enriquecidos__last__fundo_30s,29,34,27854.689655172413,27886.926470588234,27827.75,27893.25,-32.236815415821184,-0.2802720310211204,0.15618716432570331,0.2802720310211204
06_evolucao_score_eventos__last__fundo_30s,29,34,27854.689655172413,27886.926470588234,27827.75,27893.25,-32.236815415821184,-0.2802720310211204,0.15618716432570331,0.2802720310211204
07_bloqueios_auditoria_completa__w60__campanha_pullback__true_count,43,54,0.7209302325581395,0.35185185185185186,0.0,0.0,0.3690783807062876,0.2802572630191529,-0.1602105767587822,0.2802572630191529
07_bloqueios_auditoria_completa__w60__gate_vel15__changed,43,54,0.16279069767441862,0.07407407407407407,0.0,0.0,0.08871662360034455,0.27978934465222616,-0.18868331295559834,0.27978934465222616
07_bloqueios_auditoria_completa__w60__ajuste_estrutura__slope,27,30,-1.007936507936508,-0.096796536796537,5.988226619612907e-16,1.4970566549032267e-16,-0.9111399711399709,-0.2795673531962976,0.1664994753736771,0.2795673531962976
05_estrutura_eventos_enriquecidos__w60__spread_max_30__max,51,65,3.200980392156863,2.8615384615384616,2.75,2.75,0.33944193061840133,0.2795337015461553,-0.051725148442223534,0.2795337015461553
06_evolucao_score_eventos__w60__spread_max_30__max,51,65,3.200980392156863,2.8615384615384616,2.75,2.75,0.33944193061840133,0.2795337015461553,-0.051725148442223534,0.2795337015461553
estados_c7_dna_fluxo_v5_2__w60__score_spread__max,57,81,3.1052631578947367,4.271604938271605,0.0,3.0,-1.1663417803768685,-0.2793935279799381,0.09486399090941952,0.2793935279799381
bloqueios_c7_dna_fluxo_v5_2__w60__gate_rompimento__ever_true,49,69,0.673469387755102,0.5362318840579711,1.0,1.0,0.13723750369713095,0.27937348051695177,-0.1340915203091931,0.27937348051695177
estados_c7_dna_fluxo_v5_2__w60__spread_pct_60__slope,45,67,-0.003510160616470708,0.0031118361413268055,-0.0009655213377710759,-0.0006337724228804144,-0.006621996757797514,-0.2790375333519645,0.09486287846345284,0.2790375333519645
05_estrutura_eventos_enriquecidos__last__ultimo_fundo,29,34,27858.991379310344,27890.897058823528,27835.75,27896.5,-31.905679513183713,-0.278930504046439,0.15817112509178088,0.278930504046439
06_evolucao_score_eventos__last__ultimo_fundo,29,34,27858.991379310344,27890.897058823528,27835.75,27896.5,-31.905679513183713,-0.278930504046439,0.15817112509178088,0.278930504046439
bloqueios_c7_dna_fluxo_v5_2__w60__score_spread__last,49,69,2.510204081632653,3.6666666666666665,0.0,0.0,-1.1564625850340136,-0.2786901416163467,0.1043551997472513,0.2786901416163467
05_estrutura_eventos_enriquecidos__last__swing_mais_recente_preco,29,34,27860.879310344826,27892.764705882353,27841.75,27897.5,-31.885395537527074,-0.27866814349901886,0.15633138740318117,0.27866814349901886
06_evolucao_score_eventos__last__swing_mais_recente_preco,29,34,27860.879310344826,27892.764705882353,27841.75,27897.5,-31.885395537527074,-0.27866814349901886,0.15633138740318117,0.27866814349901886
estados_c7_dna_fluxo_v5_2__w60__eficiencia_swings__first,57,81,0.2138591701771185,0.17776208490219791,0.21875,0.1657754010695187,0.03609708527492059,0.27854965920155167,-0.1122157757165128,0.27854965920155167
estados_c7_dna_fluxo_v5_2__w60__ajuste_estrutura__std,57,81,4.777448168907614,3.9679568912259557,6.06217782649107,4.714045207910317,0.8094912776816581,0.2783597442951899,-0.1762456893933681,0.2783597442951899
bloqueios_c7_dna_fluxo_v5_2__w60__score_compra_base__max,49,69,60.40816326530612,52.91304347826087,69.0,59.0,7.495119787045255,0.278223701481701,-0.06521658284307412,0.278223701481701
05_estrutura_eventos_enriquecidos__w60__diferenca_score__first,51,65,53.35294117647059,45.184615384615384,56.0,39.0,8.168325791855203,0.2782140406795543,-0.022218866298669777,0.2782140406795543
06_evolucao_score_eventos__w60__diferenca_score__first,51,65,53.35294117647059,45.184615384615384,56.0,39.0,8.168325791855203,0.2782140406795543,-0.022218866298669777,0.2782140406795543
05_estrutura_eventos_enriquecidos__w60__venda30__std,51,65,38.191846073005514,28.55120714691218,24.44151703765625,23.16660005319493,9.640638926093335,0.2779066373220891,-0.11550112362795847,0.2779066373220891
06_evolucao_score_eventos__w60__venda30__std,51,65,38.191846073005514,28.55120714691218,24.44151703765625,23.16660005319493,9.640638926093335,0.2779066373220891,-0.11550112362795847,0.2779066373220891
05_estrutura_eventos_enriquecidos__last__score_venda,29,34,39.275862068965516,47.14705882352941,35.0,39.0,-7.871196754563897,-0.277580049018449,0.06611777073564538,0.277580049018449
06_evolucao_score_eventos__last__score_venda,29,34,39.275862068965516,47.14705882352941,35.0,39.0,-7.871196754563897,-0.277580049018449,0.06611777073564538,0.277580049018449
13a_features_tempo_real__w60__cobertura_60s__max,82,116,51.951219512195124,53.21551724137931,52.0,54.0,-1.264297729184186,-0.27755930423842384,0.12822525092104767,0.27755930423842384
07_bloqueios_auditoria_completa__w60__qtd_hard_gates_compra_ok__last,43,54,3.6511627906976742,3.111111111111111,4.0,2.0,0.5400516795865631,0.277235357992245,-0.062229082404305865,0.277235357992245
05_estrutura_eventos_enriquecidos__w60__favor_30s__min,51,65,164.7058823529412,10.384615384615385,0.0,0.0,154.3212669683258,0.27707995500736243,-0.12657269053702092,0.27707995500736243
05_estrutura_eventos_enriquecidos__w60__venda10__delta,51,65,6.568627450980392,-10.184615384615384,0.0,-4.0,16.753242835595778,0.27677357672638636,-0.18173724224353735,0.27677357672638636
06_evolucao_score_eventos__w60__venda10__delta,51,65,6.568627450980392,-10.184615384615384,0.0,-4.0,16.753242835595778,0.27677357672638636,-0.18173724224353735,0.27677357672638636
07_bloqueios_auditoria_completa__w60__f_velocidade__slope,27,30,0.08389690643135751,0.018738857003926378,0.02921384307991747,0.02629575207278057,0.06515804942743114,0.27673852005845045,-0.15019665234359106,0.27673852005845045
07_bloqueios_auditoria_completa__w60__vel15__slope,27,30,0.08389690643135751,0.018738857003926378,0.02921384307991747,0.02629575207278057,0.06515804942743114,0.27673852005845045,-0.15019665234359106,0.27673852005845045
bloqueios_c7_dna_fluxo_v5_2__w60__gate_vel15__ever_true,49,69,1.0,0.9565217391304348,1.0,1.0,0.04347826086956519,0.27621332366462387,-0.16913353492041505,0.27621332366462387
07_bloqueios_auditoria_completa__w60__campanha_entradas__slope,27,30,-0.03862433862433862,-0.0035714285714285787,0.0,0.0,-0.03505291005291004,-0.2761073431866854,0.11248278830040422,0.2761073431866854
07_bloqueios_auditoria_completa__w60__rompimento_compra__std,43,54,3.131610245795575,2.359681383920315,2.3430749027719964,1.4510824965215088,0.77192886187526,0.2758377451012759,-0.05904447275220503,0.2758377451012759
estados_c7_dna_fluxo_v5_2__w60__score_spread__min,57,81,1.9824561403508771,3.0,0.0,0.0,-1.0175438596491229,-0.27527402048691535,0.07352435656397466,0.27527402048691535
estados_c7_dna_fluxo_v5_2__w60__hard_gates_compra_ok__changed,57,81,0.07017543859649122,0.16049382716049382,0.0,0.0,-0.0903183885640026,-0.27481353650227064,0.1349098250508917,0.27481353650227064
05_estrutura_eventos_enriquecidos__w60__f_score__delta,51,65,1.7058823529411764,9.569230769230769,1.0,8.0,-7.863348416289592,-0.2743210957426845,0.0885272476750133,0.2743210957426845
05_estrutura_eventos_enriquecidos__w60__score__delta,51,65,1.7058823529411764,9.569230769230769,1.0,8.0,-7.863348416289592,-0.2743210957426845,0.0885272476750133,0.2743210957426845
06_evolucao_score_eventos__w60__f_score__delta,51,65,1.7058823529411764,9.569230769230769,1.0,8.0,-7.863348416289592,-0.2743210957426845,0.0885272476750133,0.2743210957426845
06_evolucao_score_eventos__w60__score__delta,51,65,1.7058823529411764,9.569230769230769,1.0,8.0,-7.863348416289592,-0.2743210957426845,0.0885272476750133,0.2743210957426845
bloqueios_c7_dna_fluxo_v5_2__w60__qtd_hard_gates_venda_ok__min,49,69,2.2448979591836733,2.6956521739130435,2.0,2.0,-0.45075421472937016,-0.27393727320434175,0.057265131659020335,0.27393727320434175
07_bloqueios_auditoria_completa__w60__score_venda_base__mean,43,54,38.29656699889258,45.15119448452782,43.333333333333336,49.58333333333333,-6.854627485635241,-0.2739096688335353,0.058470447061181416,0.2739096688335353
13a_features_tempo_real__w60__pre_15s_spread_minimo__min,82,116,0.8939480703525757,0.8097510843996338,0.9166666666666666,0.8520833333333333,0.0841969859529419,0.2735789601929268,-0.08447173518132219,0.2735789601929268
05_estrutura_eventos_enriquecidos__w60__desloc_30s__first,51,65,199.50980392156862,-48.46153846153846,0.0,0.0,247.97134238310707,0.2735167601503323,-0.13355324929837276,0.2735167601503323
06_evolucao_score_eventos__w60__desloc_30s__first,51,65,199.50980392156862,-48.46153846153846,0.0,0.0,247.97134238310707,0.2735167601503323,-0.13355324929837276,0.2735167601503323
estado_mercado_tempo_real__w60__agressor_venda__std,82,116,0.36516348695796935,0.39883128409407625,0.3903123748998999,0.41573970964154905,-0.0336677971361069,-0.27351101231910224,0.14480305022619713,0.27351101231910224
05_estrutura_eventos_enriquecidos__last__f_razao_fluxo,29,34,1.0453226781420473,1.1563287807671874,0.9789473684210528,1.0458908612754767,-0.1110061026251401,-0.2732900909263079,0.12275173571705134,0.2732900909263079
05_estrutura_eventos_enriquecidos__last__razao_venda30,29,34,1.0453226781420473,1.1563287807671874,0.9789473684210528,1.0458908612754767,-0.1110061026251401,-0.2732900909263079,0.12275173571705134,0.2732900909263079
06_evolucao_score_eventos__last__f_razao_fluxo,29,34,1.0453226781420473,1.1563287807671874,0.9789473684210528,1.0458908612754767,-0.1110061026251401,-0.2732900909263079,0.12275173571705134,0.2732900909263079
06_evolucao_score_eventos__last__razao_venda30,29,34,1.0453226781420473,1.1563287807671874,0.9789473684210528,1.0458908612754767,-0.1110061026251401,-0.2732900909263079,0.12275173571705134,0.2732900909263079
05_estrutura_eventos_enriquecidos__w60__amplitude_swings__max,51,65,17.857843137254903,16.15,16.0,15.5,1.7078431372549048,0.2732214416927751,-0.027732399790441856,0.2732214416927751
06_evolucao_score_eventos__w60__amplitude_swings__max,51,65,17.857843137254903,16.15,16.0,15.5,1.7078431372549048,0.2732214416927751,-0.027732399790441856,0.2732214416927751
05_estrutura_eventos_enriquecidos__w60__gate_continuidade__all_true,51,65,0.13725490196078433,0.24615384615384617,0.0,0.0,-0.10889894419306184,-0.2731343151990536,0.10462944341253225,0.2731343151990536
06_evolucao_score_eventos__w60__gate_continuidade__all_true,51,65,0.13725490196078433,0.24615384615384617,0.0,0.0,-0.10889894419306184,-0.2731343151990536,0.10462944341253225,0.2731343151990536
bloqueios_c7_dna_fluxo_v5_2__w60__ajuste_estrutura_venda__mean,49,69,1.2935860058309039,3.1425413555848336,3.0,4.666666666666667,-1.8489553497539297,-0.2726894303410503,0.07286343541041078,0.2726894303410503
05_estrutura_eventos_enriquecidos__w60__spread_medio_30__std,51,65,0.06943631883450489,0.05569143118408929,0.06225156366560444,0.04550595784860535,0.0137448876504156,0.27227487546050994,-0.10750111107451302,0.27227487546050994
06_evolucao_score_eventos__w60__spread_medio_30__std,51,65,0.06943631883450489,0.05569143118408929,0.06225156366560444,0.04550595784860535,0.0137448876504156,0.27227487546050994,-0.10750111107451302,0.27227487546050994
06_evolucao_score_eventos__w60__score_variacao_15__first,51,65,12.823529411764707,5.676923076923077,5.0,4.0,7.146606334841629,0.2722279185845177,-0.03217822056293242,0.2722279185845177
07_bloqueios_auditoria_completa__w60__mov_favor_30s__first,43,54,284.8837209302326,381.48148148148147,175.0,312.5,-96.59776055124888,-0.2722110379200835,0.1645180462906408,0.2722110379200835
estados_c7_dna_fluxo_v5_2__w60__imbalance_atual__delta,57,81,-0.12865497076023394,0.16481481481481483,0.0,0.0,-0.29346978557504877,-0.2720297514305932,0.0901517830974763,0.2720297514305932
estados_c7_dna_fluxo_v5_2__w60__amplitude_swings__max,57,81,17.964912280701753,16.320987654320987,16.0,15.5,1.643924626380766,0.2717706992588951,-0.019219309065277017,0.2717706992588951
05_estrutura_eventos_enriquecidos__last__base,29,34,27861.568965517243,27892.852941176472,27842.5,27896.5,-31.283975659229327,-0.2714192091984346,0.15422777048780942,0.2714192091984346
05_estrutura_eventos_enriquecidos__last__preco,29,34,27861.568965517243,27892.852941176472,27842.5,27896.5,-31.283975659229327,-0.2714192091984346,0.15422777048780942,0.2714192091984346
05_estrutura_eventos_enriquecidos__last__preco_2,29,34,27861.568965517243,27892.852941176472,27842.5,27896.5,-31.283975659229327,-0.2714192091984346,0.15422777048780942,0.2714192091984346
05_estrutura_eventos_enriquecidos__last__ref,29,34,27861.568965517243,27892.852941176472,27842.5,27896.5,-31.283975659229327,-0.2714192091984346,0.15422777048780942,0.2714192091984346
06_evolucao_score_eventos__last__base,29,34,27861.568965517243,27892.852941176472,27842.5,27896.5,-31.283975659229327,-0.2714192091984346,0.15422777048780942,0.2714192091984346
06_evolucao_score_eventos__last__preco,29,34,27861.568965517243,27892.852941176472,27842.5,27896.5,-31.283975659229327,-0.2714192091984346,0.15422777048780942,0.2714192091984346
06_evolucao_score_eventos__last__preco_2,29,34,27861.568965517243,27892.852941176472,27842.5,27896.5,-31.283975659229327,-0.2714192091984346,0.15422777048780942,0.2714192091984346
06_evolucao_score_eventos__last__ref,29,34,27861.568965517243,27892.852941176472,27842.5,27896.5,-31.283975659229327,-0.2714192091984346,0.15422777048780942,0.2714192091984346
07_bloqueios_auditoria_completa__w60__campanha_ativa__first,43,54,0.2558139534883721,0.14814814814814814,0.0,0.0,0.10766580534022396,0.27128477791889927,-0.12892808796088723,0.27128477791889927
bloqueios_c7_dna_fluxo_v5_2__w60__campanha_entradas__first,49,69,0.3469387755102041,0.18840579710144928,0.0,0.0,0.1585329784087548,0.27102899196360736,-0.09223561407218638,0.27102899196360736
13a_features_tempo_real__w60__cobertura_30s__first,82,116,25.036585365853657,25.810344827586206,25.0,26.0,-0.7737594617325492,-0.2707192481963957,0.1056182833902682,0.2707192481963957
estados_c7_dna_fluxo_v5_2__w60__spread_pct_60__mean,57,81,0.48541937787873646,0.4076720532497985,0.5462184873949579,0.3613963039014374,0.07774732462893796,0.27067962970555826,-0.06135285511888654,0.27067962970555826
07_bloqueios_auditoria_completa__w60__f_spread__last,43,54,1.558139534883721,2.5,0.0,0.0,-0.941860465116279,-0.2703469330274054,0.07022653053879753,0.2703469330274054
07_bloqueios_auditoria_completa__w60__score_spread__last,43,54,1.558139534883721,2.5,0.0,0.0,-0.941860465116279,-0.2703469330274054,0.07022653053879753,0.2703469330274054
estados_c7_dna_fluxo_v5_2__w60__spread_pct_5__slope,45,67,-0.0022932368551626964,0.013829896070064414,-0.007598039215686285,0.0031826584362816407,-0.01612313292522711,-0.2699148208295677,0.0561434677686488,0.2699148208295677
07_bloqueios_auditoria_completa__w60__score_venda_base__first,43,54,36.95348837209303,45.111111111111114,27.0,54.0,-8.157622739018088,-0.26976895190162964,0.0815508489613455,0.26976895190162964
bloqueios_c7_dna_fluxo_v5_2__w60__rompimento_venda__min,49,69,-13.244897959183673,-10.78623188405797,-12.75,-8.75,-2.458666075125702,-0.2697077775278577,0.021774161220030053,0.2697077775278577
bloqueios_c7_dna_fluxo_v5_2__w60__score_venda__last,49,69,42.02040816326531,51.11594202898551,29.0,64.0,-9.0955338657202,-0.26891465721475605,0.07939596481907313,0.26891465721475605
05_estrutura_eventos_enriquecidos__w60__f_score__first,51,65,68.94117647058823,63.4,69.0,61.0,5.541176470588233,0.2688086562174117,-0.024743356841514054,0.2688086562174117
05_estrutura_eventos_enriquecidos__w60__score__first,51,65,68.94117647058823,63.4,69.0,61.0,5.541176470588233,0.2688086562174117,-0.024743356841514054,0.2688086562174117
06_evolucao_score_eventos__w60__f_score__first,51,65,68.94117647058823,63.4,69.0,61.0,5.541176470588233,0.2688086562174117,-0.024743356841514054,0.2688086562174117
06_evolucao_score_eventos__w60__score__first,51,65,68.94117647058823,63.4,69.0,61.0,5.541176470588233,0.2688086562174117,-0.024743356841514054,0.2688086562174117
07_bloqueios_auditoria_completa__w60__ajuste_estrutura_venda__first,43,54,1.3953488372093024,3.4814814814814814,-2.0,8.0,-2.086132644272179,-0.26853674574548914,0.025457909798993737,0.26853674574548914
05_estrutura_eventos_enriquecidos__w60__aprovado__transitions,51,65,0.2549019607843137,0.4,0.0,0.0,-0.14509803921568631,-0.2684528450467777,0.16163340031999904,0.2684528450467777
06_evolucao_score_eventos__w60__aprovado__transitions,51,65,0.2549019607843137,0.4,0.0,0.0,-0.14509803921568631,-0.2684528450467777,0.16163340031999904,0.2684528450467777
bloqueios_c7_dna_fluxo_v5_2__w60__qtd_hard_gates_ok__last,49,69,5.26530612244898,5.057971014492754,5.0,5.0,0.20733510795622578,0.2681406966760236,-0.10035103751746648,0.2681406966760236
estados_c7_dna_fluxo_v5_2__w60__estrutura_candidata__nunique,44,63,1.2272727272727273,1.126984126984127,1.0,1.0,0.10028860028860032,0.2681044927954654,-0.13032007496039916,0.2681044927954654
05_estrutura_eventos_enriquecidos__w60__favor_60s__std,51,65,493.3425920741199,379.75608123244837,352.27829907617075,329.98316455372213,113.58651084167155,0.2680214000683432,-0.09262544692351299,0.2680214000683432
05_estrutura_eventos_enriquecidos__w60__max_alta_60s__std,51,65,366.3050032930816,267.3741545417255,275.0,228.75805322125876,98.93084875135611,0.26736745729001743,-0.08461016728650805,0.26736745729001743
06_evolucao_score_eventos__w60__max_alta_60s__std,51,65,366.3050032930816,267.3741545417255,275.0,228.75805322125876,98.93084875135611,0.26736745729001743,-0.08461016728650805,0.26736745729001743
estados_c7_dna_fluxo_v5_2__w60__spread_pct_30__slope,45,67,-0.004508234334930016,0.00435184470048102,-0.008148474259952085,0.002240051116854802,-0.008860079035411035,-0.26726510993207653,0.11790770307025718,0.26726510993207653
05_estrutura_eventos_enriquecidos__last__desloc15,29,34,1.0862068965517242,-0.3602941176470588,0.25,-0.75,1.446501014198783,0.2669024876470522,-0.14506352212340598,0.2669024876470522
06_evolucao_score_eventos__last__desloc15,29,34,1.0862068965517242,-0.3602941176470588,0.25,-0.75,1.446501014198783,0.2669024876470522,-0.14506352212340598,0.2669024876470522
07_bloqueios_auditoria_completa__w60__mov_contra_60s__last,43,54,673.8372093023256,466.6666666666667,325.0,225.0,207.17054263565893,0.26676967755135716,-0.08489779161558035,0.26676967755135716
estados_c7_dna_fluxo_v5_2__w60__score_spread__mean,57,81,2.5759120022277915,3.618494023123653,0.0,1.75,-1.0425820208958614,-0.26657323375518177,0.08424902885434166,0.26657323375518177
bloqueios_c7_dna_fluxo_v5_2__w60__campanha_entradas__slope,32,41,-0.032589285714285696,-0.002613240418118472,0.0,0.0,-0.029976045296167222,-0.26647319541233305,0.10921263135544364,0.26647319541233305
06_evolucao_score_eventos__w60__score_variacao_15__max,51,65,36.90196078431372,31.307692307692307,37.0,37.0,5.594268476621416,0.26629819078879924,-0.021700605947515873,0.26629819078879924
07_bloqueios_auditoria_completa__w60__mov_favor_60s__first,43,54,580.8139534883721,812.9629629629629,300.0,612.5,-232.1490094745908,-0.2654737045324406,0.13088581737262164,0.2654737045324406
estados_c7_dna_fluxo_v5_2__last__vel_anterior,34,46,0.10804426391928364,-0.05553375075089783,0.0725653412176834,0.0,0.16357801467018146,0.26543808760905263,-0.13718644888683598,0.26543808760905263
07_bloqueios_auditoria_completa__w60__score_venda__last,43,54,39.25581395348837,48.48148148148148,24.0,64.0,-9.22566752799311,-0.2651931831997193,0.05617092810074605,0.2651931831997193
05_estrutura_eventos_enriquecidos__last__f_velocidade,29,34,0.07326026135293881,-0.025502911716112707,0.0173010380622837,-0.0516635169501411,0.09876317306905152,0.2651247139147647,-0.14337093294359918,0.2651247139147647
05_estrutura_eventos_enriquecidos__last__vel15,29,34,0.07326026135293881,-0.025502911716112707,0.0173010380622837,-0.0516635169501411,0.09876317306905152,0.2651247139147647,-0.14337093294359918,0.2651247139147647
06_evolucao_score_eventos__last__f_velocidade,29,34,0.07326026135293881,-0.025502911716112707,0.0173010380622837,-0.0516635169501411,0.09876317306905152,0.2651247139147647,-0.14337093294359918,0.2651247139147647
06_evolucao_score_eventos__last__vel15,29,34,0.07326026135293881,-0.025502911716112707,0.0173010380622837,-0.0516635169501411,0.09876317306905152,0.2651247139147647,-0.14337093294359918,0.2651247139147647
estado_mercado_tempo_real__window__n,82,116,15.341463414634147,14.517241379310345,16.0,15.0,0.8242220353238014,0.26317685069531427,-0.1120583540900395,0.26317685069531427
07_bloqueios_auditoria_completa__last__mov_favor_30s,17,17,513.2352941176471,385.29411764705884,425.0,375.0,127.94117647058823,0.2631724748516579,-0.19420907895188513,0.2631724748516579
05_estrutura_eventos_enriquecidos__last__f_saldo,29,34,1.5517241379310345,-9.705882352941176,2.0,-7.0,11.25760649087221,0.26307857939336426,-0.11200587260866007,0.26307857939336426
05_estrutura_eventos_enriquecidos__last__saldo30,29,34,1.5517241379310345,-9.705882352941176,2.0,-7.0,11.25760649087221,0.26307857939336426,-0.11200587260866007,0.26307857939336426
06_evolucao_score_eventos__last__f_saldo,29,34,1.5517241379310345,-9.705882352941176,2.0,-7.0,11.25760649087221,0.26307857939336426,-0.11200587260866007,0.26307857939336426
06_evolucao_score_eventos__last__saldo30,29,34,1.5517241379310345,-9.705882352941176,2.0,-7.0,11.25760649087221,0.26307857939336426,-0.11200587260866007,0.26307857939336426
05_estrutura_eventos_enriquecidos__w60__gate_aceleracao__last,51,65,0.6862745098039216,0.8,1.0,1.0,-0.11372549019607847,-0.2626377695137122,0.10240183089960958,0.2626377695137122
06_evolucao_score_eventos__w60__gate_aceleracao__last,51,65,0.6862745098039216,0.8,1.0,1.0,-0.11372549019607847,-0.2626377695137122,0.10240183089960958,0.2626377695137122
estados_c7_dna_fluxo_v5_2__w60__ajuste_estrutura__slope,45,67,-0.3399999999999998,0.18961038961038962,-0.29999999999999993,5.988226619612907e-16,-0.5296103896103894,-0.26258304975531743,0.09300984361735457,0.26258304975531743
05_estrutura_eventos_enriquecidos__w60__swing_mais_recente_preco__slope,39,53,0.434638972138702,-0.16070101282384103,0.46428571428621096,0.09242424242426402,0.595339984962543,0.2624575374170097,-0.18705902674103433,0.2624575374170097
06_evolucao_score_eventos__w60__swing_mais_recente_preco__slope,39,53,0.434638972138702,-0.16070101282384103,0.46428571428621096,0.09242424242426402,0.595339984962543,0.2624575374170097,-0.18705902674103433,0.2624575374170097
05_estrutura_eventos_enriquecidos__w60__hard_gates_ok__true_count,51,65,0.3137254901960784,0.4461538461538462,0.0,0.0,-0.13242835595776775,-0.26241093247730607,0.1980294689837837,0.26241093247730607
06_evolucao_score_eventos__w60__hard_gates_ok__true_count,51,65,0.3137254901960784,0.4461538461538462,0.0,0.0,-0.13242835595776775,-0.26241093247730607,0.1980294689837837,0.26241093247730607
bloqueios_c7_dna_fluxo_v5_2__w60__ajuste_estrutura__std,49,69,3.343811491875289,2.5635963267849755,2.0,1.8856180831641267,0.7802151650903135,0.2616586006390002,-0.15237388395002832,0.2616586006390002
07_bloqueios_auditoria_completa__w60__hard_gates_ok__true_count,43,54,0.0,0.037037037037037035,0.0,0.0,-0.037037037037037035,-0.26063406022470786,0.132294569595606,0.26063406022470786
07_bloqueios_auditoria_completa__w60__hard_gates_ok__ever_true,43,54,0.0,0.037037037037037035,0.0,0.0,-0.037037037037037035,-0.26063406022470786,0.132294569595606,0.26063406022470786
07_bloqueios_auditoria_completa__w60__hard_gates_ok__changed,43,54,0.0,0.037037037037037035,0.0,0.0,-0.037037037037037035,-0.26063406022470786,0.132294569595606,0.26063406022470786
07_bloqueios_auditoria_completa__w60__hard_gates_ok__transitions,43,54,0.0,0.037037037037037035,0.0,0.0,-0.037037037037037035,-0.26063406022470786,0.132294569595606,0.26063406022470786
07_bloqueios_auditoria_completa__w60__hard_gates_venda_ok__true_count,43,54,0.0,0.037037037037037035,0.0,0.0,-0.037037037037037035,-0.26063406022470786,0.132294569595606,0.26063406022470786
07_bloqueios_auditoria_completa__w60__hard_gates_venda_ok__ever_true,43,54,0.0,0.037037037037037035,0.0,0.0,-0.037037037037037035,-0.26063406022470786,0.132294569595606,0.26063406022470786
07_bloqueios_auditoria_completa__w60__hard_gates_venda_ok__changed,43,54,0.0,0.037037037037037035,0.0,0.0,-0.037037037037037035,-0.26063406022470786,0.132294569595606,0.26063406022470786
07_bloqueios_auditoria_completa__w60__hard_gates_venda_ok__transitions,43,54,0.0,0.037037037037037035,0.0,0.0,-0.037037037037037035,-0.26063406022470786,0.132294569595606,0.26063406022470786
05_estrutura_eventos_enriquecidos__w60__spread_medio_30__delta,51,65,-0.02851885747039729,0.01372233185747529,-0.03511404561824705,0.0,-0.042241189327872575,-0.26019537441943025,0.11424423949037846,0.26019537441943025
06_evolucao_score_eventos__w60__spread_medio_30__delta,51,65,-0.02851885747039729,0.01372233185747529,-0.03511404561824705,0.0,-0.042241189327872575,-0.26019537441943025,0.11424423949037846,0.26019537441943025
estados_c7_dna_fluxo_v5_2__w60__hard_gates_ok__transitions,57,81,0.24561403508771928,0.38271604938271603,0.0,0.0,-0.13710201429499674,-0.2601573728874301,0.16350321011325397,0.2601573728874301
bloqueios_c7_dna_fluxo_v5_2__w60__delta30__last,49,69,-9.16326530612245,-26.652173913043477,1.0,-17.0,17.48890860692103,0.2597085269100979,-0.15990124056320543,0.2597085269100979
13a_sinais__window__n,82,116,1.024390243902439,1.0862068965517242,1.0,1.0,-0.06181665264928515,-0.2590738503271339,0.1122381969982555,0.2590738503271339
05_estrutura_eventos_enriquecidos__w60__spread_pct_60__delta,51,65,-0.01813324681142031,0.011950339157861728,0.0,0.0,-0.03008358596928204,-0.25879658777081327,0.08382530147278613,0.25879658777081327
06_evolucao_score_eventos__w60__spread_pct_60__delta,51,65,-0.01813324681142031,0.011950339157861728,0.0,0.0,-0.03008358596928204,-0.25879658777081327,0.08382530147278613,0.25879658777081327
05_estrutura_eventos_enriquecidos__w60__sucesso250_30s__ever_true,51,65,0.8823529411764706,0.7846153846153846,1.0,1.0,0.09773755656108596,0.2587431448123952,-0.17510137567042786,0.2587431448123952
bloqueios_c7_dna_fluxo_v5_2__w60__gate_continuidade__changed,49,69,0.20408163265306123,0.3188405797101449,0.0,0.0,-0.11475894705708367,-0.25813348654643486,0.10769188227694361,0.25813348654643486
bloqueios_c7_dna_fluxo_v5_2__w60__continuidade_2s__slope,32,41,0.2487165178571427,-0.21283259423503326,0.15178571428571408,-0.2499999999999999,0.461549112092176,0.2578560839120369,-0.1240187629577065,0.2578560839120369
05_estrutura_eventos_enriquecidos__w60__sucesso250_60s__transitions,51,65,1.9019607843137254,1.523076923076923,2.0,1.0,0.3788838612368024,0.257660266626678,-0.15074629572773815,0.257660266626678
07_bloqueios_auditoria_completa__w60__desloc_60s__std,43,54,410.75817783993347,302.18960308605796,325.0,229.70052460850212,108.56857475387551,0.2574854870802519,-0.03756342963822368,0.2574854870802519
06_evolucao_score_eventos__last__score_aceleracao,29,34,0.005546507982648892,-0.0016798714370945798,0.0026802247285582,-0.00092333627593735,0.0072263794197434715,0.2574758540984503,-0.06444697493856709,0.2574758540984503
05_estrutura_eventos_enriquecidos__w60__venda10__std,51,65,23.318547858608724,17.320045257515932,16.673332000533065,13.871126964500977,5.998502601092792,0.25745869822538764,-0.09674523858352628,0.25745869822538764
06_evolucao_score_eventos__w60__venda10__std,51,65,23.318547858608724,17.320045257515932,16.673332000533065,13.871126964500977,5.998502601092792,0.25745869822538764,-0.09674523858352628,0.25745869822538764
estado_mercado_tempo_real__w60__agressor_venda__mean,82,116,0.2009231240140966,0.23310924345307021,0.1875,0.2222222222222222,-0.03218611943897362,-0.2572887552060734,0.15790465826434236,0.2572887552060734
05_estrutura_eventos_enriquecidos__w60__ultimo_topo__slope,39,53,0.3224955599953922,-0.1915635465165802,0.3642857142825227,-0.08333333333391137,0.5140591065119724,0.25697482010740985,-0.2003493176849965,0.25697482010740985
06_evolucao_score_eventos__w60__ultimo_topo__slope,39,53,0.3224955599953922,-0.1915635465165802,0.3642857142825227,-0.08333333333391137,0.5140591065119724,0.25697482010740985,-0.2003493176849965,0.25697482010740985
bloqueios_c7_dna_fluxo_v5_2__w60__campanha_pullback__ever_true,49,69,0.24489795918367346,0.14492753623188406,0.0,0.0,0.0999704229517894,0.25668859916212106,-0.11801491537065643,0.25668859916212106
estados_c7_dna_fluxo_v5_2__last__topo_30s,34,46,27872.75,27899.483695652172,27863.625,27902.625,-26.733695652172173,-0.25650242850985405,0.14196490870489797,0.25650242850985405
bloqueios_c7_dna_fluxo_v5_2__w60__campanha_entradas__mean,49,69,0.3333333333333333,0.1863354037267081,0.0,0.0,0.14699792960662522,0.25638013596624143,-0.0867355628383431,0.25638013596624143
05_estrutura_eventos_enriquecidos__w60__spread_pct_60__first,51,65,0.5406888429424734,0.4708971842794419,0.5657657657657658,0.4910714285714285,0.06979165866303155,0.25558058940925354,-0.03675972955986627,0.25558058940925354
06_evolucao_score_eventos__w60__spread_pct_60__first,51,65,0.5406888429424734,0.4708971842794419,0.5657657657657658,0.4910714285714285,0.06979165866303155,0.25558058940925354,-0.03675972955986627,0.25558058940925354
07_bloqueios_auditoria_completa__w60__continuidade_2s__mean,43,54,0.2611987818383167,-0.20139089305755972,0.1875,-0.05,0.46258967489587643,0.25556651818975973,-0.03787876322479857,0.25556651818975973
07_bloqueios_auditoria_completa__last__desloc_120s,17,17,751.4705882352941,401.47058823529414,400.0,600.0,350.0,0.2555263593124665,-0.15648939132895784,0.2555263593124665
estados_c7_dna_fluxo_v5_2__w60__gate_aceleracao__changed,57,81,0.5964912280701754,0.4691358024691358,1.0,0.0,0.12735542560103963,0.25495194056149634,-0.18074750722529467,0.25495194056149634
bloqueios_c7_dna_fluxo_v5_2__w60__delta30__delta,49,69,11.673469387755102,-3.9855072463768115,0.0,0.0,15.658976634131914,0.25464262165266555,-0.15065784377899819,0.25464262165266555
estados_c7_dna_fluxo_v5_2__w60__spread_pct_30__first,57,81,0.4844698516213091,0.4096800721883915,0.507223113964687,0.380281690140845,0.07478977943291765,0.2545881543892341,-0.04828176181816284,0.2545881543892341
estados_c7_dna_fluxo_v5_2__w60__gate_saldo30__ever_true,57,81,1.0,0.9629629629629629,1.0,1.0,0.03703703703703709,0.25397315299997647,-0.09585925985378903,0.25397315299997647
bloqueios_c7_dna_fluxo_v5_2__w60__gate_saldo30__true_pct,49,69,82.03595724003887,88.01179496831672,100.0,100.0,-5.9758377282778525,-0.2534058780657293,0.12637254053600855,0.2534058780657293
07_bloqueios_auditoria_completa__w60__campanha_ativa__true_pct,43,54,24.03100775193798,14.55026455026455,0.0,0.0,9.48074320167343,0.2531859776007505,-0.12417872953099081,0.2531859776007505
05_estrutura_eventos_enriquecidos__last__campanha_entradas,29,34,0.27586206896551724,0.14705882352941177,0.0,0.0,0.12880324543610547,0.2530875595981741,-0.1326019766298631,0.2530875595981741
06_evolucao_score_eventos__last__campanha_entradas,29,34,0.27586206896551724,0.14705882352941177,0.0,0.0,0.12880324543610547,0.2530875595981741,-0.1326019766298631,0.2530875595981741
estados_c7_dna_fluxo_v5_2__w60__spread_medio_30__std,57,81,0.06881951396082603,0.05646917234666606,0.06225156366560444,0.04550595784860535,0.012350341614159967,0.2529334080510098,-0.07710534872936621,0.2529334080510098
bloqueios_c7_dna_fluxo_v5_2__w60__rompimento_compra__slope,32,41,1.3986049107142855,0.5268002322880374,0.9053571428571433,-0.1250000000000005,0.8718046784262481,0.2526185685285285,-0.1463830540151608,0.2526185685285285
07_bloqueios_auditoria_completa__w60__mov_contra_30s__last,43,54,515.1162790697674,346.2962962962963,300.0,175.0,168.8199827734711,0.25250455235853136,-0.11742768107066064,0.25250455235853136
05_estrutura_eventos_enriquecidos__w60__eficiencia_swings__first,51,65,0.21026026538617268,0.17805550203315923,0.2133891213389121,0.1657754010695187,0.03220476335301345,0.252497232916373,-0.07188482421410658,0.252497232916373
06_evolucao_score_eventos__w60__eficiencia_swings__first,51,65,0.21026026538617268,0.17805550203315923,0.2133891213389121,0.1657754010695187,0.03220476335301345,0.252497232916373,-0.07188482421410658,0.252497232916373
07_bloqueios_auditoria_completa__w60__campanha_entradas__max,43,54,0.32558139534883723,0.18518518518518517,0.0,0.0,0.14039621016365206,0.25219319233100457,-0.09152814207384063,0.25219319233100457
05_estrutura_eventos_enriquecidos__last__compra10,29,34,38.3448275862069,47.05882352941177,34.0,29.0,-8.713995943204871,-0.25192346173524516,0.16417962953571494,0.25192346173524516
06_evolucao_score_eventos__last__compra10,29,34,38.3448275862069,47.05882352941177,34.0,29.0,-8.713995943204871,-0.25192346173524516,0.16417962953571494,0.25192346173524516
estados_c7_dna_fluxo_v5_2__w60__score_oposto__slope,45,67,0.017373737373737836,-0.8803999483103961,-0.1515151515151522,-0.5999999999999996,0.897773685684134,0.25163720790726923,-0.06138864967249251,0.25163720790726923
estados_c7_dna_fluxo_v5_2__w60__spread_pct_60__min,57,81,0.4390814103992373,0.36741753447828107,0.4647887323943662,0.3174603174603174,0.07166387592095624,0.2511375431695872,-0.0578105878946206,0.2511375431695872
estados_c7_dna_fluxo_v5_2__last__nivel_invalidation,34,46,27865.757352941175,27891.82608695652,27857.5,27892.125,-26.0687340153454,-0.250854503707474,0.13150285922419538,0.250854503707474
07_bloqueios_auditoria_completa__w60__max_baixa_60s__first,43,54,-493.6046511627907,-674.5370370370371,-425.0,-387.5,180.9323858742464,0.2507356876205456,-0.12736577187315026,0.2507356876205456
estado_mercado_tempo_real__w60__delta_acumulado__max,82,116,-105.98780487804878,221.08620689655172,-462.0,-331.0,-327.0740117746005,-0.2507187051252301,0.14549507496238007,0.2507187051252301
07_bloqueios_auditoria_completa__w60__salvou_loss_60s__changed,43,54,0.3953488372093023,0.2777777777777778,0.0,0.0,0.11757105943152452,0.25005785324364155,-0.1408105396842314,0.25005785324364155
estado_mercado_tempo_real__w60__delta_acumulado__mean,82,116,-141.8776639727515,178.5928300248854,-476.1,-358.672268907563,-320.4704939976369,-0.24991359247814543,0.1454657719780197,0.24991359247814543
05_estrutura_eventos_enriquecidos__w60__qtd_hard_gates_ok__first,51,65,4.7254901960784315,4.4,5.0,4.0,0.3254901960784311,0.2499030069307064,-0.013875335172480123,0.2499030069307064
06_evolucao_score_eventos__w60__qtd_hard_gates_ok__first,51,65,4.7254901960784315,4.4,5.0,4.0,0.3254901960784311,0.2499030069307064,-0.013875335172480123,0.2499030069307064
07_bloqueios_auditoria_completa__w60__impediu_gain_60s__true_pct,43,54,62.05980066445182,70.85097001763668,66.66666666666666,100.0,-8.791169353184863,-0.2496659262229836,0.11228121497532498,0.2496659262229836
05_estrutura_eventos_enriquecidos__w60__saldo10__std,51,65,27.935461034162472,22.311098398012383,24.280671745406124,20.018350956060292,5.624362636150089,0.24925143805754563,-0.10222225069696356,0.24925143805754563
06_evolucao_score_eventos__w60__saldo10__std,51,65,27.935461034162472,22.311098398012383,24.280671745406124,20.018350956060292,5.624362636150089,0.24925143805754563,-0.10222225069696356,0.24925143805754563
estado_mercado_tempo_real__w60__delta_acumulado__min,82,116,-175.23170731707316,141.56896551724137,-500.0,-397.0,-316.8006728343145,-0.249187590964249,0.144511111414422,0.249187590964249
estado_mercado_tempo_real__w60__delta_acumulado__last,82,116,-139.8780487804878,179.6551724137931,-482.5,-367.5,-319.53322119428094,-0.2488707336903469,0.1450857517910886,0.2488707336903469
07_bloqueios_auditoria_completa__w60__f_velocidade__max,43,54,0.36200774999925867,0.23962466144784236,0.4057069443505308,0.20307635380635006,0.1223830885514163,0.24880635885244196,-0.07504715524875087,0.24880635885244196
07_bloqueios_auditoria_completa__w60__vel15__max,43,54,0.36200774999925867,0.23962466144784236,0.4057069443505308,0.20307635380635006,0.1223830885514163,0.24880635885244196,-0.07504715524875087,0.24880635885244196
estados_c7_dna_fluxo_v5_2__last__spread_pct_30,34,46,0.4541639999475131,0.38132844129525034,0.4863581730769231,0.34844611797360103,0.07283555865226277,0.24863455244897195,-0.09873215780412768,0.24863455244897195
05_estrutura_eventos_enriquecidos__w60__amplitude_swings__last,51,65,13.647058823529411,12.153846153846153,12.0,12.0,1.493212669683258,0.248268967019819,-0.07657131374836638,0.248268967019819
06_evolucao_score_eventos__w60__amplitude_swings__last,51,65,13.647058823529411,12.153846153846153,12.0,12.0,1.493212669683258,0.248268967019819,-0.07657131374836638,0.248268967019819
estados_c7_dna_fluxo_v5_2__last__delta10,34,46,-26.029411764705884,-43.93478260869565,-9.0,-8.5,17.905370843989765,0.24815863261172122,-0.1171233775498331,0.24815863261172122
07_bloqueios_auditoria_completa__w60__ajuste_estrutura_compra__first,43,54,2.744186046511628,0.8148148148148148,8.0,-4.0,1.929371231696813,0.2480294270016671,-0.007660898314327417,0.2480294270016671
estados_c7_dna_fluxo_v5_2__w60__spread_pct_15__slope,45,67,-0.002519349548849875,0.009512689544995854,-0.006428198044751687,0.008012208453426402,-0.012032039093845728,-0.24792216731998237,0.06212101289305124,0.24792216731998237
bloqueios_c7_dna_fluxo_v5_2__w60__score_oposto__slope,32,41,0.5444196428571428,-0.47311265969802574,0.3571428571428585,-0.09999999999999892,1.0175323025551686,0.2476981699884868,-0.174054412113786,0.2476981699884868
05_estrutura_eventos_enriquecidos__w60__estrutura_candidata__nunique,38,50,1.2105263157894737,1.12,1.0,1.0,0.09052631578947357,0.24750138889984608,-0.12465087079108844,0.24750138889984608
06_evolucao_score_eventos__w60__estrutura_candidata__nunique,38,50,1.2105263157894737,1.12,1.0,1.0,0.09052631578947357,0.24750138889984608,-0.12465087079108844,0.24750138889984608
estados_c7_dna_fluxo_v5_2__w60__score_spread__last,57,81,2.56140350877193,3.5555555555555554,0.0,0.0,-0.9941520467836256,-0.24735884083791726,0.091345540279158,0.24735884083791726
bloqueios_c7_dna_fluxo_v5_2__w60__score_venda__mean,49,69,42.68158406219631,49.6443618378401,46.0,55.333333333333336,-6.962777775643794,-0.24634824795688223,0.045590980698996614,0.24634824795688223
bloqueios_c7_dna_fluxo_v5_2__w60__rompimento_venda__last,49,69,-8.178571428571429,-6.195652173913044,-8.25,-3.25,-1.982919254658385,-0.24556665215697623,0.05566362371036434,0.24556665215697623
07_bloqueios_auditoria_completa__w60__salvou_loss_30s__true_count,43,54,1.8604651162790697,1.5185185185185186,2.0,1.0,0.34194659776055114,0.2446834132892513,-0.12149929194200788,0.2446834132892513
06_evolucao_score_eventos__w60__score_variacao_15__delta,51,65,-1.411764705882353,7.8307692307692305,0.0,0.0,-9.242533936651583,-0.24443091676325882,0.10637705804443442,0.24443091676325882
estados_c7_dna_fluxo_v5_2__w60__hard_gates_ok__true_count,57,81,0.2982456140350877,0.41975308641975306,0.0,0.0,-0.12150747238466536,-0.24424931433510613,0.17244451899161012,0.24424931433510613
estados_c7_dna_fluxo_v5_2__last__score_venda,34,46,42.64705882352941,49.15217391304348,37.0,50.5,-6.505115089514064,-0.24414339187694575,0.0700296375633982,0.24414339187694575
estado_mercado_tempo_real__w60__delta_acumulado__first,82,116,-139.109756097561,174.73275862068965,-483.0,-358.5,-313.84251471825064,-0.24404953628573375,0.14315033649970316,0.24404953628573375
estados_c7_dna_fluxo_v5_2__last__fundo_anterior,34,46,27865.46323529412,27890.83695652174,27854.75,27889.5,-25.37372122762099,-0.24388194827852136,0.1255082604195067,0.24388194827852136
05_estrutura_eventos_enriquecidos__last__qtd_hard_gates_venda_ok,29,34,3.0689655172413794,3.4705882352941178,3.0,3.0,-0.4016227180527383,-0.2438776356101041,0.06249482471818077,0.2438776356101041
06_evolucao_score_eventos__last__qtd_hard_gates_venda_ok,29,34,3.0689655172413794,3.4705882352941178,3.0,3.0,-0.4016227180527383,-0.2438776356101041,0.06249482471818077,0.2438776356101041
bloqueios_c7_dna_fluxo_v5_2__w60__score_spread__slope,32,41,0.12700892857142843,-0.012950058072009468,0.0,0.0,0.1399589866434379,0.24386646094333578,-0.060540807404489694,0.24386646094333578
estados_c7_dna_fluxo_v5_2__last__topo_anterior,34,46,27869.764705882353,27895.190217391304,27859.625,27892.875,-25.425511508950876,-0.24368425158982862,0.12791064241203795,0.24368425158982862
07_bloqueios_auditoria_completa__w60__rompimento_compra__last,43,54,-4.813953488372093,-6.342592592592593,-3.0,-5.5,1.5286391042204999,0.24354645289043092,-0.15556273304726242,0.24354645289043092
estados_c7_dna_fluxo_v5_2__w60__gate_aceleracao__last,57,81,0.6842105263157895,0.7901234567901234,1.0,1.0,-0.10591293047433392,-0.24343074961617842,0.12949970739383693,0.24343074961617842
05_estrutura_eventos_enriquecidos__w60__score_spread__max,51,65,2.2941176470588234,3.2,0.0,0.0,-0.9058823529411768,-0.24327551922461274,0.05966365749089682,0.24327551922461274
06_evolucao_score_eventos__w60__score_spread__max,51,65,2.2941176470588234,3.2,0.0,0.0,-0.9058823529411768,-0.24327551922461274,0.05966365749089682,0.24327551922461274
13a_features_tempo_real__w60__pre_15s_volatilidade_close_pontos__first,82,116,207.69971174894388,237.9910715958915,191.05764675218796,203.4348102804219,-30.291359846947614,-0.24303892379697445,0.173717290368959,0.24303892379697445
05_estrutura_eventos_enriquecidos__w60__qtd_hard_gates_ok__delta,51,65,0.35294117647058826,0.8153846153846154,0.0,1.0,-0.4624434389140271,-0.24258649656898273,0.08055634491529544,0.24258649656898273
06_evolucao_score_eventos__w60__qtd_hard_gates_ok__delta,51,65,0.35294117647058826,0.8153846153846154,0.0,1.0,-0.4624434389140271,-0.24258649656898273,0.08055634491529544,0.24258649656898273
estados_c7_dna_fluxo_v5_2__w60__score_spread__slope,45,67,0.051130351130351165,-0.054080248110098816,0.0,0.0,0.10521059924044998,0.24245940547682268,-0.043193583363049064,0.24245940547682268
05_estrutura_eventos_enriquecidos__last__vel5,29,34,0.1950705666815118,-0.027000156641,0.3292361720807726,-0.096254654567803,0.2220707233225118,0.24238666862194722,-0.046577317244093586,0.24238666862194722
06_evolucao_score_eventos__last__vel5,29,34,0.1950705666815118,-0.027000156641,0.3292361720807726,-0.096254654567803,0.2220707233225118,0.24238666862194722,-0.046577317244093586,0.24238666862194722
05_estrutura_eventos_enriquecidos__w60__ajuste_estrutura_compra__last,51,65,2.588235294117647,0.676923076923077,8.0,-2.0,1.9113122171945702,0.24211547794793892,-0.044897674679821795,0.24211547794793892
06_evolucao_score_eventos__w60__ajuste_estrutura_compra__last,51,65,2.588235294117647,0.676923076923077,8.0,-2.0,1.9113122171945702,0.24211547794793892,-0.044897674679821795,0.24211547794793892
estados_c7_dna_fluxo_v5_2__w60__saldo30__last,57,81,-15.280701754385966,10.037037037037036,2.0,-2.0,-25.317738791423004,-0.2420618658494667,0.0832742250596508,0.2420618658494667
estados_c7_dna_fluxo_v5_2__w60__campanha_entradas__min,57,81,0.24561403508771928,0.13580246913580246,0.0,0.0,0.10981156595191682,0.2417609517916229,-0.11785523189909969,0.2417609517916229
05_estrutura_eventos_enriquecidos__w60__f_spread__min,51,65,1.3284313725490196,1.4307692307692308,1.25,1.5,-0.10233785822021124,-0.24168170479375706,0.17169041723411282,0.24168170479375706
05_estrutura_eventos_enriquecidos__w60__spread_atual__min,51,65,1.3284313725490196,1.4307692307692308,1.25,1.5,-0.10233785822021124,-0.24168170479375706,0.17169041723411282,0.24168170479375706
06_evolucao_score_eventos__w60__f_spread__min,51,65,1.3284313725490196,1.4307692307692308,1.25,1.5,-0.10233785822021124,-0.24168170479375706,0.17169041723411282,0.24168170479375706
06_evolucao_score_eventos__w60__spread_atual__min,51,65,1.3284313725490196,1.4307692307692308,1.25,1.5,-0.10233785822021124,-0.24168170479375706,0.17169041723411282,0.24168170479375706
13a_features_tempo_real__last__pre_15s_spread_minimo,82,116,1.1276567583106534,1.0517513599367951,1.125,1.0534274193548387,0.07590539837385823,0.2414066215289122,-0.08461188732280914,0.2414066215289122
13a_features_tempo_real__w60__pre_15s_spread_minimo__last,82,116,1.1276567583106534,1.0517513599367951,1.125,1.0534274193548387,0.07590539837385823,0.2414066215289122,-0.08461188732280914,0.2414066215289122
bloqueios_c7_dna_fluxo_v5_2__w60__score_oposto__delta,49,69,0.9387755102040817,-1.7681159420289856,0.0,0.0,2.706891452233067,0.24123790013535604,-0.12928614415297465,0.24123790013535604
05_estrutura_eventos_enriquecidos__w60__hard_gates_ok__ever_true,51,65,0.3137254901960784,0.4307692307692308,0.0,0.0,-0.11704374057315237,-0.24122015690631765,0.2007544027078654,0.24122015690631765
06_evolucao_score_eventos__w60__hard_gates_ok__ever_true,51,65,0.3137254901960784,0.4307692307692308,0.0,0.0,-0.11704374057315237,-0.24122015690631765,0.2007544027078654,0.24122015690631765
07_bloqueios_auditoria_completa__w60__score_compra_base__mean,43,54,43.806478405315616,38.129485329485334,44.25,34.0,5.676993075830282,0.24093642782889202,-0.05715911750349101,0.24093642782889202
estados_c7_dna_fluxo_v5_2__w60__score_spread__first,57,81,2.526315789473684,3.4814814814814814,0.0,0.0,-0.9551656920077973,-0.24048798329718343,0.0563379615272324,0.24048798329718343
estados_c7_dna_fluxo_v5_2__w60__spread_pct_30__max,57,81,0.5521876891654497,0.4777370243282282,0.6238938053097345,0.456,0.07445066483722151,0.2403806878950811,-0.05195742275672388,0.2403806878950811
05_estrutura_eventos_enriquecidos__w60__hard_gates_ok__changed,51,65,0.21568627450980393,0.3230769230769231,0.0,0.0,-0.10739064856711916,-0.24027568401336905,0.1365064459102009,0.24027568401336905
06_evolucao_score_eventos__w60__hard_gates_ok__changed,51,65,0.21568627450980393,0.3230769230769231,0.0,0.0,-0.10739064856711916,-0.24027568401336905,0.1365064459102009,0.24027568401336905
estados_c7_dna_fluxo_v5_2__w60__diferenca_score__slope,45,67,0.27711880711880643,2.6242424242424227,-0.1999999999999986,1.7090909090909108,-2.347123617123616,-0.23995306251942372,0.07546003393115973,0.23995306251942372
05_estrutura_eventos_enriquecidos__w60__sucesso250_30s__transitions,51,65,2.1372549019607843,1.7538461538461538,2.0,1.0,0.38340874811463044,0.23989650624934175,-0.18692833608070442,0.23989650624934175
05_estrutura_eventos_enriquecidos__w60__score_base_dna__first,51,65,63.15686274509804,58.15384615384615,60.0,55.0,5.003016591251885,0.23926418811486508,-0.025040647502862574,0.23926418811486508
06_evolucao_score_eventos__w60__score_base_dna__first,51,65,63.15686274509804,58.15384615384615,60.0,55.0,5.003016591251885,0.23926418811486508,-0.025040647502862574,0.23926418811486508
05_estrutura_eventos_enriquecidos__w60__ajuste_estrutura__std,51,65,4.645288066759759,3.9352492232320264,5.887840577551898,4.565030796483142,0.7100388435277329,0.23924494947934,-0.17111925311020093,0.23924494947934
06_evolucao_score_eventos__w60__ajuste_estrutura__std,51,65,4.645288066759759,3.9352492232320264,5.887840577551898,4.565030796483142,0.7100388435277329,0.23924494947934,-0.17111925311020093,0.23924494947934
05_estrutura_eventos_enriquecidos__w60__favor_60s__min,51,65,295.5882352941176,85.76923076923077,0.0,0.0,209.81900452488685,0.23910232225011468,-0.11774881555773704,0.23910232225011468
estados_c7_dna_fluxo_v5_2__last__qtd_hard_gates_venda_ok,34,46,3.176470588235294,3.5434782608695654,3.0,4.0,-0.3670076726342715,-0.23878310606160372,0.0672965756885674,0.23878310606160372
estados_c7_dna_fluxo_v5_2__w60__aprovado__transitions,57,81,0.24561403508771928,0.37037037037037035,0.0,0.0,-0.12475633528265107,-0.23783515643316705,0.1443010456720818,0.23783515643316705
estados_c7_dna_fluxo_v5_2__last__ultimo_fundo,34,46,27865.183823529413,27889.864130434784,27855.625,27889.875,-24.680306905371253,-0.23777658926888276,0.12431304592950834,0.23777658926888276
estados_c7_dna_fluxo_v5_2__last__ultimo_topo,34,46,27869.602941176472,27894.385869565216,27859.375,27892.375,-24.78292838874404,-0.23742642266836939,0.12373257723898116,0.23742642266836939
07_bloqueios_auditoria_completa__w60__aceleracao__min,43,54,-0.7937340264069427,-0.5682058923544685,-0.8453657446262017,-0.5895982679852217,-0.22552813405247418,-0.23702918419979913,0.1260112944087157,0.23702918419979913
07_bloqueios_auditoria_completa__w60__f_aceleracao__min,43,54,-0.7937340264069427,-0.5682058923544685,-0.8453657446262017,-0.5895982679852217,-0.22552813405247418,-0.23702918419979913,0.1260112944087157,0.23702918419979913
13a_features_tempo_real__w60__cobertura_30s__delta,82,116,0.15853658536585366,-0.5862068965517241,0.0,0.0,0.7447434819175778,0.2366031651873733,-0.085114539069944,0.2366031651873733
06_evolucao_score_eventos__w60__score_velocidade_5__mean,51,65,0.0772206511143077,0.1721769351650609,0.0536065351501593,0.0357751277683134,-0.09495628405075321,-0.23655709463383245,0.17509519505284935,0.23655709463383245
05_estrutura_eventos_enriquecidos__w60__score_spread__mean,51,65,1.830812324929972,2.6356532356532356,0.0,0.0,-0.8048409107232637,-0.23613127619787783,0.06064497953324682,0.23613127619787783
06_evolucao_score_eventos__w60__score_spread__mean,51,65,1.830812324929972,2.6356532356532356,0.0,0.0,-0.8048409107232637,-0.23613127619787783,0.06064497953324682,0.23613127619787783
05_estrutura_eventos_enriquecidos__w60__fundo_30s__slope,39,53,0.5668373293369525,0.1301090419016366,0.35714285714091254,-3.220500263492694e-12,0.4367282874353159,0.23514239568144812,-0.17665577035856528,0.23514239568144812
06_evolucao_score_eventos__w60__fundo_30s__slope,39,53,0.5668373293369525,0.1301090419016366,0.35714285714091254,-3.220500263492694e-12,0.4367282874353159,0.23514239568144812,-0.17665577035856528,0.23514239568144812
estados_c7_dna_fluxo_v5_2__w60__amplitude_swings__last,57,81,13.368421052631579,12.030864197530864,11.5,12.0,1.3375568551007149,0.23511716246384487,-0.0797949492146339,0.23511716246384487
07_bloqueios_auditoria_completa__w60__qtd_hard_gates_venda_ok__mean,43,54,3.1834440753045405,3.542484367484368,3.25,3.6333333333333333,-0.35904029217982725,-0.23509992294432597,0.04784271597040274,0.23509992294432597
13a_features_tempo_real__w60__cobertura_15s__delta,82,116,-0.012195121951219513,-0.5,0.0,0.0,0.4878048780487805,0.2349619465697854,-0.10447378785855045,0.2349619465697854
13a_features_tempo_real__w60__cobertura_15s__slope,75,108,0.03349824469034802,-0.01707737891376636,0.007056013894919571,1.468524059837327e-16,0.05057562360411438,0.23453084164460275,-0.10620812516941841,0.23453084164460275
estados_c7_dna_fluxo_v5_2__last__ticks_s,34,46,118.08713232688136,146.5712401793563,83.88374839711142,96.41453857586814,-28.484107852474935,-0.23430572772278985,0.24104032854645352,0.23430572772278985
estados_c7_dna_fluxo_v5_2__w60__delta10__slope,45,67,-1.4999663299663288,-4.61963881889255,-0.07142857142857167,-0.9333333333333327,3.1196724889262217,0.23418040566078255,-0.08387230207464168,0.23418040566078255
estados_c7_dna_fluxo_v5_2__w60__spread_pct_5__std,57,81,0.12779003338825418,0.10804251713983858,0.13722335293255217,0.1096054952872934,0.0197475162484156,0.2340765296256767,-0.14148546301951123,0.2340765296256767
05_estrutura_eventos_enriquecidos__w60__score_base_dna__delta,51,65,3.6470588235294117,10.584615384615384,0.0,13.0,-6.937556561085973,-0.23387545215532488,0.07957325967652065,0.23387545215532488
06_evolucao_score_eventos__w60__score_base_dna__delta,51,65,3.6470588235294117,10.584615384615384,0.0,13.0,-6.937556561085973,-0.23387545215532488,0.07957325967652065,0.23387545215532488
07_bloqueios_auditoria_completa__w60__mov_contra_60s__delta,43,54,-245.34883720930233,-33.333333333333336,-100.0,0.0,-212.015503875969,-0.23386916579712155,0.12728617925156982,0.23386916579712155
06_evolucao_score_eventos__w60__score_velocidade_5__slope,39,53,-0.008393448083306814,0.029518708940085975,-0.03554806510798027,0.006240636605519397,-0.03791215702339279,-0.23374635488675058,0.05600029211483331,0.23374635488675058
bloqueios_c7_dna_fluxo_v5_2__w60__saldo30__slope,32,41,4.877455357142859,-1.8357512406292884,5.85,-1.999999999999991,6.713206597772147,0.23369977234060188,-0.14634302651073355,0.23369977234060188
estados_c7_dna_fluxo_v5_2__w60__diferenca_score__delta,57,81,1.8070175438596492,11.296296296296296,0.0,9.0,-9.489278752436647,-0.23361481575568502,0.04746568679381427,0.23361481575568502
07_bloqueios_auditoria_completa__w60__mov_favor_30s__delta,43,54,134.88372093023256,10.648148148148149,0.0,0.0,124.2355727820844,0.23315077335525666,-0.13386927754120667,0.23315077335525666
estados_c7_dna_fluxo_v5_2__last__swing_mais_recente_preco,34,46,27867.404411764706,27891.608695652172,27857.5,27890.625,-24.204283887465863,-0.23300564778062557,0.11936964339936919,0.23300564778062557
estados_c7_dna_fluxo_v5_2__w60__campanha_entradas__last,57,81,0.2807017543859649,0.16049382716049382,0.0,0.0,0.12020792722547108,0.23244775542712173,-0.09276331626144714,0.23244775542712173
07_bloqueios_auditoria_completa__w60__rompimento_compra__max,43,54,-2.2151162790697674,-3.564814814814815,0.0,-2.5,1.3496985357450475,0.2323464991750595,-0.1282999703578546,0.2323464991750595
estados_c7_dna_fluxo_v5_2__w60__gate_saldo30__changed,57,81,0.22807017543859648,0.3333333333333333,0.0,0.0,-0.10526315789473684,-0.23201306834208343,0.05688887309967755,0.23201306834208343
07_bloqueios_auditoria_completa__w60__gate_aceleracao__all_true,43,54,0.27906976744186046,0.3888888888888889,0.0,0.0,-0.10981912144702843,-0.23179429479243036,0.08856742915812171,0.23179429479243036
estados_c7_dna_fluxo_v5_2__last__fundo_30s,34,46,27860.279411764706,27884.516304347828,27848.875,27885.25,-24.236892583121517,-0.23145402501513784,0.11377773695446293,0.23145402501513784
bloqueios_c7_dna_fluxo_v5_2__w60__rompimento_venda__mean,49,69,-8.435204081632653,-6.915081979212414,-7.125,-5.375,-1.5201221024202392,-0.23126850205272761,0.017578056853345996,0.23126850205272761
05_estrutura_eventos_enriquecidos__w60__desloc_120s__delta,51,65,-264.70588235294116,76.92307692307692,0.0,0.0,-341.62895927601807,-0.23094140273148797,0.12022620141641499,0.23094140273148797
06_evolucao_score_eventos__w60__desloc_120s__delta,51,65,-264.70588235294116,76.92307692307692,0.0,0.0,-341.62895927601807,-0.23094140273148797,0.12022620141641499,0.23094140273148797
05_estrutura_eventos_enriquecidos__w60__score_spread__min,51,65,1.3725490196078431,2.123076923076923,0.0,0.0,-0.7505279034690799,-0.23076367893766692,0.05369944769899561,0.23076367893766692
06_evolucao_score_eventos__w60__score_spread__min,51,65,1.3725490196078431,2.123076923076923,0.0,0.0,-0.7505279034690799,-0.23076367893766692,0.05369944769899561,0.23076367893766692
estados_c7_dna_fluxo_v5_2__w60__spread_pct_60__delta,57,81,-0.016841091843855297,0.008007765276684932,0.0,0.0,-0.02484885712054023,-0.23072600212414476,0.06862968628507167,0.23072600212414476
bloqueios_c7_dna_fluxo_v5_2__w60__ajuste_estrutura__slope,32,41,-0.7745535714285716,-0.0673424136838774,6.588420215497148e-16,5.988226619612907e-16,-0.7072111577446942,-0.23069828097086142,0.13686001521196228,0.23069828097086142
05_estrutura_eventos_enriquecidos__w60__gate_delta30__transitions,51,65,1.5294117647058822,1.2461538461538462,2.0,1.0,0.2832579185520361,0.23057762648709676,-0.1333470048084155,0.23057762648709676
06_evolucao_score_eventos__w60__gate_delta30__transitions,51,65,1.5294117647058822,1.2461538461538462,2.0,1.0,0.2832579185520361,0.23057762648709676,-0.1333470048084155,0.23057762648709676
07_bloqueios_auditoria_completa__w60__score_compra__first,43,54,48.627906976744185,40.74074074074074,64.0,26.0,7.887166236003445,0.23050873554863271,-0.040382894856962344,0.23050873554863271
07_bloqueios_auditoria_completa__w60__score_compra_base__last,43,54,43.325581395348834,36.81481481481482,56.0,24.0,6.510766580534018,0.22978750431706546,-0.04855205882410712,0.22978750431706546
estados_c7_dna_fluxo_v5_2__w60__gate_continuidade__all_true,57,81,0.12280701754385964,0.20987654320987653,0.0,0.0,-0.08706952566601689,-0.22971386997695628,0.0745956146473923,0.22971386997695628
07_bloqueios_auditoria_completa__w60__mov_contra_120s__min,43,54,548.2558139534884,384.72222222222223,100.0,225.0,163.5335917312662,0.22964376515071883,-0.08496323655858483,0.22964376515071883
estados_c7_dna_fluxo_v5_2__last__preco,34,46,27867.889705882353,27891.869565217392,27857.875,27891.0,-23.979859335038782,-0.22935596295480334,0.12033750152504263,0.22935596295480334
13a_features_tempo_real__w60__adv_ratio_volatilidade_close_pontos_15s_60s__delta,82,116,0.3719631186447472,0.303686466122564,0.4028684924241697,0.30977304331096,0.06827665252218318,0.22916847973963564,-0.11884617910803764,0.22916847973963564
estado_mercado_tempo_real__w60__spread_qt__last,82,116,1.75,1.646551724137931,1.75,1.75,0.10344827586206895,0.2290220962631546,-0.034408387837474935,0.2290220962631546
07_bloqueios_auditoria_completa__last__ajuste_estrutura,17,17,6.705882352941177,8.235294117647058,12.0,12.0,-1.5294117647058814,-0.22855431730800155,0.17112415650344506,0.22855431730800155
bloqueios_c7_dna_fluxo_v5_2__w60__gate_continuidade__ever_true,49,69,0.9591836734693877,0.8985507246376812,1.0,1.0,0.06063294883170656,0.2284316064231454,-0.14092016893710216,0.2284316064231454
07_bloqueios_auditoria_completa__w60__salvou_loss_30s__transitions,43,54,0.9302325581395349,0.7222222222222222,1.0,0.5,0.20801033591731266,0.22810889920599753,-0.08635447498506078,0.22810889920599753
bloqueios_c7_dna_fluxo_v5_2__w60__score_venda__first,49,69,40.61224489795919,48.130434782608695,28.0,62.0,-7.518189884649509,-0.22763713022142232,0.043855445705978595,0.22763713022142232
05_estrutura_eventos_enriquecidos__w60__amplitude_swings__min,51,65,10.97549019607843,9.838461538461539,9.0,9.0,1.1370286576168915,0.22755165505583455,-0.03030912700621255,0.22755165505583455
06_evolucao_score_eventos__w60__amplitude_swings__min,51,65,10.97549019607843,9.838461538461539,9.0,9.0,1.1370286576168915,0.22755165505583455,-0.03030912700621255,0.22755165505583455
07_bloqueios_auditoria_completa__w60__hard_gates_ok__true_pct,43,54,0.0,1.1904761904761902,0.0,0.0,-1.1904761904761902,-0.22727162933419462,0.0728290857122663,0.22727162933419462
07_bloqueios_auditoria_completa__w60__hard_gates_venda_ok__true_pct,43,54,0.0,1.1904761904761902,0.0,0.0,-1.1904761904761902,-0.22727162933419462,0.0728290857122663,0.22727162933419462
estados_c7_dna_fluxo_v5_2__w60__hard_gates_ok__ever_true,57,81,0.2982456140350877,0.4074074074074074,0.0,0.0,-0.10916179337231968,-0.227103281763836,0.17482502795856725,0.227103281763836
13a_features_tempo_real__w60__cobertura_30s__slope,75,108,0.06548690925832662,-0.008194168145963451,0.0027417027417022317,2.937048119674654e-16,0.07368107740429007,0.22701160770347092,-0.08466064968379537,0.22701160770347092
05_estrutura_eventos_enriquecidos__w60__gate_saldo30__changed,51,65,0.23529411764705882,0.3384615384615385,0.0,0.0,-0.10316742081447966,-0.2266491934003397,0.0748176409438702,0.2266491934003397
06_evolucao_score_eventos__w60__gate_saldo30__changed,51,65,0.23529411764705882,0.3384615384615385,0.0,0.0,-0.10316742081447966,-0.2266491934003397,0.0748176409438702,0.2266491934003397
bloqueios_c7_dna_fluxo_v5_2__w60__score_compra_base__last,49,69,43.734693877551024,37.42028985507246,54.0,29.0,6.314404022478563,0.22656160604795036,-0.05347184754649259,0.22656160604795036
05_estrutura_eventos_enriquecidos__w60__ajuste_estrutura_venda__slope,39,53,-0.0414918414918415,0.3742955158049497,-8.406336591564607e-16,6.839862184977158e-17,-0.41578735729679117,-0.22579079086914472,0.12741744515491746,0.22579079086914472
06_evolucao_score_eventos__w60__ajuste_estrutura_venda__slope,39,53,-0.0414918414918415,0.3742955158049497,-8.406336591564607e-16,6.839862184977158e-17,-0.41578735729679117,-0.22579079086914472,0.12741744515491746,0.22579079086914472
05_estrutura_eventos_enriquecidos__w60__score_oposto__first,51,65,15.588235294117647,18.215384615384615,14.0,18.0,-2.627149321266968,-0.22542930430876185,0.012209340098729466,0.22542930430876185
06_evolucao_score_eventos__w60__score_oposto__first,51,65,15.588235294117647,18.215384615384615,14.0,18.0,-2.627149321266968,-0.22542930430876185,0.012209340098729466,0.22542930430876185
07_bloqueios_auditoria_completa__w60__diferenca_score__std,43,54,10.409985162166778,8.852209622929514,10.677078252031311,9.527658803491843,1.557775539237264,0.2245689907920313,-0.09568589775286117,0.2245689907920313
bloqueios_c7_dna_fluxo_v5_2__w60__hard_gates_ok__true_count,49,69,0.0,0.028985507246376812,0.0,0.0,-0.028985507246376812,-0.2245530301079313,0.11118241510326791,0.2245530301079313
bloqueios_c7_dna_fluxo_v5_2__w60__hard_gates_ok__ever_true,49,69,0.0,0.028985507246376812,0.0,0.0,-0.028985507246376812,-0.2245530301079313,0.11118241510326791,0.2245530301079313
bloqueios_c7_dna_fluxo_v5_2__w60__hard_gates_ok__changed,49,69,0.0,0.028985507246376812,0.0,0.0,-0.028985507246376812,-0.2245530301079313,0.11118241510326791,0.2245530301079313
bloqueios_c7_dna_fluxo_v5_2__w60__hard_gates_ok__transitions,49,69,0.0,0.028985507246376812,0.0,0.0,-0.028985507246376812,-0.2245530301079313,0.11118241510326791,0.2245530301079313
bloqueios_c7_dna_fluxo_v5_2__w60__hard_gates_venda_ok__true_count,49,69,0.0,0.028985507246376812,0.0,0.0,-0.028985507246376812,-0.2245530301079313,0.11118241510326791,0.2245530301079313
bloqueios_c7_dna_fluxo_v5_2__w60__hard_gates_venda_ok__ever_true,49,69,0.0,0.028985507246376812,0.0,0.0,-0.028985507246376812,-0.2245530301079313,0.11118241510326791,0.2245530301079313
bloqueios_c7_dna_fluxo_v5_2__w60__hard_gates_venda_ok__changed,49,69,0.0,0.028985507246376812,0.0,0.0,-0.028985507246376812,-0.2245530301079313,0.11118241510326791,0.2245530301079313
bloqueios_c7_dna_fluxo_v5_2__w60__hard_gates_venda_ok__transitions,49,69,0.0,0.028985507246376812,0.0,0.0,-0.028985507246376812,-0.2245530301079313,0.11118241510326791,0.2245530301079313
bloqueios_c7_dna_fluxo_v5_2__w60__gate_saldo30__transitions,49,69,0.7142857142857143,0.5072463768115942,0.0,0.0,0.20703933747412007,0.2243705131670189,-0.11740323296035504,0.2243705131670189
estados_c7_dna_fluxo_v5_2__w60__spread_medio_30__slope,45,67,-0.006272518963422688,0.001922793683528938,-0.009291068797298943,0.0034739901710351046,-0.008195312646951626,-0.22389938875371296,0.08861368766179215,0.22389938875371296
estados_c7_dna_fluxo_v5_2__w60__spread_pct_60__last,57,81,0.47700204013274766,0.41154438670644994,0.5462184873949579,0.3613963039014374,0.06545765342629772,0.22383991626273642,-0.048993913527785614,0.22383991626273642
bloqueios_c7_dna_fluxo_v5_2__w60__rompimento_venda__slope,32,41,-0.06104910714285686,0.759490814063985,-0.4107142857142857,0.8909090909090911,-0.8205399212068418,-0.22381371306579081,0.13551879124104926,0.22381371306579081
07_bloqueios_auditoria_completa__w60__ref__delta,43,53,1.8895348837209303,-0.09905660377358491,0.0,0.0,1.9885914874945152,0.22334476952002782,-0.1251471384532823,0.22334476952002782
05_estrutura_eventos_enriquecidos__last__score_oposto,29,34,20.06896551724138,17.441176470588236,19.0,18.0,2.6277890466531453,0.2232265024207155,-0.019528633849945597,0.2232265024207155
06_evolucao_score_eventos__last__score_oposto,29,34,20.06896551724138,17.441176470588236,19.0,18.0,2.6277890466531453,0.2232265024207155,-0.019528633849945597,0.2232265024207155
bloqueios_c7_dna_fluxo_v5_2__w60__qtd_hard_gates_compra_ok__mean,49,69,3.5277939747327505,3.2103143233578018,3.3333333333333335,3.0,0.3174796513749487,0.22315295769477467,-0.035254383846207944,0.22315295769477467
05_estrutura_eventos_enriquecidos__w60__score_spread__first,51,65,1.7450980392156863,2.523076923076923,0.0,0.0,-0.7779788838612367,-0.2228923969381762,0.04818065599621528,0.2228923969381762
06_evolucao_score_eventos__w60__score_spread__first,51,65,1.7450980392156863,2.523076923076923,0.0,0.0,-0.7779788838612367,-0.2228923969381762,0.04818065599621528,0.2228923969381762
05_estrutura_eventos_enriquecidos__w60__gate_rompimento__true_count,51,65,1.2549019607843137,1.0461538461538462,1.0,1.0,0.2087481146304675,0.22283960435093209,-0.09073581747983805,0.22283960435093209
06_evolucao_score_eventos__w60__gate_rompimento__true_count,51,65,1.2549019607843137,1.0461538461538462,1.0,1.0,0.2087481146304675,0.22283960435093209,-0.09073581747983805,0.22283960435093209
05_estrutura_eventos_enriquecidos__w60__max_baixa_30s__max,51,65,-16.176470588235293,-45.38461538461539,0.0,0.0,29.208144796380093,0.22270584246257857,-0.10098000488993149,0.22270584246257857
06_evolucao_score_eventos__w60__max_baixa_30s__max,51,65,-16.176470588235293,-45.38461538461539,0.0,0.0,29.208144796380093,0.22270584246257857,-0.10098000488993149,0.22270584246257857
05_estrutura_eventos_enriquecidos__w60__hard_gates_compra_ok__last,51,65,0.11764705882352941,0.2,0.0,0.0,-0.0823529411764706,-0.22252275895613335,0.17188973213787234,0.22252275895613335
06_evolucao_score_eventos__w60__hard_gates_compra_ok__last,51,65,0.11764705882352941,0.2,0.0,0.0,-0.0823529411764706,-0.22252275895613335,0.17188973213787234,0.22252275895613335
estados_c7_dna_fluxo_v5_2__w60__hard_gates_compra_ok__last,57,81,0.10526315789473684,0.18518518518518517,0.0,0.0,-0.07992202729044834,-0.22250665236127898,0.138920187235977,0.22250665236127898
05_estrutura_eventos_enriquecidos__w60__spread_pct_60__max,51,65,0.5845211695330678,0.5236065587003167,0.6521739130434783,0.6095764272559853,0.06091461083275107,0.22213182001026513,-0.027417970630622773,0.22213182001026513
06_evolucao_score_eventos__w60__spread_pct_60__max,51,65,0.5845211695330678,0.5236065587003167,0.6521739130434783,0.6095764272559853,0.06091461083275107,0.22213182001026513,-0.027417970630622773,0.22213182001026513
bloqueios_c7_dna_fluxo_v5_2__last__qtd_hard_gates_ok,20,22,5.2,5.045454545454546,5.0,5.0,0.15454545454545432,0.22172523080872725,-0.15772793223456352,0.22172523080872725
07_bloqueios_auditoria_completa__w60__gate_delta30__transitions,43,54,0.9302325581395349,0.7037037037037037,1.0,0.0,0.22652885443583115,0.22169254350077686,-0.11678747509121139,0.22169254350077686
07_bloqueios_auditoria_completa__w60__mov_favor_120s__max,43,54,1508.7209302325582,1232.8703703703704,1000.0,987.5,275.85055986218777,0.22150963462061204,-0.08332159741607907,0.22150963462061204
estados_c7_dna_fluxo_v5_2__w60__hard_gates_ok__changed,57,81,0.21052631578947367,0.30864197530864196,0.0,0.0,-0.09811565951916829,-0.22149088831698666,0.1267641265871712,0.22149088831698666
estados_c7_dna_fluxo_v5_2__last__imbalance_atual,34,46,1.0588235294117647,1.2391304347826086,1.0,1.0,-0.18030690537084393,-0.22120760023820898,0.028355803028131513,0.22120760023820898
13a_features_tempo_real__w60__cobertura_60s__first,82,116,48.96341463414634,50.08620689655172,47.0,48.5,-1.1227922624053832,-0.22113196996298826,0.09445785010953622,0.22113196996298826
bloqueios_c7_dna_fluxo_v5_2__w60__rompimento_compra__last,49,69,-5.704081632653061,-7.329710144927536,-4.0,-5.75,1.6256285122744751,0.22103598813396555,-0.16659875917904302,0.22103598813396555
03_eventos_elementares_fluxo__w60__preco__slope,32,43,0.9252976190468916,0.35336378737471574,0.8374999999979651,0.34821428571249224,0.5719338316721758,0.2210234932135345,-0.12562690459275297,0.2210234932135345
13a_features_tempo_real__window__n,82,116,35.207317073170735,39.525862068965516,42.5,47.0,-4.318544995794781,-0.22066975128872077,0.08993016281011885,0.22066975128872077
05_estrutura_eventos_enriquecidos__w60__sucesso250_120s__last,51,65,0.6470588235294118,0.5384615384615384,1.0,1.0,0.10859728506787336,0.22049659241708042,-0.17264112774873472,0.22049659241708042
estados_c7_dna_fluxo_v5_2__w60__spread_medio_30__max,57,81,1.7019053133058681,1.623292701907195,1.6672932330827068,1.606687898089172,0.07861261139867315,0.22042403206239605,-0.035591666572032894,0.22042403206239605
06_evolucao_score_eventos__w60__score_aceleracao__min,51,65,-0.03003680882338766,-0.02272980877991341,-0.0217598157051282,-0.0186710261074782,-0.0073070000434742495,-0.22035498438604842,0.13591367098027368,0.22035498438604842
bloqueios_c7_dna_fluxo_v5_2__w60__score_venda_base__mean,49,69,41.1944120505345,46.474284250371205,43.666666666666664,51.25,-5.279872199836703,-0.22025093462817744,0.034887284332643334,0.22025093462817744
07_bloqueios_auditoria_completa__last__f_velocidade,17,17,0.07570104173344094,-0.03553119383624459,0.0167740203972088,-0.120440467997247,0.11123223556968553,0.22005897385091971,-0.08341284763197193,0.22005897385091971
07_bloqueios_auditoria_completa__last__vel15,17,17,0.07570104173344094,-0.03553119383624459,0.0167740203972088,-0.120440467997247,0.11123223556968553,0.22005897385091971,-0.08341284763197193,0.22005897385091971
07_bloqueios_auditoria_completa__w60__diferenca_score__last,43,54,62.53488372093023,66.11111111111111,61.0,66.5,-3.5762273901808825,-0.2200148842222373,0.06690994184289946,0.2200148842222373
drawdown_real,82,116,7999.999999998065,6742.068965515104,7639.999999996144,5319.999999998981,1257.931034482961,0.21969765104681563,-0.14880704422812932,0.21969765104681563
bloqueios_c7_dna_fluxo_v5_2__w60__ajuste_estrutura__min,49,69,2.693877551020408,4.231884057971015,8.0,8.0,-1.5380065069506066,-0.21959230198625393,0.10700384909282813,0.21959230198625393
estados_c7_dna_fluxo_v5_2__w60__gate_rompimento__changed,57,81,0.49122807017543857,0.38271604938271603,0.0,0.0,0.10851202079272254,0.2193397712721006,-0.06114311198881442,0.2193397712721006
07_bloqueios_auditoria_completa__last__continuidade_2s,17,17,0.3382352941176471,-0.3235294117647059,-0.5,-0.25,0.661764705882353,0.21887446905251662,-0.025156423648656882,0.21887446905251662
05_estrutura_eventos_enriquecidos__w60__continuidade_2s__slope,39,53,0.0638833388833389,-0.1537194723515479,0.0333333333333334,-0.01060606060606068,0.21760281123488678,0.2184646313578444,-0.031894252372925355,0.2184646313578444
06_evolucao_score_eventos__w60__continuidade_2s__slope,39,53,0.0638833388833389,-0.1537194723515479,0.0333333333333334,-0.01060606060606068,0.21760281123488678,0.2184646313578444,-0.031894252372925355,0.2184646313578444
estados_c7_dna_fluxo_v5_2__last__delta30,34,46,-22.470588235294116,-35.93478260869565,-6.0,-18.0,13.464194373401533,0.2178614517853236,-0.118595711206466,0.2178614517853236
07_bloqueios_auditoria_completa__w60__campanha_pullback__ever_true,43,54,0.23255813953488372,0.14814814814814814,0.0,0.0,0.08440999138673558,0.2171279799992676,-0.10498720420485372,0.2171279799992676
estados_c7_dna_fluxo_v5_2__w60__campanha_pullback__changed,57,81,0.08771929824561403,0.037037037037037035,0.0,0.0,0.050682261208576995,0.21687944819984403,-0.06745780163186826,0.21687944819984403
estados_c7_dna_fluxo_v5_2__w60__spread_pct_30__mean,57,81,0.4709913479465191,0.40755037200093336,0.5007992912815612,0.3939393939393939,0.06344097594558573,0.2167029015042256,-0.03968408873522487,0.2167029015042256
05_estrutura_eventos_enriquecidos__last__score_venda_base,29,34,37.206896551724135,42.73529411764706,31.0,31.5,-5.528397565922923,-0.21616770828197943,0.032364674197164746,0.21616770828197943
06_evolucao_score_eventos__last__score_venda_base,29,34,37.206896551724135,42.73529411764706,31.0,31.5,-5.528397565922923,-0.21616770828197943,0.032364674197164746,0.21616770828197943
estados_c7_dna_fluxo_v5_2__w60__score__slope,45,67,0.29449254449254475,1.7438424759320277,0.10000000000000187,0.7818181818181833,-1.4493499314394829,-0.21601381856353735,0.07736783063682727,0.21601381856353735
bloqueios_c7_dna_fluxo_v5_2__w60__score_compra__mean,49,69,46.61948493683188,40.65169918648179,41.0,37.5,5.967785750350089,0.21596066095637048,-0.035733474255986296,0.21596066095637048
estados_c7_dna_fluxo_v5_2__w60__gate_continuidade__changed,57,81,0.2807017543859649,0.38271604938271603,0.0,0.0,-0.10201429499675113,-0.2152635478797995,0.057362696381309655,0.2152635478797995
bloqueios_c7_dna_fluxo_v5_2__w60__ajuste_estrutura_venda__first,49,69,1.4285714285714286,3.072463768115942,-2.0,8.0,-1.6438923395445133,-0.2147571136854544,0.010280782966872428,0.2147571136854544
estados_c7_dna_fluxo_v5_2__w60__campanha_ativa__first,57,81,0.24561403508771928,0.16049382716049382,0.0,0.0,0.08512020792722547,0.2145696983976788,-0.10412299076969088,0.2145696983976788
05_estrutura_eventos_enriquecidos__w60__base__slope,39,53,0.31999805749818716,-0.13725394102755956,0.25000000000124784,-0.019696969696608634,0.4572519985257467,0.2144142525043422,-0.13671036686118143,0.2144142525043422
05_estrutura_eventos_enriquecidos__w60__preco__slope,39,53,0.31999805749818716,-0.13725394102755956,0.25000000000124784,-0.019696969696608634,0.4572519985257467,0.2144142525043422,-0.13671036686118143,0.2144142525043422
05_estrutura_eventos_enriquecidos__w60__preco_2__slope,39,53,0.31999805749818716,-0.13725394102755956,0.25000000000124784,-0.019696969696608634,0.4572519985257467,0.2144142525043422,-0.13671036686118143,0.2144142525043422
05_estrutura_eventos_enriquecidos__w60__ref__slope,39,53,0.31999805749818716,-0.13725394102755956,0.25000000000124784,-0.019696969696608634,0.4572519985257467,0.2144142525043422,-0.13671036686118143,0.2144142525043422
06_evolucao_score_eventos__w60__base__slope,39,53,0.31999805749818716,-0.13725394102755956,0.25000000000124784,-0.019696969696608634,0.4572519985257467,0.2144142525043422,-0.13671036686118143,0.2144142525043422
06_evolucao_score_eventos__w60__preco__slope,39,53,0.31999805749818716,-0.13725394102755956,0.25000000000124784,-0.019696969696608634,0.4572519985257467,0.2144142525043422,-0.13671036686118143,0.2144142525043422
06_evolucao_score_eventos__w60__preco_2__slope,39,53,0.31999805749818716,-0.13725394102755956,0.25000000000124784,-0.019696969696608634,0.4572519985257467,0.2144142525043422,-0.13671036686118143,0.2144142525043422
06_evolucao_score_eventos__w60__ref__slope,39,53,0.31999805749818716,-0.13725394102755956,0.25000000000124784,-0.019696969696608634,0.4572519985257467,0.2144142525043422,-0.13671036686118143,0.2144142525043422
bloqueios_c7_dna_fluxo_v5_2__w60__score_venda_base__last,49,69,41.12244897959184,47.55072463768116,33.0,56.0,-6.428275658089319,-0.21390121273649726,0.05153827997069726,0.21390121273649726
05_estrutura_eventos_enriquecidos__w60__ajuste_estrutura__max,51,65,11.411764705882353,10.830769230769231,12.0,12.0,0.5809954751131219,0.21348644131034192,-0.10420510705413266,0.21348644131034192
06_evolucao_score_eventos__w60__ajuste_estrutura__max,51,65,11.411764705882353,10.830769230769231,12.0,12.0,0.5809954751131219,0.21348644131034192,-0.10420510705413266,0.21348644131034192
05_estrutura_eventos_enriquecidos__w60__score_base_dna__slope,39,53,0.744971694971693,2.2281426121048757,0.4363636363636356,1.333333333333334,-1.4831709171331826,-0.21302016283150368,0.10019108388830328,0.21302016283150368
06_evolucao_score_eventos__w60__score_base_dna__slope,39,53,0.744971694971693,2.2281426121048757,0.4363636363636356,1.333333333333334,-1.4831709171331826,-0.21302016283150368,0.10019108388830328,0.21302016283150368
07_bloqueios_auditoria_completa__w60__campanha_entradas__first,43,54,0.3023255813953488,0.18518518518518517,0.0,0.0,0.11714039621016364,0.21224639860187966,-0.0735632836196984,0.21224639860187966
05_estrutura_eventos_enriquecidos__w60__gate_continuidade__ever_true,51,65,0.9803921568627451,1.0,1.0,1.0,-0.019607843137254943,-0.21209913285466006,0.09431485013480422,0.21209913285466006
06_evolucao_score_eventos__w60__gate_continuidade__ever_true,51,65,0.9803921568627451,1.0,1.0,1.0,-0.019607843137254943,-0.21209913285466006,0.09431485013480422,0.21209913285466006
07_bloqueios_auditoria_completa__w60__qtd_hard_gates_compra_ok__first,43,54,3.697674418604651,3.314814814814815,4.0,3.0,0.3828596037898362,0.2120440415244396,-0.04552424587697938,0.2120440415244396
bloqueios_c7_dna_fluxo_v5_2__last__score,20,22,75.55,77.68181818181819,72.5,77.0,-2.13181818181819,-0.21204054375397616,0.06562204946409646,0.21204054375397616
06_evolucao_score_eventos__w60__score_variacao_15__std,51,65,20.601888442860876,18.51167165101343,22.614864553329344,19.154343864744856,2.090216791847446,0.21137382944145552,-0.07943276107532983,0.21137382944145552
bloqueios_c7_dna_fluxo_v5_2__w60__score_venda_base__first,49,69,39.06122448979592,45.04347826086956,31.0,52.0,-5.982253771073644,-0.21076345824823653,0.04971911931091261,0.21076345824823653
05_estrutura_eventos_enriquecidos__w60__aprovado__true_count,51,65,0.3137254901960784,0.4153846153846154,0.0,0.0,-0.10165912518853698,-0.21047896500248153,0.17494857401616065,0.21047896500248153
05_estrutura_eventos_enriquecidos__w60__aprovado__ever_true,51,65,0.3137254901960784,0.4153846153846154,0.0,0.0,-0.10165912518853698,-0.21047896500248153,0.17494857401616065,0.21047896500248153
06_evolucao_score_eventos__w60__aprovado__true_count,51,65,0.3137254901960784,0.4153846153846154,0.0,0.0,-0.10165912518853698,-0.21047896500248153,0.17494857401616065,0.21047896500248153
06_evolucao_score_eventos__w60__aprovado__ever_true,51,65,0.3137254901960784,0.4153846153846154,0.0,0.0,-0.10165912518853698,-0.21047896500248153,0.17494857401616065,0.21047896500248153
07_bloqueios_auditoria_completa__w60__gate_continuidade__transitions,43,54,1.0930232558139534,0.8518518518518519,1.0,0.5,0.24117140396210157,0.2100809648168478,-0.04724206832784195,0.2100809648168478
bloqueios_c7_dna_fluxo_v5_2__w60__qtd_hard_gates_venda_ok__last,49,69,3.2653061224489797,3.6666666666666665,3.0,4.0,-0.40136054421768685,-0.20988687457703079,0.042413969254247785,0.20988687457703079
estados_c7_dna_fluxo_v5_2__w60__swing_mais_recente_preco__slope,45,67,0.2758201058198477,-0.21407734056996022,0.37500000000010686,0.016666666668131224,0.4898974463898079,0.20972816908684064,-0.1406097803982751,0.20972816908684064
07_bloqueios_auditoria_completa__w60__impediu_gain_30s__transitions,43,54,0.9069767441860465,0.7222222222222222,1.0,0.0,0.18475452196382425,0.20972292044338892,-0.13428248122718311,0.20972292044338892
estados_c7_dna_fluxo_v5_2__w60__saldo10__last,57,81,-14.350877192982455,0.12345679012345678,-2.0,-1.0,-14.474333983105913,-0.20970002256878298,0.12855619751867758,0.20970002256878298
bloqueios_c7_dna_fluxo_v5_2__w60__campanha_entradas__delta,49,69,-0.061224489795918366,-0.014492753623188406,0.0,0.0,-0.04673173617272996,-0.20962393842283922,0.06553871660951059,0.20962393842283922
07_bloqueios_auditoria_completa__w60__campanha_entradas__delta,43,54,-0.06976744186046512,-0.018518518518518517,0.0,0.0,-0.0512489233419466,-0.20895283345302665,0.06288423869193704,0.20895283345302665
estados_c7_dna_fluxo_v5_2__w60__eficiencia_swings__slope,45,67,-0.012173623176593673,-0.0048295494023031,-0.0012018120350454828,-0.0005411016462725108,-0.007344073774290573,-0.20886993183027786,0.05130371125527283,0.20886993183027786
05_estrutura_eventos_enriquecidos__w60__fundo_30s__delta,51,65,2.4607843137254903,0.5653846153846154,0.0,0.0,1.895399698340875,0.20827172623397747,-0.13056342947113278,0.20827172623397747
06_evolucao_score_eventos__w60__fundo_30s__delta,51,65,2.4607843137254903,0.5653846153846154,0.0,0.0,1.895399698340875,0.20827172623397747,-0.13056342947113278,0.20827172623397747
bloqueios_c7_dna_fluxo_v5_2__w60__vel15__std,49,69,0.3108262723865905,0.2525183125583951,0.27025358530544136,0.1459525897481446,0.05830795982819542,0.20799224647584522,-0.01626464035464002,0.20799224647584522
05_estrutura_eventos_enriquecidos__w60__score_spread__last,51,65,1.7843137254901962,2.5076923076923077,0.0,0.0,-0.7233785822021115,-0.20793986345706844,0.06050850108611828,0.20793986345706844
06_evolucao_score_eventos__w60__score_spread__last,51,65,1.7843137254901962,2.5076923076923077,0.0,0.0,-0.7233785822021115,-0.20793986345706844,0.06050850108611828,0.20793986345706844
05_estrutura_eventos_enriquecidos__w60__aprovado__changed,51,65,0.21568627450980393,0.3076923076923077,0.0,0.0,-0.09200603318250378,-0.20791412078229923,0.10869674903984451,0.20791412078229923
06_evolucao_score_eventos__w60__aprovado__changed,51,65,0.21568627450980393,0.3076923076923077,0.0,0.0,-0.09200603318250378,-0.20791412078229923,0.10869674903984451,0.20791412078229923
bloqueios_c7_dna_fluxo_v5_2__w60__gate_saldo30__all_true,49,69,0.5510204081632653,0.6521739130434783,1.0,1.0,-0.10115350488021302,-0.2074043106991845,0.11377953538538539,0.2074043106991845
bloqueios_c7_dna_fluxo_v5_2__w60__vel15__last,49,69,0.07246654776783808,-0.04016962638001168,0.0679486308350886,-0.089882792838139,0.11263617414784977,0.20734204589110913,-0.10340856169495954,0.20734204589110913
07_bloqueios_auditoria_completa__w60__mov_favor_120s__delta,43,54,-35.46511627906977,-254.16666666666666,0.0,-137.5,218.70155038759688,0.20706975812768658,-0.11679814263943518,0.20706975812768658
estados_c7_dna_fluxo_v5_2__w60__gate_continuidade__ever_true,57,81,0.9824561403508771,1.0,1.0,1.0,-0.01754385964912286,-0.20684448555247958,0.09069576116000685,0.20684448555247958
estados_c7_dna_fluxo_v5_2__w60__fundo_30s__delta,57,81,2.9035087719298245,0.5462962962962963,0.0,0.0,2.357212475633528,0.20681467099937204,-0.1268855616801019,0.20681467099937204
estados_c7_dna_fluxo_v5_2__last__score_venda_base,34,46,40.1764705882353,45.19565217391305,35.5,47.5,-5.0191815856777495,-0.2065474306109191,0.044231047634344295,0.2065474306109191
bloqueios_c7_dna_fluxo_v5_2__last__saldo30,20,22,8.1,-10.272727272727273,0.0,-29.0,18.372727272727275,0.2063977692282169,-0.05572162659112618,0.2063977692282169
estados_c7_dna_fluxo_v5_2__w60__swing_mais_recente_preco__delta,57,81,1.5614035087719298,-0.8333333333333334,0.75,0.0,2.3947368421052633,0.2055824945933071,-0.11571703553650478,0.2055824945933071
bloqueios_c7_dna_fluxo_v5_2__w60__continuidade_2s__mean,49,69,0.189067055393586,-0.1787771608423783,0.1875,-0.125,0.3678442162359643,0.20531097399475598,-0.01498976857425497,0.20531097399475598
estados_c7_dna_fluxo_v5_2__last__razao_compra30,34,46,1.1220417206460889,1.037204709122415,1.0154696693041185,0.9739965297860035,0.08483701152367384,0.20521174395797914,-0.1294542288136324,0.20521174395797914
13a_features_tempo_real__w60__cobertura_15s__std,82,116,1.0056490914005947,0.9002808438259857,1.0580861344127632,1.0149837853492794,0.10536824757460894,0.20495923598832586,-0.1458542349593917,0.20495923598832586
estados_c7_dna_fluxo_v5_2__last__ajuste_estrutura,34,46,4.823529411764706,6.217391304347826,8.0,8.0,-1.3938618925831205,-0.20482609488143186,0.14688860746567906,0.20482609488143186
05_estrutura_eventos_enriquecidos__w60__campanha_pullback__changed,51,65,0.09803921568627451,0.046153846153846156,0.0,0.0,0.05188536953242835,0.2047604296464302,-0.06016425014130779,0.2047604296464302
06_evolucao_score_eventos__w60__campanha_pullback__changed,51,65,0.09803921568627451,0.046153846153846156,0.0,0.0,0.05188536953242835,0.2047604296464302,-0.06016425014130779,0.2047604296464302
05_estrutura_eventos_enriquecidos__w60__f_saldo__std,51,65,37.80248664069148,31.516901179096923,28.473943037429244,25.709920264364882,6.285585461594554,0.20471899903718208,-0.06338086100166736,0.20471899903718208
05_estrutura_eventos_enriquecidos__w60__saldo30__std,51,65,37.80248664069148,31.516901179096923,28.473943037429244,25.709920264364882,6.285585461594554,0.20471899903718208,-0.06338086100166736,0.20471899903718208
06_evolucao_score_eventos__w60__f_saldo__std,51,65,37.80248664069148,31.516901179096923,28.473943037429244,25.709920264364882,6.285585461594554,0.20471899903718208,-0.06338086100166736,0.20471899903718208
06_evolucao_score_eventos__w60__saldo30__std,51,65,37.80248664069148,31.516901179096923,28.473943037429244,25.709920264364882,6.285585461594554,0.20471899903718208,-0.06338086100166736,0.20471899903718208
bloqueios_c7_dna_fluxo_v5_2__w60__gate_saldo30__first,49,69,0.8979591836734694,0.8260869565217391,1.0,1.0,0.07187222715173025,0.204671778107078,-0.08860434714781672,0.204671778107078
05_estrutura_eventos_enriquecidos__w60__gate_vel15__last,51,65,0.7843137254901961,0.8615384615384616,1.0,1.0,-0.07722473604826552,-0.20443902799991737,0.13869103097756919,0.20443902799991737
06_evolucao_score_eventos__w60__gate_vel15__last,51,65,0.7843137254901961,0.8615384615384616,1.0,1.0,-0.07722473604826552,-0.20443902799991737,0.13869103097756919,0.20443902799991737
estado_mercado_tempo_real__w60__score_compra__slope,82,116,-0.06378571967939937,0.14720802844001304,0.0,0.0,-0.2109937481194124,-0.2043671896958158,0.13835843667680825,0.2043671896958158
bloqueios_c7_dna_fluxo_v5_2__w60__estrutura_bruta__nunique,49,69,2.0408163265306123,1.8840579710144927,2.0,2.0,0.1567583555161196,0.20397228228044662,-0.0582323221413433,0.20397228228044662
05_estrutura_eventos_enriquecidos__w60__qtd_hard_gates_ok__slope,39,53,0.09563214563214557,0.1897451604998774,0.057142857142857356,0.10000000000000007,-0.09411301486773184,-0.2039120994518828,0.09780707542287402,0.2039120994518828
06_evolucao_score_eventos__w60__qtd_hard_gates_ok__slope,39,53,0.09563214563214557,0.1897451604998774,0.057142857142857356,0.10000000000000007,-0.09411301486773184,-0.2039120994518828,0.09780707542287402,0.2039120994518828
estados_c7_dna_fluxo_v5_2__w60__qtd_hard_gates_ok__first,57,81,4.701754385964913,4.444444444444445,5.0,4.0,0.25730994152046804,0.20372379971161142,-0.0072535802647868105,0.20372379971161142
estados_c7_dna_fluxo_v5_2__w60__ultimo_topo__delta,57,81,1.368421052631579,-0.9598765432098766,0.5,0.0,2.3282975958414553,0.2035640543171972,-0.11469178544024242,0.2035640543171972
05_estrutura_eventos_enriquecidos__w60__aceleracao__std,51,65,0.8147847348836401,0.7154366511070562,0.7450339482060974,0.6510265599319573,0.09934808377658388,0.20300765708237978,-0.10286759068489465,0.20300765708237978
05_estrutura_eventos_enriquecidos__w60__f_aceleracao__std,51,65,0.8147847348836401,0.7154366511070562,0.7450339482060974,0.6510265599319573,0.09934808377658388,0.20300765708237978,-0.10286759068489465,0.20300765708237978
06_evolucao_score_eventos__w60__aceleracao__std,51,65,0.8147847348836401,0.7154366511070562,0.7450339482060974,0.6510265599319573,0.09934808377658388,0.20300765708237978,-0.10286759068489465,0.20300765708237978
06_evolucao_score_eventos__w60__f_aceleracao__std,51,65,0.8147847348836401,0.7154366511070562,0.7450339482060974,0.6510265599319573,0.09934808377658388,0.20300765708237978,-0.10286759068489465,0.20300765708237978
13a_features_tempo_real__w60__cobertura_30s__mean,82,116,25.378923143418163,25.837220117259584,25.145502645502646,25.745967741935484,-0.45829697384142065,-0.20266047752906494,0.09497799063809594,0.20266047752906494
05_estrutura_eventos_enriquecidos__w60__gate_continuidade__true_pct,51,65,61.9222335398806,66.81746031746032,60.0,66.66666666666666,-4.895226777579715,-0.202535970840539,0.046703954823304125,0.202535970840539
06_evolucao_score_eventos__w60__gate_continuidade__true_pct,51,65,61.9222335398806,66.81746031746032,60.0,66.66666666666666,-4.895226777579715,-0.202535970840539,0.046703954823304125,0.202535970840539
05_estrutura_eventos_enriquecidos__last__ajuste_estrutura,29,34,5.310344827586207,6.647058823529412,8.0,8.0,-1.3367139959432048,-0.20239763013252432,0.13954143273297054,0.20239763013252432
06_evolucao_score_eventos__last__ajuste_estrutura,29,34,5.310344827586207,6.647058823529412,8.0,8.0,-1.3367139959432048,-0.20239763013252432,0.13954143273297054,0.20239763013252432
estados_c7_dna_fluxo_v5_2__w60__aprovado__true_count,57,81,0.2982456140350877,0.3950617283950617,0.0,0.0,-0.096816114359974,-0.20231761263056505,0.15372040036348056,0.20231761263056505
estados_c7_dna_fluxo_v5_2__w60__aprovado__ever_true,57,81,0.2982456140350877,0.3950617283950617,0.0,0.0,-0.096816114359974,-0.20231761263056505,0.15372040036348056,0.20231761263056505
bloqueios_c7_dna_fluxo_v5_2__w60__gate_delta30__true_pct,49,69,57.18658892128279,64.41328397850137,60.0,71.42857142857143,-7.226695057218578,-0.2021550833841938,0.08890566430628347,0.2021550833841938
estados_c7_dna_fluxo_v5_2__w60__imbalance_atual__min,57,81,0.5304093567251462,0.5944769330734242,0.5,0.5,-0.06406757634827798,-0.20209094567866642,0.08284717841930041,0.20209094567866642
13a_features_tempo_real__w60__cobertura_60s__min,82,116,47.34146341463415,48.23275862068966,45.0,46.0,-0.8912952060555099,-0.2020397069459015,0.09559750834481835,0.2020397069459015
bloqueios_c7_dna_fluxo_v5_2__w60__campanha_pullback__true_pct,49,69,20.578231292517007,13.457556935817806,0.0,0.0,7.120674356699201,0.20145370504388063,-0.10624253994079313,0.20145370504388063
05_estrutura_eventos_enriquecidos__w60__spread_pct_60__mean,51,65,0.5315488317630661,0.4773671588106058,0.5937060143607541,0.5333333333333333,0.05418167295246029,0.20134788556556715,-0.01608914039878725,0.20134788556556715
06_evolucao_score_eventos__w60__spread_pct_60__mean,51,65,0.5315488317630661,0.4773671588106058,0.5937060143607541,0.5333333333333333,0.05418167295246029,0.20134788556556715,-0.01608914039878725,0.20134788556556715
estados_c7_dna_fluxo_v5_2__w60__ultimo_topo__slope,45,67,0.17955507455502007,-0.2521289655619091,0.2916666666674902,-0.15000000000521463,0.4316840401169292,0.20116508674639738,-0.12974162873692766,0.20116508674639738
13a_features_tempo_real__w60__cobertura_15s__first,82,116,12.829268292682928,13.14655172413793,13.0,13.0,-0.31728343145500304,-0.2006768754721749,0.08840281062891228,0.2006768754721749
estados_c7_dna_fluxo_v5_2__w60__campanha_ativa__last,57,81,0.21052631578947367,0.13580246913580246,0.0,0.0,0.07472384665367121,0.2005051207894548,-0.10235819272522599,0.2005051207894548
bloqueios_c7_dna_fluxo_v5_2__w60__campanha_ativa__last,49,69,0.20408163265306123,0.13043478260869565,0.0,0.0,0.07364685004436558,0.20037419281586322,-0.10967966540713675,0.20037419281586322
bloqueios_c7_dna_fluxo_v5_2__w60__campanha_pullback__first,49,69,0.20408163265306123,0.13043478260869565,0.0,0.0,0.07364685004436558,0.20037419281586322,-0.1096796654071368,0.20037419281586322
07_bloqueios_auditoria_completa__w60__salvou_loss_60s__last,43,54,0.5813953488372093,0.48148148148148145,1.0,0.0,0.09991386735572788,0.20009373910853887,-0.053919376346745686,0.20009373910853887
05_estrutura_eventos_enriquecidos__w60__spread_pct_5__std,51,65,0.13320883408646833,0.11618772549267618,0.1486175115207373,0.11607285202803025,0.017021108593792147,0.19969693864186738,-0.15966267877329418,0.19969693864186738
06_evolucao_score_eventos__w60__spread_pct_5__std,51,65,0.13320883408646833,0.11618772549267618,0.1486175115207373,0.11607285202803025,0.017021108593792147,0.19969693864186738,-0.15966267877329418,0.19969693864186738
07_bloqueios_auditoria_completa__w60__max_alta_30s__first,43,54,468.6046511627907,365.27777777777777,275.0,287.5,103.3268733850129,0.199650065676018,-0.16147192429872123,0.199650065676018
estado_mercado_tempo_real__w60__agressor_compra__slope,82,116,-0.0031256405001024784,0.004610692810623419,-1.3997614105346056e-18,0.0,-0.007736333310725897,-0.1996038270041552,0.1274189149201786,0.1996038270041552
05_estrutura_eventos_enriquecidos__w60__ajuste_estrutura_venda__last,51,65,1.7647058823529411,3.292307692307692,-2.0,8.0,-1.527601809954751,-0.19958803889464538,0.03870705104911272,0.19958803889464538
06_evolucao_score_eventos__w60__ajuste_estrutura_venda__last,51,65,1.7647058823529411,3.292307692307692,-2.0,8.0,-1.527601809954751,-0.19958803889464538,0.03870705104911272,0.19958803889464538
estados_c7_dna_fluxo_v5_2__last__ajuste_estrutura_venda,34,46,2.411764705882353,3.9130434782608696,1.0,8.0,-1.5012787723785168,-0.19950768676090924,0.10748122012703765,0.19950768676090924
07_bloqueios_auditoria_completa__w60__f_score__std,43,54,6.449932988909733,5.554356128314182,6.128258770283411,5.267760828513074,0.8955768605955514,0.19944988948826178,-0.12154798561567397,0.19944988948826178
07_bloqueios_auditoria_completa__w60__score__std,43,54,6.449932988909733,5.554356128314182,6.128258770283411,5.267760828513074,0.8955768605955514,0.19944988948826178,-0.12154798561567397,0.19944988948826178
estados_c7_dna_fluxo_v5_2__w60__vel_anterior__delta,57,81,0.1426897878224673,-0.08247693246988062,0.0,0.0,0.2251667202923479,0.19940770462935353,-0.07674818463293497,0.19940770462935353
07_bloqueios_auditoria_completa__w60__score_compra_base__first,43,54,45.7906976744186,39.925925925925924,54.0,30.5,5.864771748492679,0.1992288107569313,-0.04435517001172957,0.1992288107569313
07_bloqueios_auditoria_completa__w60__gate_continuidade__changed,43,54,0.20930232558139536,0.2962962962962963,0.0,0.0,-0.08699397071490092,-0.1988953527213495,0.04523604977762604,0.1988953527213495
05_estrutura_eventos_enriquecidos__w60__rompimento_venda__std,51,65,3.7011809540428677,3.1886843434362078,3.2757394203446646,3.001952489630707,0.51249661060666,0.19828491218000416,-0.050918176875286554,0.19828491218000416
06_evolucao_score_eventos__w60__rompimento_venda__std,51,65,3.7011809540428677,3.1886843434362078,3.2757394203446646,3.001952489630707,0.51249661060666,0.19828491218000416,-0.050918176875286554,0.19828491218000416
estado_mercado_tempo_real__w60__spread_qt__mean,82,116,1.7157491626592045,1.6355955224852516,1.703125,1.6291666666666667,0.08015364017395288,0.19788962603972374,-0.06677140776690998,0.19788962603972374
06_evolucao_score_eventos__w60__score_variacao_15__slope,39,53,-0.01859251859251934,1.7320795556644606,-0.7833333333333319,0.321428571428572,-1.75067207425698,-0.1975189745348244,0.10164067926628516,0.1975189745348244
07_bloqueios_auditoria_completa__last__qtd_hard_gates_ok,17,17,5.176470588235294,5.294117647058823,5.0,5.0,-0.117647058823529,-0.19706585563285792,0.0776851795244802,0.19706585563285792
bloqueios_c7_dna_fluxo_v5_2__w60__ajuste_estrutura_compra__slope,32,41,0.7540178571428569,0.17552528772040954,0.27142857142857146,-5.138366118862833e-17,0.5784925694224473,0.19669166084323772,-0.11975909685294725,0.19669166084323772
13a_features_tempo_real__w60__cobertura_30s__max,82,116,27.304878048780488,27.74137931034483,27.0,28.0,-0.43650126156434155,-0.1965265977866947,0.07277731094466572,0.1965265977866947
bloqueios_c7_dna_fluxo_v5_2__w60__campanha_entradas__last,49,69,0.2857142857142857,0.17391304347826086,0.0,0.0,0.11180124223602483,0.19631417974053822,-0.06907924825046029,0.19631417974053822
estados_c7_dna_fluxo_v5_2__last__ajuste_estrutura_compra,34,46,1.588235294117647,0.08695652173913043,3.0,-4.0,1.5012787723785166,0.196242447483869,-0.0974940603553058,0.196242447483869
13a_features_tempo_real__last__pre_30s_spread_minimo,82,116,1.0663783230094204,1.0060009417814133,1.0192307692307692,1.0,0.060377381228007065,0.1961106516956918,-0.07459671086620609,0.1961106516956918
13a_features_tempo_real__w60__pre_30s_spread_minimo__last,82,116,1.0663783230094204,1.0060009417814133,1.0192307692307692,1.0,0.060377381228007065,0.1961106516956918,-0.07459671086620609,0.1961106516956918
05_estrutura_eventos_enriquecidos__w60__sucesso250_60s__true_pct,51,65,62.53140650199473,56.59340659340659,66.66666666666666,66.66666666666666,5.937999908588139,0.19605839394923463,-0.12898662484401024,0.19605839394923463
bloqueios_c7_dna_fluxo_v5_2__w60__hard_gates_ok__true_pct,49,69,0.0,0.9316770186335402,0.0,0.0,-0.9316770186335402,-0.19589677552024,0.05872817545653215,0.19589677552024
bloqueios_c7_dna_fluxo_v5_2__w60__hard_gates_venda_ok__true_pct,49,69,0.0,0.9316770186335402,0.0,0.0,-0.9316770186335402,-0.19589677552024,0.05872817545653215,0.19589677552024
13a_features_tempo_real__w60__adv_delta_spread_minimo_15s_30s__first,82,116,0.11258597150365442,0.07760914504178586,0.0,0.0,0.03497682646186856,0.1956547355808527,-0.1142603336292746,0.1956547355808527
05_estrutura_eventos_enriquecidos__w60__aceleracao__slope,39,53,0.04395392889523661,-0.025460045067682728,-0.0025997604032180744,-0.008011058196731806,0.06941397396291935,0.19559909867978292,-0.05135541091378076,0.19559909867978292
05_estrutura_eventos_enriquecidos__w60__f_aceleracao__slope,39,53,0.04395392889523661,-0.025460045067682728,-0.0025997604032180744,-0.008011058196731806,0.06941397396291935,0.19559909867978292,-0.05135541091378076,0.19559909867978292
06_evolucao_score_eventos__w60__aceleracao__slope,39,53,0.04395392889523661,-0.025460045067682728,-0.0025997604032180744,-0.008011058196731806,0.06941397396291935,0.19559909867978292,-0.05135541091378076,0.19559909867978292
06_evolucao_score_eventos__w60__f_aceleracao__slope,39,53,0.04395392889523661,-0.025460045067682728,-0.0025997604032180744,-0.008011058196731806,0.06941397396291935,0.19559909867978292,-0.05135541091378076,0.19559909867978292
estados_c7_dna_fluxo_v5_2__w60__compra30__last,57,81,201.96491228070175,263.2345679012346,132.0,134.0,-61.26965562053283,-0.19541416734547112,0.1474488520011387,0.19541416734547112
05_estrutura_eventos_enriquecidos__w60__ajuste_estrutura_compra__mean,51,65,2.5399541634835754,1.257960927960928,4.0,1.1111111111111112,1.2819932355226473,0.19535689023160444,0.00048442483267295143,0.19535689023160444
06_evolucao_score_eventos__w60__ajuste_estrutura_compra__mean,51,65,2.5399541634835754,1.257960927960928,4.0,1.1111111111111112,1.2819932355226473,0.19535689023160444,0.00048442483267295143,0.19535689023160444
estados_c7_dna_fluxo_v5_2__w60__aprovado__changed,57,81,0.21052631578947367,0.2962962962962963,0.0,0.0,-0.08576998050682261,-0.19532735155797165,0.10403159681619223,0.19532735155797165
07_bloqueios_auditoria_completa__w60__mov_contra_30s__delta,43,54,-61.04651162790697,73.14814814814815,0.0,0.0,-134.19465977605512,-0.19474701012033366,0.12636699740071258,0.19474701012033366
bloqueios_c7_dna_fluxo_v5_2__w60__diferenca_score__slope,32,41,-1.4479910714285746,0.008526026818708886,-1.000000000000003,0.7666666666666692,-1.4565170982472835,-0.19458391755308052,0.145409439462489,0.19458391755308052
07_bloqueios_auditoria_completa__w60__campanha_entradas__mean,43,54,0.28682170542635654,0.18253968253968256,0.0,0.0,0.10428202288667399,0.19431805813432265,-0.06695464980816093,0.19431805813432265
05_estrutura_eventos_enriquecidos__w60__delta10__std,51,65,14.811979126305731,12.5245021956365,12.203995247458924,11.691507944858582,2.2874769306692304,0.19418219117218016,-0.04981102551176494,0.19418219117218016
06_evolucao_score_eventos__w60__delta10__std,51,65,14.811979126305731,12.5245021956365,12.203995247458924,11.691507944858582,2.2874769306692304,0.19418219117218016,-0.04981102551176494,0.19418219117218016
estados_c7_dna_fluxo_v5_2__w60__campanha_ativa__all_true,57,81,0.19298245614035087,0.12345679012345678,0.0,0.0,0.06952566601689408,0.19356269758257602,-0.11394181865413719,0.19356269758257602
05_estrutura_eventos_enriquecidos__w60__delta10__min,51,65,-26.58823529411765,-20.923076923076923,-20.0,-19.0,-5.665158371040725,-0.19320534223993535,0.10111153587298154,0.19320534223993535
06_evolucao_score_eventos__w60__delta10__min,51,65,-26.58823529411765,-20.923076923076923,-20.0,-19.0,-5.665158371040725,-0.19320534223993535,0.10111153587298154,0.19320534223993535
05_estrutura_eventos_enriquecidos__w60__max_baixa_30s__slope,39,53,49.37465312465313,23.656170873152014,42.500000000000014,0.0,25.718482251501115,0.19310596898934632,-0.04423200650717655,0.19310596898934632
06_evolucao_score_eventos__w60__max_baixa_30s__slope,39,53,49.37465312465313,23.656170873152014,42.500000000000014,0.0,25.718482251501115,0.19310596898934632,-0.04423200650717655,0.19310596898934632
estados_c7_dna_fluxo_v5_2__w60__spread_medio_30__first,57,81,1.6118132640539697,1.547839566587173,1.5732142857142857,1.51875,0.06397369746679682,0.19305146660189176,-0.010499196506557163,0.19305146660189176
06_evolucao_score_eventos__w60__score_velocidade_5__min,51,65,-0.6035240912723685,-0.467873200305,-0.59375,-0.6363636363636364,-0.1356508909673685,-0.1929666402499507,0.11660402118138988,0.1929666402499507
estados_c7_dna_fluxo_v5_2__w60__score_oposto__last,57,81,18.035087719298247,15.45679012345679,15.0,14.0,2.578297595841457,0.1925768302054783,-0.07566797067084836,0.1925768302054783
bloqueios_c7_dna_fluxo_v5_2__w60__gate_delta30__all_true,49,69,0.2857142857142857,0.37681159420289856,0.0,0.0,-0.09109730848861286,-0.19244660590128035,0.06452871550742996,0.19244660590128035
13a_features_tempo_real__w60__pre_15s_spread_medio__min,82,116,1.43885816185457,1.3755087322506474,1.4425152625152622,1.450355294089158,0.06334942960392254,0.19242426945612678,-0.07644824479337366,0.19242426945612678
13a_features_tempo_real__w60__adv_z_pre_15s_spread_medio__min,82,116,0.6069276564930731,0.46744660863769305,0.6149797610732604,0.6322417289549496,0.13948104785538007,0.1924242694561267,-0.07644824479337385,0.1924242694561267
05_estrutura_eventos_enriquecidos__w60__spread_pct_30__first,51,65,0.5294821468518739,0.47580498424545015,0.5319767441860465,0.4793103448275862,0.053677162606423745,0.19201127559102774,-0.008557044100940787,0.19201127559102774
06_evolucao_score_eventos__w60__spread_pct_30__first,51,65,0.5294821468518739,0.47580498424545015,0.5319767441860465,0.4793103448275862,0.053677162606423745,0.19201127559102774,-0.008557044100940787,0.19201127559102774
bloqueios_c7_dna_fluxo_v5_2__last__vel15,20,22,0.1121288597007257,0.014996199584332293,0.041971104771414705,-0.105161630417693,0.0971326601163934,0.19171619714796395,-0.05730297204681295,0.19171619714796395
estado_mercado_tempo_real__w60__delta_agressor__last,82,116,-0.13414634146341464,-0.008620689655172414,0.0,0.0,-0.12552565180824224,-0.1912757897167128,0.143678769953292,0.1912757897167128
estados_c7_dna_fluxo_v5_2__last__spread_atual,34,46,1.7720588235294117,1.6793478260869565,1.75,1.75,0.09271099744245515,0.19063127932447207,-0.11207008776250695,0.19063127932447207
estados_c7_dna_fluxo_v5_2__w60__diferenca_score__first,57,81,51.29824561403509,45.79012345679013,55.0,41.0,5.508122157244962,0.19059293095031205,0.012111351506279096,0.19059293095031205
07_bloqueios_auditoria_completa__w60__base__delta,43,54,2.186046511627907,0.5324074074074074,0.75,0.0,1.6536391042204994,0.19051286428068911,-0.08224932668094154,0.19051286428068911
07_bloqueios_auditoria_completa__w60__preco__delta,43,54,2.186046511627907,0.5324074074074074,0.75,0.0,1.6536391042204994,0.19051286428068911,-0.08224932668094154,0.19051286428068911
07_bloqueios_auditoria_completa__w60__preco_2__delta,43,54,2.186046511627907,0.5324074074074074,0.75,0.0,1.6536391042204994,0.19051286428068911,-0.08224932668094154,0.19051286428068911
estados_c7_dna_fluxo_v5_2__w60__saldo30__min,57,81,-69.45614035087719,-47.17283950617284,-60.0,-38.0,-22.28330084470435,-0.1904111974182795,0.0533805815273616,0.1904111974182795
07_bloqueios_auditoria_completa__w60__f_spread__slope,27,30,0.09074074074074055,-0.01571428571428579,0.0,0.0,0.10645502645502634,0.1902827504020564,-0.062098692143244406,0.1902827504020564
07_bloqueios_auditoria_completa__w60__score_spread__slope,27,30,0.09074074074074055,-0.01571428571428579,0.0,0.0,0.10645502645502634,0.1902827504020564,-0.062098692143244406,0.1902827504020564
estados_c7_dna_fluxo_v5_2__w60__spread_pct_30__std,57,81,0.05758865125035107,0.04893836891095857,0.054758688465824226,0.037330512684317925,0.008650282339392502,0.1896457693728468,-0.08829052023584429,0.1896457693728468
estados_c7_dna_fluxo_v5_2__w60__spread_max_30__std,57,81,0.3787761121557604,0.2793767524533551,0.17179606773406922,0.14163943093313291,0.09939935970240532,0.18946373244262166,-0.004508244878455692,0.18946373244262166
estado_mercado_tempo_real__last__spread_qt,81,110,1.7592592592592593,1.675,1.75,1.75,0.08425925925925926,0.18932732326159377,-0.027628261811032503,0.18932732326159377
estados_c7_dna_fluxo_v5_2__w60__campanha_entradas__first,57,81,0.2982456140350877,0.19753086419753085,0.0,0.0,0.10071474983755685,0.18918903226006867,-0.061924791407424594,0.18918903226006867
estados_c7_dna_fluxo_v5_2__w60__campanha_ativa__ever_true,57,81,0.2631578947368421,0.18518518518518517,0.0,0.0,0.07797270955165692,0.18903804076380173,-0.08915152637514619,0.18903804076380173
13a_features_tempo_real__w60__cobertura_15s__mean,82,116,12.86897869985985,13.079989399258398,12.807366189719131,13.032161234991424,-0.21101069939854789,-0.18895481617118853,0.11747538020182943,0.18895481617118853
estados_c7_dna_fluxo_v5_2__w60__compra10__min,57,81,42.0,58.34567901234568,20.0,20.0,-16.345679012345677,-0.18835049457117647,0.12571364540242805,0.18835049457117647
bloqueios_c7_dna_fluxo_v5_2__w60__continuidade_2s__first,49,69,0.5102040816326531,-0.07608695652173914,0.25,0.0,0.5862910381543922,0.18806959146637509,-0.04103642740621082,0.18806959146637509
05_estrutura_eventos_enriquecidos__w60__favor_120s__mean,51,65,1133.9240089975385,912.1185897435897,695.0,677.5,221.8054192539488,0.18804212318366528,-0.072604333932605,0.18804212318366528
estados_c7_dna_fluxo_v5_2__w60__gate_saldo30__transitions,57,81,1.736842105263158,1.4444444444444444,2.0,1.0,0.29239766081871355,0.18797355074011396,-0.0830441765979089,0.18797355074011396
05_estrutura_eventos_enriquecidos__w60__spread_max_30__last,51,65,2.872549019607843,2.65,2.5,2.5,0.22254901960784323,0.18792229450355763,-0.01386682787584221,0.18792229450355763
06_evolucao_score_eventos__w60__spread_max_30__last,51,65,2.872549019607843,2.65,2.5,2.5,0.22254901960784323,0.18792229450355763,-0.01386682787584221,0.18792229450355763
estados_c7_dna_fluxo_v5_2__w60__rompimento_compra__delta,57,81,3.1403508771929824,1.2623456790123457,2.25,0.0,1.8780051981806367,0.18791894080897928,-0.11090089952117752,0.18791894080897928
07_bloqueios_auditoria_completa__w60__continuidade_2s__min,43,54,-1.8430232558139534,-1.4351851851851851,-1.75,-1.25,-0.4078380706287683,-0.18766270407829844,0.14999160871779998,0.18766270407829844
07_bloqueios_auditoria_completa__w60__ajuste_estrutura_venda__delta,43,54,-1.3488372093023255,0.14814814814814814,0.0,0.0,-1.4969853574504737,-0.1874521820886857,0.137728067284899,0.1874521820886857
07_bloqueios_auditoria_completa__w60__diferenca_score__delta,43,54,-3.558139534883721,0.2037037037037037,0.0,0.0,-3.7618432385874248,-0.1869771803907984,0.08604567076380992,0.1869771803907984
estados_c7_dna_fluxo_v5_2__w60__spread_pct_5__first,57,81,0.47979005859363194,0.41669198304944655,0.4680851063829787,0.4842105263157895,0.0630980755441854,0.18697159728231832,-0.04775345679105176,0.18697159728231832
07_bloqueios_auditoria_completa__w60__gate_delta30__true_pct,43,54,54.97785160575859,61.89434022767355,57.14285714285714,69.04761904761904,-6.916488621914965,-0.18668449689314667,0.09289194263340704,0.18668449689314667
07_bloqueios_auditoria_completa__w60__mov_favor_30s__std,43,54,230.16890631934646,191.26922267966748,184.5602882529175,147.1891088518264,38.89968363967898,0.18660996278906783,-0.09473765875018021,0.18660996278906783
bloqueios_c7_dna_fluxo_v5_2__w60__gate_aceleracao__changed,49,69,0.40816326530612246,0.3188405797101449,0.0,0.0,0.08932268559597756,0.18655733886516607,-0.0658712453025839,0.18655733886516607
estados_c7_dna_fluxo_v5_2__last__spread_pct_5,34,46,0.45883579350341885,0.3993949376518131,0.42481203007518786,0.4299719887955181,0.059440855851605745,0.18633957930222889,-0.10906994610729437,0.18633957930222889
estados_c7_dna_fluxo_v5_2__w60__score_base_dna__first,57,81,63.56140350877193,59.80246913580247,60.0,57.0,3.7589343729694633,0.18604277937908217,-0.007471518695219184,0.18604277937908217
13a_features_tempo_real__w60__adv_ratio_volatilidade_close_pontos_15s_60s__first,82,116,1.0045640953927537,1.0571843651375799,0.9468944367544638,1.052872905175891,-0.05262026974482614,-0.18598916917094976,0.09153108415111666,0.18598916917094976
07_bloqueios_auditoria_completa__w60__score_venda_base__last,43,54,38.97674418604651,44.77777777777778,29.0,55.0,-5.801033591731269,-0.18578875709401535,0.020738108157550585,0.18578875709401535
05_estrutura_eventos_enriquecidos__w60__imbalance_atual__min,51,65,0.5359477124183007,0.5959379217273953,0.5,0.5,-0.0599902093090946,-0.1857731030329042,0.07443039881935978,0.1857731030329042
06_evolucao_score_eventos__w60__imbalance_atual__min,51,65,0.5359477124183007,0.5959379217273953,0.5,0.5,-0.0599902093090946,-0.1857731030329042,0.07443039881935978,0.1857731030329042
07_bloqueios_auditoria_completa__w60__max_alta_30s__min,43,54,245.34883720930233,152.3148148148148,0.0,0.0,93.03402239448752,0.18551291824900035,-0.14294228775317172,0.18551291824900035
bloqueios_c7_dna_fluxo_v5_2__w60__preco__delta,49,69,1.8316326530612246,-0.04710144927536232,0.5,0.0,1.8787341023365869,0.1854582109219998,-0.07980429085927802,0.1854582109219998
estados_c7_dna_fluxo_v5_2__w60__score__first,57,81,69.15789473684211,65.44444444444444,69.0,63.0,3.713450292397667,0.1853053982288256,0.0022393445281609827,0.1853053982288256
estados_c7_dna_fluxo_v5_2__w60__amplitude_swings__min,57,81,10.596491228070175,9.700617283950617,8.5,8.5,0.8958739441195576,0.18521926003578995,-0.042133456361167845,0.18521926003578995
estados_c7_dna_fluxo_v5_2__w60__desloc15__delta,57,81,1.6973684210526316,-0.4876543209876543,0.0,0.0,2.185022742040286,0.18514640664072543,-0.0604355357071837,0.18514640664072543
05_estrutura_eventos_enriquecidos__w60__vel5__slope,39,53,0.03979698340387524,-0.012588847996423064,0.022009070400435073,0.027030688704001615,0.0523858314002983,0.18497816981561413,-0.004240059376886696,0.18497816981561413
06_evolucao_score_eventos__w60__vel5__slope,39,53,0.03979698340387524,-0.012588847996423064,0.022009070400435073,0.027030688704001615,0.0523858314002983,0.18497816981561413,-0.004240059376886696,0.18497816981561413
07_bloqueios_auditoria_completa__w60__mov_favor_120s__min,43,54,478.48837209302326,639.3518518518518,75.0,462.5,-160.8634797588286,-0.18496306783719108,0.039803755309141195,0.18496306783719108
bloqueios_c7_dna_fluxo_v5_2__w60__ajuste_estrutura_compra__first,49,69,2.693877551020408,1.2463768115942029,8.0,-2.0,1.4475007394262052,0.18467713665171695,0.007142252695590194,0.18467713665171695
13a_features_tempo_real__w60__cobertura_60s__slope,75,108,-0.0045461944839217516,0.04504959876657226,0.04874925296678925,0.033673185625751674,-0.049595793250494014,-0.18463982735929899,0.08593850119119228,0.18463982735929899
bloqueios_c7_dna_fluxo_v5_2__w60__vel15__max,49,69,0.4105826461028079,0.31010935455546695,0.458909912454109,0.2396603670227335,0.10047329154734097,0.18447169764886753,-0.029279825360463488,0.18447169764886753
05_estrutura_eventos_enriquecidos__w60__venda30__max,51,65,201.4313725490196,181.63076923076923,176.0,158.0,19.80060331825038,0.18436166249507602,-0.06854669565195787,0.18436166249507602
06_evolucao_score_eventos__w60__venda30__max,51,65,201.4313725490196,181.63076923076923,176.0,158.0,19.80060331825038,0.18436166249507602,-0.06854669565195787,0.18436166249507602
estados_c7_dna_fluxo_v5_2__w60__venda10__min,57,81,42.35087719298246,57.629629629629626,20.0,21.0,-15.278752436647167,-0.18419279631535918,0.11551371158487608,0.18419279631535918
estados_c7_dna_fluxo_v5_2__w60__gate_continuidade__true_pct,57,81,62.46063390800232,66.702919851068,66.66666666666666,66.66666666666666,-4.242285943065681,-0.18408873504100365,0.03953282778149012,0.18408873504100365
estados_c7_dna_fluxo_v5_2__w60__spread_pct_15__max,57,81,0.5818829784244977,0.5214739000596579,0.6610169491525424,0.5684803001876173,0.060409078364839774,0.18387333677978512,-0.04091902346829938,0.18387333677978512
07_bloqueios_auditoria_completa__w60__f_velocidade__mean,43,54,0.04534661504313044,-0.026163195712662457,0.06467551890861238,-0.062354928008328224,0.0715098107557929,0.1837873871870018,-0.10345473550658701,0.1837873871870018
07_bloqueios_auditoria_completa__w60__vel15__mean,43,54,0.04534661504313044,-0.026163195712662457,0.06467551890861238,-0.062354928008328224,0.0715098107557929,0.1837873871870018,-0.10345473550658701,0.1837873871870018
estados_c7_dna_fluxo_v5_2__w60__ticks_s__last,57,81,107.2311593350695,127.07566556601377,79.02799053056677,89.03467666354264,-19.844506230944262,-0.18372940574208435,0.14706763771863976,0.18372940574208435
05_estrutura_eventos_enriquecidos__w60__gate_saldo30__true_pct,51,65,78.70844297314886,74.21306471306472,81.81818181818183,77.77777777777779,4.495378260084138,0.18368035258451004,-0.020596160370980793,0.18368035258451004
06_evolucao_score_eventos__w60__gate_saldo30__true_pct,51,65,78.70844297314886,74.21306471306472,81.81818181818183,77.77777777777779,4.495378260084138,0.18368035258451004,-0.020596160370980793,0.18368035258451004
estados_c7_dna_fluxo_v5_2__w60__spread_pct_15__first,57,81,0.4731120169113731,0.4167688943160129,0.5252100840336135,0.4315068493150685,0.05634312259536023,0.18355661783203356,-0.030411952408687458,0.18355661783203356
bloqueios_c7_dna_fluxo_v5_2__w60__rompimento_venda__first,49,69,-9.418367346938776,-7.797101449275362,-8.0,-5.5,-1.621265897663414,-0.18335797165563736,0.01667171367209858,0.18335797165563736
07_bloqueios_auditoria_completa__w60__hard_gates_ok__first,43,54,0.0,0.018518518518518517,0.0,0.0,-0.018518518518518517,-0.18333372303238296,0.15481352684766908,0.18333372303238296
07_bloqueios_auditoria_completa__w60__hard_gates_venda_ok__first,43,54,0.0,0.018518518518518517,0.0,0.0,-0.018518518518518517,-0.18333372303238296,0.15481352684766908,0.18333372303238296
07_bloqueios_auditoria_completa__w60__hard_gates_ok__last,43,54,0.0,0.018518518518518517,0.0,0.0,-0.018518518518518517,-0.18333372303238293,0.03130225525708192,0.18333372303238293
07_bloqueios_auditoria_completa__w60__hard_gates_venda_ok__last,43,54,0.0,0.018518518518518517,0.0,0.0,-0.018518518518518517,-0.18333372303238293,0.03130225525708192,0.18333372303238293
bloqueios_c7_dna_fluxo_v5_2__w60__qtd_hard_gates_compra_ok__first,49,69,3.693877551020408,3.3768115942028984,4.0,3.0,0.3170659568175096,0.1831897268065118,-0.038789392014736704,0.1831897268065118
07_bloqueios_auditoria_completa__w60__desloc_120s__std,43,54,435.0703598333909,355.1294005043611,339.85801774008837,203.13756743142218,79.9409593290298,0.1829613098891003,-0.011627438847262422,0.1829613098891003
05_estrutura_eventos_enriquecidos__w60__favor_60s__first,51,65,777.9411764705883,578.8461538461538,375.0,375.0,199.09502262443448,0.18240434222802077,-0.030020107536994547,0.18240434222802077
05_estrutura_eventos_enriquecidos__w60__saldo10__min,51,65,-41.03921568627451,-30.907692307692308,-32.0,-24.0,-10.131523378582202,-0.18229358096637913,0.10207829938232629,0.18229358096637913
06_evolucao_score_eventos__w60__saldo10__min,51,65,-41.03921568627451,-30.907692307692308,-32.0,-24.0,-10.131523378582202,-0.18229358096637913,0.10207829938232629,0.18229358096637913
bloqueios_c7_dna_fluxo_v5_2__w60__gate_continuidade__true_pct,49,69,73.90184645286686,68.38854382332643,80.0,75.0,5.5133026295404335,0.1822234407565021,-0.10214979503102038,0.1822234407565021
estados_c7_dna_fluxo_v5_2__w60__preco__delta,57,81,1.763157894736842,-0.4567901234567901,1.25,0.0,2.219948018193632,0.18205832429690105,-0.09446447405295341,0.18205832429690105
05_estrutura_eventos_enriquecidos__w60__spread_pct_60__min,51,65,0.4823970268190567,0.4327377523338222,0.5513428120063191,0.4375,0.049659274485234495,0.18198275828594423,-0.013184978769938543,0.18198275828594423
06_evolucao_score_eventos__w60__spread_pct_60__min,51,65,0.4823970268190567,0.4327377523338222,0.5513428120063191,0.4375,0.049659274485234495,0.18198275828594423,-0.013184978769938543,0.18198275828594423
estados_c7_dna_fluxo_v5_2__w60__spread_pct_5__max,57,81,0.6440240514219824,0.5799428617790696,0.8,0.7222222222222222,0.06408118964291276,0.18191861877814827,-0.07011564102376118,0.18191861877814827
estados_c7_dna_fluxo_v5_2__w60__score__delta,57,81,1.9824561403508771,7.098765432098766,2.0,5.0,-5.116309291747889,-0.18190504175912314,0.04337911444091752,0.18190504175912314
05_estrutura_eventos_enriquecidos__w60__gate_rompimento__first,51,65,0.29411764705882354,0.2153846153846154,0.0,0.0,0.07873303167420814,0.18182614812487763,0.043458337991514114,0.18182614812487763
06_evolucao_score_eventos__w60__gate_rompimento__first,51,65,0.29411764705882354,0.2153846153846154,0.0,0.0,0.07873303167420814,0.18182614812487763,0.043458337991514114,0.18182614812487763
estados_c7_dna_fluxo_v5_2__w60__vel15__delta,57,81,0.11078955478457363,-0.03834025251426203,0.0,0.0,0.14912980729883565,0.1815193151101403,-0.06363695071585683,0.1815193151101403
13a_features_tempo_real__w60__pre_30s_spread_minimo__min,82,116,0.8360196279729136,0.7829117452189737,0.8333333333333334,0.8333333333333334,0.05310788275393996,0.1815036001355023,-0.03065543204561321,0.1815036001355023
estados_c7_dna_fluxo_v5_2__w60__spread_medio_30__mean,57,81,1.603363013639061,1.5421695553901043,1.5805736657535303,1.5040980086731628,0.061193458248956834,0.18149665954263766,-0.02171156926432569,0.18149665954263766
bloqueios_c7_dna_fluxo_v5_2__w60__qtd_hard_gates_venda_ok__mean,49,69,3.306754130223518,3.572379070205157,3.5,3.6666666666666665,-0.26562493998163905,-0.1811863016161673,0.019820599612542247,0.1811863016161673
07_bloqueios_auditoria_completa__w60__salvou_loss_30s__last,43,54,0.5348837209302325,0.4444444444444444,1.0,0.0,0.09043927648578809,0.1809651230516074,-0.07501966200879003,0.1809651230516074
13a_features_tempo_real__last__cobertura_60s,82,116,49.829268292682926,50.66379310344828,49.5,49.0,-0.8345248107653518,-0.18091661832738118,0.08302959909844604,0.18091661832738118
13a_features_tempo_real__w60__cobertura_60s__last,82,116,49.829268292682926,50.66379310344828,49.5,49.0,-0.8345248107653518,-0.18091661832738118,0.08302959909844604,0.18091661832738118
05_estrutura_eventos_enriquecidos__w60__delta30__min,51,65,-35.86274509803921,-27.43076923076923,-34.0,-24.0,-8.431975867269983,-0.1808271349598255,0.07208862466389351,0.1808271349598255
05_estrutura_eventos_enriquecidos__w60__f_delta__min,51,65,-35.86274509803921,-27.43076923076923,-34.0,-24.0,-8.431975867269983,-0.1808271349598255,0.07208862466389351,0.1808271349598255
06_evolucao_score_eventos__w60__delta30__min,51,65,-35.86274509803921,-27.43076923076923,-34.0,-24.0,-8.431975867269983,-0.1808271349598255,0.07208862466389351,0.1808271349598255
06_evolucao_score_eventos__w60__f_delta__min,51,65,-35.86274509803921,-27.43076923076923,-34.0,-24.0,-8.431975867269983,-0.1808271349598255,0.07208862466389351,0.1808271349598255
estados_c7_dna_fluxo_v5_2__w60__confirmacoes_candidata__std,57,81,0.46326515665782386,0.39668990391240677,0.45825756949558394,0.4517539514526256,0.06657525274541709,0.18064316241710587,-0.051760128381483354,0.18064316241710587
05_estrutura_eventos_enriquecidos__w60__vel5__std,51,65,0.6308119826329915,0.5606818909597578,0.6334873108378065,0.5771690421112311,0.0701300916732337,0.18046230640817137,-0.09631794376830702,0.18046230640817137
06_evolucao_score_eventos__w60__vel5__std,51,65,0.6308119826329915,0.5606818909597578,0.6334873108378065,0.5771690421112311,0.0701300916732337,0.18046230640817137,-0.09631794376830702,0.18046230640817137
estado_mercado_tempo_real__w60__spread_qt__max,82,116,2.216463414634146,2.1099137931034484,2.25,2.0,0.1065496215306978,0.18026207826601084,-0.0522198895853095,0.18026207826601084
07_bloqueios_auditoria_completa__w60__gate_aceleracao__true_pct,43,54,65.62015503875968,70.92271925605259,66.66666666666666,75.0,-5.302564217292911,-0.1797300015260827,0.06327778751611093,0.1797300015260827
estados_c7_dna_fluxo_v5_2__w60__spread_pct_60__std,57,81,0.034165102283833904,0.028654859477626755,0.026818877074449785,0.019179894794720955,0.005510242806207148,0.1795809428822223,-0.04202137684902048,0.1795809428822223
07_bloqueios_auditoria_completa__w60__gate_vel15__true_count,43,54,3.0930232558139537,2.7777777777777777,3.0,3.0,0.315245478036176,0.17945361279429325,-0.05937764044313341,0.17945361279429325
estado_mercado_tempo_real__w60__agressor_venda__max,82,116,0.9634146341463414,1.0258620689655173,1.0,1.0,-0.06244743481917592,-0.1793666007171781,0.07483203807472441,0.1793666007171781
estado_mercado_tempo_real__w60__delta_agressor__min,82,116,-0.9634146341463414,-1.0258620689655173,-1.0,-1.0,0.06244743481917592,0.1793666007171781,-0.07483203807472441,0.1793666007171781
estados_c7_dna_fluxo_v5_2__w60__saldo30__max,57,81,48.75438596491228,65.67901234567901,54.0,48.0,-16.924626380766732,-0.17886500436122907,0.11168487212192658,0.17886500436122907
07_bloqueios_auditoria_completa__w60__max_baixa_120s__delta,43,54,118.6046511627907,-3.7037037037037037,0.0,0.0,122.30835486649441,0.17881005056169186,-0.09864065096416491,0.17881005056169186
07_bloqueios_auditoria_completa__w60__mov_favor_60s__last,43,54,886.046511627907,719.9074074074074,600.0,525.0,166.13910422049958,0.17876671177996478,-0.09587133096095926,0.17876671177996478
05_estrutura_eventos_enriquecidos__w60__ultimo_fundo__slope,39,53,0.3227564102561453,-0.027306419995388777,0.12499999999317025,0.07499999999470715,0.3500628302515341,0.17874403804775482,-0.16200076885072884,0.17874403804775482
06_evolucao_score_eventos__w60__ultimo_fundo__slope,39,53,0.3227564102561453,-0.027306419995388777,0.12499999999317025,0.07499999999470715,0.3500628302515341,0.17874403804775482,-0.16200076885072884,0.17874403804775482
estados_c7_dna_fluxo_v5_2__w60__saldo10__min,57,81,-53.68421052631579,-40.48148148148148,-36.0,-28.0,-13.202729044834307,-0.17858046922047505,0.07704912555923822,0.17858046922047505
04_campanhas_individuais__window__n,82,116,0.06097560975609756,0.02586206896551724,0.0,0.0,0.03511354079058032,0.17832737694516246,-0.05374824463928594,0.17832737694516246
estado_mercado_tempo_real__w60__imbalance__mean,82,116,1.1875906163582908,1.1467129307635715,1.1526864035087718,1.1382211538461537,0.04087768559471927,0.17785625996496135,-0.09718634363379897,0.17785625996496135
05_estrutura_eventos_enriquecidos__w60__fundo_anterior__slope,39,53,0.39374098124089685,0.02492955158036581,0.15833333333495714,0.04464285714179995,0.36881142966053104,0.17764377209682433,-0.17252920127739513,0.17764377209682433
06_evolucao_score_eventos__w60__fundo_anterior__slope,39,53,0.39374098124089685,0.02492955158036581,0.15833333333495714,0.04464285714179995,0.36881142966053104,0.17764377209682433,-0.17252920127739513,0.17764377209682433
estado_mercado_tempo_real__w60__agressor_compra__last,82,116,0.14634146341463414,0.21551724137931033,0.0,0.0,-0.0691757779646762,-0.1774620288070466,0.10721067188876908,0.1774620288070466
estado_mercado_tempo_real__w60__score_compra__last,82,116,4.390243902439025,6.4655172413793105,0.0,0.0,-2.0752733389402858,-0.17746202880704656,0.10721067188876915,0.17746202880704656
07_bloqueios_auditoria_completa__w60__qtd_hard_gates_venda_ok__last,43,54,3.186046511627907,3.537037037037037,3.0,4.0,-0.35099052540913034,-0.17712644842761568,0.010769034697187943,0.17712644842761568
bloqueios_c7_dna_fluxo_v5_2__w60__score_compra__first,49,69,49.04081632653061,43.14492753623188,64.0,35.0,5.895888790298727,0.1770216204168662,-0.021790850783336754,0.1770216204168662
estados_c7_dna_fluxo_v5_2__w60__desloc15__first,57,81,-0.8640350877192983,0.9567901234567902,-0.25,1.0,-1.8208252111760883,-0.17669251725141571,0.05396919000771127,0.17669251725141571
13a_features_tempo_real__last__adv_delta_spread_minimo_15s_30s,82,116,0.06127843530123289,0.04575041815538183,0.0,0.0,0.015528017145851059,0.1766617951160414,-0.04139048840026288,0.1766617951160414
13a_features_tempo_real__w60__adv_delta_spread_minimo_15s_30s__last,82,116,0.06127843530123289,0.04575041815538183,0.0,0.0,0.015528017145851059,0.1766617951160414,-0.04139048840026288,0.1766617951160414
07_bloqueios_auditoria_completa__w60__gate_aceleracao__changed,43,54,0.4186046511627907,0.3333333333333333,0.0,0.0,0.0852713178294574,0.17650562130284247,-0.08718978598324777,0.17650562130284247
bloqueios_c7_dna_fluxo_v5_2__w60__diferenca_score__std,49,69,10.9429566617921,9.68913045479064,10.779030568655049,10.370899457402697,1.2538262070014614,0.17625961744143598,-0.0609056747238094,0.17625961744143598
estados_c7_dna_fluxo_v5_2__w60__topo_30s__std,57,81,2.795765060227886,3.5732923673751884,2.161123445214212,2.019436802675439,-0.7775273071473023,-0.17618585337335446,0.1679687320002184,0.17618585337335446
estados_c7_dna_fluxo_v5_2__w60__vel_anterior__first,57,81,-0.09545508037836338,0.06703685760447263,-0.0549450549450549,0.1034554107179805,-0.162491937982836,-0.17586406324925627,0.04761404348226863,0.17586406324925627
07_bloqueios_auditoria_completa__w60__desloc_30s__first,43,54,142.4418604651163,13.88888888888889,-25.0,50.0,128.5529715762274,0.17537280170918007,-0.12965638674639682,0.17537280170918007
bloqueios_c7_dna_fluxo_v5_2__w60__aceleracao__first,49,69,0.17298563241960793,-0.050835393640896086,-0.0534329557614123,0.0286003756722021,0.22382102606050402,0.17537026830228572,-0.06293749857837534,0.17537026830228572
13a_features_tempo_real__w60__adv_z_pre_15s_spread_medio__first,82,116,0.9689253319487995,0.823112719196863,1.0612419981120085,0.9105506144736251,0.14581261275193647,0.17536387490367963,-0.07355241845425295,0.17536387490367963
13a_features_tempo_real__w60__pre_15s_spread_medio__first,82,116,1.6032700773847957,1.5370449809367803,1.6451984126984127,1.5767574786324787,0.06622509644801533,0.17536387490367913,-0.07355241845425314,0.17536387490367913
13a_features_tempo_real__w60__pre_15s_spread_medio__slope,75,108,-0.0016122095056944309,0.0007858264100720033,-0.0003755690479293004,0.000745510997404572,-0.0023980359157664342,-0.17495889787978794,0.08682475713771853,0.17495889787978794
13a_features_tempo_real__w60__adv_z_pre_15s_spread_medio__slope,75,108,-0.0035497189575758943,0.0017302111762421927,-0.0008269176956248897,0.0016414457992098693,-0.005279930133818087,-0.17495889787978794,0.0868247571377185,0.17495889787978794
estados_c7_dna_fluxo_v5_2__w60__compra10__last,57,81,72.21052631578948,94.22222222222223,49.0,38.0,-22.01169590643275,-0.1749478094859689,0.16385083868928466,0.1749478094859689
estados_c7_dna_fluxo_v5_2__w60__gate_rompimento__first,57,81,0.2982456140350877,0.2222222222222222,0.0,0.0,0.07602339181286549,0.17473250125823855,0.03249291789105872,0.17473250125823855
07_bloqueios_auditoria_completa__w60__max_baixa_30s__max,43,54,-81.97674418604652,-138.42592592592592,0.0,0.0,56.44918173987941,0.17432300467673795,-0.11535241081619912,0.17432300467673795
05_estrutura_eventos_enriquecidos__w60__gate_rompimento__changed,51,65,0.47058823529411764,0.38461538461538464,0.0,0.0,0.085972850678733,0.17405394658131648,-0.04344290999951342,0.17405394658131648
06_evolucao_score_eventos__w60__gate_rompimento__changed,51,65,0.47058823529411764,0.38461538461538464,0.0,0.0,0.085972850678733,0.17405394658131648,-0.04344290999951342,0.17405394658131648
estados_c7_dna_fluxo_v5_2__w60__vel15__first,57,81,-0.05395264643000405,0.0710787279340669,-0.0167661457984038,0.06705558908335,-0.12503137436407097,-0.1739343847985227,0.058945851142719066,0.1739343847985227
05_estrutura_eventos_enriquecidos__last__spread_pct_15,29,34,0.5299065694810257,0.4806740462190361,0.5,0.5128571428571429,0.04923252326198957,0.17372394589256396,-0.026703142639070643,0.17372394589256396
06_evolucao_score_eventos__last__spread_pct_15,29,34,0.5299065694810257,0.4806740462190361,0.5,0.5128571428571429,0.04923252326198957,0.17372394589256396,-0.026703142639070643,0.17372394589256396
estados_c7_dna_fluxo_v5_2__w60__compra30__min,57,81,163.35087719298247,212.88888888888889,96.0,92.0,-49.53801169590642,-0.17358138719050806,0.11511919018617613,0.17358138719050806
estados_c7_dna_fluxo_v5_2__w60__campanha_ativa__true_count,57,81,1.2982456140350878,0.8888888888888888,0.0,0.0,0.4093567251461989,0.1733512336334394,-0.09898451417924936,0.1733512336334394
05_estrutura_eventos_enriquecidos__w60__venda10__last,51,65,58.84313725490196,48.753846153846155,38.0,36.0,10.089291101055807,0.1732717530355907,-0.10439306103266023,0.1732717530355907
06_evolucao_score_eventos__w60__venda10__last,51,65,58.84313725490196,48.753846153846155,38.0,36.0,10.089291101055807,0.1732717530355907,-0.10439306103266023,0.1732717530355907
05_estrutura_eventos_enriquecidos__w60__eficiencia_swings__slope,39,53,-0.009203496606994618,-0.003227664621336502,0.0038515406162464945,4.124633097406008e-17,-0.005975831985658116,-0.17306602064839985,0.037952134943256687,0.17306602064839985
06_evolucao_score_eventos__w60__eficiencia_swings__slope,39,53,-0.009203496606994618,-0.003227664621336502,0.0038515406162464945,4.124633097406008e-17,-0.005975831985658116,-0.17306602064839985,0.037952134943256687,0.17306602064839985
estados_c7_dna_fluxo_v5_2__w60__ajuste_estrutura_compra__last,57,81,2.245614035087719,0.8888888888888888,8.0,-2.0,1.3567251461988303,0.173011987620706,-0.047199011757808704,0.173011987620706
07_bloqueios_auditoria_completa__w60__score_base_dna__first,43,54,68.79069767441861,70.79629629629629,69.0,69.0,-2.005598621877681,-0.17297699461433766,0.08183286476004108,0.17297699461433766
05_estrutura_eventos_enriquecidos__w60__score_oposto__std,51,65,8.546150520060685,7.783761471913254,9.874521397997281,8.831760866327848,0.7623890481474307,0.17286981632188372,-0.055721320901962475,0.17286981632188372
06_evolucao_score_eventos__w60__score_oposto__std,51,65,8.546150520060685,7.783761471913254,9.874521397997281,8.831760866327848,0.7623890481474307,0.17286981632188372,-0.055721320901962475,0.17286981632188372
05_estrutura_eventos_enriquecidos__w60__max_baixa_120s__delta,51,65,223.0392156862745,71.15384615384616,175.0,0.0,151.88536953242834,0.17269416647241825,-0.0864860390635532,0.17269416647241825
06_evolucao_score_eventos__w60__max_baixa_120s__delta,51,65,223.0392156862745,71.15384615384616,175.0,0.0,151.88536953242834,0.17269416647241825,-0.0864860390635532,0.17269416647241825
05_estrutura_eventos_enriquecidos__w60__campanha_entradas__last,51,65,0.23529411764705882,0.15384615384615385,0.0,0.0,0.08144796380090497,0.17261054195305697,-0.0801404068380615,0.17261054195305697
06_evolucao_score_eventos__w60__campanha_entradas__last,51,65,0.23529411764705882,0.15384615384615385,0.0,0.0,0.08144796380090497,0.17261054195305697,-0.0801404068380615,0.17261054195305697
estados_c7_dna_fluxo_v5_2__w60__amplitude_swings__std,57,81,2.730784886280016,2.3536385037573377,2.225561726845607,2.0,0.3771463825226782,0.17255155403949415,-0.007906220416124137,0.17255155403949415
bloqueios_c7_dna_fluxo_v5_2__w60__qtd_hard_gates_ok__mean,49,69,5.049173955296404,4.964189514189514,5.0,5.0,0.08498444110689007,0.1723297834629692,-0.08056127276538091,0.1723297834629692
estados_c7_dna_fluxo_v5_2__w60__campanha_ativa__true_pct,57,81,22.082985240879974,15.68440133254948,0.0,0.0,6.398583908330494,0.1722565207734969,-0.08930069438770978,0.1722565207734969
estados_c7_dna_fluxo_v5_2__w60__ajuste_estrutura__max,57,81,11.403508771929825,10.962962962962964,12.0,12.0,0.4405458089668617,0.17221157854066932,-0.07121811040611875,0.17221157854066932
13a_features_tempo_real__w60__pre_15s_volatilidade_close_pontos__delta,82,116,75.18418937596937,56.27799269820888,76.3324559704111,46.72379789586019,18.90619667776049,0.17207887382030024,-0.11006191036224461,0.17207887382030024
07_bloqueios_auditoria_completa__w60__gate_aceleracao__last,43,54,0.7441860465116279,0.8148148148148148,1.0,1.0,-0.07062876830318687,-0.17148925885250937,0.0785922511462851,0.17148925885250937
05_estrutura_eventos_enriquecidos__w60__diferenca_score__last,51,65,54.450980392156865,60.246153846153845,54.0,69.0,-5.795173453996981,-0.17073271126744383,0.10722793175807084,0.17073271126744383
06_evolucao_score_eventos__w60__diferenca_score__last,51,65,54.450980392156865,60.246153846153845,54.0,69.0,-5.795173453996981,-0.17073271126744383,0.10722793175807084,0.17073271126744383
estados_c7_dna_fluxo_v5_2__w60__gate_aceleracao__all_true,57,81,0.12280701754385964,0.18518518518518517,0.0,0.0,-0.06237816764132553,-0.1704006961094045,0.11529605061369826,0.1704006961094045
05_estrutura_eventos_enriquecidos__w60__aprovado__last,51,65,0.27450980392156865,0.35384615384615387,0.0,0.0,-0.07933634992458521,-0.17022204248916026,0.152460115886583,0.17022204248916026
05_estrutura_eventos_enriquecidos__w60__hard_gates_ok__last,51,65,0.27450980392156865,0.35384615384615387,0.0,0.0,-0.07933634992458521,-0.17022204248916026,0.152460115886583,0.17022204248916026
06_evolucao_score_eventos__w60__aprovado__last,51,65,0.27450980392156865,0.35384615384615387,0.0,0.0,-0.07933634992458521,-0.17022204248916026,0.152460115886583,0.17022204248916026
06_evolucao_score_eventos__w60__hard_gates_ok__last,51,65,0.27450980392156865,0.35384615384615387,0.0,0.0,-0.07933634992458521,-0.17022204248916026,0.152460115886583,0.17022204248916026
05_estrutura_eventos_enriquecidos__w60__venda10__max,51,65,88.84313725490196,78.41538461538461,74.0,65.0,10.427752639517351,0.169714656710665,-0.06806906160844532,0.169714656710665
06_evolucao_score_eventos__w60__venda10__max,51,65,88.84313725490196,78.41538461538461,74.0,65.0,10.427752639517351,0.169714656710665,-0.06806906160844532,0.169714656710665
05_estrutura_eventos_enriquecidos__w60__f_saldo__min,51,65,-56.64705882352941,-41.69230769230769,-58.0,-38.0,-14.95475113122172,-0.1695012068495296,0.06945265637696865,0.1695012068495296
05_estrutura_eventos_enriquecidos__w60__saldo30__min,51,65,-56.64705882352941,-41.69230769230769,-58.0,-38.0,-14.95475113122172,-0.1695012068495296,0.06945265637696865,0.1695012068495296
06_evolucao_score_eventos__w60__f_saldo__min,51,65,-56.64705882352941,-41.69230769230769,-58.0,-38.0,-14.95475113122172,-0.1695012068495296,0.06945265637696865,0.1695012068495296
06_evolucao_score_eventos__w60__saldo30__min,51,65,-56.64705882352941,-41.69230769230769,-58.0,-38.0,-14.95475113122172,-0.1695012068495296,0.06945265637696865,0.1695012068495296
bloqueios_c7_dna_fluxo_v5_2__last__rompimento_venda,20,22,-7.9,-6.556818181818182,-8.5,-3.625,-1.3431818181818187,-0.1686343837981338,-0.010122928142104682,0.1686343837981338
estados_c7_dna_fluxo_v5_2__w60__qtd_hard_gates_ok__max,57,81,5.859649122807017,6.037037037037037,6.0,6.0,-0.1773879142300201,-0.16856799460835883,0.14633573367286343,0.16856799460835883
estados_c7_dna_fluxo_v5_2__w60__campanha_entradas__max,57,81,0.3333333333333333,0.2345679012345679,0.0,0.0,0.09876543209876543,0.16827985720696712,-0.04370714285845944,0.16827985720696712
estados_c7_dna_fluxo_v5_2__last__vel5,34,46,0.18951594273408645,0.03968246911682106,0.3534398383062473,-0.0448671931083991,0.1498334736172654,0.16781093867821964,-0.023800761241391105,0.16781093867821964
estados_c7_dna_fluxo_v5_2__w60__ultimo_topo__std,57,81,3.2828504312366316,3.8846079252271872,2.8758757200242147,2.5384793777024086,-0.6017574939905557,-0.1678017218312882,0.18244391123917927,0.1678017218312882
estados_c7_dna_fluxo_v5_2__w60__fundo_30s__slope,45,67,0.4669324194321829,0.07152064353569054,-0.029166666665790746,-2.888415365660021e-13,0.39541177589649235,0.16761205473687718,-0.13282412941026348,0.16761205473687718
05_estrutura_eventos_enriquecidos__w60__venda30__slope,39,53,-5.3273226773226785,-1.6542064853385627,0.7545454545454523,-1.6000000000000096,-3.673116191984116,-0.1675644121615952,0.061066167936042165,0.1675644121615952
06_evolucao_score_eventos__w60__venda30__slope,39,53,-5.3273226773226785,-1.6542064853385627,0.7545454545454523,-1.6000000000000096,-3.673116191984116,-0.1675644121615952,0.061066167936042165,0.1675644121615952
07_bloqueios_auditoria_completa__w60__rompimento_compra__delta,43,54,2.145348837209302,0.7870370370370371,0.0,0.0,1.358311800172265,0.16750110702467008,-0.07698027170589593,0.16750110702467008
07_bloqueios_auditoria_completa__w60__impediu_gain_60s__ever_true,43,54,0.9069767441860465,0.8518518518518519,1.0,1.0,0.0551248923341946,0.16742465112216207,-0.02682355619771734,0.16742465112216207
bloqueios_c7_dna_fluxo_v5_2__w60__gate_saldo30__changed,49,69,0.22448979591836735,0.15942028985507245,0.0,0.0,0.0650695060632949,0.16707541957297825,-0.11583424515239978,0.16707541957297825
05_estrutura_eventos_enriquecidos__w60__saldo10__delta,51,65,-13.176470588235293,-2.6153846153846154,0.0,0.0,-10.561085972850679,-0.1667322476550165,0.11587553504959223,0.1667322476550165
06_evolucao_score_eventos__w60__saldo10__delta,51,65,-13.176470588235293,-2.6153846153846154,0.0,0.0,-10.561085972850679,-0.1667322476550165,0.11587553504959223,0.1667322476550165
07_bloqueios_auditoria_completa__w60__base__std,43,54,3.020547227156074,2.4751522483057804,2.7182510717166815,1.6565971508067068,0.5453949788502936,0.16624500483272317,0.003002940206000608,0.16624500483272317
07_bloqueios_auditoria_completa__w60__preco__std,43,54,3.020547227156074,2.4751522483057804,2.7182510717166815,1.6565971508067068,0.5453949788502936,0.16624500483272317,0.003002940206000608,0.16624500483272317
07_bloqueios_auditoria_completa__w60__preco_2__std,43,54,3.020547227156074,2.4751522483057804,2.7182510717166815,1.6565971508067068,0.5453949788502936,0.16624500483272317,0.003002940206000608,0.16624500483272317
05_estrutura_eventos_enriquecidos__w60__spread_pct_15__delta,51,65,-0.014503044646051282,0.014534440959462457,-0.003965107057890549,0.008928571428571397,-0.029037485605513738,-0.16620375075120583,0.04574462087759701,0.16620375075120583
06_evolucao_score_eventos__w60__spread_pct_15__delta,51,65,-0.014503044646051282,0.014534440959462457,-0.003965107057890549,0.008928571428571397,-0.029037485605513738,-0.16620375075120583,0.04574462087759701,0.16620375075120583
estados_c7_dna_fluxo_v5_2__w60__spread_pct_15__mean,57,81,0.4640802980824426,0.41402764846012474,0.5144335800554706,0.39724688828172433,0.05005264962231787,0.16620168836318827,-0.02814042002613749,0.16620168836318827
05_estrutura_eventos_enriquecidos__w60__gate_aceleracao__all_true,51,65,0.13725490196078433,0.2,0.0,0.0,-0.06274509803921569,-0.16610671024993276,0.11783998759597503,0.16610671024993276
06_evolucao_score_eventos__w60__gate_aceleracao__all_true,51,65,0.13725490196078433,0.2,0.0,0.0,-0.06274509803921569,-0.16610671024993276,0.11783998759597503,0.16610671024993276
07_bloqueios_auditoria_completa__last__campanha_entradas,17,17,0.17647058823529413,0.11764705882352941,0.0,0.0,0.05882352941176472,0.16609095970747997,-0.12954414509376097,0.16609095970747997
estados_c7_dna_fluxo_v5_2__w60__razao_venda30__std,57,81,0.25710119509505974,0.22107032473291735,0.1848805218676076,0.16363364191688348,0.03603087036214239,0.16607441589103353,-0.08786970109591664,0.16607441589103353
bloqueios_c7_dna_fluxo_v5_2__w60__qtd_hard_gates_ok__first,49,69,5.081632653061225,4.956521739130435,5.0,5.0,0.12511091393079,0.1660451775034016,-0.06937772411697411,0.1660451775034016
05_estrutura_eventos_enriquecidos__w60__campanha_ativa__first,51,65,0.23529411764705882,0.16923076923076924,0.0,0.0,0.06606334841628958,0.16569644052241758,-0.08850382563644839,0.16569644052241758
06_evolucao_score_eventos__w60__campanha_ativa__first,51,65,0.23529411764705882,0.16923076923076924,0.0,0.0,0.06606334841628958,0.16569644052241758,-0.08850382563644839,0.16569644052241758
estados_c7_dna_fluxo_v5_2__w60__qtd_hard_gates_ok__delta,57,81,0.3684210526315789,0.6790123456790124,0.0,1.0,-0.31059129304743344,-0.1654801632450143,0.039638462155370105,0.1654801632450143
05_estrutura_eventos_enriquecidos__last__venda30,29,34,124.41379310344827,134.94117647058823,108.0,117.5,-10.527383367139961,-0.16547978755349746,0.10078870131880932,0.16547978755349746
06_evolucao_score_eventos__last__venda30,29,34,124.41379310344827,134.94117647058823,108.0,117.5,-10.527383367139961,-0.16547978755349746,0.10078870131880932,0.16547978755349746
05_estrutura_eventos_enriquecidos__w60__delta30__std,51,65,20.370490399470665,17.629038072151914,15.5,14.7648230602334,2.7414523273187505,0.16535035752802235,-0.027466000903376895,0.16535035752802235
05_estrutura_eventos_enriquecidos__w60__f_delta__std,51,65,20.370490399470665,17.629038072151914,15.5,14.7648230602334,2.7414523273187505,0.16535035752802235,-0.027466000903376895,0.16535035752802235
06_evolucao_score_eventos__w60__delta30__std,51,65,20.370490399470665,17.629038072151914,15.5,14.7648230602334,2.7414523273187505,0.16535035752802235,-0.027466000903376895,0.16535035752802235
06_evolucao_score_eventos__w60__f_delta__std,51,65,20.370490399470665,17.629038072151914,15.5,14.7648230602334,2.7414523273187505,0.16535035752802235,-0.027466000903376895,0.16535035752802235
estados_c7_dna_fluxo_v5_2__w60__aceleracao__std,57,81,0.9302330439455551,0.8273662872088643,0.8915103646301227,0.6693364808182021,0.10286675673669077,0.16525566072805836,-0.06328389660996685,0.16525566072805836
05_estrutura_eventos_enriquecidos__w60__confirmacoes_candidata__min,51,65,0.0784313725490196,0.16923076923076924,0.0,0.0,-0.09079939668174963,-0.16515961653954017,0.13823211853812878,0.16515961653954017
06_evolucao_score_eventos__w60__confirmacoes_candidata__min,51,65,0.0784313725490196,0.16923076923076924,0.0,0.0,-0.09079939668174963,-0.16515961653954017,0.13823211853812878,0.16515961653954017
estados_c7_dna_fluxo_v5_2__w60__aceleracao__max,57,81,1.4736321403332726,1.2790333919427164,1.3387385315885827,1.1668252884279753,0.19459874839055624,0.16498460984139784,-0.004261249399729288,0.16498460984139784
bloqueios_c7_dna_fluxo_v5_2__w60__delta30__std,49,69,19.727629780897818,24.34886148455887,11.115554667022044,12.759310326189265,-4.621231703661053,-0.16484659794363987,0.15145196931782876,0.16484659794363987
13a_features_tempo_real__w60__cobertura_60s__std,82,116,1.3674177105174725,1.538415542315137,1.3781904799463633,1.4030403618937952,-0.1709978317976646,-0.16476447000793049,0.06768367051939264,0.16476447000793049
07_bloqueios_auditoria_completa__w60__ajuste_estrutura__std,43,54,3.031077294125612,2.5426101481671117,1.9595917942265424,1.9226049386953346,0.4884671459585004,0.16451903730555759,-0.10552043943988056,0.16451903730555759
estados_c7_dna_fluxo_v5_2__w60__gate_delta30__transitions,57,81,1.7017543859649122,1.4691358024691359,2.0,1.0,0.23261858349577635,0.16451209544042575,-0.05333042785398176,0.16451209544042575
13a_features_tempo_real__w60__pre_60s_volatilidade_close_pontos__first,82,116,206.64917657304636,219.89451802255923,200.87171630330647,202.85618412015748,-13.245341449512864,-0.16412449687021172,0.1500921819892954,0.16412449687021172
13a_features_tempo_real__w60__adv_delta_spread_minimo_15s_30s__slope,75,108,-0.002607360077417654,0.0008660738750256576,0.0,0.00045320961938739087,-0.0034734339524433114,-0.16411074498625094,0.07805046359406852,0.16411074498625094
05_estrutura_eventos_enriquecidos__w60__topo_30s__std,51,65,2.3437614024758835,2.8991014020540242,1.7950549357115013,2.0346989949375804,-0.5553399995781407,-0.16385722107741882,0.1424998524456278,0.16385722107741882
06_evolucao_score_eventos__w60__topo_30s__std,51,65,2.3437614024758835,2.8991014020540242,1.7950549357115013,2.0346989949375804,-0.5553399995781407,-0.16385722107741882,0.1424998524456278,0.16385722107741882
bloqueios_c7_dna_fluxo_v5_2__w60__vel15__mean,49,69,0.0364191716262717,-0.03301761154578692,0.06467551890861238,-0.06409360987317027,0.06943678317205862,0.16383532849739676,-0.07173004139759873,0.16383532849739676
bloqueios_c7_dna_fluxo_v5_2__w60__score_compra_base__mean,49,69,43.31997084548105,39.571580191145415,43.0,39.5,3.748390654335637,0.16371222274246894,-0.01698983304125498,0.16371222274246894
estados_c7_dna_fluxo_v5_2__w60__campanha_entradas__mean,57,81,0.2874965190754664,0.19961297276112092,0.0,0.0,0.0878835463143455,0.1636949845584021,-0.0486575365524598,0.1636949845584021
05_estrutura_eventos_enriquecidos__w60__spread_pct_30__max,51,65,0.5986344999442709,0.5508589364982313,0.6944444444444444,0.6301369863013698,0.047775563446039615,0.16352059277402095,-0.010824523590806968,0.16352059277402095
06_evolucao_score_eventos__w60__spread_pct_30__max,51,65,0.5986344999442709,0.5508589364982313,0.6944444444444444,0.6301369863013698,0.047775563446039615,0.16352059277402095,-0.010824523590806968,0.16352059277402095
07_bloqueios_auditoria_completa__w60__salvou_loss_60s__true_count,43,54,2.13953488372093,1.8703703703703705,2.0,1.5,0.2691645133505596,0.16346858633930036,-0.043592753204233795,0.16346858633930036
estados_c7_dna_fluxo_v5_2__w60__ticks_s__first,57,81,116.278686827986,136.46870026805422,83.0,85.50793758942564,-20.190013440068228,-0.16311345756210352,0.1401535491999523,0.16311345756210352
07_bloqueios_auditoria_completa__w60__f_velocidade__last,43,54,0.053691058072724944,-0.02559072087268683,0.0671681891456206,-0.08712836908191121,0.07928177894541177,0.1629288830404146,-0.08472877652662253,0.1629288830404146
07_bloqueios_auditoria_completa__w60__vel15__last,43,54,0.053691058072724944,-0.02559072087268683,0.0671681891456206,-0.08712836908191121,0.07928177894541177,0.1629288830404146,-0.08472877652662253,0.1629288830404146
05_estrutura_eventos_enriquecidos__w60__favor_120s__first,51,65,1208.8235294117646,979.6153846153846,700.0,675.0,229.20814479638,0.1626316518065986,-0.027194335504566788,0.1626316518065986
estados_c7_dna_fluxo_v5_2__w60__score_base_dna__slope,45,67,0.9031168831168814,2.0190314660463904,0.4363636363636356,1.0833333333333355,-1.115914582929509,-0.1623602063349048,0.05127559059889789,0.1623602063349048
estados_c7_dna_fluxo_v5_2__w60__gate_rompimento__true_count,57,81,1.2280701754385965,1.0740740740740742,1.0,1.0,0.15399610136452235,0.16220599774920813,-0.03914878928443635,0.16220599774920813
05_estrutura_eventos_enriquecidos__last__rompimento_venda,29,34,-6.879310344827586,-5.926470588235294,-7.5,-5.375,-0.9528397565922919,-0.1620321065242989,0.03200400506648672,0.1620321065242989
06_evolucao_score_eventos__last__rompimento_venda,29,34,-6.879310344827586,-5.926470588235294,-7.5,-5.375,-0.9528397565922919,-0.1620321065242989,0.03200400506648672,0.1620321065242989
bloqueios_c7_dna_fluxo_v5_2__w60__campanha_entradas__min,49,69,0.2653061224489796,0.17391304347826086,0.0,0.0,0.09139307897071874,0.16168290851019873,-0.05374512673176194,0.16168290851019873
07_bloqueios_auditoria_completa__w60__qtd_hard_gates_venda_ok__first,43,54,3.1627906976744184,3.462962962962963,2.0,4.0,-0.30017226528854435,-0.16141610725148803,0.05049489600259795,0.16141610725148803
estado_mercado_tempo_real__last__delta_agressor,81,110,-0.12345679012345678,-0.01818181818181818,0.0,0.0,-0.1052749719416386,-0.16141378737803536,0.1275935942762918,0.16141378737803536
estados_c7_dna_fluxo_v5_2__w60__aceleracao__delta,57,81,-0.07430295766953839,0.24038671860150718,-0.09508805465609671,0.0,-0.31468967627104555,-0.16093485783084321,0.07596444849732394,0.16093485783084321
estados_c7_dna_fluxo_v5_2__w60__compra10__slope,45,67,-6.824487734487734,-3.6643212508884146,-1.3333333333333295,-0.8484848484848472,-3.1601664835993195,-0.16020680118020506,0.13368136647793927,0.16020680118020506
05_estrutura_eventos_enriquecidos__w60__max_baixa_120s__std,51,65,266.995714885025,306.2128237062277,229.46949688357273,230.80616190864575,-39.217108821202714,-0.15980844390950413,0.1641178314167308,0.15980844390950413
06_evolucao_score_eventos__w60__max_baixa_120s__std,51,65,266.995714885025,306.2128237062277,229.46949688357273,230.80616190864575,-39.217108821202714,-0.15980844390950413,0.1641178314167308,0.15980844390950413
estados_c7_dna_fluxo_v5_2__w60__spread_pct_5__mean,57,81,0.4601691322106619,0.41100004323667094,0.5121115502970945,0.33886480908152733,0.04916908897399097,0.15977244844560298,-0.044256627301129774,0.15977244844560298
estados_c7_dna_fluxo_v5_2__w60__amplitude_swings__first,57,81,14.93421052631579,13.962962962962964,14.5,12.5,0.9712475633528257,0.15970902981711713,0.024972048289044372,0.15970902981711713
estados_c7_dna_fluxo_v5_2__w60__score_base_dna__delta,57,81,3.9649122807017543,8.604938271604938,0.0,7.0,-4.640025990903184,-0.15950306188098,0.035598639969080116,0.15950306188098
05_estrutura_eventos_enriquecidos__w60__max_baixa_30s__mean,51,65,-273.4543969102793,-319.70711233211233,-256.25,-233.33333333333334,46.252715421833045,0.15934904393758764,-0.0683835917025475,0.15934904393758764
06_evolucao_score_eventos__w60__max_baixa_30s__mean,51,65,-273.4543969102793,-319.70711233211233,-256.25,-233.33333333333334,46.252715421833045,0.15934904393758764,-0.0683835917025475,0.15934904393758764
07_bloqueios_auditoria_completa__w60__f_spread__delta,43,54,0.046511627906976744,-0.16666666666666666,0.0,0.0,0.2131782945736434,0.15894158864015018,-0.04595739763024435,0.15894158864015018
07_bloqueios_auditoria_completa__w60__score_spread__delta,43,54,0.046511627906976744,-0.16666666666666666,0.0,0.0,0.2131782945736434,0.15894158864015018,-0.04595739763024435,0.15894158864015018
estados_c7_dna_fluxo_v5_2__w60__spread_pct_15__std,57,81,0.0815818260554406,0.07232961214793868,0.08627268682226183,0.06665656718678992,0.00925221390750193,0.15885755459733458,-0.08611351918642961,0.15885755459733458
estados_c7_dna_fluxo_v5_2__w60__ticks_s__max,57,81,135.6730648626917,156.54838779130793,107.7327580395065,107.00909577314071,-20.875322928616242,-0.15876180428736708,0.14306832214111848,0.15876180428736708
13a_features_tempo_real__w60__cobertura_15s__min,82,116,11.121951219512194,11.370689655172415,11.0,11.0,-0.24873843566022025,-0.15863329736853188,0.114800930668339,0.15863329736853188
estados_c7_dna_fluxo_v5_2__w60__ticks_s__min,57,81,88.86863758076228,104.08402213584161,67.60450696713114,70.34131294843425,-15.215384555079325,-0.15849510324499888,0.12397835550877907,0.15849510324499888
05_estrutura_eventos_enriquecidos__last__vel_anterior,29,34,0.053158121655460064,-0.02575895991245335,0.0,0.0,0.07891708156791341,0.1584280007099996,-0.13629670580725983,0.1584280007099996
06_evolucao_score_eventos__last__vel_anterior,29,34,0.053158121655460064,-0.02575895991245335,0.0,0.0,0.07891708156791341,0.1584280007099996,-0.13629670580725983,0.1584280007099996
estados_c7_dna_fluxo_v5_2__w60__gate_delta30__true_count,57,81,2.789473684210526,3.111111111111111,3.0,3.0,-0.32163742690058506,-0.15812949038535956,0.10029514916758776,0.15812949038535956
bloqueios_c7_dna_fluxo_v5_2__w60__hard_gates_ok__first,49,69,0.0,0.014492753623188406,0.0,0.0,-0.014492753623188406,-0.15810295447965475,0.13387096515036956,0.15810295447965475
bloqueios_c7_dna_fluxo_v5_2__w60__hard_gates_venda_ok__first,49,69,0.0,0.014492753623188406,0.0,0.0,-0.014492753623188406,-0.15810295447965475,0.13387096515036956,0.15810295447965475
bloqueios_c7_dna_fluxo_v5_2__w60__hard_gates_ok__last,49,69,0.0,0.014492753623188406,0.0,0.0,-0.014492753623188406,-0.15810295447965472,0.02269132488473753,0.15810295447965472
bloqueios_c7_dna_fluxo_v5_2__w60__hard_gates_venda_ok__last,49,69,0.0,0.014492753623188406,0.0,0.0,-0.014492753623188406,-0.15810295447965472,0.02269132488473753,0.15810295447965472
13a_features_tempo_real__w60__pre_15s_volatilidade_close_pontos__std,82,116,40.88765653534636,45.48390715845058,36.951423095918045,40.20931119776961,-4.596250623104218,-0.15763901574251146,0.1025151298109976,0.15763901574251146
estado_mercado_tempo_real__last__agressor_compra,81,110,0.14814814814814814,0.20909090909090908,0.0,0.0,-0.06094276094276094,-0.1575285122638524,0.09200820174368626,0.1575285122638524
estado_mercado_tempo_real__last__score_compra,81,110,4.444444444444445,6.2727272727272725,0.0,0.0,-1.8282828282828278,-0.1575285122638524,0.09200820174368625,0.1575285122638524
estados_c7_dna_fluxo_v5_2__w60__delta30__max,57,81,14.578947368421053,22.358024691358025,23.0,18.0,-7.779077322936972,-0.15717990070006987,0.12702686633151455,0.15717990070006987
07_bloqueios_auditoria_completa__w60__f_score__min,43,54,68.09302325581395,69.35185185185185,65.0,65.0,-1.258828596037901,-0.15705184957593277,0.03452497460821234,0.15705184957593277
07_bloqueios_auditoria_completa__w60__score__min,43,54,68.09302325581395,69.35185185185185,65.0,65.0,-1.258828596037901,-0.15705184957593277,0.03452497460821234,0.15705184957593277
bloqueios_c7_dna_fluxo_v5_2__w60__rompimento_compra__delta,49,69,1.9438775510204083,0.4891304347826087,0.5,0.0,1.4547471162377996,0.15697793197835602,-0.11641676464770723,0.15697793197835602
05_estrutura_eventos_enriquecidos__w60__gate_delta30__true_count,51,65,2.4901960784313726,2.7846153846153845,2.0,3.0,-0.2944193061840119,-0.15694775600903832,0.09644162256495459,0.15694775600903832
06_evolucao_score_eventos__w60__gate_delta30__true_count,51,65,2.4901960784313726,2.7846153846153845,2.0,3.0,-0.2944193061840119,-0.15694775600903832,0.09644162256495459,0.15694775600903832
05_estrutura_eventos_enriquecidos__w60__f_ticks_s__first,51,65,88.86599876280063,96.34769694930718,81.69934640522875,80.13333333333334,-7.481698186506549,-0.15679220845360425,0.16918036151156565,0.15679220845360425
05_estrutura_eventos_enriquecidos__w60__ticks_s__first,51,65,88.86599876280063,96.34769694930718,81.69934640522875,80.13333333333334,-7.481698186506549,-0.15679220845360425,0.16918036151156565,0.15679220845360425
06_evolucao_score_eventos__w60__f_ticks_s__first,51,65,88.86599876280063,96.34769694930718,81.69934640522875,80.13333333333334,-7.481698186506549,-0.15679220845360425,0.16918036151156565,0.15679220845360425
06_evolucao_score_eventos__w60__ticks_s__first,51,65,88.86599876280063,96.34769694930718,81.69934640522875,80.13333333333334,-7.481698186506549,-0.15679220845360425,0.16918036151156565,0.15679220845360425
05_estrutura_eventos_enriquecidos__w60__max_baixa_60s__first,51,65,-460.29411764705884,-556.5384615384615,-250.0,-300.0,96.2443438914027,0.156506140454962,-0.10037978589911639,0.156506140454962
06_evolucao_score_eventos__w60__max_baixa_60s__first,51,65,-460.29411764705884,-556.5384615384615,-250.0,-300.0,96.2443438914027,0.156506140454962,-0.10037978589911639,0.156506140454962
05_estrutura_eventos_enriquecidos__w60__favor_30s__first,51,65,455.88235294117646,353.84615384615387,250.0,250.0,102.0361990950226,0.15614695283145127,-0.04367716903938488,0.15614695283145127
07_bloqueios_auditoria_completa__w60__gate_delta30__all_true,43,54,0.27906976744186046,0.35185185185185186,0.0,0.0,-0.0727820844099914,-0.15607861722786964,0.07642370073585915,0.15607861722786964
07_bloqueios_auditoria_completa__w60__campanha_pullback__first,43,54,0.18604651162790697,0.12962962962962962,0.0,0.0,0.05641688199827735,0.15603723961551552,-0.09886271014304389,0.15603723961551552
07_bloqueios_auditoria_completa__w60__campanha_ativa__last,43,54,0.18604651162790697,0.12962962962962962,0.0,0.0,0.05641688199827735,0.1560372396155155,-0.09886271014304386,0.1560372396155155
05_estrutura_eventos_enriquecidos__w60__ajuste_estrutura_compra__delta,51,65,0.23529411764705882,-1.0769230769230769,0.0,0.0,1.3122171945701357,0.1559304509760354,-0.10502146439707233,0.1559304509760354
06_evolucao_score_eventos__w60__ajuste_estrutura_compra__delta,51,65,0.23529411764705882,-1.0769230769230769,0.0,0.0,1.3122171945701357,0.1559304509760354,-0.10502146439707233,0.1559304509760354
13a_features_tempo_real__w60__pre_15s_spread_minimo__std,82,116,0.14765214247203245,0.16606046123786786,0.1392084951928786,0.14354813679428796,-0.018408318765835402,-0.15590965900935946,0.049144380031758535,0.15590965900935946
05_estrutura_eventos_enriquecidos__w60__campanha_ativa__last,51,65,0.19607843137254902,0.13846153846153847,0.0,0.0,0.05761689291101055,0.15568442110117747,-0.0899453481687601,0.15568442110117747
06_evolucao_score_eventos__w60__campanha_ativa__last,51,65,0.19607843137254902,0.13846153846153847,0.0,0.0,0.05761689291101055,0.15568442110117747,-0.0899453481687601,0.15568442110117747
estados_c7_dna_fluxo_v5_2__w60__venda30__min,57,81,161.43859649122808,204.92592592592592,86.0,94.0,-43.48732943469784,-0.15556062538072815,0.11579007190943569,0.15556062538072815
07_bloqueios_auditoria_completa__w60__ajuste_estrutura__max,43,54,10.418604651162791,9.74074074074074,12.0,12.0,0.677863910422051,0.1553090557449505,-0.13287684123646784,0.1553090557449505
estado_mercado_tempo_real__w60__delta_agressor__delta,82,116,-0.07317073170731707,0.06896551724137931,0.0,0.0,-0.14213624894869636,-0.15524221452124362,0.14008493989335916,0.15524221452124362
estado_mercado_tempo_real__w60__spread_qt__slope,82,116,0.0005671658660501986,0.004717825078199277,0.001098901098901043,0.0030669504643963353,-0.004150659212149079,-0.15479858989274353,0.07824468691212957,0.15479858989274353
05_estrutura_eventos_enriquecidos__w60__ajuste_estrutura_compra__slope,39,53,-0.008125208125208122,-0.2890222984562607,2.1716822850822336e-16,-5.138366118862833e-17,0.2808970903310526,0.15428574979905707,-0.1194161985219002,0.15428574979905707
06_evolucao_score_eventos__w60__ajuste_estrutura_compra__slope,39,53,-0.008125208125208122,-0.2890222984562607,2.1716822850822336e-16,-5.138366118862833e-17,0.2808970903310526,0.15428574979905707,-0.1194161985219002,0.15428574979905707
estados_c7_dna_fluxo_v5_2__w60__ajuste_estrutura_compra__max,57,81,6.280701754385965,5.135802469135802,12.0,8.0,1.1448992852501627,0.15420691278717877,-0.004923105458909874,0.15420691278717877
07_bloqueios_auditoria_completa__w60__campanha_pullback__true_pct,43,54,18.7984496124031,13.492063492063492,0.0,0.0,5.306386120339608,0.15420042067356468,-0.09339614457849012,0.15420042067356468
07_bloqueios_auditoria_completa__w60__impediu_gain_30s__true_count,43,54,1.6511627906976745,1.9074074074074074,1.0,2.0,-0.256244616709733,-0.1541961324292965,0.046405240057379865,0.1541961324292965
bloqueios_c7_dna_fluxo_v5_2__w60__score_compra_base__first,49,69,46.265306122448976,41.89855072463768,54.0,41.0,4.366755397811296,0.15395150524127293,-0.027015754706066205,0.15395150524127293
bloqueios_c7_dna_fluxo_v5_2__w60__aceleracao__delta,49,69,-0.15003849670475763,0.05818830403298157,-0.01599373878980659,0.0,-0.2082268007377392,-0.15376487297153174,0.1162193034288763,0.15376487297153174
13a_features_tempo_real__w60__pre_30s_spread_minimo__delta,82,116,0.061723968433527246,0.009929308985174195,0.0,0.0,0.05179465944835305,0.1536843708272549,-0.11776230137559003,0.1536843708272549
05_estrutura_eventos_enriquecidos__w60__nivel_invalidation__delta,51,65,0.803921568627451,-0.6230769230769231,0.0,0.0,1.426998491704374,0.1529382289503656,-0.08795532301050278,0.1529382289503656
06_evolucao_score_eventos__w60__nivel_invalidation__delta,51,65,0.803921568627451,-0.6230769230769231,0.0,0.0,1.426998491704374,0.1529382289503656,-0.08795532301050278,0.1529382289503656
05_estrutura_eventos_enriquecidos__w60__rompimento_venda__min,51,65,-12.137254901960784,-10.938461538461539,-11.75,-10.25,-1.1987933634992451,-0.15288879683592133,0.018117222238377802,0.15288879683592133
06_evolucao_score_eventos__w60__rompimento_venda__min,51,65,-12.137254901960784,-10.938461538461539,-11.75,-10.25,-1.1987933634992451,-0.15288879683592133,0.018117222238377802,0.15288879683592133
estados_c7_dna_fluxo_v5_2__w60__aprovado__last,57,81,0.2631578947368421,0.3333333333333333,0.0,0.0,-0.07017543859649122,-0.1525119803370566,0.11740434140519855,0.1525119803370566
estados_c7_dna_fluxo_v5_2__w60__hard_gates_ok__last,57,81,0.2631578947368421,0.3333333333333333,0.0,0.0,-0.07017543859649122,-0.1525119803370566,0.11740434140519855,0.1525119803370566
estados_c7_dna_fluxo_v5_2__w60__saldo10__first,57,81,-0.7543859649122807,9.049382716049383,0.0,6.0,-9.803768680961664,-0.1518991455500821,0.07083502424661572,0.1518991455500821
estado_mercado_tempo_real__w60__spread_qt__first,82,116,1.7347560975609757,1.6573275862068966,1.75,1.75,0.07742851135407913,0.15160303545450443,-0.05618684350475453,0.15160303545450443
05_estrutura_eventos_enriquecidos__w60__vel_anterior__max,51,65,0.6162236864694678,0.5289751277778078,0.5591054313099041,0.4224310909282923,0.08724855869166004,0.15157266765336797,-0.0721605827119733,0.15157266765336797
06_evolucao_score_eventos__w60__vel_anterior__max,51,65,0.6162236864694678,0.5289751277778078,0.5591054313099041,0.4224310909282923,0.08724855869166004,0.15157266765336797,-0.0721605827119733,0.15157266765336797
estados_c7_dna_fluxo_v5_2__w60__spread_pct_30__min,57,81,0.38533628412585386,0.34244706237772615,0.4,0.3174603174603174,0.042889221748127704,0.15153899047960506,-0.004841225113049917,0.15153899047960506
05_estrutura_eventos_enriquecidos__w60__spread_pct_30__std,51,65,0.05983659256380251,0.05268834915287055,0.05642793226025531,0.03823953331145784,0.007148243410931961,0.15121528293405986,-0.09258733938405493,0.15121528293405986
06_evolucao_score_eventos__w60__spread_pct_30__std,51,65,0.05983659256380251,0.05268834915287055,0.05642793226025531,0.03823953331145784,0.007148243410931961,0.15121528293405986,-0.09258733938405493,0.15121528293405986
05_estrutura_eventos_enriquecidos__w60__gate_rompimento__true_pct,51,65,28.3406190759132,24.217948717948715,20.0,20.0,4.122670357964484,0.15099306942228205,0.02052876008095745,0.15099306942228205
06_evolucao_score_eventos__w60__gate_rompimento__true_pct,51,65,28.3406190759132,24.217948717948715,20.0,20.0,4.122670357964484,0.15099306942228205,0.02052876008095745,0.15099306942228205
07_bloqueios_auditoria_completa__w60__continuidade_2s__last,43,54,0.29651162790697677,-0.10185185185185185,-0.25,0.0,0.39836347975882863,0.15098244624658522,-0.001064304078714203,0.15098244624658522
05_estrutura_eventos_enriquecidos__w60__campanha_ativa__all_true,51,65,0.17647058823529413,0.12307692307692308,0.0,0.0,0.053393665158371045,0.1509752178197913,-0.10597623738332838,0.1509752178197913
06_evolucao_score_eventos__w60__campanha_ativa__all_true,51,65,0.17647058823529413,0.12307692307692308,0.0,0.0,0.053393665158371045,0.1509752178197913,-0.10597623738332838,0.1509752178197913
estados_c7_dna_fluxo_v5_2__w60__ajuste_estrutura__min,57,81,-0.5263157894736842,0.5432098765432098,-6.0,-2.0,-1.0695256660168941,-0.15091971376409188,0.13449733782899786,0.15091971376409188
bloqueios_c7_dna_fluxo_v5_2__w60__ajuste_estrutura_venda__delta,49,69,-0.7346938775510204,0.43478260869565216,0.0,0.0,-1.1694764862466727,-0.15085422424758496,0.13642585525552922,0.15085422424758496
estados_c7_dna_fluxo_v5_2__w60__saldo30__first,57,81,-2.912280701754386,12.839506172839506,22.0,0.0,-15.751786874593893,-0.15077251728635363,0.0477034972416416,0.15077251728635363
bloqueios_c7_dna_fluxo_v5_2__w60__delta30__min,49,69,-40.6530612244898,-53.768115942028984,-19.0,-28.0,13.115054717539188,0.15038183883705164,-0.09953515454995626,0.15038183883705164
05_estrutura_eventos_enriquecidos__w60__eficiencia_swings__last,51,65,0.17025606428617324,0.15320203086710213,0.1413043478260869,0.1319148936170212,0.017054033419071107,0.15029266073214181,-0.04221058971047287,0.15029266073214181
06_evolucao_score_eventos__w60__eficiencia_swings__last,51,65,0.17025606428617324,0.15320203086710213,0.1413043478260869,0.1319148936170212,0.017054033419071107,0.15029266073214181,-0.04221058971047287,0.15029266073214181
13a_features_tempo_real__w60__pre_60s_volatilidade_close_pontos__max,82,116,227.9070190747395,242.0369609619439,222.07072644737053,219.16544120975203,-14.129941887204382,-0.15006304391295894,0.11590439547804379,0.15006304391295894
estado_mercado_tempo_real__w60__agressor_venda__delta,82,116,0.07317073170731707,-0.017241379310344827,0.0,0.0,0.09041211101766189,0.15001573192107545,-0.16940390956512488,0.15001573192107545
bloqueios_c7_dna_fluxo_v5_2__w60__aceleracao__mean,49,69,0.07742911559933148,-0.036736336676911355,0.16448912448484654,0.0214129046738155,0.11416545227624283,0.14973916911699628,0.005685213077211581,0.14973916911699628
estados_c7_dna_fluxo_v5_2__w60__dna_spread__nunique,57,81,1.263157894736842,1.1851851851851851,1.0,1.0,0.07797270955165692,0.14962096605343198,-0.05383094645621281,0.14962096605343198
estados_c7_dna_fluxo_v5_2__w60__gate_aceleracao__ever_true,57,81,0.9473684210526315,0.9753086419753086,1.0,1.0,-0.027940220922677117,-0.14951959069237009,0.10473185506192215,0.14951959069237009
bloqueios_c7_dna_fluxo_v5_2__w60__gate_delta30__transitions,49,69,1.0816326530612246,0.8985507246376812,1.0,0.0,0.18308192842354343,0.14951798650557618,-0.03283972924125776,0.14951798650557618
estados_c7_dna_fluxo_v5_2__w60__ajuste_estrutura__mean,57,81,6.183144730513152,6.738634136782286,5.777777777777778,7.777777777777778,-0.5554894062691345,-0.1493623109334593,0.1187738014598546,0.1493623109334593
07_bloqueios_auditoria_completa__w60__gate_saldo30__transitions,43,54,0.5581395348837209,0.4444444444444444,0.0,0.0,0.1136950904392765,0.1493056576914296,-0.11198163979981157,0.1493056576914296
estados_c7_dna_fluxo_v5_2__w60__score_venda__slope,45,67,0.5368927368927364,1.8307359307359314,0.07878787878787911,0.9333333333333361,-1.2938431938431951,-0.1491885485715475,0.031101346602095858,0.1491885485715475
estados_c7_dna_fluxo_v5_2__w60__preco__slope,45,67,0.10359427609453611,-0.25271935775655097,0.25000000000124784,-0.12500000000209757,0.35631363385108705,0.14885903301660378,-0.07935005574591841,0.14885903301660378
bloqueios_c7_dna_fluxo_v5_2__w60__aceleracao__slope,32,41,0.08237418108705175,0.008293929172112977,-0.02174244691263355,-0.02896782539144863,0.07408025191493876,0.1487092035084195,0.017227966294601833,0.1487092035084195
estados_c7_dna_fluxo_v5_2__w60__hard_gates_compra_ok__true_pct,57,81,5.321637426900584,8.386243386243386,0.0,0.0,-3.064605959342802,-0.1487074618622802,0.10151416976862951,0.1487074618622802
estados_c7_dna_fluxo_v5_2__w60__aceleracao__first,57,81,0.13299352243570225,-0.08079283818585692,0.3855269037079465,-0.0091418347055815,0.21378636062155917,0.14855831712017453,-0.02180895149793641,0.14855831712017453
estados_c7_dna_fluxo_v5_2__w60__gate_vel15__last,57,81,0.7543859649122807,0.8148148148148148,1.0,1.0,-0.060428849902534054,-0.148323910586719,0.07137725679039371,0.148323910586719
05_estrutura_eventos_enriquecidos__w60__spread_pct_60__std,51,65,0.03658088471739065,0.031806320186188564,0.03018122977862069,0.020131523210673758,0.004774564531202084,0.14820508876046332,-0.038277483972100006,0.14820508876046332
06_evolucao_score_eventos__w60__spread_pct_60__std,51,65,0.03658088471739065,0.031806320186188564,0.03018122977862069,0.020131523210673758,0.004774564531202084,0.14820508876046332,-0.038277483972100006,0.14820508876046332
06_evolucao_score_eventos__w60__score_velocidade_5__last,51,65,0.230286009765627,0.34339924077080675,0.125,0.1835748792270531,-0.11311323100517975,-0.1481483369404305,0.1232355943013873,0.1481483369404305
bloqueios_c7_dna_fluxo_v5_2__w60__campanha_ativa__all_true,49,69,0.1836734693877551,0.13043478260869565,0.0,0.0,0.05323868677905946,0.14807205000889553,-0.08719800735086632,0.14807205000889553
estados_c7_dna_fluxo_v5_2__w60__eficiencia_swings__last,57,81,0.16714045739337383,0.15069105034631936,0.1413043478260869,0.1319148936170212,0.01644940704705447,0.14791924875710485,-0.037585235375676145,0.14791924875710485
05_estrutura_eventos_enriquecidos__w60__spread_max_30__mean,51,65,2.7996965452847813,2.6699007936507937,2.6944444444444446,2.5,0.1297957516339876,0.1477188741014903,0.01476051425369907,0.1477188741014903
06_evolucao_score_eventos__w60__spread_max_30__mean,51,65,2.7996965452847813,2.6699007936507937,2.6944444444444446,2.5,0.1297957516339876,0.1477188741014903,0.01476051425369907,0.1477188741014903
05_estrutura_eventos_enriquecidos__w60__vel5__max,51,65,1.0421707035620793,0.8920701951301044,1.0273144790911288,0.908723747980614,0.15010050843197487,0.14767806608056744,-0.022434710764921324,0.14767806608056744
06_evolucao_score_eventos__w60__vel5__max,51,65,1.0421707035620793,0.8920701951301044,1.0273144790911288,0.908723747980614,0.15010050843197487,0.14767806608056744,-0.022434710764921324,0.14767806608056744
06_evolucao_score_eventos__w60__score_velocidade_5__delta,51,65,0.09035989271733767,0.2262483961289681,0.0,0.0178117048346055,-0.13588850341163045,-0.1475806593979353,0.05385474916490562,0.1475806593979353
07_bloqueios_auditoria_completa__w60__score_base_dna__min,43,54,60.44186046511628,61.7962962962963,57.0,58.5,-1.3544358311800195,-0.1475343091327137,0.04731241442839201,0.1475343091327137
07_bloqueios_auditoria_completa__w60__salvou_loss_120s__true_count,43,54,2.3255813953488373,2.074074074074074,2.0,2.0,0.2515073212747634,0.14681601557385704,-0.04810095195233032,0.14681601557385704
estados_c7_dna_fluxo_v5_2__last__razao_venda30,34,46,1.028929683955099,1.0855573486504737,0.9848007870142648,1.0267084168581029,-0.056627664695374724,-0.14681220550328458,0.06233050478702585,0.14681220550328458
05_estrutura_eventos_enriquecidos__w60__sucesso250_120s__ever_true,51,65,0.9215686274509803,0.8769230769230769,1.0,1.0,0.04464555052790342,0.14659828146451281,-0.08826570159853839,0.14659828146451281
13a_features_tempo_real__w60__pre_15s_volatilidade_close_pontos__max,82,116,294.45907581266135,315.7914424158075,271.22279663090103,275.3201782568161,-21.33236660314617,-0.1465825183409672,0.10190980566044662,0.1465825183409672
13a_features_tempo_real__w60__pre_15s_spread_medio__mean,82,116,1.5889686769632483,1.5358789725107205,1.6101138760362168,1.5610415640077449,0.05308970445252781,0.1464381644533901,-0.050340084401043116,0.1464381644533901
13a_features_tempo_real__w60__adv_z_pre_15s_spread_medio__mean,82,116,0.9374368982080603,0.8205454336176278,0.9839938213287311,0.8759477419052535,0.11689146459043254,0.14643816445338992,-0.050340084401043365,0.14643816445338992
05_estrutura_eventos_enriquecidos__w60__confirmacoes_candidata__first,51,65,0.4117647058823529,0.5384615384615384,0.0,0.0,-0.12669683257918551,-0.14632590205928145,0.10657414632183278,0.14632590205928145
06_evolucao_score_eventos__w60__confirmacoes_candidata__first,51,65,0.4117647058823529,0.5384615384615384,0.0,0.0,-0.12669683257918551,-0.14632590205928145,0.10657414632183278,0.14632590205928145
07_bloqueios_auditoria_completa__w60__max_baixa_60s__std,43,54,224.1982940891044,195.44849272660355,175.6184407592035,124.05536126122566,28.749801362500847,0.1462057454342268,0.023790791153129886,0.1462057454342268
bloqueios_c7_dna_fluxo_v5_2__w60__vel15__slope,32,41,0.04279397164216081,0.004051013722696033,0.023268788113473063,-0.0036195705430689365,0.03874295791946478,0.14590784259338896,-0.11289980827837437,0.14590784259338896
05_estrutura_eventos_enriquecidos__w60__confirmacoes_candidata__std,51,65,0.4551647643580414,0.39852740420997335,0.4517539514526256,0.4330127018922193,0.05663736014806803,0.14586321481888104,-0.052612871065332883,0.14586321481888104
06_evolucao_score_eventos__w60__confirmacoes_candidata__std,51,65,0.4551647643580414,0.39852740420997335,0.4517539514526256,0.4330127018922193,0.05663736014806803,0.14586321481888104,-0.052612871065332883,0.14586321481888104
estados_c7_dna_fluxo_v5_2__w60__compra10__mean,57,81,75.97228677754994,92.61348716441309,45.0,43.5,-16.641200386863147,-0.145350801888442,0.11631776399464964,0.145350801888442
07_bloqueios_auditoria_completa__w60__qtd_hard_gates_ok__last,43,54,5.255813953488372,5.148148148148148,5.0,5.0,0.10766580534022374,0.14527412724817412,-0.06904152750469858,0.14527412724817412
estados_c7_dna_fluxo_v5_2__w60__saldo30__mean,57,81,-4.267031847295006,8.719356261022927,3.5,1.1111111111111112,-12.986388108317932,-0.1449435051299195,0.05730649751040687,0.1449435051299195
07_bloqueios_auditoria_completa__w60__gate_aceleracao__ever_true,43,54,0.9069767441860465,0.9444444444444444,1.0,1.0,-0.03746770025839796,-0.14479664418852936,0.07517883367826943,0.14479664418852936
estados_c7_dna_fluxo_v5_2__w60__saldo10__slope,45,67,-5.894280904280903,-2.76112618724559,-0.3515151515151495,-0.15151515151514958,-3.1331547170353127,-0.14475407848617006,0.11134426107256096,0.14475407848617006
estados_c7_dna_fluxo_v5_2__w60__delta30__slope,45,67,-0.5445983645983631,-3.0779350003230594,-1.072727272727268,-1.607142857142858,2.5333366357246963,0.14457271161495086,-0.018362914967056436,0.14457271161495086
estados_c7_dna_fluxo_v5_2__last__qtd_hard_gates_ok,34,46,4.382352941176471,4.217391304347826,4.0,4.0,0.16496163682864484,0.1444121395593603,-0.12527665313014744,0.1444121395593603
05_estrutura_eventos_enriquecidos__w60__spread_pct_60__last,51,65,0.5225555961310532,0.48284752343730347,0.5772727272727273,0.5170532060027285,0.03970807269374971,0.14410098765646415,-0.0010662682476548589,0.14410098765646415
06_evolucao_score_eventos__w60__spread_pct_60__last,51,65,0.5225555961310532,0.48284752343730347,0.5772727272727273,0.5170532060027285,0.03970807269374971,0.14410098765646415,-0.0010662682476548589,0.14410098765646415
05_estrutura_eventos_enriquecidos__w60__razao_compra30__max,51,65,1.6235877876933003,1.5231215150031499,1.5161290322580645,1.411214953271028,0.1004662726901504,0.14402653661381198,-0.031015100448643296,0.14402653661381198
06_evolucao_score_eventos__w60__razao_compra30__max,51,65,1.6235877876933003,1.5231215150031499,1.5161290322580645,1.411214953271028,0.1004662726901504,0.14402653661381198,-0.031015100448643296,0.14402653661381198
estados_c7_dna_fluxo_v5_2__w60__delta30__std,57,81,24.77609442270662,28.845721815666007,17.55526986406076,17.47661576980601,-4.0696273929593865,-0.14384665137942623,0.13369976259545752,0.14384665137942623
estados_c7_dna_fluxo_v5_2__w60__razao_compra30__std,57,81,0.26694499450120107,0.2367825111407092,0.2555187973042653,0.18537894529738266,0.030162483360491876,0.1434753691024473,-0.04213182622192421,0.1434753691024473
13a_features_tempo_real__w60__pre_15s_spread_minimo__mean,82,116,1.12486272615194,1.086889080112998,1.1061342592592591,1.1289640022675735,0.03797364603894193,0.14332578257525272,-0.02370858767930121,0.14332578257525272
13a_features_tempo_real__w60__preco__std,82,116,3.9940809588740627,4.449067414802778,3.7858704053736685,3.4226845683632616,-0.45498645592871556,-0.14249442542600235,0.10255663818880269,0.14249442542600235
05_estrutura_eventos_enriquecidos__w60__sucesso250_60s__all_true,51,65,0.13725490196078433,0.09230769230769231,0.0,0.0,0.04494720965309201,0.14248542311812218,-0.1124753493905824,0.14248542311812218
estados_c7_dna_fluxo_v5_2__w60__score_oposto__first,57,81,17.859649122807017,19.65432098765432,17.0,20.0,-1.7946718648473023,-0.14226529591488069,-0.02418885464520397,0.14226529591488069
05_estrutura_eventos_enriquecidos__w60__qtd_hard_gates_ok__max,51,65,5.8431372549019605,6.0,6.0,6.0,-0.15686274509803955,-0.14205285819801264,0.13838411153189767,0.14205285819801264
06_evolucao_score_eventos__w60__qtd_hard_gates_ok__max,51,65,5.8431372549019605,6.0,6.0,6.0,-0.15686274509803955,-0.14205285819801264,0.13838411153189767,0.14205285819801264
estados_c7_dna_fluxo_v5_2__w60__preco__std,57,81,3.624151903376034,4.1380229537517526,3.515398226568083,3.375,-0.5138710503757187,-0.14196775800418956,0.1635044081887616,0.14196775800418956
estados_c7_dna_fluxo_v5_2__w60__saldo10__mean,57,81,-3.404494822915876,2.680016656868508,1.2,0.0,-6.084511479784384,-0.14196510004829688,0.09530609338612825,0.14196510004829688
13a_features_tempo_real__w60__pre_30s_spread_minimo__mean,82,116,1.0001195905480658,0.9652210473759626,1.0,0.993883443023112,0.03489854317210317,0.14163377852150294,-0.012230823212261823,0.14163377852150294
05_estrutura_eventos_enriquecidos__w60__spread_pct_5__delta,51,65,-0.03835345164688538,-0.0013941619462304997,-0.02627257799671591,0.0,-0.03695928970065488,-0.14151295907975053,0.020010309437879396,0.14151295907975053
06_evolucao_score_eventos__w60__spread_pct_5__delta,51,65,-0.03835345164688538,-0.0013941619462304997,-0.02627257799671591,0.0,-0.03695928970065488,-0.14151295907975053,0.020010309437879396,0.14151295907975053
estados_c7_dna_fluxo_v5_2__w60__compra30__mean,57,81,220.693253968254,269.6365814226925,131.0,141.33333333333334,-48.943327454438474,-0.14147668885381182,0.09785052501778843,0.14147668885381182
estados_c7_dna_fluxo_v5_2__w60__ticks_s__mean,57,81,111.55592904123773,127.28544612656185,84.99962192422862,82.92974913706475,-15.729517085324119,-0.14094721256385506,0.12506845306448586,0.14094721256385506
05_estrutura_eventos_enriquecidos__w60__spread_medio_30__max,51,65,1.7486841949629601,1.701079931382227,1.71875,1.6972222222222222,0.04760426358073322,0.14089488121188934,0.0014885776899933806,0.14089488121188934
06_evolucao_score_eventos__w60__spread_medio_30__max,51,65,1.7486841949629601,1.701079931382227,1.71875,1.6972222222222222,0.04760426358073322,0.14089488121188934,0.0014885776899933806,0.14089488121188934
estados_c7_dna_fluxo_v5_2__w60__venda30__std,57,81,50.60561477545977,40.84929832335609,26.398653164297773,26.257189491642094,9.756316452103682,0.14076534311515826,-0.058427377620526244,0.14076534311515826
05_estrutura_eventos_enriquecidos__w60__ajuste_estrutura_compra__max,51,65,6.1568627450980395,5.107692307692307,12.0,8.0,1.0491704374057322,0.1407391061183254,0.015538056557974411,0.1407391061183254
06_evolucao_score_eventos__w60__ajuste_estrutura_compra__max,51,65,6.1568627450980395,5.107692307692307,12.0,8.0,1.0491704374057322,0.1407391061183254,0.015538056557974411,0.1407391061183254
estados_c7_dna_fluxo_v5_2__w60__rompimento_compra__first,57,81,-9.425438596491228,-8.074074074074074,-7.5,-6.0,-1.3513645224171533,-0.14062171051168884,0.03445619718541458,0.14062171051168884
estados_c7_dna_fluxo_v5_2__w60__compra10__delta,57,81,-23.526315789473685,-8.864197530864198,-4.0,0.0,-14.662118258609487,-0.14016931370027638,0.11350625198695552,0.14016931370027638
07_bloqueios_auditoria_completa__w60__ajuste_estrutura_venda__slope,27,30,-0.9291005291005291,-0.48870129870129897,-2.9941133098064534e-16,-0.10909090909090965,-0.4403992303992301,-0.1399512477604267,0.12150202521535662,0.1399512477604267
07_bloqueios_auditoria_completa__w60__max_baixa_30s__std,43,54,207.0363141741438,183.0589144899237,182.9541533341679,122.71322973491071,23.977399684220103,0.13942634186372546,-0.04178330724260216,0.13942634186372546
05_estrutura_eventos_enriquecidos__w60__campanha_entradas__min,51,65,0.19607843137254902,0.13846153846153847,0.0,0.0,0.05761689291101055,0.13915026138745243,-0.08039287823239828,0.13915026138745243
06_evolucao_score_eventos__w60__campanha_entradas__min,51,65,0.19607843137254902,0.13846153846153847,0.0,0.0,0.05761689291101055,0.13915026138745243,-0.08039287823239828,0.13915026138745243
estados_c7_dna_fluxo_v5_2__w60__gate_continuidade__transitions,57,81,2.56140350877193,2.308641975308642,2.0,2.0,0.2527615334632878,0.13913201089896965,-0.04897732457551174,0.13913201089896965
07_bloqueios_auditoria_completa__w60__gate_saldo30__true_pct,43,54,83.7375415282392,87.09796376463044,100.0,100.0,-3.36042223639123,-0.13906979947234505,0.08799451287366308,0.13906979947234505
05_estrutura_eventos_enriquecidos__w60__score_compra__first,51,65,43.3921568627451,39.353846153846156,41.0,34.0,4.0383107088989405,0.13886612009697596,0.00338681500500154,0.13886612009697596
06_evolucao_score_eventos__w60__score_compra__first,51,65,43.3921568627451,39.353846153846156,41.0,34.0,4.0383107088989405,0.13886612009697596,0.00338681500500154,0.13886612009697596
invalidacoes_tese_sombra_v1__window__n,82,116,0.012195121951219513,0.04310344827586207,0.0,0.0,-0.03090832632464256,-0.13880098521447998,0.005074770462074336,0.13880098521447998
13a_features_tempo_real__w60__pre_60s_volatilidade_close_pontos__mean,82,116,198.7527736543634,209.8617656542375,188.14539813018638,191.73273579788003,-11.108991999874092,-0.13854931166935142,0.1359462571657152,0.13854931166935142
bloqueios_c7_dna_fluxo_v5_2__w60__rompimento_compra__max,49,69,-2.729591836734694,-3.630434782608696,0.0,-2.75,0.9008429458740017,0.13843431824970254,-0.08030869343770873,0.13843431824970254
05_estrutura_eventos_enriquecidos__w60__spread_max_30__delta,51,65,0.11274509803921569,-0.03076923076923077,0.0,0.0,0.14351432880844645,0.13835302403598448,-0.040695570286168894,0.13835302403598448
06_evolucao_score_eventos__w60__spread_max_30__delta,51,65,0.11274509803921569,-0.03076923076923077,0.0,0.0,0.14351432880844645,0.13835302403598448,-0.040695570286168894,0.13835302403598448
05_estrutura_eventos_enriquecidos__w60__amplitude_swings__std,51,65,2.5959291860942164,2.2921607207680084,2.1988352696848112,1.8737135504488946,0.30376846532620805,0.13817559205060784,-0.01249725968245476,0.13817559205060784
06_evolucao_score_eventos__w60__amplitude_swings__std,51,65,2.5959291860942164,2.2921607207680084,2.1988352696848112,1.8737135504488946,0.30376846532620805,0.13817559205060784,-0.01249725968245476,0.13817559205060784
05_estrutura_eventos_enriquecidos__w60__gate_aceleracao__ever_true,51,65,0.9411764705882353,0.9692307692307692,1.0,1.0,-0.028054298642533948,-0.13813728420641813,0.10389650630105518,0.13813728420641813
06_evolucao_score_eventos__w60__gate_aceleracao__ever_true,51,65,0.9411764705882353,0.9692307692307692,1.0,1.0,-0.028054298642533948,-0.13813728420641813,0.10389650630105518,0.13813728420641813
05_estrutura_eventos_enriquecidos__w60__nivel_invalidation__slope,39,53,0.2262279387281949,-0.01582332761580107,6.515634657677594e-13,-8.982427316988925e-13,0.24205126634399599,0.13805408730132562,-0.13266033913427153,0.13805408730132562
06_evolucao_score_eventos__w60__nivel_invalidation__slope,39,53,0.2262279387281949,-0.01582332761580107,6.515634657677594e-13,-8.982427316988925e-13,0.24205126634399599,0.13805408730132562,-0.13266033913427153,0.13805408730132562
05_estrutura_eventos_enriquecidos__w60__spread_pct_30__mean,51,65,0.5154676327996576,0.4771419136826864,0.6012101092428436,0.5301964300009702,0.03832571911697119,0.13796287827108922,0.008974370646739994,0.13796287827108922
06_evolucao_score_eventos__w60__spread_pct_30__mean,51,65,0.5154676327996576,0.4771419136826864,0.6012101092428436,0.5301964300009702,0.03832571911697119,0.13796287827108922,0.008974370646739994,0.13796287827108922
05_estrutura_eventos_enriquecidos__last__spread_pct_30,29,34,0.5123147061494735,0.4740692409322987,0.5689655172413793,0.5216791486007095,0.03824546521717481,0.1377981038603024,0.004991237299119823,0.1377981038603024
06_evolucao_score_eventos__last__spread_pct_30,29,34,0.5123147061494735,0.4740692409322987,0.5689655172413793,0.5216791486007095,0.03824546521717481,0.1377981038603024,0.004991237299119823,0.1377981038603024
05_estrutura_eventos_enriquecidos__w60__qtd_hard_gates_compra_ok__first,51,65,3.4705882352941178,3.246153846153846,3.0,3.0,0.22443438914027158,0.1376883581307137,-0.020755698959567727,0.1376883581307137
06_evolucao_score_eventos__w60__qtd_hard_gates_compra_ok__first,51,65,3.4705882352941178,3.246153846153846,3.0,3.0,0.22443438914027158,0.1376883581307137,-0.020755698959567727,0.1376883581307137
05_estrutura_eventos_enriquecidos__w60__venda10__first,51,65,52.27450980392157,58.93846153846154,45.0,40.0,-6.663951734539971,-0.13755036471975354,0.10159548366594255,0.13755036471975354
06_evolucao_score_eventos__w60__venda10__first,51,65,52.27450980392157,58.93846153846154,45.0,40.0,-6.663951734539971,-0.13755036471975354,0.10159548366594255,0.13755036471975354
05_estrutura_eventos_enriquecidos__w60__score_compra__mean,51,65,42.10747036188212,38.90694139194139,39.0,35.0,3.200528969940734,0.13747999746883918,0.01673277461604582,0.13747999746883918
06_evolucao_score_eventos__w60__score_compra__mean,51,65,42.10747036188212,38.90694139194139,39.0,35.0,3.200528969940734,0.13747999746883918,0.01673277461604582,0.13747999746883918
07_bloqueios_auditoria_completa__w60__gate_saldo30__all_true,43,54,0.5813953488372093,0.6481481481481481,1.0,1.0,-0.0667527993109388,-0.13742467855877175,0.10589208311702462,0.13742467855877175
05_estrutura_eventos_enriquecidos__w60__score_compra__max,51,65,66.3529411764706,62.38461538461539,70.0,67.0,3.9683257918552073,0.13703205367005084,-0.0026340232344141197,0.13703205367005084
06_evolucao_score_eventos__w60__score_compra__max,51,65,66.3529411764706,62.38461538461539,70.0,67.0,3.9683257918552073,0.13703205367005084,-0.0026340232344141197,0.13703205367005084
05_estrutura_eventos_enriquecidos__w60__ajuste_estrutura_venda__delta,51,65,-0.1568627450980392,0.9538461538461539,0.0,0.0,-1.1107088989441931,-0.13655070806504555,0.0967740827428735,0.13655070806504555
06_evolucao_score_eventos__w60__ajuste_estrutura_venda__delta,51,65,-0.1568627450980392,0.9538461538461539,0.0,0.0,-1.1107088989441931,-0.13655070806504555,0.0967740827428735,0.13655070806504555
07_bloqueios_auditoria_completa__w60__ajuste_estrutura__delta,43,54,-1.441860465116279,-0.37037037037037035,0.0,0.0,-1.0714900947459087,-0.13652641547763228,0.07373529758066233,0.13652641547763228
05_estrutura_eventos_enriquecidos__w60__gate_rompimento__all_true,51,65,0.09803921568627451,0.06153846153846154,0.0,0.0,0.03650075414781297,0.13644156219451917,0.03008311397650634,0.13644156219451917
06_evolucao_score_eventos__w60__gate_rompimento__all_true,51,65,0.09803921568627451,0.06153846153846154,0.0,0.0,0.03650075414781297,0.13644156219451917,0.03008311397650634,0.13644156219451917
05_estrutura_eventos_enriquecidos__w60__saldo10__max,51,65,38.254901960784316,31.876923076923077,42.0,28.0,6.377978883861239,0.13625603226295113,-0.03456676890097319,0.13625603226295113
06_evolucao_score_eventos__w60__saldo10__max,51,65,38.254901960784316,31.876923076923077,42.0,28.0,6.377978883861239,0.13625603226295113,-0.03456676890097319,0.13625603226295113
05_estrutura_eventos_enriquecidos__w60__continuidade_2s__first,51,65,-0.11764705882352941,0.2846153846153846,0.0,0.25,-0.40226244343891404,-0.13613862150890668,0.05286109393729734,0.13613862150890668
06_evolucao_score_eventos__w60__continuidade_2s__first,51,65,-0.11764705882352941,0.2846153846153846,0.0,0.25,-0.40226244343891404,-0.13613862150890668,0.05286109393729734,0.13613862150890668
07_bloqueios_auditoria_completa__w60__f_saldo__first,43,54,8.255813953488373,-3.462962962962963,24.0,-6.0,11.718776916451336,0.1360252996397224,-0.05068545925295521,0.1360252996397224
07_bloqueios_auditoria_completa__w60__saldo30__first,43,54,8.255813953488373,-3.462962962962963,24.0,-6.0,11.718776916451336,0.1360252996397224,-0.05068545925295521,0.1360252996397224
estados_c7_dna_fluxo_v5_2__w60__spread_medio_30__delta,57,81,-0.02182974619065973,0.00013318868417537354,-0.03511404561824705,0.0,-0.021962934874835104,-0.1358865964123026,0.04044513464054098,0.1358865964123026
estados_c7_dna_fluxo_v5_2__w60__vel_anterior__mean,57,81,-0.03432621585301794,0.0188445856454667,-0.03508798949305874,0.03241037391201816,-0.053170801498484646,-0.1356884971694791,0.01103727815857571,0.1356884971694791
estados_c7_dna_fluxo_v5_2__w60__ajuste_estrutura_compra__std,57,81,2.9945753080880593,2.6223362785109887,1.979486637221574,1.8330302779823362,0.37223902957707056,0.1356777807843993,-0.04139357950581564,0.1356777807843993
05_estrutura_eventos_enriquecidos__w60__delta10__delta,51,65,-5.901960784313726,-1.4307692307692308,0.0,0.0,-4.471191553544495,-0.1356422683054585,0.10398087707355431,0.1356422683054585
06_evolucao_score_eventos__w60__delta10__delta,51,65,-5.901960784313726,-1.4307692307692308,0.0,0.0,-4.471191553544495,-0.1356422683054585,0.10398087707355431,0.1356422683054585
estado_mercado_tempo_real__w60__score_venda__slope,82,116,0.01685177378940183,-0.1684440408351477,0.12785357057802904,-0.048446909128023616,0.18529581462454953,0.13559031369783506,-0.09528372944398968,0.13559031369783506
13a_features_tempo_real__last__adv_z_pre_15s_spread_medio,82,116,0.9786557040697956,0.8682888517467358,0.9960753657889022,0.8963817994043679,0.11036685232305987,0.13543162454585825,-0.027527119981674116,0.13543162454585825
13a_features_tempo_real__w60__adv_z_pre_15s_spread_medio__last,82,116,0.9786557040697956,0.8682888517467358,0.9960753657889022,0.8963817994043679,0.11036685232305987,0.13543162454585825,-0.027527119981674116,0.13543162454585825
13a_features_tempo_real__last__pre_15s_spread_medio,82,116,1.6076894127222967,1.5575630532681046,1.6156010656010658,1.5703222935904826,0.05012635945419208,0.1354316245458574,-0.02752711998167416,0.1354316245458574
13a_features_tempo_real__w60__pre_15s_spread_medio__last,82,116,1.6076894127222967,1.5575630532681046,1.6156010656010658,1.5703222935904826,0.05012635945419208,0.1354316245458574,-0.02752711998167416,0.1354316245458574
estados_c7_dna_fluxo_v5_2__w60__gate_delta30__true_pct,57,81,53.08447887395256,57.49461101312953,50.0,62.5,-4.410132139176966,-0.13532395648491255,0.10935905570081336,0.13532395648491255
estados_c7_dna_fluxo_v5_2__w60__ajuste_estrutura_compra__mean,57,81,2.4729804308751673,1.577591612776798,4.0,1.5,0.8953888180983693,0.13498193481205423,-0.002647132830386837,0.13498193481205423
bloqueios_c7_dna_fluxo_v5_2__w60__ajuste_estrutura__last,49,69,6.448979591836735,7.304347826086956,8.0,8.0,-0.8553682342502213,-0.13493584022430058,0.059526510601770215,0.13493584022430058
05_estrutura_eventos_enriquecidos__w60__f_ticks_s__max,51,65,106.87054811801463,114.32602195961586,99.57550902942656,105.94455365010506,-7.455473841601233,-0.13477355664970495,0.13389151234802485,0.13477355664970495
05_estrutura_eventos_enriquecidos__w60__ticks_s__max,51,65,106.87054811801463,114.32602195961586,99.57550902942656,105.94455365010506,-7.455473841601233,-0.13477355664970495,0.13389151234802485,0.13477355664970495
06_evolucao_score_eventos__w60__f_ticks_s__max,51,65,106.87054811801463,114.32602195961586,99.57550902942656,105.94455365010506,-7.455473841601233,-0.13477355664970495,0.13389151234802485,0.13477355664970495
06_evolucao_score_eventos__w60__ticks_s__max,51,65,106.87054811801463,114.32602195961586,99.57550902942656,105.94455365010506,-7.455473841601233,-0.13477355664970495,0.13389151234802485,0.13477355664970495
estados_c7_dna_fluxo_v5_2__w60__qtd_hard_gates_ok__slope,45,67,0.10944684944684938,0.17133165342120557,0.057142857142857356,0.08333333333333362,-0.061884803974356195,-0.13467395837623958,0.0437671663217598,0.13467395837623958
05_estrutura_eventos_enriquecidos__w60__razao_compra30__mean,51,65,1.1957508190087907,1.1296062167942542,1.1103976374035154,1.0236063950198075,0.06614460221453644,0.13431217384625416,-0.019223750175143994,0.13431217384625416
06_evolucao_score_eventos__w60__razao_compra30__mean,51,65,1.1957508190087907,1.1296062167942542,1.1103976374035154,1.0236063950198075,0.06614460221453644,0.13431217384625416,-0.019223750175143994,0.13431217384625416
05_estrutura_eventos_enriquecidos__w60__sucesso250_120s__all_true,51,65,0.17647058823529413,0.23076923076923078,0.0,0.0,-0.05429864253393665,-0.13404401479821018,0.0024304622762826994,0.13404401479821018
07_bloqueios_auditoria_completa__w60__ajuste_estrutura__first,43,54,7.953488372093023,7.148148148148148,8.0,8.0,0.8053402239448753,0.13383592566253094,-0.09536859851068327,0.13383592566253094
estados_c7_dna_fluxo_v5_2__w60__gate_rompimento__last,57,81,0.47368421052631576,0.4074074074074074,0.0,0.0,0.06627680311890838,0.13369578383978495,-0.020838820515371215,0.13369578383978495
07_bloqueios_auditoria_completa__w60__continuidade_2s__first,43,54,0.37790697674418605,0.004629629629629629,0.25,0.0,0.3732773471145564,0.1334812169291301,-0.040920891913443634,0.1334812169291301
estados_c7_dna_fluxo_v5_2__w60__ajuste_estrutura_venda__slope,45,67,0.04989898989898987,0.278070685533372,-1.9113161769685333e-16,6.839862184977158e-17,-0.2281716956343821,-0.13328422431446318,0.09119668841842321,0.13328422431446318
estados_c7_dna_fluxo_v5_2__w60__swing_mais_recente_tipo__nunique,57,81,1.8421052631578947,1.7901234567901234,2.0,2.0,0.05198180636777128,0.13293360064877446,-0.07755750967522446,0.13293360064877446
05_estrutura_eventos_enriquecidos__w60__campanha_entradas__slope,39,53,-0.0018925518925519014,-0.011096136567834675,0.0,0.0,0.009203584675282773,0.1324503539418846,-0.0965741160029529,0.1324503539418846
06_evolucao_score_eventos__w60__campanha_entradas__slope,39,53,-0.0018925518925519014,-0.011096136567834675,0.0,0.0,0.009203584675282773,0.1324503539418846,-0.0965741160029529,0.1324503539418846
05_estrutura_eventos_enriquecidos__w60__score_oposto__mean,51,65,16.92467390996803,15.919059829059831,17.444444444444443,16.333333333333332,1.005614080908197,0.13241999209454394,-0.10250450504558543,0.13241999209454394
06_evolucao_score_eventos__w60__score_oposto__mean,51,65,16.92467390996803,15.919059829059831,17.444444444444443,16.333333333333332,1.005614080908197,0.13241999209454394,-0.10250450504558543,0.13241999209454394
bloqueios_c7_dna_fluxo_v5_2__w60__score_compra__delta,49,69,-0.8979591836734694,-5.217391304347826,0.0,0.0,4.319432120674357,0.1320986964567013,-0.07193190223455564,0.1320986964567013
estados_c7_dna_fluxo_v5_2__w60__rompimento_compra__max,57,81,-2.8815789473684212,-2.0123456790123457,0.0,-0.75,-0.8692332683560755,-0.13185839728073875,0.04117692366229327,0.13185839728073875
05_estrutura_eventos_enriquecidos__w60__campanha_ativa__ever_true,51,65,0.2549019607843137,0.2,0.0,0.0,0.0549019607843137,0.13165516926331663,-0.06850232837174972,0.13165516926331663
06_evolucao_score_eventos__w60__campanha_ativa__ever_true,51,65,0.2549019607843137,0.2,0.0,0.0,0.0549019607843137,0.13165516926331663,-0.06850232837174972,0.13165516926331663
13a_features_tempo_real__w60__pre_60s_volatilidade_close_pontos__min,82,116,173.4618715303093,182.55837064485513,163.1306648033002,167.89576128117528,-9.096499114545821,-0.13159364070387497,0.1346715100703277,0.13159364070387497
07_bloqueios_auditoria_completa__window__n,82,116,1.7804878048780488,1.5,1.0,0.0,0.2804878048780488,0.13149994532260847,-0.05908102809882428,0.13149994532260847
05_estrutura_eventos_enriquecidos__w60__spread_pct_120_60__std,51,65,0.03759661641376285,0.03295727550099816,0.025955870504240506,0.022378099902922548,0.004639340912764689,0.13146683691397065,-0.014183169526124913,0.13146683691397065
06_evolucao_score_eventos__w60__spread_pct_120_60__std,51,65,0.03759661641376285,0.03295727550099816,0.025955870504240506,0.022378099902922548,0.004639340912764689,0.13146683691397065,-0.014183169526124913,0.13146683691397065
estados_c7_dna_fluxo_v5_2__w60__nivel_invalidation__delta,57,81,0.5657894736842105,-1.0030864197530864,0.0,0.0,1.5688758934372968,0.1314565415795949,-0.0650520187757005,0.1314565415795949
bloqueios_c7_dna_fluxo_v5_2__w60__rompimento_compra__std,49,69,3.548117649213461,3.0409924882460757,2.823512391016236,1.625,0.5071251609673855,0.13138186486688666,-0.009863085499848306,0.13138186486688666
13a_features_tempo_real__last__adv_ratio_volatilidade_close_pontos_15s_60s,82,116,1.3765272140375007,1.3608708312601439,1.3449001076712028,1.3366562165584575,0.015656382777356814,0.131129113191672,-0.07966732420462516,0.131129113191672
13a_features_tempo_real__w60__adv_ratio_volatilidade_close_pontos_15s_60s__last,82,116,1.3765272140375007,1.3608708312601439,1.3449001076712028,1.3366562165584575,0.015656382777356814,0.131129113191672,-0.07966732420462516,0.131129113191672
13a_features_tempo_real__w60__pre_15s_spread_minimo__first,82,116,1.1172403260795478,1.073680777838025,1.125,1.125,0.04355954824152275,0.13059353665762813,-0.011105603971431253,0.13059353665762813
estado_mercado_tempo_real__w60__agressor_venda__last,82,116,0.2804878048780488,0.22413793103448276,0.0,0.0,0.056349873843566045,0.13057708347477587,-0.12165248309325208,0.13057708347477587
05_estrutura_eventos_enriquecidos__w60__score_venda__slope,39,53,0.3884115884115879,1.5898554275912768,-0.18787878787878767,6.938762521947631e-16,-1.2014438391796889,-0.13051174806422738,0.030159081775047357,0.13051174806422738
06_evolucao_score_eventos__w60__score_venda__slope,39,53,0.3884115884115879,1.5898554275912768,-0.18787878787878767,6.938762521947631e-16,-1.2014438391796889,-0.13051174806422738,0.030159081775047357,0.13051174806422738
estados_c7_dna_fluxo_v5_2__w60__ajuste_estrutura_compra__delta,57,81,-0.10526315789473684,-1.1851851851851851,0.0,0.0,1.0799220272904484,0.13051126857904374,-0.11381549133749422,0.13051126857904374
05_estrutura_eventos_enriquecidos__w60__rompimento_compra__max,51,65,-2.8186274509803924,-2.0,0.0,-0.75,-0.8186274509803924,-0.1303538818689579,0.031513221114857215,0.1303538818689579
06_evolucao_score_eventos__w60__rompimento_compra__max,51,65,-2.8186274509803924,-2.0,0.0,-0.75,-0.8186274509803924,-0.1303538818689579,0.031513221114857215,0.1303538818689579
estados_c7_dna_fluxo_v5_2__w60__ajuste_estrutura_venda__last,57,81,2.1403508771929824,3.1358024691358026,-2.0,8.0,-0.9954515919428202,-0.13009675743998186,0.04038714994887317,0.13009675743998186
05_estrutura_eventos_enriquecidos__w60__swing_mais_recente_preco__delta,51,65,1.4950980392156863,0.1576923076923077,0.5,0.0,1.3374057315233787,0.13001935262622738,-0.0838146051086705,0.13001935262622738
06_evolucao_score_eventos__w60__swing_mais_recente_preco__delta,51,65,1.4950980392156863,0.1576923076923077,0.5,0.0,1.3374057315233787,0.13001935262622738,-0.0838146051086705,0.13001935262622738
07_bloqueios_auditoria_completa__w60__rompimento_compra__mean,43,54,-6.062624584717609,-6.843155763989097,-4.5,-6.052083333333334,0.7805311792714882,0.1297874774845204,-0.12576048054394445,0.1297874774845204
05_estrutura_eventos_enriquecidos__w60__amplitude_swings__first,51,65,14.92156862745098,14.123076923076923,14.25,12.25,0.798491704374058,0.12976748664970542,0.06450148707979593,0.12976748664970542
06_evolucao_score_eventos__w60__amplitude_swings__first,51,65,14.92156862745098,14.123076923076923,14.25,12.25,0.798491704374058,0.12976748664970542,0.06450148707979593,0.12976748664970542
05_estrutura_eventos_enriquecidos__w60__rompimento_venda__first,51,65,-7.5,-6.492307692307692,-6.0,-4.75,-1.0076923076923077,-0.12972246881059085,0.031678089840120466,0.12972246881059085
06_evolucao_score_eventos__w60__rompimento_venda__first,51,65,-7.5,-6.492307692307692,-6.0,-4.75,-1.0076923076923077,-0.12972246881059085,0.031678089840120466,0.12972246881059085
estados_c7_dna_fluxo_v5_2__w60__eficiencia_swings__delta,57,81,-0.046718712783744676,-0.02707103455587858,-0.0019751546338167003,-0.00401155872853981,-0.019647678227866096,-0.1296636832805995,0.06838536795756768,0.1296636832805995
07_bloqueios_auditoria_completa__w60__gate_aceleracao__first,43,54,0.6046511627906976,0.6666666666666666,1.0,1.0,-0.06201550387596899,-0.1291344579903439,0.0661511748260858,0.1291344579903439
05_estrutura_eventos_enriquecidos__w60__compra30__slope,39,53,-6.663186813186814,-4.158903046638896,-4.736363636363629,-1.8833333333333309,-2.5042837665479185,-0.12900361157944068,0.053789012716986634,0.12900361157944068
06_evolucao_score_eventos__w60__compra30__slope,39,53,-6.663186813186814,-4.158903046638896,-4.736363636363629,-1.8833333333333309,-2.5042837665479185,-0.12900361157944068,0.053789012716986634,0.12900361157944068
05_estrutura_eventos_enriquecidos__w60__dna_spread__nunique,51,65,1.2352941176470589,1.1692307692307693,1.0,1.0,0.06606334841628958,0.12896436157349864,-0.06888403476882532,0.12896436157349864
06_evolucao_score_eventos__w60__dna_spread__nunique,51,65,1.2352941176470589,1.1692307692307693,1.0,1.0,0.06606334841628958,0.12896436157349864,-0.06888403476882532,0.12896436157349864
estados_c7_dna_fluxo_v5_2__w60__score_venda_base__slope,45,67,0.673155363155363,1.8145377011048651,-0.4285714285714247,0.6969696969696989,-1.1413823379495023,-0.12853432281936808,0.008620325825754158,0.12853432281936808
05_estrutura_eventos_enriquecidos__last__spread_medio_30,29,34,1.6352699276852176,1.5964904106431435,1.6198770491803278,1.6073028012362447,0.03877951704207416,0.12827124153445443,0.0074764035023868886,0.12827124153445443
06_evolucao_score_eventos__last__spread_medio_30,29,34,1.6352699276852176,1.5964904106431435,1.6198770491803278,1.6073028012362447,0.03877951704207416,0.12827124153445443,0.0074764035023868886,0.12827124153445443
bloqueios_c7_dna_fluxo_v5_2__w60__diferenca_score__delta,49,69,-1.3673469387755102,1.3043478260869565,0.0,0.0,-2.6716947648624667,-0.12814475580000972,0.08567940889075247,0.12814475580000972
estados_c7_dna_fluxo_v5_2__w60__razao_compra30__max,57,81,1.5982652786103775,1.5120532149142285,1.5153374233128831,1.3978819969742813,0.08621206369614898,0.1278127476614686,-0.04040481529201235,0.1278127476614686
05_estrutura_eventos_enriquecidos__w60__nivel_invalidation__std,51,65,2.792384663058164,2.406249051838963,2.375,1.1,0.3861356112192009,0.12762921524069532,-0.024484991387442603,0.12762921524069532
06_evolucao_score_eventos__w60__nivel_invalidation__std,51,65,2.792384663058164,2.406249051838963,2.375,1.1,0.3861356112192009,0.12762921524069532,-0.024484991387442603,0.12762921524069532
05_estrutura_eventos_enriquecidos__w60__sucesso250_30s__true_pct,51,65,51.47221514868573,47.74847374847374,50.0,60.0,3.723741400211985,0.12755606038805695,-0.09396564722827942,0.12755606038805695
bloqueios_c7_dna_fluxo_v5_2__w60__score__std,49,69,6.701240975448541,6.116198224214691,6.5,6.5,0.5850427512338499,0.12753057377626673,-0.06804130945135688,0.12753057377626673
bloqueios_c7_dna_fluxo_v5_2__w60__qtd_hard_gates_venda_ok__first,49,69,3.2244897959183674,3.449275362318841,3.0,3.0,-0.22478556640047342,-0.12745189867134774,0.032679461181132644,0.12745189867134774
05_estrutura_eventos_enriquecidos__w60__gate_continuidade__changed,51,65,0.29411764705882354,0.35384615384615387,0.0,0.0,-0.05972850678733033,-0.12726252831868007,0.04433835656567443,0.12726252831868007
06_evolucao_score_eventos__w60__gate_continuidade__changed,51,65,0.29411764705882354,0.35384615384615387,0.0,0.0,-0.05972850678733033,-0.12726252831868007,0.04433835656567443,0.12726252831868007
05_estrutura_eventos_enriquecidos__w60__spread_medio_30__first,51,65,1.6592416891517277,1.6195952592101837,1.6111111111111112,1.5823045267489713,0.03964642994154399,0.12719645734137427,0.019895066073450082,0.12719645734137427
06_evolucao_score_eventos__w60__spread_medio_30__first,51,65,1.6592416891517277,1.6195952592101837,1.6111111111111112,1.5823045267489713,0.03964642994154399,0.12719645734137427,0.019895066073450082,0.12719645734137427
estado_mercado_tempo_real__w60__score_compra__max,82,116,28.170731707317074,28.96551724137931,30.0,30.0,-0.7947855340622354,-0.12718670978430813,0.07401996154996147,0.12718670978430813
05_estrutura_eventos_enriquecidos__w60__qtd_hard_gates_compra_ok__mean,51,65,3.3792052174405116,3.214945054945055,3.2857142857142856,3.0,0.16426016249545672,0.12695327550974916,0.021771922833437346,0.12695327550974916
06_evolucao_score_eventos__w60__qtd_hard_gates_compra_ok__mean,51,65,3.3792052174405116,3.214945054945055,3.2857142857142856,3.0,0.16426016249545672,0.12695327550974916,0.021771922833437346,0.12695327550974916
05_estrutura_eventos_enriquecidos__w60__f_spread__std,51,65,0.2649174396708256,0.2415996457901481,0.23895347964007296,0.22360679774997896,0.023317793880677506,0.1269314537316153,-0.088031789273051,0.1269314537316153
05_estrutura_eventos_enriquecidos__w60__spread_atual__std,51,65,0.2649174396708256,0.2415996457901481,0.23895347964007296,0.22360679774997896,0.023317793880677506,0.1269314537316153,-0.088031789273051,0.1269314537316153
06_evolucao_score_eventos__w60__f_spread__std,51,65,0.2649174396708256,0.2415996457901481,0.23895347964007296,0.22360679774997896,0.023317793880677506,0.1269314537316153,-0.088031789273051,0.1269314537316153
06_evolucao_score_eventos__w60__spread_atual__std,51,65,0.2649174396708256,0.2415996457901481,0.23895347964007296,0.22360679774997896,0.023317793880677506,0.1269314537316153,-0.088031789273051,0.1269314537316153
07_bloqueios_auditoria_completa__w60__f_aceleracao__mean,43,54,0.1125054640368356,0.02751919678762445,0.10721694182185243,0.011499288681214515,0.08498626724921116,0.1268094853443902,0.017259496638539557,0.1268094853443902
07_bloqueios_auditoria_completa__w60__aceleracao__mean,43,54,0.1125054640368356,0.02751919678762445,0.10721694182185243,0.011499288681214515,0.08498626724921116,0.1268094853443902,0.01725949663853952,0.1268094853443902
07_bloqueios_auditoria_completa__w60__qtd_hard_gates_ok__slope,27,30,0.024603174603174273,-0.012532467532467602,-4.937662873440086e-16,2.8828903816168033e-16,0.037135642135641876,0.12655332974984398,-0.07161557253206159,0.12655332974984398
07_bloqueios_auditoria_completa__w60__mov_favor_60s__mean,43,54,686.2181616832779,779.4546657046658,458.3333333333333,648.2142857142858,-93.23650402138787,-0.12654550593557662,0.05052904314370536,0.12654550593557662
05_estrutura_eventos_enriquecidos__last__diferenca_score,29,34,39.86206896551724,43.470588235294116,36.0,39.0,-3.6085192697768775,-0.12592514900288346,-0.015165957125100587,0.12592514900288346
06_evolucao_score_eventos__last__diferenca_score,29,34,39.86206896551724,43.470588235294116,36.0,39.0,-3.6085192697768775,-0.12592514900288346,-0.015165957125100587,0.12592514900288346
05_estrutura_eventos_enriquecidos__w60__compra10__delta,51,65,-6.607843137254902,-12.8,0.0,0.0,6.192156862745099,0.12583129236768395,-0.07439353408760496,0.12583129236768395
06_evolucao_score_eventos__w60__compra10__delta,51,65,-6.607843137254902,-12.8,0.0,0.0,6.192156862745099,0.12583129236768395,-0.07439353408760496,0.12583129236768395
bloqueios_c7_dna_fluxo_v5_2__w60__ajuste_estrutura__delta,49,69,-1.183673469387755,-0.2318840579710145,0.0,0.0,-0.9517894114167406,-0.12569816319308472,0.06962554796947282,0.12569816319308472
07_bloqueios_auditoria_completa__w60__max_alta_120s__std,43,54,288.37974784183183,246.2285524471389,266.92695630078276,178.2147544044885,42.151195394692934,0.1256734082321689,-0.00025647959508917227,0.1256734082321689
05_estrutura_eventos_enriquecidos__w60__score_compra__last,51,65,45.411764705882355,41.16923076923077,42.0,34.0,4.242533936651583,0.12566448018155268,0.029745263181760725,0.12566448018155268
06_evolucao_score_eventos__w60__score_compra__last,51,65,45.411764705882355,41.16923076923077,42.0,34.0,4.242533936651583,0.12566448018155268,0.029745263181760725,0.12566448018155268
07_bloqueios_auditoria_completa__w60__diferenca_score__min,43,54,51.395348837209305,53.31481481481482,49.0,51.0,-1.9194659776055119,-0.12526953002834063,-0.012562170244852794,0.12526953002834063
05_estrutura_eventos_enriquecidos__last__f_aceleracao,29,34,0.14191244502605174,-0.0012411967285466624,0.2512954058898404,-0.2014715285726335,0.1431536417545984,0.12526896006536445,0.02206876752340015,0.12526896006536445
06_evolucao_score_eventos__last__f_aceleracao,29,34,0.14191244502605174,-0.0012411967285466624,0.2512954058898404,-0.2014715285726335,0.1431536417545984,0.12526896006536445,0.02206876752340015,0.12526896006536445
05_estrutura_eventos_enriquecidos__last__aceleracao,29,34,0.14191244502605171,-0.0012411967285466624,0.2512954058898404,-0.2014715285726335,0.14315364175459838,0.12526896006536442,0.02206876752340015,0.12526896006536442
06_evolucao_score_eventos__last__aceleracao,29,34,0.14191244502605171,-0.0012411967285466624,0.2512954058898404,-0.2014715285726335,0.14315364175459838,0.12526896006536442,0.02206876752340015,0.12526896006536442
05_estrutura_eventos_enriquecidos__w60__ajuste_estrutura__delta,51,65,-0.7843137254901961,0.36923076923076925,0.0,0.0,-1.1535444947209652,-0.12526060445557638,0.012893763926997757,0.12526060445557638
06_evolucao_score_eventos__w60__ajuste_estrutura__delta,51,65,-0.7843137254901961,0.36923076923076925,0.0,0.0,-1.1535444947209652,-0.12526060445557638,0.012893763926997757,0.12526060445557638
bloqueios_c7_dna_fluxo_v5_2__w60__continuidade_2s__last,49,69,0.04081632653061224,-0.3695652173913043,-0.5,-0.25,0.41038154392191656,0.12508781610298783,-0.06589673662755187,0.12508781610298783
07_bloqueios_auditoria_completa__w60__max_baixa_120s__slope,27,30,14.444444444444448,-15.774891774891762,22.500000000000004,76.24999999999999,30.21933621933621,0.12493049139798404,-0.05802938661126659,0.12493049139798404
05_estrutura_eventos_enriquecidos__w60__topo_30s__slope,39,53,-0.29685175935163044,-0.5345033896921725,-0.05357142857104504,-0.43333333333184276,0.23765163034054204,0.12465211894717708,-0.1425241135132794,0.12465211894717708
06_evolucao_score_eventos__w60__topo_30s__slope,39,53,-0.29685175935163044,-0.5345033896921725,-0.05357142857104504,-0.43333333333184276,0.23765163034054204,0.12465211894717708,-0.1425241135132794,0.12465211894717708
05_estrutura_eventos_enriquecidos__w60__fundo_30s__std,51,65,2.807533894432238,2.4608081473974273,2.310689445660259,1.6372402253657083,0.3467257470348106,0.1244240182237155,0.046334277868541676,0.1244240182237155
06_evolucao_score_eventos__w60__fundo_30s__std,51,65,2.807533894432238,2.4608081473974273,2.310689445660259,1.6372402253657083,0.3467257470348106,0.1244240182237155,0.046334277868541676,0.1244240182237155
07_bloqueios_auditoria_completa__w60__campanha_entradas__last,43,54,0.23255813953488372,0.16666666666666666,0.0,0.0,0.06589147286821706,0.12425275580932267,-0.04747635034631986,0.12425275580932267
05_estrutura_eventos_enriquecidos__w60__razao_compra30__first,51,65,1.1895581394553216,1.1133948751006044,1.1476793248945147,0.9901477832512317,0.07616326435471721,0.12424450097812774,-0.014729464909604452,0.12424450097812774
06_evolucao_score_eventos__w60__razao_compra30__first,51,65,1.1895581394553216,1.1133948751006044,1.1476793248945147,0.9901477832512317,0.07616326435471721,0.12424450097812774,-0.014729464909604452,0.12424450097812774
estados_c7_dna_fluxo_v5_2__w60__ultimo_fundo__delta,57,81,1.0263157894736843,-0.39814814814814814,0.0,0.0,1.4244639376218324,0.12407542268991092,-0.08627350336229063,0.12407542268991092
07_bloqueios_auditoria_completa__w60__score_base_dna__mean,43,54,67.9827796234773,68.91913981080648,67.0,67.45833333333334,-0.9363601873291856,-0.12373397631595336,0.007356924353094004,0.12373397631595336
estados_c7_dna_fluxo_v5_2__w60__ajuste_estrutura_compra__slope,45,67,-0.04562770562770552,-0.25468113975576656,2.531194396475629e-17,-5.138366118862833e-17,0.20905343412806104,0.12367181251507357,-0.10655246513751522,0.12367181251507357
bloqueios_c7_dna_fluxo_v5_2__w60__score_oposto__first,49,69,13.36734693877551,14.869565217391305,11.0,12.0,-1.5022182786157945,-0.12353863586633057,0.07501347131516249,0.12353863586633057
estados_c7_dna_fluxo_v5_2__w60__rompimento_compra__std,57,81,3.5631405922087724,4.001576262190659,3.1088583113419626,3.092122974559052,-0.438435669981887,-0.12315248042257447,0.10913641397467284,0.12315248042257447
05_estrutura_eventos_enriquecidos__w60__delta10__last,51,65,-8.098039215686274,-4.292307692307692,-4.0,-4.0,-3.805731523378582,-0.12301193272331461,0.11876107134429209,0.12301193272331461
06_evolucao_score_eventos__w60__delta10__last,51,65,-8.098039215686274,-4.292307692307692,-4.0,-4.0,-3.805731523378582,-0.12301193272331461,0.11876107134429209,0.12301193272331461
07_bloqueios_auditoria_completa__w60__score_oposto__first,43,54,10.511627906976743,11.722222222222221,11.0,10.5,-1.2105943152454781,-0.12281506890330832,0.09532061811092564,0.12281506890330832
13a_features_tempo_real__last__pre_60s_volatilidade_close_pontos,82,116,204.27489161758103,214.80636804742977,185.95115698797568,194.89590363615469,-10.531476429848738,-0.12280876728064112,0.09558761276117651,0.12280876728064112
13a_features_tempo_real__w60__pre_60s_volatilidade_close_pontos__last,82,116,204.27489161758103,214.80636804742977,185.95115698797568,194.89590363615469,-10.531476429848738,-0.12280876728064112,0.09558761276117651,0.12280876728064112
05_estrutura_eventos_enriquecidos__w60__score_venda_base__min,51,65,18.313725490196077,21.123076923076923,9.0,14.0,-2.8093514328808453,-0.12269122091509024,0.0417152038891294,0.12269122091509024
06_evolucao_score_eventos__w60__score_venda_base__min,51,65,18.313725490196077,21.123076923076923,9.0,14.0,-2.8093514328808453,-0.12269122091509024,0.0417152038891294,0.12269122091509024
bloqueios_c7_dna_fluxo_v5_2__w60__score_spread__delta,49,69,0.14285714285714285,-0.043478260869565216,0.0,0.0,0.18633540372670807,0.12231186442546477,0.014938534963200743,0.12231186442546477
05_estrutura_eventos_enriquecidos__w60__razao_compra30__std,51,65,0.28011388230754225,0.25351853831570403,0.26841106245525237,0.19248803643626466,0.026595343991838216,0.12230460961601751,-0.020319066705118523,0.12230460961601751
06_evolucao_score_eventos__w60__razao_compra30__std,51,65,0.28011388230754225,0.25351853831570403,0.26841106245525237,0.19248803643626466,0.026595343991838216,0.12230460961601751,-0.020319066705118523,0.12230460961601751
05_estrutura_eventos_enriquecidos__w60__ajuste_estrutura_compra__min,51,65,-1.0588235294117647,-1.9076923076923078,-6.0,-6.0,0.8488687782805431,0.12222917004351497,0.02862980334337538,0.12222917004351497
06_evolucao_score_eventos__w60__ajuste_estrutura_compra__min,51,65,-1.0588235294117647,-1.9076923076923078,-6.0,-6.0,0.8488687782805431,0.12222917004351497,0.02862980334337538,0.12222917004351497
05_estrutura_eventos_enriquecidos__w60__gate_delta30__first,51,65,0.5686274509803921,0.5076923076923077,1.0,1.0,0.06093514328808447,0.12216114686235961,0.0142051351044389,0.12216114686235961
06_evolucao_score_eventos__w60__gate_delta30__first,51,65,0.5686274509803921,0.5076923076923077,1.0,1.0,0.06093514328808447,0.12216114686235961,0.0142051351044389,0.12216114686235961
05_estrutura_eventos_enriquecidos__w60__score_compra_base__first,51,65,41.13725490196079,37.96923076923077,37.0,32.0,3.168024132730018,0.12198811110467225,-0.006738303290671565,0.12198811110467225
06_evolucao_score_eventos__w60__score_compra_base__first,51,65,41.13725490196079,37.96923076923077,37.0,32.0,3.168024132730018,0.12198811110467225,-0.006738303290671565,0.12198811110467225
07_bloqueios_auditoria_completa__w60__diferenca_score__max,43,54,77.3953488372093,75.55555555555556,78.0,76.5,1.8397932816537406,0.12190768830627012,-0.10405823906457573,0.12190768830627012
05_estrutura_eventos_enriquecidos__w60__score_venda__min,51,65,19.215686274509803,22.29230769230769,11.0,14.0,-3.076621417797888,-0.12151059738069216,0.01143159069716318,0.12151059738069216
06_evolucao_score_eventos__w60__score_venda__min,51,65,19.215686274509803,22.29230769230769,11.0,14.0,-3.076621417797888,-0.12151059738069216,0.01143159069716318,0.12151059738069216
estados_c7_dna_fluxo_v5_2__w60__ultimo_fundo__slope,45,67,0.13818181818173014,-0.12208680622882587,0.12499999999317025,2.3066202939453654e-12,0.260268624410556,0.12140313457640918,-0.09960458261350356,0.12140313457640918
estados_c7_dna_fluxo_v5_2__w60__spread_medio_30__last,57,81,1.5899835178633102,1.5479727552713485,1.550751879699248,1.5380710659898478,0.04201076259196168,0.12124746546871669,0.008825082893277858,0.12124746546871669
13a_sinais__w60__preco_entrada__std,82,116,0.21951219512195122,0.4558189655172414,0.0,0.0,-0.23630677039529016,-0.1211980035896787,0.06987497046237247,0.1211980035896787
13a_sinais__w60__stop_preco__std,82,116,0.21951219512195122,0.4558189655172414,0.0,0.0,-0.23630677039529016,-0.1211980035896787,0.06987497046237247,0.1211980035896787
13a_sinais__w60__target_preco__std,82,116,0.21951219512195122,0.4558189655172414,0.0,0.0,-0.23630677039529016,-0.1211980035896787,0.06987497046237247,0.1211980035896787
estados_c7_dna_fluxo_v5_2__w60__spread_pct_15__min,57,81,0.3482934171923339,0.31424747037853124,0.3333333333333333,0.238095238095238,0.034045946813802686,0.12105959353951112,0.008988491363031946,0.12105959353951112
bloqueios_c7_dna_fluxo_v5_2__w60__diferenca_score__max,49,69,76.12244897959184,74.14492753623189,75.0,78.0,1.9775214433599473,0.12101108519957324,-0.06074322410263386,0.12101108519957324
13a_features_tempo_real__w60__adv_z_pre_15s_spread_medio__max,82,116,1.303678531825711,1.194176306854762,1.2326518335984704,1.2325203174522479,0.10950222497094897,0.12093624680947228,-0.04101808902031459,0.12093624680947228
13a_features_tempo_real__w60__pre_15s_spread_medio__max,82,116,1.755308111199095,1.705574447744957,1.7230492424242425,1.7229895104895103,0.04973366345413788,0.12093624680947151,-0.04101808902031451,0.12093624680947151
estados_c7_dna_fluxo_v5_2__w60__spread_pct_5__delta,57,81,-0.03014168043750127,0.00013783007019716395,-0.006896551724137945,0.0,-0.03027951050769843,-0.12093364072755414,0.008873765472356568,0.12093364072755414
06_evolucao_score_eventos__last__score_velocidade_5,29,34,0.03076319589890466,-0.03790997210418953,0.04,0.03259344623709785,0.0686731680030942,0.1205760260681841,-0.07391110857344135,0.1205760260681841
05_estrutura_eventos_enriquecidos__w60__spread_pct_5__first,51,65,0.529448860730627,0.49041011149710545,0.6031746031746031,0.5538461538461539,0.039038749233521575,0.12045133887787512,-0.02204419774291752,0.12045133887787512
06_evolucao_score_eventos__w60__spread_pct_5__first,51,65,0.529448860730627,0.49041011149710545,0.6031746031746031,0.5538461538461539,0.039038749233521575,0.12045133887787512,-0.02204419774291752,0.12045133887787512
estados_c7_dna_fluxo_v5_2__w60__campanha_pullback__first,57,81,0.19298245614035087,0.14814814814814814,0.0,0.0,0.04483430799220273,0.12030307247367288,-0.07701235452659579,0.12030307247367288
estados_c7_dna_fluxo_v5_2__w60__rompimento_compra__slope,45,67,0.6710762385762384,0.39622342831298063,0.3181818181818181,0.13939393939393935,0.2748528102632578,0.12020181467479306,-0.022933916861853306,0.12020181467479306
estados_c7_dna_fluxo_v5_2__w60__swing_mais_recente_preco__std,57,81,3.8156508082785683,4.2331219714828086,3.927922024247863,2.930870177950569,-0.41747116320424027,-0.11984822621268607,0.1379713869168341,0.11984822621268607
05_estrutura_eventos_enriquecidos__w60__ajuste_estrutura__min,51,65,-0.1568627450980392,0.7076923076923077,-6.0,-2.0,-0.864555052790347,-0.11981723560348759,0.1351403308497675,0.11981723560348759
06_evolucao_score_eventos__w60__ajuste_estrutura__min,51,65,-0.1568627450980392,0.7076923076923077,-6.0,-2.0,-0.864555052790347,-0.11981723560348759,0.1351403308497675,0.11981723560348759
05_estrutura_eventos_enriquecidos__w60__aceleracao__max,51,65,1.2760285557956852,1.1513346142383947,1.1367144040714878,1.0592682583139634,0.12469394155729052,0.11953585302740313,0.011399287448408865,0.11953585302740313
05_estrutura_eventos_enriquecidos__w60__f_aceleracao__max,51,65,1.2760285557956852,1.1513346142383947,1.1367144040714878,1.0592682583139634,0.12469394155729052,0.11953585302740313,0.011399287448408865,0.11953585302740313
06_evolucao_score_eventos__w60__aceleracao__max,51,65,1.2760285557956852,1.1513346142383947,1.1367144040714878,1.0592682583139634,0.12469394155729052,0.11953585302740313,0.011399287448408865,0.11953585302740313
06_evolucao_score_eventos__w60__f_aceleracao__max,51,65,1.2760285557956852,1.1513346142383947,1.1367144040714878,1.0592682583139634,0.12469394155729052,0.11953585302740313,0.011399287448408865,0.11953585302740313
07_bloqueios_auditoria_completa__w60__delta30__first,43,54,-0.6976744186046512,-6.148148148148148,8.0,-8.5,5.450473729543496,0.11912372620126134,-0.036331398143183036,0.11912372620126134
07_bloqueios_auditoria_completa__w60__f_delta__first,43,54,-0.6976744186046512,-6.148148148148148,8.0,-8.5,5.450473729543496,0.11912372620126134,-0.036331398143183036,0.11912372620126134
estados_c7_dna_fluxo_v5_2__w60__spread_pct_15__delta,57,81,-0.011698078602919066,0.008698897194024158,-0.003965107057890549,0.007588075880758827,-0.020396975796943224,-0.118873786692337,0.02067834420007084,0.118873786692337
05_estrutura_eventos_enriquecidos__w60__estrutura_bruta__nunique,51,65,2.392156862745098,2.292307692307692,2.0,2.0,0.09984917043740582,0.11884023623111227,-0.10094253421001148,0.11884023623111227
06_evolucao_score_eventos__w60__estrutura_bruta__nunique,51,65,2.392156862745098,2.292307692307692,2.0,2.0,0.09984917043740582,0.11884023623111227,-0.10094253421001148,0.11884023623111227
estados_c7_dna_fluxo_v5_2__w60__compra30__first,57,81,234.8421052631579,277.9012345679012,134.0,147.0,-43.05912930474332,-0.11873658035315184,0.06979147095945085,0.11873658035315184
05_estrutura_eventos_enriquecidos__w60__venda10__min,51,65,25.96078431372549,29.815384615384616,17.0,18.0,-3.8546003016591257,-0.11796965685372228,0.04578031664330852,0.11796965685372228
06_evolucao_score_eventos__w60__venda10__min,51,65,25.96078431372549,29.815384615384616,17.0,18.0,-3.8546003016591257,-0.11796965685372228,0.04578031664330852,0.11796965685372228
06_evolucao_score_eventos__w60__score_aceleracao__slope,39,53,-0.00047796303741729775,0.0004462483972698623,-0.0008767364471718643,0.0005019100211139995,-0.00092421143468716,-0.11768811444040063,-0.01900115582542089,0.11768811444040063
05_estrutura_eventos_enriquecidos__w60__f_razao_fluxo__std,51,65,0.27347544303295923,0.246697043211683,0.19681666906583103,0.20534636159892258,0.026778399821276222,0.11756447371831209,-0.06655931717679364,0.11756447371831209
05_estrutura_eventos_enriquecidos__w60__razao_venda30__std,51,65,0.27347544303295923,0.246697043211683,0.19681666906583103,0.20534636159892278,0.026778399821276222,0.11756447371831209,-0.06655931717679364,0.11756447371831209
06_evolucao_score_eventos__w60__f_razao_fluxo__std,51,65,0.27347544303295923,0.246697043211683,0.19681666906583103,0.20534636159892258,0.026778399821276222,0.11756447371831209,-0.06655931717679364,0.11756447371831209
06_evolucao_score_eventos__w60__razao_venda30__std,51,65,0.27347544303295923,0.246697043211683,0.19681666906583103,0.20534636159892278,0.026778399821276222,0.11756447371831209,-0.06655931717679364,0.11756447371831209
estados_c7_dna_fluxo_v5_2__w60__diferenca_score__last,57,81,53.10526315789474,57.08641975308642,51.0,59.0,-3.9811565951916776,-0.11755280305789602,0.06726442509719262,0.11755280305789602
estados_c7_dna_fluxo_v5_2__w60__fundo_anterior__delta,57,81,1.6973684210526316,0.29012345679012347,0.0,0.0,1.4072449642625082,0.11715468556581088,-0.08865372695387502,0.11715468556581088
07_bloqueios_auditoria_completa__w60__gate_saldo30__changed,43,54,0.23255813953488372,0.18518518518518517,0.0,0.0,0.04737295434969854,0.11709594170196953,-0.08525402824043536,0.11709594170196953
07_bloqueios_auditoria_completa__w60__impediu_gain_120s__last,43,54,0.7674418604651163,0.8148148148148148,1.0,1.0,-0.04737295434969846,-0.11709594170196932,0.023578646716598192,0.11709594170196932
estados_c7_dna_fluxo_v5_2__w60__razao_venda30__slope,45,67,0.002476296500048242,0.021304970298080983,0.009105755626117495,0.015139812958675777,-0.01882867379803274,-0.11695934103434359,0.020348631914396263,0.11695934103434359
06_evolucao_score_eventos__w60__vel_score_faixa__nunique,51,65,2.8627450980392157,3.0153846153846153,3.0,3.0,-0.1526395173453996,-0.11692409221301452,0.05664250295997146,0.11692409221301452
estados_c7_dna_fluxo_v5_2__w60__vel5__std,57,81,0.7039528619045324,0.6497666072503523,0.6981550166610191,0.5877883870086378,0.054186254654180144,0.11690944481113116,-0.024403977479453606,0.11690944481113116
05_estrutura_eventos_enriquecidos__w60__campanha_ativa__true_pct,51,65,20.759414877061932,16.46825396825397,0.0,0.0,4.291160908807964,0.116388222643953,-0.07147780373506243,0.116388222643953
06_evolucao_score_eventos__w60__campanha_ativa__true_pct,51,65,20.759414877061932,16.46825396825397,0.0,0.0,4.291160908807964,0.116388222643953,-0.07147780373506243,0.116388222643953
05_estrutura_eventos_enriquecidos__window__n,82,116,3.6463414634146343,3.2155172413793105,2.0,1.0,0.4308242220353238,0.11633917475635273,-0.059489150642018776,0.11633917475635273
06_evolucao_score_eventos__window__n,82,116,3.6463414634146343,3.2155172413793105,2.0,1.0,0.4308242220353238,0.11633917475635273,-0.059489150642018776,0.11633917475635273
07_bloqueios_auditoria_completa__w60__f_score__slope,27,30,-1.6907407407407422,-1.1323160173160205,-0.9999999999999948,-0.7500000000000031,-0.5584247234247217,-0.11627308271440297,0.04464571664938186,0.11627308271440297
07_bloqueios_auditoria_completa__w60__score__slope,27,30,-1.6907407407407422,-1.1323160173160205,-0.9999999999999948,-0.7500000000000031,-0.5584247234247217,-0.11627308271440297,0.04464571664938186,0.11627308271440297
estados_c7_dna_fluxo_v5_2__w60__nivel_invalidation__slope,45,67,0.14454906204929605,-0.0974607482069876,6.515634657677594e-13,-7.598747693570582e-13,0.24200981025628365,0.11617867845307422,-0.09324513641335744,0.11617867845307422
estados_c7_dna_fluxo_v5_2__w60__spread_medio_30__min,57,81,1.5053680970717518,1.467613343988717,1.4858870967741935,1.4297752808988764,0.037754753083034887,0.11617664288837178,0.003904575650012389,0.11617664288837178
estados_c7_dna_fluxo_v5_2__w60__fundo_anterior__slope,45,67,0.2304088504088397,-0.032264812302071975,0.2285714285698892,0.05000000000300113,0.2626736627109117,0.11597042116194246,-0.10921704258449624,0.11597042116194246
05_estrutura_eventos_enriquecidos__w60__ajuste_estrutura_venda__mean,51,65,1.8977081741787623,2.645140415140415,0.4,3.111111111111111,-0.7474322409616527,-0.115932137209867,-0.02844124058599279,0.115932137209867
06_evolucao_score_eventos__w60__ajuste_estrutura_venda__mean,51,65,1.8977081741787623,2.645140415140415,0.4,3.111111111111111,-0.7474322409616527,-0.115932137209867,-0.02844124058599279,0.115932137209867
05_estrutura_eventos_enriquecidos__w60__base__delta,51,65,1.8480392156862746,0.6038461538461538,0.0,0.0,1.2441930618401207,0.11587571958461303,-0.06318222387930057,0.11587571958461303
05_estrutura_eventos_enriquecidos__w60__preco__delta,51,65,1.8480392156862746,0.6038461538461538,0.0,0.0,1.2441930618401207,0.11587571958461303,-0.06318222387930057,0.11587571958461303
05_estrutura_eventos_enriquecidos__w60__preco_2__delta,51,65,1.8480392156862746,0.6038461538461538,0.0,0.0,1.2441930618401207,0.11587571958461303,-0.06318222387930057,0.11587571958461303
05_estrutura_eventos_enriquecidos__w60__ref__delta,51,65,1.8480392156862746,0.6038461538461538,0.0,0.0,1.2441930618401207,0.11587571958461303,-0.06318222387930057,0.11587571958461303
06_evolucao_score_eventos__w60__base__delta,51,65,1.8480392156862746,0.6038461538461538,0.0,0.0,1.2441930618401207,0.11587571958461303,-0.06318222387930057,0.11587571958461303
06_evolucao_score_eventos__w60__preco__delta,51,65,1.8480392156862746,0.6038461538461538,0.0,0.0,1.2441930618401207,0.11587571958461303,-0.06318222387930057,0.11587571958461303
06_evolucao_score_eventos__w60__preco_2__delta,51,65,1.8480392156862746,0.6038461538461538,0.0,0.0,1.2441930618401207,0.11587571958461303,-0.06318222387930057,0.11587571958461303
06_evolucao_score_eventos__w60__ref__delta,51,65,1.8480392156862746,0.6038461538461538,0.0,0.0,1.2441930618401207,0.11587571958461303,-0.06318222387930057,0.11587571958461303
05_estrutura_eventos_enriquecidos__w60__diferenca_score__std,51,65,20.72596265265796,19.554786528206957,22.582293949021214,22.410586226156603,1.1711761244510015,0.11547682071738777,-0.03411857795216672,0.11547682071738777
06_evolucao_score_eventos__w60__diferenca_score__std,51,65,20.72596265265796,19.554786528206957,22.582293949021214,22.410586226156603,1.1711761244510015,0.11547682071738777,-0.03411857795216672,0.11547682071738777
07_bloqueios_auditoria_completa__w60__campanha_pullback__all_true,43,54,0.09302325581395349,0.12962962962962962,0.0,0.0,-0.036606373815676135,-0.11544705968659813,0.0178813100239266,0.11544705968659813
estados_c7_dna_fluxo_v5_2__w60__spread_pct_15__last,57,81,0.461413938308454,0.42546779151003705,0.4887218045112781,0.4322033898305085,0.035946146798416956,0.11534166955748715,-0.01856869922193058,0.11534166955748715
05_estrutura_eventos_enriquecidos__w60__ultimo_topo__delta,51,65,1.1225490196078431,-0.03076923076923077,0.0,0.0,1.1533182503770738,0.11498049518026718,-0.09451821222755814,0.11498049518026718
06_evolucao_score_eventos__w60__ultimo_topo__delta,51,65,1.1225490196078431,-0.03076923076923077,0.0,0.0,1.1533182503770738,0.11498049518026718,-0.09451821222755814,0.11498049518026718
05_estrutura_eventos_enriquecidos__w60__ajuste_estrutura__first,51,65,6.705882352941177,5.969230769230769,8.0,8.0,0.7366515837104073,0.11478006903823776,0.031189685967711756,0.11478006903823776
06_evolucao_score_eventos__w60__ajuste_estrutura__first,51,65,6.705882352941177,5.969230769230769,8.0,8.0,0.7366515837104073,0.11478006903823776,0.031189685967711756,0.11478006903823776
bloqueios_c7_dna_fluxo_v5_2__w60__aceleracao__min,49,69,-0.9259227735848534,-0.792066964940998,-0.8798093409989156,-0.6290791000331739,-0.13385580864385538,-0.11477946143721643,0.0543835714037001,0.11477946143721643
13a_features_tempo_real__w60__adv_delta_spread_minimo_15s_30s__min,82,116,0.005190185830429731,0.009034439547143721,0.0,0.0,-0.00384425371671399,-0.11453874514079929,0.04799552950024001,0.11453874514079929
07_bloqueios_auditoria_completa__w60__gate_continuidade__ever_true,43,54,0.9534883720930233,0.9259259259259259,1.0,1.0,0.027562446167097354,0.11441768895382214,-0.12191116195639408,0.11441768895382214
estados_c7_dna_fluxo_v5_2__w60__gate_saldo30__last,57,81,0.7894736842105263,0.7407407407407407,1.0,1.0,0.04873294346978563,0.11424839574137818,0.007443252470829499,0.11424839574137818
estados_c7_dna_fluxo_v5_2__w60__confirmacoes_candidata__max,57,81,1.2456140350877194,1.123456790123457,1.0,1.0,0.1221572449642625,0.1142271597224773,-0.002776816772353788,0.1142271597224773
05_estrutura_eventos_enriquecidos__w60__aceleracao__min,51,65,-1.045151652574988,-0.9223033281497551,-1.028067367386192,-0.9336158932411384,-0.12284832442523286,-0.1142147404936325,0.12627993258398518,0.1142147404936325
05_estrutura_eventos_enriquecidos__w60__f_aceleracao__min,51,65,-1.045151652574988,-0.9223033281497551,-1.028067367386192,-0.9336158932411384,-0.12284832442523286,-0.1142147404936325,0.12627993258398518,0.1142147404936325
06_evolucao_score_eventos__w60__aceleracao__min,51,65,-1.045151652574988,-0.9223033281497551,-1.028067367386192,-0.9336158932411384,-0.12284832442523286,-0.1142147404936325,0.12627993258398518,0.1142147404936325
06_evolucao_score_eventos__w60__f_aceleracao__min,51,65,-1.045151652574988,-0.9223033281497551,-1.028067367386192,-0.9336158932411384,-0.12284832442523286,-0.1142147404936325,0.12627993258398518,0.1142147404936325
05_estrutura_eventos_enriquecidos__w60__f_saldo__last,51,65,-8.411764705882353,1.0461538461538462,4.0,-4.0,-9.4579185520362,-0.11408112800513306,0.04819338866521343,0.11408112800513306
05_estrutura_eventos_enriquecidos__w60__saldo30__last,51,65,-8.411764705882353,1.0461538461538462,4.0,-4.0,-9.4579185520362,-0.11408112800513306,0.04819338866521343,0.11408112800513306
06_evolucao_score_eventos__w60__f_saldo__last,51,65,-8.411764705882353,1.0461538461538462,4.0,-4.0,-9.4579185520362,-0.11408112800513306,0.04819338866521343,0.11408112800513306
06_evolucao_score_eventos__w60__saldo30__last,51,65,-8.411764705882353,1.0461538461538462,4.0,-4.0,-9.4579185520362,-0.11408112800513306,0.04819338866521343,0.11408112800513306
05_estrutura_eventos_enriquecidos__w60__score_venda__mean,51,65,39.9467306114365,42.77043956043956,35.666666666666664,40.666666666666664,-2.8237089490030627,-0.11393474184511948,-0.0021940353106041557,0.11393474184511948
06_evolucao_score_eventos__w60__score_venda__mean,51,65,39.9467306114365,42.77043956043956,35.666666666666664,40.666666666666664,-2.8237089490030627,-0.11393474184511948,-0.0021940353106041557,0.11393474184511948
bloqueios_c7_dna_fluxo_v5_2__w60__gate_rompimento__changed,49,69,0.3877551020408163,0.3333333333333333,0.0,0.0,0.054421768707483,0.11366407401056472,-0.042811799776758454,0.11366407401056472
bloqueios_c7_dna_fluxo_v5_2__w60__gate_continuidade__all_true,49,69,0.3877551020408163,0.3333333333333333,0.0,0.0,0.054421768707483,0.11366407401056472,-0.06409744180059107,0.11366407401056472
bloqueios_c7_dna_fluxo_v5_2__w60__qtd_hard_gates_compra_ok__delta,49,69,-0.08163265306122448,-0.30434782608695654,0.0,0.0,0.22271517302573207,0.11358076698272991,-0.04037942134264086,0.11358076698272991
07_bloqueios_auditoria_completa__w60__mov_contra_120s__last,43,54,919.7674418604652,806.4814814814815,600.0,787.5,113.28596037898365,0.11319008444759085,-0.004490828141350002,0.11319008444759085
estados_c7_dna_fluxo_v5_2__w60__compra30__delta,57,81,-32.87719298245614,-14.666666666666666,0.0,0.0,-18.210526315789473,-0.11317055168291507,0.1300166119507816,0.11317055168291507
estados_c7_dna_fluxo_v5_2__w60__venda10__std,57,81,32.53915297913208,27.60073855938218,17.841552277039153,15.755069730795299,4.938414419749904,0.11308558889869491,-0.015270262593972449,0.11308558889869491
estados_c7_dna_fluxo_v5_2__w60__campanha_pullback__true_count,57,81,1.1228070175438596,0.8641975308641975,0.0,0.0,0.2586094866796621,0.11307074924094937,-0.0777234293386046,0.11307074924094937
05_estrutura_eventos_enriquecidos__w60__delta30__last,51,65,-9.156862745098039,-4.123076923076923,0.0,-6.0,-5.033785822021116,-0.11295101450706185,0.05729053876422161,0.11295101450706185
05_estrutura_eventos_enriquecidos__w60__f_delta__last,51,65,-9.156862745098039,-4.123076923076923,0.0,-6.0,-5.033785822021116,-0.11295101450706185,0.05729053876422161,0.11295101450706185
06_evolucao_score_eventos__w60__delta30__last,51,65,-9.156862745098039,-4.123076923076923,0.0,-6.0,-5.033785822021116,-0.11295101450706185,0.05729053876422161,0.11295101450706185
06_evolucao_score_eventos__w60__f_delta__last,51,65,-9.156862745098039,-4.123076923076923,0.0,-6.0,-5.033785822021116,-0.11295101450706185,0.05729053876422161,0.11295101450706185
05_estrutura_eventos_enriquecidos__w60__saldo10__last,51,65,-7.588235294117647,-0.9230769230769231,1.0,-1.0,-6.665158371040723,-0.11282240192384842,0.11026006752557886,0.11282240192384842
06_evolucao_score_eventos__w60__saldo10__last,51,65,-7.588235294117647,-0.9230769230769231,1.0,-1.0,-6.665158371040723,-0.11282240192384842,0.11026006752557886,0.11282240192384842
estados_c7_dna_fluxo_v5_2__w60__ultimo_fundo__std,57,81,3.3542765228965763,3.7674669114783135,3.2186953878862163,2.5543475405716998,-0.4131903885817372,-0.11281301855505971,0.15746301932697238,0.11281301855505971
estado_mercado_tempo_real__w60__decisao__nunique,82,116,2.4390243902439024,2.3793103448275863,2.0,2.0,0.059714045416316086,0.112608735587284,-0.0358095311776329,0.112608735587284
bloqueios_c7_dna_fluxo_v5_2__w60__qtd_hard_gates_ok__min,49,69,4.469387755102041,4.391304347826087,4.0,4.0,0.07808340727595375,0.11253141001461368,-0.054518424357554114,0.11253141001461368
05_estrutura_eventos_enriquecidos__w60__ajuste_estrutura_venda__max,51,65,5.803921568627451,6.615384615384615,8.0,12.0,-0.8114630467571642,-0.11249013624681552,-0.02570622215512508,0.11249013624681552
06_evolucao_score_eventos__w60__ajuste_estrutura_venda__max,51,65,5.803921568627451,6.615384615384615,8.0,12.0,-0.8114630467571642,-0.11249013624681552,-0.02570622215512508,0.11249013624681552
estados_c7_dna_fluxo_v5_2__w60__venda30__last,57,81,217.24561403508773,253.19753086419752,115.0,126.0,-35.95191682910979,-0.11233105595354544,0.11723335921317592,0.11233105595354544
estados_c7_dna_fluxo_v5_2__w60__diferenca_score__mean,57,81,47.10200311384521,49.418954536547126,42.5,49.75,-2.3169514227019192,-0.1123071769891764,0.09624307720025854,0.1123071769891764
estados_c7_dna_fluxo_v5_2__w60__estrutura_bruta__nunique,57,81,2.43859649122807,2.345679012345679,3.0,2.0,0.09291747888239099,0.1121988199632393,-0.05712509355237817,0.1121988199632393
05_estrutura_eventos_enriquecidos__w60__rompimento_compra__delta,51,65,2.872549019607843,1.9115384615384616,2.25,1.5,0.9610105580693815,0.11194043061532798,-0.045981415231919585,0.11194043061532798
06_evolucao_score_eventos__w60__rompimento_compra__delta,51,65,2.872549019607843,1.9115384615384616,2.25,1.5,0.9610105580693815,0.11194043061532798,-0.045981415231919585,0.11194043061532798
estado_mercado_tempo_real__w60__motivo__nunique,82,116,2.682926829268293,2.5948275862068964,3.0,2.0,0.08809924306139649,0.1112867929443735,-0.03296246125346037,0.1112867929443735
05_estrutura_eventos_enriquecidos__w60__razao_venda30__slope,39,53,0.0012676566368031523,0.020774515084175545,0.0113643003213555,0.013788490635930774,-0.019506858447372395,-0.11118441734601253,0.024530997266502867,0.11118441734601253
06_evolucao_score_eventos__w60__razao_venda30__slope,39,53,0.0012676566368031523,0.020774515084175545,0.0113643003213555,0.013788490635930774,-0.019506858447372395,-0.11118441734601253,0.024530997266502867,0.11118441734601253
05_estrutura_eventos_enriquecidos__w60__f_razao_fluxo__slope,39,53,0.0012676566368031523,0.020774515084175542,0.0113643003213555,0.013788490635930774,-0.01950685844737239,-0.11118441734601252,0.024530997266502867,0.11118441734601252
06_evolucao_score_eventos__w60__f_razao_fluxo__slope,39,53,0.0012676566368031523,0.020774515084175542,0.0113643003213555,0.013788490635930774,-0.01950685844737239,-0.11118441734601252,0.024530997266502867,0.11118441734601252
05_estrutura_eventos_enriquecidos__w60__score_compra_base__std,51,65,15.137477018373513,14.183125309586087,15.552380628375726,13.671634146908465,0.954351708787426,0.11117251134072165,-0.05724073763954207,0.11117251134072165
06_evolucao_score_eventos__w60__score_compra_base__std,51,65,15.137477018373513,14.183125309586087,15.552380628375726,13.671634146908465,0.954351708787426,0.11117251134072165,-0.05724073763954207,0.11117251134072165
estados_c7_dna_fluxo_v5_2__w60__spread_pct_30__last,57,81,0.4522733967969065,0.4188807446768223,0.4765625,0.3939393939393939,0.03339265212008419,0.111140712046675,0.007259593069516435,0.111140712046675
bloqueios_c7_dna_fluxo_v5_2__w60__gate_continuidade__transitions,49,69,1.1428571428571428,1.0144927536231885,1.0,1.0,0.12836438923395432,0.1111229369637825,0.0004361442258513666,0.1111229369637825
estados_c7_dna_fluxo_v5_2__w60__gate_delta30__ever_true,57,81,0.8947368421052632,0.9259259259259259,1.0,1.0,-0.031189083820662766,-0.11068934266286518,0.09552389161238518,0.11068934266286518
estados_c7_dna_fluxo_v5_2__w60__tipo_entrada_campanha__nunique,57,81,1.3157894736842106,1.2469135802469136,1.0,1.0,0.06887589343729705,0.11058160484184412,-0.08201530126162807,0.11058160484184412
estados_c7_dna_fluxo_v5_2__w60__score__mean,57,81,65.7240797701324,67.35794140701549,60.0,66.8,-1.6338616368830827,-0.11056384644721869,0.09621026336787257,0.11056384644721869
07_bloqueios_auditoria_completa__w60__impediu_gain_120s__true_count,43,54,2.441860465116279,2.6481481481481484,2.0,2.0,-0.2062876830318694,-0.11051991892636776,-0.006000687977276208,0.11051991892636776
estados_c7_dna_fluxo_v5_2__w60__qtd_hard_gates_venda_ok__slope,45,67,0.045858585858585835,0.1119306067067261,-0.0787878787878788,0.011904761904761797,-0.06607202084814026,-0.11043721484421958,-0.007271850534046149,0.11043721484421958
05_estrutura_eventos_enriquecidos__w60__venda30__last,51,65,145.88235294117646,135.8923076923077,114.0,105.0,9.990045248868768,0.11034969498911608,-0.031992382557234834,0.11034969498911608
06_evolucao_score_eventos__w60__venda30__last,51,65,145.88235294117646,135.8923076923077,114.0,105.0,9.990045248868768,0.11034969498911608,-0.031992382557234834,0.11034969498911608
estados_c7_dna_fluxo_v5_2__w60__campanha_pullback__last,57,81,0.17543859649122806,0.13580246913580246,0.0,0.0,0.0396361273554256,0.11034882759380503,-0.06336941747611438,0.11034882759380503
05_estrutura_eventos_enriquecidos__w60__campanha_entradas__delta,51,65,-0.0196078431372549,-0.06153846153846154,0.0,0.0,0.04193061840120664,0.11023164309378135,-0.08554935218529233,0.11023164309378135
06_evolucao_score_eventos__w60__campanha_entradas__delta,51,65,-0.0196078431372549,-0.06153846153846154,0.0,0.0,0.04193061840120664,0.11023164309378135,-0.08554935218529233,0.11023164309378135
05_estrutura_eventos_enriquecidos__w60__topo_anterior__delta,51,65,-0.44607843137254904,0.7076923076923077,0.0,0.0,-1.1537707390648568,-0.11009986089197664,0.012689503903971151,0.11009986089197664
06_evolucao_score_eventos__w60__topo_anterior__delta,51,65,-0.44607843137254904,0.7076923076923077,0.0,0.0,-1.1537707390648568,-0.11009986089197664,0.012689503903971151,0.11009986089197664
05_estrutura_eventos_enriquecidos__w60__rompimento_compra__slope,39,53,0.6168498168498168,0.397249448664543,0.3181818181818181,0.3249999999999995,0.2196003681852738,0.10949085590446757,-0.009881385975502994,0.10949085590446757
06_evolucao_score_eventos__w60__rompimento_compra__slope,39,53,0.6168498168498168,0.397249448664543,0.3181818181818181,0.3249999999999995,0.2196003681852738,0.10949085590446757,-0.009881385975502994,0.10949085590446757
estados_c7_dna_fluxo_v5_2__w60__saldo10__std,57,81,33.673125942369026,30.126886243801202,26.0,24.80939686569398,3.546239698567824,0.10934083126611742,0.005352073211593804,0.10934083126611742
05_estrutura_eventos_enriquecidos__w60__f_lado__nunique,51,65,1.607843137254902,1.5538461538461539,2.0,2.0,0.053996983408748145,0.10931809276510766,-0.08967933350262192,0.10931809276510766
05_estrutura_eventos_enriquecidos__w60__lado__nunique,51,65,1.607843137254902,1.5538461538461539,2.0,2.0,0.053996983408748145,0.10931809276510766,-0.08967933350262192,0.10931809276510766
06_evolucao_score_eventos__w60__f_lado__nunique,51,65,1.607843137254902,1.5538461538461539,2.0,2.0,0.053996983408748145,0.10931809276510766,-0.08967933350262192,0.10931809276510766
06_evolucao_score_eventos__w60__lado__nunique,51,65,1.607843137254902,1.5538461538461539,2.0,2.0,0.053996983408748145,0.10931809276510766,-0.08967933350262192,0.10931809276510766
estados_c7_dna_fluxo_v5_2__w60__continuidade_2s__slope,45,67,0.016215728715728718,-0.11079989662079213,0.01666666666666564,-0.016666666666666708,0.12701562533652086,0.10924117609403496,0.011989154356969041,0.10924117609403496
05_estrutura_eventos_enriquecidos__w60__hard_gates_compra_ok__true_pct,51,65,5.947712418300653,8.142857142857142,0.0,0.0,-2.1951447245564895,-0.10890489507037725,0.1262541970222717,0.10890489507037725
06_evolucao_score_eventos__w60__hard_gates_compra_ok__true_pct,51,65,5.947712418300653,8.142857142857142,0.0,0.0,-2.1951447245564895,-0.10890489507037725,0.1262541970222717,0.10890489507037725
estados_c7_dna_fluxo_v5_2__w60__spread_pct_120_60__slope,45,67,0.000733936695383262,-0.00203172326231893,-0.0004271045043979609,0.0,0.002765659957702192,0.10885621804395174,-0.026067132381568412,0.10885621804395174
05_estrutura_eventos_enriquecidos__w60__spread_pct_15__std,51,65,0.08429409792259154,0.07782814608487121,0.0908561834801824,0.07432205172005588,0.006465951837720335,0.10843700480724024,-0.08799866854442175,0.10843700480724024
06_evolucao_score_eventos__w60__spread_pct_15__std,51,65,0.08429409792259154,0.07782814608487121,0.0908561834801824,0.07432205172005588,0.006465951837720335,0.10843700480724024,-0.08799866854442175,0.10843700480724024
estados_c7_dna_fluxo_v5_2__w60__score_base_dna__max,57,81,81.94736842105263,83.70370370370371,87.0,87.0,-1.7563352826510794,-0.10810841521263702,0.12097009102949896,0.10810841521263702
bloqueios_c7_dna_fluxo_v5_2__w60__gate_vel15__true_count,49,69,3.204081632653061,3.0,3.0,3.0,0.204081632653061,0.10802523263630272,0.0011200606900882346,0.10802523263630272
bloqueios_c7_dna_fluxo_v5_2__w60__saldo30__std,49,69,29.763850039307634,33.59914359499411,19.754043186705406,24.055491403558285,-3.8352935556864765,-0.10769641883848584,0.14949583822085166,0.10769641883848584
05_estrutura_eventos_enriquecidos__w60__gate_saldo30__last,51,65,0.7843137254901961,0.7384615384615385,1.0,1.0,0.045852187028657565,0.1071513612495889,0.002370462256168462,0.1071513612495889
06_evolucao_score_eventos__w60__gate_saldo30__last,51,65,0.7843137254901961,0.7384615384615385,1.0,1.0,0.045852187028657565,0.1071513612495889,0.002370462256168462,0.1071513612495889
13a_features_tempo_real__w60__pre_15s_volatilidade_close_pontos__mean,82,116,196.9336288157739,205.7173129846779,183.44225491756407,187.87208322811483,-8.783684168904017,-0.10695487148550026,0.114818033169289,0.10695487148550026
estados_c7_dna_fluxo_v5_2__w60__vel_anterior__last,57,81,0.04723470744410394,-0.015440074865408049,-0.0518295843267337,0.0,0.06267478230951198,0.10693773464988988,-0.07280272121467653,0.10693773464988988
05_estrutura_eventos_enriquecidos__w60__score_compra__std,51,65,15.809352100736005,14.845667062692396,16.938523555697337,14.853191035956458,0.963685038043609,0.10684719995485334,-0.04651819803712346,0.10684719995485334
06_evolucao_score_eventos__w60__score_compra__std,51,65,15.809352100736005,14.845667062692396,16.938523555697337,14.853191035956458,0.963685038043609,0.10684719995485334,-0.04651819803712346,0.10684719995485334
estados_c7_dna_fluxo_v5_2__w60__campanha_pullback__ever_true,57,81,0.22807017543859648,0.18518518518518517,0.0,0.0,0.042884990253411304,0.10663727628630475,-0.05318162684384886,0.10663727628630475
estados_c7_dna_fluxo_v5_2__w60__compra10__max,57,81,122.59649122807018,140.58024691358025,85.0,76.0,-17.983755685510076,-0.10656725599279077,0.10946587591487614,0.10656725599279077
estados_c7_dna_fluxo_v5_2__last__score_base_dna,34,46,56.64705882352941,54.73913043478261,56.0,56.0,1.9079283887468037,0.10641602777557861,-0.10726355376772412,0.10641602777557861
estados_c7_dna_fluxo_v5_2__w60__vel5__max,57,81,1.1407757720432652,1.0297451071647625,1.0889500229252635,0.9670195439739414,0.11103066487850266,0.10611853459402683,0.0011142659018671273,0.10611853459402683
estados_c7_dna_fluxo_v5_2__w60__spread_atual__std,57,81,0.2555480683263695,0.23684502460884793,0.2290614236454256,0.21872244094477253,0.018703043717521572,0.10571070165357108,-0.04164610667249378,0.10571070165357108
estados_c7_dna_fluxo_v5_2__w60__compra30__max,57,81,286.2631578947368,330.6666666666667,182.0,176.0,-44.403508771929864,-0.10553100958966896,0.07788116250861826,0.10553100958966896
bloqueios_c7_dna_fluxo_v5_2__w60__gate_delta30__ever_true,49,69,0.8163265306122449,0.855072463768116,1.0,1.0,-0.03874593315587105,-0.10541774802762283,0.05191230012396455,0.10541774802762283
05_estrutura_eventos_enriquecidos__w60__score_venda_base__slope,39,53,0.5417138417138414,1.5148002940455771,-0.9090909090909092,8.129555825336368e-16,-0.9730864523317357,-0.10531899585554774,0.009090837833492961,0.10531899585554774
06_evolucao_score_eventos__w60__score_venda_base__slope,39,53,0.5417138417138414,1.5148002940455771,-0.9090909090909092,8.129555825336368e-16,-0.9730864523317357,-0.10531899585554774,0.009090837833492961,0.10531899585554774
07_bloqueios_auditoria_completa__w60__mov_favor_60s__max,43,54,1204.6511627906978,1090.7407407407406,850.0,925.0,113.9104220499571,0.10500301294761179,-0.022267485046034836,0.10500301294761179
05_estrutura_eventos_enriquecidos__w60__razao_compra30__last,51,65,1.206680180373218,1.1373581425916899,1.0404040404040404,0.9771428571428572,0.06932203778152801,0.10495833234964488,-0.02147724486275301,0.10495833234964488
06_evolucao_score_eventos__w60__razao_compra30__last,51,65,1.206680180373218,1.1373581425916899,1.0404040404040404,0.9771428571428572,0.06932203778152801,0.10495833234964488,-0.02147724486275301,0.10495833234964488
estados_c7_dna_fluxo_v5_2__w60__gate_rompimento__true_pct,57,81,26.87786385154806,24.085341955712323,20.0,20.0,2.792521895835737,0.10483309729814864,0.021702622199880905,0.10483309729814864
06_evolucao_score_eventos__w60__score_aceleracao__delta,51,65,0.0025575565047572337,0.007094463582827949,0.0,0.0,-0.004536907078070715,-0.10474118736147808,0.04268443748808795,0.10474118736147808
05_estrutura_eventos_enriquecidos__w60__amplitude_swings__delta,51,65,-1.2745098039215685,-1.9692307692307693,-1.0,0.0,0.6947209653092008,0.10468045125153212,-0.1291976627083185,0.10468045125153212
06_evolucao_score_eventos__w60__amplitude_swings__delta,51,65,-1.2745098039215685,-1.9692307692307693,-1.0,0.0,0.6947209653092008,0.10468045125153212,-0.1291976627083185,0.10468045125153212
estados_c7_dna_fluxo_v5_2__w60__spread_max_30__mean,57,81,2.8148357003620164,2.7203360768175586,2.7,2.5277777777777777,0.09449962354445773,0.10463426163616459,0.054393943211669675,0.10463426163616459
bloqueios_c7_dna_fluxo_v5_2__w60__score_oposto__last,49,69,14.306122448979592,13.101449275362318,13.0,12.0,1.204673173617273,0.10460421669546144,-0.04676270365650793,0.10460421669546144
estados_c7_dna_fluxo_v5_2__w60__compra30__slope,45,67,-9.099341029341023,-5.765755637397429,-5.833333333333333,-1.8833333333333309,-3.3335853919435943,-0.10450604263721334,0.11093169396044063,0.10450604263721334
05_estrutura_eventos_enriquecidos__w60__compra30__std,51,65,31.98230939803857,28.90654745203935,27.883686987197372,21.224330901637916,3.0757619459992185,0.10448434914625847,-0.0243048700201894,0.10448434914625847
06_evolucao_score_eventos__w60__compra30__std,51,65,31.98230939803857,28.90654745203935,27.883686987197372,21.224330901637916,3.0757619459992185,0.10448434914625847,-0.0243048700201894,0.10448434914625847
05_estrutura_eventos_enriquecidos__w60__f_ticks_s__std,51,65,13.63236030670184,15.263182420467668,12.46428761642644,11.047943864954142,-1.630822113765829,-0.10441976787220297,0.10133000167942886,0.10441976787220297
05_estrutura_eventos_enriquecidos__w60__ticks_s__std,51,65,13.63236030670184,15.263182420467668,12.46428761642644,11.047943864954142,-1.630822113765829,-0.10441976787220297,0.10133000167942886,0.10441976787220297
06_evolucao_score_eventos__w60__f_ticks_s__std,51,65,13.63236030670184,15.263182420467668,12.46428761642644,11.047943864954142,-1.630822113765829,-0.10441976787220297,0.10133000167942886,0.10441976787220297
06_evolucao_score_eventos__w60__ticks_s__std,51,65,13.63236030670184,15.263182420467668,12.46428761642644,11.047943864954142,-1.630822113765829,-0.10441976787220297,0.10133000167942886,0.10441976787220297
bloqueios_c7_dna_fluxo_v5_2__w60__score_oposto__min,49,69,7.428571428571429,8.391304347826088,5.0,4.0,-0.962732919254659,-0.10441788542714206,0.050989591646207824,0.10441788542714206
estados_c7_dna_fluxo_v5_2__w60__score_compra__last,57,81,44.89473684210526,41.49382716049383,41.0,34.0,3.400909681611431,0.1039018130295825,0.014433899141643551,0.1039018130295825
07_bloqueios_auditoria_completa__w60__gate_aceleracao__true_count,43,54,2.2325581395348837,2.0925925925925926,2.0,2.0,0.13996554694229113,0.10370813171656888,-0.09273430897899737,0.10370813171656888
07_bloqueios_auditoria_completa__w60__max_baixa_30s__mean,43,54,-322.32696566998897,-357.9475308641976,-250.0,-275.0,35.62056519420861,0.10367303268834999,-0.09797585308194826,0.10367303268834999
05_estrutura_eventos_enriquecidos__w60__continuidade_2s__min,51,65,-2.7549019607843137,-2.4884615384615385,-2.5,-2.5,-0.2664404223227752,-0.1035989425128069,0.08417008205351562,0.1035989425128069
06_evolucao_score_eventos__w60__continuidade_2s__min,51,65,-2.7549019607843137,-2.4884615384615385,-2.5,-2.5,-0.2664404223227752,-0.1035989425128069,0.08417008205351562,0.1035989425128069
bloqueios_c7_dna_fluxo_v5_2__w60__delta30__mean,49,69,-17.47803692905734,-24.028765920070267,0.3333333333333333,-18.0,6.550728991012928,0.10355274721459624,-0.049408939700641544,0.10355274721459624
06_evolucao_score_eventos__w60__score_velocidade_5__std,51,65,0.4494802134971233,0.4176470483125931,0.4717201266456483,0.4547034478058773,0.03183316518453022,0.10329092816553113,-0.031105533285861516,0.10329092816553113
05_estrutura_eventos_enriquecidos__w60__f_ticks_s__min,51,65,67.82648266404429,71.00327890525433,67.50582750582751,64.14708886618999,-3.1767962412100417,-0.1032444096383079,0.09951851139858679,0.1032444096383079
05_estrutura_eventos_enriquecidos__w60__ticks_s__min,51,65,67.82648266404429,71.00327890525433,67.50582750582751,64.14708886618999,-3.1767962412100417,-0.1032444096383079,0.09951851139858679,0.1032444096383079
06_evolucao_score_eventos__w60__f_ticks_s__min,51,65,67.82648266404429,71.00327890525433,67.50582750582751,64.14708886618999,-3.1767962412100417,-0.1032444096383079,0.09951851139858679,0.1032444096383079
06_evolucao_score_eventos__w60__ticks_s__min,51,65,67.82648266404429,71.00327890525433,67.50582750582751,64.14708886618999,-3.1767962412100417,-0.1032444096383079,0.09951851139858679,0.1032444096383079
estado_mercado_tempo_real__last__agressor_venda,81,110,0.2716049382716049,0.22727272727272727,0.0,0.0,0.04433221099887766,0.10292540482191032,-0.11056375019883828,0.10292540482191032
05_estrutura_eventos_enriquecidos__w60__delta30__slope,39,53,-0.687201687201686,-2.010683655966675,-1.202380952380952,-1.5878787878787868,1.323481968764989,0.1027859140967898,-0.046906939265640046,0.1027859140967898
05_estrutura_eventos_enriquecidos__w60__f_delta__slope,39,53,-0.687201687201686,-2.010683655966675,-1.202380952380952,-1.5878787878787868,1.323481968764989,0.1027859140967898,-0.046906939265640046,0.1027859140967898
06_evolucao_score_eventos__w60__delta30__slope,39,53,-0.687201687201686,-2.010683655966675,-1.202380952380952,-1.5878787878787868,1.323481968764989,0.1027859140967898,-0.046906939265640046,0.1027859140967898
06_evolucao_score_eventos__w60__f_delta__slope,39,53,-0.687201687201686,-2.010683655966675,-1.202380952380952,-1.5878787878787868,1.323481968764989,0.1027859140967898,-0.046906939265640046,0.1027859140967898
13a_features_tempo_real__last__cobertura_15s,82,116,12.817073170731707,12.64655172413793,13.0,13.0,0.1705214465937761,0.10267176216112696,-0.046438830141748176,0.10267176216112696
13a_features_tempo_real__w60__cobertura_15s__last,82,116,12.817073170731707,12.64655172413793,13.0,13.0,0.1705214465937761,0.10267176216112696,-0.046438830141748176,0.10267176216112696
estados_c7_dna_fluxo_v5_2__w60__ajuste_estrutura__last,57,81,5.614035087719298,6.320987654320987,8.0,8.0,-0.7069525666016894,-0.10266254369932715,0.07424664545077383,0.10266254369932715
bloqueios_c7_dna_fluxo_v5_2__w60__qtd_hard_gates_ok__slope,32,41,0.04687499999999969,0.01591700981944875,-3.3641043284655636e-16,2.9941133098064534e-16,0.030957990180550937,0.10257480015180137,-0.01168046648451853,0.10257480015180137
05_estrutura_eventos_enriquecidos__w60__eficiencia_swings__delta,51,65,-0.0400042010999994,-0.02485347116605709,-0.0019751546338167003,0.0,-0.01515072993394231,-0.10233901187475623,0.02957775146071011,0.10233901187475623
06_evolucao_score_eventos__w60__eficiencia_swings__delta,51,65,-0.0400042010999994,-0.02485347116605709,-0.0019751546338167003,0.0,-0.01515072993394231,-0.10233901187475623,0.02957775146071011,0.10233901187475623
estados_c7_dna_fluxo_v5_2__w60__confirmacoes_candidata__min,57,81,0.10526315789473684,0.16049382716049382,0.0,0.0,-0.05523066926575698,-0.10209744424798153,0.08575861080404344,0.10209744424798153
estados_c7_dna_fluxo_v5_2__w60__venda30__mean,57,81,224.96028581554899,260.9172251616696,134.0,138.0,-35.956939346120606,-0.10198320785366649,0.08144765829612625,0.10198320785366649
estados_c7_dna_fluxo_v5_2__w60__imbalance_atual__std,57,81,0.5835495150334901,0.5229077724882059,0.46798318822668183,0.4898979485566356,0.060641742545284205,0.10161980383929278,-0.06692898872124663,0.10161980383929278
05_estrutura_eventos_enriquecidos__w60__desloc_60s__std,51,65,450.7793049211477,496.9350202070166,371.74513371992435,399.074183682223,-46.155715285868894,-0.10146119157962713,0.09735998148733602,0.10146119157962713
06_evolucao_score_eventos__w60__desloc_60s__std,51,65,450.7793049211477,496.9350202070166,371.74513371992435,399.074183682223,-46.155715285868894,-0.10146119157962713,0.09735998148733602,0.10146119157962713
estados_c7_dna_fluxo_v5_2__w60__spread_pct_5__last,57,81,0.4496483781561307,0.41682981311964373,0.4285714285714285,0.4642857142857143,0.032818565036486946,0.10075713331260719,-0.04265550872951427,0.10075713331260719
05_estrutura_eventos_enriquecidos__w60__score_oposto__max,51,65,29.235294117647058,28.0,33.0,31.0,1.235294117647058,0.1007029336609878,-0.06509313729870005,0.1007029336609878
06_evolucao_score_eventos__w60__score_oposto__max,51,65,29.235294117647058,28.0,33.0,31.0,1.235294117647058,0.1007029336609878,-0.06509313729870005,0.1007029336609878
estados_c7_dna_fluxo_v5_2__w60__rompimento_venda__max,57,81,-1.8070175438596492,-2.5308641975308643,-0.5,-1.0,0.7238466536712151,0.10040952543100902,-0.03156975919118046,0.10040952543100902
estados_c7_dna_fluxo_v5_2__w60__gate_rompimento__all_true,57,81,0.08771929824561403,0.06172839506172839,0.0,0.0,0.02599090318388564,0.10025256039472741,0.019984218579674144,0.10025256039472741
estado_mercado_tempo_real__w60__delta_acumulado__std,82,116,21.305469199938813,23.57044066645374,16.553105474964504,15.558538425885255,-2.264971466514929,-0.10006286943026034,0.06987122645395472,0.10006286943026034
estado_mercado_tempo_real__w60__score_venda__last,82,116,64.02439024390245,62.1551724137931,50.0,50.0,1.869217830109342,0.10005765313646793,-0.04100396250463335,0.10005765313646793
estados_c7_dna_fluxo_v5_2__w60__score__min,57,81,47.64912280701754,49.58024691358025,41.0,45.0,-1.9311241065627058,-0.09944315996743902,0.07605286302387049,0.09944315996743902
07_bloqueios_auditoria_completa__w60__gate_delta30__first,43,54,0.6046511627906976,0.5555555555555556,1.0,1.0,0.04909560723514206,0.09938673607829471,0.02590643264444115,0.09938673607829471
estados_c7_dna_fluxo_v5_2__w60__ticks_s__std,57,81,16.401985994288747,18.345060755113657,13.067649848994728,12.14235614698841,-1.94307476082491,-0.09922423698400604,0.12831076772285352,0.09922423698400604
estados_c7_dna_fluxo_v5_2__w60__spread_atual__mean,57,81,1.7107641262246525,1.6712411816578485,1.7083333333333333,1.6388888888888888,0.03952294456680394,0.0989394409061829,-0.015209970069667627,0.0989394409061829
estados_c7_dna_fluxo_v5_2__w60__score_compra__slope,45,67,-0.22502645502645485,-0.9672934031142993,-0.016666666666666465,-1.072727272727273,0.7422669480878445,0.09877550859752593,0.004039504326293876,0.09877550859752593
05_estrutura_eventos_enriquecidos__w60__qtd_hard_gates_compra_ok__std,51,65,1.0509897204293905,0.9962966251026157,1.044030650891055,1.0532687216470449,0.0546930953267748,0.09868758118711225,-0.05229725400330826,0.09868758118711225
06_evolucao_score_eventos__w60__qtd_hard_gates_compra_ok__std,51,65,1.0509897204293905,0.9962966251026157,1.044030650891055,1.0532687216470449,0.0546930953267748,0.09868758118711225,-0.05229725400330826,0.09868758118711225
05_estrutura_eventos_enriquecidos__w60__score_base_dna__std,51,65,13.754688047977346,14.452237492323956,14.462262091159474,16.027753706895076,-0.6975494443466097,-0.0985925979497698,0.042336967567665654,0.0985925979497698
06_evolucao_score_eventos__w60__score_base_dna__std,51,65,13.754688047977346,14.452237492323956,14.462262091159474,16.027753706895076,-0.6975494443466097,-0.0985925979497698,0.042336967567665654,0.0985925979497698
05_estrutura_eventos_enriquecidos__w60__diferenca_score__max,51,65,80.70588235294117,78.63076923076923,85.0,85.0,2.075113122171942,0.0983290552465453,0.02907163482943955,0.0983290552465453
06_evolucao_score_eventos__w60__diferenca_score__max,51,65,80.70588235294117,78.63076923076923,85.0,85.0,2.075113122171942,0.0983290552465453,0.02907163482943955,0.0983290552465453
05_estrutura_eventos_enriquecidos__w60__rompimento_venda__mean,51,65,-6.9123919517301875,-6.320135836385837,-6.25,-5.25,-0.5922561153443509,-0.09805987786324326,0.0025074346560022757,0.09805987786324326
06_evolucao_score_eventos__w60__rompimento_venda__mean,51,65,-6.9123919517301875,-6.320135836385837,-6.25,-5.25,-0.5922561153443509,-0.09805987786324326,0.0025074346560022757,0.09805987786324326
05_estrutura_eventos_enriquecidos__w60__continuidade_2s__std,51,65,1.854835138123279,1.7398643642022258,1.798610574860495,1.9008221905270362,0.11497077392105326,0.09798491137782422,-0.06214137532615535,0.09798491137782422
06_evolucao_score_eventos__w60__continuidade_2s__std,51,65,1.854835138123279,1.7398643642022258,1.798610574860495,1.9008221905270362,0.11497077392105326,0.09798491137782422,-0.06214137532615535,0.09798491137782422
05_estrutura_eventos_enriquecidos__w60__gate_aceleracao__true_count,51,65,3.549019607843137,3.353846153846154,4.0,3.0,0.19517345399698316,0.09794862479232302,-0.11938690679640786,0.09794862479232302
06_evolucao_score_eventos__w60__gate_aceleracao__true_count,51,65,3.549019607843137,3.353846153846154,4.0,3.0,0.19517345399698316,0.09794862479232302,-0.11938690679640786,0.09794862479232302
07_bloqueios_auditoria_completa__w60__f_saldo__last,43,54,14.325581395348838,8.0,10.0,-7.0,6.325581395348838,0.09781913306350833,-0.04509329128370213,0.09781913306350833
07_bloqueios_auditoria_completa__w60__saldo30__last,43,54,14.325581395348838,8.0,10.0,-7.0,6.325581395348838,0.09781913306350833,-0.04509329128370213,0.09781913306350833
estados_c7_dna_fluxo_v5_2__w60__qtd_hard_gates_compra_ok__slope,45,67,0.010211640211640208,-0.03686114880144739,0.050000000000000155,-0.03571428571428616,0.0470727890130876,0.09765079591718143,0.023776905778289812,0.09765079591718143
05_estrutura_eventos_enriquecidos__w60__swing_mais_recente_tipo__nunique,51,65,1.8235294117647058,1.7846153846153847,2.0,2.0,0.03891402714932113,0.09760201291046482,-0.07424892918009836,0.09760201291046482
06_evolucao_score_eventos__w60__swing_mais_recente_tipo__nunique,51,65,1.8235294117647058,1.7846153846153847,2.0,2.0,0.03891402714932113,0.09760201291046482,-0.07424892918009836,0.09760201291046482
05_estrutura_eventos_enriquecidos__w60__ultimo_topo__std,51,65,3.0607407743673276,3.372000944630568,2.5101833415436543,2.449489742783178,-0.31126017026324027,-0.09750173516826754,0.11108972574052035,0.09750173516826754
06_evolucao_score_eventos__w60__ultimo_topo__std,51,65,3.0607407743673276,3.372000944630568,2.5101833415436543,2.449489742783178,-0.31126017026324027,-0.09750173516826754,0.11108972574052035,0.09750173516826754
05_estrutura_eventos_enriquecidos__w60__ajuste_estrutura__mean,51,65,6.262643239113826,6.634590964590965,6.0,7.333333333333333,-0.3719477254771384,-0.09748568746853879,0.08630743472903232,0.09748568746853879
06_evolucao_score_eventos__w60__ajuste_estrutura__mean,51,65,6.262643239113826,6.634590964590965,6.0,7.333333333333333,-0.3719477254771384,-0.09748568746853879,0.08630743472903232,0.09748568746853879
05_estrutura_eventos_enriquecidos__w60__spread_pct_5__max,51,65,0.6888872304712569,0.6562340274396374,0.8461538461538461,0.7867298578199052,0.03265320303161945,0.09738313190315154,-0.04489421064139215,0.09738313190315154
06_evolucao_score_eventos__w60__spread_pct_5__max,51,65,0.6888872304712569,0.6562340274396374,0.8461538461538461,0.7867298578199052,0.03265320303161945,0.09738313190315154,-0.04489421064139215,0.09738313190315154
05_estrutura_eventos_enriquecidos__w60__rompimento_compra__first,51,65,-8.598039215686274,-7.8,-7.5,-6.25,-0.7980392156862743,-0.09737167923735877,0.016822716546918755,0.09737167923735877
06_evolucao_score_eventos__w60__rompimento_compra__first,51,65,-8.598039215686274,-7.8,-7.5,-6.25,-0.7980392156862743,-0.09737167923735877,0.016822716546918755,0.09737167923735877
06_evolucao_score_eventos__w60__score_faixa__nunique,51,65,3.215686274509804,3.0923076923076924,3.0,3.0,0.12337858220211162,0.0973014505582286,-0.05548631367219509,0.0973014505582286
bloqueios_c7_dna_fluxo_v5_2__last__aceleracao,20,22,0.09750558505011454,-0.014996794306033834,0.35764826452100695,-0.1854893989325596,0.11250237935614837,0.0969467549978295,0.0388588357293598,0.0969467549978295
05_estrutura_eventos_enriquecidos__last__continuidade_2s,29,34,0.22413793103448276,0.0,0.5,0.375,0.22413793103448276,0.09663067603211614,0.03510259494320851,0.09663067603211614
06_evolucao_score_eventos__last__continuidade_2s,29,34,0.22413793103448276,0.0,0.5,0.375,0.22413793103448276,0.09663067603211614,0.03510259494320851,0.09663067603211614
estados_c7_dna_fluxo_v5_2__w60__score_oposto__std,57,81,8.53738535200096,8.114064581941625,9.719682207882222,8.981462390204987,0.42332077005933577,0.09634805150804639,0.012100546598409324,0.09634805150804639
05_estrutura_eventos_enriquecidos__w60__f_ticks_s__delta,51,65,-2.6082712990635617,-6.919848771425463,-2.9136234065303412,0.0,4.311577472361901,0.09625520067420938,-0.11810733117412461,0.09625520067420938
05_estrutura_eventos_enriquecidos__w60__ticks_s__delta,51,65,-2.6082712990635617,-6.919848771425463,-2.9136234065303412,0.0,4.311577472361901,0.09625520067420938,-0.11810733117412461,0.09625520067420938
06_evolucao_score_eventos__w60__f_ticks_s__delta,51,65,-2.6082712990635617,-6.919848771425463,-2.9136234065303412,0.0,4.311577472361901,0.09625520067420938,-0.11810733117412461,0.09625520067420938
06_evolucao_score_eventos__w60__ticks_s__delta,51,65,-2.6082712990635617,-6.919848771425463,-2.9136234065303412,0.0,4.311577472361901,0.09625520067420938,-0.11810733117412461,0.09625520067420938
05_estrutura_eventos_enriquecidos__w60__f_score__last,51,65,70.6470588235294,72.96923076923076,68.0,81.0,-2.3221719457013563,-0.0960045543576828,0.08382441235290176,0.0960045543576828
05_estrutura_eventos_enriquecidos__w60__score__last,51,65,70.6470588235294,72.96923076923076,68.0,81.0,-2.3221719457013563,-0.0960045543576828,0.08382441235290176,0.0960045543576828
06_evolucao_score_eventos__w60__f_score__last,51,65,70.6470588235294,72.96923076923076,68.0,81.0,-2.3221719457013563,-0.0960045543576828,0.08382441235290176,0.0960045543576828
06_evolucao_score_eventos__w60__score__last,51,65,70.6470588235294,72.96923076923076,68.0,81.0,-2.3221719457013563,-0.0960045543576828,0.08382441235290176,0.0960045543576828
13a_features_tempo_real__w60__pre_15s_spread_minimo__delta,82,116,0.010416432231105725,-0.021929417901229847,0.0,0.0,0.03234585013233557,0.0957756701197197,-0.06780723001700767,0.0957756701197197
05_estrutura_eventos_enriquecidos__w60__f_saldo__delta,51,65,-9.176470588235293,0.5076923076923077,-14.0,0.0,-9.684162895927601,-0.09472921172832875,0.03941116280035773,0.09472921172832875
05_estrutura_eventos_enriquecidos__w60__saldo30__delta,51,65,-9.176470588235293,0.5076923076923077,-14.0,0.0,-9.684162895927601,-0.09472921172832875,0.03941116280035773,0.09472921172832875
06_evolucao_score_eventos__w60__f_saldo__delta,51,65,-9.176470588235293,0.5076923076923077,-14.0,0.0,-9.684162895927601,-0.09472921172832875,0.03941116280035773,0.09472921172832875
06_evolucao_score_eventos__w60__saldo30__delta,51,65,-9.176470588235293,0.5076923076923077,-14.0,0.0,-9.684162895927601,-0.09472921172832875,0.03941116280035773,0.09472921172832875
07_bloqueios_auditoria_completa__w60__score_compra__delta,43,54,-0.27906976744186046,-3.5555555555555554,0.0,0.0,3.276485788113695,0.09450083080102613,-0.048109691195016895,0.09450083080102613
07_bloqueios_auditoria_completa__w60__campanha_ativa__all_true,43,54,0.16279069767441862,0.12962962962962962,0.0,0.0,0.033161068044788994,0.0943620093077545,-0.07225222502693195,0.0943620093077545
bloqueios_c7_dna_fluxo_v5_2__w60__gate_rompimento__all_true,49,69,0.08163265306122448,0.057971014492753624,0.0,0.0,0.02366163856847086,0.09412077346425618,-0.028400453706232454,0.09412077346425618
07_bloqueios_auditoria_completa__w60__f_score__first,43,54,76.6046511627907,77.62962962962963,76.0,77.0,-1.024978466838931,-0.09364770947525325,0.027043362317728154,0.09364770947525325
07_bloqueios_auditoria_completa__w60__score__first,43,54,76.6046511627907,77.62962962962963,76.0,77.0,-1.024978466838931,-0.09364770947525325,0.027043362317728154,0.09364770947525325
13a_features_tempo_real__w60__adv_delta_spread_minimo_15s_30s__delta,82,116,-0.051307536202421525,-0.03185872688640404,0.0,0.0,-0.019448809316017487,-0.09363916929336419,0.080828354633717,0.09363916929336419
07_bloqueios_auditoria_completa__w60__max_alta_120s__delta,43,54,-217.4418604651163,-135.64814814814815,-75.0,0.0,-81.79371231696814,-0.0936388285662325,-0.0024549710366811553,0.0936388285662325
07_bloqueios_auditoria_completa__w60__score_base_dna__delta,43,54,-0.23255813953488372,-1.537037037037037,0.0,0.0,1.3044788975021533,0.09357700646455416,-0.06688579491876422,0.09357700646455416
bloqueios_c7_dna_fluxo_v5_2__w60__campanha_pullback__last,49,69,0.16326530612244897,0.13043478260869565,0.0,0.0,0.03283052351375332,0.0934920467896529,-0.06376315613621011,0.0934920467896529
bloqueios_c7_dna_fluxo_v5_2__w60__gate_vel15__changed,49,69,0.16326530612244897,0.13043478260869565,0.0,0.0,0.03283052351375332,0.0934920467896529,-0.0927855377141148,0.0934920467896529
bloqueios_c7_dna_fluxo_v5_2__w60__score__min,49,69,67.91836734693878,68.6376811594203,65.0,65.0,-0.7193138124815164,-0.09345598650923581,0.015223554335236799,0.09345598650923581
estados_c7_dna_fluxo_v5_2__w60__ajuste_estrutura_venda__delta,57,81,0.24561403508771928,0.9876543209876543,0.0,0.0,-0.742040285899935,-0.0934132624182173,0.09849715387969096,0.0934132624182173
05_estrutura_eventos_enriquecidos__w60__vel_anterior__first,51,65,-0.06752750409923138,-0.13875867820044488,-0.0274303269694974,-0.0294707061181185,0.0712311741012135,0.0933731497134644,-0.061629565022240394,0.0933731497134644
06_evolucao_score_eventos__w60__vel_anterior__first,51,65,-0.06752750409923138,-0.13875867820044488,-0.0274303269694974,-0.0294707061181185,0.0712311741012135,0.0933731497134644,-0.061629565022240394,0.0933731497134644
estados_c7_dna_fluxo_v5_2__w60__aceleracao__mean,57,81,0.08950236623300056,0.026278007977835496,0.09663549926516192,-0.02097927130858896,0.06322435825516506,0.09275461895097455,0.03271794253598141,0.09275461895097455
estado_mercado_tempo_real__w60__score_compra__delta,82,116,0.0,1.5517241379310345,0.0,0.0,-1.5517241379310345,-0.0925694626036507,0.04682067486542705,0.0925694626036507
estado_mercado_tempo_real__w60__agressor_compra__delta,82,116,0.0,0.05172413793103448,0.0,0.0,-0.05172413793103448,-0.0925694626036507,0.04682067486542697,0.0925694626036507
05_estrutura_eventos_enriquecidos__w60__venda30__min,51,65,98.03921568627452,104.1076923076923,84.0,84.0,-6.068476621417787,-0.09242003008152683,0.05376079243129468,0.09242003008152683
06_evolucao_score_eventos__w60__venda30__min,51,65,98.03921568627452,104.1076923076923,84.0,84.0,-6.068476621417787,-0.09242003008152683,0.05376079243129468,0.09242003008152683
07_bloqueios_auditoria_completa__w60__f_saldo__mean,43,54,8.06295681063123,1.4312409812409812,18.0,-5.375,6.631715829390249,0.09200592782840711,-0.045081080758922705,0.09200592782840711
07_bloqueios_auditoria_completa__w60__saldo30__mean,43,54,8.06295681063123,1.4312409812409812,18.0,-5.375,6.631715829390249,0.09200592782840711,-0.045081080758922705,0.09200592782840711
bloqueios_c7_dna_fluxo_v5_2__w60__score__slope,32,41,-0.9035714285714306,-0.4645866328793187,-0.6928571428571426,-0.3714285714285706,-0.4389847956921119,-0.09188501723864621,0.07816244905753622,0.09188501723864621
05_estrutura_eventos_enriquecidos__w60__venda30__delta,51,65,-6.333333333333333,-15.646153846153846,0.0,0.0,9.312820512820512,0.09182742520229445,-0.025226793444589727,0.09182742520229445
06_evolucao_score_eventos__w60__venda30__delta,51,65,-6.333333333333333,-15.646153846153846,0.0,0.0,9.312820512820512,0.09182742520229445,-0.025226793444589727,0.09182742520229445
estados_c7_dna_fluxo_v5_2__w60__venda10__delta,57,81,-9.929824561403509,0.06172839506172839,0.0,-4.0,-9.991552956465236,-0.09173692187339197,0.06951647218776251,0.09173692187339197
estado_mercado_tempo_real__w60__delta_agressor__mean,82,116,-0.031173641900063404,-0.015334320125742136,0.0,0.0,-0.01583932177432127,-0.09171894837897701,0.023861920365151567,0.09171894837897701
bloqueios_c7_dna_fluxo_v5_2__w60__gate_saldo30__true_count,49,69,2.938775510204082,3.1159420289855073,3.0,3.0,-0.17716651878142553,-0.09166587895065698,0.06997596281297203,0.09166587895065698
bloqueios_c7_dna_fluxo_v5_2__w60__qtd_hard_gates_ok__delta,49,69,0.1836734693877551,0.10144927536231885,0.0,0.0,0.08222419402543626,0.09124072605500853,-0.02809686580563983,0.09124072605500853
05_estrutura_eventos_enriquecidos__w60__spread_max_30__first,51,65,2.7598039215686274,2.6807692307692306,2.75,2.5,0.07903469079939685,0.0907480554731989,0.029614271729525358,0.0907480554731989
06_evolucao_score_eventos__w60__spread_max_30__first,51,65,2.7598039215686274,2.6807692307692306,2.75,2.5,0.07903469079939685,0.0907480554731989,0.029614271729525358,0.0907480554731989
06_evolucao_score_eventos__w60__score_aceleracao__std,51,65,0.020292262879207934,0.01878122290946038,0.017253004744335335,0.017202133194588902,0.0015110399697475553,0.09067667413907679,-0.03641951449224626,0.09067667413907679
05_estrutura_eventos_enriquecidos__w60__qtd_hard_gates_venda_ok__slope,39,53,0.03356643356643356,0.08964306134117457,-0.07878787878787889,-5.75361772163672e-17,-0.05607662777474101,-0.0903411886003875,-0.005584013552413872,0.0903411886003875
06_evolucao_score_eventos__w60__qtd_hard_gates_venda_ok__slope,39,53,0.03356643356643356,0.08964306134117457,-0.07878787878787889,-5.75361772163672e-17,-0.05607662777474101,-0.0903411886003875,-0.005584013552413872,0.0903411886003875
estados_c7_dna_fluxo_v5_2__w60__venda10__mean,57,81,79.3767816004658,89.93347050754458,43.333333333333336,47.5,-10.55668890707878,-0.09026434103015084,0.0789416599965044,0.09026434103015084
05_estrutura_eventos_enriquecidos__w60__aceleracao__mean,51,65,0.11526007059424198,0.05290149897103986,0.09663549926516192,0.005465544803857613,0.06235857162320212,0.09014138744296668,0.055540587160958534,0.09014138744296668
06_evolucao_score_eventos__w60__aceleracao__mean,51,65,0.11526007059424198,0.05290149897103986,0.09663549926516192,0.005465544803857613,0.06235857162320212,0.09014138744296668,0.055540587160958534,0.09014138744296668
05_estrutura_eventos_enriquecidos__w60__f_aceleracao__mean,51,65,0.11526007059424198,0.05290149897103991,0.09663549926516192,0.005465544803857613,0.06235857162320207,0.0901413874429666,0.055540587160958534,0.0901413874429666
06_evolucao_score_eventos__w60__f_aceleracao__mean,51,65,0.11526007059424198,0.05290149897103991,0.09663549926516192,0.005465544803857613,0.06235857162320207,0.0901413874429666,0.055540587160958534,0.0901413874429666
07_bloqueios_auditoria_completa__w60__salvou_loss_60s__all_true,43,54,0.3953488372093023,0.35185185185185186,0.0,0.0,0.043496985357450446,0.09003569571508621,-0.007565322397026728,0.09003569571508621
05_estrutura_eventos_enriquecidos__w60__spread_pct_15__first,51,65,0.5159840660840697,0.48982177198661575,0.5964912280701754,0.5708154506437768,0.02616229409745391,0.08966430029009376,0.015929377694123836,0.08966430029009376
06_evolucao_score_eventos__w60__spread_pct_15__first,51,65,0.5159840660840697,0.48982177198661575,0.5964912280701754,0.5708154506437768,0.02616229409745391,0.08966430029009376,0.015929377694123836,0.08966430029009376
06_evolucao_score_eventos__w60__score_aceleracao__max,51,65,0.032177085559841,0.03481484111322335,0.0203930643373965,0.031480627306273,-0.0026377555533823524,-0.08905152215822756,0.08632910323719449,0.08905152215822756
estados_c7_dna_fluxo_v5_2__w60__campanha_ativa__changed,57,81,0.07017543859649122,0.04938271604938271,0.0,0.0,0.02079272254710851,0.08897618387685909,0.010274134116265312,0.08897618387685909
07_bloqueios_auditoria_completa__w60__delta30__last,43,54,2.372093023255814,-0.7777777777777778,2.0,-4.5,3.149870801033592,0.08897487532816986,-0.03322984589279541,0.08897487532816986
07_bloqueios_auditoria_completa__w60__f_delta__last,43,54,2.372093023255814,-0.7777777777777778,2.0,-4.5,3.149870801033592,0.08897487532816986,-0.03322984589279541,0.08897487532816986
03_eventos_elementares_fluxo__w60__preco__delta,48,61,1.9114583333333333,0.9877049180327869,0.375,0.0,0.9237534153005463,0.08870224971667245,-0.05614887233985468,0.08870224971667245
estados_c7_dna_fluxo_v5_2__w60__score_venda__mean,57,81,42.147464621148835,44.32144326866549,36.714285714285715,41.3,-2.1739786475166554,-0.08863909378248855,0.002379792392495712,0.08863909378248855
13a_features_tempo_real__w60__pre_30s_spread_minimo__slope,75,108,0.001159727700444084,-0.000530549239392252,7.951207131982424e-18,-2.8359950815540486e-17,0.001690276939836336,0.08835728017275976,-0.03404877090453421,0.08835728017275976
estados_c7_dna_fluxo_v5_2__w60__delta10__mean,57,81,-19.134076352497402,-23.444375857338823,-5.857142857142857,-7.5,4.310299504841421,0.08835566183396967,-0.028844654445556003,0.08835566183396967
05_estrutura_eventos_enriquecidos__w60__gate_rompimento__last,51,65,0.49019607843137253,0.4461538461538462,0.0,0.0,0.04404223227752635,0.08829469030645784,0.02221982185811091,0.08829469030645784
06_evolucao_score_eventos__w60__gate_rompimento__last,51,65,0.49019607843137253,0.4461538461538462,0.0,0.0,0.04404223227752635,0.08829469030645784,0.02221982185811091,0.08829469030645784
13a_features_tempo_real__w60__cobertura_30s__min,82,116,23.182926829268293,23.43103448275862,23.0,23.0,-0.24810765349032593,-0.08828793696872737,0.06431421591046504,0.08828793696872737
07_bloqueios_auditoria_completa__w60__gate_delta30__last,43,54,0.5116279069767442,0.5555555555555556,1.0,1.0,-0.043927648578811374,-0.08808496009371437,0.008639872897152047,0.08808496009371437
estados_c7_dna_fluxo_v5_2__w60__confirmacoes_candidata__first,57,81,0.42105263157894735,0.49382716049382713,0.0,0.0,-0.07277452891487979,-0.0880277738967484,0.07245158169417815,0.0880277738967484
estados_c7_dna_fluxo_v5_2__w60__ticks_s__slope,45,67,-1.999062827422842,-0.9847758773042481,-0.7712674994216316,-0.332857344987426,-1.0142869501185938,-0.08792294797758274,0.029529643617311387,0.08792294797758274
05_estrutura_eventos_enriquecidos__w60__gate_continuidade__transitions,51,65,2.4901960784313726,2.3230769230769233,2.0,2.0,0.16711915535444932,0.08785276093326798,-0.037554372875043304,0.08785276093326798
06_evolucao_score_eventos__w60__gate_continuidade__transitions,51,65,2.4901960784313726,2.3230769230769233,2.0,2.0,0.16711915535444932,0.08785276093326798,-0.037554372875043304,0.08785276093326798
07_bloqueios_auditoria_completa__w60__gate_continuidade__first,43,54,0.7209302325581395,0.7592592592592593,1.0,1.0,-0.03832902670111982,-0.08763211085247602,-0.009581416827209746,0.08763211085247602
03_eventos_elementares_fluxo__window__n,82,116,2.3536585365853657,2.1293103448275863,2.0,1.0,0.22434819175777942,0.08748077412396384,-0.05287545377315863,0.08748077412396384
13a_features_tempo_real__last__pre_15s_volatilidade_close_pontos,82,116,282.8839011249132,294.2690642941003,253.89820015775345,263.1592679361245,-11.38516316918708,-0.08747018831868872,0.07343985292616922,0.08747018831868872
13a_features_tempo_real__w60__pre_15s_volatilidade_close_pontos__last,82,116,282.8839011249132,294.2690642941003,253.89820015775345,263.1592679361245,-11.38516316918708,-0.08747018831868872,0.07343985292616922,0.08747018831868872
bloqueios_c7_dna_fluxo_v5_2__w60__gate_delta30__last,49,69,0.5510204081632653,0.5942028985507246,1.0,1.0,-0.04318249038745936,-0.08738768485167538,0.012962999077926795,0.08738768485167538
05_estrutura_eventos_enriquecidos__w60__score_venda__last,51,65,41.431372549019606,44.52307692307692,33.0,30.0,-3.091704374057315,-0.08738218062745493,-0.01663991218572018,0.08738218062745493
06_evolucao_score_eventos__w60__score_venda__last,51,65,41.431372549019606,44.52307692307692,33.0,30.0,-3.091704374057315,-0.08738218062745493,-0.01663991218572018,0.08738218062745493
bloqueios_c7_dna_fluxo_v5_2__w60__qtd_hard_gates_venda_ok__delta,49,69,0.04081632653061224,0.21739130434782608,0.0,0.0,-0.17657497781721385,-0.08731696314517741,0.011606284066960255,0.08731696314517741
05_estrutura_eventos_enriquecidos__w60__qtd_hard_gates_ok__std,51,65,0.9191874187041512,0.9606103773130452,1.0,1.0540925533894598,-0.041422958608894,-0.08718733440472219,0.039179323876143826,0.08718733440472219
06_evolucao_score_eventos__w60__qtd_hard_gates_ok__std,51,65,0.9191874187041512,0.9606103773130452,1.0,1.0540925533894598,-0.041422958608894,-0.08718733440472219,0.039179323876143826,0.08718733440472219
estados_c7_dna_fluxo_v5_2__w60__gate_vel15__true_count,57,81,4.578947368421052,4.37037037037037,5.0,4.0,0.20857699805068197,0.0868328783628201,-0.014815564462773935,0.0868328783628201
05_estrutura_eventos_enriquecidos__w60__spread_pct_15__max,51,65,0.6269326383108517,0.6000130401941501,0.7377049180327869,0.7142857142857143,0.026919598116701526,0.08669735089380692,0.0031507240639584337,0.08669735089380692
06_evolucao_score_eventos__w60__spread_pct_15__max,51,65,0.6269326383108517,0.6000130401941501,0.7377049180327869,0.7142857142857143,0.026919598116701526,0.08669735089380692,0.0031507240639584337,0.08669735089380692
estado_mercado_tempo_real__w60__score_venda__delta,82,116,-1.829268292682927,-4.137931034482759,0.0,0.0,2.308662741799832,0.08666863416215706,-0.07838365287621707,0.08666863416215706
05_estrutura_eventos_enriquecidos__w60__score_compra_base__mean,51,65,39.86777650454121,38.10984126984127,38.22222222222222,32.333333333333336,1.7579352346999428,0.08658637055630712,0.030030045046431985,0.08658637055630712
06_evolucao_score_eventos__w60__score_compra_base__mean,51,65,39.86777650454121,38.10984126984127,38.22222222222222,32.333333333333336,1.7579352346999428,0.08658637055630712,0.030030045046431985,0.08658637055630712
05_estrutura_eventos_enriquecidos__w60__f_spread__last,51,65,1.7647058823529411,1.8076923076923077,1.75,1.75,-0.042986425339366585,-0.0864203690558711,0.058097433702703434,0.0864203690558711
05_estrutura_eventos_enriquecidos__w60__spread_atual__last,51,65,1.7647058823529411,1.8076923076923077,1.75,1.75,-0.042986425339366585,-0.0864203690558711,0.058097433702703434,0.0864203690558711
06_evolucao_score_eventos__w60__f_spread__last,51,65,1.7647058823529411,1.8076923076923077,1.75,1.75,-0.042986425339366585,-0.0864203690558711,0.058097433702703434,0.0864203690558711
06_evolucao_score_eventos__w60__spread_atual__last,51,65,1.7647058823529411,1.8076923076923077,1.75,1.75,-0.042986425339366585,-0.0864203690558711,0.058097433702703434,0.0864203690558711
bloqueios_c7_dna_fluxo_v5_2__w60__gate_continuidade__first,49,69,0.7346938775510204,0.6956521739130435,1.0,1.0,0.03904170363797699,0.08620484319055252,-0.10927270864592026,0.08620484319055252
estados_c7_dna_fluxo_v5_2__w60__razao_compra30__mean,57,81,1.18549714075044,1.1449240482294143,1.0908708493200832,1.0558889142562284,0.0405730925210257,0.08608349406065866,-0.014246765933618368,0.08608349406065866
bloqueios_c7_dna_fluxo_v5_2__w60__saldo30__max,49,69,42.0,50.05797101449275,52.0,30.0,-8.05797101449275,-0.08585386408561908,0.10841979294260902,0.08585386408561908
05_estrutura_eventos_enriquecidos__w60__qtd_hard_gates_ok__last,51,65,5.078431372549019,5.2153846153846155,5.0,5.0,-0.13695324283559618,-0.0855602162028673,0.08464773891183376,0.0855602162028673
06_evolucao_score_eventos__w60__qtd_hard_gates_ok__last,51,65,5.078431372549019,5.2153846153846155,5.0,5.0,-0.13695324283559618,-0.0855602162028673,0.08464773891183376,0.0855602162028673
07_bloqueios_auditoria_completa__w60__score_base_dna__std,43,54,6.4335403725525655,6.029916732667504,5.744562646538029,6.741757787817452,0.4036236398850619,0.08528627523356161,-0.06348507067602027,0.08528627523356161
05_estrutura_eventos_enriquecidos__w60__campanha_entradas__max,51,65,0.29411764705882354,0.24615384615384617,0.0,0.0,0.04796380090497737,0.08525458815600445,-0.012926033694456503,0.08525458815600445
06_evolucao_score_eventos__w60__campanha_entradas__max,51,65,0.29411764705882354,0.24615384615384617,0.0,0.0,0.04796380090497737,0.08525458815600445,-0.012926033694456503,0.08525458815600445
05_estrutura_eventos_enriquecidos__w60__gate_delta30__true_pct,51,65,51.15977704212999,54.01953601953601,44.44444444444444,55.55555555555556,-2.859758977406024,-0.08522423707529077,0.11300301948270053,0.08522423707529077
06_evolucao_score_eventos__w60__gate_delta30__true_pct,51,65,51.15977704212999,54.01953601953601,44.44444444444444,55.55555555555556,-2.859758977406024,-0.08522423707529077,0.11300301948270053,0.08522423707529077
05_estrutura_eventos_enriquecidos__w60__vel5__min,51,65,-0.862255886570347,-0.7709916807035173,-0.9555661729574774,-0.8513931888544891,-0.0912642058668297,-0.08495624014052068,0.09207447389574848,0.08495624014052068
06_evolucao_score_eventos__w60__vel5__min,51,65,-0.862255886570347,-0.7709916807035173,-0.9555661729574774,-0.8513931888544891,-0.0912642058668297,-0.08495624014052068,0.09207447389574848,0.08495624014052068
07_bloqueios_auditoria_completa__w60__qtd_hard_gates_ok__mean,43,54,5.066002214839424,5.0234367484367475,5.0,5.0,0.04256546640267622,0.08491451226292436,-0.05810372757880644,0.08491451226292436
06_evolucao_score_eventos__w60__score_aceleracao__last,51,65,0.009465144534244973,0.012314233576711834,0.0026527905315784,0.0045913682277318,-0.0028490890424668607,-0.08468798241781902,0.10744879425274674,0.08468798241781902
07_bloqueios_auditoria_completa__w60__score_base_dna__slope,27,30,-0.7272486772486807,-1.1671861471861493,-0.5428571428571456,-0.2500000000000032,0.43993746993746863,0.08455137459721876,-0.06768895664401435,0.08455137459721876
05_estrutura_eventos_enriquecidos__w60__compra10__last,51,65,51.254901960784316,47.83076923076923,44.0,31.0,3.4241327300150886,0.08445844582032025,0.010733778707429743,0.08445844582032025
06_evolucao_score_eventos__w60__compra10__last,51,65,51.254901960784316,47.83076923076923,44.0,31.0,3.4241327300150886,0.08445844582032025,0.010733778707429743,0.08445844582032025
bloqueios_c7_dna_fluxo_v5_2__w60__vel15__first,49,69,0.06097356838833376,0.0031124027692134987,0.1015091019828111,0.0509407050193574,0.05786116561912026,0.08441553308451143,0.004301743273167366,0.08441553308451143
05_estrutura_eventos_enriquecidos__w60__score_venda_base__mean,51,65,38.68621509209745,40.54927960927961,33.55555555555556,38.75,-1.8630645171821598,-0.08441103025877168,0.0037177136118212335,0.08441103025877168
06_evolucao_score_eventos__w60__score_venda_base__mean,51,65,38.68621509209745,40.54927960927961,33.55555555555556,38.75,-1.8630645171821598,-0.08441103025877168,0.0037177136118212335,0.08441103025877168
05_estrutura_eventos_enriquecidos__w60__gate_vel15__first,51,65,0.803921568627451,0.7692307692307693,1.0,1.0,0.03469079939668174,0.08436874643662373,-0.05693969063555116,0.08436874643662373
06_evolucao_score_eventos__w60__gate_vel15__first,51,65,0.803921568627451,0.7692307692307693,1.0,1.0,0.03469079939668174,0.08436874643662373,-0.05693969063555116,0.08436874643662373
estados_c7_dna_fluxo_v5_2__w60__saldo30__delta,57,81,-12.368421052631579,-2.802469135802469,0.0,0.0,-9.56595191682911,-0.08427798001154899,0.03282726345157907,0.08427798001154899
estados_c7_dna_fluxo_v5_2__w60__score_venda_base__min,57,81,20.666666666666668,22.54320987654321,12.0,14.0,-1.8765432098765409,-0.08418270338548403,0.013650545116348866,0.08418270338548403
estados_c7_dna_fluxo_v5_2__last__score_oposto,34,46,22.705882352941178,21.608695652173914,22.0,21.0,1.0971867007672635,0.08380126628727666,0.05356066741139218,0.08380126628727666
estados_c7_dna_fluxo_v5_2__w60__delta10__max,57,81,13.087719298245615,10.012345679012345,16.0,11.0,3.07537361923327,0.0836288324188324,0.06897926733371565,0.0836288324188324
05_estrutura_eventos_enriquecidos__w60__gate_delta30__ever_true,51,65,0.8823529411764706,0.9076923076923077,1.0,1.0,-0.025339366515837125,-0.0832044300203993,0.08787384498766201,0.0832044300203993
06_evolucao_score_eventos__w60__gate_delta30__ever_true,51,65,0.8823529411764706,0.9076923076923077,1.0,1.0,-0.025339366515837125,-0.0832044300203993,0.08787384498766201,0.0832044300203993
05_estrutura_eventos_enriquecidos__w60__desloc15__std,51,65,4.157488823464196,3.9358531261541727,4.5873050200459495,3.6113247800034083,0.22163569731002353,0.08311795969631496,0.02356634812384082,0.08311795969631496
06_evolucao_score_eventos__w60__desloc15__std,51,65,4.157488823464196,3.9358531261541727,4.5873050200459495,3.6113247800034083,0.22163569731002353,0.08311795969631496,0.02356634812384082,0.08311795969631496
07_bloqueios_auditoria_completa__w60__gate_vel15__last,43,54,0.9302325581395349,0.9074074074074074,1.0,1.0,0.02282515073212743,0.0829746428322075,-0.03526125874488926,0.0829746428322075
05_estrutura_eventos_enriquecidos__last__spread_pct_5,29,34,0.5178043202581939,0.4924366000334729,0.5102040816326531,0.5049019607843137,0.025367720224721002,0.08294967015162687,-0.03799067252296334,0.08294967015162687
06_evolucao_score_eventos__last__spread_pct_5,29,34,0.5178043202581939,0.4924366000334729,0.5102040816326531,0.5049019607843137,0.025367720224721002,0.08294967015162687,-0.03799067252296334,0.08294967015162687
07_bloqueios_auditoria_completa__w60__gate_rompimento__first,43,54,0.3488372093023256,0.3888888888888889,0.0,0.0,-0.040051679586563305,-0.08290415546042597,0.0483870033662743,0.08290415546042597
estados_c7_dna_fluxo_v5_2__w60__desloc15__mean,57,81,-0.16752613857877025,0.35095532039976485,0.375,0.08333333333333333,-0.5184814589785351,-0.08283146305867242,0.019235867157254286,0.08283146305867242
05_estrutura_eventos_enriquecidos__w60__desloc15__max,51,65,6.068627450980392,5.5115384615384615,7.0,4.75,0.5570889894419304,0.08278322073802058,-0.01762127070620552,0.08278322073802058
06_evolucao_score_eventos__w60__desloc15__max,51,65,6.068627450980392,5.5115384615384615,7.0,4.75,0.5570889894419304,0.08278322073802058,-0.01762127070620552,0.08278322073802058
bloqueios_c7_dna_fluxo_v5_2__w60__ajuste_estrutura__max,49,69,10.448979591836734,10.115942028985508,12.0,12.0,0.3330375628512261,0.08246878749359479,-0.09012139894975182,0.08246878749359479
05_estrutura_eventos_enriquecidos__w60__score_venda_base__std,51,65,15.769832978547555,15.010976725809908,16.11241757155021,15.331722942809192,0.7588562527376475,0.08245835021983745,-0.06124547443740214,0.08245835021983745
06_evolucao_score_eventos__w60__score_venda_base__std,51,65,15.769832978547555,15.010976725809908,16.11241757155021,15.331722942809192,0.7588562527376475,0.08245835021983745,-0.06124547443740214,0.08245835021983745
estados_c7_dna_fluxo_v5_2__w60__spread_atual__first,57,81,1.7149122807017543,1.6697530864197532,1.75,1.75,0.0451591942820011,0.08237301133193506,-0.024533676610578606,0.08237301133193506
05_estrutura_eventos_enriquecidos__w60__vel_anterior__slope,39,53,-0.0041569454913613565,0.01287119707125966,-0.030445336351891557,0.023077056704706545,-0.017028142562621015,-0.0822362363635021,0.08221701063418022,0.0822362363635021
06_evolucao_score_eventos__w60__vel_anterior__slope,39,53,-0.0041569454913613565,0.01287119707125966,-0.030445336351891557,0.023077056704706545,-0.017028142562621015,-0.0822362363635021,0.08221701063418022,0.0822362363635021
05_estrutura_eventos_enriquecidos__w60__spread_medio_30__mean,51,65,1.6498585816628055,1.6241186722344745,1.6579481430239258,1.6092072621624207,0.025739909428331043,0.08222644689641675,0.03074530920952737,0.08222644689641675
06_evolucao_score_eventos__w60__spread_medio_30__mean,51,65,1.6498585816628055,1.6241186722344745,1.6579481430239258,1.6092072621624207,0.025739909428331043,0.08222644689641675,0.03074530920952737,0.08222644689641675
05_estrutura_eventos_enriquecidos__w60__diferenca_score__min,51,65,21.03921568627451,23.307692307692307,9.0,12.0,-2.268476621417797,-0.08199254358282793,0.07799863729385445,0.08199254358282793
06_evolucao_score_eventos__w60__diferenca_score__min,51,65,21.03921568627451,23.307692307692307,9.0,12.0,-2.268476621417797,-0.08199254358282793,0.07799863729385445,0.08199254358282793
13a_features_tempo_real__w60__pre_15s_spread_minimo__slope,75,108,-0.0014476323769735708,0.00033552463563340563,4.831159614103094e-17,0.0012001207409370793,-0.0017831570126069763,-0.08198696025044025,0.0460060615698286,0.08198696025044025
estados_c7_dna_fluxo_v5_2__w60__spread_atual__max,57,81,2.0482456140350878,2.003086419753086,2.0,2.0,0.04515919428200155,0.08192161963938126,-0.02176302942898819,0.08192161963938126
estados_c7_dna_fluxo_v5_2__w60__score_compra_base__min,57,81,19.80701754385965,21.530864197530864,14.0,14.0,-1.7238466536712131,-0.0818766681600205,0.07853597141644816,0.0818766681600205
05_estrutura_eventos_enriquecidos__w60__rompimento_compra__min,51,65,-12.107843137254902,-11.465384615384615,-11.25,-10.25,-0.642458521870287,-0.0815855817421456,-0.015054448798334728,0.0815855817421456
06_evolucao_score_eventos__w60__rompimento_compra__min,51,65,-12.107843137254902,-11.465384615384615,-11.25,-10.25,-0.642458521870287,-0.0815855817421456,-0.015054448798334728,0.0815855817421456
03_eventos_elementares_fluxo__w60__preco__std,48,61,3.1638985060839295,3.435724966680442,2.9487595977032903,2.596150997149434,-0.2718264605965124,-0.08146514171313372,0.11433992744951303,0.08146514171313372
05_estrutura_eventos_enriquecidos__w60__tipo_entrada_campanha__nunique,51,65,1.3137254901960784,1.2615384615384615,1.0,1.0,0.05218702865761693,0.08145786779574359,-0.06963070122355795,0.08145786779574359
06_evolucao_score_eventos__w60__tipo_entrada_campanha__nunique,51,65,1.3137254901960784,1.2615384615384615,1.0,1.0,0.05218702865761693,0.08145786779574359,-0.06963070122355795,0.08145786779574359
07_bloqueios_auditoria_completa__w60__f_score__last,43,54,75.06976744186046,75.88888888888889,74.0,75.0,-0.8191214470284223,-0.08144253588185059,-0.00040282116892377697,0.08144253588185059
07_bloqueios_auditoria_completa__w60__score__last,43,54,75.06976744186046,75.88888888888889,74.0,75.0,-0.8191214470284223,-0.08144253588185059,-0.00040282116892377697,0.08144253588185059
07_bloqueios_auditoria_completa__w60__campanha_entradas__min,43,54,0.20930232558139536,0.16666666666666666,0.0,0.0,0.0426356589147287,0.08132619494440688,-0.028274644225910098,0.08132619494440688
estado_mercado_tempo_real__w60__agressor_venda__first,82,116,0.2073170731707317,0.2413793103448276,0.0,0.0,-0.0340622371740959,-0.08128050374954701,0.11835380060655637,0.08128050374954701
07_bloqueios_auditoria_completa__w60__delta30__mean,43,54,-0.9182170542635664,-3.99628026294693,4.833333333333333,-6.875,3.0780632086833637,0.08097796552812747,-0.032095771014414645,0.08097796552812747
07_bloqueios_auditoria_completa__w60__f_delta__mean,43,54,-0.9182170542635664,-3.99628026294693,4.833333333333333,-6.875,3.0780632086833637,0.08097796552812747,-0.032095771014414645,0.08097796552812747
05_estrutura_eventos_enriquecidos__w60__score_compra_base__max,51,65,63.05882352941177,60.92307692307692,68.0,64.0,2.1357466063348483,0.08094434225858015,0.0073202507646128725,0.08094434225858015
06_evolucao_score_eventos__w60__score_compra_base__max,51,65,63.05882352941177,60.92307692307692,68.0,64.0,2.1357466063348483,0.08094434225858015,0.0073202507646128725,0.08094434225858015
estados_c7_dna_fluxo_v5_2__w60__score_spread__std,57,81,0.427302313336021,0.4873387194853049,0.0,0.0,-0.060036406149283905,-0.08091604160671698,0.06282934624240928,0.08091604160671698
estados_c7_dna_fluxo_v5_2__w60__vel15__mean,57,81,-0.010127166299313784,0.02464539801421957,0.025389937589522845,0.00665152022434153,-0.03477256431353335,-0.08075993639589829,0.01924365822362324,0.08075993639589829
05_estrutura_eventos_enriquecidos__w60__score_spread__std,51,65,0.3650801180580169,0.42308520462689353,0.0,0.0,-0.05800508656887665,-0.08061597794270782,0.020658057697937892,0.08061597794270782
06_evolucao_score_eventos__w60__score_spread__std,51,65,0.3650801180580169,0.42308520462689353,0.0,0.0,-0.05800508656887665,-0.08061597794270782,0.020658057697937892,0.08061597794270782
07_bloqueios_auditoria_completa__w60__rompimento_venda__max,43,54,-3.703488372093023,-3.1944444444444446,-1.25,-1.375,-0.5090439276485785,-0.08055760431936378,0.04184275977790741,0.08055760431936378
07_bloqueios_auditoria_completa__w60__f_velocidade__first,43,54,-0.003840771126663491,-0.049975862856564024,0.1000066671111407,-0.052276518438627254,0.04613509172990053,0.08044161907616397,-0.032842728473383535,0.08044161907616397
07_bloqueios_auditoria_completa__w60__vel15__first,43,54,-0.003840771126663491,-0.049975862856564024,0.1000066671111407,-0.052276518438627254,0.04613509172990053,0.08044161907616397,-0.032842728473383535,0.08044161907616397
estados_c7_dna_fluxo_v5_2__w60__delta10__last,57,81,-22.964912280701753,-28.234567901234566,-7.0,-8.0,5.269655620532813,0.08042918899719836,-0.012512807819604678,0.08042918899719836
07_bloqueios_auditoria_completa__w60__impediu_gain_60s__true_count,43,54,2.186046511627907,2.3333333333333335,2.0,2.0,-0.14728682170542662,-0.08021495505999988,-0.014114491784782374,0.08021495505999988
bloqueios_c7_dna_fluxo_v5_2__w60__rompimento_compra__mean,49,69,-7.229701166180758,-7.874123742602002,-5.0,-5.75,0.6444225764212437,0.08013737859745508,-0.08542965716842012,0.08013737859745508
estados_c7_dna_fluxo_v5_2__w60__lado__nunique,57,81,1.631578947368421,1.5925925925925926,2.0,2.0,0.03898635477582846,0.0798831522285349,-0.05553913006135724,0.0798831522285349
07_bloqueios_auditoria_completa__w60__f_score__max,43,54,84.11627906976744,83.29629629629629,84.0,83.5,0.8199827734711533,0.07985462073353883,-0.09207056171107357,0.07985462073353883
07_bloqueios_auditoria_completa__w60__score__max,43,54,84.11627906976744,83.29629629629629,84.0,83.5,0.8199827734711533,0.07985462073353883,-0.09207056171107357,0.07985462073353883
estados_c7_dna_fluxo_v5_2__w60__score_base_dna__std,57,81,13.589747469916455,14.131420492294062,14.345924702003547,15.47384890710776,-0.5416730223776067,-0.0798356234126189,0.05441845372580696,0.0798356234126189
03_eventos_elementares_fluxo__w60__evento__nunique,48,61,3.0,2.901639344262295,3.0,3.0,0.09836065573770503,0.07978350085153485,-0.022357338392942683,0.07978350085153485
13a_features_tempo_real__w60__preco__delta,82,116,1.2652439024390243,0.13793103448275862,-0.25,-0.375,1.1273128679562656,0.07973330740278126,-0.03993039369321855,0.07973330740278126
07_bloqueios_auditoria_completa__w60__salvou_loss_120s__all_true,43,54,0.4418604651162791,0.48148148148148145,0.0,0.0,-0.03962101636520238,-0.07944917969236974,0.07058045421448543,0.07944917969236974
13a_features_tempo_real__w60__adv_ratio_volatilidade_close_pontos_15s_60s__min,82,116,0.6909341686176165,0.670792572744199,0.6394670016587921,0.6076906956182736,0.02014159587341746,0.07943480040369276,-0.01895318664831038,0.07943480040369276
05_estrutura_eventos_enriquecidos__w60__compra30__max,51,65,190.1764705882353,182.24615384615385,166.0,168.0,7.930316742081459,0.07943479875106095,-0.018958398238081153,0.07943479875106095
06_evolucao_score_eventos__w60__compra30__max,51,65,190.1764705882353,182.24615384615385,166.0,168.0,7.930316742081459,0.07943479875106095,-0.018958398238081153,0.07943479875106095
estados_c7_dna_fluxo_v5_2__w60__gate_saldo30__true_pct,57,81,77.67480570112149,75.80246913580245,80.0,80.0,1.8723365653190314,0.07936377805365892,0.018357763839837754,0.07936377805365892
07_bloqueios_auditoria_completa__w60__delta30__min,43,54,-17.3953488372093,-20.685185185185187,-15.0,-22.5,3.2898363479758856,0.07934758957970295,-0.06088085722051517,0.07934758957970295
07_bloqueios_auditoria_completa__w60__f_delta__min,43,54,-17.3953488372093,-20.685185185185187,-15.0,-22.5,3.2898363479758856,0.07934758957970295,-0.06088085722051517,0.07934758957970295
estados_c7_dna_fluxo_v5_2__w60__diferenca_score__min,57,81,20.50877192982456,22.65432098765432,8.0,11.0,-2.145549057829758,-0.07931411106835773,0.05371453949735235,0.07931411106835773
05_estrutura_eventos_enriquecidos__w60__campanha_ativa__true_count,51,65,1.0980392156862746,0.9230769230769231,0.0,0.0,0.17496229260935148,0.07920730554959868,-0.058360840171930856,0.07920730554959868
06_evolucao_score_eventos__w60__campanha_ativa__true_count,51,65,1.0980392156862746,0.9230769230769231,0.0,0.0,0.17496229260935148,0.07920730554959868,-0.058360840171930856,0.07920730554959868
07_bloqueios_auditoria_completa__w60__delta30__slope,27,30,0.9693121693121682,-0.24409090909090783,0.9999999999999909,-0.16071428571428295,1.213403078403076,0.07904661474543626,-0.07839170475473312,0.07904661474543626
07_bloqueios_auditoria_completa__w60__f_delta__slope,27,30,0.9693121693121682,-0.24409090909090783,0.9999999999999909,-0.16071428571428295,1.213403078403076,0.07904661474543626,-0.07839170475473312,0.07904661474543626
05_estrutura_eventos_enriquecidos__w60__ajuste_estrutura_compra__first,51,65,2.3529411764705883,1.7538461538461538,8.0,-2.0,0.5990950226244345,0.07878241604506962,0.06961284205097547,0.07878241604506962
06_evolucao_score_eventos__w60__ajuste_estrutura_compra__first,51,65,2.3529411764705883,1.7538461538461538,8.0,-2.0,0.5990950226244345,0.07878241604506962,0.06961284205097547,0.07878241604506962
05_estrutura_eventos_enriquecidos__w60__f_ticks_s__last,51,65,86.25772746373708,89.4278481778817,77.2052550759256,79.2,-3.170120714144616,-0.07877592751206429,0.06914183385401965,0.07877592751206429
05_estrutura_eventos_enriquecidos__w60__ticks_s__last,51,65,86.25772746373708,89.4278481778817,77.2052550759256,79.2,-3.170120714144616,-0.07877592751206429,0.06914183385401965,0.07877592751206429
06_evolucao_score_eventos__w60__f_ticks_s__last,51,65,86.25772746373708,89.4278481778817,77.2052550759256,79.2,-3.170120714144616,-0.07877592751206429,0.06914183385401965,0.07877592751206429
06_evolucao_score_eventos__w60__ticks_s__last,51,65,86.25772746373708,89.4278481778817,77.2052550759256,79.2,-3.170120714144616,-0.07877592751206429,0.06914183385401965,0.07877592751206429
05_estrutura_eventos_enriquecidos__w60__diferenca_score__mean,51,65,48.20485315338255,49.83926129426129,42.8,50.57142857142857,-1.6344081408787403,-0.07843823092639388,0.09080180836791256,0.07843823092639388
06_evolucao_score_eventos__w60__diferenca_score__mean,51,65,48.20485315338255,49.83926129426129,42.8,50.57142857142857,-1.6344081408787403,-0.07843823092639388,0.09080180836791256,0.07843823092639388
05_estrutura_eventos_enriquecidos__w60__qtd_hard_gates_compra_ok__max,51,65,4.882352941176471,4.753846153846154,5.0,5.0,0.12850678733031717,0.0781285029560867,0.01983438385396769,0.0781285029560867
06_evolucao_score_eventos__w60__qtd_hard_gates_compra_ok__max,51,65,4.882352941176471,4.753846153846154,5.0,5.0,0.12850678733031717,0.0781285029560867,0.01983438385396769,0.0781285029560867
estado_mercado_tempo_real__w60__imbalance__first,82,116,1.1700929152148665,1.1113505747126438,1.0,1.0,0.05874234050222271,0.0781125451925657,-0.05991986488101823,0.0781125451925657
bloqueios_c7_dna_fluxo_v5_2__w60__saldo30__last,49,69,10.857142857142858,3.8260869565217392,10.0,0.0,7.031055900621118,0.07786314716227578,-0.07808612994342146,0.07786314716227578
07_bloqueios_auditoria_completa__w60__qtd_hard_gates_ok__delta,43,54,0.13953488372093023,0.07407407407407407,0.0,0.0,0.06546080964685616,0.07763187005898689,-0.07346897971149398,0.07763187005898689
13a_features_tempo_real__w60__pre_60s_bid_size_medio_soma__std,82,116,4.0209194194645415,4.27037038131548,3.5230083629707836,3.4481617594394116,-0.24945096185093885,-0.07761319169512187,0.050696150151824874,0.07761319169512187
07_bloqueios_auditoria_completa__w60__f_score__mean,43,54,75.34778516057585,75.89150232483566,75.0,75.16666666666666,-0.5437171642598031,-0.07751141671676344,-0.03593189399196666,0.07751141671676344
07_bloqueios_auditoria_completa__w60__score__mean,43,54,75.34778516057585,75.89150232483566,75.0,75.16666666666666,-0.5437171642598031,-0.07751141671676344,-0.03593189399196666,0.07751141671676344
estados_c7_dna_fluxo_v5_2__w60__aceleracao__last,57,81,0.058690564766163855,0.15959388041565023,0.2512954058898404,0.0460786739238001,-0.10090331564948637,-0.07749695259462615,0.08997883035163998,0.07749695259462615
estados_c7_dna_fluxo_v5_2__w60__score_venda__min,57,81,21.68421052631579,23.604938271604937,12.0,18.0,-1.9207277452891454,-0.07733507870310802,-0.011577552917461546,0.07733507870310802
estados_c7_dna_fluxo_v5_2__w60__gate_aceleracao__true_pct,57,81,61.363319915951486,63.229472859102486,60.0,62.5,-1.8661529431510004,-0.07724188306581574,0.0402269889199391,0.07724188306581574
estados_c7_dna_fluxo_v5_2__w60__campanha_pullback__true_pct,57,81,17.98941798941799,15.272878698804625,0.0,0.0,2.7165392906133654,0.07722063420826447,-0.053193769738324855,0.07722063420826447
estados_c7_dna_fluxo_v5_2__w60__hard_gates_ok__true_pct,57,81,13.308270676691729,15.359102488732116,0.0,0.0,-2.0508318120403874,-0.0768621846631437,0.09177519422222466,0.0768621846631437
estados_c7_dna_fluxo_v5_2__w60__rompimento_venda__std,57,81,4.0126318584141565,3.779554993529987,3.415146137502152,3.398892339542762,0.23307686488416968,0.07681520714991599,0.04224193515238696,0.07681520714991599
05_estrutura_eventos_enriquecidos__w60__campanha_entradas__first,51,65,0.2549019607843137,0.2153846153846154,0.0,0.0,0.03951734539969831,0.07679586579164749,-0.010247690269332487,0.07679586579164749
06_evolucao_score_eventos__w60__campanha_entradas__first,51,65,0.2549019607843137,0.2153846153846154,0.0,0.0,0.03951734539969831,0.07679586579164749,-0.010247690269332487,0.07679586579164749
05_estrutura_eventos_enriquecidos__w60__fundo_anterior__std,51,65,3.486549883156043,3.2164661751810693,3.1030843094258582,2.425,0.27008370797497383,0.07674370867163781,0.04073509046778894,0.07674370867163781
06_evolucao_score_eventos__w60__fundo_anterior__std,51,65,3.486549883156043,3.2164661751810693,3.1030843094258582,2.425,0.27008370797497383,0.07674370867163781,0.04073509046778894,0.07674370867163781
estados_c7_dna_fluxo_v5_2__w60__delta10__delta,57,81,-6.280701754385965,-10.802469135802468,0.0,0.0,4.521767381416503,0.07670910701842233,-0.03181788614035088,0.07670910701842233
05_estrutura_eventos_enriquecidos__w60__f_ticks_s__mean,51,65,86.54876809846792,89.30042903789086,84.4859941588001,78.27194103456726,-2.7516609394229476,-0.07665788792901786,0.10269511299147145,0.07665788792901786
05_estrutura_eventos_enriquecidos__w60__ticks_s__mean,51,65,86.54876809846792,89.30042903789086,84.4859941588001,78.27194103456726,-2.7516609394229476,-0.07665788792901786,0.10269511299147145,0.07665788792901786
06_evolucao_score_eventos__w60__f_ticks_s__mean,51,65,86.54876809846792,89.30042903789086,84.4859941588001,78.27194103456726,-2.7516609394229476,-0.07665788792901786,0.10269511299147145,0.07665788792901786
06_evolucao_score_eventos__w60__ticks_s__mean,51,65,86.54876809846792,89.30042903789086,84.4859941588001,78.27194103456726,-2.7516609394229476,-0.07665788792901786,0.10269511299147145,0.07665788792901786
estados_c7_dna_fluxo_v5_2__w60__razao_compra30__first,57,81,1.1790384935199056,1.134658655827398,1.1363636363636365,1.0,0.04437983769250753,0.07652450684822049,-0.016130925044710177,0.07652450684822049
estados_c7_dna_fluxo_v5_2__w60__venda30__first,57,81,237.75438596491227,265.0617283950617,140.0,140.0,-27.307342430149447,-0.07649888585784578,0.056940493500523416,0.07649888585784578
13a_features_tempo_real__w60__pre_15s_spread_medio__delta,82,116,0.004419335337501448,0.020518072331324622,0.004071712018140716,0.0,-0.016098736993823175,-0.07638558905175137,0.08345282756269551,0.07638558905175137
13a_features_tempo_real__w60__adv_z_pre_15s_spread_medio__delta,82,116,0.009730372120996105,0.04517613254987281,0.00896498456902356,0.0,-0.035445760428876705,-0.07638558905175136,0.08345282756269531,0.07638558905175136
05_estrutura_eventos_enriquecidos__w60__continuidade_2s__delta,51,65,0.19607843137254902,-0.1076923076923077,0.25,0.0,0.30377073906485674,0.0762815377524395,0.021241312621937212,0.0762815377524395
06_evolucao_score_eventos__w60__continuidade_2s__delta,51,65,0.19607843137254902,-0.1076923076923077,0.25,0.0,0.30377073906485674,0.0762815377524395,0.021241312621937212,0.0762815377524395
estado_mercado_tempo_real__w60__delta_acumulado__delta,82,116,-0.7682926829268293,4.922413793103448,6.0,6.0,-5.690706476030278,-0.0762653172580145,0.029376885064754513,0.0762653172580145
05_estrutura_eventos_enriquecidos__w60__imbalance_atual__std,51,65,0.587811724341415,0.5393967857536595,0.46798318822668183,0.4898979485566356,0.048414938587755585,0.07619876925398295,-0.06526507362999162,0.07619876925398295
06_evolucao_score_eventos__w60__imbalance_atual__std,51,65,0.587811724341415,0.5393967857536595,0.46798318822668183,0.4898979485566356,0.048414938587755585,0.07619876925398295,-0.06526507362999162,0.07619876925398295
05_estrutura_eventos_enriquecidos__w60__qtd_hard_gates_compra_ok__last,51,65,3.607843137254902,3.4461538461538463,4.0,3.0,0.16168929110105568,0.07615066928588388,0.049038184671755296,0.07615066928588388
06_evolucao_score_eventos__w60__qtd_hard_gates_compra_ok__last,51,65,3.607843137254902,3.4461538461538463,4.0,3.0,0.16168929110105568,0.07615066928588388,0.049038184671755296,0.07615066928588388
estado_mercado_tempo_real__w60__delta_acumulado__slope,82,116,0.01742965182518636,0.4652182658628212,0.19341467356173153,0.19340659340651162,-0.44778861403763487,-0.07602634027475919,0.023409568357739125,0.07602634027475919
07_bloqueios_auditoria_completa__w60__qtd_hard_gates_compra_ok__delta,43,54,-0.046511627906976744,-0.2037037037037037,0.0,0.0,0.15719207579672695,0.07597271596683951,-0.01886102006766973,0.07597271596683951
05_estrutura_eventos_enriquecidos__w60__f_velocidade__std,51,65,0.2904441744392333,0.27604586068055337,0.31563516004332604,0.2462122339572865,0.014398313758679948,0.07564392728447769,0.0309886406948785,0.07564392728447769
05_estrutura_eventos_enriquecidos__w60__vel15__std,51,65,0.2904441744392333,0.27604586068055337,0.31563516004332604,0.2462122339572865,0.014398313758679948,0.07564392728447769,0.0309886406948785,0.07564392728447769
06_evolucao_score_eventos__w60__f_velocidade__std,51,65,0.2904441744392333,0.27604586068055337,0.31563516004332604,0.2462122339572865,0.014398313758679948,0.07564392728447769,0.0309886406948785,0.07564392728447769
06_evolucao_score_eventos__w60__vel15__std,51,65,0.2904441744392333,0.27604586068055337,0.31563516004332604,0.2462122339572865,0.014398313758679948,0.07564392728447769,0.0309886406948785,0.07564392728447769
estados_c7_dna_fluxo_v5_2__w60__qtd_hard_gates_compra_ok__first,57,81,3.491228070175439,3.3703703703703702,3.0,3.0,0.12085769980506855,0.07549939991615892,-0.009097861526030867,0.07549939991615892
05_estrutura_eventos_enriquecidos__w60__gate_saldo30__transitions,51,65,1.5294117647058822,1.4153846153846155,2.0,1.0,0.11402714932126679,0.07546183785012751,-0.03503576500965828,0.07546183785012751
06_evolucao_score_eventos__w60__gate_saldo30__transitions,51,65,1.5294117647058822,1.4153846153846155,2.0,1.0,0.11402714932126679,0.07546183785012751,-0.03503576500965828,0.07546183785012751
estados_c7_dna_fluxo_v5_2__w60__score_venda__delta,57,81,1.4912280701754386,4.160493827160494,0.0,0.0,-2.6692657569850553,-0.07545504585929205,0.024838716131961414,0.07545504585929205
estado_mercado_tempo_real__w60__imbalance__std,82,116,0.7004267092932186,0.674357834059376,0.6708740351032136,0.6253438083107272,0.026068875233842603,0.07541469862207181,-0.08240768776806591,0.07541469862207181
05_estrutura_eventos_enriquecidos__w60__score_base_dna__last,51,65,66.80392156862744,68.73846153846154,67.0,70.0,-1.9345399698340913,-0.07529619013348429,0.07149267393550976,0.07529619013348429
06_evolucao_score_eventos__w60__score_base_dna__last,51,65,66.80392156862744,68.73846153846154,67.0,70.0,-1.9345399698340913,-0.07529619013348429,0.07149267393550976,0.07529619013348429
estados_c7_dna_fluxo_v5_2__w60__qtd_hard_gates_compra_ok__min,57,81,1.894736842105263,2.0,1.0,2.0,-0.10526315789473695,-0.07529115532703075,0.07666914989861472,0.07529115532703075
05_estrutura_eventos_enriquecidos__w60__aprovado__first,51,65,0.09803921568627451,0.07692307692307693,0.0,0.0,0.02111613876319758,0.07523493738599821,0.03768233326873085,0.07523493738599821
06_evolucao_score_eventos__w60__aprovado__first,51,65,0.09803921568627451,0.07692307692307693,0.0,0.0,0.02111613876319758,0.07523493738599821,0.03768233326873085,0.07523493738599821
estados_c7_dna_fluxo_v5_2__w60__venda30__slope,45,67,-5.009134199134197,-2.2279059249208575,-4.000000000000004,-1.2142857142857177,-2.781228274213339,-0.0751405357432867,0.07799240647109587,0.0751405357432867
05_estrutura_eventos_enriquecidos__w60__sucesso250_120s__changed,51,65,0.3333333333333333,0.36923076923076925,0.0,0.0,-0.035897435897435936,-0.07509289675384162,0.09921578044114991,0.07509289675384162
05_estrutura_eventos_enriquecidos__w60__max_baixa_30s__min,51,65,-619.1176470588235,-657.6923076923077,-600.0,-575.0,38.5746606334842,0.07485110376662982,-0.04118778283748354,0.07485110376662982
06_evolucao_score_eventos__w60__max_baixa_30s__min,51,65,-619.1176470588235,-657.6923076923077,-600.0,-575.0,38.5746606334842,0.07485110376662982,-0.04118778283748354,0.07485110376662982
estados_c7_dna_fluxo_v5_2__w60__score_compra__std,57,81,15.579900988339205,14.937791890954069,16.936857526033062,15.304320377665329,0.642109097385136,0.07480708775387959,-0.008759511850786486,0.07480708775387959
05_estrutura_eventos_enriquecidos__w60__rompimento_venda__delta,51,65,0.6127450980392157,-0.038461538461538464,0.0,0.0,0.6512066365007542,0.07472104324252904,-0.05849569322629501,0.07472104324252904
06_evolucao_score_eventos__w60__rompimento_venda__delta,51,65,0.6127450980392157,-0.038461538461538464,0.0,0.0,0.6512066365007542,0.07472104324252904,-0.05849569322629501,0.07472104324252904
05_estrutura_eventos_enriquecidos__w60__delta10__mean,51,65,-5.573161587867469,-4.035628815628816,-5.0,-4.8,-1.5375327722386531,-0.07469231980533815,0.06711364421237631,0.07469231980533815
06_evolucao_score_eventos__w60__delta10__mean,51,65,-5.573161587867469,-4.035628815628816,-5.0,-4.8,-1.5375327722386531,-0.07469231980533815,0.06711364421237631,0.07469231980533815
05_estrutura_eventos_enriquecidos__w60__sucesso250_120s__true_pct,51,65,66.18693942223355,68.37301587301587,66.66666666666666,75.0,-2.1860764507823234,-0.07468306472942396,-0.005074740193267375,0.07468306472942396
estados_c7_dna_fluxo_v5_2__w60__score_oposto__mean,57,81,18.622076656287184,17.93898687046835,18.7,17.5,0.683089785818833,0.07460171584069898,-0.06157275785155792,0.07460171584069898
bloqueios_c7_dna_fluxo_v5_2__w60__gate_delta30__true_count,49,69,2.142857142857143,2.2753623188405796,2.0,2.0,-0.1325051759834368,-0.0746009117269223,0.06152766329987964,0.0746009117269223
bloqueios_c7_dna_fluxo_v5_2__w60__score_oposto__mean,49,69,13.854713313896989,14.580937741807304,13.333333333333334,12.428571428571429,-0.7262244279103154,-0.07439478538492911,0.04136959755124611,0.07439478538492911
05_estrutura_eventos_enriquecidos__w60__vel_anterior__std,51,65,0.4208714123654536,0.40056698219533216,0.4187908636590954,0.3520878816599473,0.020304430170121457,0.07423636344221463,0.0038145888838931564,0.07423636344221463
06_evolucao_score_eventos__w60__vel_anterior__std,51,65,0.4208714123654536,0.40056698219533216,0.4187908636590954,0.3520878816599473,0.020304430170121457,0.07423636344221463,0.0038145888838931564,0.07423636344221463
estados_c7_dna_fluxo_v5_2__w60__diferenca_score__std,57,81,20.49693455193974,19.768824087377244,22.377444000600246,22.410586226156603,0.7281104645624978,0.07416967148986876,0.0148031879905359,0.07416967148986876
05_estrutura_eventos_enriquecidos__w60__rompimento_compra__mean,51,65,-7.229864117364117,-6.77496336996337,-5.821428571428571,-5.5625,-0.45490074740074693,-0.07400028282705158,-0.016443723547620803,0.07400028282705158
06_evolucao_score_eventos__w60__rompimento_compra__mean,51,65,-7.229864117364117,-6.77496336996337,-5.821428571428571,-5.5625,-0.45490074740074693,-0.07400028282705158,-0.016443723547620803,0.07400028282705158
07_bloqueios_auditoria_completa__w60__ref__std,43,53,2.6987358255859357,2.453363790863562,2.0,1.625,0.24537203472237357,0.07338302012318197,0.03399456973460557,0.07338302012318197
estados_c7_dna_fluxo_v5_2__w60__score_base_dna__mean,57,81,60.6517398293714,61.78193219674701,55.0,61.166666666666664,-1.1301923673756065,-0.07335025026401343,0.0747123510797963,0.07335025026401343
05_estrutura_eventos_enriquecidos__w60__confirmacoes_candidata__last,51,65,0.5098039215686274,0.5846153846153846,0.0,0.0,-0.07481146304675723,-0.07334358250386121,0.06534218159510714,0.07334358250386121
06_evolucao_score_eventos__w60__confirmacoes_candidata__last,51,65,0.5098039215686274,0.5846153846153846,0.0,0.0,-0.07481146304675723,-0.07334358250386121,0.06534218159510714,0.07334358250386121
estados_c7_dna_fluxo_v5_2__w60__spread_pct_120_60__std,57,81,0.0352474629756571,0.03275474684144791,0.024634679997674797,0.0268311174544185,0.0024927161342091844,0.07324314265399261,0.025458661547735753,0.07324314265399261
estados_c7_dna_fluxo_v5_2__last__saldo10,34,46,-4.411764705882353,-0.8043478260869565,-4.0,-2.0,-3.6074168797953967,-0.07273071717655998,0.12621035162908809,0.07273071717655998
05_estrutura_eventos_enriquecidos__w60__qtd_hard_gates_venda_ok__mean,51,65,3.206550802139038,3.304920634920635,3.0,3.0,-0.09836983278159694,-0.07269335032252688,-0.0018744001015982264,0.07269335032252688
06_evolucao_score_eventos__w60__qtd_hard_gates_venda_ok__mean,51,65,3.206550802139038,3.304920634920635,3.0,3.0,-0.09836983278159694,-0.07269335032252688,-0.0018744001015982264,0.07269335032252688
bloqueios_c7_dna_fluxo_v5_2__w60__saldo30__delta,49,69,9.408163265306122,2.681159420289855,0.0,0.0,6.727003845016267,0.07269212057914248,-0.07671265330100493,0.07269212057914248
estados_c7_dna_fluxo_v5_2__w60__ajuste_estrutura__delta,57,81,-0.8070175438596491,-0.14814814814814814,0.0,0.0,-0.6588693957115009,-0.07265849958260268,0.005932953707150938,0.07265849958260268
07_bloqueios_auditoria_completa__w60__score_venda__max,43,54,58.81395348837209,61.2037037037037,73.0,76.0,-2.3897502153316097,-0.0726201142952239,0.0010608150490730287,0.0726201142952239
05_estrutura_eventos_enriquecidos__w60__f_velocidade__max,51,65,0.4305954522505149,0.39479170993574964,0.4898187670561892,0.3185140481459129,0.03580374231476524,0.0726117110433909,-0.00255604302570138,0.0726117110433909
05_estrutura_eventos_enriquecidos__w60__vel15__max,51,65,0.4305954522505149,0.39479170993574964,0.4898187670561892,0.3185140481459129,0.03580374231476524,0.0726117110433909,-0.00255604302570138,0.0726117110433909
06_evolucao_score_eventos__w60__f_velocidade__max,51,65,0.4305954522505149,0.39479170993574964,0.4898187670561892,0.3185140481459129,0.03580374231476524,0.0726117110433909,-0.00255604302570138,0.0726117110433909
06_evolucao_score_eventos__w60__vel15__max,51,65,0.4305954522505149,0.39479170993574964,0.4898187670561892,0.3185140481459129,0.03580374231476524,0.0726117110433909,-0.00255604302570138,0.0726117110433909
07_bloqueios_auditoria_completa__last__base,17,17,27884.617647058825,27875.058823529413,27842.5,27885.75,9.55882352941262,0.07250246716955773,-0.0793444202778675,0.07250246716955773
07_bloqueios_auditoria_completa__last__preco,17,17,27884.617647058825,27875.058823529413,27842.5,27885.75,9.55882352941262,0.07250246716955773,-0.0793444202778675,0.07250246716955773
07_bloqueios_auditoria_completa__last__preco_2,17,17,27884.617647058825,27875.058823529413,27842.5,27885.75,9.55882352941262,0.07250246716955773,-0.0793444202778675,0.07250246716955773
05_estrutura_eventos_enriquecidos__w60__campanha_entradas__mean,51,65,0.24288826641767816,0.20644078144078146,0.0,0.0,0.036447484976896705,0.07208768763322378,-0.013853147926274378,0.07208768763322378
06_evolucao_score_eventos__w60__campanha_entradas__mean,51,65,0.24288826641767816,0.20644078144078146,0.0,0.0,0.036447484976896705,0.07208768763322378,-0.013853147926274378,0.07208768763322378
estados_c7_dna_fluxo_v5_2__w60__continuidade_2s__last,57,81,-0.10087719298245613,0.1388888888888889,-0.25,0.75,-0.23976608187134502,-0.07201623803348281,0.05260123709550973,0.07201623803348281
05_estrutura_eventos_enriquecidos__w60__saldo10__first,51,65,5.588235294117647,1.6923076923076923,0.0,-4.0,3.8959276018099542,0.07201620711889961,-0.015267800026742244,0.07201620711889961
06_evolucao_score_eventos__w60__saldo10__first,51,65,5.588235294117647,1.6923076923076923,0.0,-4.0,3.8959276018099542,0.07201620711889961,-0.015267800026742244,0.07201620711889961
estados_c7_dna_fluxo_v5_2__w60__razao_compra30__last,57,81,1.2025060943675965,1.156373366962471,1.021505376344086,0.9904534606205252,0.04613272740512553,0.07198303128434956,-0.027863253124699203,0.07198303128434956
estados_c7_dna_fluxo_v5_2__w60__qtd_hard_gates_compra_ok__last,57,81,3.543859649122807,3.3950617283950617,4.0,3.0,0.14879792072774523,0.07194860976956573,0.025655162742145285,0.07194860976956573
bloqueios_c7_dna_fluxo_v5_2__w60__vel15__delta,49,69,0.011492979379504316,-0.04328202914922519,0.0,0.0,0.054775008528729505,0.07184118738819446,-0.07754527178381909,0.07184118738819446
estados_c7_dna_fluxo_v5_2__w60__gate_vel15__first,57,81,0.8070175438596491,0.7777777777777778,1.0,1.0,0.029239766081871288,0.07176963415486398,-0.04098085846140362,0.07176963415486398
07_bloqueios_auditoria_completa__w60__f_velocidade__min,43,54,-0.2995488868155997,-0.2650998117516148,-0.3883560718627583,-0.16939445612021686,-0.034449075063984924,-0.07168280414476433,-0.03142197215549599,0.07168280414476433
07_bloqueios_auditoria_completa__w60__vel15__min,43,54,-0.2995488868155997,-0.2650998117516148,-0.3883560718627583,-0.16939445612021686,-0.034449075063984924,-0.07168280414476433,-0.03142197215549599,0.07168280414476433
bloqueios_c7_dna_fluxo_v5_2__w60__gate_aceleracao__true_count,49,69,2.4489795918367347,2.3333333333333335,2.0,2.0,0.11564625850340127,0.07159963072677608,-0.029334317321861283,0.07159963072677608
05_estrutura_eventos_enriquecidos__w60__spread_pct_15__mean,51,65,0.5077824310352149,0.4872858671831419,0.5723296811668777,0.5609723795279036,0.020496563852073046,0.07150161642974058,0.023517399492092035,0.07150161642974058
06_evolucao_score_eventos__w60__spread_pct_15__mean,51,65,0.5077824310352149,0.4872858671831419,0.5723296811668777,0.5609723795279036,0.020496563852073046,0.07150161642974058,0.023517399492092035,0.07150161642974058
07_bloqueios_auditoria_completa__w60__ajuste_estrutura__min,43,54,3.5813953488372094,4.074074074074074,8.0,8.0,-0.49267872523686496,-0.07140418744932248,0.028843137127163968,0.07140418744932248
05_estrutura_eventos_enriquecidos__w60__gate_saldo30__all_true,51,65,0.37254901960784315,0.3384615384615385,0.0,0.0,0.034087481146304666,0.07130670027885791,0.03044031886155494,0.07130670027885791
06_evolucao_score_eventos__w60__gate_saldo30__all_true,51,65,0.37254901960784315,0.3384615384615385,0.0,0.0,0.034087481146304666,0.07130670027885791,0.03044031886155494,0.07130670027885791
estados_c7_dna_fluxo_v5_2__w60__score_venda_base__mean,57,81,40.80404040404041,42.34851557907113,37.44444444444444,40.22222222222222,-1.5444751750307262,-0.07129358391736844,0.007297907033730989,0.07129358391736844
07_bloqueios_auditoria_completa__w60__mov_favor_120s__mean,43,54,997.6993355481729,931.866482283149,616.6666666666666,745.8333333333333,65.83285326502391,0.07117480271324124,-0.04386379517292428,0.07117480271324124
bloqueios_c7_dna_fluxo_v5_2__w60__diferenca_score__last,49,69,61.55102040816327,62.84057971014493,61.0,65.0,-1.2895593019816616,-0.07086696753459919,0.03762563443086436,0.07086696753459919
05_estrutura_eventos_enriquecidos__w60__gate_vel15__ever_true,51,65,0.9803921568627451,0.9692307692307692,1.0,1.0,0.011161387631975828,0.0703195902497613,-0.042338886291920244,0.0703195902497613
06_evolucao_score_eventos__w60__gate_vel15__ever_true,51,65,0.9803921568627451,0.9692307692307692,1.0,1.0,0.011161387631975828,0.0703195902497613,-0.042338886291920244,0.0703195902497613
05_estrutura_eventos_enriquecidos__w60__f_razao_fluxo__min,51,65,0.8081909945682167,0.8500405696711674,0.6595744680851063,0.7086092715231788,-0.04184957510295062,-0.070106133070619,0.06064271404613718,0.070106133070619
05_estrutura_eventos_enriquecidos__w60__razao_venda30__min,51,65,0.8081909945682167,0.8500405696711674,0.6595744680851063,0.7086092715231788,-0.04184957510295062,-0.070106133070619,0.06064271404613718,0.070106133070619
06_evolucao_score_eventos__w60__f_razao_fluxo__min,51,65,0.8081909945682167,0.8500405696711674,0.6595744680851063,0.7086092715231788,-0.04184957510295062,-0.070106133070619,0.06064271404613718,0.070106133070619
06_evolucao_score_eventos__w60__razao_venda30__min,51,65,0.8081909945682167,0.8500405696711674,0.6595744680851063,0.7086092715231788,-0.04184957510295062,-0.070106133070619,0.06064271404613718,0.070106133070619
estados_c7_dna_fluxo_v5_2__w60__hard_gates_compra_ok__first,57,81,0.03508771929824561,0.04938271604938271,0.0,0.0,-0.014294996751137101,-0.07009718159580174,0.04445981117908763,0.07009718159580174
estados_c7_dna_fluxo_v5_2__w60__score_compra_base__std,57,81,14.955953628541204,14.38273881329153,15.270478054075452,14.38963962005518,0.5732148152496741,0.07000779503991235,-0.020185794606513402,0.07000779503991235
05_estrutura_eventos_enriquecidos__w60__rompimento_compra__std,51,65,3.2170717584134336,3.3964166310715656,2.97137705999307,3.0414840127806033,-0.17934487265813193,-0.06996897352053974,0.06095102439236915,0.06996897352053974
06_evolucao_score_eventos__w60__rompimento_compra__std,51,65,3.2170717584134336,3.3964166310715656,2.97137705999307,3.0414840127806033,-0.17934487265813193,-0.06996897352053974,0.06095102439236915,0.06996897352053974
estados_c7_dna_fluxo_v5_2__w60__estrutura__nunique,57,81,1.3157894736842106,1.2839506172839505,1.0,1.0,0.031838856400260074,0.06967207597156144,-0.004873709390092872,0.06967207597156144
estados_c7_dna_fluxo_v5_2__w60__estrutura_confirmada__nunique,57,81,1.3157894736842106,1.2839506172839505,1.0,1.0,0.031838856400260074,0.06967207597156144,-0.004873709390092872,0.06967207597156144
bloqueios_c7_dna_fluxo_v5_2__w60__diferenca_score__first,49,69,62.91836734693877,61.53623188405797,65.0,63.0,1.3821354628808038,0.06942850199535622,-0.055339599937474636,0.06942850199535622
05_estrutura_eventos_enriquecidos__w60__qtd_hard_gates_venda_ok__min,51,65,1.8235294117647058,1.9230769230769231,1.0,1.0,-0.09954751131221728,-0.06916289577839523,0.03130977747590155,0.06916289577839523
06_evolucao_score_eventos__w60__qtd_hard_gates_venda_ok__min,51,65,1.8235294117647058,1.9230769230769231,1.0,1.0,-0.09954751131221728,-0.06916289577839523,0.03130977747590155,0.06916289577839523
07_bloqueios_auditoria_completa__w60__score_venda_base__delta,43,54,2.0232558139534884,-0.3333333333333333,0.0,0.0,2.356589147286822,0.06898799807415007,-0.053236206951353955,0.06898799807415007
07_bloqueios_auditoria_completa__w60__gate_rompimento__all_true,43,54,0.09302325581395349,0.07407407407407407,0.0,0.0,0.018949181739879417,0.06888460914371958,-0.013870727196888002,0.06888460914371958
07_bloqueios_auditoria_completa__w60__gate_continuidade__true_pct,43,54,73.33333333333334,71.26543209876543,80.0,80.0,2.0679012345679126,0.06835988637024416,-0.06351907300722223,0.06835988637024416
bloqueios_c7_dna_fluxo_v5_2__w60__gate_aceleracao__ever_true,49,69,0.9183673469387755,0.8985507246376812,1.0,1.0,0.019816622301094378,0.06815903104294267,0.0030944019323152186,0.06815903104294267
estados_c7_dna_fluxo_v5_2__w60__score_venda_base__std,57,81,15.550224615001374,14.958541265317834,15.784036317404233,15.244671200127604,0.5916833496835405,0.06814767395179518,-0.028119710522999213,0.06814767395179518
estado_mercado_tempo_real__last__score_venda,81,110,63.82716049382716,62.54545454545455,50.0,50.0,1.2817059483726112,0.06808994317382859,-0.029070468124869485,0.06808994317382859
estados_c7_dna_fluxo_v5_2__w60__qtd_hard_gates_ok__min,57,81,3.3333333333333335,3.419753086419753,3.0,3.0,-0.08641975308641969,-0.06803715760518947,0.0554261867372012,0.06803715760518947
05_estrutura_eventos_enriquecidos__w60__aceleracao__delta,51,65,0.0644925076046706,-0.050568535566768234,0.0,0.0,0.11506104317143884,0.06797999921688165,0.01527649807494925,0.06797999921688165
06_evolucao_score_eventos__w60__aceleracao__delta,51,65,0.0644925076046706,-0.050568535566768234,0.0,0.0,0.11506104317143884,0.06797999921688165,0.01527649807494925,0.06797999921688165
05_estrutura_eventos_enriquecidos__w60__f_aceleracao__delta,51,65,0.0644925076046706,-0.050568535566768234,0.0,0.0,0.11506104317143884,0.06797999921688165,0.015276498074949239,0.06797999921688165
06_evolucao_score_eventos__w60__f_aceleracao__delta,51,65,0.0644925076046706,-0.050568535566768234,0.0,0.0,0.11506104317143884,0.06797999921688165,0.015276498074949239,0.06797999921688165
estados_c7_dna_fluxo_v5_2__w60__ajuste_estrutura_venda__mean,57,81,1.9622769043821675,2.404281795022536,1.5555555555555556,3.111111111111111,-0.4420048906403684,-0.06790284865796027,-0.019770972566276874,0.06790284865796027
13a_features_tempo_real__w60__adv_ratio_volatilidade_close_pontos_15s_60s__mean,82,116,0.9944534530045497,0.9840827611308901,0.9700976661382418,0.9651706814411021,0.010370691873659577,0.06777998803181645,-0.03289253724193494,0.06777998803181645
estados_c7_dna_fluxo_v5_2__w60__saldo30__std,57,81,42.722233996275406,40.11292485203919,33.0,30.399652775794806,2.6093091442362137,0.06742837995241638,0.040894378127610265,0.06742837995241638
bloqueios_c7_dna_fluxo_v5_2__w60__score_compra_base__delta,49,69,-2.5306122448979593,-4.478260869565218,0.0,0.0,1.9476486246672584,0.06740727972946564,-0.025057450884626103,0.06740727972946564
07_bloqueios_auditoria_completa__w60__f_saldo__delta,43,54,6.069767441860465,11.462962962962964,0.0,0.0,-5.3931955211024984,-0.06730766603497601,0.018103879892272155,0.06730766603497601
07_bloqueios_auditoria_completa__w60__saldo30__delta,43,54,6.069767441860465,11.462962962962964,0.0,0.0,-5.3931955211024984,-0.06730766603497601,0.018103879892272155,0.06730766603497601
05_estrutura_eventos_enriquecidos__w60__score_compra_base__last,51,65,43.549019607843135,41.41538461538462,44.0,32.0,2.133634992458518,0.06730153529571338,0.05089276088613947,0.06730153529571338
06_evolucao_score_eventos__w60__score_compra_base__last,51,65,43.549019607843135,41.41538461538462,44.0,32.0,2.133634992458518,0.06730153529571338,0.05089276088613947,0.06730153529571338
estados_c7_dna_fluxo_v5_2__w60__spread_max_30__delta,57,81,0.19298245614035087,0.09259259259259259,0.0,0.0,0.10038986354775828,0.06727742768991682,0.02660710537955937,0.06727742768991682
13a_features_tempo_real__last__pre_60s_bid_size_medio_soma,82,116,78.97800944229881,78.12229815988476,76.53342712842714,76.54659316455208,0.8557112824140489,0.06709449475095085,-0.039194435646358654,0.06709449475095085
13a_features_tempo_real__w60__pre_60s_bid_size_medio_soma__last,82,116,78.97800944229881,78.12229815988476,76.53342712842714,76.54659316455208,0.8557112824140489,0.06709449475095085,-0.039194435646358654,0.06709449475095085
estados_c7_dna_fluxo_v5_2__w60__vel5__min,57,81,-1.005646158671032,-0.9230509053107849,-1.0105721393034826,-0.85806581869574,-0.08259525336024698,-0.06676204226242852,0.03230455902310318,0.06676204226242852
05_estrutura_eventos_enriquecidos__w60__aprovado__all_true,51,65,0.0784313725490196,0.06153846153846154,0.0,0.0,0.016892911010558065,0.06666618639651214,0.06616890132955192,0.06666618639651214
05_estrutura_eventos_enriquecidos__w60__hard_gates_ok__all_true,51,65,0.0784313725490196,0.06153846153846154,0.0,0.0,0.016892911010558065,0.06666618639651214,0.06616890132955192,0.06666618639651214
06_evolucao_score_eventos__w60__aprovado__all_true,51,65,0.0784313725490196,0.06153846153846154,0.0,0.0,0.016892911010558065,0.06666618639651214,0.06616890132955192,0.06666618639651214
06_evolucao_score_eventos__w60__hard_gates_ok__all_true,51,65,0.0784313725490196,0.06153846153846154,0.0,0.0,0.016892911010558065,0.06666618639651214,0.06616890132955192,0.06666618639651214
05_estrutura_eventos_enriquecidos__w60__campanha_ativa__changed,51,65,0.0784313725490196,0.06153846153846154,0.0,0.0,0.016892911010558065,0.06666618639651214,0.02519598733900702,0.06666618639651214
06_evolucao_score_eventos__w60__campanha_ativa__changed,51,65,0.0784313725490196,0.06153846153846154,0.0,0.0,0.016892911010558065,0.06666618639651214,0.02519598733900702,0.06666618639651214
07_bloqueios_auditoria_completa__w60__f_saldo__max,43,54,41.116279069767444,36.351851851851855,51.0,25.0,4.764427217915589,0.06661225357381462,0.005623175335921692,0.06661225357381462
07_bloqueios_auditoria_completa__w60__saldo30__max,43,54,41.116279069767444,36.351851851851855,51.0,25.0,4.764427217915589,0.06661225357381462,0.005623175335921692,0.06661225357381462
05_estrutura_eventos_enriquecidos__w60__desloc15__last,51,65,0.8088235294117647,0.3230769230769231,1.0,0.25,0.4857466063348416,0.06656073269306426,-0.011064782190145771,0.06656073269306426
06_evolucao_score_eventos__w60__desloc15__last,51,65,0.8088235294117647,0.3230769230769231,1.0,0.25,0.4857466063348416,0.06656073269306426,-0.011064782190145771,0.06656073269306426
estados_c7_dna_fluxo_v5_2__w60__spread_max_30__max,57,81,3.254385964912281,3.1481481481481484,3.0,2.75,0.10623781676413246,0.06655128321854335,0.08258875518336163,0.06655128321854335
bloqueios_c7_dna_fluxo_v5_2__w60__ajuste_estrutura__mean,49,69,7.123226433430515,7.412865717213544,8.0,9.0,-0.2896392837830284,-0.06646370011931048,0.01595229926364861,0.06646370011931048
05_estrutura_eventos_enriquecidos__w60__spread_pct_5__mean,51,65,0.504113955628167,0.4845454966637068,0.5787419822957666,0.54729817317326,0.01956845896446019,0.06642178528542704,0.0019193493900876804,0.06642178528542704
06_evolucao_score_eventos__w60__spread_pct_5__mean,51,65,0.504113955628167,0.4845454966637068,0.5787419822957666,0.54729817317326,0.01956845896446019,0.06642178528542704,0.0019193493900876804,0.06642178528542704
estados_c7_dna_fluxo_v5_2__w60__score_compra_base__slope,45,67,-0.09700336700336613,-0.5681785875815737,0.8928571428571436,-0.6333333333333302,0.47117522057820754,0.06632338258419053,0.03506340622605471,0.06632338258419053
13a_features_tempo_real__w60__pre_60s_bid_size_medio_soma__slope,75,108,-0.03468832805551032,0.013635101092888145,0.04355955426987739,0.04239863554627699,-0.04832342914839847,-0.0662173001029359,0.013672654480286432,0.0662173001029359
estados_c7_dna_fluxo_v5_2__w60__nivel_invalidation__std,57,81,3.19359958140473,2.9315605820215658,2.251885355501249,1.3591255358583407,0.2620389993831642,0.066110976750192,0.04781869353452458,0.066110976750192
bloqueios_c7_dna_fluxo_v5_2__w60__qtd_hard_gates_compra_ok__min,49,69,2.306122448979592,2.4057971014492754,2.0,2.0,-0.09967465246968343,-0.06573193534695441,0.07074513902588574,0.06573193534695441
estados_c7_dna_fluxo_v5_2__w60__qtd_hard_gates_ok__std,57,81,0.9192116986082784,0.9491918848041154,0.9897433186107868,1.0497813183356477,-0.029980186195836978,-0.06557978325208876,0.04885463351452234,0.06557978325208876
bloqueios_c7_dna_fluxo_v5_2__w60__gate_saldo30__ever_true,49,69,0.9591836734693877,0.9710144927536232,1.0,1.0,-0.011830819284235461,-0.06537540713791194,0.019726688972137092,0.06537540713791194
05_estrutura_eventos_enriquecidos__w60__sucesso250_60s__true_count,51,65,3.980392156862745,3.8,4.0,4.0,0.18039215686274535,0.0651142340207981,-0.07617441590112733,0.0651142340207981
05_estrutura_eventos_enriquecidos__w60__continuidade_2s__mean,51,65,-0.09368899074781425,0.023568376068376078,0.0,-0.075,-0.11725736681619034,-0.06506788904377035,0.07991232492948751,0.06506788904377035
06_evolucao_score_eventos__w60__continuidade_2s__mean,51,65,-0.09368899074781425,0.023568376068376078,0.0,-0.075,-0.11725736681619034,-0.06506788904377035,0.07991232492948751,0.06506788904377035
estados_c7_dna_fluxo_v5_2__w60__qtd_hard_gates_compra_ok__std,57,81,1.0469687779211532,1.012356480293504,1.004987562112089,1.0540925533894598,0.03461229762764928,0.06492968129366518,-0.0219578292606272,0.06492968129366518
estado_mercado_tempo_real__w60__imbalance__min,82,116,0.36597464188927603,0.37472053350737433,0.3333333333333333,0.3333333333333333,-0.0087458916180983,-0.06465809413246182,0.023072472802237964,0.06465809413246182
estados_c7_dna_fluxo_v5_2__w60__score_venda__last,57,81,44.280701754385966,46.50617283950617,36.0,39.0,-2.225471085120205,-0.06463541936014153,-0.0064056997560907845,0.06463541936014153
07_bloqueios_auditoria_completa__w60__score_base_dna__last,43,54,68.55813953488372,69.25925925925925,69.0,69.0,-0.7011197243755305,-0.06460897681193405,0.0015131324266805647,0.06460897681193405
05_estrutura_eventos_enriquecidos__w60__spread_pct_30__min,51,65,0.42544320152659765,0.407748146735547,0.4540229885057471,0.4305555555555556,0.017695054791050657,0.06457526689758307,0.050703286396147816,0.06457526689758307
06_evolucao_score_eventos__w60__spread_pct_30__min,51,65,0.42544320152659765,0.407748146735547,0.4540229885057471,0.4305555555555556,0.017695054791050657,0.06457526689758307,0.050703286396147816,0.06457526689758307
bloqueios_c7_dna_fluxo_v5_2__last__score_base_dna,20,22,69.65,68.95454545454545,70.5,69.0,0.6954545454545524,0.06436969187469531,-0.09897626324030975,0.06436969187469531
estados_c7_dna_fluxo_v5_2__w60__imbalance_atual__max,57,81,2.2573099415204676,2.1487979207277452,2.0,2.0,0.10851202079272237,0.06401644174929462,-0.048678491666067844,0.06401644174929462
06_evolucao_score_eventos__w60__score_variacao_15__last,51,65,11.411764705882353,13.507692307692308,14.0,18.0,-2.0959276018099544,-0.06386526365727455,0.09682583026363382,0.06386526365727455
estados_c7_dna_fluxo_v5_2__w60__rompimento_compra__last,57,81,-6.285087719298246,-6.811728395061729,-4.75,-5.25,0.526640675763483,0.06380076882982368,-0.09415381217782562,0.06380076882982368
05_estrutura_eventos_enriquecidos__last__eficiencia_swings,29,34,0.14280243531935358,0.13561775714917154,0.1213872832369942,0.12185325970020795,0.007184678170182035,0.06377606651663972,-0.03917419671378546,0.06377606651663972
06_evolucao_score_eventos__last__eficiencia_swings,29,34,0.14280243531935358,0.13561775714917154,0.1213872832369942,0.12185325970020795,0.007184678170182035,0.06377606651663972,-0.03917419671378546,0.06377606651663972
estados_c7_dna_fluxo_v5_2__w60__gate_aceleracao__true_count,57,81,3.7017543859649122,3.567901234567901,4.0,3.0,0.13385315139701115,0.06374872042821107,-0.058302046549810534,0.06374872042821107
07_bloqueios_auditoria_completa__w60__f_saldo__min,43,54,-23.11627906976744,-28.12962962962963,-24.0,-27.0,5.0133505598621895,0.06352947705408449,-0.04980815808169592,0.06352947705408449
07_bloqueios_auditoria_completa__w60__saldo30__min,43,54,-23.11627906976744,-28.12962962962963,-24.0,-27.0,5.0133505598621895,0.06352947705408449,-0.04980815808169592,0.06352947705408449
05_estrutura_eventos_enriquecidos__w60__score_oposto__min,51,65,4.882352941176471,5.323076923076923,0.0,2.0,-0.4407239819004518,-0.06352717116258617,-0.016232952488012674,0.06352717116258617
06_evolucao_score_eventos__w60__score_oposto__min,51,65,4.882352941176471,5.323076923076923,0.0,2.0,-0.4407239819004518,-0.06352717116258617,-0.016232952488012674,0.06352717116258617
07_bloqueios_auditoria_completa__w60__gate_aceleracao__transitions,43,54,1.069767441860465,1.1481481481481481,1.0,1.0,-0.07838070628768312,-0.06350786414870861,0.02565348195572648,0.06350786414870861
estados_c7_dna_fluxo_v5_2__w60__gate_saldo30__all_true,57,81,0.3508771929824561,0.32098765432098764,0.0,0.0,0.029889538661468484,0.06340528642218554,0.010789500872998651,0.06340528642218554
05_estrutura_eventos_enriquecidos__w60__razao_compra30__min,51,65,0.8353895569291461,0.8072842586007813,0.5973154362416108,0.7596153846153846,0.028105298328364725,0.06335017915090507,0.005737425301821408,0.06335017915090507
06_evolucao_score_eventos__w60__razao_compra30__min,51,65,0.8353895569291461,0.8072842586007813,0.5973154362416108,0.7596153846153846,0.028105298328364725,0.06335017915090507,0.005737425301821408,0.06335017915090507
estados_c7_dna_fluxo_v5_2__w60__gate_aceleracao__transitions,57,81,2.56140350877193,2.4444444444444446,3.0,2.0,0.11695906432748515,0.06334275653870769,-0.07079829218183131,0.06334275653870769
estados_c7_dna_fluxo_v5_2__w60__razao_venda30__max,57,81,1.521617053904102,1.4743279799797988,1.377814845704754,1.2758620689655171,0.04728907392430326,0.0632799186680159,-0.029240838535498,0.0632799186680159
06_evolucao_score_eventos__w60__score_aceleracao__first,51,65,0.006907588029487739,0.005219769993883882,0.0014450571895424,0.0012005381797735,0.0016878180356038565,0.06303005434478962,0.06594665783956652,0.06303005434478962
05_estrutura_eventos_enriquecidos__w60__gate_vel15__true_count,51,65,4.411764705882353,4.2615384615384615,5.0,4.0,0.15022624434389176,0.06300142528694862,-0.023928886985715308,0.06300142528694862
06_evolucao_score_eventos__w60__gate_vel15__true_count,51,65,4.411764705882353,4.2615384615384615,5.0,4.0,0.15022624434389176,0.06300142528694862,-0.023928886985715308,0.06300142528694862
13a_features_tempo_real__w60__pre_60s_bid_size_medio_soma__mean,82,116,79.30987649700458,78.62254320464113,75.19648071956055,78.81762861314792,0.6873332923634479,0.06294786754368914,-0.045576799949839854,0.06294786754368914
13a_features_tempo_real__w60__cobertura_60s__delta,82,116,0.8658536585365854,0.5775862068965517,1.0,0.5,0.28826745164003365,0.06284605894360648,-0.021062654574670336,0.06284605894360648
05_estrutura_eventos_enriquecidos__w60__f_velocidade__last,51,65,0.05444658460567561,0.02244678379060016,0.0669612963706977,0.0166666666666666,0.03199980081507545,0.06281424564954723,-0.008432828603859115,0.06281424564954723
05_estrutura_eventos_enriquecidos__w60__vel15__last,51,65,0.05444658460567561,0.02244678379060016,0.0669612963706977,0.0166666666666666,0.03199980081507545,0.06281424564954723,-0.008432828603859115,0.06281424564954723
06_evolucao_score_eventos__w60__f_velocidade__last,51,65,0.05444658460567561,0.02244678379060016,0.0669612963706977,0.0166666666666666,0.03199980081507545,0.06281424564954723,-0.008432828603859115,0.06281424564954723
06_evolucao_score_eventos__w60__vel15__last,51,65,0.05444658460567561,0.02244678379060016,0.0669612963706977,0.0166666666666666,0.03199980081507545,0.06281424564954723,-0.008432828603859115,0.06281424564954723
estados_c7_dna_fluxo_v5_2__w60__ajuste_estrutura_venda__min,57,81,-1.0526315789473684,-0.6172839506172839,-6.0,-6.0,-0.43534762833008445,-0.06274086380576584,-0.0315649228810682,0.06274086380576584
bloqueios_c7_dna_fluxo_v5_2__w60__saldo30__min,49,69,-33.673469387755105,-40.333333333333336,-30.0,-28.0,6.6598639455782305,0.06271489437455507,-0.05712768139800391,0.06271489437455507
estados_c7_dna_fluxo_v5_2__w60__rompimento_compra__mean,57,81,-8.070433976355028,-7.581826866549088,-6.194444444444445,-5.5,-0.48860710980594035,-0.06237484691952574,-0.02216171082599442,0.06237484691952574
estados_c7_dna_fluxo_v5_2__w60__hard_gates_venda_ok__all_true,57,81,0.03508771929824561,0.024691358024691357,0.0,0.0,0.010396361273554255,0.06196950889160634,0.03314198992434866,0.06196950889160634
05_estrutura_eventos_enriquecidos__w60__ajuste_estrutura_venda__min,51,65,-1.0196078431372548,-0.5846153846153846,-6.0,-6.0,-0.4349924585218702,-0.06191252438734354,-0.04962892845710368,0.06191252438734354
06_evolucao_score_eventos__w60__ajuste_estrutura_venda__min,51,65,-1.0196078431372548,-0.5846153846153846,-6.0,-6.0,-0.4349924585218702,-0.06191252438734354,-0.04962892845710368,0.06191252438734354
07_bloqueios_auditoria_completa__w60__mov_favor_120s__first,43,54,1122.093023255814,1045.8333333333333,625.0,937.5,76.25968992248067,0.061817229033801546,-0.024571873601258936,0.061817229033801546
05_estrutura_eventos_enriquecidos__w60__desloc15__slope,39,53,0.1570901320901321,0.02539818671894149,0.15000000000000008,0.23333333333333345,0.1316919453711906,0.06171803620772286,0.05191212637038939,0.06171803620772286
06_evolucao_score_eventos__w60__desloc15__slope,39,53,0.1570901320901321,0.02539818671894149,0.15000000000000008,0.23333333333333345,0.1316919453711906,0.06171803620772286,0.05191212637038939,0.06171803620772286
estado_mercado_tempo_real__w60__spread_qt__delta,82,116,0.01524390243902439,-0.010775862068965518,0.0,0.0,0.026019764507989908,0.06166750761630495,0.031176021407929036,0.06166750761630495
05_estrutura_eventos_enriquecidos__w60__ultimo_fundo__delta,51,65,1.1666666666666667,0.5538461538461539,0.0,0.0,0.6128205128205129,0.06147978787844593,-0.057756722458766535,0.06147978787844593
06_evolucao_score_eventos__w60__ultimo_fundo__delta,51,65,1.1666666666666667,0.5538461538461539,0.0,0.0,0.6128205128205129,0.06147978787844593,-0.057756722458766535,0.06147978787844593
07_bloqueios_auditoria_completa__w60__score_compra__min,43,54,29.25581395348837,27.444444444444443,16.0,11.5,1.811369509043928,0.06147967414483958,0.017184365479317794,0.06147967414483958
05_estrutura_eventos_enriquecidos__w60__score_compra__min,51,65,20.96078431372549,19.50769230769231,12.0,12.0,1.453092006033181,0.06125154367587756,0.047290245828782516,0.06125154367587756
06_evolucao_score_eventos__w60__score_compra__min,51,65,20.96078431372549,19.50769230769231,12.0,12.0,1.453092006033181,0.06125154367587756,0.047290245828782516,0.06125154367587756
05_estrutura_eventos_enriquecidos__w60__gate_aceleracao__true_pct,51,65,61.32763206292618,62.85225885225885,60.0,62.5,-1.5246267893326717,-0.061173046386127354,0.017040976944676635,0.061173046386127354
06_evolucao_score_eventos__w60__gate_aceleracao__true_pct,51,65,61.32763206292618,62.85225885225885,60.0,62.5,-1.5246267893326717,-0.061173046386127354,0.017040976944676635,0.061173046386127354
estados_c7_dna_fluxo_v5_2__last__eficiencia_swings,34,46,0.14330692535886788,0.13650351692574922,0.12273743723893504,0.11576497963932515,0.006803408433118663,0.061156878372596146,-0.01175151293045384,0.061156878372596146
05_estrutura_eventos_enriquecidos__w60__campanha_pullback__first,51,65,0.17647058823529413,0.15384615384615385,0.0,0.0,0.022624434389140274,0.061132626086849814,-0.059553776347449815,0.061132626086849814
06_evolucao_score_eventos__w60__campanha_pullback__first,51,65,0.17647058823529413,0.15384615384615385,0.0,0.0,0.022624434389140274,0.061132626086849814,-0.059553776347449815,0.061132626086849814
bloqueios_c7_dna_fluxo_v5_2__last__preco,20,22,27887.0625,27879.772727272728,27861.75,27888.0,7.289772727272066,0.060835557867602495,-0.050624661751301966,0.060835557867602495
05_estrutura_eventos_enriquecidos__w60__f_score__std,51,65,13.852881892294615,13.429962094400448,15.5,15.03861695768597,0.422919797894167,0.060788098200170546,-0.029587562101672904,0.060788098200170546
05_estrutura_eventos_enriquecidos__w60__score__std,51,65,13.852881892294615,13.429962094400448,15.5,15.03861695768597,0.422919797894167,0.060788098200170546,-0.029587562101672904,0.060788098200170546
06_evolucao_score_eventos__w60__f_score__std,51,65,13.852881892294615,13.429962094400448,15.5,15.03861695768597,0.422919797894167,0.060788098200170546,-0.029587562101672904,0.060788098200170546
06_evolucao_score_eventos__w60__score__std,51,65,13.852881892294615,13.429962094400448,15.5,15.03861695768597,0.422919797894167,0.060788098200170546,-0.029587562101672904,0.060788098200170546
07_bloqueios_auditoria_completa__w60__gate_delta30__ever_true,43,54,0.7906976744186046,0.8148148148148148,1.0,1.0,-0.024117140396210157,-0.0607677902538334,0.029382857080319506,0.0607677902538334
estados_c7_dna_fluxo_v5_2__w60__fundo_anterior__std,57,81,3.6917115143313395,3.9273950084220055,3.5217183305880666,2.847304489713536,-0.23568349409066602,-0.060705276817856285,0.1345648837333741,0.060705276817856285
05_estrutura_eventos_enriquecidos__w60__ajuste_estrutura__last,51,65,5.921568627450981,6.338461538461538,8.0,8.0,-0.4168929110105575,-0.060603639307594735,0.04636049626168033,0.060603639307594735
06_evolucao_score_eventos__w60__ajuste_estrutura__last,51,65,5.921568627450981,6.338461538461538,8.0,8.0,-0.4168929110105575,-0.060603639307594735,0.04636049626168033,0.060603639307594735
07_bloqueios_auditoria_completa__w60__ajuste_estrutura__mean,43,54,7.392912513842748,7.118085618085619,8.0,8.5,0.27482689575712893,0.060364931959898886,-0.062114461270687905,0.060364931959898886
estados_c7_dna_fluxo_v5_2__w60__score__last,57,81,71.14035087719299,72.54320987654322,68.0,75.0,-1.4028589993502294,-0.06012833671435028,0.05421815412476481,0.06012833671435028
bloqueios_c7_dna_fluxo_v5_2__w60__score_compra_base__min,49,69,26.510204081632654,27.942028985507246,17.0,17.0,-1.4318249038745918,-0.06007949313241888,0.06088141401891803,0.06007949313241888
bloqueios_c7_dna_fluxo_v5_2__w60__ajuste_estrutura_compra__std,49,69,2.4485003886473353,2.282729760658047,1.8070158058105026,1.5999999999999999,0.16577062798928832,0.05994995117925666,0.017432436206779988,0.05994995117925666
bloqueios_c7_dna_fluxo_v5_2__w60__score_base_dna__delta,49,69,0.6326530612244898,-0.2318840579710145,0.0,0.0,0.8645371191955044,0.059894744766221863,-0.008135141040878494,0.059894744766221863
estados_c7_dna_fluxo_v5_2__w60__vel5__delta,57,81,0.06838683015292892,0.15790978613162657,0.0,0.0,-0.08952295597869765,-0.05973742961100213,0.04128996087170881,0.05973742961100213
estados_c7_dna_fluxo_v5_2__w60__topo_anterior__std,57,81,3.675253036976241,3.9051781333559035,3.5647783420710986,2.7613402542968153,-0.22992509637966263,-0.0597291650817604,0.12288230707643011,0.0597291650817604
estados_c7_dna_fluxo_v5_2__w60__ajuste_estrutura_compra__min,57,81,-1.087719298245614,-1.5061728395061729,-6.0,-6.0,0.4184535412605588,0.05956511411311517,0.02006520116433147,0.05956511411311517
estados_c7_dna_fluxo_v5_2__w60__ajuste_estrutura_venda__max,57,81,5.894736842105263,6.320987654320987,8.0,12.0,-0.4262508122157245,-0.05908935258834262,-0.013873895103915984,0.05908935258834262
07_bloqueios_auditoria_completa__w60__gate_continuidade__true_count,43,54,2.395348837209302,2.2962962962962963,2.0,2.0,0.09905254091300586,0.05895980315354055,-0.059804360170520064,0.05895980315354055
05_estrutura_eventos_enriquecidos__w60__aceleracao__first,51,65,0.0937193339721683,0.16407873007716348,0.3855269037079465,0.0583591012162441,-0.07035939610499517,-0.05895692577724546,0.05248378678355091,0.05895692577724546
05_estrutura_eventos_enriquecidos__w60__f_aceleracao__first,51,65,0.0937193339721683,0.16407873007716348,0.3855269037079465,0.0583591012162441,-0.07035939610499517,-0.05895692577724546,0.05248378678355091,0.05895692577724546
06_evolucao_score_eventos__w60__aceleracao__first,51,65,0.0937193339721683,0.16407873007716348,0.3855269037079465,0.0583591012162441,-0.07035939610499517,-0.05895692577724546,0.05248378678355091,0.05895692577724546
06_evolucao_score_eventos__w60__f_aceleracao__first,51,65,0.0937193339721683,0.16407873007716348,0.3855269037079465,0.0583591012162441,-0.07035939610499517,-0.05895692577724546,0.05248378678355091,0.05895692577724546
estados_c7_dna_fluxo_v5_2__w60__score_base_dna__min,57,81,42.3859649122807,43.5679012345679,37.0,39.0,-1.1819363222872,-0.05832832914656943,0.050829858717447426,0.05832832914656943
estado_mercado_tempo_real__w60__imbalance__max,82,116,2.8943089430894307,2.8060344827586206,3.0,3.0,0.0882744603308101,0.05829900548252375,-0.07366706677699868,0.05829900548252375
05_estrutura_eventos_enriquecidos__w60__f_velocidade__slope,39,53,0.009618963855272434,0.0009949059648852617,0.007515065476967629,0.015883634061942,0.008624057890387173,0.058062490687898205,0.05030785346445017,0.058062490687898205
05_estrutura_eventos_enriquecidos__w60__vel15__slope,39,53,0.009618963855272434,0.0009949059648852617,0.007515065476967629,0.015883634061942,0.008624057890387173,0.058062490687898205,0.05030785346445017,0.058062490687898205
06_evolucao_score_eventos__w60__f_velocidade__slope,39,53,0.009618963855272434,0.0009949059648852617,0.007515065476967629,0.015883634061942,0.008624057890387173,0.058062490687898205,0.05030785346445017,0.058062490687898205
06_evolucao_score_eventos__w60__vel15__slope,39,53,0.009618963855272434,0.0009949059648852617,0.007515065476967629,0.015883634061942,0.008624057890387173,0.058062490687898205,0.05030785346445017,0.058062490687898205
07_bloqueios_auditoria_completa__w60__mov_favor_30s__last,43,54,419.7674418604651,392.1296296296296,250.0,312.5,27.637812230835493,0.058043300751335444,-0.027199922465635747,0.058043300751335444
05_estrutura_eventos_enriquecidos__last__f_ticks_s,29,34,93.32681006626541,95.82750310141142,83.0,86.87485998042541,-2.500693035146014,-0.058013259292018386,0.11064590060267969,0.058013259292018386
05_estrutura_eventos_enriquecidos__last__ticks_s,29,34,93.32681006626541,95.82750310141142,83.0,86.87485998042541,-2.500693035146014,-0.058013259292018386,0.11064590060267969,0.058013259292018386
06_evolucao_score_eventos__last__f_ticks_s,29,34,93.32681006626541,95.82750310141142,83.0,86.87485998042541,-2.500693035146014,-0.058013259292018386,0.11064590060267969,0.058013259292018386
06_evolucao_score_eventos__last__ticks_s,29,34,93.32681006626541,95.82750310141142,83.0,86.87485998042541,-2.500693035146014,-0.058013259292018386,0.11064590060267969,0.058013259292018386
05_estrutura_eventos_enriquecidos__w60__ajuste_estrutura_venda__std,51,65,2.7891570022470873,2.9504235401579297,1.9241827716833386,1.8856180831641267,-0.16126653791084244,-0.05798336552802771,0.028712313815364883,0.05798336552802771
06_evolucao_score_eventos__w60__ajuste_estrutura_venda__std,51,65,2.7891570022470873,2.9504235401579297,1.9241827716833386,1.8856180831641267,-0.16126653791084244,-0.05798336552802771,0.028712313815364883,0.05798336552802771
estados_c7_dna_fluxo_v5_2__w60__qtd_hard_gates_ok__mean,57,81,4.584720007088428,4.6380805408583194,4.285714285714286,4.6,-0.05336053376989103,-0.057897521618296637,0.07548354816803096,0.057897521618296637
estados_c7_dna_fluxo_v5_2__w60__spread_atual__last,57,81,1.7324561403508771,1.7037037037037037,1.75,1.5,0.02875243664717342,0.05769414998891997,-0.0021315162044441695,0.05769414998891997
05_estrutura_eventos_enriquecidos__w60__vel5__mean,51,65,0.08291686372555102,0.03710038088806602,0.04289286669654273,0.0,0.045816482837485,0.05764667572419749,0.029887029058095163,0.05764667572419749
06_evolucao_score_eventos__w60__vel5__mean,51,65,0.08291686372555102,0.03710038088806602,0.04289286669654273,0.0,0.045816482837485,0.05764667572419749,0.029887029058095163,0.05764667572419749
05_estrutura_eventos_enriquecidos__w60__base__std,51,65,3.3793095436404745,3.56537098465976,2.896357866163794,3.289292392665092,-0.18606144101928557,-0.057553053552534574,0.08764111282873042,0.057553053552534574
05_estrutura_eventos_enriquecidos__w60__preco__std,51,65,3.3793095436404745,3.56537098465976,2.896357866163794,3.289292392665092,-0.18606144101928557,-0.057553053552534574,0.08764111282873042,0.057553053552534574
05_estrutura_eventos_enriquecidos__w60__preco_2__std,51,65,3.3793095436404745,3.56537098465976,2.896357866163794,3.289292392665092,-0.18606144101928557,-0.057553053552534574,0.08764111282873042,0.057553053552534574
05_estrutura_eventos_enriquecidos__w60__ref__std,51,65,3.3793095436404745,3.56537098465976,2.896357866163794,3.289292392665092,-0.18606144101928557,-0.057553053552534574,0.08764111282873042,0.057553053552534574
06_evolucao_score_eventos__w60__base__std,51,65,3.3793095436404745,3.56537098465976,2.896357866163794,3.289292392665092,-0.18606144101928557,-0.057553053552534574,0.08764111282873042,0.057553053552534574
06_evolucao_score_eventos__w60__preco__std,51,65,3.3793095436404745,3.56537098465976,2.896357866163794,3.289292392665092,-0.18606144101928557,-0.057553053552534574,0.08764111282873042,0.057553053552534574
06_evolucao_score_eventos__w60__preco_2__std,51,65,3.3793095436404745,3.56537098465976,2.896357866163794,3.289292392665092,-0.18606144101928557,-0.057553053552534574,0.08764111282873042,0.057553053552534574
06_evolucao_score_eventos__w60__ref__std,51,65,3.3793095436404745,3.56537098465976,2.896357866163794,3.289292392665092,-0.18606144101928557,-0.057553053552534574,0.08764111282873042,0.057553053552534574
07_bloqueios_auditoria_completa__w60__qtd_hard_gates_ok__first,43,54,5.116279069767442,5.074074074074074,5.0,5.0,0.042204995693367664,0.05755198882364604,0.014703202935278312,0.05755198882364604
05_estrutura_eventos_enriquecidos__w60__hard_gates_venda_ok__first,51,65,0.058823529411764705,0.046153846153846156,0.0,0.0,0.012669683257918549,0.05720734322707298,0.05678061479028963,0.05720734322707298
06_evolucao_score_eventos__w60__hard_gates_venda_ok__first,51,65,0.058823529411764705,0.046153846153846156,0.0,0.0,0.012669683257918549,0.05720734322707298,0.05678061479028963,0.05720734322707298
estados_c7_dna_fluxo_v5_2__w60__qtd_hard_gates_venda_ok__first,57,81,3.3157894736842106,3.2222222222222223,3.0,3.0,0.0935672514619883,0.056942551402851704,-0.017303134405563875,0.056942551402851704
estados_c7_dna_fluxo_v5_2__w60__score_compra__delta,57,81,0.6666666666666666,-1.2592592592592593,0.0,0.0,1.925925925925926,0.05683754418951634,-0.010816775300514538,0.05683754418951634
estados_c7_dna_fluxo_v5_2__w60__aceleracao__min,57,81,-1.240470238985594,-1.1650901435994951,-1.1594291109857298,-0.9954028983784882,-0.0753800953860988,-0.05629990996421964,0.0625674764901439,0.05629990996421964
05_estrutura_eventos_enriquecidos__w60__spread_max_30__slope,39,53,-0.021706071706071705,-0.009642244547904924,-0.008333333333333307,-1.5993009662949105e-16,-0.012063827158166781,-0.056248423131333776,0.028145904933664912,0.056248423131333776
06_evolucao_score_eventos__w60__spread_max_30__slope,39,53,-0.021706071706071705,-0.009642244547904924,-0.008333333333333307,-1.5993009662949105e-16,-0.012063827158166781,-0.056248423131333776,0.028145904933664912,0.056248423131333776
estados_c7_dna_fluxo_v5_2__w60__saldo10__delta,57,81,-13.596491228070175,-8.925925925925926,0.0,0.0,-4.670565302144249,-0.056048311042482896,0.0516215431436222,0.056048311042482896
05_estrutura_eventos_enriquecidos__w60__ajuste_estrutura_venda__first,51,65,1.9215686274509804,2.3384615384615386,-2.0,8.0,-0.41689291101055814,-0.05587675205221245,-0.06579726229059196,0.05587675205221245
06_evolucao_score_eventos__w60__ajuste_estrutura_venda__first,51,65,1.9215686274509804,2.3384615384615386,-2.0,8.0,-0.41689291101055814,-0.05587675205221245,-0.06579726229059196,0.05587675205221245
05_estrutura_eventos_enriquecidos__w60__score_base_dna__max,51,65,81.3921568627451,82.33846153846154,79.0,87.0,-0.9463046757164477,-0.055860023604858165,0.09462138797204833,0.055860023604858165
06_evolucao_score_eventos__w60__score_base_dna__max,51,65,81.3921568627451,82.33846153846154,79.0,87.0,-0.9463046757164477,-0.055860023604858165,0.09462138797204833,0.055860023604858165
05_estrutura_eventos_enriquecidos__w60__vel_anterior__delta,51,65,0.08196793738180366,0.1311825465871647,0.0,0.0,-0.049214609205361026,-0.05566059318964283,0.024850594880308854,0.05566059318964283
06_evolucao_score_eventos__w60__vel_anterior__delta,51,65,0.08196793738180366,0.1311825465871647,0.0,0.0,-0.049214609205361026,-0.05566059318964283,0.024850594880308854,0.05566059318964283
estados_c7_dna_fluxo_v5_2__w60__amplitude_swings__delta,57,81,-1.5657894736842106,-1.9320987654320987,-1.0,0.0,0.36630929174788807,0.055647275840290444,-0.09203048465025022,0.055647275840290444
05_estrutura_eventos_enriquecidos__w60__sucesso250_60s__changed,51,65,0.4117647058823529,0.38461538461538464,0.0,0.0,0.027149321266968285,0.05549949482893295,0.0520535159163605,0.05549949482893295
05_estrutura_eventos_enriquecidos__w60__gate_vel15__transitions,51,65,1.5490196078431373,1.6307692307692307,2.0,2.0,-0.08174962292609345,-0.05546916490554734,-0.038953264047758465,0.05546916490554734
06_evolucao_score_eventos__w60__gate_vel15__transitions,51,65,1.5490196078431373,1.6307692307692307,2.0,2.0,-0.08174962292609345,-0.05546916490554734,-0.038953264047758465,0.05546916490554734
05_estrutura_eventos_enriquecidos__w60__confirmacoes_candidata__slope,39,53,0.020668220668220678,0.004492362982929028,0.0,0.0,0.01617585768529165,0.05542471417665612,-0.027782607111850214,0.05542471417665612
06_evolucao_score_eventos__w60__confirmacoes_candidata__slope,39,53,0.020668220668220678,0.004492362982929028,0.0,0.0,0.01617585768529165,0.05542471417665612,-0.027782607111850214,0.05542471417665612
estados_c7_dna_fluxo_v5_2__w60__score_compra_base__last,57,81,43.29824561403509,41.592592592592595,44.0,32.0,1.7056530214424939,0.05541931757256811,0.034301543591584556,0.05541931757256811
05_estrutura_eventos_enriquecidos__w60__max_alta_120s__slope,39,53,-48.27311577311578,-39.52809768847504,-0.7575757575758073,-25.000000000000025,-8.745018084640733,-0.055378338431221474,0.02857523737179662,0.055378338431221474
06_evolucao_score_eventos__w60__max_alta_120s__slope,39,53,-48.27311577311578,-39.52809768847504,-0.7575757575758073,-25.000000000000025,-8.745018084640733,-0.055378338431221474,0.02857523737179662,0.055378338431221474
estados_c7_dna_fluxo_v5_2__w60__venda10__last,57,81,86.56140350877193,94.09876543209876,44.0,39.0,-7.537361923326827,-0.05530468297577,0.08615601944726713,0.05530468297577
05_estrutura_eventos_enriquecidos__w60__score_venda__std,51,65,16.1500843618371,15.622517010333745,16.66353712114433,15.722909290052202,0.5275673515033539,0.05517522709445555,-0.036479380232322466,0.05517522709445555
06_evolucao_score_eventos__w60__score_venda__std,51,65,16.1500843618371,15.622517010333745,16.66353712114433,15.722909290052202,0.5275673515033539,0.05517522709445555,-0.036479380232322466,0.05517522709445555
05_estrutura_eventos_enriquecidos__w60__hard_gates_ok__true_pct,51,65,14.220354808590102,15.714896214896214,0.0,0.0,-1.4945414063061122,-0.05506390208303422,0.11488757662671592,0.05506390208303422
06_evolucao_score_eventos__w60__hard_gates_ok__true_pct,51,65,14.220354808590102,15.714896214896214,0.0,0.0,-1.4945414063061122,-0.05506390208303422,0.11488757662671592,0.05506390208303422
05_estrutura_eventos_enriquecidos__w60__sucesso250_120s__first,51,65,0.6666666666666666,0.6923076923076923,1.0,1.0,-0.02564102564102566,-0.05501472856113549,0.05359388349996447,0.05501472856113549
06_evolucao_score_eventos__w60__score_velocidade_5__max,51,65,0.7702546563402436,0.803821606519126,0.673469387755102,0.75,-0.03356695017888245,-0.054974098168548924,0.08541241107935134,0.054974098168548924
estados_c7_dna_fluxo_v5_2__w60__qtd_hard_gates_compra_ok__mean,57,81,3.34669628616997,3.2763227513227506,3.25,3.0,0.07037353484721942,0.05484328118120833,0.03207563269142276,0.05484328118120833
estados_c7_dna_fluxo_v5_2__w60__gate_vel15__transitions,57,81,1.631578947368421,1.7160493827160495,2.0,2.0,-0.08447043534762844,-0.05479318479483734,-0.023176808804261886,0.05479318479483734
05_estrutura_eventos_enriquecidos__w60__delta30__delta,51,65,-4.0588235294117645,-1.0307692307692307,-5.0,0.0,-3.028054298642534,-0.054785564894902765,0.026396184566817638,0.054785564894902765
05_estrutura_eventos_enriquecidos__w60__f_delta__delta,51,65,-4.0588235294117645,-1.0307692307692307,-5.0,0.0,-3.028054298642534,-0.054785564894902765,0.026396184566817638,0.054785564894902765
06_evolucao_score_eventos__w60__delta30__delta,51,65,-4.0588235294117645,-1.0307692307692307,-5.0,0.0,-3.028054298642534,-0.054785564894902765,0.026396184566817638,0.054785564894902765
06_evolucao_score_eventos__w60__f_delta__delta,51,65,-4.0588235294117645,-1.0307692307692307,-5.0,0.0,-3.028054298642534,-0.054785564894902765,0.026396184566817638,0.054785564894902765
05_estrutura_eventos_enriquecidos__w60__max_baixa_30s__first,51,65,-351.96078431372547,-330.0,-175.0,-175.0,-21.96078431372547,-0.05456841608090801,0.013558876250383434,0.05456841608090801
06_evolucao_score_eventos__w60__max_baixa_30s__first,51,65,-351.96078431372547,-330.0,-175.0,-175.0,-21.96078431372547,-0.05456841608090801,0.013558876250383434,0.05456841608090801
05_estrutura_eventos_enriquecidos__w60__delta10__max,51,65,15.27450980392157,13.953846153846154,17.0,11.0,1.3206636500754154,0.05439039090025649,0.02936781277216448,0.05439039090025649
06_evolucao_score_eventos__w60__delta10__max,51,65,15.27450980392157,13.953846153846154,17.0,11.0,1.3206636500754154,0.05439039090025649,0.02936781277216448,0.05439039090025649
estados_c7_dna_fluxo_v5_2__w60__aprovado__true_pct,57,81,13.308270676691729,14.741818538114833,0.0,0.0,-1.4335478614231043,-0.054332915483443496,0.08397928228806278,0.054332915483443496
bloqueios_c7_dna_fluxo_v5_2__w60__score_oposto__std,49,69,5.406559728736987,5.198077610439442,5.796550698475776,5.0,0.20848211829754515,0.05431834652124915,-0.015366634648862823,0.05431834652124915
estados_c7_dna_fluxo_v5_2__w60__confirmacoes_candidata__delta,57,81,0.12280701754385964,0.06172839506172839,0.0,0.0,0.06107862248213125,0.054245499045025465,-0.024550014320114128,0.054245499045025465
05_estrutura_eventos_enriquecidos__w60__max_baixa_120s__slope,39,53,47.43506493506493,37.23995344278363,48.333333333333314,12.500000000000009,10.195111492281299,0.05424182121151154,-0.00941434131670789,0.05424182121151154
06_evolucao_score_eventos__w60__max_baixa_120s__slope,39,53,47.43506493506493,37.23995344278363,48.333333333333314,12.500000000000009,10.195111492281299,0.05424182121151154,-0.00941434131670789,0.05424182121151154
bloqueios_c7_dna_fluxo_v5_2__w60__score_base_dna__slope,32,41,-0.16651785714285994,-0.45148347587372195,-0.500000000000003,0.2999999999999981,0.284965618730862,0.05422229427255617,-0.004020297872307083,0.05422229427255617
05_estrutura_eventos_enriquecidos__w60__score_venda__delta,51,65,0.29411764705882354,2.2615384615384615,0.0,0.0,-1.967420814479638,-0.054186209836435136,-0.003373448304526194,0.054186209836435136
06_evolucao_score_eventos__w60__score_venda__delta,51,65,0.29411764705882354,2.2615384615384615,0.0,0.0,-1.967420814479638,-0.054186209836435136,-0.003373448304526194,0.054186209836435136
estados_c7_dna_fluxo_v5_2__w60__campanha_entradas__delta,57,81,-0.017543859649122806,-0.037037037037037035,0.0,0.0,0.01949317738791423,0.05414883827852315,-0.041683995459876305,0.05414883827852315
estados_c7_dna_fluxo_v5_2__w60__continuidade_2s__min,57,81,-2.982456140350877,-3.1635802469135803,-2.5,-2.5,0.18112410656270317,0.05407527649656028,-0.04893067618931192,0.05407527649656028
estados_c7_dna_fluxo_v5_2__w60__delta10__min,57,81,-48.280701754385966,-52.4320987654321,-22.0,-21.0,4.151397011046136,0.05400349091945341,-0.03789212008754857,0.05400349091945341
estados_c7_dna_fluxo_v5_2__w60__score__std,57,81,13.580956751867104,13.221655051462328,15.238839267549947,14.20050425117553,0.35930170040477627,0.05400082445818167,0.0006500046664161638,0.05400082445818167
13a_features_tempo_real__w60__pre_60s_bid_size_medio_soma__min,82,116,72.10906442188312,71.58269750524204,69.51843858755622,70.82314111565498,0.5263669166410807,0.05390058202569338,-0.04507211368436394,0.05390058202569338
05_estrutura_eventos_enriquecidos__w60__vel5__last,51,65,0.17265227485941118,0.10593406289711498,0.330760749724366,0.0506072874493927,0.0667182119622962,0.05369114425729335,0.05105985961827146,0.05369114425729335
06_evolucao_score_eventos__w60__vel5__last,51,65,0.17265227485941118,0.10593406289711498,0.330760749724366,0.0506072874493927,0.0667182119622962,0.05369114425729335,0.05105985961827146,0.05369114425729335
13a_features_tempo_real__w60__pre_30s_spread_minimo__max,82,116,1.1972547481312728,1.1809677574183348,1.2008928571428572,1.1770833333333335,0.016286990712937932,0.05299549457053307,-0.013451623929219269,0.05299549457053307
07_bloqueios_auditoria_completa__w60__score_base_dna__max,43,54,76.34883720930233,76.88888888888889,74.0,79.0,-0.5400516795865542,-0.05296145778053439,-0.01869898583266261,0.05296145778053439
estados_c7_dna_fluxo_v5_2__w60__rompimento_venda__last,57,81,-7.1798245614035086,-7.654320987654321,-7.5,-5.75,0.4744964262508127,0.052703680626721226,-0.0744410655327467,0.052703680626721226
estados_c7_dna_fluxo_v5_2__w60__score_venda__std,57,81,15.859789254404008,15.385550650992855,15.717824276915684,15.484185480676729,0.47423860341115365,0.052529721437010075,-0.0078112433810446,0.052529721437010075
05_estrutura_eventos_enriquecidos__w60__imbalance_atual__mean,51,65,1.1181931358401946,1.1396101846496585,1.037037037037037,1.0925925925925926,-0.021417048809463823,-0.05249878075128392,-0.02547173383769539,0.05249878075128392
06_evolucao_score_eventos__w60__imbalance_atual__mean,51,65,1.1181931358401946,1.1396101846496585,1.037037037037037,1.0925925925925926,-0.021417048809463823,-0.05249878075128392,-0.02547173383769539,0.05249878075128392
estados_c7_dna_fluxo_v5_2__w60__razao_compra30__slope,45,67,-0.0033275640862793295,-0.013511828976836043,-0.014456272985754469,-0.0129679907254101,0.010184264890556714,0.05224751606333823,0.0009550081330624778,0.05224751606333823
07_bloqueios_auditoria_completa__w60__delta30__delta,43,54,3.0697674418604652,5.37037037037037,0.0,0.0,-2.300602928509905,-0.05222083350536209,0.01103016436604457,0.05222083350536209
07_bloqueios_auditoria_completa__w60__f_delta__delta,43,54,3.0697674418604652,5.37037037037037,0.0,0.0,-2.300602928509905,-0.05222083350536209,0.01103016436604457,0.05222083350536209
05_estrutura_eventos_enriquecidos__w60__campanha_pullback__last,51,65,0.1568627450980392,0.13846153846153847,0.0,0.0,0.018401206636500744,0.052031007271227475,-0.044815821779018404,0.052031007271227475
06_evolucao_score_eventos__w60__campanha_pullback__last,51,65,0.1568627450980392,0.13846153846153847,0.0,0.0,0.018401206636500744,0.052031007271227475,-0.044815821779018404,0.052031007271227475
estados_c7_dna_fluxo_v5_2__w60__score_compra__mean,57,81,42.198691805270755,40.97548500881834,39.333333333333336,36.77777777777778,1.2232067964524163,0.051921214024582045,0.03394018489264762,0.051921214024582045
05_estrutura_eventos_enriquecidos__w60__hard_gates_venda_ok__transitions,51,65,0.17647058823529413,0.2,0.0,0.0,-0.023529411764705882,-0.05191585847140581,0.03683032497061532,0.05191585847140581
06_evolucao_score_eventos__w60__hard_gates_venda_ok__transitions,51,65,0.17647058823529413,0.2,0.0,0.0,-0.023529411764705882,-0.05191585847140581,0.03683032497061532,0.05191585847140581
estados_c7_dna_fluxo_v5_2__w60__spread_max_30__last,57,81,2.925438596491228,2.845679012345679,2.5,2.5,0.07975958414554896,0.05169342152183994,0.0846867125739432,0.05169342152183994
estados_c7_dna_fluxo_v5_2__w60__venda30__delta,57,81,-20.50877192982456,-11.864197530864198,0.0,0.0,-8.644574398960364,-0.05158456137642341,0.10260858098050456,0.05158456137642341
05_estrutura_eventos_enriquecidos__w60__delta10__slope,39,53,-1.7569541569541565,-2.2453116066323613,-0.07142857142857167,-0.10303030303030242,0.4883574496782048,0.05154977660311334,0.015987726129770424,0.05154977660311334
06_evolucao_score_eventos__w60__delta10__slope,39,53,-1.7569541569541565,-2.2453116066323613,-0.07142857142857167,-0.10303030303030242,0.4883574496782048,0.05154977660311334,0.015987726129770424,0.05154977660311334
13a_features_tempo_real__w60__pre_60s_volatilidade_close_pontos__delta,82,116,-2.3742849554653227,-5.088149975129427,-8.016416481282832,-4.754992379992089,2.713865019664104,0.05144232431458729,-0.07422483211052087,0.05144232431458729
05_estrutura_eventos_enriquecidos__w60__f_saldo__slope,39,53,-1.335864135864134,-2.504696561300333,-3.057142857142853,-2.3571428571428563,1.1688324254361988,0.05143347032568766,-0.012956083418505467,0.05143347032568766
05_estrutura_eventos_enriquecidos__w60__saldo30__slope,39,53,-1.335864135864134,-2.504696561300333,-3.057142857142853,-2.3571428571428563,1.1688324254361988,0.05143347032568766,-0.012956083418505467,0.05143347032568766
06_evolucao_score_eventos__w60__f_saldo__slope,39,53,-1.335864135864134,-2.504696561300333,-3.057142857142853,-2.3571428571428563,1.1688324254361988,0.05143347032568766,-0.012956083418505467,0.05143347032568766
06_evolucao_score_eventos__w60__saldo30__slope,39,53,-1.335864135864134,-2.504696561300333,-3.057142857142853,-2.3571428571428563,1.1688324254361988,0.05143347032568766,-0.012956083418505467,0.05143347032568766
estados_c7_dna_fluxo_v5_2__w60__spread_pct_5__min,57,81,0.2817844886989558,0.2676631221628552,0.2692307692307692,0.1388888888888889,0.014121366536100577,0.05133168168222824,0.020335017454984974,0.05133168168222824
05_estrutura_eventos_enriquecidos__w60__score_compra__slope,39,53,-0.0997391497391497,-0.5121865555827834,1.0303030303030296,0.1166666666666678,0.41244740584363365,0.0513187331463749,0.017974782568123595,0.0513187331463749
06_evolucao_score_eventos__w60__score_compra__slope,39,53,-0.0997391497391497,-0.5121865555827834,1.0303030303030296,0.1166666666666678,0.41244740584363365,0.0513187331463749,0.017974782568123595,0.0513187331463749
bloqueios_c7_dna_fluxo_v5_2__w60__ajuste_estrutura_venda__slope,32,41,-0.4647321428571427,-0.3131031570055961,-2.9941133098064534e-16,-8.406336591564607e-16,-0.1516289858515466,-0.05127891951010532,0.08184530047619068,0.05127891951010532
estados_c7_dna_fluxo_v5_2__w60__hard_gates_venda_ok__true_pct,57,81,7.9866332497911445,6.972859102488731,0.0,0.0,1.0137741473024136,0.05117156450760758,0.018005232266420375,0.05117156450760758
estados_c7_dna_fluxo_v5_2__w60__score_venda_base__delta,57,81,1.8596491228070176,3.6419753086419755,0.0,0.0,-1.782326185834958,-0.05113978784239613,-0.0030515435657322556,0.05113978784239613
estados_c7_dna_fluxo_v5_2__w60__score_oposto__min,57,81,6.315789473684211,6.7407407407407405,3.0,3.0,-0.42495126705652986,-0.051126148653224054,-0.03966878099460769,0.051126148653224054
05_estrutura_eventos_enriquecidos__last__f_score,29,34,59.93103448275862,60.911764705882355,61.0,60.0,-0.9807302231237358,-0.05108483463466648,-0.034612063684170344,0.05108483463466648
05_estrutura_eventos_enriquecidos__last__score,29,34,59.93103448275862,60.911764705882355,61.0,60.0,-0.9807302231237358,-0.05108483463466648,-0.034612063684170344,0.05108483463466648
06_evolucao_score_eventos__last__f_score,29,34,59.93103448275862,60.911764705882355,61.0,60.0,-0.9807302231237358,-0.05108483463466648,-0.034612063684170344,0.05108483463466648
06_evolucao_score_eventos__last__score,29,34,59.93103448275862,60.911764705882355,61.0,60.0,-0.9807302231237358,-0.05108483463466648,-0.034612063684170344,0.05108483463466648
06_evolucao_score_eventos__last__score_variacao_15,29,34,-1.3103448275862069,-2.735294117647059,-2.0,-1.5,1.424949290060852,0.050889705036164024,-0.017341979777642385,0.050889705036164024
05_estrutura_eventos_enriquecidos__w60__max_baixa_30s__std,51,65,227.10798723731045,218.03990005952534,208.92094003156666,173.05466381079324,9.068087177785117,0.05065146104767498,-0.012781697578565258,0.05065146104767498
06_evolucao_score_eventos__w60__max_baixa_30s__std,51,65,227.10798723731045,218.03990005952534,208.92094003156666,173.05466381079324,9.068087177785117,0.05065146104767498,-0.012781697578565258,0.05065146104767498
07_bloqueios_auditoria_completa__w60__diferenca_score__mean,43,54,63.70714285714285,64.32051867885201,64.0,65.39285714285714,-0.6133758217091625,-0.05058376641128187,-0.03558706784908664,0.05058376641128187
estados_c7_dna_fluxo_v5_2__w60__score_compra__first,57,81,44.228070175438596,42.75308641975309,42.0,35.0,1.474983755685507,0.050421615330977956,0.028679907918350626,0.050421615330977956
estados_c7_dna_fluxo_v5_2__w60__vel_anterior__min,57,81,-0.7199843392646322,-0.6813237435037189,-0.703125,-0.5234634807242271,-0.0386605957609133,-0.05029993320247819,-0.02939896486894701,0.05029993320247819
estados_c7_dna_fluxo_v5_2__w60__spread_max_30__min,57,81,2.3728070175438596,2.4104938271604937,2.25,2.25,-0.037686809616634065,-0.05029722936279773,0.10983269444508617,0.05029722936279773
estados_c7_dna_fluxo_v5_2__w60__campanha_pullback__all_true,57,81,0.14035087719298245,0.12345679012345678,0.0,0.0,0.016894087069525665,0.05016339703339907,-0.05299926907916193,0.05016339703339907
13a_features_tempo_real__w60__pre_60s_bid_size_medio_soma__delta,82,116,0.6693286594416271,0.020489215155031104,1.7270840270840253,1.2083333333333286,0.648839444286596,0.05014158971653013,-0.030938286683393216,0.05014158971653013
bloqueios_c7_dna_fluxo_v5_2__w60__rompimento_venda__max,49,69,-3.63265306122449,-3.318840579710145,-1.5,-1.0,-0.3138124815143448,-0.0499790619049074,0.008142028842652959,0.0499790619049074
estados_c7_dna_fluxo_v5_2__w60__compra10__first,57,81,95.73684210526316,103.08641975308642,46.0,52.0,-7.349577647823253,-0.04990329507082935,0.05936053378281796,0.04990329507082935
estados_c7_dna_fluxo_v5_2__w60__hard_gates_venda_ok__transitions,57,81,0.17543859649122806,0.19753086419753085,0.0,0.0,-0.022092267706302793,-0.049852114348066634,0.04712094226780481,0.049852114348066634
05_estrutura_eventos_enriquecidos__w60__f_velocidade__delta,51,65,0.09366944266731664,0.061581648455993926,0.0,0.0,0.03208779421132271,0.04984539102654288,0.013843425659277146,0.04984539102654288
05_estrutura_eventos_enriquecidos__w60__vel15__delta,51,65,0.09366944266731664,0.061581648455993926,0.0,0.0,0.03208779421132271,0.04984539102654288,0.013843425659277146,0.04984539102654288
06_evolucao_score_eventos__w60__f_velocidade__delta,51,65,0.09366944266731664,0.061581648455993926,0.0,0.0,0.03208779421132271,0.04984539102654288,0.013843425659277146,0.04984539102654288
06_evolucao_score_eventos__w60__vel15__delta,51,65,0.09366944266731664,0.061581648455993926,0.0,0.0,0.03208779421132271,0.04984539102654288,0.013843425659277146,0.04984539102654288
05_estrutura_eventos_enriquecidos__w60__gate_rompimento__ever_true,51,65,0.7450980392156863,0.7230769230769231,1.0,1.0,0.02202111613876323,0.04976305185937006,0.03598504561947524,0.04976305185937006
06_evolucao_score_eventos__w60__gate_rompimento__ever_true,51,65,0.7450980392156863,0.7230769230769231,1.0,1.0,0.02202111613876323,0.04976305185937006,0.03598504561947524,0.04976305185937006
05_estrutura_eventos_enriquecidos__w60__gate_vel15__changed,51,65,0.2549019607843137,0.27692307692307694,0.0,0.0,-0.02202111613876323,-0.04976305185937006,0.010938779675434425,0.04976305185937006
06_evolucao_score_eventos__w60__gate_vel15__changed,51,65,0.2549019607843137,0.27692307692307694,0.0,0.0,-0.02202111613876323,-0.04976305185937006,0.010938779675434425,0.04976305185937006
07_bloqueios_auditoria_completa__w60__qtd_hard_gates_ok__min,43,54,4.534883720930233,4.5,4.0,4.0,0.03488372093023262,0.049472565139847414,-0.022025587727621348,0.049472565139847414
05_estrutura_eventos_enriquecidos__w60__delta30__mean,51,65,-5.653744022861668,-3.793937728937728,-2.1,-4.444444444444445,-1.8598062939239397,-0.04926543293110638,0.02315757174536482,0.04926543293110638
05_estrutura_eventos_enriquecidos__w60__f_delta__mean,51,65,-5.653744022861668,-3.793937728937728,-2.1,-4.444444444444445,-1.8598062939239397,-0.04926543293110638,0.02315757174536482,0.04926543293110638
06_evolucao_score_eventos__w60__delta30__mean,51,65,-5.653744022861668,-3.793937728937728,-2.1,-4.444444444444445,-1.8598062939239397,-0.04926543293110638,0.02315757174536482,0.04926543293110638
06_evolucao_score_eventos__w60__f_delta__mean,51,65,-5.653744022861668,-3.793937728937728,-2.1,-4.444444444444445,-1.8598062939239397,-0.04926543293110638,0.02315757174536482,0.04926543293110638
05_estrutura_eventos_enriquecidos__w60__confirmacoes_candidata__mean,51,65,0.5012237218119571,0.5361355311355311,0.3333333333333333,0.4,-0.03491180932357407,-0.04916461553656588,0.04924946095672897,0.04916461553656588
06_evolucao_score_eventos__w60__confirmacoes_candidata__mean,51,65,0.5012237218119571,0.5361355311355311,0.3333333333333333,0.4,-0.03491180932357407,-0.04916461553656588,0.04924946095672897,0.04916461553656588
estados_c7_dna_fluxo_v5_2__w60__venda30__max,57,81,301.0877192982456,322.39506172839504,182.0,176.0,-21.307342430149447,-0.04909790613260958,0.053585440471677494,0.04909790613260958
05_estrutura_eventos_enriquecidos__w60__gate_delta30__last,51,65,0.5294117647058824,0.5538461538461539,1.0,1.0,-0.024434389140271517,-0.049051384022064874,0.06445838710352574,0.049051384022064874
06_evolucao_score_eventos__w60__gate_delta30__last,51,65,0.5294117647058824,0.5538461538461539,1.0,1.0,-0.024434389140271517,-0.049051384022064874,0.06445838710352574,0.049051384022064874
05_estrutura_eventos_enriquecidos__w60__gate_aceleracao__first,51,65,0.5294117647058824,0.5538461538461539,1.0,1.0,-0.024434389140271517,-0.04905138402206487,0.08530068091260853,0.04905138402206487
06_evolucao_score_eventos__w60__gate_aceleracao__first,51,65,0.5294117647058824,0.5538461538461539,1.0,1.0,-0.024434389140271517,-0.04905138402206487,0.08530068091260853,0.04905138402206487
estados_c7_dna_fluxo_v5_2__w60__gate_vel15__ever_true,57,81,0.9824561403508771,0.9753086419753086,1.0,1.0,0.007147498375568495,0.04901236285964413,-0.031086562235067478,0.04901236285964413
estados_c7_dna_fluxo_v5_2__w60__score_compra__max,57,81,66.2280701754386,64.8395061728395,69.0,67.0,1.3885640025990966,0.048910640158447684,0.035819613640398894,0.048910640158447684
13a_features_tempo_real__w60__pre_30s_spread_minimo__std,82,116,0.12379409745105943,0.12947569902581424,0.09182865912090664,0.09081834184085497,-0.005681601574754808,-0.04886397473788238,-0.023028230428132686,0.04886397473788238
07_bloqueios_auditoria_completa__w60__f_velocidade__delta,43,54,0.05753182919938843,0.02438514198387723,0.0,0.0,0.0331466872155112,0.04879254515126851,-0.03296332431961304,0.04879254515126851
07_bloqueios_auditoria_completa__w60__vel15__delta,43,54,0.05753182919938843,0.02438514198387723,0.0,0.0,0.0331466872155112,0.04879254515126851,-0.03296332431961304,0.04879254515126851
estados_c7_dna_fluxo_v5_2__w60__spread_atual__min,57,81,1.3026315789473684,1.3240740740740742,1.25,1.25,-0.02144249512670582,-0.04878204503684807,0.0458177853673918,0.04878204503684807
05_estrutura_eventos_enriquecidos__w60__vel5__delta,51,65,0.14646044498647423,0.08061401102039645,0.11901612855545318,0.0,0.06584643396607778,0.04863058578038497,0.03532407708311111,0.04863058578038497
06_evolucao_score_eventos__w60__vel5__delta,51,65,0.14646044498647423,0.08061401102039645,0.11901612855545318,0.0,0.06584643396607778,0.04863058578038497,0.03532407708311111,0.04863058578038497
05_estrutura_eventos_enriquecidos__w60__topo_anterior__std,51,65,3.4872287918418574,3.318863812366341,3.3105890714493698,2.564023937095752,0.1683649794755162,0.048256434502442346,0.035168689253118786,0.048256434502442346
06_evolucao_score_eventos__w60__topo_anterior__std,51,65,3.4872287918418574,3.318863812366341,3.3105890714493698,2.564023937095752,0.1683649794755162,0.048256434502442346,0.035168689253118786,0.048256434502442346
estado_mercado_tempo_real__w60__agressor_compra__first,82,116,0.14634146341463414,0.16379310344827586,0.0,0.0,-0.01745164003364172,-0.04802444495700865,0.04301110594019617,0.04802444495700865
estado_mercado_tempo_real__w60__score_compra__first,82,116,4.390243902439025,4.913793103448276,0.0,0.0,-0.5235492010092511,-0.04802444495700861,0.04301110594019613,0.04802444495700861
07_bloqueios_auditoria_completa__w60__gate_saldo30__ever_true,43,54,0.9534883720930233,0.9629629629629629,1.0,1.0,-0.009474590869939625,-0.04764976133838735,0.009594840541849137,0.04764976133838735
13a_features_tempo_real__w60__cobertura_15s__max,82,116,14.304878048780488,14.35344827586207,15.0,15.0,-0.04857022708158176,-0.0476177772258526,0.04123491528341444,0.0476177772258526
05_estrutura_eventos_enriquecidos__w60__f_score__max,51,65,86.82352941176471,86.07692307692308,91.0,91.0,0.7466063348416299,0.04747067906864213,0.04749379679618286,0.04747067906864213
05_estrutura_eventos_enriquecidos__w60__score__max,51,65,86.82352941176471,86.07692307692308,91.0,91.0,0.7466063348416299,0.04747067906864213,0.04749379679618286,0.04747067906864213
06_evolucao_score_eventos__w60__f_score__max,51,65,86.82352941176471,86.07692307692308,91.0,91.0,0.7466063348416299,0.04747067906864213,0.04749379679618286,0.04747067906864213
06_evolucao_score_eventos__w60__score__max,51,65,86.82352941176471,86.07692307692308,91.0,91.0,0.7466063348416299,0.04747067906864213,0.04749379679618286,0.04747067906864213
05_estrutura_eventos_enriquecidos__w60__vel_anterior__mean,51,65,-0.03234320686869098,-0.0158011180829739,-0.009879354445043913,0.007334916891357568,-0.016542088785717078,-0.0473150432445781,-0.0419562537334942,0.0473150432445781
06_evolucao_score_eventos__w60__vel_anterior__mean,51,65,-0.03234320686869098,-0.0158011180829739,-0.009879354445043913,0.007334916891357568,-0.016542088785717078,-0.0473150432445781,-0.0419562537334942,0.0473150432445781
estados_c7_dna_fluxo_v5_2__w60__desloc15__std,57,81,4.649508563903716,4.83504178734791,4.625,3.6609804394147996,-0.1855332234441942,-0.04706259479078283,0.10801424086183418,0.04706259479078283
05_estrutura_eventos_enriquecidos__w60__continuidade_2s__max,51,65,2.7549019607843137,2.6307692307692307,2.75,2.5,0.12413273001508296,0.0470187671399286,-0.012180631925821625,0.0470187671399286
06_evolucao_score_eventos__w60__continuidade_2s__max,51,65,2.7549019607843137,2.6307692307692307,2.75,2.5,0.12413273001508296,0.0470187671399286,-0.012180631925821625,0.0470187671399286
07_bloqueios_auditoria_completa__w60__ajuste_estrutura_venda__std,43,54,2.276023504031373,2.41363130449889,1.5999999999999999,1.6,-0.1376078004675172,-0.04677397467248248,0.049783988146711644,0.04677397467248248
estados_c7_dna_fluxo_v5_2__w60__continuidade_2s__delta,57,81,-0.2236842105263158,0.0,0.0,0.0,-0.2236842105263158,-0.046680854611798855,0.03411548683761208,0.046680854611798855
07_bloqueios_auditoria_completa__w60__max_baixa_120s__std,43,54,250.7007373312217,239.91890853363606,200.0,134.36673228343176,10.781828797585632,0.04664842866134515,0.08821750288088259,0.04664842866134515
05_estrutura_eventos_enriquecidos__w60__spread_pct_120_60__slope,39,53,0.0008063575023780911,-0.0004084313121555415,0.000492463542354693,6.316154920257987e-05,0.0012147888145336327,0.046593573927482576,0.02699468247856102,0.046593573927482576
06_evolucao_score_eventos__w60__spread_pct_120_60__slope,39,53,0.0008063575023780911,-0.0004084313121555415,0.000492463542354693,6.316154920257987e-05,0.0012147888145336327,0.046593573927482576,0.02699468247856102,0.046593573927482576
bloqueios_c7_dna_fluxo_v5_2__w60__qtd_hard_gates_venda_ok__max,49,69,4.510204081632653,4.434782608695652,5.0,5.0,0.07542147293700108,0.04658014547874608,-0.04946031223610402,0.04658014547874608
13a_features_tempo_real__w60__pre_15s_spread_minimo__max,82,116,1.3660770165718485,1.3494974035166436,1.3416666666666668,1.331140350877193,0.016579613055204945,0.04656158758958609,0.002837935799644909,0.04656158758958609
bloqueios_c7_dna_fluxo_v5_2__w60__score_base_dna__last,49,69,69.40816326530613,68.8840579710145,69.0,69.0,0.5241052942916298,0.046418970400447956,-0.00922270657022958,0.046418970400447956
05_estrutura_eventos_enriquecidos__w60__hard_gates_compra_ok__all_true,51,65,0.0392156862745098,0.03076923076923077,0.0,0.0,0.008446455505279032,0.04629067150580579,0.04594537412307441,0.04629067150580579
06_evolucao_score_eventos__w60__hard_gates_compra_ok__all_true,51,65,0.0392156862745098,0.03076923076923077,0.0,0.0,0.008446455505279032,0.04629067150580579,0.04594537412307441,0.04629067150580579
05_estrutura_eventos_enriquecidos__w60__hard_gates_venda_ok__all_true,51,65,0.0392156862745098,0.03076923076923077,0.0,0.0,0.008446455505279032,0.04629067150580579,0.04594537412307434,0.04629067150580579
06_evolucao_score_eventos__w60__hard_gates_venda_ok__all_true,51,65,0.0392156862745098,0.03076923076923077,0.0,0.0,0.008446455505279032,0.04629067150580579,0.04594537412307434,0.04629067150580579
05_estrutura_eventos_enriquecidos__w60__fundo_anterior__delta,51,65,1.4068627450980393,0.9230769230769231,0.0,0.0,0.4837858220211162,0.046221129541988794,-0.06189028608403169,0.046221129541988794
06_evolucao_score_eventos__w60__fundo_anterior__delta,51,65,1.4068627450980393,0.9230769230769231,0.0,0.0,0.4837858220211162,0.046221129541988794,-0.06189028608403169,0.046221129541988794
bloqueios_c7_dna_fluxo_v5_2__w60__gate_delta30__first,49,69,0.5714285714285714,0.5942028985507246,1.0,1.0,-0.022774327122153215,-0.04621734318406638,0.07754344332149608,0.04621734318406638
07_bloqueios_auditoria_completa__w60__score_oposto__min,43,54,5.744186046511628,6.074074074074074,3.0,3.0,-0.32988802756244606,-0.045890781315159807,0.06966826532759547,0.045890781315159807
13a_features_tempo_real__w60__pre_60s_volatilidade_close_pontos__std,82,116,15.536534185317231,16.06688660178327,13.619023402681712,12.827911210726299,-0.5303524164660391,-0.045739221519407125,0.025731717766886233,0.045739221519407125
05_estrutura_eventos_enriquecidos__w60__imbalance_atual__first,51,65,1.130718954248366,1.0979892037786774,1.0,1.0,0.03272975046968862,0.04568602199883532,-0.03977959232276116,0.04568602199883532
06_evolucao_score_eventos__w60__imbalance_atual__first,51,65,1.130718954248366,1.0979892037786774,1.0,1.0,0.03272975046968862,0.04568602199883532,-0.03977959232276116,0.04568602199883532
estados_c7_dna_fluxo_v5_2__w60__razao_venda30__last,57,81,1.1403035663054746,1.1098920530912275,0.9789473684210528,1.0096385542168675,0.030411513214247066,0.045684182120084633,-0.004162254906696318,0.045684182120084633
05_estrutura_eventos_enriquecidos__w60__hard_gates_venda_ok__true_count,51,65,0.19607843137254902,0.2153846153846154,0.0,0.0,-0.01930618401206638,-0.045337703433244926,0.04904306523858553,0.045337703433244926
06_evolucao_score_eventos__w60__hard_gates_venda_ok__true_count,51,65,0.19607843137254902,0.2153846153846154,0.0,0.0,-0.01930618401206638,-0.045337703433244926,0.04904306523858553,0.045337703433244926
07_bloqueios_auditoria_completa__w60__gate_delta30__true_count,43,54,1.9767441860465116,2.0555555555555554,2.0,1.5,-0.07881136950904377,-0.04527219337396282,0.03289616949885723,0.04527219337396282
bloqueios_c7_dna_fluxo_v5_2__w60__qtd_hard_gates_ok__max,49,69,5.551020408163265,5.521739130434782,6.0,6.0,0.02928127772848299,0.04527141471909804,-0.021932775912094714,0.04527141471909804
05_estrutura_eventos_enriquecidos__w60__desloc15__delta,51,65,1.4362745098039216,1.0346153846153847,0.0,0.0,0.40165912518853686,0.04521683357228411,0.024968293325064773,0.04521683357228411
06_evolucao_score_eventos__w60__desloc15__delta,51,65,1.4362745098039216,1.0346153846153847,0.0,0.0,0.40165912518853686,0.04521683357228411,0.024968293325064773,0.04521683357228411
bloqueios_c7_dna_fluxo_v5_2__w60__score_venda__delta,49,69,1.4081632653061225,2.9855072463768115,0.0,0.0,-1.577343981070689,-0.04499014237789471,0.03528266973121119,0.04499014237789471
estados_c7_dna_fluxo_v5_2__w60__qtd_hard_gates_venda_ok__mean,57,81,3.2941653375863904,3.3536204193611603,3.0,3.2,-0.05945508177476988,-0.04493671541328457,-0.0031739616226687034,0.04493671541328457
13a_features_tempo_real__w60__adv_delta_spread_minimo_15s_30s__max,82,116,0.4081081837832751,0.4223267189071229,0.375,0.33333333333333326,-0.014218535123847797,-0.044936591606891396,-0.004396594016393099,0.044936591606891396
05_estrutura_eventos_enriquecidos__w60__campanha_ativa__transitions,51,65,0.0784313725490196,0.09230769230769231,0.0,0.0,-0.013876319758672706,-0.044781746929447544,0.03692398711899501,0.044781746929447544
06_evolucao_score_eventos__w60__campanha_ativa__transitions,51,65,0.0784313725490196,0.09230769230769231,0.0,0.0,-0.013876319758672706,-0.044781746929447544,0.03692398711899501,0.044781746929447544
estados_c7_dna_fluxo_v5_2__w60__razao_venda30__min,57,81,0.8084654324903934,0.8333044427846511,0.659919028340081,0.7153679653679653,-0.024839010294257724,-0.04462240792401053,0.049219135264440494,0.04462240792401053
05_estrutura_eventos_enriquecidos__w60__f_spread__mean,51,65,1.7570740670005374,1.7739300976800976,1.75,1.8055555555555556,-0.016856030679560208,-0.044446275906256695,0.05908823077923952,0.044446275906256695
05_estrutura_eventos_enriquecidos__w60__spread_atual__mean,51,65,1.7570740670005374,1.7739300976800976,1.75,1.8055555555555556,-0.016856030679560208,-0.044446275906256695,0.05908823077923952,0.044446275906256695
06_evolucao_score_eventos__w60__f_spread__mean,51,65,1.7570740670005374,1.7739300976800976,1.75,1.8055555555555556,-0.016856030679560208,-0.044446275906256695,0.05908823077923952,0.044446275906256695
06_evolucao_score_eventos__w60__spread_atual__mean,51,65,1.7570740670005374,1.7739300976800976,1.75,1.8055555555555556,-0.016856030679560208,-0.044446275906256695,0.05908823077923952,0.044446275906256695
bloqueios_c7_dna_fluxo_v5_2__w60__gate_vel15__first,49,69,0.8979591836734694,0.8840579710144928,1.0,1.0,0.013901212658976592,0.04439850726167412,-0.007700757072097989,0.04439850726167412
estados_c7_dna_fluxo_v5_2__w60__vel15__std,57,81,0.3225765272360066,0.33449069246347674,0.3229682159859989,0.2614007232495785,-0.01191416522747013,-0.044331134535110894,0.1093329882356806,0.044331134535110894
estados_c7_dna_fluxo_v5_2__w60__delta30__min,57,81,-55.54385964912281,-59.30864197530864,-38.0,-33.0,3.7647823261858306,0.04424751926745824,-0.049171617518433935,0.04424751926745824
estados_c7_dna_fluxo_v5_2__w60__qtd_hard_gates_venda_ok__delta,57,81,0.12280701754385964,0.2222222222222222,0.0,0.0,-0.09941520467836257,-0.04418940562411505,-0.013782400777698833,0.04418940562411505
05_estrutura_eventos_enriquecidos__w60__rompimento_venda__last,51,65,-6.887254901960785,-6.530769230769231,-7.5,-5.25,-0.35648567119155405,-0.04407548781844059,-0.03260635933890683,0.04407548781844059
06_evolucao_score_eventos__w60__rompimento_venda__last,51,65,-6.887254901960785,-6.530769230769231,-7.5,-5.25,-0.35648567119155405,-0.04407548781844059,-0.03260635933890683,0.04407548781844059
05_estrutura_eventos_enriquecidos__w60__compra10__first,51,65,57.86274509803921,60.63076923076923,40.0,44.0,-2.7680241327300195,-0.044073990021599986,0.06521996255730765,0.044073990021599986
06_evolucao_score_eventos__w60__compra10__first,51,65,57.86274509803921,60.63076923076923,40.0,44.0,-2.7680241327300195,-0.044073990021599986,0.06521996255730765,0.044073990021599986
05_estrutura_eventos_enriquecidos__w60__vel_anterior__last,51,65,0.014440433282572296,-0.0075761316132802094,-0.0549450549450549,0.0,0.022016564895852506,0.04376203681626654,-0.04977645628416799,0.04376203681626654
06_evolucao_score_eventos__w60__vel_anterior__last,51,65,0.014440433282572296,-0.0075761316132802094,-0.0549450549450549,0.0,0.022016564895852506,0.04376203681626654,-0.04977645628416799,0.04376203681626654
05_estrutura_eventos_enriquecidos__w60__confirmacoes_candidata__delta,51,65,0.09803921568627451,0.046153846153846156,0.0,0.0,0.05188536953242835,0.043710294934318925,-0.021589792913881842,0.043710294934318925
06_evolucao_score_eventos__w60__confirmacoes_candidata__delta,51,65,0.09803921568627451,0.046153846153846156,0.0,0.0,0.05188536953242835,0.043710294934318925,-0.021589792913881842,0.043710294934318925
05_estrutura_eventos_enriquecidos__w60__f_razao_fluxo__mean,51,65,1.1272108880794385,1.1537629969262575,1.0422932174649493,1.0413837280006781,-0.026552108846819023,-0.04368395266739239,0.03316784130798579,0.04368395266739239
05_estrutura_eventos_enriquecidos__w60__razao_venda30__mean,51,65,1.1272108880794385,1.1537629969262575,1.0422932174649493,1.0413837280006781,-0.026552108846819023,-0.04368395266739239,0.03316784130798579,0.04368395266739239
06_evolucao_score_eventos__w60__f_razao_fluxo__mean,51,65,1.1272108880794385,1.1537629969262575,1.0422932174649493,1.0413837280006781,-0.026552108846819023,-0.04368395266739239,0.03316784130798579,0.04368395266739239
06_evolucao_score_eventos__w60__razao_venda30__mean,51,65,1.1272108880794385,1.1537629969262575,1.0422932174649493,1.0413837280006781,-0.026552108846819023,-0.04368395266739239,0.03316784130798579,0.04368395266739239
bloqueios_c7_dna_fluxo_v5_2__w60__score_spread__std,49,69,0.36957529381651977,0.3417261336068831,0.0,0.0,0.02784916020963668,0.04365780674644328,-0.05078560318483335,0.04365780674644328
estados_c7_dna_fluxo_v5_2__w60__desloc15__last,57,81,0.8333333333333334,0.4691358024691358,1.0,-0.25,0.3641975308641976,0.04363303253234239,-0.018819174912649058,0.04363303253234239
07_bloqueios_auditoria_completa__w60__rompimento_compra__min,43,54,-9.872093023255815,-9.546296296296296,-9.25,-8.375,-0.3257967269595188,-0.04357716461910897,-0.06233533026269156,0.04357716461910897
bloqueios_c7_dna_fluxo_v5_2__w60__estrutura__nunique,49,69,1.2653061224489797,1.2463768115942029,1.0,1.0,0.018929310854776782,0.04347252311673949,0.024331046491938183,0.04347252311673949
bloqueios_c7_dna_fluxo_v5_2__w60__diferenca_score__min,49,69,48.40816326530612,49.14492753623188,48.0,45.0,-0.7367642709257609,-0.043330219108028256,-0.02185390125249401,0.043330219108028256
estado_mercado_tempo_real__w60__score_venda__max,82,116,92.07317073170732,91.46551724137932,100.0,80.0,0.6076534903280049,0.04328788041454364,-0.005385216621881436,0.04328788041454364
estados_c7_dna_fluxo_v5_2__w60__confirmacoes_candidata__slope,45,67,0.036228956228956236,0.0238579828132067,0.0,0.0,0.012370973415749536,0.043106606054897904,-0.018553864428091257,0.043106606054897904
07_bloqueios_auditoria_completa__w60__delta30__max,43,54,16.88372093023256,15.24074074074074,22.0,8.5,1.6429801894918192,0.04304392961413326,0.03499694455501571,0.04304392961413326
07_bloqueios_auditoria_completa__w60__f_delta__max,43,54,16.88372093023256,15.24074074074074,22.0,8.5,1.6429801894918192,0.04304392961413326,0.03499694455501571,0.04304392961413326
estado_mercado_tempo_real__w60__imbalance__delta,82,116,0.06466318234610917,0.11114532019704434,0.0,0.0,-0.046482137850935176,-0.04273936535481825,0.052388826650988166,0.04273936535481825
05_estrutura_eventos_enriquecidos__w60__venda10__slope,39,53,-0.20626040626040626,-0.6882790165809045,-0.285714285714284,-1.1904761904761911,0.48201861032049825,0.0423397072725216,-0.06418618447361232,0.0423397072725216
06_evolucao_score_eventos__w60__venda10__slope,39,53,-0.20626040626040626,-0.6882790165809045,-0.285714285714284,-1.1904761904761911,0.48201861032049825,0.0423397072725216,-0.06418618447361232,0.0423397072725216
07_bloqueios_auditoria_completa__w60__rompimento_venda__delta,43,54,0.05232558139534884,0.4074074074074074,0.0,0.0,-0.35508182601205857,-0.04218067220837706,0.00883039890630436,0.04218067220837706
estados_c7_dna_fluxo_v5_2__w60__gate_continuidade__last,57,81,0.8070175438596491,0.7901234567901234,1.0,1.0,0.016894087069525665,0.042008623991574595,-0.058837575341267496,0.042008623991574595
estados_c7_dna_fluxo_v5_2__w60__vel15__last,57,81,0.05683690835456958,0.03273847541980485,0.0671681891456206,-0.0170160631636264,0.024098432934764734,0.04195047832774746,-0.01724971084721984,0.04195047832774746
estados_c7_dna_fluxo_v5_2__w60__vel5__first,57,81,0.037538442057338896,-0.013755980581384402,0.0,0.0,0.051294422638723296,0.04179235523311672,0.010273189476761126,0.04179235523311672
05_estrutura_eventos_enriquecidos__w60__rompimento_venda__max,51,65,-1.7745098039215685,-2.0307692307692307,-0.25,-0.75,0.2562594268476621,0.041733351031789274,-0.030256933923349633,0.041733351031789274
06_evolucao_score_eventos__w60__rompimento_venda__max,51,65,-1.7745098039215685,-2.0307692307692307,-0.25,-0.75,0.2562594268476621,0.041733351031789274,-0.030256933923349633,0.041733351031789274
05_estrutura_eventos_enriquecidos__last__qtd_hard_gates_ok,29,34,4.344827586206897,4.294117647058823,4.0,4.5,0.050709939148073424,0.04159179204762661,-0.08580998714742122,0.04159179204762661
06_evolucao_score_eventos__last__qtd_hard_gates_ok,29,34,4.344827586206897,4.294117647058823,4.0,4.5,0.050709939148073424,0.04159179204762661,-0.08580998714742122,0.04159179204762661
07_bloqueios_auditoria_completa__w60__impediu_gain_30s__last,43,54,0.5348837209302325,0.5555555555555556,1.0,1.0,-0.02067183462532307,-0.04152278581734923,0.03797725204638973,0.04152278581734923
estados_c7_dna_fluxo_v5_2__w60__delta30__mean,57,81,-19.118067264119897,-21.493356848912406,-5.636363636363637,-8.333333333333334,2.375289584792508,0.041463084054385126,-0.01564905947558195,0.041463084054385126
05_estrutura_eventos_enriquecidos__w60__f_score__mean,51,65,65.1295270633506,65.75832112332112,59.0,66.2,-0.6287940599705308,-0.04137567229503877,0.07327632571853042,0.04137567229503877
05_estrutura_eventos_enriquecidos__w60__score__mean,51,65,65.1295270633506,65.75832112332112,59.0,66.2,-0.6287940599705308,-0.04137567229503877,0.07327632571853042,0.04137567229503877
06_evolucao_score_eventos__w60__f_score__mean,51,65,65.1295270633506,65.75832112332112,59.0,66.2,-0.6287940599705308,-0.04137567229503877,0.07327632571853042,0.04137567229503877
06_evolucao_score_eventos__w60__score__mean,51,65,65.1295270633506,65.75832112332112,59.0,66.2,-0.6287940599705308,-0.04137567229503877,0.07327632571853042,0.04137567229503877
bloqueios_c7_dna_fluxo_v5_2__w60__score_venda__max,49,69,61.734693877551024,63.04347826086956,75.0,77.0,-1.3087843833185389,-0.04125623155004972,-0.007991360618287226,0.04125623155004972
05_estrutura_eventos_enriquecidos__w60__f_spread__first,51,65,1.7745098039215685,1.7961538461538462,1.75,1.75,-0.02164404223227767,-0.0407925287740884,0.03289032846117654,0.0407925287740884
05_estrutura_eventos_enriquecidos__w60__spread_atual__first,51,65,1.7745098039215685,1.7961538461538462,1.75,1.75,-0.02164404223227767,-0.0407925287740884,0.03289032846117654,0.0407925287740884
06_evolucao_score_eventos__w60__f_spread__first,51,65,1.7745098039215685,1.7961538461538462,1.75,1.75,-0.02164404223227767,-0.0407925287740884,0.03289032846117654,0.0407925287740884
06_evolucao_score_eventos__w60__spread_atual__first,51,65,1.7745098039215685,1.7961538461538462,1.75,1.75,-0.02164404223227767,-0.0407925287740884,0.03289032846117654,0.0407925287740884
07_bloqueios_auditoria_completa__w60__ajuste_estrutura__last,43,54,6.511627906976744,6.777777777777778,8.0,8.0,-0.2661498708010335,-0.040730427672182795,0.0007381127702425803,0.040730427672182795
07_bloqueios_auditoria_completa__w60__f_aceleracao__delta,43,54,-0.13827617573965098,-0.18722653127478553,0.0,-0.009363734997408724,0.04895035553513455,0.040509956899205016,0.037228926326635874,0.040509956899205016
07_bloqueios_auditoria_completa__w60__aceleracao__delta,43,54,-0.13827617573965104,-0.18722653127478553,0.0,-0.009363734997408724,0.04895035553513449,0.040509956899204974,0.03722892632663592,0.040509956899204974
05_estrutura_eventos_enriquecidos__w60__delta30__first,51,65,-5.098039215686274,-3.0923076923076924,8.0,-5.0,-2.0057315233785817,-0.04024690469770372,0.02195759556485919,0.04024690469770372
05_estrutura_eventos_enriquecidos__w60__f_delta__first,51,65,-5.098039215686274,-3.0923076923076924,8.0,-5.0,-2.0057315233785817,-0.04024690469770372,0.02195759556485919,0.04024690469770372
06_evolucao_score_eventos__w60__delta30__first,51,65,-5.098039215686274,-3.0923076923076924,8.0,-5.0,-2.0057315233785817,-0.04024690469770372,0.02195759556485919,0.04024690469770372
06_evolucao_score_eventos__w60__f_delta__first,51,65,-5.098039215686274,-3.0923076923076924,8.0,-5.0,-2.0057315233785817,-0.04024690469770372,0.02195759556485919,0.04024690469770372
estados_c7_dna_fluxo_v5_2__w60__hard_gates_venda_ok__true_count,57,81,0.19298245614035087,0.20987654320987653,0.0,0.0,-0.016894087069525665,-0.040244157358315366,0.056366250917683304,0.040244157358315366
06_evolucao_score_eventos__w60__score_velocidade_5__first,51,65,0.1399261170482893,0.11715084464183863,0.14,0.0303030303030303,0.022775272406450678,0.03997615961513606,0.07811527533200996,0.03997615961513606
07_bloqueios_auditoria_completa__w60__delta30__std,43,54,13.906470224897475,14.46864751816123,8.993825042154695,12.182087746627236,-0.5621772932637548,-0.039892056335515756,0.11248343956770435,0.039892056335515756
07_bloqueios_auditoria_completa__w60__f_delta__std,43,54,13.906470224897475,14.46864751816123,8.993825042154695,12.182087746627236,-0.5621772932637548,-0.039892056335515756,0.11248343956770435,0.039892056335515756
05_estrutura_eventos_enriquecidos__w60__imbalance_atual__max,51,65,2.2483660130718954,2.1777327935222672,2.0,2.0,0.0706332195496282,0.039422853459961826,-0.05082782707618533,0.039422853459961826
06_evolucao_score_eventos__w60__imbalance_atual__max,51,65,2.2483660130718954,2.1777327935222672,2.0,2.0,0.0706332195496282,0.039422853459961826,-0.05082782707618533,0.039422853459961826
05_estrutura_eventos_enriquecidos__w60__gate_continuidade__first,51,65,0.6274509803921569,0.6461538461538462,1.0,1.0,-0.018702865761689336,-0.03891577116123228,0.029269524783921655,0.03891577116123228
06_evolucao_score_eventos__w60__gate_continuidade__first,51,65,0.6274509803921569,0.6461538461538462,1.0,1.0,-0.018702865761689336,-0.03891577116123228,0.029269524783921655,0.03891577116123228
bloqueios_c7_dna_fluxo_v5_2__w60__score__mean,49,69,75.4463556851312,75.71512328251457,75.0,75.42857142857143,-0.2687675973833734,-0.03891347952501088,-0.014870210175098006,0.03891347952501088
bloqueios_c7_dna_fluxo_v5_2__w60__score__max,49,69,84.6734693877551,84.26086956521739,85.0,84.0,0.41259982253771454,0.038862307652447296,-0.03680444935783603,0.038862307652447296
05_estrutura_eventos_enriquecidos__w60__f_score__min,51,65,46.76470588235294,47.53846153846154,40.0,42.0,-0.7737556561085981,-0.038839401888062966,0.07014773663907233,0.038839401888062966
05_estrutura_eventos_enriquecidos__w60__score__min,51,65,46.76470588235294,47.53846153846154,40.0,42.0,-0.7737556561085981,-0.038839401888062966,0.07014773663907233,0.038839401888062966
06_evolucao_score_eventos__w60__f_score__min,51,65,46.76470588235294,47.53846153846154,40.0,42.0,-0.7737556561085981,-0.038839401888062966,0.07014773663907233,0.038839401888062966
06_evolucao_score_eventos__w60__score__min,51,65,46.76470588235294,47.53846153846154,40.0,42.0,-0.7737556561085981,-0.038839401888062966,0.07014773663907233,0.038839401888062966
bloqueios_c7_dna_fluxo_v5_2__w60__score_oposto__max,49,69,20.959183673469386,21.420289855072465,20.0,22.0,-0.46110618160307837,-0.03878924659164662,0.04087501034586945,0.03878924659164662
05_estrutura_eventos_enriquecidos__w60__campanha_pullback__ever_true,51,65,0.21568627450980393,0.2,0.0,0.0,0.01568627450980392,0.038723826497260715,-0.027471588759056396,0.038723826497260715
06_evolucao_score_eventos__w60__campanha_pullback__ever_true,51,65,0.21568627450980393,0.2,0.0,0.0,0.01568627450980392,0.038723826497260715,-0.027471588759056396,0.038723826497260715
05_estrutura_eventos_enriquecidos__w60__f_spread__delta,51,65,-0.00980392156862745,0.011538461538461539,0.0,0.0,-0.02134238310708899,-0.03854597666327272,0.02067427474979325,0.03854597666327272
05_estrutura_eventos_enriquecidos__w60__spread_atual__delta,51,65,-0.00980392156862745,0.011538461538461539,0.0,0.0,-0.02134238310708899,-0.03854597666327272,0.02067427474979325,0.03854597666327272
06_evolucao_score_eventos__w60__f_spread__delta,51,65,-0.00980392156862745,0.011538461538461539,0.0,0.0,-0.02134238310708899,-0.03854597666327272,0.02067427474979325,0.03854597666327272
06_evolucao_score_eventos__w60__spread_atual__delta,51,65,-0.00980392156862745,0.011538461538461539,0.0,0.0,-0.02134238310708899,-0.03854597666327272,0.02067427474979325,0.03854597666327272
05_estrutura_eventos_enriquecidos__w60__f_ticks_s__slope,39,53,0.04289886495707378,-0.346829016277337,-0.6001914790969234,-0.7229872649848116,0.38972788123441077,0.03854372780636872,-0.027804295215416875,0.03854372780636872
05_estrutura_eventos_enriquecidos__w60__ticks_s__slope,39,53,0.04289886495707378,-0.346829016277337,-0.6001914790969234,-0.7229872649848116,0.38972788123441077,0.03854372780636872,-0.027804295215416875,0.03854372780636872
06_evolucao_score_eventos__w60__f_ticks_s__slope,39,53,0.04289886495707378,-0.346829016277337,-0.6001914790969234,-0.7229872649848116,0.38972788123441077,0.03854372780636872,-0.027804295215416875,0.03854372780636872
06_evolucao_score_eventos__w60__ticks_s__slope,39,53,0.04289886495707378,-0.346829016277337,-0.6001914790969234,-0.7229872649848116,0.38972788123441077,0.03854372780636872,-0.027804295215416875,0.03854372780636872
bloqueios_c7_dna_fluxo_v5_2__w60__rompimento_venda__delta,49,69,1.239795918367347,1.6014492753623188,0.0,0.25,-0.3616533569949718,-0.038492358996992715,0.03215000137957807,0.038492358996992715
estados_c7_dna_fluxo_v5_2__w60__imbalance_atual__mean,57,81,1.126011662152013,1.1414355031955747,1.037037037037037,1.0925925925925926,-0.015423841043561648,-0.038405705617538706,-0.0031912938853295154,0.038405705617538706
estados_c7_dna_fluxo_v5_2__w60__campanha_entradas__slope,45,67,-0.0016402116402116419,-0.004299928926794593,0.0,0.0,0.002659717286582951,0.038382210363235685,-0.018717028334695174,0.038382210363235685
bloqueios_c7_dna_fluxo_v5_2__w60__continuidade_2s__delta,49,69,-0.46938775510204084,-0.29347826086956524,0.0,0.0,-0.1759094942324756,-0.0383559611881193,-0.01924518575154653,0.0383559611881193
05_estrutura_eventos_enriquecidos__w60__confirmacoes_candidata__max,51,65,1.196078431372549,1.1538461538461537,1.0,1.0,0.042232277526395245,0.038096691435437646,0.02844685341217704,0.038096691435437646
06_evolucao_score_eventos__w60__confirmacoes_candidata__max,51,65,1.196078431372549,1.1538461538461537,1.0,1.0,0.042232277526395245,0.038096691435437646,0.02844685341217704,0.038096691435437646
estados_c7_dna_fluxo_v5_2__w60__gate_delta30__last,57,81,0.5614035087719298,0.5802469135802469,1.0,1.0,-0.018843404808317143,-0.0380889423167122,0.0214878926206085,0.0380889423167122
estados_c7_dna_fluxo_v5_2__w60__hard_gates_ok__first,57,81,0.08771929824561403,0.09876543209876543,0.0,0.0,-0.011046133853151396,-0.037814878147665106,0.09544129850117561,0.037814878147665106
estados_c7_dna_fluxo_v5_2__w60__diferenca_score__max,57,81,79.59649122807018,78.81481481481481,84.0,86.0,0.7816764132553686,0.03773192316971222,0.06901929246093161,0.03773192316971222
13a_features_tempo_real__w60__adv_ratio_volatilidade_close_pontos_15s_60s__std,82,116,0.18912865914548846,0.19220813908083584,0.1955816302790448,0.19306223614238927,-0.003079479935347379,-0.03759673891157583,-0.004721865213510892,0.03759673891157583
estados_c7_dna_fluxo_v5_2__last__continuidade_2s,34,46,-0.04411764705882353,0.05434782608695652,0.25,-0.125,-0.09846547314578005,-0.03751533551162535,0.021796433818386557,0.03751533551162535
estados_c7_dna_fluxo_v5_2__w60__gate_saldo30__true_count,57,81,4.368421052631579,4.45679012345679,5.0,5.0,-0.08836907082521162,-0.03741973948027462,0.025523960448877576,0.03741973948027462
05_estrutura_eventos_enriquecidos__w60__score_venda__first,51,65,41.13725490196079,42.261538461538464,30.0,39.0,-1.1242835595776768,-0.03738478867977833,-0.015504076766921449,0.03738478867977833
06_evolucao_score_eventos__w60__score_venda__first,51,65,41.13725490196079,42.261538461538464,30.0,39.0,-1.1242835595776768,-0.03738478867977833,-0.015504076766921449,0.03738478867977833
05_estrutura_eventos_enriquecidos__w60__spread_pct_5__min,51,65,0.31432179033929414,0.32461654095691583,0.2916666666666667,0.3333333333333333,-0.010294750617621695,-0.03734593451888905,0.07321540933307635,0.03734593451888905
06_evolucao_score_eventos__w60__spread_pct_5__min,51,65,0.31432179033929414,0.32461654095691583,0.2916666666666667,0.3333333333333333,-0.010294750617621695,-0.03734593451888905,0.07321540933307635,0.03734593451888905
estados_c7_dna_fluxo_v5_2__w60__continuidade_2s__mean,57,81,-0.09547416521100732,-0.030468596903782046,0.0,-0.075,-0.06500556830722527,-0.03714368894552533,0.0575234040361804,0.03714368894552533
05_estrutura_eventos_enriquecidos__w60__swing_mais_recente_preco__std,51,65,3.6339834408055367,3.7495936805055154,3.7033101642772928,2.75,-0.11561023969997875,-0.03693551688205028,0.056932382147446774,0.03693551688205028
06_evolucao_score_eventos__w60__swing_mais_recente_preco__std,51,65,3.6339834408055367,3.7495936805055154,3.7033101642772928,2.75,-0.11561023969997875,-0.03693551688205028,0.056932382147446774,0.03693551688205028
05_estrutura_eventos_enriquecidos__w60__gate_aceleracao__transitions,51,65,2.392156862745098,2.4615384615384617,2.0,2.0,-0.0693815987933637,-0.03679497834351792,-0.03573393420085842,0.03679497834351792
06_evolucao_score_eventos__w60__gate_aceleracao__transitions,51,65,2.392156862745098,2.4615384615384617,2.0,2.0,-0.0693815987933637,-0.03679497834351792,-0.03573393420085842,0.03679497834351792
bloqueios_c7_dna_fluxo_v5_2__w60__delta30__max,49,69,9.204081632653061,11.26086956521739,20.0,9.0,-2.0567879325643297,-0.03676869544650198,0.07871463679517811,0.03676869544650198
estados_c7_dna_fluxo_v5_2__last__rompimento_venda,34,46,-7.610294117647059,-7.353260869565218,-7.875,-6.375,-0.25703324808184114,-0.03669032386009842,-0.09525735025852129,0.03669032386009842
05_estrutura_eventos_enriquecidos__w60__gate_rompimento__transitions,51,65,1.2941176470588236,1.2461538461538462,1.0,1.0,0.04796380090497743,0.03664600997192579,-0.0610834943734658,0.03664600997192579
06_evolucao_score_eventos__w60__gate_rompimento__transitions,51,65,1.2941176470588236,1.2461538461538462,1.0,1.0,0.04796380090497743,0.03664600997192579,-0.0610834943734658,0.03664600997192579
estados_c7_dna_fluxo_v5_2__w60__gate_delta30__changed,57,81,0.43859649122807015,0.4567901234567901,0.0,0.0,-0.018193632228719947,-0.036575970380677766,0.04178992201534661,0.036575970380677766
13a_features_tempo_real__w60__pre_60s_volatilidade_close_pontos__slope,75,108,-0.2451448393837362,-0.15841808246896924,-0.5747170098448938,-0.35391318381109016,-0.08672675691476697,-0.036574827542985425,-0.002546641094081406,0.036574827542985425
05_estrutura_eventos_enriquecidos__w60__compra10__std,51,65,20.223874209662817,19.49644635342863,19.451478092936792,14.652303573158727,0.7274278562341863,0.03633973602468342,0.022761351970834835,0.03633973602468342
06_evolucao_score_eventos__w60__compra10__std,51,65,20.223874209662817,19.49644635342863,19.451478092936792,14.652303573158727,0.7274278562341863,0.03633973602468342,0.022761351970834835,0.03633973602468342
05_estrutura_eventos_enriquecidos__w60__gate_delta30__all_true,51,65,0.21568627450980393,0.23076923076923078,0.0,0.0,-0.01508295625942685,-0.03616900254486722,0.1099256684524051,0.03616900254486722
06_evolucao_score_eventos__w60__gate_delta30__all_true,51,65,0.21568627450980393,0.23076923076923078,0.0,0.0,-0.01508295625942685,-0.03616900254486722,0.1099256684524051,0.03616900254486722
estados_c7_dna_fluxo_v5_2__last__spread_max_30,34,46,2.8308823529411766,2.885869565217391,2.625,2.5,-0.0549872122762145,-0.03609965786449937,0.14065401199240926,0.03609965786449937
estados_c7_dna_fluxo_v5_2__w60__ajuste_estrutura_compra__first,57,81,2.3508771929824563,2.074074074074074,8.0,-2.0,0.2768031189083824,0.03596366529093316,0.07427125745637127,0.03596366529093316
estados_c7_dna_fluxo_v5_2__w60__score_base_dna__last,57,81,67.52631578947368,68.4074074074074,67.0,69.0,-0.8810916179337198,-0.03542780529331814,0.03556980238066004,0.03542780529331814
05_estrutura_eventos_enriquecidos__w60__amplitude_swings__slope,39,53,-0.5191336441336444,-0.5706434288981459,-0.1999999999999995,-0.13690476190476147,0.05150978476450152,0.03522290283745724,-0.11102058893894101,0.03522290283745724
06_evolucao_score_eventos__w60__amplitude_swings__slope,39,53,-0.5191336441336444,-0.5706434288981459,-0.1999999999999995,-0.13690476190476147,0.05150978476450152,0.03522290283745724,-0.11102058893894101,0.03522290283745724
05_estrutura_eventos_enriquecidos__w60__razao_compra30__slope,39,53,-0.00521828052491001,-0.012736983944082493,-0.018106497858871685,-0.011733319645787115,0.007518703419172483,0.03518508604827548,0.004504751956425946,0.03518508604827548
06_evolucao_score_eventos__w60__razao_compra30__slope,39,53,-0.00521828052491001,-0.012736983944082493,-0.018106497858871685,-0.011733319645787115,0.007518703419172483,0.03518508604827548,0.004504751956425946,0.03518508604827548
estados_c7_dna_fluxo_v5_2__w60__razao_venda30__first,57,81,1.1348774616378121,1.1123292069087367,0.88,1.0,0.0225482547290754,0.035131159122626904,0.016828747897146713,0.035131159122626904
estados_c7_dna_fluxo_v5_2__w60__score_venda_base__max,57,81,66.2280701754386,65.28395061728395,71.0,69.0,0.9441195581546538,0.03496385909237284,-0.023291643161656002,0.03496385909237284
05_estrutura_eventos_enriquecidos__w60__qtd_hard_gates_venda_ok__std,51,65,1.0625984297326863,1.0425715176503112,1.0540925533894598,1.0897247358851685,0.02002691208237506,0.03496120434475349,-0.05424503188403376,0.03496120434475349
06_evolucao_score_eventos__w60__qtd_hard_gates_venda_ok__std,51,65,1.0625984297326863,1.0425715176503112,1.0540925533894598,1.0897247358851685,0.02002691208237506,0.03496120434475349,-0.05424503188403376,0.03496120434475349
05_estrutura_eventos_enriquecidos__last__saldo10,29,34,-0.9655172413793104,-2.0588235294117645,-4.0,-2.0,1.093306288032454,0.03494093013238993,0.14346960546510526,0.03494093013238993
06_evolucao_score_eventos__last__saldo10,29,34,-0.9655172413793104,-2.0588235294117645,-4.0,-2.0,1.093306288032454,0.03494093013238993,0.14346960546510526,0.03494093013238993
estados_c7_dna_fluxo_v5_2__w60__rompimento_venda__mean,57,81,-7.479898451937927,-7.732991622574956,-6.375,-5.625,0.25309317063702963,0.034870338719272864,-0.06109277275249044,0.034870338719272864
07_bloqueios_auditoria_completa__w60__salvou_loss_30s__changed,43,54,0.37209302325581395,0.3888888888888889,0.0,0.0,-0.016795865633074947,-0.03457782234704584,0.07817788090927028,0.03457782234704584
05_estrutura_eventos_enriquecidos__w60__score_venda_base__last,51,65,40.78431372549019,41.95384615384615,31.0,31.0,-1.1695324283559572,-0.03450281832095356,-0.03205763841516165,0.03450281832095356
06_evolucao_score_eventos__w60__score_venda_base__last,51,65,40.78431372549019,41.95384615384615,31.0,31.0,-1.1695324283559572,-0.03450281832095356,-0.03205763841516165,0.03450281832095356
05_estrutura_eventos_enriquecidos__last__confirmacoes_candidata,29,34,0.6551724137931034,0.6176470588235294,0.0,0.0,0.03752535496957399,0.03448390417663202,-0.05701349818706497,0.03448390417663202
06_evolucao_score_eventos__last__confirmacoes_candidata,29,34,0.6551724137931034,0.6176470588235294,0.0,0.0,0.03752535496957399,0.03448390417663202,-0.05701349818706497,0.03448390417663202
estados_c7_dna_fluxo_v5_2__w60__desloc15__max,57,81,6.741228070175438,7.012345679012346,7.25,6.0,-0.2711176088369074,-0.03448048049638257,0.06344506937995374,0.03448048049638257
05_estrutura_eventos_enriquecidos__w60__score_spread__delta,51,65,0.0392156862745098,-0.015384615384615385,0.0,0.0,0.05460030165912519,0.034473388618138694,0.026724605173655623,0.034473388618138694
06_evolucao_score_eventos__w60__score_spread__delta,51,65,0.0392156862745098,-0.015384615384615385,0.0,0.0,0.05460030165912519,0.034473388618138694,0.026724605173655623,0.034473388618138694
estados_c7_dna_fluxo_v5_2__w60__score_compra_base__first,57,81,41.96491228070175,41.074074074074076,39.0,37.0,0.8908382066276772,0.03445111845686952,0.01877609153999141,0.03445111845686952
05_estrutura_eventos_enriquecidos__w60__compra10__min,51,65,26.901960784313726,28.06153846153846,20.0,18.0,-1.1595776772247355,-0.03432754680755406,0.02243771415870139,0.03432754680755406
06_evolucao_score_eventos__w60__compra10__min,51,65,26.901960784313726,28.06153846153846,20.0,18.0,-1.1595776772247355,-0.03432754680755406,0.02243771415870139,0.03432754680755406
07_bloqueios_auditoria_completa__w60__f_saldo__slope,27,30,1.5296296296296286,0.5803463203463228,2.0000000000000013,-1.1999999999999997,0.9492833092833057,0.03429219201303909,-0.04533791106530051,0.03429219201303909
07_bloqueios_auditoria_completa__w60__saldo30__slope,27,30,1.5296296296296286,0.5803463203463228,2.0000000000000013,-1.1999999999999997,0.9492833092833057,0.03429219201303909,-0.04533791106530051,0.03429219201303909
05_estrutura_eventos_enriquecidos__w60__score_venda_base__max,51,65,64.23529411764706,63.292307692307695,67.0,69.0,0.9429864253393632,0.03426600448607462,-0.04349189970573203,0.03426600448607462
06_evolucao_score_eventos__w60__score_venda_base__max,51,65,64.23529411764706,63.292307692307695,67.0,69.0,0.9429864253393632,0.03426600448607462,-0.04349189970573203,0.03426600448607462
estados_c7_dna_fluxo_v5_2__w60__continuidade_2s__std,57,81,2.018075498856475,2.070900087131353,1.8280979592900184,1.947220240924654,-0.05282458827487835,-0.034250888454485526,0.0655417550143779,0.034250888454485526
estados_c7_dna_fluxo_v5_2__w60__rompimento_venda__first,57,81,-8.320175438596491,-8.657407407407407,-6.0,-6.25,0.3372319688109151,0.03423662062091923,-0.03815813036695409,0.03423662062091923
05_estrutura_eventos_enriquecidos__w60__f_aceleracao__last,51,65,0.15821184157683893,0.1135101945103952,0.2512954058898404,0.0460786739238001,0.04470164706644374,0.03422415153174827,0.06774976465967657,0.03422415153174827
06_evolucao_score_eventos__w60__f_aceleracao__last,51,65,0.15821184157683893,0.1135101945103952,0.2512954058898404,0.0460786739238001,0.04470164706644374,0.03422415153174827,0.06774976465967657,0.03422415153174827
05_estrutura_eventos_enriquecidos__w60__aceleracao__last,51,65,0.1582118415768389,0.1135101945103952,0.2512954058898404,0.0460786739238001,0.04470164706644371,0.03422415153174825,0.06774976465967657,0.03422415153174825
06_evolucao_score_eventos__w60__aceleracao__last,51,65,0.1582118415768389,0.1135101945103952,0.2512954058898404,0.0460786739238001,0.04470164706644371,0.03422415153174825,0.06774976465967657,0.03422415153174825
estados_c7_dna_fluxo_v5_2__w60__aprovado__all_true,57,81,0.07017543859649122,0.06172839506172839,0.0,0.0,0.008447043534762833,0.034211152825388114,0.05213865350277047,0.034211152825388114
estados_c7_dna_fluxo_v5_2__w60__hard_gates_ok__all_true,57,81,0.07017543859649122,0.06172839506172839,0.0,0.0,0.008447043534762833,0.034211152825388114,0.05213865350277047,0.034211152825388114
05_estrutura_eventos_enriquecidos__w60__hard_gates_compra_ok__first,51,65,0.0392156862745098,0.046153846153846156,0.0,0.0,-0.006938159879336353,-0.03416298426610341,0.05372944104575256,0.03416298426610341
06_evolucao_score_eventos__w60__hard_gates_compra_ok__first,51,65,0.0392156862745098,0.046153846153846156,0.0,0.0,-0.006938159879336353,-0.03416298426610341,0.05372944104575256,0.03416298426610341
05_estrutura_eventos_enriquecidos__w60__ajuste_estrutura_compra__std,51,65,2.9385080896795053,2.8422426195888075,1.979486637221574,1.8856180831641267,0.09626547009069775,0.03415127774933627,-0.011170643990665252,0.03415127774933627
06_evolucao_score_eventos__w60__ajuste_estrutura_compra__std,51,65,2.9385080896795053,2.8422426195888075,1.979486637221574,1.8856180831641267,0.09626547009069775,0.03415127774933627,-0.011170643990665252,0.03415127774933627
estados_c7_dna_fluxo_v5_2__w60__qtd_hard_gates_ok__last,57,81,5.0701754385964914,5.1234567901234565,5.0,5.0,-0.053281351526965004,-0.033916059616812065,0.04152593645080612,0.033916059616812065
estados_c7_dna_fluxo_v5_2__w60__ajuste_estrutura_venda__first,57,81,1.894736842105263,2.1481481481481484,-2.0,8.0,-0.2534113060428853,-0.03382034516983266,-0.06317976662282936,0.03382034516983266
estados_c7_dna_fluxo_v5_2__w60__vel5__slope,45,67,0.017439969168487657,0.007084473090904081,0.019603851259195025,0.027030688704001615,0.010355496077583577,0.03373716796733989,0.048456041403677055,0.03373716796733989
07_bloqueios_auditoria_completa__w60__f_aceleracao__last,43,54,0.04505337933333058,0.010923590734167873,0.273673533136737,-0.05513846970270455,0.034129788599162714,0.033727004186249715,0.07910685820289441,0.033727004186249715
07_bloqueios_auditoria_completa__w60__aceleracao__last,43,54,0.04505337933333056,0.010923590734167873,0.273673533136737,-0.05513846970270455,0.034129788599162686,0.03372700418624969,0.07910685820289444,0.03372700418624969
05_estrutura_eventos_enriquecidos__last__amplitude_swings,29,34,11.887931034482758,11.720588235294118,10.25,11.5,0.16734279918864026,0.033579532823506564,-0.0075623989495944574,0.033579532823506564
06_evolucao_score_eventos__last__amplitude_swings,29,34,11.887931034482758,11.720588235294118,10.25,11.5,0.16734279918864026,0.033579532823506564,-0.0075623989495944574,0.033579532823506564
05_estrutura_eventos_enriquecidos__w60__hard_gates_venda_ok__true_pct,51,65,8.272642390289448,7.572039072039072,0.0,0.0,0.7006033182503764,0.03326708341264421,0.02722825492688199,0.03326708341264421
06_evolucao_score_eventos__w60__hard_gates_venda_ok__true_pct,51,65,8.272642390289448,7.572039072039072,0.0,0.0,0.7006033182503764,0.03326708341264421,0.02722825492688199,0.03326708341264421
bloqueios_c7_dna_fluxo_v5_2__w60__diferenca_score__mean,49,69,61.59164237123421,61.134185540707286,62.5,63.0,0.45745683052692243,0.033251414849789974,-0.03681957577029582,0.033251414849789974
bloqueios_c7_dna_fluxo_v5_2__w60__ajuste_estrutura_venda__std,49,69,2.3807247393646533,2.28662702706238,1.5999999999999999,1.6,0.09409771230227326,0.03293452726226286,0.018330043087377224,0.03293452726226286
estados_c7_dna_fluxo_v5_2__w60__topo_30s__slope,45,67,-0.5674819624817473,-0.6489427860695375,-0.06666666666467612,-0.31666666666543397,0.08146082358779017,0.03281468197171502,-0.05538648405537791,0.03281468197171502
05_estrutura_eventos_enriquecidos__w60__venda30__mean,51,65,143.83753076988373,141.38019536019536,128.0,117.55555555555556,2.457335409688369,0.03273743756533914,0.011685929727350131,0.03273743756533914
06_evolucao_score_eventos__w60__venda30__mean,51,65,143.83753076988373,141.38019536019536,128.0,117.55555555555556,2.457335409688369,0.03273743756533914,0.011685929727350131,0.03273743756533914
estados_c7_dna_fluxo_v5_2__w60__score_venda_base__first,57,81,41.421052631578945,40.55555555555556,37.0,36.0,0.865497076023388,0.03261646644521771,-0.0208366648047265,0.03261646644521771
estados_c7_dna_fluxo_v5_2__w60__score_oposto__max,57,81,30.82456140350877,30.395061728395063,34.0,33.0,0.429499675113707,0.03259847373887347,-0.01259417459991515,0.03259847373887347
bloqueios_c7_dna_fluxo_v5_2__w60__vel15__min,49,69,-0.3509013127042697,-0.37071045810954173,-0.3913960928459601,-0.2068822839804151,0.01980914540527201,0.03252415283182678,-0.06981384954728148,0.03252415283182678
bloqueios_c7_dna_fluxo_v5_2__w60__gate_aceleracao__true_pct,49,69,66.74441205053449,67.74536252797122,66.66666666666666,75.0,-1.0009504774367315,-0.03248707509492373,0.01633408391186598,0.03248707509492373
05_estrutura_eventos_enriquecidos__w60__gate_delta30__changed,51,65,0.43137254901960786,0.4153846153846154,0.0,0.0,0.015987933634992457,0.03236792690810448,-0.039939693065234205,0.03236792690810448
06_evolucao_score_eventos__w60__gate_delta30__changed,51,65,0.43137254901960786,0.4153846153846154,0.0,0.0,0.015987933634992457,0.03236792690810448,-0.039939693065234205,0.03236792690810448
estados_c7_dna_fluxo_v5_2__w60__vel15__max,57,81,0.4744563686573116,0.4923181011820555,0.5048043447987746,0.4086358373629367,-0.01786173252474388,-0.032131629178882244,0.068135560215204,0.032131629178882244
05_estrutura_eventos_enriquecidos__w60__favor_120s__min,51,65,408.8235294117647,372.3076923076923,0.0,0.0,36.515837104072375,0.032118164795639094,-0.014074868874819176,0.032118164795639094
bloqueios_c7_dna_fluxo_v5_2__w60__continuidade_2s__min,49,69,-2.0510204081632653,-1.963768115942029,-1.75,-1.25,-0.0872522922212362,-0.03146692901533419,0.01271102444547119,0.03146692901533419
05_estrutura_eventos_enriquecidos__w60__score_compra_base__delta,51,65,2.411764705882353,3.4461538461538463,0.0,0.0,-1.0343891402714935,-0.03135319396198264,0.05420871375904838,0.03135319396198264
06_evolucao_score_eventos__w60__score_compra_base__delta,51,65,2.411764705882353,3.4461538461538463,0.0,0.0,-1.0343891402714935,-0.03135319396198264,0.05420871375904838,0.03135319396198264
estados_c7_dna_fluxo_v5_2__w60__delta30__last,57,81,-24.0,-21.925925925925927,-5.0,-10.0,-2.0740740740740726,-0.031235054329609258,0.015072052469358714,0.031235054329609258
estados_c7_dna_fluxo_v5_2__w60__spread_atual__delta,57,81,0.017543859649122806,0.033950617283950615,0.0,0.0,-0.01640675763482781,-0.03117958924500876,0.02354189293271903,0.03117958924500876
07_bloqueios_auditoria_completa__w60__qtd_hard_gates_compra_ok__min,43,54,2.395348837209302,2.4444444444444446,2.0,2.0,-0.0490956072351425,-0.030976145782544318,0.05489733796005616,0.030976145782544318
13a_features_tempo_real__w60__adv_delta_spread_minimo_15s_30s__mean,82,116,0.12474313560387394,0.12166803273703547,0.1001755189255189,0.0949868266978923,0.0030751028668384722,0.030914080503189684,-0.03285158245478199,0.030914080503189684
estados_c7_dna_fluxo_v5_2__w60__fundo_30s__std,57,81,3.2614108738915224,3.1542507477097113,2.336381322890254,1.9606467816690327,0.10716012618181114,0.03087531978045384,0.12142074395205073,0.03087531978045384
13a_features_tempo_real__w60__pre_15s_volatilidade_close_pontos__min,82,116,133.29796593514416,135.22951546401018,116.6785469609224,117.22584475538238,-1.9315495288660145,-0.03066029189876563,0.06942304837600193,0.03066029189876563
estados_c7_dna_fluxo_v5_2__w60__vel5__last,57,81,0.1059252722102678,0.14415380555024213,0.330760749724366,0.069910514541387,-0.03822853333997432,-0.030634177207588258,0.05968916017336162,0.030634177207588258
bloqueios_c7_dna_fluxo_v5_2__w60__gate_aceleracao__last,49,69,0.7551020408163265,0.7681159420289855,1.0,1.0,-0.013013901212658996,-0.03059068786189579,0.05474736036307446,0.03059068786189579
13a_features_tempo_real__w60__cobertura_30s__std,82,116,1.2600435110278472,1.283699891881107,1.2708415137698488,1.19328681790547,-0.023656380853259718,-0.030539776074316044,-0.04278335637599964,0.030539776074316044
06_evolucao_score_eventos__w60__score_variacao_15__min,51,65,-22.80392156862745,-21.907692307692308,-25.0,-24.0,-0.8962292609351437,-0.03043081899774136,0.06059661232923426,0.03043081899774136
estados_c7_dna_fluxo_v5_2__w60__venda10__max,57,81,133.33333333333334,139.1358024691358,80.0,75.0,-5.802469135802454,-0.030171703517102393,0.04969883333873567,0.030171703517102393
05_estrutura_eventos_enriquecidos__w60__continuidade_2s__last,51,65,0.0784313725490196,0.17692307692307693,0.25,0.75,-0.09849170437405733,-0.03015868483675178,0.0737286708101008,0.03015868483675178
06_evolucao_score_eventos__w60__continuidade_2s__last,51,65,0.0784313725490196,0.17692307692307693,0.25,0.75,-0.09849170437405733,-0.03015868483675178,0.0737286708101008,0.03015868483675178
bloqueios_c7_dna_fluxo_v5_2__w60__gate_continuidade__true_count,49,69,2.5918367346938775,2.536231884057971,2.0,2.0,0.05560485063590637,0.029863935531403218,-0.016126926081824554,0.029863935531403218
05_estrutura_eventos_enriquecidos__w60__spread_pct_15__min,51,65,0.38639190544110524,0.3781870293445276,0.4057971014492754,0.3788819875776397,0.008204876096577662,0.029859559527326246,0.06480546533000464,0.029859559527326246
06_evolucao_score_eventos__w60__spread_pct_15__min,51,65,0.38639190544110524,0.3781870293445276,0.4057971014492754,0.3788819875776397,0.008204876096577662,0.029859559527326246,0.06480546533000464,0.029859559527326246
05_estrutura_eventos_enriquecidos__w60__qtd_hard_gates_compra_ok__slope,39,53,0.020873570873570866,0.005758392550845274,0.050000000000000155,3.3830101353039947e-16,0.015115178322725593,0.029713318606503444,0.04717377910761354,0.029713318606503444
06_evolucao_score_eventos__w60__qtd_hard_gates_compra_ok__slope,39,53,0.020873570873570866,0.005758392550845274,0.050000000000000155,3.3830101353039947e-16,0.015115178322725593,0.029713318606503444,0.04717377910761354,0.029713318606503444
bloqueios_c7_dna_fluxo_v5_2__w60__score_base_dna__first,49,69,68.77551020408163,69.1159420289855,69.0,67.0,-0.3404318249038738,-0.029603313975312386,0.001155979170501252,0.029603313975312386
estados_c7_dna_fluxo_v5_2__w60__delta10__std,57,81,20.956978877921397,21.729528728963533,13.0,13.978912690191608,-0.772549851042136,-0.02947546427495359,0.08469105426914338,0.02947546427495359
05_estrutura_eventos_enriquecidos__w60__topo_30s__delta,51,65,-1.0245098039215685,-1.3076923076923077,0.0,0.0,0.28318250377073917,0.029470300481591417,-0.029519536602358763,0.029470300481591417
06_evolucao_score_eventos__w60__topo_30s__delta,51,65,-1.0245098039215685,-1.3076923076923077,0.0,0.0,0.28318250377073917,0.029470300481591417,-0.029519536602358763,0.029470300481591417
estado_mercado_tempo_real__w60__score_venda__std,82,116,16.16419878896255,16.323889753756614,15.930353800941885,14.846149779161806,-0.15969096479406275,-0.029418504127430165,0.026572975078838827,0.029418504127430165
05_estrutura_eventos_enriquecidos__w60__gate_continuidade__last,51,65,0.803921568627451,0.8153846153846154,1.0,1.0,-0.011463046757164363,-0.029240364756631186,-0.013888715471665604,0.029240364756631186
06_evolucao_score_eventos__w60__gate_continuidade__last,51,65,0.803921568627451,0.8153846153846154,1.0,1.0,-0.011463046757164363,-0.029240364756631186,-0.013888715471665604,0.029240364756631186
05_estrutura_eventos_enriquecidos__w60__max_alta_120s__delta,51,65,-259.3137254901961,-232.69230769230768,0.0,-50.0,-26.621417797888398,-0.029080860687805677,-0.007112494485578438,0.029080860687805677
06_evolucao_score_eventos__w60__max_alta_120s__delta,51,65,-259.3137254901961,-232.69230769230768,0.0,-50.0,-26.621417797888398,-0.029080860687805677,-0.007112494485578438,0.029080860687805677
07_bloqueios_auditoria_completa__w60__campanha_pullback__last,43,54,0.13953488372093023,0.12962962962962962,0.0,0.0,0.009905254091300608,0.029075422596556825,-0.04414033053953965,0.029075422596556825
estados_c7_dna_fluxo_v5_2__w60__desloc15__slope,45,67,0.14902356902356909,0.06748723912903028,0.10000000000000016,0.011904761904761819,0.08153632989453881,0.028915027624940023,0.06497086346621556,0.028915027624940023
estados_c7_dna_fluxo_v5_2__last__score,34,46,61.470588235294116,60.95652173913044,62.0,60.0,0.5140664961636787,0.02875654616029209,-0.05166178640278234,0.02875654616029209
bloqueios_c7_dna_fluxo_v5_2__w60__gate_rompimento__first,49,69,0.3469387755102041,0.3333333333333333,0.0,0.0,0.013605442176870763,0.02874202555668475,-0.005443279960335672,0.02874202555668475
13a_features_tempo_real__w60__adv_z_pre_15s_spread_medio__std,82,116,0.2008323645132989,0.19739651452817314,0.19344381713191117,0.18802086973623594,0.0034358499851257496,0.02850979151737177,-0.006217992897458638,0.02850979151737177
13a_features_tempo_real__w60__pre_15s_spread_medio__std,82,116,0.09121393862136659,0.08965344606622004,0.08785821202331456,0.08539522060211233,0.0015604925551465504,0.028509791517371565,-0.006217992897458732,0.028509791517371565
estados_c7_dna_fluxo_v5_2__w60__gate_delta30__all_true,57,81,0.21052631578947367,0.2222222222222222,0.0,0.0,-0.011695906432748537,-0.02835570611457026,0.06410638107902566,0.02835570611457026
05_estrutura_eventos_enriquecidos__w60__qtd_hard_gates_compra_ok__delta,51,65,0.13725490196078433,0.2,0.0,0.0,-0.06274509803921569,-0.028341563591035682,0.06231295110830116,0.028341563591035682
06_evolucao_score_eventos__w60__qtd_hard_gates_compra_ok__delta,51,65,0.13725490196078433,0.2,0.0,0.0,-0.06274509803921569,-0.028341563591035682,0.06231295110830116,0.028341563591035682
05_estrutura_eventos_enriquecidos__w60__f_spread__slope,39,53,0.005315517815517795,0.0004574042309891289,0.002272727272727293,-1.0507920739455759e-16,0.004858113584528667,0.02816599820703805,-0.043814625433413,0.02816599820703805
05_estrutura_eventos_enriquecidos__w60__spread_atual__slope,39,53,0.005315517815517795,0.0004574042309891289,0.002272727272727293,-1.0507920739455759e-16,0.004858113584528667,0.02816599820703805,-0.043814625433413,0.02816599820703805
06_evolucao_score_eventos__w60__f_spread__slope,39,53,0.005315517815517795,0.0004574042309891289,0.002272727272727293,-1.0507920739455759e-16,0.004858113584528667,0.02816599820703805,-0.043814625433413,0.02816599820703805
06_evolucao_score_eventos__w60__spread_atual__slope,39,53,0.005315517815517795,0.0004574042309891289,0.002272727272727293,-1.0507920739455759e-16,0.004858113584528667,0.02816599820703805,-0.043814625433413,0.02816599820703805
bloqueios_c7_dna_fluxo_v5_2__w60__score_base_dna__max,49,69,77.18367346938776,77.47826086956522,75.0,79.0,-0.29458740017746265,-0.027915160129936892,0.0017596188124207946,0.027915160129936892
05_estrutura_eventos_enriquecidos__w60__spread_max_30__min,51,65,2.4019607843137254,2.423076923076923,2.25,2.25,-0.02111613876319751,-0.027886271973189665,0.08543815630567249,0.027886271973189665
06_evolucao_score_eventos__w60__spread_max_30__min,51,65,2.4019607843137254,2.423076923076923,2.25,2.25,-0.02111613876319751,-0.027886271973189665,0.08543815630567249,0.027886271973189665
05_estrutura_eventos_enriquecidos__w60__qtd_hard_gates_venda_ok__delta,51,65,0.058823529411764705,0.12307692307692308,0.0,0.0,-0.06425339366515838,-0.027838509151848243,-0.03405695426937505,0.027838509151848243
06_evolucao_score_eventos__w60__qtd_hard_gates_venda_ok__delta,51,65,0.058823529411764705,0.12307692307692308,0.0,0.0,-0.06425339366515838,-0.027838509151848243,-0.03405695426937505,0.027838509151848243
estados_c7_dna_fluxo_v5_2__w60__score_venda_base__last,57,81,43.280701754385966,44.19753086419753,33.0,39.0,-0.916829109811566,-0.027762712341751053,-0.019963374530016523,0.027762712341751053
estados_c7_dna_fluxo_v5_2__w60__topo_30s__delta,57,81,-1.3771929824561404,-1.7191358024691359,0.0,0.0,0.3419428200129955,0.027559092919992853,-0.003510159098669018,0.027559092919992853
estados_c7_dna_fluxo_v5_2__w60__qtd_hard_gates_venda_ok__min,57,81,1.912280701754386,1.9506172839506173,1.0,1.0,-0.03833658219623137,-0.02738666295070577,0.0037801563076893686,0.02738666295070577
05_estrutura_eventos_enriquecidos__w60__compra10__slope,39,53,-4.0603452103452105,-4.5262721555174386,-0.38333333333332875,-0.9999999999999944,0.4659269451722281,0.027301249158600355,0.01241773737193863,0.027301249158600355
06_evolucao_score_eventos__w60__compra10__slope,39,53,-4.0603452103452105,-4.5262721555174386,-0.38333333333332875,-0.9999999999999944,0.4659269451722281,0.027301249158600355,0.01241773737193863,0.027301249158600355
05_estrutura_eventos_enriquecidos__w60__desloc_120s__std,51,65,448.8770554436772,460.03050527758745,344.3463084821576,345.50687402713135,-11.153449833910258,-0.027177938160249646,0.05404015281955074,0.027177938160249646
06_evolucao_score_eventos__w60__desloc_120s__std,51,65,448.8770554436772,460.03050527758745,344.3463084821576,345.50687402713135,-11.153449833910258,-0.027177938160249646,0.05404015281955074,0.027177938160249646
05_estrutura_eventos_enriquecidos__w60__sucesso250_30s__true_count,51,65,3.235294117647059,3.169230769230769,3.0,3.0,0.0660633484162898,0.027157412846564123,-0.04864958421323274,0.027157412846564123
estado_mercado_tempo_real__w60__spread_qt__std,82,116,0.27503255570397234,0.27807772550710697,0.2687990616904503,0.2573796699184464,-0.0030451698031346286,-0.027144647110665825,0.033526583588831115,0.027144647110665825
estados_c7_dna_fluxo_v5_2__w60__hard_gates_venda_ok__last,57,81,0.15789473684210525,0.14814814814814814,0.0,0.0,0.009746588693957114,0.02713495760503402,0.011477736267355716,0.02713495760503402
05_estrutura_eventos_enriquecidos__w60__campanha_pullback__transitions,51,65,0.09803921568627451,0.1076923076923077,0.0,0.0,-0.00965309200603319,-0.02706278919560713,0.04382822536709056,0.02706278919560713
06_evolucao_score_eventos__w60__campanha_pullback__transitions,51,65,0.09803921568627451,0.1076923076923077,0.0,0.0,-0.00965309200603319,-0.02706278919560713,0.04382822536709056,0.02706278919560713
05_estrutura_eventos_enriquecidos__w60__aprovado__true_pct,51,65,14.220354808590102,14.945665445665446,0.0,0.0,-0.7253106370753439,-0.027061757585626477,0.10517142708148315,0.027061757585626477
06_evolucao_score_eventos__w60__aprovado__true_pct,51,65,14.220354808590102,14.945665445665446,0.0,0.0,-0.7253106370753439,-0.027061757585626477,0.10517142708148315,0.027061757585626477
07_bloqueios_auditoria_completa__w60__gate_saldo30__true_count,43,54,2.883720930232558,2.8333333333333335,2.0,2.5,0.05038759689922445,0.026993823883593365,-0.000878516028200231,0.026993823883593365
estado_mercado_tempo_real__w60__delta_agressor__first,82,116,-0.06097560975609756,-0.07758620689655173,0.0,0.0,0.016610597140454167,0.0269872085593406,-0.05518890834245504,0.0269872085593406
07_bloqueios_auditoria_completa__w60__score_venda_base__max,43,54,56.48837209302326,57.25925925925926,69.0,69.0,-0.7708871662360011,-0.026925737525229167,-0.013157403453739797,0.026925737525229167
13a_features_tempo_real__w60__pre_30s_spread_minimo__first,82,116,1.0046543545758932,0.9960716327962393,1.0,1.0,0.008582721779653912,0.026778255973241866,0.052172407013776026,0.026778255973241866
estados_c7_dna_fluxo_v5_2__w60__spread_atual__slope,45,67,0.008436748436748425,0.0042361245719454675,0.008333333333333416,5.4418183279646485e-17,0.004200623864802957,0.026727560903354052,-0.029618829804106767,0.026727560903354052
05_estrutura_eventos_enriquecidos__w60__sucesso250_30s__first,51,65,0.5098039215686274,0.5230769230769231,1.0,1.0,-0.01327300150829569,-0.026561799508924535,0.050808269193385505,0.026561799508924535
estados_c7_dna_fluxo_v5_2__w60__vel15__slope,45,67,0.009146518661602349,0.004060568574780624,0.007147804461699791,0.002946058813453238,0.005085950086821725,0.02644618459476297,0.06428994394499468,0.02644618459476297
07_bloqueios_auditoria_completa__w60__qtd_hard_gates_ok__max,43,54,5.534883720930233,5.518518518518518,6.0,6.0,0.016365202411714463,0.026083005111049946,-0.039597445686053986,0.026083005111049946
estados_c7_dna_fluxo_v5_2__w60__ajuste_estrutura_venda__std,57,81,2.8598169276635534,2.790349785247579,1.9241827716833386,1.8856180831641267,0.06946714241597451,0.025820010846389324,0.003321276354617586,0.025820010846389324
07_bloqueios_auditoria_completa__w60__qtd_hard_gates_ok__std,43,54,0.4484724816838587,0.43905116826439006,0.4714045207910317,0.4714045207910317,0.009421313419468669,0.02581890481007783,-0.050074512205425206,0.02581890481007783
05_estrutura_eventos_enriquecidos__w60__qtd_hard_gates_venda_ok__first,51,65,3.2745098039215685,3.230769230769231,3.0,3.0,0.0437405731523377,0.025787119149322114,-0.0067584751876102545,0.025787119149322114
06_evolucao_score_eventos__w60__qtd_hard_gates_venda_ok__first,51,65,3.2745098039215685,3.230769230769231,3.0,3.0,0.0437405731523377,0.025787119149322114,-0.0067584751876102545,0.025787119149322114
estados_c7_dna_fluxo_v5_2__window__n,82,116,4.2439024390243905,4.146551724137931,4.0,3.5,0.09735071488645985,0.025758789205457048,-0.002999656916972202,0.025758789205457048
estados_c7_dna_fluxo_v5_2__w60__qtd_hard_gates_venda_ok__std,57,81,1.0599275108485107,1.046038632942897,1.0,1.077032961426901,0.013888877905613661,0.025618985037551594,-0.027674216059283722,0.025618985037551594
05_estrutura_eventos_enriquecidos__w60__spread_pct_120_60__delta,51,65,0.004398728735615332,0.007234910534690433,-0.0019784811653156004,0.0,-0.0028361817990751013,-0.025448319657855416,0.06484905124986955,0.025448319657855416
06_evolucao_score_eventos__w60__spread_pct_120_60__delta,51,65,0.004398728735615332,0.007234910534690433,-0.0019784811653156004,0.0,-0.0028361817990751013,-0.025448319657855416,0.06484905124986955,0.025448319657855416
estados_c7_dna_fluxo_v5_2__w60__score__max,57,81,87.24561403508773,87.62962962962963,91.0,94.0,-0.38401559454190703,-0.025382736913658673,0.08754615154597498,0.025382736913658673
estados_c7_dna_fluxo_v5_2__w60__score_compra_base__delta,57,81,1.3333333333333333,0.5185185185185185,0.0,0.0,0.8148148148148148,0.02530169751620327,0.017705700320644155,0.02530169751620327
06_evolucao_score_eventos__w60__score_variacao_15__mean,51,65,6.496953427835781,6.005604395604396,3.8,4.888888888888889,0.49134903223138426,0.024956051492436782,0.07969066479001746,0.024956051492436782
07_bloqueios_auditoria_completa__w60__impediu_gain_30s__ever_true,43,54,0.7674418604651163,0.7777777777777778,1.0,1.0,-0.01033591731266148,-0.024681911369499234,0.0076783607356284604,0.024681911369499234
bloqueios_c7_dna_fluxo_v5_2__w60__delta30__first,49,69,-20.836734693877553,-22.666666666666668,1.0,-11.0,1.8299319727891152,0.024263089544195704,-0.01993213956222298,0.024263089544195704
estados_c7_dna_fluxo_v5_2__w60__rompimento_venda__min,57,81,-13.219298245614034,-13.45679012345679,-12.25,-11.0,0.23749187784275527,0.024164023309667652,-0.07710441031612522,0.024164023309667652
estado_mercado_tempo_real__w60__score_venda__mean,82,116,64.18847768033187,64.45493060875519,60.606617647058826,61.43589743589744,-0.2664529284233197,-0.024016612682010434,0.0459439586070413,0.024016612682010434
bloqueios_c7_dna_fluxo_v5_2__w60__campanha_pullback__all_true,49,69,0.12244897959183673,0.13043478260869565,0.0,0.0,-0.007985803016858917,-0.023973771344112733,-0.013417830467173807,0.023973771344112733
05_estrutura_eventos_enriquecidos__w60__sucesso250_60s__first,51,65,0.5882352941176471,0.6,1.0,1.0,-0.0117647058823529,-0.02396434643142828,0.04872366781170736,0.02396434643142828
estados_c7_dna_fluxo_v5_2__w60__rompimento_compra__min,57,81,-13.539473684210526,-13.268518518518519,-12.0,-10.25,-0.2709551656920066,-0.023907678013176083,-0.053080273123913294,0.023907678013176083
07_bloqueios_auditoria_completa__w60__score_venda__delta,43,54,0.7674418604651163,-0.12962962962962962,0.0,0.0,0.897071490094746,0.023890333490757903,-0.01766265309395181,0.023890333490757903
05_estrutura_eventos_enriquecidos__w60__delta10__first,51,65,-2.196078431372549,-2.8615384615384616,-4.0,-6.0,0.6654600301659124,0.02388034088048882,0.008852415039369378,0.02388034088048882
06_evolucao_score_eventos__w60__delta10__first,51,65,-2.196078431372549,-2.8615384615384616,-4.0,-6.0,0.6654600301659124,0.02388034088048882,0.008852415039369378,0.02388034088048882
07_bloqueios_auditoria_completa__w60__qtd_hard_gates_venda_ok__delta,43,54,0.023255813953488372,0.07407407407407407,0.0,0.0,-0.0508182601205857,-0.023470535433810738,-0.03351269615193639,0.023470535433810738
estados_c7_dna_fluxo_v5_2__w60__gate_vel15__true_pct,57,81,77.01089845826688,76.49323927101705,80.0,77.77777777777779,0.5176591872498335,0.02313041061941531,0.022287290777382764,0.02313041061941531
05_estrutura_eventos_enriquecidos__w60__gate_continuidade__true_count,51,65,3.5098039215686274,3.4615384615384617,3.0,3.0,0.04826546003016574,0.022907430097580905,-0.06666422956337142,0.022907430097580905
06_evolucao_score_eventos__w60__gate_continuidade__true_count,51,65,3.5098039215686274,3.4615384615384617,3.0,3.0,0.04826546003016574,0.022907430097580905,-0.06666422956337142,0.022907430097580905
bloqueios_c7_dna_fluxo_v5_2__w60__qtd_hard_gates_ok__std,49,69,0.469232433972656,0.4776088665176077,0.4948716593053935,0.5,-0.008376432544951684,-0.022815879668432404,-0.004602555054647711,0.022815879668432404
07_bloqueios_auditoria_completa__w60__f_spread__std,43,54,0.2998257946092504,0.2865202877127067,0.0,0.0,0.013305506896543695,0.022778557302524375,-0.07817596904809887,0.022778557302524375
07_bloqueios_auditoria_completa__w60__score_spread__std,43,54,0.2998257946092504,0.2865202877127067,0.0,0.0,0.013305506896543695,0.022778557302524375,-0.07817596904809887,0.022778557302524375
estados_c7_dna_fluxo_v5_2__w60__gate_vel15__changed,57,81,0.2982456140350877,0.30864197530864196,0.0,0.0,-0.010396361273554255,-0.022594367457341717,0.000549260076751497,0.022594367457341717
estados_c7_dna_fluxo_v5_2__w60__score_spread__delta,57,81,0.03508771929824561,0.07407407407407407,0.0,0.0,-0.03898635477582846,-0.02257605920682274,0.0830174172502597,0.02257605920682274
bloqueios_c7_dna_fluxo_v5_2__w60__gate_delta30__changed,49,69,0.3877551020408163,0.37681159420289856,0.0,0.0,0.010943507837917754,0.022530502277717326,0.05457440053030248,0.022530502277717326
07_bloqueios_auditoria_completa__w60__rompimento_compra__first,43,54,-6.959302325581396,-7.12962962962963,-6.0,-6.625,0.17032730404823404,0.02230636212222548,-0.04611795608931134,0.02230636212222548
05_estrutura_eventos_enriquecidos__w60__score_venda_base__delta,51,65,0.9803921568627451,1.7692307692307692,0.0,0.0,-0.7888386123680241,-0.022226333132084504,-0.030126102103520905,0.022226333132084504
06_evolucao_score_eventos__w60__score_venda_base__delta,51,65,0.9803921568627451,1.7692307692307692,0.0,0.0,-0.7888386123680241,-0.022226333132084504,-0.030126102103520905,0.022226333132084504
estados_c7_dna_fluxo_v5_2__w60__hard_gates_venda_ok__changed,57,81,0.14035087719298245,0.14814814814814814,0.0,0.0,-0.007797270955165692,-0.022149590994889144,0.03356324233774707,0.022149590994889144
05_estrutura_eventos_enriquecidos__w60__rompimento_compra__last,51,65,-5.7254901960784315,-5.888461538461539,-4.5,-4.0,0.1629713423831074,0.021746733684629174,-0.03427721963759683,0.021746733684629174
06_evolucao_score_eventos__w60__rompimento_compra__last,51,65,-5.7254901960784315,-5.888461538461539,-4.5,-4.0,0.1629713423831074,0.021746733684629174,-0.03427721963759683,0.021746733684629174
estados_c7_dna_fluxo_v5_2__w60__spread_max_30__first,57,81,2.732456140350877,2.753086419753086,2.5,2.5,-0.020630279402209073,-0.02160676717315488,0.09526911558408478,0.02160676717315488
estados_c7_dna_fluxo_v5_2__last__diferenca_score,34,46,38.76470588235294,39.34782608695652,34.5,34.0,-0.5831202046035813,-0.02145746581259369,-0.05978838005041209,0.02145746581259369
07_bloqueios_auditoria_completa__w60__max_baixa_30s__min,43,54,-592.4418604651163,-602.7777777777778,-575.0,-512.5,10.335917312661536,0.021401175634211716,-0.049280650884789584,0.021401175634211716
05_estrutura_eventos_enriquecidos__w60__f_saldo__mean,51,65,-0.8831968140791676,0.6507936507936533,3.5,0.0,-1.5339904648728209,-0.021301899286582406,0.0013260165177211762,0.021301899286582406
05_estrutura_eventos_enriquecidos__w60__saldo30__mean,51,65,-0.8831968140791676,0.6507936507936533,3.5,0.0,-1.5339904648728209,-0.021301899286582406,0.0013260165177211762,0.021301899286582406
06_evolucao_score_eventos__w60__f_saldo__mean,51,65,-0.8831968140791676,0.6507936507936533,3.5,0.0,-1.5339904648728209,-0.021301899286582406,0.0013260165177211762,0.021301899286582406
06_evolucao_score_eventos__w60__saldo30__mean,51,65,-0.8831968140791676,0.6507936507936533,3.5,0.0,-1.5339904648728209,-0.021301899286582406,0.0013260165177211762,0.021301899286582406
estados_c7_dna_fluxo_v5_2__w60__confirmacoes_candidata__mean,57,81,0.5340383787752209,0.5192484812855183,0.3333333333333333,0.4,0.014789897489702608,0.021222620639307303,0.013586619950332503,0.021222620639307303
05_estrutura_eventos_enriquecidos__w60__sucesso250_30s__changed,51,65,0.45098039215686275,0.46153846153846156,0.0,0.0,-0.010558069381598811,-0.02119504247867002,0.020647645950235615,0.02119504247867002
07_bloqueios_auditoria_completa__w60__score_compra_base__delta,43,54,-2.4651162790697674,-3.111111111111111,0.0,0.0,0.6459948320413438,0.021075805234359677,-0.0022827206812148794,0.021075805234359677
13a_features_tempo_real__w60__pre_60s_bid_size_medio_soma__max,82,116,86.23853606570628,85.9529030602134,83.93575937950938,86.14193878739363,0.2856330054928833,0.020915142199497434,-0.004142005919224362,0.020915142199497434
05_estrutura_eventos_enriquecidos__w60__saldo10__mean,51,65,-1.1690759131935602,-0.35169108669108745,1.2,-0.9,-0.8173848265024728,-0.02072171183382851,0.03408501354845787,0.02072171183382851
06_evolucao_score_eventos__w60__saldo10__mean,51,65,-1.1690759131935602,-0.35169108669108745,1.2,-0.9,-0.8173848265024728,-0.02072171183382851,0.03408501354845787,0.02072171183382851
estados_c7_dna_fluxo_v5_2__w60__spread_pct_120_60__delta,57,81,0.006282065307213439,0.004041725696004166,0.0,0.0,0.0022403396112092725,0.020537851154798406,0.015058041666488668,0.020537851154798406
07_bloqueios_auditoria_completa__w60__mov_favor_30s__max,43,54,642.4418604651163,652.7777777777778,600.0,575.0,-10.335917312661536,-0.02053612669003935,0.00824773123698594,0.02053612669003935
estado_mercado_tempo_real__w60__score_venda__first,82,116,65.85365853658537,66.29310344827586,50.0,50.0,-0.4394449116904866,-0.020531472204425853,0.06176366426478343,0.020531472204425853
05_estrutura_eventos_enriquecidos__w60__campanha_entradas__std,51,65,0.043659352906374654,0.04062034552155796,0.0,0.0,0.0030390073848166957,0.02049489112000999,0.04971391036542171,0.02049489112000999
06_evolucao_score_eventos__w60__campanha_entradas__std,51,65,0.043659352906374654,0.04062034552155796,0.0,0.0,0.0030390073848166957,0.02049489112000999,0.04971391036542171,0.02049489112000999
estados_c7_dna_fluxo_v5_2__w60__gate_rompimento__transitions,57,81,1.2982456140350878,1.271604938271605,1.0,1.0,0.026640675763482724,0.020372709008707825,-0.03716809198846952,0.020372709008707825
05_estrutura_eventos_enriquecidos__w60__venda10__mean,51,65,51.443984664572895,50.67022588522588,42.44444444444444,36.8,0.7737587793470126,0.02032115186736,-0.009307666994889349,0.02032115186736
06_evolucao_score_eventos__w60__venda10__mean,51,65,51.443984664572895,50.67022588522588,42.44444444444444,36.8,0.7737587793470126,0.02032115186736,-0.009307666994889349,0.02032115186736
05_estrutura_eventos_enriquecidos__w60__qtd_hard_gates_compra_ok__min,51,65,1.9411764705882353,1.9692307692307693,1.0,2.0,-0.02805429864253406,-0.020064195122296548,0.0819191070875779,0.020064195122296548
06_evolucao_score_eventos__w60__qtd_hard_gates_compra_ok__min,51,65,1.9411764705882353,1.9692307692307693,1.0,2.0,-0.02805429864253406,-0.020064195122296548,0.0819191070875779,0.020064195122296548
05_estrutura_eventos_enriquecidos__w60__gate_vel15__all_true,51,65,0.3137254901960784,0.3230769230769231,0.0,0.0,-0.009351432880844668,-0.020064195122296506,0.037366891004004574,0.020064195122296506
06_evolucao_score_eventos__w60__gate_vel15__all_true,51,65,0.3137254901960784,0.3230769230769231,0.0,0.0,-0.009351432880844668,-0.020064195122296506,0.037366891004004574,0.020064195122296506
estados_c7_dna_fluxo_v5_2__w60__saldo30__slope,45,67,-4.090206830206828,-3.537849712476576,-3.057142857142853,-3.2484848484848468,-0.552357117730252,-0.020037678086659856,0.023643954789541056,0.020037678086659856
05_estrutura_eventos_enriquecidos__w60__f_saldo__max,51,65,46.333333333333336,44.784615384615385,52.0,38.0,1.5487179487179503,0.01994567788226018,-0.00488262171077608,0.01994567788226018
05_estrutura_eventos_enriquecidos__w60__saldo30__max,51,65,46.333333333333336,44.784615384615385,52.0,38.0,1.5487179487179503,0.01994567788226018,-0.00488262171077608,0.01994567788226018
06_evolucao_score_eventos__w60__f_saldo__max,51,65,46.333333333333336,44.784615384615385,52.0,38.0,1.5487179487179503,0.01994567788226018,-0.00488262171077608,0.01994567788226018
06_evolucao_score_eventos__w60__saldo30__max,51,65,46.333333333333336,44.784615384615385,52.0,38.0,1.5487179487179503,0.01994567788226018,-0.00488262171077608,0.01994567788226018
bloqueios_c7_dna_fluxo_v5_2__w60__gate_aceleracao__first,49,69,0.6326530612244898,0.6231884057971014,1.0,1.0,0.009464655427388391,0.01957242406234099,-0.010120958792072232,0.01957242406234099
05_estrutura_eventos_enriquecidos__w60__hard_gates_ok__first,51,65,0.09803921568627451,0.09230769230769231,0.0,0.0,0.005731523378582196,0.019563072541261595,0.08016709686342405,0.019563072541261595
06_evolucao_score_eventos__w60__hard_gates_ok__first,51,65,0.09803921568627451,0.09230769230769231,0.0,0.0,0.005731523378582196,0.019563072541261595,0.08016709686342405,0.019563072541261595
estados_c7_dna_fluxo_v5_2__w60__amplitude_swings__slope,45,67,-0.57729797979798,-0.5495961749693093,-0.1999999999999995,-0.13690476190476147,-0.027701804828670684,-0.019508132260250673,-0.0762764446777702,0.019508132260250673
05_estrutura_eventos_enriquecidos__w60__compra10__max,51,65,84.2156862745098,83.06153846153846,78.0,66.0,1.1541478129713454,0.019302554943773573,0.030891655341690097,0.019302554943773573
06_evolucao_score_eventos__w60__compra10__max,51,65,84.2156862745098,83.06153846153846,78.0,66.0,1.1541478129713454,0.019302554943773573,0.030891655341690097,0.019302554943773573
05_estrutura_eventos_enriquecidos__w60__max_alta_120s__std,51,65,294.1764947595753,300.34094308545355,257.2558173405522,228.75805322125876,-6.164448325878254,-0.019113384609852506,0.031185726523418375,0.019113384609852506
06_evolucao_score_eventos__w60__max_alta_120s__std,51,65,294.1764947595753,300.34094308545355,257.2558173405522,228.75805322125876,-6.164448325878254,-0.019113384609852506,0.031185726523418375,0.019113384609852506
estados_c7_dna_fluxo_v5_2__w60__gate_rompimento__ever_true,57,81,0.7368421052631579,0.7283950617283951,1.0,1.0,0.008447043534762777,0.019068751974309985,0.055305530333801534,0.019068751974309985
05_estrutura_eventos_enriquecidos__w60__vel_anterior__min,51,65,-0.6304315105652306,-0.618906609653664,-0.6570713391739674,-0.5234634807242271,-0.01152490091156666,-0.018961642701075084,-0.03878615809310556,0.018961642701075084
06_evolucao_score_eventos__w60__vel_anterior__min,51,65,-0.6304315105652306,-0.618906609653664,-0.6570713391739674,-0.5234634807242271,-0.01152490091156666,-0.018961642701075084,-0.03878615809310556,0.018961642701075084
05_estrutura_eventos_enriquecidos__w60__delta30__max,51,65,19.686274509803923,20.46153846153846,23.0,17.0,-0.7752639517345372,-0.018934514105294443,0.02630621352842891,0.018934514105294443
05_estrutura_eventos_enriquecidos__w60__f_delta__max,51,65,19.686274509803923,20.46153846153846,23.0,17.0,-0.7752639517345372,-0.018934514105294443,0.02630621352842891,0.018934514105294443
06_evolucao_score_eventos__w60__delta30__max,51,65,19.686274509803923,20.46153846153846,23.0,17.0,-0.7752639517345372,-0.018934514105294443,0.02630621352842891,0.018934514105294443
06_evolucao_score_eventos__w60__f_delta__max,51,65,19.686274509803923,20.46153846153846,23.0,17.0,-0.7752639517345372,-0.018934514105294443,0.02630621352842891,0.018934514105294443
05_estrutura_eventos_enriquecidos__last__score_base_dna,29,34,54.62068965517241,54.26470588235294,54.0,57.5,0.3559837728194708,0.01869230266528817,-0.08328281548238768,0.01869230266528817
06_evolucao_score_eventos__last__score_base_dna,29,34,54.62068965517241,54.26470588235294,54.0,57.5,0.3559837728194708,0.01869230266528817,-0.08328281548238768,0.01869230266528817
estados_c7_dna_fluxo_v5_2__w60__gate_continuidade__true_count,57,81,3.719298245614035,3.6790123456790123,3.0,3.0,0.04028589993502285,0.01823958486663931,-0.03597237323694811,0.01823958486663931
bloqueios_c7_dna_fluxo_v5_2__w60__score_base_dna__std,49,69,6.709607539712797,6.6220505488863015,6.2599920127744575,7.595228765481656,0.0875569908264957,0.01814956525464787,-0.014435742119846292,0.01814956525464787
estados_c7_dna_fluxo_v5_2__w60__qtd_hard_gates_venda_ok__max,57,81,4.894736842105263,4.864197530864198,5.0,5.0,0.030539311241065015,0.01814524037480776,-0.02548076998670561,0.01814524037480776
estados_c7_dna_fluxo_v5_2__w60__aceleracao__slope,45,67,0.010969402134905772,0.0043296903373681575,0.0006075005984766144,-0.0015917373096941817,0.0066397117975376145,0.018142949927981152,0.003505656049472165,0.018142949927981152
bloqueios_c7_dna_fluxo_v5_2__w60__rompimento_compra__first,49,69,-7.6479591836734695,-7.818840579710145,-6.0,-6.5,0.17088139603667507,0.0178179257427727,-0.015265942016905404,0.0178179257427727
estados_c7_dna_fluxo_v5_2__w60__compra30__std,57,81,43.21669389542263,41.99701618582774,28.939419482774703,26.280537792569366,1.2196777095948903,0.017769105548683373,0.001914398592936486,0.017769105548683373
05_estrutura_eventos_enriquecidos__w60__topo_anterior__slope,39,53,0.040920190920085184,0.07510414114179961,0.49318181818286205,2.1177226420559875e-12,-0.03418395022171443,-0.017602629253268384,-0.09189987378663676,0.017602629253268384
06_evolucao_score_eventos__w60__topo_anterior__slope,39,53,0.040920190920085184,0.07510414114179961,0.49318181818286205,2.1177226420559875e-12,-0.03418395022171443,-0.017602629253268384,-0.09189987378663676,0.017602629253268384
05_estrutura_eventos_enriquecidos__w60__f_razao_fluxo__delta,51,65,0.00020021167243549642,-0.011951367967730667,0.022728600642711094,0.0,0.012151579640166164,0.017571083375029536,-0.02322494378068651,0.017571083375029536
06_evolucao_score_eventos__w60__f_razao_fluxo__delta,51,65,0.00020021167243549642,-0.011951367967730667,0.022728600642711094,0.0,0.012151579640166164,0.017571083375029536,-0.02322494378068651,0.017571083375029536
05_estrutura_eventos_enriquecidos__w60__razao_venda30__delta,51,65,0.00020021167243549642,-0.01195136796773065,0.022728600642711094,0.0,0.012151579640166147,0.017571083375029512,-0.023224943780686506,0.017571083375029512
06_evolucao_score_eventos__w60__razao_venda30__delta,51,65,0.00020021167243549642,-0.01195136796773065,0.022728600642711094,0.0,0.012151579640166147,0.017571083375029512,-0.023224943780686506,0.017571083375029512
estados_c7_dna_fluxo_v5_2__w60__eficiencia_swings__std,57,81,0.07328116121414154,0.07246276294317805,0.07158469605276922,0.0732290484681472,0.0008183982709634857,0.017530052483169255,-0.017367283955334534,0.017530052483169255
estado_mercado_tempo_real__last__imbalance,81,110,1.2253086419753085,1.2391774891774892,1.0,1.0,-0.013868847202180623,-0.01728303964176772,0.025489981257833843,0.01728303964176772
05_estrutura_eventos_enriquecidos__w60__f_razao_fluxo__first,51,65,1.1556867852952764,1.1675039107448613,0.8713235294117647,1.0099502487562189,-0.011817125449584909,-0.017234681668115707,0.03506771707503582,0.017234681668115707
06_evolucao_score_eventos__w60__f_razao_fluxo__first,51,65,1.1556867852952764,1.1675039107448613,0.8713235294117647,1.0099502487562189,-0.011817125449584909,-0.017234681668115707,0.03506771707503582,0.017234681668115707
05_estrutura_eventos_enriquecidos__w60__razao_venda30__first,51,65,1.1556867852952764,1.167503910744861,0.8713235294117647,1.0099502487562189,-0.011817125449584687,-0.017234681668115384,0.03506771707503582,0.017234681668115384
06_evolucao_score_eventos__w60__razao_venda30__first,51,65,1.1556867852952764,1.167503910744861,0.8713235294117647,1.0099502487562189,-0.011817125449584687,-0.017234681668115384,0.03506771707503582,0.017234681668115384
bloqueios_c7_dna_fluxo_v5_2__w60__score_compra__min,49,69,28.6734693877551,28.18840579710145,18.0,14.0,0.48506359065365245,0.017110475184682467,0.02898955714446426,0.017110475184682467
estados_c7_dna_fluxo_v5_2__w60__venda10__first,57,81,96.49122807017544,94.03703703703704,50.0,46.0,2.4541910331384003,0.017092328390411683,0.029046485296894187,0.017092328390411683
13a_features_tempo_real__w60__pre_60s_bid_size_medio_soma__first,82,116,78.30868078285718,78.10180894472974,75.24722222222222,76.5704071199803,0.2068718381274408,0.016997156587477247,-0.00817790057669498,0.016997156587477247
07_bloqueios_auditoria_completa__w60__score_oposto__std,43,54,5.112843290780033,5.048273474627503,5.792715732327589,4.907670035532278,0.0645698161525301,0.01696299322952888,-0.005870126299674266,0.01696299322952888
05_estrutura_eventos_enriquecidos__w60__desloc15__min,51,65,-5.892156862745098,-5.773076923076923,-6.5,-5.25,-0.11907993966817543,-0.016719057945250325,-0.04668549169311341,0.016719057945250325
06_evolucao_score_eventos__w60__desloc15__min,51,65,-5.892156862745098,-5.773076923076923,-6.5,-5.25,-0.11907993966817543,-0.016719057945250325,-0.04668549169311341,0.016719057945250325
05_estrutura_eventos_enriquecidos__w60__campanha_pullback__all_true,51,65,0.11764705882352941,0.12307692307692308,0.0,0.0,-0.005429864253393674,-0.01666797567065045,-0.03475538917036292,0.01666797567065045
06_evolucao_score_eventos__w60__campanha_pullback__all_true,51,65,0.11764705882352941,0.12307692307692308,0.0,0.0,-0.005429864253393674,-0.01666797567065045,-0.03475538917036292,0.01666797567065045
07_bloqueios_auditoria_completa__w60__impediu_gain_120s__ever_true,43,54,0.9302325581395349,0.9259259259259259,1.0,1.0,0.004306632213608941,0.01664329243546307,0.022947148130992155,0.01664329243546307
estados_c7_dna_fluxo_v5_2__w60__rompimento_venda__slope,45,67,0.36333814333814324,0.32424000129224034,0.12272727272727292,0.4541666666666661,0.039098142045902895,0.016532801178183412,-0.05218405351687473,0.016532801178183412
07_bloqueios_auditoria_completa__w60__f_saldo__std,43,54,25.601992167374615,25.18205630460312,17.9133717900592,22.13494345867604,0.41993586277149575,0.016510895064200292,0.05714181975541758,0.016510895064200292
07_bloqueios_auditoria_completa__w60__saldo30__std,43,54,25.601992167374615,25.18205630460312,17.9133717900592,22.13494345867604,0.41993586277149575,0.016510895064200292,0.05714181975541758,0.016510895064200292
bloqueios_c7_dna_fluxo_v5_2__w60__ajuste_estrutura__first,49,69,7.63265306122449,7.536231884057971,8.0,8.0,0.0964211771665191,0.016481112737462437,-0.025615891655175877,0.016481112737462437
07_bloqueios_auditoria_completa__w60__score_compra_base__min,43,54,27.093023255813954,27.5,16.0,13.5,-0.40697674418604635,-0.01630004238749333,0.041234967292345256,0.01630004238749333
07_bloqueios_auditoria_completa__w60__f_score__delta,43,54,-1.5348837209302326,-1.7407407407407407,0.0,0.0,0.20585701981050808,0.015927196049365554,-0.023214327007269057,0.015927196049365554
07_bloqueios_auditoria_completa__w60__score__delta,43,54,-1.5348837209302326,-1.7407407407407407,0.0,0.0,0.20585701981050808,0.015927196049365554,-0.023214327007269057,0.015927196049365554
05_estrutura_eventos_enriquecidos__w60__f_spread__max,51,65,2.1029411764705883,2.1115384615384616,2.0,2.0,-0.008597285067873273,-0.01572967663165756,0.011524301716483448,0.01572967663165756
05_estrutura_eventos_enriquecidos__w60__spread_atual__max,51,65,2.1029411764705883,2.1115384615384616,2.0,2.0,-0.008597285067873273,-0.01572967663165756,0.011524301716483448,0.01572967663165756
06_evolucao_score_eventos__w60__f_spread__max,51,65,2.1029411764705883,2.1115384615384616,2.0,2.0,-0.008597285067873273,-0.01572967663165756,0.011524301716483448,0.01572967663165756
06_evolucao_score_eventos__w60__spread_atual__max,51,65,2.1029411764705883,2.1115384615384616,2.0,2.0,-0.008597285067873273,-0.01572967663165756,0.011524301716483448,0.01572967663165756
estados_c7_dna_fluxo_v5_2__w60__gate_vel15__all_true,57,81,0.3157894736842105,0.30864197530864196,0.0,0.0,0.007147498375568551,0.015432529694718318,-0.016063611384261507,0.015432529694718318
estado_mercado_tempo_real__w60__imbalance__last,82,116,1.2347560975609757,1.2224958949096878,1.0,1.0,0.01226020265128791,0.015376157453254083,0.014943941370125835,0.015376157453254083
estados_c7_dna_fluxo_v5_2__w60__vel_anterior__slope,45,67,0.006470567033581904,0.0027547827535359124,-0.018911298907982127,-0.009495273292663916,0.0037157842800459914,0.015261316304246045,0.055818120362542176,0.015261316304246045
bloqueios_c7_dna_fluxo_v5_2__w60__saldo30__mean,49,69,2.8703595724003876,4.215305226174791,18.0,7.2,-1.3449456537744031,-0.015166869764856157,0.01778534750628407,0.015166869764856157
estados_c7_dna_fluxo_v5_2__w60__score_venda__first,57,81,42.78947368421053,42.34567901234568,39.0,39.0,0.44379467186485044,0.015135288833561359,-0.03748874763881765,0.015135288833561359
05_estrutura_eventos_enriquecidos__w60__gate_vel15__true_pct,51,65,77.09496930085164,76.75641025641026,81.81818181818183,77.77777777777779,0.3385590444413822,0.014901710343602806,0.050658227836520534,0.014901710343602806
06_evolucao_score_eventos__w60__gate_vel15__true_pct,51,65,77.09496930085164,76.75641025641026,81.81818181818183,77.77777777777779,0.3385590444413822,0.014901710343602806,0.050658227836520534,0.014901710343602806
estados_c7_dna_fluxo_v5_2__w60__delta30__delta,57,81,-5.684210526315789,-4.592592592592593,-5.0,-3.0,-1.0916179337231968,-0.014880642991543945,0.0146247327535095,0.014880642991543945
07_bloqueios_auditoria_completa__w60__gate_continuidade__all_true,43,54,0.4186046511627907,0.42592592592592593,0.0,0.0,-0.00732127476313521,-0.01482082906430709,-0.0027555418306897477,0.01482082906430709
estados_c7_dna_fluxo_v5_2__w60__hard_gates_venda_ok__first,57,81,0.05263157894736842,0.04938271604938271,0.0,0.0,0.003248862897985705,0.014805592878877198,0.08573248377697731,0.014805592878877198
bloqueios_c7_dna_fluxo_v5_2__w60__aceleracao__last,49,69,0.022947135714850346,0.007352910392085434,0.273673533136737,-0.1267459437670059,0.015594225322764912,0.014750963859026196,0.072890409833846,0.014750963859026196
05_estrutura_eventos_enriquecidos__w60__sucesso250_120s__true_count,51,65,4.235294117647059,4.276923076923077,4.0,4.0,-0.04162895927601795,-0.014700317717911233,-0.042873477463306185,0.014700317717911233
bloqueios_c7_dna_fluxo_v5_2__window__n,82,116,2.1463414634146343,2.1120689655172415,2.0,1.0,0.03427249789739273,0.014321938642381288,0.016092544566408,0.014321938642381288
bloqueios_c7_dna_fluxo_v5_2__w60__score_base_dna__mean,49,69,68.3505344995141,68.45393688437169,67.8,67.25,-0.10340238485758846,-0.014068434352698743,-0.01755122496826789,0.014068434352698743
bloqueios_c7_dna_fluxo_v5_2__w60__score_venda_base__delta,49,69,2.061224489795918,2.5072463768115942,0.0,0.0,-0.446021887015676,-0.014059853620034611,0.004338866603486554,0.014059853620034611
05_estrutura_eventos_enriquecidos__w60__score_venda_base__first,51,65,39.80392156862745,40.184615384615384,32.0,38.0,-0.3806938159879323,-0.0139546517405609,-0.000639210920376379,0.0139546517405609
06_evolucao_score_eventos__w60__score_venda_base__first,51,65,39.80392156862745,40.184615384615384,32.0,38.0,-0.3806938159879323,-0.0139546517405609,-0.000639210920376379,0.0139546517405609
estados_c7_dna_fluxo_v5_2__w60__spread_max_30__slope,45,67,-0.009906204906204892,-0.006518543645409315,-0.007142857142856952,-1.5322795630586087e-16,-0.003387661260795577,-0.013744585037339713,0.00881766343452835,0.013744585037339713
estados_c7_dna_fluxo_v5_2__w60__campanha_ativa__transitions,57,81,0.07017543859649122,0.07407407407407407,0.0,0.0,-0.003898635477582846,-0.013639137907553283,0.020667365414322663,0.013639137907553283
estados_c7_dna_fluxo_v5_2__w60__delta30__first,57,81,-18.31578947368421,-17.333333333333332,4.0,-7.0,-0.9824561403508767,-0.013568657050467836,-0.000994781644126368,0.013568657050467836
07_bloqueios_auditoria_completa__w60__f_aceleracao__first,43,54,0.18332955507298151,0.19815012200895346,0.0546460656526088,0.07162491980387825,-0.014820566935971946,-0.013558326442971577,0.0320793841692511,0.013558326442971577
07_bloqueios_auditoria_completa__w60__aceleracao__first,43,54,0.18332955507298151,0.19815012200895343,0.0546460656526088,0.07162491980387825,-0.014820566935971918,-0.01355832644297155,0.0320793841692511,0.01355832644297155
estados_c7_dna_fluxo_v5_2__w60__rompimento_venda__delta,57,81,1.1403508771929824,1.0030864197530864,0.0,0.0,0.13726445743989601,0.013058300315849975,-0.02800139694878916,0.013058300315849975
05_estrutura_eventos_enriquecidos__w60__estrutura__nunique,51,65,1.3137254901960784,1.3076923076923077,1.0,1.0,0.006033182503770718,0.013040919325790582,0.009737672917068898,0.013040919325790582
05_estrutura_eventos_enriquecidos__w60__estrutura_confirmada__nunique,51,65,1.3137254901960784,1.3076923076923077,1.0,1.0,0.006033182503770718,0.013040919325790582,0.009737672917068898,0.013040919325790582
06_evolucao_score_eventos__w60__estrutura__nunique,51,65,1.3137254901960784,1.3076923076923077,1.0,1.0,0.006033182503770718,0.013040919325790582,0.009737672917068898,0.013040919325790582
06_evolucao_score_eventos__w60__estrutura_confirmada__nunique,51,65,1.3137254901960784,1.3076923076923077,1.0,1.0,0.006033182503770718,0.013040919325790582,0.009737672917068898,0.013040919325790582
05_estrutura_eventos_enriquecidos__w60__score_base_dna__min,51,65,41.470588235294116,41.2,35.0,36.0,0.27058823529411313,0.012964569684626823,0.038308613065009794,0.012964569684626823
06_evolucao_score_eventos__w60__score_base_dna__min,51,65,41.470588235294116,41.2,35.0,36.0,0.27058823529411313,0.012964569684626823,0.038308613065009794,0.012964569684626823
05_estrutura_eventos_enriquecidos__w60__score_compra_base__min,51,65,19.745098039215687,20.015384615384615,13.0,14.0,-0.27028657616892815,-0.012933291158832098,0.07609012137906822,0.012933291158832098
06_evolucao_score_eventos__w60__score_compra_base__min,51,65,19.745098039215687,20.015384615384615,13.0,14.0,-0.27028657616892815,-0.012933291158832098,0.07609012137906822,0.012933291158832098
bloqueios_c7_dna_fluxo_v5_2__w60__score_base_dna__min,49,69,60.40816326530612,60.52173913043478,57.0,57.0,-0.11357586512865936,-0.012930778674121745,-0.010718136986846002,0.012930778674121745
estados_c7_dna_fluxo_v5_2__w60__qtd_hard_gates_compra_ok__delta,57,81,0.05263157894736842,0.024691358024691357,0.0,0.0,0.02794022092267706,0.012925594279408585,0.031282765399548454,0.012925594279408585
estados_c7_dna_fluxo_v5_2__w60__delta10__first,57,81,-16.68421052631579,-17.432098765432098,-5.0,-8.0,0.7478882391163069,0.012856781568654656,0.018148959680168254,0.012856781568654656
estados_c7_dna_fluxo_v5_2__w60__vel5__mean,57,81,0.05517615037998267,0.04512259362330221,0.04289286669654273,-0.006402631535316672,0.01005355675668046,0.012421890892625558,0.032899076547832994,0.012421890892625558
estados_c7_dna_fluxo_v5_2__w60__razao_venda30__delta,57,81,0.005426104667662332,-0.002437153817509106,0.006611570247933907,0.0,0.007863258485171437,0.012265821449942958,-0.021170799171606972,0.012265821449942958
05_estrutura_eventos_enriquecidos__w60__compra30__mean,51,65,142.95433395580454,142.030989010989,127.3,113.6,0.9233449448155397,0.012169887877838598,0.012819837854271978,0.012169887877838598
06_evolucao_score_eventos__w60__compra30__mean,51,65,142.95433395580454,142.030989010989,127.3,113.6,0.9233449448155397,0.012169887877838598,0.012819837854271978,0.012169887877838598
07_bloqueios_auditoria_completa__w60__qtd_hard_gates_venda_ok__max,43,54,4.372093023255814,4.351851851851852,5.0,5.0,0.020241171403961644,0.012123872161538077,-0.025878315233836217,0.012123872161538077
estados_c7_dna_fluxo_v5_2__last__aceleracao,34,46,0.08147167881480284,0.09521621986771887,0.27726422701578574,-0.09549261867464355,-0.013744541052916032,-0.012100487680562754,0.055720510934106376,0.012100487680562754
05_estrutura_eventos_enriquecidos__last__compra30,29,34,125.96551724137932,125.23529411764706,120.0,96.5,0.7302231237322587,0.0118621104114801,0.026299451444424964,0.0118621104114801
06_evolucao_score_eventos__last__compra30,29,34,125.96551724137932,125.23529411764706,120.0,96.5,0.7302231237322587,0.0118621104114801,0.026299451444424964,0.0118621104114801
05_estrutura_eventos_enriquecidos__w60__compra30__min,51,65,104.03921568627452,104.87692307692308,88.0,86.0,-0.8377073906485606,-0.011755702378569342,0.0035261505775591273,0.011755702378569342
06_evolucao_score_eventos__w60__compra30__min,51,65,104.03921568627452,104.87692307692308,88.0,86.0,-0.8377073906485606,-0.011755702378569342,0.0035261505775591273,0.011755702378569342
estados_c7_dna_fluxo_v5_2__w60__confirmacoes_candidata__last,57,81,0.543859649122807,0.5555555555555556,0.0,0.0,-0.011695906432748537,-0.01160605800605749,0.032007062300854455,0.01160605800605749
estados_c7_dna_fluxo_v5_2__w60__hard_gates_venda_ok__ever_true,57,81,0.19298245614035087,0.19753086419753085,0.0,0.0,-0.004548408057179987,-0.011465556402929402,0.05522699357458379,0.011465556402929402
estados_c7_dna_fluxo_v5_2__w60__razao_compra30__min,57,81,0.8376082375024885,0.8422676312056483,0.7257869249394673,0.7837837837837838,-0.00465939370315982,-0.010992445594726152,0.02375694278572794,0.010992445594726152
05_estrutura_eventos_enriquecidos__w60__score_venda__max,51,65,65.98039215686275,66.3076923076923,71.0,77.0,-0.3273001508295579,-0.010975065980653455,-0.040137144080222203,0.010975065980653455
06_evolucao_score_eventos__w60__score_venda__max,51,65,65.98039215686275,66.3076923076923,71.0,77.0,-0.3273001508295579,-0.010975065980653455,-0.040137144080222203,0.010975065980653455
05_estrutura_eventos_enriquecidos__w60__f_velocidade__min,51,65,-0.409166480983175,-0.40380739833761053,-0.4596238155847829,-0.3640865069540522,-0.00535908264556445,-0.010856744353065577,-0.04980813262167927,0.010856744353065577
05_estrutura_eventos_enriquecidos__w60__vel15__min,51,65,-0.409166480983175,-0.40380739833761053,-0.4596238155847829,-0.3640865069540522,-0.00535908264556445,-0.010856744353065577,-0.04980813262167927,0.010856744353065577
06_evolucao_score_eventos__w60__f_velocidade__min,51,65,-0.409166480983175,-0.40380739833761053,-0.4596238155847829,-0.3640865069540522,-0.00535908264556445,-0.010856744353065577,-0.04980813262167927,0.010856744353065577
06_evolucao_score_eventos__w60__vel15__min,51,65,-0.409166480983175,-0.40380739833761053,-0.4596238155847829,-0.3640865069540522,-0.00535908264556445,-0.010856744353065577,-0.04980813262167927,0.010856744353065577
estados_c7_dna_fluxo_v5_2__w60__score_compra__min,57,81,21.12280701754386,21.382716049382715,14.0,12.0,-0.2599090318388555,-0.010837075705193534,0.046919553702089854,0.010837075705193534
bloqueios_c7_dna_fluxo_v5_2__w60__score__first,49,69,76.28571428571429,76.40579710144928,75.0,75.0,-0.12008281573498891,-0.010803320020550669,-0.01704904951765629,0.010803320020550669
estados_c7_dna_fluxo_v5_2__w60__compra10__std,57,81,27.922866622019736,28.32306329004283,22.379837864853776,17.46424919657298,-0.4001966680230922,-0.010608343369429288,0.06193761896054398,0.010608343369429288
07_bloqueios_auditoria_completa__w60__diferenca_score__first,43,54,66.09302325581395,65.9074074074074,65.0,67.5,0.18561584840654177,0.010479900404460802,-0.036337154047507154,0.010479900404460802
estados_c7_dna_fluxo_v5_2__w60__hard_gates_compra_ok__all_true,57,81,0.03508771929824561,0.037037037037037035,0.0,0.0,-0.001949317738791423,-0.010431599350630451,0.03913708546704183,0.010431599350630451
05_estrutura_eventos_enriquecidos__w60__rompimento_venda__slope,39,53,0.24683927183927182,0.2673629829290207,0.00909090909090883,0.10416666666666667,-0.020523711089748903,-0.01035454648725304,-0.018444088809770557,0.01035454648725304
06_evolucao_score_eventos__w60__rompimento_venda__slope,39,53,0.24683927183927182,0.2673629829290207,0.00909090909090883,0.10416666666666667,-0.020523711089748903,-0.01035454648725304,-0.018444088809770557,0.01035454648725304
13a_features_tempo_real__last__cobertura_30s,82,116,25.195121951219512,25.224137931034484,25.0,25.0,-0.029015979814971615,-0.01024870360913054,0.011996230439004524,0.01024870360913054
13a_features_tempo_real__w60__cobertura_30s__last,82,116,25.195121951219512,25.224137931034484,25.0,25.0,-0.029015979814971615,-0.01024870360913054,0.011996230439004524,0.01024870360913054
05_estrutura_eventos_enriquecidos__w60__score_base_dna__mean,51,65,60.053905299493536,60.21529914529915,53.36363636363637,58.55555555555556,-0.16139384580561256,-0.010139356752831626,0.060132313378006744,0.010139356752831626
06_evolucao_score_eventos__w60__score_base_dna__mean,51,65,60.053905299493536,60.21529914529915,53.36363636363637,58.55555555555556,-0.16139384580561256,-0.010139356752831626,0.060132313378006744,0.010139356752831626
estados_c7_dna_fluxo_v5_2__w60__continuidade_2s__max,57,81,3.0789473684210527,3.049382716049383,3.0,2.75,0.02956465237166972,0.01008283729073474,0.04634190571755226,0.01008283729073474
05_estrutura_eventos_enriquecidos__w60__desloc15__first,51,65,-0.6274509803921569,-0.7115384615384616,0.5,-0.5,0.08408748114630471,0.009989798465363875,-0.03594258207615433,0.009989798465363875
06_evolucao_score_eventos__w60__desloc15__first,51,65,-0.6274509803921569,-0.7115384615384616,0.5,-0.5,0.08408748114630471,0.009989798465363875,-0.03594258207615433,0.009989798465363875
05_estrutura_eventos_enriquecidos__w60__hard_gates_venda_ok__ever_true,51,65,0.19607843137254902,0.2,0.0,0.0,-0.003921568627450994,-0.009835861766170942,0.04603845167855966,0.009835861766170942
06_evolucao_score_eventos__w60__hard_gates_venda_ok__ever_true,51,65,0.19607843137254902,0.2,0.0,0.0,-0.003921568627450994,-0.009835861766170942,0.04603845167855966,0.009835861766170942
bloqueios_c7_dna_fluxo_v5_2__w60__gate_aceleracao__transitions,49,69,1.1428571428571428,1.1304347826086956,1.0,1.0,0.012422360248447228,0.009794045511076441,0.005481609062217046,0.009794045511076441
13a_features_tempo_real__w60__adv_ratio_volatilidade_close_pontos_15s_60s__max,82,116,1.4046575646868817,1.4059560010525072,1.3652151902129654,1.3694282273732172,-0.0012984363656254327,-0.009773852407885242,-0.028780989284192357,0.009773852407885242
05_estrutura_eventos_enriquecidos__w60__spread_pct_15__last,51,65,0.5014810214380184,0.5043562129460782,0.5536723163841808,0.5423728813559322,-0.0028751915080598156,-0.009664397018331423,0.04248667372709633,0.009664397018331423
06_evolucao_score_eventos__w60__spread_pct_15__last,51,65,0.5014810214380184,0.5043562129460782,0.5536723163841808,0.5423728813559322,-0.0028751915080598156,-0.009664397018331423,0.04248667372709633,0.009664397018331423
05_estrutura_eventos_enriquecidos__w60__qtd_hard_gates_venda_ok__last,51,65,3.3333333333333335,3.353846153846154,3.0,3.0,-0.02051282051282044,-0.009401636621287443,-0.04128171056706621,0.009401636621287443
06_evolucao_score_eventos__w60__qtd_hard_gates_venda_ok__last,51,65,3.3333333333333335,3.353846153846154,3.0,3.0,-0.02051282051282044,-0.009401636621287443,-0.04128171056706621,0.009401636621287443
estados_c7_dna_fluxo_v5_2__w60__qtd_hard_gates_compra_ok__max,57,81,4.842105263157895,4.827160493827161,5.0,5.0,0.014944769330734076,0.009368544344086908,0.04441038865371264,0.009368544344086908
07_bloqueios_auditoria_completa__w60__score_oposto__mean,43,54,11.640642303433003,11.570983645983645,11.0,10.0,0.06965865744935762,0.009315673493525594,0.024001931993979535,0.009315673493525594
05_estrutura_eventos_enriquecidos__w60__qtd_hard_gates_venda_ok__max,51,65,4.784313725490196,4.8,5.0,5.0,-0.015686274509803866,-0.00917543936389475,-0.029928687604032424,0.00917543936389475
06_evolucao_score_eventos__w60__qtd_hard_gates_venda_ok__max,51,65,4.784313725490196,4.8,5.0,5.0,-0.015686274509803866,-0.00917543936389475,-0.029928687604032424,0.00917543936389475
05_estrutura_eventos_enriquecidos__w60__razao_compra30__delta,51,65,0.017122040917896496,0.023963267491085623,-0.0362129957177435,0.0,-0.006841226573189127,-0.009099755337315777,-0.006857900068105661,0.009099755337315777
06_evolucao_score_eventos__w60__razao_compra30__delta,51,65,0.017122040917896496,0.023963267491085623,-0.0362129957177435,0.0,-0.006841226573189127,-0.009099755337315777,-0.006857900068105661,0.009099755337315777
bloqueios_c7_dna_fluxo_v5_2__w60__preco__std,49,69,3.1054603333857904,3.073144063767199,2.8674417556808756,1.8142950880897701,0.03231626961859124,0.009067531431818565,0.10748428489723788,0.009067531431818565
estados_c7_dna_fluxo_v5_2__w60__imbalance_atual__first,57,81,1.1257309941520466,1.1321312540610786,1.0,1.0,-0.0064002599090320356,-0.009059139540922738,-0.0045413542296453575,0.009059139540922738
07_bloqueios_auditoria_completa__w60__score_oposto__max,43,54,18.348837209302324,18.25925925925926,20.0,19.0,0.0895779500430649,0.008920020126873091,0.0398782023785795,0.008920020126873091
05_estrutura_eventos_enriquecidos__w60__compra30__first,51,65,152.98039215686273,152.07692307692307,124.0,136.0,0.9034690799396685,0.008839420254432085,-0.003633730579104484,0.008839420254432085
06_evolucao_score_eventos__w60__compra30__first,51,65,152.98039215686273,152.07692307692307,124.0,136.0,0.9034690799396685,0.008839420254432085,-0.003633730579104484,0.008839420254432085
estados_c7_dna_fluxo_v5_2__last__amplitude_swings,34,46,11.757352941176471,11.717391304347826,10.5,11.75,0.03996163682864484,0.008546189219252553,0.0013584263459864069,0.008546189219252553
bloqueios_c7_dna_fluxo_v5_2__last__continuidade_2s,20,22,-0.075,-0.045454545454545456,-0.625,-0.125,-0.02954545454545454,-0.008461306523471756,-0.013147555367924826,0.008461306523471756
05_estrutura_eventos_enriquecidos__w60__hard_gates_venda_ok__last,51,65,0.1568627450980392,0.15384615384615385,0.0,0.0,0.003016591251885359,0.008331537743302418,0.020558704246032376,0.008331537743302418
06_evolucao_score_eventos__w60__hard_gates_venda_ok__last,51,65,0.1568627450980392,0.15384615384615385,0.0,0.0,0.003016591251885359,0.008331537743302418,0.020558704246032376,0.008331537743302418
estados_c7_dna_fluxo_v5_2__w60__desloc15__min,57,81,-6.93859649122807,-6.8580246913580245,-6.5,-5.25,-0.0805717998700457,-0.008254029455307167,-0.06679128188986551,0.008254029455307167
bloqueios_c7_dna_fluxo_v5_2__w60__score__last,49,69,75.85714285714286,75.94202898550725,75.0,75.0,-0.08488612836438847,-0.008197823701482398,0.014112208936013731,0.008197823701482398
05_estrutura_eventos_enriquecidos__w60__spread_medio_30__last,51,65,1.6307228316813303,1.633317591067659,1.62133431085044,1.624031007751938,-0.0025947593863286933,-0.008007912919354963,0.07637715045535445,0.008007912919354963
06_evolucao_score_eventos__w60__spread_medio_30__last,51,65,1.6307228316813303,1.633317591067659,1.62133431085044,1.624031007751938,-0.0025947593863286933,-0.008007912919354963,0.07637715045535445,0.008007912919354963
estados_c7_dna_fluxo_v5_2__w60__campanha_entradas__std,57,81,0.039063631547808904,0.03794240939251218,0.0,0.0,0.001121222155296725,0.007959036120938469,0.06334905764567807,0.007959036120938469
07_bloqueios_auditoria_completa__w60__estrutura__nunique,43,54,1.255813953488372,1.2592592592592593,1.0,1.0,-0.003445305770887197,-0.007877043672132726,0.04048209871755618,0.007877043672132726
07_bloqueios_auditoria_completa__w60__impediu_gain_60s__last,43,54,0.7441860465116279,0.7407407407407407,1.0,1.0,0.003445305770887197,0.007877043672132726,-0.011958392357244692,0.007877043672132726
estados_c7_dna_fluxo_v5_2__w60__ajuste_estrutura__first,57,81,6.421052631578948,6.469135802469136,8.0,8.0,-0.04808317089018832,-0.007537259882394043,0.07171139403923933,0.007537259882394043
13a_features_tempo_real__w60__preco__slope,75,108,-0.01438461104431072,-0.008835933600237177,0.0626018099542933,0.019674125665844255,-0.005548677444073544,-0.007212702666797639,-0.011581722416029514,0.007212702666797639
05_estrutura_eventos_enriquecidos__w60__venda30__first,51,65,152.2156862745098,151.53846153846155,109.0,137.0,0.6772247360482595,0.007050376562765476,-0.003517578422507847,0.007050376562765476
06_evolucao_score_eventos__w60__venda30__first,51,65,152.2156862745098,151.53846153846155,109.0,137.0,0.6772247360482595,0.007050376562765476,-0.003517578422507847,0.007050376562765476
07_bloqueios_auditoria_completa__w60__continuidade_2s__delta,43,54,-0.08139534883720931,-0.10648148148148148,0.0,0.0,0.025086132644272174,0.007039966037730055,0.03132587380329082,0.007039966037730055
05_estrutura_eventos_enriquecidos__w60__spread_pct_30__last,51,65,0.4939829822655088,0.49196818451224583,0.5689655172413793,0.5506329113924051,0.0020147977532629646,0.007011973548487846,0.06412087499365986,0.007011973548487846
06_evolucao_score_eventos__w60__spread_pct_30__last,51,65,0.4939829822655088,0.49196818451224583,0.5689655172413793,0.5506329113924051,0.0020147977532629646,0.007011973548487846,0.06412087499365986,0.007011973548487846
estados_c7_dna_fluxo_v5_2__last__saldo30,34,46,1.6470588235294117,2.152173913043478,1.5,-5.0,-0.5051150895140664,-0.006974034997503085,0.022095926808800903,0.006974034997503085
estados_c7_dna_fluxo_v5_2__w60__vel15__min,57,81,-0.4780008012776026,-0.47345676025552447,-0.4752851711026616,-0.3713205509046719,-0.004544041022078116,-0.006865393128554445,-0.06798635325074448,0.006865393128554445
estados_c7_dna_fluxo_v5_2__w60__score_venda__max,57,81,67.96491228070175,67.76543209876543,74.0,78.0,0.19948018193632322,0.006825555738540596,-0.021497486065202836,0.006825555738540596
05_estrutura_eventos_enriquecidos__w60__ultimo_fundo__std,51,65,3.1495303213697783,3.1715548318772497,2.7775607554111215,2.443102535711508,-0.02202451050747145,-0.006711783423472162,0.07072791389797103,0.006711783423472162
06_evolucao_score_eventos__w60__ultimo_fundo__std,51,65,3.1495303213697783,3.1715548318772497,2.7775607554111215,2.443102535711508,-0.02202451050747145,-0.006711783423472162,0.07072791389797103,0.006711783423472162
estados_c7_dna_fluxo_v5_2__w60__ticks_s__delta,57,81,-9.047527492916512,-9.393034702040485,-4.605441253412508,0.0,0.3455072091239728,0.006663744315519787,-0.028223791081260306,0.006663744315519787
05_estrutura_eventos_enriquecidos__w60__campanha_pullback__true_pct,51,65,16.184251478369127,15.955433455433457,0.0,0.0,0.22881802293566977,0.006634736470249356,-0.029901766492791405,0.006634736470249356
06_evolucao_score_eventos__w60__campanha_pullback__true_pct,51,65,16.184251478369127,15.955433455433457,0.0,0.0,0.22881802293566977,0.006634736470249356,-0.029901766492791405,0.006634736470249356
05_estrutura_eventos_enriquecidos__w60__spread_pct_5__last,51,65,0.4910954090837417,0.48901594955087496,0.5102040816326531,0.5441176470588235,0.0020794595328667564,0.006566421551456796,-0.006058051570922009,0.006566421551456796
06_evolucao_score_eventos__w60__spread_pct_5__last,51,65,0.4910954090837417,0.48901594955087496,0.5102040816326531,0.5441176470588235,0.0020794595328667564,0.006566421551456796,-0.006058051570922009,0.006566421551456796
05_estrutura_eventos_enriquecidos__w60__compra30__last,51,65,137.47058823529412,136.93846153846152,130.0,108.0,0.5321266968325915,0.006556707923262598,0.013543854078783578,0.006556707923262598
06_evolucao_score_eventos__w60__compra30__last,51,65,137.47058823529412,136.93846153846152,130.0,108.0,0.5321266968325915,0.006556707923262598,0.013543854078783578,0.006556707923262598
05_estrutura_eventos_enriquecidos__w60__f_razao_fluxo__max,51,65,1.5610468896768286,1.5661222194121973,1.6741573033707866,1.3164556962025316,-0.005075329735368728,-0.006445031380538771,-0.00047041031777192535,0.006445031380538771
05_estrutura_eventos_enriquecidos__w60__razao_venda30__max,51,65,1.5610468896768286,1.5661222194121973,1.6741573033707866,1.3164556962025316,-0.005075329735368728,-0.006445031380538771,-0.00047041031777192535,0.006445031380538771
06_evolucao_score_eventos__w60__f_razao_fluxo__max,51,65,1.5610468896768286,1.5661222194121973,1.6741573033707866,1.3164556962025316,-0.005075329735368728,-0.006445031380538771,-0.00047041031777192535,0.006445031380538771
06_evolucao_score_eventos__w60__razao_venda30__max,51,65,1.5610468896768286,1.5661222194121973,1.6741573033707866,1.3164556962025316,-0.005075329735368728,-0.006445031380538771,-0.00047041031777192535,0.006445031380538771
07_bloqueios_auditoria_completa__w60__ajuste_estrutura_compra__std,43,54,2.392615806403388,2.4108417172487373,1.8070158058105024,1.5658796160082038,-0.018225910845349524,-0.0064007687098441065,0.03725831992773414,0.0064007687098441065
07_bloqueios_auditoria_completa__w60__salvou_loss_120s__last,43,54,0.6511627906976745,0.6481481481481481,1.0,1.0,0.003014642549526325,0.006318264833361005,0.01655567848700659,0.006318264833361005
estados_c7_dna_fluxo_v5_2__w60__vel_anterior__std,57,81,0.47320775728662734,0.4708778527013319,0.43903736254201037,0.4104296703131919,0.002329904585295417,0.006292181498210193,0.05068989736414759,0.006292181498210193
estados_c7_dna_fluxo_v5_2__w60__score_compra_base__max,57,81,63.01754385964912,63.17283950617284,68.0,64.0,-0.15529564652371874,-0.006005007764556164,0.04819089775312177,0.006005007764556164
05_estrutura_eventos_enriquecidos__w60__score_compra_base__slope,39,53,0.003457653457654367,-0.04186065506820338,0.9454545454545461,0.14285714285714274,0.04531830852585774,0.006003005497297097,0.055008043881515555,0.006003005497297097
06_evolucao_score_eventos__w60__score_compra_base__slope,39,53,0.003457653457654367,-0.04186065506820338,0.9454545454545461,0.14285714285714274,0.04531830852585774,0.006003005497297097,0.055008043881515555,0.006003005497297097
05_estrutura_eventos_enriquecidos__w60__score_compra__delta,51,65,2.019607843137255,1.8153846153846154,1.0,0.0,0.20422322775263946,0.005874983627708323,0.02605564933041474,0.005874983627708323
06_evolucao_score_eventos__w60__score_compra__delta,51,65,2.019607843137255,1.8153846153846154,1.0,0.0,0.20422322775263946,0.005874983627708323,0.02605564933041474,0.005874983627708323
estados_c7_dna_fluxo_v5_2__w60__topo_anterior__slope,45,67,-0.06614357864364045,-0.05421512567040354,0.3484848484852526,1.0243960265511362e-12,-0.011928452973236914,-0.005584682556987466,-0.04720819639654081,0.005584682556987466
estados_c7_dna_fluxo_v5_2__w60__saldo10__max,57,81,46.771929824561404,47.111111111111114,43.0,35.0,-0.33918128654971014,-0.005303049123204487,0.07228971079809807,0.005303049123204487
estados_c7_dna_fluxo_v5_2__w60__razao_venda30__mean,57,81,1.1103299272742082,1.1074960327587322,1.0356643729471775,1.0293677309246894,0.0028338945154759987,0.0049718431639294135,0.012257638914514389,0.0049718431639294135
estados_c7_dna_fluxo_v5_2__w60__aprovado__first,57,81,0.08771929824561403,0.08641975308641975,0.0,0.0,0.001299545159194282,0.004612055944286048,0.06177660126574917,0.004612055944286048
05_estrutura_eventos_enriquecidos__w60__campanha_pullback__true_count,51,65,0.9019607843137255,0.8923076923076924,0.0,0.0,0.009653092006033148,0.004573530451067647,-0.032002067879328286,0.004573530451067647
06_evolucao_score_eventos__w60__campanha_pullback__true_count,51,65,0.9019607843137255,0.8923076923076924,0.0,0.0,0.009653092006033148,0.004573530451067647,-0.032002067879328286,0.004573530451067647
estados_c7_dna_fluxo_v5_2__w60__continuidade_2s__first,57,81,0.12280701754385964,0.1388888888888889,0.0,0.25,-0.016081871345029253,-0.0044254189580333015,0.0032067584857137853,0.0044254189580333015
05_estrutura_eventos_enriquecidos__w60__compra30__delta,51,65,-15.509803921568627,-15.138461538461538,0.0,0.0,-0.37134238310708945,-0.004227193265376492,0.016740495600631233,0.004227193265376492
06_evolucao_score_eventos__w60__compra30__delta,51,65,-15.509803921568627,-15.138461538461538,0.0,0.0,-0.37134238310708945,-0.004227193265376492,0.016740495600631233,0.004227193265376492
05_estrutura_eventos_enriquecidos__w60__desloc15__mean,51,65,-0.009076054664289958,-0.03151098901098915,0.6,-0.1111111111111111,0.022434934346699194,0.004064331009888426,-0.018794322483136647,0.004064331009888426
06_evolucao_score_eventos__w60__desloc15__mean,51,65,-0.009076054664289958,-0.03151098901098915,0.6,-0.1111111111111111,0.022434934346699194,0.004064331009888426,-0.018794322483136647,0.004064331009888426
estados_c7_dna_fluxo_v5_2__w60__gate_continuidade__first,57,81,0.631578947368421,0.6296296296296297,1.0,1.0,0.0019493177387913674,0.004038471356551165,0.008933800396085751,0.004038471356551165
estados_c7_dna_fluxo_v5_2__w60__campanha_pullback__transitions,57,81,0.08771929824561403,0.08641975308641975,0.0,0.0,0.001299545159194282,0.0039474407106217056,0.026389195791280722,0.0039474407106217056
05_estrutura_eventos_enriquecidos__w60__qtd_hard_gates_ok__min,51,65,3.3333333333333335,3.3384615384615386,3.0,3.0,-0.00512820512820511,-0.00388722075214186,0.05572820712552561,0.00388722075214186
06_evolucao_score_eventos__w60__qtd_hard_gates_ok__min,51,65,3.3333333333333335,3.3384615384615386,3.0,3.0,-0.00512820512820511,-0.00388722075214186,0.05572820712552561,0.00388722075214186
05_estrutura_eventos_enriquecidos__w60__gate_saldo30__true_count,51,65,4.254901960784314,4.246153846153846,5.0,4.0,0.00874811463046754,0.003719294099300782,-0.01774834497949731,0.003719294099300782
06_evolucao_score_eventos__w60__gate_saldo30__true_count,51,65,4.254901960784314,4.246153846153846,5.0,4.0,0.00874811463046754,0.003719294099300782,-0.01774834497949731,0.003719294099300782
05_estrutura_eventos_enriquecidos__last__delta10,29,34,-5.0,-4.9411764705882355,-6.0,-5.0,-0.0588235294117645,-0.0036619748405533267,0.16906330570920794,0.0036619748405533267
06_evolucao_score_eventos__last__delta10,29,34,-5.0,-4.9411764705882355,-6.0,-5.0,-0.0588235294117645,-0.0036619748405533267,0.16906330570920794,0.0036619748405533267
07_bloqueios_auditoria_completa__w60__gate_delta30__changed,43,54,0.37209302325581395,0.37037037037037035,0.0,0.0,0.0017226528854435985,0.003565770127330181,0.04623499083690889,0.003565770127330181
07_bloqueios_auditoria_completa__w60__gate_rompimento__changed,43,54,0.37209302325581395,0.37037037037037035,0.0,0.0,0.0017226528854435985,0.003565770127330181,-0.005413309867661491,0.003565770127330181
05_estrutura_eventos_enriquecidos__w60__f_velocidade__mean,51,65,0.00034943138367829365,-0.0010187033751988615,0.04912368106075223,0.00665152022434153,0.0013681347588771551,0.0035564873138442823,-0.017059269809719942,0.0035564873138442823
05_estrutura_eventos_enriquecidos__w60__vel15__mean,51,65,0.00034943138367829365,-0.0010187033751988615,0.04912368106075223,0.00665152022434153,0.0013681347588771551,0.0035564873138442823,-0.017059269809719942,0.0035564873138442823
06_evolucao_score_eventos__w60__f_velocidade__mean,51,65,0.00034943138367829365,-0.0010187033751988615,0.04912368106075223,0.00665152022434153,0.0013681347588771551,0.0035564873138442823,-0.017059269809719942,0.0035564873138442823
06_evolucao_score_eventos__w60__vel15__mean,51,65,0.00034943138367829365,-0.0010187033751988615,0.04912368106075223,0.00665152022434153,0.0013681347588771551,0.0035564873138442823,-0.017059269809719942,0.0035564873138442823
05_estrutura_eventos_enriquecidos__w60__hard_gates_venda_ok__changed,51,65,0.13725490196078433,0.13846153846153847,0.0,0.0,-0.0012066365007541435,-0.003499245852187016,0.009430636075986256,0.003499245852187016
06_evolucao_score_eventos__w60__hard_gates_venda_ok__changed,51,65,0.13725490196078433,0.13846153846153847,0.0,0.0,-0.0012066365007541435,-0.003499245852187016,0.009430636075986256,0.003499245852187016
05_estrutura_eventos_enriquecidos__w60__qtd_hard_gates_ok__mean,51,65,4.5855367399485045,4.588766788766789,4.285714285714286,4.571428571428571,-0.003230048818284814,-0.0033591838162317206,0.06814776801703416,0.0033591838162317206
06_evolucao_score_eventos__w60__qtd_hard_gates_ok__mean,51,65,4.5855367399485045,4.588766788766789,4.285714285714286,4.571428571428571,-0.003230048818284814,-0.0033591838162317206,0.06814776801703416,0.0033591838162317206
estados_c7_dna_fluxo_v5_2__w60__vel_anterior__max,57,81,0.6878497347499591,0.6900793868590983,0.6442577030812324,0.5043881771411278,-0.0022296521091391686,-0.0032505232828768764,0.012396537914974857,0.0032505232828768764
bloqueios_c7_dna_fluxo_v5_2__w60__saldo30__first,49,69,1.4489795918367347,1.144927536231884,24.0,-6.0,0.3040520556048507,0.0031251652802223202,0.0004920964387788222,0.0031251652802223202
05_estrutura_eventos_enriquecidos__last__f_spread,29,34,1.8103448275862069,1.8088235294117647,1.75,1.75,0.0015212981744421317,0.003095699770387819,-0.015690322340322548,0.003095699770387819
05_estrutura_eventos_enriquecidos__last__spread_atual,29,34,1.8103448275862069,1.8088235294117647,1.75,1.75,0.0015212981744421317,0.003095699770387819,-0.015690322340322548,0.003095699770387819
06_evolucao_score_eventos__last__f_spread,29,34,1.8103448275862069,1.8088235294117647,1.75,1.75,0.0015212981744421317,0.003095699770387819,-0.015690322340322548,0.003095699770387819
06_evolucao_score_eventos__last__spread_atual,29,34,1.8103448275862069,1.8088235294117647,1.75,1.75,0.0015212981744421317,0.003095699770387819,-0.015690322340322548,0.003095699770387819
estados_c7_dna_fluxo_v5_2__w60__qtd_hard_gates_venda_ok__last,57,81,3.43859649122807,3.4444444444444446,3.0,3.0,-0.005847953216374435,-0.002758893262964685,-0.02804170739501076,0.002758893262964685
bloqueios_c7_dna_fluxo_v5_2__w60__score__delta,49,69,-0.42857142857142855,-0.463768115942029,0.0,0.0,0.035196687370600444,0.0026433188405212823,0.02520658730606684,0.0026433188405212823
bloqueios_c7_dna_fluxo_v5_2__w60__rompimento_compra__min,49,69,-11.622448979591837,-11.652173913043478,-11.25,-8.25,0.029724933451641178,0.002635128884216414,-0.06199441780415207,0.002635128884216414
estados_c7_dna_fluxo_v5_2__w60__topo_anterior__delta,57,81,-0.11403508771929824,-0.14506172839506173,0.0,0.0,0.031026640675763495,0.0026315322056547044,-0.02449907498254515,0.0026315322056547044
estados_c7_dna_fluxo_v5_2__w60__razao_compra30__delta,57,81,0.023467600847690825,0.02171471113507278,-0.020570359981299635,0.0,0.001752889712618045,0.0024678069092075325,-0.01196966080455028,0.0024678069092075325
05_estrutura_eventos_enriquecidos__w60__f_saldo__first,51,65,0.7647058823529411,0.5384615384615384,22.0,-2.0,0.2262443438914027,0.0023966016644451148,-0.0003550648596468917,0.0023966016644451148
05_estrutura_eventos_enriquecidos__w60__saldo30__first,51,65,0.7647058823529411,0.5384615384615384,22.0,-2.0,0.2262443438914027,0.0023966016644451148,-0.0003550648596468917,0.0023966016644451148
06_evolucao_score_eventos__w60__f_saldo__first,51,65,0.7647058823529411,0.5384615384615384,22.0,-2.0,0.2262443438914027,0.0023966016644451148,-0.0003550648596468917,0.0023966016644451148
06_evolucao_score_eventos__w60__saldo30__first,51,65,0.7647058823529411,0.5384615384615384,22.0,-2.0,0.2262443438914027,0.0023966016644451148,-0.0003550648596468917,0.0023966016644451148
bloqueios_c7_dna_fluxo_v5_2__w60__score_venda_base__max,49,69,59.326530612244895,59.391304347826086,69.0,69.0,-0.06477373558119126,-0.002344038312096581,-0.02602215793906919,0.002344038312096581
05_estrutura_eventos_enriquecidos__w60__eficiencia_swings__std,51,65,0.07042686106620807,0.0703262508627694,0.06917035332545698,0.0732290484681472,0.00010061020343866967,0.002137406834495295,-0.047876113234701444,0.002137406834495295
06_evolucao_score_eventos__w60__eficiencia_swings__std,51,65,0.07042686106620807,0.0703262508627694,0.06917035332545698,0.0732290484681472,0.00010061020343866967,0.002137406834495295,-0.047876113234701444,0.002137406834495295
estados_c7_dna_fluxo_v5_2__w60__score_compra_base__mean,57,81,39.99436533252323,39.95425729962767,38.42857142857143,36.5,0.040108032895560086,0.0019635728736494933,0.050237579786169065,0.0019635728736494933
bloqueios_c7_dna_fluxo_v5_2__w60__gate_vel15__last,49,69,0.8979591836734694,0.8985507246376812,1.0,1.0,-0.0005915409642117675,-0.001957146234334835,-0.0010953911253609666,0.001957146234334835
13a_features_tempo_real__w60__adv_delta_spread_minimo_15s_30s__std,82,116,0.13815401549087622,0.13795812767238205,0.11648320252374604,0.1126980239404248,0.00019588781849416703,0.0017694349866360383,-0.026890148126246047,0.0017694349866360383
07_bloqueios_auditoria_completa__w60__gate_vel15__first,43,54,0.9069767441860465,0.9074074074074074,1.0,1.0,-0.0004306632213609829,-0.0014843862680518512,0.0022534943491382643,0.0014843862680518512
estados_c7_dna_fluxo_v5_2__w60__venda10__slope,45,67,-0.9302068302068309,-0.9031950636428274,-0.7999999999999967,-0.3515151515151511,-0.027011766564003503,-0.0014021207400301311,0.011779311590142191,0.0014021207400301311
estados_c7_dna_fluxo_v5_2__w60__gate_aceleracao__first,57,81,0.543859649122807,0.5432098765432098,1.0,1.0,0.0006497725795971965,0.0013044864133666676,0.06123499400642807,0.0013044864133666676
estados_c7_dna_fluxo_v5_2__w60__gate_delta30__first,57,81,0.543859649122807,0.5432098765432098,1.0,1.0,0.0006497725795971965,0.0013044864133666676,0.0437302209916438,0.0013044864133666676
estados_c7_dna_fluxo_v5_2__last__confirmacoes_candidata,34,46,0.5882352941176471,0.5869565217391305,0.0,0.0,0.0012787723785165905,0.0012678252188521358,-0.03786667862624597,0.0012678252188521358
05_estrutura_eventos_enriquecidos__w60__compra10__mean,51,65,50.274908751379336,50.31853479853479,43.2,38.6,-0.04362604715545615,-0.0012150621342233473,0.027576237294273623,0.0012150621342233473
06_evolucao_score_eventos__w60__compra10__mean,51,65,50.274908751379336,50.31853479853479,43.2,38.6,-0.04362604715545615,-0.0012150621342233473,0.027576237294273623,0.0012150621342233473
05_estrutura_eventos_enriquecidos__w60__saldo10__slope,39,53,-3.854084804084803,-3.8379931389365356,-0.3515151515151495,-0.15151515151514958,-0.01609166514826743,-0.0008864553416118009,0.05192877834584885,0.0008864553416118009
06_evolucao_score_eventos__w60__saldo10__slope,39,53,-3.854084804084803,-3.8379931389365356,-0.3515151515151495,-0.15151515151514958,-0.01609166514826743,-0.0008864553416118009,0.05192877834584885,0.0008864553416118009
05_estrutura_eventos_enriquecidos__w60__vel5__first,51,65,0.026191829872936962,0.025320051876718517,0.1040149781568545,0.0,0.0008717779962184452,0.000791058407171954,0.014173032125224755,0.000791058407171954
06_evolucao_score_eventos__w60__vel5__first,51,65,0.026191829872936962,0.025320051876718517,0.1040149781568545,0.0,0.0008717779962184452,0.000791058407171954,0.014173032125224755,0.000791058407171954
05_estrutura_eventos_enriquecidos__w60__spread_medio_30__min,51,65,1.5503564218370862,1.550168866871652,1.54296875,1.5464015151515151,0.00018755496543421124,0.0006263293110382524,0.06815584158654027,0.0006263293110382524
06_evolucao_score_eventos__w60__spread_medio_30__min,51,65,1.5503564218370862,1.550168866871652,1.54296875,1.5464015151515151,0.00018755496543421124,0.0006263293110382524,0.06815584158654027,0.0006263293110382524
05_estrutura_eventos_enriquecidos__w60__f_razao_fluxo__last,51,65,1.155886996967712,1.1555525427771303,0.9611650485436892,1.023391812865497,0.0003344541905816456,0.00047291023929587575,0.011287651975638495,0.00047291023929587575
05_estrutura_eventos_enriquecidos__w60__razao_venda30__last,51,65,1.155886996967712,1.1555525427771303,0.9611650485436892,1.023391812865497,0.0003344541905816456,0.00047291023929587575,0.011287651975638495,0.00047291023929587575
06_evolucao_score_eventos__w60__f_razao_fluxo__last,51,65,1.155886996967712,1.1555525427771303,0.9611650485436892,1.023391812865497,0.0003344541905816456,0.00047291023929587575,0.011287651975638495,0.00047291023929587575
06_evolucao_score_eventos__w60__razao_venda30__last,51,65,1.155886996967712,1.1555525427771303,0.9611650485436892,1.023391812865497,0.0003344541905816456,0.00047291023929587575,0.011287651975638495,0.00047291023929587575
estado_mercado_tempo_real__w60__imbalance__slope,82,116,-0.004406986530938802,-0.00438574570891756,-0.0006181318681318625,-0.004664029354431819,-2.124082202124237e-05,-0.00034005579809637243,0.019661269809252573,0.00034005579809637243
05_estrutura_eventos_enriquecidos__w60__f_velocidade__first,51,65,-0.03922285806164103,-0.03913486466539376,0.0356964374955379,-0.0333333333333333,-8.799339624727259e-05,-0.0001456809478593531,-0.02186642718931277,0.0001456809478593531
05_estrutura_eventos_enriquecidos__w60__vel15__first,51,65,-0.03922285806164103,-0.03913486466539376,0.0356964374955379,-0.0333333333333333,-8.799339624727259e-05,-0.0001456809478593531,-0.02186642718931277,0.0001456809478593531
06_evolucao_score_eventos__w60__f_velocidade__first,51,65,-0.03922285806164103,-0.03913486466539376,0.0356964374955379,-0.0333333333333333,-8.799339624727259e-05,-0.0001456809478593531,-0.02186642718931277,0.0001456809478593531
06_evolucao_score_eventos__w60__vel15__first,51,65,-0.03922285806164103,-0.03913486466539376,0.0356964374955379,-0.0333333333333333,-8.799339624727259e-05,-0.0001456809478593531,-0.02186642718931277,0.0001456809478593531
