variaveis,regra,amostra,taxa_alvo_300_120s,taxa_base,lift
4,_f_spread>=1.75 E _f_saldo<=-17 E _f_ticks_s>=153.857 E _f_score<=47,14,1.0,0.6188781756963575,1.6158268933539413
4,_f_saldo<=-17 E _f_razao_fluxo>=1.33364 E _f_ticks_s>=153.857 E _f_score<=47,11,1.0,0.6188781756963575,1.6158268933539413
4,_f_spread<=1 E _f_delta>=16 E _f_aceleracao>=0.543681 E _f_score<=47,10,1.0,0.6188781756963575,1.6158268933539413
4,_f_spread>=1.25 E _f_saldo<=-17 E _f_ticks_s>=153.857 E _f_score<=47,20,0.95,0.6188781756963575,1.5350355486862441
4,_f_delta<=16 E _f_saldo>=19 E _f_ticks_s>=153.857 E _f_score<=47,19,0.9473684210526315,0.6188781756963575,1.5307833726511022
4,_f_spread>=1.75 E _f_delta<=-16 E _f_ticks_s>=153.857 E _f_score<=47,15,0.9333333333333333,0.6188781756963575,1.5081051004636785
4,_f_delta<=-16 E _f_razao_fluxo>=1.33364 E _f_ticks_s>=153.857 E _f_score<=47,14,0.9285714285714286,0.6188781756963575,1.5004106866858027
4,_f_razao_fluxo<=0.741693 E _f_velocidade<=0 E _f_ticks_s>=153.857 E _f_score>=77,14,0.9285714285714286,0.6188781756963575,1.5004106866858027
4,_f_spread<=1.25 E _f_saldo>=19 E _f_aceleracao>=0.543681 E _f_score<=47,13,0.9230769230769231,0.6188781756963575,1.4915325169420997
4,_f_saldo>=0 E _f_razao_fluxo>=1 E _f_aceleracao<=-0.552272 E _f_ticks_s>=153.857,13,0.9230769230769231,0.6188781756963575,1.4915325169420997
4,_f_saldo<=0 E _f_razao_fluxo<=1 E _f_aceleracao<=-0.552272 E _f_ticks_s>=153.857,13,0.9230769230769231,0.6188781756963575,1.4915325169420997
4,_f_spread<=1.25 E _f_delta>=16 E _f_aceleracao>=0.543681 E _f_score<=47,12,0.9166666666666666,0.6188781756963575,1.4811746522411129
4,_f_razao_fluxo<=0.741693 E _f_aceleracao>=-0.552272 E _f_ticks_s>=153.857 E _f_score<=47,12,0.9166666666666666,0.6188781756963575,1.4811746522411129
4,_f_saldo>=19 E _f_velocidade<=-0.216667 E _f_ticks_s>=153.857 E _f_score<=47,23,0.9130434782608695,0.6188781756963575,1.4753202069753377
4,_f_saldo>=19 E _f_aceleracao>=-0.000831627 E _f_ticks_s>=153.857 E _f_score<=47,23,0.9130434782608695,0.6188781756963575,1.4753202069753377
4,_f_razao_fluxo>=1.33364 E _f_velocidade<=0.205388 E _f_ticks_s>=153.857 E _f_score<=47,11,0.9090909090909091,0.6188781756963575,1.468933539412674
4,_f_spread>=1 E _f_delta<=-16 E _f_velocidade>=0.205388 E _f_score>=77,32,0.90625,0.6188781756963575,1.4643431221020093
4,_f_spread>=1 E _f_saldo<=-17 E _f_velocidade>=0.205388 E _f_score>=77,30,0.9,0.6188781756963575,1.4542442040185473
4,_f_spread>=1.75 E _f_saldo>=0 E _f_razao_fluxo>=1 E _f_ticks_s>=153.857,10,0.9,0.6188781756963575,1.4542442040185473
4,_f_spread>=1.75 E _f_saldo<=0 E _f_razao_fluxo<=1 E _f_ticks_s>=153.857,10,0.9,0.6188781756963575,1.4542442040185473
4,_f_saldo>=19 E _f_aceleracao>=-0.552272 E _f_ticks_s>=153.857 E _f_score<=47,36,0.8888888888888888,0.6188781756963575,1.43629057187017
4,_f_delta>=16 E _f_velocidade<=-0.216667 E _f_ticks_s>=153.857 E _f_score<=47,18,0.8888888888888888,0.6188781756963575,1.43629057187017
4,_f_saldo<=-17 E _f_velocidade<=-0.216667 E _f_aceleracao<=0.543681 E _f_score<=47,18,0.8888888888888888,0.6188781756963575,1.43629057187017
4,_f_delta<=16 E _f_saldo>=19 E _f_aceleracao>=-0.552272 E _f_ticks_s>=153.857,44,0.8863636363636364,0.6188781756963575,1.432210200927357
4,_f_delta<=16 E _f_saldo>=19 E _f_aceleracao>=-0.000831627 E _f_ticks_s>=153.857,35,0.8857142857142857,0.6188781756963575,1.4311609626849193
4,_f_spread<=1.25 E _f_delta<=16 E _f_saldo>=19 E _f_ticks_s>=153.857,56,0.875,0.6188781756963575,1.4138485316846987
4,_f_spread>=1.25 E _f_razao_fluxo<=0.741693 E _f_velocidade<=-0.216667 E _f_ticks_s>=153.857,32,0.875,0.6188781756963575,1.4138485316846987
4,_f_saldo>=19 E _f_velocidade>=0 E _f_aceleracao>=-0.000831627 E _f_score<=47,16,0.875,0.6188781756963575,1.4138485316846987
4,_f_spread>=1 E _f_razao_fluxo<=0.741693 E _f_velocidade<=-0.216667 E _f_ticks_s>=153.857,47,0.8723404255319149,0.6188781756963575,1.4095511197342894
4,_f_delta<=16 E _f_saldo>=19 E _f_ticks_s>=153.857 E _f_score<=61,47,0.8723404255319149,0.6188781756963575,1.4095511197342894
4,_f_spread<=1 E _f_delta<=16 E _f_saldo>=19 E _f_ticks_s>=153.857,46,0.8695652173913043,0.6188781756963575,1.405066863786036
4,_f_spread>=1.25 E _f_delta<=-16 E _f_velocidade>=0.205388 E _f_score>=77,15,0.8666666666666667,0.6188781756963575,1.4003833075734158
4,_f_delta<=16 E _f_saldo>=19 E _f_razao_fluxo>=0.741693 E _f_ticks_s>=153.857,67,0.8656716417910447,0.6188781756963575,1.3987755196198297
4,_f_spread>=1.25 E _f_delta<=-16 E _f_ticks_s>=153.857 E _f_score<=47,22,0.8636363636363636,0.6188781756963575,1.3954868624420402
4,_f_saldo>=0 E _f_razao_fluxo>=1 E _f_aceleracao<=-0.552272 E _f_score>=61,22,0.8636363636363636,0.6188781756963575,1.3954868624420402
4,_f_saldo<=0 E _f_razao_fluxo<=1 E _f_aceleracao<=-0.552272 E _f_score>=61,22,0.8636363636363636,0.6188781756963575,1.3954868624420402
4,_f_razao_fluxo<=0.741693 E _f_velocidade<=-0.216667 E _f_aceleracao>=-0.000831627 E _f_ticks_s>=153.857,35,0.8571428571428571,0.6188781756963575,1.384994480017664
4,_f_delta<=0 E _f_saldo>=0 E _f_aceleracao>=0.543681 E _f_ticks_s>=153.857,28,0.8571428571428571,0.6188781756963575,1.384994480017664
4,_f_delta<=0 E _f_razao_fluxo<=1 E _f_aceleracao>=0.543681 E _f_ticks_s>=153.857,28,0.8571428571428571,0.6188781756963575,1.384994480017664
4,_f_spread<=1 E _f_saldo>=0 E _f_razao_fluxo>=1 E _f_aceleracao<=-0.552272,21,0.8571428571428571,0.6188781756963575,1.384994480017664
4,_f_spread<=1 E _f_saldo<=0 E _f_razao_fluxo<=1 E _f_aceleracao<=-0.552272,21,0.8571428571428571,0.6188781756963575,1.384994480017664
4,_f_delta>=16 E _f_aceleracao>=-0.000831627 E _f_ticks_s>=153.857 E _f_score<=47,21,0.8571428571428571,0.6188781756963575,1.384994480017664
4,_f_spread>=1.75 E _f_delta<=0 E _f_velocidade>=0.205388 E _f_score>=77,14,0.8571428571428571,0.6188781756963575,1.384994480017664
4,_f_delta<=16 E _f_saldo>=19 E _f_ticks_s>=153.857 E _f_score<=77,61,0.8524590163934426,0.6188781756963575,1.377426204170573
4,_f_delta<=16 E _f_saldo>=19 E _f_aceleracao>=0.543681 E _f_ticks_s>=153.857,20,0.85,0.6188781756963575,1.3734528593508502
4,_f_razao_fluxo>=1.33364 E _f_aceleracao<=-0.552272 E _f_ticks_s>=153.857 E _f_score<=61,20,0.85,0.6188781756963575,1.3734528593508502
4,_f_delta<=16 E _f_saldo>=19 E _f_velocidade>=-0.216667 E _f_ticks_s>=153.857,53,0.8490566037735849,0.6188781756963575,1.37192849435712
4,_f_delta>=16 E _f_aceleracao>=0.543681 E _f_ticks_s>=72.5852 E _f_score<=47,26,0.8461538461538461,0.6188781756963575,1.367238140530258
4,_f_spread>=1.25 E _f_saldo<=-17 E _f_velocidade>=0.205388 E _f_score>=77,13,0.8461538461538461,0.6188781756963575,1.367238140530258
4,_f_saldo>=0 E _f_razao_fluxo>=1 E _f_velocidade>=0.205388 E _f_aceleracao<=-0.552272,13,0.8461538461538461,0.6188781756963575,1.367238140530258
4,_f_saldo<=0 E _f_razao_fluxo<=1 E _f_velocidade>=0.205388 E _f_aceleracao<=-0.552272,13,0.8461538461538461,0.6188781756963575,1.367238140530258
4,_f_razao_fluxo<=0.741693 E _f_velocidade<=0 E _f_ticks_s>=153.857 E _f_score<=47,13,0.8461538461538461,0.6188781756963575,1.367238140530258
4,_f_spread>=1 E _f_delta<=16 E _f_saldo>=19 E _f_ticks_s>=153.857,45,0.8444444444444444,0.6188781756963575,1.3644760432766616
4,_f_spread<=1.75 E _f_delta<=16 E _f_saldo>=19 E _f_ticks_s>=153.857,64,0.84375,0.6188781756963575,1.363353941267388
4,_f_delta>=16 E _f_saldo<=19 E _f_aceleracao>=0.543681 E _f_ticks_s>=153.857,38,0.8421052631578947,0.6188781756963575,1.360696331245424
4,_f_razao_fluxo<=0.741693 E _f_velocidade<=-0.216667 E _f_aceleracao>=-0.552272 E _f_ticks_s>=153.857,50,0.84,0.6188781756963575,1.3572945904173106
4,_f_delta<=16 E _f_saldo>=19 E _f_velocidade>=0 E _f_ticks_s>=153.857,43,0.8372093023255814,0.6188781756963575,1.352785306063765
4,_f_saldo>=19 E _f_aceleracao>=0.543681 E _f_ticks_s>=72.5852 E _f_score<=47,36,0.8333333333333334,0.6188781756963575,1.3465224111282845
4,_f_delta>=16 E _f_saldo<=19 E _f_ticks_s>=153.857 E _f_score>=77,24,0.8333333333333334,0.6188781756963575,1.3465224111282845
4,_f_saldo>=0 E _f_razao_fluxo>=1 E _f_velocidade<=-0.216667 E _f_aceleracao<=-0.552272,24,0.8333333333333334,0.6188781756963575,1.3465224111282845
4,_f_saldo<=0 E _f_razao_fluxo<=1 E _f_velocidade<=-0.216667 E _f_aceleracao<=-0.552272,24,0.8333333333333334,0.6188781756963575,1.3465224111282845
4,_f_saldo<=-17 E _f_razao_fluxo<=1.33364 E _f_aceleracao<=-0.552272 E _f_score<=47,18,0.8333333333333334,0.6188781756963575,1.3465224111282845
4,_f_spread<=1 E _f_razao_fluxo<=0.741693 E _f_ticks_s>=72.5852 E _f_score<=47,12,0.8333333333333334,0.6188781756963575,1.3465224111282845
4,_f_spread<=1.25 E _f_saldo<=-17 E _f_aceleracao<=-0.552272 E _f_score<=47,12,0.8333333333333334,0.6188781756963575,1.3465224111282845
4,_f_spread>=1.75 E _f_saldo>=19 E _f_velocidade<=-0.216667 E _f_score>=77,12,0.8333333333333334,0.6188781756963575,1.3465224111282845
4,_f_delta>=-16 E _f_saldo<=-17 E _f_aceleracao>=0.543681 E _f_ticks_s<=42.0552,12,0.8333333333333334,0.6188781756963575,1.3465224111282845
4,_f_saldo>=19 E _f_velocidade>=0.205388 E _f_ticks_s>=153.857 E _f_score<=47,12,0.8333333333333334,0.6188781756963575,1.3465224111282845
4,_f_razao_fluxo<=0.741693 E _f_velocidade<=-0.216667 E _f_aceleracao<=0.543681 E _f_ticks_s>=153.857,59,0.8305084745762712,0.6188781756963575,1.341957928378697
4,_f_delta<=16 E _f_saldo>=19 E _f_velocidade<=0.205388 E _f_ticks_s>=153.857,47,0.8297872340425532,0.6188781756963575,1.3407925285277384
3,_f_delta<=16 E _f_saldo>=19 E _f_ticks_s>=153.857,76,0.8289473684210527,0.6188781756963575,1.3394354510697146
4,_f_delta<=16 E _f_saldo>=19 E _f_razao_fluxo<=1 E _f_ticks_s>=153.857,76,0.8289473684210527,0.6188781756963575,1.3394354510697146
4,_f_delta<=16 E _f_saldo>=19 E _f_razao_fluxo<=1.33364 E _f_ticks_s>=153.857,76,0.8289473684210527,0.6188781756963575,1.3394354510697146
4,_f_spread>=1 E _f_saldo<=-17 E _f_ticks_s>=153.857 E _f_score<=47,29,0.8275862068965517,0.6188781756963575,1.3372360496722273
4,_f_delta<=16 E _f_saldo>=19 E _f_velocidade>=0.205388 E _f_ticks_s>=153.857,29,0.8275862068965517,0.6188781756963575,1.3372360496722273
4,_f_spread<=1.75 E _f_razao_fluxo<=0.741693 E _f_velocidade<=-0.216667 E _f_ticks_s>=153.857,63,0.8253968253968254,0.6188781756963575,1.3336983881651578
3,_f_razao_fluxo<=0.741693 E _f_velocidade<=-0.216667 E _f_ticks_s>=153.857,80,0.825,0.6188781756963575,1.3330571870170016
4,_f_delta>=-16 E _f_razao_fluxo<=0.741693 E _f_velocidade<=-0.216667 E _f_ticks_s>=153.857,80,0.825,0.6188781756963575,1.3330571870170016
4,_f_delta>=0 E _f_razao_fluxo<=0.741693 E _f_velocidade<=-0.216667 E _f_ticks_s>=153.857,80,0.825,0.6188781756963575,1.3330571870170016
4,_f_saldo>=-17 E _f_razao_fluxo<=0.741693 E _f_velocidade<=-0.216667 E _f_ticks_s>=153.857,80,0.825,0.6188781756963575,1.3330571870170016
4,_f_saldo>=0 E _f_razao_fluxo<=0.741693 E _f_velocidade<=-0.216667 E _f_ticks_s>=153.857,80,0.825,0.6188781756963575,1.3330571870170016
4,_f_delta<=0 E _f_saldo>=0 E _f_velocidade<=0.205388 E _f_ticks_s>=153.857,51,0.8235294117647058,0.6188781756963575,1.3306809709973633
4,_f_delta<=0 E _f_razao_fluxo<=1 E _f_velocidade<=0.205388 E _f_ticks_s>=153.857,51,0.8235294117647058,0.6188781756963575,1.3306809709973633
4,_f_razao_fluxo<=0.741693 E _f_aceleracao>=-0.000831627 E _f_ticks_s>=153.857 E _f_score<=61,34,0.8235294117647058,0.6188781756963575,1.3306809709973633
4,_f_spread<=1 E _f_velocidade>=0.205388 E _f_aceleracao<=-0.552272 E _f_ticks_s<=42.0552,17,0.8235294117647058,0.6188781756963575,1.3306809709973633
4,_f_delta<=-16 E _f_velocidade<=-0.216667 E _f_aceleracao<=0.543681 E _f_score<=47,17,0.8235294117647058,0.6188781756963575,1.3306809709973633
4,_f_delta>=0 E _f_velocidade>=0.205388 E _f_aceleracao>=0.543681 E _f_score<=47,17,0.8235294117647058,0.6188781756963575,1.3306809709973633
4,_f_delta<=0 E _f_saldo>=0 E _f_velocidade<=-0.216667 E _f_ticks_s>=153.857,17,0.8235294117647058,0.6188781756963575,1.3306809709973633
4,_f_delta<=0 E _f_razao_fluxo<=1 E _f_velocidade<=-0.216667 E _f_ticks_s>=153.857,17,0.8235294117647058,0.6188781756963575,1.3306809709973633
4,_f_razao_fluxo<=0.741693 E _f_velocidade<=0.205388 E _f_ticks_s>=153.857 E _f_score<=47,17,0.8235294117647058,0.6188781756963575,1.3306809709973633
4,_f_delta<=16 E _f_saldo>=19 E _f_aceleracao<=0.543681 E _f_ticks_s>=153.857,56,0.8214285714285714,0.6188781756963575,1.3272863766835945
4,_f_delta<=-16 E _f_velocidade<=0 E _f_ticks_s>=153.857 E _f_score<=47,28,0.8214285714285714,0.6188781756963575,1.3272863766835945
4,_f_spread>=1.75 E _f_delta<=0 E _f_ticks_s>=153.857 E _f_score<=47,78,0.8205128205128205,0.6188781756963575,1.3258066817263108
4,_f_saldo>=19 E _f_razao_fluxo<=0.741693 E _f_velocidade<=-0.216667 E _f_ticks_s>=153.857,78,0.8205128205128205,0.6188781756963575,1.3258066817263108
4,_f_delta<=0 E _f_saldo>=0 E _f_aceleracao>=-0.000831627 E _f_ticks_s>=153.857,39,0.8205128205128205,0.6188781756963575,1.3258066817263108
4,_f_delta<=0 E _f_razao_fluxo<=1 E _f_aceleracao>=-0.000831627 E _f_ticks_s>=153.857,39,0.8205128205128205,0.6188781756963575,1.3258066817263108
4,_f_razao_fluxo<=0.741693 E _f_velocidade<=-0.216667 E _f_ticks_s>=153.857 E _f_score>=61,39,0.8205128205128205,0.6188781756963575,1.3258066817263108
4,_f_spread>=1 E _f_delta<=-16 E _f_velocidade>=0 E _f_score>=77,72,0.8194444444444444,0.6188781756963575,1.324080370942813
4,_f_spread>=1.75 E _f_saldo<=0 E _f_ticks_s>=153.857 E _f_score<=47,77,0.8181818181818182,0.6188781756963575,1.3220401854714066
4,_f_spread>=1.75 E _f_razao_fluxo>=1 E _f_ticks_s>=153.857 E _f_score<=47,77,0.8181818181818182,0.6188781756963575,1.3220401854714066
4,_f_delta>=16 E _f_razao_fluxo<=0.741693 E _f_velocidade<=-0.216667 E _f_ticks_s>=153.857,77,0.8181818181818182,0.6188781756963575,1.3220401854714066
4,_f_razao_fluxo<=0.741693 E _f_aceleracao>=0.543681 E _f_ticks_s>=72.5852 E _f_score<=47,44,0.8181818181818182,0.6188781756963575,1.3220401854714066
4,_f_delta<=16 E _f_saldo>=19 E _f_velocidade<=0 E _f_ticks_s>=153.857,33,0.8181818181818182,0.6188781756963575,1.3220401854714066
4,_f_delta<=-16 E _f_saldo>=-17 E _f_aceleracao>=0.543681 E _f_score>=77,11,0.8181818181818182,0.6188781756963575,1.3220401854714066
4,_f_delta>=0 E _f_saldo<=0 E _f_aceleracao<=-0.552272 E _f_ticks_s>=153.857,11,0.8181818181818182,0.6188781756963575,1.3220401854714066
4,_f_delta>=0 E _f_razao_fluxo>=1 E _f_aceleracao<=-0.552272 E _f_ticks_s>=153.857,11,0.8181818181818182,0.6188781756963575,1.3220401854714066
4,_f_saldo<=-17 E _f_velocidade<=-0.216667 E _f_ticks_s>=153.857 E _f_score<=47,11,0.8181818181818182,0.6188781756963575,1.3220401854714066
4,_f_razao_fluxo<=0.741693 E _f_velocidade<=-0.216667 E _f_aceleracao>=-0.000831627 E _f_score>=77,11,0.8181818181818182,0.6188781756963575,1.3220401854714066
4,_f_spread<=1 E _f_saldo>=19 E _f_ticks_s>=153.857 E _f_score<=47,27,0.8148148148148148,0.6188781756963575,1.3165996908809892
4,_f_spread<=1.25 E _f_delta>=-16 E _f_saldo<=-17 E _f_score<=47,27,0.8148148148148148,0.6188781756963575,1.3165996908809892
4,_f_spread<=1.25 E _f_delta<=-16 E _f_velocidade>=0.205388 E _f_ticks_s<=72.5852,59,0.8135593220338984,0.6188781756963575,1.3145710318811727
4,_f_razao_fluxo<=0.741693 E _f_velocidade<=-0.216667 E _f_ticks_s>=153.857 E _f_score>=47,75,0.8133333333333334,0.6188781756963575,1.3142058732612056
4,_f_spread>=1.75 E _f_saldo<=0 E _f_velocidade>=0 E _f_score>=77,16,0.8125,0.6188781756963575,1.3128593508500772
4,_f_spread>=1.75 E _f_razao_fluxo>=1 E _f_velocidade>=0 E _f_score>=77,16,0.8125,0.6188781756963575,1.3128593508500772
4,_f_razao_fluxo<=0.741693 E _f_aceleracao>=0.543681 E _f_ticks_s>=153.857 E _f_score<=61,16,0.8125,0.6188781756963575,1.3128593508500772
4,_f_velocidade>=0.205388 E _f_aceleracao>=0.543681 E _f_ticks_s>=153.857 E _f_score<=47,16,0.8125,0.6188781756963575,1.3128593508500772
4,_f_spread>=1 E _f_saldo<=-17 E _f_velocidade>=0 E _f_score>=77,69,0.8115942028985508,0.6188781756963575,1.3113957395336335
4,_f_delta<=-16 E _f_razao_fluxo<=1.33364 E _f_velocidade>=0 E _f_score>=77,69,0.8115942028985508,0.6188781756963575,1.3113957395336335
4,_f_spread<=1.25 E _f_saldo<=-17 E _f_velocidade>=0.205388 E _f_ticks_s<=72.5852,53,0.8113207547169812,0.6188781756963575,1.3109538946079147
4,_f_spread<=1.25 E _f_razao_fluxo<=0.741693 E _f_velocidade<=-0.216667 E _f_ticks_s>=153.857,53,0.8113207547169812,0.6188781756963575,1.3109538946079147
4,_f_saldo>=0 E _f_razao_fluxo>=1 E _f_aceleracao<=-0.552272 E _f_ticks_s>=72.5852,37,0.8108108108108109,0.6188781756963575,1.3101299135302227
4,_f_saldo<=0 E _f_razao_fluxo<=1 E _f_aceleracao<=-0.552272 E _f_ticks_s>=72.5852,37,0.8108108108108109,0.6188781756963575,1.3101299135302227
4,_f_delta>=-16 E _f_saldo<=-17 E _f_razao_fluxo<=1.33364 E _f_score<=47,58,0.8103448275862069,0.6188781756963575,1.309376965304056
4,_f_spread<=1 E _f_saldo<=-17 E _f_velocidade>=0.205388 E _f_ticks_s<=72.5852,21,0.8095238095238095,0.6188781756963575,1.308050342238905
4,_f_spread>=1.75 E _f_razao_fluxo<=0.741693 E _f_velocidade<=-0.216667 E _f_ticks_s>=153.857,21,0.8095238095238095,0.6188781756963575,1.308050342238905
4,_f_razao_fluxo<=0.741693 E _f_velocidade<=-0.216667 E _f_aceleracao>=0.543681 E _f_ticks_s>=153.857,21,0.8095238095238095,0.6188781756963575,1.308050342238905
4,_f_spread>=1.25 E _f_razao_fluxo<=0.741693 E _f_velocidade<=0 E _f_ticks_s>=153.857,47,0.8085106382978723,0.6188781756963575,1.306413232924463
4,_f_razao_fluxo<=0.741693 E _f_velocidade<=-0.216667 E _f_ticks_s>=153.857 E _f_score<=77,73,0.8082191780821918,0.6188781756963575,1.3059422836696237
4,_f_spread<=1 E _f_delta<=0 E _f_saldo>=0 E _f_aceleracao>=0.543681,26,0.8076923076923077,0.6188781756963575,1.3050909523243373
4,_f_spread<=1 E _f_delta<=0 E _f_razao_fluxo<=1 E _f_aceleracao>=0.543681,26,0.8076923076923077,0.6188781756963575,1.3050909523243373
4,_f_spread>=1 E _f_delta<=-16 E _f_ticks_s>=153.857 E _f_score<=47,31,0.8064516129032258,0.6188781756963575,1.3030862043176945
4,_f_spread>=1.75 E _f_velocidade>=0 E _f_aceleracao<=-0.552272 E _f_score>=77,31,0.8064516129032258,0.6188781756963575,1.3030862043176945
4,_f_delta>=16 E _f_velocidade<=-0.216667 E _f_aceleracao>=0.543681 E _f_score>=77,31,0.8064516129032258,0.6188781756963575,1.3030862043176945
4,_f_saldo>=19 E _f_velocidade<=-0.216667 E _f_aceleracao>=0.543681 E _f_score>=77,31,0.8064516129032258,0.6188781756963575,1.3030862043176945
4,_f_saldo<=-17 E _f_razao_fluxo<=1.33364 E _f_velocidade>=0 E _f_score>=77,67,0.8059701492537313,0.6188781756963575,1.302308242404669
4,_f_spread>=1.25 E _f_delta<=0 E _f_ticks_s>=153.857 E _f_score<=47,108,0.8055555555555556,0.6188781756963575,1.3016383307573416
4,_f_spread>=1.75 E _f_velocidade<=-0.216667 E _f_aceleracao>=-0.000831627 E _f_ticks_s>=153.857,72,0.8055555555555556,0.6188781756963575,1.3016383307573416
4,_f_spread>=1.25 E _f_delta<=0 E _f_saldo>=0 E _f_ticks_s>=153.857,36,0.8055555555555556,0.6188781756963575,1.3016383307573416
4,_f_spread>=1.25 E _f_delta<=0 E _f_razao_fluxo<=1 E _f_ticks_s>=153.857,36,0.8055555555555556,0.6188781756963575,1.3016383307573416
4,_f_saldo<=0 E _f_velocidade>=0.205388 E _f_ticks_s>=153.857 E _f_score<=47,77,0.8051948051948052,0.6188781756963575,1.3010554206226541
4,_f_razao_fluxo>=1 E _f_velocidade>=0.205388 E _f_ticks_s>=153.857 E _f_score<=47,77,0.8051948051948052,0.6188781756963575,1.3010554206226541
4,_f_razao_fluxo<=0.741693 E _f_velocidade<=-0.216667 E _f_ticks_s>=153.857 E _f_score<=61,46,0.8043478260869565,0.6188781756963575,1.2996868490020832
4,_f_delta>=-16 E _f_saldo<=-17 E _f_ticks_s>=72.5852 E _f_score<=47,51,0.803921568627451,0.6188781756963575,1.2989980907355214
4,_f_spread>=1.75 E _f_saldo>=19 E _f_ticks_s>=153.857 E _f_score<=61,66,0.803030303030303,0.6188781756963575,1.2975579598145286
4,_f_spread>=1.25 E _f_saldo<=-17 E _f_razao_fluxo<=1.33364 E _f_score<=47,81,0.8024691358024691,0.6188781756963575,1.2966512107161257
4,_f_spread<=1.25 E _f_delta<=16 E _f_saldo>=19 E _f_ticks_s>=72.5852,105,0.8,0.6188781756963575,1.292661514683153
4,_f_spread<=1 E _f_delta<=16 E _f_saldo>=19 E _f_ticks_s>=72.5852,80,0.8,0.6188781756963575,1.292661514683153
4,_f_saldo<=-17 E _f_razao_fluxo<=1.33364 E _f_aceleracao<=0.543681 E _f_score<=47,80,0.8,0.6188781756963575,1.292661514683153
4,_f_razao_fluxo<=0.741693 E _f_velocidade<=-0.216667 E _f_aceleracao<=-0.000831627 E _f_ticks_s>=153.857,45,0.8,0.6188781756963575,1.292661514683153
4,_f_delta>=16 E _f_aceleracao>=-0.552272 E _f_ticks_s>=153.857 E _f_score<=47,35,0.8,0.6188781756963575,1.292661514683153
4,_f_saldo<=-17 E _f_velocidade<=0.205388 E _f_ticks_s>=153.857 E _f_score<=47,35,0.8,0.6188781756963575,1.292661514683153
4,_f_saldo<=-17 E _f_aceleracao>=-0.000831627 E _f_ticks_s>=153.857 E _f_score<=47,35,0.8,0.6188781756963575,1.292661514683153
4,_f_razao_fluxo<=0.741693 E _f_velocidade<=-0.216667 E _f_aceleracao<=-0.552272 E _f_ticks_s>=153.857,30,0.8,0.6188781756963575,1.292661514683153
4,_f_razao_fluxo>=1.33364 E _f_aceleracao<=-0.000831627 E _f_ticks_s>=153.857 E _f_score<=61,30,0.8,0.6188781756963575,1.292661514683153
4,_f_spread>=1 E _f_saldo>=0 E _f_razao_fluxo>=1 E _f_ticks_s>=153.857,25,0.8,0.6188781756963575,1.292661514683153
4,_f_spread>=1 E _f_saldo<=0 E _f_razao_fluxo<=1 E _f_ticks_s>=153.857,25,0.8,0.6188781756963575,1.292661514683153
4,_f_spread<=1 E _f_delta>=0 E _f_saldo<=0 E _f_aceleracao<=-0.552272,20,0.8,0.6188781756963575,1.292661514683153
4,_f_spread<=1 E _f_delta>=0 E _f_razao_fluxo>=1 E _f_aceleracao<=-0.552272,20,0.8,0.6188781756963575,1.292661514683153
4,_f_spread<=1.25 E _f_saldo<=-17 E _f_velocidade>=0.205388 E _f_ticks_s<=42.0552,20,0.8,0.6188781756963575,1.292661514683153
4,_f_delta<=0 E _f_saldo>=0 E _f_ticks_s>=153.857 E _f_score>=61,20,0.8,0.6188781756963575,1.292661514683153
4,_f_delta<=0 E _f_razao_fluxo<=1 E _f_ticks_s>=153.857 E _f_score>=61,20,0.8,0.6188781756963575,1.292661514683153
4,_f_spread>=1.25 E _f_saldo>=0 E _f_razao_fluxo>=1 E _f_ticks_s>=153.857,15,0.8,0.6188781756963575,1.292661514683153
4,_f_spread>=1.25 E _f_saldo<=0 E _f_razao_fluxo<=1 E _f_ticks_s>=153.857,15,0.8,0.6188781756963575,1.292661514683153
4,_f_delta<=-16 E _f_velocidade<=-0.216667 E _f_ticks_s>=153.857 E _f_score<=47,10,0.8,0.6188781756963575,1.292661514683153
4,_f_delta<=16 E _f_razao_fluxo<=0.741693 E _f_velocidade<=0.205388 E _f_ticks_s>=153.857,10,0.8,0.6188781756963575,1.292661514683153
4,_f_saldo<=-17 E _f_razao_fluxo<=1.33364 E _f_ticks_s<=42.0552 E _f_score<=47,10,0.8,0.6188781756963575,1.292661514683153
4,_f_saldo<=19 E _f_razao_fluxo<=0.741693 E _f_aceleracao<=-0.000831627 E _f_ticks_s>=153.857,10,0.8,0.6188781756963575,1.292661514683153
4,_f_razao_fluxo>=1.33364 E _f_velocidade<=-0.216667 E _f_aceleracao<=-0.000831627 E _f_score<=47,10,0.8,0.6188781756963575,1.292661514683153
4,_f_saldo>=-17 E _f_razao_fluxo>=1 E _f_velocidade>=0.205388 E _f_ticks_s>=153.857,183,0.7978142076502732,0.6188781756963575,1.2891296526211773
4,_f_spread>=1.75 E _f_velocidade>=0 E _f_ticks_s>=153.857 E _f_score<=47,74,0.7972972972972973,0.6188781756963575,1.2882944149713855
4,_f_razao_fluxo>=1.33364 E _f_aceleracao<=0.543681 E _f_ticks_s>=153.857 E _f_score<=61,64,0.796875,0.6188781756963575,1.287612055641422
4,_f_delta<=0 E _f_saldo>=0 E _f_razao_fluxo>=1 E _f_aceleracao<=-0.552272,59,0.7966101694915254,0.6188781756963575,1.2871841353836482
4,_f_delta<=0 E _f_saldo<=0 E _f_razao_fluxo<=1 E _f_aceleracao<=-0.552272,59,0.7966101694915254,0.6188781756963575,1.2871841353836482
4,_f_spread>=1 E _f_delta<=0 E _f_ticks_s>=153.857 E _f_score<=47,172,0.7965116279069767,0.6188781756963575,1.2870249092412207
4,_f_delta<=-16 E _f_velocidade>=0.205388 E _f_aceleracao>=-0.552272 E _f_score>=77,49,0.7959183673469388,0.6188781756963575,1.286066302873545
4,_f_saldo>=19 E _f_velocidade<=-0.216667 E _f_ticks_s>=153.857 E _f_score<=61,273,0.7948717948717948,0.6188781756963575,1.2843752229223635
4,_f_spread<=1.25 E _f_delta<=16 E _f_saldo>=19 E _f_aceleracao>=0.543681,39,0.7948717948717948,0.6188781756963575,1.2843752229223635
4,_f_saldo>=0 E _f_aceleracao>=-0.000831627 E _f_ticks_s>=153.857 E _f_score<=47,112,0.7946428571428571,0.6188781756963575,1.2840052991830426
4,_f_razao_fluxo<=1 E _f_aceleracao>=-0.000831627 E _f_ticks_s>=153.857 E _f_score<=47,112,0.7946428571428571,0.6188781756963575,1.2840052991830426
4,_f_velocidade>=0.205388 E _f_aceleracao>=0.543681 E _f_ticks_s>=72.5852 E _f_score<=47,73,0.7945205479452054,0.6188781756963575,1.2838076686921724
4,_f_razao_fluxo<=0.741693 E _f_aceleracao>=-0.000831627 E _f_ticks_s>=72.5852 E _f_score<=47,102,0.7941176470588235,0.6188781756963575,1.2831566506046004
4,_f_delta>=0 E _f_saldo<=0 E _f_ticks_s>=72.5852 E _f_score>=61,34,0.7941176470588235,0.6188781756963575,1.2831566506046004
4,_f_delta>=0 E _f_razao_fluxo>=1 E _f_ticks_s>=72.5852 E _f_score>=61,34,0.7941176470588235,0.6188781756963575,1.2831566506046004
4,_f_delta<=0 E _f_saldo>=0 E _f_velocidade<=0 E _f_ticks_s>=153.857,34,0.7941176470588235,0.6188781756963575,1.2831566506046004
4,_f_delta<=0 E _f_razao_fluxo<=1 E _f_velocidade<=0 E _f_ticks_s>=153.857,34,0.7941176470588235,0.6188781756963575,1.2831566506046004
4,_f_delta<=16 E _f_saldo>=19 E _f_razao_fluxo>=0.741693 E _f_score>=77,34,0.7941176470588235,0.6188781756963575,1.2831566506046004
4,_f_delta<=16 E _f_saldo>=19 E _f_ticks_s>=153.857 E _f_score>=47,58,0.7931034482758621,0.6188781756963575,1.2815178809358845
4,_f_velocidade>=0.205388 E _f_aceleracao>=-0.000831627 E _f_ticks_s>=153.857 E _f_score<=47,29,0.7931034482758621,0.6188781756963575,1.2815178809358845
4,_f_spread>=1.25 E _f_saldo<=-17 E _f_ticks_s>=72.5852 E _f_score<=47,144,0.7916666666666666,0.6188781756963575,1.2791962905718701
4,_f_spread<=1 E _f_razao_fluxo<=0.741693 E _f_velocidade<=-0.216667 E _f_ticks_s>=153.857,48,0.7916666666666666,0.6188781756963575,1.2791962905718701
4,_f_spread>=1.75 E _f_delta<=0 E _f_velocidade>=0 E _f_score>=77,24,0.7916666666666666,0.6188781756963575,1.2791962905718701
4,_f_spread>=1.75 E _f_saldo>=19 E _f_ticks_s>=153.857 E _f_score<=47,24,0.7916666666666666,0.6188781756963575,1.2791962905718701
4,_f_spread>=1.75 E _f_velocidade>=0.205388 E _f_aceleracao<=-0.552272 E _f_score>=77,24,0.7916666666666666,0.6188781756963575,1.2791962905718701
4,_f_delta>=-16 E _f_saldo<=-17 E _f_ticks_s<=42.0552 E _f_score<=47,24,0.7916666666666666,0.6188781756963575,1.2791962905718701
4,_f_spread>=1 E _f_saldo<=0 E _f_velocidade>=0.205388 E _f_score>=77,91,0.7912087912087912,0.6188781756963575,1.2784564430932281
4,_f_spread>=1 E _f_razao_fluxo>=1 E _f_velocidade>=0.205388 E _f_score>=77,91,0.7912087912087912,0.6188781756963575,1.2784564430932281
4,_f_spread>=1.75 E _f_razao_fluxo<=0.741693 E _f_ticks_s>=153.857 E _f_score<=61,43,0.7906976744186046,0.6188781756963575,1.2776305668380001
4,_f_saldo<=-17 E _f_aceleracao>=-0.000831627 E _f_ticks_s>=72.5852 E _f_score<=47,124,0.7903225806451613,0.6188781756963575,1.2770244802313406
4,_f_delta>=16 E _f_saldo<=19 E _f_aceleracao>=-0.000831627 E _f_ticks_s>=153.857,62,0.7903225806451613,0.6188781756963575,1.2770244802313406
4,_f_razao_fluxo>=1.33364 E _f_aceleracao<=-0.552272 E _f_ticks_s>=153.857 E _f_score<=77,62,0.7903225806451613,0.6188781756963575,1.2770244802313406
4,_f_delta>=16 E _f_velocidade<=-0.216667 E _f_ticks_s>=153.857 E _f_score<=61,276,0.7898550724637681,0.6188781756963575,1.2762690679389825
4,_f_spread<=1.25 E _f_saldo<=-17 E _f_velocidade>=0.205388 E _f_score<=47,19,0.7894736842105263,0.6188781756963575,1.2756528105425853
4,_f_delta>=16 E _f_velocidade>=0 E _f_aceleracao>=-0.000831627 E _f_score<=47,19,0.7894736842105263,0.6188781756963575,1.2756528105425853
4,_f_delta<=0 E _f_saldo>=0 E _f_aceleracao<=-0.552272 E _f_ticks_s>=72.5852,90,0.7888888888888889,0.6188781756963575,1.274707882534776
4,_f_delta<=0 E _f_razao_fluxo<=1 E _f_aceleracao<=-0.552272 E _f_ticks_s>=72.5852,90,0.7888888888888889,0.6188781756963575,1.274707882534776
4,_f_spread<=1.25 E _f_delta<=16 E _f_saldo>=19 E _f_velocidade>=0.205388,52,0.7884615384615384,0.6188781756963575,1.2740173582213767
4,_f_delta<=-16 E _f_velocidade>=0 E _f_aceleracao>=-0.000831627 E _f_score>=77,52,0.7884615384615384,0.6188781756963575,1.2740173582213767
4,_f_spread>=1.25 E _f_aceleracao>=-0.000831627 E _f_ticks_s>=153.857 E _f_score<=47,99,0.7878787878787878,0.6188781756963575,1.2730757341576506
4,_f_spread<=1 E _f_delta<=16 E _f_saldo>=19 E _f_aceleracao<=-0.552272,33,0.7878787878787878,0.6188781756963575,1.2730757341576506
4,_f_saldo>=0 E _f_razao_fluxo>=1 E _f_ticks_s>=153.857 E _f_score<=61,33,0.7878787878787878,0.6188781756963575,1.2730757341576506
4,_f_saldo<=0 E _f_razao_fluxo<=1 E _f_ticks_s>=153.857 E _f_score<=61,33,0.7878787878787878,0.6188781756963575,1.2730757341576506
4,_f_razao_fluxo>=1.33364 E _f_velocidade>=0 E _f_aceleracao<=-0.552272 E _f_ticks_s>=153.857,47,0.7872340425531915,0.6188781756963575,1.272033937321188
4,_f_spread<=1 E _f_saldo>=19 E _f_velocidade<=-0.216667 E _f_aceleracao<=-0.552272,155,0.7870967741935484,0.6188781756963575,1.27181213541407
4,_f_spread>=1.75 E _f_delta>=0 E _f_velocidade<=-0.216667 E _f_ticks_s>=153.857,61,0.7868852459016393,0.6188781756963575,1.271470342311298
4,_f_saldo>=0 E _f_aceleracao>=0.543681 E _f_ticks_s>=153.857 E _f_score<=47,61,0.7868852459016393,0.6188781756963575,1.271470342311298
4,_f_razao_fluxo<=1 E _f_aceleracao>=0.543681 E _f_ticks_s>=153.857 E _f_score<=47,61,0.7868852459016393,0.6188781756963575,1.271470342311298
4,_f_spread>=1.25 E _f_velocidade<=0 E _f_aceleracao>=-0.000831627 E _f_ticks_s>=153.857,266,0.7857142857142857,0.6188781756963575,1.2695782733495253
4,_f_razao_fluxo<=0.741693 E _f_aceleracao<=-0.552272 E _f_ticks_s>=153.857 E _f_score>=77,70,0.7857142857142857,0.6188781756963575,1.2695782733495253
4,_f_saldo>=19 E _f_razao_fluxo>=0.741693 E _f_ticks_s>=153.857 E _f_score<=47,42,0.7857142857142857,0.6188781756963575,1.2695782733495253
4,_f_delta>=16 E _f_velocidade>=-0.216667 E _f_aceleracao>=0.543681 E _f_score<=47,28,0.7857142857142857,0.6188781756963575,1.2695782733495253
4,_f_saldo<=-17 E _f_velocidade<=-0.216667 E _f_ticks_s>=72.5852 E _f_score<=47,28,0.7857142857142857,0.6188781756963575,1.2695782733495253
4,_f_saldo<=-17 E _f_velocidade>=0 E _f_ticks_s>=153.857 E _f_score<=47,28,0.7857142857142857,0.6188781756963575,1.2695782733495253
4,_f_saldo>=0 E _f_razao_fluxo>=1 E _f_velocidade>=-0.216667 E _f_ticks_s>=153.857,28,0.7857142857142857,0.6188781756963575,1.2695782733495253
4,_f_saldo>=0 E _f_razao_fluxo>=1 E _f_velocidade>=0.205388 E _f_aceleracao<=-0.000831627,28,0.7857142857142857,0.6188781756963575,1.2695782733495253
4,_f_saldo<=0 E _f_razao_fluxo<=1 E _f_velocidade>=-0.216667 E _f_ticks_s>=153.857,28,0.7857142857142857,0.6188781756963575,1.2695782733495253
4,_f_saldo<=0 E _f_razao_fluxo<=1 E _f_velocidade>=0.205388 E _f_aceleracao<=-0.000831627,28,0.7857142857142857,0.6188781756963575,1.2695782733495253
4,_f_delta>=0 E _f_saldo<=0 E _f_aceleracao<=-0.000831627 E _f_score>=77,14,0.7857142857142857,0.6188781756963575,1.2695782733495253
4,_f_delta>=0 E _f_razao_fluxo>=1 E _f_aceleracao<=-0.000831627 E _f_score>=77,14,0.7857142857142857,0.6188781756963575,1.2695782733495253
4,_f_spread>=1 E _f_delta<=0 E _f_velocidade>=0.205388 E _f_score>=77,102,0.7843137254901961,0.6188781756963575,1.2673152104736793
4,_f_velocidade>=0.205388 E _f_aceleracao>=0.543681 E _f_ticks_s>=42.0552 E _f_score<=47,102,0.7843137254901961,0.6188781756963575,1.2673152104736793
4,_f_spread>=1 E _f_delta<=0 E _f_saldo>=0 E _f_ticks_s>=153.857,51,0.7843137254901961,0.6188781756963575,1.2673152104736793
4,_f_spread>=1 E _f_delta<=0 E _f_razao_fluxo<=1 E _f_ticks_s>=153.857,51,0.7843137254901961,0.6188781756963575,1.2673152104736793
4,_f_delta>=0 E _f_saldo<=0 E _f_aceleracao<=-0.552272 E _f_score>=47,51,0.7843137254901961,0.6188781756963575,1.2673152104736793
4,_f_delta>=0 E _f_razao_fluxo>=1 E _f_aceleracao<=-0.552272 E _f_score>=47,51,0.7843137254901961,0.6188781756963575,1.2673152104736793
4,_f_delta<=0 E _f_saldo>=0 E _f_velocidade<=-0.216667 E _f_aceleracao>=0.543681,51,0.7843137254901961,0.6188781756963575,1.2673152104736793
4,_f_delta<=0 E _f_razao_fluxo<=1 E _f_velocidade<=-0.216667 E _f_aceleracao>=0.543681,51,0.7843137254901961,0.6188781756963575,1.2673152104736793
4,_f_saldo>=19 E _f_velocidade<=-0.216667 E _f_ticks_s>=72.5852 E _f_score<=47,88,0.7840909090909091,0.6188781756963575,1.2669551777434311
4,_f_spread>=1.75 E _f_delta<=16 E _f_ticks_s>=153.857 E _f_score<=47,125,0.784,0.6188781756963575,1.2668082843894901
4,_f_spread>=1.75 E _f_saldo>=19 E _f_velocidade<=-0.216667 E _f_ticks_s>=153.857,37,0.7837837837837838,0.6188781756963575,1.2664589164125486
4,_f_delta<=-16 E _f_velocidade<=0.205388 E _f_ticks_s>=153.857 E _f_score<=47,37,0.7837837837837838,0.6188781756963575,1.2664589164125486
4,_f_delta<=-16 E _f_aceleracao>=-0.000831627 E _f_ticks_s>=153.857 E _f_score<=47,37,0.7837837837837838,0.6188781756963575,1.2664589164125486
4,_f_saldo>=19 E _f_velocidade<=0 E _f_ticks_s>=153.857 E _f_score<=47,37,0.7837837837837838,0.6188781756963575,1.2664589164125486
4,_f_spread>=1.25 E _f_velocidade<=-0.216667 E _f_aceleracao>=-0.000831627 E _f_ticks_s>=153.857,194,0.7835051546391752,0.6188781756963575,1.2660086999474178
4,_f_spread>=1.75 E _f_saldo>=0 E _f_velocidade<=-0.216667 E _f_ticks_s>=153.857,60,0.7833333333333333,0.6188781756963575,1.2657310664605874
4,_f_spread>=1.75 E _f_razao_fluxo<=1 E _f_velocidade<=-0.216667 E _f_ticks_s>=153.857,60,0.7833333333333333,0.6188781756963575,1.2657310664605874
4,_f_saldo<=0 E _f_aceleracao<=-0.552272 E _f_ticks_s>=153.857 E _f_score<=47,60,0.7833333333333333,0.6188781756963575,1.2657310664605874
4,_f_razao_fluxo>=1 E _f_aceleracao<=-0.552272 E _f_ticks_s>=153.857 E _f_score<=47,60,0.7833333333333333,0.6188781756963575,1.2657310664605874
4,_f_delta<=0 E _f_saldo>=-17 E _f_velocidade>=0.205388 E _f_ticks_s>=153.857,203,0.7832512315270936,0.6188781756963575,1.2655984041540722
4,_f_velocidade<=-0.216667 E _f_aceleracao<=-0.552272 E _f_ticks_s>=153.857 E _f_score<=61,152,0.7828947368421053,0.6188781756963575,1.2650223704547305
4,_f_delta>=16 E _f_velocidade<=-0.216667 E _f_aceleracao<=-0.552272 E _f_ticks_s>=153.857,161,0.782608695652174,0.6188781756963575,1.2645601774074324
4,_f_spread>=1.75 E _f_saldo<=-17 E _f_ticks_s>=153.857 E _f_score<=61,46,0.782608695652174,0.6188781756963575,1.2645601774074324
4,_f_delta<=-16 E _f_velocidade>=0.205388 E _f_aceleracao>=-0.000831627 E _f_score>=77,46,0.782608695652174,0.6188781756963575,1.2645601774074324
4,_f_saldo<=-17 E _f_velocidade>=0.205388 E _f_aceleracao>=-0.552272 E _f_score>=77,46,0.782608695652174,0.6188781756963575,1.2645601774074324
4,_f_spread<=1.25 E _f_delta<=-16 E _f_velocidade>=0.205388 E _f_ticks_s<=42.0552,23,0.782608695652174,0.6188781756963575,1.2645601774074324
4,_f_delta<=-16 E _f_saldo>=-17 E _f_velocidade>=0.205388 E _f_aceleracao>=0.543681,23,0.782608695652174,0.6188781756963575,1.2645601774074324
4,_f_delta<=-16 E _f_velocidade>=0.205388 E _f_ticks_s<=153.857 E _f_score>=77,23,0.782608695652174,0.6188781756963575,1.2645601774074324
4,_f_delta<=16 E _f_saldo>=19 E _f_velocidade<=-0.216667 E _f_ticks_s>=153.857,23,0.782608695652174,0.6188781756963575,1.2645601774074324
4,_f_razao_fluxo<=0.741693 E _f_velocidade<=0 E _f_aceleracao>=0.543681 E _f_score>=77,23,0.782608695652174,0.6188781756963575,1.2645601774074324
4,_f_razao_fluxo<=0.741693 E _f_velocidade>=0.205388 E _f_aceleracao>=-0.000831627 E _f_score<=47,23,0.782608695652174,0.6188781756963575,1.2645601774074324
4,_f_saldo<=-17 E _f_velocidade>=0.205388 E _f_aceleracao>=-0.000831627 E _f_score<=47,55,0.7818181818181819,0.6188781756963575,1.2632828438948995
4,_f_delta>=16 E _f_velocidade<=0 E _f_aceleracao>=0.543681 E _f_score>=77,64,0.78125,0.6188781756963575,1.2623647604327666
4,_f_saldo>=19 E _f_velocidade<=0 E _f_aceleracao>=0.543681 E _f_score>=77,64,0.78125,0.6188781756963575,1.2623647604327666
4,_f_spread<=1 E _f_delta<=16 E _f_saldo>=19 E _f_velocidade>=0.205388,32,0.78125,0.6188781756963575,1.2623647604327666
4,_f_spread<=1.25 E _f_saldo>=19 E _f_ticks_s>=153.857 E _f_score<=47,32,0.78125,0.6188781756963575,1.2623647604327666
4,_f_delta>=0 E _f_velocidade<=-0.216667 E _f_aceleracao>=0.543681 E _f_score>=77,32,0.78125,0.6188781756963575,1.2623647604327666
4,_f_saldo>=0 E _f_velocidade<=-0.216667 E _f_aceleracao>=0.543681 E _f_score>=77,32,0.78125,0.6188781756963575,1.2623647604327666
4,_f_razao_fluxo<=1 E _f_velocidade<=-0.216667 E _f_aceleracao>=0.543681 E _f_score>=77,32,0.78125,0.6188781756963575,1.2623647604327666
4,_f_spread>=1.75 E _f_velocidade>=-0.216667 E _f_ticks_s>=153.857 E _f_score<=47,105,0.780952380952381,0.6188781756963575,1.2618838595716495
4,_f_spread>=1.75 E _f_velocidade<=0.205388 E _f_ticks_s>=153.857 E _f_score<=47,105,0.780952380952381,0.6188781756963575,1.2618838595716495
4,_f_saldo<=-17 E _f_aceleracao<=0.543681 E _f_ticks_s>=72.5852 E _f_score<=47,105,0.780952380952381,0.6188781756963575,1.2618838595716495
4,_f_spread>=1 E _f_saldo<=-17 E _f_ticks_s>=72.5852 E _f_score<=47,155,0.7806451612903226,0.6188781756963575,1.2613874457795284
4,_f_saldo>=19 E _f_velocidade<=-0.216667 E _f_aceleracao<=-0.552272 E _f_ticks_s>=153.857,164,0.7804878048780488,0.6188781756963575,1.2611331850567347
4,_f_delta<=16 E _f_saldo>=19 E _f_aceleracao<=-0.000831627 E _f_ticks_s>=153.857,41,0.7804878048780488,0.6188781756963575,1.2611331850567347
4,_f_spread>=1.75 E _f_razao_fluxo<=1.33364 E _f_ticks_s>=153.857 E _f_score<=47,132,0.7803030303030303,0.6188781756963575,1.2608346213292116
4,_f_spread<=1.25 E _f_saldo>=19 E _f_velocidade<=-0.216667 E _f_aceleracao<=-0.552272,191,0.7801047120418848,0.6188781756963575,1.2605141733494096
4,_f_delta>=-16 E _f_saldo<=0 E _f_velocidade>=0.205388 E _f_ticks_s>=153.857,191,0.7801047120418848,0.6188781756963575,1.2605141733494096
4,_f_delta>=-16 E _f_razao_fluxo>=1 E _f_velocidade>=0.205388 E _f_ticks_s>=153.857,191,0.7801047120418848,0.6188781756963575,1.2605141733494096
4,_f_spread>=1.25 E _f_saldo<=0 E _f_ticks_s>=153.857 E _f_score<=47,100,0.78,0.6188781756963575,1.2603449768160742
4,_f_spread>=1.25 E _f_razao_fluxo>=1 E _f_ticks_s>=153.857 E _f_score<=47,100,0.78,0.6188781756963575,1.2603449768160742
4,_f_spread>=1.25 E _f_delta<=-16 E _f_aceleracao>=0.543681 E _f_ticks_s>=153.857,136,0.7794117647058824,0.6188781756963575,1.259394490408219
4,_f_spread>=1.25 E _f_aceleracao>=-0.552272 E _f_ticks_s>=153.857 E _f_score<=47,136,0.7794117647058824,0.6188781756963575,1.259394490408219
4,_f_razao_fluxo>=1.33364 E _f_velocidade>=-0.216667 E _f_aceleracao<=-0.552272 E _f_ticks_s>=153.857,77,0.7792207792207793,0.6188781756963575,1.2590858909251492
4,_f_spread>=1 E _f_saldo<=0 E _f_ticks_s>=153.857 E _f_score<=47,163,0.7791411042944786,0.6188781756963575,1.2589571500365064
4,_f_spread>=1 E _f_razao_fluxo>=1 E _f_ticks_s>=153.857 E _f_score<=47,163,0.7791411042944786,0.6188781756963575,1.2589571500365064
4,_f_delta>=16 E _f_velocidade<=0 E _f_ticks_s>=153.857 E _f_score>=77,86,0.7790697674418605,0.6188781756963575,1.258841882031559
4,_f_spread<=1.25 E _f_delta>=16 E _f_velocidade<=-0.216667 E _f_aceleracao<=-0.552272,190,0.7789473684210526,0.6188781756963575,1.2586441064020173
4,_f_spread>=1 E _f_saldo<=-17 E _f_razao_fluxo<=1.33364 E _f_score<=47,95,0.7789473684210526,0.6188781756963575,1.2586441064020173
4,_f_spread>=1.75 E _f_velocidade<=0 E _f_aceleracao>=-0.000831627 E _f_ticks_s>=153.857,113,0.7787610619469026,0.6188781756963575,1.25834306739068
4,_f_delta>=16 E _f_velocidade<=-0.216667 E _f_aceleracao<=-0.552272 E _f_ticks_s>=72.5852,235,0.7787234042553192,0.6188781756963575,1.2582822190798777
4,_f_spread<=1 E _f_delta>=16 E _f_velocidade<=-0.216667 E _f_aceleracao<=-0.552272,158,0.7784810126582279,0.6188781756963575,1.2578905562185747
4,_f_saldo>=19 E _f_velocidade<=-0.216667 E _f_aceleracao<=0.543681 E _f_ticks_s>=153.857,320,0.778125,0.6188781756963575,1.2573153013910354
4,_f_spread>=1.25 E _f_delta<=-16 E _f_razao_fluxo<=1.33364 E _f_ticks_s>=153.857,189,0.7777777777777778,0.6188781756963575,1.2567542503863989
4,_f_spread>=1.25 E _f_delta<=16 E _f_ticks_s>=153.857 E _f_score<=47,180,0.7777777777777778,0.6188781756963575,1.2567542503863989
4,_f_velocidade<=-0.216667 E _f_aceleracao>=-0.000831627 E _f_ticks_s>=153.857 E _f_score<=47,117,0.7777777777777778,0.6188781756963575,1.2567542503863989
4,_f_delta>=-16 E _f_saldo<=-17 E _f_aceleracao<=0.543681 E _f_score<=47,72,0.7777777777777778,0.6188781756963575,1.2567542503863989
4,_f_spread>=1.75 E _f_saldo>=19 E _f_razao_fluxo>=0.741693 E _f_ticks_s>=153.857,54,0.7777777777777778,0.6188781756963575,1.2567542503863989
4,_f_delta>=16 E _f_velocidade>=0 E _f_aceleracao>=0.543681 E _f_score<=61,45,0.7777777777777778,0.6188781756963575,1.2567542503863989
4,_f_spread>=1.75 E _f_saldo>=19 E _f_aceleracao<=-0.552272 E _f_score>=77,36,0.7777777777777778,0.6188781756963575,1.2567542503863989
4,_f_spread<=1.75 E _f_saldo>=19 E _f_aceleracao>=0.543681 E _f_score<=47,36,0.7777777777777778,0.6188781756963575,1.2567542503863989
4,_f_spread<=1 E _f_delta<=16 E _f_saldo>=19 E _f_aceleracao>=0.543681,27,0.7777777777777778,0.6188781756963575,1.2567542503863989
4,_f_spread<=1.25 E _f_razao_fluxo>=1.33364 E _f_velocidade>=0.205388 E _f_score<=47,27,0.7777777777777778,0.6188781756963575,1.2567542503863989
4,_f_delta<=0 E _f_saldo>=0 E _f_razao_fluxo>=1 E _f_ticks_s>=153.857,27,0.7777777777777778,0.6188781756963575,1.2567542503863989
4,_f_delta<=0 E _f_saldo<=0 E _f_razao_fluxo<=1 E _f_ticks_s>=153.857,27,0.7777777777777778,0.6188781756963575,1.2567542503863989
4,_f_saldo<=-17 E _f_velocidade<=0 E _f_ticks_s>=153.857 E _f_score<=47,27,0.7777777777777778,0.6188781756963575,1.2567542503863989
4,_f_spread>=1.75 E _f_delta>=0 E _f_saldo<=0 E _f_score>=61,18,0.7777777777777778,0.6188781756963575,1.2567542503863989
4,_f_spread>=1.75 E _f_delta>=0 E _f_razao_fluxo>=1 E _f_score>=61,18,0.7777777777777778,0.6188781756963575,1.2567542503863989
4,_f_delta>=-16 E _f_saldo<=-17 E _f_velocidade<=-0.216667 E _f_score<=47,18,0.7777777777777778,0.6188781756963575,1.2567542503863989
4,_f_delta>=-16 E _f_saldo<=-17 E _f_ticks_s>=153.857 E _f_score<=47,18,0.7777777777777778,0.6188781756963575,1.2567542503863989
4,_f_spread>=1.75 E _f_saldo<=-17 E _f_ticks_s>=72.5852 E _f_score<=47,112,0.7767857142857143,0.6188781756963575,1.255151247516008
4,_f_delta<=16 E _f_saldo>=0 E _f_aceleracao>=-0.000831627 E _f_ticks_s>=153.857,327,0.7767584097859327,0.6188781756963575,1.2551071281709514
4,_f_delta<=16 E _f_razao_fluxo<=1 E _f_aceleracao>=-0.000831627 E _f_ticks_s>=153.857,327,0.7767584097859327,0.6188781756963575,1.2551071281709514
4,_f_spread>=1.75 E _f_aceleracao<=0.543681 E _f_ticks_s>=153.857 E _f_score<=47,103,0.7766990291262136,0.6188781756963575,1.2550111793040322
4,_f_saldo>=19 E _f_velocidade<=-0.216667 E _f_ticks_s>=153.857 E _f_score<=77,438,0.776255707762557,0.6188781756963575,1.2542948487222374
4,_f_spread>=1.25 E _f_velocidade>=-0.216667 E _f_ticks_s>=153.857 E _f_score<=47,143,0.7762237762237763,0.6188781756963575,1.2542432528831293
4,_f_spread>=1.75 E _f_aceleracao>=-0.000831627 E _f_ticks_s>=153.857 E _f_score<=47,67,0.7761194029850746,0.6188781756963575,1.254074603797089
4,_f_razao_fluxo>=1.33364 E _f_velocidade>=0.205388 E _f_ticks_s>=72.5852 E _f_score<=47,67,0.7761194029850746,0.6188781756963575,1.254074603797089
4,_f_spread>=1.25 E _f_delta<=-16 E _f_aceleracao>=-0.000831627 E _f_ticks_s>=153.857,174,0.7758620689655172,0.6188781756963575,1.253658796567713
4,_f_delta<=16 E _f_saldo>=19 E _f_velocidade<=-0.216667 E _f_score<=47,58,0.7758620689655172,0.6188781756963575,1.253658796567713
4,_f_saldo<=-17 E _f_aceleracao>=-0.552272 E _f_ticks_s>=72.5852 E _f_score<=47,165,0.7757575757575758,0.6188781756963575,1.2534899536321484
4,_f_spread>=1.25 E _f_velocidade<=0 E _f_aceleracao>=-0.552272 E _f_ticks_s>=153.857,343,0.7755102040816326,0.6188781756963575,1.2530902438255054
4,_f_spread>=1.75 E _f_velocidade<=-0.216667 E _f_aceleracao>=0.543681 E _f_ticks_s>=153.857,49,0.7755102040816326,0.6188781756963575,1.2530902438255054
4,_f_spread>=1.75 E _f_aceleracao<=-0.552272 E _f_ticks_s>=153.857 E _f_score<=47,49,0.7755102040816326,0.6188781756963575,1.2530902438255054
4,_f_delta<=-16 E _f_razao_fluxo<=1.33364 E _f_velocidade>=0.205388 E _f_score>=77,49,0.7755102040816326,0.6188781756963575,1.2530902438255054
4,_f_saldo<=-17 E _f_velocidade>=0 E _f_aceleracao>=-0.000831627 E _f_score>=77,49,0.7755102040816326,0.6188781756963575,1.2530902438255054
4,_f_saldo>=19 E _f_velocidade<=0 E _f_ticks_s>=153.857 E _f_score>=77,89,0.7752808988764045,0.6188781756963575,1.2527197263081118
4,_f_spread>=1.75 E _f_razao_fluxo>=0.741693 E _f_ticks_s>=153.857 E _f_score<=47,129,0.7751937984496124,0.6188781756963575,1.2525789870960786
4,_f_delta<=0 E _f_velocidade<=-0.216667 E _f_ticks_s>=153.857 E _f_score<=47,80,0.775,0.6188781756963575,1.2522658423493045
4,_f_spread>=1.75 E _f_delta>=16 E _f_ticks_s>=153.857 E _f_score<=61,62,0.7741935483870968,0.6188781756963575,1.2509627561449868
4,_f_delta<=-16 E _f_velocidade>=0.205388 E _f_aceleracao<=0.543681 E _f_score>=77,31,0.7741935483870968,0.6188781756963575,1.2509627561449868
4,_f_saldo<=-17 E _f_velocidade>=0.205388 E _f_aceleracao<=0.543681 E _f_score>=77,31,0.7741935483870968,0.6188781756963575,1.2509627561449868
4,_f_spread>=1.25 E _f_velocidade<=0.205388 E _f_aceleracao>=-0.000831627 E _f_ticks_s>=153.857,323,0.7739938080495357,0.6188781756963575,1.250640010335868
3,_f_spread>=1.75 E _f_ticks_s>=153.857 E _f_score<=47,146,0.773972602739726,0.6188781756963575,1.2506057462259956
4,_f_spread>=1.75 E _f_razao_fluxo<=1.33364 E _f_velocidade<=-0.216667 E _f_ticks_s>=153.857,115,0.7739130434782608,0.6188781756963575,1.250509508769572
4,_f_saldo<=0 E _f_razao_fluxo<=1.33364 E _f_velocidade>=0.205388 E _f_score>=77,106,0.7735849056603774,0.6188781756963575,1.2499792948587094
4,_f_saldo<=19 E _f_velocidade>=0.205388 E _f_ticks_s>=153.857 E _f_score>=77,106,0.7735849056603774,0.6188781756963575,1.2499792948587094
4,_f_saldo>=0 E _f_aceleracao>=0.543681 E _f_ticks_s>=153.857 E _f_score<=61,256,0.7734375,0.6188781756963575,1.249741112828439
4,_f_razao_fluxo<=1 E _f_aceleracao>=0.543681 E _f_ticks_s>=153.857 E _f_score<=61,256,0.7734375,0.6188781756963575,1.249741112828439
4,_f_razao_fluxo<=0.741693 E _f_velocidade<=0 E _f_aceleracao>=-0.000831627 E _f_ticks_s>=153.857,75,0.7733333333333333,0.6188781756963575,1.2495727975270479
4,_f_saldo>=19 E _f_velocidade<=-0.216667 E _f_aceleracao<=-0.000831627 E _f_ticks_s>=153.857,247,0.7732793522267206,0.6188781756963575,1.2494855734032502
4,_f_spread>=1.75 E _f_aceleracao>=-0.552272 E _f_ticks_s>=153.857 E _f_score<=47,97,0.7731958762886598,0.6188781756963575,1.2493506907375835
4,_f_saldo>=19 E _f_razao_fluxo<=0.741693 E _f_velocidade<=-0.216667 E _f_score<=47,97,0.7731958762886598,0.6188781756963575,1.2493506907375835
4,_f_saldo>=19 E _f_aceleracao>=0.543681 E _f_ticks_s>=153.857 E _f_score<=61,119,0.773109243697479,0.6188781756963575,1.2492107074669125
4,_f_spread>=1 E _f_aceleracao>=-0.000831627 E _f_ticks_s>=153.857 E _f_score<=47,163,0.7730061349693251,0.6188781756963575,1.249044101611022
4,_f_spread>=1.75 E _f_saldo<=0 E _f_razao_fluxo<=1.33364 E _f_ticks_s>=153.857,132,0.7727272727272727,0.6188781756963575,1.2485935085007729
4,_f_delta<=-16 E _f_velocidade>=0 E _f_ticks_s>=153.857 E _f_score>=77,66,0.7727272727272727,0.6188781756963575,1.2485935085007729
4,_f_saldo<=-17 E _f_velocidade>=0 E _f_ticks_s>=153.857 E _f_score>=77,66,0.7727272727272727,0.6188781756963575,1.2485935085007729
4,_f_saldo<=-17 E _f_aceleracao>=-0.552272 E _f_ticks_s>=153.857 E _f_score<=47,44,0.7727272727272727,0.6188781756963575,1.2485935085007729
4,_f_spread<=1 E _f_delta<=-16 E _f_velocidade>=0.205388 E _f_ticks_s<=72.5852,22,0.7727272727272727,0.6188781756963575,1.2485935085007729
4,_f_spread>=1.75 E _f_delta<=0 E _f_saldo>=0 E _f_ticks_s>=153.857,22,0.7727272727272727,0.6188781756963575,1.2485935085007729
4,_f_spread>=1.75 E _f_delta<=0 E _f_razao_fluxo<=1 E _f_ticks_s>=153.857,22,0.7727272727272727,0.6188781756963575,1.2485935085007729
4,_f_delta<=-16 E _f_saldo>=-17 E _f_velocidade>=0.205388 E _f_score>=61,22,0.7727272727272727,0.6188781756963575,1.2485935085007729
4,_f_delta>=0 E _f_saldo<=0 E _f_aceleracao<=-0.552272 E _f_score>=61,22,0.7727272727272727,0.6188781756963575,1.2485935085007729
4,_f_delta>=0 E _f_razao_fluxo>=1 E _f_aceleracao<=-0.552272 E _f_score>=61,22,0.7727272727272727,0.6188781756963575,1.2485935085007729
4,_f_spread>=1.75 E _f_saldo<=19 E _f_ticks_s>=153.857 E _f_score<=47,123,0.7723577235772358,0.6188781756963575,1.247996381045727
4,_f_spread>=1 E _f_aceleracao<=0.543681 E _f_ticks_s>=153.857 E _f_score<=47,224,0.7723214285714286,0.6188781756963575,1.2479377345992493
4,_f_velocidade<=-0.216667 E _f_aceleracao<=-0.552272 E _f_ticks_s>=153.857 E _f_score<=77,281,0.7722419928825622,0.6188781756963575,1.247809380276887
4,_f_spread>=1 E _f_razao_fluxo<=0.741693 E _f_velocidade<=0 E _f_ticks_s>=153.857,79,0.7721518987341772,0.6188781756963575,1.2476638037289927
4,_f_spread>=1.75 E _f_aceleracao<=-0.000831627 E _f_ticks_s>=153.857 E _f_score<=47,79,0.7721518987341772,0.6188781756963575,1.2476638037289927
4,_f_delta<=0 E _f_saldo>=0 E _f_ticks_s>=153.857 E _f_score<=77,79,0.7721518987341772,0.6188781756963575,1.2476638037289927
4,_f_delta<=0 E _f_razao_fluxo<=1 E _f_ticks_s>=153.857 E _f_score<=77,79,0.7721518987341772,0.6188781756963575,1.2476638037289927
4,_f_spread>=1 E _f_delta<=16 E _f_ticks_s>=153.857 E _f_score<=47,294,0.7721088435374149,0.6188781756963575,1.2475942339841655
4,_f_spread>=1.75 E _f_delta<=0 E _f_razao_fluxo<=1.33364 E _f_ticks_s>=153.857,136,0.7720588235294118,0.6188781756963575,1.2475134103100283
4,_f_spread>=1.75 E _f_razao_fluxo<=0.741693 E _f_velocidade<=-0.216667 E _f_ticks_s>=72.5852,136,0.7720588235294118,0.6188781756963575,1.2475134103100283
3,_f_saldo>=19 E _f_ticks_s>=153.857 E _f_score<=47,57,0.7719298245614035,0.6188781756963575,1.2473049703083054
4,_f_spread<=1.25 E _f_delta<=-16 E _f_velocidade>=0.205388 E _f_score>=77,57,0.7719298245614035,0.6188781756963575,1.2473049703083054
4,_f_spread>=1.75 E _f_saldo<=-17 E _f_razao_fluxo<=1.33364 E _f_score<=47,57,0.7719298245614035,0.6188781756963575,1.2473049703083054
4,_f_delta>=-16 E _f_saldo>=19 E _f_ticks_s>=153.857 E _f_score<=47,57,0.7719298245614035,0.6188781756963575,1.2473049703083054
4,_f_delta>=0 E _f_saldo>=19 E _f_ticks_s>=153.857 E _f_score<=47,57,0.7719298245614035,0.6188781756963575,1.2473049703083054
4,_f_saldo>=19 E _f_razao_fluxo<=1 E _f_ticks_s>=153.857 E _f_score<=47,57,0.7719298245614035,0.6188781756963575,1.2473049703083054
4,_f_saldo>=19 E _f_razao_fluxo<=1.33364 E _f_ticks_s>=153.857 E _f_score<=47,57,0.7719298245614035,0.6188781756963575,1.2473049703083054
4,_f_delta>=16 E _f_velocidade<=-0.216667 E _f_aceleracao<=0.543681 E _f_ticks_s>=153.857,320,0.771875,0.6188781756963575,1.2472163833075733
4,_f_spread>=1.25 E _f_velocidade<=0.205388 E _f_ticks_s>=153.857 E _f_score<=47,149,0.7718120805369127,0.6188781756963575,1.2471147163470018
4,_f_spread>=1 E _f_velocidade<=0 E _f_aceleracao>=-0.000831627 E _f_ticks_s>=153.857,792,0.7714646464646465,0.6188781756963575,1.2465533230293664
4,_f_saldo>=0 E _f_razao_fluxo>=1 E _f_aceleracao<=-0.552272 E _f_ticks_s>=42.0552,70,0.7714285714285715,0.6188781756963575,1.2464950320158976
4,_f_saldo<=0 E _f_razao_fluxo<=1 E _f_aceleracao<=-0.552272 E _f_ticks_s>=42.0552,70,0.7714285714285715,0.6188781756963575,1.2464950320158976
4,_f_spread>=1.25 E _f_saldo>=0 E _f_velocidade<=0 E _f_ticks_s>=153.857,223,0.7713004484304933,0.6188781756963575,1.2462880074299458
4,_f_spread>=1.25 E _f_razao_fluxo<=1 E _f_velocidade<=0 E _f_ticks_s>=153.857,223,0.7713004484304933,0.6188781756963575,1.2462880074299458
4,_f_spread>=1.75 E _f_aceleracao>=-0.000831627 E _f_ticks_s>=153.857 E _f_score<=61,118,0.7711864406779662,0.6188781756963575,1.2461037906373615
4,_f_saldo>=19 E _f_aceleracao>=-0.000831627 E _f_ticks_s>=153.857 E _f_score<=61,201,0.7711442786069652,0.6188781756963575,1.2460356640291588
4,_f_spread>=1 E _f_velocidade<=0.205388 E _f_aceleracao>=-0.000831627 E _f_ticks_s>=153.857,983,0.7711088504577823,0.6188781756963575,1.2459784182729272
4,_f_saldo<=-17 E _f_razao_fluxo<=1.33364 E _f_velocidade>=0 E _f_score<=47,83,0.7710843373493976,0.6188781756963575,1.2459388093331596
4,_f_spread>=1.25 E _f_velocidade<=0 E _f_ticks_s>=153.857 E _f_score<=61,262,0.7709923664122137,0.6188781756963575,1.2457902002194507
4,_f_spread>=1.75 E _f_saldo<=19 E _f_razao_fluxo<=0.741693 E _f_ticks_s>=72.5852,192,0.7708333333333334,0.6188781756963575,1.2455332302936633
4,_f_spread<=1 E _f_velocidade<=-0.216667 E _f_ticks_s>=153.857 E _f_score<=47,96,0.7708333333333334,0.6188781756963575,1.2455332302936633
4,_f_spread>=1.75 E _f_velocidade<=-0.216667 E _f_aceleracao>=-0.552272 E _f_ticks_s>=153.857,96,0.7708333333333334,0.6188781756963575,1.2455332302936633
4,_f_saldo<=-17 E _f_razao_fluxo>=1.33364 E _f_ticks_s>=72.5852 E _f_score<=47,96,0.7708333333333334,0.6188781756963575,1.2455332302936633
4,_f_saldo>=19 E _f_velocidade<=-0.216667 E _f_aceleracao<=-0.000831627 E _f_ticks_s>=72.5852,388,0.770618556701031,0.6188781756963575,1.245186188435125
4,_f_saldo>=0 E _f_velocidade<=-0.216667 E _f_ticks_s>=153.857 E _f_score<=61,401,0.770573566084788,0.6188781756963575,1.2451134913874509
4,_f_razao_fluxo<=1 E _f_velocidade<=-0.216667 E _f_ticks_s>=153.857 E _f_score<=61,401,0.770573566084788,0.6188781756963575,1.2451134913874509
4,_f_delta>=16 E _f_velocidade<=-0.216667 E _f_aceleracao<=-0.000831627 E _f_ticks_s>=153.857,244,0.7704918032786885,0.6188781756963575,1.2449813768464792
4,_f_delta<=-16 E _f_velocidade>=0.205388 E _f_ticks_s<=72.5852 E _f_score>=61,61,0.7704918032786885,0.6188781756963575,1.2449813768464792
4,_f_delta<=0 E _f_velocidade>=0.205388 E _f_ticks_s>=153.857 E _f_score>=77,61,0.7704918032786885,0.6188781756963575,1.2449813768464792
4,_f_saldo<=19 E _f_velocidade>=0 E _f_ticks_s>=153.857 E _f_score>=77,135,0.7703703703703704,0.6188781756963575,1.2447851622874808
4,_f_saldo>=19 E _f_velocidade<=-0.216667 E _f_aceleracao<=-0.552272 E _f_ticks_s>=72.5852,248,0.7701612903225806,0.6188781756963575,1.2444473251233983
4,_f_delta<=-16 E _f_velocidade>=0 E _f_aceleracao>=-0.552272 E _f_score>=77,87,0.7701149425287356,0.6188781756963575,1.2443724351116559
4,_f_spread>=1.75 E _f_razao_fluxo<=0.741693 E _f_velocidade<=-0.216667 E _f_score<=47,113,0.7699115044247787,0.6188781756963575,1.2440437143521494
4,_f_delta>=16 E _f_velocidade<=-0.216667 E _f_aceleracao<=-0.000831627 E _f_ticks_s>=72.5852,365,0.7698630136986301,0.6188781756963575,1.2439653617327602
4,_f_delta<=-16 E _f_velocidade>=0 E _f_ticks_s>=42.0552 E _f_score>=77,126,0.7698412698412699,0.6188781756963575,1.2439302274232724
4,_f_spread>=1.75 E _f_velocidade<=0 E _f_aceleracao>=-0.552272 E _f_ticks_s>=153.857,152,0.7697368421052632,0.6188781756963575,1.2437614902790206
4,_f_delta>=0 E _f_velocidade<=-0.216667 E _f_ticks_s>=153.857 E _f_score<=61,399,0.7694235588972431,0.6188781756963575,1.2432552788462656
4,_f_saldo<=-17 E _f_velocidade>=0 E _f_ticks_s>=72.5852 E _f_score<=47,130,0.7692307692307693,0.6188781756963575,1.2429437641184164
4,_f_razao_fluxo<=0.741693 E _f_velocidade<=0 E _f_aceleracao<=0.543681 E _f_ticks_s>=153.857,117,0.7692307692307693,0.6188781756963575,1.2429437641184164
4,_f_spread>=1.75 E _f_velocidade<=-0.216667 E _f_ticks_s>=153.857 E _f_score<=61,78,0.7692307692307693,0.6188781756963575,1.2429437641184164
4,_f_razao_fluxo<=0.741693 E _f_velocidade<=-0.216667 E _f_ticks_s>=72.5852 E _f_score<=47,78,0.7692307692307693,0.6188781756963575,1.2429437641184164
4,_f_razao_fluxo<=0.741693 E _f_aceleracao<=-0.552272 E _f_ticks_s>=153.857 E _f_score<=61,78,0.7692307692307693,0.6188781756963575,1.2429437641184164
3,_f_delta<=-16 E _f_velocidade>=0.205388 E _f_score>=77,65,0.7692307692307693,0.6188781756963575,1.2429437641184164
4,_f_delta<=-16 E _f_saldo<=0 E _f_velocidade>=0.205388 E _f_score>=77,65,0.7692307692307693,0.6188781756963575,1.2429437641184164
4,_f_delta<=-16 E _f_saldo<=19 E _f_velocidade>=0.205388 E _f_score>=77,65,0.7692307692307693,0.6188781756963575,1.2429437641184164
4,_f_delta<=-16 E _f_razao_fluxo>=0.741693 E _f_velocidade>=0.205388 E _f_score>=77,65,0.7692307692307693,0.6188781756963575,1.2429437641184164
4,_f_delta<=-16 E _f_razao_fluxo>=1 E _f_velocidade>=0.205388 E _f_score>=77,65,0.7692307692307693,0.6188781756963575,1.2429437641184164
4,_f_delta>=0 E _f_velocidade<=0 E _f_aceleracao>=0.543681 E _f_score>=77,65,0.7692307692307693,0.6188781756963575,1.2429437641184164
4,_f_saldo>=0 E _f_velocidade<=0 E _f_aceleracao>=0.543681 E _f_score>=77,65,0.7692307692307693,0.6188781756963575,1.2429437641184164
4,_f_razao_fluxo<=1 E _f_velocidade<=0 E _f_aceleracao>=0.543681 E _f_score>=77,65,0.7692307692307693,0.6188781756963575,1.2429437641184164
3,_f_saldo<=-17 E _f_ticks_s>=153.857 E _f_score<=47,52,0.7692307692307693,0.6188781756963575,1.2429437641184164
4,_f_delta<=0 E _f_saldo<=-17 E _f_ticks_s>=153.857 E _f_score<=47,52,0.7692307692307693,0.6188781756963575,1.2429437641184164
4,_f_delta<=0 E _f_saldo>=0 E _f_ticks_s>=153.857 E _f_score>=47,52,0.7692307692307693,0.6188781756963575,1.2429437641184164
4,_f_delta<=0 E _f_razao_fluxo<=1 E _f_ticks_s>=153.857 E _f_score>=47,52,0.7692307692307693,0.6188781756963575,1.2429437641184164
4,_f_delta<=16 E _f_saldo<=-17 E _f_ticks_s>=153.857 E _f_score<=47,52,0.7692307692307693,0.6188781756963575,1.2429437641184164
4,_f_saldo<=-17 E _f_razao_fluxo>=0.741693 E _f_ticks_s>=153.857 E _f_score<=47,52,0.7692307692307693,0.6188781756963575,1.2429437641184164
4,_f_saldo<=-17 E _f_razao_fluxo>=1 E _f_ticks_s>=153.857 E _f_score<=47,52,0.7692307692307693,0.6188781756963575,1.2429437641184164
4,_f_saldo>=0 E _f_razao_fluxo>=1 E _f_ticks_s>=153.857 E _f_score<=77,39,0.7692307692307693,0.6188781756963575,1.2429437641184164
4,_f_saldo<=0 E _f_razao_fluxo<=1 E _f_ticks_s>=153.857 E _f_score<=77,39,0.7692307692307693,0.6188781756963575,1.2429437641184164
4,_f_delta<=-16 E _f_saldo>=-17 E _f_aceleracao>=0.543681 E _f_ticks_s>=153.857,26,0.7692307692307693,0.6188781756963575,1.2429437641184164
4,_f_delta<=-16 E _f_aceleracao>=0.543681 E _f_ticks_s>=153.857 E _f_score<=47,26,0.7692307692307693,0.6188781756963575,1.2429437641184164
4,_f_saldo<=-17 E _f_aceleracao>=0.543681 E _f_ticks_s>=153.857 E _f_score<=47,26,0.7692307692307693,0.6188781756963575,1.2429437641184164
4,_f_saldo<=-17 E _f_aceleracao<=0.543681 E _f_ticks_s>=153.857 E _f_score<=47,26,0.7692307692307693,0.6188781756963575,1.2429437641184164
4,_f_spread<=1.25 E _f_delta<=-16 E _f_velocidade<=-0.216667 E _f_score<=47,13,0.7692307692307693,0.6188781756963575,1.2429437641184164
4,_f_delta<=-16 E _f_saldo>=-17 E _f_ticks_s>=153.857 E _f_score>=77,13,0.7692307692307693,0.6188781756963575,1.2429437641184164
4,_f_delta<=-16 E _f_aceleracao<=-0.552272 E _f_ticks_s<=42.0552 E _f_score<=47,13,0.7692307692307693,0.6188781756963575,1.2429437641184164
4,_f_velocidade<=-0.216667 E _f_aceleracao<=0.543681 E _f_ticks_s>=153.857 E _f_score<=61,381,0.7690288713910761,0.6188781756963575,1.2426175321593302
4,_f_spread>=1 E _f_aceleracao>=-0.552272 E _f_ticks_s>=153.857 E _f_score<=47,225,0.7688888888888888,0.6188781756963575,1.242391344667697
4,_f_saldo<=19 E _f_razao_fluxo<=1 E _f_aceleracao>=0.543681 E _f_ticks_s>=153.857,212,0.7688679245283019,0.6188781756963575,1.2423574698900586
4,_f_delta<=16 E _f_saldo>=0 E _f_aceleracao>=0.543681 E _f_ticks_s>=153.857,199,0.7688442211055276,0.6188781756963575,1.2423191692620754
4,_f_delta<=16 E _f_razao_fluxo<=1 E _f_aceleracao>=0.543681 E _f_ticks_s>=153.857,199,0.7688442211055276,0.6188781756963575,1.2423191692620754
4,_f_spread<=1 E _f_saldo>=19 E _f_velocidade<=-0.216667 E _f_ticks_s>=153.857,385,0.7688311688311689,0.6188781756963575,1.242298079046147
4,_f_razao_fluxo<=0.741693 E _f_velocidade<=-0.216667 E _f_aceleracao<=-0.000831627 E _f_ticks_s>=72.5852,173,0.7687861271676301,0.6188781756963575,1.2422252995148797
4,_f_velocidade>=0.205388 E _f_aceleracao>=-0.000831627 E _f_ticks_s>=72.5852 E _f_score<=47,147,0.7687074829931972,0.6188781756963575,1.2420982241428256
4,_f_spread>=1 E _f_velocidade<=-0.216667 E _f_ticks_s>=153.857 E _f_score<=61,402,0.7686567164179104,0.6188781756963575,1.2420161941451937
4,_f_saldo<=-17 E _f_razao_fluxo>=1.33364 E _f_ticks_s>=153.857 E _f_score<=61,134,0.7686567164179104,0.6188781756963575,1.2420161941451937
4,_f_spread>=1 E _f_velocidade<=-0.216667 E _f_aceleracao>=-0.000831627 E _f_ticks_s>=153.857,574,0.7682926829268293,0.6188781756963575,1.2414279790402232
4,_f_spread>=1.25 E _f_aceleracao>=-0.000831627 E _f_ticks_s>=153.857 E _f_score<=61,246,0.7682926829268293,0.6188781756963575,1.2414279790402232
4,_f_saldo>=0 E _f_aceleracao>=-0.000831627 E _f_ticks_s>=153.857 E _f_score<=61,427,0.7681498829039812,0.6188781756963575,1.2411972389229338
4,_f_razao_fluxo<=1 E _f_aceleracao>=-0.000831627 E _f_ticks_s>=153.857 E _f_score<=61,427,0.7681498829039812,0.6188781756963575,1.2411972389229338
4,_f_delta>=16 E _f_velocidade<=-0.216667 E _f_ticks_s>=153.857 E _f_score<=77,444,0.7680180180180181,0.6188781756963575,1.2409841680939053
4,_f_spread>=1 E _f_razao_fluxo<=0.741693 E _f_velocidade<=0.205388 E _f_ticks_s>=153.857,125,0.768,0.6188781756963575,1.240955054095827
4,_f_spread<=1 E _f_velocidade>=0 E _f_aceleracao<=-0.552272 E _f_ticks_s<=42.0552,56,0.7678571428571429,0.6188781756963575,1.2407242216824907
4,_f_spread<=1.25 E _f_saldo<=-17 E _f_velocidade>=0.205388 E _f_score>=77,56,0.7678571428571429,0.6188781756963575,1.2407242216824907
4,_f_spread>=1 E _f_aceleracao>=-0.000831627 E _f_ticks_s>=153.857 E _f_score<=61,572,0.7674825174825175,0.6188781756963575,1.2401188919272381
4,_f_delta<=0 E _f_velocidade>=0 E _f_ticks_s>=153.857 E _f_score>=77,86,0.7674418604651163,0.6188781756963575,1.2400531972251179
4,_f_spread>=1.75 E _f_delta<=-16 E _f_razao_fluxo<=1.33364 E _f_ticks_s>=153.857,43,0.7674418604651163,0.6188781756963575,1.2400531972251179
4,_f_spread>=1.75 E _f_aceleracao>=0.543681 E _f_ticks_s>=153.857 E _f_score<=47,43,0.7674418604651163,0.6188781756963575,1.2400531972251179
4,_f_saldo<=-17 E _f_velocidade>=0.205388 E _f_aceleracao>=-0.000831627 E _f_score>=77,43,0.7674418604651163,0.6188781756963575,1.2400531972251179
4,_f_spread>=1.25 E _f_delta<=-16 E _f_velocidade<=0 E _f_ticks_s>=153.857,232,0.7672413793103449,0.6188781756963575,1.2397292543836274
4,_f_spread<=1 E _f_saldo>=19 E _f_velocidade<=-0.216667 E _f_aceleracao<=-0.000831627,249,0.7670682730923695,0.6188781756963575,1.239449544701216
4,_f_razao_fluxo<=0.741693 E _f_aceleracao>=0.543681 E _f_ticks_s>=72.5852 E _f_score<=61,133,0.7669172932330827,0.6188781756963575,1.2392055873842256
4,_f_spread<=1.25 E _f_saldo>=19 E _f_velocidade<=-0.216667 E _f_ticks_s>=153.857,433,0.766743648960739,0.6188781756963575,1.238925008299096
4,_f_delta<=0 E _f_razao_fluxo<=1.33364 E _f_velocidade>=0.205388 E _f_score>=77,120,0.7666666666666667,0.6188781756963575,1.2388006182380218
4,_f_spread>=1.75 E _f_saldo>=19 E _f_velocidade<=-0.216667 E _f_score<=47,90,0.7666666666666667,0.6188781756963575,1.2388006182380218
4,_f_delta>=16 E _f_saldo<=19 E _f_aceleracao>=0.543681 E _f_ticks_s>=72.5852,90,0.7666666666666667,0.6188781756963575,1.2388006182380218
4,_f_delta>=16 E _f_velocidade<=-0.216667 E _f_ticks_s>=72.5852 E _f_score<=47,60,0.7666666666666667,0.6188781756963575,1.2388006182380218
4,_f_saldo>=0 E _f_razao_fluxo>=1 E _f_aceleracao>=0.543681 E _f_score<=47,60,0.7666666666666667,0.6188781756963575,1.2388006182380218
4,_f_saldo<=0 E _f_razao_fluxo<=1 E _f_aceleracao>=0.543681 E _f_score<=47,60,0.7666666666666667,0.6188781756963575,1.2388006182380218
4,_f_spread>=1.25 E _f_delta<=16 E _f_saldo>=19 E _f_ticks_s>=153.857,30,0.7666666666666667,0.6188781756963575,1.2388006182380218
4,_f_delta<=0 E _f_saldo>=0 E _f_aceleracao<=-0.552272 E _f_ticks_s>=153.857,30,0.7666666666666667,0.6188781756963575,1.2388006182380218
4,_f_delta<=0 E _f_razao_fluxo<=1 E _f_aceleracao<=-0.552272 E _f_ticks_s>=153.857,30,0.7666666666666667,0.6188781756963575,1.2388006182380218
4,_f_saldo>=0 E _f_razao_fluxo>=1 E _f_velocidade<=0.205388 E _f_ticks_s>=153.857,30,0.7666666666666667,0.6188781756963575,1.2388006182380218
4,_f_saldo<=0 E _f_razao_fluxo<=1 E _f_velocidade<=0.205388 E _f_ticks_s>=153.857,30,0.7666666666666667,0.6188781756963575,1.2388006182380218
4,_f_spread>=1 E _f_delta<=0 E _f_velocidade>=0.205388 E _f_ticks_s>=153.857,317,0.7665615141955836,0.6188781756963575,1.238630710047343
4,_f_spread>=1 E _f_delta<=-16 E _f_aceleracao>=0.543681 E _f_ticks_s>=153.857,424,0.7665094339622641,0.6188781756963575,1.2385465574057333
4,_f_delta<=-16 E _f_razao_fluxo>=1.33364 E _f_ticks_s>=153.857 E _f_score<=61,137,0.7664233576642335,0.6188781756963575,1.238407473008495
4,_f_velocidade<=-0.216667 E _f_aceleracao>=-0.552272 E _f_ticks_s>=153.857 E _f_score<=47,137,0.7664233576642335,0.6188781756963575,1.238407473008495
4,_f_spread>=1.25 E _f_velocidade<=0 E _f_ticks_s>=153.857 E _f_score<=47,107,0.7663551401869159,0.6188781756963575,1.2382972453740484
4,_f_razao_fluxo<=0.741693 E _f_velocidade<=0.205388 E _f_ticks_s>=153.857 E _f_score<=61,107,0.7663551401869159,0.6188781756963575,1.2382972453740484
3,_f_saldo>=19 E _f_velocidade<=-0.216667 E _f_ticks_s>=153.857,496,0.7661290322580645,0.6188781756963575,1.2379318941018098
4,_f_delta>=-16 E _f_saldo>=19 E _f_velocidade<=-0.216667 E _f_ticks_s>=153.857,496,0.7661290322580645,0.6188781756963575,1.2379318941018098
4,_f_delta>=0 E _f_saldo>=19 E _f_velocidade<=-0.216667 E _f_ticks_s>=153.857,496,0.7661290322580645,0.6188781756963575,1.2379318941018098
4,_f_saldo>=19 E _f_razao_fluxo<=1 E _f_velocidade<=-0.216667 E _f_ticks_s>=153.857,496,0.7661290322580645,0.6188781756963575,1.2379318941018098
4,_f_saldo>=19 E _f_razao_fluxo<=1.33364 E _f_velocidade<=-0.216667 E _f_ticks_s>=153.857,496,0.7661290322580645,0.6188781756963575,1.2379318941018098
4,_f_spread>=1.25 E _f_saldo<=-17 E _f_aceleracao>=-0.000831627 E _f_ticks_s>=153.857,171,0.7660818713450293,0.6188781756963575,1.2378556902302125
4,_f_spread>=1 E _f_delta<=16 E _f_aceleracao>=-0.000831627 E _f_ticks_s>=153.857,902,0.7660753880266076,0.6188781756963575,1.2378452143099485
4,_f_spread>=1.25 E _f_saldo<=-17 E _f_razao_fluxo<=1.33364 E _f_ticks_s>=153.857,188,0.7659574468085106,0.6188781756963575,1.2376546417179124
4,_f_delta<=16 E _f_velocidade>=0.205388 E _f_ticks_s>=153.857 E _f_score>=77,94,0.7659574468085106,0.6188781756963575,1.2376546417179124
4,_f_saldo<=-17 E _f_razao_fluxo<=1.33364 E _f_velocidade>=0.205388 E _f_score>=77,47,0.7659574468085106,0.6188781756963575,1.2376546417179124
4,_f_spread>=1.25 E _f_velocidade<=0.205388 E _f_ticks_s>=153.857 E _f_score<=61,333,0.7657657657657657,0.6188781756963575,1.2373449183340992
4,_f_spread<=1.75 E _f_delta<=-16 E _f_velocidade>=0.205388 E _f_score>=77,64,0.765625,0.6188781756963575,1.2371174652241113
4,_f_delta<=-16 E _f_velocidade>=0.205388 E _f_ticks_s>=42.0552 E _f_score>=77,64,0.765625,0.6188781756963575,1.2371174652241113
4,_f_spread>=1 E _f_delta<=0 E _f_saldo>=-17 E _f_ticks_s>=153.857,337,0.7655786350148368,0.6188781756963575,1.2370425474341746
4,_f_spread>=1 E _f_aceleracao>=-0.000831627 E _f_ticks_s>=153.857 E _f_score<=77,1028,0.7655642023346303,0.6188781756963575,1.2370192267213538
4,_f_spread>=1 E _f_saldo<=0 E _f_velocidade>=0.205388 E _f_ticks_s>=153.857,307,0.7654723127035831,0.6188781756963575,1.2368707489842874
4,_f_spread>=1 E _f_razao_fluxo>=1 E _f_velocidade>=0.205388 E _f_ticks_s>=153.857,307,0.7654723127035831,0.6188781756963575,1.2368707489842874
4,_f_saldo<=19 E _f_razao_fluxo<=1 E _f_aceleracao>=-0.000831627 E _f_ticks_s>=153.857,341,0.7653958944281525,0.6188781756963575,1.2367472702797029
4,_f_delta<=16 E _f_saldo>=-17 E _f_velocidade>=0.205388 E _f_ticks_s>=153.857,392,0.7653061224489796,0.6188781756963575,1.2366022143014856
4,_f_spread<=1 E _f_delta<=16 E _f_saldo>=19 E _f_ticks_s>=42.0552,98,0.7653061224489796,0.6188781756963575,1.2366022143014856
4,_f_delta<=0 E _f_saldo>=0 E _f_aceleracao>=0.543681 E _f_ticks_s>=72.5852,98,0.7653061224489796,0.6188781756963575,1.2366022143014856
4,_f_delta<=0 E _f_razao_fluxo<=1 E _f_aceleracao>=0.543681 E _f_ticks_s>=72.5852,98,0.7653061224489796,0.6188781756963575,1.2366022143014856
4,_f_saldo<=0 E _f_aceleracao<=-0.000831627 E _f_ticks_s>=153.857 E _f_score<=47,115,0.7652173913043478,0.6188781756963575,1.2364588401317116
4,_f_razao_fluxo>=1 E _f_aceleracao<=-0.000831627 E _f_ticks_s>=153.857 E _f_score<=47,115,0.7652173913043478,0.6188781756963575,1.2364588401317116
4,_f_spread>=1.25 E _f_delta<=0 E _f_razao_fluxo<=1.33364 E _f_ticks_s>=153.857,332,0.7650602409638554,0.6188781756963575,1.236204912385244
4,_f_spread>=1.25 E _f_delta<=0 E _f_aceleracao>=-0.000831627 E _f_ticks_s>=153.857,251,0.7649402390438247,0.6188781756963575,1.2360110100556045
4,_f_delta>=16 E _f_saldo>=19 E _f_velocidade<=-0.216667 E _f_ticks_s>=153.857,476,0.7647058823529411,0.6188781756963575,1.2356323302118373
4,_f_spread>=1.75 E _f_velocidade<=0.205388 E _f_aceleracao>=-0.000831627 E _f_ticks_s>=153.857,136,0.7647058823529411,0.6188781756963575,1.2356323302118373
4,_f_spread>=1.25 E _f_velocidade>=0 E _f_ticks_s>=153.857 E _f_score<=47,102,0.7647058823529411,0.6188781756963575,1.2356323302118373
4,_f_spread<=1 E _f_delta<=16 E _f_saldo>=19 E _f_aceleracao>=-0.000831627,51,0.7647058823529411,0.6188781756963575,1.2356323302118373
4,_f_delta<=-16 E _f_velocidade>=0.205388 E _f_aceleracao>=0.543681 E _f_score>=77,34,0.7647058823529411,0.6188781756963575,1.2356323302118373
4,_f_delta>=16 E _f_velocidade<=0 E _f_ticks_s>=153.857 E _f_score<=47,34,0.7647058823529411,0.6188781756963575,1.2356323302118373
4,_f_saldo<=-17 E _f_razao_fluxo<=1.33364 E _f_aceleracao<=-0.552272 E _f_ticks_s<=72.5852,34,0.7647058823529411,0.6188781756963575,1.2356323302118373
4,_f_spread>=1.75 E _f_razao_fluxo<=0.741693 E _f_ticks_s>=153.857 E _f_score<=47,17,0.7647058823529411,0.6188781756963575,1.2356323302118373
4,_f_delta>=0 E _f_saldo<=0 E _f_ticks_s>=42.0552 E _f_score>=77,17,0.7647058823529411,0.6188781756963575,1.2356323302118373
4,_f_delta>=0 E _f_razao_fluxo>=1 E _f_ticks_s>=42.0552 E _f_score>=77,17,0.7647058823529411,0.6188781756963575,1.2356323302118373
4,_f_saldo>=19 E _f_velocidade<=-0.216667 E _f_ticks_s<=42.0552 E _f_score<=47,17,0.7647058823529411,0.6188781756963575,1.2356323302118373
4,_f_spread>=1 E _f_saldo>=0 E _f_velocidade<=0.205388 E _f_ticks_s>=153.857,807,0.7645600991325898,0.6188781756963575,1.235396769763794
4,_f_spread>=1 E _f_razao_fluxo<=1 E _f_velocidade<=0.205388 E _f_ticks_s>=153.857,807,0.7645600991325898,0.6188781756963575,1.235396769763794
4,_f_saldo>=19 E _f_velocidade<=-0.216667 E _f_aceleracao<=-0.552272 E _f_score<=61,191,0.7643979057591623,0.6188781756963575,1.235134693349086
4,_f_saldo<=-17 E _f_razao_fluxo<=1.33364 E _f_ticks_s<=153.857 E _f_score<=47,89,0.7640449438202247,0.6188781756963575,1.2345643679558203
4,_f_razao_fluxo<=0.741693 E _f_velocidade<=-0.216667 E _f_aceleracao>=0.543681 E _f_ticks_s>=72.5852,89,0.7640449438202247,0.6188781756963575,1.2345643679558203
4,_f_spread>=1 E _f_velocidade>=0 E _f_ticks_s>=153.857 E _f_score<=47,161,0.7639751552795031,0.6188781756963575,1.2344516017548743
4,_f_spread>=1.75 E _f_aceleracao>=-0.552272 E _f_ticks_s>=153.857 E _f_score<=61,161,0.7639751552795031,0.6188781756963575,1.2344516017548743
4,_f_spread<=1.75 E _f_saldo>=19 E _f_velocidade<=-0.216667 E _f_ticks_s>=153.857,466,0.7639484978540773,0.6188781756963575,1.2344085279699637
4,_f_saldo<=0 E _f_velocidade>=0 E _f_ticks_s>=153.857 E _f_score<=47,144,0.7638888888888888,0.6188781756963575,1.2343122102009274
4,_f_razao_fluxo>=1 E _f_velocidade>=0 E _f_ticks_s>=153.857 E _f_score<=47,144,0.7638888888888888,0.6188781756963575,1.2343122102009274
4,_f_spread<=1.75 E _f_delta>=-16 E _f_saldo<=-17 E _f_score<=47,72,0.7638888888888888,0.6188781756963575,1.2343122102009274
4,_f_spread<=1.75 E _f_saldo>=19 E _f_velocidade<=-0.216667 E _f_aceleracao<=-0.552272,254,0.7637795275590551,0.6188781756963575,1.234135501223089
4,_f_spread>=1 E _f_velocidade<=0.205388 E _f_ticks_s>=153.857 E _f_score<=47,237,0.7637130801687764,0.6188781756963575,1.2340281337428833
4,_f_spread>=1.25 E _f_delta>=0 E _f_velocidade<=0 E _f_ticks_s>=153.857,220,0.7636363636363637,0.6188781756963575,1.2339041731066462
4,_f_spread>=1.75 E _f_razao_fluxo<=1.33364 E _f_ticks_s>=153.857 E _f_score<=61,220,0.7636363636363637,0.6188781756963575,1.2339041731066462
4,_f_razao_fluxo>=1.33364 E _f_velocidade>=0.205388 E _f_aceleracao>=0.543681 E _f_score<=47,55,0.7636363636363637,0.6188781756963575,1.2339041731066462
4,_f_spread>=1 E _f_delta<=0 E _f_aceleracao>=-0.000831627 E _f_ticks_s>=153.857,753,0.7636122177954847,0.6188781756963575,1.2338651576075912
4,_f_velocidade>=0.205388 E _f_aceleracao>=-0.000831627 E _f_ticks_s>=153.857 E _f_score<=61,203,0.7635467980295566,0.6188781756963575,1.2337594505904477
4,_f_spread>=1.25 E _f_razao_fluxo>=0.741693 E _f_ticks_s>=153.857 E _f_score<=47,186,0.7634408602150538,0.6188781756963575,1.2335882734207508
4,_f_spread>=1.25 E _f_razao_fluxo<=1.33364 E _f_ticks_s>=153.857 E _f_score<=47,186,0.7634408602150538,0.6188781756963575,1.2335882734207508
4,_f_saldo<=-17 E _f_velocidade<=0.205388 E _f_ticks_s>=72.5852 E _f_score<=47,131,0.7633587786259542,0.6188781756963575,1.2334556437816346
4,_f_delta>=0 E _f_aceleracao>=-0.000831627 E _f_ticks_s>=153.857 E _f_score<=47,114,0.7631578947368421,0.6188781756963575,1.2331310501911659
4,_f_spread>=1.25 E _f_delta<=-16 E _f_aceleracao>=-0.552272 E _f_ticks_s>=153.857,211,0.7630331753554502,0.6188781756963575,1.2329295252605903
4,_f_spread>=1.75 E _f_saldo>=0 E _f_ticks_s>=153.857 E _f_score<=61,135,0.762962962962963,0.6188781756963575,1.2328160741885625
4,_f_spread>=1.75 E _f_razao_fluxo<=1 E _f_ticks_s>=153.857 E _f_score<=61,135,0.762962962962963,0.6188781756963575,1.2328160741885625
4,_f_spread>=1.25 E _f_saldo>=0 E _f_velocidade<=-0.216667 E _f_ticks_s>=153.857,156,0.7628205128205128,0.6188781756963575,1.2325858994174295
4,_f_spread>=1.25 E _f_razao_fluxo<=1 E _f_velocidade<=-0.216667 E _f_ticks_s>=153.857,156,0.7628205128205128,0.6188781756963575,1.2325858994174295
4,_f_spread>=1.25 E _f_saldo<=19 E _f_ticks_s>=153.857 E _f_score<=47,177,0.7627118644067796,0.6188781756963575,1.2324103423885993
4,_f_delta<=-16 E _f_velocidade>=0.205388 E _f_ticks_s>=72.5852 E _f_score>=77,59,0.7627118644067796,0.6188781756963575,1.2324103423885993
4,_f_delta>=0 E _f_aceleracao>=0.543681 E _f_ticks_s>=153.857 E _f_score<=47,59,0.7627118644067796,0.6188781756963575,1.2324103423885993
4,_f_saldo<=-17 E _f_velocidade>=0.205388 E _f_ticks_s<=72.5852 E _f_score>=61,59,0.7627118644067796,0.6188781756963575,1.2324103423885993
4,_f_saldo<=0 E _f_velocidade>=0.205388 E _f_ticks_s>=153.857 E _f_score>=77,59,0.7627118644067796,0.6188781756963575,1.2324103423885993
4,_f_razao_fluxo>=1 E _f_velocidade>=0.205388 E _f_ticks_s>=153.857 E _f_score>=77,59,0.7627118644067796,0.6188781756963575,1.2324103423885993
4,_f_spread>=1.25 E _f_aceleracao<=0.543681 E _f_ticks_s>=153.857 E _f_score<=47,139,0.762589928057554,0.6188781756963575,1.232213314356243
4,_f_saldo<=-17 E _f_velocidade>=0 E _f_ticks_s>=42.0552 E _f_score>=77,122,0.7622950819672131,0.6188781756963575,1.2317368941140698
4,_f_spread>=1 E _f_saldo>=19 E _f_velocidade<=-0.216667 E _f_ticks_s>=153.857,286,0.7622377622377622,0.6188781756963575,1.2316442753537034
4,_f_spread>=1 E _f_saldo<=19 E _f_aceleracao>=-0.000831627 E _f_ticks_s>=153.857,904,0.7621681415929203,0.6188781756963575,1.2315317804434354
4,_f_saldo>=0 E _f_velocidade<=-0.216667 E _f_aceleracao<=-0.552272 E _f_ticks_s>=153.857,227,0.762114537444934,0.6188781756963575,1.2314451654195235
4,_f_razao_fluxo<=1 E _f_velocidade<=-0.216667 E _f_aceleracao<=-0.552272 E _f_ticks_s>=153.857,227,0.762114537444934,0.6188781756963575,1.2314451654195235
4,_f_spread>=1.25 E _f_velocidade<=0.205388 E _f_aceleracao>=-0.552272 E _f_ticks_s>=153.857,420,0.7619047619047619,0.6188781756963575,1.2311062044601457
3,_f_saldo<=-17 E _f_ticks_s>=72.5852 E _f_score<=47,189,0.7619047619047619,0.6188781756963575,1.2311062044601457
4,_f_delta<=0 E _f_saldo<=-17 E _f_ticks_s>=72.5852 E _f_score<=47,189,0.7619047619047619,0.6188781756963575,1.2311062044601457
4,_f_delta<=16 E _f_saldo<=-17 E _f_ticks_s>=72.5852 E _f_score<=47,189,0.7619047619047619,0.6188781756963575,1.2311062044601457
4,_f_saldo<=-17 E _f_razao_fluxo>=0.741693 E _f_ticks_s>=72.5852 E _f_score<=47,189,0.7619047619047619,0.6188781756963575,1.2311062044601457
4,_f_saldo<=-17 E _f_razao_fluxo>=1 E _f_ticks_s>=72.5852 E _f_score<=47,189,0.7619047619047619,0.6188781756963575,1.2311062044601457
4,_f_delta<=16 E _f_velocidade>=0 E _f_ticks_s>=153.857 E _f_score>=77,126,0.7619047619047619,0.6188781756963575,1.2311062044601457
4,_f_saldo<=0 E _f_velocidade>=0 E _f_ticks_s>=153.857 E _f_score>=77,84,0.7619047619047619,0.6188781756963575,1.2311062044601457
4,_f_razao_fluxo>=1 E _f_velocidade>=0 E _f_ticks_s>=153.857 E _f_score>=77,84,0.7619047619047619,0.6188781756963575,1.2311062044601457
4,_f_delta<=-16 E _f_velocidade>=0.205388 E _f_ticks_s>=153.857 E _f_score>=77,42,0.7619047619047619,0.6188781756963575,1.2311062044601457
4,_f_saldo<=-17 E _f_velocidade>=0.205388 E _f_ticks_s>=153.857 E _f_score>=77,42,0.7619047619047619,0.6188781756963575,1.2311062044601457
4,_f_saldo>=0 E _f_razao_fluxo>=1 E _f_aceleracao<=-0.552272 E _f_score>=47,42,0.7619047619047619,0.6188781756963575,1.2311062044601457
4,_f_saldo<=0 E _f_razao_fluxo<=1 E _f_aceleracao<=-0.552272 E _f_score>=47,42,0.7619047619047619,0.6188781756963575,1.2311062044601457
4,_f_spread<=1 E _f_delta>=-16 E _f_saldo<=-17 E _f_score<=47,21,0.7619047619047619,0.6188781756963575,1.2311062044601457
4,_f_delta<=0 E _f_velocidade>=0.205388 E _f_aceleracao<=-0.000831627 E _f_score>=77,21,0.7619047619047619,0.6188781756963575,1.2311062044601457
4,_f_saldo>=0 E _f_razao_fluxo>=1 E _f_aceleracao<=-0.000831627 E _f_ticks_s>=153.857,21,0.7619047619047619,0.6188781756963575,1.2311062044601457
4,_f_saldo<=0 E _f_razao_fluxo<=1 E _f_aceleracao<=-0.000831627 E _f_ticks_s>=153.857,21,0.7619047619047619,0.6188781756963575,1.2311062044601457
4,_f_saldo<=0 E _f_velocidade>=0.205388 E _f_aceleracao<=-0.000831627 E _f_score>=77,21,0.7619047619047619,0.6188781756963575,1.2311062044601457
4,_f_saldo>=19 E _f_velocidade>=0 E _f_ticks_s>=153.857 E _f_score<=47,21,0.7619047619047619,0.6188781756963575,1.2311062044601457
4,_f_razao_fluxo>=1 E _f_velocidade>=0.205388 E _f_aceleracao<=-0.000831627 E _f_score>=77,21,0.7619047619047619,0.6188781756963575,1.2311062044601457
4,_f_spread>=1 E _f_delta>=0 E _f_velocidade<=0.205388 E _f_ticks_s>=153.857,797,0.7616060225846926,0.6188781756963575,1.2306234934326754
4,_f_spread>=1.75 E _f_velocidade>=0 E _f_ticks_s>=153.857 E _f_score<=61,130,0.7615384615384615,0.6188781756963575,1.2305143264772322
4,_f_spread>=1 E _f_delta<=-16 E _f_aceleracao>=-0.000831627 E _f_ticks_s>=153.857,587,0.7614991482112436,0.6188781756963575,1.2304508029458463
4,_f_delta<=-16 E _f_aceleracao>=-0.000831627 E _f_ticks_s>=153.857 E _f_score<=61,461,0.7613882863340564,0.6188781756963575,1.2302716693432394
4,_f_spread>=1 E _f_velocidade<=0 E _f_aceleracao>=0.543681 E _f_ticks_s>=153.857,565,0.7610619469026548,0.6188781756963575,1.229744361313619
4,_f_saldo>=19 E _f_velocidade<=-0.216667 E _f_aceleracao<=-0.552272 E _f_score<=77,272,0.7610294117647058,0.6188781756963575,1.229691790162742
4,_f_spread>=1.25 E _f_aceleracao>=-0.552272 E _f_ticks_s>=153.857 E _f_score<=61,318,0.7610062893081762,0.6188781756963575,1.229654428275641
3,_f_spread>=1.25 E _f_ticks_s>=153.857 E _f_score<=47,205,0.7609756097560976,0.6188781756963575,1.2296048554303163
4,_f_spread>=1 E _f_saldo>=-17 E _f_razao_fluxo>=1 E _f_ticks_s>=153.857,322,0.7608695652173914,0.6188781756963575,1.2294335058127814
4,_f_spread>=1.25 E _f_saldo<=-17 E _f_aceleracao>=0.543681 E _f_ticks_s>=153.857,138,0.7608695652173914,0.6188781756963575,1.2294335058127814
4,_f_razao_fluxo<=0.741693 E _f_aceleracao<=-0.552272 E _f_ticks_s>=72.5852 E _f_score>=77,138,0.7608695652173914,0.6188781756963575,1.2294335058127814
4,_f_saldo<=0 E _f_velocidade>=0.205388 E _f_ticks_s>=72.5852 E _f_score>=77,92,0.7608695652173914,0.6188781756963575,1.2294335058127814
4,_f_razao_fluxo>=1 E _f_velocidade>=0.205388 E _f_ticks_s>=72.5852 E _f_score>=77,92,0.7608695652173914,0.6188781756963575,1.2294335058127814
4,_f_saldo>=0 E _f_razao_fluxo>=1 E _f_velocidade>=0 E _f_aceleracao<=-0.552272,46,0.7608695652173914,0.6188781756963575,1.2294335058127814
4,_f_saldo<=0 E _f_razao_fluxo<=1 E _f_velocidade>=0 E _f_aceleracao<=-0.552272,46,0.7608695652173914,0.6188781756963575,1.2294335058127814
4,_f_spread>=1.25 E _f_saldo>=19 E _f_ticks_s>=153.857 E _f_score<=61,163,0.7607361963190185,0.6188781756963575,1.2292180047600536
4,_f_spread>=1 E _f_delta<=16 E _f_saldo>=0 E _f_ticks_s>=153.857,351,0.7606837606837606,0.6188781756963575,1.229133277850434
4,_f_spread>=1 E _f_delta<=16 E _f_razao_fluxo<=1 E _f_ticks_s>=153.857,351,0.7606837606837606,0.6188781756963575,1.229133277850434
4,_f_saldo>=0 E _f_aceleracao>=0.543681 E _f_ticks_s>=153.857 E _f_score<=77,493,0.7606490872210954,0.6188781756963575,1.2290772515369737
4,_f_razao_fluxo<=1 E _f_aceleracao>=0.543681 E _f_ticks_s>=153.857 E _f_score<=77,493,0.7606490872210954,0.6188781756963575,1.2290772515369737
4,_f_saldo>=19 E _f_velocidade<=-0.216667 E _f_ticks_s>=153.857 E _f_score>=47,476,0.7605042016806722,0.6188781756963575,1.2288431415842997
4,_f_saldo>=0 E _f_velocidade<=0 E _f_aceleracao>=-0.000831627 E _f_ticks_s>=153.857,572,0.7604895104895105,0.6188781756963575,1.2288194031625252
4,_f_razao_fluxo<=1 E _f_velocidade<=0 E _f_aceleracao>=-0.000831627 E _f_ticks_s>=153.857,572,0.7604895104895105,0.6188781756963575,1.2288194031625252
4,_f_spread>=1 E _f_velocidade<=0 E _f_ticks_s>=153.857 E _f_score<=61,622,0.7604501607717041,0.6188781756963575,1.2287558208302478
4,_f_spread>=1 E _f_delta<=16 E _f_saldo>=-17 E _f_ticks_s>=153.857,647,0.7604327666151468,0.6188781756963575,1.2287277148842954
4,_f_spread>=1 E _f_saldo<=19 E _f_ticks_s>=153.857 E _f_score<=47,288,0.7604166666666666,0.6188781756963575,1.2287017001545595
4,_f_spread>=1.25 E _f_delta<=0 E _f_aceleracao>=0.543681 E _f_ticks_s>=153.857,192,0.7604166666666666,0.6188781756963575,1.2287017001545595
4,_f_delta<=0 E _f_aceleracao<=0.543681 E _f_ticks_s>=153.857 E _f_score<=47,192,0.7604166666666666,0.6188781756963575,1.2287017001545595
4,_f_spread>=1.75 E _f_delta>=-16 E _f_velocidade<=-0.216667 E _f_ticks_s>=153.857,96,0.7604166666666666,0.6188781756963575,1.2287017001545595
4,_f_razao_fluxo<=0.741693 E _f_velocidade<=0.205388 E _f_aceleracao<=-0.552272 E _f_ticks_s>=153.857,96,0.7604166666666666,0.6188781756963575,1.2287017001545595
4,_f_delta>=16 E _f_razao_fluxo<=0.741693 E _f_ticks_s>=72.5852 E _f_score<=47,121,0.7603305785123967,0.6188781756963575,1.228562596599691
4,_f_spread<=1 E _f_delta>=16 E _f_velocidade<=-0.216667 E _f_ticks_s>=153.857,396,0.76010101010101,0.6188781756963575,1.228191653786708
4,_f_spread<=1 E _f_delta>=16 E _f_velocidade<=-0.216667 E _f_aceleracao<=-0.000831627,250,0.76,0.6188781756963575,1.2280284389489955
4,_f_delta>=16 E _f_aceleracao>=0.543681 E _f_ticks_s>=153.857 E _f_score<=61,125,0.76,0.6188781756963575,1.2280284389489955
4,_f_razao_fluxo<=1.33364 E _f_velocidade<=-0.216667 E _f_aceleracao>=0.543681 E _f_score>=77,125,0.76,0.6188781756963575,1.2280284389489955
4,_f_velocidade<=0 E _f_aceleracao>=0.543681 E _f_ticks_s>=153.857 E _f_score<=47,125,0.76,0.6188781756963575,1.2280284389489955
4,_f_spread<=1.25 E _f_razao_fluxo>=1.33364 E _f_ticks_s>=153.857 E _f_score<=61,100,0.76,0.6188781756963575,1.2280284389489955
4,_f_spread>=1.75 E _f_velocidade<=0 E _f_ticks_s>=153.857 E _f_score<=47,75,0.76,0.6188781756963575,1.2280284389489955
4,_f_delta>=16 E _f_razao_fluxo<=0.741693 E _f_velocidade<=-0.216667 E _f_score<=47,75,0.76,0.6188781756963575,1.2280284389489955
4,_f_spread>=1.75 E _f_delta<=-16 E _f_velocidade>=0.205388 E _f_score>=61,50,0.76,0.6188781756963575,1.2280284389489955
4,_f_spread<=1 E _f_delta>=16 E _f_aceleracao<=-0.552272 E _f_ticks_s<=42.0552,25,0.76,0.6188781756963575,1.2280284389489955
4,_f_spread<=1 E _f_delta<=16 E _f_saldo>=19 E _f_score<=47,25,0.76,0.6188781756963575,1.2280284389489955
4,_f_delta>=0 E _f_saldo<=0 E _f_ticks_s>=153.857 E _f_score>=47,25,0.76,0.6188781756963575,1.2280284389489955
4,_f_delta>=0 E _f_razao_fluxo>=1 E _f_ticks_s>=153.857 E _f_score>=47,25,0.76,0.6188781756963575,1.2280284389489955
4,_f_saldo>=0 E _f_velocidade>=0.205388 E _f_aceleracao>=0.543681 E _f_score<=47,25,0.76,0.6188781756963575,1.2280284389489955
4,_f_razao_fluxo<=1 E _f_velocidade>=0.205388 E _f_aceleracao>=0.543681 E _f_score<=47,25,0.76,0.6188781756963575,1.2280284389489955
4,_f_spread>=1 E _f_velocidade>=-0.216667 E _f_ticks_s>=153.857 E _f_score<=47,229,0.759825327510917,0.6188781756963575,1.227746198443606
4,_f_spread>=1.75 E _f_delta>=16 E _f_velocidade<=0 E _f_ticks_s>=72.5852,229,0.759825327510917,0.6188781756963575,1.227746198443606
4,_f_saldo<=0 E _f_aceleracao<=0.543681 E _f_ticks_s>=153.857 E _f_score<=47,179,0.7597765363128491,0.6188781756963575,1.227667360313609
4,_f_razao_fluxo>=1 E _f_aceleracao<=0.543681 E _f_ticks_s>=153.857 E _f_score<=47,179,0.7597765363128491,0.6188781756963575,1.227667360313609
4,_f_spread>=1 E _f_razao_fluxo>=0.741693 E _f_ticks_s>=153.857 E _f_score<=47,308,0.7597402597402597,0.6188781756963575,1.2276087436520202
4,_f_spread>=1 E _f_razao_fluxo<=1.33364 E _f_ticks_s>=153.857 E _f_score<=47,308,0.7597402597402597,0.6188781756963575,1.2276087436520202
4,_f_delta<=0 E _f_velocidade>=0.205388 E _f_ticks_s>=42.0552 E _f_score>=77,129,0.7596899224806202,0.6188781756963575,1.2275274073541569
4,_f_delta<=0 E _f_aceleracao<=-0.000831627 E _f_ticks_s>=153.857 E _f_score<=47,129,0.7596899224806202,0.6188781756963575,1.2275274073541569
4,_f_velocidade>=0.205388 E _f_aceleracao>=0.543681 E _f_ticks_s>=153.857 E _f_score<=61,129,0.7596899224806202,0.6188781756963575,1.2275274073541569
4,_f_spread<=1.25 E _f_delta>=16 E _f_velocidade<=-0.216667 E _f_ticks_s>=153.857,441,0.7596371882086168,0.6188781756963575,1.2274421978992525
4,_f_velocidade>=-0.216667 E _f_aceleracao>=0.543681 E _f_ticks_s>=153.857 E _f_score<=61,416,0.7596153846153846,0.6188781756963575,1.227406967066936
4,_f_spread<=1.25 E _f_velocidade<=-0.216667 E _f_ticks_s>=153.857 E _f_score<=47,104,0.7596153846153846,0.6188781756963575,1.227406967066936
4,_f_razao_fluxo>=1.33364 E _f_velocidade<=0.205388 E _f_ticks_s>=153.857 E _f_score<=61,104,0.7596153846153846,0.6188781756963575,1.227406967066936
4,_f_delta>=16 E _f_velocidade<=-0.216667 E _f_aceleracao<=-0.552272 E _f_score<=61,183,0.7595628415300546,0.6188781756963575,1.2273220665366003
3,_f_delta>=16 E _f_velocidade<=-0.216667 E _f_ticks_s>=153.857,499,0.7595190380761523,0.6188781756963575,1.227251287737763
4,_f_delta>=16 E _f_saldo>=-17 E _f_velocidade<=-0.216667 E _f_ticks_s>=153.857,499,0.7595190380761523,0.6188781756963575,1.227251287737763
4,_f_delta>=16 E _f_saldo>=0 E _f_velocidade<=-0.216667 E _f_ticks_s>=153.857,499,0.7595190380761523,0.6188781756963575,1.227251287737763
4,_f_delta>=16 E _f_razao_fluxo<=1 E _f_velocidade<=-0.216667 E _f_ticks_s>=153.857,499,0.7595190380761523,0.6188781756963575,1.227251287737763
4,_f_delta>=16 E _f_razao_fluxo<=1.33364 E _f_velocidade<=-0.216667 E _f_ticks_s>=153.857,499,0.7595190380761523,0.6188781756963575,1.227251287737763
4,_f_spread>=1.25 E _f_delta<=16 E _f_aceleracao>=-0.000831627 E _f_ticks_s>=153.857,316,0.759493670886076,0.6188781756963575,1.227210298749829
4,_f_spread>=1.75 E _f_aceleracao>=0.543681 E _f_ticks_s>=153.857 E _f_score<=61,79,0.759493670886076,0.6188781756963575,1.227210298749829
4,_f_saldo<=-17 E _f_razao_fluxo<=1.33364 E _f_aceleracao>=-0.000831627 E _f_score<=47,79,0.759493670886076,0.6188781756963575,1.227210298749829
4,_f_spread>=1 E _f_saldo<=-17 E _f_aceleracao>=0.543681 E _f_ticks_s>=153.857,424,0.7594339622641509,0.6188781756963575,1.2271138199527574
4,_f_spread>=1 E _f_razao_fluxo>=1.33364 E _f_aceleracao>=0.543681 E _f_ticks_s>=153.857,133,0.7593984962406015,0.6188781756963575,1.227056512998106
4,_f_saldo>=19 E _f_velocidade<=0 E _f_aceleracao>=-0.000831627 E _f_ticks_s>=153.857,403,0.7593052109181141,0.6188781756963575,1.2269057800652754
4,_f_delta>=16 E _f_saldo>=19 E _f_velocidade<=-0.216667 E _f_aceleracao<=-0.552272,270,0.7592592592592593,0.6188781756963575,1.2268315301391037
4,_f_spread>=1.75 E _f_razao_fluxo<=0.741693 E _f_velocidade<=-0.216667 E _f_ticks_s>=42.0552,216,0.7592592592592593,0.6188781756963575,1.2268315301391037
4,_f_delta<=0 E _f_saldo<=0 E _f_ticks_s>=153.857 E _f_score<=47,274,0.7591240875912408,0.6188781756963575,1.2266131161226999
4,_f_delta<=0 E _f_razao_fluxo>=1 E _f_ticks_s>=153.857 E _f_score<=47,274,0.7591240875912408,0.6188781756963575,1.2266131161226999
4,_f_spread>=1 E _f_aceleracao>=0.543681 E _f_ticks_s>=153.857 E _f_score<=77,743,0.7590847913862718,0.6188781756963575,1.2265496202579043
4,_f_spread>=1 E _f_saldo>=19 E _f_velocidade<=0.205388 E _f_ticks_s>=153.857,581,0.7590361445783133,0.6188781756963575,1.2264710154373288
4,_f_spread>=1.25 E _f_razao_fluxo<=1.33364 E _f_velocidade<=0 E _f_ticks_s>=153.857,415,0.7590361445783133,0.6188781756963575,1.2264710154373288
4,_f_saldo>=19 E _f_velocidade<=-0.216667 E _f_aceleracao>=-0.552272 E _f_ticks_s>=153.857,332,0.7590361445783133,0.6188781756963575,1.2264710154373288
4,_f_saldo>=19 E _f_velocidade<=-0.216667 E _f_aceleracao>=-0.000831627 E _f_ticks_s>=153.857,249,0.7590361445783133,0.6188781756963575,1.2264710154373288
3,_f_delta<=0 E _f_saldo>=0 E _f_ticks_s>=153.857,83,0.7590361445783133,0.6188781756963575,1.2264710154373288
3,_f_delta<=0 E _f_razao_fluxo<=1 E _f_ticks_s>=153.857,83,0.7590361445783133,0.6188781756963575,1.2264710154373288
4,_f_delta<=0 E _f_saldo>=-17 E _f_razao_fluxo<=1 E _f_ticks_s>=153.857,83,0.7590361445783133,0.6188781756963575,1.2264710154373288
4,_f_delta<=0 E _f_saldo>=0 E _f_razao_fluxo>=0.741693 E _f_ticks_s>=153.857,83,0.7590361445783133,0.6188781756963575,1.2264710154373288
4,_f_delta<=0 E _f_saldo>=0 E _f_razao_fluxo<=1 E _f_ticks_s>=153.857,83,0.7590361445783133,0.6188781756963575,1.2264710154373288
4,_f_delta<=0 E _f_saldo>=0 E _f_razao_fluxo<=1.33364 E _f_ticks_s>=153.857,83,0.7590361445783133,0.6188781756963575,1.2264710154373288
4,_f_delta<=0 E _f_saldo<=19 E _f_razao_fluxo<=1 E _f_ticks_s>=153.857,83,0.7590361445783133,0.6188781756963575,1.2264710154373288
4,_f_saldo<=-17 E _f_velocidade>=0 E _f_aceleracao>=-0.552272 E _f_score>=77,83,0.7590361445783133,0.6188781756963575,1.2264710154373288
4,_f_spread<=1.75 E _f_delta>=16 E _f_velocidade<=-0.216667 E _f_ticks_s>=153.857,473,0.758985200845666,0.6188781756963575,1.2263886991840698
4,_f_spread<=1.25 E _f_delta<=-16 E _f_velocidade>=0 E _f_score>=77,112,0.7589285714285714,0.6188781756963575,1.2262971958489732
4,_f_razao_fluxo<=1.33364 E _f_velocidade<=0 E _f_aceleracao>=0.543681 E _f_score>=77,170,0.7588235294117647,0.6188781756963575,1.2261274661332848
4,_f_spread>=1 E _f_delta<=0 E _f_aceleracao>=0.543681 E _f_ticks_s>=153.857,539,0.7588126159554731,0.6188781756963575,1.2261098318771095
4,_f_saldo>=0 E _f_velocidade<=0.205388 E _f_aceleracao>=-0.000831627 E _f_ticks_s>=153.857,833,0.758703481392557,0.6188781756963575,1.2259334893153553
4,_f_razao_fluxo<=1 E _f_velocidade<=0.205388 E _f_aceleracao>=-0.000831627 E _f_ticks_s>=153.857,833,0.758703481392557,0.6188781756963575,1.2259334893153553
4,_f_spread>=1.25 E _f_velocidade<=-0.216667 E _f_ticks_s>=153.857 E _f_score<=61,174,0.7586206896551724,0.6188781756963575,1.2257997121995416
4,_f_spread>=1.25 E _f_velocidade<=-0.216667 E _f_aceleracao>=0.543681 E _f_ticks_s>=153.857,145,0.7586206896551724,0.6188781756963575,1.2257997121995416
4,_f_spread<=1.75 E _f_saldo>=0 E _f_razao_fluxo>=1 E _f_aceleracao<=-0.552272,87,0.7586206896551724,0.6188781756963575,1.2257997121995416
4,_f_spread<=1.75 E _f_saldo<=0 E _f_razao_fluxo<=1 E _f_aceleracao<=-0.552272,87,0.7586206896551724,0.6188781756963575,1.2257997121995416
4,_f_spread>=1.75 E _f_delta>=-16 E _f_saldo<=-17 E _f_velocidade<=-0.216667,58,0.7586206896551724,0.6188781756963575,1.2257997121995416
4,_f_delta<=-16 E _f_velocidade>=0.205388 E _f_aceleracao>=-0.000831627 E _f_score<=47,58,0.7586206896551724,0.6188781756963575,1.2257997121995416
4,_f_saldo<=-17 E _f_velocidade>=0.205388 E _f_ticks_s>=72.5852 E _f_score<=47,58,0.7586206896551724,0.6188781756963575,1.2257997121995416
4,_f_spread<=1 E _f_delta>=16 E _f_ticks_s>=153.857 E _f_score<=47,29,0.7586206896551724,0.6188781756963575,1.2257997121995416
4,_f_delta<=-16 E _f_saldo>=-17 E _f_ticks_s>=153.857 E _f_score>=61,29,0.7586206896551724,0.6188781756963575,1.2257997121995416
4,_f_saldo<=-17 E _f_velocidade>=0.205388 E _f_aceleracao>=0.543681 E _f_score<=47,29,0.7586206896551724,0.6188781756963575,1.2257997121995416
4,_f_spread>=1 E _f_velocidade<=-0.216667 E _f_aceleracao>=0.543681 E _f_ticks_s>=153.857,410,0.7585365853658537,0.6188781756963575,1.225663814227014
4,_f_velocidade>=-0.216667 E _f_aceleracao<=-0.552272 E _f_ticks_s>=153.857 E _f_score>=77,294,0.7585034013605442,0.6188781756963575,1.2256101946188058
3,_f_spread>=1 E _f_ticks_s>=153.857 E _f_score<=47,327,0.7584097859327217,0.6188781756963575,1.2254589282928974
4,_f_spread>=1.75 E _f_saldo>=0 E _f_velocidade<=0.205388 E _f_ticks_s>=153.857,120,0.7583333333333333,0.6188781756963575,1.2253353941267389
4,_f_spread>=1.75 E _f_razao_fluxo<=1 E _f_velocidade<=0.205388 E _f_ticks_s>=153.857,120,0.7583333333333333,0.6188781756963575,1.2253353941267389
4,_f_spread>=1.25 E _f_velocidade<=-0.216667 E _f_ticks_s>=153.857 E _f_score<=77,273,0.7582417582417582,0.6188781756963575,1.2251874246310104
4,_f_spread>=1 E _f_velocidade<=-0.216667 E _f_ticks_s>=153.857 E _f_score<=77,707,0.7581329561527581,0.6188781756963575,1.2250116192895508
4,_f_spread>=1 E _f_delta>=16 E _f_velocidade<=-0.216667 E _f_ticks_s>=153.857,277,0.7581227436823105,0.6188781756963575,1.2249951177051541
4,_f_delta>=0 E _f_aceleracao>=0.543681 E _f_ticks_s>=153.857 E _f_score<=61,248,0.7580645161290323,0.6188781756963575,1.2249010320586329
4,_f_spread>=1.75 E _f_velocidade<=0.205388 E _f_aceleracao>=-0.552272 E _f_ticks_s>=153.857,186,0.7580645161290323,0.6188781756963575,1.2249010320586329
3,_f_saldo<=-17 E _f_velocidade>=0.205388 E _f_score>=77,62,0.7580645161290323,0.6188781756963575,1.2249010320586329
4,_f_delta<=0 E _f_saldo<=-17 E _f_velocidade>=0.205388 E _f_score>=77,62,0.7580645161290323,0.6188781756963575,1.2249010320586329
4,_f_delta<=16 E _f_saldo<=-17 E _f_velocidade>=0.205388 E _f_score>=77,62,0.7580645161290323,0.6188781756963575,1.2249010320586329
4,_f_saldo<=-17 E _f_razao_fluxo>=0.741693 E _f_velocidade>=0.205388 E _f_score>=77,62,0.7580645161290323,0.6188781756963575,1.2249010320586329
4,_f_saldo<=-17 E _f_razao_fluxo>=1 E _f_velocidade>=0.205388 E _f_score>=77,62,0.7580645161290323,0.6188781756963575,1.2249010320586329
4,_f_delta>=-16 E _f_velocidade<=-0.216667 E _f_ticks_s>=153.857 E _f_score<=61,529,0.7580340264650284,0.6188781756963575,1.2248517660395661
4,_f_spread>=1 E _f_velocidade<=0.205388 E _f_aceleracao>=0.543681 E _f_ticks_s>=153.857,686,0.7580174927113703,0.6188781756963575,1.2248250503557574
4,_f_saldo<=-17 E _f_razao_fluxo<=1.33364 E _f_velocidade<=0.205388 E _f_score<=47,95,0.7578947368421053,0.6188781756963575,1.2246266981208818
4,_f_delta<=-16 E _f_aceleracao>=0.543681 E _f_ticks_s>=153.857 E _f_score<=61,318,0.7578616352201258,0.6188781756963575,1.2245732116298738
4,_f_delta>=0 E _f_velocidade<=-0.216667 E _f_aceleracao<=-0.552272 E _f_ticks_s>=153.857,223,0.757847533632287,0.6188781756963575,1.2245504259050048
4,_f_spread>=1.25 E _f_delta<=0 E _f_velocidade>=-0.216667 E _f_ticks_s>=153.857,256,0.7578125,0.6188781756963575,1.2244938176197837
4,_f_saldo>=19 E _f_velocidade<=0 E _f_ticks_s>=153.857 E _f_score>=61,417,0.7577937649880095,0.6188781756963575,1.2244635450835621
4,_f_saldo<=-17 E _f_velocidade>=-0.216667 E _f_ticks_s>=72.5852 E _f_score<=47,161,0.7577639751552795,0.6188781756963575,1.2244154098706883
4,_f_spread>=1.25 E _f_saldo<=-17 E _f_velocidade<=0 E _f_ticks_s>=153.857,227,0.7577092511013216,0.6188781756963575,1.22432698527259
4,_f_razao_fluxo<=1.33364 E _f_aceleracao>=-0.000831627 E _f_ticks_s>=153.857 E _f_score<=47,260,0.7576923076923077,0.6188781756963575,1.2242996076566401
4,_f_spread>=1.25 E _f_velocidade<=0 E _f_ticks_s>=153.857 E _f_score<=77,392,0.7576530612244898,0.6188781756963575,1.2242361921584708
4,_f_spread>=1.75 E _f_delta<=0 E _f_ticks_s>=153.857 E _f_score<=61,132,0.7575757575757576,0.6188781756963575,1.224111282843895
4,_f_spread>=1.25 E _f_aceleracao>=0.543681 E _f_ticks_s>=153.857 E _f_score<=47,66,0.7575757575757576,0.6188781756963575,1.224111282843895
4,_f_spread>=1.75 E _f_delta>=16 E _f_velocidade<=-0.216667 E _f_ticks_s>=153.857,33,0.7575757575757576,0.6188781756963575,1.224111282843895
4,_f_delta<=0 E _f_velocidade>=0.205388 E _f_aceleracao>=0.543681 E _f_ticks_s>=153.857,235,0.7574468085106383,0.6188781756963575,1.2239029234766023
4,_f_razao_fluxo<=1.33364 E _f_aceleracao>=0.543681 E _f_ticks_s>=153.857 E _f_score<=61,639,0.7574334898278561,0.6188781756963575,1.2238814027907787
4,_f_saldo>=0 E _f_velocidade<=-0.216667 E _f_ticks_s>=153.857 E _f_score<=77,606,0.7574257425742574,0.6188781756963575,1.2238688845700645
4,_f_razao_fluxo<=1 E _f_velocidade<=-0.216667 E _f_ticks_s>=153.857 E _f_score<=77,606,0.7574257425742574,0.6188781756963575,1.2238688845700645
4,_f_delta<=0 E _f_velocidade>=0 E _f_ticks_s>=42.0552 E _f_score>=77,202,0.7574257425742574,0.6188781756963575,1.2238688845700645
4,_f_spread>=1 E _f_aceleracao>=-0.552272 E _f_ticks_s>=153.857 E _f_score<=61,746,0.7573726541554959,0.6188781756963575,1.223783102875304
4,_f_spread>=1.75 E _f_delta>=-16 E _f_ticks_s>=153.857 E _f_score<=47,136,0.7573529411764706,0.6188781756963575,1.2237512501136467
4,_f_spread>=1.25 E _f_saldo<=-17 E _f_aceleracao>=-0.552272 E _f_ticks_s>=153.857,206,0.7572815533980582,0.6188781756963575,1.2236358998214312
4,_f_delta>=16 E _f_aceleracao>=-0.000831627 E _f_ticks_s>=153.857 E _f_score<=61,206,0.7572815533980582,0.6188781756963575,1.2236358998214312
4,_f_spread>=1.25 E _f_delta>=16 E _f_velocidade<=-0.216667 E _f_ticks_s>=153.857,103,0.7572815533980582,0.6188781756963575,1.2236358998214312
4,_f_razao_fluxo<=0.741693 E _f_velocidade<=-0.216667 E _f_aceleracao<=-0.552272 E _f_ticks_s>=72.5852,103,0.7572815533980582,0.6188781756963575,1.2236358998214312
4,_f_saldo<=-17 E _f_aceleracao>=-0.000831627 E _f_ticks_s>=153.857 E _f_score<=61,453,0.7571743929359823,0.6188781756963575,1.2234627470649047
4,_f_delta>=0 E _f_aceleracao>=-0.000831627 E _f_ticks_s>=153.857 E _f_score<=61,420,0.7571428571428571,0.6188781756963575,1.22341179068227
4,_f_velocidade<=0 E _f_aceleracao>=-0.000831627 E _f_ticks_s>=153.857 E _f_score<=47,210,0.7571428571428571,0.6188781756963575,1.22341179068227
4,_f_spread<=1.25 E _f_delta<=16 E _f_saldo>=19 E _f_ticks_s>=42.0552,140,0.7571428571428571,0.6188781756963575,1.22341179068227
4,_f_spread>=1 E _f_saldo<=0 E _f_aceleracao>=-0.000831627 E _f_ticks_s>=153.857,749,0.7570093457943925,0.6188781756963575,1.2231960594548528
4,_f_spread>=1 E _f_razao_fluxo>=1 E _f_aceleracao>=-0.000831627 E _f_ticks_s>=153.857,749,0.7570093457943925,0.6188781756963575,1.2231960594548528
4,_f_spread>=1 E _f_delta<=0 E _f_velocidade>=0 E _f_ticks_s>=153.857,506,0.7569169960474308,0.6188781756963575,1.2230468382501176
4,_f_spread>=1 E _f_saldo<=-17 E _f_aceleracao>=-0.000831627 E _f_ticks_s>=153.857,580,0.756896551724138,0.6188781756963575,1.2230138037627245
4,_f_saldo>=0 E _f_velocidade<=0 E _f_aceleracao>=0.543681 E _f_ticks_s>=153.857,366,0.7568306010928961,0.6188781756963575,1.2229072389591304
4,_f_razao_fluxo<=1 E _f_velocidade<=0 E _f_aceleracao>=0.543681 E _f_ticks_s>=153.857,366,0.7568306010928961,0.6188781756963575,1.2229072389591304
4,_f_delta<=-16 E _f_velocidade>=-0.216667 E _f_aceleracao>=0.543681 E _f_ticks_s>=153.857,403,0.7568238213399504,0.6188781756963575,1.2228962840519904
4,_f_spread>=1.25 E _f_saldo>=19 E _f_velocidade<=0 E _f_ticks_s>=153.857,148,0.7567567567567568,0.6188781756963575,1.2227879192948745
4,_f_spread>=1.25 E _f_saldo>=19 E _f_velocidade<=-0.216667 E _f_ticks_s>=153.857,111,0.7567567567567568,0.6188781756963575,1.2227879192948745
4,_f_spread<=1.25 E _f_saldo<=-17 E _f_velocidade>=0 E _f_score>=77,111,0.7567567567567568,0.6188781756963575,1.2227879192948745
4,_f_razao_fluxo<=0.741693 E _f_velocidade<=0 E _f_aceleracao>=-0.552272 E _f_ticks_s>=153.857,111,0.7567567567567568,0.6188781756963575,1.2227879192948745
4,_f_delta<=-16 E _f_velocidade>=0 E _f_aceleracao>=0.543681 E _f_score>=77,37,0.7567567567567568,0.6188781756963575,1.2227879192948745
4,_f_delta<=0 E _f_saldo>=0 E _f_ticks_s>=153.857 E _f_score<=47,37,0.7567567567567568,0.6188781756963575,1.2227879192948745
4,_f_delta<=0 E _f_razao_fluxo<=1 E _f_ticks_s>=153.857 E _f_score<=47,37,0.7567567567567568,0.6188781756963575,1.2227879192948745
4,_f_delta>=0 E _f_velocidade<=-0.216667 E _f_ticks_s>=153.857 E _f_score<=77,600,0.7566666666666667,0.6188781756963575,1.2226423493044822
4,_f_razao_fluxo<=1.33364 E _f_velocidade<=-0.216667 E _f_ticks_s>=153.857 E _f_score<=61,645,0.7565891472868217,0.6188781756963575,1.2225170914057726
4,_f_spread>=1 E _f_velocidade<=0.205388 E _f_ticks_s>=153.857 E _f_score<=61,809,0.7564894932014833,0.6188781756963575,1.2223560676546503
4,_f_velocidade>=0 E _f_aceleracao>=-0.000831627 E _f_ticks_s>=153.857 E _f_score<=61,427,0.7564402810304449,0.6188781756963575,1.2222765493052061
4,_f_spread>=1.25 E _f_delta>=0 E _f_velocidade<=-0.216667 E _f_ticks_s>=153.857,156,0.7564102564102564,0.6188781756963575,1.2222280347164427
4,_f_velocidade>=0 E _f_aceleracao>=-0.000831627 E _f_ticks_s>=153.857 E _f_score<=47,78,0.7564102564102564,0.6188781756963575,1.2222280347164427
4,_f_spread>=1 E _f_delta<=-16 E _f_velocidade>=0.205388 E _f_aceleracao>=0.543681,197,0.7563451776649747,0.6188781756963575,1.2221228787296308
4,_f_spread>=1.25 E _f_delta<=-16 E _f_ticks_s>=153.857 E _f_score<=61,119,0.7563025210084033,0.6188781756963575,1.2220539529567622
4,_f_razao_fluxo<=0.741693 E _f_velocidade<=-0.216667 E _f_ticks_s>=72.5852 E _f_score>=61,119,0.7563025210084033,0.6188781756963575,1.2220539529567622
4,_f_saldo>=0 E _f_aceleracao>=-0.000831627 E _f_ticks_s>=153.857 E _f_score<=77,796,0.7562814070351759,0.6188781756963575,1.2220198364309958
4,_f_razao_fluxo<=1 E _f_aceleracao>=-0.000831627 E _f_ticks_s>=153.857 E _f_score<=77,796,0.7562814070351759,0.6188781756963575,1.2220198364309958
4,_f_saldo<=0 E _f_velocidade>=0.205388 E _f_ticks_s>=153.857 E _f_score<=61,361,0.7562326869806094,0.6188781756963575,1.2219411132565816
4,_f_razao_fluxo>=1 E _f_velocidade>=0.205388 E _f_ticks_s>=153.857 E _f_score<=61,361,0.7562326869806094,0.6188781756963575,1.2219411132565816
4,_f_velocidade>=0 E _f_aceleracao<=-0.552272 E _f_ticks_s>=153.857 E _f_score>=77,201,0.7562189054726368,0.6188781756963575,1.2219188447253686
4,_f_delta>=16 E _f_velocidade<=-0.216667 E _f_ticks_s>=153.857 E _f_score>=47,484,0.756198347107438,0.6188781756963575,1.221885625965997
4,_f_spread>=1.25 E _f_saldo>=0 E _f_ticks_s>=153.857 E _f_score<=61,283,0.7561837455830389,0.6188781756963575,1.221862032430189
4,_f_spread>=1.25 E _f_razao_fluxo<=1 E _f_ticks_s>=153.857 E _f_score<=61,283,0.7561837455830389,0.6188781756963575,1.221862032430189
4,_f_spread<=1.25 E _f_velocidade<=-0.216667 E _f_ticks_s>=153.857 E _f_score<=61,570,0.756140350877193,0.6188781756963575,1.2217919140974538
4,_f_delta>=0 E _f_velocidade<=0 E _f_aceleracao>=-0.000831627 E _f_ticks_s>=153.857,574,0.7560975609756098,0.6188781756963575,1.2217227730237117
4,_f_spread>=1.25 E _f_velocidade<=-0.216667 E _f_aceleracao>=-0.552272 E _f_ticks_s>=153.857,246,0.7560975609756098,0.6188781756963575,1.2217227730237117
4,_f_spread<=1.25 E _f_saldo>=0 E _f_razao_fluxo>=1 E _f_aceleracao<=-0.552272,41,0.7560975609756098,0.6188781756963575,1.2217227730237117
4,_f_spread<=1.25 E _f_saldo<=0 E _f_razao_fluxo<=1 E _f_aceleracao<=-0.552272,41,0.7560975609756098,0.6188781756963575,1.2217227730237117
4,_f_spread>=1.75 E _f_velocidade<=-0.216667 E _f_ticks_s>=153.857 E _f_score<=47,41,0.7560975609756098,0.6188781756963575,1.2217227730237117
4,_f_spread>=1.75 E _f_velocidade>=0.205388 E _f_ticks_s>=153.857 E _f_score<=47,41,0.7560975609756098,0.6188781756963575,1.2217227730237117
4,_f_saldo<=-17 E _f_velocidade>=-0.216667 E _f_ticks_s>=153.857 E _f_score<=47,41,0.7560975609756098,0.6188781756963575,1.2217227730237117
4,_f_delta>=16 E _f_velocidade<=0 E _f_ticks_s>=153.857 E _f_score>=61,418,0.7559808612440191,0.6188781756963575,1.2215342064589603
4,_f_saldo>=19 E _f_razao_fluxo>=0.741693 E _f_velocidade<=-0.216667 E _f_ticks_s>=153.857,418,0.7559808612440191,0.6188781756963575,1.2215342064589603
4,_f_razao_fluxo<=0.741693 E _f_velocidade<=0 E _f_aceleracao>=0.543681 E _f_ticks_s>=72.5852,168,0.7559523809523809,0.6188781756963575,1.2214881872378007
4,_f_spread>=1 E _f_delta>=-16 E _f_velocidade<=0.205388 E _f_ticks_s>=153.857,1016,0.7559055118110236,0.6188781756963575,1.2214124548187273
4,_f_spread>=1 E _f_velocidade<=0.205388 E _f_aceleracao>=-0.552272 E _f_ticks_s>=153.857,1274,0.7558869701726845,0.6188781756963575,1.221382494740852
4,_f_spread<=1 E _f_razao_fluxo>=1.33364 E _f_ticks_s>=153.857 E _f_score<=61,86,0.7558139534883721,0.6188781756963575,1.2212645124186765
4,_f_delta>=-16 E _f_saldo<=-17 E _f_velocidade<=0.205388 E _f_score<=47,86,0.7558139534883721,0.6188781756963575,1.2212645124186765
4,_f_saldo>=19 E _f_aceleracao>=-0.000831627 E _f_ticks_s>=72.5852 E _f_score<=47,86,0.7558139534883721,0.6188781756963575,1.2212645124186765
4,_f_spread>=1 E _f_delta>=0 E _f_velocidade<=-0.216667 E _f_ticks_s>=153.857,389,0.7557840616966581,0.6188781756963575,1.2212162124577346
4,_f_spread<=1.25 E _f_razao_fluxo<=0.741693 E _f_aceleracao<=-0.552272 E _f_ticks_s>=153.857,217,0.7557603686635944,0.6188781756963575,1.2211779286177251
4,_f_delta<=-16 E _f_razao_fluxo<=1.33364 E _f_aceleracao>=0.543681 E _f_score>=77,131,0.7557251908396947,0.6188781756963575,1.2211210873438183
4,_f_saldo>=19 E _f_razao_fluxo>=0.741693 E _f_velocidade<=0.205388 E _f_ticks_s>=153.857,966,0.7556935817805382,0.6188781756963575,1.2210700125759597
4,_f_spread>=1 E _f_velocidade<=0 E _f_ticks_s>=153.857 E _f_score<=47,176,0.7556818181818182,0.6188781756963575,1.2210510046367853
4,_f_spread>=1.75 E _f_velocidade<=0.205388 E _f_ticks_s>=153.857 E _f_score<=61,176,0.7556818181818182,0.6188781756963575,1.2210510046367853
4,_f_spread>=1 E _f_saldo>=-17 E _f_velocidade<=0.205388 E _f_ticks_s>=153.857,1023,0.7556207233626588,0.6188781756963575,1.2209522859849429
4,_f_spread>=1 E _f_delta>=16 E _f_velocidade<=0.205388 E _f_ticks_s>=153.857,581,0.7555938037865749,0.6188781756963575,1.2209087886099488
4,_f_spread>=1.75 E _f_saldo>=0 E _f_velocidade<=0 E _f_ticks_s>=153.857,90,0.7555555555555555,0.6188781756963575,1.2208469860896445
4,_f_spread>=1.75 E _f_razao_fluxo<=1 E _f_velocidade<=0 E _f_ticks_s>=153.857,90,0.7555555555555555,0.6188781756963575,1.2208469860896445
4,_f_razao_fluxo<=0.741693 E _f_velocidade<=0 E _f_ticks_s>=153.857 E _f_score<=61,90,0.7555555555555555,0.6188781756963575,1.2208469860896445
4,_f_spread<=1.75 E _f_saldo>=19 E _f_velocidade>=0.205388 E _f_score<=47,45,0.7555555555555555,0.6188781756963575,1.2208469860896445
4,_f_delta<=-16 E _f_aceleracao>=-0.552272 E _f_ticks_s>=153.857 E _f_score<=47,45,0.7555555555555555,0.6188781756963575,1.2208469860896445
4,_f_saldo>=19 E _f_velocidade<=0.205388 E _f_ticks_s>=153.857 E _f_score<=47,45,0.7555555555555555,0.6188781756963575,1.2208469860896445
4,_f_spread>=1 E _f_delta<=16 E _f_aceleracao>=0.543681 E _f_ticks_s>=153.857,634,0.7555205047318612,0.6188781756963575,1.2207903500260848
4,_f_spread>=1 E _f_saldo<=19 E _f_aceleracao>=0.543681 E _f_ticks_s>=153.857,638,0.7554858934169278,0.6188781756963575,1.2207344241326012
4,_f_spread>=1.25 E _f_saldo<=0 E _f_razao_fluxo<=1.33364 E _f_ticks_s>=153.857,323,0.7554179566563467,0.6188781756963575,1.220624650087807
4,_f_spread>=1.25 E _f_delta>=16 E _f_velocidade<=0 E _f_ticks_s>=153.857,139,0.7553956834532374,0.6188781756963575,1.2205886604472218
4,_f_delta>=16 E _f_razao_fluxo<=0.741693 E _f_ticks_s>=153.857 E _f_score<=61,139,0.7553956834532374,0.6188781756963575,1.2205886604472218
4,_f_delta<=0 E _f_saldo>=-17 E _f_velocidade>=0 E _f_ticks_s>=153.857,327,0.7553516819571865,0.6188781756963575,1.220517561646555
4,_f_spread>=1.75 E _f_saldo>=19 E _f_razao_fluxo>=0.741693 E _f_score>=61,94,0.7553191489361702,0.6188781756963575,1.2204649939162748
4,_f_saldo<=0 E _f_razao_fluxo<=1.33364 E _f_velocidade>=0 E _f_score>=77,143,0.7552447552447552,0.6188781756963575,1.2203447865889905
4,_f_velocidade<=-0.216667 E _f_aceleracao<=-0.000831627 E _f_ticks_s>=153.857 E _f_score<=61,241,0.7551867219917012,0.6188781756963575,1.220251014897997
4,_f_saldo>=-17 E _f_velocidade<=-0.216667 E _f_ticks_s>=153.857 E _f_score<=61,531,0.7551789077212806,0.6188781756963575,1.2202383883896994
3,_f_velocidade<=-0.216667 E _f_ticks_s>=153.857 E _f_score<=61,686,0.7551020408163265,0.6188781756963575,1.2201141847774657
4,_f_spread>=1 E _f_saldo<=0 E _f_velocidade>=0 E _f_score>=77,147,0.7551020408163265,0.6188781756963575,1.2201141847774657
4,_f_spread>=1 E _f_razao_fluxo>=1 E _f_velocidade>=0 E _f_score>=77,147,0.7551020408163265,0.6188781756963575,1.2201141847774657
4,_f_spread>=1 E _f_velocidade<=-0.216667 E _f_ticks_s>=153.857 E _f_score<=47,98,0.7551020408163265,0.6188781756963575,1.2201141847774657
4,_f_spread>=1.75 E _f_saldo>=-17 E _f_velocidade<=-0.216667 E _f_ticks_s>=153.857,98,0.7551020408163265,0.6188781756963575,1.2201141847774657
4,_f_delta<=0 E _f_velocidade>=0.205388 E _f_ticks_s>=72.5852 E _f_score>=77,98,0.7551020408163265,0.6188781756963575,1.2201141847774657
4,_f_spread>=1.75 E _f_delta<=-16 E _f_ticks_s>=153.857 E _f_score<=61,49,0.7551020408163265,0.6188781756963575,1.2201141847774657
4,_f_spread>=1.75 E _f_saldo>=19 E _f_velocidade<=0 E _f_ticks_s>=153.857,49,0.7551020408163265,0.6188781756963575,1.2201141847774657
4,_f_velocidade<=-0.216667 E _f_aceleracao>=-0.000831627 E _f_ticks_s>=153.857 E _f_score<=61,445,0.755056179775281,0.6188781756963575,1.220040081273987
4,_f_spread>=1.25 E _f_saldo>=0 E _f_velocidade<=0.205388 E _f_ticks_s>=153.857,298,0.7550335570469798,0.6188781756963575,1.2200035268611973
4,_f_spread>=1.25 E _f_razao_fluxo<=1 E _f_velocidade<=0.205388 E _f_ticks_s>=153.857,298,0.7550335570469798,0.6188781756963575,1.2200035268611973
4,_f_saldo>=-17 E _f_razao_fluxo>=1 E _f_velocidade>=0 E _f_ticks_s>=153.857,298,0.7550335570469798,0.6188781756963575,1.2200035268611973
4,_f_razao_fluxo<=1.33364 E _f_aceleracao>=-0.000831627 E _f_ticks_s>=153.857 E _f_score<=61,1007,0.7547169811320755,0.6188781756963575,1.2194919949841068
4,_f_spread>=1.25 E _f_delta<=16 E _f_razao_fluxo<=1.33364 E _f_ticks_s>=153.857,477,0.7547169811320755,0.6188781756963575,1.2194919949841068
4,_f_saldo<=-17 E _f_velocidade<=-0.216667 E _f_ticks_s>=153.857 E _f_score<=61,159,0.7547169811320755,0.6188781756963575,1.2194919949841068
4,_f_spread<=1 E _f_razao_fluxo<=0.741693 E _f_aceleracao<=-0.552272 E _f_ticks_s<=42.0552,53,0.7547169811320755,0.6188781756963575,1.2194919949841068
4,_f_delta<=0 E _f_saldo>=0 E _f_aceleracao>=-0.552272 E _f_ticks_s>=153.857,53,0.7547169811320755,0.6188781756963575,1.2194919949841068
4,_f_delta<=0 E _f_razao_fluxo<=1 E _f_aceleracao>=-0.552272 E _f_ticks_s>=153.857,53,0.7547169811320755,0.6188781756963575,1.2194919949841068
4,_f_saldo>=19 E _f_velocidade<=0 E _f_aceleracao<=-0.552272 E _f_ticks_s>=153.857,269,0.7546468401486989,0.6188781756963575,1.2193786592968405
3,_f_razao_fluxo<=0.741693 E _f_velocidade<=0 E _f_ticks_s>=153.857,163,0.754601226993865,0.6188781756963575,1.2193049563345693
4,_f_delta>=-16 E _f_razao_fluxo<=0.741693 E _f_velocidade<=0 E _f_ticks_s>=153.857,163,0.754601226993865,0.6188781756963575,1.2193049563345693
4,_f_delta>=0 E _f_razao_fluxo<=0.741693 E _f_velocidade<=0 E _f_ticks_s>=153.857,163,0.754601226993865,0.6188781756963575,1.2193049563345693
4,_f_saldo>=-17 E _f_razao_fluxo<=0.741693 E _f_velocidade<=0 E _f_ticks_s>=153.857,163,0.754601226993865,0.6188781756963575,1.2193049563345693
4,_f_saldo>=0 E _f_razao_fluxo<=0.741693 E _f_velocidade<=0 E _f_ticks_s>=153.857,163,0.754601226993865,0.6188781756963575,1.2193049563345693
4,_f_saldo<=-17 E _f_razao_fluxo<=1.33364 E _f_velocidade>=-0.216667 E _f_score<=47,110,0.7545454545454545,0.6188781756963575,1.2192148377125194
4,_f_spread>=1 E _f_velocidade<=0 E _f_aceleracao>=-0.552272 E _f_ticks_s>=153.857,1018,0.7544204322200393,0.6188781756963575,1.2190128232768438
4,_f_spread>=1.25 E _f_saldo>=0 E _f_ticks_s>=153.857 E _f_score<=47,114,0.7543859649122807,0.6188781756963575,1.2189571300740258
4,_f_spread>=1.25 E _f_razao_fluxo<=1 E _f_ticks_s>=153.857 E _f_score<=47,114,0.7543859649122807,0.6188781756963575,1.2189571300740258
4,_f_saldo<=-17 E _f_velocidade>=0.205388 E _f_ticks_s>=72.5852 E _f_score>=77,57,0.7543859649122807,0.6188781756963575,1.2189571300740258
4,_f_spread>=1 E _f_delta>=0 E _f_velocidade<=0 E _f_ticks_s>=153.857,586,0.7542662116040956,0.6188781756963575,1.2187636294580924
4,_f_spread>=1.25 E _f_velocidade<=0.205388 E _f_aceleracao>=0.543681 E _f_ticks_s>=153.857,236,0.7542372881355932,0.6188781756963575,1.218716894139837
4,_f_spread>=1.25 E _f_saldo<=-17 E _f_ticks_s>=153.857 E _f_score<=61,118,0.7542372881355932,0.6188781756963575,1.218716894139837
4,_f_saldo<=0 E _f_velocidade>=0.205388 E _f_ticks_s>=42.0552 E _f_score>=77,118,0.7542372881355932,0.6188781756963575,1.218716894139837
4,_f_razao_fluxo>=1 E _f_velocidade>=0.205388 E _f_ticks_s>=42.0552 E _f_score>=77,118,0.7542372881355932,0.6188781756963575,1.218716894139837
4,_f_velocidade>=-0.216667 E _f_aceleracao>=0.543681 E _f_ticks_s>=153.857 E _f_score<=77,769,0.7542262678803641,0.6188781756963575,1.2186990873150663
4,_f_delta>=16 E _f_velocidade<=0 E _f_aceleracao>=-0.000831627 E _f_ticks_s>=153.857,415,0.7542168674698795,0.6188781756963575,1.2186838978789967
4,_f_spread<=1.25 E _f_delta<=0 E _f_saldo>=0 E _f_aceleracao>=0.543681,61,0.7540983606557377,0.6188781756963575,1.2184924113816606
4,_f_spread<=1.25 E _f_delta<=0 E _f_razao_fluxo<=1 E _f_aceleracao>=0.543681,61,0.7540983606557377,0.6188781756963575,1.2184924113816606
4,_f_spread<=1.75 E _f_saldo<=-17 E _f_velocidade>=0.205388 E _f_score>=77,61,0.7540983606557377,0.6188781756963575,1.2184924113816606
4,_f_delta<=-16 E _f_saldo<=-17 E _f_velocidade>=0.205388 E _f_score>=77,61,0.7540983606557377,0.6188781756963575,1.2184924113816606
4,_f_saldo<=-17 E _f_velocidade>=0.205388 E _f_ticks_s>=42.0552 E _f_score>=77,61,0.7540983606557377,0.6188781756963575,1.2184924113816606
4,_f_spread<=1.75 E _f_delta>=16 E _f_velocidade<=-0.216667 E _f_aceleracao<=-0.552272,252,0.753968253968254,0.6188781756963575,1.2182821814970193
4,_f_spread<=1 E _f_velocidade<=-0.216667 E _f_ticks_s>=153.857 E _f_score<=61,512,0.75390625,0.6188781756963575,1.2181819938176197
3,_f_spread>=1.75 E _f_ticks_s>=153.857 E _f_score<=61,256,0.75390625,0.6188781756963575,1.2181819938176197
4,_f_spread>=1 E _f_saldo>=0 E _f_velocidade<=-0.216667 E _f_ticks_s>=153.857,390,0.7538461538461538,0.6188781756963575,1.218084888836048
4,_f_spread>=1 E _f_razao_fluxo<=1 E _f_velocidade<=-0.216667 E _f_ticks_s>=153.857,390,0.7538461538461538,0.6188781756963575,1.218084888836048
4,_f_spread>=1.75 E _f_saldo<=0 E _f_ticks_s>=153.857 E _f_score<=61,130,0.7538461538461538,0.6188781756963575,1.218084888836048
4,_f_spread>=1.75 E _f_razao_fluxo>=1 E _f_ticks_s>=153.857 E _f_score<=61,130,0.7538461538461538,0.6188781756963575,1.218084888836048
4,_f_delta<=0 E _f_saldo>=0 E _f_ticks_s>=153.857 E _f_score<=61,65,0.7538461538461538,0.6188781756963575,1.218084888836048
4,_f_delta<=0 E _f_razao_fluxo<=1 E _f_ticks_s>=153.857 E _f_score<=61,65,0.7538461538461538,0.6188781756963575,1.218084888836048
4,_f_spread>=1 E _f_saldo>=0 E _f_velocidade<=0 E _f_ticks_s>=153.857,589,0.7538200339558574,0.6188781756963575,1.2180426836148557
4,_f_spread>=1 E _f_razao_fluxo<=1 E _f_velocidade<=0 E _f_ticks_s>=153.857,589,0.7538200339558574,0.6188781756963575,1.2180426836148557
4,_f_spread>=1.25 E _f_velocidade<=0 E _f_aceleracao>=0.543681 E _f_ticks_s>=153.857,199,0.7537688442211056,0.6188781756963575,1.21795996986478
4,_f_spread>=1.75 E _f_saldo>=-17 E _f_ticks_s>=153.857 E _f_score<=47,134,0.753731343283582,0.6188781756963575,1.2178993748414035
4,_f_spread<=1.25 E _f_aceleracao>=0.543681 E _f_ticks_s>=153.857 E _f_score<=61,605,0.7537190082644628,0.6188781756963575,1.2178794435857805
4,_f_delta<=0 E _f_velocidade>=-0.216667 E _f_aceleracao>=0.543681 E _f_ticks_s>=153.857,544,0.7536764705882353,0.6188781756963575,1.2178107100645512
4,_f_saldo>=0 E _f_velocidade<=-0.216667 E _f_aceleracao>=-0.000831627 E _f_ticks_s>=153.857,341,0.7536656891495601,0.6188781756963575,1.217793289125991
4,_f_razao_fluxo<=1 E _f_velocidade<=-0.216667 E _f_aceleracao>=-0.000831627 E _f_ticks_s>=153.857,341,0.7536656891495601,0.6188781756963575,1.217793289125991
4,_f_spread>=1 E _f_delta<=16 E _f_velocidade>=0.205388 E _f_ticks_s>=153.857,414,0.7536231884057971,0.6188781756963575,1.217724615281231
4,_f_saldo>=19 E _f_velocidade<=0.205388 E _f_aceleracao<=-0.552272 E _f_ticks_s>=153.857,414,0.7536231884057971,0.6188781756963575,1.217724615281231
4,_f_delta>=0 E _f_velocidade<=-0.216667 E _f_aceleracao>=-0.000831627 E _f_ticks_s>=153.857,345,0.7536231884057971,0.6188781756963575,1.217724615281231
3,_f_aceleracao>=-0.000831627 E _f_ticks_s>=153.857 E _f_score<=47,276,0.7536231884057971,0.6188781756963575,1.217724615281231
4,_f_delta>=16 E _f_velocidade<=0 E _f_aceleracao<=-0.552272 E _f_ticks_s>=153.857,276,0.7536231884057971,0.6188781756963575,1.217724615281231
4,_f_spread<=1.75 E _f_delta<=0 E _f_saldo>=0 E _f_ticks_s>=153.857,69,0.7536231884057971,0.6188781756963575,1.217724615281231
4,_f_spread<=1.75 E _f_delta<=0 E _f_razao_fluxo<=1 E _f_ticks_s>=153.857,69,0.7536231884057971,0.6188781756963575,1.217724615281231
4,_f_velocidade<=-0.216667 E _f_aceleracao>=0.543681 E _f_ticks_s>=153.857 E _f_score<=47,69,0.7536231884057971,0.6188781756963575,1.217724615281231
4,_f_delta>=0 E _f_velocidade<=0.205388 E _f_aceleracao>=-0.000831627 E _f_ticks_s>=153.857,832,0.7536057692307693,0.6188781756963575,1.2176964689097611
4,_f_delta<=-16 E _f_velocidade>=0 E _f_aceleracao>=0.543681 E _f_ticks_s>=153.857,284,0.7535211267605634,0.6188781756963575,1.2175597013300825
4,_f_velocidade<=-0.216667 E _f_aceleracao<=-0.552272 E _f_ticks_s>=72.5852 E _f_score<=61,288,0.7534722222222222,0.6188781756963575,1.2174806800618239
4,_f_spread>=1 E _f_delta<=16 E _f_ticks_s>=153.857 E _f_score<=61,795,0.7534591194968554,0.6188781756963575,1.2174595083258
4,_f_spread>=1.75 E _f_saldo>=19 E _f_velocidade<=-0.216667 E _f_score>=61,73,0.7534246575342466,0.6188781756963575,1.2174038237598188
4,_f_velocidade>=0 E _f_aceleracao>=0.543681 E _f_ticks_s>=153.857 E _f_score<=77,515,0.7533980582524272,0.6188781756963575,1.2173608439249113
4,_f_saldo<=19 E _f_velocidade>=-0.216667 E _f_aceleracao>=0.543681 E _f_ticks_s>=153.857,673,0.7533432392273403,0.6188781756963575,1.2172722658699082
4,_f_spread>=1 E _f_saldo>=-17 E _f_ticks_s>=153.857 E _f_score<=47,300,0.7533333333333333,0.6188781756963575,1.217256259659969
4,_f_delta>=-16 E _f_velocidade<=-0.216667 E _f_ticks_s>=153.857 E _f_score<=47,150,0.7533333333333333,0.6188781756963575,1.217256259659969
4,_f_razao_fluxo<=1.33364 E _f_velocidade<=-0.216667 E _f_ticks_s>=153.857 E _f_score<=47,154,0.7532467532467533,0.6188781756963575,1.217116361227644
4,_f_spread>=1.75 E _f_saldo>=0 E _f_ticks_s>=153.857 E _f_score<=47,77,0.7532467532467533,0.6188781756963575,1.217116361227644
4,_f_spread>=1.75 E _f_razao_fluxo<=1 E _f_ticks_s>=153.857 E _f_score<=47,77,0.7532467532467533,0.6188781756963575,1.217116361227644
4,_f_spread>=1.25 E _f_delta<=0 E _f_aceleracao>=-0.552272 E _f_ticks_s>=153.857,312,0.7532051282051282,0.6188781756963575,1.2170491023659493
3,_f_velocidade<=-0.216667 E _f_ticks_s>=153.857 E _f_score<=47,158,0.7531645569620253,0.6188781756963575,1.216983546260247
4,_f_delta<=0 E _f_velocidade>=0 E _f_ticks_s>=153.857 E _f_score<=47,158,0.7531645569620253,0.6188781756963575,1.216983546260247
4,_f_spread>=1 E _f_delta>=-16 E _f_saldo<=0 E _f_ticks_s>=153.857,320,0.753125,0.6188781756963575,1.216919629057187
4,_f_spread>=1 E _f_delta>=-16 E _f_razao_fluxo>=1 E _f_ticks_s>=153.857,320,0.753125,0.6188781756963575,1.216919629057187
4,_f_saldo>=0 E _f_velocidade<=-0.216667 E _f_ticks_s>=153.857 E _f_score<=47,81,0.7530864197530864,0.6188781756963575,1.2168572900566719
4,_f_razao_fluxo<=0.741693 E _f_velocidade<=0 E _f_ticks_s>=153.857 E _f_score>=61,81,0.7530864197530864,0.6188781756963575,1.2168572900566719
4,_f_razao_fluxo<=1 E _f_velocidade<=-0.216667 E _f_ticks_s>=153.857 E _f_score<=47,81,0.7530864197530864,0.6188781756963575,1.2168572900566719
4,_f_spread>=1 E _f_delta<=16 E _f_velocidade>=-0.216667 E _f_ticks_s>=153.857,915,0.7530054644808744,0.6188781756963575,1.2167264803506728
4,_f_saldo>=-17 E _f_aceleracao>=0.543681 E _f_ticks_s>=153.857 E _f_score<=61,417,0.7529976019184652,0.6188781756963575,1.2167137758108815
4,_f_spread>=1.25 E _f_delta<=16 E _f_saldo>=0 E _f_ticks_s>=153.857,170,0.7529411764705882,0.6188781756963575,1.2166226020547322
4,_f_spread>=1.25 E _f_delta<=16 E _f_razao_fluxo<=1 E _f_ticks_s>=153.857,170,0.7529411764705882,0.6188781756963575,1.2166226020547322
4,_f_spread<=1 E _f_delta<=16 E _f_saldo>=19 E _f_razao_fluxo>=0.741693,85,0.7529411764705882,0.6188781756963575,1.2166226020547322
4,_f_spread>=1.25 E _f_delta<=-16 E _f_velocidade<=0.205388 E _f_ticks_s>=153.857,259,0.752895752895753,0.6188781756963575,1.216549205420921
4,_f_velocidade>=0 E _f_aceleracao>=0.543681 E _f_ticks_s>=153.857 E _f_score<=61,263,0.752851711026616,0.6188781756963575,1.2164780413843361
4,_f_velocidade<=-0.216667 E _f_aceleracao<=0.543681 E _f_ticks_s>=153.857 E _f_score<=47,89,0.7528089887640449,0.6188781756963575,1.2164090096035287
4,_f_spread<=1.75 E _f_velocidade<=-0.216667 E _f_ticks_s>=153.857 E _f_score<=61,635,0.752755905511811,0.6188781756963575,1.2163232362569827
4,_f_saldo<=-17 E _f_razao_fluxo<=1.33364 E _f_ticks_s>=72.5852 E _f_score<=47,93,0.7526881720430108,0.6188781756963575,1.216213790696515
4,_f_saldo>=19 E _f_velocidade<=0 E _f_aceleracao<=0.543681 E _f_ticks_s>=153.857,562,0.7526690391459074,0.6188781756963575,1.2161828752468276
4,_f_velocidade<=0 E _f_aceleracao>=0.543681 E _f_ticks_s>=153.857 E _f_score>=77,190,0.7526315789473684,0.6188781756963575,1.2161223460505979
4,_f_saldo>=19 E _f_razao_fluxo>=0.741693 E _f_velocidade<=0 E _f_ticks_s>=153.857,671,0.7526080476900149,0.6188781756963575,1.2160843236121317
4,_f_spread>=1.25 E _f_aceleracao>=-0.000831627 E _f_ticks_s>=153.857 E _f_score<=77,384,0.7526041666666666,0.6188781756963575,1.2160780525502317
4,_f_saldo>=19 E _f_velocidade<=-0.216667 E _f_aceleracao<=-0.552272 E _f_ticks_s>=42.0552,291,0.7525773195876289,0.6188781756963575,1.2160346723179145
4,_f_spread>=1 E _f_saldo<=0 E _f_velocidade>=0 E _f_ticks_s>=153.857,489,0.7525562372188139,0.6188781756963575,1.2160006068594078
4,_f_spread>=1 E _f_razao_fluxo>=1 E _f_velocidade>=0 E _f_ticks_s>=153.857,489,0.7525562372188139,0.6188781756963575,1.2160006068594078
4,_f_spread<=1 E _f_razao_fluxo<=0.741693 E _f_aceleracao<=-0.552272 E _f_ticks_s>=153.857,198,0.7525252525252525,0.6188781756963575,1.215950540958269
4,_f_velocidade>=0.205388 E _f_aceleracao>=0.543681 E _f_ticks_s>=153.857 E _f_score<=77,299,0.7525083612040134,0.6188781756963575,1.2159232475071466
4,_f_spread>=1.25 E _f_delta<=16 E _f_aceleracao>=-0.552272 E _f_ticks_s>=153.857,404,0.7524752475247525,0.6188781756963575,1.2158697415336588
4,_f_saldo>=0 E _f_razao_fluxo>=1 E _f_aceleracao<=-0.552272 E _f_score<=77,101,0.7524752475247525,0.6188781756963575,1.2158697415336588
4,_f_saldo<=0 E _f_razao_fluxo<=1 E _f_aceleracao<=-0.552272 E _f_score<=77,101,0.7524752475247525,0.6188781756963575,1.2158697415336588
4,_f_delta<=16 E _f_aceleracao>=-0.000831627 E _f_ticks_s>=153.857 E _f_score<=61,925,0.7524324324324324,0.6188781756963575,1.2158005597560466
3,_f_saldo>=0 E _f_razao_fluxo>=1 E _f_aceleracao<=-0.552272,105,0.7523809523809524,0.6188781756963575,1.2157173769043939
3,_f_saldo<=0 E _f_razao_fluxo<=1 E _f_aceleracao<=-0.552272,105,0.7523809523809524,0.6188781756963575,1.2157173769043939
4,_f_delta>=-16 E _f_saldo>=0 E _f_razao_fluxo>=1 E _f_aceleracao<=-0.552272,105,0.7523809523809524,0.6188781756963575,1.2157173769043939
4,_f_delta>=-16 E _f_saldo<=0 E _f_razao_fluxo<=1 E _f_aceleracao<=-0.552272,105,0.7523809523809524,0.6188781756963575,1.2157173769043939
4,_f_delta<=16 E _f_saldo>=0 E _f_razao_fluxo>=1 E _f_aceleracao<=-0.552272,105,0.7523809523809524,0.6188781756963575,1.2157173769043939
4,_f_delta<=16 E _f_saldo<=0 E _f_razao_fluxo<=1 E _f_aceleracao<=-0.552272,105,0.7523809523809524,0.6188781756963575,1.2157173769043939
4,_f_spread>=1.25 E _f_delta<=-16 E _f_saldo<=-17 E _f_ticks_s>=153.857,323,0.7523219814241486,0.6188781756963575,1.2156220900464636
4,_f_delta>=0 E _f_velocidade<=-0.216667 E _f_aceleracao<=0.543681 E _f_ticks_s>=153.857,444,0.7522522522522522,0.6188781756963575,1.215509419775262
4,_f_delta>=0 E _f_velocidade<=0 E _f_ticks_s>=153.857 E _f_score>=77,113,0.7522123893805309,0.6188781756963575,1.2154450082750885
4,_f_spread>=1 E _f_velocidade<=0.205388 E _f_ticks_s>=153.857 E _f_score<=77,1364,0.7521994134897361,0.6188781756963575,1.215424041481777
4,_f_spread<=1.75 E _f_saldo<=-17 E _f_ticks_s>=72.5852 E _f_score<=47,117,0.7521367521367521,0.6188781756963575,1.2153227915824516
4,_f_spread>=1 E _f_delta<=0 E _f_velocidade>=-0.216667 E _f_ticks_s>=153.857,718,0.7520891364902507,0.6188781756963575,1.21524585294029
4,_f_spread>=1.75 E _f_velocidade<=-0.216667 E _f_ticks_s>=153.857 E _f_score<=77,121,0.7520661157024794,0.6188781756963575,1.215208655332303
4,_f_delta>=0 E _f_velocidade<=0 E _f_aceleracao>=0.543681 E _f_ticks_s>=153.857,367,0.7520435967302452,0.6188781756963575,1.2151722685713564
4,_f_spread>=1.25 E _f_saldo<=-17 E _f_velocidade<=0.205388 E _f_ticks_s>=153.857,250,0.752,0.6188781756963575,1.2151018238021638
4,_f_spread>=1.25 E _f_saldo<=0 E _f_aceleracao>=-0.000831627 E _f_ticks_s>=153.857,250,0.752,0.6188781756963575,1.2151018238021638
4,_f_spread>=1.25 E _f_razao_fluxo>=1 E _f_aceleracao>=-0.000831627 E _f_ticks_s>=153.857,250,0.752,0.6188781756963575,1.2151018238021638
4,_f_spread>=1.25 E _f_delta<=-16 E _f_velocidade>=0.205388 E _f_score>=61,129,0.751937984496124,0.6188781756963575,1.2150016174831961
4,_f_spread<=1.25 E _f_saldo<=-17 E _f_aceleracao<=-0.552272 E _f_score<=61,129,0.751937984496124,0.6188781756963575,1.2150016174831961
4,_f_saldo>=19 E _f_velocidade<=0.205388 E _f_ticks_s>=153.857 E _f_score>=61,782,0.7519181585677749,0.6188781756963575,1.214969582214984
4,_f_delta>=16 E _f_velocidade<=0 E _f_aceleracao>=0.543681 E _f_ticks_s>=72.5852,391,0.7519181585677749,0.6188781756963575,1.214969582214984
4,_f_delta<=16 E _f_saldo>=-17 E _f_aceleracao>=-0.000831627 E _f_ticks_s>=153.857,657,0.7519025875190258,0.6188781756963575,1.2149444220956576
4,_f_spread<=1 E _f_velocidade<=-0.216667 E _f_aceleracao<=-0.552272 E _f_score<=61,133,0.7518796992481203,0.6188781756963575,1.2149074386119858
4,_f_razao_fluxo<=0.741693 E _f_velocidade<=-0.216667 E _f_aceleracao>=0.543681 E _f_ticks_s>=42.0552,133,0.7518796992481203,0.6188781756963575,1.2149074386119858
4,_f_spread>=1 E _f_aceleracao>=-0.552272 E _f_ticks_s>=153.857 E _f_score<=77,1342,0.7518628912071535,0.6188781756963575,1.2148802797273672
3,_f_saldo>=19 E _f_velocidade<=0 E _f_ticks_s>=153.857,830,0.7518072289156627,0.6188781756963575,1.2147903390998305
4,_f_delta>=-16 E _f_saldo>=19 E _f_velocidade<=0 E _f_ticks_s>=153.857,830,0.7518072289156627,0.6188781756963575,1.2147903390998305
4,_f_delta>=0 E _f_saldo>=19 E _f_velocidade<=0 E _f_ticks_s>=153.857,830,0.7518072289156627,0.6188781756963575,1.2147903390998305
4,_f_saldo>=19 E _f_razao_fluxo<=1 E _f_velocidade<=0 E _f_ticks_s>=153.857,830,0.7518072289156627,0.6188781756963575,1.2147903390998305
4,_f_saldo>=19 E _f_razao_fluxo<=1.33364 E _f_velocidade<=0 E _f_ticks_s>=153.857,830,0.7518072289156627,0.6188781756963575,1.2147903390998305
4,_f_spread>=1 E _f_delta<=0 E _f_ticks_s>=153.857 E _f_score<=61,560,0.7517857142857143,0.6188781756963575,1.2147555751821595
4,_f_delta<=0 E _f_razao_fluxo<=1.33364 E _f_ticks_s>=153.857 E _f_score<=47,282,0.75177304964539,0.6188781756963575,1.214735111315729
4,_f_spread>=1 E _f_delta<=16 E _f_aceleracao>=-0.552272 E _f_ticks_s>=153.857,1160,0.7517241379310344,0.6188781756963575,1.214656078452273
4,_f_saldo>=19 E _f_velocidade<=0.205388 E _f_aceleracao<=0.543681 E _f_ticks_s>=153.857,870,0.7517241379310344,0.6188781756963575,1.214656078452273
4,_f_delta>=16 E _f_velocidade<=-0.216667 E _f_ticks_s>=72.5852 E _f_score<=61,439,0.7517084282460137,0.6188781756963575,1.2146306943207303
4,_f_spread>=1 E _f_velocidade<=0 E _f_ticks_s>=153.857 E _f_score<=77,1055,0.7516587677725118,0.6188781756963575,1.2145504515921095
4,_f_saldo>=19 E _f_velocidade<=0 E _f_ticks_s>=153.857 E _f_score<=61,455,0.7516483516483516,0.6188781756963575,1.2145336209385669
4,_f_spread>=1 E _f_delta>=-16 E _f_ticks_s>=153.857 E _f_score<=47,306,0.7516339869281046,0.6188781756963575,1.2145104100372761
4,_f_delta<=-16 E _f_saldo<=-17 E _f_ticks_s>=72.5852 E _f_score<=47,153,0.7516339869281046,0.6188781756963575,1.2145104100372761
4,_f_velocidade<=0 E _f_aceleracao>=0.543681 E _f_ticks_s>=153.857 E _f_score<=61,475,0.751578947368421,0.6188781756963575,1.214421475636541
4,_f_razao_fluxo>=0.741693 E _f_velocidade<=-0.216667 E _f_ticks_s>=153.857 E _f_score<=61,640,0.7515625,0.6188781756963575,1.2143948995363216
3,_f_aceleracao>=-0.000831627 E _f_ticks_s>=153.857 E _f_score<=61,1123,0.7515583259127337,0.6188781756963575,1.2143881549338615
4,_f_velocidade<=0 E _f_aceleracao<=-0.552272 E _f_ticks_s>=153.857 E _f_score<=77,495,0.7515151515151515,0.6188781756963575,1.2143183925811436
4,_f_saldo>=19 E _f_velocidade<=0.205388 E _f_ticks_s>=153.857 E _f_score<=77,998,0.751503006012024,0.6188781756963575,1.214298767550557
4,_f_spread>=1.75 E _f_aceleracao<=0.543681 E _f_ticks_s>=153.857 E _f_score<=61,177,0.751412429378531,0.6188781756963575,1.2141524113902495
4,_f_spread>=1.25 E _f_delta<=-16 E _f_velocidade<=-0.216667 E _f_ticks_s>=153.857,181,0.7513812154696132,0.6188781756963575,1.2141019751167734
4,_f_spread>=1.75 E _f_saldo>=19 E _f_razao_fluxo<=0.741693 E _f_velocidade<=-0.216667,181,0.7513812154696132,0.6188781756963575,1.2141019751167734
4,_f_saldo<=0 E _f_velocidade>=0 E _f_ticks_s>=42.0552 E _f_score>=77,189,0.7513227513227513,0.6188781756963575,1.214007507175977
4,_f_razao_fluxo>=1 E _f_velocidade>=0 E _f_ticks_s>=42.0552 E _f_score>=77,189,0.7513227513227513,0.6188781756963575,1.214007507175977
4,_f_delta<=-16 E _f_razao_fluxo<=1.33364 E _f_aceleracao>=0.543681 E _f_ticks_s>=153.857,599,0.7512520868113522,0.6188781756963575,1.2138933255580526
4,_f_saldo>=19 E _f_velocidade<=0.205388 E _f_aceleracao>=-0.000831627 E _f_ticks_s>=153.857,607,0.7512355848434926,0.6188781756963575,1.2138666612345919
4,_f_spread>=1 E _f_aceleracao>=0.543681 E _f_ticks_s>=153.857 E _f_score<=61,406,0.7512315270935961,0.6188781756963575,1.2138601046131825
4,_f_spread>=1.75 E _f_delta>=-16 E _f_ticks_s>=153.857 E _f_score<=61,213,0.7511737089201878,0.6188781756963575,1.2137666804536649
4,_f_spread>=1.75 E _f_delta<=16 E _f_razao_fluxo<=1.33364 E _f_ticks_s>=153.857,213,0.7511737089201878,0.6188781756963575,1.2137666804536649
4,_f_spread>=1 E _f_delta<=16 E _f_velocidade>=0 E _f_ticks_s>=153.857,651,0.7511520737327189,0.6188781756963575,1.2137317217359098
4,_f_delta<=0 E _f_velocidade<=0.205388 E _f_ticks_s>=153.857 E _f_score<=47,217,0.7511520737327189,0.6188781756963575,1.2137317217359098
4,_f_delta<=16 E _f_velocidade>=-0.216667 E _f_aceleracao>=0.543681 E _f_ticks_s>=153.857,663,0.751131221719457,0.6188781756963575,1.2136980284921006
4,_f_saldo>=0 E _f_velocidade<=-0.216667 E _f_aceleracao<=0.543681 E _f_ticks_s>=153.857,450,0.7511111111111111,0.6188781756963575,1.2136655332302937
4,_f_razao_fluxo<=1 E _f_velocidade<=-0.216667 E _f_aceleracao<=0.543681 E _f_ticks_s>=153.857,450,0.7511111111111111,0.6188781756963575,1.2136655332302937
4,_f_delta<=0 E _f_aceleracao>=-0.552272 E _f_ticks_s>=153.857 E _f_score<=47,229,0.7510917030567685,0.6188781756963575,1.2136341731741394
4,_f_velocidade<=0 E _f_aceleracao>=-0.000831627 E _f_ticks_s>=153.857 E _f_score<=61,723,0.7510373443983402,0.6188781756963575,1.2135463389919643
4,_f_delta>=16 E _f_razao_fluxo>=0.741693 E _f_velocidade<=0.205388 E _f_score>=77,249,0.751004016064257,0.6188781756963575,1.213492486173442
4,_f_velocidade<=0 E _f_aceleracao>=-0.552272 E _f_ticks_s>=153.857 E _f_score<=47,257,0.7509727626459144,0.6188781756963575,1.2134419860595747
4,_f_delta>=16 E _f_velocidade<=0.205388 E _f_ticks_s>=153.857 E _f_score>=61,783,0.7509578544061303,0.6188781756963575,1.2134178969247988
4,_f_spread<=1 E _f_saldo>=19 E _f_velocidade<=-0.216667 E _f_score<=61,265,0.7509433962264151,0.6188781756963575,1.2133945350091861
4,_f_delta>=16 E _f_velocidade<=-0.216667 E _f_aceleracao<=-0.552272 E _f_score<=77,265,0.7509433962264151,0.6188781756963575,1.2133945350091861
4,_f_spread>=1 E _f_saldo<=0 E _f_aceleracao>=0.543681 E _f_ticks_s>=153.857,534,0.7509363295880149,0.6188781756963575,1.2133831165448135
4,_f_spread>=1 E _f_razao_fluxo>=1 E _f_aceleracao>=0.543681 E _f_ticks_s>=153.857,534,0.7509363295880149,0.6188781756963575,1.2133831165448135
4,_f_spread<=1 E _f_aceleracao>=0.543681 E _f_ticks_s>=153.857 E _f_score<=61,542,0.7509225092250923,0.6188781756963575,1.213360785230727
3,_f_delta<=0 E _f_ticks_s>=153.857 E _f_score<=47,301,0.7508305647840532,0.6188781756963575,1.213212218930202
4,_f_delta<=0 E _f_saldo<=19 E _f_ticks_s>=153.857 E _f_score<=47,301,0.7508305647840532,0.6188781756963575,1.213212218930202
4,_f_delta<=0 E _f_razao_fluxo>=0.741693 E _f_ticks_s>=153.857 E _f_score<=47,301,0.7508305647840532,0.6188781756963575,1.213212218930202
4,_f_spread>=1.25 E _f_razao_fluxo<=1.33364 E _f_velocidade<=-0.216667 E _f_ticks_s>=153.857,305,0.7508196721311475,0.6188781756963575,1.2131946182886968
4,_f_saldo>=19 E _f_aceleracao>=0.543681 E _f_ticks_s>=153.857 E _f_score<=77,321,0.7507788161993769,0.6188781756963575,1.2131286021753889
4,_f_spread<=1 E _f_saldo>=19 E _f_velocidade<=0 E _f_ticks_s>=153.857,682,0.750733137829912,0.6188781756963575,1.2130547938375629
4,_f_spread<=1.25 E _f_saldo>=19 E _f_velocidade<=0 E _f_ticks_s>=153.857,746,0.7506702412868632,0.6188781756963575,1.2129531639118056
4,_f_saldo>=19 E _f_velocidade<=0 E _f_aceleracao>=-0.552272 E _f_ticks_s>=153.857,561,0.750445632798574,0.6188781756963575,1.2125902354759523
4,_f_spread>=1 E _f_delta<=16 E _f_ticks_s>=153.857 E _f_score<=77,1274,0.750392464678179,0.6188781756963575,1.212504324997149
4,_f_delta<=16 E _f_saldo>=-17 E _f_velocidade>=0 E _f_ticks_s>=153.857,641,0.750390015600624,0.6188781756963575,1.2125003677117718
4,_f_spread>=1 E _f_razao_fluxo>=0.741693 E _f_aceleracao>=-0.000831627 E _f_ticks_s>=153.857,1334,0.7503748125937032,0.6188781756963575,1.2124758022843294
3,_f_aceleracao>=0.543681 E _f_ticks_s>=153.857 E _f_score<=61,721,0.7503467406380028,0.6188781756963575,1.2124304428633597
4,_f_saldo>=19 E _f_velocidade<=0 E _f_ticks_s>=153.857 E _f_score<=77,745,0.7503355704697987,0.6188781756963575,1.212412393805172
4,_f_spread<=1.75 E _f_saldo>=19 E _f_velocidade<=0 E _f_ticks_s>=153.857,793,0.7503152585119798,0.6188781756963575,1.2123795731974716
4,_f_spread<=1.25 E _f_aceleracao>=-0.000831627 E _f_ticks_s>=153.857 E _f_score<=61,953,0.7502623294858342,0.6188781756963575,1.2122940490535865
4,_f_spread<=1.25 E _f_delta<=16 E _f_aceleracao>=0.543681 E _f_ticks_s>=153.857,1116,0.75,0.6188781756963575,1.211870170015456
4,_f_delta<=-16 E _f_velocidade<=0.205388 E _f_aceleracao>=0.543681 E _f_ticks_s>=153.857,696,0.75,0.6188781756963575,1.211870170015456
4,_f_delta<=16 E _f_aceleracao>=0.543681 E _f_ticks_s>=153.857 E _f_score<=61,600,0.75,0.6188781756963575,1.211870170015456
4,_f_spread>=1.25 E _f_razao_fluxo>=0.741693 E _f_aceleracao>=-0.000831627 E _f_ticks_s>=153.857,448,0.75,0.6188781756963575,1.211870170015456
3,_f_spread>=1.25 E _f_delta<=-16 E _f_ticks_s>=153.857,340,0.75,0.6188781756963575,1.211870170015456
4,_f_spread>=1.25 E _f_delta<=-16 E _f_saldo<=0 E _f_ticks_s>=153.857,340,0.75,0.6188781756963575,1.211870170015456
4,_f_spread>=1.25 E _f_delta<=-16 E _f_saldo<=19 E _f_ticks_s>=153.857,340,0.75,0.6188781756963575,1.211870170015456
4,_f_spread>=1.25 E _f_delta<=-16 E _f_razao_fluxo>=0.741693 E _f_ticks_s>=153.857,340,0.75,0.6188781756963575,1.211870170015456
4,_f_spread>=1.25 E _f_delta<=-16 E _f_razao_fluxo>=1 E _f_ticks_s>=153.857,340,0.75,0.6188781756963575,1.211870170015456
4,_f_delta>=-16 E _f_saldo<=0 E _f_velocidade>=0 E _f_ticks_s>=153.857,304,0.75,0.6188781756963575,1.211870170015456
4,_f_delta>=-16 E _f_razao_fluxo>=1 E _f_velocidade>=0 E _f_ticks_s>=153.857,304,0.75,0.6188781756963575,1.211870170015456
4,_f_saldo<=19 E _f_velocidade>=0.205388 E _f_aceleracao>=0.543681 E _f_ticks_s>=153.857,296,0.75,0.6188781756963575,1.211870170015456
4,_f_spread<=1 E _f_saldo>=19 E _f_velocidade<=0 E _f_aceleracao<=-0.552272,288,0.75,0.6188781756963575,1.211870170015456
4,_f_spread>=1.25 E _f_aceleracao>=0.543681 E _f_ticks_s>=153.857 E _f_score<=77,288,0.75,0.6188781756963575,1.211870170015456
4,_f_delta>=16 E _f_velocidade<=-0.216667 E _f_aceleracao<=-0.552272 E _f_score>=47,276,0.75,0.6188781756963575,1.211870170015456
4,_f_saldo>=19 E _f_velocidade<=0 E _f_aceleracao>=0.543681 E _f_ticks_s>=153.857,268,0.75,0.6188781756963575,1.211870170015456
4,_f_spread>=1.75 E _f_saldo>=-17 E _f_ticks_s>=153.857 E _f_score<=61,212,0.75,0.6188781756963575,1.211870170015456
4,_f_delta>=16 E _f_aceleracao>=0.543681 E _f_ticks_s>=72.5852 E _f_score<=61,204,0.75,0.6188781756963575,1.211870170015456
4,_f_spread>=1.75 E _f_razao_fluxo<=1.33364 E _f_velocidade<=0 E _f_ticks_s>=153.857,168,0.75,0.6188781756963575,1.211870170015456
4,_f_velocidade>=0.205388 E _f_aceleracao<=-0.552272 E _f_ticks_s>=153.857 E _f_score>=77,168,0.75,0.6188781756963575,1.211870170015456
4,_f_delta<=0 E _f_saldo>=0 E _f_aceleracao<=-0.552272 E _f_ticks_s>=42.0552,164,0.75,0.6188781756963575,1.211870170015456
4,_f_delta<=0 E _f_razao_fluxo<=1 E _f_aceleracao<=-0.552272 E _f_ticks_s>=42.0552,164,0.75,0.6188781756963575,1.211870170015456
4,_f_delta<=-16 E _f_velocidade<=-0.216667 E _f_ticks_s>=153.857 E _f_score<=61,160,0.75,0.6188781756963575,1.211870170015456
4,_f_delta>=16 E _f_razao_fluxo<=0.741693 E _f_velocidade<=0 E _f_ticks_s>=153.857,156,0.75,0.6188781756963575,1.211870170015456
4,_f_saldo>=19 E _f_razao_fluxo<=0.741693 E _f_ticks_s>=153.857 E _f_score<=61,144,0.75,0.6188781756963575,1.211870170015456
4,_f_spread<=1.75 E _f_razao_fluxo<=0.741693 E _f_velocidade<=0 E _f_ticks_s>=153.857,140,0.75,0.6188781756963575,1.211870170015456
4,_f_saldo<=-17 E _f_razao_fluxo<=1.33364 E _f_aceleracao>=0.543681 E _f_score>=77,128,0.75,0.6188781756963575,1.211870170015456
4,_f_spread>=1.25 E _f_delta<=0 E _f_velocidade>=0.205388 E _f_ticks_s>=153.857,124,0.75,0.6188781756963575,1.211870170015456
4,_f_delta<=-16 E _f_velocidade>=0 E _f_ticks_s>=72.5852 E _f_score>=77,104,0.75,0.6188781756963575,1.211870170015456
4,_f_spread<=1 E _f_delta<=-16 E _f_velocidade>=0 E _f_score>=77,96,0.75,0.6188781756963575,1.211870170015456
4,_f_spread>=1 E _f_razao_fluxo<=0.741693 E _f_ticks_s>=153.857 E _f_score<=61,88,0.75,0.6188781756963575,1.211870170015456
4,_f_spread<=1 E _f_razao_fluxo<=0.741693 E _f_ticks_s>=153.857 E _f_score<=61,88,0.75,0.6188781756963575,1.211870170015456
4,_f_spread>=1.75 E _f_delta>=0 E _f_velocidade<=0 E _f_ticks_s>=153.857,88,0.75,0.6188781756963575,1.211870170015456
4,_f_delta<=0 E _f_velocidade>=0.205388 E _f_ticks_s>=153.857 E _f_score<=47,84,0.75,0.6188781756963575,1.211870170015456
4,_f_spread<=1 E _f_saldo<=0 E _f_velocidade>=0.205388 E _f_score>=77,80,0.75,0.6188781756963575,1.211870170015456
4,_f_spread<=1 E _f_razao_fluxo>=1 E _f_velocidade>=0.205388 E _f_score>=77,80,0.75,0.6188781756963575,1.211870170015456
4,_f_spread>=1.75 E _f_velocidade>=0.205388 E _f_ticks_s>=153.857 E _f_score<=61,80,0.75,0.6188781756963575,1.211870170015456
4,_f_delta<=0 E _f_aceleracao<=-0.552272 E _f_ticks_s>=153.857 E _f_score<=47,72,0.75,0.6188781756963575,1.211870170015456
4,_f_spread>=1.25 E _f_saldo>=0 E _f_razao_fluxo>=1 E _f_velocidade<=-0.216667,68,0.75,0.6188781756963575,1.211870170015456
4,_f_spread>=1.25 E _f_saldo<=0 E _f_razao_fluxo<=1 E _f_velocidade<=-0.216667,68,0.75,0.6188781756963575,1.211870170015456
4,_f_spread>=1.25 E _f_razao_fluxo<=0.741693 E _f_velocidade<=0.205388 E _f_ticks_s>=153.857,68,0.75,0.6188781756963575,1.211870170015456
4,_f_saldo>=19 E _f_velocidade>=0 E _f_aceleracao>=0.543681 E _f_score<=61,64,0.75,0.6188781756963575,1.211870170015456
4,_f_saldo>=19 E _f_aceleracao>=0.543681 E _f_ticks_s>=42.0552 E _f_score<=47,56,0.75,0.6188781756963575,1.211870170015456
4,_f_razao_fluxo<=0.741693 E _f_velocidade<=0 E _f_aceleracao<=-0.552272 E _f_ticks_s>=153.857,52,0.75,0.6188781756963575,1.211870170015456
4,_f_spread>=1.75 E _f_delta<=-16 E _f_aceleracao>=0.543681 E _f_ticks_s>=153.857,48,0.75,0.6188781756963575,1.211870170015456
4,_f_delta>=16 E _f_aceleracao>=0.543681 E _f_ticks_s>=42.0552 E _f_score<=47,44,0.75,0.6188781756963575,1.211870170015456
4,_f_saldo<=-17 E _f_velocidade>=0.205388 E _f_aceleracao<=-0.552272 E _f_ticks_s<=72.5852,44,0.75,0.6188781756963575,1.211870170015456
4,_f_spread<=1 E _f_razao_fluxo<=0.741693 E _f_aceleracao>=0.543681 E _f_score<=61,40,0.75,0.6188781756963575,1.211870170015456
4,_f_spread<=1.75 E _f_saldo>=19 E _f_ticks_s>=153.857 E _f_score<=47,40,0.75,0.6188781756963575,1.211870170015456
4,_f_delta>=-16 E _f_saldo<=-17 E _f_razao_fluxo<=1.33364 E _f_aceleracao<=-0.552272,40,0.75,0.6188781756963575,1.211870170015456
4,_f_spread<=1 E _f_razao_fluxo<=0.741693 E _f_velocidade<=-0.216667 E _f_aceleracao<=-0.552272,36,0.75,0.6188781756963575,1.211870170015456
4,_f_spread>=1.75 E _f_delta>=16 E _f_aceleracao<=-0.552272 E _f_score>=77,32,0.75,0.6188781756963575,1.211870170015456
4,_f_spread>=1.75 E _f_razao_fluxo<=0.741693 E _f_velocidade<=0 E _f_ticks_s>=153.857,32,0.75,0.6188781756963575,1.211870170015456
4,_f_delta<=16 E _f_saldo>=19 E _f_aceleracao<=-0.552272 E _f_ticks_s>=153.857,32,0.75,0.6188781756963575,1.211870170015456
4,_f_spread>=1.75 E _f_delta>=0 E _f_saldo<=0 E _f_velocidade<=-0.216667,28,0.75,0.6188781756963575,1.211870170015456
4,_f_spread>=1.75 E _f_delta>=0 E _f_razao_fluxo>=1 E _f_velocidade<=-0.216667,28,0.75,0.6188781756963575,1.211870170015456
4,_f_delta<=-16 E _f_velocidade<=-0.216667 E _f_ticks_s>=72.5852 E _f_score<=47,28,0.75,0.6188781756963575,1.211870170015456
4,_f_spread<=1 E _f_saldo>=19 E _f_aceleracao<=-0.552272 E _f_ticks_s<=42.0552,24,0.75,0.6188781756963575,1.211870170015456
4,_f_saldo>=0 E _f_razao_fluxo>=1 E _f_velocidade<=0 E _f_ticks_s>=153.857,24,0.75,0.6188781756963575,1.211870170015456
4,_f_saldo<=0 E _f_razao_fluxo<=1 E _f_velocidade<=0 E _f_ticks_s>=153.857,24,0.75,0.6188781756963575,1.211870170015456
4,_f_razao_fluxo<=0.741693 E _f_velocidade<=-0.216667 E _f_ticks_s>=72.5852 E _f_score>=77,24,0.75,0.6188781756963575,1.211870170015456
3,_f_razao_fluxo<=0.741693 E _f_ticks_s>=153.857 E _f_score<=47,20,0.75,0.6188781756963575,1.211870170015456
4,_f_delta>=-16 E _f_razao_fluxo<=0.741693 E _f_ticks_s>=153.857 E _f_score<=47,20,0.75,0.6188781756963575,1.211870170015456
4,_f_delta>=0 E _f_razao_fluxo<=0.741693 E _f_ticks_s>=153.857 E _f_score<=47,20,0.75,0.6188781756963575,1.211870170015456
4,_f_saldo>=-17 E _f_razao_fluxo<=0.741693 E _f_ticks_s>=153.857 E _f_score<=47,20,0.75,0.6188781756963575,1.211870170015456
4,_f_saldo<=-17 E _f_velocidade>=0.205388 E _f_ticks_s<=153.857 E _f_score>=77,20,0.75,0.6188781756963575,1.211870170015456
4,_f_saldo>=0 E _f_razao_fluxo<=0.741693 E _f_ticks_s>=153.857 E _f_score<=47,20,0.75,0.6188781756963575,1.211870170015456
4,_f_delta<=-16 E _f_razao_fluxo>=1.33364 E _f_velocidade>=0.205388 E _f_score>=77,16,0.75,0.6188781756963575,1.211870170015456
4,_f_saldo>=0 E _f_razao_fluxo>=1 E _f_ticks_s>=153.857 E _f_score<=47,16,0.75,0.6188781756963575,1.211870170015456
4,_f_saldo<=0 E _f_razao_fluxo<=1 E _f_ticks_s>=153.857 E _f_score<=47,16,0.75,0.6188781756963575,1.211870170015456
4,_f_spread<=1.25 E _f_saldo<=-17 E _f_velocidade<=-0.216667 E _f_score<=47,12,0.75,0.6188781756963575,1.211870170015456
4,_f_delta>=-16 E _f_saldo<=-17 E _f_velocidade<=-0.216667 E _f_ticks_s>=153.857,12,0.75,0.6188781756963575,1.211870170015456
4,_f_delta>=16 E _f_razao_fluxo<=0.741693 E _f_ticks_s>=153.857 E _f_score<=47,12,0.75,0.6188781756963575,1.211870170015456
4,_f_spread<=1.25 E _f_saldo<=19 E _f_aceleracao>=0.543681 E _f_ticks_s>=153.857,1127,0.7497781721384206,0.6188781756963575,1.2115117345910207
4,_f_delta<=0 E _f_razao_fluxo<=1.33364 E _f_aceleracao>=0.543681 E _f_ticks_s>=153.857,803,0.7496886674968867,0.6188781756963575,1.2113671105841504
4,_f_saldo>=19 E _f_velocidade<=0 E _f_ticks_s>=153.857 E _f_score>=47,799,0.7496871088861077,0.6188781756963575,1.2113645921389373
4,_f_spread>=1 E _f_saldo<=0 E _f_velocidade>=-0.216667 E _f_ticks_s>=153.857,699,0.7496423462088698,0.6188781756963575,1.2112922634012377
4,_f_spread>=1 E _f_razao_fluxo>=1 E _f_velocidade>=-0.216667 E _f_ticks_s>=153.857,699,0.7496423462088698,0.6188781756963575,1.2112922634012377
4,_f_spread>=1 E _f_saldo>=-17 E _f_ticks_s>=153.857 E _f_score<=77,1366,0.7496339677891655,0.6188781756963575,1.2112787253253556
4,_f_spread>=1 E _f_saldo<=0 E _f_ticks_s>=153.857 E _f_score<=61,551,0.7495462794918331,0.6188781756963575,1.2111370362162936
4,_f_spread>=1 E _f_razao_fluxo>=1 E _f_ticks_s>=153.857 E _f_score<=61,551,0.7495462794918331,0.6188781756963575,1.2111370362162936
4,_f_spread<=1 E _f_saldo>=19 E _f_velocidade<=0.205388 E _f_ticks_s>=153.857,1050,0.7495238095238095,0.6188781756963575,1.2111007286376683
4,_f_delta>=0 E _f_aceleracao>=0.543681 E _f_ticks_s>=153.857 E _f_score<=77,483,0.7494824016563147,0.6188781756963575,1.211033820691774
4,_f_spread>=1 E _f_saldo>=-17 E _f_ticks_s>=153.857 E _f_score<=61,846,0.7494089834515366,0.6188781756963575,1.2109151895820316
4,_f_delta>=16 E _f_saldo>=19 E _f_velocidade<=0 E _f_ticks_s>=153.857,802,0.7493765586034913,0.6188781756963575,1.210862796640547
4,_f_delta>=-16 E _f_velocidade<=-0.216667 E _f_ticks_s>=153.857 E _f_score<=77,778,0.7493573264781491,0.6188781756963575,1.2108317208552029
4,_f_razao_fluxo>=0.741693 E _f_aceleracao>=-0.000831627 E _f_ticks_s>=153.857 E _f_score<=61,1089,0.7493112947658402,0.6188781756963575,1.210757341576507
4,_f_saldo<=-17 E _f_velocidade<=0.205388 E _f_aceleracao>=0.543681 E _f_ticks_s>=153.857,690,0.7492753623188406,0.6188781756963575,1.210699280962301
4,_f_velocidade>=-0.216667 E _f_aceleracao>=-0.000831627 E _f_ticks_s>=153.857 E _f_score<=61,678,0.7492625368731564,0.6188781756963575,1.2106785572622452
4,_f_spread>=1.25 E _f_saldo<=19 E _f_aceleracao>=-0.000831627 E _f_ticks_s>=153.857,315,0.7492063492063492,0.6188781756963575,1.2105877677191432
4,_f_spread>=1 E _f_delta<=-16 E _f_velocidade>=0.205388 E _f_aceleracao>=-0.000831627,311,0.7491961414790996,0.6188781756963575,1.2105712737989334
4,_f_spread<=1.25 E _f_delta<=-16 E _f_velocidade>=0.205388 E _f_score<=61,295,0.7491525423728813,0.6188781756963575,1.2105008251905798
4,_f_spread>=1 E _f_delta<=16 E _f_razao_fluxo<=1.33364 E _f_ticks_s>=153.857,1407,0.7491115849324804,0.6188781756963575,1.210434645056897
4,_f_saldo>=19 E _f_velocidade<=-0.216667 E _f_aceleracao<=-0.552272 E _f_score>=47,279,0.7491039426523297,0.6188781756963575,1.210422296455103
4,_f_saldo>=19 E _f_velocidade<=0.205388 E _f_ticks_s>=153.857 E _f_score<=61,538,0.7490706319702602,0.6188781756963575,1.2103684721591792
4,_f_delta>=16 E _f_velocidade<=-0.216667 E _f_aceleracao>=-0.000831627 E _f_ticks_s>=153.857,255,0.7490196078431373,0.6188781756963575,1.2102860260023638
4,_f_saldo>=19 E _f_razao_fluxo<=0.741693 E _f_velocidade<=-0.216667 E _f_ticks_s>=72.5852,251,0.749003984063745,0.6188781756963575,1.210260780679446
4,_f_saldo<=19 E _f_razao_fluxo<=1.33364 E _f_aceleracao>=0.543681 E _f_ticks_s>=153.857,992,0.748991935483871,0.6188781756963575,1.2102413122600588
4,_f_velocidade<=0.205388 E _f_aceleracao>=-0.000831627 E _f_ticks_s>=153.857 E _f_score<=47,247,0.7489878542510121,0.6188781756963575,1.2102347176942474
4,_f_spread>=1.25 E _f_razao_fluxo<=0.741693 E _f_velocidade<=-0.216667 E _f_ticks_s>=72.5852,243,0.7489711934156379,0.6188781756963575,1.210207796668384
4,_f_razao_fluxo>=0.741693 E _f_aceleracao>=0.543681 E _f_ticks_s>=153.857 E _f_score<=61,705,0.7489361702127659,0.6188781756963575,1.210151205235292
4,_f_spread>=1.25 E _f_delta<=-16 E _f_ticks_s>=153.857 E _f_score>=61,235,0.7489361702127659,0.6188781756963575,1.210151205235292
4,_f_velocidade<=0.205388 E _f_aceleracao>=-0.000831627 E _f_ticks_s>=153.857 E _f_score<=61,920,0.7489130434782608,0.6188781756963575,1.2101138364357233
4,_f_spread<=1.75 E _f_aceleracao>=0.543681 E _f_ticks_s>=153.857 E _f_score<=61,673,0.7488855869242199,0.6188781756963575,1.2100694713973053
4,_f_spread<=1 E _f_saldo>=19 E _f_velocidade<=-0.216667 E _f_score<=77,446,0.7488789237668162,0.6188781756963575,1.2100587048883777
4,_f_spread>=1.25 E _f_delta<=-16 E _f_ticks_s>=153.857 E _f_score<=77,223,0.7488789237668162,0.6188781756963575,1.2100587048883777
4,_f_razao_fluxo<=0.741693 E _f_velocidade<=0.205388 E _f_aceleracao<=0.543681 E _f_ticks_s>=153.857,219,0.7488584474885844,0.6188781756963575,1.210025618767335
4,_f_delta>=16 E _f_velocidade<=0 E _f_aceleracao<=-0.552272 E _f_ticks_s>=72.5852,434,0.7488479262672811,0.6188781756963575,1.2100086182950023
4,_f_spread>=1 E _f_delta>=-16 E _f_saldo<=19 E _f_ticks_s>=153.857,645,0.7488372093023256,0.6188781756963575,1.2099913015348118
4,_f_delta>=16 E _f_razao_fluxo>=0.741693 E _f_velocidade<=-0.216667 E _f_ticks_s>=153.857,422,0.7488151658767772,0.6188781756963575,1.2099556831749891
4,_f_saldo<=0 E _f_velocidade>=-0.216667 E _f_ticks_s>=153.857 E _f_score<=47,203,0.7487684729064039,0.6188781756963575,1.2098802354177294
4,_f_razao_fluxo>=1 E _f_velocidade>=-0.216667 E _f_ticks_s>=153.857 E _f_score<=47,203,0.7487684729064039,0.6188781756963575,1.2098802354177294
4,_f_saldo<=-17 E _f_velocidade>=-0.216667 E _f_aceleracao>=0.543681 E _f_ticks_s>=153.857,402,0.7487562189054726,0.6188781756963575,1.2098604350734734
4,_f_spread>=1 E _f_saldo<=19 E _f_ticks_s>=153.857 E _f_score<=61,788,0.748730964467005,0.6188781756963575,1.209819628272621
4,_f_delta<=16 E _f_razao_fluxo<=1.33364 E _f_aceleracao>=0.543681 E _f_ticks_s>=153.857,979,0.7487231869254342,0.6188781756963575,1.2098070611117866
4,_f_delta<=0 E _f_velocidade>=0 E _f_aceleracao>=0.543681 E _f_ticks_s>=153.857,382,0.7486910994764397,0.6188781756963575,1.2097552133487623
4,_f_delta<=0 E _f_velocidade>=0.205388 E _f_ticks_s>=153.857 E _f_score<=61,374,0.7486631016042781,0.6188781756963575,1.2097099736339667
4,_f_spread>=1 E _f_saldo<=19 E _f_velocidade>=-0.216667 E _f_ticks_s>=153.857,923,0.7486457204767064,0.6188781756963575,1.2096818887405996
4,_f_spread>=1 E _f_razao_fluxo>=0.741693 E _f_ticks_s>=153.857 E _f_score<=77,1838,0.7486398258977149,0.6188781756963575,1.2096723641213403
4,_f_spread>=1.25 E _f_aceleracao>=0.543681 E _f_ticks_s>=153.857 E _f_score<=61,179,0.7486033519553073,0.6188781756963575,1.2096134285442912
4,_f_saldo>=0 E _f_aceleracao>=-0.552272 E _f_ticks_s>=153.857 E _f_score<=47,179,0.7486033519553073,0.6188781756963575,1.2096134285442912
4,_f_razao_fluxo<=1 E _f_aceleracao>=-0.552272 E _f_ticks_s>=153.857 E _f_score<=47,179,0.7486033519553073,0.6188781756963575,1.2096134285442912
4,_f_spread>=1 E _f_saldo<=19 E _f_razao_fluxo<=1 E _f_ticks_s>=153.857,350,0.7485714285714286,0.6188781756963575,1.2095618458820931
3,_f_delta<=-16 E _f_aceleracao>=0.543681 E _f_ticks_s>=153.857,871,0.748564867967853,0.6188781756963575,1.2095512450823993
4,_f_delta<=-16 E _f_saldo<=0 E _f_aceleracao>=0.543681 E _f_ticks_s>=153.857,871,0.748564867967853,0.6188781756963575,1.2095512450823993
4,_f_delta<=-16 E _f_saldo<=19 E _f_aceleracao>=0.543681 E _f_ticks_s>=153.857,871,0.748564867967853,0.6188781756963575,1.2095512450823993
4,_f_delta<=-16 E _f_razao_fluxo>=0.741693 E _f_aceleracao>=0.543681 E _f_ticks_s>=153.857,871,0.748564867967853,0.6188781756963575,1.2095512450823993
4,_f_delta<=-16 E _f_razao_fluxo>=1 E _f_aceleracao>=0.543681 E _f_ticks_s>=153.857,871,0.748564867967853,0.6188781756963575,1.2095512450823993
4,_f_spread>=1.25 E _f_delta<=16 E _f_velocidade>=-0.216667 E _f_ticks_s>=153.857,346,0.7485549132947977,0.6188781756963575,1.2095351600539619
3,_f_saldo>=0 E _f_velocidade<=-0.216667 E _f_ticks_s>=153.857,684,0.7485380116959064,0.6188781756963575,1.2095078499959326
3,_f_razao_fluxo<=1 E _f_velocidade<=-0.216667 E _f_ticks_s>=153.857,684,0.7485380116959064,0.6188781756963575,1.2095078499959326
4,_f_delta>=-16 E _f_saldo>=0 E _f_velocidade<=-0.216667 E _f_ticks_s>=153.857,684,0.7485380116959064,0.6188781756963575,1.2095078499959326
4,_f_delta>=-16 E _f_razao_fluxo<=1 E _f_velocidade<=-0.216667 E _f_ticks_s>=153.857,684,0.7485380116959064,0.6188781756963575,1.2095078499959326
4,_f_saldo>=-17 E _f_razao_fluxo<=1 E _f_velocidade<=-0.216667 E _f_ticks_s>=153.857,684,0.7485380116959064,0.6188781756963575,1.2095078499959326
4,_f_saldo>=0 E _f_razao_fluxo<=1 E _f_velocidade<=-0.216667 E _f_ticks_s>=153.857,684,0.7485380116959064,0.6188781756963575,1.2095078499959326
4,_f_saldo>=0 E _f_razao_fluxo<=1.33364 E _f_velocidade<=-0.216667 E _f_ticks_s>=153.857,684,0.7485380116959064,0.6188781756963575,1.2095078499959326
4,_f_saldo>=19 E _f_aceleracao>=-0.000831627 E _f_ticks_s>=153.857 E _f_score<=77,513,0.7485380116959064,0.6188781756963575,1.2095078499959326
3,_f_delta>=0 E _f_velocidade<=-0.216667 E _f_ticks_s>=153.857,680,0.7485294117647059,0.6188781756963575,1.2094939539958178
4,_f_delta>=0 E _f_razao_fluxo<=1.33364 E _f_velocidade<=-0.216667 E _f_ticks_s>=153.857,680,0.7485294117647059,0.6188781756963575,1.2094939539958178
4,_f_delta>=16 E _f_velocidade<=-0.216667 E _f_aceleracao>=-0.552272 E _f_ticks_s>=153.857,338,0.7485207100591716,0.6188781756963575,1.2094798935459976
4,_f_delta<=-16 E _f_aceleracao>=-0.552272 E _f_ticks_s>=72.5852 E _f_score<=47,167,0.7485029940119761,0.6188781756963575,1.209451267480495
4,_f_delta>=16 E _f_razao_fluxo>=0.741693 E _f_velocidade<=-0.216667 E _f_aceleracao<=-0.552272,167,0.7485029940119761,0.6188781756963575,1.209451267480495
4,_f_delta>=16 E _f_razao_fluxo>=0.741693 E _f_velocidade<=0.205388 E _f_ticks_s>=153.857,994,0.7484909456740443,0.6188781756963575,1.2094317994520447
4,_f_delta>=0 E _f_saldo<=19 E _f_aceleracao>=-0.000831627 E _f_ticks_s>=153.857,330,0.7484848484848485,0.6188781756963575,1.2094219474497683
4,_f_spread>=1 E _f_delta<=0 E _f_velocidade>=0 E _f_score>=77,163,0.7484662576687117,0.6188781756963575,1.209391907909085
4,_f_spread>=1 E _f_delta<=0 E _f_aceleracao>=-0.552272 E _f_ticks_s>=153.857,954,0.7484276729559748,0.6188781756963575,1.2093295616925723
4,_f_spread>=1.25 E _f_delta<=-16 E _f_velocidade>=-0.216667 E _f_ticks_s>=153.857,159,0.7484276729559748,0.6188781756963575,1.2093295616925723
4,_f_saldo>=19 E _f_razao_fluxo<=0.741693 E _f_velocidade<=0 E _f_ticks_s>=153.857,159,0.7484276729559748,0.6188781756963575,1.2093295616925723
4,_f_delta>=0 E _f_aceleracao>=-0.000831627 E _f_ticks_s>=153.857 E _f_score<=77,787,0.7484116899618806,0.6188781756963575,1.2093037359408785
4,_f_saldo<=19 E _f_aceleracao>=-0.000831627 E _f_ticks_s>=153.857 E _f_score<=61,930,0.7483870967741936,0.6188781756963575,1.2092639976068207
4,_f_delta>=16 E _f_velocidade<=0.205388 E _f_aceleracao>=-0.000831627 E _f_ticks_s>=153.857,620,0.7483870967741936,0.6188781756963575,1.2092639976068207
4,_f_delta<=0 E _f_velocidade<=0 E _f_ticks_s>=153.857 E _f_score<=47,155,0.7483870967741936,0.6188781756963575,1.2092639976068207
4,_f_spread<=1 E _f_saldo>=19 E _f_velocidade<=-0.216667 E _f_aceleracao>=0.543681,151,0.7483443708609272,0.6188781756963575,1.2091949599271217
4,_f_spread>=1.25 E _f_delta>=16 E _f_ticks_s>=153.857 E _f_score<=61,151,0.7483443708609272,0.6188781756963575,1.2091949599271217
4,_f_razao_fluxo<=0.741693 E _f_velocidade<=0 E _f_ticks_s>=153.857 E _f_score>=47,151,0.7483443708609272,0.6188781756963575,1.2091949599271217
4,_f_velocidade<=0.205388 E _f_aceleracao>=0.543681 E _f_ticks_s>=153.857 E _f_score<=61,592,0.7483108108108109,0.6188781756963575,1.2091407326956014
4,_f_delta>=0 E _f_velocidade<=0.205388 E _f_ticks_s>=153.857 E _f_score>=61,886,0.7483069977426636,0.6188781756963575,1.209134571437543
4,_f_saldo>=-17 E _f_velocidade<=-0.216667 E _f_ticks_s>=153.857 E _f_score<=47,147,0.7482993197278912,0.6188781756963575,1.209122165094786
4,_f_spread<=1.25 E _f_saldo<=-17 E _f_velocidade>=0.205388 E _f_score<=61,290,0.7482758620689656,0.6188781756963575,1.209084261578639
4,_f_saldo>=-17 E _f_razao_fluxo>=1 E _f_velocidade>=-0.216667 E _f_ticks_s>=153.857,433,0.7482678983833718,0.6188781756963575,1.2090713936412862
4,_f_delta<=16 E _f_saldo>=19 E _f_razao_fluxo>=0.741693 E _f_velocidade>=0,143,0.7482517482517482,0.6188781756963575,1.2090452978242776
4,_f_delta>=16 E _f_velocidade<=0.205388 E _f_aceleracao<=-0.552272 E _f_ticks_s>=153.857,421,0.7482185273159145,0.6188781756963575,1.2089916185427352
3,_f_delta<=-16 E _f_velocidade>=0 E _f_score>=77,139,0.7482014388489209,0.6188781756963575,1.2089640065382008
4,_f_delta<=-16 E _f_saldo<=0 E _f_velocidade>=0 E _f_score>=77,139,0.7482014388489209,0.6188781756963575,1.2089640065382008
4,_f_delta<=-16 E _f_saldo<=19 E _f_velocidade>=0 E _f_score>=77,139,0.7482014388489209,0.6188781756963575,1.2089640065382008
4,_f_delta<=-16 E _f_razao_fluxo>=0.741693 E _f_velocidade>=0 E _f_score>=77,139,0.7482014388489209,0.6188781756963575,1.2089640065382008
4,_f_delta<=-16 E _f_razao_fluxo>=1 E _f_velocidade>=0 E _f_score>=77,139,0.7482014388489209,0.6188781756963575,1.2089640065382008
4,_f_spread>=1 E _f_delta>=-16 E _f_ticks_s>=153.857 E _f_score<=77,1370,0.7481751824817519,0.6188781756963575,1.2089215807940072
4,_f_spread<=1 E _f_delta>=16 E _f_velocidade<=-0.216667 E _f_score<=61,274,0.7481751824817519,0.6188781756963575,1.2089215807940072
4,_f_delta>=0 E _f_saldo>=-17 E _f_velocidade<=-0.216667 E _f_ticks_s>=153.857,679,0.748159057437408,0.6188781756963575,1.2088955255137
4,_f_razao_fluxo>=0.741693 E _f_aceleracao>=-0.000831627 E _f_ticks_s>=153.857 E _f_score<=47,270,0.7481481481481481,0.6188781756963575,1.2088778979907264
4,_f_spread>=1.25 E _f_delta<=-16 E _f_velocidade>=0.205388 E _f_aceleracao>=0.543681,135,0.7481481481481481,0.6188781756963575,1.2088778979907264
4,_f_razao_fluxo<=1.33364 E _f_velocidade>=0.205388 E _f_ticks_s>=153.857 E _f_score<=47,135,0.7481481481481481,0.6188781756963575,1.2088778979907264
4,_f_spread<=1.75 E _f_aceleracao>=-0.000831627 E _f_ticks_s>=153.857 E _f_score<=61,1056,0.7481060606060606,0.6188781756963575,1.208809891808346
4,_f_spread>=1.75 E _f_velocidade<=0 E _f_ticks_s>=153.857 E _f_score<=61,131,0.7480916030534351,0.6188781756963575,1.208786530906002
4,_f_saldo>=0 E _f_velocidade<=0.205388 E _f_aceleracao>=0.543681 E _f_ticks_s>=153.857,516,0.748062015503876,0.6188781756963575,1.2087387225477157
4,_f_razao_fluxo<=1 E _f_velocidade<=0.205388 E _f_aceleracao>=0.543681 E _f_ticks_s>=153.857,516,0.748062015503876,0.6188781756963575,1.2087387225477157
4,_f_delta>=-16 E _f_velocidade<=0 E _f_aceleracao>=-0.000831627 E _f_ticks_s>=153.857,766,0.7480417754569191,0.6188781756963575,1.20870601813552
4,_f_saldo>=0 E _f_velocidade<=0.205388 E _f_ticks_s>=153.857 E _f_score>=61,889,0.7480314960629921,0.6188781756963575,1.2086894084143656
4,_f_razao_fluxo<=1 E _f_velocidade<=0.205388 E _f_ticks_s>=153.857 E _f_score>=61,889,0.7480314960629921,0.6188781756963575,1.2086894084143656
4,_f_delta>=-16 E _f_aceleracao>=-0.000831627 E _f_ticks_s>=153.857 E _f_score<=47,250,0.748,0.6188781756963575,1.208638516228748
4,_f_spread>=1.25 E _f_delta<=-16 E _f_ticks_s>=153.857 E _f_score>=77,123,0.7479674796747967,0.6188781756963575,1.208585969012704
4,_f_spread>=1.25 E _f_saldo<=-17 E _f_velocidade>=0.205388 E _f_score>=61,123,0.7479674796747967,0.6188781756963575,1.208585969012704
4,_f_delta<=-16 E _f_saldo<=-17 E _f_aceleracao>=0.543681 E _f_ticks_s>=153.857,857,0.7479579929988331,0.6188781756963575,1.2085706401865535
4,_f_spread>=1 E _f_delta<=0 E _f_razao_fluxo<=1.33364 E _f_ticks_s>=153.857,1095,0.7479452054794521,0.6188781756963575,1.2085499777688384
4,_f_spread>=1.25 E _f_saldo<=0 E _f_velocidade>=-0.216667 E _f_ticks_s>=153.857,242,0.7479338842975206,0.6188781756963575,1.208531684698609
4,_f_spread>=1.25 E _f_razao_fluxo>=1 E _f_velocidade>=-0.216667 E _f_ticks_s>=153.857,242,0.7479338842975206,0.6188781756963575,1.208531684698609
4,_f_spread<=1.75 E _f_delta<=16 E _f_saldo>=19 E _f_ticks_s>=72.5852,242,0.7479338842975206,0.6188781756963575,1.208531684698609
4,_f_spread<=1.25 E _f_aceleracao>=0.543681 E _f_ticks_s>=153.857 E _f_score<=77,1206,0.7479270315091211,0.6188781756963575,1.2085206117788185
4,_f_saldo<=-17 E _f_razao_fluxo<=1.33364 E _f_aceleracao>=0.543681 E _f_ticks_s>=153.857,595,0.7478991596638656,0.6188781756963575,1.2084755757016872
4,_f_saldo>=19 E _f_velocidade<=-0.216667 E _f_aceleracao<=-0.000831627 E _f_score<=77,460,0.7478260869565218,0.6188781756963575,1.208357502855991
4,_f_velocidade>=0.205388 E _f_aceleracao<=-0.552272 E _f_ticks_s>=72.5852 E _f_score>=77,230,0.7478260869565218,0.6188781756963575,1.208357502855991
4,_f_delta>=0 E _f_saldo>=0 E _f_velocidade<=-0.216667 E _f_ticks_s>=153.857,670,0.7477611940298508,0.6188781756963575,1.2082526471198876
4,_f_delta>=0 E _f_razao_fluxo<=1 E _f_velocidade<=-0.216667 E _f_ticks_s>=153.857,670,0.7477611940298508,0.6188781756963575,1.2082526471198876
4,_f_spread>=1.25 E _f_razao_fluxo<=1.33364 E _f_ticks_s>=153.857 E _f_score<=61,444,0.7477477477477478,0.6188781756963575,1.2082309202556498
4,_f_velocidade>=0.205388 E _f_aceleracao>=-0.000831627 E _f_ticks_s>=42.0552 E _f_score<=47,222,0.7477477477477478,0.6188781756963575,1.2082309202556498
4,_f_spread>=1.75 E _f_delta<=0 E _f_saldo>=-17 E _f_ticks_s>=153.857,111,0.7477477477477478,0.6188781756963575,1.2082309202556498
4,_f_saldo>=0 E _f_velocidade<=0 E _f_ticks_s>=153.857 E _f_score>=77,111,0.7477477477477478,0.6188781756963575,1.2082309202556498
4,_f_razao_fluxo<=1 E _f_velocidade<=0 E _f_ticks_s>=153.857 E _f_score>=77,111,0.7477477477477478,0.6188781756963575,1.2082309202556498
4,_f_spread>=1 E _f_delta<=0 E _f_ticks_s>=153.857 E _f_score<=77,987,0.7477203647416414,0.6188781756963575,1.2081866740579623
4,_f_saldo>=19 E _f_velocidade<=-0.216667 E _f_aceleracao<=-0.000831627 E _f_score<=61,321,0.7476635514018691,0.6188781756963575,1.208094873535657
4,_f_spread>=1.75 E _f_saldo>=-17 E _f_razao_fluxo>=1 E _f_ticks_s>=153.857,107,0.7476635514018691,0.6188781756963575,1.208094873535657
4,_f_delta<=-16 E _f_aceleracao>=-0.552272 E _f_ticks_s>=153.857 E _f_score<=61,527,0.7476280834914611,0.6188781756963575,1.2080375635321687
4,_f_saldo<=-17 E _f_aceleracao>=0.543681 E _f_ticks_s>=153.857 E _f_score<=61,313,0.7476038338658147,0.6188781756963575,1.2079983803348955
4,_f_saldo<=19 E _f_aceleracao>=0.543681 E _f_ticks_s>=153.857 E _f_score>=47,1141,0.747589833479404,0.6188781756963575,1.2079757581340156
4,_f_spread>=1.75 E _f_saldo<=0 E _f_velocidade>=0.205388 E _f_score>=61,103,0.7475728155339806,0.6188781756963575,1.2079482600801308
4,_f_spread>=1.75 E _f_razao_fluxo>=1 E _f_velocidade>=0.205388 E _f_score>=61,103,0.7475728155339806,0.6188781756963575,1.2079482600801308
4,_f_delta<=-16 E _f_aceleracao>=0.543681 E _f_ticks_s>=153.857 E _f_score<=77,713,0.7475455820476858,0.6188781756963575,1.2079042554805761
4,_f_saldo<=19 E _f_aceleracao>=0.543681 E _f_ticks_s>=153.857 E _f_score<=61,606,0.7475247524752475,0.6188781756963575,1.207870598497253
4,_f_spread>=1 E _f_razao_fluxo<=1.33364 E _f_velocidade<=0.205388 E _f_ticks_s>=153.857,1612,0.7475186104218362,0.6188781756963575,1.2078606740021707
4,_f_spread<=1.25 E _f_delta<=-16 E _f_aceleracao>=0.543681 E _f_ticks_s>=153.857,804,0.7475124378109452,0.6188781756963575,1.2078507001314909
4,_f_spread>=1.25 E _f_velocidade<=0.205388 E _f_ticks_s>=153.857 E _f_score<=77,491,0.7474541751527495,0.6188781756963575,1.2077565577615
4,_f_spread>=1 E _f_razao_fluxo<=1.33364 E _f_ticks_s>=153.857 E _f_score<=61,1073,0.7474370922646785,0.6188781756963575,1.2077289547715386
4,_f_saldo>=-17 E _f_velocidade<=0 E _f_aceleracao>=-0.000831627 E _f_ticks_s>=153.857,768,0.7473958333333334,0.6188781756963575,1.2076622874806802
4,_f_spread<=1 E _f_saldo<=-17 E _f_velocidade>=0 E _f_score>=77,95,0.7473684210526316,0.6188781756963575,1.207617993980314
4,_f_spread<=1.25 E _f_saldo>=19 E _f_velocidade<=0.205388 E _f_ticks_s>=153.857,1136,0.7473591549295775,0.6188781756963575,1.2076030215294862
4,_f_spread>=1 E _f_razao_fluxo>=0.741693 E _f_aceleracao>=0.543681 E _f_ticks_s>=153.857,946,0.7473572938689218,0.6188781756963575,1.2076000143776284
4,_f_delta<=16 E _f_saldo>=19 E _f_razao_fluxo>=0.741693 E _f_ticks_s>=72.5852,186,0.7473118279569892,0.6188781756963575,1.207526549334397
4,_f_spread<=1 E _f_saldo>=19 E _f_aceleracao<=-0.552272 E _f_ticks_s>=153.857,736,0.7472826086956522,0.6188781756963575,1.2074793360661247
4,_f_velocidade>=0 E _f_aceleracao>=-0.000831627 E _f_ticks_s>=153.857 E _f_score<=77,827,0.747279322853688,0.6188781756963575,1.2074740267143116
4,_f_delta<=16 E _f_velocidade>=0 E _f_aceleracao>=-0.000831627 E _f_ticks_s>=153.857,732,0.7472677595628415,0.6188781756963575,1.2074553424379861
3,_f_saldo>=19 E _f_velocidade<=0.205388 E _f_ticks_s>=153.857,1250,0.7472,0.6188781756963575,1.207345854714065
4,_f_delta>=-16 E _f_saldo>=19 E _f_velocidade<=0.205388 E _f_ticks_s>=153.857,1250,0.7472,0.6188781756963575,1.207345854714065
4,_f_delta>=0 E _f_saldo>=19 E _f_velocidade<=0.205388 E _f_ticks_s>=153.857,1250,0.7472,0.6188781756963575,1.207345854714065
4,_f_saldo>=19 E _f_razao_fluxo<=1 E _f_velocidade<=0.205388 E _f_ticks_s>=153.857,1250,0.7472,0.6188781756963575,1.207345854714065
4,_f_saldo>=19 E _f_razao_fluxo<=1.33364 E _f_velocidade<=0.205388 E _f_ticks_s>=153.857,1250,0.7472,0.6188781756963575,1.207345854714065
4,_f_saldo<=0 E _f_velocidade>=-0.216667 E _f_aceleracao>=0.543681 E _f_ticks_s>=153.857,534,0.7471910112359551,0.6188781756963575,1.2073313304273832
4,_f_razao_fluxo>=1 E _f_velocidade>=-0.216667 E _f_aceleracao>=0.543681 E _f_ticks_s>=153.857,534,0.7471910112359551,0.6188781756963575,1.2073313304273832
4,_f_velocidade<=-0.216667 E _f_aceleracao>=-0.552272 E _f_ticks_s>=153.857 E _f_score<=61,534,0.7471910112359551,0.6188781756963575,1.2073313304273832
4,_f_spread>=1.25 E _f_delta<=0 E _f_velocidade>=0 E _f_ticks_s>=153.857,178,0.7471910112359551,0.6188781756963575,1.2073313304273832
4,_f_spread>=1.25 E _f_saldo<=-17 E _f_velocidade<=-0.216667 E _f_ticks_s>=153.857,178,0.7471910112359551,0.6188781756963575,1.2073313304273832
4,_f_spread>=1.75 E _f_velocidade>=-0.216667 E _f_ticks_s>=153.857 E _f_score<=61,178,0.7471910112359551,0.6188781756963575,1.2073313304273832
4,_f_delta<=16 E _f_aceleracao>=0.543681 E _f_ticks_s>=153.857 E _f_score>=47,1127,0.7471162377994676,0.6188781756963575,1.207210509497798
4,_f_saldo>=-17 E _f_velocidade<=-0.216667 E _f_ticks_s>=153.857 E _f_score<=77,779,0.7471116816431322,0.6188781756963575,1.2072031475378613
4,_f_spread<=1 E _f_saldo>=19 E _f_razao_fluxo>=0.741693 E _f_aceleracao<=-0.552272,605,0.7471074380165289,0.6188781756963575,1.20719629057187
4,_f_delta<=16 E _f_aceleracao>=-0.000831627 E _f_ticks_s>=153.857 E _f_score<=47,257,0.7470817120622568,0.6188781756963575,1.2071547218831
4,_f_delta<=-16 E _f_aceleracao>=0.543681 E _f_ticks_s>=153.857 E _f_score>=47,850,0.7470588235294118,0.6188781756963575,1.2071177379761797
4,_f_spread<=1.75 E _f_delta<=-16 E _f_aceleracao>=0.543681 E _f_ticks_s>=153.857,842,0.7470308788598575,0.6188781756963575,1.207072584227588
4,_f_delta>=-16 E _f_aceleracao>=0.543681 E _f_ticks_s>=153.857 E _f_score<=61,415,0.7469879518072289,0.6188781756963575,1.2070032215414983
4,_f_spread<=1 E _f_delta<=0 E _f_velocidade>=0.205388 E _f_score>=77,83,0.7469879518072289,0.6188781756963575,1.2070032215414983
4,_f_delta>=16 E _f_velocidade<=0 E _f_aceleracao<=0.543681 E _f_ticks_s>=153.857,577,0.7469670710571924,0.6188781756963575,1.206969481864036
4,_f_delta>=0 E _f_velocidade<=0 E _f_ticks_s>=153.857 E _f_score>=61,494,0.7469635627530364,0.6188781756963575,1.2069638130518305
4,_f_spread<=1.25 E _f_saldo>=19 E _f_aceleracao<=-0.552272 E _f_ticks_s>=153.857,818,0.7469437652811736,0.6188781756963575,1.2069318237643742
4,_f_saldo>=-17 E _f_aceleracao>=-0.000831627 E _f_ticks_s>=153.857 E _f_score<=47,245,0.746938775510204,0.6188781756963575,1.20692376115825
4,_f_spread<=1 E _f_saldo>=19 E _f_razao_fluxo>=0.741693 E _f_velocidade<=-0.216667,407,0.7469287469287469,0.6188781756963575,1.2069075567066294
4,_f_spread>=1 E _f_velocidade<=-0.216667 E _f_aceleracao>=-0.552272 E _f_ticks_s>=153.857,731,0.746922024623803,0.6188781756963575,1.2068966946255155
4,_f_delta<=0 E _f_razao_fluxo<=1.33364 E _f_velocidade>=0 E _f_score>=77,162,0.7469135802469136,0.6188781756963575,1.20688304997424
4,_f_delta>=16 E _f_razao_fluxo<=0.741693 E _f_velocidade<=-0.216667 E _f_ticks_s>=72.5852,241,0.7468879668049793,0.6188781756963575,1.2068416630859313
4,_f_spread<=1.25 E _f_saldo<=-17 E _f_aceleracao>=0.543681 E _f_ticks_s>=153.857,798,0.7468671679197995,0.6188781756963575,1.206808055687906
4,_f_spread<=1 E _f_aceleracao>=-0.000831627 E _f_ticks_s>=153.857 E _f_score<=61,877,0.7468643101482326,0.6188781756963575,1.2068034380237531
4,_f_saldo<=19 E _f_velocidade>=0 E _f_aceleracao>=0.543681 E _f_ticks_s>=153.857,478,0.7468619246861925,0.6188781756963575,1.2067995835300358
4,_f_saldo>=-17 E _f_velocidade<=0 E _f_aceleracao>=0.543681 E _f_score>=77,79,0.7468354430379747,0.6188781756963575,1.206756793770665
4,_f_delta<=0 E _f_saldo>=-17 E _f_velocidade>=-0.216667 E _f_ticks_s>=153.857,466,0.7467811158798283,0.6188781756963575,1.2066690104874926
4,_f_spread>=1 E _f_delta>=-16 E _f_ticks_s>=153.857 E _f_score<=61,849,0.7467608951707891,0.6188781756963575,1.2066363373220244
3,_f_spread>=1.25 E _f_velocidade<=0 E _f_ticks_s>=153.857,537,0.7467411545623837,0.6188781756963575,1.2066044399160718
4,_f_razao_fluxo>=1.33364 E _f_aceleracao>=0.543681 E _f_ticks_s>=153.857 E _f_score>=61,229,0.7467248908296943,0.6188781756963575,1.206578160539406
4,_f_saldo>=19 E _f_velocidade<=0.205388 E _f_ticks_s>=153.857 E _f_score>=47,1212,0.7466996699669967,0.6188781756963575,1.2065374079911855
4,_f_spread<=1.75 E _f_saldo>=19 E _f_velocidade<=0.205388 E _f_ticks_s>=153.857,1204,0.7466777408637874,0.6188781756963575,1.2065019743564727
3,_f_razao_fluxo<=0.741693 E _f_ticks_s>=153.857 E _f_score<=61,150,0.7466666666666667,0.6188781756963575,1.206484080370943
4,_f_delta>=-16 E _f_razao_fluxo<=0.741693 E _f_ticks_s>=153.857 E _f_score<=61,150,0.7466666666666667,0.6188781756963575,1.206484080370943
4,_f_delta>=0 E _f_razao_fluxo<=0.741693 E _f_ticks_s>=153.857 E _f_score<=61,150,0.7466666666666667,0.6188781756963575,1.206484080370943
4,_f_saldo>=-17 E _f_razao_fluxo<=0.741693 E _f_ticks_s>=153.857 E _f_score<=61,150,0.7466666666666667,0.6188781756963575,1.206484080370943
4,_f_saldo>=0 E _f_razao_fluxo<=0.741693 E _f_ticks_s>=153.857 E _f_score<=61,150,0.7466666666666667,0.6188781756963575,1.206484080370943
4,_f_spread<=1 E _f_razao_fluxo<=0.741693 E _f_velocidade<=0 E _f_aceleracao>=0.543681,75,0.7466666666666667,0.6188781756963575,1.206484080370943
4,_f_velocidade<=-0.216667 E _f_aceleracao<=-0.552272 E _f_ticks_s>=72.5852 E _f_score<=47,75,0.7466666666666667,0.6188781756963575,1.206484080370943
4,_f_delta<=-16 E _f_velocidade<=0 E _f_aceleracao>=0.543681 E _f_ticks_s>=153.857,596,0.7466442953020134,0.6188781756963575,1.206447932118295
4,_f_spread>=1 E _f_saldo<=19 E _f_aceleracao>=-0.552272 E _f_ticks_s>=153.857,1164,0.7465635738831615,0.6188781756963575,1.2063175002788444
4,_f_spread<=1.25 E _f_delta>=0 E _f_velocidade<=-0.216667 E _f_ticks_s>=153.857,580,0.746551724137931,0.6188781756963575,1.2062983531418217
4,_f_spread>=1.75 E _f_razao_fluxo<=0.741693 E _f_velocidade<=0 E _f_ticks_s>=72.5852,288,0.7465277777777778,0.6188781756963575,1.2062596599690882
4,_f_spread>=1 E _f_razao_fluxo<=1.33364 E _f_ticks_s>=153.857 E _f_score<=77,1850,0.7464864864864865,0.6188781756963575,1.2061929403901583
3,_f_delta>=16 E _f_velocidade<=0 E _f_ticks_s>=153.857,852,0.7464788732394366,0.6188781756963575,1.2061806387008294
4,_f_delta>=16 E _f_saldo>=-17 E _f_velocidade<=0 E _f_ticks_s>=153.857,852,0.7464788732394366,0.6188781756963575,1.2061806387008294
4,_f_delta>=16 E _f_saldo>=0 E _f_velocidade<=0 E _f_ticks_s>=153.857,852,0.7464788732394366,0.6188781756963575,1.2061806387008294
4,_f_delta>=16 E _f_razao_fluxo<=1 E _f_velocidade<=0 E _f_ticks_s>=153.857,852,0.7464788732394366,0.6188781756963575,1.2061806387008294
4,_f_delta>=16 E _f_razao_fluxo<=1.33364 E _f_velocidade<=0 E _f_ticks_s>=153.857,852,0.7464788732394366,0.6188781756963575,1.2061806387008294
4,_f_spread>=1.75 E _f_razao_fluxo>=0.741693 E _f_ticks_s>=153.857 E _f_score<=61,213,0.7464788732394366,0.6188781756963575,1.2061806387008294
4,_f_delta>=-16 E _f_saldo<=-17 E _f_velocidade>=0 E _f_score<=47,71,0.7464788732394366,0.6188781756963575,1.2061806387008294
4,_f_razao_fluxo>=1.33364 E _f_velocidade>=0 E _f_aceleracao<=-0.000831627 E _f_ticks_s>=153.857,71,0.7464788732394366,0.6188781756963575,1.2061806387008294
4,_f_delta<=0 E _f_aceleracao>=0.543681 E _f_ticks_s>=153.857 E _f_score<=61,481,0.7463617463617463,0.6188781756963575,1.2059913819419228
4,_f_delta<=16 E _f_saldo>=-17 E _f_velocidade>=-0.216667 E _f_ticks_s>=153.857,891,0.7463524130190797,0.6188781756963575,1.2059763008758373
4,_f_razao_fluxo>=0.741693 E _f_velocidade<=0 E _f_aceleracao>=0.543681 E _f_ticks_s>=153.857,1025,0.7463414634146341,0.6188781756963575,1.2059586082105025
4,_f_delta>=-16 E _f_saldo<=19 E _f_velocidade>=0.205388 E _f_ticks_s>=153.857,410,0.7463414634146341,0.6188781756963575,1.2059586082105025
4,_f_razao_fluxo<=0.741693 E _f_aceleracao>=-0.000831627 E _f_ticks_s>=72.5852 E _f_score<=61,272,0.7463235294117647,0.6188781756963575,1.2059296299663607
4,_f_spread>=1 E _f_velocidade>=0 E _f_aceleracao<=-0.552272 E _f_ticks_s>=153.857,540,0.7462962962962963,0.6188781756963575,1.205885625965997
4,_f_velocidade>=0.205388 E _f_aceleracao>=0.543681 E _f_ticks_s>=72.5852 E _f_score<=61,268,0.746268656716418,0.6188781756963575,1.2058409651895086
4,_f_delta<=16 E _f_velocidade>=0.205388 E _f_ticks_s>=153.857 E _f_score<=47,134,0.746268656716418,0.6188781756963575,1.2058409651895086
4,_f_delta>=-16 E _f_saldo<=-17 E _f_aceleracao>=-0.000831627 E _f_score<=47,67,0.746268656716418,0.6188781756963575,1.2058409651895086
4,_f_delta<=16 E _f_velocidade<=0 E _f_aceleracao>=0.543681 E _f_ticks_s>=153.857,800,0.74625,0.6188781756963575,1.2058108191653787
4,_f_saldo>=0 E _f_velocidade<=-0.216667 E _f_aceleracao<=-0.552272 E _f_ticks_s>=72.5852,398,0.7462311557788944,0.6188781756963575,1.205780370166132
4,_f_razao_fluxo<=1 E _f_velocidade<=-0.216667 E _f_aceleracao<=-0.552272 E _f_ticks_s>=72.5852,398,0.7462311557788944,0.6188781756963575,1.205780370166132
4,_f_razao_fluxo>=0.741693 E _f_aceleracao>=0.543681 E _f_ticks_s>=153.857 E _f_score<=77,1320,0.7462121212121212,0.6188781756963575,1.2057496136012364
4,_f_spread<=1 E _f_delta>=0 E _f_velocidade<=-0.216667 E _f_ticks_s>=153.857,524,0.7461832061068703,0.6188781756963575,1.2057028917965478
4,_f_delta<=0 E _f_aceleracao>=-0.000831627 E _f_ticks_s>=153.857 E _f_score<=61,717,0.7461645746164575,0.6188781756963575,1.2056727865332757
4,_f_spread<=1 E _f_saldo<=19 E _f_aceleracao>=0.543681 E _f_ticks_s>=153.857,1040,0.7461538461538462,0.6188781756963575,1.2056554511948638
4,_f_delta<=-16 E _f_velocidade<=0 E _f_ticks_s>=153.857 E _f_score<=61,260,0.7461538461538462,0.6188781756963575,1.2056554511948638
3,_f_saldo<=-17 E _f_razao_fluxo<=1.33364 E _f_score<=47,130,0.7461538461538462,0.6188781756963575,1.2056554511948638
4,_f_delta<=-16 E _f_aceleracao>=-0.000831627 E _f_ticks_s>=72.5852 E _f_score<=47,130,0.7461538461538462,0.6188781756963575,1.2056554511948638
4,_f_delta<=0 E _f_saldo<=-17 E _f_razao_fluxo<=1.33364 E _f_score<=47,130,0.7461538461538462,0.6188781756963575,1.2056554511948638
4,_f_delta<=16 E _f_saldo<=-17 E _f_razao_fluxo<=1.33364 E _f_score<=47,130,0.7461538461538462,0.6188781756963575,1.2056554511948638
4,_f_delta<=16 E _f_saldo>=0 E _f_aceleracao>=-0.552272 E _f_ticks_s>=153.857,453,0.7461368653421634,0.6188781756963575,1.205628013142676
4,_f_delta<=16 E _f_razao_fluxo<=1 E _f_aceleracao>=-0.552272 E _f_ticks_s>=153.857,453,0.7461368653421634,0.6188781756963575,1.205628013142676
4,_f_razao_fluxo>=0.741693 E _f_velocidade<=0.205388 E _f_aceleracao>=0.543681 E _f_ticks_s>=153.857,1280,0.74609375,0.6188781756963575,1.2055583462132922
4,_f_spread<=1.75 E _f_delta>=16 E _f_velocidade<=0 E _f_ticks_s>=153.857,819,0.746031746031746,0.6188781756963575,1.2054581585338928
4,_f_spread>=1.25 E _f_delta>=-16 E _f_ticks_s>=153.857 E _f_score<=47,189,0.746031746031746,0.6188781756963575,1.2054581585338928
4,_f_spread>=1.25 E _f_saldo<=0 E _f_aceleracao>=0.543681 E _f_ticks_s>=153.857,189,0.746031746031746,0.6188781756963575,1.2054581585338928
4,_f_spread>=1.25 E _f_razao_fluxo>=1 E _f_aceleracao>=0.543681 E _f_ticks_s>=153.857,189,0.746031746031746,0.6188781756963575,1.2054581585338928
4,_f_spread>=1.75 E _f_saldo>=19 E _f_velocidade<=0.205388 E _f_ticks_s>=153.857,63,0.746031746031746,0.6188781756963575,1.2054581585338928
4,_f_saldo>=-17 E _f_aceleracao>=0.543681 E _f_ticks_s>=153.857 E _f_score<=77,685,0.745985401459854,0.6188781756963575,1.2053832737282686
4,_f_saldo>=0 E _f_velocidade<=0 E _f_ticks_s>=153.857 E _f_score>=61,496,0.7459677419354839,0.6188781756963575,1.2053547389938675
4,_f_razao_fluxo<=1 E _f_velocidade<=0 E _f_ticks_s>=153.857 E _f_score>=61,496,0.7459677419354839,0.6188781756963575,1.2053547389938675
4,_f_delta>=-16 E _f_aceleracao>=-0.000831627 E _f_ticks_s>=153.857 E _f_score<=61,681,0.7459618208516887,0.6188781756963575,1.2053451715474335
4,_f_saldo>=-17 E _f_aceleracao>=-0.000831627 E _f_ticks_s>=153.857 E _f_score<=61,681,0.7459618208516887,0.6188781756963575,1.2053451715474335
4,_f_delta<=0 E _f_saldo<=-17 E _f_aceleracao>=0.543681 E _f_ticks_s>=153.857,866,0.745958429561201,0.6188781756963575,1.2053396918090602
4,_f_spread>=1 E _f_saldo>=0 E _f_ticks_s>=153.857 E _f_score<=77,1106,0.7459312839059674,0.6188781756963575,1.2052958291292961
4,_f_spread>=1 E _f_razao_fluxo<=1 E _f_ticks_s>=153.857 E _f_score<=77,1106,0.7459312839059674,0.6188781756963575,1.2052958291292961
4,_f_razao_fluxo<=1.33364 E _f_aceleracao>=0.543681 E _f_ticks_s>=153.857 E _f_score<=77,1165,0.7459227467811159,0.6188781756963575,1.2052820346133692
4,_f_razao_fluxo<=1.33364 E _f_velocidade<=0 E _f_aceleracao>=0.543681 E _f_ticks_s>=153.857,854,0.7459016393442623,0.6188781756963575,1.2052479286492515
4,_f_spread>=1 E _f_saldo<=19 E _f_ticks_s>=153.857 E _f_score<=77,1271,0.7458693941778127,0.6188781756963575,1.2051958260421214
4,_f_spread<=1.25 E _f_delta<=0 E _f_aceleracao>=0.543681 E _f_ticks_s>=153.857,968,0.7458677685950413,0.6188781756963575,1.205193199381762
4,_f_spread>=1 E _f_saldo<=0 E _f_razao_fluxo<=1.33364 E _f_ticks_s>=153.857,1082,0.7458410351201479,0.6188781756963575,1.2051500027140765
4,_f_delta<=16 E _f_razao_fluxo>=0.741693 E _f_aceleracao>=0.543681 E _f_ticks_s>=153.857,1255,0.7458167330677291,0.6188781756963575,1.2051107348042145
4,_f_delta<=16 E _f_aceleracao>=0.543681 E _f_ticks_s>=153.857 E _f_score<=77,1062,0.7457627118644068,0.6188781756963575,1.205023445891075
4,_f_spread>=1 E _f_saldo<=19 E _f_velocidade>=0.205388 E _f_ticks_s>=153.857,413,0.7457627118644068,0.6188781756963575,1.205023445891075
4,_f_spread>=1 E _f_saldo>=0 E _f_ticks_s>=153.857 E _f_score<=47,177,0.7457627118644068,0.6188781756963575,1.205023445891075
4,_f_spread>=1 E _f_razao_fluxo<=1 E _f_ticks_s>=153.857 E _f_score<=47,177,0.7457627118644068,0.6188781756963575,1.205023445891075
4,_f_saldo<=0 E _f_velocidade>=0.205388 E _f_aceleracao<=0.543681 E _f_score>=77,59,0.7457627118644068,0.6188781756963575,1.205023445891075
4,_f_razao_fluxo>=1 E _f_velocidade>=0.205388 E _f_aceleracao<=0.543681 E _f_score>=77,59,0.7457627118644068,0.6188781756963575,1.205023445891075
4,_f_delta>=16 E _f_razao_fluxo>=0.741693 E _f_velocidade<=0 E _f_ticks_s>=153.857,696,0.7456896551724138,0.6188781756963575,1.204905398923413
3,_f_spread>=1 E _f_ticks_s>=153.857 E _f_score<=61,1156,0.745674740484429,0.6188781756963575,1.2048812993694613
4,_f_delta<=0 E _f_aceleracao>=0.543681 E _f_ticks_s>=153.857 E _f_score>=61,692,0.7456647398843931,0.6188781756963575,1.2048651401309736
4,_f_delta>=-16 E _f_velocidade<=-0.216667 E _f_aceleracao<=-0.552272 E _f_ticks_s>=153.857,287,0.7456445993031359,0.6188781756963575,1.2048325964381303
4,_f_delta<=16 E _f_velocidade>=0.205388 E _f_aceleracao>=0.543681 E _f_ticks_s>=153.857,287,0.7456445993031359,0.6188781756963575,1.2048325964381303
4,_f_spread<=1 E _f_delta<=16 E _f_aceleracao>=0.543681 E _f_ticks_s>=153.857,1026,0.7456140350877193,0.6188781756963575,1.204783209956886
4,_f_spread<=1.25 E _f_razao_fluxo>=1.33364 E _f_aceleracao>=0.543681 E _f_ticks_s>=153.857,228,0.7456140350877193,0.6188781756963575,1.204783209956886
4,_f_spread<=1 E _f_saldo>=19 E _f_aceleracao>=0.543681 E _f_score<=61,114,0.7456140350877193,0.6188781756963575,1.204783209956886
4,_f_saldo>=0 E _f_razao_fluxo>=0.741693 E _f_velocidade<=0.205388 E _f_ticks_s>=153.857,1419,0.7455954897815363,0.6188781756963575,1.2047532439524102
4,_f_delta<=16 E _f_saldo<=0 E _f_ticks_s>=153.857 E _f_score<=47,283,0.7455830388692579,0.6188781756963575,1.2047331254335039
4,_f_delta<=16 E _f_razao_fluxo>=1 E _f_ticks_s>=153.857 E _f_score<=47,283,0.7455830388692579,0.6188781756963575,1.2047331254335039
4,_f_saldo<=-17 E _f_velocidade>=0 E _f_aceleracao>=0.543681 E _f_ticks_s>=153.857,283,0.7455830388692579,0.6188781756963575,1.2047331254335039
4,_f_delta<=0 E _f_velocidade>=0.205388 E _f_aceleracao>=-0.000831627 E _f_ticks_s>=153.857,338,0.7455621301775148,0.6188781756963575,1.2046993406070805
4,_f_spread>=1 E _f_saldo<=19 E _f_razao_fluxo<=1.33364 E _f_ticks_s>=153.857,1407,0.7455579246624022,0.6188781756963575,1.2046925452226611
4,_f_delta>=0 E _f_velocidade<=-0.216667 E _f_ticks_s>=153.857 E _f_score>=47,613,0.7455138662316476,0.6188781756963575,1.204621354425369
4,_f_saldo>=0 E _f_velocidade<=0.205388 E _f_ticks_s>=153.857 E _f_score<=77,1434,0.7454672245467224,0.6188781756963575,1.2045459895365154
4,_f_razao_fluxo<=1 E _f_velocidade<=0.205388 E _f_ticks_s>=153.857 E _f_score<=77,1434,0.7454672245467224,0.6188781756963575,1.2045459895365154
4,_f_spread>=1.25 E _f_delta<=0 E _f_saldo<=-17 E _f_ticks_s>=153.857,330,0.7454545454545455,0.6188781756963575,1.2045255023183927
4,_f_delta>=16 E _f_velocidade<=0 E _f_aceleracao>=0.543681 E _f_ticks_s>=153.857,275,0.7454545454545455,0.6188781756963575,1.2045255023183927
4,_f_spread>=1 E _f_saldo<=19 E _f_velocidade>=0 E _f_ticks_s>=153.857,656,0.7454268292682927,0.6188781756963575,1.2044807177592642
4,_f_saldo<=19 E _f_aceleracao>=0.543681 E _f_ticks_s>=153.857 E _f_score>=61,762,0.7454068241469817,0.6188781756963575,1.204448392946245
4,_f_spread>=1 E _f_saldo<=0 E _f_ticks_s>=153.857 E _f_score<=77,974,0.7453798767967146,0.6188781756963575,1.2044048506929788
4,_f_spread>=1 E _f_razao_fluxo>=1 E _f_ticks_s>=153.857 E _f_score<=77,974,0.7453798767967146,0.6188781756963575,1.2044048506929788
4,_f_delta<=16 E _f_saldo>=0 E _f_velocidade>=-0.216667 E _f_ticks_s>=153.857,487,0.7453798767967146,0.6188781756963575,1.2044048506929788
4,_f_delta<=16 E _f_razao_fluxo<=1 E _f_velocidade>=-0.216667 E _f_ticks_s>=153.857,487,0.7453798767967146,0.6188781756963575,1.2044048506929788
4,_f_saldo<=-17 E _f_velocidade<=0 E _f_aceleracao>=0.543681 E _f_ticks_s>=153.857,593,0.7453625632377741,0.6188781756963575,1.204376874978823
4,_f_velocidade<=-0.216667 E _f_aceleracao>=0.543681 E _f_ticks_s>=153.857 E _f_score>=77,161,0.7453416149068323,0.6188781756963575,1.2043430261023165
4,_f_delta<=0 E _f_velocidade>=0 E _f_aceleracao>=-0.000831627 E _f_ticks_s>=153.857,589,0.7453310696095077,0.6188781756963575,1.204325986727301
4,_f_spread>=1 E _f_razao_fluxo>=0.741693 E _f_ticks_s>=153.857 E _f_score<=61,1068,0.7453183520599251,0.6188781756963575,1.204305437368668
4,_f_delta<=-16 E _f_aceleracao>=0.543681 E _f_ticks_s>=153.857 E _f_score>=61,640,0.7453125,0.6188781756963575,1.2042959814528595
4,_f_saldo<=-17 E _f_aceleracao>=0.543681 E _f_ticks_s>=153.857 E _f_score>=61,640,0.7453125,0.6188781756963575,1.2042959814528595
4,_f_spread<=1.25 E _f_saldo>=0 E _f_velocidade<=-0.216667 E _f_ticks_s>=153.857,585,0.7452991452991453,0.6188781756963575,1.2042744025680656
4,_f_spread<=1.25 E _f_razao_fluxo<=1 E _f_velocidade<=-0.216667 E _f_ticks_s>=153.857,585,0.7452991452991453,0.6188781756963575,1.2042744025680656
4,_f_spread>=1.75 E _f_razao_fluxo<=1.33364 E _f_velocidade<=0.205388 E _f_ticks_s>=153.857,212,0.7452830188679245,0.6188781756963575,1.2042483450468051
4,_f_spread>=1.75 E _f_razao_fluxo<=1.33364 E _f_aceleracao>=-0.552272 E _f_ticks_s>=153.857,212,0.7452830188679245,0.6188781756963575,1.2042483450468051
4,_f_spread<=1.25 E _f_velocidade<=0 E _f_aceleracao>=0.543681 E _f_ticks_s>=153.857,950,0.7452631578947368,0.6188781756963575,1.2042162531522005
4,_f_delta>=16 E _f_velocidade<=0 E _f_ticks_s>=153.857 E _f_score<=61,475,0.7452631578947368,0.6188781756963575,1.2042162531522005
4,_f_spread<=1.75 E _f_saldo<=19 E _f_aceleracao>=0.543681 E _f_ticks_s>=153.857,1213,0.7452596867271228,0.6188781756963575,1.2042106443462184
4,_f_spread<=1.25 E _f_delta<=16 E _f_velocidade>=0.205388 E _f_ticks_s>=153.857,738,0.7452574525745257,0.6188781756963575,1.204207034342368
4,_f_velocidade<=-0.216667 E _f_aceleracao<=-0.552272 E _f_ticks_s>=72.5852 E _f_score<=77,526,0.7452471482889734,0.6188781756963575,1.2041903844006558
4,_f_spread>=1 E _f_saldo<=0 E _f_aceleracao>=-0.552272 E _f_ticks_s>=153.857,946,0.7452431289640592,0.6188781756963575,1.2041838898673665
4,_f_spread>=1 E _f_razao_fluxo>=1 E _f_aceleracao>=-0.552272 E _f_ticks_s>=153.857,946,0.7452431289640592,0.6188781756963575,1.2041838898673665
4,_f_spread<=1 E _f_saldo>=0 E _f_velocidade<=0 E _f_aceleracao>=0.543681,420,0.7452380952380953,0.6188781756963575,1.20417575623758
4,_f_spread<=1 E _f_razao_fluxo<=1 E _f_velocidade<=0 E _f_aceleracao>=0.543681,420,0.7452380952380953,0.6188781756963575,1.20417575623758
4,_f_spread>=1 E _f_saldo>=0 E _f_ticks_s>=153.857 E _f_score<=61,628,0.7452229299363057,0.6188781756963575,1.2041512517351027
4,_f_spread>=1 E _f_razao_fluxo<=1 E _f_ticks_s>=153.857 E _f_score<=61,628,0.7452229299363057,0.6188781756963575,1.2041512517351027
4,_f_spread>=1.25 E _f_delta<=0 E _f_ticks_s>=153.857 E _f_score<=77,365,0.7452054794520548,0.6188781756963575,1.2041230547733481
4,_f_spread<=1.25 E _f_delta>=16 E _f_velocidade<=0 E _f_ticks_s>=153.857,773,0.7451487710219923,0.6188781756963575,1.2040314237669731
3,_f_velocidade<=0 E _f_aceleracao>=0.543681 E _f_ticks_s>=153.857,1071,0.7450980392156863,0.6188781756963575,1.2039494499499954
3,_f_saldo<=-17 E _f_aceleracao>=0.543681 E _f_ticks_s>=153.857,867,0.7450980392156863,0.6188781756963575,1.2039494499499954
4,_f_delta<=16 E _f_saldo<=-17 E _f_aceleracao>=0.543681 E _f_ticks_s>=153.857,867,0.7450980392156863,0.6188781756963575,1.2039494499499954
4,_f_saldo<=-17 E _f_razao_fluxo>=0.741693 E _f_aceleracao>=0.543681 E _f_ticks_s>=153.857,867,0.7450980392156863,0.6188781756963575,1.2039494499499954
4,_f_saldo<=-17 E _f_razao_fluxo>=1 E _f_aceleracao>=0.543681 E _f_ticks_s>=153.857,867,0.7450980392156863,0.6188781756963575,1.2039494499499954
4,_f_delta<=0 E _f_saldo>=-17 E _f_ticks_s>=153.857 E _f_score<=47,255,0.7450980392156863,0.6188781756963575,1.2039494499499954
4,_f_razao_fluxo>=0.741693 E _f_velocidade<=-0.216667 E _f_ticks_s>=153.857 E _f_score<=47,153,0.7450980392156863,0.6188781756963575,1.2039494499499954
4,_f_delta<=-16 E _f_velocidade>=0 E _f_aceleracao<=0.543681 E _f_score>=77,102,0.7450980392156863,0.6188781756963575,1.2039494499499954
4,_f_saldo<=-17 E _f_velocidade>=0 E _f_ticks_s>=72.5852 E _f_score>=77,102,0.7450980392156863,0.6188781756963575,1.2039494499499954
4,_f_spread>=1.75 E _f_saldo<=-17 E _f_velocidade>=0.205388 E _f_score>=61,51,0.7450980392156863,0.6188781756963575,1.2039494499499954
4,_f_spread>=1 E _f_saldo>=-17 E _f_velocidade<=0 E _f_ticks_s>=153.857,761,0.7450722733245729,0.6188781756963575,1.2039078167302033
4,_f_saldo<=19 E _f_razao_fluxo>=0.741693 E _f_aceleracao>=0.543681 E _f_ticks_s>=153.857,1267,0.745067087608524,0.6188781756963575,1.2038994375107501
3,_f_spread>=1 E _f_ticks_s>=153.857 E _f_score<=77,2055,0.7450121654501216,0.6188781756963575,1.2038106928101626
4,_f_spread<=1.75 E _f_delta<=16 E _f_aceleracao>=0.543681 E _f_ticks_s>=153.857,1200,0.745,0.6188781756963575,1.2037910355486863
4,_f_delta>=0 E _f_saldo<=19 E _f_aceleracao>=0.543681 E _f_ticks_s>=153.857,200,0.745,0.6188781756963575,1.2037910355486863
4,_f_spread>=1.25 E _f_velocidade<=0 E _f_ticks_s>=153.857 E _f_score>=47,443,0.744920993227991,0.6188781756963575,1.203663374281717
4,_f_delta<=16 E _f_velocidade>=0.205388 E _f_ticks_s>=153.857 E _f_score<=61,490,0.7448979591836735,0.6188781756963575,1.2036261552534462
4,_f_spread>=1 E _f_saldo<=-17 E _f_velocidade>=0.205388 E _f_aceleracao>=0.543681,196,0.7448979591836735,0.6188781756963575,1.2036261552534462
4,_f_spread>=1.75 E _f_delta<=16 E _f_ticks_s>=153.857 E _f_score<=61,196,0.7448979591836735,0.6188781756963575,1.2036261552534462
4,_f_spread>=1.75 E _f_velocidade<=0.205388 E _f_aceleracao>=0.543681 E _f_ticks_s>=153.857,98,0.7448979591836735,0.6188781756963575,1.2036261552534462
3,_f_saldo<=19 E _f_aceleracao>=0.543681 E _f_ticks_s>=153.857,1270,0.7448818897637796,0.6188781756963575,1.203600189852621
4,_f_spread>=1.25 E _f_delta<=0 E _f_ticks_s>=153.857 E _f_score<=61,243,0.7448559670781894,0.6188781756963575,1.2035583032800963
4,_f_velocidade<=0 E _f_aceleracao>=0.543681 E _f_ticks_s>=153.857 E _f_score>=47,968,0.7448347107438017,0.6188781756963575,1.2035239567233387
4,_f_saldo>=-17 E _f_aceleracao>=-0.000831627 E _f_ticks_s>=153.857 E _f_score<=77,1105,0.7447963800904978,0.6188781756963575,1.2034620210228903
3,_f_aceleracao>=0.543681 E _f_ticks_s>=153.857 E _f_score<=77,1383,0.7447577729573391,0.6188781756963575,1.2033996385788572
4,_f_spread<=1 E _f_delta>=16 E _f_velocidade<=0 E _f_ticks_s>=153.857,713,0.7447405329593267,0.6188781756963575,1.2033717817264276
4,_f_saldo>=19 E _f_velocidade<=0 E _f_aceleracao<=-0.000831627 E _f_ticks_s>=153.857,427,0.7447306791569087,0.6188781756963575,1.2033558596874787
4,_f_saldo>=19 E _f_velocidade<=-0.216667 E _f_aceleracao<=-0.000831627 E _f_ticks_s>=42.0552,474,0.7447257383966245,0.6188781756963575,1.2033478762741376
4,_f_spread>=1 E _f_razao_fluxo<=1.33364 E _f_velocidade<=-0.216667 E _f_ticks_s>=153.857,897,0.7447045707915273,0.6188781756963575,1.2033136730885539
4,_f_delta<=0 E _f_aceleracao>=0.543681 E _f_ticks_s>=153.857 E _f_score>=47,991,0.7447023208879919,0.6188781756963575,1.2033100376339139
3,_f_delta<=0 E _f_aceleracao>=0.543681 E _f_ticks_s>=153.857,1081,0.7446808510638298,0.6188781756963575,1.203275346114637
4,_f_delta>=-16 E _f_velocidade<=0.205388 E _f_aceleracao>=-0.000831627 E _f_ticks_s>=153.857,1081,0.7446808510638298,0.6188781756963575,1.203275346114637
4,_f_delta<=0 E _f_saldo<=19 E _f_aceleracao>=0.543681 E _f_ticks_s>=153.857,1081,0.7446808510638298,0.6188781756963575,1.203275346114637
4,_f_delta<=0 E _f_razao_fluxo>=0.741693 E _f_aceleracao>=0.543681 E _f_ticks_s>=153.857,1081,0.7446808510638298,0.6188781756963575,1.203275346114637
4,_f_spread>=1.25 E _f_saldo<=19 E _f_razao_fluxo<=1.33364 E _f_ticks_s>=153.857,470,0.7446808510638298,0.6188781756963575,1.203275346114637
4,_f_razao_fluxo<=1.33364 E _f_aceleracao>=-0.552272 E _f_ticks_s>=153.857 E _f_score<=47,376,0.7446808510638298,0.6188781756963575,1.203275346114637
4,_f_delta>=16 E _f_aceleracao>=0.543681 E _f_ticks_s>=153.857 E _f_score<=77,329,0.7446808510638298,0.6188781756963575,1.203275346114637
4,_f_saldo<=-17 E _f_velocidade<=0.205388 E _f_aceleracao<=-0.000831627 E _f_score<=47,94,0.7446808510638298,0.6188781756963575,1.203275346114637
4,_f_delta<=-16 E _f_velocidade>=0.205388 E _f_aceleracao<=-0.552272 E _f_ticks_s<=72.5852,47,0.7446808510638298,0.6188781756963575,1.203275346114637
4,_f_razao_fluxo>=1.33364 E _f_velocidade<=-0.216667 E _f_aceleracao<=0.543681 E _f_score<=47,47,0.7446808510638298,0.6188781756963575,1.203275346114637
4,_f_saldo>=19 E _f_velocidade<=-0.216667 E _f_ticks_s>=72.5852 E _f_score<=77,701,0.7446504992867332,0.6188781756963575,1.2032263028969434
3,_f_delta<=16 E _f_aceleracao>=0.543681 E _f_ticks_s>=153.857,1257,0.7446300715990454,0.6188781756963575,1.2031932952898083
4,_f_spread>=1 E _f_saldo>=19 E _f_velocidade<=0 E _f_ticks_s>=153.857,419,0.7446300715990454,0.6188781756963575,1.2031932952898083
4,_f_delta>=16 E _f_saldo>=19 E _f_velocidade<=0.205388 E _f_ticks_s>=153.857,1210,0.7446280991735538,0.6188781756963575,1.2031901081916538
4,_f_delta>=16 E _f_velocidade<=-0.216667 E _f_aceleracao<=-0.552272 E _f_ticks_s>=42.0552,278,0.7446043165467626,0.6188781756963575,1.20315167958369
4,_f_spread>=1 E _f_delta<=-16 E _f_aceleracao>=-0.552272 E _f_ticks_s>=153.857,740,0.7445945945945946,0.6188781756963575,1.2031359705919213
4,_f_saldo<=19 E _f_velocidade>=0 E _f_aceleracao>=-0.000831627 E _f_ticks_s>=153.857,740,0.7445945945945946,0.6188781756963575,1.2031359705919213
4,_f_saldo>=19 E _f_velocidade<=-0.216667 E _f_ticks_s>=72.5852 E _f_score<=61,462,0.7445887445887446,0.6188781756963575,1.2031265179951425
4,_f_saldo<=0 E _f_aceleracao<=-0.552272 E _f_ticks_s>=153.857 E _f_score<=61,231,0.7445887445887446,0.6188781756963575,1.2031265179951425
4,_f_razao_fluxo>=1 E _f_aceleracao<=-0.552272 E _f_ticks_s>=153.857 E _f_score<=61,231,0.7445887445887446,0.6188781756963575,1.2031265179951425
4,_f_delta<=16 E _f_saldo>=19 E _f_velocidade>=0.205388 E _f_ticks_s>=72.5852,137,0.7445255474452555,0.6188781756963575,1.2030244023511096
4,_f_delta<=16 E _f_razao_fluxo<=1.33364 E _f_aceleracao>=-0.000831627 E _f_ticks_s>=153.857,1546,0.7445019404915912,0.6188781756963575,1.2029862576005088
4,_f_spread<=1.25 E _f_saldo>=19 E _f_razao_fluxo>=0.741693 E _f_aceleracao<=-0.552272,681,0.7444933920704846,0.6188781756963575,1.202972444831789
4,_f_saldo<=0 E _f_velocidade>=0.205388 E _f_aceleracao>=0.543681 E _f_ticks_s>=153.857,227,0.7444933920704846,0.6188781756963575,1.202972444831789
4,_f_razao_fluxo>=1 E _f_velocidade>=0.205388 E _f_aceleracao>=0.543681 E _f_ticks_s>=153.857,227,0.7444933920704846,0.6188781756963575,1.202972444831789
4,_f_spread<=1 E _f_delta>=16 E _f_velocidade<=0.205388 E _f_ticks_s>=153.857,1084,0.7444649446494465,0.6188781756963575,1.202926478723829
4,_f_spread>=1 E _f_razao_fluxo<=0.741693 E _f_velocidade<=-0.216667 E _f_ticks_s>=72.5852,270,0.7444444444444445,0.6188781756963575,1.2028933539412674
4,_f_saldo>=19 E _f_razao_fluxo>=0.741693 E _f_velocidade<=-0.216667 E _f_aceleracao<=-0.552272,180,0.7444444444444445,0.6188781756963575,1.2028933539412674
4,_f_spread>=1 E _f_velocidade>=0.205388 E _f_ticks_s>=153.857 E _f_score<=47,90,0.7444444444444445,0.6188781756963575,1.2028933539412674
4,_f_saldo<=19 E _f_velocidade<=0 E _f_aceleracao>=0.543681 E _f_ticks_s>=153.857,806,0.7444168734491315,0.6188781756963575,1.2028488039855643
4,_f_saldo<=-17 E _f_aceleracao>=0.543681 E _f_ticks_s>=153.857 E _f_score>=47,845,0.744378698224852,0.6188781756963575,1.2027871194315136
4,_f_saldo<=0 E _f_razao_fluxo<=1.33364 E _f_ticks_s>=153.857 E _f_score<=47,266,0.7443609022556391,0.6188781756963575,1.2027583642258661
4,_f_spread>=1.25 E _f_razao_fluxo>=0.741693 E _f_ticks_s>=153.857 E _f_score<=61,442,0.744343891402715,0.6188781756963575,1.2027308776322323
4,_f_saldo>=0 E _f_velocidade<=-0.216667 E _f_ticks_s>=153.857 E _f_score>=47,618,0.7443365695792881,0.6188781756963575,1.2027190468330309
4,_f_razao_fluxo<=1 E _f_velocidade<=-0.216667 E _f_ticks_s>=153.857 E _f_score>=47,618,0.7443365695792881,0.6188781756963575,1.2027190468330309
4,_f_delta<=16 E _f_velocidade<=0.205388 E _f_aceleracao>=0.543681 E _f_ticks_s>=153.857,970,0.7443298969072165,0.6188781756963575,1.2027082649500471
4,_f_spread<=1 E _f_saldo>=0 E _f_velocidade<=-0.216667 E _f_ticks_s>=153.857,528,0.7443181818181818,0.6188781756963575,1.2026893353941266
4,_f_spread<=1 E _f_razao_fluxo<=1 E _f_velocidade<=-0.216667 E _f_ticks_s>=153.857,528,0.7443181818181818,0.6188781756963575,1.2026893353941266
4,_f_saldo>=19 E _f_velocidade<=-0.216667 E _f_aceleracao>=0.543681 E _f_ticks_s>=153.857,176,0.7443181818181818,0.6188781756963575,1.2026893353941266
4,_f_spread>=1.25 E _f_saldo<=-17 E _f_ticks_s>=153.857 E _f_score<=77,219,0.7442922374429224,0.6188781756963575,1.2026474137748513
4,_f_delta>=-16 E _f_velocidade<=0 E _f_aceleracao>=0.543681 E _f_ticks_s>=153.857,481,0.7442827442827443,0.6188781756963575,1.2026320744713326
4,_f_saldo>=-17 E _f_velocidade<=0.205388 E _f_aceleracao>=-0.000831627 E _f_ticks_s>=153.857,1087,0.7442502299908004,0.6188781756963575,1.2025795370039913
4,_f_delta>=16 E _f_velocidade<=0 E _f_ticks_s>=153.857 E _f_score>=47,825,0.7442424242424243,0.6188781756963575,1.2025669242658423
4,_f_spread>=1.25 E _f_razao_fluxo<=1.33364 E _f_velocidade<=0.205388 E _f_ticks_s>=153.857,520,0.7442307692307693,0.6188781756963575,1.202548091784568
4,_f_saldo<=-17 E _f_aceleracao>=-0.552272 E _f_ticks_s>=153.857 E _f_score<=61,520,0.7442307692307693,0.6188781756963575,1.202548091784568
4,_f_spread<=1 E _f_delta>=16 E _f_velocidade<=0 E _f_aceleracao<=-0.552272,301,0.7441860465116279,0.6188781756963575,1.2024758276122354
4,_f_delta<=0 E _f_aceleracao>=-0.000831627 E _f_ticks_s>=153.857 E _f_score<=47,172,0.7441860465116279,0.6188781756963575,1.2024758276122354
4,_f_spread>=1.25 E _f_delta<=-16 E _f_velocidade>=0 E _f_score>=77,43,0.7441860465116279,0.6188781756963575,1.2024758276122354
4,_f_delta>=16 E _f_velocidade<=0.205388 E _f_ticks_s>=153.857 E _f_score<=77,1028,0.7441634241245136,0.6188781756963575,1.2024392737507443
4,_f_delta>=16 E _f_velocidade<=0 E _f_ticks_s>=153.857 E _f_score<=77,770,0.7441558441558441,0.6188781756963575,1.2024270258335172
4,_f_delta>=16 E _f_razao_fluxo>=0.741693 E _f_velocidade<=-0.216667 E _f_aceleracao<=-0.000831627,254,0.7440944881889764,0.6188781756963575,1.2023278852121846
4,_f_delta>=16 E _f_velocidade<=0.205388 E _f_aceleracao<=0.543681 E _f_ticks_s>=153.857,887,0.7440811724915445,0.6188781756963575,1.2023063693501705
4,_f_spread<=1.75 E _f_aceleracao>=0.543681 E _f_ticks_s>=153.857 E _f_score<=77,1309,0.7440794499618029,0.6188781756963575,1.2023035860402893
3,_f_spread>=1.25 E _f_ticks_s>=153.857 E _f_score<=61,504,0.7440476190476191,0.6188781756963575,1.2022521527931112
4,_f_saldo>=19 E _f_velocidade<=0.205388 E _f_aceleracao>=-0.552272 E _f_ticks_s>=153.857,836,0.7440191387559809,0.6188781756963575,1.2022061335719516
4,_f_spread>=1.25 E _f_delta<=16 E _f_ticks_s>=153.857 E _f_score<=77,500,0.744,0.6188781756963575,1.2021752086553323
4,_f_saldo>=19 E _f_razao_fluxo>=0.741693 E _f_velocidade<=0.205388 E _f_score>=77,250,0.744,0.6188781756963575,1.2021752086553323
4,_f_saldo<=0 E _f_velocidade>=0.205388 E _f_aceleracao>=-0.552272 E _f_score>=77,125,0.744,0.6188781756963575,1.2021752086553323
4,_f_razao_fluxo>=1 E _f_velocidade>=0.205388 E _f_aceleracao>=-0.552272 E _f_score>=77,125,0.744,0.6188781756963575,1.2021752086553323
4,_f_delta>=0 E _f_velocidade<=-0.216667 E _f_aceleracao>=-0.552272 E _f_ticks_s>=153.857,457,0.7439824945295405,0.6188781756963575,1.202146922845383
3,_f_spread>=1.25 E _f_saldo<=-17 E _f_ticks_s>=153.857,332,0.7439759036144579,0.6188781756963575,1.2021362730675407
4,_f_spread>=1.25 E _f_delta<=16 E _f_saldo<=-17 E _f_ticks_s>=153.857,332,0.7439759036144579,0.6188781756963575,1.2021362730675407
4,_f_spread>=1.25 E _f_saldo<=-17 E _f_razao_fluxo>=0.741693 E _f_ticks_s>=153.857,332,0.7439759036144579,0.6188781756963575,1.2021362730675407
4,_f_spread>=1.25 E _f_saldo<=-17 E _f_razao_fluxo>=1 E _f_ticks_s>=153.857,332,0.7439759036144579,0.6188781756963575,1.2021362730675407
4,_f_spread>=1 E _f_delta>=-16 E _f_velocidade<=-0.216667 E _f_ticks_s>=153.857,496,0.7439516129032258,0.6188781756963575,1.2020970234830732
4,_f_velocidade<=0.205388 E _f_aceleracao>=-0.552272 E _f_ticks_s>=153.857 E _f_score<=47,328,0.7439024390243902,0.6188781756963575,1.2020175670072002
4,_f_spread>=1 E _f_aceleracao<=-0.000831627 E _f_ticks_s>=153.857 E _f_score<=47,164,0.7439024390243902,0.6188781756963575,1.2020175670072002
4,_f_spread<=1 E _f_saldo>=0 E _f_aceleracao>=0.543681 E _f_score<=47,82,0.7439024390243902,0.6188781756963575,1.2020175670072002
4,_f_spread<=1 E _f_razao_fluxo<=1 E _f_aceleracao>=0.543681 E _f_score<=47,82,0.7439024390243902,0.6188781756963575,1.2020175670072002
4,_f_spread>=1.75 E _f_delta<=0 E _f_velocidade>=0 E _f_ticks_s>=153.857,82,0.7439024390243902,0.6188781756963575,1.2020175670072002
4,_f_spread>=1.75 E _f_velocidade<=0 E _f_aceleracao>=0.543681 E _f_ticks_s>=153.857,82,0.7439024390243902,0.6188781756963575,1.2020175670072002
4,_f_delta>=-16 E _f_aceleracao>=-0.000831627 E _f_ticks_s>=153.857 E _f_score<=77,1105,0.7438914027149321,0.6188781756963575,1.2019997342415745
3,_f_saldo<=0 E _f_ticks_s>=153.857 E _f_score<=47,285,0.743859649122807,0.6188781756963575,1.201948425933458
3,_f_razao_fluxo>=1 E _f_ticks_s>=153.857 E _f_score<=47,285,0.743859649122807,0.6188781756963575,1.201948425933458
4,_f_saldo<=0 E _f_razao_fluxo>=0.741693 E _f_ticks_s>=153.857 E _f_score<=47,285,0.743859649122807,0.6188781756963575,1.201948425933458
4,_f_saldo<=0 E _f_razao_fluxo>=1 E _f_ticks_s>=153.857 E _f_score<=47,285,0.743859649122807,0.6188781756963575,1.201948425933458
4,_f_saldo<=19 E _f_razao_fluxo>=1 E _f_ticks_s>=153.857 E _f_score<=47,285,0.743859649122807,0.6188781756963575,1.201948425933458
4,_f_delta<=16 E _f_saldo>=-17 E _f_aceleracao>=0.543681 E _f_ticks_s>=153.857,402,0.7437810945273632,0.6188781756963575,1.2018214953055435
4,_f_spread<=1.75 E _f_delta>=0 E _f_velocidade<=-0.216667 E _f_ticks_s>=153.857,640,0.74375,0.6188781756963575,1.2017712519319939
4,_f_spread>=1 E _f_delta>=-16 E _f_velocidade<=0 E _f_ticks_s>=153.857,757,0.7437252311756936,0.6188781756963575,1.2017312297995628
4,_f_saldo<=-17 E _f_velocidade<=0.205388 E _f_ticks_s>=153.857 E _f_score<=61,398,0.7437185929648241,0.6188781756963575,1.2017205035999161
4,_f_delta>=16 E _f_velocidade<=-0.216667 E _f_ticks_s>=72.5852 E _f_score<=77,675,0.7437037037037038,0.6188781756963575,1.2016964451313756
4,_f_spread<=1 E _f_saldo>=19 E _f_velocidade<=-0.216667 E _f_ticks_s>=72.5852,476,0.7436974789915967,0.6188781756963575,1.2016863870741497
3,_f_aceleracao>=-0.552272 E _f_ticks_s>=153.857 E _f_score<=47,394,0.7436548223350253,0.6188781756963575,1.201617461301281
4,_f_saldo>=0 E _f_velocidade<=-0.216667 E _f_aceleracao>=0.543681 E _f_ticks_s>=153.857,234,0.7435897435897436,0.6188781756963575,1.2015123053144692
4,_f_razao_fluxo<=1 E _f_velocidade<=-0.216667 E _f_aceleracao>=0.543681 E _f_ticks_s>=153.857,234,0.7435897435897436,0.6188781756963575,1.2015123053144692
4,_f_spread<=1.25 E _f_saldo<=-17 E _f_aceleracao<=-0.000831627 E _f_score<=47,39,0.7435897435897436,0.6188781756963575,1.2015123053144692
4,_f_spread>=1.75 E _f_saldo>=19 E _f_razao_fluxo>=0.741693 E _f_score>=77,39,0.7435897435897436,0.6188781756963575,1.2015123053144692
4,_f_spread>=1.75 E _f_razao_fluxo<=0.741693 E _f_velocidade<=0.205388 E _f_ticks_s>=153.857,39,0.7435897435897436,0.6188781756963575,1.2015123053144692
4,_f_spread>=1 E _f_saldo>=-17 E _f_velocidade<=-0.216667 E _f_ticks_s>=153.857,503,0.7435387673956262,0.6188781756963575,1.2014299366090935
4,_f_spread>=1.25 E _f_saldo<=0 E _f_aceleracao>=-0.552272 E _f_ticks_s>=153.857,308,0.7435064935064936,0.6188781756963575,1.2013777875910798
4,_f_spread>=1.25 E _f_razao_fluxo>=1 E _f_aceleracao>=-0.552272 E _f_ticks_s>=153.857,308,0.7435064935064936,0.6188781756963575,1.2013777875910798
4,_f_spread<=1.75 E _f_delta<=0 E _f_aceleracao>=0.543681 E _f_ticks_s>=153.857,1033,0.7434656340755083,0.6188781756963575,1.2013117658236465
4,_f_spread>=1.75 E _f_delta>=-16 E _f_velocidade<=0.205388 E _f_ticks_s>=153.857,191,0.743455497382199,0.6188781756963575,1.2012953866819878
4,_f_saldo>=0 E _f_velocidade<=-0.216667 E _f_aceleracao<=-0.000831627 E _f_ticks_s>=153.857,343,0.7434402332361516,0.6188781756963575,1.2012707224643004
4,_f_razao_fluxo<=1 E _f_velocidade<=-0.216667 E _f_aceleracao<=-0.000831627 E _f_ticks_s>=153.857,343,0.7434402332361516,0.6188781756963575,1.2012707224643004
4,_f_spread<=1.75 E _f_saldo<=-17 E _f_aceleracao>=0.543681 E _f_ticks_s>=153.857,838,0.7434367541766109,0.6188781756963575,1.2012651009063309
4,_f_delta>=16 E _f_velocidade<=-0.216667 E _f_aceleracao<=-0.000831627 E _f_score<=61,304,0.743421052631579,0.6188781756963575,1.2012397299276012
4,_f_razao_fluxo<=1.33364 E _f_aceleracao>=0.543681 E _f_ticks_s>=153.857 E _f_score<=47,152,0.743421052631579,0.6188781756963575,1.2012397299276012
4,_f_saldo<=0 E _f_razao_fluxo<=1.33364 E _f_aceleracao>=0.543681 E _f_ticks_s>=153.857,795,0.7433962264150943,0.6188781756963575,1.201199615059345
4,_f_spread<=1.75 E _f_saldo>=0 E _f_velocidade<=-0.216667 E _f_ticks_s>=153.857,643,0.7433903576982893,0.6188781756963575,1.201190132228902
4,_f_spread<=1.75 E _f_razao_fluxo<=1 E _f_velocidade<=-0.216667 E _f_ticks_s>=153.857,643,0.7433903576982893,0.6188781756963575,1.201190132228902
4,_f_saldo>=19 E _f_velocidade<=0.205388 E _f_aceleracao<=-0.000831627 E _f_ticks_s>=153.857,643,0.7433903576982893,0.6188781756963575,1.201190132228902
4,_f_spread<=1 E _f_aceleracao>=0.543681 E _f_ticks_s>=153.857 E _f_score<=77,1095,0.7433789954337899,0.6188781756963575,1.2011717727763545
4,_f_saldo>=0 E _f_velocidade<=0 E _f_aceleracao>=-0.552272 E _f_ticks_s>=153.857,787,0.7433290978398983,0.6188781756963575,1.2010911469022307
4,_f_razao_fluxo<=1 E _f_velocidade<=0 E _f_aceleracao>=-0.552272 E _f_ticks_s>=153.857,787,0.7433290978398983,0.6188781756963575,1.2010911469022307
4,_f_saldo<=19 E _f_velocidade<=0.205388 E _f_aceleracao>=0.543681 E _f_ticks_s>=153.857,974,0.7433264887063655,0.6188781756963575,1.2010869309941001
4,_f_spread>=1.25 E _f_saldo>=-17 E _f_ticks_s>=153.857 E _f_score<=47,187,0.7433155080213903,0.6188781756963575,1.2010691881080098
4,_f_spread<=1.25 E _f_velocidade<=-0.216667 E _f_aceleracao<=-0.552272 E _f_score<=61,187,0.7433155080213903,0.6188781756963575,1.2010691881080098
4,_f_saldo<=-17 E _f_aceleracao>=0.543681 E _f_ticks_s>=153.857 E _f_score<=77,709,0.7433004231311706,0.6188781756963575,1.2010448135367096
4,_f_velocidade<=-0.216667 E _f_aceleracao<=0.543681 E _f_ticks_s>=153.857 E _f_score<=77,709,0.7433004231311706,0.6188781756963575,1.2010448135367096
4,_f_delta>=0 E _f_velocidade<=-0.216667 E _f_aceleracao<=-0.000831627 E _f_ticks_s>=153.857,335,0.7432835820895523,0.6188781756963575,1.2010176013287504
4,_f_saldo>=-17 E _f_velocidade<=0 E _f_aceleracao>=0.543681 E _f_ticks_s>=153.857,483,0.7432712215320911,0.6188781756963575,1.2009976288075879
4,_f_saldo>=0 E _f_velocidade<=0.205388 E _f_aceleracao>=-0.552272 E _f_ticks_s>=153.857,1149,0.7432550043516101,0.6188781756963575,1.2009714246512322
4,_f_razao_fluxo<=1 E _f_velocidade<=0.205388 E _f_aceleracao>=-0.552272 E _f_ticks_s>=153.857,1149,0.7432550043516101,0.6188781756963575,1.2009714246512322
4,_f_spread<=1.25 E _f_saldo<=0 E _f_aceleracao>=0.543681 E _f_ticks_s>=153.857,962,0.7432432432432432,0.6188781756963575,1.2009524207360374
4,_f_spread<=1.25 E _f_razao_fluxo>=1 E _f_aceleracao>=0.543681 E _f_ticks_s>=153.857,962,0.7432432432432432,0.6188781756963575,1.2009524207360374
4,_f_saldo<=19 E _f_aceleracao>=0.543681 E _f_ticks_s>=153.857 E _f_score<=77,1067,0.7432052483598875,0.6188781756963575,1.2008910275817015
4,_f_saldo<=0 E _f_velocidade>=0 E _f_ticks_s>=153.857 E _f_score<=61,623,0.7431781701444623,0.6188781756963575,1.2008472738729934
4,_f_razao_fluxo>=1 E _f_velocidade>=0 E _f_ticks_s>=153.857 E _f_score<=61,623,0.7431781701444623,0.6188781756963575,1.2008472738729934
4,_f_saldo<=-17 E _f_aceleracao<=0.543681 E _f_ticks_s>=42.0552 E _f_score<=47,183,0.7431693989071039,0.6188781756963575,1.2008331010717817
4,_f_spread<=1.75 E _f_velocidade<=0 E _f_aceleracao>=0.543681 E _f_ticks_s>=153.857,1024,0.7431640625,0.6188781756963575,1.2008244783616693
4,_f_velocidade<=-0.216667 E _f_aceleracao>=-0.000831627 E _f_ticks_s>=153.857 E _f_score>=77,292,0.7431506849315068,0.6188781756963575,1.2008028625267304
4,_f_delta<=16 E _f_saldo<=19 E _f_aceleracao>=0.543681 E _f_ticks_s>=153.857,1238,0.7431340872374798,0.6188781756963575,1.2007760435263537
4,_f_saldo>=0 E _f_velocidade<=0 E _f_ticks_s>=153.857 E _f_score<=77,1055,0.7431279620853081,0.6188781756963575,1.2007661463407489
4,_f_razao_fluxo<=1 E _f_velocidade<=0 E _f_ticks_s>=153.857 E _f_score<=77,1055,0.7431279620853081,0.6188781756963575,1.2007661463407489
4,_f_spread<=1 E _f_velocidade<=0 E _f_aceleracao>=0.543681 E _f_ticks_s>=153.857,872,0.7431192660550459,0.6188781756963575,1.2007520950611856
4,_f_razao_fluxo<=1.33364 E _f_aceleracao>=-0.000831627 E _f_ticks_s>=153.857 E _f_score<=77,1814,0.743109151047409,0.6188781756963575,1.2007357509598198
4,_f_spread>=1 E _f_saldo>=19 E _f_ticks_s>=153.857 E _f_score<=77,798,0.7431077694235589,0.6188781756963575,1.2007335184948462
4,_f_delta<=16 E _f_velocidade>=0 E _f_aceleracao>=0.543681 E _f_ticks_s>=153.857,471,0.7430997876857749,0.6188781756963575,1.200720621388279
4,_f_delta>=-16 E _f_aceleracao>=-0.552272 E _f_ticks_s>=153.857 E _f_score<=47,362,0.7430939226519337,0.6188781756963575,1.200711144508868
4,_f_delta<=16 E _f_saldo>=0 E _f_ticks_s>=153.857 E _f_score<=77,615,0.7430894308943089,0.6188781756963575,1.2007038866060995
4,_f_delta<=16 E _f_razao_fluxo<=1 E _f_ticks_s>=153.857 E _f_score<=77,615,0.7430894308943089,0.6188781756963575,1.2007038866060995
4,_f_spread>=1 E _f_delta>=0 E _f_ticks_s>=153.857 E _f_score<=77,1082,0.7430683918669131,0.6188781756963575,1.2006698911798233
4,_f_delta>=16 E _f_velocidade<=0 E _f_aceleracao>=-0.552272 E _f_ticks_s>=153.857,576,0.7430555555555556,0.6188781756963575,1.2006491499227203
4,_f_saldo>=0 E _f_velocidade<=0 E _f_ticks_s>=153.857 E _f_score<=61,712,0.7429775280898876,0.6188781756963575,1.2005230710452737
4,_f_razao_fluxo<=1 E _f_velocidade<=0 E _f_ticks_s>=153.857 E _f_score<=61,712,0.7429775280898876,0.6188781756963575,1.2005230710452737
4,_f_spread<=1.25 E _f_saldo<=-17 E _f_ticks_s>=153.857 E _f_score<=61,568,0.7429577464788732,0.6188781756963575,1.2004911073862028
4,_f_delta<=0 E _f_aceleracao>=0.543681 E _f_ticks_s>=153.857 E _f_score<=77,910,0.7428571428571429,0.6188781756963575,1.2003285493486422
4,_f_spread<=1 E _f_delta<=-16 E _f_aceleracao>=0.543681 E _f_ticks_s>=153.857,735,0.7428571428571429,0.6188781756963575,1.2003285493486422
4,_f_spread<=1 E _f_velocidade<=-0.216667 E _f_aceleracao<=-0.552272 E _f_score<=77,280,0.7428571428571429,0.6188781756963575,1.2003285493486422
4,_f_velocidade>=0 E _f_aceleracao<=-0.552272 E _f_ticks_s>=72.5852 E _f_score>=77,280,0.7428571428571429,0.6188781756963575,1.2003285493486422
4,_f_delta<=-16 E _f_velocidade>=0.205388 E _f_aceleracao>=0.543681 E _f_ticks_s>=153.857,175,0.7428571428571429,0.6188781756963575,1.2003285493486422
4,_f_razao_fluxo>=0.741693 E _f_velocidade>=0.205388 E _f_ticks_s>=153.857 E _f_score<=47,140,0.7428571428571429,0.6188781756963575,1.2003285493486422
4,_f_spread>=1.75 E _f_delta>=-16 E _f_saldo<=0 E _f_ticks_s>=153.857,105,0.7428571428571429,0.6188781756963575,1.2003285493486422
4,_f_spread>=1.75 E _f_delta>=-16 E _f_razao_fluxo>=1 E _f_ticks_s>=153.857,105,0.7428571428571429,0.6188781756963575,1.2003285493486422
4,_f_razao_fluxo<=0.741693 E _f_aceleracao>=-0.000831627 E _f_ticks_s>=153.857 E _f_score<=77,105,0.7428571428571429,0.6188781756963575,1.2003285493486422
4,_f_razao_fluxo>=1.33364 E _f_velocidade>=-0.216667 E _f_ticks_s>=153.857 E _f_score<=61,105,0.7428571428571429,0.6188781756963575,1.2003285493486422
4,_f_spread>=1 E _f_delta<=-16 E _f_saldo>=-17 E _f_ticks_s>=153.857,35,0.7428571428571429,0.6188781756963575,1.2003285493486422
4,_f_delta<=-16 E _f_velocidade>=0 E _f_ticks_s<=72.5852 E _f_score>=77,35,0.7428571428571429,0.6188781756963575,1.2003285493486422
4,_f_delta<=0 E _f_saldo>=0 E _f_ticks_s>=42.0552 E _f_score>=77,35,0.7428571428571429,0.6188781756963575,1.2003285493486422
4,_f_delta<=0 E _f_razao_fluxo<=1 E _f_ticks_s>=42.0552 E _f_score>=77,35,0.7428571428571429,0.6188781756963575,1.2003285493486422
4,_f_razao_fluxo>=1.33364 E _f_velocidade>=0.205388 E _f_aceleracao<=-0.000831627 E _f_ticks_s>=153.857,35,0.7428571428571429,0.6188781756963575,1.2003285493486422
4,_f_spread>=1 E _f_delta>=16 E _f_velocidade<=0 E _f_ticks_s>=153.857,416,0.7427884615384616,0.6188781756963575,1.2002175722268458
4,_f_spread>=1.25 E _f_delta<=16 E _f_razao_fluxo>=0.741693 E _f_ticks_s>=153.857,622,0.7427652733118971,0.6188781756963575,1.200180104066754
4,_f_velocidade<=-0.216667 E _f_aceleracao<=-0.000831627 E _f_ticks_s>=153.857 E _f_score<=77,447,0.7427293064876958,0.6188781756963575,1.2001219879049407
4,_f_spread<=1.25 E _f_delta>=16 E _f_velocidade<=0.205388 E _f_ticks_s>=153.857,1166,0.7427101200686106,0.6188781756963575,1.2000909859729958
4,_f_delta<=16 E _f_aceleracao>=0.543681 E _f_ticks_s>=153.857 E _f_score>=61,754,0.7427055702917772,0.6188781756963575,1.2000836343212296
4,_f_delta>=0 E _f_velocidade<=0.205388 E _f_aceleracao>=0.543681 E _f_ticks_s>=153.857,513,0.7426900584795322,0.6188781756963575,1.2000585699178394
4,_f_spread>=1 E _f_aceleracao<=0.543681 E _f_ticks_s>=153.857 E _f_score<=61,750,0.7426666666666667,0.6188781756963575,1.2000207727975272
4,_f_delta<=-16 E _f_razao_fluxo>=1.33364 E _f_aceleracao>=0.543681 E _f_ticks_s>=153.857,272,0.7426470588235294,0.6188781756963575,1.1999890899172652
4,_f_velocidade<=0.205388 E _f_aceleracao>=0.543681 E _f_ticks_s>=153.857 E _f_score<=77,1084,0.742619926199262,0.6188781756963575,1.1999452482932866
4,_f_spread>=1.25 E _f_velocidade<=0 E _f_aceleracao<=0.543681 E _f_ticks_s>=153.857,338,0.742603550295858,0.6188781756963575,1.1999187876681636
4,_f_spread>=1.25 E _f_delta<=-16 E _f_velocidade>=0.205388 E _f_score<=47,101,0.7425742574257426,0.6188781756963575,1.1998714554608474
4,_f_spread<=1.25 E _f_razao_fluxo<=0.741693 E _f_ticks_s>=153.857 E _f_score<=61,101,0.7425742574257426,0.6188781756963575,1.1998714554608474
4,_f_saldo<=-17 E _f_velocidade>=0 E _f_aceleracao<=0.543681 E _f_score>=77,101,0.7425742574257426,0.6188781756963575,1.1998714554608474
4,_f_delta>=16 E _f_saldo>=0 E _f_velocidade<=0.205388 E _f_ticks_s>=153.857,1274,0.7425431711145997,0.6188781756963575,1.1998212253632876
4,_f_delta>=16 E _f_razao_fluxo<=1 E _f_velocidade<=0.205388 E _f_ticks_s>=153.857,1274,0.7425431711145997,0.6188781756963575,1.1998212253632876
4,_f_delta>=0 E _f_razao_fluxo>=0.741693 E _f_velocidade<=0.205388 E _f_ticks_s>=153.857,1402,0.7425106990014265,0.6188781756963575,1.1997687560495385
4,_f_spread>=1.25 E _f_delta<=16 E _f_velocidade<=0 E _f_ticks_s>=153.857,400,0.7425,0.6188781756963575,1.1997514683153014
4,_f_spread>=1.25 E _f_delta<=16 E _f_velocidade<=0.205388 E _f_ticks_s>=153.857,466,0.7424892703862661,0.6188781756963575,1.199734131116875
4,_f_razao_fluxo<=1.33364 E _f_velocidade<=-0.216667 E _f_aceleracao>=-0.000831627 E _f_ticks_s>=153.857,897,0.7424749163879598,0.6188781756963575,1.1997109375403845
4,_f_delta<=16 E _f_saldo>=0 E _f_razao_fluxo>=0.741693 E _f_ticks_s>=153.857,664,0.7424698795180723,0.6188781756963575,1.199702798830562
3,_f_saldo>=0 E _f_velocidade<=0 E _f_ticks_s>=153.857,1161,0.7424633936261843,0.6188781756963575,1.1996923187520219
3,_f_razao_fluxo<=1 E _f_velocidade<=0 E _f_ticks_s>=153.857,1161,0.7424633936261843,0.6188781756963575,1.1996923187520219
4,_f_delta>=-16 E _f_saldo>=0 E _f_velocidade<=0 E _f_ticks_s>=153.857,1161,0.7424633936261843,0.6188781756963575,1.1996923187520219
4,_f_delta>=-16 E _f_razao_fluxo<=1 E _f_velocidade<=0 E _f_ticks_s>=153.857,1161,0.7424633936261843,0.6188781756963575,1.1996923187520219
4,_f_saldo>=-17 E _f_razao_fluxo<=1 E _f_velocidade<=0 E _f_ticks_s>=153.857,1161,0.7424633936261843,0.6188781756963575,1.1996923187520219
4,_f_saldo>=0 E _f_razao_fluxo<=1 E _f_velocidade<=0 E _f_ticks_s>=153.857,1161,0.7424633936261843,0.6188781756963575,1.1996923187520219
4,_f_saldo>=0 E _f_razao_fluxo<=1.33364 E _f_velocidade<=0 E _f_ticks_s>=153.857,1161,0.7424633936261843,0.6188781756963575,1.1996923187520219
4,_f_spread>=1.75 E _f_delta<=0 E _f_velocidade>=-0.216667 E _f_ticks_s>=153.857,132,0.7424242424242424,0.6188781756963575,1.199629057187017
4,_f_delta>=-16 E _f_velocidade>=0.205388 E _f_ticks_s>=153.857 E _f_score<=47,132,0.7424242424242424,0.6188781756963575,1.199629057187017
4,_f_spread>=1.25 E _f_delta<=-16 E _f_razao_fluxo<=1.33364 E _f_score<=47,66,0.7424242424242424,0.6188781756963575,1.199629057187017
4,_f_delta<=0 E _f_saldo>=0 E _f_velocidade>=-0.216667 E _f_ticks_s>=153.857,66,0.7424242424242424,0.6188781756963575,1.199629057187017
4,_f_delta<=0 E _f_razao_fluxo<=1 E _f_velocidade>=-0.216667 E _f_ticks_s>=153.857,66,0.7424242424242424,0.6188781756963575,1.199629057187017
4,_f_saldo<=-17 E _f_velocidade<=0 E _f_ticks_s>=72.5852 E _f_score<=47,66,0.7424242424242424,0.6188781756963575,1.199629057187017
4,_f_saldo>=0 E _f_razao_fluxo>=1 E _f_aceleracao<=-0.552272 E _f_score<=47,66,0.7424242424242424,0.6188781756963575,1.199629057187017
4,_f_saldo<=0 E _f_razao_fluxo<=1 E _f_aceleracao<=-0.552272 E _f_score<=47,66,0.7424242424242424,0.6188781756963575,1.199629057187017
4,_f_saldo>=19 E _f_velocidade<=-0.216667 E _f_aceleracao<=-0.000831627 E _f_score<=47,66,0.7424242424242424,0.6188781756963575,1.199629057187017
4,_f_razao_fluxo>=1.33364 E _f_velocidade<=0 E _f_ticks_s>=153.857 E _f_score<=61,66,0.7424242424242424,0.6188781756963575,1.199629057187017
4,_f_velocidade>=0.205388 E _f_aceleracao>=-0.552272 E _f_ticks_s>=153.857 E _f_score<=47,66,0.7424242424242424,0.6188781756963575,1.199629057187017
4,_f_delta<=16 E _f_saldo>=0 E _f_velocidade>=0 E _f_ticks_s>=153.857,361,0.7423822714681441,0.6188781756963575,1.1995612393874135
4,_f_delta<=16 E _f_razao_fluxo<=1 E _f_velocidade>=0 E _f_ticks_s>=153.857,361,0.7423822714681441,0.6188781756963575,1.1995612393874135
4,_f_spread<=1 E _f_saldo>=19 E _f_aceleracao<=-0.552272 E _f_score<=77,749,0.7423230974632844,0.6188781756963575,1.1994656244389739
4,_f_delta>=-16 E _f_aceleracao>=0.543681 E _f_ticks_s>=153.857 E _f_score<=77,683,0.7423133235724744,0.6188781756963575,1.1994498315233502
4,_f_spread<=1.75 E _f_delta>=16 E _f_velocidade<=0.205388 E _f_ticks_s>=153.857,1234,0.7423014586709886,0.6188781756963575,1.1994306598964426
4,_f_velocidade<=0.205388 E _f_aceleracao>=0.543681 E _f_ticks_s>=153.857 E _f_score>=47,1230,0.7422764227642277,0.6188781756963575,1.1993902062049988
4,_f_spread>=1 E _f_velocidade>=0 E _f_aceleracao<=-0.000831627 E _f_ticks_s>=153.857,776,0.7422680412371134,0.6188781756963575,1.1993766631080802
4,_f_spread>=1.25 E _f_saldo>=-17 E _f_ticks_s>=153.857 E _f_score<=61,388,0.7422680412371134,0.6188781756963575,1.1993766631080802
4,_f_delta>=-16 E _f_saldo<=0 E _f_aceleracao<=-0.552272 E _f_ticks_s>=153.857,194,0.7422680412371134,0.6188781756963575,1.1993766631080802
4,_f_delta>=-16 E _f_razao_fluxo>=1 E _f_aceleracao<=-0.552272 E _f_ticks_s>=153.857,194,0.7422680412371134,0.6188781756963575,1.1993766631080802
4,_f_delta<=0 E _f_velocidade<=0 E _f_aceleracao>=0.543681 E _f_ticks_s>=153.857,710,0.7422535211267606,0.6188781756963575,1.1993532011232775
4,_f_delta<=0 E _f_velocidade>=0 E _f_ticks_s>=153.857 E _f_score<=61,644,0.7422360248447205,0.6188781756963575,1.1993249301602236
4,_f_spread>=1 E _f_delta<=-16 E _f_velocidade>=0.205388 E _f_score>=61,225,0.7422222222222222,0.6188781756963575,1.199302627511592
4,_f_spread>=1.75 E _f_delta>=0 E _f_ticks_s>=153.857 E _f_score<=61,128,0.7421875,0.6188781756963575,1.1992465224111284
4,_f_delta>=-16 E _f_saldo<=19 E _f_aceleracao>=-0.000831627 E _f_ticks_s>=153.857,671,0.7421758569299552,0.6188781756963575,1.1992277092254289
4,_f_saldo>=19 E _f_razao_fluxo>=0.741693 E _f_ticks_s>=153.857 E _f_score<=77,1179,0.7421543681085666,0.6188781756963575,1.1991929870099225
4,_f_spread<=1 E _f_saldo<=-17 E _f_aceleracao>=0.543681 E _f_ticks_s>=153.857,729,0.7421124828532236,0.6188781756963575,1.1991253076879043
4,_f_delta<=0 E _f_velocidade>=-0.216667 E _f_ticks_s>=153.857 E _f_score<=47,221,0.7420814479638009,0.6188781756963575,1.199075160678943
4,_f_delta<=16 E _f_saldo>=0 E _f_ticks_s>=153.857 E _f_score>=47,473,0.7420718816067653,0.6188781756963575,1.1990597031019734
4,_f_delta<=16 E _f_razao_fluxo<=1 E _f_ticks_s>=153.857 E _f_score>=47,473,0.7420718816067653,0.6188781756963575,1.1990597031019734
4,_f_delta>=0 E _f_velocidade<=0.205388 E _f_ticks_s>=153.857 E _f_score<=77,1415,0.7420494699646644,0.6188781756963575,1.1990234897679424
4,_f_saldo<=0 E _f_aceleracao>=0.543681 E _f_ticks_s>=153.857 E _f_score>=61,686,0.7419825072886297,0.6188781756963575,1.1989152896751547
4,_f_razao_fluxo>=1 E _f_aceleracao>=0.543681 E _f_ticks_s>=153.857 E _f_score>=61,686,0.7419825072886297,0.6188781756963575,1.1989152896751547
3,_f_delta>=16 E _f_velocidade<=0.205388 E _f_ticks_s>=153.857,1275,0.7419607843137255,0.6188781756963575,1.1988801891081007
4,_f_delta>=16 E _f_saldo>=-17 E _f_velocidade<=0.205388 E _f_ticks_s>=153.857,1275,0.7419607843137255,0.6188781756963575,1.1988801891081007
4,_f_delta>=16 E _f_razao_fluxo<=1.33364 E _f_velocidade<=0.205388 E _f_ticks_s>=153.857,1275,0.7419607843137255,0.6188781756963575,1.1988801891081007
3,_f_saldo>=0 E _f_velocidade<=0.205388 E _f_ticks_s>=153.857,1709,0.7419543592744295,0.6188781756963575,1.1988698073568156
3,_f_razao_fluxo<=1 E _f_velocidade<=0.205388 E _f_ticks_s>=153.857,1709,0.7419543592744295,0.6188781756963575,1.1988698073568156
4,_f_delta>=-16 E _f_saldo>=0 E _f_velocidade<=0.205388 E _f_ticks_s>=153.857,1709,0.7419543592744295,0.6188781756963575,1.1988698073568156
4,_f_delta>=-16 E _f_razao_fluxo<=1 E _f_velocidade<=0.205388 E _f_ticks_s>=153.857,1709,0.7419543592744295,0.6188781756963575,1.1988698073568156
4,_f_saldo>=-17 E _f_razao_fluxo<=1 E _f_velocidade<=0.205388 E _f_ticks_s>=153.857,1709,0.7419543592744295,0.6188781756963575,1.1988698073568156
4,_f_saldo>=0 E _f_razao_fluxo<=1 E _f_velocidade<=0.205388 E _f_ticks_s>=153.857,1709,0.7419543592744295,0.6188781756963575,1.1988698073568156
4,_f_saldo>=0 E _f_razao_fluxo<=1.33364 E _f_velocidade<=0.205388 E _f_ticks_s>=153.857,1709,0.7419543592744295,0.6188781756963575,1.1988698073568156
4,_f_saldo<=0 E _f_aceleracao>=-0.000831627 E _f_ticks_s>=153.857 E _f_score<=61,713,0.7419354838709677,0.6188781756963575,1.198839307972279
4,_f_razao_fluxo>=1 E _f_aceleracao>=-0.000831627 E _f_ticks_s>=153.857 E _f_score<=61,713,0.7419354838709677,0.6188781756963575,1.198839307972279
4,_f_spread>=1.25 E _f_aceleracao>=-0.552272 E _f_ticks_s>=153.857 E _f_score<=77,496,0.7419354838709677,0.6188781756963575,1.198839307972279
4,_f_saldo<=-17 E _f_velocidade<=-0.216667 E _f_aceleracao>=0.543681 E _f_ticks_s>=153.857,465,0.7419354838709677,0.6188781756963575,1.198839307972279
4,_f_razao_fluxo>=1.33364 E _f_velocidade<=0 E _f_aceleracao>=0.543681 E _f_ticks_s>=153.857,217,0.7419354838709677,0.6188781756963575,1.198839307972279
4,_f_delta<=0 E _f_saldo>=0 E _f_aceleracao>=-0.000831627 E _f_ticks_s>=72.5852,186,0.7419354838709677,0.6188781756963575,1.198839307972279
4,_f_delta<=0 E _f_razao_fluxo<=1 E _f_aceleracao>=-0.000831627 E _f_ticks_s>=72.5852,186,0.7419354838709677,0.6188781756963575,1.198839307972279
4,_f_spread>=1.75 E _f_razao_fluxo<=1.33364 E _f_aceleracao>=-0.000831627 E _f_ticks_s>=153.857,155,0.7419354838709677,0.6188781756963575,1.198839307972279
4,_f_delta>=-16 E _f_saldo<=-17 E _f_aceleracao>=-0.552272 E _f_score<=47,93,0.7419354838709677,0.6188781756963575,1.198839307972279
4,_f_saldo<=-17 E _f_aceleracao<=-0.552272 E _f_ticks_s<=72.5852 E _f_score<=61,93,0.7419354838709677,0.6188781756963575,1.198839307972279
4,_f_spread>=1.25 E _f_razao_fluxo<=0.741693 E _f_ticks_s>=153.857 E _f_score<=61,62,0.7419354838709677,0.6188781756963575,1.198839307972279
4,_f_razao_fluxo<=0.741693 E _f_velocidade>=0.205388 E _f_ticks_s>=72.5852 E _f_score<=47,62,0.7419354838709677,0.6188781756963575,1.198839307972279
4,_f_saldo<=-17 E _f_velocidade>=0.205388 E _f_aceleracao>=0.543681 E _f_score>=77,31,0.7419354838709677,0.6188781756963575,1.198839307972279
4,_f_spread<=1.25 E _f_saldo<=0 E _f_ticks_s>=153.857 E _f_score<=61,926,0.7419006479481641,0.6188781756963575,1.1987830191513582
4,_f_spread<=1.25 E _f_razao_fluxo>=1 E _f_ticks_s>=153.857 E _f_score<=61,926,0.7419006479481641,0.6188781756963575,1.1987830191513582
4,_f_saldo<=19 E _f_razao_fluxo<=1.33364 E _f_aceleracao>=-0.000831627 E _f_ticks_s>=153.857,1561,0.7418321588725176,0.6188781756963575,1.1986723526610277
4,_f_spread>=1 E _f_saldo<=-17 E _f_velocidade>=0.205388 E _f_aceleracao>=-0.000831627,306,0.7418300653594772,0.6188781756963575,1.1986689699063553
4,_f_saldo>=0 E _f_velocidade<=-0.216667 E _f_aceleracao>=-0.552272 E _f_ticks_s>=153.857,457,0.7417943107221007,0.6188781756963575,1.19861119660172
4,_f_razao_fluxo<=1 E _f_velocidade<=-0.216667 E _f_aceleracao>=-0.552272 E _f_ticks_s>=153.857,457,0.7417943107221007,0.6188781756963575,1.19861119660172
4,_f_razao_fluxo>=1.33364 E _f_aceleracao>=-0.552272 E _f_ticks_s>=72.5852 E _f_score<=47,213,0.7417840375586855,0.6188781756963575,1.198594596947994
4,_f_delta<=16 E _f_velocidade>=0.205388 E _f_aceleracao>=-0.000831627 E _f_ticks_s>=153.857,422,0.7417061611374408,0.6188781756963575,1.1984687621321888
4,_f_velocidade<=0 E _f_aceleracao>=0.543681 E _f_ticks_s>=153.857 E _f_score>=61,693,0.7417027417027418,0.6188781756963575,1.198463236917642
4,_f_razao_fluxo<=1.33364 E _f_velocidade<=0.205388 E _f_aceleracao>=-0.000831627 E _f_ticks_s>=153.857,1777,0.7416994935284187,0.6188781756963575,1.1984579884302164
4,_f_delta>=0 E _f_velocidade<=-0.216667 E _f_aceleracao<=-0.552272 E _f_ticks_s>=72.5852,391,0.7416879795396419,0.6188781756963575,1.1984393838175011
4,_f_spread<=1.75 E _f_aceleracao>=-0.000831627 E _f_ticks_s>=153.857 E _f_score<=47,240,0.7416666666666667,0.6188781756963575,1.1984049459041732
4,_f_spread>=1.25 E _f_saldo<=0 E _f_velocidade>=0.205388 E _f_ticks_s>=153.857,120,0.7416666666666667,0.6188781756963575,1.1984049459041732
4,_f_spread>=1.25 E _f_razao_fluxo>=1 E _f_velocidade>=0.205388 E _f_ticks_s>=153.857,120,0.7416666666666667,0.6188781756963575,1.1984049459041732
4,_f_saldo<=-17 E _f_razao_fluxo<=1.33364 E _f_ticks_s>=42.0552 E _f_score<=47,120,0.7416666666666667,0.6188781756963575,1.1984049459041732
4,_f_spread<=1.25 E _f_saldo<=19 E _f_velocidade>=0.205388 E _f_ticks_s>=153.857,747,0.7416331994645248,0.6188781756963575,1.198350868698907
4,_f_spread>=1.25 E _f_delta<=16 E _f_ticks_s>=153.857 E _f_score<=61,356,0.7415730337078652,0.6188781756963575,1.1982536512512374
4,_f_delta>=16 E _f_aceleracao<=-0.552272 E _f_ticks_s>=72.5852 E _f_score<=47,89,0.7415730337078652,0.6188781756963575,1.1982536512512374
4,_f_saldo>=0 E _f_razao_fluxo>=1 E _f_aceleracao>=0.543681 E _f_score<=61,89,0.7415730337078652,0.6188781756963575,1.1982536512512374
4,_f_saldo<=0 E _f_razao_fluxo<=1 E _f_aceleracao>=0.543681 E _f_score<=61,89,0.7415730337078652,0.6188781756963575,1.1982536512512374
4,_f_delta<=0 E _f_saldo<=0 E _f_aceleracao>=0.543681 E _f_ticks_s>=153.857,1064,0.7415413533834586,0.6188781756963575,1.1982024613310711
4,_f_delta<=0 E _f_razao_fluxo>=1 E _f_aceleracao>=0.543681 E _f_ticks_s>=153.857,1064,0.7415413533834586,0.6188781756963575,1.1982024613310711
4,_f_spread>=1.25 E _f_aceleracao<=0.543681 E _f_ticks_s>=153.857 E _f_score<=61,325,0.7415384615384616,0.6188781756963575,1.1981977886101536
4,_f_delta>=0 E _f_velocidade<=-0.216667 E _f_aceleracao>=0.543681 E _f_ticks_s>=153.857,236,0.7415254237288136,0.6188781756963575,1.1981767217666939
4,_f_delta>=16 E _f_velocidade<=0.205388 E _f_ticks_s>=153.857 E _f_score>=47,1238,0.7415185783521809,0.6188781756963575,1.1981656608230355
4,_f_delta>=-16 E _f_saldo<=0 E _f_velocidade>=-0.216667 E _f_ticks_s>=153.857,441,0.7414965986394558,0.6188781756963575,1.1981301454121063
4,_f_delta>=-16 E _f_razao_fluxo>=1 E _f_velocidade>=-0.216667 E _f_ticks_s>=153.857,441,0.7414965986394558,0.6188781756963575,1.1981301454121063
4,_f_spread>=1.75 E _f_razao_fluxo<=0.741693 E _f_velocidade<=-0.216667 E _f_aceleracao<=-0.000831627,147,0.7414965986394558,0.6188781756963575,1.1981301454121063
4,_f_delta<=-16 E _f_saldo<=-17 E _f_ticks_s>=153.857 E _f_score<=61,615,0.7414634146341463,0.6188781756963575,1.198076525803898
4,_f_delta<=-16 E _f_velocidade<=-0.216667 E _f_aceleracao>=0.543681 E _f_ticks_s>=153.857,468,0.7414529914529915,0.6188781756963575,1.1980596837474735
4,_f_spread>=1 E _f_saldo<=-17 E _f_aceleracao>=-0.552272 E _f_ticks_s>=153.857,731,0.7414500683994528,0.6188781756963575,1.1980549605989552
4,_f_saldo>=0 E _f_velocidade<=0.205388 E _f_ticks_s>=153.857 E _f_score<=61,901,0.7413984461709212,0.6188781756963575,1.197971548013799
4,_f_razao_fluxo<=1 E _f_velocidade<=0.205388 E _f_ticks_s>=153.857 E _f_score<=61,901,0.7413984461709212,0.6188781756963575,1.197971548013799
4,_f_spread>=1.75 E _f_saldo>=0 E _f_razao_fluxo>=1 E _f_ticks_s>=72.5852,58,0.7413793103448276,0.6188781756963575,1.1979406278313702
4,_f_spread>=1.75 E _f_saldo<=0 E _f_razao_fluxo<=1 E _f_ticks_s>=72.5852,58,0.7413793103448276,0.6188781756963575,1.1979406278313702
4,_f_razao_fluxo<=1.33364 E _f_velocidade<=0.205388 E _f_aceleracao>=0.543681 E _f_ticks_s>=153.857,1098,0.7413479052823315,0.6188781756963575,1.1978898826868016
4,_f_spread<=1 E _f_delta<=0 E _f_aceleracao>=0.543681 E _f_ticks_s>=153.857,889,0.7412823397075365,0.6188781756963575,1.1977839400677697
4,_f_spread>=1.25 E _f_saldo<=-17 E _f_ticks_s>=153.857 E _f_score>=61,228,0.7412280701754386,0.6188781756963575,1.1976962498983161
4,_f_spread<=1.75 E _f_saldo>=19 E _f_velocidade<=-0.216667 E _f_aceleracao<=-0.000831627,425,0.7411764705882353,0.6188781756963575,1.197612873897627
4,_f_saldo<=-17 E _f_velocidade<=0 E _f_ticks_s>=153.857 E _f_score<=61,255,0.7411764705882353,0.6188781756963575,1.197612873897627
4,_f_spread<=1 E _f_delta<=16 E _f_saldo>=19 E _f_score<=77,85,0.7411764705882353,0.6188781756963575,1.197612873897627
4,_f_spread<=1.75 E _f_velocidade>=0.205388 E _f_aceleracao>=0.543681 E _f_score<=47,85,0.7411764705882353,0.6188781756963575,1.197612873897627
4,_f_delta<=0 E _f_velocidade<=0.205388 E _f_aceleracao>=0.543681 E _f_ticks_s>=153.857,846,0.7411347517730497,0.6188781756963575,1.1975454635140912
4,_f_saldo<=0 E _f_aceleracao>=0.543681 E _f_ticks_s>=153.857 E _f_score>=47,985,0.7411167512690355,0.6188781756963575,1.1975163778156113
4,_f_razao_fluxo>=1 E _f_aceleracao>=0.543681 E _f_ticks_s>=153.857 E _f_score>=47,985,0.7411167512690355,0.6188781756963575,1.1975163778156113
3,_f_saldo>=19 E _f_velocidade<=-0.216667 E _f_aceleracao<=-0.552272,309,0.7411003236245954,0.6188781756963575,1.1974898335859305
4,_f_delta>=-16 E _f_saldo>=19 E _f_velocidade<=-0.216667 E _f_aceleracao<=-0.552272,309,0.7411003236245954,0.6188781756963575,1.1974898335859305
4,_f_delta>=0 E _f_saldo>=19 E _f_velocidade<=-0.216667 E _f_aceleracao<=-0.552272,309,0.7411003236245954,0.6188781756963575,1.1974898335859305
4,_f_saldo>=19 E _f_razao_fluxo<=1 E _f_velocidade<=-0.216667 E _f_aceleracao<=-0.552272,309,0.7411003236245954,0.6188781756963575,1.1974898335859305
4,_f_saldo>=19 E _f_razao_fluxo<=1.33364 E _f_velocidade<=-0.216667 E _f_aceleracao<=-0.552272,309,0.7411003236245954,0.6188781756963575,1.1974898335859305
4,_f_razao_fluxo<=1.33364 E _f_velocidade<=0 E _f_aceleracao>=-0.000831627 E _f_ticks_s>=153.857,1348,0.7410979228486647,0.6188781756963575,1.1974859543476168
4,_f_saldo>=19 E _f_velocidade<=-0.216667 E _f_aceleracao>=-0.552272 E _f_score<=47,112,0.7410714285714286,0.6188781756963575,1.1974431441819386
4,_f_delta>=0 E _f_velocidade<=0.205388 E _f_ticks_s>=153.857 E _f_score>=47,1510,0.7410596026490066,0.6188781756963575,1.1974240355384504
4,_f_delta>=16 E _f_saldo>=19 E _f_velocidade<=-0.216667 E _f_ticks_s>=72.5852,695,0.7410071942446043,0.6188781756963575,1.1973393526291793
4,_f_delta<=0 E _f_velocidade>=0.205388 E _f_aceleracao>=-0.552272 E _f_score>=77,139,0.7410071942446043,0.6188781756963575,1.1973393526291793
4,_f_velocidade<=0 E _f_aceleracao>=0.543681 E _f_ticks_s>=153.857 E _f_score<=77,888,0.740990990990991,0.6188781756963575,1.1973131709762312
4,_f_saldo>=0 E _f_velocidade<=0.205388 E _f_ticks_s>=153.857 E _f_score>=47,1521,0.7409598948060486,0.6188781756963575,1.1972629249243207
4,_f_razao_fluxo<=1 E _f_velocidade<=0.205388 E _f_ticks_s>=153.857 E _f_score>=47,1521,0.7409598948060486,0.6188781756963575,1.1972629249243207
4,_f_delta>=0 E _f_velocidade<=0 E _f_ticks_s>=153.857 E _f_score>=47,1023,0.7409579667644184,0.6188781756963575,1.197259809542803
3,_f_velocidade<=0.205388 E _f_aceleracao>=0.543681 E _f_ticks_s>=153.857,1351,0.7409326424870466,0.6188781756963575,1.197218889894371
4,_f_spread<=1.25 E _f_delta>=16 E _f_velocidade<=-0.216667 E _f_aceleracao<=-0.000831627,301,0.7408637873754153,0.6188781756963575,1.197107631953252
4,_f_razao_fluxo<=0.741693 E _f_velocidade<=-0.216667 E _f_ticks_s>=72.5852 E _f_score<=77,301,0.7408637873754153,0.6188781756963575,1.197107631953252
4,_f_spread>=1 E _f_delta>=16 E _f_velocidade<=-0.216667 E _f_ticks_s>=72.5852,463,0.7408207343412527,0.6188781756963575,1.197038065702812
4,_f_spread>=1.25 E _f_razao_fluxo>=0.741693 E _f_velocidade<=0 E _f_ticks_s>=153.857,490,0.7408163265306122,0.6188781756963575,1.1970309434438382
4,_f_delta>=0 E _f_velocidade<=0 E _f_aceleracao>=-0.552272 E _f_ticks_s>=153.857,783,0.7407407407407407,0.6188781756963575,1.1969088098918084
3,_f_aceleracao>=0.543681 E _f_ticks_s>=153.857 E _f_score<=47,162,0.7407407407407407,0.6188781756963575,1.1969088098918084
3,_f_saldo<=-17 E _f_velocidade>=0 E _f_score>=77,135,0.7407407407407407,0.6188781756963575,1.1969088098918084
4,_f_spread<=1.75 E _f_delta<=-16 E _f_velocidade>=0 E _f_score>=77,135,0.7407407407407407,0.6188781756963575,1.1969088098918084
4,_f_delta<=0 E _f_saldo<=-17 E _f_velocidade>=0 E _f_score>=77,135,0.7407407407407407,0.6188781756963575,1.1969088098918084
4,_f_delta<=16 E _f_saldo<=-17 E _f_velocidade>=0 E _f_score>=77,135,0.7407407407407407,0.6188781756963575,1.1969088098918084
4,_f_saldo<=-17 E _f_razao_fluxo>=0.741693 E _f_velocidade>=0 E _f_score>=77,135,0.7407407407407407,0.6188781756963575,1.1969088098918084
4,_f_saldo<=-17 E _f_razao_fluxo>=1 E _f_velocidade>=0 E _f_score>=77,135,0.7407407407407407,0.6188781756963575,1.1969088098918084
3,_f_delta>=-16 E _f_saldo<=-17 E _f_score<=47,108,0.7407407407407407,0.6188781756963575,1.1969088098918084
4,_f_delta>=-16 E _f_saldo<=-17 E _f_razao_fluxo>=0.741693 E _f_score<=47,108,0.7407407407407407,0.6188781756963575,1.1969088098918084
4,_f_delta>=-16 E _f_saldo<=-17 E _f_razao_fluxo>=1 E _f_score<=47,108,0.7407407407407407,0.6188781756963575,1.1969088098918084
4,_f_spread>=1.25 E _f_delta<=-16 E _f_velocidade>=0.205388 E _f_ticks_s>=153.857,81,0.7407407407407407,0.6188781756963575,1.1969088098918084
4,_f_spread>=1.75 E _f_saldo>=19 E _f_aceleracao<=-0.000831627 E _f_score>=77,81,0.7407407407407407,0.6188781756963575,1.1969088098918084
4,_f_saldo>=19 E _f_razao_fluxo>=0.741693 E _f_velocidade>=0 E _f_score<=47,54,0.7407407407407407,0.6188781756963575,1.1969088098918084
4,_f_spread<=1.25 E _f_delta>=0 E _f_saldo<=0 E _f_ticks_s>=153.857,27,0.7407407407407407,0.6188781756963575,1.1969088098918084
4,_f_spread<=1.25 E _f_delta>=0 E _f_razao_fluxo>=1 E _f_ticks_s>=153.857,27,0.7407407407407407,0.6188781756963575,1.1969088098918084
4,_f_spread<=1.25 E _f_razao_fluxo>=1.33364 E _f_velocidade<=-0.216667 E _f_score<=47,27,0.7407407407407407,0.6188781756963575,1.1969088098918084
4,_f_delta>=-16 E _f_saldo<=-17 E _f_velocidade>=0 E _f_ticks_s<=42.0552,27,0.7407407407407407,0.6188781756963575,1.1969088098918084
4,_f_delta<=-16 E _f_aceleracao<=-0.552272 E _f_ticks_s<=72.5852 E _f_score<=47,27,0.7407407407407407,0.6188781756963575,1.1969088098918084
4,_f_razao_fluxo>=1.33364 E _f_velocidade>=0.205388 E _f_aceleracao<=-0.552272 E _f_ticks_s>=153.857,27,0.7407407407407407,0.6188781756963575,1.1969088098918084
4,_f_spread>=1 E _f_razao_fluxo>=0.741693 E _f_aceleracao>=-0.552272 E _f_ticks_s>=153.857,1720,0.7406976744186047,0.6188781756963575,1.196839222170303
3,_f_delta>=0 E _f_velocidade<=0 E _f_ticks_s>=153.857,1153,0.7406764960971379,0.6188781756963575,1.196805001668921
4,_f_delta>=0 E _f_razao_fluxo<=1.33364 E _f_velocidade<=0 E _f_ticks_s>=153.857,1153,0.7406764960971379,0.6188781756963575,1.196805001668921
4,_f_delta>=0 E _f_velocidade<=0 E _f_ticks_s>=153.857 E _f_score<=77,1045,0.7406698564593301,0.6188781756963575,1.196794273163589
4,_f_saldo<=19 E _f_velocidade>=0.205388 E _f_ticks_s>=153.857 E _f_score<=61,482,0.7406639004149378,0.6188781756963575,1.1967846492268819
4,_f_saldo>=0 E _f_velocidade<=0 E _f_aceleracao<=-0.552272 E _f_ticks_s>=153.857,374,0.7406417112299465,0.6188781756963575,1.1967487953450313
4,_f_razao_fluxo<=1 E _f_velocidade<=0 E _f_aceleracao<=-0.552272 E _f_ticks_s>=153.857,374,0.7406417112299465,0.6188781756963575,1.1967487953450313
4,_f_spread>=1 E _f_delta<=-16 E _f_ticks_s>=153.857 E _f_score<=61,320,0.740625,0.6188781756963575,1.1967217928902627
4,_f_spread>=1.25 E _f_delta<=-16 E _f_ticks_s>=153.857 E _f_score>=47,320,0.740625,0.6188781756963575,1.1967217928902627
4,_f_saldo<=0 E _f_razao_fluxo<=1.33364 E _f_velocidade>=0.205388 E _f_ticks_s>=153.857,559,0.740608228980322,0.6188781756963575,1.196694693825638
4,_f_saldo<=0 E _f_aceleracao>=0.543681 E _f_ticks_s>=153.857 E _f_score<=61,478,0.7405857740585774,0.6188781756963575,1.196658410559195
4,_f_razao_fluxo>=1 E _f_aceleracao>=0.543681 E _f_ticks_s>=153.857 E _f_score<=61,478,0.7405857740585774,0.6188781756963575,1.196658410559195
4,_f_saldo<=-17 E _f_velocidade>=0 E _f_ticks_s>=153.857 E _f_score<=61,397,0.7405541561712846,0.6188781756963575,1.1966073215265962
4,_f_delta>=0 E _f_velocidade<=0 E _f_aceleracao<=-0.552272 E _f_ticks_s>=153.857,370,0.7405405405405405,0.6188781756963575,1.19658532102427
4,_f_razao_fluxo<=0.741693 E _f_aceleracao>=-0.552272 E _f_ticks_s>=72.5852 E _f_score<=47,185,0.7405405405405405,0.6188781756963575,1.19658532102427
4,_f_saldo<=0 E _f_velocidade<=0 E _f_aceleracao>=0.543681 E _f_ticks_s>=153.857,713,0.7405329593267882,0.6188781756963575,1.1965730710952047
4,_f_razao_fluxo>=1 E _f_velocidade<=0 E _f_aceleracao>=0.543681 E _f_ticks_s>=153.857,713,0.7405329593267882,0.6188781756963575,1.1965730710952047
4,_f_delta>=0 E _f_saldo>=0 E _f_velocidade<=0 E _f_ticks_s>=153.857,1133,0.7405119152691968,0.6188781756963575,1.1965390675410033
4,_f_delta>=0 E _f_razao_fluxo<=1 E _f_velocidade<=0 E _f_ticks_s>=153.857,1133,0.7405119152691968,0.6188781756963575,1.1965390675410033
4,_f_spread>=1 E _f_razao_fluxo<=1.33364 E _f_velocidade<=0 E _f_ticks_s>=153.857,1264,0.740506329113924,0.6188781756963575,1.196530041281083
4,_f_delta<=0 E _f_saldo<=-17 E _f_ticks_s>=153.857 E _f_score<=61,632,0.740506329113924,0.6188781756963575,1.196530041281083
4,_f_saldo>=0 E _f_velocidade<=0 E _f_ticks_s>=153.857 E _f_score<=47,158,0.740506329113924,0.6188781756963575,1.196530041281083
4,_f_razao_fluxo<=1 E _f_velocidade<=0 E _f_ticks_s>=153.857 E _f_score<=47,158,0.740506329113924,0.6188781756963575,1.196530041281083
4,_f_spread>=1.25 E _f_delta>=0 E _f_velocidade<=0.205388 E _f_ticks_s>=153.857,289,0.740484429065744,0.6188781756963575,1.196494654594268
4,_f_saldo>=0 E _f_razao_fluxo>=0.741693 E _f_velocidade<=0 E _f_ticks_s>=153.857,998,0.7404809619238477,0.6188781756963575,1.196489052293149
4,_f_delta>=16 E _f_aceleracao>=-0.000831627 E _f_ticks_s>=153.857 E _f_score<=77,524,0.7404580152671756,0.6188781756963575,1.1964519744681856
4,_f_delta>=0 E _f_saldo>=-17 E _f_velocidade<=0 E _f_ticks_s>=153.857,1152,0.7404513888888888,0.6188781756963575,1.1964412673879443
4,_f_spread<=1.25 E _f_delta<=-16 E _f_ticks_s>=153.857 E _f_score<=61,574,0.740418118466899,0.6188781756963575,1.19638750814534
4,_f_razao_fluxo<=1.33364 E _f_velocidade<=-0.216667 E _f_ticks_s>=153.857 E _f_score<=77,1144,0.7403846153846154,0.6188781756963575,1.1963333729639758
4,_f_razao_fluxo>=1.33364 E _f_velocidade>=-0.216667 E _f_aceleracao>=0.543681 E _f_ticks_s>=153.857,104,0.7403846153846154,0.6188781756963575,1.1963333729639758
3,_f_spread>=1 E _f_velocidade<=0.205388 E _f_ticks_s>=153.857,1922,0.7403746097814776,0.6188781756963575,1.1963172056413416
4,_f_razao_fluxo<=1.33364 E _f_velocidade<=-0.216667 E _f_aceleracao>=0.543681 E _f_ticks_s>=153.857,597,0.7403685092127303,0.6188781756963575,1.1963073481782949
4,_f_spread<=1 E _f_delta>=16 E _f_velocidade<=0 E _f_aceleracao>=0.543681,285,0.7403508771929824,0.6188781756963575,1.1962788578866022
4,_f_delta<=-16 E _f_velocidade>=0 E _f_aceleracao>=-0.000831627 E _f_ticks_s>=153.857,439,0.7403189066059226,0.6188781756963575,1.1962271989522346
4,_f_delta>=16 E _f_velocidade<=0.205388 E _f_ticks_s>=153.857 E _f_score>=77,258,0.7403100775193798,0.6188781756963575,1.196212932676755
4,_f_razao_fluxo>=0.741693 E _f_velocidade<=0.205388 E _f_aceleracao>=-0.000831627 E _f_ticks_s>=153.857,2037,0.7403043691703486,0.6188781756963575,1.1962037089728736
4,_f_delta>=-16 E _f_velocidade<=-0.216667 E _f_aceleracao>=-0.000831627 E _f_ticks_s>=153.857,462,0.7402597402597403,0.6188781756963575,1.1961315963788917
4,_f_delta<=16 E _f_saldo>=0 E _f_velocidade<=0.205388 E _f_ticks_s>=153.857,462,0.7402597402597403,0.6188781756963575,1.1961315963788917
4,_f_delta<=16 E _f_razao_fluxo<=1 E _f_velocidade<=0.205388 E _f_ticks_s>=153.857,462,0.7402597402597403,0.6188781756963575,1.1961315963788917
4,_f_spread>=1.25 E _f_delta<=16 E _f_aceleracao>=0.543681 E _f_ticks_s>=153.857,231,0.7402597402597403,0.6188781756963575,1.1961315963788917
4,_f_spread>=1.25 E _f_saldo<=-17 E _f_velocidade>=-0.216667 E _f_ticks_s>=153.857,154,0.7402597402597403,0.6188781756963575,1.1961315963788917
4,_f_velocidade>=0 E _f_aceleracao>=-0.552272 E _f_ticks_s>=153.857 E _f_score<=47,154,0.7402597402597403,0.6188781756963575,1.1961315963788917
4,_f_delta>=-16 E _f_velocidade<=0 E _f_aceleracao>=0.543681 E _f_score>=77,77,0.7402597402597403,0.6188781756963575,1.1961315963788917
4,_f_velocidade<=0 E _f_aceleracao>=-0.000831627 E _f_ticks_s>=153.857 E _f_score>=77,358,0.7402234636871509,0.6188781756963575,1.1960729797173029
4,_f_spread>=1.25 E _f_razao_fluxo>=0.741693 E _f_aceleracao>=0.543681 E _f_ticks_s>=153.857,331,0.7401812688821753,0.6188781756963575,1.1960048002166637
4,_f_spread>=1.75 E _f_velocidade>=0 E _f_aceleracao<=-0.000831627 E _f_ticks_s>=153.857,127,0.7401574803149606,0.6188781756963575,1.1959663620100038
4,_f_saldo<=19 E _f_velocidade>=0.205388 E _f_aceleracao>=-0.000831627 E _f_ticks_s>=153.857,431,0.740139211136891,0.6188781756963575,1.1959368421807595
4,_f_spread>=1 E _f_delta>=0 E _f_ticks_s>=153.857 E _f_score<=61,608,0.7401315789473685,0.6188781756963575,1.1959245098836737
4,_f_spread>=1 E _f_delta<=16 E _f_razao_fluxo>=0.741693 E _f_ticks_s>=153.857,1747,0.7401259301659988,0.6188781756963575,1.195915382430822
4,_f_delta<=0 E _f_saldo>=-17 E _f_aceleracao>=0.543681 E _f_ticks_s>=153.857,227,0.7400881057268722,0.6188781756963575,1.1958542646848551
4,_f_delta<=0 E _f_saldo>=0 E _f_ticks_s>=72.5852 E _f_score<=61,277,0.740072202166065,0.6188781756963575,1.1958285672836027
4,_f_delta<=0 E _f_razao_fluxo<=1 E _f_ticks_s>=72.5852 E _f_score<=61,277,0.740072202166065,0.6188781756963575,1.1958285672836027
4,_f_delta>=-16 E _f_saldo<=0 E _f_ticks_s>=153.857 E _f_score<=47,250,0.74,0.6188781756963575,1.1957119010819166
4,_f_delta>=-16 E _f_razao_fluxo>=1 E _f_ticks_s>=153.857 E _f_score<=47,250,0.74,0.6188781756963575,1.1957119010819166
4,_f_razao_fluxo>=1.33364 E _f_aceleracao<=-0.000831627 E _f_ticks_s>=153.857 E _f_score<=77,100,0.74,0.6188781756963575,1.1957119010819166
4,_f_spread<=1 E _f_delta<=-16 E _f_velocidade>=0.205388 E _f_score>=77,50,0.74,0.6188781756963575,1.1957119010819166
4,_f_delta<=-16 E _f_razao_fluxo<=1.33364 E _f_velocidade<=0 E _f_score<=47,50,0.74,0.6188781756963575,1.1957119010819166
3,_f_saldo<=0 E _f_aceleracao>=0.543681 E _f_ticks_s>=153.857,1073,0.7399813606710158,0.6188781756963575,1.1956817831528699
3,_f_razao_fluxo>=1 E _f_aceleracao>=0.543681 E _f_ticks_s>=153.857,1073,0.7399813606710158,0.6188781756963575,1.1956817831528699
4,_f_saldo<=0 E _f_razao_fluxo>=0.741693 E _f_aceleracao>=0.543681 E _f_ticks_s>=153.857,1073,0.7399813606710158,0.6188781756963575,1.1956817831528699
4,_f_saldo<=0 E _f_razao_fluxo>=1 E _f_aceleracao>=0.543681 E _f_ticks_s>=153.857,1073,0.7399813606710158,0.6188781756963575,1.1956817831528699
4,_f_saldo<=19 E _f_razao_fluxo>=1 E _f_aceleracao>=0.543681 E _f_ticks_s>=153.857,1073,0.7399813606710158,0.6188781756963575,1.1956817831528699
3,_f_razao_fluxo<=0.741693 E _f_velocidade<=-0.216667 E _f_ticks_s>=72.5852,323,0.739938080495356,0.6188781756963575,1.1956118498810897
4,_f_delta>=-16 E _f_razao_fluxo<=0.741693 E _f_velocidade<=-0.216667 E _f_ticks_s>=72.5852,323,0.739938080495356,0.6188781756963575,1.1956118498810897
4,_f_delta>=0 E _f_razao_fluxo<=0.741693 E _f_velocidade<=-0.216667 E _f_ticks_s>=72.5852,323,0.739938080495356,0.6188781756963575,1.1956118498810897
4,_f_saldo>=-17 E _f_razao_fluxo<=0.741693 E _f_velocidade<=-0.216667 E _f_ticks_s>=72.5852,323,0.739938080495356,0.6188781756963575,1.1956118498810897
4,_f_saldo>=0 E _f_razao_fluxo<=0.741693 E _f_velocidade<=-0.216667 E _f_ticks_s>=72.5852,323,0.739938080495356,0.6188781756963575,1.1956118498810897
4,_f_spread<=1 E _f_saldo>=19 E _f_velocidade<=0 E _f_aceleracao>=0.543681,273,0.73992673992674,0.6188781756963575,1.1955935254853338
4,_f_spread<=1.25 E _f_velocidade<=0.205388 E _f_aceleracao>=0.543681 E _f_ticks_s>=153.857,1207,0.7398508699254349,0.6188781756963575,1.1954709326968265
4,_f_spread<=1.25 E _f_razao_fluxo<=0.741693 E _f_velocidade<=0 E _f_ticks_s>=153.857,123,0.7398373983739838,0.6188781756963575,1.1954491650016965
4,_f_spread>=1.25 E _f_razao_fluxo>=0.741693 E _f_aceleracao>=-0.552272 E _f_ticks_s>=153.857,565,0.7398230088495575,0.6188781756963575,1.195425914021146
4,_f_saldo>=0 E _f_velocidade<=0 E _f_ticks_s>=153.857 E _f_score>=47,1030,0.7398058252427184,0.6188781756963575,1.1953981482870906
4,_f_razao_fluxo<=1 E _f_velocidade<=0 E _f_ticks_s>=153.857 E _f_score>=47,1030,0.7398058252427184,0.6188781756963575,1.1953981482870906
4,_f_spread>=1.25 E _f_saldo<=19 E _f_velocidade<=0 E _f_ticks_s>=153.857,392,0.7397959183673469,0.6188781756963575,1.1953821404914362
4,_f_saldo>=-17 E _f_velocidade<=-0.216667 E _f_aceleracao>=-0.000831627 E _f_ticks_s>=153.857,465,0.7397849462365591,0.6188781756963575,1.1953644114274318
4,_f_velocidade<=0.205388 E _f_aceleracao<=-0.552272 E _f_ticks_s>=153.857 E _f_score<=77,757,0.7397622192866579,0.6188781756963575,1.1953276886105775
4,_f_spread<=1 E _f_delta>=0 E _f_velocidade<=0 E _f_aceleracao>=0.543681,415,0.7397590361445783,0.6188781756963575,1.195322545204
4,_f_spread<=1 E _f_delta>=16 E _f_razao_fluxo>=0.741693 E _f_velocidade<=-0.216667,415,0.7397590361445783,0.6188781756963575,1.195322545204
4,_f_delta>=16 E _f_velocidade<=0.205388 E _f_ticks_s>=153.857 E _f_score<=61,561,0.7397504456327986,0.6188781756963575,1.1953086644240385
3,_f_saldo<=-17 E _f_ticks_s>=153.857 E _f_score<=61,634,0.7397476340694006,0.6188781756963575,1.1953041214242877
4,_f_delta<=16 E _f_saldo<=-17 E _f_ticks_s>=153.857 E _f_score<=61,634,0.7397476340694006,0.6188781756963575,1.1953041214242877
4,_f_saldo<=-17 E _f_razao_fluxo>=0.741693 E _f_ticks_s>=153.857 E _f_score<=61,634,0.7397476340694006,0.6188781756963575,1.1953041214242877
4,_f_saldo<=-17 E _f_razao_fluxo>=1 E _f_ticks_s>=153.857 E _f_score<=61,634,0.7397476340694006,0.6188781756963575,1.1953041214242877
4,_f_delta<=16 E _f_saldo<=0 E _f_aceleracao>=0.543681 E _f_ticks_s>=153.857,1072,0.7397388059701493,0.6188781756963575,1.1952898567441004
4,_f_delta<=16 E _f_razao_fluxo>=1 E _f_aceleracao>=0.543681 E _f_ticks_s>=153.857,1072,0.7397388059701493,0.6188781756963575,1.1952898567441004
4,_f_saldo<=0 E _f_velocidade>=-0.216667 E _f_ticks_s>=153.857 E _f_score<=61,803,0.7397260273972602,0.6188781756963575,1.1952692087823675
4,_f_razao_fluxo>=1 E _f_velocidade>=-0.216667 E _f_ticks_s>=153.857 E _f_score<=61,803,0.7397260273972602,0.6188781756963575,1.1952692087823675
3,_f_razao_fluxo>=1.33364 E _f_ticks_s>=153.857 E _f_score<=61,146,0.7397260273972602,0.6188781756963575,1.1952692087823675
4,_f_delta<=0 E _f_razao_fluxo>=1.33364 E _f_ticks_s>=153.857 E _f_score<=61,146,0.7397260273972602,0.6188781756963575,1.1952692087823675
4,_f_delta<=16 E _f_razao_fluxo>=1.33364 E _f_ticks_s>=153.857 E _f_score<=61,146,0.7397260273972602,0.6188781756963575,1.1952692087823675
4,_f_saldo<=0 E _f_razao_fluxo>=1.33364 E _f_ticks_s>=153.857 E _f_score<=61,146,0.7397260273972602,0.6188781756963575,1.1952692087823675
4,_f_saldo<=19 E _f_razao_fluxo>=1.33364 E _f_ticks_s>=153.857 E _f_score<=61,146,0.7397260273972602,0.6188781756963575,1.1952692087823675
4,_f_spread>=1.75 E _f_delta<=16 E _f_saldo>=19 E _f_velocidade<=-0.216667,73,0.7397260273972602,0.6188781756963575,1.1952692087823675
4,_f_delta>=16 E _f_aceleracao>=-0.000831627 E _f_ticks_s>=72.5852 E _f_score<=47,73,0.7397260273972602,0.6188781756963575,1.1952692087823675
4,_f_spread<=1.25 E _f_delta>=16 E _f_aceleracao<=-0.552272 E _f_ticks_s>=153.857,826,0.7397094430992736,0.6188781756963575,1.1952424114276732
4,_f_delta>=0 E _f_velocidade<=0.205388 E _f_aceleracao>=-0.552272 E _f_ticks_s>=153.857,1141,0.7397020157756354,0.6188781756963575,1.195230410158393
4,_f_spread<=1 E _f_delta>=16 E _f_velocidade<=-0.216667 E _f_score<=77,461,0.7396963123644251,0.6188781756963575,1.1952211944331756
4,_f_delta<=-16 E _f_aceleracao>=0.543681 E _f_ticks_s>=153.857 E _f_score>=77,169,0.7396449704142012,0.6188781756963575,1.1951382347292465
4,_f_saldo<=-17 E _f_aceleracao>=0.543681 E _f_ticks_s>=153.857 E _f_score>=77,169,0.7396449704142012,0.6188781756963575,1.1951382347292465
4,_f_spread<=1.75 E _f_saldo>=0 E _f_velocidade<=0.205388 E _f_ticks_s>=153.857,1632,0.7395833333333334,0.6188781756963575,1.1950386398763524
4,_f_spread<=1.75 E _f_razao_fluxo<=1 E _f_velocidade<=0.205388 E _f_ticks_s>=153.857,1632,0.7395833333333334,0.6188781756963575,1.1950386398763524
4,_f_delta<=16 E _f_razao_fluxo<=1.33364 E _f_velocidade>=0.205388 E _f_ticks_s>=153.857,768,0.7395833333333334,0.6188781756963575,1.1950386398763524
4,_f_saldo>=-17 E _f_velocidade<=-0.216667 E _f_aceleracao<=-0.552272 E _f_ticks_s>=153.857,288,0.7395833333333334,0.6188781756963575,1.1950386398763524
4,_f_velocidade<=-0.216667 E _f_aceleracao<=0.543681 E _f_ticks_s>=72.5852 E _f_score<=47,288,0.7395833333333334,0.6188781756963575,1.1950386398763524
4,_f_spread>=1 E _f_saldo>=0 E _f_razao_fluxo>=1 E _f_aceleracao<=-0.552272,96,0.7395833333333334,0.6188781756963575,1.1950386398763524
4,_f_spread>=1 E _f_saldo<=0 E _f_razao_fluxo<=1 E _f_aceleracao<=-0.552272,96,0.7395833333333334,0.6188781756963575,1.1950386398763524
4,_f_delta<=-16 E _f_aceleracao<=-0.552272 E _f_ticks_s<=72.5852 E _f_score<=61,96,0.7395833333333334,0.6188781756963575,1.1950386398763524
4,_f_spread<=1.25 E _f_saldo>=19 E _f_aceleracao<=-0.552272 E _f_ticks_s>=72.5852,1006,0.7395626242544732,0.6188781756963575,1.1950051775897936
4,_f_saldo>=19 E _f_razao_fluxo>=0.741693 E _f_aceleracao<=-0.552272 E _f_score>=61,503,0.7395626242544732,0.6188781756963575,1.1950051775897936
4,_f_saldo>=19 E _f_velocidade<=0 E _f_ticks_s>=72.5852 E _f_score>=61,622,0.7395498392282959,0.6188781756963575,1.194984519200664
4,_f_delta>=0 E _f_saldo>=0 E _f_velocidade<=0.205388 E _f_ticks_s>=153.857,1670,0.7395209580838323,0.6188781756963575,1.194937852270729
4,_f_delta>=0 E _f_razao_fluxo<=1 E _f_velocidade<=0.205388 E _f_ticks_s>=153.857,1670,0.7395209580838323,0.6188781756963575,1.194937852270729
4,_f_spread<=1.25 E _f_saldo<=0 E _f_velocidade>=0.205388 E _f_ticks_s>=153.857,572,0.7395104895104895,0.6188781756963575,1.1949209368683866
4,_f_spread<=1.25 E _f_razao_fluxo>=1 E _f_velocidade>=0.205388 E _f_ticks_s>=153.857,572,0.7395104895104895,0.6188781756963575,1.1949209368683866
4,_f_delta<=16 E _f_aceleracao>=-0.552272 E _f_ticks_s>=153.857 E _f_score<=61,1167,0.739502999143102,0.6188781756963575,1.194908833731321
4,_f_spread>=1.25 E _f_saldo<=-17 E _f_ticks_s>=153.857 E _f_score>=77,119,0.7394957983193278,0.6188781756963575,1.1948971984466121
4,_f_spread>=1.75 E _f_delta>=16 E _f_velocidade<=-0.216667 E _f_ticks_s>=72.5852,119,0.7394957983193278,0.6188781756963575,1.1948971984466121
4,_f_saldo>=19 E _f_velocidade<=0 E _f_aceleracao>=0.543681 E _f_ticks_s>=72.5852,403,0.739454094292804,0.6188781756963575,1.1948298119589937
4,_f_velocidade>=-0.216667 E _f_aceleracao>=-0.000831627 E _f_ticks_s>=153.857 E _f_score<=77,1255,0.7394422310756972,0.6188781756963575,1.194810643053751
4,_f_delta<=16 E _f_velocidade<=-0.216667 E _f_ticks_s>=153.857 E _f_score<=47,142,0.7394366197183099,0.6188781756963575,1.1948015760715764
3,_f_spread>=1.25 E _f_delta<=0 E _f_ticks_s>=153.857,495,0.7393939393939394,0.6188781756963575,1.1947326120556414
4,_f_spread>=1.25 E _f_delta<=0 E _f_saldo<=19 E _f_ticks_s>=153.857,495,0.7393939393939394,0.6188781756963575,1.1947326120556414
4,_f_spread>=1.25 E _f_delta<=0 E _f_razao_fluxo>=0.741693 E _f_ticks_s>=153.857,495,0.7393939393939394,0.6188781756963575,1.1947326120556414
4,_f_saldo<=-17 E _f_razao_fluxo<=1.33364 E _f_velocidade<=-0.216667 E _f_score<=61,165,0.7393939393939394,0.6188781756963575,1.1947326120556414
4,_f_delta>=0 E _f_velocidade<=0 E _f_ticks_s>=153.857 E _f_score<=61,706,0.7393767705382436,0.6188781756963575,1.19470487015688
4,_f_spread<=1.75 E _f_velocidade<=0.205388 E _f_aceleracao>=0.543681 E _f_ticks_s>=153.857,1293,0.7393658159319412,0.6188781756963575,1.1946871694094106
3,_f_delta>=0 E _f_velocidade<=0.205388 E _f_ticks_s>=153.857,1692,0.7393617021276596,0.6188781756963575,1.1946805222138184
4,_f_delta>=0 E _f_razao_fluxo<=1.33364 E _f_velocidade<=0.205388 E _f_ticks_s>=153.857,1692,0.7393617021276596,0.6188781756963575,1.1946805222138184
4,_f_spread>=1 E _f_velocidade>=0 E _f_ticks_s>=153.857 E _f_score<=77,1032,0.7393410852713178,0.6188781756963575,1.1946472089428848
4,_f_spread>=1.75 E _f_saldo<=19 E _f_razao_fluxo<=1.33364 E _f_ticks_s>=153.857,211,0.7393364928909952,0.6188781756963575,1.1946397884512552
4,_f_spread<=1.25 E _f_delta<=16 E _f_aceleracao>=-0.000831627 E _f_ticks_s>=153.857,1780,0.7393258426966293,0.6188781756963575,1.1946225795807792
4,_f_saldo>=19 E _f_velocidade<=0 E _f_aceleracao<=-0.552272 E _f_ticks_s>=72.5852,445,0.7393258426966293,0.6188781756963575,1.1946225795807792
4,_f_delta<=-16 E _f_velocidade>=0.205388 E _f_ticks_s>=153.857 E _f_score<=61,234,0.7393162393162394,0.6188781756963575,1.194607062180478
4,_f_saldo>=0 E _f_velocidade<=0.205388 E _f_aceleracao<=0.543681 E _f_ticks_s>=153.857,1193,0.7393126571668064,0.6188781756963575,1.1946012740470882
4,_f_razao_fluxo<=1 E _f_velocidade<=0.205388 E _f_aceleracao<=0.543681 E _f_ticks_s>=153.857,1193,0.7393126571668064,0.6188781756963575,1.1946012740470882
4,_f_velocidade<=0.205388 E _f_aceleracao>=-0.000831627 E _f_ticks_s>=153.857 E _f_score<=77,1684,0.7393111638954869,0.6188781756963575,1.1945988611791312
4,_f_delta<=16 E _f_velocidade>=-0.216667 E _f_aceleracao>=-0.000831627 E _f_ticks_s>=153.857,1074,0.7392923649906891,0.6188781756963575,1.1945684854031933
3,_f_velocidade<=0.205388 E _f_aceleracao>=-0.000831627 E _f_ticks_s>=153.857,2171,0.7392906494702902,0.6188781756963575,1.1945657134191967
4,_f_saldo>=0 E _f_velocidade<=0.205388 E _f_aceleracao<=-0.552272 E _f_ticks_s>=153.857,560,0.7392857142857143,0.6188781756963575,1.1945577390152353
4,_f_razao_fluxo<=1 E _f_velocidade<=0.205388 E _f_aceleracao<=-0.552272 E _f_ticks_s>=153.857,560,0.7392857142857143,0.6188781756963575,1.1945577390152353
4,_f_spread>=1 E _f_delta>=0 E _f_saldo<=19 E _f_ticks_s>=153.857,326,0.7392638036809815,0.6188781756963575,1.1945223352708583
4,_f_delta>=0 E _f_saldo>=-17 E _f_velocidade<=0.205388 E _f_ticks_s>=153.857,1691,0.7392075694855116,0.6188781756963575,1.194431470545492
4,_f_delta<=0 E _f_razao_fluxo<=1.33364 E _f_aceleracao>=-0.000831627 E _f_ticks_s>=153.857,1250,0.7392,0.6188781756963575,1.1944192395672333
4,_f_spread<=1 E _f_saldo>=0 E _f_velocidade<=0.205388 E _f_ticks_s>=153.857,1411,0.7391920623671155,0.6188781756963575,1.194406413726549
4,_f_spread<=1 E _f_razao_fluxo<=1 E _f_velocidade<=0.205388 E _f_ticks_s>=153.857,1411,0.7391920623671155,0.6188781756963575,1.194406413726549
4,_f_delta<=16 E _f_razao_fluxo>=0.741693 E _f_aceleracao>=-0.000831627 E _f_ticks_s>=153.857,1982,0.7391523713420787,0.6188781756963575,1.1943422799008698
4,_f_spread<=1 E _f_delta>=0 E _f_velocidade<=0.205388 E _f_ticks_s>=153.857,1403,0.7391304347826086,0.6188781756963575,1.1943068342181304
4,_f_spread<=1.75 E _f_saldo>=0 E _f_velocidade<=0 E _f_ticks_s>=153.857,1104,0.7391304347826086,0.6188781756963575,1.1943068342181304
4,_f_spread<=1.75 E _f_razao_fluxo<=1 E _f_velocidade<=0 E _f_ticks_s>=153.857,1104,0.7391304347826086,0.6188781756963575,1.1943068342181304
4,_f_spread<=1.25 E _f_delta<=0 E _f_ticks_s>=153.857 E _f_score<=61,943,0.7391304347826086,0.6188781756963575,1.1943068342181304
4,_f_spread<=1 E _f_delta>=16 E _f_saldo>=19 E _f_velocidade<=-0.216667,483,0.7391304347826086,0.6188781756963575,1.1943068342181304
4,_f_spread<=1 E _f_delta>=16 E _f_velocidade<=-0.216667 E _f_ticks_s>=72.5852,483,0.7391304347826086,0.6188781756963575,1.1943068342181304
4,_f_spread<=1 E _f_saldo>=19 E _f_velocidade<=-0.216667 E _f_score>=47,483,0.7391304347826086,0.6188781756963575,1.1943068342181304
4,_f_delta>=16 E _f_velocidade<=0 E _f_aceleracao<=-0.000831627 E _f_ticks_s>=153.857,437,0.7391304347826086,0.6188781756963575,1.1943068342181304
4,_f_saldo>=19 E _f_razao_fluxo>=0.741693 E _f_velocidade<=-0.216667 E _f_aceleracao<=-0.000831627,276,0.7391304347826086,0.6188781756963575,1.1943068342181304
4,_f_razao_fluxo<=0.741693 E _f_aceleracao>=0.543681 E _f_ticks_s>=72.5852 E _f_score<=77,276,0.7391304347826086,0.6188781756963575,1.1943068342181304
4,_f_saldo<=19 E _f_aceleracao>=-0.000831627 E _f_ticks_s>=153.857 E _f_score<=47,253,0.7391304347826086,0.6188781756963575,1.1943068342181304
4,_f_razao_fluxo>=1.33364 E _f_velocidade<=0.205388 E _f_aceleracao>=0.543681 E _f_ticks_s>=153.857,253,0.7391304347826086,0.6188781756963575,1.1943068342181304
4,_f_spread>=1.25 E _f_saldo<=19 E _f_aceleracao>=0.543681 E _f_ticks_s>=153.857,230,0.7391304347826086,0.6188781756963575,1.1943068342181304
4,_f_saldo<=0 E _f_velocidade>=0.205388 E _f_aceleracao<=-0.552272 E _f_ticks_s>=153.857,207,0.7391304347826086,0.6188781756963575,1.1943068342181304
4,_f_razao_fluxo>=1 E _f_velocidade>=0.205388 E _f_aceleracao<=-0.552272 E _f_ticks_s>=153.857,207,0.7391304347826086,0.6188781756963575,1.1943068342181304
4,_f_delta<=0 E _f_aceleracao>=0.543681 E _f_ticks_s>=153.857 E _f_score>=77,184,0.7391304347826086,0.6188781756963575,1.1943068342181304
4,_f_spread>=1.75 E _f_aceleracao<=-0.000831627 E _f_ticks_s>=153.857 E _f_score<=61,138,0.7391304347826086,0.6188781756963575,1.1943068342181304
4,_f_delta<=0 E _f_velocidade>=0.205388 E _f_aceleracao>=0.543681 E _f_score>=77,92,0.7391304347826086,0.6188781756963575,1.1943068342181304
4,_f_delta>=16 E _f_velocidade<=0 E _f_aceleracao>=-0.000831627 E _f_score>=77,92,0.7391304347826086,0.6188781756963575,1.1943068342181304
4,_f_saldo>=0 E _f_razao_fluxo>=1 E _f_velocidade<=0.205388 E _f_aceleracao<=-0.552272,92,0.7391304347826086,0.6188781756963575,1.1943068342181304
4,_f_saldo<=0 E _f_razao_fluxo<=1 E _f_velocidade<=0.205388 E _f_aceleracao<=-0.552272,92,0.7391304347826086,0.6188781756963575,1.1943068342181304
4,_f_saldo>=19 E _f_velocidade<=0 E _f_aceleracao>=-0.000831627 E _f_score>=77,92,0.7391304347826086,0.6188781756963575,1.1943068342181304
4,_f_spread>=1.75 E _f_delta>=0 E _f_aceleracao<=-0.552272 E _f_score>=77,46,0.7391304347826086,0.6188781756963575,1.1943068342181304
4,_f_saldo>=-17 E _f_velocidade<=-0.216667 E _f_aceleracao>=0.543681 E _f_score>=77,46,0.7391304347826086,0.6188781756963575,1.1943068342181304
4,_f_saldo>=19 E _f_velocidade>=0.205388 E _f_aceleracao>=-0.000831627 E _f_score<=61,46,0.7391304347826086,0.6188781756963575,1.1943068342181304
4,_f_spread<=1 E _f_delta>=-16 E _f_saldo<=-17 E _f_ticks_s<=72.5852,23,0.7391304347826086,0.6188781756963575,1.1943068342181304
4,_f_spread<=1 E _f_delta<=16 E _f_saldo>=19 E _f_velocidade<=-0.216667,23,0.7391304347826086,0.6188781756963575,1.1943068342181304
4,_f_spread<=1.25 E _f_aceleracao>=-0.000831627 E _f_ticks_s>=153.857 E _f_score<=77,1882,0.7391073326248672,0.6188781756963575,1.1942695051303573
4,_f_spread<=1 E _f_saldo>=19 E _f_aceleracao<=-0.552272 E _f_ticks_s>=72.5852,870,0.7390804597701149,0.6188781756963575,1.1942260832489475
3,_f_velocidade<=-0.216667 E _f_aceleracao>=-0.000831627 E _f_ticks_s>=153.857,1161,0.7390180878552972,0.6188781756963575,1.1941253010315949
4,_f_saldo<=-17 E _f_razao_fluxo>=1.33364 E _f_aceleracao>=0.543681 E _f_ticks_s>=153.857,272,0.7389705882352942,0.6188781756963575,1.1940485498681699
4,_f_delta>=16 E _f_velocidade<=0.205388 E _f_aceleracao>=-0.552272 E _f_ticks_s>=153.857,854,0.7388758782201406,0.6188781756963575,1.1938955148786148
4,_f_spread>=1 E _f_saldo>=-17 E _f_razao_fluxo>=0.741693 E _f_ticks_s>=153.857,1528,0.7388743455497382,0.6188781756963575,1.19389303834856
4,_f_spread>=1 E _f_razao_fluxo>=0.741693 E _f_velocidade>=-0.216667 E _f_ticks_s>=153.857,1570,0.7388535031847133,0.6188781756963575,1.1938593606946317
4,_f_delta<=0 E _f_saldo<=0 E _f_ticks_s>=153.857 E _f_score<=61,1072,0.7388059701492538,0.6188781756963575,1.1937825555376134
4,_f_delta<=0 E _f_razao_fluxo>=1 E _f_ticks_s>=153.857 E _f_score<=61,1072,0.7388059701492538,0.6188781756963575,1.1937825555376134
4,_f_spread>=1 E _f_saldo>=19 E _f_velocidade<=-0.216667 E _f_score<=47,134,0.7388059701492538,0.6188781756963575,1.1937825555376134
4,_f_spread<=1.75 E _f_velocidade<=-0.216667 E _f_ticks_s>=153.857 E _f_score<=47,134,0.7388059701492538,0.6188781756963575,1.1937825555376134
4,_f_delta<=-16 E _f_saldo<=-17 E _f_velocidade>=0 E _f_score>=77,134,0.7388059701492538,0.6188781756963575,1.1937825555376134
4,_f_razao_fluxo<=0.741693 E _f_aceleracao<=0.543681 E _f_ticks_s>=153.857 E _f_score<=61,134,0.7388059701492538,0.6188781756963575,1.1937825555376134
4,_f_spread<=1.25 E _f_saldo>=0 E _f_velocidade<=0.205388 E _f_ticks_s>=153.857,1516,0.7387862796833773,0.6188781756963575,1.1937507391533075
4,_f_spread<=1.25 E _f_razao_fluxo<=1 E _f_velocidade<=0.205388 E _f_ticks_s>=153.857,1516,0.7387862796833773,0.6188781756963575,1.1937507391533075
4,_f_saldo<=0 E _f_velocidade<=0.205388 E _f_aceleracao>=0.543681 E _f_ticks_s>=153.857,846,0.7387706855791962,0.6188781756963575,1.193725541780394
4,_f_razao_fluxo>=1 E _f_velocidade<=0.205388 E _f_aceleracao>=0.543681 E _f_ticks_s>=153.857,846,0.7387706855791962,0.6188781756963575,1.193725541780394
4,_f_saldo>=-17 E _f_aceleracao>=-0.552272 E _f_ticks_s>=153.857 E _f_score<=47,356,0.7387640449438202,0.6188781756963575,1.1937148116631644
4,_f_spread<=1 E _f_saldo>=19 E _f_velocidade<=0.205388 E _f_aceleracao<=-0.552272,467,0.7387580299785867,0.6188781756963575,1.1937050925205777
4,_f_delta<=0 E _f_razao_fluxo<=1.33364 E _f_velocidade>=0.205388 E _f_ticks_s>=153.857,578,0.7387543252595156,0.6188781756963575,1.1936991063358702
4,_f_spread>=1 E _f_saldo<=-17 E _f_velocidade>=0.205388 E _f_score>=61,222,0.7387387387387387,0.6188781756963575,1.1936739212164251
4,_f_spread>=1.25 E _f_delta<=-16 E _f_velocidade>=0.205388 E _f_aceleracao>=-0.000831627,222,0.7387387387387387,0.6188781756963575,1.1936739212164251
4,_f_spread>=1.75 E _f_delta<=-16 E _f_ticks_s>=72.5852 E _f_score<=47,111,0.7387387387387387,0.6188781756963575,1.1936739212164251
4,_f_delta<=-16 E _f_razao_fluxo>=1.33364 E _f_ticks_s>=72.5852 E _f_score<=47,111,0.7387387387387387,0.6188781756963575,1.1936739212164251
4,_f_saldo>=19 E _f_velocidade<=-0.216667 E _f_aceleracao<=0.543681 E _f_score<=47,111,0.7387387387387387,0.6188781756963575,1.1936739212164251
4,_f_spread>=1.25 E _f_saldo>=-17 E _f_velocidade<=0 E _f_ticks_s>=153.857,310,0.7387096774193549,0.6188781756963575,1.1936269631550083
4,_f_spread<=1 E _f_saldo<=0 E _f_aceleracao>=0.543681 E _f_ticks_s>=153.857,884,0.7386877828054299,0.6188781756963575,1.1935915852490087
4,_f_spread<=1 E _f_razao_fluxo>=1 E _f_aceleracao>=0.543681 E _f_ticks_s>=153.857,884,0.7386877828054299,0.6188781756963575,1.1935915852490087
4,_f_delta>=0 E _f_velocidade<=0.205388 E _f_aceleracao<=-0.552272 E _f_ticks_s>=153.857,551,0.7386569872958257,0.6188781756963575,1.1935418250363958
4,_f_razao_fluxo<=0.741693 E _f_velocidade<=0 E _f_aceleracao<=-0.000831627 E _f_ticks_s>=153.857,88,0.7386363636363636,0.6188781756963575,1.1935085007727975
4,_f_spread<=1 E _f_delta>=16 E _f_aceleracao<=-0.552272 E _f_ticks_s>=153.857,746,0.7386058981233244,0.6188781756963575,1.193459273777509
4,_f_spread<=1.75 E _f_delta<=16 E _f_aceleracao>=-0.000831627 E _f_ticks_s>=153.857,1905,0.7385826771653543,0.6188781756963575,1.1934217527291313
4,_f_saldo<=-17 E _f_velocidade<=-0.216667 E _f_aceleracao>=-0.000831627 E _f_ticks_s>=153.857,700,0.7385714285714285,0.6188781756963575,1.1934035769485538
4,_f_spread>=1.75 E _f_saldo>=19 E _f_velocidade<=-0.216667 E _f_ticks_s>=72.5852,153,0.738562091503268,0.6188781756963575,1.193388489862715
4,_f_saldo<=0 E _f_velocidade>=0 E _f_aceleracao>=0.543681 E _f_ticks_s>=153.857,371,0.738544474393531,0.6188781756963575,1.1933600236630186
4,_f_razao_fluxo>=1 E _f_velocidade>=0 E _f_aceleracao>=0.543681 E _f_ticks_s>=153.857,371,0.738544474393531,0.6188781756963575,1.1933600236630186
3,_f_spread>=1.25 E _f_velocidade<=0.205388 E _f_ticks_s>=153.857,654,0.7385321100917431,0.6188781756963575,1.1933400450916722
4,_f_saldo<=19 E _f_aceleracao>=0.543681 E _f_ticks_s>=153.857 E _f_score>=77,218,0.7385321100917431,0.6188781756963575,1.1933400450916722
4,_f_razao_fluxo>=1.33364 E _f_aceleracao>=0.543681 E _f_ticks_s>=153.857 E _f_score<=77,218,0.7385321100917431,0.6188781756963575,1.1933400450916722
4,_f_delta>=16 E _f_aceleracao>=0.543681 E _f_ticks_s>=72.5852 E _f_score<=77,501,0.7385229540918163,0.6188781756963575,1.193325250580755
4,_f_velocidade<=0.205388 E _f_aceleracao>=0.543681 E _f_ticks_s>=153.857 E _f_score>=61,868,0.738479262672811,0.6188781756963575,1.1932546528109176
3,_f_velocidade<=-0.216667 E _f_ticks_s>=153.857 E _f_score<=77,1323,0.7384731670445956,0.6188781756963575,1.193244803330915
4,_f_razao_fluxo<=0.741693 E _f_velocidade>=0 E _f_ticks_s>=153.857 E _f_score<=61,65,0.7384615384615385,0.6188781756963575,1.1932260135536799
4,_f_spread>=1 E _f_razao_fluxo>=0.741693 E _f_velocidade<=0.205388 E _f_ticks_s>=153.857,1797,0.7384529771841959,0.6188781756963575,1.193212180011508
4,_f_spread<=1.75 E _f_delta<=16 E _f_saldo>=0 E _f_ticks_s>=153.857,627,0.7384370015948963,0.6188781756963575,1.1931863662246807
4,_f_spread<=1.75 E _f_delta<=16 E _f_razao_fluxo<=1 E _f_ticks_s>=153.857,627,0.7384370015948963,0.6188781756963575,1.1931863662246807
4,_f_delta<=16 E _f_aceleracao>=-0.000831627 E _f_ticks_s>=153.857 E _f_score<=77,1621,0.7384330660086367,0.6188781756963575,1.1931800069985612
4,_f_spread<=1.25 E _f_saldo<=19 E _f_aceleracao>=-0.000831627 E _f_ticks_s>=153.857,1793,0.7384272169548243,0.6188781756963575,1.1931705559401105
4,_f_spread<=1 E _f_delta>=-16 E _f_aceleracao<=-0.552272 E _f_ticks_s>=153.857,1036,0.7384169884169884,0.6188781756963575,1.1931540283935957
4,_f_saldo>=0 E _f_razao_fluxo>=0.741693 E _f_velocidade<=-0.216667 E _f_ticks_s>=153.857,604,0.7384105960264901,0.6188781756963575,1.1931436993971156
4,_f_saldo<=0 E _f_velocidade>=-0.216667 E _f_aceleracao<=-0.552272 E _f_ticks_s>=153.857,474,0.7383966244725738,0.6188781756963575,1.1931211237845558
4,_f_razao_fluxo>=1 E _f_velocidade>=-0.216667 E _f_aceleracao<=-0.552272 E _f_ticks_s>=153.857,474,0.7383966244725738,0.6188781756963575,1.1931211237845558
4,_f_delta>=0 E _f_razao_fluxo>=0.741693 E _f_velocidade<=0 E _f_ticks_s>=153.857,990,0.7383838383838384,0.6188781756963575,1.1931004636785163
4,_f_spread<=1.25 E _f_delta>=0 E _f_velocidade<=0.205388 E _f_ticks_s>=153.857,1506,0.7383798140770252,0.6188781756963575,1.1930939610953404
4,_f_spread<=1 E _f_saldo<=0 E _f_ticks_s>=153.857 E _f_score<=61,860,0.7383720930232558,0.6188781756963575,1.1930814852090148
4,_f_spread<=1 E _f_razao_fluxo>=1 E _f_ticks_s>=153.857 E _f_score<=61,860,0.7383720930232558,0.6188781756963575,1.1930814852090148
4,_f_delta<=16 E _f_velocidade>=0 E _f_ticks_s>=153.857 E _f_score<=61,860,0.7383720930232558,0.6188781756963575,1.1930814852090148
4,_f_delta>=0 E _f_razao_fluxo>=0.741693 E _f_velocidade<=-0.216667 E _f_ticks_s>=153.857,600,0.7383333333333333,0.6188781756963575,1.19301885625966
4,_f_spread<=1.75 E _f_saldo<=0 E _f_aceleracao>=0.543681 E _f_ticks_s>=153.857,1028,0.7383268482490273,0.6188781756963575,1.1930083774860325
4,_f_spread<=1.75 E _f_razao_fluxo>=1 E _f_aceleracao>=0.543681 E _f_ticks_s>=153.857,1028,0.7383268482490273,0.6188781756963575,1.1930083774860325
4,_f_delta>=16 E _f_saldo>=0 E _f_velocidade<=-0.216667 E _f_ticks_s>=72.5852,749,0.7383177570093458,0.6188781756963575,1.1929936876164613
4,_f_delta>=16 E _f_razao_fluxo<=1 E _f_velocidade<=-0.216667 E _f_ticks_s>=72.5852,749,0.7383177570093458,0.6188781756963575,1.1929936876164613
4,_f_delta<=0 E _f_saldo>=-17 E _f_aceleracao>=-0.000831627 E _f_ticks_s>=153.857,363,0.7382920110192838,0.6188781756963575,1.1929520865533232
4,_f_spread>=1.75 E _f_saldo>=-17 E _f_velocidade<=0 E _f_ticks_s>=153.857,149,0.738255033557047,0.6188781756963575,1.192892337375393
4,_f_razao_fluxo<=0.741693 E _f_velocidade<=0 E _f_ticks_s>=153.857 E _f_score<=77,149,0.738255033557047,0.6188781756963575,1.192892337375393
3,_f_spread>=1 E _f_delta<=16 E _f_ticks_s>=153.857,1765,0.738243626062323,0.6188781756963575,1.192873904838632
4,_f_velocidade<=0.205388 E _f_aceleracao>=-0.000831627 E _f_ticks_s>=153.857 E _f_score>=47,1956,0.7382413087934561,0.6188781756963575,1.1928701605332779
4,_f_spread<=1.75 E _f_saldo>=19 E _f_velocidade<=-0.216667 E _f_ticks_s>=72.5852,680,0.7382352941176471,0.6188781756963575,1.1928604418583508
4,_f_razao_fluxo>=0.741693 E _f_aceleracao>=-0.552272 E _f_ticks_s>=153.857 E _f_score<=47,382,0.7382198952879581,0.6188781756963575,1.1928355600152132
4,_f_spread<=1.25 E _f_saldo>=19 E _f_velocidade<=-0.216667 E _f_aceleracao>=0.543681,191,0.7382198952879581,0.6188781756963575,1.1928355600152132
4,_f_spread>=1.75 E _f_saldo<=19 E _f_ticks_s>=153.857 E _f_score<=61,191,0.7382198952879581,0.6188781756963575,1.1928355600152132
4,_f_spread<=1.75 E _f_delta>=0 E _f_velocidade<=0 E _f_ticks_s>=153.857,1100,0.7381818181818182,0.6188781756963575,1.1927740340030912
4,_f_spread<=1.25 E _f_delta<=16 E _f_saldo>=0 E _f_ticks_s>=153.857,550,0.7381818181818182,0.6188781756963575,1.1927740340030912
4,_f_spread<=1.25 E _f_delta<=16 E _f_razao_fluxo<=1 E _f_ticks_s>=153.857,550,0.7381818181818182,0.6188781756963575,1.1927740340030912
4,_f_spread>=1 E _f_saldo<=-17 E _f_ticks_s>=153.857 E _f_score<=61,317,0.7381703470031545,0.6188781756963575,1.192755498564108
3,_f_delta<=16 E _f_aceleracao>=-0.000831627 E _f_ticks_s>=153.857,1986,0.7381671701913394,0.6188781756963575,1.192750365386142
4,_f_spread>=1.25 E _f_saldo<=19 E _f_aceleracao>=-0.552272 E _f_ticks_s>=153.857,401,0.7381546134663342,0.6188781756963575,1.1927300758921862
3,_f_aceleracao>=-0.000831627 E _f_ticks_s>=153.857 E _f_score<=77,2131,0.7381511027686533,0.6188781756963575,1.1927244032124589
4,_f_spread<=1.75 E _f_delta>=0 E _f_velocidade<=0.205388 E _f_ticks_s>=153.857,1623,0.738139248305607,0.6188781756963575,1.1927052484522624
4,_f_spread>=1 E _f_velocidade>=-0.216667 E _f_ticks_s>=153.857 E _f_score<=77,1348,0.7381305637982196,0.6188781756963575,1.1926912157916705
3,_f_velocidade<=0 E _f_aceleracao>=-0.000831627 E _f_ticks_s>=153.857,1684,0.7381235154394299,0.6188781756963575,1.192679826863984
4,_f_spread<=1 E _f_velocidade<=0.205388 E _f_aceleracao>=0.543681 E _f_ticks_s>=153.857,1115,0.7381165919282511,0.6188781756963575,1.1926686396684247
4,_f_spread<=1.25 E _f_delta>=-16 E _f_aceleracao<=-0.552272 E _f_ticks_s>=153.857,1134,0.7380952380952381,0.6188781756963575,1.1926341355707664
4,_f_spread<=1.75 E _f_delta>=16 E _f_velocidade<=-0.216667 E _f_ticks_s>=72.5852,672,0.7380952380952381,0.6188781756963575,1.1926341355707664
3,_f_spread<=1 E _f_saldo>=19 E _f_velocidade<=-0.216667,504,0.7380952380952381,0.6188781756963575,1.1926341355707664
4,_f_spread<=1 E _f_delta>=-16 E _f_saldo>=19 E _f_velocidade<=-0.216667,504,0.7380952380952381,0.6188781756963575,1.1926341355707664
4,_f_spread<=1 E _f_delta>=0 E _f_saldo>=19 E _f_velocidade<=-0.216667,504,0.7380952380952381,0.6188781756963575,1.1926341355707664
4,_f_spread<=1 E _f_saldo>=19 E _f_razao_fluxo<=1 E _f_velocidade<=-0.216667,504,0.7380952380952381,0.6188781756963575,1.1926341355707664
4,_f_spread<=1 E _f_saldo>=19 E _f_razao_fluxo<=1.33364 E _f_velocidade<=-0.216667,504,0.7380952380952381,0.6188781756963575,1.1926341355707664
4,_f_delta>=16 E _f_velocidade<=-0.216667 E _f_aceleracao<=0.543681 E _f_ticks_s>=72.5852,504,0.7380952380952381,0.6188781756963575,1.1926341355707664
4,_f_saldo>=19 E _f_velocidade<=-0.216667 E _f_aceleracao>=0.543681 E _f_ticks_s>=72.5852,252,0.7380952380952381,0.6188781756963575,1.1926341355707664
4,_f_spread<=1 E _f_razao_fluxo>=1.33364 E _f_aceleracao>=0.543681 E _f_ticks_s>=153.857,210,0.7380952380952381,0.6188781756963575,1.1926341355707664
4,_f_razao_fluxo>=1.33364 E _f_aceleracao>=-0.000831627 E _f_ticks_s>=72.5852 E _f_score<=47,168,0.7380952380952381,0.6188781756963575,1.1926341355707664
4,_f_spread<=1 E _f_delta>=16 E _f_aceleracao>=0.543681 E _f_score<=61,126,0.7380952380952381,0.6188781756963575,1.1926341355707664
4,_f_spread<=1 E _f_delta>=0 E _f_aceleracao>=0.543681 E _f_score<=47,84,0.7380952380952381,0.6188781756963575,1.1926341355707664
4,_f_spread>=1.75 E _f_delta<=0 E _f_aceleracao>=0.543681 E _f_ticks_s>=153.857,84,0.7380952380952381,0.6188781756963575,1.1926341355707664
4,_f_spread>=1.75 E _f_saldo<=0 E _f_aceleracao>=0.543681 E _f_ticks_s>=153.857,84,0.7380952380952381,0.6188781756963575,1.1926341355707664
4,_f_spread>=1.75 E _f_razao_fluxo>=1 E _f_aceleracao>=0.543681 E _f_ticks_s>=153.857,84,0.7380952380952381,0.6188781756963575,1.1926341355707664
4,_f_saldo<=-17 E _f_aceleracao>=0.543681 E _f_ticks_s>=72.5852 E _f_score<=47,84,0.7380952380952381,0.6188781756963575,1.1926341355707664
4,_f_spread>=1.75 E _f_delta<=-16 E _f_razao_fluxo<=1.33364 E _f_score<=47,42,0.7380952380952381,0.6188781756963575,1.1926341355707664
4,_f_spread>=1.75 E _f_saldo<=-17 E _f_razao_fluxo<=1.33364 E _f_ticks_s>=153.857,42,0.7380952380952381,0.6188781756963575,1.1926341355707664
4,_f_spread<=1.25 E _f_saldo>=19 E _f_velocidade<=0 E _f_aceleracao<=-0.552272,355,0.7380281690140845,0.6188781756963575,1.1925257635457258
4,_f_delta>=16 E _f_aceleracao<=-0.552272 E _f_ticks_s>=72.5852 E _f_score>=77,271,0.7380073800738007,0.6188781756963575,1.1924921722169308
4,_f_saldo>=19 E _f_aceleracao<=-0.552272 E _f_ticks_s>=72.5852 E _f_score>=77,271,0.7380073800738007,0.6188781756963575,1.1924921722169308
4,_f_spread<=1 E _f_saldo>=19 E _f_velocidade<=-0.216667 E _f_ticks_s>=42.0552,500,0.738,0.6188781756963575,1.1924802472952087
4,_f_spread<=1.25 E _f_velocidade<=-0.216667 E _f_ticks_s>=153.857 E _f_score<=77,1145,0.7379912663755459,0.6188781756963575,1.1924661352699393
4,_f_spread>=1 E _f_razao_fluxo>=1.33364 E _f_aceleracao>=-0.000831627 E _f_ticks_s>=153.857,187,0.7379679144385026,0.6188781756963575,1.1924284025820528
4,_f_delta>=16 E _f_velocidade<=0.205388 E _f_aceleracao<=-0.552272 E _f_ticks_s>=72.5852,664,0.7379518072289156,0.6188781756963575,1.1924023761196252
4,_f_spread<=1.25 E _f_saldo>=0 E _f_velocidade<=0 E _f_ticks_s>=153.857,1015,0.7379310344827587,0.6188781756963575,1.192368810957736
4,_f_spread<=1.25 E _f_razao_fluxo<=1 E _f_velocidade<=0 E _f_ticks_s>=153.857,1015,0.7379310344827587,0.6188781756963575,1.192368810957736
4,_f_saldo<=-17 E _f_velocidade>=0 E _f_aceleracao>=-0.000831627 E _f_ticks_s>=153.857,435,0.7379310344827587,0.6188781756963575,1.192368810957736
4,_f_delta<=0 E _f_velocidade<=-0.216667 E _f_ticks_s>=153.857 E _f_score<=61,290,0.7379310344827587,0.6188781756963575,1.192368810957736
4,_f_delta>=0 E _f_velocidade<=0.205388 E _f_aceleracao<=0.543681 E _f_ticks_s>=153.857,1179,0.7379134860050891,0.6188781756963575,1.1923404556555801
4,_f_spread>=1.25 E _f_delta>=-16 E _f_ticks_s>=153.857 E _f_score<=61,393,0.7379134860050891,0.6188781756963575,1.1923404556555801
3,_f_delta<=-16 E _f_ticks_s>=153.857 E _f_score<=61,641,0.7379095163806553,0.6188781756963575,1.1923340414296635
4,_f_delta<=-16 E _f_saldo<=0 E _f_ticks_s>=153.857 E _f_score<=61,641,0.7379095163806553,0.6188781756963575,1.1923340414296635
4,_f_delta<=-16 E _f_saldo<=19 E _f_ticks_s>=153.857 E _f_score<=61,641,0.7379095163806553,0.6188781756963575,1.1923340414296635
4,_f_delta<=-16 E _f_razao_fluxo>=0.741693 E _f_ticks_s>=153.857 E _f_score<=61,641,0.7379095163806553,0.6188781756963575,1.1923340414296635
4,_f_delta<=-16 E _f_razao_fluxo>=1 E _f_ticks_s>=153.857 E _f_score<=61,641,0.7379095163806553,0.6188781756963575,1.1923340414296635
4,_f_razao_fluxo>=0.741693 E _f_aceleracao>=-0.000831627 E _f_ticks_s>=153.857 E _f_score<=77,2026,0.7379072063178678,0.6188781756963575,1.192330308768086
4,_f_spread>=1 E _f_delta<=-16 E _f_ticks_s>=153.857 E _f_score<=77,702,0.7378917378917379,0.6188781756963575,1.1923053144691476
4,_f_saldo>=19 E _f_aceleracao<=-0.552272 E _f_ticks_s>=153.857 E _f_score<=61,351,0.7378917378917379,0.6188781756963575,1.1923053144691476
4,_f_spread>=1.25 E _f_delta>=0 E _f_ticks_s>=153.857 E _f_score<=61,267,0.7378277153558053,0.6188781756963575,1.1922018651338069
3,_f_saldo>=19 E _f_velocidade<=-0.216667 E _f_ticks_s>=72.5852,778,0.7377892030848329,0.6188781756963575,1.1921396359706455
4,_f_delta>=-16 E _f_saldo>=19 E _f_velocidade<=-0.216667 E _f_ticks_s>=72.5852,778,0.7377892030848329,0.6188781756963575,1.1921396359706455
4,_f_delta>=0 E _f_saldo>=19 E _f_velocidade<=-0.216667 E _f_ticks_s>=72.5852,778,0.7377892030848329,0.6188781756963575,1.1921396359706455
4,_f_saldo>=19 E _f_razao_fluxo<=1 E _f_velocidade<=-0.216667 E _f_ticks_s>=72.5852,778,0.7377892030848329,0.6188781756963575,1.1921396359706455
4,_f_saldo>=19 E _f_razao_fluxo<=1.33364 E _f_velocidade<=-0.216667 E _f_ticks_s>=72.5852,778,0.7377892030848329,0.6188781756963575,1.1921396359706455
4,_f_delta<=0 E _f_saldo>=-17 E _f_razao_fluxo<=1.33364 E _f_ticks_s>=153.857,675,0.7377777777777778,0.6188781756963575,1.192121174652241
4,_f_spread>=1 E _f_velocidade>=0.205388 E _f_aceleracao<=-0.552272 E _f_ticks_s>=153.857,408,0.7377450980392157,0.6188781756963575,1.1920683698518049
4,_f_spread<=1.25 E _f_saldo>=19 E _f_velocidade<=-0.216667 E _f_aceleracao<=-0.000831627,305,0.7377049180327869,0.6188781756963575,1.192003445916842
4,_f_velocidade<=-0.216667 E _f_aceleracao>=0.543681 E _f_ticks_s>=153.857 E _f_score<=61,305,0.7377049180327869,0.6188781756963575,1.192003445916842
4,_f_saldo<=0 E _f_aceleracao>=0.543681 E _f_ticks_s>=153.857 E _f_score>=77,183,0.7377049180327869,0.6188781756963575,1.192003445916842
4,_f_razao_fluxo>=1 E _f_aceleracao>=0.543681 E _f_ticks_s>=153.857 E _f_score>=77,183,0.7377049180327869,0.6188781756963575,1.192003445916842
4,_f_spread<=1 E _f_delta<=16 E _f_saldo>=19 E _f_velocidade>=0,61,0.7377049180327869,0.6188781756963575,1.192003445916842
4,_f_spread<=1 E _f_saldo<=0 E _f_aceleracao<=-0.552272 E _f_score<=47,61,0.7377049180327869,0.6188781756963575,1.192003445916842
4,_f_spread<=1 E _f_razao_fluxo>=1 E _f_aceleracao<=-0.552272 E _f_score<=47,61,0.7377049180327869,0.6188781756963575,1.192003445916842
4,_f_spread>=1.75 E _f_delta<=-16 E _f_velocidade>=0.205388 E _f_aceleracao>=0.543681,61,0.7377049180327869,0.6188781756963575,1.192003445916842
4,_f_delta<=0 E _f_aceleracao>=-0.552272 E _f_ticks_s>=153.857 E _f_score<=61,873,0.7376861397479955,0.6188781756963575,1.1919731034592649
4,_f_spread<=1.75 E _f_aceleracao>=-0.000831627 E _f_ticks_s>=153.857 E _f_score<=77,2028,0.73767258382643,0.6188781756963575,1.1919511994366352
4,_f_delta<=16 E _f_aceleracao>=-0.000831627 E _f_ticks_s>=153.857 E _f_score>=47,1761,0.737649063032368,0.6188781756963575,1.1919131939050367
4,_f_saldo>=19 E _f_velocidade<=-0.216667 E _f_aceleracao<=0.543681 E _f_ticks_s>=72.5852,526,0.7376425855513308,0.6188781756963575,1.1919027274169758
4,_f_saldo>=19 E _f_aceleracao>=0.543681 E _f_ticks_s>=72.5852 E _f_score<=77,526,0.7376425855513308,0.6188781756963575,1.1919027274169758
4,_f_spread<=1.25 E _f_delta>=0 E _f_velocidade<=0 E _f_ticks_s>=153.857,1010,0.7376237623762376,0.6188781756963575,1.191872312424442
4,_f_spread<=1.25 E _f_delta<=16 E _f_ticks_s>=153.857 E _f_score<=61,1292,0.7376160990712074,0.6188781756963575,1.191859929850082
4,_f_spread>=1.25 E _f_velocidade<=-0.216667 E _f_ticks_s>=153.857 E _f_score>=47,343,0.7376093294460642,0.6188781756963575,1.1918489913077177
3,_f_saldo<=0 E _f_velocidade>=0.205388 E _f_score>=77,141,0.7375886524822695,0.6188781756963575,1.1918155809135453
3,_f_razao_fluxo>=1 E _f_velocidade>=0.205388 E _f_score>=77,141,0.7375886524822695,0.6188781756963575,1.1918155809135453
4,_f_delta<=16 E _f_saldo<=0 E _f_velocidade>=0.205388 E _f_score>=77,141,0.7375886524822695,0.6188781756963575,1.1918155809135453
4,_f_delta<=16 E _f_razao_fluxo>=1 E _f_velocidade>=0.205388 E _f_score>=77,141,0.7375886524822695,0.6188781756963575,1.1918155809135453
4,_f_saldo<=0 E _f_razao_fluxo>=0.741693 E _f_velocidade>=0.205388 E _f_score>=77,141,0.7375886524822695,0.6188781756963575,1.1918155809135453
4,_f_saldo<=0 E _f_razao_fluxo>=1 E _f_velocidade>=0.205388 E _f_score>=77,141,0.7375886524822695,0.6188781756963575,1.1918155809135453
4,_f_saldo<=19 E _f_razao_fluxo>=1 E _f_velocidade>=0.205388 E _f_score>=77,141,0.7375886524822695,0.6188781756963575,1.1918155809135453
4,_f_velocidade<=-0.216667 E _f_aceleracao<=-0.000831627 E _f_ticks_s>=72.5852 E _f_score<=47,141,0.7375886524822695,0.6188781756963575,1.1918155809135453
4,_f_saldo<=19 E _f_velocidade>=-0.216667 E _f_aceleracao>=-0.000831627 E _f_ticks_s>=153.857,1086,0.7375690607734806,0.6188781756963575,1.1917839241035975
4,_f_delta<=16 E _f_aceleracao>=-0.552272 E _f_ticks_s>=153.857 E _f_score<=47,362,0.7375690607734806,0.6188781756963575,1.1917839241035975
4,_f_spread>=1 E _f_delta<=-16 E _f_velocidade>=0.205388 E _f_ticks_s>=153.857,221,0.7375565610859729,0.6188781756963575,1.191763726772364
4,_f_saldo<=0 E _f_aceleracao>=0.543681 E _f_ticks_s>=153.857 E _f_score<=77,903,0.7375415282392026,0.6188781756963575,1.1917394362942688
4,_f_razao_fluxo>=1 E _f_aceleracao>=0.543681 E _f_ticks_s>=153.857 E _f_score<=77,903,0.7375415282392026,0.6188781756963575,1.1917394362942688
3,_f_delta<=16 E _f_saldo>=0 E _f_ticks_s>=153.857,682,0.7375366568914956,0.6188781756963575,1.1917315650396372
3,_f_delta<=16 E _f_razao_fluxo<=1 E _f_ticks_s>=153.857,682,0.7375366568914956,0.6188781756963575,1.1917315650396372
4,_f_delta<=16 E _f_saldo>=-17 E _f_razao_fluxo<=1 E _f_ticks_s>=153.857,682,0.7375366568914956,0.6188781756963575,1.1917315650396372
4,_f_delta<=16 E _f_saldo>=0 E _f_razao_fluxo<=1 E _f_ticks_s>=153.857,682,0.7375366568914956,0.6188781756963575,1.1917315650396372
4,_f_delta<=16 E _f_saldo>=0 E _f_razao_fluxo<=1.33364 E _f_ticks_s>=153.857,682,0.7375366568914956,0.6188781756963575,1.1917315650396372
4,_f_spread>=1.25 E _f_saldo<=19 E _f_velocidade<=0.205388 E _f_ticks_s>=153.857,461,0.737527114967462,0.6188781756963575,1.1917161469421693
3,_f_spread>=1.25 E _f_delta<=16 E _f_ticks_s>=153.857,640,0.7375,0.6188781756963575,1.1916723338485318
4,_f_saldo>=19 E _f_razao_fluxo>=0.741693 E _f_aceleracao<=-0.552272 E _f_ticks_s>=153.857,640,0.7375,0.6188781756963575,1.1916723338485318
4,_f_delta<=0 E _f_saldo>=0 E _f_velocidade<=0.205388 E _f_ticks_s>=72.5852,240,0.7375,0.6188781756963575,1.1916723338485318
4,_f_delta<=0 E _f_razao_fluxo<=1 E _f_velocidade<=0.205388 E _f_ticks_s>=72.5852,240,0.7375,0.6188781756963575,1.1916723338485318
4,_f_spread<=1 E _f_delta>=16 E _f_velocidade<=-0.216667 E _f_aceleracao>=0.543681,160,0.7375,0.6188781756963575,1.1916723338485318
4,_f_razao_fluxo>=0.741693 E _f_aceleracao>=0.543681 E _f_ticks_s>=153.857 E _f_score<=47,160,0.7375,0.6188781756963575,1.1916723338485318
4,_f_delta>=0 E _f_velocidade<=-0.216667 E _f_ticks_s>=153.857 E _f_score<=47,80,0.7375,0.6188781756963575,1.1916723338485318
4,_f_delta>=16 E _f_razao_fluxo>=0.741693 E _f_aceleracao<=-0.552272 E _f_score>=61,499,0.7374749498997996,0.6188781756963575,1.1916318572229467
4,_f_spread<=1 E _f_delta>=-16 E _f_velocidade<=-0.216667 E _f_ticks_s>=153.857,678,0.7374631268436578,0.6188781756963575,1.1916127532108711
3,_f_delta<=0 E _f_ticks_s>=153.857 E _f_score<=61,1116,0.7374551971326165,0.6188781756963575,1.1915999401705142
4,_f_delta<=0 E _f_saldo<=19 E _f_ticks_s>=153.857 E _f_score<=61,1116,0.7374551971326165,0.6188781756963575,1.1915999401705142
4,_f_delta<=0 E _f_razao_fluxo>=0.741693 E _f_ticks_s>=153.857 E _f_score<=61,1116,0.7374551971326165,0.6188781756963575,1.1915999401705142
4,_f_delta>=16 E _f_velocidade<=-0.216667 E _f_aceleracao>=0.543681 E _f_ticks_s>=153.857,179,0.7374301675977654,0.6188781756963575,1.1915594967749734
4,_f_saldo<=0 E _f_razao_fluxo<=1.33364 E _f_aceleracao>=0.543681 E _f_score>=77,179,0.7374301675977654,0.6188781756963575,1.1915594967749734
4,_f_delta<=16 E _f_saldo<=0 E _f_ticks_s>=153.857 E _f_score<=61,1093,0.737419945105215,0.6188781756963575,1.1915429789965934
4,_f_delta<=16 E _f_razao_fluxo>=1 E _f_ticks_s>=153.857 E _f_score<=61,1093,0.737419945105215,0.6188781756963575,1.1915429789965934
4,_f_spread<=1.25 E _f_delta>=16 E _f_razao_fluxo>=0.741693 E _f_velocidade<=-0.216667,457,0.737417943107221,0.6188781756963575,1.1915397441143942
4,_f_spread<=1.25 E _f_saldo>=19 E _f_razao_fluxo>=0.741693 E _f_velocidade<=-0.216667,457,0.737417943107221,0.6188781756963575,1.1915397441143942
4,_f_spread>=1 E _f_saldo>=19 E _f_ticks_s>=153.857 E _f_score<=61,377,0.7374005305039788,0.6188781756963575,1.1915116083617923
4,_f_delta<=16 E _f_saldo>=-17 E _f_ticks_s>=153.857 E _f_score<=77,1169,0.737382378100941,0.6188781756963575,1.1914822772207847
4,_f_saldo>=19 E _f_aceleracao<=-0.552272 E _f_ticks_s>=153.857 E _f_score>=47,891,0.7373737373737373,0.6188781756963575,1.191468315301391
4,_f_delta<=16 E _f_velocidade<=-0.216667 E _f_aceleracao>=0.543681 E _f_ticks_s>=153.857,594,0.7373737373737373,0.6188781756963575,1.191468315301391
3,_f_delta>=16 E _f_velocidade<=-0.216667 E _f_aceleracao<=-0.552272,297,0.7373737373737373,0.6188781756963575,1.191468315301391
4,_f_delta>=16 E _f_saldo>=-17 E _f_velocidade<=-0.216667 E _f_aceleracao<=-0.552272,297,0.7373737373737373,0.6188781756963575,1.191468315301391
4,_f_delta>=16 E _f_saldo>=0 E _f_velocidade<=-0.216667 E _f_aceleracao<=-0.552272,297,0.7373737373737373,0.6188781756963575,1.191468315301391
4,_f_delta>=16 E _f_razao_fluxo<=1 E _f_velocidade<=-0.216667 E _f_aceleracao<=-0.552272,297,0.7373737373737373,0.6188781756963575,1.191468315301391
4,_f_delta>=16 E _f_razao_fluxo<=1.33364 E _f_velocidade<=-0.216667 E _f_aceleracao<=-0.552272,297,0.7373737373737373,0.6188781756963575,1.191468315301391
4,_f_spread>=1.75 E _f_delta>=-16 E _f_saldo<=-17 E _f_velocidade<=0,99,0.7373737373737373,0.6188781756963575,1.191468315301391
4,_f_spread<=1.75 E _f_velocidade<=0.205388 E _f_aceleracao>=-0.000831627 E _f_ticks_s>=153.857,2094,0.7373447946513849,0.6188781756963575,1.191421548872247
3,_f_delta>=16 E _f_velocidade<=-0.216667 E _f_ticks_s>=72.5852,750,0.7373333333333333,0.6188781756963575,1.191403029366306
4,_f_delta>=16 E _f_saldo>=-17 E _f_velocidade<=-0.216667 E _f_ticks_s>=72.5852,750,0.7373333333333333,0.6188781756963575,1.191403029366306
4,_f_delta>=16 E _f_razao_fluxo<=1.33364 E _f_velocidade<=-0.216667 E _f_ticks_s>=72.5852,750,0.7373333333333333,0.6188781756963575,1.191403029366306
4,_f_delta>=16 E _f_razao_fluxo>=0.741693 E _f_velocidade<=0 E _f_score>=61,434,0.7373271889400922,0.6188781756963575,1.1913931010904637
4,_f_spread<=1.25 E _f_delta>=16 E _f_velocidade<=-0.216667 E _f_score<=61,335,0.7373134328358208,0.6188781756963575,1.1913708736072341
4,_f_delta>=-16 E _f_velocidade<=0.205388 E _f_ticks_s>=153.857 E _f_score<=77,1831,0.7373020207536866,0.6188781756963575,1.1913524336580126
4,_f_delta<=0 E _f_velocidade>=-0.216667 E _f_ticks_s>=153.857 E _f_score<=61,826,0.7372881355932204,0.6188781756963575,1.1913299976423126
4,_f_delta<=16 E _f_aceleracao<=0.543681 E _f_ticks_s>=153.857 E _f_score<=47,354,0.7372881355932204,0.6188781756963575,1.1913299976423126
4,_f_delta<=16 E _f_velocidade>=0 E _f_ticks_s>=153.857 E _f_score<=47,255,0.7372549019607844,0.6188781756963575,1.1912762978452587
4,_f_spread<=1.75 E _f_aceleracao>=0.543681 E _f_ticks_s>=153.857 E _f_score<=47,137,0.7372262773722628,0.6188781756963575,1.1912300454653144
4,_f_delta<=0 E _f_saldo<=0 E _f_velocidade>=0.205388 E _f_score>=77,137,0.7372262773722628,0.6188781756963575,1.1912300454653144
4,_f_delta<=0 E _f_razao_fluxo>=1 E _f_velocidade>=0.205388 E _f_score>=77,137,0.7372262773722628,0.6188781756963575,1.1912300454653144
4,_f_spread>=1 E _f_delta>=-16 E _f_razao_fluxo>=0.741693 E _f_ticks_s>=153.857,1526,0.737221494102228,0.6188781756963575,1.1912223165289542
4,_f_delta<=16 E _f_razao_fluxo>=0.741693 E _f_velocidade>=0.205388 E _f_ticks_s>=153.857,841,0.737217598097503,0.6188781756963575,1.1912160212597427
4,_f_delta<=16 E _f_velocidade<=0.205388 E _f_aceleracao>=-0.000831627 E _f_ticks_s>=153.857,1564,0.7372122762148338,0.6188781756963575,1.1912074220186024
4,_f_spread>=1.25 E _f_razao_fluxo>=0.741693 E _f_velocidade<=0.205388 E _f_ticks_s>=153.857,586,0.7372013651877133,0.6188781756963575,1.1911897916875471
4,_f_velocidade<=0 E _f_aceleracao<=-0.552272 E _f_ticks_s>=153.857 E _f_score<=61,293,0.7372013651877133,0.6188781756963575,1.1911897916875471
3,_f_spread>=1 E _f_aceleracao>=-0.000831627 E _f_ticks_s>=153.857,1503,0.7371922821024618,0.6188781756963575,1.1911751149941232
4,_f_delta<=0 E _f_saldo>=-17 E _f_ticks_s>=153.857 E _f_score<=77,624,0.7371794871794872,0.6188781756963575,1.1911544406134824
4,_f_spread<=1.75 E _f_saldo<=19 E _f_aceleracao>=-0.000831627 E _f_ticks_s>=153.857,1921,0.737116085372202,0.6188781756963575,1.1910519942681836
4,_f_delta<=0 E _f_razao_fluxo<=1.33364 E _f_ticks_s>=153.857 E _f_score<=61,970,0.7371134020618557,0.6188781756963575,1.191047658503163
4,_f_delta>=16 E _f_velocidade<=0.205388 E _f_aceleracao>=0.543681 E _f_ticks_s>=153.857,388,0.7371134020618557,0.6188781756963575,1.191047658503163
4,_f_spread>=1.75 E _f_saldo>=-17 E _f_velocidade<=0.205388 E _f_ticks_s>=153.857,194,0.7371134020618557,0.6188781756963575,1.191047658503163
4,_f_delta<=0 E _f_razao_fluxo<=1.33364 E _f_aceleracao>=0.543681 E _f_score>=77,194,0.7371134020618557,0.6188781756963575,1.191047658503163
4,_f_spread<=1.75 E _f_saldo<=-17 E _f_ticks_s>=153.857 E _f_score<=61,601,0.7371048252911814,0.6188781756963575,1.1910337999264493
4,_f_delta<=-16 E _f_velocidade<=0.205388 E _f_ticks_s>=153.857 E _f_score<=61,407,0.7371007371007371,0.6188781756963575,1.1910271941183843
4,_f_saldo>=-17 E _f_velocidade<=0.205388 E _f_ticks_s>=153.857 E _f_score>=61,1027,0.7370983446932814,0.6188781756963575,1.1910233284020775
4,_f_spread>=1 E _f_razao_fluxo<=1.33364 E _f_aceleracao>=-0.000831627 E _f_ticks_s>=153.857,1316,0.7370820668693009,0.6188781756963575,1.1909970262563245
4,_f_delta<=16 E _f_razao_fluxo>=0.741693 E _f_ticks_s>=153.857 E _f_score<=61,1548,0.7370801033591732,0.6188781756963575,1.1909938535638547
4,_f_spread>=1 E _f_aceleracao<=0.543681 E _f_ticks_s>=153.857 E _f_score<=77,1312,0.7370426829268293,0.6188781756963575,1.1909333886229125
3,_f_saldo<=0 E _f_ticks_s>=153.857 E _f_score<=61,1095,0.736986301369863,0.6188781756963575,1.1908422857868772
3,_f_razao_fluxo>=1 E _f_ticks_s>=153.857 E _f_score<=61,1095,0.736986301369863,0.6188781756963575,1.1908422857868772
4,_f_saldo<=0 E _f_razao_fluxo>=0.741693 E _f_ticks_s>=153.857 E _f_score<=61,1095,0.736986301369863,0.6188781756963575,1.1908422857868772
4,_f_saldo<=0 E _f_razao_fluxo>=1 E _f_ticks_s>=153.857 E _f_score<=61,1095,0.736986301369863,0.6188781756963575,1.1908422857868772
4,_f_saldo<=19 E _f_razao_fluxo>=1 E _f_ticks_s>=153.857 E _f_score<=61,1095,0.736986301369863,0.6188781756963575,1.1908422857868772
4,_f_saldo<=19 E _f_razao_fluxo>=0.741693 E _f_aceleracao>=-0.000831627 E _f_ticks_s>=153.857,1996,0.7369739478957916,0.6188781756963575,1.1908223247112464
4,_f_spread>=1.25 E _f_delta<=16 E _f_saldo<=19 E _f_ticks_s>=153.857,612,0.7369281045751634,0.6188781756963575,1.1907482498408948
3,_f_spread>=1 E _f_aceleracao>=0.543681 E _f_ticks_s>=153.857,1049,0.7368922783603432,0.6188781756963575,1.1906903608795012
4,_f_delta<=16 E _f_velocidade<=-0.216667 E _f_aceleracao>=-0.000831627 E _f_ticks_s>=153.857,912,0.7368421052631579,0.6188781756963575,1.1906092898397462
4,_f_spread<=1 E _f_delta>=0 E _f_aceleracao<=-0.552272 E _f_ticks_s>=153.857,893,0.7368421052631579,0.6188781756963575,1.1906092898397462
4,_f_saldo>=19 E _f_velocidade<=0.205388 E _f_aceleracao>=0.543681 E _f_ticks_s>=153.857,380,0.7368421052631579,0.6188781756963575,1.1906092898397462
4,_f_spread>=1.75 E _f_razao_fluxo<=1.33364 E _f_ticks_s>=153.857 E _f_score<=77,304,0.7368421052631579,0.6188781756963575,1.1906092898397462
4,_f_razao_fluxo<=0.741693 E _f_aceleracao<=-0.552272 E _f_ticks_s>=153.857 E _f_score>=47,266,0.7368421052631579,0.6188781756963575,1.1906092898397462
4,_f_spread<=1.25 E _f_aceleracao>=-0.000831627 E _f_ticks_s>=153.857 E _f_score<=47,190,0.7368421052631579,0.6188781756963575,1.1906092898397462
4,_f_saldo>=-17 E _f_razao_fluxo>=1 E _f_aceleracao<=-0.552272 E _f_ticks_s>=153.857,190,0.7368421052631579,0.6188781756963575,1.1906092898397462
4,_f_razao_fluxo<=0.741693 E _f_velocidade<=0 E _f_ticks_s>=72.5852 E _f_score<=47,190,0.7368421052631579,0.6188781756963575,1.1906092898397462
4,_f_spread>=1.75 E _f_delta>=0 E _f_velocidade<=0.205388 E _f_ticks_s>=153.857,114,0.7368421052631579,0.6188781756963575,1.1906092898397462
4,_f_spread>=1.75 E _f_delta<=0 E _f_aceleracao>=-0.000831627 E _f_ticks_s>=153.857,114,0.7368421052631579,0.6188781756963575,1.1906092898397462
4,_f_spread>=1.75 E _f_aceleracao<=-0.552272 E _f_ticks_s>=153.857 E _f_score<=61,95,0.7368421052631579,0.6188781756963575,1.1906092898397462
4,_f_razao_fluxo>=1.33364 E _f_velocidade>=0.205388 E _f_aceleracao>=0.543681 E _f_ticks_s>=72.5852,95,0.7368421052631579,0.6188781756963575,1.1906092898397462
4,_f_delta>=0 E _f_saldo<=19 E _f_ticks_s>=153.857 E _f_score>=77,76,0.7368421052631579,0.6188781756963575,1.1906092898397462
4,_f_delta<=-16 E _f_velocidade>=0.205388 E _f_ticks_s>=72.5852 E _f_score<=47,57,0.7368421052631579,0.6188781756963575,1.1906092898397462
4,_f_delta>=-16 E _f_saldo<=-17 E _f_aceleracao>=-0.000831627 E _f_ticks_s<=42.0552,38,0.7368421052631579,0.6188781756963575,1.1906092898397462
3,_f_razao_fluxo>=1.33364 E _f_ticks_s>=153.857 E _f_score<=47,19,0.7368421052631579,0.6188781756963575,1.1906092898397462
4,_f_spread>=1 E _f_razao_fluxo<=0.741693 E _f_ticks_s>=153.857 E _f_score<=47,19,0.7368421052631579,0.6188781756963575,1.1906092898397462
4,_f_spread>=1 E _f_razao_fluxo>=1.33364 E _f_ticks_s>=153.857 E _f_score<=47,19,0.7368421052631579,0.6188781756963575,1.1906092898397462
4,_f_spread>=1.25 E _f_delta<=-16 E _f_saldo>=-17 E _f_ticks_s>=153.857,19,0.7368421052631579,0.6188781756963575,1.1906092898397462
4,_f_spread>=1.25 E _f_razao_fluxo<=0.741693 E _f_ticks_s>=153.857 E _f_score<=47,19,0.7368421052631579,0.6188781756963575,1.1906092898397462
4,_f_spread>=1.25 E _f_razao_fluxo>=1.33364 E _f_ticks_s>=153.857 E _f_score<=47,19,0.7368421052631579,0.6188781756963575,1.1906092898397462
4,_f_spread<=1.25 E _f_velocidade>=0.205388 E _f_aceleracao>=0.543681 E _f_score<=47,19,0.7368421052631579,0.6188781756963575,1.1906092898397462
4,_f_spread>=1.75 E _f_saldo>=19 E _f_velocidade<=0 E _f_score>=77,19,0.7368421052631579,0.6188781756963575,1.1906092898397462
4,_f_delta<=-16 E _f_velocidade>=0.205388 E _f_aceleracao<=-0.000831627 E _f_score>=77,19,0.7368421052631579,0.6188781756963575,1.1906092898397462
4,_f_delta>=0 E _f_saldo<=0 E _f_aceleracao<=-0.000831627 E _f_ticks_s>=153.857,19,0.7368421052631579,0.6188781756963575,1.1906092898397462
4,_f_delta>=0 E _f_razao_fluxo>=1 E _f_aceleracao<=-0.000831627 E _f_ticks_s>=153.857,19,0.7368421052631579,0.6188781756963575,1.1906092898397462
4,_f_delta<=0 E _f_razao_fluxo>=1.33364 E _f_ticks_s>=153.857 E _f_score<=47,19,0.7368421052631579,0.6188781756963575,1.1906092898397462
4,_f_delta<=16 E _f_razao_fluxo>=1.33364 E _f_ticks_s>=153.857 E _f_score<=47,19,0.7368421052631579,0.6188781756963575,1.1906092898397462
4,_f_saldo<=-17 E _f_velocidade<=-0.216667 E _f_aceleracao<=-0.552272 E _f_score<=61,19,0.7368421052631579,0.6188781756963575,1.1906092898397462
4,_f_saldo<=-17 E _f_velocidade>=0.205388 E _f_aceleracao<=-0.000831627 E _f_score>=77,19,0.7368421052631579,0.6188781756963575,1.1906092898397462
4,_f_saldo<=0 E _f_razao_fluxo>=1.33364 E _f_ticks_s>=153.857 E _f_score<=47,19,0.7368421052631579,0.6188781756963575,1.1906092898397462
4,_f_saldo<=19 E _f_razao_fluxo>=1.33364 E _f_ticks_s>=153.857 E _f_score<=47,19,0.7368421052631579,0.6188781756963575,1.1906092898397462
4,_f_spread<=1.25 E _f_delta>=0 E _f_aceleracao<=-0.552272 E _f_ticks_s>=153.857,980,0.736734693877551,0.6188781756963575,1.1904357316342302
4,_f_spread<=1.75 E _f_saldo>=19 E _f_aceleracao<=-0.552272 E _f_ticks_s>=153.857,866,0.7367205542725174,0.6188781756963575,1.1904128844801554
4,_f_delta>=-16 E _f_saldo<=19 E _f_aceleracao>=0.543681 E _f_ticks_s>=153.857,414,0.7367149758454107,0.6188781756963575,1.1904038707076139
3,_f_velocidade<=-0.216667 E _f_aceleracao>=0.543681 E _f_ticks_s>=153.857,771,0.7367055771725033,0.6188781756963575,1.1903886840791682
4,_f_spread<=1 E _f_saldo>=-17 E _f_aceleracao<=-0.552272 E _f_ticks_s>=153.857,1033,0.7366892545982575,0.6188781756963575,1.190362309624733
4,_f_spread<=1.25 E _f_saldo>=0 E _f_aceleracao<=-0.552272 E _f_ticks_s>=153.857,995,0.7366834170854272,0.6188781756963575,1.1903528772145116
4,_f_spread<=1.25 E _f_razao_fluxo<=1 E _f_aceleracao<=-0.552272 E _f_ticks_s>=153.857,995,0.7366834170854272,0.6188781756963575,1.1903528772145116
4,_f_delta<=16 E _f_velocidade>=-0.216667 E _f_ticks_s>=153.857 E _f_score<=61,1143,0.73665791776028,0.6188781756963575,1.1903116747191764
4,_f_saldo>=19 E _f_velocidade<=0.205388 E _f_ticks_s>=153.857 E _f_score>=77,262,0.7366412213740458,0.6188781756963575,1.1902846962492772
4,_f_delta<=0 E _f_aceleracao<=-0.552272 E _f_ticks_s>=153.857 E _f_score<=61,243,0.7366255144032922,0.6188781756963575,1.1902593165035205
3,_f_velocidade<=0 E _f_ticks_s>=153.857 E _f_score<=61,1196,0.7366220735785953,0.6188781756963575,1.19025375672644
4,_f_saldo>=19 E _f_velocidade<=0.205388 E _f_aceleracao<=-0.552272 E _f_ticks_s>=72.5852,672,0.7366071428571429,0.6188781756963575,1.19022963126518
4,_f_saldo>=19 E _f_razao_fluxo>=0.741693 E _f_velocidade<=0 E _f_score>=61,448,0.7366071428571429,0.6188781756963575,1.19022963126518
4,_f_saldo<=0 E _f_razao_fluxo<=1.33364 E _f_ticks_s>=153.857 E _f_score<=61,949,0.7365648050579557,0.6188781756963575,1.190161220710648
4,_f_spread>=1.75 E _f_saldo<=-17 E _f_ticks_s>=42.0552 E _f_score<=47,186,0.7365591397849462,0.6188781756963575,1.190152066610161
4,_f_delta<=-16 E _f_velocidade<=-0.216667 E _f_aceleracao>=-0.000831627 E _f_ticks_s>=153.857,706,0.7365439093484419,0.6188781756963575,1.1901274568612599
4,_f_saldo>=0 E _f_razao_fluxo>=0.741693 E _f_ticks_s>=153.857 E _f_score<=77,1780,0.7365168539325843,0.6188781756963575,1.1900837399927062
4,_f_spread<=1.25 E _f_saldo>=-17 E _f_aceleracao<=-0.552272 E _f_ticks_s>=153.857,1131,0.7365163572060124,0.6188781756963575,1.1900829373685526
4,_f_spread>=1.75 E _f_delta>=-16 E _f_velocidade<=0 E _f_ticks_s>=153.857,148,0.7364864864864865,0.6188781756963575,1.190034671456619
4,_f_razao_fluxo>=0.741693 E _f_velocidade<=0 E _f_aceleracao>=-0.000831627 E _f_ticks_s>=153.857,1609,0.7364822871348664,0.6188781756963575,1.1900278860313365
4,_f_spread>=1.75 E _f_razao_fluxo<=0.741693 E _f_velocidade<=0.205388 E _f_ticks_s>=72.5852,425,0.7364705882352941,0.6188781756963575,1.190008982634785
4,_f_velocidade<=0 E _f_aceleracao>=-0.552272 E _f_ticks_s>=153.857 E _f_score<=61,903,0.7364341085271318,0.6188781756963575,1.1899500377412746
4,_f_spread<=1 E _f_saldo<=-17 E _f_ticks_s>=153.857 E _f_score<=61,516,0.7364341085271318,0.6188781756963575,1.1899500377412746
4,_f_saldo>=-17 E _f_velocidade>=0.205388 E _f_ticks_s>=153.857 E _f_score<=47,129,0.7364341085271318,0.6188781756963575,1.1899500377412746
4,_f_saldo>=19 E _f_razao_fluxo<=0.741693 E _f_velocidade<=-0.216667 E _f_aceleracao<=-0.552272,129,0.7364341085271318,0.6188781756963575,1.1899500377412746
4,_f_saldo>=-17 E _f_razao_fluxo>=1 E _f_ticks_s>=153.857 E _f_score<=47,239,0.7364016736401674,0.6188781756963575,1.1898976285786347
4,_f_spread<=1.25 E _f_delta<=0 E _f_velocidade>=0.205388 E _f_ticks_s>=153.857,588,0.7363945578231292,0.6188781756963575,1.1898861306500963
4,_f_spread>=1 E _f_saldo<=-17 E _f_ticks_s>=153.857 E _f_score<=77,698,0.7363896848137536,0.6188781756963575,1.1898782567104955
4,_f_delta>=-16 E _f_velocidade<=0 E _f_ticks_s>=153.857 E _f_score<=77,1358,0.7363770250368189,0.6188781756963575,1.1898578007024605
4,_f_saldo<=19 E _f_aceleracao>=-0.000831627 E _f_ticks_s>=153.857 E _f_score>=47,1779,0.7363687464867903,0.6188781756963575,1.1898444239986863
4,_f_spread>=1.25 E _f_velocidade>=-0.216667 E _f_ticks_s>=153.857 E _f_score<=61,330,0.7363636363636363,0.6188781756963575,1.1898361669242659
4,_f_saldo>=0 E _f_velocidade<=0.205388 E _f_ticks_s>=153.857 E _f_score<=47,220,0.7363636363636363,0.6188781756963575,1.1898361669242659
4,_f_razao_fluxo<=1 E _f_velocidade<=0.205388 E _f_ticks_s>=153.857 E _f_score<=47,220,0.7363636363636363,0.6188781756963575,1.1898361669242659
4,_f_spread<=1.25 E _f_saldo<=0 E _f_velocidade>=0.205388 E _f_score>=77,110,0.7363636363636363,0.6188781756963575,1.1898361669242659
4,_f_spread<=1.25 E _f_razao_fluxo>=1 E _f_velocidade>=0.205388 E _f_score>=77,110,0.7363636363636363,0.6188781756963575,1.1898361669242659
4,_f_spread>=1.25 E _f_delta>=-16 E _f_velocidade<=0 E _f_ticks_s>=153.857,311,0.7363344051446945,0.6188781756963575,1.189788934334574
4,_f_spread<=1.25 E _f_delta<=-16 E _f_velocidade>=0.205388 E _f_aceleracao>=0.543681,201,0.736318407960199,0.6188781756963575,1.1897630856536483
4,_f_spread<=1 E _f_saldo>=19 E _f_ticks_s>=153.857 E _f_score<=77,1278,0.7363067292644757,0.6188781756963575,1.1897442149030193
4,_f_velocidade<=-0.216667 E _f_aceleracao>=-0.000831627 E _f_ticks_s>=153.857 E _f_score<=77,876,0.7363013698630136,0.6188781756963575,1.1897355550380047
4,_f_delta>=-16 E _f_velocidade<=0 E _f_ticks_s>=153.857 E _f_score<=61,948,0.7362869198312236,0.6188781756963575,1.1897122062880285
4,_f_razao_fluxo<=1.33364 E _f_velocidade<=0 E _f_ticks_s>=153.857 E _f_score<=61,1130,0.736283185840708,0.6188781756963575,1.1897061728057337
4,_f_spread<=1.75 E _f_delta<=16 E _f_velocidade>=0.205388 E _f_ticks_s>=153.857,800,0.73625,0.6188781756963575,1.1896525502318391
4,_f_spread>=1 E _f_aceleracao>=0.543681 E _f_ticks_s>=153.857 E _f_score>=47,959,0.7361835245046924,0.6188781756963575,1.1895451373387722
4,_f_spread>=1.25 E _f_delta<=0 E _f_saldo<=0 E _f_ticks_s>=153.857,470,0.7361702127659574,0.6188781756963575,1.189523627873327
4,_f_spread>=1.25 E _f_delta<=0 E _f_razao_fluxo>=1 E _f_ticks_s>=153.857,470,0.7361702127659574,0.6188781756963575,1.189523627873327
4,_f_spread>=1.25 E _f_delta>=16 E _f_velocidade<=0 E _f_ticks_s>=72.5852,470,0.7361702127659574,0.6188781756963575,1.189523627873327
3,_f_saldo<=19 E _f_aceleracao>=-0.000831627 E _f_ticks_s>=153.857,2001,0.7361319340329835,0.6188781756963575,1.1894617760671442
4,_f_spread>=1 E _f_delta<=-16 E _f_razao_fluxo<=1.33364 E _f_ticks_s>=153.857,792,0.7361111111111112,0.6188781756963575,1.1894281298299847
4,_f_saldo<=0 E _f_velocidade>=0 E _f_aceleracao>=-0.000831627 E _f_ticks_s>=153.857,576,0.7361111111111112,0.6188781756963575,1.1894281298299847
4,_f_razao_fluxo>=1 E _f_velocidade>=0 E _f_aceleracao>=-0.000831627 E _f_ticks_s>=153.857,576,0.7361111111111112,0.6188781756963575,1.1894281298299847
4,_f_saldo<=0 E _f_velocidade>=0.205388 E _f_ticks_s>=72.5852 E _f_score<=47,288,0.7361111111111112,0.6188781756963575,1.1894281298299847
4,_f_razao_fluxo>=1 E _f_velocidade>=0.205388 E _f_ticks_s>=72.5852 E _f_score<=47,288,0.7361111111111112,0.6188781756963575,1.1894281298299847
4,_f_razao_fluxo<=0.741693 E _f_velocidade<=0.205388 E _f_ticks_s>=153.857 E _f_score<=77,216,0.7361111111111112,0.6188781756963575,1.1894281298299847
4,_f_delta<=16 E _f_saldo>=-17 E _f_aceleracao>=-0.552272 E _f_ticks_s>=153.857,898,0.7360801781737194,0.6188781756963575,1.1893781475578566
4,_f_spread<=1.25 E _f_aceleracao<=-0.552272 E _f_ticks_s>=153.857 E _f_score<=77,1182,0.7360406091370558,0.6188781756963575,1.1893142108442716
4,_f_delta<=16 E _f_saldo>=0 E _f_ticks_s>=153.857 E _f_score>=61,197,0.7360406091370558,0.6188781756963575,1.1893142108442716
4,_f_delta<=16 E _f_razao_fluxo<=1 E _f_ticks_s>=153.857 E _f_score>=61,197,0.7360406091370558,0.6188781756963575,1.1893142108442716
4,_f_spread>=1 E _f_saldo<=19 E _f_razao_fluxo>=0.741693 E _f_ticks_s>=153.857,1750,0.736,0.6188781756963575,1.1892485935085009
4,_f_velocidade<=0 E _f_aceleracao>=-0.000831627 E _f_ticks_s>=153.857 E _f_score>=47,1500,0.736,0.6188781756963575,1.1892485935085009
4,_f_spread>=1.25 E _f_saldo<=-17 E _f_aceleracao<=-0.000831627 E _f_score<=47,125,0.736,0.6188781756963575,1.1892485935085009
4,_f_razao_fluxo<=0.741693 E _f_aceleracao<=-0.000831627 E _f_ticks_s>=153.857 E _f_score>=77,125,0.736,0.6188781756963575,1.1892485935085009
4,_f_velocidade<=0.205388 E _f_aceleracao>=-0.552272 E _f_ticks_s>=153.857 E _f_score<=61,1178,0.7359932088285229,0.6188781756963575,1.1892376201509907
4,_f_delta<=16 E _f_saldo>=-17 E _f_razao_fluxo<=1.33364 E _f_ticks_s>=153.857,1284,0.735981308411215,0.6188781756963575,1.1892183911366625
4,_f_velocidade<=-0.216667 E _f_aceleracao>=0.543681 E _f_ticks_s>=153.857 E _f_score>=47,712,0.7359550561797753,0.6188781756963575,1.1891759720750916
4,_f_spread>=1.25 E _f_saldo<=0 E _f_ticks_s>=153.857 E _f_score<=77,356,0.7359550561797753,0.6188781756963575,1.1891759720750916
4,_f_spread>=1.25 E _f_razao_fluxo>=1 E _f_ticks_s>=153.857 E _f_score<=77,356,0.7359550561797753,0.6188781756963575,1.1891759720750916
4,_f_spread>=1.25 E _f_delta<=16 E _f_aceleracao<=0.543681 E _f_ticks_s>=153.857,409,0.7359413202933985,0.6188781756963575,1.18915377726048
4,_f_spread<=1.25 E _f_delta<=16 E _f_velocidade>=0 E _f_ticks_s>=153.857,1261,0.7359238699444886,0.6188781756963575,1.1891255805174128
4,_f_delta<=16 E _f_velocidade>=0.205388 E _f_aceleracao<=-0.552272 E _f_ticks_s>=153.857,284,0.7359154929577465,0.6188781756963575,1.1891120447569499
3,_f_delta<=16 E _f_ticks_s>=153.857 E _f_score<=61,1560,0.735897435897436,0.6188781756963575,1.1890828676732852
4,_f_delta>=0 E _f_velocidade<=0.205388 E _f_ticks_s>=153.857 E _f_score<=61,886,0.7358916478555305,0.6188781756963575,1.1890735151995144
4,_f_delta>=16 E _f_velocidade<=0.205388 E _f_aceleracao<=-0.000831627 E _f_ticks_s>=153.857,655,0.7358778625954199,0.6188781756963575,1.1890512406054958
4,_f_saldo>=0 E _f_velocidade<=0 E _f_aceleracao<=0.543681 E _f_ticks_s>=153.857,795,0.7358490566037735,0.6188781756963575,1.189004695109504
4,_f_razao_fluxo<=1 E _f_velocidade<=0 E _f_aceleracao<=0.543681 E _f_ticks_s>=153.857,795,0.7358490566037735,0.6188781756963575,1.189004695109504
4,_f_spread>=1.25 E _f_delta<=0 E _f_velocidade<=0.205388 E _f_ticks_s>=153.857,371,0.7358490566037735,0.6188781756963575,1.189004695109504
4,_f_saldo<=-17 E _f_velocidade<=-0.216667 E _f_ticks_s>=72.5852 E _f_score<=61,265,0.7358490566037735,0.6188781756963575,1.189004695109504
4,_f_delta<=-16 E _f_razao_fluxo<=1.33364 E _f_velocidade<=-0.216667 E _f_score<=61,159,0.7358490566037735,0.6188781756963575,1.189004695109504
4,_f_delta<=-16 E _f_velocidade>=0.205388 E _f_aceleracao>=0.543681 E _f_score<=61,159,0.7358490566037735,0.6188781756963575,1.189004695109504
4,_f_razao_fluxo>=1.33364 E _f_velocidade>=0.205388 E _f_aceleracao>=0.543681 E _f_ticks_s>=42.0552,159,0.7358490566037735,0.6188781756963575,1.189004695109504
4,_f_velocidade>=-0.216667 E _f_aceleracao>=-0.000831627 E _f_ticks_s>=153.857 E _f_score<=47,159,0.7358490566037735,0.6188781756963575,1.189004695109504
4,_f_spread>=1.25 E _f_aceleracao<=-0.000831627 E _f_ticks_s>=153.857 E _f_score<=47,106,0.7358490566037735,0.6188781756963575,1.189004695109504
4,_f_delta<=16 E _f_saldo>=19 E _f_ticks_s>=72.5852 E _f_score>=77,53,0.7358490566037735,0.6188781756963575,1.189004695109504
4,_f_saldo>=-17 E _f_velocidade<=0.205388 E _f_ticks_s>=153.857 E _f_score<=77,1832,0.7358078602620087,0.6188781756963575,1.1889381289525724
4,_f_spread>=1 E _f_velocidade<=0.205388 E _f_ticks_s>=153.857 E _f_score>=47,1707,0.7357937902753369,0.6188781756963575,1.188915394289719
4,_f_spread>=1 E _f_delta<=16 E _f_saldo<=19 E _f_ticks_s>=153.857,1722,0.7357723577235772,0.6188781756963575,1.1888807629961926
4,_f_spread>=1.25 E _f_saldo<=-17 E _f_aceleracao<=0.543681 E _f_score<=47,246,0.7357723577235772,0.6188781756963575,1.1888807629961926
4,_f_delta>=16 E _f_velocidade<=-0.216667 E _f_aceleracao>=0.543681 E _f_ticks_s>=72.5852,246,0.7357723577235772,0.6188781756963575,1.1888807629961926
4,_f_spread<=1 E _f_saldo>=-17 E _f_velocidade<=-0.216667 E _f_ticks_s>=153.857,685,0.7357664233576642,0.6188781756963575,1.1888711740881552
4,_f_delta>=16 E _f_velocidade<=-0.216667 E _f_ticks_s>=72.5852 E _f_score>=47,700,0.7357142857142858,0.6188781756963575,1.1887869286818282
4,_f_saldo>=-17 E _f_aceleracao>=0.543681 E _f_ticks_s>=153.857 E _f_score<=47,140,0.7357142857142858,0.6188781756963575,1.1887869286818282
4,_f_saldo<=0 E _f_velocidade>=0 E _f_ticks_s>=72.5852 E _f_score>=77,140,0.7357142857142858,0.6188781756963575,1.1887869286818282
4,_f_razao_fluxo>=1 E _f_velocidade>=0 E _f_ticks_s>=72.5852 E _f_score>=77,140,0.7357142857142858,0.6188781756963575,1.1887869286818282
4,_f_saldo>=19 E _f_aceleracao>=0.543681 E _f_ticks_s>=72.5852 E _f_score<=61,227,0.73568281938326,0.6188781756963575,1.1887360845379216
4,_f_delta<=-16 E _f_velocidade>=0 E _f_ticks_s>=153.857 E _f_score<=61,401,0.7356608478802993,0.6188781756963575,1.1887005823925503
4,_f_delta<=16 E _f_saldo<=19 E _f_aceleracao>=-0.000831627 E _f_ticks_s>=153.857,1952,0.735655737704918,0.6188781756963575,1.1886923252337396
4,_f_spread<=1 E _f_velocidade>=0.205388 E _f_ticks_s>=153.857 E _f_score<=47,87,0.735632183908046,0.6188781756963575,1.188654266375313
4,_f_spread>=1.25 E _f_delta>=-16 E _f_saldo<=-17 E _f_score<=47,87,0.735632183908046,0.6188781756963575,1.188654266375313
4,_f_spread<=1 E _f_saldo>=0 E _f_aceleracao<=-0.552272 E _f_ticks_s>=153.857,904,0.7356194690265486,0.6188781756963575,1.188633721327844
4,_f_spread<=1 E _f_razao_fluxo<=1 E _f_aceleracao<=-0.552272 E _f_ticks_s>=153.857,904,0.7356194690265486,0.6188781756963575,1.188633721327844
4,_f_spread<=1 E _f_saldo>=0 E _f_velocidade<=0 E _f_ticks_s>=153.857,938,0.7356076759061834,0.6188781756963575,1.188614665686801
4,_f_spread<=1 E _f_razao_fluxo<=1 E _f_velocidade<=0 E _f_ticks_s>=153.857,938,0.7356076759061834,0.6188781756963575,1.188614665686801
4,_f_delta>=-16 E _f_velocidade<=-0.216667 E _f_aceleracao<=0.543681 E _f_ticks_s>=153.857,590,0.735593220338983,0.6188781756963575,1.18859130799256
4,_f_delta<=0 E _f_velocidade<=-0.216667 E _f_aceleracao>=0.543681 E _f_ticks_s>=153.857,537,0.7355679702048417,0.6188781756963575,1.1885505081467538
4,_f_spread>=1.25 E _f_razao_fluxo>=0.741693 E _f_ticks_s>=153.857 E _f_score<=77,658,0.7355623100303952,0.6188781756963575,1.1885413622846621
4,_f_velocidade<=-0.216667 E _f_aceleracao>=-0.000831627 E _f_ticks_s>=153.857 E _f_score>=47,1055,0.7355450236966825,0.6188781756963575,1.1885134305617617
4,_f_spread>=1 E _f_delta>=16 E _f_ticks_s>=153.857 E _f_score<=77,794,0.7355163727959698,0.6188781756963575,1.1884671356658714
4,_f_delta>=16 E _f_velocidade<=-0.216667 E _f_aceleracao>=0.543681 E _f_ticks_s>=42.0552,276,0.7355072463768116,0.6188781756963575,1.1884523889523555
4,_f_delta<=16 E _f_razao_fluxo<=1.33364 E _f_ticks_s>=153.857 E _f_score<=61,1414,0.7355021216407355,0.6188781756963575,1.1884441082659822
3,_f_delta<=0 E _f_velocidade>=0.205388 E _f_score>=77,155,0.7354838709677419,0.6188781756963575,1.1884146183377375
4,_f_delta<=0 E _f_saldo<=19 E _f_velocidade>=0.205388 E _f_score>=77,155,0.7354838709677419,0.6188781756963575,1.1884146183377375
4,_f_spread<=1.25 E _f_velocidade<=0.205388 E _f_aceleracao>=-0.000831627 E _f_ticks_s>=153.857,1962,0.735474006116208,0.6188781756963575,1.18839867844533
4,_f_delta<=16 E _f_saldo>=0 E _f_ticks_s>=153.857 E _f_score<=61,499,0.7354709418837675,0.6188781756963575,1.188393727176145
4,_f_delta<=16 E _f_razao_fluxo<=1 E _f_ticks_s>=153.857 E _f_score<=61,499,0.7354709418837675,0.6188781756963575,1.188393727176145
4,_f_saldo>=-17 E _f_velocidade<=0 E _f_ticks_s>=153.857 E _f_score<=77,1357,0.735445836403832,0.6188781756963575,1.1883531610664948
4,_f_delta>=16 E _f_velocidade<=-0.216667 E _f_aceleracao<=-0.000831627 E _f_ticks_s>=42.0552,446,0.7354260089686099,0.6188781756963575,1.1883211233634368
4,_f_spread<=1.25 E _f_saldo>=19 E _f_ticks_s>=153.857 E _f_score<=77,1406,0.7354196301564723,0.6188781756963575,1.1883108163072371
3,_f_spread>=1 E _f_saldo<=19 E _f_ticks_s>=153.857,1765,0.7354107648725212,0.6188781756963575,1.1882964915430116
4,_f_spread<=1.25 E _f_delta>=16 E _f_velocidade<=-0.216667 E _f_ticks_s>=72.5852,548,0.7354014598540146,0.6188781756963575,1.1882814562438657
4,_f_spread<=1 E _f_delta<=0 E _f_ticks_s>=153.857 E _f_score<=61,873,0.7353951890034365,0.6188781756963575,1.1882713236348572
4,_f_delta>=0 E _f_velocidade<=0 E _f_aceleracao<=0.543681 E _f_ticks_s>=153.857,786,0.7353689567430025,0.6188781756963575,1.1882289368429746
4,_f_razao_fluxo>=0.741693 E _f_velocidade<=-0.216667 E _f_aceleracao>=-0.000831627 E _f_ticks_s>=153.857,1126,0.7353463587921847,0.6188781756963575,1.1881924224663085
4,_f_saldo<=19 E _f_velocidade<=-0.216667 E _f_aceleracao>=0.543681 E _f_ticks_s>=153.857,597,0.7353433835845896,0.6188781756963575,1.188187615045863
4,_f_spread>=1 E _f_razao_fluxo>=0.741693 E _f_velocidade>=0 E _f_ticks_s>=153.857,1209,0.7353184449958643,0.6188781756963575,1.1881473186035183
4,_f_delta>=16 E _f_saldo>=19 E _f_velocidade<=-0.216667 E _f_aceleracao<=-0.000831627,442,0.7352941176470589,0.6188781756963575,1.1881080098190746
4,_f_spread<=1 E _f_razao_fluxo>=1.33364 E _f_velocidade>=0 E _f_ticks_s>=153.857,136,0.7352941176470589,0.6188781756963575,1.1881080098190746
4,_f_spread>=1 E _f_aceleracao<=-0.552272 E _f_ticks_s>=153.857 E _f_score<=47,102,0.7352941176470589,0.6188781756963575,1.1881080098190746
4,_f_delta<=-16 E _f_razao_fluxo<=1.33364 E _f_aceleracao>=-0.000831627 E _f_score<=47,68,0.7352941176470589,0.6188781756963575,1.1881080098190746
4,_f_saldo<=-17 E _f_velocidade>=0 E _f_aceleracao>=0.543681 E _f_score>=77,34,0.7352941176470589,0.6188781756963575,1.1881080098190746
4,_f_spread<=1 E _f_delta>=0 E _f_velocidade<=0 E _f_ticks_s>=153.857,933,0.7352625937834941,0.6188781756963575,1.1880570727125441
4,_f_saldo>=19 E _f_aceleracao<=-0.552272 E _f_ticks_s>=153.857 E _f_score<=77,729,0.7352537722908093,0.6188781756963575,1.1880428187074246
4,_f_saldo>=-17 E _f_velocidade<=-0.216667 E _f_aceleracao<=0.543681 E _f_ticks_s>=153.857,593,0.7352445193929174,0.6188781756963575,1.1880278676261693
4,_f_spread>=1.25 E _f_delta<=0 E _f_velocidade<=0 E _f_ticks_s>=153.857,321,0.735202492211838,0.6188781756963575,1.1879599589767293
4,_f_spread<=1.75 E _f_velocidade<=-0.216667 E _f_ticks_s>=153.857 E _f_score<=77,1250,0.7352,0.6188781756963575,1.1879559319938175
4,_f_delta>=16 E _f_velocidade<=-0.216667 E _f_aceleracao<=-0.000831627 E _f_score<=77,438,0.7351598173515982,0.6188781756963575,1.1878910037898838
4,_f_spread>=1.75 E _f_razao_fluxo>=0.741693 E _f_aceleracao>=-0.552272 E _f_ticks_s>=153.857,219,0.7351598173515982,0.6188781756963575,1.1878910037898838
4,_f_delta>=-16 E _f_razao_fluxo>=0.741693 E _f_ticks_s>=153.857 E _f_score<=77,2341,0.7351559162750961,0.6188781756963575,1.1878847003255588
4,_f_spread<=1.25 E _f_delta>=16 E _f_velocidade<=0 E _f_aceleracao<=-0.552272,370,0.7351351351351352,0.6188781756963575,1.1878511216007352
4,_f_saldo>=19 E _f_razao_fluxo>=0.741693 E _f_velocidade>=0 E _f_aceleracao<=-0.552272,521,0.7351247600767754,0.6188781756963575,1.1878343573024175
3,_f_velocidade<=0 E _f_ticks_s>=153.857 E _f_score<=47,302,0.7350993377483444,0.6188781756963575,1.1877932792204469
4,_f_saldo<=19 E _f_aceleracao>=-0.000831627 E _f_ticks_s>=153.857 E _f_score<=77,1627,0.7350952673632453,0.6188781756963575,1.1877867021827375
4,_f_razao_fluxo>=0.741693 E _f_velocidade<=0 E _f_ticks_s>=153.857 E _f_score<=61,1106,0.7350813743218807,0.6188781756963575,1.18776425343287
4,_f_spread<=1.75 E _f_razao_fluxo<=0.741693 E _f_ticks_s>=153.857 E _f_score<=61,117,0.7350427350427351,0.6188781756963575,1.1877018190464868
4,_f_delta<=-16 E _f_razao_fluxo>=1.33364 E _f_velocidade>=0.205388 E _f_aceleracao>=0.543681,117,0.7350427350427351,0.6188781756963575,1.1877018190464868
4,_f_saldo<=19 E _f_velocidade<=0.205388 E _f_aceleracao>=-0.000831627 E _f_ticks_s>=153.857,1570,0.7350318471337579,0.6188781756963575,1.187684226070349
3,_f_spread>=1 E _f_delta<=0 E _f_ticks_s>=153.857,1453,0.7350309704060565,0.6188781756963575,1.187682809430151
4,_f_spread>=1 E _f_delta<=0 E _f_saldo<=19 E _f_ticks_s>=153.857,1453,0.7350309704060565,0.6188781756963575,1.187682809430151
4,_f_spread>=1 E _f_delta<=0 E _f_razao_fluxo>=0.741693 E _f_ticks_s>=153.857,1453,0.7350309704060565,0.6188781756963575,1.187682809430151
4,_f_spread<=1.75 E _f_velocidade<=0 E _f_aceleracao>=-0.000831627 E _f_ticks_s>=153.857,1619,0.7350216182828907,0.6188781756963575,1.1876676980180298
4,_f_spread>=1.25 E _f_saldo>=19 E _f_velocidade<=0.205388 E _f_ticks_s>=153.857,200,0.735,0.6188781756963575,1.187632766615147
4,_f_spread>=1.75 E _f_razao_fluxo<=0.741693 E _f_ticks_s>=72.5852 E _f_score<=47,200,0.735,0.6188781756963575,1.187632766615147
4,_f_delta<=-16 E _f_razao_fluxo<=1.33364 E _f_velocidade>=0 E _f_aceleracao>=0.543681,283,0.734982332155477,0.6188781756963575,1.187604218436819
4,_f_spread<=1 E _f_aceleracao>=-0.000831627 E _f_ticks_s>=153.857 E _f_score<=77,1747,0.7349742415569548,0.6188781756963575,1.1875911454301435
4,_f_saldo<=0 E _f_aceleracao>=-0.552272 E _f_ticks_s>=153.857 E _f_score<=61,864,0.7349537037037037,0.6188781756963575,1.1875579598145287
4,_f_razao_fluxo>=1 E _f_aceleracao>=-0.552272 E _f_ticks_s>=153.857 E _f_score<=61,864,0.7349537037037037,0.6188781756963575,1.1875579598145287
4,_f_spread>=1.75 E _f_razao_fluxo>=0.741693 E _f_aceleracao>=-0.000831627 E _f_ticks_s>=153.857,166,0.7349397590361446,0.6188781756963575,1.1875354276456678
4,_f_razao_fluxo>=1.33364 E _f_velocidade>=0 E _f_ticks_s>=72.5852 E _f_score<=47,166,0.7349397590361446,0.6188781756963575,1.1875354276456678
4,_f_spread>=1.75 E _f_velocidade>=0 E _f_aceleracao<=-0.000831627 E _f_score>=77,83,0.7349397590361446,0.6188781756963575,1.1875354276456678
4,_f_saldo<=19 E _f_aceleracao>=-0.552272 E _f_ticks_s>=153.857 E _f_score<=61,1177,0.7349192863211554,0.6188781756963575,1.1875023472822084
4,_f_spread<=1.25 E _f_saldo>=19 E _f_velocidade<=-0.216667 E _f_ticks_s>=72.5852,547,0.7349177330895795,0.6188781756963575,1.1874998375288564
4,_f_saldo>=-17 E _f_razao_fluxo>=0.741693 E _f_ticks_s>=153.857 E _f_score<=77,2335,0.7349036402569593,0.6188781756963575,1.187477065950905
4,_f_saldo>=-17 E _f_razao_fluxo<=1.33364 E _f_velocidade<=-0.216667 E _f_ticks_s>=153.857,894,0.7348993288590604,0.6188781756963575,1.1874700994782321
4,_f_delta<=16 E _f_saldo>=19 E _f_velocidade>=0 E _f_ticks_s>=72.5852,215,0.7348837209302326,0.6188781756963575,1.1874448797670825
4,_f_velocidade<=0 E _f_aceleracao>=-0.000831627 E _f_ticks_s>=153.857 E _f_score<=77,1339,0.7348767737117252,0.6188781756963575,1.1874336542645842
4,_f_spread>=1.25 E _f_saldo<=19 E _f_velocidade>=-0.216667 E _f_ticks_s>=153.857,347,0.7348703170028819,0.6188781756963575,1.1874232213407927
4,_f_delta<=-16 E _f_razao_fluxo<=1.33364 E _f_aceleracao>=-0.000831627 E _f_ticks_s>=153.857,924,0.7348484848484849,0.6188781756963575,1.1873879443585782
4,_f_delta>=-16 E _f_velocidade<=0.205388 E _f_ticks_s>=153.857 E _f_score>=61,1022,0.7348336594911937,0.6188781756963575,1.1873639891475636
4,_f_delta>=-16 E _f_razao_fluxo<=1.33364 E _f_velocidade<=-0.216667 E _f_ticks_s>=153.857,890,0.7348314606741573,0.6188781756963575,1.1873604362398624
4,_f_spread<=1 E _f_delta<=16 E _f_velocidade>=0.205388 E _f_ticks_s>=153.857,675,0.7348148148148148,0.6188781756963575,1.1873335394126738
4,_f_spread<=1.25 E _f_velocidade<=-0.216667 E _f_aceleracao>=0.543681 E _f_ticks_s>=153.857,690,0.7347826086956522,0.6188781756963575,1.1872814998992003
4,_f_spread<=1.75 E _f_delta<=-16 E _f_ticks_s>=153.857 E _f_score<=61,607,0.7347611202635914,0.6188781756963575,1.1872467783127805
4,_f_saldo<=0 E _f_velocidade>=0.205388 E _f_aceleracao>=-0.000831627 E _f_ticks_s>=153.857,328,0.7347560975609756,0.6188781756963575,1.1872386624948166
4,_f_razao_fluxo>=1 E _f_velocidade>=0.205388 E _f_aceleracao>=-0.000831627 E _f_ticks_s>=153.857,328,0.7347560975609756,0.6188781756963575,1.1872386624948166
4,_f_saldo<=-17 E _f_velocidade>=-0.216667 E _f_ticks_s>=153.857 E _f_score<=61,475,0.7347368421052631,0.6188781756963575,1.1872075490116327
4,_f_delta<=16 E _f_razao_fluxo<=1.33364 E _f_velocidade>=0 E _f_ticks_s>=153.857,1244,0.7347266881028939,0.6188781756963575,1.1871911419015293
4,_f_saldo<=-17 E _f_razao_fluxo<=1.33364 E _f_aceleracao>=-0.000831627 E _f_ticks_s>=153.857,916,0.7347161572052402,0.6188781756963575,1.1871741257938893
4,_f_delta<=16 E _f_velocidade>=0 E _f_aceleracao>=-0.552272 E _f_ticks_s>=153.857,980,0.7346938775510204,0.6188781756963575,1.1871381257294262
4,_f_delta>=16 E _f_saldo>=19 E _f_aceleracao<=-0.552272 E _f_ticks_s>=153.857,882,0.7346938775510204,0.6188781756963575,1.1871381257294262
4,_f_velocidade>=-0.216667 E _f_aceleracao<=-0.552272 E _f_ticks_s>=153.857 E _f_score>=61,882,0.7346938775510204,0.6188781756963575,1.1871381257294262
4,_f_spread>=1.25 E _f_razao_fluxo<=1.33364 E _f_aceleracao>=-0.000831627 E _f_ticks_s>=153.857,441,0.7346938775510204,0.6188781756963575,1.1871381257294262
4,_f_spread>=1.25 E _f_delta<=-16 E _f_ticks_s>=72.5852 E _f_score<=47,147,0.7346938775510204,0.6188781756963575,1.1871381257294262
4,_f_spread>=1.75 E _f_delta<=0 E _f_aceleracao>=-0.552272 E _f_ticks_s>=153.857,147,0.7346938775510204,0.6188781756963575,1.1871381257294262
4,_f_delta<=0 E _f_velocidade>=0 E _f_ticks_s>=72.5852 E _f_score>=77,147,0.7346938775510204,0.6188781756963575,1.1871381257294262
4,_f_spread<=1 E _f_saldo<=-17 E _f_velocidade>=0.205388 E _f_score>=77,49,0.7346938775510204,0.6188781756963575,1.1871381257294262
4,_f_spread>=1.75 E _f_saldo<=-17 E _f_aceleracao>=0.543681 E _f_ticks_s>=153.857,49,0.7346938775510204,0.6188781756963575,1.1871381257294262
4,_f_spread>=1.75 E _f_saldo<=0 E _f_velocidade>=0.205388 E _f_ticks_s>=153.857,49,0.7346938775510204,0.6188781756963575,1.1871381257294262
4,_f_spread>=1.75 E _f_razao_fluxo>=1 E _f_velocidade>=0.205388 E _f_ticks_s>=153.857,49,0.7346938775510204,0.6188781756963575,1.1871381257294262
4,_f_spread<=1.75 E _f_saldo<=-17 E _f_velocidade>=0.205388 E _f_ticks_s<=42.0552,49,0.7346938775510204,0.6188781756963575,1.1871381257294262
4,_f_delta<=0 E _f_saldo>=0 E _f_velocidade>=0 E _f_ticks_s>=153.857,49,0.7346938775510204,0.6188781756963575,1.1871381257294262
4,_f_delta<=0 E _f_razao_fluxo<=1 E _f_velocidade>=0 E _f_ticks_s>=153.857,49,0.7346938775510204,0.6188781756963575,1.1871381257294262
4,_f_saldo<=0 E _f_razao_fluxo<=1.33364 E _f_aceleracao>=-0.000831627 E _f_ticks_s>=153.857,1240,0.7346774193548387,0.6188781756963575,1.1871115321334198
4,_f_razao_fluxo>=0.741693 E _f_velocidade<=-0.216667 E _f_aceleracao>=0.543681 E _f_ticks_s>=153.857,750,0.7346666666666667,0.6188781756963575,1.1870941576506955
4,_f_spread<=1.75 E _f_velocidade<=-0.216667 E _f_aceleracao>=-0.000831627 E _f_ticks_s>=153.857,1123,0.7346393588601959,0.6188781756963575,1.1870500329626017
4,_f_delta>=16 E _f_saldo>=19 E _f_razao_fluxo>=0.741693 E _f_aceleracao<=-0.552272,716,0.7346368715083799,0.6188781756963575,1.187046013832644
4,_f_delta>=16 E _f_velocidade<=0 E _f_ticks_s>=72.5852 E _f_score>=61,618,0.7346278317152104,0.6188781756963575,1.1870314070917305
4,_f_spread<=1.25 E _f_delta>=16 E _f_razao_fluxo>=0.741693 E _f_aceleracao<=-0.552272,697,0.7345767575322812,0.6188781756963575,1.1869488800533974
4,_f_spread>=1 E _f_delta>=-16 E _f_aceleracao<=-0.552272 E _f_ticks_s>=153.857,663,0.7345399698340875,0.6188781756963575,1.1868894375013115
4,_f_delta>=-16 E _f_saldo<=19 E _f_velocidade>=0 E _f_ticks_s>=153.857,663,0.7345399698340875,0.6188781756963575,1.1868894375013115
4,_f_spread>=1 E _f_saldo>=19 E _f_velocidade<=-0.216667 E _f_ticks_s>=72.5852,501,0.7345309381237525,0.6188781756963575,1.186874843820859
4,_f_delta>=-16 E _f_razao_fluxo<=1.33364 E _f_ticks_s>=153.857 E _f_score<=47,516,0.7344961240310077,0.6188781756963575,1.1868185902735344
4,_f_delta>=16 E _f_saldo>=19 E _f_velocidade<=0 E _f_aceleracao<=-0.552272,516,0.7344961240310077,0.6188781756963575,1.1868185902735344
4,_f_spread>=1.75 E _f_saldo>=19 E _f_velocidade<=0 E _f_aceleracao<=-0.000831627,290,0.7344827586206897,0.6188781756963575,1.1867969940841017
4,_f_spread<=1 E _f_aceleracao>=-0.000831627 E _f_ticks_s>=153.857 E _f_score<=47,177,0.7344632768361582,0.6188781756963575,1.1867655148927252
4,_f_saldo>=-17 E _f_velocidade<=0 E _f_ticks_s>=153.857 E _f_score<=61,949,0.7344573234984194,0.6188781756963575,1.1867558953295017
4,_f_spread<=1.25 E _f_delta<=-16 E _f_razao_fluxo<=1.33364 E _f_aceleracao>=0.543681,659,0.7344461305007587,0.6188781756963575,1.1867378093828642
4,_f_spread>=1.75 E _f_velocidade<=0.205388 E _f_ticks_s>=153.857 E _f_score<=77,241,0.7344398340248963,0.6188781756963575,1.1867276353678324
4,_f_saldo<=19 E _f_velocidade<=-0.216667 E _f_aceleracao>=-0.000831627 E _f_ticks_s>=153.857,915,0.7344262295081967,0.6188781756963575,1.1867056528238782
4,_f_spread<=1 E _f_delta>=16 E _f_velocidade<=-0.216667 E _f_score>=47,497,0.7344064386317908,0.6188781756963575,1.1866736741935384
4,_f_razao_fluxo>=0.741693 E _f_velocidade<=-0.216667 E _f_ticks_s>=153.857 E _f_score<=77,1250,0.7344,0.6188781756963575,1.1866632704791347
4,_f_delta<=0 E _f_saldo>=0 E _f_ticks_s>=72.5852 E _f_score<=47,192,0.734375,0.6188781756963575,1.1866228748068006
4,_f_delta<=0 E _f_razao_fluxo<=1 E _f_ticks_s>=72.5852 E _f_score<=47,192,0.734375,0.6188781756963575,1.1866228748068006
4,_f_delta<=-16 E _f_razao_fluxo<=1.33364 E _f_aceleracao<=0.543681 E _f_score<=47,64,0.734375,0.6188781756963575,1.1866228748068006
4,_f_spread>=1 E _f_saldo>=0 E _f_razao_fluxo>=0.741693 E _f_ticks_s>=153.857,1231,0.7343623070674249,0.6188781756963575,1.1866023652249902
3,_f_velocidade<=0.205388 E _f_ticks_s>=153.857 E _f_score<=61,1611,0.7343265052762259,0.6188781756963575,1.1865445157279406
4,_f_spread>=1 E _f_delta<=0 E _f_saldo<=0 E _f_ticks_s>=153.857,1419,0.7343199436222692,0.6188781756963575,1.1865339132310124
4,_f_spread>=1 E _f_delta<=0 E _f_razao_fluxo>=1 E _f_ticks_s>=153.857,1419,0.7343199436222692,0.6188781756963575,1.1865339132310124
4,_f_saldo>=19 E _f_velocidade<=0 E _f_aceleracao<=-0.000831627 E _f_ticks_s>=72.5852,749,0.7343124165554072,0.6188781756963575,1.186521750793949
3,_f_spread>=1 E _f_velocidade<=0 E _f_ticks_s>=153.857,1543,0.7342838626053143,0.6188781756963575,1.1864756125534772
4,_f_spread>=1.25 E _f_saldo<=-17 E _f_velocidade>=0 E _f_score<=47,286,0.7342657342657343,0.6188781756963575,1.186446320294852
3,_f_velocidade>=0.205388 E _f_ticks_s>=153.857 E _f_score<=47,143,0.7342657342657343,0.6188781756963575,1.186446320294852
4,_f_delta>=-16 E _f_aceleracao>=0.543681 E _f_ticks_s>=153.857 E _f_score<=47,143,0.7342657342657343,0.6188781756963575,1.186446320294852
4,_f_saldo<=-17 E _f_velocidade>=0.205388 E _f_aceleracao<=-0.552272 E _f_score<=61,143,0.7342657342657343,0.6188781756963575,1.186446320294852
4,_f_spread<=1 E _f_aceleracao<=-0.552272 E _f_ticks_s>=153.857 E _f_score<=77,1080,0.7342592592592593,0.6188781756963575,1.1864358578052552
3,_f_delta<=16 E _f_ticks_s>=153.857 E _f_score<=47,508,0.734251968503937,0.6188781756963575,1.1864240772067325
4,_f_spread<=1.25 E _f_delta>=-16 E _f_velocidade<=-0.216667 E _f_ticks_s>=153.857,745,0.7342281879194631,0.6188781756963575,1.1863856518987999
4,_f_spread<=1 E _f_delta<=16 E _f_ticks_s>=153.857 E _f_score<=61,1204,0.7342192691029901,0.6188781756963575,1.1863712406352858
4,_f_delta>=-16 E _f_velocidade<=0.205388 E _f_aceleracao<=-0.552272 E _f_ticks_s>=153.857,681,0.7342143906020558,0.6188781756963575,1.1863633578222772
4,_f_saldo<=0 E _f_aceleracao<=0.543681 E _f_ticks_s>=153.857 E _f_score<=61,617,0.7341977309562399,0.6188781756963575,1.1863364387185338
4,_f_razao_fluxo>=1 E _f_aceleracao<=0.543681 E _f_ticks_s>=153.857 E _f_score<=61,617,0.7341977309562399,0.6188781756963575,1.1863364387185338
3,_f_spread>=1.25 E _f_velocidade<=-0.216667 E _f_ticks_s>=153.857,395,0.7341772151898734,0.6188781756963575,1.1863032887915013
4,_f_spread>=1 E _f_delta<=-16 E _f_ticks_s>=72.5852 E _f_score<=47,158,0.7341772151898734,0.6188781756963575,1.1863032887915013
4,_f_spread>=1 E _f_delta<=-16 E _f_razao_fluxo<=1.33364 E _f_score<=47,79,0.7341772151898734,0.6188781756963575,1.1863032887915013
4,_f_delta<=16 E _f_velocidade<=0 E _f_aceleracao>=-0.000831627 E _f_ticks_s>=153.857,1279,0.7341673182173573,0.6188781756963575,1.1862872969971467
4,_f_delta<=16 E _f_razao_fluxo<=1.33364 E _f_ticks_s>=153.857 E _f_score<=47,489,0.7341513292433538,0.6188781756963575,1.186261461582955
4,_f_spread<=1 E _f_delta<=16 E _f_aceleracao>=-0.000831627 E _f_ticks_s>=153.857,1670,0.7341317365269461,0.6188781756963575,1.1862298031448695
4,_f_razao_fluxo<=0.741693 E _f_velocidade<=-0.216667 E _f_ticks_s>=72.5852 E _f_score>=47,252,0.7341269841269841,0.6188781756963575,1.1862221240892028
4,_f_delta<=16 E _f_razao_fluxo>=0.741693 E _f_velocidade>=0 E _f_ticks_s>=153.857,1414,0.7340876944837341,0.6188781756963575,1.1861586388270093
4,_f_spread>=1.25 E _f_delta<=0 E _f_ticks_s>=153.857 E _f_score>=61,267,0.7340823970037453,0.6188781756963575,1.1861500790163764
4,_f_spread>=1.25 E _f_delta>=16 E _f_velocidade<=-0.216667 E _f_ticks_s>=72.5852,267,0.7340823970037453,0.6188781756963575,1.1861500790163764
3,_f_delta>=-16 E _f_velocidade<=-0.216667 E _f_ticks_s>=153.857,895,0.7340782122905027,0.6188781756963575,1.186143317244178
3,_f_saldo>=19 E _f_aceleracao<=-0.552272 E _f_ticks_s>=153.857,910,0.734065934065934,0.6188781756963575,1.1861234777587173
4,_f_delta>=-16 E _f_saldo>=19 E _f_aceleracao<=-0.552272 E _f_ticks_s>=153.857,910,0.734065934065934,0.6188781756963575,1.1861234777587173
4,_f_delta>=0 E _f_saldo>=19 E _f_aceleracao<=-0.552272 E _f_ticks_s>=153.857,910,0.734065934065934,0.6188781756963575,1.1861234777587173
4,_f_saldo>=19 E _f_razao_fluxo<=1 E _f_aceleracao<=-0.552272 E _f_ticks_s>=153.857,910,0.734065934065934,0.6188781756963575,1.1861234777587173
4,_f_saldo>=19 E _f_razao_fluxo<=1.33364 E _f_aceleracao<=-0.552272 E _f_ticks_s>=153.857,910,0.734065934065934,0.6188781756963575,1.1861234777587173
4,_f_delta<=16 E _f_saldo>=-17 E _f_razao_fluxo>=0.741693 E _f_ticks_s>=153.857,1286,0.7340590979782271,0.6188781756963575,1.1861124318243552
4,_f_delta>=-16 E _f_velocidade<=0 E _f_aceleracao<=-0.552272 E _f_ticks_s>=153.857,470,0.7340425531914894,0.6188781756963575,1.1860856983129995
4,_f_spread>=1.75 E _f_delta<=16 E _f_saldo>=-17 E _f_ticks_s>=153.857,188,0.7340425531914894,0.6188781756963575,1.1860856983129995
4,_f_spread>=1 E _f_delta>=-16 E _f_saldo<=-17 E _f_score<=47,94,0.7340425531914894,0.6188781756963575,1.1860856983129995
4,_f_delta<=-16 E _f_velocidade>=0.205388 E _f_ticks_s<=153.857 E _f_score<=47,94,0.7340425531914894,0.6188781756963575,1.1860856983129995
4,_f_delta<=16 E _f_razao_fluxo>=0.741693 E _f_ticks_s>=153.857 E _f_score<=47,500,0.734,0.6188781756963575,1.1860169397217928
4,_f_spread<=1.25 E _f_aceleracao<=-0.552272 E _f_ticks_s>=153.857 E _f_score<=61,609,0.7339901477832512,0.6188781756963575,1.186001020245011
4,_f_spread<=1 E _f_saldo>=0 E _f_aceleracao>=0.543681 E _f_score<=61,312,0.7339743589743589,0.6188781756963575,1.1859755082629888
4,_f_spread<=1 E _f_razao_fluxo<=1 E _f_aceleracao>=0.543681 E _f_score<=61,312,0.7339743589743589,0.6188781756963575,1.1859755082629888
4,_f_razao_fluxo<=1.33364 E _f_aceleracao>=-0.552272 E _f_ticks_s>=153.857 E _f_score<=61,1387,0.7339581831290555,0.6188781756963575,1.185949370897125
4,_f_spread<=1.75 E _f_saldo>=19 E _f_razao_fluxo>=0.741693 E _f_aceleracao<=-0.552272,748,0.733957219251337,0.6188781756963575,1.1859478134375854
4,_f_spread>=1.75 E _f_delta>=16 E _f_velocidade<=0.205388 E _f_ticks_s>=72.5852,327,0.7339449541284404,0.6188781756963575,1.1859279951221589
4,_f_delta<=0 E _f_aceleracao>=0.543681 E _f_ticks_s>=153.857 E _f_score<=47,109,0.7339449541284404,0.6188781756963575,1.1859279951221589
4,_f_saldo<=19 E _f_razao_fluxo<=1.33364 E _f_velocidade>=0.205388 E _f_ticks_s>=153.857,778,0.7339331619537275,0.6188781756963575,1.1859089410091266
4,_f_spread<=1 E _f_saldo>=19 E _f_aceleracao<=-0.552272 E _f_score<=61,342,0.7339181286549707,0.6188781756963575,1.1858846498006996
4,_f_velocidade>=0 E _f_aceleracao<=0.543681 E _f_ticks_s>=153.857 E _f_score<=47,233,0.7339055793991416,0.6188781756963575,1.1858643723756392
4,_f_delta<=-16 E _f_velocidade>=-0.216667 E _f_ticks_s>=153.857 E _f_score<=61,481,0.7338877338877339,0.6188781756963575,1.185835537118381
4,_f_saldo>=19 E _f_velocidade<=-0.216667 E _f_ticks_s>=153.857 E _f_score>=61,248,0.7338709677419355,0.6188781756963575,1.185808445929102
4,_f_spread>=1.75 E _f_saldo<=0 E _f_velocidade>=-0.216667 E _f_ticks_s>=153.857,124,0.7338709677419355,0.6188781756963575,1.185808445929102
4,_f_spread>=1.75 E _f_razao_fluxo>=1 E _f_velocidade>=-0.216667 E _f_ticks_s>=153.857,124,0.7338709677419355,0.6188781756963575,1.185808445929102
4,_f_spread>=1.75 E _f_aceleracao>=0.543681 E _f_ticks_s>=153.857 E _f_score<=77,124,0.7338709677419355,0.6188781756963575,1.185808445929102
4,_f_delta<=16 E _f_saldo>=19 E _f_ticks_s>=72.5852 E _f_score>=61,124,0.7338709677419355,0.6188781756963575,1.185808445929102
4,_f_spread<=1 E _f_delta>=16 E _f_velocidade<=-0.216667 E _f_ticks_s>=42.0552,511,0.7338551859099804,0.6188781756963575,1.1857829452206028
4,_f_saldo>=19 E _f_aceleracao<=-0.552272 E _f_ticks_s>=153.857 E _f_score>=61,650,0.7338461538461538,0.6188781756963575,1.1857683509689692
4,_f_delta>=16 E _f_razao_fluxo>=0.741693 E _f_velocidade<=0.205388 E _f_aceleracao>=0.543681,402,0.7338308457711443,0.6188781756963575,1.1857436157696835
4,_f_delta<=0 E _f_velocidade<=-0.216667 E _f_aceleracao>=-0.000831627 E _f_ticks_s>=153.857,819,0.7338217338217338,0.6188781756963575,1.1857288924367748
4,_f_delta<=16 E _f_velocidade<=-0.216667 E _f_ticks_s>=153.857 E _f_score<=61,417,0.7338129496402878,0.6188781756963575,1.1857146987201583
4,_f_spread>=1 E _f_velocidade>=0.205388 E _f_aceleracao<=-0.000831627 E _f_ticks_s>=153.857,571,0.7338003502626971,0.6188781756963575,1.1856943403070077
4,_f_velocidade>=0.205388 E _f_aceleracao>=-0.000831627 E _f_ticks_s>=153.857 E _f_score<=77,447,0.7337807606263982,0.6188781756963575,1.185662686845845
4,_f_delta>=0 E _f_aceleracao<=-0.552272 E _f_ticks_s>=72.5852 E _f_score>=77,308,0.7337662337662337,0.6188781756963575,1.1856392139545153
4,_f_delta<=0 E _f_razao_fluxo>=0.741693 E _f_velocidade>=0.205388 E _f_score>=77,154,0.7337662337662337,0.6188781756963575,1.1856392139545153
4,_f_saldo<=-17 E _f_velocidade<=0.205388 E _f_aceleracao>=-0.000831627 E _f_ticks_s>=153.857,1093,0.7337602927721867,0.6188781756963575,1.1856296143365608
4,_f_velocidade>=0.205388 E _f_aceleracao>=-0.000831627 E _f_ticks_s>=72.5852 E _f_score<=61,477,0.7337526205450734,0.6188781756963575,1.1856172173456592
4,_f_spread>=1 E _f_delta<=-16 E _f_velocidade>=-0.216667 E _f_ticks_s>=153.857,507,0.7337278106508875,0.6188781756963575,1.1855771288514125
4,_f_spread>=1.25 E _f_saldo<=0 E _f_velocidade>=0 E _f_ticks_s>=153.857,169,0.7337278106508875,0.6188781756963575,1.1855771288514125
4,_f_spread>=1.25 E _f_razao_fluxo>=1 E _f_velocidade>=0 E _f_ticks_s>=153.857,169,0.7337278106508875,0.6188781756963575,1.1855771288514125
4,_f_spread<=1.25 E _f_velocidade<=-0.216667 E _f_aceleracao>=-0.000831627 E _f_ticks_s>=153.857,1044,0.7337164750957854,0.6188781756963575,1.1855588125566274
4,_f_spread<=1 E _f_delta<=-16 E _f_ticks_s>=153.857 E _f_score<=61,522,0.7337164750957854,0.6188781756963575,1.1855588125566274
4,_f_spread<=1 E _f_saldo>=19 E _f_velocidade<=-0.216667 E _f_aceleracao<=0.543681,353,0.7337110481586402,0.6188781756963575,1.1855500435656396
4,_f_spread<=1 E _f_saldo<=19 E _f_aceleracao>=-0.000831627 E _f_ticks_s>=153.857,1686,0.7336892052194544,0.6188781756963575,1.1855147491570732
4,_f_spread<=1.25 E _f_saldo>=-17 E _f_velocidade<=-0.216667 E _f_ticks_s>=153.857,751,0.7336884154460719,0.6188781756963575,1.185513473020002
4,_f_spread>=1 E _f_delta<=16 E _f_saldo<=0 E _f_ticks_s>=153.857,1438,0.7336578581363005,0.6188781756963575,1.185464097697085
4,_f_spread>=1 E _f_delta<=16 E _f_razao_fluxo>=1 E _f_ticks_s>=153.857,1438,0.7336578581363005,0.6188781756963575,1.185464097697085
4,_f_delta>=0 E _f_razao_fluxo>=0.741693 E _f_ticks_s>=153.857 E _f_score<=77,1742,0.7336394948335246,0.6188781756963575,1.185434425778609
4,_f_delta>=-16 E _f_saldo>=-17 E _f_velocidade<=-0.216667 E _f_ticks_s>=153.857,886,0.7336343115124153,0.6188781756963575,1.1854260504289638
4,_f_spread>=1 E _f_razao_fluxo<=1.33364 E _f_aceleracao>=0.543681 E _f_ticks_s>=153.857,916,0.7336244541484717,0.6188781756963575,1.1854101226352058
4,_f_delta>=16 E _f_velocidade<=0 E _f_aceleracao>=0.543681 E _f_ticks_s>=42.0552,473,0.733615221987315,0.6188781756963575,1.185395205060925
4,_f_delta<=0 E _f_velocidade>=-0.216667 E _f_aceleracao<=-0.552272 E _f_ticks_s>=153.857,488,0.7336065573770492,0.6188781756963575,1.1853812045506373
4,_f_saldo>=19 E _f_velocidade>=0.205388 E _f_aceleracao<=-0.552272 E _f_score>=77,259,0.7335907335907336,0.6188781756963575,1.185355636051154
4,_f_spread>=1 E _f_delta<=16 E _f_velocidade<=0.205388 E _f_ticks_s>=153.857,1351,0.7335307179866766,0.6188781756963575,1.1852586612240976
4,_f_saldo>=19 E _f_velocidade<=-0.216667 E _f_ticks_s>=72.5852 E _f_score>=61,349,0.7335243553008596,0.6188781756963575,1.1852483802252405
4,_f_razao_fluxo>=0.741693 E _f_aceleracao>=-0.552272 E _f_ticks_s>=153.857 E _f_score<=61,1441,0.7335183900069396,0.6188781756963575,1.185238741342898
4,_f_saldo>=19 E _f_velocidade<=-0.216667 E _f_aceleracao<=-0.000831627 E _f_score>=47,454,0.7334801762114538,0.6188781756963575,1.1851769944644548
4,_f_spread>=1.25 E _f_delta<=16 E _f_saldo<=0 E _f_ticks_s>=153.857,484,0.7334710743801653,0.6188781756963575,1.1851622874806802
4,_f_spread>=1.25 E _f_delta<=16 E _f_razao_fluxo>=1 E _f_ticks_s>=153.857,484,0.7334710743801653,0.6188781756963575,1.1851622874806802
4,_f_spread<=1.25 E _f_velocidade<=0 E _f_ticks_s>=153.857 E _f_score<=61,1013,0.7334649555774926,0.6188781756963575,1.1851524005547664
4,_f_spread<=1 E _f_delta>=16 E _f_razao_fluxo>=0.741693 E _f_aceleracao<=-0.552272,619,0.7334410339256866,0.6188781756963575,1.1851137473064448
4,_f_spread<=1 E _f_saldo>=19 E _f_aceleracao<=-0.552272 E _f_score>=61,694,0.7334293948126801,0.6188781756963575,1.1850949405146343
4,_f_spread>=1 E _f_velocidade>=-0.216667 E _f_ticks_s>=153.857 E _f_score<=61,754,0.73342175066313,0.6188781756963575,1.1850825888922143
4,_f_saldo>=19 E _f_razao_fluxo>=0.741693 E _f_aceleracao<=-0.552272 E _f_ticks_s>=72.5852,754,0.73342175066313,0.6188781756963575,1.1850825888922143
4,_f_delta>=-16 E _f_aceleracao<=-0.552272 E _f_ticks_s>=153.857 E _f_score<=77,1084,0.7333948339483395,0.6188781756963575,1.185039096140575
4,_f_delta>=-16 E _f_velocidade<=0.205388 E _f_ticks_s>=153.857 E _f_score<=61,1219,0.7333880229696472,0.6188781756963575,1.185028090778034
4,_f_velocidade<=0.205388 E _f_aceleracao>=-0.000831627 E _f_ticks_s>=153.857 E _f_score>=61,1384,0.7333815028901735,0.6188781756963575,1.1850175554582736
3,_f_spread>=1 E _f_saldo<=0 E _f_ticks_s>=153.857,1440,0.7333333333333333,0.6188781756963575,1.1849397217928903
3,_f_spread>=1 E _f_razao_fluxo>=1 E _f_ticks_s>=153.857,1440,0.7333333333333333,0.6188781756963575,1.1849397217928903
4,_f_spread>=1 E _f_saldo<=0 E _f_razao_fluxo>=0.741693 E _f_ticks_s>=153.857,1440,0.7333333333333333,0.6188781756963575,1.1849397217928903
4,_f_spread>=1 E _f_saldo<=0 E _f_razao_fluxo>=1 E _f_ticks_s>=153.857,1440,0.7333333333333333,0.6188781756963575,1.1849397217928903
4,_f_spread>=1 E _f_saldo<=19 E _f_razao_fluxo>=1 E _f_ticks_s>=153.857,1440,0.7333333333333333,0.6188781756963575,1.1849397217928903
4,_f_spread<=1 E _f_velocidade<=-0.216667 E _f_ticks_s>=153.857 E _f_score<=77,1050,0.7333333333333333,0.6188781756963575,1.1849397217928903
4,_f_spread>=1 E _f_saldo>=-17 E _f_aceleracao<=-0.552272 E _f_ticks_s>=153.857,660,0.7333333333333333,0.6188781756963575,1.1849397217928903
4,_f_delta>=-16 E _f_saldo<=0 E _f_ticks_s>=153.857 E _f_score<=77,600,0.7333333333333333,0.6188781756963575,1.1849397217928903
4,_f_delta>=-16 E _f_razao_fluxo>=1 E _f_ticks_s>=153.857 E _f_score<=77,600,0.7333333333333333,0.6188781756963575,1.1849397217928903
4,_f_spread>=1 E _f_saldo>=0 E _f_aceleracao<=-0.552272 E _f_ticks_s>=153.857,570,0.7333333333333333,0.6188781756963575,1.1849397217928903
4,_f_spread>=1 E _f_razao_fluxo<=1 E _f_aceleracao<=-0.552272 E _f_ticks_s>=153.857,570,0.7333333333333333,0.6188781756963575,1.1849397217928903
3,_f_saldo>=19 E _f_velocidade<=-0.216667 E _f_aceleracao<=-0.000831627,510,0.7333333333333333,0.6188781756963575,1.1849397217928903
4,_f_delta>=-16 E _f_saldo>=19 E _f_velocidade<=-0.216667 E _f_aceleracao<=-0.000831627,510,0.7333333333333333,0.6188781756963575,1.1849397217928903
4,_f_delta>=0 E _f_saldo>=19 E _f_velocidade<=-0.216667 E _f_aceleracao<=-0.000831627,510,0.7333333333333333,0.6188781756963575,1.1849397217928903
4,_f_saldo>=19 E _f_razao_fluxo<=1 E _f_velocidade<=-0.216667 E _f_aceleracao<=-0.000831627,510,0.7333333333333333,0.6188781756963575,1.1849397217928903
4,_f_saldo>=19 E _f_razao_fluxo<=1.33364 E _f_velocidade<=-0.216667 E _f_aceleracao<=-0.000831627,510,0.7333333333333333,0.6188781756963575,1.1849397217928903
4,_f_delta>=16 E _f_razao_fluxo>=0.741693 E _f_velocidade<=0 E _f_aceleracao>=0.543681,285,0.7333333333333333,0.6188781756963575,1.1849397217928903
4,_f_spread<=1.75 E _f_razao_fluxo<=0.741693 E _f_aceleracao<=-0.552272 E _f_ticks_s>=153.857,240,0.7333333333333333,0.6188781756963575,1.1849397217928903
4,_f_saldo<=0 E _f_aceleracao>=-0.552272 E _f_ticks_s>=153.857 E _f_score<=47,225,0.7333333333333333,0.6188781756963575,1.1849397217928903
4,_f_razao_fluxo>=1 E _f_aceleracao>=-0.552272 E _f_ticks_s>=153.857 E _f_score<=47,225,0.7333333333333333,0.6188781756963575,1.1849397217928903
4,_f_spread>=1.75 E _f_delta<=16 E _f_aceleracao>=-0.552272 E _f_ticks_s>=153.857,195,0.7333333333333333,0.6188781756963575,1.1849397217928903
4,_f_saldo>=19 E _f_velocidade<=-0.216667 E _f_aceleracao>=0.543681 E _f_score>=61,165,0.7333333333333333,0.6188781756963575,1.1849397217928903
4,_f_saldo<=0 E _f_velocidade>=0.205388 E _f_aceleracao>=-0.000831627 E _f_score>=77,120,0.7333333333333333,0.6188781756963575,1.1849397217928903
4,_f_razao_fluxo>=1 E _f_velocidade>=0.205388 E _f_aceleracao>=-0.000831627 E _f_score>=77,120,0.7333333333333333,0.6188781756963575,1.1849397217928903
3,_f_spread<=1 E _f_delta<=16 E _f_saldo>=19,105,0.7333333333333333,0.6188781756963575,1.1849397217928903
4,_f_spread>=1 E _f_delta<=-16 E _f_velocidade>=0.205388 E _f_score<=47,105,0.7333333333333333,0.6188781756963575,1.1849397217928903
4,_f_spread<=1 E _f_delta<=16 E _f_saldo>=19 E _f_razao_fluxo<=1,105,0.7333333333333333,0.6188781756963575,1.1849397217928903
4,_f_spread<=1 E _f_delta<=16 E _f_saldo>=19 E _f_razao_fluxo<=1.33364,105,0.7333333333333333,0.6188781756963575,1.1849397217928903
4,_f_delta>=-16 E _f_saldo<=-17 E _f_velocidade>=-0.216667 E _f_score<=47,90,0.7333333333333333,0.6188781756963575,1.1849397217928903
4,_f_delta>=-16 E _f_saldo<=-17 E _f_ticks_s<=153.857 E _f_score<=47,90,0.7333333333333333,0.6188781756963575,1.1849397217928903
4,_f_delta<=0 E _f_velocidade>=0 E _f_aceleracao<=-0.000831627 E _f_score>=77,90,0.7333333333333333,0.6188781756963575,1.1849397217928903
4,_f_saldo<=0 E _f_velocidade>=0 E _f_aceleracao<=-0.000831627 E _f_score>=77,90,0.7333333333333333,0.6188781756963575,1.1849397217928903
4,_f_razao_fluxo>=1 E _f_velocidade>=0 E _f_aceleracao<=-0.000831627 E _f_score>=77,90,0.7333333333333333,0.6188781756963575,1.1849397217928903
4,_f_spread<=1.25 E _f_delta<=16 E _f_saldo>=19 E _f_aceleracao>=-0.000831627,75,0.7333333333333333,0.6188781756963575,1.1849397217928903
4,_f_spread<=1.25 E _f_delta<=0 E _f_saldo>=0 E _f_aceleracao<=-0.552272,60,0.7333333333333333,0.6188781756963575,1.1849397217928903
4,_f_spread<=1.25 E _f_delta<=0 E _f_razao_fluxo<=1 E _f_aceleracao<=-0.552272,60,0.7333333333333333,0.6188781756963575,1.1849397217928903
4,_f_spread>=1.75 E _f_delta>=16 E _f_velocidade<=0 E _f_ticks_s>=153.857,45,0.7333333333333333,0.6188781756963575,1.1849397217928903
4,_f_spread>=1.75 E _f_saldo>=0 E _f_aceleracao<=-0.552272 E _f_score>=77,45,0.7333333333333333,0.6188781756963575,1.1849397217928903
4,_f_spread>=1.75 E _f_razao_fluxo<=1 E _f_aceleracao<=-0.552272 E _f_score>=77,45,0.7333333333333333,0.6188781756963575,1.1849397217928903
4,_f_delta>=16 E _f_velocidade<=0.205388 E _f_ticks_s>=153.857 E _f_score<=47,45,0.7333333333333333,0.6188781756963575,1.1849397217928903
4,_f_spread>=1.25 E _f_saldo>=19 E _f_ticks_s>=153.857 E _f_score<=47,30,0.7333333333333333,0.6188781756963575,1.1849397217928903
4,_f_spread>=1.75 E _f_razao_fluxo<=0.741693 E _f_aceleracao<=-0.552272 E _f_score>=77,30,0.7333333333333333,0.6188781756963575,1.1849397217928903
4,_f_delta<=-16 E _f_velocidade>=0.205388 E _f_aceleracao>=0.543681 E _f_score<=47,30,0.7333333333333333,0.6188781756963575,1.1849397217928903
4,_f_spread>=1.75 E _f_delta>=-16 E _f_saldo<=-17 E _f_score>=77,15,0.7333333333333333,0.6188781756963575,1.1849397217928903
4,_f_spread>=1.75 E _f_delta<=16 E _f_saldo>=19 E _f_ticks_s>=153.857,15,0.7333333333333333,0.6188781756963575,1.1849397217928903
4,_f_delta>=-16 E _f_saldo<=-17 E _f_aceleracao<=-0.552272 E _f_score<=47,15,0.7333333333333333,0.6188781756963575,1.1849397217928903
4,_f_delta<=-16 E _f_velocidade>=0.205388 E _f_ticks_s<=42.0552 E _f_score>=61,15,0.7333333333333333,0.6188781756963575,1.1849397217928903
4,_f_delta>=0 E _f_saldo<=0 E _f_velocidade<=0 E _f_score>=77,15,0.7333333333333333,0.6188781756963575,1.1849397217928903
4,_f_delta>=0 E _f_razao_fluxo>=1 E _f_velocidade<=0 E _f_score>=77,15,0.7333333333333333,0.6188781756963575,1.1849397217928903
4,_f_delta<=16 E _f_saldo>=19 E _f_ticks_s>=153.857 E _f_score>=77,15,0.7333333333333333,0.6188781756963575,1.1849397217928903
4,_f_saldo<=-17 E _f_razao_fluxo>=1.33364 E _f_velocidade>=0.205388 E _f_score>=77,15,0.7333333333333333,0.6188781756963575,1.1849397217928903
4,_f_saldo<=-17 E _f_velocidade>=0.205388 E _f_ticks_s<=42.0552 E _f_score>=61,15,0.7333333333333333,0.6188781756963575,1.1849397217928903
4,_f_saldo>=0 E _f_razao_fluxo>=1 E _f_aceleracao>=0.543681 E _f_ticks_s>=153.857,15,0.7333333333333333,0.6188781756963575,1.1849397217928903
4,_f_saldo<=0 E _f_razao_fluxo<=1 E _f_aceleracao>=0.543681 E _f_ticks_s>=153.857,15,0.7333333333333333,0.6188781756963575,1.1849397217928903
4,_f_saldo>=19 E _f_razao_fluxo<=0.741693 E _f_ticks_s>=153.857 E _f_score<=47,15,0.7333333333333333,0.6188781756963575,1.1849397217928903
4,_f_razao_fluxo>=1.33364 E _f_velocidade>=-0.216667 E _f_ticks_s>=153.857 E _f_score<=47,15,0.7333333333333333,0.6188781756963575,1.1849397217928903
4,_f_spread>=1 E _f_velocidade<=0.205388 E _f_ticks_s>=153.857 E _f_score>=61,1211,0.7332782824112304,0.6188781756963575,1.1848507690324523
4,_f_spread<=1 E _f_saldo>=19 E _f_aceleracao<=-0.552272 E _f_score>=47,926,0.7332613390928726,0.6188781756963575,1.1848233915629873
4,_f_delta>=16 E _f_aceleracao<=-0.552272 E _f_ticks_s>=153.857 E _f_score>=47,896,0.7332589285714286,0.6188781756963575,1.184819496577611
3,_f_saldo>=19 E _f_ticks_s>=153.857 E _f_score<=61,701,0.7332382310984308,0.6188781756963575,1.1847860530441168
4,_f_delta>=-16 E _f_saldo>=19 E _f_ticks_s>=153.857 E _f_score<=61,701,0.7332382310984308,0.6188781756963575,1.1847860530441168
4,_f_delta>=0 E _f_saldo>=19 E _f_ticks_s>=153.857 E _f_score<=61,701,0.7332382310984308,0.6188781756963575,1.1847860530441168
4,_f_saldo>=19 E _f_razao_fluxo<=1 E _f_ticks_s>=153.857 E _f_score<=61,701,0.7332382310984308,0.6188781756963575,1.1847860530441168
4,_f_saldo>=19 E _f_razao_fluxo<=1.33364 E _f_ticks_s>=153.857 E _f_score<=61,701,0.7332382310984308,0.6188781756963575,1.1847860530441168
4,_f_delta>=-16 E _f_razao_fluxo>=0.741693 E _f_velocidade<=0.205388 E _f_ticks_s>=153.857,1863,0.7332259796027912,0.6188781756963575,1.1847662567479784
4,_f_spread<=1 E _f_velocidade<=0.205388 E _f_aceleracao>=-0.000831627 E _f_ticks_s>=153.857,1848,0.7332251082251082,0.6188781756963575,1.184764848752484
4,_f_spread<=1.75 E _f_velocidade<=0 E _f_ticks_s>=153.857 E _f_score<=61,1117,0.7332139659803044,0.6188781756963575,1.1847468448136778
4,_f_spread<=1.75 E _f_saldo>=19 E _f_razao_fluxo>=0.741693 E _f_velocidade<=-0.216667,521,0.7332053742802304,0.6188781756963575,1.1847329621136384
4,_f_saldo>=-17 E _f_razao_fluxo<=1.33364 E _f_velocidade<=0 E _f_ticks_s>=153.857,1503,0.7332002661343978,0.6188781756963575,1.184724708234227
4,_f_spread>=1.25 E _f_saldo<=19 E _f_ticks_s>=153.857 E _f_score<=77,491,0.7331975560081466,0.6188781756963575,1.184720329139346
3,_f_spread>=1 E _f_razao_fluxo>=0.741693 E _f_ticks_s>=153.857,2646,0.7331821617535903,0.6188781756963575,1.1846954546888306
3,_f_delta<=0 E _f_aceleracao>=-0.000831627 E _f_ticks_s>=153.857,1690,0.7331360946745562,0.6188781756963575,1.1846210182636292
4,_f_delta<=0 E _f_saldo<=19 E _f_aceleracao>=-0.000831627 E _f_ticks_s>=153.857,1690,0.7331360946745562,0.6188781756963575,1.1846210182636292
4,_f_delta<=0 E _f_razao_fluxo>=0.741693 E _f_aceleracao>=-0.000831627 E _f_ticks_s>=153.857,1690,0.7331360946745562,0.6188781756963575,1.1846210182636292
4,_f_saldo>=19 E _f_velocidade<=0 E _f_aceleracao>=0.543681 E _f_score>=61,311,0.7331189710610932,0.6188781756963575,1.1845933494684844
4,_f_delta<=-16 E _f_velocidade>=0.205388 E _f_aceleracao>=0.543681 E _f_ticks_s>=42.0552,281,0.7330960854092526,0.6188781756963575,1.1845563702167683
4,_f_spread>=1.25 E _f_saldo<=0 E _f_ticks_s>=153.857 E _f_score>=61,266,0.7330827067669173,0.6188781756963575,1.1845347526466863
4,_f_spread>=1.25 E _f_razao_fluxo>=1 E _f_ticks_s>=153.857 E _f_score>=61,266,0.7330827067669173,0.6188781756963575,1.1845347526466863
3,_f_spread<=1 E _f_delta>=16 E _f_velocidade<=-0.216667,517,0.7330754352030948,0.6188781756963575,1.1845230030583052
4,_f_spread<=1 E _f_delta>=16 E _f_saldo>=-17 E _f_velocidade<=-0.216667,517,0.7330754352030948,0.6188781756963575,1.1845230030583052
4,_f_spread<=1 E _f_delta>=16 E _f_saldo>=0 E _f_velocidade<=-0.216667,517,0.7330754352030948,0.6188781756963575,1.1845230030583052
4,_f_spread<=1 E _f_delta>=16 E _f_razao_fluxo<=1 E _f_velocidade<=-0.216667,517,0.7330754352030948,0.6188781756963575,1.1845230030583052
4,_f_spread<=1 E _f_delta>=16 E _f_razao_fluxo<=1.33364 E _f_velocidade<=-0.216667,517,0.7330754352030948,0.6188781756963575,1.1845230030583052
4,_f_saldo<=-17 E _f_velocidade>=0.205388 E _f_ticks_s>=153.857 E _f_score<=61,236,0.7330508474576272,0.6188781756963575,1.1844832735179316
4,_f_spread>=1.25 E _f_razao_fluxo<=1.33364 E _f_ticks_s>=153.857 E _f_score<=77,678,0.7330383480825958,0.6188781756963575,1.1844630766916058
4,_f_delta<=-16 E _f_velocidade<=0.205388 E _f_aceleracao>=-0.000831627 E _f_ticks_s>=153.857,1105,0.7330316742081447,0.6188781756963575,1.184452292865785
4,_f_delta>=16 E _f_aceleracao<=-0.552272 E _f_ticks_s>=153.857 E _f_score>=77,191,0.7329842931937173,0.6188781756963575,1.1843757333484386
3,_f_aceleracao>=-0.552272 E _f_ticks_s>=153.857 E _f_score<=61,1513,0.7329808327825512,0.6188781756963575,1.1843701419230144
4,_f_spread<=1.25 E _f_velocidade<=0 E _f_aceleracao>=-0.000831627 E _f_ticks_s>=153.857,1513,0.7329808327825512,0.6188781756963575,1.1843701419230144
4,_f_delta>=16 E _f_razao_fluxo>=0.741693 E _f_aceleracao<=-0.552272 E _f_ticks_s>=72.5852,749,0.732977303070761,0.6188781756963575,1.184364438519778
4,_f_spread>=1.25 E _f_razao_fluxo>=0.741693 E _f_velocidade>=-0.216667 E _f_ticks_s>=153.857,528,0.7329545454545454,0.6188781756963575,1.1843276661514683
4,_f_spread>=1 E _f_delta>=-16 E _f_aceleracao<=-0.000831627 E _f_ticks_s>=153.857,966,0.7329192546583851,0.6188781756963575,1.1842706423339446
4,_f_spread>=1.25 E _f_saldo<=0 E _f_velocidade<=0 E _f_ticks_s>=153.857,322,0.7329192546583851,0.6188781756963575,1.1842706423339446
4,_f_spread>=1.25 E _f_razao_fluxo>=1 E _f_velocidade<=0 E _f_ticks_s>=153.857,322,0.7329192546583851,0.6188781756963575,1.1842706423339446
4,_f_spread>=1 E _f_saldo<=-17 E _f_razao_fluxo<=1.33364 E _f_ticks_s>=153.857,790,0.7329113924050633,0.6188781756963575,1.184257938293585
4,_f_velocidade<=-0.216667 E _f_aceleracao>=0.543681 E _f_ticks_s>=153.857 E _f_score<=77,614,0.7328990228013029,0.6188781756963575,1.1842379511551686
4,_f_spread<=1.25 E _f_delta<=16 E _f_saldo>=-17 E _f_ticks_s>=153.857,1052,0.7328897338403042,0.6188781756963575,1.1842229418021757
4,_f_spread<=1.75 E _f_velocidade<=-0.216667 E _f_aceleracao>=0.543681 E _f_ticks_s>=153.857,745,0.7328859060402685,0.6188781756963575,1.1842167567399355
4,_f_spread<=1 E _f_aceleracao>=0.543681 E _f_ticks_s>=72.5852 E _f_score<=47,146,0.7328767123287672,0.6188781756963575,1.184201901293642
4,_f_spread>=1.75 E _f_delta<=16 E _f_aceleracao>=-0.000831627 E _f_ticks_s>=153.857,146,0.7328767123287672,0.6188781756963575,1.184201901293642
4,_f_spread>=1.75 E _f_saldo<=0 E _f_aceleracao>=-0.552272 E _f_ticks_s>=153.857,146,0.7328767123287672,0.6188781756963575,1.184201901293642
4,_f_spread>=1.75 E _f_razao_fluxo>=1 E _f_aceleracao>=-0.552272 E _f_ticks_s>=153.857,146,0.7328767123287672,0.6188781756963575,1.184201901293642
4,_f_velocidade<=0.205388 E _f_aceleracao>=0.543681 E _f_ticks_s>=153.857 E _f_score<=47,146,0.7328767123287672,0.6188781756963575,1.184201901293642
4,_f_saldo>=19 E _f_velocidade<=-0.216667 E _f_ticks_s>=72.5852 E _f_score>=47,700,0.7328571428571429,0.6188781756963575,1.1841702804151026
4,_f_spread<=1 E _f_aceleracao<=-0.552272 E _f_ticks_s>=153.857 E _f_score<=61,554,0.7328519855595668,0.6188781756963575,1.1841619471149822
4,_f_saldo>=-17 E _f_aceleracao<=-0.552272 E _f_ticks_s>=153.857 E _f_score<=77,1078,0.7328385899814471,0.6188781756963575,1.1841403021796044
4,_f_saldo<=0 E _f_velocidade<=-0.216667 E _f_aceleracao>=0.543681 E _f_ticks_s>=153.857,539,0.7328385899814471,0.6188781756963575,1.1841403021796044
4,_f_razao_fluxo>=1 E _f_velocidade<=-0.216667 E _f_aceleracao>=0.543681 E _f_ticks_s>=153.857,539,0.7328385899814471,0.6188781756963575,1.1841403021796044
4,_f_spread>=1.75 E _f_saldo>=0 E _f_razao_fluxo>=0.741693 E _f_ticks_s>=153.857,131,0.732824427480916,0.6188781756963575,1.1841174180303693
4,_f_spread<=1.75 E _f_saldo<=-17 E _f_velocidade>=0 E _f_score>=77,131,0.732824427480916,0.6188781756963575,1.1841174180303693
4,_f_spread<=1.75 E _f_delta<=0 E _f_ticks_s>=153.857 E _f_score<=61,1033,0.7328170377541142,0.6188781756963575,1.1841054775110682
3,_f_saldo>=-17 E _f_velocidade<=-0.216667 E _f_ticks_s>=153.857,902,0.7328159645232816,0.6188781756963575,1.1841037433558261
4,_f_delta>=16 E _f_razao_fluxo>=0.741693 E _f_velocidade<=-0.216667 E _f_ticks_s>=72.5852,509,0.7328094302554028,0.6188781756963575,1.1840931851100591
4,_f_spread<=1 E _f_razao_fluxo<=0.741693 E _f_velocidade<=0 E _f_ticks_s>=153.857,116,0.7327586206896551,0.6188781756963575,1.1840110856472845
4,_f_spread>=1.75 E _f_saldo<=0 E _f_aceleracao>=-0.000831627 E _f_ticks_s>=153.857,116,0.7327586206896551,0.6188781756963575,1.1840110856472845
4,_f_spread>=1.75 E _f_razao_fluxo>=0.741693 E _f_aceleracao>=0.543681 E _f_ticks_s>=153.857,116,0.7327586206896551,0.6188781756963575,1.1840110856472845
4,_f_spread>=1.75 E _f_razao_fluxo>=1 E _f_aceleracao>=-0.000831627 E _f_ticks_s>=153.857,116,0.7327586206896551,0.6188781756963575,1.1840110856472845
4,_f_spread>=1 E _f_delta>=-16 E _f_aceleracao<=0.543681 E _f_ticks_s>=153.857,1261,0.732751784298176,0.6188781756963575,1.184000039222079
4,_f_saldo>=-17 E _f_razao_fluxo<=1.33364 E _f_velocidade<=0.205388 E _f_ticks_s>=153.857,2144,0.7327425373134329,0.6188781756963575,1.1839850976954487
4,_f_spread<=1.25 E _f_delta<=0 E _f_aceleracao>=-0.000831627 E _f_ticks_s>=153.857,1534,0.7327249022164276,0.6188781756963575,1.1839566024314407
4,_f_spread>=1.25 E _f_saldo<=-17 E _f_ticks_s>=72.5852 E _f_score<=61,535,0.7327102803738318,0.6188781756963575,1.183932976064944
4,_f_saldo>=0 E _f_aceleracao<=-0.552272 E _f_ticks_s>=153.857 E _f_score>=47,1040,0.7326923076923076,0.6188781756963575,1.1839039353227916
4,_f_razao_fluxo<=1 E _f_aceleracao<=-0.552272 E _f_ticks_s>=153.857 E _f_score>=47,1040,0.7326923076923076,0.6188781756963575,1.1839039353227916
4,_f_spread<=1 E _f_delta>=-16 E _f_ticks_s>=153.857 E _f_score<=77,2181,0.7326914259513985,0.6188781756963575,1.1839025105821175
4,_f_saldo<=0 E _f_velocidade<=-0.216667 E _f_aceleracao>=-0.000831627 E _f_ticks_s>=153.857,823,0.732685297691373,0.6188781756963575,1.183892608374759
4,_f_razao_fluxo>=1 E _f_velocidade<=-0.216667 E _f_aceleracao>=-0.000831627 E _f_ticks_s>=153.857,823,0.732685297691373,0.6188781756963575,1.183892608374759
3,_f_delta<=16 E _f_velocidade>=0.205388 E _f_ticks_s>=153.857,849,0.7326266195524146,0.6188781756963575,1.183797794659778
4,_f_saldo>=-17 E _f_razao_fluxo>=0.741693 E _f_velocidade<=0.205388 E _f_ticks_s>=153.857,1870,0.732620320855615,0.6188781756963575,1.1837876170560961
4,_f_spread>=1 E _f_delta>=0 E _f_aceleracao<=-0.552272 E _f_ticks_s>=153.857,561,0.732620320855615,0.6188781756963575,1.1837876170560961
4,_f_delta>=-16 E _f_razao_fluxo<=1.33364 E _f_velocidade<=0.205388 E _f_ticks_s>=153.857,2143,0.7326178254783015,0.6188781756963575,1.1837835849583238
4,_f_spread<=1.75 E _f_delta<=16 E _f_velocidade>=0 E _f_ticks_s>=153.857,1350,0.7325925925925926,0.6188781756963575,1.1837428129829985
4,_f_razao_fluxo<=1.33364 E _f_velocidade<=0.205388 E _f_ticks_s>=153.857 E _f_score<=61,1507,0.7325812873258128,0.6188781756963575,1.1837245456288992
4,_f_spread>=1 E _f_aceleracao>=0.543681 E _f_ticks_s>=153.857 E _f_score>=61,703,0.732574679943101,0.6188781756963575,1.1837138692422187
4,_f_delta>=0 E _f_aceleracao<=-0.552272 E _f_ticks_s>=153.857 E _f_score>=61,703,0.732574679943101,0.6188781756963575,1.1837138692422187
4,_f_spread>=1 E _f_velocidade>=-0.216667 E _f_aceleracao<=-0.000831627 E _f_ticks_s>=153.857,961,0.7325702393340271,0.6188781756963575,1.1837066939866543
4,_f_spread<=1.25 E _f_delta>=-16 E _f_ticks_s>=153.857 E _f_score<=77,2352,0.7325680272108843,0.6188781756963575,1.1837031195785888
4,_f_delta>=0 E _f_aceleracao<=-0.552272 E _f_ticks_s>=153.857 E _f_score>=47,1032,0.7325581395348837,0.6188781756963575,1.1836871428057942
4,_f_saldo<=-17 E _f_aceleracao>=-0.000831627 E _f_ticks_s>=72.5852 E _f_score<=61,830,0.7325301204819277,0.6188781756963575,1.1836418688665016
4,_f_spread<=1.75 E _f_delta>=16 E _f_velocidade<=-0.216667 E _f_aceleracao<=-0.000831627,415,0.7325301204819277,0.6188781756963575,1.1836418688665016
4,_f_spread>=1.75 E _f_saldo<=-17 E _f_ticks_s>=72.5852 E _f_score<=61,329,0.7325227963525835,0.6188781756963575,1.1836300343413368
3,_f_spread>=1.25 E _f_saldo<=0 E _f_ticks_s>=153.857,486,0.7325102880658436,0.6188781756963575,1.1836098231152328
3,_f_spread>=1.25 E _f_razao_fluxo>=1 E _f_ticks_s>=153.857,486,0.7325102880658436,0.6188781756963575,1.1836098231152328
4,_f_spread>=1.25 E _f_saldo<=0 E _f_razao_fluxo>=0.741693 E _f_ticks_s>=153.857,486,0.7325102880658436,0.6188781756963575,1.1836098231152328
4,_f_spread>=1.25 E _f_saldo<=0 E _f_razao_fluxo>=1 E _f_ticks_s>=153.857,486,0.7325102880658436,0.6188781756963575,1.1836098231152328
4,_f_spread>=1.25 E _f_saldo<=19 E _f_razao_fluxo>=1 E _f_ticks_s>=153.857,486,0.7325102880658436,0.6188781756963575,1.1836098231152328
4,_f_saldo<=19 E _f_velocidade<=0 E _f_aceleracao>=-0.000831627 E _f_ticks_s>=153.857,1286,0.7325038880248833,0.6188781756963575,1.1835994817569304
4,_f_delta<=0 E _f_velocidade>=-0.216667 E _f_aceleracao>=-0.000831627 E _f_ticks_s>=153.857,871,0.7324913892078071,0.6188781756963575,1.1835792858321637
4,_f_spread<=1 E _f_velocidade>=0.205388 E _f_ticks_s>=153.857 E _f_score<=61,471,0.732484076433121,0.6188781756963575,1.1835674696541607
4,_f_saldo>=-17 E _f_velocidade<=0 E _f_aceleracao<=-0.552272 E _f_ticks_s>=153.857,471,0.732484076433121,0.6188781756963575,1.1835674696541607
4,_f_spread<=1 E _f_velocidade<=0 E _f_aceleracao>=0.543681 E _f_score<=47,157,0.732484076433121,0.6188781756963575,1.1835674696541607
4,_f_spread<=1.75 E _f_delta<=0 E _f_aceleracao>=-0.000831627 E _f_ticks_s>=153.857,1626,0.7324723247232472,0.6188781756963575,1.1835484809253038
4,_f_spread>=1.75 E _f_saldo>=-17 E _f_razao_fluxo>=0.741693 E _f_ticks_s>=153.857,228,0.7324561403508771,0.6188781756963575,1.183522329781176
4,_f_saldo>=19 E _f_razao_fluxo>=0.741693 E _f_velocidade<=-0.216667 E _f_ticks_s>=72.5852,527,0.7324478178368121,0.6188781756963575,1.1835088820391297
4,_f_delta>=-16 E _f_saldo>=-17 E _f_velocidade<=0.205388 E _f_ticks_s>=153.857,2134,0.732427366447985,0.6188781756963575,1.1834758361350564
4,_f_spread<=1 E _f_delta<=16 E _f_saldo>=0 E _f_ticks_s>=153.857,512,0.732421875,0.6188781756963575,1.1834669629057186
4,_f_spread<=1 E _f_delta<=16 E _f_razao_fluxo<=1 E _f_ticks_s>=153.857,512,0.732421875,0.6188781756963575,1.1834669629057186
4,_f_delta>=-16 E _f_velocidade<=0.205388 E _f_aceleracao<=0.543681 E _f_ticks_s>=153.857,1491,0.7323943661971831,0.6188781756963575,1.1834225134423233
4,_f_spread<=1.25 E _f_aceleracao>=0.543681 E _f_ticks_s>=72.5852 E _f_score<=61,852,0.7323943661971831,0.6188781756963575,1.1834225134423233
4,_f_delta>=16 E _f_aceleracao<=-0.552272 E _f_ticks_s>=153.857 E _f_score<=61,355,0.7323943661971831,0.6188781756963575,1.1834225134423233
4,_f_delta>=-16 E _f_velocidade<=0 E _f_ticks_s>=153.857 E _f_score<=47,284,0.7323943661971831,0.6188781756963575,1.1834225134423233
4,_f_spread<=1 E _f_saldo<=0 E _f_velocidade>=0.205388 E _f_score<=47,71,0.7323943661971831,0.6188781756963575,1.1834225134423233
4,_f_spread<=1 E _f_razao_fluxo>=1 E _f_velocidade>=0.205388 E _f_score<=47,71,0.7323943661971831,0.6188781756963575,1.1834225134423233
4,_f_delta>=-16 E _f_razao_fluxo<=1.33364 E _f_velocidade<=0 E _f_ticks_s>=153.857,1502,0.7323568575233023,0.6188781756963575,1.1833619059183325
4,_f_saldo>=-17 E _f_velocidade<=0.205388 E _f_aceleracao<=-0.552272 E _f_ticks_s>=153.857,680,0.7323529411764705,0.6188781756963575,1.1833555777797982
4,_f_razao_fluxo>=0.741693 E _f_velocidade>=0 E _f_ticks_s>=153.857 E _f_score<=47,269,0.7323420074349443,0.6188781756963575,1.183337910746195
4,_f_saldo>=-17 E _f_razao_fluxo>=1 E _f_ticks_s>=153.857 E _f_score<=77,594,0.7323232323232324,0.6188781756963575,1.1833075734157652
4,_f_spread>=1 E _f_razao_fluxo<=0.741693 E _f_aceleracao<=-0.000831627 E _f_ticks_s>=153.857,198,0.7323232323232324,0.6188781756963575,1.1833075734157652
4,_f_spread<=1.25 E _f_velocidade>=0.205388 E _f_ticks_s>=153.857 E _f_score<=61,523,0.7323135755258127,0.6188781756963575,1.1832919697027908
4,_f_saldo>=0 E _f_aceleracao<=-0.552272 E _f_ticks_s>=153.857 E _f_score>=61,706,0.7322946175637394,0.6188781756963575,1.1832613369178295
4,_f_razao_fluxo<=1 E _f_aceleracao<=-0.552272 E _f_ticks_s>=153.857 E _f_score>=61,706,0.7322946175637394,0.6188781756963575,1.1832613369178295
4,_f_spread<=1.25 E _f_saldo<=-17 E _f_aceleracao>=-0.000831627 E _f_ticks_s>=153.857,1255,0.7322709163346613,0.6188781756963575,1.1832230398344796
4,_f_spread>=1.25 E _f_delta<=16 E _f_saldo>=-17 E _f_ticks_s>=153.857,310,0.7322580645161291,0.6188781756963575,1.1832022735204668
4,_f_spread>=1 E _f_saldo<=19 E _f_velocidade<=0.205388 E _f_ticks_s>=153.857,1352,0.7322485207100592,0.6188781756963575,1.1831868523819542
4,_f_spread>=1 E _f_razao_fluxo>=0.741693 E _f_velocidade<=0 E _f_ticks_s>=153.857,1464,0.73224043715847,0.6188781756963575,1.1831737907619024
4,_f_delta<=16 E _f_velocidade>=-0.216667 E _f_ticks_s>=153.857 E _f_score<=47,366,0.73224043715847,0.6188781756963575,1.1831737907619024
4,_f_delta<=0 E _f_velocidade>=0 E _f_aceleracao>=-0.552272 E _f_ticks_s>=153.857,773,0.7322121604139715,0.6188781756963575,1.1831281004376852
4,_f_razao_fluxo<=1.33364 E _f_velocidade<=0 E _f_ticks_s>=153.857 E _f_score<=47,295,0.7322033898305085,0.6188781756963575,1.1831139286930554
4,_f_spread<=1.75 E _f_delta<=16 E _f_ticks_s>=153.857 E _f_score<=61,1445,0.7321799307958478,0.6188781756963575,1.1830760229539583
4,_f_spread<=1.75 E _f_saldo>=19 E _f_ticks_s>=153.857 E _f_score<=77,1501,0.7321785476349101,0.6188781756963575,1.1830737880053175
4,_f_spread<=1.75 E _f_delta<=-16 E _f_aceleracao>=-0.000831627 E _f_ticks_s>=153.857,1318,0.7321699544764795,0.6188781756963575,1.1830599029488265
4,_f_spread<=1 E _f_saldo<=19 E _f_velocidade>=0.205388 E _f_ticks_s>=153.857,687,0.7321688500727802,0.6188781756963575,1.183058118423628
4,_f_spread<=1 E _f_aceleracao>=0.543681 E _f_ticks_s>=72.5852 E _f_score<=61,687,0.7321688500727802,0.6188781756963575,1.183058118423628
4,_f_spread<=1 E _f_delta>=-16 E _f_velocidade<=0.205388 E _f_ticks_s>=153.857,1751,0.732153055396916,0.6188781756963575,1.183032596961595
4,_f_saldo>=-17 E _f_razao_fluxo<=1.33364 E _f_ticks_s>=153.857 E _f_score<=47,504,0.7321428571428571,0.6188781756963575,1.1830161183484211
4,_f_spread>=1 E _f_saldo<=-17 E _f_velocidade>=0.205388 E _f_ticks_s>=153.857,224,0.7321428571428571,0.6188781756963575,1.1830161183484211
4,_f_saldo<=-17 E _f_razao_fluxo<=1.33364 E _f_aceleracao>=-0.552272 E _f_score<=47,112,0.7321428571428571,0.6188781756963575,1.1830161183484211
4,_f_spread>=1.25 E _f_velocidade>=0.205388 E _f_ticks_s>=153.857 E _f_score<=47,56,0.7321428571428571,0.6188781756963575,1.1830161183484211
4,_f_spread>=1 E _f_razao_fluxo<=1.33364 E _f_aceleracao<=-0.552272 E _f_ticks_s>=153.857,937,0.7321237993596584,0.6188781756963575,1.1829853242698012
4,_f_spread>=1 E _f_aceleracao<=-0.552272 E _f_ticks_s>=153.857 E _f_score<=77,713,0.7321178120617111,0.6188781756963575,1.1829756498327593
4,_f_spread>=1 E _f_aceleracao>=-0.000831627 E _f_ticks_s>=153.857 E _f_score>=47,1355,0.7321033210332103,0.6188781756963575,1.1829522348391954
4,_f_spread<=1.75 E _f_saldo<=19 E _f_velocidade>=0.205388 E _f_ticks_s>=153.857,810,0.7320987654320987,0.6188781756963575,1.182944873776404
4,_f_spread<=1.75 E _f_saldo<=0 E _f_ticks_s>=153.857 E _f_score<=61,1019,0.732090284592738,0.6188781756963575,1.1829311702080865
4,_f_spread<=1.75 E _f_razao_fluxo>=1 E _f_ticks_s>=153.857 E _f_score<=61,1019,0.732090284592738,0.6188781756963575,1.1829311702080865
4,_f_saldo<=-17 E _f_aceleracao<=0.543681 E _f_ticks_s>=153.857 E _f_score<=61,321,0.7320872274143302,0.6188781756963575,1.1829262303369974
4,_f_spread>=1.25 E _f_saldo<=-17 E _f_ticks_s>=42.0552 E _f_score<=47,265,0.7320754716981132,0.6188781756963575,1.1829072351345833
4,_f_delta>=16 E _f_velocidade>=0.205388 E _f_aceleracao<=-0.552272 E _f_score>=77,265,0.7320754716981132,0.6188781756963575,1.1829072351345833
4,_f_razao_fluxo<=1.33364 E _f_velocidade>=0 E _f_ticks_s>=153.857 E _f_score<=47,265,0.7320754716981132,0.6188781756963575,1.1829072351345833
4,_f_delta<=16 E _f_velocidade>=-0.216667 E _f_aceleracao<=-0.552272 E _f_ticks_s>=153.857,627,0.7320574162679426,0.6188781756963575,1.1828780606849427
4,_f_delta<=0 E _f_saldo>=-17 E _f_ticks_s>=153.857 E _f_score>=61,209,0.7320574162679426,0.6188781756963575,1.1828780606849427
4,_f_razao_fluxo>=0.741693 E _f_velocidade<=0.205388 E _f_ticks_s>=153.857 E _f_score<=61,1504,0.7320478723404256,0.6188781756963575,1.1828626393501924
4,_f_saldo>=0 E _f_aceleracao<=-0.552272 E _f_ticks_s>=72.5852 E _f_score>=77,306,0.7320261437908496,0.6188781756963575,1.182827529775434
4,_f_razao_fluxo<=1 E _f_aceleracao<=-0.552272 E _f_ticks_s>=72.5852 E _f_score>=77,306,0.7320261437908496,0.6188781756963575,1.182827529775434
4,_f_delta<=16 E _f_saldo<=19 E _f_ticks_s>=153.857 E _f_score<=61,1515,0.732013201320132,0.6188781756963575,1.1828066169831821
3,_f_delta>=-16 E _f_velocidade<=0.205388 E _f_ticks_s>=153.857,2153,0.7320018578727358,0.6188781756963575,1.1827882879358158
4,_f_saldo<=-17 E _f_razao_fluxo<=1.33364 E _f_ticks_s>=153.857 E _f_score<=61,500,0.732,0.6188781756963575,1.182785285935085
4,_f_delta<=0 E _f_razao_fluxo<=1.33364 E _f_velocidade>=0 E _f_ticks_s>=153.857,929,0.7319698600645855,0.6188781756963575,1.1827365850168783
4,_f_spread>=1.25 E _f_saldo<=-17 E _f_aceleracao<=0.543681 E _f_ticks_s>=153.857,194,0.7319587628865979,0.6188781756963575,1.1827186538982457
4,_f_saldo>=19 E _f_aceleracao<=-0.552272 E _f_ticks_s>=153.857 E _f_score>=77,194,0.7319587628865979,0.6188781756963575,1.1827186538982457
4,_f_delta>=-16 E _f_saldo>=-17 E _f_velocidade<=0 E _f_ticks_s>=153.857,1496,0.731951871657754,0.6188781756963575,1.1827075188653513
4,_f_spread>=1 E _f_velocidade>=-0.216667 E _f_aceleracao<=-0.552272 E _f_ticks_s>=153.857,664,0.7319277108433735,0.6188781756963575,1.1826684791717101
4,_f_spread<=1.25 E _f_razao_fluxo>=1.33364 E _f_ticks_s>=153.857 E _f_score<=77,332,0.7319277108433735,0.6188781756963575,1.1826684791717101
4,_f_spread>=1.25 E _f_saldo<=0 E _f_ticks_s>=153.857 E _f_score<=61,235,0.7319148936170212,0.6188781756963575,1.1826477687526717
4,_f_spread>=1.25 E _f_razao_fluxo>=1 E _f_ticks_s>=153.857 E _f_score<=61,235,0.7319148936170212,0.6188781756963575,1.1826477687526717
4,_f_delta>=-16 E _f_saldo<=19 E _f_velocidade>=-0.216667 E _f_ticks_s>=153.857,925,0.7318918918918919,0.6188781756963575,1.1826106019466143
4,_f_spread<=1.75 E _f_saldo<=0 E _f_velocidade>=0.205388 E _f_score>=77,138,0.7318840579710145,0.6188781756963575,1.1825979436865803
4,_f_spread<=1.75 E _f_razao_fluxo>=1 E _f_velocidade>=0.205388 E _f_score>=77,138,0.7318840579710145,0.6188781756963575,1.1825979436865803
4,_f_spread>=1 E _f_delta>=16 E _f_aceleracao<=-0.552272 E _f_ticks_s>=153.857,455,0.7318681318681318,0.6188781756963575,1.1825722098612361
4,_f_delta<=0 E _f_aceleracao>=-0.000831627 E _f_ticks_s>=153.857 E _f_score>=47,1544,0.7318652849740933,0.6188781756963575,1.1825676097732862
4,_f_spread>=1.25 E _f_razao_fluxo<=0.741693 E _f_velocidade<=0 E _f_ticks_s>=72.5852,496,0.7318548387096774,0.6188781756963575,1.1825507304183078
4,_f_delta>=16 E _f_razao_fluxo>=0.741693 E _f_ticks_s>=153.857 E _f_score<=77,1212,0.7318481848184818,0.6188781756963575,1.1825399788819686
4,_f_saldo>=19 E _f_velocidade<=0 E _f_ticks_s>=72.5852 E _f_score<=47,179,0.7318435754189944,0.6188781756963575,1.1825325308903145
3,_f_spread>=1 E _f_razao_fluxo<=1.33364 E _f_ticks_s>=153.857,2655,0.7318267419962335,0.6188781756963575,1.1825053309931104
4,_f_delta<=16 E _f_saldo>=0 E _f_velocidade>=0.205388 E _f_ticks_s>=153.857,220,0.7318181818181818,0.6188781756963575,1.1824914992272024
4,_f_delta<=16 E _f_razao_fluxo<=1 E _f_velocidade>=0.205388 E _f_ticks_s>=153.857,220,0.7318181818181818,0.6188781756963575,1.1824914992272024
4,_f_razao_fluxo<=0.741693 E _f_velocidade<=-0.216667 E _f_aceleracao>=-0.552272 E _f_ticks_s>=72.5852,220,0.7318181818181818,0.6188781756963575,1.1824914992272024
4,_f_delta<=0 E _f_aceleracao>=-0.000831627 E _f_ticks_s>=153.857 E _f_score<=77,1361,0.7318148420279207,0.6188781756963575,1.1824861027042803
4,_f_delta>=-16 E _f_saldo<=0 E _f_ticks_s>=153.857 E _f_score<=61,481,0.7318087318087318,0.6188781756963575,1.1824762296477909
4,_f_delta>=-16 E _f_razao_fluxo>=1 E _f_ticks_s>=153.857 E _f_score<=61,481,0.7318087318087318,0.6188781756963575,1.1824762296477909
4,_f_delta<=0 E _f_velocidade<=0.205388 E _f_ticks_s>=153.857 E _f_score<=61,742,0.7318059299191375,0.6188781756963575,1.1824717022792322
4,_f_spread<=1.25 E _f_delta<=-16 E _f_aceleracao>=-0.000831627 E _f_ticks_s>=153.857,1264,0.7318037974683544,0.6188781756963575,1.182468256607908
4,_f_spread<=1.25 E _f_saldo>=-17 E _f_ticks_s>=153.857 E _f_score<=77,2349,0.7318007662835249,0.6188781756963575,1.1824633587379416
4,_f_delta<=-16 E _f_saldo<=-17 E _f_aceleracao>=-0.000831627 E _f_ticks_s>=153.857,1331,0.7317806160781367,0.6188781756963575,1.182430799494169
4,_f_spread<=1 E _f_saldo>=-17 E _f_velocidade<=0.205388 E _f_ticks_s>=153.857,1756,0.7317767653758542,0.6188781756963575,1.1824245774258626
4,_f_delta<=16 E _f_velocidade<=0.205388 E _f_ticks_s>=153.857 E _f_score<=61,1070,0.7317757009345794,0.6188781756963575,1.1824228574730244
4,_f_spread<=1 E _f_delta<=16 E _f_velocidade>=0 E _f_ticks_s>=153.857,1178,0.7317487266553481,0.6188781756963575,1.1823792717072135
3,_f_delta<=16 E _f_velocidade>=0 E _f_ticks_s>=153.857,1424,0.7317415730337079,0.6188781756963575,1.1823677126929824
4,_f_spread>=1 E _f_saldo>=-17 E _f_razao_fluxo<=1.33364 E _f_ticks_s>=153.857,1875,0.7317333333333333,0.6188781756963575,1.182354398763524
3,_f_spread<=1 E _f_saldo>=19 E _f_aceleracao<=-0.552272,943,0.7317073170731707,0.6188781756963575,1.1823123609906887
4,_f_spread<=1 E _f_delta>=-16 E _f_saldo>=19 E _f_aceleracao<=-0.552272,943,0.7317073170731707,0.6188781756963575,1.1823123609906887
4,_f_spread<=1 E _f_delta>=0 E _f_saldo>=19 E _f_aceleracao<=-0.552272,943,0.7317073170731707,0.6188781756963575,1.1823123609906887
4,_f_spread<=1 E _f_saldo>=19 E _f_razao_fluxo<=1 E _f_aceleracao<=-0.552272,943,0.7317073170731707,0.6188781756963575,1.1823123609906887
4,_f_spread<=1 E _f_saldo>=19 E _f_razao_fluxo<=1.33364 E _f_aceleracao<=-0.552272,943,0.7317073170731707,0.6188781756963575,1.1823123609906887
4,_f_spread>=1.25 E _f_razao_fluxo<=1.33364 E _f_aceleracao>=-0.552272 E _f_ticks_s>=153.857,574,0.7317073170731707,0.6188781756963575,1.1823123609906887
4,_f_spread<=1.25 E _f_saldo>=19 E _f_velocidade<=-0.216667 E _f_score<=61,328,0.7317073170731707,0.6188781756963575,1.1823123609906887
4,_f_spread>=1.25 E _f_delta<=16 E _f_velocidade>=0 E _f_ticks_s>=153.857,246,0.7317073170731707,0.6188781756963575,1.1823123609906887
4,_f_spread>=1 E _f_razao_fluxo>=1.33364 E _f_ticks_s>=153.857 E _f_score<=77,205,0.7317073170731707,0.6188781756963575,1.1823123609906887
4,_f_spread>=1.25 E _f_saldo>=19 E _f_velocidade<=-0.216667 E _f_score<=47,123,0.7317073170731707,0.6188781756963575,1.1823123609906887
4,_f_spread<=1.75 E _f_razao_fluxo>=1.33364 E _f_ticks_s>=153.857 E _f_score<=61,123,0.7317073170731707,0.6188781756963575,1.1823123609906887
4,_f_spread<=1 E _f_delta<=16 E _f_saldo>=19 E _f_velocidade>=-0.216667,82,0.7317073170731707,0.6188781756963575,1.1823123609906887
4,_f_saldo<=0 E _f_velocidade<=-0.216667 E _f_ticks_s>=153.857 E _f_score<=47,82,0.7317073170731707,0.6188781756963575,1.1823123609906887
4,_f_saldo<=0 E _f_velocidade>=0.205388 E _f_aceleracao>=0.543681 E _f_score>=77,82,0.7317073170731707,0.6188781756963575,1.1823123609906887
4,_f_razao_fluxo>=1 E _f_velocidade<=-0.216667 E _f_ticks_s>=153.857 E _f_score<=47,82,0.7317073170731707,0.6188781756963575,1.1823123609906887
4,_f_razao_fluxo>=1 E _f_velocidade>=0.205388 E _f_aceleracao>=0.543681 E _f_score>=77,82,0.7317073170731707,0.6188781756963575,1.1823123609906887
3,_f_saldo>=0 E _f_razao_fluxo>=1 E _f_ticks_s>=153.857,41,0.7317073170731707,0.6188781756963575,1.1823123609906887
3,_f_saldo<=0 E _f_razao_fluxo<=1 E _f_ticks_s>=153.857,41,0.7317073170731707,0.6188781756963575,1.1823123609906887
4,_f_spread>=1 E _f_saldo>=19 E _f_ticks_s>=153.857 E _f_score<=47,41,0.7317073170731707,0.6188781756963575,1.1823123609906887
4,_f_spread<=1 E _f_delta<=16 E _f_saldo>=19 E _f_score>=61,41,0.7317073170731707,0.6188781756963575,1.1823123609906887
4,_f_spread>=1.75 E _f_saldo>=0 E _f_razao_fluxo>=1 E _f_aceleracao<=-0.552272,41,0.7317073170731707,0.6188781756963575,1.1823123609906887
4,_f_spread>=1.75 E _f_saldo<=0 E _f_razao_fluxo<=1 E _f_aceleracao<=-0.552272,41,0.7317073170731707,0.6188781756963575,1.1823123609906887
4,_f_delta>=-16 E _f_saldo<=-17 E _f_aceleracao<=-0.000831627 E _f_score<=47,41,0.7317073170731707,0.6188781756963575,1.1823123609906887
4,_f_delta>=-16 E _f_saldo>=0 E _f_razao_fluxo>=1 E _f_ticks_s>=153.857,41,0.7317073170731707,0.6188781756963575,1.1823123609906887
4,_f_delta>=-16 E _f_saldo<=0 E _f_razao_fluxo<=1 E _f_ticks_s>=153.857,41,0.7317073170731707,0.6188781756963575,1.1823123609906887
4,_f_delta<=-16 E _f_saldo>=-17 E _f_velocidade<=0 E _f_ticks_s>=153.857,41,0.7317073170731707,0.6188781756963575,1.1823123609906887
4,_f_delta<=-16 E _f_saldo<=-17 E _f_ticks_s>=153.857 E _f_score<=47,41,0.7317073170731707,0.6188781756963575,1.1823123609906887
4,_f_razao_fluxo>=1.33364 E _f_velocidade<=-0.216667 E _f_ticks_s>=72.5852 E _f_score<=47,41,0.7317073170731707,0.6188781756963575,1.1823123609906887
4,_f_razao_fluxo>=1.33364 E _f_velocidade<=-0.216667 E _f_ticks_s>=153.857 E _f_score<=61,41,0.7317073170731707,0.6188781756963575,1.1823123609906887
3,_f_saldo>=19 E _f_ticks_s>=153.857 E _f_score<=77,1584,0.7316919191919192,0.6188781756963575,1.1822874806800618
4,_f_delta>=-16 E _f_saldo>=19 E _f_ticks_s>=153.857 E _f_score<=77,1584,0.7316919191919192,0.6188781756963575,1.1822874806800618
4,_f_delta>=0 E _f_saldo>=19 E _f_ticks_s>=153.857 E _f_score<=77,1584,0.7316919191919192,0.6188781756963575,1.1822874806800618
4,_f_saldo>=19 E _f_razao_fluxo<=1 E _f_ticks_s>=153.857 E _f_score<=77,1584,0.7316919191919192,0.6188781756963575,1.1822874806800618
4,_f_saldo>=19 E _f_razao_fluxo<=1.33364 E _f_ticks_s>=153.857 E _f_score<=77,1584,0.7316919191919192,0.6188781756963575,1.1822874806800618
4,_f_spread>=1 E _f_razao_fluxo<=1.33364 E _f_aceleracao>=-0.552272 E _f_ticks_s>=153.857,1718,0.7316647264260768,0.6188781756963575,1.182243541877709
4,_f_spread<=1.75 E _f_saldo<=-17 E _f_aceleracao>=-0.000831627 E _f_ticks_s>=153.857,1308,0.731651376146789,0.6188781756963575,1.182221970137402
4,_f_spread<=1.75 E _f_delta>=16 E _f_aceleracao<=-0.552272 E _f_ticks_s>=153.857,872,0.731651376146789,0.6188781756963575,1.182221970137402
4,_f_spread<=1.25 E _f_delta>=16 E _f_aceleracao<=-0.552272 E _f_ticks_s>=72.5852,1021,0.7316356513222331,0.6188781756963575,1.1821965615429912
4,_f_saldo>=-17 E _f_velocidade<=0.205388 E _f_aceleracao>=0.543681 E _f_ticks_s>=153.857,667,0.7316341829085458,0.6188781756963575,1.1821941888406649
4,_f_spread<=1 E _f_velocidade<=-0.216667 E _f_aceleracao>=0.543681 E _f_ticks_s>=153.857,626,0.731629392971246,0.6188781756963575,1.1821864491311582
4,_f_spread>=1.25 E _f_saldo<=-17 E _f_ticks_s>=153.857 E _f_score>=47,313,0.731629392971246,0.6188781756963575,1.1821864491311582
4,_f_spread>=1 E _f_saldo>=-17 E _f_aceleracao<=-0.000831627 E _f_ticks_s>=153.857,965,0.7316062176165803,0.6188781756963575,1.1821490017698264
4,_f_spread>=1 E _f_velocidade>=0 E _f_aceleracao<=-0.552272 E _f_score>=77,231,0.7316017316017316,0.6188781756963575,1.18214175314639
4,_f_spread<=1 E _f_delta<=-16 E _f_velocidade>=0.205388 E _f_score<=61,231,0.7316017316017316,0.6188781756963575,1.18214175314639
4,_f_spread<=1 E _f_saldo<=-17 E _f_velocidade>=0.205388 E _f_score<=61,231,0.7316017316017316,0.6188781756963575,1.18214175314639
3,_f_delta<=16 E _f_saldo>=-17 E _f_ticks_s>=153.857,1304,0.7315950920245399,0.6188781756963575,1.1821310247390031
4,_f_spread>=1 E _f_saldo>=-17 E _f_aceleracao<=0.543681 E _f_ticks_s>=153.857,1263,0.7315914489311164,0.6188781756963575,1.1821251381306743
4,_f_saldo<=19 E _f_velocidade<=-0.216667 E _f_ticks_s>=153.857 E _f_score<=61,421,0.7315914489311164,0.6188781756963575,1.1821251381306743
4,_f_spread>=1.75 E _f_velocidade<=0 E _f_ticks_s>=153.857 E _f_score<=77,190,0.7315789473684211,0.6188781756963575,1.1821049377694623
4,_f_spread>=1 E _f_delta>=0 E _f_razao_fluxo>=0.741693 E _f_ticks_s>=153.857,1207,0.7315658657829329,0.6188781756963575,1.1820838001918228
3,_f_delta<=-16 E _f_aceleracao>=-0.000831627 E _f_ticks_s>=153.857,1356,0.7315634218289085,0.6188781756963575,1.1820798511851842
4,_f_delta<=-16 E _f_saldo<=0 E _f_aceleracao>=-0.000831627 E _f_ticks_s>=153.857,1356,0.7315634218289085,0.6188781756963575,1.1820798511851842
4,_f_delta<=-16 E _f_saldo<=19 E _f_aceleracao>=-0.000831627 E _f_ticks_s>=153.857,1356,0.7315634218289085,0.6188781756963575,1.1820798511851842
4,_f_delta<=-16 E _f_razao_fluxo>=0.741693 E _f_aceleracao>=-0.000831627 E _f_ticks_s>=153.857,1356,0.7315634218289085,0.6188781756963575,1.1820798511851842
4,_f_delta<=-16 E _f_razao_fluxo>=1 E _f_aceleracao>=-0.000831627 E _f_ticks_s>=153.857,1356,0.7315634218289085,0.6188781756963575,1.1820798511851842
4,_f_delta<=0 E _f_saldo<=0 E _f_velocidade>=0.205388 E _f_ticks_s>=153.857,637,0.7315541601255887,0.6188781756963575,1.1820648858758818
4,_f_delta<=0 E _f_razao_fluxo>=1 E _f_velocidade>=0.205388 E _f_ticks_s>=153.857,637,0.7315541601255887,0.6188781756963575,1.1820648858758818
3,_f_saldo>=-17 E _f_velocidade<=0 E _f_ticks_s>=153.857,1516,0.7315303430079155,0.6188781756963575,1.1820264015366233
4,_f_spread<=1 E _f_saldo>=-17 E _f_ticks_s>=153.857 E _f_score<=77,2179,0.7315282239559431,0.6188781756963575,1.1820229775154578
4,_f_velocidade>=-0.216667 E _f_aceleracao>=-0.552272 E _f_ticks_s>=153.857 E _f_score<=47,257,0.7315175097276264,0.6188781756963575,1.1820056651772022
4,_f_delta>=-16 E _f_razao_fluxo<=1.33364 E _f_ticks_s>=153.857 E _f_score<=77,2745,0.731511839708561,0.6188781756963575,1.1819965034079105
3,_f_saldo>=-17 E _f_velocidade<=0.205388 E _f_ticks_s>=153.857,2160,0.7314814814814815,0.6188781756963575,1.1819474497681608
4,_f_spread<=1.25 E _f_saldo<=-17 E _f_razao_fluxo<=1.33364 E _f_aceleracao>=0.543681,648,0.7314814814814815,0.6188781756963575,1.1819474497681608
4,_f_delta>=16 E _f_aceleracao<=-0.552272 E _f_ticks_s>=153.857 E _f_score>=61,648,0.7314814814814815,0.6188781756963575,1.1819474497681608
4,_f_spread<=1.25 E _f_saldo>=0 E _f_ticks_s>=153.857 E _f_score<=77,1903,0.7314766158696795,0.6188781756963575,1.1819395877817584
4,_f_spread<=1.25 E _f_razao_fluxo<=1 E _f_ticks_s>=153.857 E _f_score<=77,1903,0.7314766158696795,0.6188781756963575,1.1819395877817584
2,_f_ticks_s>=153.857 E _f_score<=61,2253,0.7314691522414558,0.6188781756963575,1.1819275278505528
4,_f_saldo>=-17 E _f_razao_fluxo<=1.33364 E _f_ticks_s>=153.857 E _f_score<=77,2737,0.731457800511509,0.6188781756963575,1.1819091854200185
4,_f_spread>=1.75 E _f_aceleracao>=-0.000831627 E _f_ticks_s>=153.857 E _f_score<=77,175,0.7314285714285714,0.6188781756963575,1.1818619562817398
4,_f_spread<=1.75 E _f_delta>=-16 E _f_velocidade<=-0.216667 E _f_ticks_s>=153.857,834,0.7314148681055156,0.6188781756963575,1.181839814083818
4,_f_saldo>=-17 E _f_velocidade<=0.205388 E _f_aceleracao<=0.543681 E _f_ticks_s>=153.857,1493,0.7314132618888145,0.6188781756963575,1.1818372187156758
4,_f_saldo<=-17 E _f_razao_fluxo<=1.33364 E _f_aceleracao>=0.543681 E _f_score>=61,484,0.731404958677686,0.6188781756963575,1.1818238021638332
4,_f_delta<=-16 E _f_aceleracao>=0.543681 E _f_ticks_s>=72.5852 E _f_score<=61,551,0.7313974591651543,0.6188781756963575,1.1818116842497974
4,_f_spread>=1.25 E _f_saldo<=19 E _f_razao_fluxo>=0.741693 E _f_ticks_s>=153.857,618,0.7313915857605178,0.6188781756963575,1.1818021938446301
4,_f_spread<=1 E _f_delta<=16 E _f_saldo>=-17 E _f_ticks_s>=153.857,994,0.7313883299798792,0.6188781756963575,1.1817969330667155
4,_f_spread<=1.25 E _f_delta>=0 E _f_ticks_s>=153.857 E _f_score<=77,1876,0.7313432835820896,0.6188781756963575,1.1817241458857182
4,_f_spread>=1 E _f_delta>=16 E _f_velocidade<=0 E _f_ticks_s>=72.5852,804,0.7313432835820896,0.6188781756963575,1.1817241458857182
4,_f_delta<=16 E _f_velocidade<=0 E _f_ticks_s>=153.857 E _f_score<=61,737,0.7313432835820896,0.6188781756963575,1.1817241458857182
4,_f_spread>=1.25 E _f_delta>=-16 E _f_velocidade<=0.205388 E _f_ticks_s>=153.857,402,0.7313432835820896,0.6188781756963575,1.1817241458857182
4,_f_delta>=16 E _f_razao_fluxo<=0.741693 E _f_aceleracao<=-0.552272 E _f_ticks_s>=153.857,268,0.7313432835820896,0.6188781756963575,1.1817241458857182
4,_f_razao_fluxo>=1.33364 E _f_aceleracao>=0.543681 E _f_ticks_s>=153.857 E _f_score>=47,268,0.7313432835820896,0.6188781756963575,1.1817241458857182
4,_f_spread>=1.25 E _f_saldo<=-17 E _f_velocidade>=0.205388 E _f_aceleracao>=0.543681,134,0.7313432835820896,0.6188781756963575,1.1817241458857182
4,_f_spread>=1.75 E _f_saldo>=19 E _f_velocidade<=-0.216667 E _f_aceleracao<=-0.000831627,134,0.7313432835820896,0.6188781756963575,1.1817241458857182
4,_f_delta<=0 E _f_velocidade>=0.205388 E _f_aceleracao>=-0.000831627 E _f_score>=77,134,0.7313432835820896,0.6188781756963575,1.1817241458857182
4,_f_delta>=16 E _f_saldo<=19 E _f_razao_fluxo>=0.741693 E _f_aceleracao>=0.543681,67,0.7313432835820896,0.6188781756963575,1.1817241458857182
4,_f_spread<=1 E _f_delta>=0 E _f_ticks_s>=153.857 E _f_score<=77,1727,0.7313259988419224,0.6188781756963575,1.1816962167377116
3,_f_delta>=-16 E _f_velocidade<=0 E _f_ticks_s>=153.857,1511,0.7313037723362011,0.6188781756963575,1.1816603025520218
4,_f_spread<=1.25 E _f_saldo<=19 E _f_ticks_s>=153.857 E _f_score<=61,1310,0.7312977099236642,0.6188781756963575,1.181650506742806
4,_f_delta>=-16 E _f_velocidade<=0.205388 E _f_ticks_s>=153.857 E _f_score>=47,1816,0.7312775330396476,0.6188781756963575,1.181617904390988
3,_f_saldo<=0 E _f_velocidade>=0.205388 E _f_ticks_s>=153.857,640,0.73125,0.6188781756963575,1.1815734157650695
3,_f_razao_fluxo>=1 E _f_velocidade>=0.205388 E _f_ticks_s>=153.857,640,0.73125,0.6188781756963575,1.1815734157650695
4,_f_delta<=16 E _f_saldo<=0 E _f_velocidade>=0.205388 E _f_ticks_s>=153.857,640,0.73125,0.6188781756963575,1.1815734157650695
4,_f_delta<=16 E _f_razao_fluxo>=1 E _f_velocidade>=0.205388 E _f_ticks_s>=153.857,640,0.73125,0.6188781756963575,1.1815734157650695
4,_f_saldo<=0 E _f_razao_fluxo>=0.741693 E _f_velocidade>=0.205388 E _f_ticks_s>=153.857,640,0.73125,0.6188781756963575,1.1815734157650695
4,_f_saldo<=0 E _f_razao_fluxo>=1 E _f_velocidade>=0.205388 E _f_ticks_s>=153.857,640,0.73125,0.6188781756963575,1.1815734157650695
4,_f_saldo<=19 E _f_razao_fluxo>=1 E _f_velocidade>=0.205388 E _f_ticks_s>=153.857,640,0.73125,0.6188781756963575,1.1815734157650695
4,_f_spread<=1 E _f_saldo>=19 E _f_aceleracao<=-0.552272 E _f_ticks_s>=42.0552,919,0.7312295973884657,0.6188781756963575,1.1815404486766579
3,_f_spread>=1 E _f_aceleracao>=-0.552272 E _f_ticks_s>=153.857,1957,0.7312212570260603,0.6188781756963575,1.181526972094783
4,_f_spread>=1.25 E _f_saldo<=19 E _f_ticks_s>=153.857 E _f_score<=61,346,0.7312138728323699,0.6188781756963575,1.1815150405160322
4,_f_delta<=0 E _f_saldo<=-17 E _f_aceleracao>=-0.000831627 E _f_ticks_s>=153.857,1343,0.731198808637379,0.6188781756963575,1.181490699384639
4,_f_saldo<=19 E _f_velocidade>=0 E _f_aceleracao>=-0.552272 E _f_ticks_s>=153.857,997,0.7311935807422267,0.6188781756963575,1.1814822520110564
2,_f_ticks_s>=153.857 E _f_score<=47,558,0.7311827956989247,0.6188781756963575,1.181464825248043
4,_f_delta<=0 E _f_saldo>=0 E _f_velocidade<=-0.216667 E _f_aceleracao>=-0.000831627,93,0.7311827956989247,0.6188781756963575,1.181464825248043
4,_f_delta<=0 E _f_razao_fluxo<=1 E _f_velocidade<=-0.216667 E _f_aceleracao>=-0.000831627,93,0.7311827956989247,0.6188781756963575,1.181464825248043
4,_f_velocidade>=-0.216667 E _f_aceleracao>=0.543681 E _f_ticks_s>=153.857 E _f_score<=47,93,0.7311827956989247,0.6188781756963575,1.181464825248043
4,_f_delta>=-16 E _f_velocidade<=-0.216667 E _f_aceleracao>=0.543681 E _f_ticks_s>=153.857,305,0.7311475409836066,0.6188781756963575,1.1814078597309146
4,_f_delta<=16 E _f_saldo>=-17 E _f_ticks_s>=153.857 E _f_score<=61,941,0.7311370882040382,0.6188781756963575,1.1813909698485776
4,_f_spread<=1 E _f_saldo>=0 E _f_ticks_s>=153.857 E _f_score<=77,1748,0.7311212814645309,0.6188781756963575,1.1813654288937856
4,_f_spread<=1 E _f_razao_fluxo<=1 E _f_ticks_s>=153.857 E _f_score<=77,1748,0.7311212814645309,0.6188781756963575,1.1813654288937856
4,_f_delta>=-16 E _f_velocidade<=0.205388 E _f_aceleracao>=0.543681 E _f_ticks_s>=153.857,662,0.7311178247734139,0.6188781756963575,1.1813598434793167
4,_f_saldo>=-17 E _f_velocidade<=0 E _f_aceleracao>=-0.552272 E _f_ticks_s>=153.857,1045,0.7311004784688995,0.6188781756963575,1.181331814853982
4,_f_spread>=1 E _f_delta<=-16 E _f_aceleracao>=0.543681 E _f_ticks_s>=72.5852,833,0.7310924369747899,0.6188781756963575,1.1813188211915369
4,_f_spread<=1 E _f_delta>=16 E _f_velocidade<=-0.216667 E _f_aceleracao<=0.543681,357,0.7310924369747899,0.6188781756963575,1.1813188211915369
4,_f_delta>=16 E _f_velocidade<=0 E _f_ticks_s>=72.5852 E _f_score>=77,119,0.7310924369747899,0.6188781756963575,1.1813188211915369
4,_f_saldo>=-17 E _f_velocidade<=0.205388 E _f_aceleracao>=-0.552272 E _f_ticks_s>=153.857,1480,0.731081081081081,0.6188781756963575,1.181300472033084
3,_f_spread>=1 E _f_velocidade<=-0.216667 E _f_ticks_s>=153.857,1123,0.7310774710596616,0.6188781756963575,1.181294638863389
4,_f_spread>=1 E _f_delta<=16 E _f_velocidade<=0 E _f_ticks_s>=153.857,1134,0.7310405643738977,0.6188781756963575,1.181235004047987
4,_f_delta>=0 E _f_velocidade<=0.205388 E _f_ticks_s>=153.857 E _f_score>=77,290,0.7310344827586207,0.6188781756963575,1.1812251772104674
4,_f_spread<=1.25 E _f_razao_fluxo>=1.33364 E _f_velocidade>=0 E _f_ticks_s>=153.857,145,0.7310344827586207,0.6188781756963575,1.1812251772104674
4,_f_delta<=16 E _f_velocidade>=0 E _f_ticks_s>=153.857 E _f_score>=47,1197,0.7309941520467836,0.6188781756963575,1.181160009761653
4,_f_delta<=-16 E _f_aceleracao>=-0.000831627 E _f_ticks_s>=72.5852 E _f_score<=61,855,0.7309941520467836,0.6188781756963575,1.181160009761653
3,_f_razao_fluxo<=1.33364 E _f_ticks_s>=153.857 E _f_score<=47,539,0.7309833024118738,0.6188781756963575,1.1811424786297826
4,_f_delta>=-16 E _f_velocidade<=0.205388 E _f_aceleracao>=-0.552272 E _f_ticks_s>=153.857,1472,0.7309782608695652,0.6188781756963575,1.1811343323701364
4,_f_delta<=16 E _f_velocidade>=0.205388 E _f_aceleracao>=-0.552272 E _f_ticks_s>=153.857,565,0.7309734513274336,0.6188781756963575,1.1811265609826156
4,_f_spread<=1.25 E _f_saldo<=0 E _f_aceleracao>=-0.000831627 E _f_ticks_s>=153.857,1524,0.7309711286089239,0.6188781756963575,1.1811228078715819
4,_f_spread<=1.25 E _f_razao_fluxo>=1 E _f_aceleracao>=-0.000831627 E _f_ticks_s>=153.857,1524,0.7309711286089239,0.6188781756963575,1.1811228078715819
4,_f_spread<=1.25 E _f_saldo<=-17 E _f_velocidade>=0.205388 E _f_aceleracao>=0.543681,197,0.7309644670050761,0.6188781756963575,1.1811120438729317
4,_f_delta<=0 E _f_velocidade>=0.205388 E _f_aceleracao>=-0.552272 E _f_ticks_s>=153.857,446,0.7309417040358744,0.6188781756963575,1.181075262855123
4,_f_saldo<=19 E _f_razao_fluxo>=0.741693 E _f_velocidade>=0.205388 E _f_ticks_s>=153.857,851,0.7309048178613397,0.6188781756963575,1.1810156611823168
3,_f_razao_fluxo<=1.33364 E _f_ticks_s>=153.857 E _f_score<=61,2107,0.7308970099667774,0.6188781756963575,1.1810030449763027
4,_f_spread>=1 E _f_razao_fluxo<=1.33364 E _f_aceleracao<=0.543681 E _f_ticks_s>=153.857,1739,0.730879815986199,0.6188781756963575,1.1809752624800802
4,_f_saldo<=-17 E _f_razao_fluxo<=1.33364 E _f_velocidade<=-0.216667 E _f_aceleracao>=0.543681,353,0.7308781869688386,0.6188781756963575,1.1809726302700194
3,_f_saldo<=-17 E _f_aceleracao>=-0.000831627 E _f_ticks_s>=153.857,1345,0.7308550185873606,0.6188781756963575,1.180935194176152
4,_f_delta<=16 E _f_saldo<=-17 E _f_aceleracao>=-0.000831627 E _f_ticks_s>=153.857,1345,0.7308550185873606,0.6188781756963575,1.180935194176152
4,_f_saldo<=-17 E _f_razao_fluxo>=0.741693 E _f_aceleracao>=-0.000831627 E _f_ticks_s>=153.857,1345,0.7308550185873606,0.6188781756963575,1.180935194176152
4,_f_saldo<=-17 E _f_razao_fluxo>=1 E _f_aceleracao>=-0.000831627 E _f_ticks_s>=153.857,1345,0.7308550185873606,0.6188781756963575,1.180935194176152
4,_f_velocidade>=0.205388 E _f_aceleracao>=0.543681 E _f_ticks_s>=72.5852 E _f_score<=77,561,0.7308377896613191,0.6188781756963575,1.1809073552141105
4,_f_delta>=-16 E _f_aceleracao<=-0.552272 E _f_ticks_s>=153.857 E _f_score>=47,1174,0.7308347529812607,0.6188781756963575,1.1809024484648054
4,_f_spread>=1 E _f_velocidade>=0.205388 E _f_ticks_s>=153.857 E _f_score<=77,691,0.7308248914616498,0.6188781756963575,1.1808865139562088
4,_f_spread<=1 E _f_delta>=16 E _f_aceleracao<=-0.552272 E _f_score<=77,769,0.7308192457737321,0.6188781756963575,1.18087739150184
4,_f_spread<=1.25 E _f_velocidade>=-0.216667 E _f_aceleracao<=-0.552272 E _f_ticks_s>=153.857,1222,0.7307692307692307,0.6188781756963575,1.1807965759124954
4,_f_saldo>=-17 E _f_velocidade<=0.205388 E _f_ticks_s>=153.857 E _f_score<=61,1222,0.7307692307692307,0.6188781756963575,1.1807965759124954
4,_f_saldo<=19 E _f_velocidade>=0 E _f_ticks_s>=153.857 E _f_score<=61,858,0.7307692307692307,0.6188781756963575,1.1807965759124954
4,_f_razao_fluxo>=1.33364 E _f_velocidade<=0.205388 E _f_ticks_s>=153.857 E _f_score<=77,338,0.7307692307692307,0.6188781756963575,1.1807965759124954
4,_f_razao_fluxo<=0.741693 E _f_velocidade<=-0.216667 E _f_aceleracao<=0.543681 E _f_ticks_s>=72.5852,234,0.7307692307692307,0.6188781756963575,1.1807965759124954
4,_f_spread>=1 E _f_velocidade>=0.205388 E _f_aceleracao<=-0.552272 E _f_score>=77,182,0.7307692307692307,0.6188781756963575,1.1807965759124954
4,_f_delta<=0 E _f_saldo>=0 E _f_velocidade>=0 E _f_ticks_s>=72.5852,182,0.7307692307692307,0.6188781756963575,1.1807965759124954
4,_f_delta<=0 E _f_razao_fluxo<=1 E _f_velocidade>=0 E _f_ticks_s>=72.5852,182,0.7307692307692307,0.6188781756963575,1.1807965759124954
4,_f_spread>=1 E _f_razao_fluxo<=0.741693 E _f_aceleracao<=-0.552272 E _f_ticks_s>=153.857,130,0.7307692307692307,0.6188781756963575,1.1807965759124954
4,_f_spread>=1.75 E _f_saldo>=19 E _f_razao_fluxo>=0.741693 E _f_velocidade>=0,130,0.7307692307692307,0.6188781756963575,1.1807965759124954
4,_f_spread<=1.25 E _f_saldo<=-17 E _f_aceleracao<=0.543681 E _f_score<=47,78,0.7307692307692307,0.6188781756963575,1.1807965759124954
4,_f_delta>=0 E _f_saldo<=0 E _f_ticks_s>=72.5852 E _f_score>=47,78,0.7307692307692307,0.6188781756963575,1.1807965759124954
4,_f_delta>=0 E _f_razao_fluxo>=1 E _f_ticks_s>=72.5852 E _f_score>=47,78,0.7307692307692307,0.6188781756963575,1.1807965759124954
4,_f_delta>=0 E _f_velocidade>=0.205388 E _f_aceleracao>=-0.000831627 E _f_score<=47,78,0.7307692307692307,0.6188781756963575,1.1807965759124954
3,_f_delta<=-16 E _f_ticks_s>=153.857 E _f_score<=47,52,0.7307692307692307,0.6188781756963575,1.1807965759124954
4,_f_spread<=1 E _f_razao_fluxo>=1.33364 E _f_velocidade>=0.205388 E _f_ticks_s>=153.857,52,0.7307692307692307,0.6188781756963575,1.1807965759124954
4,_f_spread>=1.75 E _f_razao_fluxo>=1.33364 E _f_velocidade>=0.205388 E _f_score>=61,52,0.7307692307692307,0.6188781756963575,1.1807965759124954
4,_f_delta<=-16 E _f_saldo<=0 E _f_ticks_s>=153.857 E _f_score<=47,52,0.7307692307692307,0.6188781756963575,1.1807965759124954
4,_f_delta<=-16 E _f_saldo<=19 E _f_ticks_s>=153.857 E _f_score<=47,52,0.7307692307692307,0.6188781756963575,1.1807965759124954
4,_f_delta<=-16 E _f_razao_fluxo>=0.741693 E _f_ticks_s>=153.857 E _f_score<=47,52,0.7307692307692307,0.6188781756963575,1.1807965759124954
4,_f_delta<=-16 E _f_razao_fluxo>=1 E _f_ticks_s>=153.857 E _f_score<=47,52,0.7307692307692307,0.6188781756963575,1.1807965759124954
4,_f_delta>=0 E _f_saldo<=0 E _f_velocidade>=0 E _f_aceleracao<=-0.552272,52,0.7307692307692307,0.6188781756963575,1.1807965759124954
4,_f_delta>=0 E _f_saldo<=0 E _f_aceleracao>=0.543681 E _f_score<=47,52,0.7307692307692307,0.6188781756963575,1.1807965759124954
4,_f_delta>=0 E _f_razao_fluxo>=1 E _f_velocidade>=0 E _f_aceleracao<=-0.552272,52,0.7307692307692307,0.6188781756963575,1.1807965759124954
4,_f_delta>=0 E _f_razao_fluxo>=1 E _f_aceleracao>=0.543681 E _f_score<=47,52,0.7307692307692307,0.6188781756963575,1.1807965759124954
4,_f_spread<=1 E _f_razao_fluxo<=0.741693 E _f_velocidade<=-0.216667 E _f_aceleracao>=0.543681,26,0.7307692307692307,0.6188781756963575,1.1807965759124954
4,_f_spread>=1.75 E _f_saldo>=0 E _f_razao_fluxo>=1 E _f_velocidade>=0.205388,26,0.7307692307692307,0.6188781756963575,1.1807965759124954
4,_f_spread>=1.75 E _f_saldo<=0 E _f_razao_fluxo<=1 E _f_velocidade>=0.205388,26,0.7307692307692307,0.6188781756963575,1.1807965759124954
4,_f_saldo>=0 E _f_razao_fluxo>=1 E _f_aceleracao<=0.543681 E _f_ticks_s>=153.857,26,0.7307692307692307,0.6188781756963575,1.1807965759124954
4,_f_saldo<=0 E _f_razao_fluxo<=1 E _f_aceleracao<=0.543681 E _f_ticks_s>=153.857,26,0.7307692307692307,0.6188781756963575,1.1807965759124954
4,_f_razao_fluxo<=0.741693 E _f_velocidade>=0 E _f_aceleracao>=0.543681 E _f_score<=47,26,0.7307692307692307,0.6188781756963575,1.1807965759124954
4,_f_delta>=-16 E _f_saldo>=-17 E _f_ticks_s>=153.857 E _f_score<=77,2726,0.7307410124724871,0.6188781756963575,1.1807509800297324
4,_f_delta<=0 E _f_aceleracao<=0.543681 E _f_ticks_s>=153.857 E _f_score<=61,635,0.7307086614173228,0.6188781756963575,1.1806987063247696
4,_f_spread>=1 E _f_velocidade>=0 E _f_ticks_s>=153.857 E _f_score<=61,557,0.7307001795332136,0.6188781756963575,1.1806850010683199
4,_f_spread<=1.75 E _f_delta>=16 E _f_razao_fluxo>=0.741693 E _f_velocidade<=-0.216667,505,0.7306930693069307,0.6188781756963575,1.180673512173474
4,_f_velocidade<=0.205388 E _f_aceleracao>=-0.000831627 E _f_ticks_s>=153.857 E _f_score>=77,505,0.7306930693069307,0.6188781756963575,1.180673512173474
4,_f_saldo<=19 E _f_razao_fluxo<=1 E _f_aceleracao>=-0.552272 E _f_ticks_s>=153.857,479,0.7306889352818372,0.6188781756963575,1.1806668323045502
4,_f_spread<=1 E _f_velocidade<=0 E _f_aceleracao>=0.543681 E _f_ticks_s>=72.5852,1073,0.7306616961789375,0.6188781756963575,1.180622818629534
4,_f_saldo>=19 E _f_razao_fluxo>=0.741693 E _f_aceleracao<=-0.552272 E _f_score<=77,672,0.7306547619047619,0.6188781756963575,1.180611614042835
4,_f_delta<=0 E _f_saldo<=0 E _f_aceleracao>=-0.000831627 E _f_ticks_s>=153.857,1667,0.7306538692261547,0.6188781756963575,1.1806101716287345
4,_f_delta<=0 E _f_razao_fluxo>=1 E _f_aceleracao>=-0.000831627 E _f_ticks_s>=153.857,1667,0.7306538692261547,0.6188781756963575,1.1806101716287345
4,_f_delta<=16 E _f_velocidade<=0 E _f_ticks_s>=153.857 E _f_score<=47,271,0.7306273062730627,0.6188781756963575,1.1805672504947615
4,_f_delta<=-16 E _f_razao_fluxo<=1.33364 E _f_aceleracao>=0.543681 E _f_score>=61,490,0.7306122448979592,0.6188781756963575,1.1805429139198182
4,_f_saldo>=-17 E _f_velocidade<=0.205388 E _f_ticks_s>=153.857 E _f_score>=47,1830,0.7306010928961748,0.6188781756963575,1.1805248942154205
4,_f_spread>=1 E _f_velocidade<=0.205388 E _f_aceleracao<=0.543681 E _f_ticks_s>=153.857,1236,0.7305825242718447,0.6188781756963575,1.1804948905328552
4,_f_spread<=1 E _f_delta>=16 E _f_saldo>=19 E _f_aceleracao<=-0.552272,913,0.7305585980284776,0.6188781756963575,1.1804562298653656
4,_f_spread>=1 E _f_velocidade<=0 E _f_ticks_s>=153.857 E _f_score>=47,1388,0.7305475504322767,0.6188781756963575,1.1804383788623174
4,_f_delta<=0 E _f_velocidade<=0 E _f_ticks_s>=153.857 E _f_score<=61,501,0.7305389221556886,0.6188781756963575,1.1804244370609631
4,_f_spread>=1.25 E _f_delta<=0 E _f_saldo>=-17 E _f_ticks_s>=153.857,167,0.7305389221556886,0.6188781756963575,1.1804244370609631
4,_f_spread<=1.25 E _f_velocidade>=0.205388 E _f_aceleracao>=0.543681 E _f_score<=61,167,0.7305389221556886,0.6188781756963575,1.1804244370609631
4,_f_spread<=1.25 E _f_saldo>=-17 E _f_velocidade<=0.205388 E _f_ticks_s>=153.857,1874,0.7305229455709712,0.6188781756963575,1.1803986216657127
4,_f_spread<=1.25 E _f_saldo>=-17 E _f_velocidade<=0 E _f_ticks_s>=153.857,1295,0.7305019305019305,0.6188781756963575,1.180364664951991
4,_f_velocidade>=0.205388 E _f_aceleracao>=-0.552272 E _f_ticks_s>=72.5852 E _f_score<=47,282,0.7304964539007093,0.6188781756963575,1.1803558157124536
4,_f_spread>=1 E _f_delta<=16 E _f_ticks_s>=153.857 E _f_score>=47,1499,0.7304869913275517,0.6188781756963575,1.1803405258322652
3,_f_razao_fluxo>=0.741693 E _f_ticks_s>=153.857 E _f_score<=47,538,0.7304832713754646,0.6188781756963575,1.180334515033641
4,_f_spread<=1.25 E _f_delta>=-16 E _f_velocidade<=0.205388 E _f_ticks_s>=153.857,1870,0.7304812834224599,0.6188781756963575,1.1803313028457132
4,_f_delta<=-16 E _f_aceleracao>=-0.000831627 E _f_ticks_s>=153.857 E _f_score<=77,1050,0.7304761904761905,0.6188781756963575,1.1803230735261647
4,_f_saldo>=19 E _f_razao_fluxo>=0.741693 E _f_aceleracao<=-0.552272 E _f_score>=47,753,0.7304116865869854,0.6188781756963575,1.1802188464072614
4,_f_spread<=1.75 E _f_saldo>=-17 E _f_velocidade<=-0.216667 E _f_ticks_s>=153.857,842,0.7304038004750594,0.6188781756963575,1.1802061038155272
4,_f_spread>=1 E _f_delta>=0 E _f_aceleracao<=-0.000831627 E _f_ticks_s>=153.857,816,0.7303921568627451,0.6188781756963575,1.1801872897536139
4,_f_delta<=0 E _f_velocidade>=0.205388 E _f_aceleracao>=0.543681 E _f_ticks_s>=72.5852,408,0.7303921568627451,0.6188781756963575,1.1801872897536139
4,_f_spread>=1.25 E _f_delta<=-16 E _f_aceleracao<=0.543681 E _f_ticks_s>=153.857,204,0.7303921568627451,0.6188781756963575,1.1801872897536139
3,_f_razao_fluxo>=0.741693 E _f_ticks_s>=153.857 E _f_score<=61,2103,0.7303851640513552,0.6188781756963575,1.1801759905809102
4,_f_saldo<=19 E _f_razao_fluxo>=0.741693 E _f_ticks_s>=153.857 E _f_score<=61,1565,0.7303514376996805,0.6188781756963575,1.1801214946348593
4,_f_spread<=1.25 E _f_saldo<=19 E _f_velocidade>=0 E _f_ticks_s>=153.857,1272,0.7303459119496856,0.6188781756963575,1.1801125659794116
4,_f_delta>=-16 E _f_razao_fluxo<=1.33364 E _f_ticks_s>=153.857 E _f_score<=61,1628,0.7303439803439803,0.6188781756963575,1.1801094448389657
4,_f_delta>=16 E _f_velocidade<=-0.216667 E _f_ticks_s>=42.0552 E _f_score<=61,534,0.7303370786516854,0.6188781756963575,1.1800982928989459
4,_f_spread>=1.25 E _f_delta<=0 E _f_saldo>=0 E _f_ticks_s>=72.5852,267,0.7303370786516854,0.6188781756963575,1.1800982928989459
4,_f_spread>=1.25 E _f_delta<=0 E _f_razao_fluxo<=1 E _f_ticks_s>=72.5852,267,0.7303370786516854,0.6188781756963575,1.1800982928989459
4,_f_spread<=1 E _f_delta>=-16 E _f_aceleracao>=0.543681 E _f_score<=47,178,0.7303370786516854,0.6188781756963575,1.1800982928989459
4,_f_delta>=0 E _f_aceleracao>=-0.552272 E _f_ticks_s>=153.857 E _f_score<=47,178,0.7303370786516854,0.6188781756963575,1.1800982928989459
4,_f_spread>=1.75 E _f_velocidade>=0 E _f_aceleracao<=-0.552272 E _f_ticks_s>=153.857,89,0.7303370786516854,0.6188781756963575,1.1800982928989459
4,_f_spread<=1.75 E _f_saldo<=-17 E _f_razao_fluxo<=1.33364 E _f_score<=47,89,0.7303370786516854,0.6188781756963575,1.1800982928989459
4,_f_delta>=16 E _f_saldo<=19 E _f_aceleracao>=-0.552272 E _f_ticks_s>=153.857,89,0.7303370786516854,0.6188781756963575,1.1800982928989459
4,_f_spread>=1 E _f_saldo<=19 E _f_velocidade<=0 E _f_ticks_s>=153.857,1131,0.7303271441202476,0.6188781756963575,1.1800822404158757
4,_f_spread<=1 E _f_velocidade>=0 E _f_ticks_s>=153.857 E _f_score<=61,864,0.7303240740740741,0.6188781756963575,1.1800772797527048
4,_f_spread<=1 E _f_delta>=-16 E _f_saldo<=0 E _f_ticks_s>=153.857,508,0.7303149606299213,0.6188781756963575,1.1800625540045517
4,_f_spread<=1 E _f_delta>=-16 E _f_razao_fluxo>=1 E _f_ticks_s>=153.857,508,0.7303149606299213,0.6188781756963575,1.1800625540045517
4,_f_razao_fluxo>=0.741693 E _f_aceleracao<=-0.552272 E _f_ticks_s>=153.857 E _f_score<=77,1168,0.7303082191780822,0.6188781756963575,1.1800516609853697
4,_f_saldo<=0 E _f_razao_fluxo<=1.33364 E _f_velocidade>=0 E _f_ticks_s>=153.857,901,0.730299667036626,0.6188781756963575,1.1800378422052091
4,_f_spread>=1 E _f_saldo<=-17 E _f_aceleracao>=0.543681 E _f_ticks_s>=72.5852,812,0.7302955665024631,0.6188781756963575,1.1800312164518316
4,_f_spread<=1.75 E _f_saldo<=0 E _f_velocidade>=0.205388 E _f_ticks_s>=153.857,608,0.7302631578947368,0.6188781756963575,1.1799788497518913
4,_f_spread<=1.75 E _f_razao_fluxo>=1 E _f_velocidade>=0.205388 E _f_ticks_s>=153.857,608,0.7302631578947368,0.6188781756963575,1.1799788497518913
4,_f_spread>=1.25 E _f_velocidade<=0.205388 E _f_ticks_s>=153.857 E _f_score>=47,519,0.7302504816955684,0.6188781756963575,1.1799583672083696
4,_f_spread<=1 E _f_delta>=16 E _f_aceleracao<=-0.552272 E _f_ticks_s>=72.5852,886,0.7302483069977427,0.6188781756963575,1.1799548532731376
4,_f_spread<=1.25 E _f_delta>=-16 E _f_velocidade<=0 E _f_ticks_s>=153.857,1290,0.7302325581395349,0.6188781756963575,1.179929405844506
4,_f_spread>=1 E _f_saldo>=19 E _f_aceleracao<=-0.552272 E _f_score>=77,215,0.7302325581395349,0.6188781756963575,1.179929405844506
4,_f_spread>=1.25 E _f_saldo<=-17 E _f_velocidade>=0.205388 E _f_aceleracao>=-0.000831627,215,0.7302325581395349,0.6188781756963575,1.179929405844506
3,_f_razao_fluxo>=1.33364 E _f_aceleracao>=0.543681 E _f_ticks_s>=153.857,278,0.7302158273381295,0.6188781756963575,1.1799023717656478
4,_f_delta<=0 E _f_razao_fluxo>=1.33364 E _f_aceleracao>=0.543681 E _f_ticks_s>=153.857,278,0.7302158273381295,0.6188781756963575,1.1799023717656478
4,_f_delta<=16 E _f_razao_fluxo>=1.33364 E _f_aceleracao>=0.543681 E _f_ticks_s>=153.857,278,0.7302158273381295,0.6188781756963575,1.1799023717656478
4,_f_saldo>=-17 E _f_velocidade<=0 E _f_ticks_s>=153.857 E _f_score<=47,278,0.7302158273381295,0.6188781756963575,1.1799023717656478
4,_f_saldo<=0 E _f_razao_fluxo>=1.33364 E _f_aceleracao>=0.543681 E _f_ticks_s>=153.857,278,0.7302158273381295,0.6188781756963575,1.1799023717656478
4,_f_saldo<=19 E _f_razao_fluxo>=1.33364 E _f_aceleracao>=0.543681 E _f_ticks_s>=153.857,278,0.7302158273381295,0.6188781756963575,1.1799023717656478
4,_f_spread>=1.25 E _f_saldo>=-17 E _f_velocidade<=0.205388 E _f_ticks_s>=153.857,404,0.7301980198019802,0.6188781756963575,1.1798735978698334
4,_f_spread>=1 E _f_saldo<=-17 E _f_velocidade>=-0.216667 E _f_ticks_s>=153.857,504,0.7301587301587301,0.6188781756963575,1.1798101126076397
4,_f_delta<=-16 E _f_razao_fluxo<=1.33364 E _f_ticks_s>=153.857 E _f_score<=61,504,0.7301587301587301,0.6188781756963575,1.1798101126076397
4,_f_delta<=-16 E _f_velocidade>=0 E _f_aceleracao>=0.543681 E _f_ticks_s>=72.5852,441,0.7301587301587301,0.6188781756963575,1.1798101126076397
4,_f_spread<=1.25 E _f_delta<=-16 E _f_velocidade>=0.205388 E _f_aceleracao>=-0.000831627,315,0.7301587301587301,0.6188781756963575,1.1798101126076397
4,_f_delta<=0 E _f_velocidade>=0.205388 E _f_aceleracao<=0.543681 E _f_score>=77,63,0.7301587301587301,0.6188781756963575,1.1798101126076397
4,_f_delta<=16 E _f_velocidade>=0.205388 E _f_ticks_s>=153.857 E _f_score>=47,730,0.7301369863013699,0.6188781756963575,1.1797749782981517
3,_f_velocidade<=0.205388 E _f_ticks_s>=153.857 E _f_score<=47,415,0.7301204819277108,0.6188781756963575,1.1797483100873354
3,_f_saldo<=19 E _f_ticks_s>=153.857 E _f_score<=61,1571,0.7301082113303629,0.6188781756963575,1.179728482926143
4,_f_razao_fluxo>=0.741693 E _f_velocidade<=0 E _f_ticks_s>=153.857 E _f_score<=47,289,0.7301038062283737,0.6188781756963575,1.179721365043881
3,_f_spread<=1.25 E _f_ticks_s>=153.857 E _f_score<=61,1897,0.7301001581444386,0.6188781756963575,1.1797154703717496
4,_f_spread<=1 E _f_velocidade<=-0.216667 E _f_aceleracao>=-0.000831627 E _f_ticks_s>=153.857,967,0.7300930713547052,0.6188781756963575,1.1797040193463109
4,_f_saldo<=0 E _f_aceleracao<=-0.552272 E _f_ticks_s>=153.857 E _f_score<=77,452,0.7300884955752213,0.6188781756963575,1.1796966256787624
4,_f_razao_fluxo>=1 E _f_aceleracao<=-0.552272 E _f_ticks_s>=153.857 E _f_score<=77,452,0.7300884955752213,0.6188781756963575,1.1796966256787624
4,_f_spread<=1.25 E _f_velocidade>=0.205388 E _f_aceleracao<=-0.552272 E _f_score>=77,226,0.7300884955752213,0.6188781756963575,1.1796966256787624
4,_f_spread>=1.75 E _f_delta>=-16 E _f_razao_fluxo>=0.741693 E _f_ticks_s>=153.857,226,0.7300884955752213,0.6188781756963575,1.1796966256787624
4,_f_delta>=-16 E _f_velocidade<=0 E _f_aceleracao>=-0.552272 E _f_ticks_s>=153.857,1041,0.7300672430355427,0.6188781756963575,1.1796622852535978
4,_f_saldo<=-17 E _f_aceleracao>=-0.000831627 E _f_ticks_s>=153.857 E _f_score<=77,1041,0.7300672430355427,0.6188781756963575,1.1796622852535978
4,_f_spread>=1.75 E _f_saldo>=19 E _f_razao_fluxo>=0.741693 E _f_velocidade>=-0.216667,163,0.7300613496932515,0.6188781756963575,1.179652762632632
4,_f_velocidade<=0 E _f_aceleracao>=-0.000831627 E _f_ticks_s>=153.857 E _f_score>=61,1078,0.7300556586270872,0.6188781756963575,1.179643566854872
4,_f_delta>=16 E _f_velocidade<=0 E _f_aceleracao<=-0.552272 E _f_ticks_s>=42.0552,526,0.7300380228136882,0.6188781756963575,1.1796150704332955
4,_f_delta<=16 E _f_saldo<=0 E _f_aceleracao>=-0.000831627 E _f_ticks_s>=153.857,1678,0.7300357568533969,0.6188781756963575,1.1796114090337178
4,_f_delta<=16 E _f_razao_fluxo>=1 E _f_aceleracao>=-0.000831627 E _f_ticks_s>=153.857,1678,0.7300357568533969,0.6188781756963575,1.1796114090337178
4,_f_spread>=1 E _f_delta>=-16 E _f_razao_fluxo<=1.33364 E _f_ticks_s>=153.857,1878,0.7300319488817891,0.6188781756963575,1.1796052560107846
4,_f_delta<=0 E _f_velocidade<=0.205388 E _f_aceleracao>=-0.000831627 E _f_ticks_s>=153.857,1352,0.7300295857988166,0.6188781756963575,1.1796014376777664
4,_f_delta<=-16 E _f_aceleracao>=-0.000831627 E _f_ticks_s>=153.857 E _f_score>=47,1326,0.7300150829562594,0.6188781756963575,1.1795780035947323
4,_f_spread<=1 E _f_delta>=-16 E _f_velocidade<=0 E _f_ticks_s>=153.857,1200,0.73,0.6188781756963575,1.179553632148377
4,_f_delta>=16 E _f_saldo>=19 E _f_razao_fluxo>=0.741693 E _f_velocidade<=-0.216667,500,0.73,0.6188781756963575,1.179553632148377
4,_f_spread>=1.25 E _f_delta<=16 E _f_ticks_s>=153.857 E _f_score>=61,300,0.73,0.6188781756963575,1.179553632148377
4,_f_saldo>=-17 E _f_aceleracao<=-0.552272 E _f_ticks_s>=153.857 E _f_score>=47,1174,0.7299829642248722,0.6188781756963575,1.1795261052847765
4,_f_saldo>=19 E _f_velocidade<=0 E _f_aceleracao<=-0.552272 E _f_ticks_s>=42.0552,537,0.7299813780260708,0.6188781756963575,1.1795235422620949
4,_f_spread<=1.75 E _f_saldo>=0 E _f_ticks_s>=153.857 E _f_score<=77,2070,0.729951690821256,0.6188781756963575,1.1794755728781667
4,_f_spread<=1.75 E _f_razao_fluxo<=1 E _f_ticks_s>=153.857 E _f_score<=77,2070,0.729951690821256,0.6188781756963575,1.1794755728781667
4,_f_delta<=16 E _f_velocidade<=0.205388 E _f_ticks_s>=153.857 E _f_score<=47,374,0.7299465240641712,0.6188781756963575,1.1794672242931177
4,_f_spread<=1.75 E _f_delta>=-16 E _f_aceleracao<=-0.552272 E _f_ticks_s>=153.857,1233,0.7299270072992701,0.6188781756963575,1.1794356885795192
3,_f_razao_fluxo<=0.741693 E _f_aceleracao<=-0.552272 E _f_ticks_s>=153.857,274,0.7299270072992701,0.6188781756963575,1.1794356885795192
4,_f_spread<=1.25 E _f_aceleracao>=-0.552272 E _f_ticks_s>=153.857 E _f_score<=47,274,0.7299270072992701,0.6188781756963575,1.1794356885795192
4,_f_delta>=-16 E _f_razao_fluxo<=0.741693 E _f_aceleracao<=-0.552272 E _f_ticks_s>=153.857,274,0.7299270072992701,0.6188781756963575,1.1794356885795192
4,_f_delta>=0 E _f_razao_fluxo<=0.741693 E _f_aceleracao<=-0.552272 E _f_ticks_s>=153.857,274,0.7299270072992701,0.6188781756963575,1.1794356885795192
4,_f_saldo>=-17 E _f_razao_fluxo<=0.741693 E _f_aceleracao<=-0.552272 E _f_ticks_s>=153.857,274,0.7299270072992701,0.6188781756963575,1.1794356885795192
4,_f_saldo>=0 E _f_razao_fluxo<=0.741693 E _f_aceleracao<=-0.552272 E _f_ticks_s>=153.857,274,0.7299270072992701,0.6188781756963575,1.1794356885795192
4,_f_spread>=1.25 E _f_saldo>=19 E _f_aceleracao<=-0.552272 E _f_score>=77,137,0.7299270072992701,0.6188781756963575,1.1794356885795192
4,_f_delta>=-16 E _f_saldo<=0 E _f_aceleracao<=0.543681 E _f_ticks_s>=153.857,448,0.7299107142857143,0.6188781756963575,1.179409361890042
4,_f_delta>=-16 E _f_razao_fluxo>=1 E _f_aceleracao<=0.543681 E _f_ticks_s>=153.857,448,0.7299107142857143,0.6188781756963575,1.179409361890042
4,_f_spread<=1 E _f_delta>=16 E _f_ticks_s>=153.857 E _f_score<=77,1318,0.7298937784522003,0.6188781756963575,1.1793819965147887
3,_f_delta<=0 E _f_velocidade>=0.205388 E _f_ticks_s>=153.857,659,0.7298937784522003,0.6188781756963575,1.1793819965147887
4,_f_delta<=0 E _f_saldo<=19 E _f_velocidade>=0.205388 E _f_ticks_s>=153.857,659,0.7298937784522003,0.6188781756963575,1.1793819965147887
4,_f_delta<=0 E _f_razao_fluxo>=0.741693 E _f_velocidade>=0.205388 E _f_ticks_s>=153.857,659,0.7298937784522003,0.6188781756963575,1.1793819965147887
4,_f_spread<=1 E _f_delta<=-16 E _f_razao_fluxo<=1.33364 E _f_aceleracao>=0.543681,596,0.7298657718120806,0.6188781756963575,1.1793367426324908
4,_f_saldo>=19 E _f_razao_fluxo>=0.741693 E _f_velocidade<=0.205388 E _f_score>=61,807,0.7298636926889716,0.6188781756963575,1.1793333831294566
4,_f_spread<=1.75 E _f_delta>=0 E _f_aceleracao<=-0.552272 E _f_ticks_s>=153.857,1055,0.7298578199052133,0.6188781756963575,1.1793238937275212
3,_f_spread>=1.25 E _f_saldo<=19 E _f_ticks_s>=153.857,633,0.7298578199052133,0.6188781756963575,1.1793238937275212
4,_f_spread>=1.75 E _f_velocidade>=0.205388 E _f_ticks_s>=72.5852 E _f_score<=47,285,0.7298245614035088,0.6188781756963575,1.1792701537460344
4,_f_delta>=16 E _f_razao_fluxo>=0.741693 E _f_velocidade<=0 E _f_aceleracao<=-0.552272,285,0.7298245614035088,0.6188781756963575,1.1792701537460344
4,_f_spread<=1 E _f_saldo<=19 E _f_ticks_s>=153.857 E _f_score<=61,1225,0.7297959183673469,0.6188781756963575,1.1792238715578967
4,_f_saldo>=0 E _f_aceleracao>=-0.552272 E _f_ticks_s>=153.857 E _f_score<=77,1262,0.7297939778129953,0.6188781756963575,1.1792207359579874
4,_f_razao_fluxo<=1 E _f_aceleracao>=-0.552272 E _f_ticks_s>=153.857 E _f_score<=77,1262,0.7297939778129953,0.6188781756963575,1.1792207359579874
4,_f_velocidade<=0.205388 E _f_aceleracao<=-0.552272 E _f_ticks_s>=153.857 E _f_score<=61,433,0.7297921478060047,0.6188781756963575,1.1792177789834768
4,_f_spread<=1.25 E _f_saldo<=0 E _f_velocidade>=0 E _f_ticks_s>=153.857,977,0.72978505629478,0.6188781756963575,1.1792063203289256
4,_f_spread<=1.25 E _f_razao_fluxo>=1 E _f_velocidade>=0 E _f_ticks_s>=153.857,977,0.72978505629478,0.6188781756963575,1.1792063203289256
3,_f_delta>=-16 E _f_ticks_s>=153.857 E _f_score<=77,2757,0.7297787450126949,0.6188781756963575,1.1791961223896008
4,_f_delta>=16 E _f_velocidade<=0 E _f_aceleracao<=-0.000831627 E _f_ticks_s>=72.5852,729,0.7297668038408779,0.6188781756963575,1.1791768275230408
3,_f_saldo<=0 E _f_aceleracao>=-0.000831627 E _f_ticks_s>=153.857,1680,0.7297619047619047,0.6188781756963575,1.1791689114594832
3,_f_razao_fluxo>=1 E _f_aceleracao>=-0.000831627 E _f_ticks_s>=153.857,1680,0.7297619047619047,0.6188781756963575,1.1791689114594832
4,_f_saldo<=0 E _f_razao_fluxo>=0.741693 E _f_aceleracao>=-0.000831627 E _f_ticks_s>=153.857,1680,0.7297619047619047,0.6188781756963575,1.1791689114594832
4,_f_saldo<=0 E _f_razao_fluxo>=1 E _f_aceleracao>=-0.000831627 E _f_ticks_s>=153.857,1680,0.7297619047619047,0.6188781756963575,1.1791689114594832
4,_f_saldo<=19 E _f_razao_fluxo>=1 E _f_aceleracao>=-0.000831627 E _f_ticks_s>=153.857,1680,0.7297619047619047,0.6188781756963575,1.1791689114594832
3,_f_delta>=16 E _f_aceleracao<=-0.552272 E _f_ticks_s>=153.857,914,0.7297592997811816,0.6188781756963575,1.179164702261574
4,_f_delta>=16 E _f_saldo>=-17 E _f_aceleracao<=-0.552272 E _f_ticks_s>=153.857,914,0.7297592997811816,0.6188781756963575,1.179164702261574
4,_f_delta>=16 E _f_saldo>=0 E _f_aceleracao<=-0.552272 E _f_ticks_s>=153.857,914,0.7297592997811816,0.6188781756963575,1.179164702261574
4,_f_delta>=16 E _f_razao_fluxo<=1 E _f_aceleracao<=-0.552272 E _f_ticks_s>=153.857,914,0.7297592997811816,0.6188781756963575,1.179164702261574
4,_f_delta>=16 E _f_razao_fluxo<=1.33364 E _f_aceleracao<=-0.552272 E _f_ticks_s>=153.857,914,0.7297592997811816,0.6188781756963575,1.179164702261574
4,_f_spread<=1 E _f_delta>=16 E _f_velocidade<=0.205388 E _f_aceleracao<=-0.552272,481,0.7297297297297297,0.6188781756963575,1.1791169221772004
4,_f_spread>=1.75 E _f_saldo>=0 E _f_velocidade<=-0.216667 E _f_ticks_s>=72.5852,333,0.7297297297297297,0.6188781756963575,1.1791169221772004
4,_f_spread>=1.75 E _f_razao_fluxo<=1 E _f_velocidade<=-0.216667 E _f_ticks_s>=72.5852,333,0.7297297297297297,0.6188781756963575,1.1791169221772004
3,_f_saldo>=19 E _f_velocidade<=-0.216667 E _f_score<=47,148,0.7297297297297297,0.6188781756963575,1.1791169221772004
4,_f_spread<=1.25 E _f_saldo>=19 E _f_aceleracao>=0.543681 E _f_score<=61,148,0.7297297297297297,0.6188781756963575,1.1791169221772004
4,_f_delta>=-16 E _f_saldo>=19 E _f_velocidade<=-0.216667 E _f_score<=47,148,0.7297297297297297,0.6188781756963575,1.1791169221772004
4,_f_delta>=0 E _f_saldo>=19 E _f_velocidade<=-0.216667 E _f_score<=47,148,0.7297297297297297,0.6188781756963575,1.1791169221772004
4,_f_saldo>=19 E _f_razao_fluxo<=1 E _f_velocidade<=-0.216667 E _f_score<=47,148,0.7297297297297297,0.6188781756963575,1.1791169221772004
4,_f_saldo>=19 E _f_razao_fluxo<=1.33364 E _f_velocidade<=-0.216667 E _f_score<=47,148,0.7297297297297297,0.6188781756963575,1.1791169221772004
4,_f_spread>=1.75 E _f_delta>=0 E _f_saldo<=0 E _f_aceleracao>=0.543681,37,0.7297297297297297,0.6188781756963575,1.1791169221772004
4,_f_spread>=1.75 E _f_delta>=0 E _f_razao_fluxo>=1 E _f_aceleracao>=0.543681,37,0.7297297297297297,0.6188781756963575,1.1791169221772004
4,_f_delta<=-16 E _f_saldo>=-17 E _f_velocidade>=0.205388 E _f_aceleracao>=-0.000831627,37,0.7297297297297297,0.6188781756963575,1.1791169221772004
4,_f_delta>=0 E _f_saldo<=0 E _f_velocidade>=0.205388 E _f_aceleracao<=-0.000831627,37,0.7297297297297297,0.6188781756963575,1.1791169221772004
4,_f_delta>=0 E _f_razao_fluxo>=1 E _f_velocidade>=0.205388 E _f_aceleracao<=-0.000831627,37,0.7297297297297297,0.6188781756963575,1.1791169221772004
4,_f_saldo<=-17 E _f_razao_fluxo<=1.33364 E _f_ticks_s<=72.5852 E _f_score<=47,37,0.7297297297297297,0.6188781756963575,1.1791169221772004
4,_f_spread<=1.25 E _f_velocidade>=0.205388 E _f_aceleracao<=-0.552272 E _f_ticks_s>=153.857,677,0.7296898079763663,0.6188781756963575,1.179052415534486
4,_f_saldo<=-17 E _f_aceleracao>=-0.000831627 E _f_ticks_s>=153.857 E _f_score>=47,1317,0.7296886864085042,0.6188781756963575,1.1790506032749715
4,_f_spread<=1 E _f_saldo>=-17 E _f_velocidade<=0 E _f_ticks_s>=153.857,1206,0.7296849087893864,0.6188781756963575,1.1790444992964082
4,_f_delta<=0 E _f_saldo>=-17 E _f_aceleracao>=-0.552272 E _f_ticks_s>=153.857,492,0.7296747967479674,0.6188781756963575,1.1790281599879369
4,_f_spread>=1.25 E _f_velocidade<=0.205388 E _f_aceleracao<=0.543681 E _f_ticks_s>=153.857,418,0.7296650717703349,0.6188781756963575,1.1790124461075409
4,_f_saldo<=0 E _f_aceleracao>=-0.000831627 E _f_ticks_s>=153.857 E _f_score>=47,1535,0.7296416938110749,0.6188781756963575,1.1789746713722569
4,_f_razao_fluxo>=1 E _f_aceleracao>=-0.000831627 E _f_ticks_s>=153.857 E _f_score>=47,1535,0.7296416938110749,0.6188781756963575,1.1789746713722569
4,_f_saldo>=-17 E _f_velocidade<=-0.216667 E _f_aceleracao>=-0.552272 E _f_ticks_s>=153.857,614,0.7296416938110749,0.6188781756963575,1.1789746713722569
4,_f_delta>=16 E _f_aceleracao<=-0.552272 E _f_ticks_s>=153.857 E _f_score<=77,736,0.7296195652173914,0.6188781756963575,1.1789389153954708
4,_f_delta<=-16 E _f_velocidade<=0 E _f_aceleracao>=-0.000831627 E _f_ticks_s>=153.857,932,0.7296137339055794,0.6188781756963575,1.1789294930050216
4,_f_spread<=1 E _f_saldo>=0 E _f_velocidade<=-0.216667 E _f_aceleracao<=-0.552272,233,0.7296137339055794,0.6188781756963575,1.1789294930050216
4,_f_spread<=1 E _f_razao_fluxo<=1 E _f_velocidade<=-0.216667 E _f_aceleracao<=-0.552272,233,0.7296137339055794,0.6188781756963575,1.1789294930050216
4,_f_spread>=1.75 E _f_aceleracao>=-0.552272 E _f_ticks_s>=153.857 E _f_score<=77,233,0.7296137339055794,0.6188781756963575,1.1789294930050216
4,_f_saldo>=19 E _f_razao_fluxo>=0.741693 E _f_velocidade<=0.205388 E _f_aceleracao<=-0.552272,429,0.7296037296037297,0.6188781756963575,1.1789133277850434
4,_f_saldo>=0 E _f_aceleracao>=-0.552272 E _f_ticks_s>=153.857 E _f_score<=61,673,0.7295690936106983,0.6188781756963575,1.1788573620160254
4,_f_razao_fluxo<=1 E _f_aceleracao>=-0.552272 E _f_ticks_s>=153.857 E _f_score<=61,673,0.7295690936106983,0.6188781756963575,1.1788573620160254
4,_f_saldo<=19 E _f_velocidade>=-0.216667 E _f_ticks_s>=153.857 E _f_score<=61,1150,0.7295652173913043,0.6188781756963575,1.178851098716484
4,_f_saldo>=19 E _f_razao_fluxo>=0.741693 E _f_aceleracao<=-0.552272 E _f_ticks_s>=42.0552,795,0.7295597484276729,0.6188781756963575,1.1788422618179697
3,_f_saldo>=-17 E _f_ticks_s>=153.857 E _f_score<=77,2751,0.7295528898582334,0.6188781756963575,1.1788311795570194
4,_f_saldo<=-17 E _f_razao_fluxo>=1.33364 E _f_ticks_s>=153.857 E _f_score<=77,403,0.7295285359801489,0.6188781756963575,1.178791827905853
3,_f_saldo>=0 E _f_ticks_s>=153.857 E _f_score<=77,2196,0.7295081967213115,0.6188781756963575,1.1787589631844326
3,_f_razao_fluxo<=1 E _f_ticks_s>=153.857 E _f_score<=77,2196,0.7295081967213115,0.6188781756963575,1.1787589631844326
4,_f_delta>=-16 E _f_saldo>=0 E _f_ticks_s>=153.857 E _f_score<=77,2196,0.7295081967213115,0.6188781756963575,1.1787589631844326
4,_f_delta>=-16 E _f_razao_fluxo<=1 E _f_ticks_s>=153.857 E _f_score<=77,2196,0.7295081967213115,0.6188781756963575,1.1787589631844326
4,_f_saldo>=-17 E _f_razao_fluxo<=1 E _f_ticks_s>=153.857 E _f_score<=77,2196,0.7295081967213115,0.6188781756963575,1.1787589631844326
4,_f_saldo>=0 E _f_razao_fluxo<=1 E _f_ticks_s>=153.857 E _f_score<=77,2196,0.7295081967213115,0.6188781756963575,1.1787589631844326
4,_f_saldo>=0 E _f_razao_fluxo<=1.33364 E _f_ticks_s>=153.857 E _f_score<=77,2196,0.7295081967213115,0.6188781756963575,1.1787589631844326
4,_f_spread>=1.25 E _f_saldo<=0 E _f_velocidade<=0.205388 E _f_ticks_s>=153.857,366,0.7295081967213115,0.6188781756963575,1.1787589631844326
4,_f_spread>=1.25 E _f_razao_fluxo>=1 E _f_velocidade<=0.205388 E _f_ticks_s>=153.857,366,0.7295081967213115,0.6188781756963575,1.1787589631844326
4,_f_spread>=1.75 E _f_razao_fluxo>=1.33364 E _f_velocidade>=0.205388 E _f_ticks_s>=72.5852,122,0.7295081967213115,0.6188781756963575,1.1787589631844326
4,_f_razao_fluxo>=1.33364 E _f_velocidade>=-0.216667 E _f_aceleracao<=-0.000831627 E _f_ticks_s>=153.857,122,0.7295081967213115,0.6188781756963575,1.1787589631844326
3,_f_delta<=0 E _f_saldo>=-17 E _f_ticks_s>=153.857,695,0.7294964028776978,0.6188781756963575,1.1787399063747457
4,_f_delta<=0 E _f_saldo>=-17 E _f_razao_fluxo>=0.741693 E _f_ticks_s>=153.857,695,0.7294964028776978,0.6188781756963575,1.1787399063747457
4,_f_spread>=1 E _f_saldo>=19 E _f_aceleracao<=-0.000831627 E _f_ticks_s>=153.857,658,0.729483282674772,0.6188781756963575,1.1787187063980118
4,_f_delta<=16 E _f_saldo>=0 E _f_velocidade<=0 E _f_ticks_s>=153.857,329,0.729483282674772,0.6188781756963575,1.1787187063980118
4,_f_delta<=16 E _f_razao_fluxo<=1 E _f_velocidade<=0 E _f_ticks_s>=153.857,329,0.729483282674772,0.6188781756963575,1.1787187063980118
4,_f_delta<=0 E _f_saldo>=-17 E _f_ticks_s>=153.857 E _f_score<=61,499,0.7294589178356713,0.6188781756963575,1.1786793370357407
4,_f_spread>=1.75 E _f_razao_fluxo>=0.741693 E _f_ticks_s>=153.857 E _f_score<=77,292,0.7294520547945206,0.6188781756963575,1.1786682475492791
4,_f_saldo<=0 E _f_velocidade<=-0.216667 E _f_ticks_s>=153.857 E _f_score<=61,292,0.7294520547945206,0.6188781756963575,1.1786682475492791
4,_f_razao_fluxo>=1 E _f_velocidade<=-0.216667 E _f_ticks_s>=153.857 E _f_score<=61,292,0.7294520547945206,0.6188781756963575,1.1786682475492791
4,_f_saldo<=-17 E _f_velocidade<=0 E _f_aceleracao>=-0.000831627 E _f_ticks_s>=153.857,924,0.7294372294372294,0.6188781756963575,1.1786442923382645
4,_f_delta<=16 E _f_saldo>=-17 E _f_ticks_s>=153.857 E _f_score<=47,462,0.7294372294372294,0.6188781756963575,1.1786442923382645
4,_f_delta>=-16 E _f_aceleracao<=-0.552272 E _f_ticks_s>=153.857 E _f_score<=61,632,0.7294303797468354,0.6188781756963575,1.1786332244243147
4,_f_saldo<=0 E _f_aceleracao>=-0.000831627 E _f_ticks_s>=153.857 E _f_score<=47,170,0.7294117647058823,0.6188781756963575,1.1786031457405217
4,_f_razao_fluxo>=1 E _f_aceleracao>=-0.000831627 E _f_ticks_s>=153.857 E _f_score<=47,170,0.7294117647058823,0.6188781756963575,1.1786031457405217
4,_f_razao_fluxo>=1.33364 E _f_velocidade>=0 E _f_ticks_s>=153.857 E _f_score<=61,85,0.7294117647058823,0.6188781756963575,1.1786031457405217
4,_f_spread<=1.25 E _f_razao_fluxo>=0.741693 E _f_ticks_s>=153.857 E _f_score<=61,1796,0.7293986636971047,0.6188781756963575,1.1785819767782089
4,_f_saldo>=19 E _f_razao_fluxo>=0.741693 E _f_aceleracao<=-0.000831627 E _f_score>=61,813,0.7293972939729397,0.6188781756963575,1.1785797635410666
4,_f_spread>=1 E _f_saldo<=19 E _f_ticks_s>=153.857 E _f_score>=47,1504,0.7293882978723404,0.6188781756963575,1.1785652273997829
4,_f_delta<=16 E _f_saldo>=-17 E _f_ticks_s>=153.857 E _f_score>=61,388,0.729381443298969,0.6188781756963575,1.178554151595787
3,_f_velocidade<=0.205388 E _f_ticks_s>=153.857 E _f_score<=77,2908,0.7293672627235214,0.6188781756963575,1.1785312382406155
4,_f_velocidade<=-0.216667 E _f_aceleracao>=-0.552272 E _f_ticks_s>=153.857 E _f_score<=77,1042,0.7293666026871402,0.6188781756963575,1.17853017173608
4,_f_saldo>=-17 E _f_razao_fluxo<=1.33364 E _f_ticks_s>=153.857 E _f_score<=61,1622,0.7293464858199753,0.6188781756963575,1.178497666361105
4,_f_saldo<=19 E _f_velocidade<=0 E _f_ticks_s>=153.857 E _f_score<=47,266,0.7293233082706767,0.6188781756963575,1.1784602154536263
4,_f_spread<=1.75 E _f_delta>=-16 E _f_velocidade<=0.205388 E _f_ticks_s>=153.857,2043,0.7293196279980421,0.6188781756963575,1.1784542687701285
4,_f_delta<=16 E _f_velocidade>=0.205388 E _f_ticks_s>=153.857 E _f_score<=77,761,0.7293035479632063,0.6188781756963575,1.1784282862173947
4,_f_delta<=16 E _f_saldo<=19 E _f_velocidade>=0.205388 E _f_ticks_s>=153.857,820,0.7292682926829268,0.6188781756963575,1.1783713197873864
4,_f_spread<=1.75 E _f_velocidade<=0.205388 E _f_ticks_s>=153.857 E _f_score<=61,1507,0.7292634372926343,0.6188781756963575,1.178363474317174
4,_f_spread<=1.25 E _f_velocidade<=0.205388 E _f_ticks_s>=153.857 E _f_score<=61,1374,0.7292576419213974,0.6188781756963575,1.1783541100004726
4,_f_spread<=1 E _f_delta>=0 E _f_velocidade<=-0.216667 E _f_aceleracao<=-0.552272,229,0.7292576419213974,0.6188781756963575,1.1783541100004726
4,_f_delta>=-16 E _f_saldo>=-17 E _f_ticks_s>=153.857 E _f_score<=61,1614,0.7292441140024783,0.6188781756963575,1.178332251225272
3,_f_velocidade>=0 E _f_ticks_s>=153.857 E _f_score<=47,277,0.7292418772563177,0.6188781756963575,1.178328637030672
4,_f_spread<=1.75 E _f_saldo>=-17 E _f_velocidade<=0 E _f_ticks_s>=153.857,1433,0.7292393579902303,0.6188781756963575,1.1783245663327766
4,_f_delta>=-16 E _f_saldo<=0 E _f_razao_fluxo<=1.33364 E _f_ticks_s>=153.857,650,0.7292307692307692,0.6188781756963575,1.1783106883842587
4,_f_velocidade>=0 E _f_aceleracao>=-0.552272 E _f_ticks_s>=153.857 E _f_score<=61,650,0.7292307692307692,0.6188781756963575,1.1783106883842587
4,_f_spread<=1.75 E _f_saldo>=0 E _f_aceleracao<=-0.552272 E _f_ticks_s>=153.857,1071,0.7292250233426704,0.6188781756963575,1.1783014040237423
4,_f_spread<=1.75 E _f_razao_fluxo<=1 E _f_aceleracao<=-0.552272 E _f_ticks_s>=153.857,1071,0.7292250233426704,0.6188781756963575,1.1783014040237423
4,_f_spread<=1 E _f_velocidade>=-0.216667 E _f_aceleracao<=-0.552272 E _f_ticks_s>=153.857,1119,0.7292225201072386,0.6188781756963575,1.1782973592286115
4,_f_spread<=1 E _f_velocidade<=0 E _f_aceleracao>=-0.000831627 E _f_ticks_s>=153.857,1418,0.7291960507757405,0.6188781756963575,1.1782545893709275
4,_f_razao_fluxo<=1.33364 E _f_velocidade<=0.205388 E _f_ticks_s>=153.857 E _f_score<=77,2570,0.7291828793774319,0.6188781756963575,1.1782333066713175
4,_f_spread<=1.75 E _f_delta<=0 E _f_velocidade>=0.205388 E _f_ticks_s>=153.857,624,0.7291666666666666,0.6188781756963575,1.1782071097372488
4,_f_spread<=1 E _f_delta<=0 E _f_saldo>=-17 E _f_ticks_s>=153.857,528,0.7291666666666666,0.6188781756963575,1.1782071097372488
4,_f_saldo>=0 E _f_velocidade<=0.205388 E _f_ticks_s>=153.857 E _f_score>=77,288,0.7291666666666666,0.6188781756963575,1.1782071097372488
4,_f_razao_fluxo<=1 E _f_velocidade<=0.205388 E _f_ticks_s>=153.857 E _f_score>=77,288,0.7291666666666666,0.6188781756963575,1.1782071097372488
4,_f_spread<=1 E _f_aceleracao>=0.543681 E _f_ticks_s>=153.857 E _f_score<=47,96,0.7291666666666666,0.6188781756963575,1.1782071097372488
4,_f_delta>=-16 E _f_saldo<=-17 E _f_razao_fluxo<=1.33364 E _f_velocidade<=-0.216667,48,0.7291666666666666,0.6188781756963575,1.1782071097372488
4,_f_delta<=0 E _f_saldo>=0 E _f_aceleracao<=-0.552272 E _f_score>=61,48,0.7291666666666666,0.6188781756963575,1.1782071097372488
4,_f_delta<=0 E _f_razao_fluxo<=1 E _f_aceleracao<=-0.552272 E _f_score>=61,48,0.7291666666666666,0.6188781756963575,1.1782071097372488
4,_f_saldo>=19 E _f_aceleracao<=0.543681 E _f_ticks_s>=153.857 E _f_score<=47,48,0.7291666666666666,0.6188781756963575,1.1782071097372488
4,_f_velocidade<=-0.216667 E _f_aceleracao>=0.543681 E _f_ticks_s>=153.857 E _f_score>=61,539,0.7291280148423006,0.6188781756963575,1.178144655079961
4,_f_saldo<=19 E _f_razao_fluxo<=1.33364 E _f_ticks_s>=153.857 E _f_score<=61,1425,0.7291228070175438,0.6188781756963575,1.178136240136663
4,_f_saldo>=0 E _f_aceleracao<=-0.552272 E _f_ticks_s>=153.857 E _f_score<=77,934,0.7291220556745182,0.6188781756963575,1.178135026096396
4,_f_razao_fluxo<=1 E _f_aceleracao<=-0.552272 E _f_ticks_s>=153.857 E _f_score<=77,934,0.7291220556745182,0.6188781756963575,1.178135026096396
4,_f_delta>=16 E _f_velocidade<=-0.216667 E _f_aceleracao<=-0.000831627 E _f_score>=47,443,0.7291196388261851,0.6188781756963575,1.1781311208878624
4,_f_saldo<=19 E _f_aceleracao>=-0.000831627 E _f_ticks_s>=153.857 E _f_score>=77,395,0.7291139240506329,0.6188781756963575,1.1781218867998358
4,_f_delta>=16 E _f_razao_fluxo>=0.741693 E _f_aceleracao<=-0.552272 E _f_ticks_s>=153.857,646,0.7291021671826625,0.6188781756963575,1.1781028897363874
4,_f_spread<=1.25 E _f_delta>=16 E _f_velocidade<=-0.216667 E _f_ticks_s>=42.0552,598,0.7290969899665551,0.6188781756963575,1.1780945242513685
4,_f_spread>=1.25 E _f_velocidade<=0 E _f_ticks_s>=153.857 E _f_score>=61,299,0.7290969899665551,0.6188781756963575,1.1780945242513685
4,_f_razao_fluxo<=1.33364 E _f_velocidade<=0 E _f_ticks_s>=153.857 E _f_score<=77,1901,0.7290899526564966,0.6188781756963575,1.178083153176519
4,_f_delta>=-16 E _f_saldo>=-17 E _f_aceleracao<=-0.552272 E _f_ticks_s>=153.857,1303,0.7290867229470452,0.6188781756963575,1.1780779345251298
4,_f_saldo<=0 E _f_velocidade<=0 E _f_ticks_s>=153.857 E _f_score<=61,502,0.7290836653386454,0.6188781756963575,1.178072993959248
4,_f_razao_fluxo>=1 E _f_velocidade<=0 E _f_ticks_s>=153.857 E _f_score<=61,502,0.7290836653386454,0.6188781756963575,1.178072993959248
4,_f_delta<=16 E _f_velocidade>=0 E _f_ticks_s>=153.857 E _f_score>=61,609,0.729064039408867,0.6188781756963575,1.178041281854105
4,_f_delta<=0 E _f_saldo>=-17 E _f_aceleracao<=-0.552272 E _f_ticks_s>=153.857,203,0.729064039408867,0.6188781756963575,1.178041281854105
4,_f_spread<=1.75 E _f_saldo>=-17 E _f_velocidade<=0.205388 E _f_ticks_s>=153.857,2052,0.7290448343079922,0.6188781756963575,1.178010249735622
4,_f_spread<=1.75 E _f_aceleracao<=-0.552272 E _f_ticks_s>=153.857 E _f_score<=77,1288,0.7290372670807453,0.6188781756963575,1.1779980224063282
4,_f_delta>=-16 E _f_aceleracao<=-0.552272 E _f_ticks_s>=153.857 E _f_score>=61,775,0.7290322580645161,0.6188781756963575,1.1779899287031959
4,_f_delta>=0 E _f_velocidade<=-0.216667 E _f_aceleracao<=-0.000831627 E _f_ticks_s>=72.5852,620,0.7290322580645161,0.6188781756963575,1.1779899287031959
4,_f_saldo>=-17 E _f_velocidade<=0 E _f_ticks_s>=153.857 E _f_score>=61,620,0.7290322580645161,0.6188781756963575,1.1779899287031959
4,_f_spread<=1.75 E _f_saldo<=0 E _f_aceleracao>=-0.000831627 E _f_ticks_s>=153.857,1620,0.7290123456790123,0.6188781756963575,1.177957753735188
4,_f_spread<=1.75 E _f_razao_fluxo>=1 E _f_aceleracao>=-0.000831627 E _f_ticks_s>=153.857,1620,0.7290123456790123,0.6188781756963575,1.177957753735188
4,_f_spread<=1.75 E _f_delta<=16 E _f_saldo>=-17 E _f_ticks_s>=153.857,1203,0.7290108063175395,0.6188781756963575,1.1779552663935215
4,_f_spread<=1 E _f_saldo>=19 E _f_velocidade<=-0.216667 E _f_score>=61,262,0.7290076335877863,0.6188781756963575,1.1779501398114611
4,_f_spread<=1.25 E _f_delta<=0 E _f_velocidade>=0 E _f_ticks_s>=153.857,1000,0.729,0.6188781756963575,1.1779378052550231
4,_f_spread<=1.25 E _f_razao_fluxo>=1.33364 E _f_aceleracao>=-0.000831627 E _f_ticks_s>=153.857,369,0.7289972899728997,0.6188781756963575,1.177933426320353
4,_f_saldo>=19 E _f_razao_fluxo<=0.741693 E _f_velocidade<=-0.216667 E _f_ticks_s>=42.0552,369,0.7289972899728997,0.6188781756963575,1.177933426320353
4,_f_saldo>=-17 E _f_razao_fluxo>=1 E _f_ticks_s>=153.857 E _f_score<=61,476,0.7289915966386554,0.6188781756963575,1.177924226877768
4,_f_spread<=1.25 E _f_delta>=16 E _f_ticks_s>=153.857 E _f_score<=77,1439,0.7289784572619875,0.6188781756963575,1.1779029959195861
4,_f_razao_fluxo<=0.741693 E _f_velocidade<=-0.216667 E _f_ticks_s>=72.5852 E _f_score<=61,214,0.7289719626168224,0.6188781756963575,1.1778925016972657
4,_f_spread<=1 E _f_delta>=16 E _f_saldo<=19 E _f_ticks_s>=153.857,107,0.7289719626168224,0.6188781756963575,1.1778925016972657
4,_f_spread<=1.25 E _f_aceleracao>=0.543681 E _f_ticks_s>=153.857 E _f_score<=47,107,0.7289719626168224,0.6188781756963575,1.1778925016972657
4,_f_delta<=16 E _f_saldo>=19 E _f_aceleracao>=0.543681 E _f_ticks_s>=72.5852,107,0.7289719626168224,0.6188781756963575,1.1778925016972657
4,_f_delta>=0 E _f_aceleracao<=-0.552272 E _f_ticks_s>=153.857 E _f_score<=77,915,0.7289617486338797,0.6188781756963575,1.1778759976689386
4,_f_saldo>=19 E _f_velocidade>=0 E _f_aceleracao<=-0.552272 E _f_ticks_s>=153.857,653,0.7289433384379785,0.6188781756963575,1.1778462499792894
4,_f_spread>=1 E _f_delta>=-16 E _f_saldo>=-17 E _f_ticks_s>=153.857,1874,0.7289220917822838,0.6188781756963575,1.177811919061624
4,_f_saldo>=19 E _f_razao_fluxo>=0.741693 E _f_ticks_s>=153.857 E _f_score<=61,557,0.7289048473967684,0.6188781756963575,1.177784055119749
4,_f_saldo>=-17 E _f_aceleracao<=-0.552272 E _f_ticks_s>=153.857 E _f_score<=61,627,0.7288676236044657,0.6188781756963575,1.1777239079150736
4,_f_spread>=1 E _f_saldo>=19 E _f_aceleracao<=-0.552272 E _f_ticks_s>=153.857,461,0.7288503253796096,0.6188781756963575,1.1776959569781438
4,_f_spread<=1 E _f_saldo<=0 E _f_velocidade>=0.205388 E _f_ticks_s>=153.857,520,0.7288461538461538,0.6188781756963575,1.1776892165021995
4,_f_spread<=1 E _f_razao_fluxo>=1 E _f_velocidade>=0.205388 E _f_ticks_s>=153.857,520,0.7288461538461538,0.6188781756963575,1.1776892165021995
4,_f_razao_fluxo>=0.741693 E _f_velocidade<=0.205388 E _f_ticks_s>=153.857 E _f_score<=77,2692,0.7288261515601783,0.6188781756963575,1.1776568962705916
4,_f_spread>=1 E _f_saldo<=-17 E _f_velocidade>=0 E _f_ticks_s>=153.857,354,0.7288135593220338,0.6188781756963575,1.1776365493935503
4,_f_saldo<=-17 E _f_velocidade>=0.205388 E _f_aceleracao>=0.543681 E _f_ticks_s>=153.857,177,0.7288135593220338,0.6188781756963575,1.1776365493935503
4,_f_delta>=0 E _f_saldo<=0 E _f_ticks_s>=42.0552 E _f_score>=61,59,0.7288135593220338,0.6188781756963575,1.1776365493935503
4,_f_delta>=0 E _f_razao_fluxo>=1 E _f_ticks_s>=42.0552 E _f_score>=61,59,0.7288135593220338,0.6188781756963575,1.1776365493935503
4,_f_spread>=1 E _f_razao_fluxo>=0.741693 E _f_ticks_s>=153.857 E _f_score>=47,2367,0.7287705956907478,0.6188781756963575,1.1775671276026822
3,_f_spread>=1 E _f_saldo>=-17 E _f_ticks_s>=153.857,1895,0.7287598944591029,0.6188781756963575,1.1775498362647985
4,_f_delta>=16 E _f_razao_fluxo>=0.741693 E _f_velocidade<=-0.216667 E _f_score<=61,306,0.7287581699346405,0.6188781756963575,1.1775470497317937
4,_f_saldo>=-17 E _f_razao_fluxo>=0.741693 E _f_velocidade<=0 E _f_ticks_s>=153.857,1353,0.7287509238728751,0.6188781756963575,1.1775353413503225
4,_f_delta<=0 E _f_velocidade<=-0.216667 E _f_ticks_s>=72.5852 E _f_score<=47,247,0.728744939271255,0.6188781756963575,1.1775256712700786
4,_f_delta>=16 E _f_velocidade<=-0.216667 E _f_ticks_s>=153.857 E _f_score>=61,247,0.728744939271255,0.6188781756963575,1.1775256712700786
4,_f_delta>=16 E _f_razao_fluxo>=0.741693 E _f_velocidade<=0.205388 E _f_score>=61,811,0.7287299630086314,0.6188781756963575,1.1775014722221693
4,_f_saldo<=19 E _f_velocidade<=0 E _f_ticks_s>=153.857 E _f_score<=61,752,0.7287234042553191,0.6188781756963575,1.1774908744121806
4,_f_spread>=1.25 E _f_delta<=-16 E _f_aceleracao<=-0.552272 E _f_ticks_s>=153.857,129,0.7286821705426356,0.6188781756963575,1.1774242478703139
4,_f_saldo<=0 E _f_velocidade>=0.205388 E _f_ticks_s>=153.857 E _f_score<=77,586,0.7286689419795221,0.6188781756963575,1.1774028728022745
4,_f_razao_fluxo>=1 E _f_velocidade>=0.205388 E _f_ticks_s>=153.857 E _f_score<=77,586,0.7286689419795221,0.6188781756963575,1.1774028728022745
4,_f_saldo>=19 E _f_aceleracao>=-0.552272 E _f_ticks_s>=153.857 E _f_score<=77,855,0.7286549707602339,0.6188781756963575,1.1773802977304157
4,_f_delta<=16 E _f_saldo<=19 E _f_velocidade>=0 E _f_ticks_s>=153.857,1382,0.7286541244573083,0.6188781756963575,1.1773789302513884
4,_f_spread<=1.75 E _f_delta>=-16 E _f_ticks_s>=153.857 E _f_score<=77,2587,0.7286432160804021,0.6188781756963575,1.1773613042026205
4,_f_spread>=1 E _f_delta<=-16 E _f_velocidade<=0 E _f_ticks_s>=153.857,796,0.7286432160804021,0.6188781756963575,1.1773613042026205
4,_f_velocidade<=0.205388 E _f_aceleracao<=0.543681 E _f_ticks_s>=153.857 E _f_score<=47,269,0.7286245353159851,0.6188781756963575,1.1773311193210874
4,_f_delta>=-16 E _f_velocidade<=-0.216667 E _f_aceleracao>=-0.552272 E _f_ticks_s>=153.857,608,0.7286184210526315,0.6188781756963575,1.1773212397299275
4,_f_spread<=1.75 E _f_delta>=-16 E _f_velocidade<=0 E _f_ticks_s>=153.857,1426,0.7286115007012622,0.6188781756963575,1.1773100576400737
3,_f_delta<=0 E _f_velocidade>=0 E _f_ticks_s>=153.857,1109,0.7285843101893598,0.6188781756963575,1.1772661224796974
4,_f_delta<=0 E _f_saldo<=19 E _f_velocidade>=0 E _f_ticks_s>=153.857,1109,0.7285843101893598,0.6188781756963575,1.1772661224796974
4,_f_delta<=0 E _f_razao_fluxo>=0.741693 E _f_velocidade>=0 E _f_ticks_s>=153.857,1109,0.7285843101893598,0.6188781756963575,1.1772661224796974
4,_f_saldo>=19 E _f_aceleracao>=-0.552272 E _f_ticks_s>=153.857 E _f_score<=61,350,0.7285714285714285,0.6188781756963575,1.1772453080150143
4,_f_saldo<=19 E _f_velocidade>=0.205388 E _f_aceleracao<=-0.552272 E _f_ticks_s>=153.857,280,0.7285714285714285,0.6188781756963575,1.1772453080150143
4,_f_spread>=1 E _f_delta<=16 E _f_aceleracao<=0.543681 E _f_ticks_s>=153.857,1131,0.7285587975243147,0.6188781756963575,1.1772248984293967
4,_f_saldo<=0 E _f_velocidade<=0.205388 E _f_aceleracao>=-0.000831627 E _f_ticks_s>=153.857,1352,0.7285502958579881,0.6188781756963575,1.1772111612083078
4,_f_razao_fluxo>=1 E _f_velocidade<=0.205388 E _f_aceleracao>=-0.000831627 E _f_ticks_s>=153.857,1352,0.7285502958579881,0.6188781756963575,1.1772111612083078
4,_f_saldo<=19 E _f_aceleracao>=-0.552272 E _f_ticks_s>=153.857 E _f_score<=47,361,0.7285318559556787,0.6188781756963575,1.1771813655182455
4,_f_saldo>=-17 E _f_razao_fluxo<=1.33364 E _f_aceleracao<=-0.552272 E _f_ticks_s>=153.857,1304,0.7285276073619632,0.6188781756963575,1.177174500526261
3,_f_delta>=-16 E _f_ticks_s>=153.857 E _f_score<=47,523,0.7284894837476099,0.6188781756963575,1.1771128993649171
4,_f_delta>=-16 E _f_razao_fluxo>=0.741693 E _f_velocidade<=0 E _f_ticks_s>=153.857,1348,0.728486646884273,0.6188781756963575,1.1771083154848445
4,_f_spread>=1.25 E _f_saldo>=19 E _f_velocidade<=-0.216667 E _f_ticks_s>=72.5852,302,0.7284768211920529,0.6188781756963575,1.1770924388671096
4,_f_spread>=1.25 E _f_saldo<=19 E _f_ticks_s>=153.857 E _f_score>=61,302,0.7284768211920529,0.6188781756963575,1.1770924388671096
4,_f_spread<=1.75 E _f_saldo>=-17 E _f_aceleracao<=-0.552272 E _f_ticks_s>=153.857,1230,0.7284552845528456,0.6188781756963575,1.1770576393862857
4,_f_spread>=1 E _f_velocidade>=0 E _f_aceleracao<=0.543681 E _f_ticks_s>=153.857,1009,0.7284440039643211,0.6188781756963575,1.177039411907975
4,_f_spread<=1.25 E _f_razao_fluxo<=1.33364 E _f_ticks_s>=153.857 E _f_score<=61,1797,0.7284362826933779,0.6188781756963575,1.1770269356707341
4,_f_razao_fluxo>=1.33364 E _f_velocidade<=0.205388 E _f_aceleracao>=-0.000831627 E _f_ticks_s>=153.857,394,0.7284263959390863,0.6188781756963575,1.1770109603872618
4,_f_saldo<=-17 E _f_velocidade<=0 E _f_ticks_s>=72.5852 E _f_score<=61,475,0.728421052631579,0.6188781756963575,1.177002326527292
3,_f_spread>=1.25 E _f_razao_fluxo>=0.741693 E _f_ticks_s>=153.857,891,0.7283950617283951,0.6188781756963575,1.1769603297269449
4,_f_spread>=1.25 E _f_saldo<=19 E _f_razao_fluxo<=1 E _f_ticks_s>=153.857,162,0.7283950617283951,0.6188781756963575,1.1769603297269449
4,_f_delta>=-16 E _f_saldo<=-17 E _f_velocidade<=-0.216667 E _f_score<=77,81,0.7283950617283951,0.6188781756963575,1.1769603297269449
4,_f_saldo>=0 E _f_razao_fluxo>=1 E _f_velocidade>=-0.216667 E _f_aceleracao<=-0.552272,81,0.7283950617283951,0.6188781756963575,1.1769603297269449
4,_f_saldo<=0 E _f_razao_fluxo<=1 E _f_velocidade>=-0.216667 E _f_aceleracao<=-0.552272,81,0.7283950617283951,0.6188781756963575,1.1769603297269449
4,_f_delta<=16 E _f_velocidade>=0 E _f_ticks_s>=153.857 E _f_score<=77,1307,0.7283856159143076,0.6188781756963575,1.1769450669265127
3,_f_aceleracao<=-0.552272 E _f_ticks_s>=153.857 E _f_score<=61,740,0.7283783783783784,0.6188781756963575,1.1769333723213167
4,_f_velocidade<=-0.216667 E _f_aceleracao<=-0.000831627 E _f_ticks_s>=72.5852 E _f_score<=61,497,0.7283702213279678,0.6188781756963575,1.1769201919398928
4,_f_spread>=1 E _f_saldo>=0 E _f_aceleracao<=-0.000831627 E _f_ticks_s>=153.857,832,0.7283653846153846,0.6188781756963575,1.1769123766496254
4,_f_spread>=1 E _f_razao_fluxo<=1 E _f_aceleracao<=-0.000831627 E _f_ticks_s>=153.857,832,0.7283653846153846,0.6188781756963575,1.1769123766496254
4,_f_spread<=1 E _f_saldo>=-17 E _f_razao_fluxo>=1 E _f_ticks_s>=153.857,508,0.7283464566929134,0.6188781756963575,1.1768817924034611
4,_f_spread<=1.75 E _f_delta<=0 E _f_ticks_s>=153.857 E _f_score<=47,254,0.7283464566929134,0.6188781756963575,1.1768817924034611
4,_f_spread<=1.25 E _f_velocidade>=0 E _f_ticks_s>=153.857 E _f_score<=61,935,0.7283422459893049,0.6188781756963575,1.1768749886353307
4,_f_spread<=1.75 E _f_delta>=0 E _f_ticks_s>=153.857 E _f_score<=77,2043,0.7283406754772394,0.6188781756963575,1.1768724509596988
4,_f_saldo<=-17 E _f_razao_fluxo>=1.33364 E _f_velocidade>=0 E _f_ticks_s>=153.857,173,0.7283236994219653,0.6188781756963575,1.1768450205930439
4,_f_spread<=1 E _f_delta>=16 E _f_aceleracao<=-0.552272 E _f_score>=61,703,0.7283072546230441,0.6188781756963575,1.1768184486446913
4,_f_spread<=1.25 E _f_aceleracao>=-0.552272 E _f_ticks_s>=153.857 E _f_score<=61,1288,0.7282608695652174,0.6188781756963575,1.1767434984208052
4,_f_spread>=1.75 E _f_delta>=16 E _f_aceleracao<=-0.552272 E _f_score<=47,92,0.7282608695652174,0.6188781756963575,1.1767434984208052
4,_f_spread>=1.75 E _f_delta<=16 E _f_saldo>=0 E _f_ticks_s>=153.857,92,0.7282608695652174,0.6188781756963575,1.1767434984208052
4,_f_spread>=1.75 E _f_delta<=16 E _f_razao_fluxo<=1 E _f_ticks_s>=153.857,92,0.7282608695652174,0.6188781756963575,1.1767434984208052
4,_f_saldo>=0 E _f_razao_fluxo>=1 E _f_aceleracao<=-0.552272 E _f_ticks_s<=153.857,92,0.7282608695652174,0.6188781756963575,1.1767434984208052
4,_f_saldo<=0 E _f_razao_fluxo<=1 E _f_aceleracao<=-0.552272 E _f_ticks_s<=153.857,92,0.7282608695652174,0.6188781756963575,1.1767434984208052
3,_f_velocidade>=0 E _f_ticks_s>=153.857 E _f_score<=61,1115,0.7282511210762331,0.6188781756963575,1.1767277465501347
4,_f_spread<=1.75 E _f_delta>=16 E _f_razao_fluxo>=0.741693 E _f_aceleracao<=-0.552272,747,0.7282463186077643,0.6188781756963575,1.1767199865924285
4,_f_delta>=-16 E _f_razao_fluxo<=1.33364 E _f_aceleracao<=-0.552272 E _f_ticks_s>=153.857,1310,0.7282442748091603,0.6188781756963575,1.1767166841676795
4,_f_spread<=1.75 E _f_saldo>=-17 E _f_ticks_s>=153.857 E _f_score<=77,2583,0.7282229965156795,0.6188781756963575,1.1766823021288284
4,_f_delta>=16 E _f_razao_fluxo>=0.741693 E _f_velocidade<=-0.216667 E _f_score<=77,482,0.7282157676348547,0.6188781756963575,1.176670621508783
4,_f_spread<=1.25 E _f_velocidade<=0 E _f_aceleracao>=0.543681 E _f_ticks_s>=72.5852,1273,0.7282010997643362,0.6188781756963575,1.1766469207691308
3,_f_velocidade<=0 E _f_ticks_s>=153.857 E _f_score<=77,2156,0.7282003710575139,0.6188781756963575,1.17664574330505
4,_f_razao_fluxo<=1.33364 E _f_velocidade>=0 E _f_ticks_s>=153.857 E _f_score<=61,1030,0.7281553398058253,0.6188781756963575,1.17657298059753
4,_f_saldo>=-17 E _f_velocidade<=-0.216667 E _f_aceleracao>=0.543681 E _f_ticks_s>=153.857,309,0.7281553398058253,0.6188781756963575,1.17657298059753
4,_f_spread>=1 E _f_aceleracao>=0.543681 E _f_ticks_s>=153.857 E _f_score<=47,103,0.7281553398058253,0.6188781756963575,1.17657298059753
4,_f_spread>=1 E _f_delta<=16 E _f_ticks_s>=153.857 E _f_score>=61,1041,0.7281460134486071,0.6188781756963575,1.1765579108187199
4,_f_saldo>=-17 E _f_velocidade<=0 E _f_ticks_s>=153.857 E _f_score>=47,1280,0.728125,0.6188781756963575,1.1765239567233385
4,_f_spread>=1.25 E _f_razao_fluxo<=1.33364 E _f_aceleracao>=0.543681 E _f_ticks_s>=153.857,320,0.728125,0.6188781756963575,1.1765239567233385
4,_f_delta<=0 E _f_saldo<=0 E _f_velocidade>=0 E _f_ticks_s>=153.857,1074,0.7281191806331471,0.6188781756963575,1.1765145536338752
4,_f_delta<=0 E _f_razao_fluxo>=1 E _f_velocidade>=0 E _f_ticks_s>=153.857,1074,0.7281191806331471,0.6188781756963575,1.1765145536338752
4,_f_spread<=1.75 E _f_saldo>=19 E _f_ticks_s>=153.857 E _f_score<=61,651,0.728110599078341,0.6188781756963575,1.1765006873268327
3,_f_delta>=-16 E _f_aceleracao<=-0.552272 E _f_ticks_s>=153.857,1313,0.7281035795887281,0.6188781756963575,1.1764893450467386
4,_f_saldo>=-17 E _f_aceleracao<=-0.552272 E _f_ticks_s>=153.857 E _f_score>=61,776,0.7280927835051546,0.6188781756963575,1.1764719004445576
3,_f_saldo>=19 E _f_razao_fluxo>=0.741693 E _f_aceleracao<=-0.552272,798,0.7280701754385965,0.6188781756963575,1.1764353697226064
4,_f_delta>=-16 E _f_saldo>=19 E _f_razao_fluxo>=0.741693 E _f_aceleracao<=-0.552272,798,0.7280701754385965,0.6188781756963575,1.1764353697226064
4,_f_delta>=0 E _f_saldo>=19 E _f_razao_fluxo>=0.741693 E _f_aceleracao<=-0.552272,798,0.7280701754385965,0.6188781756963575,1.1764353697226064
4,_f_spread<=1.25 E _f_delta<=0 E _f_velocidade>=0.205388 E _f_score>=77,114,0.7280701754385965,0.6188781756963575,1.1764353697226064
4,_f_spread>=1.75 E _f_delta<=0 E _f_velocidade>=0.205388 E _f_score>=61,114,0.7280701754385965,0.6188781756963575,1.1764353697226064
4,_f_spread>=1 E _f_velocidade<=-0.216667 E _f_ticks_s>=153.857 E _f_score>=47,1037,0.7280617164898746,0.6188781756963575,1.176421701525772
4,_f_spread>=1 E _f_saldo<=19 E _f_ticks_s>=153.857 E _f_score>=61,1048,0.7280534351145038,0.6188781756963575,1.176408320256734
4,_f_spread<=1.25 E _f_saldo>=19 E _f_velocidade<=-0.216667 E _f_ticks_s>=42.0552,592,0.7280405405405406,0.6188781756963575,1.176387484857346
4,_f_spread>=1 E _f_razao_fluxo>=1.33364 E _f_aceleracao>=-0.552272 E _f_ticks_s>=153.857,239,0.7280334728033473,0.6188781756963575,1.1763760646175139
4,_f_saldo<=0 E _f_aceleracao>=-0.000831627 E _f_ticks_s>=153.857 E _f_score<=77,1353,0.7280118255728012,0.6188781756963575,1.1763410864402308
4,_f_razao_fluxo>=1 E _f_aceleracao>=-0.000831627 E _f_ticks_s>=153.857 E _f_score<=77,1353,0.7280118255728012,0.6188781756963575,1.1763410864402308
3,_f_delta>=0 E _f_aceleracao<=-0.552272 E _f_ticks_s>=153.857,1114,0.7280071813285458,0.6188781756963575,1.1763335821454637
4,_f_delta>=0 E _f_saldo>=-17 E _f_aceleracao<=-0.552272 E _f_ticks_s>=153.857,1114,0.7280071813285458,0.6188781756963575,1.1763335821454637
4,_f_delta>=0 E _f_razao_fluxo<=1.33364 E _f_aceleracao<=-0.552272 E _f_ticks_s>=153.857,1114,0.7280071813285458,0.6188781756963575,1.1763335821454637
3,_f_saldo>=0 E _f_ticks_s>=153.857 E _f_score<=61,1191,0.7279596977329975,0.6188781756963575,1.1762568568747835
3,_f_razao_fluxo<=1 E _f_ticks_s>=153.857 E _f_score<=61,1191,0.7279596977329975,0.6188781756963575,1.1762568568747835
4,_f_delta>=-16 E _f_saldo>=0 E _f_ticks_s>=153.857 E _f_score<=61,1191,0.7279596977329975,0.6188781756963575,1.1762568568747835
4,_f_delta>=-16 E _f_razao_fluxo<=1 E _f_ticks_s>=153.857 E _f_score<=61,1191,0.7279596977329975,0.6188781756963575,1.1762568568747835
4,_f_saldo>=-17 E _f_razao_fluxo<=1 E _f_ticks_s>=153.857 E _f_score<=61,1191,0.7279596977329975,0.6188781756963575,1.1762568568747835
4,_f_saldo>=0 E _f_razao_fluxo<=1 E _f_ticks_s>=153.857 E _f_score<=61,1191,0.7279596977329975,0.6188781756963575,1.1762568568747835
4,_f_saldo>=0 E _f_razao_fluxo<=1.33364 E _f_ticks_s>=153.857 E _f_score<=61,1191,0.7279596977329975,0.6188781756963575,1.1762568568747835
4,_f_spread<=1.25 E _f_saldo>=19 E _f_velocidade<=-0.216667 E _f_score<=77,544,0.7279411764705882,0.6188781756963575,1.1762269297208836
4,_f_saldo<=19 E _f_velocidade<=-0.216667 E _f_ticks_s>=153.857 E _f_score<=47,136,0.7279411764705882,0.6188781756963575,1.1762269297208836
3,_f_saldo>=0 E _f_aceleracao<=-0.552272 E _f_ticks_s>=153.857,1132,0.7279151943462897,0.6188781756963575,1.1761849471056958
3,_f_razao_fluxo<=1 E _f_aceleracao<=-0.552272 E _f_ticks_s>=153.857,1132,0.7279151943462897,0.6188781756963575,1.1761849471056958
4,_f_delta>=-16 E _f_saldo>=0 E _f_aceleracao<=-0.552272 E _f_ticks_s>=153.857,1132,0.7279151943462897,0.6188781756963575,1.1761849471056958
4,_f_delta>=-16 E _f_razao_fluxo<=1 E _f_aceleracao<=-0.552272 E _f_ticks_s>=153.857,1132,0.7279151943462897,0.6188781756963575,1.1761849471056958
4,_f_saldo>=-17 E _f_razao_fluxo<=1 E _f_aceleracao<=-0.552272 E _f_ticks_s>=153.857,1132,0.7279151943462897,0.6188781756963575,1.1761849471056958
4,_f_saldo>=0 E _f_razao_fluxo<=1 E _f_aceleracao<=-0.552272 E _f_ticks_s>=153.857,1132,0.7279151943462897,0.6188781756963575,1.1761849471056958
4,_f_saldo>=0 E _f_razao_fluxo<=1.33364 E _f_aceleracao<=-0.552272 E _f_ticks_s>=153.857,1132,0.7279151943462897,0.6188781756963575,1.1761849471056958
4,_f_delta>=16 E _f_velocidade<=0 E _f_ticks_s>=72.5852 E _f_score<=47,147,0.7278911564625851,0.6188781756963575,1.1761461060467464
3,_f_delta>=-16 E _f_ticks_s>=153.857 E _f_score<=61,1639,0.7278828553996339,0.6188781756963575,1.1761326929659865
4,_f_saldo<=0 E _f_velocidade>=0 E _f_aceleracao>=-0.552272 E _f_ticks_s>=153.857,757,0.7278731836195509,0.6188781756963575,1.1761170650436217
4,_f_razao_fluxo>=1 E _f_velocidade>=0 E _f_aceleracao>=-0.552272 E _f_ticks_s>=153.857,757,0.7278731836195509,0.6188781756963575,1.1761170650436217
4,_f_delta<=0 E _f_velocidade>=0.205388 E _f_ticks_s>=72.5852 E _f_score<=47,316,0.7278481012658228,0.6188781756963575,1.1760765363019192
3,_f_spread<=1 E _f_ticks_s>=153.857 E _f_score<=61,1749,0.7278444825614637,0.6188781756963575,1.1760706891020969
4,_f_spread<=1.75 E _f_delta<=-16 E _f_razao_fluxo<=1.33364 E _f_aceleracao>=0.543681,709,0.7277856135401974,0.6188781756963575,1.1759755669543492
4,_f_saldo<=19 E _f_razao_fluxo<=1.33364 E _f_velocidade>=0 E _f_ticks_s>=153.857,1260,0.7277777777777777,0.6188781756963575,1.1759629057187018
4,_f_delta<=16 E _f_saldo<=0 E _f_velocidade>=0 E _f_ticks_s>=153.857,1080,0.7277777777777777,0.6188781756963575,1.1759629057187018
4,_f_delta<=16 E _f_razao_fluxo>=1 E _f_velocidade>=0 E _f_ticks_s>=153.857,1080,0.7277777777777777,0.6188781756963575,1.1759629057187018
4,_f_delta<=16 E _f_saldo>=-17 E _f_ticks_s>=153.857 E _f_score>=47,900,0.7277777777777777,0.6188781756963575,1.1759629057187018
4,_f_spread>=1 E _f_saldo>=19 E _f_razao_fluxo>=0.741693 E _f_ticks_s>=153.857,911,0.7277716794731065,0.6188781756963575,1.17595305191401
4,_f_saldo<=19 E _f_velocidade>=0.205388 E _f_ticks_s>=153.857 E _f_score>=47,742,0.7277628032345014,0.6188781756963575,1.17593870944896
4,_f_spread>=1 E _f_delta>=16 E _f_ticks_s>=153.857 E _f_score<=61,371,0.7277628032345014,0.6188781756963575,1.17593870944896
4,_f_delta>=16 E _f_razao_fluxo>=0.741693 E _f_aceleracao<=-0.552272 E _f_score>=47,753,0.7277556440903055,0.6188781756963575,1.175927141511235
4,_f_saldo<=0 E _f_aceleracao<=-0.000831627 E _f_ticks_s>=153.857 E _f_score<=61,382,0.7277486910994765,0.6188781756963575,1.1759159066816642
4,_f_razao_fluxo>=1 E _f_aceleracao<=-0.000831627 E _f_ticks_s>=153.857 E _f_score<=61,382,0.7277486910994765,0.6188781756963575,1.1759159066816642
4,_f_spread>=1.25 E _f_delta>=16 E _f_velocidade<=0.205388 E _f_ticks_s>=153.857,191,0.7277486910994765,0.6188781756963575,1.1759159066816642
4,_f_spread<=1.25 E _f_velocidade>=0 E _f_aceleracao<=-0.552272 E _f_ticks_s>=153.857,966,0.727743271221532,0.6188781756963575,1.175907149097123
4,_f_spread<=1.25 E _f_velocidade<=-0.216667 E _f_aceleracao<=-0.552272 E _f_score<=77,404,0.7277227722772277,0.6188781756963575,1.1758740263516305
4,_f_delta<=0 E _f_saldo>=-17 E _f_razao_fluxo>=1 E _f_ticks_s>=153.857,639,0.7276995305164319,0.6188781756963575,1.1758364716894878
4,_f_delta>=0 E _f_aceleracao<=-0.552272 E _f_ticks_s>=153.857 E _f_score>=77,213,0.7276995305164319,0.6188781756963575,1.1758364716894878
4,_f_delta<=0 E _f_velocidade>=0.205388 E _f_aceleracao<=-0.552272 E _f_ticks_s>=153.857,213,0.7276995305164319,0.6188781756963575,1.1758364716894878
4,_f_delta<=0 E _f_velocidade<=0 E _f_aceleracao>=-0.000831627 E _f_ticks_s>=153.857,1120,0.7276785714285714,0.6188781756963575,1.1758026054316626
4,_f_delta>=-16 E _f_razao_fluxo>=0.741693 E _f_ticks_s>=153.857 E _f_score<=47,503,0.7276341948310139,0.6188781756963575,1.1757309005318937
4,_f_spread<=1.75 E _f_razao_fluxo>=1.33364 E _f_aceleracao>=0.543681 E _f_ticks_s>=153.857,257,0.7276264591439688,0.6188781756963575,1.1757184010007278
4,_f_delta>=-16 E _f_razao_fluxo>=0.741693 E _f_aceleracao<=-0.552272 E _f_ticks_s>=153.857,1039,0.7276227141482194,0.6188781756963575,1.1757123497358803
4,_f_razao_fluxo>=0.741693 E _f_velocidade>=0 E _f_ticks_s>=153.857 E _f_score<=61,1050,0.7276190476190476,0.6188781756963575,1.1757064252594391
3,_f_aceleracao<=-0.552272 E _f_ticks_s>=153.857 E _f_score<=77,1373,0.7276037873270211,0.6188781756963575,1.1756817672691824
4,_f_spread>=1.75 E _f_delta<=16 E _f_razao_fluxo<=0.741693 E _f_ticks_s>=72.5852,279,0.7275985663082437,0.6188781756963575,1.1756733310066312
4,_f_saldo<=-17 E _f_razao_fluxo<=1.33364 E _f_velocidade>=0 E _f_aceleracao>=0.543681,279,0.7275985663082437,0.6188781756963575,1.1756733310066312
4,_f_saldo>=0 E _f_velocidade<=-0.216667 E _f_ticks_s>=72.5852 E _f_score<=61,848,0.7275943396226415,0.6188781756963575,1.1756665014143652
4,_f_razao_fluxo<=1 E _f_velocidade<=-0.216667 E _f_ticks_s>=72.5852 E _f_score<=61,848,0.7275943396226415,0.6188781756963575,1.1756665014143652
3,_f_spread>=1 E _f_delta<=-16 E _f_ticks_s>=153.857,1138,0.7275922671353251,0.6188781756963575,1.1756631526336234
4,_f_spread>=1 E _f_delta<=-16 E _f_saldo<=0 E _f_ticks_s>=153.857,1138,0.7275922671353251,0.6188781756963575,1.1756631526336234
4,_f_spread>=1 E _f_delta<=-16 E _f_saldo<=19 E _f_ticks_s>=153.857,1138,0.7275922671353251,0.6188781756963575,1.1756631526336234
4,_f_spread>=1 E _f_delta<=-16 E _f_razao_fluxo>=0.741693 E _f_ticks_s>=153.857,1138,0.7275922671353251,0.6188781756963575,1.1756631526336234
4,_f_spread>=1 E _f_delta<=-16 E _f_razao_fluxo>=1 E _f_ticks_s>=153.857,1138,0.7275922671353251,0.6188781756963575,1.1756631526336234
3,_f_saldo<=19 E _f_velocidade>=0.205388 E _f_ticks_s>=153.857,859,0.7275902211874272,0.6188781756963575,1.1756598467359876
4,_f_spread<=1 E _f_delta<=0 E _f_aceleracao>=-0.000831627 E _f_ticks_s>=153.857,1439,0.7275886031966643,0.6188781756963575,1.1756572323429997
4,_f_saldo<=0 E _f_velocidade>=0.205388 E _f_aceleracao<=-0.000831627 E _f_ticks_s>=153.857,312,0.7275641025641025,0.6188781756963575,1.175617643562002
4,_f_razao_fluxo>=1 E _f_velocidade>=0.205388 E _f_aceleracao<=-0.000831627 E _f_ticks_s>=153.857,312,0.7275641025641025,0.6188781756963575,1.175617643562002
4,_f_saldo>=19 E _f_razao_fluxo>=0.741693 E _f_aceleracao<=-0.000831627 E _f_ticks_s>=153.857,958,0.7275574112734864,0.6188781756963575,1.1756068315946733
4,_f_spread>=1 E _f_delta>=16 E _f_aceleracao<=-0.000831627 E _f_ticks_s>=153.857,657,0.7275494672754946,0.6188781756963575,1.1755939954690775
4,_f_saldo<=0 E _f_velocidade<=0.205388 E _f_ticks_s>=153.857 E _f_score<=61,734,0.7275204359673024,0.6188781756963575,1.1755470859005512
4,_f_razao_fluxo>=1 E _f_velocidade<=0.205388 E _f_ticks_s>=153.857 E _f_score<=61,734,0.7275204359673024,0.6188781756963575,1.1755470859005512
4,_f_saldo<=0 E _f_velocidade<=0 E _f_aceleracao>=-0.000831627 E _f_ticks_s>=153.857,1123,0.7275155832591274,0.6188781756963575,1.1755392447641764
4,_f_razao_fluxo>=1 E _f_velocidade<=0 E _f_aceleracao>=-0.000831627 E _f_ticks_s>=153.857,1123,0.7275155832591274,0.6188781756963575,1.1755392447641764
2,_f_spread>=1 E _f_ticks_s>=153.857,3013,0.7275141055426485,0.6188781756963575,1.1755368570301492
4,_f_razao_fluxo>=0.741693 E _f_velocidade>=0 E _f_ticks_s>=153.857 E _f_score<=77,1890,0.7275132275132276,0.6188781756963575,1.1755354382865977
4,_f_razao_fluxo>=0.741693 E _f_aceleracao<=0.543681 E _f_ticks_s>=153.857 E _f_score<=47,378,0.7275132275132276,0.6188781756963575,1.1755354382865977
3,_f_spread>=1.25 E _f_ticks_s>=153.857 E _f_score<=77,789,0.7275031685678074,0.6188781756963575,1.175519184772069
4,_f_saldo>=19 E _f_velocidade<=-0.216667 E _f_ticks_s>=42.0552 E _f_score<=77,844,0.7274881516587678,0.6188781756963575,1.1754949200465876
4,_f_delta>=-16 E _f_velocidade<=-0.216667 E _f_aceleracao<=-0.000831627 E _f_ticks_s>=153.857,433,0.7274826789838337,0.6188781756963575,1.1754860771512505
4,_f_saldo<=0 E _f_velocidade>=0.205388 E _f_aceleracao>=-0.552272 E _f_ticks_s>=153.857,433,0.7274826789838337,0.6188781756963575,1.1754860771512505
4,_f_razao_fluxo>=1 E _f_velocidade>=0.205388 E _f_aceleracao>=-0.552272 E _f_ticks_s>=153.857,433,0.7274826789838337,0.6188781756963575,1.1754860771512505
4,_f_delta<=0 E _f_aceleracao<=-0.552272 E _f_ticks_s>=153.857 E _f_score<=77,466,0.7274678111587983,0.6188781756963575,1.1754620533197127
4,_f_razao_fluxo>=0.741693 E _f_velocidade<=0 E _f_ticks_s>=153.857 E _f_score<=77,2007,0.7274539113104136,0.6188781756963575,1.1754395935708792
4,_f_delta>=0 E _f_saldo>=0 E _f_aceleracao<=-0.552272 E _f_ticks_s>=153.857,1108,0.7274368231046932,0.6188781756963575,1.175411981988517
4,_f_delta>=0 E _f_razao_fluxo<=1 E _f_aceleracao<=-0.552272 E _f_ticks_s>=153.857,1108,0.7274368231046932,0.6188781756963575,1.175411981988517
4,_f_spread<=1.25 E _f_delta>=16 E _f_velocidade<=-0.216667 E _f_score<=77,554,0.7274368231046932,0.6188781756963575,1.175411981988517
4,_f_delta>=-16 E _f_aceleracao>=-0.552272 E _f_ticks_s>=153.857 E _f_score<=77,1673,0.7274357441721458,0.6188781756963575,1.175410238620291
4,_f_saldo>=-17 E _f_aceleracao>=-0.552272 E _f_ticks_s>=153.857 E _f_score<=77,1673,0.7274357441721458,0.6188781756963575,1.175410238620291
3,_f_spread>=1 E _f_delta>=-16 E _f_ticks_s>=153.857,1893,0.7274167987321711,0.6188781756963575,1.1753796260688734
4,_f_delta>=-16 E _f_saldo>=-17 E _f_razao_fluxo>=1 E _f_ticks_s>=153.857,631,0.7274167987321711,0.6188781756963575,1.1753796260688734
4,_f_spread>=1 E _f_razao_fluxo<=1.33364 E _f_ticks_s>=153.857 E _f_score>=47,2377,0.7273874631888936,0.6188781756963575,1.1753322249091143
4,_f_spread<=1.25 E _f_aceleracao>=0.543681 E _f_ticks_s>=72.5852 E _f_score<=77,1625,0.7273846153846154,0.6188781756963575,1.1753276233503747
4,_f_delta>=0 E _f_razao_fluxo>=0.741693 E _f_aceleracao<=-0.552272 E _f_ticks_s>=153.857,840,0.7273809523809524,0.6188781756963575,1.1753217045705453
4,_f_spread>=1 E _f_delta<=0 E _f_ticks_s>=153.857 E _f_score>=61,961,0.7273673257023934,0.6188781756963575,1.1752996862168628
4,_f_spread<=1 E _f_saldo<=19 E _f_velocidade>=0 E _f_ticks_s>=153.857,1192,0.7273489932885906,0.6188781756963575,1.17527006420962
4,_f_spread>=1 E _f_saldo<=-17 E _f_aceleracao>=-0.000831627 E _f_ticks_s>=72.5852,1236,0.7273462783171522,0.6188781756963575,1.175265677285755
4,_f_spread<=1.75 E _f_saldo>=19 E _f_aceleracao<=-0.552272 E _f_ticks_s>=72.5852,1236,0.7273462783171522,0.6188781756963575,1.175265677285755
4,_f_delta>=-16 E _f_velocidade<=0 E _f_ticks_s>=153.857 E _f_score>=47,1269,0.727344365642238,0.6188781756963575,1.1752625867341906
4,_f_delta>=0 E _f_saldo>=-17 E _f_ticks_s>=153.857 E _f_score<=77,2156,0.7272727272727273,0.6188781756963575,1.1751468315301392
4,_f_delta>=0 E _f_saldo>=0 E _f_ticks_s>=153.857 E _f_score<=77,2134,0.7272727272727273,0.6188781756963575,1.1751468315301392
4,_f_delta>=0 E _f_razao_fluxo<=1 E _f_ticks_s>=153.857 E _f_score<=77,2134,0.7272727272727273,0.6188781756963575,1.1751468315301392
3,_f_saldo>=-17 E _f_aceleracao<=-0.552272 E _f_ticks_s>=153.857,1309,0.7272727272727273,0.6188781756963575,1.1751468315301392
4,_f_saldo>=0 E _f_razao_fluxo>=0.741693 E _f_aceleracao<=-0.552272 E _f_ticks_s>=153.857,858,0.7272727272727273,0.6188781756963575,1.1751468315301392
4,_f_saldo<=-17 E _f_velocidade<=-0.216667 E _f_ticks_s>=153.857 E _f_score<=77,550,0.7272727272727273,0.6188781756963575,1.1751468315301392
4,_f_saldo<=19 E _f_razao_fluxo<=1 E _f_ticks_s>=153.857 E _f_score>=47,506,0.7272727272727273,0.6188781756963575,1.1751468315301392
4,_f_delta<=-16 E _f_razao_fluxo>=1.33364 E _f_ticks_s>=153.857 E _f_score<=77,407,0.7272727272727273,0.6188781756963575,1.1751468315301392
3,_f_aceleracao<=0.543681 E _f_ticks_s>=153.857 E _f_score<=47,396,0.7272727272727273,0.6188781756963575,1.1751468315301392
4,_f_saldo>=19 E _f_velocidade<=-0.216667 E _f_aceleracao>=0.543681 E _f_ticks_s>=42.0552,286,0.7272727272727273,0.6188781756963575,1.1751468315301392
4,_f_razao_fluxo>=1.33364 E _f_velocidade<=-0.216667 E _f_aceleracao>=-0.000831627 E _f_ticks_s>=153.857,264,0.7272727272727273,0.6188781756963575,1.1751468315301392
4,_f_spread<=1.25 E _f_delta>=16 E _f_velocidade<=-0.216667 E _f_aceleracao>=0.543681,198,0.7272727272727273,0.6188781756963575,1.1751468315301392
4,_f_delta<=16 E _f_saldo>=19 E _f_razao_fluxo>=0.741693 E _f_velocidade>=-0.216667,198,0.7272727272727273,0.6188781756963575,1.1751468315301392
4,_f_razao_fluxo<=0.741693 E _f_velocidade>=0.205388 E _f_aceleracao<=-0.552272 E _f_score>=77,165,0.7272727272727273,0.6188781756963575,1.1751468315301392
4,_f_spread<=1 E _f_saldo<=-17 E _f_velocidade<=-0.216667 E _f_score<=61,154,0.7272727272727273,0.6188781756963575,1.1751468315301392
4,_f_delta<=16 E _f_aceleracao>=0.543681 E _f_ticks_s>=153.857 E _f_score<=47,154,0.7272727272727273,0.6188781756963575,1.1751468315301392
4,_f_spread>=1 E _f_razao_fluxo>=1.33364 E _f_velocidade>=-0.216667 E _f_ticks_s>=153.857,132,0.7272727272727273,0.6188781756963575,1.1751468315301392
4,_f_saldo>=19 E _f_aceleracao>=-0.000831627 E _f_ticks_s>=42.0552 E _f_score<=47,132,0.7272727272727273,0.6188781756963575,1.1751468315301392
4,_f_delta<=0 E _f_saldo>=0 E _f_aceleracao>=0.543681 E _f_score<=47,121,0.7272727272727273,0.6188781756963575,1.1751468315301392
4,_f_delta<=0 E _f_razao_fluxo<=1 E _f_aceleracao>=0.543681 E _f_score<=47,121,0.7272727272727273,0.6188781756963575,1.1751468315301392
4,_f_delta<=16 E _f_saldo>=19 E _f_ticks_s>=72.5852 E _f_score<=47,121,0.7272727272727273,0.6188781756963575,1.1751468315301392
4,_f_saldo>=19 E _f_velocidade<=0 E _f_ticks_s>=72.5852 E _f_score>=77,121,0.7272727272727273,0.6188781756963575,1.1751468315301392
4,_f_spread>=1.25 E _f_saldo<=-17 E _f_velocidade>=0.205388 E _f_score<=47,99,0.7272727272727273,0.6188781756963575,1.1751468315301392
4,_f_saldo>=0 E _f_razao_fluxo>=1 E _f_velocidade<=-0.216667 E _f_score<=77,88,0.7272727272727273,0.6188781756963575,1.1751468315301392
4,_f_saldo<=0 E _f_razao_fluxo<=1 E _f_velocidade<=-0.216667 E _f_score<=77,88,0.7272727272727273,0.6188781756963575,1.1751468315301392
4,_f_spread>=1.75 E _f_saldo<=0 E _f_velocidade>=0 E _f_ticks_s>=153.857,77,0.7272727272727273,0.6188781756963575,1.1751468315301392
4,_f_spread>=1.75 E _f_razao_fluxo>=1 E _f_velocidade>=0 E _f_ticks_s>=153.857,77,0.7272727272727273,0.6188781756963575,1.1751468315301392
4,_f_delta>=16 E _f_velocidade>=0 E _f_ticks_s>=72.5852 E _f_score<=47,77,0.7272727272727273,0.6188781756963575,1.1751468315301392
4,_f_velocidade>=0.205388 E _f_aceleracao<=-0.552272 E _f_ticks_s>=153.857 E _f_score<=47,77,0.7272727272727273,0.6188781756963575,1.1751468315301392
4,_f_spread<=1 E _f_delta<=16 E _f_saldo>=19 E _f_score<=61,66,0.7272727272727273,0.6188781756963575,1.1751468315301392
4,_f_spread>=1.75 E _f_delta>=16 E _f_velocidade<=-0.216667 E _f_score<=47,66,0.7272727272727273,0.6188781756963575,1.1751468315301392
4,_f_spread>=1.75 E _f_velocidade>=0.205388 E _f_aceleracao<=-0.000831627 E _f_score>=77,66,0.7272727272727273,0.6188781756963575,1.1751468315301392
4,_f_spread<=1.25 E _f_delta<=0 E _f_saldo>=0 E _f_ticks_s>=153.857,55,0.7272727272727273,0.6188781756963575,1.1751468315301392
4,_f_spread<=1.25 E _f_delta<=0 E _f_razao_fluxo<=1 E _f_ticks_s>=153.857,55,0.7272727272727273,0.6188781756963575,1.1751468315301392
4,_f_saldo<=-17 E _f_razao_fluxo<=1.33364 E _f_velocidade<=0 E _f_score<=47,55,0.7272727272727273,0.6188781756963575,1.1751468315301392
4,_f_spread<=1 E _f_delta<=16 E _f_saldo>=19 E _f_velocidade<=0,44,0.7272727272727273,0.6188781756963575,1.1751468315301392
4,_f_delta>=-16 E _f_saldo<=-17 E _f_velocidade<=0 E _f_score<=47,44,0.7272727272727273,0.6188781756963575,1.1751468315301392
4,_f_delta>=-16 E _f_velocidade<=-0.216667 E _f_aceleracao>=0.543681 E _f_score>=77,44,0.7272727272727273,0.6188781756963575,1.1751468315301392
4,_f_saldo>=0 E _f_razao_fluxo>=1 E _f_velocidade<=-0.216667 E _f_aceleracao>=-0.000831627,44,0.7272727272727273,0.6188781756963575,1.1751468315301392
4,_f_saldo<=0 E _f_razao_fluxo<=1 E _f_velocidade<=-0.216667 E _f_aceleracao>=-0.000831627,44,0.7272727272727273,0.6188781756963575,1.1751468315301392
4,_f_spread<=1 E _f_delta<=-16 E _f_saldo>=-17 E _f_aceleracao>=0.543681,33,0.7272727272727273,0.6188781756963575,1.1751468315301392
4,_f_spread<=1.25 E _f_delta<=-16 E _f_saldo>=-17 E _f_velocidade>=0.205388,33,0.7272727272727273,0.6188781756963575,1.1751468315301392
4,_f_delta>=0 E _f_saldo>=0 E _f_razao_fluxo>=1 E _f_velocidade<=-0.216667,33,0.7272727272727273,0.6188781756963575,1.1751468315301392
4,_f_delta>=0 E _f_saldo<=0 E _f_razao_fluxo<=1 E _f_velocidade<=-0.216667,33,0.7272727272727273,0.6188781756963575,1.1751468315301392
4,_f_delta>=16 E _f_velocidade>=0.205388 E _f_aceleracao>=-0.000831627 E _f_score<=61,33,0.7272727272727273,0.6188781756963575,1.1751468315301392
4,_f_saldo<=-17 E _f_velocidade>=0 E _f_ticks_s<=72.5852 E _f_score>=77,33,0.7272727272727273,0.6188781756963575,1.1751468315301392
4,_f_spread>=1.75 E _f_delta>=16 E _f_ticks_s>=153.857 E _f_score<=47,22,0.7272727272727273,0.6188781756963575,1.1751468315301392
4,_f_saldo>=19 E _f_velocidade>=0.205388 E _f_aceleracao>=0.543681 E _f_score<=61,22,0.7272727272727273,0.6188781756963575,1.1751468315301392
4,_f_delta<=-16 E _f_saldo>=-17 E _f_velocidade<=-0.216667 E _f_score<=47,11,0.7272727272727273,0.6188781756963575,1.1751468315301392
4,_f_delta>=0 E _f_saldo<=0 E _f_velocidade<=-0.216667 E _f_score>=77,11,0.7272727272727273,0.6188781756963575,1.1751468315301392
4,_f_delta>=0 E _f_saldo<=0 E _f_ticks_s>=72.5852 E _f_score>=77,11,0.7272727272727273,0.6188781756963575,1.1751468315301392
4,_f_delta>=0 E _f_razao_fluxo>=1 E _f_velocidade<=-0.216667 E _f_score>=77,11,0.7272727272727273,0.6188781756963575,1.1751468315301392
4,_f_delta>=0 E _f_razao_fluxo>=1 E _f_ticks_s>=72.5852 E _f_score>=77,11,0.7272727272727273,0.6188781756963575,1.1751468315301392
4,_f_saldo<=19 E _f_aceleracao>=-0.000831627 E _f_ticks_s>=153.857 E _f_score>=61,1195,0.7271966527196653,0.6188781756963575,1.1750239082214016
4,_f_delta<=16 E _f_aceleracao>=-0.000831627 E _f_ticks_s>=153.857 E _f_score>=61,1184,0.7271959459459459,0.6188781756963575,1.1750227661974184
4,_f_spread<=1.25 E _f_delta<=-16 E _f_aceleracao>=0.543681 E _f_ticks_s>=72.5852,1008,0.7271825396825397,0.6188781756963575,1.1750011039964672
4,_f_saldo<=19 E _f_velocidade>=0.205388 E _f_aceleracao>=-0.552272 E _f_ticks_s>=153.857,579,0.7271157167530224,0.6188781756963575,1.1748931297098606
4,_f_spread>=1 E _f_delta<=-16 E _f_saldo<=-17 E _f_ticks_s>=153.857,1114,0.7271095152603232,0.6188781756963575,1.1748831091711782
3,_f_saldo<=0 E _f_velocidade>=0 E _f_ticks_s>=153.857,1081,0.727104532839963,0.6188781756963575,1.1748750584423662
3,_f_razao_fluxo>=1 E _f_velocidade>=0 E _f_ticks_s>=153.857,1081,0.727104532839963,0.6188781756963575,1.1748750584423662
4,_f_saldo<=0 E _f_razao_fluxo>=0.741693 E _f_velocidade>=0 E _f_ticks_s>=153.857,1081,0.727104532839963,0.6188781756963575,1.1748750584423662
4,_f_saldo<=0 E _f_razao_fluxo>=1 E _f_velocidade>=0 E _f_ticks_s>=153.857,1081,0.727104532839963,0.6188781756963575,1.1748750584423662
4,_f_saldo<=19 E _f_razao_fluxo>=1 E _f_velocidade>=0 E _f_ticks_s>=153.857,1081,0.727104532839963,0.6188781756963575,1.1748750584423662
4,_f_delta>=16 E _f_razao_fluxo>=0.741693 E _f_velocidade>=0 E _f_aceleracao<=-0.552272,513,0.7270955165692008,0.6188781756963575,1.174860489709591
4,_f_delta<=16 E _f_aceleracao<=0.543681 E _f_ticks_s>=153.857 E _f_score<=61,960,0.7270833333333333,0.6188781756963575,1.174840803709428
4,_f_saldo<=19 E _f_razao_fluxo>=0.741693 E _f_velocidade>=0 E _f_ticks_s>=153.857,1429,0.7270818754373688,0.6188781756963575,1.174838448001921
4,_f_spread<=1.75 E _f_aceleracao>=-0.552272 E _f_ticks_s>=153.857 E _f_score<=61,1418,0.7270803949224259,0.6188781756963575,1.1748360557460602
3,_f_delta>=0 E _f_ticks_s>=153.857 E _f_score<=77,2158,0.727062094531974,0.6188781756963575,1.1748064854830091
4,_f_delta>=0 E _f_razao_fluxo<=1.33364 E _f_ticks_s>=153.857 E _f_score<=77,2158,0.727062094531974,0.6188781756963575,1.1748064854830091
3,_f_saldo>=-17 E _f_ticks_s>=153.857 E _f_score<=61,1634,0.7270501835985312,0.6188781756963575,1.1747872394764274
4,_f_delta>=16 E _f_saldo>=19 E _f_velocidade<=-0.216667 E _f_ticks_s>=42.0552,817,0.7270501835985312,0.6188781756963575,1.1747872394764274
4,_f_delta<=0 E _f_aceleracao>=-0.000831627 E _f_ticks_s>=153.857 E _f_score>=77,348,0.7270114942528736,0.6188781756963575,1.1747247241912275
4,_f_spread<=1.25 E _f_delta<=0 E _f_velocidade>=0.205388 E _f_aceleracao>=0.543681,326,0.7269938650306749,0.6188781756963575,1.1746962384198898
4,_f_delta>=-16 E _f_saldo<=0 E _f_aceleracao<=-0.000831627 E _f_ticks_s>=153.857,315,0.726984126984127,0.6188781756963575,1.174680503422389
4,_f_delta>=-16 E _f_razao_fluxo>=1 E _f_aceleracao<=-0.000831627 E _f_ticks_s>=153.857,315,0.726984126984127,0.6188781756963575,1.174680503422389
4,_f_spread<=1 E _f_velocidade<=0 E _f_ticks_s>=153.857 E _f_score<=61,934,0.7269807280513919,0.6188781756963575,1.1746750113354671
4,_f_delta<=16 E _f_saldo<=19 E _f_razao_fluxo<=1 E _f_ticks_s>=153.857,608,0.7269736842105263,0.6188781756963575,1.174663629707964
4,_f_spread<=1 E _f_delta>=0 E _f_aceleracao>=0.543681 E _f_score<=61,304,0.7269736842105263,0.6188781756963575,1.174663629707964
3,_f_spread<=1.75 E _f_ticks_s>=153.857 E _f_score<=61,2095,0.7269689737470167,0.6188781756963575,1.174656018414345
4,_f_delta<=16 E _f_razao_fluxo<=1.33364 E _f_velocidade>=-0.216667 E _f_ticks_s>=153.857,1769,0.7269643866591294,0.6188781756963575,1.1746486064743744
4,_f_spread>=1 E _f_delta<=0 E _f_saldo>=0 E _f_ticks_s>=72.5852,293,0.726962457337884,0.6188781756963575,1.1746454890252203
4,_f_spread>=1 E _f_delta<=0 E _f_razao_fluxo<=1 E _f_ticks_s>=72.5852,293,0.726962457337884,0.6188781756963575,1.1746454890252203
4,_f_saldo>=19 E _f_razao_fluxo>=0.741693 E _f_velocidade<=0 E _f_aceleracao<=-0.552272,293,0.726962457337884,0.6188781756963575,1.1746454890252203
4,_f_saldo<=0 E _f_velocidade>=-0.216667 E _f_aceleracao>=-0.000831627 E _f_ticks_s>=153.857,857,0.7269544924154026,0.6188781756963575,1.1746326190892713
4,_f_razao_fluxo>=1 E _f_velocidade>=-0.216667 E _f_aceleracao>=-0.000831627 E _f_ticks_s>=153.857,857,0.7269544924154026,0.6188781756963575,1.1746326190892713
4,_f_spread<=1.75 E _f_saldo<=19 E _f_velocidade>=0 E _f_ticks_s>=153.857,1366,0.7269399707174231,0.6188781756963575,1.1746091545391388
4,_f_spread>=1.75 E _f_delta<=16 E _f_ticks_s>=153.857 E _f_score<=77,260,0.7269230769230769,0.6188781756963575,1.1745818570919035
4,_f_delta>=-16 E _f_saldo>=-17 E _f_ticks_s>=153.857 E _f_score<=47,509,0.7269155206286837,0.6188781756963575,1.1745696474282088
4,_f_delta>=-16 E _f_aceleracao>=-0.552272 E _f_ticks_s>=153.857 E _f_score<=61,1007,0.7269116186693148,0.6188781756963575,1.1745633425373236
4,_f_spread<=1.25 E _f_velocidade<=0.205388 E _f_ticks_s>=153.857 E _f_score<=77,2574,0.7268842268842269,0.6188781756963575,1.1745190821543219
4,_f_velocidade>=0 E _f_aceleracao<=-0.552272 E _f_ticks_s>=153.857 E _f_score<=61,465,0.7268817204301076,0.6188781756963575,1.1745150321583488
4,_f_spread<=1 E _f_saldo>=0 E _f_velocidade<=-0.216667 E _f_aceleracao>=0.543681,227,0.7268722466960352,0.6188781756963575,1.1744997242440542
4,_f_spread<=1 E _f_razao_fluxo<=1 E _f_velocidade<=-0.216667 E _f_aceleracao>=0.543681,227,0.7268722466960352,0.6188781756963575,1.1744997242440542
4,_f_spread<=1 E _f_velocidade<=0 E _f_aceleracao>=0.543681 E _f_score>=77,227,0.7268722466960352,0.6188781756963575,1.1744997242440542
4,_f_spread>=1 E _f_delta>=16 E _f_aceleracao<=-0.552272 E _f_score>=77,216,0.7268518518518519,0.6188781756963575,1.174466769706337
4,_f_saldo<=19 E _f_razao_fluxo<=1 E _f_ticks_s>=153.857 E _f_score>=61,216,0.7268518518518519,0.6188781756963575,1.174466769706337
4,_f_saldo>=19 E _f_aceleracao<=0.543681 E _f_ticks_s>=153.857 E _f_score<=77,1263,0.7268408551068883,0.6188781756963575,1.1744490008700856
4,_f_spread<=1.25 E _f_delta<=-16 E _f_razao_fluxo<=1.33364 E _f_score<=61,615,0.7268292682926829,0.6188781756963575,1.174430278584084
4,_f_saldo<=19 E _f_velocidade>=0 E _f_ticks_s>=153.857 E _f_score>=47,1208,0.7268211920529801,0.6188781756963575,1.1744172287787753
4,_f_spread<=1 E _f_saldo>=0 E _f_aceleracao>=0.543681 E _f_score<=77,582,0.7268041237113402,0.6188781756963575,1.1743896492933283
4,_f_spread<=1 E _f_razao_fluxo<=1 E _f_aceleracao>=0.543681 E _f_score<=77,582,0.7268041237113402,0.6188781756963575,1.1743896492933283
4,_f_delta>=16 E _f_saldo>=19 E _f_ticks_s>=153.857 E _f_score<=77,1530,0.726797385620915,0.6188781756963575,1.1743787617056096
4,_f_spread<=1.25 E _f_razao_fluxo>=0.741693 E _f_ticks_s>=153.857 E _f_score<=77,3415,0.7267935578330893,0.6188781756963575,1.1743725766630988
4,_f_spread<=1 E _f_razao_fluxo<=1.33364 E _f_velocidade<=0 E _f_aceleracao>=0.543681,926,0.7267818574514039,0.6188781756963575,1.174353670871709
4,_f_velocidade<=0 E _f_aceleracao<=0.543681 E _f_ticks_s>=153.857 E _f_score<=61,721,0.7267683772538142,0.6188781756963575,1.1743318892059158
4,_f_spread>=1 E _f_delta<=-16 E _f_velocidade>=0 E _f_ticks_s>=153.857,355,0.7267605633802817,0.6188781756963575,1.1743192633389208
4,_f_spread<=1 E _f_velocidade>=0 E _f_aceleracao<=-0.552272 E _f_ticks_s>=153.857,882,0.7267573696145124,0.6188781756963575,1.1743141027662998
4,_f_saldo>=0 E _f_aceleracao>=0.543681 E _f_ticks_s>=72.5852 E _f_score<=77,1043,0.7267497603068073,0.6188781756963575,1.17430180744227
4,_f_razao_fluxo<=1 E _f_aceleracao>=0.543681 E _f_ticks_s>=72.5852 E _f_score<=77,1043,0.7267497603068073,0.6188781756963575,1.17430180744227
4,_f_delta>=-16 E _f_velocidade>=0 E _f_aceleracao<=-0.552272 E _f_ticks_s>=153.857,860,0.7267441860465116,0.6188781756963575,1.1742928004025734
4,_f_spread<=1.75 E _f_aceleracao<=-0.552272 E _f_ticks_s>=153.857 E _f_score<=61,677,0.7267355982274741,0.6188781756963575,1.1742789239736175
4,_f_spread<=1.75 E _f_velocidade<=0.205388 E _f_ticks_s>=153.857 E _f_score<=77,2770,0.7267148014440433,0.6188781756963575,1.1742453199716547
4,_f_spread<=1.75 E _f_razao_fluxo<=1.33364 E _f_ticks_s>=153.857 E _f_score<=61,1972,0.7266734279918864,0.6188781756963575,1.1741784676349887
4,_f_spread<=1 E _f_razao_fluxo>=0.741693 E _f_ticks_s>=153.857 E _f_score<=61,1661,0.7266706803130644,0.6188781756963575,1.174174027861654
4,_f_razao_fluxo<=1.33364 E _f_velocidade>=0.205388 E _f_ticks_s>=153.857 E _f_score<=61,600,0.7266666666666667,0.6188781756963575,1.174167542503864
4,_f_spread<=1.75 E _f_delta<=0 E _f_velocidade>=0.205388 E _f_score>=77,150,0.7266666666666667,0.6188781756963575,1.174167542503864
4,_f_saldo>=19 E _f_aceleracao>=-0.552272 E _f_ticks_s>=72.5852 E _f_score<=47,150,0.7266666666666667,0.6188781756963575,1.174167542503864
4,_f_spread>=1 E _f_razao_fluxo<=1.33364 E _f_aceleracao<=-0.000831627 E _f_ticks_s>=153.857,1339,0.7266616878267363,0.6188781756963575,1.1741594975604068
4,_f_spread>=1 E _f_velocidade>=-0.216667 E _f_aceleracao<=0.543681 E _f_ticks_s>=153.857,1251,0.7266187050359713,0.6188781756963575,1.1740900448111373
4,_f_spread<=1.25 E _f_delta<=0 E _f_saldo>=-17 E _f_ticks_s>=153.857,556,0.7266187050359713,0.6188781756963575,1.1740900448111373
4,_f_spread<=1.25 E _f_velocidade>=0 E _f_ticks_s>=153.857 E _f_score<=77,1902,0.7266035751840169,0.6188781756963575,1.174065597589457
4,_f_delta>=16 E _f_razao_fluxo>=0.741693 E _f_aceleracao<=-0.552272 E _f_score<=77,662,0.7265861027190332,0.6188781756963575,1.174037365110643
4,_f_spread<=1.75 E _f_delta<=0 E _f_velocidade>=0 E _f_ticks_s>=153.857,1057,0.7265846736045412,0.6188781756963575,1.1740350559090131
4,_f_saldo<=0 E _f_velocidade>=0.205388 E _f_aceleracao>=0.543681 E _f_ticks_s>=72.5852,395,0.7265822784810126,0.6188781756963575,1.174031185804003
4,_f_razao_fluxo>=1 E _f_velocidade>=0.205388 E _f_aceleracao>=0.543681 E _f_ticks_s>=72.5852,395,0.7265822784810126,0.6188781756963575,1.174031185804003
4,_f_saldo>=-17 E _f_razao_fluxo>=0.741693 E _f_aceleracao<=-0.552272 E _f_ticks_s>=153.857,1035,0.7265700483091787,0.6188781756963575,1.1740114239634434
4,_f_delta>=-16 E _f_velocidade<=-0.216667 E _f_ticks_s>=153.857 E _f_score>=47,768,0.7265625,0.6188781756963575,1.173999227202473
3,_f_saldo>=-17 E _f_ticks_s>=153.857 E _f_score<=47,512,0.7265625,0.6188781756963575,1.173999227202473
4,_f_saldo<=19 E _f_razao_fluxo<=1 E _f_velocidade>=-0.216667 E _f_ticks_s>=153.857,512,0.7265625,0.6188781756963575,1.173999227202473
4,_f_spread>=1 E _f_delta<=-16 E _f_aceleracao>=-0.000831627 E _f_ticks_s>=72.5852,1269,0.7265563435776202,0.6188781756963575,1.173989279489625
4,_f_delta<=16 E _f_saldo<=19 E _f_ticks_s>=153.857 E _f_score<=47,490,0.726530612244898,0.6188781756963575,1.1739477021102105
4,_f_delta>=16 E _f_razao_fluxo>=0.741693 E _f_velocidade>=0.205388 E _f_aceleracao<=-0.552272,362,0.7265193370165746,0.6188781756963575,1.1739294832930567
4,_f_spread<=1.25 E _f_saldo<=-17 E _f_razao_fluxo<=1.33364 E _f_score<=61,596,0.7265100671140939,0.6188781756963575,1.1739145047353299
4,_f_saldo>=19 E _f_razao_fluxo<=0.741693 E _f_velocidade<=-0.216667 E _f_aceleracao<=-0.000831627,234,0.7264957264957265,0.6188781756963575,1.1738913327785043
4,_f_spread<=1.75 E _f_razao_fluxo>=0.741693 E _f_ticks_s>=153.857 E _f_score<=61,1978,0.7264914054600606,0.6188781756963575,1.1738843507328682
4,_f_spread>=1.75 E _f_razao_fluxo<=0.741693 E _f_ticks_s>=72.5852 E _f_score<=61,446,0.726457399103139,0.6188781756963575,1.1738294023468094
4,_f_saldo>=-17 E _f_razao_fluxo>=1 E _f_aceleracao<=0.543681 E _f_ticks_s>=153.857,446,0.726457399103139,0.6188781756963575,1.1738294023468094
4,_f_spread<=1.25 E _f_velocidade<=0 E _f_ticks_s>=153.857 E _f_score<=77,1890,0.7264550264550265,0.6188781756963575,1.1738255685581807
4,_f_delta<=0 E _f_saldo>=0 E _f_ticks_s>=72.5852 E _f_score<=77,329,0.7264437689969605,0.6188781756963575,1.173807378454687
4,_f_delta<=0 E _f_razao_fluxo<=1 E _f_ticks_s>=72.5852 E _f_score<=77,329,0.7264437689969605,0.6188781756963575,1.173807378454687
3,_f_razao_fluxo>=0.741693 E _f_ticks_s>=153.857 E _f_score<=77,3831,0.7264421821978596,0.6188781756963575,1.1738048144620252
3,_f_spread>=1.25 E _f_aceleracao>=-0.000831627 E _f_ticks_s>=153.857,530,0.7264150943396226,0.6188781756963575,1.1737610451722025
4,_f_delta>=16 E _f_velocidade<=0 E _f_aceleracao>=0.543681 E _f_score>=61,318,0.7264150943396226,0.6188781756963575,1.1737610451722025
4,_f_saldo>=0 E _f_aceleracao<=-0.552272 E _f_ticks_s>=153.857 E _f_score>=77,212,0.7264150943396226,0.6188781756963575,1.1737610451722025
4,_f_razao_fluxo<=1 E _f_aceleracao<=-0.552272 E _f_ticks_s>=153.857 E _f_score>=77,212,0.7264150943396226,0.6188781756963575,1.1737610451722025
4,_f_spread<=1 E _f_razao_fluxo<=1.33364 E _f_ticks_s>=153.857 E _f_score<=61,1663,0.7263980757666867,0.6188781756963575,1.1737335461043663
4,_f_delta<=-16 E _f_saldo<=-17 E _f_razao_fluxo<=1.33364 E _f_aceleracao>=0.543681,720,0.7263888888888889,0.6188781756963575,1.1737187017001545
4,_f_saldo>=0 E _f_velocidade<=-0.216667 E _f_ticks_s>=72.5852 E _f_score<=47,307,0.7263843648208469,0.6188781756963575,1.173711391589345
4,_f_razao_fluxo<=1 E _f_velocidade<=-0.216667 E _f_ticks_s>=72.5852 E _f_score<=47,307,0.7263843648208469,0.6188781756963575,1.173711391589345
4,_f_velocidade>=0.205388 E _f_aceleracao<=-0.552272 E _f_ticks_s>=153.857 E _f_score<=61,307,0.7263843648208469,0.6188781756963575,1.173711391589345
4,_f_delta<=0 E _f_velocidade>=0.205388 E _f_ticks_s>=153.857 E _f_score<=77,603,0.7263681592039801,0.6188781756963575,1.1736852061177883
4,_f_spread<=1.75 E _f_saldo>=19 E _f_velocidade<=-0.216667 E _f_ticks_s>=42.0552,793,0.7263556116015133,0.6188781756963575,1.1736649313642753
4,_f_spread>=1 E _f_saldo>=-17 E _f_aceleracao>=-0.552272 E _f_ticks_s>=153.857,1235,0.7263157894736842,0.6188781756963575,1.1736005856991785
4,_f_saldo>=-17 E _f_velocidade>=0 E _f_aceleracao<=-0.552272 E _f_ticks_s>=153.857,855,0.7263157894736842,0.6188781756963575,1.1736005856991785
4,_f_delta>=-16 E _f_aceleracao<=0.543681 E _f_ticks_s>=153.857 E _f_score<=47,380,0.7263157894736842,0.6188781756963575,1.1736005856991785
4,_f_spread>=1.75 E _f_delta<=0 E _f_ticks_s>=153.857 E _f_score<=77,190,0.7263157894736842,0.6188781756963575,1.1736005856991785
4,_f_spread>=1 E _f_razao_fluxo>=0.741693 E _f_ticks_s>=153.857 E _f_score>=61,1699,0.7263095938787522,0.6188781756963575,1.1735905746902668
4,_f_saldo>=19 E _f_razao_fluxo>=0.741693 E _f_velocidade>=0.205388 E _f_aceleracao<=-0.552272,369,0.7262872628726287,0.6188781756963575,1.173554491650017
4,_f_delta<=-16 E _f_velocidade<=-0.216667 E _f_ticks_s>=72.5852 E _f_score<=61,274,0.7262773722627737,0.6188781756963575,1.1735385101366216
4,_f_saldo>=-17 E _f_velocidade>=0 E _f_ticks_s>=153.857 E _f_score<=77,1443,0.7262647262647263,0.6188781756963575,1.1735180763928832
4,_f_razao_fluxo>=1.33364 E _f_velocidade<=-0.216667 E _f_ticks_s>=153.857 E _f_score<=77,179,0.7262569832402235,0.6188781756963575,1.1735055650056556
4,_f_delta<=16 E _f_razao_fluxo>=0.741693 E _f_velocidade>=-0.216667 E _f_ticks_s>=153.857,2053,0.7262542620555285,0.6188781756963575,1.1735011680422438
4,_f_spread>=1 E _f_delta<=-16 E _f_ticks_s>=153.857 E _f_score>=61,884,0.7262443438914027,0.6188781756963575,1.1734851420059167
4,_f_spread>=1 E _f_saldo<=-17 E _f_aceleracao<=0.543681 E _f_score<=47,263,0.7262357414448669,0.6188781756963575,1.1734712419414555
4,_f_spread>=1 E _f_delta<=0 E _f_velocidade<=0.205388 E _f_ticks_s>=153.857,1136,0.7262323943661971,0.6188781756963575,1.1734658336417267
4,_f_saldo>=-17 E _f_velocidade<=-0.216667 E _f_ticks_s>=153.857 E _f_score>=47,778,0.7262210796915167,0.6188781756963575,1.1734475510860884
4,_f_razao_fluxo>=0.741693 E _f_velocidade>=0.205388 E _f_ticks_s>=153.857 E _f_score<=61,599,0.7262103505843072,0.6188781756963575,1.1734302147061175
4,_f_velocidade<=0.205388 E _f_aceleracao<=0.543681 E _f_ticks_s>=153.857 E _f_score<=61,1019,0.7262021589793916,0.6188781756963575,1.1734169784905952
4,_f_spread<=1 E _f_saldo<=-17 E _f_razao_fluxo<=1.33364 E _f_aceleracao>=0.543681,588,0.7261904761904762,0.6188781756963575,1.1733981011260763
4,_f_saldo>=19 E _f_razao_fluxo>=0.741693 E _f_velocidade<=-0.216667 E _f_score<=77,504,0.7261904761904762,0.6188781756963575,1.1733981011260763
4,_f_spread>=1.25 E _f_saldo>=0 E _f_razao_fluxo>=0.741693 E _f_ticks_s>=153.857,420,0.7261904761904762,0.6188781756963575,1.1733981011260763
4,_f_razao_fluxo>=1.33364 E _f_velocidade<=0 E _f_aceleracao>=-0.000831627 E _f_ticks_s>=153.857,336,0.7261904761904762,0.6188781756963575,1.1733981011260763
4,_f_delta>=16 E _f_aceleracao>=0.543681 E _f_ticks_s>=42.0552 E _f_score<=61,252,0.7261904761904762,0.6188781756963575,1.1733981011260763
4,_f_spread>=1.25 E _f_saldo>=0 E _f_razao_fluxo>=1 E _f_aceleracao<=-0.552272,84,0.7261904761904762,0.6188781756963575,1.1733981011260763
4,_f_spread>=1.25 E _f_saldo<=0 E _f_razao_fluxo<=1 E _f_aceleracao<=-0.552272,84,0.7261904761904762,0.6188781756963575,1.1733981011260763
4,_f_delta>=-16 E _f_saldo<=-17 E _f_ticks_s>=42.0552 E _f_score<=47,84,0.7261904761904762,0.6188781756963575,1.1733981011260763
4,_f_delta>=16 E _f_velocidade<=0.205388 E _f_aceleracao>=0.543681 E _f_ticks_s>=72.5852,577,0.7261698440207972,0.6188781756963575,1.1733647631114408
4,_f_delta<=16 E _f_saldo>=-17 E _f_aceleracao<=0.543681 E _f_ticks_s>=153.857,902,0.7261640798226164,0.6188781756963575,1.1733554491650018
4,_f_delta<=-16 E _f_velocidade>=-0.216667 E _f_aceleracao>=-0.000831627 E _f_ticks_s>=153.857,650,0.7261538461538461,0.6188781756963575,1.1733389133277852
4,_f_delta<=-16 E _f_velocidade>=0.205388 E _f_aceleracao>=0.543681 E _f_ticks_s>=72.5852,241,0.7261410788381742,0.6188781756963575,1.1733182835557665
4,_f_spread<=1 E _f_velocidade<=0.205388 E _f_ticks_s>=153.857 E _f_score<=61,1278,0.7261345852895149,0.6188781756963575,1.1733077911052094
4,_f_razao_fluxo>=0.741693 E _f_velocidade<=0.205388 E _f_ticks_s>=153.857 E _f_score<=47,398,0.7261306532663316,0.6188781756963575,1.1733014376364046
4,_f_delta<=16 E _f_velocidade>=0 E _f_aceleracao<=0.543681 E _f_ticks_s>=153.857,953,0.7261280167890871,0.6188781756963575,1.1732971775455692
4,_f_saldo<=19 E _f_velocidade>=0 E _f_ticks_s>=153.857 E _f_score>=61,628,0.7261146496815286,0.6188781756963575,1.1732755786136897
4,_f_spread<=1.75 E _f_delta<=0 E _f_saldo>=0 E _f_aceleracao<=-0.552272,157,0.7261146496815286,0.6188781756963575,1.1732755786136897
4,_f_spread<=1.75 E _f_delta<=0 E _f_razao_fluxo<=1 E _f_aceleracao<=-0.552272,157,0.7261146496815286,0.6188781756963575,1.1732755786136897
4,_f_razao_fluxo<=1.33364 E _f_aceleracao<=0.543681 E _f_ticks_s>=153.857 E _f_score<=47,387,0.7260981912144703,0.6188781756963575,1.1732489845799936
4,_f_spread<=1.25 E _f_delta>=-16 E _f_saldo<=0 E _f_ticks_s>=153.857,533,0.726078799249531,0.6188781756963575,1.1732176505215297
4,_f_spread<=1.25 E _f_delta>=-16 E _f_razao_fluxo>=1 E _f_ticks_s>=153.857,533,0.726078799249531,0.6188781756963575,1.1732176505215297
4,_f_spread>=1.25 E _f_delta<=0 E _f_aceleracao<=0.543681 E _f_ticks_s>=153.857,303,0.7260726072607261,0.6188781756963575,1.1732076453394953
4,_f_delta>=-16 E _f_saldo<=19 E _f_ticks_s>=153.857 E _f_score<=77,1201,0.7260616153205662,0.6188781756963575,1.173189884266975
4,_f_saldo>=-17 E _f_velocidade<=0 E _f_aceleracao<=0.543681 E _f_ticks_s>=153.857,1033,0.7260406582768635,0.6188781756963575,1.1731560213121548
4,_f_saldo>=0 E _f_velocidade<=0.205388 E _f_aceleracao<=-0.000831627 E _f_ticks_s>=153.857,876,0.726027397260274,0.6188781756963575,1.1731345938049162
4,_f_razao_fluxo<=1 E _f_velocidade<=0.205388 E _f_aceleracao<=-0.000831627 E _f_ticks_s>=153.857,876,0.726027397260274,0.6188781756963575,1.1731345938049162
4,_f_delta<=16 E _f_velocidade>=0.205388 E _f_ticks_s>=72.5852 E _f_score<=47,511,0.726027397260274,0.6188781756963575,1.1731345938049162
4,_f_delta<=-16 E _f_velocidade>=0.205388 E _f_aceleracao<=-0.552272 E _f_score<=61,146,0.726027397260274,0.6188781756963575,1.1731345938049162
4,_f_delta<=16 E _f_aceleracao<=-0.552272 E _f_ticks_s>=153.857 E _f_score<=47,146,0.726027397260274,0.6188781756963575,1.1731345938049162
4,_f_delta<=-16 E _f_razao_fluxo<=1.33364 E _f_ticks_s<=153.857 E _f_score<=47,73,0.726027397260274,0.6188781756963575,1.1731345938049162
4,_f_delta<=-16 E _f_velocidade>=0 E _f_ticks_s<=153.857 E _f_score>=77,73,0.726027397260274,0.6188781756963575,1.1731345938049162
4,_f_delta<=16 E _f_aceleracao<=-0.552272 E _f_ticks_s>=153.857 E _f_score<=77,646,0.7260061919504643,0.6188781756963575,1.173100329695044
4,_f_delta>=-16 E _f_razao_fluxo>=0.741693 E _f_ticks_s>=153.857 E _f_score<=61,1489,0.7259905977165884,0.6188781756963575,1.1730751321125659
4,_f_delta<=16 E _f_velocidade>=0.205388 E _f_aceleracao<=0.543681 E _f_ticks_s>=153.857,562,0.7259786476868327,0.6188781756963575,1.1730558229331105
4,_f_delta>=16 E _f_velocidade<=-0.216667 E _f_ticks_s>=72.5852 E _f_score>=61,343,0.7259475218658892,0.6188781756963575,1.173005528994552
4,_f_spread>=1 E _f_saldo<=0 E _f_ticks_s>=153.857 E _f_score>=61,956,0.7259414225941423,0.6188781756963575,1.1729956736272336
4,_f_spread>=1 E _f_razao_fluxo>=1 E _f_ticks_s>=153.857 E _f_score>=61,956,0.7259414225941423,0.6188781756963575,1.1729956736272336
4,_f_spread>=1 E _f_delta<=-16 E _f_razao_fluxo<=1.33364 E _f_aceleracao>=0.543681,405,0.725925925925926,0.6188781756963575,1.1729706336939723
4,_f_delta<=-16 E _f_velocidade>=0.205388 E _f_aceleracao>=0.543681 E _f_score>=47,270,0.725925925925926,0.6188781756963575,1.1729706336939723
4,_f_saldo>=19 E _f_razao_fluxo<=0.741693 E _f_aceleracao<=-0.552272 E _f_ticks_s>=153.857,270,0.725925925925926,0.6188781756963575,1.1729706336939723
4,_f_saldo>=-17 E _f_aceleracao>=-0.552272 E _f_ticks_s>=153.857 E _f_score<=61,1007,0.7259185700099305,0.6188781756963575,1.1729587478070815
4,_f_delta>=16 E _f_aceleracao<=-0.552272 E _f_ticks_s>=72.5852 E _f_score<=61,591,0.7258883248730964,0.6188781756963575,1.1729098769015918
4,_f_spread<=1 E _f_saldo<=0 E _f_velocidade>=0 E _f_ticks_s>=153.857,912,0.7258771929824561,0.6188781756963575,1.1728918896933214
4,_f_spread<=1 E _f_razao_fluxo>=1 E _f_velocidade>=0 E _f_ticks_s>=153.857,912,0.7258771929824561,0.6188781756963575,1.1728918896933214
4,_f_spread<=1 E _f_saldo<=0 E _f_aceleracao>=-0.000831627 E _f_ticks_s>=153.857,1430,0.7258741258741259,0.6188781756963575,1.1728869337771965
4,_f_spread<=1 E _f_razao_fluxo>=1 E _f_aceleracao>=-0.000831627 E _f_ticks_s>=153.857,1430,0.7258741258741259,0.6188781756963575,1.1728869337771965
4,_f_delta<=-16 E _f_razao_fluxo<=1.33364 E _f_aceleracao>=0.543681 E _f_score>=47,715,0.7258741258741259,0.6188781756963575,1.1728869337771965
4,_f_saldo>=0 E _f_aceleracao<=-0.552272 E _f_ticks_s>=153.857 E _f_score<=61,518,0.7258687258687259,0.6188781756963575,1.172878208303247
4,_f_razao_fluxo<=1 E _f_aceleracao<=-0.552272 E _f_ticks_s>=153.857 E _f_score<=61,518,0.7258687258687259,0.6188781756963575,1.172878208303247
4,_f_velocidade<=-0.216667 E _f_aceleracao<=-0.000831627 E _f_ticks_s>=72.5852 E _f_score<=77,901,0.7258601553829079,0.6188781756963575,1.1728643598817732
4,_f_delta<=0 E _f_aceleracao>=-0.000831627 E _f_ticks_s>=153.857 E _f_score>=61,1087,0.7258509659613616,0.6188781756963575,1.1728495113673043
4,_f_spread<=1.75 E _f_velocidade>=0.205388 E _f_ticks_s>=72.5852 E _f_score<=47,383,0.7258485639686684,0.6188781756963575,1.1728456301629129
4,_f_razao_fluxo<=0.741693 E _f_velocidade<=0 E _f_aceleracao<=-0.000831627 E _f_ticks_s>=72.5852,383,0.7258485639686684,0.6188781756963575,1.1728456301629129
4,_f_spread<=1.25 E _f_delta<=16 E _f_velocidade>=-0.216667 E _f_ticks_s>=153.857,1831,0.7258328782086292,0.6188781756963575,1.1728202846899989
4,_f_delta>=-16 E _f_velocidade>=0 E _f_ticks_s>=153.857 E _f_score<=77,1448,0.725828729281768,0.6188781756963575,1.172813580742398
4,_f_spread<=1 E _f_velocidade>=0 E _f_ticks_s>=153.857 E _f_score<=77,1758,0.7258248009101251,0.6188781756963575,1.1728072331738504
4,_f_spread>=1 E _f_delta<=0 E _f_saldo<=-17 E _f_ticks_s>=153.857,1127,0.7258207630878438,0.6188781756963575,1.1728007087520178
4,_f_spread>=1 E _f_saldo>=-17 E _f_aceleracao>=-0.000831627 E _f_ticks_s>=153.857,930,0.7258064516129032,0.6188781756963575,1.1727775838859251
4,_f_spread>=1.75 E _f_saldo<=0 E _f_ticks_s>=153.857 E _f_score<=77,186,0.7258064516129032,0.6188781756963575,1.1727775838859251
4,_f_spread>=1.75 E _f_razao_fluxo>=1 E _f_ticks_s>=153.857 E _f_score<=77,186,0.7258064516129032,0.6188781756963575,1.1727775838859251
4,_f_spread<=1.25 E _f_delta<=16 E _f_saldo>=19 E _f_velocidade>=-0.216667,124,0.7258064516129032,0.6188781756963575,1.1727775838859251
4,_f_spread>=1.25 E _f_velocidade<=-0.216667 E _f_ticks_s>=153.857 E _f_score<=47,62,0.7258064516129032,0.6188781756963575,1.1727775838859251
4,_f_saldo>=0 E _f_razao_fluxo>=1 E _f_velocidade>=0 E _f_aceleracao>=0.543681,62,0.7258064516129032,0.6188781756963575,1.1727775838859251
4,_f_saldo<=0 E _f_razao_fluxo<=1 E _f_velocidade>=0 E _f_aceleracao>=0.543681,62,0.7258064516129032,0.6188781756963575,1.1727775838859251
4,_f_spread<=1.75 E _f_delta>=16 E _f_velocidade<=-0.216667 E _f_ticks_s>=42.0552,784,0.7257653061224489,0.6188781756963575,1.172711099895909
4,_f_spread<=1 E _f_razao_fluxo<=1.33364 E _f_aceleracao>=0.543681 E _f_score<=61,711,0.7257383966244726,0.6188781756963575,1.172667618805392
4,_f_spread<=1 E _f_saldo<=-17 E _f_aceleracao>=-0.000831627 E _f_ticks_s>=153.857,1174,0.7257240204429302,0.6188781756963575,1.1726443893846321
4,_f_spread<=1.75 E _f_saldo<=19 E _f_ticks_s>=153.857 E _f_score<=61,1462,0.725718194254446,0.6188781756963575,1.1726349752725935
4,_f_spread<=1.75 E _f_saldo<=-17 E _f_razao_fluxo<=1.33364 E _f_aceleracao>=0.543681,700,0.7257142857142858,0.6188781756963575,1.172628659748289
4,_f_spread<=1 E _f_saldo>=-17 E _f_aceleracao>=0.543681 E _f_score<=47,175,0.7257142857142858,0.6188781756963575,1.172628659748289
4,_f_delta<=-16 E _f_razao_fluxo>=1.33364 E _f_velocidade>=0 E _f_ticks_s>=153.857,175,0.7257142857142858,0.6188781756963575,1.172628659748289
3,_f_spread<=1.25 E _f_ticks_s>=153.857 E _f_score<=77,3726,0.7257112184648417,0.6188781756963575,1.1726237036041485
4,_f_velocidade<=0.205388 E _f_aceleracao>=-0.552272 E _f_ticks_s>=153.857 E _f_score<=77,2151,0.7257089725708973,0.6188781756963575,1.1726200746283135
3,_f_saldo<=19 E _f_velocidade>=0 E _f_ticks_s>=153.857,1440,0.7256944444444444,0.6188781756963575,1.172596599690881
4,_f_spread<=1 E _f_velocidade<=0.205388 E _f_ticks_s>=153.857 E _f_score<=77,2417,0.7256930078609847,0.6188781756963575,1.1725942784206922
4,_f_delta>=0 E _f_aceleracao>=-0.552272 E _f_ticks_s>=153.857 E _f_score<=77,1243,0.7256637168141593,0.6188781756963575,1.1725469491594973
4,_f_spread<=1 E _f_delta>=0 E _f_velocidade<=-0.216667 E _f_aceleracao>=0.543681,226,0.7256637168141593,0.6188781756963575,1.1725469491594973
4,_f_saldo<=-17 E _f_razao_fluxo>=1.33364 E _f_velocidade>=0.205388 E _f_aceleracao>=0.543681,113,0.7256637168141593,0.6188781756963575,1.1725469491594973
4,_f_delta>=-16 E _f_aceleracao<=0.543681 E _f_ticks_s>=153.857 E _f_score<=77,2074,0.7256509161041466,0.6188781756963575,1.1725262654280046
4,_f_delta>=-16 E _f_velocidade<=0 E _f_ticks_s>=153.857 E _f_score>=61,616,0.7256493506493507,0.6188781756963575,1.172523735924045
4,_f_delta>=16 E _f_razao_fluxo>=0.741693 E _f_aceleracao<=-0.552272 E _f_ticks_s>=42.0552,780,0.7256410256410256,0.6188781756963575,1.172510284151706
4,_f_saldo>=19 E _f_velocidade<=0 E _f_aceleracao<=-0.552272 E _f_score<=77,554,0.7256317689530686,0.6188781756963575,1.1724953269463618
4,_f_spread<=1.25 E _f_saldo<=-17 E _f_aceleracao>=0.543681 E _f_ticks_s>=72.5852,995,0.7256281407035176,0.6188781756963575,1.1724894643231614
4,_f_saldo>=-17 E _f_razao_fluxo>=0.741693 E _f_ticks_s>=153.857 E _f_score<=47,492,0.725609756097561,0.6188781756963575,1.172459757982433
4,_f_spread>=1 E _f_delta>=0 E _f_ticks_s>=153.857 E _f_score<=47,164,0.725609756097561,0.6188781756963575,1.172459757982433
4,_f_spread<=1.75 E _f_saldo<=0 E _f_velocidade>=0 E _f_ticks_s>=153.857,1035,0.7256038647342995,0.6188781756963575,1.1724502385592366
4,_f_spread<=1.75 E _f_razao_fluxo>=1 E _f_velocidade>=0 E _f_ticks_s>=153.857,1035,0.7256038647342995,0.6188781756963575,1.1724502385592366
4,_f_delta>=16 E _f_velocidade<=-0.216667 E _f_ticks_s>=42.0552 E _f_score<=77,809,0.7255871446229913,0.6188781756963575,1.172423221753725
4,_f_delta>=0 E _f_velocidade<=0.205388 E _f_aceleracao<=-0.000831627 E _f_ticks_s>=153.857,860,0.7255813953488373,0.6188781756963575,1.1724139319219296
4,_f_saldo<=19 E _f_razao_fluxo<=1 E _f_velocidade<=0.205388 E _f_ticks_s>=153.857,481,0.7255717255717256,0.6188781756963575,1.1723983072360198
4,_f_spread<=1.25 E _f_saldo>=-17 E _f_razao_fluxo>=1 E _f_ticks_s>=153.857,532,0.7255639097744361,0.6188781756963575,1.1723856782605664
4,_f_spread<=1.75 E _f_delta>=16 E _f_ticks_s>=153.857 E _f_score<=77,1534,0.7255541069100391,0.6188781756963575,1.1723698385286418
4,_f_spread<=1 E _f_aceleracao>=-0.552272 E _f_ticks_s>=153.857 E _f_score<=61,1195,0.7255230125523012,0.6188781756963575,1.1723195954291774
4,_f_velocidade>=-0.216667 E _f_aceleracao<=-0.552272 E _f_ticks_s>=153.857 E _f_score>=47,1246,0.7255216693418941,0.6188781756963575,1.172317425033678
4,_f_spread<=1 E _f_delta>=-16 E _f_saldo<=19 E _f_ticks_s>=153.857,1031,0.7255092143549952,0.6188781756963575,1.1722972999308905
4,_f_spread<=1 E _f_razao_fluxo>=1.33364 E _f_ticks_s>=153.857 E _f_score<=77,306,0.7254901960784313,0.6188781756963575,1.1722665696881533
4,_f_saldo>=19 E _f_razao_fluxo<=0.741693 E _f_velocidade<=0 E _f_score<=47,255,0.7254901960784313,0.6188781756963575,1.1722665696881533
4,_f_saldo<=0 E _f_velocidade<=0 E _f_ticks_s>=153.857 E _f_score<=47,153,0.7254901960784313,0.6188781756963575,1.1722665696881533
4,_f_saldo<=19 E _f_aceleracao>=0.543681 E _f_ticks_s>=153.857 E _f_score<=47,153,0.7254901960784313,0.6188781756963575,1.1722665696881533
4,_f_razao_fluxo>=1 E _f_velocidade<=0 E _f_ticks_s>=153.857 E _f_score<=47,153,0.7254901960784313,0.6188781756963575,1.1722665696881533
4,_f_spread<=1.25 E _f_delta<=16 E _f_saldo>=19 E _f_aceleracao<=-0.552272,51,0.7254901960784313,0.6188781756963575,1.1722665696881533
4,_f_spread>=1.75 E _f_delta<=0 E _f_velocidade>=0.205388 E _f_ticks_s>=153.857,51,0.7254901960784313,0.6188781756963575,1.1722665696881533
4,_f_saldo<=-17 E _f_razao_fluxo<=1.33364 E _f_aceleracao<=-0.000831627 E _f_score<=47,51,0.7254901960784313,0.6188781756963575,1.1722665696881533
4,_f_velocidade>=0 E _f_aceleracao>=-0.552272 E _f_ticks_s>=153.857 E _f_score<=77,1264,0.7254746835443038,0.6188781756963575,1.172241504118326
4,_f_spread>=1 E _f_saldo<=0 E _f_ticks_s>=153.857 E _f_score>=47,1293,0.7254447022428461,0.6188781756963575,1.1721930595251329
4,_f_spread>=1 E _f_razao_fluxo>=1 E _f_ticks_s>=153.857 E _f_score>=47,1293,0.7254447022428461,0.6188781756963575,1.1721930595251329
4,_f_saldo<=19 E _f_velocidade<=0.205388 E _f_ticks_s>=153.857 E _f_score<=61,1089,0.7254361799816346,0.6188781756963575,1.1721792890262752
4,_f_saldo<=0 E _f_aceleracao>=-0.000831627 E _f_ticks_s>=153.857 E _f_score>=77,346,0.7254335260115607,0.6188781756963575,1.1721750006700558
4,_f_razao_fluxo>=1 E _f_aceleracao>=-0.000831627 E _f_ticks_s>=153.857 E _f_score>=77,346,0.7254335260115607,0.6188781756963575,1.1721750006700558
3,_f_spread>=1 E _f_saldo<=-17 E _f_ticks_s>=153.857,1129,0.7254207263064659,0.6188781756963575,1.1721543185623367
4,_f_spread>=1 E _f_delta<=16 E _f_saldo<=-17 E _f_ticks_s>=153.857,1129,0.7254207263064659,0.6188781756963575,1.1721543185623367
4,_f_spread>=1 E _f_saldo<=-17 E _f_razao_fluxo>=0.741693 E _f_ticks_s>=153.857,1129,0.7254207263064659,0.6188781756963575,1.1721543185623367
4,_f_spread>=1 E _f_saldo<=-17 E _f_razao_fluxo>=1 E _f_ticks_s>=153.857,1129,0.7254207263064659,0.6188781756963575,1.1721543185623367
4,_f_saldo>=-17 E _f_velocidade<=-0.216667 E _f_aceleracao<=-0.000831627 E _f_ticks_s>=153.857,437,0.7254004576659039,0.6188781756963575,1.1721215679478247
3,_f_spread>=1 E _f_velocidade>=-0.216667 E _f_ticks_s>=153.857,1890,0.7253968253968254,0.6188781756963575,1.1721156988297636
4,_f_spread>=1 E _f_saldo<=-17 E _f_ticks_s>=72.5852 E _f_score<=61,772,0.7253886010362695,0.6188781756963575,1.172102409686797
4,_f_delta>=0 E _f_velocidade<=0 E _f_aceleracao<=-0.000831627 E _f_ticks_s>=153.857,579,0.7253886010362695,0.6188781756963575,1.172102409686797
4,_f_delta<=16 E _f_aceleracao>=-0.000831627 E _f_ticks_s>=153.857 E _f_score>=77,386,0.7253886010362695,0.6188781756963575,1.172102409686797
4,_f_saldo<=-17 E _f_razao_fluxo<=1.33364 E _f_velocidade<=0.205388 E _f_aceleracao>=0.543681,568,0.7253521126760564,0.6188781756963575,1.1720434508130702
4,_f_spread>=1.75 E _f_delta>=-16 E _f_ticks_s>=153.857 E _f_score<=77,284,0.7253521126760564,0.6188781756963575,1.1720434508130702
4,_f_razao_fluxo<=1.33364 E _f_velocidade>=0.205388 E _f_aceleracao<=-0.552272 E _f_score>=77,284,0.7253521126760564,0.6188781756963575,1.1720434508130702
4,_f_spread<=1.75 E _f_velocidade<=0 E _f_ticks_s>=153.857 E _f_score<=77,2046,0.7253176930596286,0.6188781756963575,1.1719878346711872
4,_f_saldo<=0 E _f_velocidade>=0 E _f_aceleracao<=-0.552272 E _f_ticks_s>=153.857,324,0.7253086419753086,0.6188781756963575,1.171973209685729
4,_f_razao_fluxo>=1 E _f_velocidade>=0 E _f_aceleracao<=-0.552272 E _f_ticks_s>=153.857,324,0.7253086419753086,0.6188781756963575,1.171973209685729
4,_f_spread>=1 E _f_razao_fluxo>=0.741693 E _f_aceleracao<=0.543681 E _f_ticks_s>=153.857,1700,0.7252941176470589,0.6188781756963575,1.171949740885535
4,_f_delta<=0 E _f_velocidade<=-0.216667 E _f_ticks_s>=153.857 E _f_score<=77,728,0.7252747252747253,0.6188781756963575,1.1719184061687926
4,_f_spread<=1.25 E _f_velocidade>=0.205388 E _f_ticks_s>=153.857 E _f_score<=47,91,0.7252747252747253,0.6188781756963575,1.1719184061687926
4,_f_saldo>=0 E _f_razao_fluxo>=0.741693 E _f_ticks_s>=153.857 E _f_score<=61,1041,0.7252641690682037,0.6188781756963575,1.1719013491664032
4,_f_spread<=1 E _f_delta>=16 E _f_aceleracao<=-0.552272 E _f_score>=47,950,0.7252631578947368,0.6188781756963575,1.1718997152851216
4,_f_spread>=1 E _f_razao_fluxo<=1.33364 E _f_velocidade>=-0.216667 E _f_ticks_s>=153.857,1758,0.7252559726962458,0.6188781756963575,1.1718881052481656
4,_f_spread<=1.25 E _f_razao_fluxo>=0.741693 E _f_aceleracao>=0.543681 E _f_ticks_s>=153.857,1667,0.7252549490101979,0.6188781756963575,1.1718864511487193
4,_f_razao_fluxo<=1.33364 E _f_velocidade<=0.205388 E _f_ticks_s>=153.857 E _f_score<=47,404,0.7252475247524752,0.6188781756963575,1.1718744548334277
4,_f_delta>=-16 E _f_velocidade<=0 E _f_aceleracao<=0.543681 E _f_ticks_s>=153.857,1030,0.7252427184466019,0.6188781756963575,1.1718666886751399
4,_f_saldo>=-17 E _f_razao_fluxo>=1 E _f_aceleracao<=-0.000831627 E _f_ticks_s>=153.857,313,0.7252396166134185,0.6188781756963575,1.1718616766496635
4,_f_spread<=1 E _f_delta<=0 E _f_velocidade>=0.205388 E _f_ticks_s>=153.857,535,0.7252336448598131,0.6188781756963575,1.1718520273295874
4,_f_velocidade>=-0.216667 E _f_aceleracao>=-0.552272 E _f_ticks_s>=153.857 E _f_score<=61,979,0.7252298263534218,0.6188781756963575,1.1718458572842678
4,_f_delta<=16 E _f_velocidade>=0 E _f_aceleracao<=-0.552272 E _f_ticks_s>=153.857,444,0.7252252252252253,0.6188781756963575,1.1718384226575882
4,_f_razao_fluxo<=0.741693 E _f_velocidade>=0 E _f_aceleracao<=-0.552272 E _f_ticks_s>=153.857,222,0.7252252252252253,0.6188781756963575,1.1718384226575882
4,_f_delta<=-16 E _f_razao_fluxo<=1.33364 E _f_velocidade<=0.205388 E _f_aceleracao>=0.543681,575,0.7252173913043478,0.6188781756963575,1.171825764397554
4,_f_delta<=-16 E _f_razao_fluxo<=1.33364 E _f_velocidade<=-0.216667 E _f_aceleracao>=0.543681,353,0.7252124645892352,0.6188781756963575,1.171817803678779
4,_f_saldo<=-17 E _f_velocidade>=-0.216667 E _f_aceleracao<=-0.552272 E _f_ticks_s>=153.857,353,0.7252124645892352,0.6188781756963575,1.171817803678779
4,_f_saldo>=0 E _f_velocidade<=-0.216667 E _f_ticks_s>=72.5852 E _f_score<=77,1190,0.7252100840336134,0.6188781756963575,1.1718139571129842
4,_f_razao_fluxo<=1 E _f_velocidade<=-0.216667 E _f_ticks_s>=72.5852 E _f_score<=77,1190,0.7252100840336134,0.6188781756963575,1.1718139571129842
4,_f_spread>=1 E _f_delta<=-16 E _f_velocidade<=0.205388 E _f_ticks_s>=153.857,917,0.7251908396946565,0.6188781756963575,1.1717828615925527
4,_f_delta<=16 E _f_aceleracao<=-0.552272 E _f_ticks_s>=153.857 E _f_score<=61,393,0.7251908396946565,0.6188781756963575,1.1717828615925527
4,_f_spread<=1.25 E _f_delta<=-16 E _f_aceleracao<=-0.552272 E _f_score<=61,131,0.7251908396946565,0.6188781756963575,1.1717828615925527
4,_f_saldo>=19 E _f_velocidade<=-0.216667 E _f_ticks_s>=42.0552 E _f_score<=47,131,0.7251908396946565,0.6188781756963575,1.1717828615925527
4,_f_saldo<=19 E _f_velocidade>=0.205388 E _f_ticks_s>=153.857 E _f_score<=47,131,0.7251908396946565,0.6188781756963575,1.1717828615925527
4,_f_razao_fluxo>=0.741693 E _f_velocidade>=-0.216667 E _f_aceleracao<=-0.552272 E _f_ticks_s>=153.857,1128,0.725177304964539,0.6188781756963575,1.1717609918116347
4,_f_spread>=1 E _f_delta<=0 E _f_ticks_s>=153.857 E _f_score>=47,1299,0.7251732101616628,0.6188781756963575,1.1717543753190245
4,_f_spread<=1.25 E _f_saldo>=19 E _f_ticks_s>=153.857 E _f_score<=61,604,0.7251655629139073,0.6188781756963575,1.171742018690441
4,_f_spread>=1 E _f_razao_fluxo<=1.33364 E _f_velocidade>=0 E _f_ticks_s>=153.857,1419,0.7251585623678647,0.6188781756963575,1.171730707019877
4,_f_delta>=-16 E _f_razao_fluxo>=0.741693 E _f_velocidade<=-0.216667 E _f_ticks_s>=153.857,815,0.7251533742331289,0.6188781756963575,1.1717223238922445
4,_f_spread>=1 E _f_aceleracao>=-0.552272 E _f_ticks_s>=153.857 E _f_score>=47,1750,0.7251428571428571,0.6188781756963575,1.1717053300949436
4,_f_delta>=16 E _f_velocidade<=0 E _f_aceleracao<=-0.552272 E _f_score<=77,553,0.7251356238698011,0.6188781756963575,1.1716936423778128
4,_f_spread<=1.25 E _f_razao_fluxo<=1.33364 E _f_ticks_s>=153.857 E _f_score<=77,3394,0.725103123158515,0.6188781756963575,1.1716411268544635
4,_f_delta>=0 E _f_aceleracao<=-0.552272 E _f_ticks_s>=153.857 E _f_score<=61,502,0.7250996015936255,0.6188781756963575,1.1716354366152084
4,_f_delta<=-16 E _f_velocidade>=0.205388 E _f_aceleracao>=-0.000831627 E _f_ticks_s>=153.857,251,0.7250996015936255,0.6188781756963575,1.1716354366152084
4,_f_delta<=16 E _f_razao_fluxo<=1.33364 E _f_ticks_s>=153.857 E _f_score<=77,2248,0.7250889679715302,0.6188781756963575,1.1716182545226532
4,_f_saldo>=19 E _f_aceleracao<=0.543681 E _f_ticks_s>=153.857 E _f_score<=61,582,0.7250859106529209,0.6188781756963575,1.1716133144250227
4,_f_delta<=16 E _f_saldo>=-17 E _f_razao_fluxo>=1 E _f_ticks_s>=153.857,662,0.7250755287009063,0.6188781756963575,1.1715965389877518
4,_f_saldo>=-17 E _f_razao_fluxo>=0.741693 E _f_ticks_s>=153.857 E _f_score<=61,1484,0.7250673854447439,0.6188781756963575,1.1715833808954452
4,_f_delta>=-16 E _f_velocidade<=-0.216667 E _f_aceleracao<=-0.552272 E _f_ticks_s>=72.5852,571,0.7250437828371279,0.6188781756963575,1.1715452431673061
4,_f_spread<=1 E _f_delta<=-16 E _f_aceleracao>=-0.000831627 E _f_ticks_s>=153.857,1182,0.7250423011844331,0.6188781756963575,1.1715428490730353
4,_f_spread<=1 E _f_delta<=0 E _f_velocidade>=0 E _f_ticks_s>=153.857,931,0.7250268528464017,0.6188781756963575,1.1715178872329863
4,_f_delta<=-16 E _f_aceleracao>=0.543681 E _f_ticks_s>=72.5852 E _f_score<=77,1131,0.7250221043324492,0.6188781756963575,1.1715102144564384
4,_f_delta>=-16 E _f_saldo<=19 E _f_razao_fluxo<=1.33364 E _f_ticks_s>=153.857,1320,0.725,0.6188781756963575,1.1714744976816074
4,_f_razao_fluxo<=1.33364 E _f_aceleracao<=-0.552272 E _f_ticks_s>=153.857 E _f_score<=61,720,0.725,0.6188781756963575,1.1714744976816074
4,_f_delta<=-16 E _f_razao_fluxo<=1.33364 E _f_aceleracao>=-0.000831627 E _f_score<=61,520,0.725,0.6188781756963575,1.1714744976816074
4,_f_saldo<=-17 E _f_velocidade>=0 E _f_aceleracao<=-0.552272 E _f_score<=61,240,0.725,0.6188781756963575,1.1714744976816074
4,_f_razao_fluxo>=1.33364 E _f_velocidade>=0.205388 E _f_aceleracao<=-0.552272 E _f_ticks_s>=42.0552,120,0.725,0.6188781756963575,1.1714744976816074
4,_f_saldo>=-17 E _f_razao_fluxo>=1 E _f_velocidade>=0.205388 E _f_score>=77,80,0.725,0.6188781756963575,1.1714744976816074
4,_f_spread>=1.25 E _f_saldo<=-17 E _f_velocidade>=0 E _f_score>=77,40,0.725,0.6188781756963575,1.1714744976816074
4,_f_delta>=16 E _f_velocidade<=-0.216667 E _f_aceleracao>=-0.000831627 E _f_score>=77,40,0.725,0.6188781756963575,1.1714744976816074
4,_f_delta<=16 E _f_saldo>=0 E _f_razao_fluxo>=1 E _f_ticks_s>=153.857,40,0.725,0.6188781756963575,1.1714744976816074
4,_f_delta<=16 E _f_saldo<=0 E _f_razao_fluxo<=1 E _f_ticks_s>=153.857,40,0.725,0.6188781756963575,1.1714744976816074
4,_f_saldo>=0 E _f_razao_fluxo>=1 E _f_velocidade<=-0.216667 E _f_ticks_s>=72.5852,40,0.725,0.6188781756963575,1.1714744976816074
4,_f_saldo<=0 E _f_razao_fluxo<=1 E _f_velocidade<=-0.216667 E _f_ticks_s>=72.5852,40,0.725,0.6188781756963575,1.1714744976816074
4,_f_saldo>=19 E _f_velocidade<=-0.216667 E _f_aceleracao>=-0.000831627 E _f_score>=77,40,0.725,0.6188781756963575,1.1714744976816074
4,_f_delta<=0 E _f_velocidade>=0 E _f_ticks_s>=153.857 E _f_score<=77,1029,0.7249757045675413,0.6188781756963575,1.1714352404684552
4,_f_saldo>=0 E _f_velocidade<=0 E _f_aceleracao<=-0.000831627 E _f_ticks_s>=153.857,589,0.7249575551782682,0.6188781756963575,1.1714059141971696
4,_f_razao_fluxo<=1 E _f_velocidade<=0 E _f_aceleracao<=-0.000831627 E _f_ticks_s>=153.857,589,0.7249575551782682,0.6188781756963575,1.1714059141971696
4,_f_delta>=16 E _f_razao_fluxo>=0.741693 E _f_velocidade<=-0.216667 E _f_score>=47,509,0.724950884086444,0.6188781756963575,1.1713951348675922
4,_f_delta<=-16 E _f_velocidade>=-0.216667 E _f_aceleracao>=0.543681 E _f_ticks_s>=72.5852,658,0.7249240121580547,0.6188781756963575,1.1713517144830243
4,_f_spread<=1.25 E _f_saldo<=-17 E _f_velocidade>=0.205388 E _f_aceleracao>=-0.000831627,309,0.7249190938511327,0.6188781756963575,1.17134376735043
4,_f_spread<=1.25 E _f_delta>=16 E _f_saldo>=19 E _f_velocidade<=-0.216667,578,0.7249134948096886,0.6188781756963575,1.1713347202686875
4,_f_spread>=1 E _f_razao_fluxo>=0.741693 E _f_velocidade<=-0.216667 E _f_ticks_s>=153.857,1076,0.724907063197026,0.6188781756963575,1.1713243278959797
4,_f_spread<=1 E _f_saldo>=19 E _f_ticks_s>=153.857 E _f_score<=61,538,0.724907063197026,0.6188781756963575,1.1713243278959797
4,_f_spread<=1.75 E _f_velocidade>=-0.216667 E _f_aceleracao<=-0.552272 E _f_ticks_s>=153.857,1305,0.724904214559387,0.6188781756963575,1.1713197249906733
4,_f_delta<=-16 E _f_razao_fluxo<=1.33364 E _f_aceleracao>=0.543681 E _f_ticks_s>=72.5852,727,0.7248968363136176,0.6188781756963575,1.171307803022733
4,_f_spread>=1 E _f_delta>=16 E _f_velocidade<=0.205388 E _f_ticks_s>=72.5852,1185,0.7248945147679325,0.6188781756963575,1.1713040518067812
4,_f_spread<=1.75 E _f_razao_fluxo>=0.741693 E _f_ticks_s>=153.857 E _f_score<=77,3664,0.7248908296943232,0.6188781756963575,1.1712980973657392
4,_f_spread<=1 E _f_velocidade>=0.205388 E _f_aceleracao<=-0.552272 E _f_ticks_s>=153.857,607,0.7248764415156508,0.6188781756963575,1.171274848559694
4,_f_velocidade>=0 E _f_aceleracao<=-0.552272 E _f_ticks_s>=153.857 E _f_score>=61,716,0.7248603351955307,0.6188781756963575,1.171248823534491
3,_f_delta<=-16 E _f_velocidade>=0.205388 E _f_aceleracao>=0.543681,298,0.7248322147651006,0.6188781756963575,1.1712033857867494
4,_f_delta<=-16 E _f_saldo<=0 E _f_velocidade>=0.205388 E _f_aceleracao>=0.543681,298,0.7248322147651006,0.6188781756963575,1.1712033857867494
4,_f_delta<=-16 E _f_saldo<=19 E _f_velocidade>=0.205388 E _f_aceleracao>=0.543681,298,0.7248322147651006,0.6188781756963575,1.1712033857867494
4,_f_delta<=-16 E _f_razao_fluxo>=0.741693 E _f_velocidade>=0.205388 E _f_aceleracao>=0.543681,298,0.7248322147651006,0.6188781756963575,1.1712033857867494
4,_f_delta<=-16 E _f_razao_fluxo>=1 E _f_velocidade>=0.205388 E _f_aceleracao>=0.543681,298,0.7248322147651006,0.6188781756963575,1.1712033857867494
4,_f_razao_fluxo<=0.741693 E _f_velocidade<=-0.216667 E _f_ticks_s>=42.0552 E _f_score<=47,149,0.7248322147651006,0.6188781756963575,1.1712033857867494
4,_f_spread<=1 E _f_aceleracao>=-0.552272 E _f_ticks_s>=153.857 E _f_score<=47,258,0.7248062015503876,0.6188781756963575,1.1711613529348333
4,_f_spread<=1 E _f_saldo>=19 E _f_velocidade>=0.205388 E _f_aceleracao<=-0.552272,476,0.7247899159663865,0.6188781756963575,1.1711350382502306
4,_f_delta<=0 E _f_velocidade>=0.205388 E _f_ticks_s>=153.857 E _f_score>=47,585,0.7247863247863248,0.6188781756963575,1.1711292355249079
4,_f_saldo>=0 E _f_velocidade<=0 E _f_aceleracao>=0.543681 E _f_ticks_s>=72.5852,694,0.7247838616714697,0.6188781756963575,1.1711252555576837
4,_f_razao_fluxo<=1 E _f_velocidade<=0 E _f_aceleracao>=0.543681 E _f_ticks_s>=72.5852,694,0.7247838616714697,0.6188781756963575,1.1711252555576837
4,_f_spread>=1 E _f_saldo>=0 E _f_razao_fluxo>=1 E _f_aceleracao>=0.543681,109,0.7247706422018348,0.6188781756963575,1.1711038951831318
4,_f_spread>=1 E _f_saldo<=0 E _f_razao_fluxo<=1 E _f_aceleracao>=0.543681,109,0.7247706422018348,0.6188781756963575,1.1711038951831318
4,_f_spread<=1.25 E _f_delta<=16 E _f_saldo>=19 E _f_razao_fluxo>=0.741693,109,0.7247706422018348,0.6188781756963575,1.1711038951831318
3,_f_saldo<=19 E _f_ticks_s>=153.857 E _f_score<=47,505,0.7247524752475247,0.6188781756963575,1.171074540529787
4,_f_razao_fluxo>=0.741693 E _f_aceleracao>=-0.552272 E _f_ticks_s>=153.857 E _f_score<=77,2663,0.7247465264739016,0.6188781756963575,1.1710649283413843
3,_f_spread>=1.25 E _f_aceleracao>=-0.552272 E _f_ticks_s>=153.857,683,0.7247437774524158,0.6188781756963575,1.1710604863985372
3,_f_delta<=16 E _f_velocidade>=-0.216667 E _f_ticks_s>=153.857,2067,0.7247218190614417,0.6188781756963575,1.1710250054398665
4,_f_spread<=1 E _f_delta>=-16 E _f_ticks_s>=153.857 E _f_score<=61,1246,0.7247191011235955,0.6188781756963575,1.1710206137228
4,_f_saldo<=-17 E _f_aceleracao>=0.543681 E _f_ticks_s>=72.5852 E _f_score<=61,534,0.7247191011235955,0.6188781756963575,1.1710206137228
4,_f_spread>=1 E _f_saldo<=-17 E _f_velocidade>=0.205388 E _f_aceleracao<=-0.552272,178,0.7247191011235955,0.6188781756963575,1.1710206137228
4,_f_spread<=1.25 E _f_delta>=-16 E _f_ticks_s>=153.857 E _f_score<=61,1344,0.7247023809523809,0.6188781756963575,1.17099359682049
4,_f_spread<=1 E _f_saldo>=19 E _f_velocidade>=0 E _f_aceleracao<=-0.552272,672,0.7247023809523809,0.6188781756963575,1.17099359682049
4,_f_delta<=16 E _f_razao_fluxo>=0.741693 E _f_ticks_s>=153.857 E _f_score<=77,2648,0.7246978851963746,0.6188781756963575,1.170986332457029
4,_f_spread>=1 E _f_delta>=0 E _f_aceleracao<=0.543681 E _f_ticks_s>=153.857,1057,0.7246925260170294,0.6188781756963575,1.170977672950917
4,_f_razao_fluxo>=0.741693 E _f_velocidade>=-0.216667 E _f_ticks_s>=153.857 E _f_score<=47,385,0.7246753246753247,0.6188781756963575,1.1709498785603887
4,_f_razao_fluxo<=1.33364 E _f_aceleracao<=-0.552272 E _f_ticks_s>=153.857 E _f_score<=77,1311,0.7246376811594203,0.6188781756963575,1.17088905315503
4,_f_delta>=0 E _f_velocidade>=0 E _f_aceleracao<=-0.552272 E _f_ticks_s>=153.857,759,0.7246376811594203,0.6188781756963575,1.17088905315503
3,_f_delta>=16 E _f_velocidade<=-0.216667 E _f_aceleracao<=-0.000831627,483,0.7246376811594203,0.6188781756963575,1.17088905315503
4,_f_spread<=1 E _f_saldo<=-17 E _f_velocidade<=-0.216667 E _f_aceleracao>=0.543681,483,0.7246376811594203,0.6188781756963575,1.17088905315503
4,_f_delta>=16 E _f_saldo>=-17 E _f_velocidade<=-0.216667 E _f_aceleracao<=-0.000831627,483,0.7246376811594203,0.6188781756963575,1.17088905315503
4,_f_delta>=16 E _f_razao_fluxo<=1.33364 E _f_velocidade<=-0.216667 E _f_aceleracao<=-0.000831627,483,0.7246376811594203,0.6188781756963575,1.17088905315503
4,_f_delta<=16 E _f_saldo>=0 E _f_aceleracao<=0.543681 E _f_ticks_s>=153.857,483,0.7246376811594203,0.6188781756963575,1.17088905315503
4,_f_delta<=16 E _f_razao_fluxo<=1 E _f_aceleracao<=0.543681 E _f_ticks_s>=153.857,483,0.7246376811594203,0.6188781756963575,1.17088905315503
4,_f_delta>=0 E _f_saldo<=19 E _f_ticks_s>=153.857 E _f_score>=61,207,0.7246376811594203,0.6188781756963575,1.17088905315503
4,_f_spread>=1.25 E _f_aceleracao<=-0.552272 E _f_ticks_s>=153.857 E _f_score<=47,69,0.7246376811594203,0.6188781756963575,1.17088905315503
4,_f_delta<=-16 E _f_velocidade<=0 E _f_ticks_s>=72.5852 E _f_score<=47,69,0.7246376811594203,0.6188781756963575,1.17088905315503
4,_f_delta<=16 E _f_saldo>=19 E _f_razao_fluxo<=0.741693 E _f_velocidade<=-0.216667,69,0.7246376811594203,0.6188781756963575,1.17088905315503
4,_f_spread>=1 E _f_saldo<=0 E _f_velocidade<=0.205388 E _f_ticks_s>=153.857,1133,0.7246248896734334,0.6188781756963575,1.1708683843279664
4,_f_spread>=1 E _f_razao_fluxo>=1 E _f_velocidade<=0.205388 E _f_ticks_s>=153.857,1133,0.7246248896734334,0.6188781756963575,1.1708683843279664
4,_f_saldo<=19 E _f_velocidade<=0.205388 E _f_ticks_s>=153.857 E _f_score<=47,374,0.7245989304812834,0.6188781756963575,1.1708264387671607
4,_f_delta>=16 E _f_saldo>=0 E _f_ticks_s>=153.857 E _f_score<=77,1612,0.7245657568238213,0.6188781756963575,1.1707728358792824
4,_f_delta>=16 E _f_razao_fluxo<=1 E _f_ticks_s>=153.857 E _f_score<=77,1612,0.7245657568238213,0.6188781756963575,1.1707728358792824
4,_f_spread>=1.25 E _f_saldo<=19 E _f_aceleracao<=0.543681 E _f_ticks_s>=153.857,403,0.7245657568238213,0.6188781756963575,1.1707728358792824
4,_f_spread<=1 E _f_razao_fluxo>=0.741693 E _f_ticks_s>=153.857 E _f_score<=77,3173,0.7245508982035929,0.6188781756963575,1.1707488269211193
4,_f_delta>=16 E _f_velocidade<=-0.216667 E _f_aceleracao>=0.543681 E _f_score>=61,167,0.7245508982035929,0.6188781756963575,1.1707488269211193
3,_f_razao_fluxo<=1.33364 E _f_ticks_s>=153.857 E _f_score<=77,3830,0.7245430809399478,0.6188781756963575,1.1707361955762892
4,_f_delta<=-16 E _f_razao_fluxo>=1.33364 E _f_aceleracao>=-0.000831627 E _f_ticks_s>=153.857,432,0.7245370370370371,0.6188781756963575,1.1707264296754252
4,_f_spread<=1.25 E _f_velocidade<=-0.216667 E _f_ticks_s>=72.5852 E _f_score<=61,795,0.7245283018867924,0.6188781756963575,1.1707123151847423
4,_f_spread>=1.25 E _f_saldo>=19 E _f_velocidade<=0 E _f_ticks_s>=72.5852,530,0.7245283018867924,0.6188781756963575,1.1707123151847423
4,_f_delta>=0 E _f_saldo>=-17 E _f_ticks_s>=153.857 E _f_score<=61,1158,0.7245250431778929,0.6188781756963575,1.170707049675265
4,_f_delta>=-16 E _f_saldo<=19 E _f_aceleracao>=-0.552272 E _f_ticks_s>=153.857,922,0.7245119305856833,0.6188781756963575,1.1706858619961311
4,_f_razao_fluxo<=1.33364 E _f_aceleracao>=-0.552272 E _f_ticks_s>=153.857 E _f_score<=77,2519,0.7244938467645892,0.6188781756963575,1.1706566416716726
3,_f_velocidade>=-0.216667 E _f_aceleracao<=-0.552272 E _f_ticks_s>=153.857,1372,0.7244897959183674,0.6188781756963575,1.1706500962054065
4,_f_spread>=1.25 E _f_delta<=16 E _f_velocidade<=-0.216667 E _f_ticks_s>=153.857,294,0.7244897959183674,0.6188781756963575,1.1706500962054065
4,_f_delta>=16 E _f_saldo>=0 E _f_ticks_s>=153.857 E _f_score<=61,715,0.7244755244755244,0.6188781756963575,1.1706270360242539
4,_f_delta>=16 E _f_razao_fluxo<=1 E _f_ticks_s>=153.857 E _f_score<=61,715,0.7244755244755244,0.6188781756963575,1.1706270360242539
4,_f_spread<=1 E _f_saldo>=19 E _f_aceleracao<=-0.000831627 E _f_ticks_s>=153.857,1136,0.7244718309859155,0.6188781756963575,1.1706210679844136
4,_f_saldo<=-17 E _f_velocidade>=0 E _f_ticks_s>=42.0552 E _f_score<=47,225,0.7244444444444444,0.6188781756963575,1.1705768160741885
4,_f_spread>=1 E _f_aceleracao<=-0.000831627 E _f_ticks_s>=153.857 E _f_score<=77,1027,0.7244401168451802,0.6188781756963575,1.1705698234229138
4,_f_velocidade<=-0.216667 E _f_aceleracao>=-0.000831627 E _f_ticks_s>=153.857 E _f_score>=61,802,0.7244389027431422,0.6188781756963575,1.1705678616441895
4,_f_saldo<=-17 E _f_razao_fluxo<=1.33364 E _f_aceleracao>=0.543681 E _f_score>=47,704,0.7244318181818182,0.6188781756963575,1.1705564142194747
4,_f_saldo<=19 E _f_aceleracao<=0.543681 E _f_ticks_s>=153.857 E _f_score<=47,352,0.7244318181818182,0.6188781756963575,1.1705564142194747
4,_f_delta>=0 E _f_saldo<=19 E _f_ticks_s>=153.857 E _f_score>=47,479,0.7244258872651357,0.6188781756963575,1.1705468308847966
4,_f_spread>=1.75 E _f_razao_fluxo>=1.33364 E _f_ticks_s>=72.5852 E _f_score<=61,381,0.7244094488188977,0.6188781756963575,1.1705202692012804
4,_f_spread<=1 E _f_velocidade<=-0.216667 E _f_ticks_s>=72.5852 E _f_score<=47,127,0.7244094488188977,0.6188781756963575,1.1705202692012804
4,_f_velocidade>=0.205388 E _f_aceleracao<=0.543681 E _f_ticks_s>=153.857 E _f_score<=47,127,0.7244094488188977,0.6188781756963575,1.1705202692012804
3,_f_saldo>=-17 E _f_razao_fluxo>=1 E _f_ticks_s>=153.857,664,0.7243975903614458,0.6188781756963575,1.170501107986816
4,_f_spread>=1 E _f_aceleracao<=-0.552272 E _f_ticks_s>=153.857 E _f_score<=61,410,0.724390243902439,0.6188781756963575,1.1704892373807818
4,_f_spread>=1 E _f_velocidade<=-0.216667 E _f_ticks_s>=72.5852 E _f_score<=61,1103,0.7243880326382592,0.6188781756963575,1.1704856643606518
4,_f_spread>=1.75 E _f_saldo>=-17 E _f_ticks_s>=153.857 E _f_score<=77,283,0.7243816254416962,0.6188781756963575,1.1704753114401343
4,_f_saldo>=19 E _f_velocidade<=0.205388 E _f_aceleracao<=-0.000831627 E _f_ticks_s>=72.5852,1161,0.7243755383290267,0.6188781756963575,1.17046547571978
4,_f_spread>=1 E _f_saldo<=-17 E _f_ticks_s>=153.857 E _f_score>=61,878,0.724373576309795,0.6188781756963575,1.1704623054363403
4,_f_delta<=-16 E _f_aceleracao>=-0.552272 E _f_ticks_s>=72.5852 E _f_score<=61,1034,0.7243713733075435,0.6188781756963575,1.1704587457660562
4,_f_razao_fluxo>=1.33364 E _f_aceleracao>=0.543681 E _f_ticks_s>=72.5852 E _f_score<=77,624,0.7243589743589743,0.6188781756963575,1.1704387112115087
4,_f_delta<=0 E _f_saldo>=-17 E _f_aceleracao<=0.543681 E _f_ticks_s>=153.857,468,0.7243589743589743,0.6188781756963575,1.1704387112115087
4,_f_spread<=1.75 E _f_saldo>=19 E _f_ticks_s>=72.5852 E _f_score<=47,156,0.7243589743589743,0.6188781756963575,1.1704387112115087
4,_f_razao_fluxo<=0.741693 E _f_velocidade<=0.205388 E _f_aceleracao<=-0.000831627 E _f_ticks_s>=153.857,156,0.7243589743589743,0.6188781756963575,1.1704387112115087
4,_f_saldo<=19 E _f_velocidade>=0.205388 E _f_ticks_s>=72.5852 E _f_score<=47,497,0.7243460764587525,0.6188781756963575,1.1704178704374624
3,_f_razao_fluxo>=0.741693 E _f_aceleracao>=0.543681 E _f_ticks_s>=153.857,1850,0.7243243243243244,0.6188781756963575,1.1703827227536656
4,_f_delta<=-16 E _f_velocidade>=0 E _f_aceleracao>=0.543681 E _f_ticks_s>=42.0552,555,0.7243243243243244,0.6188781756963575,1.1703827227536656
4,_f_spread<=1 E _f_saldo<=0 E _f_ticks_s>=153.857 E _f_score<=47,185,0.7243243243243244,0.6188781756963575,1.1703827227536656
4,_f_spread<=1 E _f_razao_fluxo>=1 E _f_ticks_s>=153.857 E _f_score<=47,185,0.7243243243243244,0.6188781756963575,1.1703827227536656
4,_f_delta>=0 E _f_saldo>=0 E _f_ticks_s>=153.857 E _f_score<=61,1139,0.7243195785776997,0.6188781756963575,1.1703750544486404
4,_f_delta>=0 E _f_razao_fluxo<=1 E _f_ticks_s>=153.857 E _f_score<=61,1139,0.7243195785776997,0.6188781756963575,1.1703750544486404
4,_f_spread>=1 E _f_aceleracao<=-0.000831627 E _f_ticks_s>=153.857 E _f_score<=61,584,0.7243150684931506,0.6188781756963575,1.1703677669327348
3,_f_velocidade>=0.205388 E _f_ticks_s>=153.857 E _f_score<=61,642,0.7242990654205608,0.6188781756963575,1.1703419087376679
4,_f_saldo>=0 E _f_velocidade<=-0.216667 E _f_aceleracao<=-0.000831627 E _f_ticks_s>=72.5852,642,0.7242990654205608,0.6188781756963575,1.1703419087376679
4,_f_razao_fluxo<=1 E _f_velocidade<=-0.216667 E _f_aceleracao<=-0.000831627 E _f_ticks_s>=72.5852,642,0.7242990654205608,0.6188781756963575,1.1703419087376679
4,_f_spread<=1 E _f_delta>=0 E _f_velocidade<=-0.216667 E _f_score<=61,428,0.7242990654205608,0.6188781756963575,1.1703419087376679
4,_f_spread<=1.25 E _f_delta<=16 E _f_ticks_s>=153.857 E _f_score<=77,2314,0.7242869490060502,0.6188781756963575,1.1703223307092505
4,_f_saldo<=19 E _f_razao_fluxo<=1.33364 E _f_ticks_s>=153.857 E _f_score<=47,486,0.7242798353909465,0.6188781756963575,1.1703108363386572
4,_f_spread>=1 E _f_saldo<=-17 E _f_velocidade<=0 E _f_ticks_s>=153.857,787,0.7242693773824651,0.6188781756963575,1.1702939380073019
4,_f_spread<=1.75 E _f_delta<=16 E _f_velocidade>=-0.216667 E _f_ticks_s>=153.857,1962,0.7242609582059123,0.6188781756963575,1.170280334075408
3,_f_spread>=1.25 E _f_aceleracao>=0.543681 E _f_ticks_s>=153.857,388,0.7242268041237113,0.6188781756963575,1.1702251469908698
4,_f_spread<=1.25 E _f_saldo>=19 E _f_aceleracao<=-0.000831627 E _f_ticks_s>=153.857,1247,0.7241379310344828,0.6188781756963575,1.1700815434631988
3,_f_delta>=0 E _f_ticks_s>=153.857 E _f_score<=61,1160,0.7241379310344828,0.6188781756963575,1.1700815434631988
4,_f_delta>=0 E _f_razao_fluxo<=1.33364 E _f_ticks_s>=153.857 E _f_score<=61,1160,0.7241379310344828,0.6188781756963575,1.1700815434631988
4,_f_saldo<=-17 E _f_aceleracao>=-0.000831627 E _f_ticks_s>=153.857 E _f_score>=77,319,0.7241379310344828,0.6188781756963575,1.1700815434631988
3,_f_razao_fluxo<=0.741693 E _f_velocidade<=0.205388 E _f_ticks_s>=153.857,290,0.7241379310344828,0.6188781756963575,1.1700815434631988
4,_f_delta>=-16 E _f_razao_fluxo<=0.741693 E _f_velocidade<=0.205388 E _f_ticks_s>=153.857,290,0.7241379310344828,0.6188781756963575,1.1700815434631988
4,_f_delta<=-16 E _f_razao_fluxo>=1.33364 E _f_velocidade>=-0.216667 E _f_ticks_s>=153.857,290,0.7241379310344828,0.6188781756963575,1.1700815434631988
4,_f_delta>=0 E _f_razao_fluxo<=0.741693 E _f_velocidade<=0.205388 E _f_ticks_s>=153.857,290,0.7241379310344828,0.6188781756963575,1.1700815434631988
4,_f_saldo>=-17 E _f_razao_fluxo<=0.741693 E _f_velocidade<=0.205388 E _f_ticks_s>=153.857,290,0.7241379310344828,0.6188781756963575,1.1700815434631988
4,_f_saldo>=0 E _f_razao_fluxo<=0.741693 E _f_velocidade<=0.205388 E _f_ticks_s>=153.857,290,0.7241379310344828,0.6188781756963575,1.1700815434631988
4,_f_spread<=1.25 E _f_aceleracao>=0.543681 E _f_ticks_s>=72.5852 E _f_score<=47,203,0.7241379310344828,0.6188781756963575,1.1700815434631988
4,_f_spread<=1 E _f_velocidade>=0.205388 E _f_aceleracao<=-0.552272 E _f_score>=77,174,0.7241379310344828,0.6188781756963575,1.1700815434631988
4,_f_spread>=1.25 E _f_delta<=16 E _f_velocidade>=0.205388 E _f_ticks_s>=153.857,174,0.7241379310344828,0.6188781756963575,1.1700815434631988
4,_f_razao_fluxo>=1.33364 E _f_velocidade<=-0.216667 E _f_aceleracao>=0.543681 E _f_ticks_s>=153.857,174,0.7241379310344828,0.6188781756963575,1.1700815434631988
4,_f_delta<=-16 E _f_velocidade>=0.205388 E _f_aceleracao>=0.543681 E _f_score>=61,145,0.7241379310344828,0.6188781756963575,1.1700815434631988
4,_f_spread>=1.75 E _f_saldo>=19 E _f_ticks_s>=153.857 E _f_score<=77,116,0.7241379310344828,0.6188781756963575,1.1700815434631988
4,_f_razao_fluxo<=0.741693 E _f_aceleracao<=-0.000831627 E _f_ticks_s>=153.857 E _f_score<=61,116,0.7241379310344828,0.6188781756963575,1.1700815434631988
4,_f_razao_fluxo>=1.33364 E _f_velocidade>=0 E _f_aceleracao<=0.543681 E _f_ticks_s>=153.857,116,0.7241379310344828,0.6188781756963575,1.1700815434631988
4,_f_razao_fluxo>=1.33364 E _f_aceleracao>=-0.000831627 E _f_ticks_s>=153.857 E _f_score<=61,116,0.7241379310344828,0.6188781756963575,1.1700815434631988
4,_f_delta<=-16 E _f_velocidade>=0 E _f_aceleracao<=-0.000831627 E _f_score>=77,87,0.7241379310344828,0.6188781756963575,1.1700815434631988
4,_f_delta<=-16 E _f_velocidade>=0.205388 E _f_aceleracao>=-0.552272 E _f_score<=47,87,0.7241379310344828,0.6188781756963575,1.1700815434631988
4,_f_delta<=0 E _f_saldo>=0 E _f_velocidade<=-0.216667 E _f_ticks_s>=72.5852,87,0.7241379310344828,0.6188781756963575,1.1700815434631988
4,_f_delta<=0 E _f_razao_fluxo<=1 E _f_velocidade<=-0.216667 E _f_ticks_s>=72.5852,87,0.7241379310344828,0.6188781756963575,1.1700815434631988
4,_f_delta>=16 E _f_razao_fluxo>=0.741693 E _f_velocidade<=0 E _f_score>=77,87,0.7241379310344828,0.6188781756963575,1.1700815434631988
4,_f_delta>=16 E _f_velocidade<=-0.216667 E _f_aceleracao>=-0.552272 E _f_score<=47,87,0.7241379310344828,0.6188781756963575,1.1700815434631988
4,_f_saldo>=0 E _f_razao_fluxo>=1 E _f_velocidade<=0.205388 E _f_aceleracao>=0.543681,87,0.7241379310344828,0.6188781756963575,1.1700815434631988
4,_f_saldo<=0 E _f_razao_fluxo<=1 E _f_velocidade<=0.205388 E _f_aceleracao>=0.543681,87,0.7241379310344828,0.6188781756963575,1.1700815434631988
4,_f_spread<=1.25 E _f_delta>=-16 E _f_saldo<=-17 E _f_score<=61,58,0.7241379310344828,0.6188781756963575,1.1700815434631988
4,_f_spread>=1.75 E _f_delta>=-16 E _f_saldo<=-17 E _f_score<=47,58,0.7241379310344828,0.6188781756963575,1.1700815434631988
4,_f_delta>=-16 E _f_saldo<=-17 E _f_aceleracao>=-0.552272 E _f_ticks_s<=42.0552,58,0.7241379310344828,0.6188781756963575,1.1700815434631988
4,_f_spread>=1 E _f_delta>=0 E _f_saldo<=0 E _f_ticks_s>=153.857,29,0.7241379310344828,0.6188781756963575,1.1700815434631988
4,_f_spread>=1 E _f_delta>=0 E _f_razao_fluxo>=1 E _f_ticks_s>=153.857,29,0.7241379310344828,0.6188781756963575,1.1700815434631988
4,_f_spread<=1 E _f_razao_fluxo>=1.33364 E _f_aceleracao<=-0.552272 E _f_score<=61,29,0.7241379310344828,0.6188781756963575,1.1700815434631988
3,_f_delta>=16 E _f_ticks_s>=153.857 E _f_score<=77,1613,0.7241165530068195,0.6188781756963575,1.1700470002711738
4,_f_delta>=16 E _f_saldo>=-17 E _f_ticks_s>=153.857 E _f_score<=77,1613,0.7241165530068195,0.6188781756963575,1.1700470002711738
4,_f_delta>=16 E _f_razao_fluxo<=1.33364 E _f_ticks_s>=153.857 E _f_score<=77,1613,0.7241165530068195,0.6188781756963575,1.1700470002711738
4,_f_saldo>=-17 E _f_aceleracao<=0.543681 E _f_ticks_s>=153.857 E _f_score<=77,2066,0.7241045498547919,0.6188781756963575,1.1700276052553225
4,_f_saldo>=0 E _f_velocidade>=0 E _f_aceleracao<=-0.552272 E _f_ticks_s>=153.857,772,0.7240932642487047,0.6188781756963575,1.1700093696694989
4,_f_razao_fluxo<=1 E _f_velocidade>=0 E _f_aceleracao<=-0.552272 E _f_ticks_s>=153.857,772,0.7240932642487047,0.6188781756963575,1.1700093696694989
4,_f_saldo<=-17 E _f_razao_fluxo<=1.33364 E _f_aceleracao>=0.543681 E _f_ticks_s>=72.5852,714,0.7240896358543417,0.6188781756963575,1.1700035068123076
4,_f_delta>=16 E _f_saldo>=0 E _f_velocidade<=-0.216667 E _f_aceleracao<=-0.000831627,482,0.7240663900414938,0.6188781756963575,1.16996594560275
4,_f_delta>=16 E _f_razao_fluxo<=1 E _f_velocidade<=-0.216667 E _f_aceleracao<=-0.000831627,482,0.7240663900414938,0.6188781756963575,1.16996594560275
4,_f_spread>=1 E _f_saldo<=19 E _f_aceleracao<=0.543681 E _f_ticks_s>=153.857,1127,0.7240461401952085,0.6188781756963575,1.169933225356536
4,_f_delta<=-16 E _f_velocidade>=0.205388 E _f_aceleracao>=-0.000831627 E _f_score<=61,279,0.7240143369175627,0.6188781756963575,1.169881836765219
4,_f_velocidade<=0.205388 E _f_aceleracao>=0.543681 E _f_ticks_s>=153.857 E _f_score>=77,279,0.7240143369175627,0.6188781756963575,1.169881836765219
4,_f_spread>=1 E _f_aceleracao>=-0.000831627 E _f_ticks_s>=153.857 E _f_score>=61,1000,0.724,0.6188781756963575,1.1698586707882535
4,_f_saldo<=19 E _f_razao_fluxo>=0.741693 E _f_ticks_s>=153.857 E _f_score<=47,500,0.724,0.6188781756963575,1.1698586707882535
4,_f_razao_fluxo<=0.741693 E _f_aceleracao<=-0.552272 E _f_ticks_s>=153.857 E _f_score>=61,221,0.7239819004524887,0.6188781756963575,1.169829425052627
4,_f_saldo>=0 E _f_aceleracao>=0.543681 E _f_ticks_s>=72.5852 E _f_score<=61,634,0.7239747634069401,0.6188781756963575,1.1698178928224907
4,_f_razao_fluxo<=1 E _f_aceleracao>=0.543681 E _f_ticks_s>=72.5852 E _f_score<=61,634,0.7239747634069401,0.6188781756963575,1.1698178928224907
4,_f_saldo<=0 E _f_velocidade>=0.205388 E _f_aceleracao<=0.543681 E _f_ticks_s>=153.857,413,0.7239709443099274,0.6188781756963575,1.1698117218228292
4,_f_razao_fluxo>=1 E _f_velocidade>=0.205388 E _f_aceleracao<=0.543681 E _f_ticks_s>=153.857,413,0.7239709443099274,0.6188781756963575,1.1698117218228292
4,_f_spread<=1.75 E _f_delta<=16 E _f_saldo>=19 E _f_velocidade>=0.205388,163,0.7239263803680982,0.6188781756963575,1.1697397142071477
4,_f_spread<=1.75 E _f_razao_fluxo>=1.33364 E _f_velocidade>=0 E _f_ticks_s>=153.857,163,0.7239263803680982,0.6188781756963575,1.1697397142071477
4,_f_spread>=1.25 E _f_saldo<=0 E _f_aceleracao<=0.543681 E _f_ticks_s>=153.857,297,0.7239057239057239,0.6188781756963575,1.1697063369397218
4,_f_spread>=1.25 E _f_razao_fluxo>=1 E _f_aceleracao<=0.543681 E _f_ticks_s>=153.857,297,0.7239057239057239,0.6188781756963575,1.1697063369397218
4,_f_spread>=1 E _f_saldo<=-17 E _f_razao_fluxo<=1.33364 E _f_aceleracao>=0.543681,402,0.7238805970149254,0.6188781756963575,1.1696657362338232
4,_f_spread>=1 E _f_saldo<=-17 E _f_aceleracao<=-0.000831627 E _f_score<=47,134,0.7238805970149254,0.6188781756963575,1.1696657362338232
4,_f_spread<=1 E _f_saldo<=0 E _f_velocidade>=0 E _f_score>=77,134,0.7238805970149254,0.6188781756963575,1.1696657362338232
4,_f_spread<=1 E _f_razao_fluxo>=1 E _f_velocidade>=0 E _f_score>=77,134,0.7238805970149254,0.6188781756963575,1.1696657362338232
4,_f_razao_fluxo<=0.741693 E _f_velocidade<=0.205388 E _f_aceleracao>=-0.000831627 E _f_ticks_s>=153.857,134,0.7238805970149254,0.6188781756963575,1.1696657362338232
4,_f_spread>=1 E _f_velocidade<=-0.216667 E _f_ticks_s>=72.5852 E _f_score<=77,1789,0.7238680827277809,0.6188781756963575,1.169645515312104
4,_f_saldo>=19 E _f_velocidade>=-0.216667 E _f_aceleracao<=-0.552272 E _f_ticks_s>=153.857,746,0.7238605898123325,0.6188781756963575,1.1696334080578128
4,_f_spread<=1.75 E _f_delta<=0 E _f_saldo>=0 E _f_ticks_s>=72.5852,239,0.7238493723849372,0.6188781756963575,1.1696152826369532
4,_f_spread<=1.75 E _f_delta<=0 E _f_razao_fluxo<=1 E _f_ticks_s>=72.5852,239,0.7238493723849372,0.6188781756963575,1.1696152826369532
4,_f_delta<=16 E _f_velocidade>=-0.216667 E _f_ticks_s>=153.857 E _f_score<=77,1778,0.7238470191226096,0.6188781756963575,1.1696114801723974
4,_f_saldo>=-17 E _f_razao_fluxo>=0.741693 E _f_velocidade<=-0.216667 E _f_ticks_s>=153.857,822,0.7238442822384428,0.6188781756963575,1.1696070578413564
4,_f_saldo<=0 E _f_velocidade>=0 E _f_ticks_s>=153.857 E _f_score<=77,1003,0.7238285144566301,0.6188781756963575,1.169581579835455
4,_f_razao_fluxo>=1 E _f_velocidade>=0 E _f_ticks_s>=153.857 E _f_score<=77,1003,0.7238285144566301,0.6188781756963575,1.169581579835455
3,_f_delta<=16 E _f_ticks_s>=153.857 E _f_score<=77,2665,0.7238273921200751,0.6188781756963575,1.169579766333866
4,_f_delta>=16 E _f_saldo>=19 E _f_ticks_s>=153.857 E _f_score<=61,659,0.723823975720789,0.6188781756963575,1.1695742460240213
4,_f_spread>=1 E _f_saldo>=0 E _f_aceleracao>=0.543681 E _f_ticks_s>=153.857,525,0.7238095238095238,0.6188781756963575,1.1695508942371384
4,_f_spread>=1 E _f_razao_fluxo<=1 E _f_aceleracao>=0.543681 E _f_ticks_s>=153.857,525,0.7238095238095238,0.6188781756963575,1.1695508942371384
4,_f_delta<=16 E _f_aceleracao>=0.543681 E _f_ticks_s>=153.857 E _f_score>=77,210,0.7238095238095238,0.6188781756963575,1.1695508942371384
4,_f_spread>=1 E _f_saldo<=-17 E _f_velocidade>=0.205388 E _f_score<=47,105,0.7238095238095238,0.6188781756963575,1.1695508942371384
2,_f_ticks_s>=153.857 E _f_score<=77,4247,0.7238050388509536,0.6188781756963575,1.1695436473204652
4,_f_saldo>=-17 E _f_velocidade>=-0.216667 E _f_aceleracao<=-0.552272 E _f_ticks_s>=153.857,1021,0.7238001958863859,0.6188781756963575,1.1695358219280731
4,_f_spread>=1 E _f_saldo>=-17 E _f_ticks_s>=153.857 E _f_score>=47,1622,0.7237977805178791,0.6188781756963575,1.1695319191106825
4,_f_delta>=16 E _f_saldo>=19 E _f_aceleracao<=-0.552272 E _f_ticks_s>=72.5852,1307,0.7237949502677888,0.6188781756963575,1.1695273459164717
4,_f_delta<=16 E _f_velocidade<=-0.216667 E _f_ticks_s>=153.857 E _f_score<=77,887,0.7237880496054115,0.6188781756963575,1.1695161956406206
3,_f_delta>=16 E _f_razao_fluxo>=0.741693 E _f_aceleracao<=-0.552272,782,0.7237851662404092,0.6188781756963575,1.1695115366219064
4,_f_delta>=16 E _f_saldo>=-17 E _f_razao_fluxo>=0.741693 E _f_aceleracao<=-0.552272,782,0.7237851662404092,0.6188781756963575,1.1695115366219064
4,_f_delta>=-16 E _f_velocidade<=0.205388 E _f_ticks_s>=153.857 E _f_score<=47,391,0.7237851662404092,0.6188781756963575,1.1695115366219064
4,_f_spread>=1.25 E _f_saldo<=19 E _f_velocidade<=-0.216667 E _f_ticks_s>=153.857,286,0.7237762237762237,0.6188781756963575,1.1694970871477826
4,_f_saldo<=-17 E _f_razao_fluxo>=1.33364 E _f_velocidade>=-0.216667 E _f_ticks_s>=153.857,286,0.7237762237762237,0.6188781756963575,1.1694970871477826
4,_f_spread<=1.25 E _f_saldo>=19 E _f_aceleracao<=-0.552272 E _f_ticks_s>=42.0552,1115,0.7237668161434978,0.6188781756963575,1.1694818860418212
4,_f_spread>=1 E _f_saldo<=-17 E _f_velocidade<=0.205388 E _f_ticks_s>=153.857,905,0.7237569060773481,0.6188781756963575,1.1694658730904217
4,_f_razao_fluxo>=1.33364 E _f_aceleracao>=-0.000831627 E _f_ticks_s>=72.5852 E _f_score<=61,514,0.7237354085603113,0.6188781756963575,1.1694311368242531
4,_f_spread>=1.75 E _f_razao_fluxo>=1.33364 E _f_velocidade>=0 E _f_ticks_s>=72.5852,257,0.7237354085603113,0.6188781756963575,1.1694311368242531
4,_f_delta>=-16 E _f_velocidade>=0 E _f_ticks_s>=153.857 E _f_score<=47,257,0.7237354085603113,0.6188781756963575,1.1694311368242531
4,_f_spread<=1.75 E _f_saldo>=0 E _f_ticks_s>=153.857 E _f_score<=61,1104,0.7237318840579711,0.6188781756963575,1.1694254418385863
4,_f_spread<=1.75 E _f_razao_fluxo<=1 E _f_ticks_s>=153.857 E _f_score<=61,1104,0.7237318840579711,0.6188781756963575,1.1694254418385863
4,_f_spread>=1.25 E _f_saldo<=-17 E _f_ticks_s>=72.5852 E _f_score<=77,923,0.723726977248104,0.6188781756963575,1.1694175132832425
4,_f_delta<=0 E _f_velocidade>=0 E _f_ticks_s>=153.857 E _f_score>=47,970,0.7237113402061855,0.6188781756963575,1.169392246530378
4,_f_saldo>=19 E _f_aceleracao<=-0.552272 E _f_ticks_s>=72.5852 E _f_score>=47,1321,0.7236941710825132,0.6188781756963575,1.169364504198613
4,_f_spread>=1 E _f_saldo<=-17 E _f_velocidade>=0 E _f_score<=47,304,0.7236842105263158,0.6188781756963575,1.1693484096640365
4,_f_spread>=1.75 E _f_saldo<=-17 E _f_aceleracao>=-0.552272 E _f_ticks_s>=153.857,76,0.7236842105263158,0.6188781756963575,1.1693484096640365
4,_f_saldo<=19 E _f_razao_fluxo<=1 E _f_ticks_s>=153.857 E _f_score>=77,76,0.7236842105263158,0.6188781756963575,1.1693484096640365
4,_f_spread>=1 E _f_delta<=-16 E _f_ticks_s>=153.857 E _f_score>=47,1111,0.7236723672367237,0.6188781756963575,1.1693292729582077
4,_f_delta<=16 E _f_velocidade>=0.205388 E _f_aceleracao<=-0.000831627 E _f_ticks_s>=153.857,427,0.7236533957845434,0.6188781756963575,1.1692986183755687
4,_f_spread<=1 E _f_razao_fluxo>=1.33364 E _f_aceleracao>=-0.000831627 E _f_ticks_s>=153.857,351,0.7236467236467237,0.6188781756963575,1.1692878373558435
4,_f_saldo>=-17 E _f_razao_fluxo>=1 E _f_aceleracao>=-0.000831627 E _f_ticks_s>=153.857,351,0.7236467236467237,0.6188781756963575,1.1692878373558435
4,_f_saldo>=19 E _f_aceleracao<=-0.000831627 E _f_ticks_s>=153.857 E _f_score<=77,1071,0.7236227824463118,0.6188781756963575,1.169249152520359
4,_f_razao_fluxo>=0.741693 E _f_velocidade>=0.205388 E _f_aceleracao<=-0.552272 E _f_ticks_s>=153.857,597,0.7236180904522613,0.6188781756963575,1.1692415710701887
4,_f_delta>=16 E _f_aceleracao>=-0.000831627 E _f_ticks_s>=72.5852 E _f_score<=61,398,0.7236180904522613,0.6188781756963575,1.1692415710701887
4,_f_razao_fluxo>=0.741693 E _f_aceleracao>=0.543681 E _f_ticks_s>=153.857 E _f_score>=47,1715,0.7236151603498542,0.6188781756963575,1.169236836531919
4,_f_spread<=1 E _f_velocidade<=-0.216667 E _f_ticks_s>=72.5852 E _f_score<=61,644,0.7236024844720497,0.6188781756963575,1.1692163545076655
4,_f_delta<=-16 E _f_aceleracao>=-0.000831627 E _f_ticks_s>=153.857 E _f_score>=77,322,0.7236024844720497,0.6188781756963575,1.1692163545076655
4,_f_spread>=1 E _f_delta>=-16 E _f_aceleracao>=-0.552272 E _f_ticks_s>=153.857,1230,0.7235772357723578,0.6188781756963575,1.1691755569796811
4,_f_saldo<=-17 E _f_aceleracao>=0.543681 E _f_ticks_s>=72.5852 E _f_score<=77,1107,0.7235772357723578,0.6188781756963575,1.1691755569796811
4,_f_saldo<=19 E _f_velocidade>=-0.216667 E _f_ticks_s>=153.857 E _f_score<=47,369,0.7235772357723578,0.6188781756963575,1.1691755569796811
4,_f_razao_fluxo>=0.741693 E _f_aceleracao<=-0.552272 E _f_ticks_s>=153.857 E _f_score<=61,662,0.7235649546827795,0.6188781756963575,1.1691557128648609
3,_f_delta<=-16 E _f_razao_fluxo<=1.33364 E _f_aceleracao>=0.543681,756,0.7235449735449735,0.6188781756963575,1.1691234268050341
4,_f_delta<=-16 E _f_saldo<=0 E _f_razao_fluxo<=1.33364 E _f_aceleracao>=0.543681,756,0.7235449735449735,0.6188781756963575,1.1691234268050341
4,_f_delta<=-16 E _f_saldo<=19 E _f_razao_fluxo<=1.33364 E _f_aceleracao>=0.543681,756,0.7235449735449735,0.6188781756963575,1.1691234268050341
4,_f_velocidade>=0 E _f_aceleracao<=-0.000831627 E _f_ticks_s>=153.857 E _f_score>=77,340,0.7235294117647059,0.6188781756963575,1.1690982816619693
4,_f_spread<=1.25 E _f_delta>=-16 E _f_saldo<=19 E _f_ticks_s>=153.857,1085,0.7235023041474654,0.6188781756963575,1.1690544804450174
4,_f_delta>=16 E _f_velocidade>=0 E _f_aceleracao<=-0.552272 E _f_ticks_s>=153.857,651,0.7235023041474654,0.6188781756963575,1.1690544804450174
4,_f_spread>=1.25 E _f_delta>=-16 E _f_velocidade<=-0.216667 E _f_ticks_s>=153.857,217,0.7235023041474654,0.6188781756963575,1.1690544804450174
4,_f_spread>=1.25 E _f_saldo>=-17 E _f_velocidade<=-0.216667 E _f_ticks_s>=153.857,217,0.7235023041474654,0.6188781756963575,1.1690544804450174
4,_f_delta<=-16 E _f_razao_fluxo>=1.33364 E _f_velocidade>=0.205388 E _f_aceleracao>=-0.000831627,217,0.7235023041474654,0.6188781756963575,1.1690544804450174
3,_f_spread<=1 E _f_delta>=16 E _f_aceleracao<=-0.552272,962,0.7234927234927235,0.6188781756963575,1.1690389997654296
4,_f_spread<=1 E _f_delta>=16 E _f_saldo>=-17 E _f_aceleracao<=-0.552272,962,0.7234927234927235,0.6188781756963575,1.1690389997654296
4,_f_spread<=1 E _f_delta>=16 E _f_saldo>=0 E _f_aceleracao<=-0.552272,962,0.7234927234927235,0.6188781756963575,1.1690389997654296
4,_f_spread<=1 E _f_delta>=16 E _f_razao_fluxo<=1 E _f_aceleracao<=-0.552272,962,0.7234927234927235,0.6188781756963575,1.1690389997654296
4,_f_spread<=1 E _f_delta>=16 E _f_razao_fluxo<=1.33364 E _f_aceleracao<=-0.552272,962,0.7234927234927235,0.6188781756963575,1.1690389997654296
4,_f_velocidade<=-0.216667 E _f_aceleracao<=0.543681 E _f_ticks_s>=72.5852 E _f_score<=61,839,0.7234803337306317,0.6188781756963575,1.1690189800546393
4,_f_velocidade>=0 E _f_aceleracao<=-0.552272 E _f_ticks_s>=153.857 E _f_score>=47,980,0.7234693877551021,0.6188781756963575,1.1690012932530045
3,_f_delta>=16 E _f_ticks_s>=153.857 E _f_score<=61,716,0.723463687150838,0.6188781756963575,1.1689920820633262
4,_f_delta>=16 E _f_saldo>=-17 E _f_ticks_s>=153.857 E _f_score<=61,716,0.723463687150838,0.6188781756963575,1.1689920820633262
4,_f_delta>=16 E _f_razao_fluxo<=1.33364 E _f_ticks_s>=153.857 E _f_score<=61,716,0.723463687150838,0.6188781756963575,1.1689920820633262
4,_f_spread<=1.75 E _f_razao_fluxo<=1.33364 E _f_ticks_s>=153.857 E _f_score<=77,3645,0.7234567901234568,0.6188781756963575,1.1689809376609994
4,_f_saldo>=19 E _f_velocidade<=-0.216667 E _f_ticks_s>=42.0552 E _f_score>=61,405,0.7234567901234568,0.6188781756963575,1.1689809376609994
4,_f_spread<=1.25 E _f_delta>=16 E _f_velocidade<=-0.216667 E _f_score>=47,593,0.7234401349072512,0.6188781756963575,1.16895402571474
4,_f_delta>=16 E _f_saldo>=0 E _f_razao_fluxo>=0.741693 E _f_aceleracao<=-0.552272,781,0.7234314980793854,0.6188781756963575,1.168940070096001
4,_f_spread<=1.25 E _f_velocidade<=-0.216667 E _f_aceleracao>=0.543681 E _f_ticks_s>=72.5852,875,0.7234285714285714,0.6188781756963575,1.1689353411349084
4,_f_spread>=1 E _f_saldo<=0 E _f_velocidade<=0 E _f_ticks_s>=153.857,969,0.7234262125902993,0.6188781756963575,1.168931529660591
4,_f_spread>=1 E _f_razao_fluxo>=1 E _f_velocidade<=0 E _f_ticks_s>=153.857,969,0.7234262125902993,0.6188781756963575,1.168931529660591
4,_f_spread>=1 E _f_saldo>=-17 E _f_velocidade>=-0.216667 E _f_ticks_s>=153.857,1392,0.7234195402298851,0.6188781756963575,1.1689207482811919
3,_f_spread>=1 E _f_saldo>=0 E _f_ticks_s>=153.857,1598,0.723404255319149,0.6188781756963575,1.168896050511362
3,_f_spread>=1 E _f_razao_fluxo<=1 E _f_ticks_s>=153.857,1598,0.723404255319149,0.6188781756963575,1.168896050511362
4,_f_spread>=1 E _f_delta>=-16 E _f_saldo>=0 E _f_ticks_s>=153.857,1598,0.723404255319149,0.6188781756963575,1.168896050511362
4,_f_spread>=1 E _f_delta>=-16 E _f_razao_fluxo<=1 E _f_ticks_s>=153.857,1598,0.723404255319149,0.6188781756963575,1.168896050511362
4,_f_spread>=1 E _f_saldo>=-17 E _f_razao_fluxo<=1 E _f_ticks_s>=153.857,1598,0.723404255319149,0.6188781756963575,1.168896050511362
4,_f_spread>=1 E _f_saldo>=0 E _f_razao_fluxo<=1 E _f_ticks_s>=153.857,1598,0.723404255319149,0.6188781756963575,1.168896050511362
4,_f_spread>=1 E _f_saldo>=0 E _f_razao_fluxo<=1.33364 E _f_ticks_s>=153.857,1598,0.723404255319149,0.6188781756963575,1.168896050511362
4,_f_razao_fluxo<=1.33364 E _f_velocidade<=-0.216667 E _f_aceleracao>=-0.552272 E _f_ticks_s>=153.857,1175,0.723404255319149,0.6188781756963575,1.168896050511362
4,_f_delta<=-16 E _f_razao_fluxo<=1.33364 E _f_aceleracao>=0.543681 E _f_ticks_s>=42.0552,752,0.723404255319149,0.6188781756963575,1.168896050511362
4,_f_delta>=0 E _f_aceleracao>=-0.552272 E _f_ticks_s>=153.857 E _f_score<=61,658,0.723404255319149,0.6188781756963575,1.168896050511362
4,_f_delta<=0 E _f_saldo>=-17 E _f_velocidade>=0.205388 E _f_score>=77,94,0.723404255319149,0.6188781756963575,1.168896050511362
4,_f_spread<=1 E _f_delta<=0 E _f_saldo>=0 E _f_ticks_s>=153.857,47,0.723404255319149,0.6188781756963575,1.168896050511362
4,_f_spread<=1 E _f_delta<=0 E _f_razao_fluxo<=1 E _f_ticks_s>=153.857,47,0.723404255319149,0.6188781756963575,1.168896050511362
4,_f_spread<=1.25 E _f_delta<=-16 E _f_ticks_s<=42.0552 E _f_score<=47,47,0.723404255319149,0.6188781756963575,1.168896050511362
4,_f_saldo<=-17 E _f_aceleracao<=-0.000831627 E _f_ticks_s<=42.0552 E _f_score<=47,47,0.723404255319149,0.6188781756963575,1.168896050511362
4,_f_spread<=1 E _f_delta>=0 E _f_aceleracao<=-0.552272 E _f_ticks_s>=72.5852,1099,0.7233848953594176,0.6188781756963575,1.1688647681677737
4,_f_spread>=1.75 E _f_saldo<=-17 E _f_ticks_s>=72.5852 E _f_score<=77,535,0.7233644859813084,0.6188781756963575,1.1688317901457481
4,_f_saldo>=19 E _f_velocidade>=0 E _f_aceleracao<=-0.552272 E _f_score>=77,300,0.7233333333333334,0.6188781756963575,1.168781452859351
4,_f_delta>=0 E _f_velocidade<=-0.216667 E _f_ticks_s>=72.5852 E _f_score<=61,824,0.7233009708737864,0.6188781756963575,1.16872916072688
4,_f_saldo>=19 E _f_razao_fluxo>=0.741693 E _f_velocidade>=-0.216667 E _f_aceleracao<=-0.552272,618,0.7233009708737864,0.6188781756963575,1.16872916072688
4,_f_spread<=1.75 E _f_delta<=0 E _f_saldo>=-17 E _f_ticks_s>=153.857,636,0.7232704402515723,0.6188781756963575,1.1686798285264355
4,_f_spread>=1.75 E _f_velocidade>=-0.216667 E _f_aceleracao<=-0.000831627 E _f_ticks_s>=153.857,159,0.7232704402515723,0.6188781756963575,1.1686798285264355
4,_f_saldo<=-17 E _f_velocidade>=0.205388 E _f_aceleracao>=0.543681 E _f_score<=61,159,0.7232704402515723,0.6188781756963575,1.1686798285264355
4,_f_spread<=1 E _f_aceleracao>=0.543681 E _f_ticks_s>=72.5852 E _f_score<=77,1355,0.7232472324723247,0.6188781756963575,1.1686423287725922
4,_f_delta>=0 E _f_velocidade<=0 E _f_ticks_s>=72.5852 E _f_score>=61,813,0.7232472324723247,0.6188781756963575,1.1686423287725922
4,_f_delta>=-16 E _f_velocidade>=0.205388 E _f_aceleracao<=-0.552272 E _f_score>=77,271,0.7232472324723247,0.6188781756963575,1.1686423287725922
4,_f_delta>=0 E _f_velocidade>=0.205388 E _f_aceleracao<=-0.552272 E _f_score>=77,271,0.7232472324723247,0.6188781756963575,1.1686423287725922
4,_f_saldo>=-17 E _f_velocidade>=0.205388 E _f_aceleracao<=-0.552272 E _f_score>=77,271,0.7232472324723247,0.6188781756963575,1.1686423287725922
4,_f_saldo>=0 E _f_velocidade>=0.205388 E _f_aceleracao<=-0.552272 E _f_score>=77,271,0.7232472324723247,0.6188781756963575,1.1686423287725922
4,_f_razao_fluxo<=1 E _f_velocidade>=0.205388 E _f_aceleracao<=-0.552272 E _f_score>=77,271,0.7232472324723247,0.6188781756963575,1.1686423287725922
4,_f_velocidade>=0.205388 E _f_aceleracao<=-0.552272 E _f_ticks_s>=42.0552 E _f_score>=77,271,0.7232472324723247,0.6188781756963575,1.1686423287725922
4,_f_saldo>=-17 E _f_velocidade<=0.205388 E _f_ticks_s>=153.857 E _f_score<=47,383,0.7232375979112271,0.6188781756963575,1.168626760989665
4,_f_spread>=1.25 E _f_saldo>=0 E _f_ticks_s>=153.857 E _f_score<=77,448,0.7232142857142857,0.6188781756963575,1.168589092514904
4,_f_spread>=1.25 E _f_razao_fluxo<=1 E _f_ticks_s>=153.857 E _f_score<=77,448,0.7232142857142857,0.6188781756963575,1.168589092514904
4,_f_velocidade>=0 E _f_aceleracao<=-0.552272 E _f_ticks_s>=42.0552 E _f_score>=77,336,0.7232142857142857,0.6188781756963575,1.168589092514904
4,_f_spread>=1.75 E _f_razao_fluxo<=1.33364 E _f_aceleracao>=0.543681 E _f_ticks_s>=153.857,112,0.7232142857142857,0.6188781756963575,1.168589092514904
4,_f_spread>=1 E _f_saldo>=0 E _f_aceleracao<=0.543681 E _f_ticks_s>=153.857,1073,0.723205964585275,0.6188781756963575,1.1685756470108652
4,_f_spread>=1 E _f_razao_fluxo<=1 E _f_aceleracao<=0.543681 E _f_ticks_s>=153.857,1073,0.723205964585275,0.6188781756963575,1.1685756470108652
4,_f_razao_fluxo<=1.33364 E _f_velocidade<=0.205388 E _f_aceleracao>=-0.552272 E _f_ticks_s>=153.857,2388,0.7231993299832495,0.6188781756963575,1.168564926642486
4,_f_delta>=-16 E _f_velocidade>=-0.216667 E _f_aceleracao<=-0.552272 E _f_ticks_s>=153.857,1026,0.723196881091618,0.6188781756963575,1.1685609696575288
3,_f_velocidade>=0 E _f_aceleracao<=-0.552272 E _f_ticks_s>=153.857,1091,0.7231897341888176,0.6188781756963575,1.1685494214997798
4,_f_spread<=1.75 E _f_razao_fluxo>=0.741693 E _f_aceleracao>=0.543681 E _f_ticks_s>=153.857,1781,0.7231892195395845,0.6188781756963575,1.1685485899157082
4,_f_spread>=1.75 E _f_saldo>=19 E _f_velocidade<=0 E _f_ticks_s>=72.5852,289,0.7231833910034602,0.6188781756963575,1.1685391720102898
4,_f_spread<=1 E _f_saldo>=0 E _f_aceleracao<=-0.552272 E _f_ticks_s>=72.5852,1109,0.7231740306582507,0.6188781756963575,1.1685240473127692
4,_f_spread<=1 E _f_razao_fluxo<=1 E _f_aceleracao<=-0.552272 E _f_ticks_s>=72.5852,1109,0.7231740306582507,0.6188781756963575,1.1685240473127692
4,_f_spread<=1.75 E _f_delta>=16 E _f_aceleracao<=-0.552272 E _f_ticks_s>=72.5852,1239,0.7231638418079096,0.6188781756963575,1.1685075838943757
4,_f_velocidade>=0.205388 E _f_aceleracao>=0.543681 E _f_ticks_s>=42.0552 E _f_score<=61,354,0.7231638418079096,0.6188781756963575,1.1685075838943757
4,_f_delta<=16 E _f_saldo>=19 E _f_aceleracao>=-0.000831627 E _f_ticks_s>=72.5852,177,0.7231638418079096,0.6188781756963575,1.1685075838943757
4,_f_spread>=1.25 E _f_velocidade>=0.205388 E _f_ticks_s>=72.5852 E _f_score<=47,419,0.7231503579952268,0.6188781756963575,1.1684857963872177
4,_f_saldo<=0 E _f_aceleracao>=-0.000831627 E _f_ticks_s>=153.857 E _f_score>=61,1080,0.7231481481481481,0.6188781756963575,1.1684822256568779
4,_f_razao_fluxo>=1 E _f_aceleracao>=-0.000831627 E _f_ticks_s>=153.857 E _f_score>=61,1080,0.7231481481481481,0.6188781756963575,1.1684822256568779
4,_f_spread<=1.75 E _f_saldo<=19 E _f_razao_fluxo<=1 E _f_ticks_s>=153.857,661,0.7231467473524962,0.6188781756963575,1.1684799622135913
4,_f_delta<=16 E _f_aceleracao>=-0.552272 E _f_ticks_s>=153.857 E _f_score<=77,2019,0.7231302625061912,0.6188781756963575,1.1684533255555989
3,_f_spread>=1 E _f_ticks_s>=153.857 E _f_score>=47,2716,0.7231222385861561,0.6188781756963575,1.1684403602898161
4,_f_saldo>=-17 E _f_aceleracao<=0.543681 E _f_ticks_s>=153.857 E _f_score<=47,372,0.7231182795698925,0.6188781756963575,1.1684339632048661
4,_f_saldo>=19 E _f_velocidade<=-0.216667 E _f_ticks_s>=42.0552 E _f_score<=61,567,0.7231040564373897,0.6188781756963575,1.1684109810848604
4,_f_spread>=1 E _f_saldo>=-17 E _f_aceleracao>=0.543681 E _f_ticks_s>=153.857,632,0.7231012658227848,0.6188781756963575,1.168406471934733
4,_f_saldo<=19 E _f_velocidade>=-0.216667 E _f_aceleracao<=-0.552272 E _f_ticks_s>=153.857,632,0.7231012658227848,0.6188781756963575,1.168406471934733
4,_f_delta>=-16 E _f_saldo<=19 E _f_ticks_s>=153.857 E _f_score<=61,957,0.723092998955068,0.6188781756963575,1.168393114107552
4,_f_spread<=1.25 E _f_velocidade>=0.205388 E _f_ticks_s>=153.857 E _f_score<=77,1152,0.7230902777777778,0.6188781756963575,1.1683887171561051
4,_f_spread<=1.75 E _f_delta<=-16 E _f_velocidade>=0.205388 E _f_aceleracao>=0.543681,260,0.7230769230769231,0.6188781756963575,1.1683671382713114
4,_f_delta<=-16 E _f_velocidade>=0 E _f_ticks_s>=72.5852 E _f_score<=47,130,0.7230769230769231,0.6188781756963575,1.1683671382713114
4,_f_delta>=16 E _f_razao_fluxo<=0.741693 E _f_velocidade<=-0.216667 E _f_aceleracao<=-0.552272,130,0.7230769230769231,0.6188781756963575,1.1683671382713114
4,_f_spread>=1.75 E _f_delta<=-16 E _f_velocidade>=-0.216667 E _f_ticks_s>=153.857,65,0.7230769230769231,0.6188781756963575,1.1683671382713114
4,_f_spread>=1 E _f_saldo<=-17 E _f_ticks_s>=72.5852 E _f_score<=77,1513,0.7230667547918044,0.6188781756963575,1.1683507080827573
4,_f_saldo<=-17 E _f_aceleracao>=-0.552272 E _f_ticks_s>=72.5852 E _f_score<=61,1011,0.7230464886251237,0.6188781756963575,1.1683179614656094
4,_f_spread>=1 E _f_delta<=0 E _f_velocidade<=0 E _f_ticks_s>=153.857,964,0.7230290456431535,0.6188781756963575,1.1682897766262417
4,_f_spread>=1 E _f_velocidade>=-0.216667 E _f_aceleracao>=0.543681 E _f_ticks_s>=153.857,639,0.7230046948356808,0.6188781756963575,1.1682504299366523
4,_f_spread>=1.75 E _f_razao_fluxo>=0.741693 E _f_velocidade>=0 E _f_ticks_s>=153.857,148,0.722972972972973,0.6188781756963575,1.168199172897782
4,_f_spread<=1.75 E _f_delta>=16 E _f_ticks_s>=72.5852 E _f_score<=47,148,0.722972972972973,0.6188781756963575,1.168199172897782
3,_f_spread<=1 E _f_ticks_s>=153.857 E _f_score<=77,3458,0.7229612492770388,0.6188781756963575,1.168180229434602
4,_f_spread>=1 E _f_saldo<=0 E _f_aceleracao<=0.543681 E _f_ticks_s>=153.857,906,0.7229580573951435,0.6188781756963575,1.1681750719059951
4,_f_spread>=1 E _f_razao_fluxo>=1 E _f_aceleracao<=0.543681 E _f_ticks_s>=153.857,906,0.7229580573951435,0.6188781756963575,1.1681750719059951
3,_f_spread<=1.75 E _f_ticks_s>=153.857 E _f_score<=77,4021,0.7229544889331012,0.6188781756963575,1.1681693058890592
4,_f_spread>=1.25 E _f_delta<=-16 E _f_aceleracao<=-0.000831627 E _f_ticks_s>=153.857,166,0.7228915662650602,0.6188781756963575,1.168067633749837
4,_f_spread>=1 E _f_saldo>=0 E _f_razao_fluxo>=1 E _f_velocidade<=-0.216667,83,0.7228915662650602,0.6188781756963575,1.168067633749837
4,_f_spread>=1 E _f_saldo<=0 E _f_razao_fluxo<=1 E _f_velocidade<=-0.216667,83,0.7228915662650602,0.6188781756963575,1.168067633749837
4,_f_spread>=1 E _f_razao_fluxo>=1.33364 E _f_ticks_s>=153.857 E _f_score<=61,83,0.7228915662650602,0.6188781756963575,1.168067633749837
4,_f_delta<=-16 E _f_velocidade>=0.205388 E _f_ticks_s>=42.0552 E _f_score<=47,83,0.7228915662650602,0.6188781756963575,1.168067633749837
4,_f_saldo>=0 E _f_razao_fluxo>=1 E _f_aceleracao<=-0.552272 E _f_score<=61,83,0.7228915662650602,0.6188781756963575,1.168067633749837
4,_f_saldo<=0 E _f_razao_fluxo<=1 E _f_aceleracao<=-0.552272 E _f_score<=61,83,0.7228915662650602,0.6188781756963575,1.168067633749837
4,_f_spread<=1.75 E _f_velocidade>=0 E _f_ticks_s>=153.857 E _f_score<=61,1032,0.7228682170542635,0.6188781756963575,1.168029905467093
4,_f_spread<=1.25 E _f_delta<=16 E _f_aceleracao>=0.543681 E _f_ticks_s>=72.5852,1566,0.722860791826309,0.6188781756963575,1.168017907584075
4,_f_spread<=1.25 E _f_saldo>=-17 E _f_ticks_s>=153.857 E _f_score<=61,1342,0.7228017883755589,0.6188781756963575,1.1679225682215522
4,_f_spread>=1.75 E _f_razao_fluxo<=0.741693 E _f_ticks_s>=72.5852 E _f_score<=77,671,0.7228017883755589,0.6188781756963575,1.1679225682215522
4,_f_delta<=16 E _f_velocidade>=-0.216667 E _f_ticks_s>=153.857 E _f_score>=47,1746,0.722794959908362,0.6188781756963575,1.167911534600615
4,_f_spread<=1 E _f_delta<=-16 E _f_velocidade<=-0.216667 E _f_aceleracao>=0.543681,487,0.7227926078028748,0.6188781756963575,1.167907734005313
4,_f_spread>=1 E _f_delta<=-16 E _f_razao_fluxo<=1.33364 E _f_aceleracao>=-0.000831627,606,0.7227722772277227,0.6188781756963575,1.1678748833152248
4,_f_spread>=1.75 E _f_razao_fluxo>=1.33364 E _f_aceleracao>=0.543681 E _f_ticks_s>=42.0552,404,0.7227722772277227,0.6188781756963575,1.1678748833152248
4,_f_razao_fluxo>=1.33364 E _f_velocidade>=0.205388 E _f_ticks_s>=72.5852 E _f_score<=61,202,0.7227722772277227,0.6188781756963575,1.1678748833152248
4,_f_spread<=1 E _f_razao_fluxo<=0.741693 E _f_aceleracao>=0.543681 E _f_score<=77,101,0.7227722772277227,0.6188781756963575,1.1678748833152248
4,_f_spread>=1.75 E _f_saldo<=19 E _f_aceleracao>=0.543681 E _f_ticks_s>=153.857,101,0.7227722772277227,0.6188781756963575,1.1678748833152248
4,_f_spread<=1 E _f_razao_fluxo<=1.33364 E _f_ticks_s>=153.857 E _f_score<=77,3152,0.7227157360406091,0.6188781756963575,1.1677835225445046
4,_f_delta>=16 E _f_saldo>=19 E _f_velocidade<=0 E _f_ticks_s>=72.5852,1291,0.7226955848179706,0.6188781756963575,1.1677509616570312
4,_f_spread>=1.25 E _f_delta<=16 E _f_ticks_s>=153.857 E _f_score>=47,476,0.7226890756302521,0.6188781756963575,1.1677404439364618
4,_f_delta>=16 E _f_razao_fluxo<=0.741693 E _f_velocidade<=-0.216667 E _f_ticks_s>=42.0552,357,0.7226890756302521,0.6188781756963575,1.1677404439364618
4,_f_spread>=1.25 E _f_delta<=-16 E _f_razao_fluxo<=1.33364 E _f_velocidade>=0.205388,119,0.7226890756302521,0.6188781756963575,1.1677404439364618
4,_f_razao_fluxo>=0.741693 E _f_velocidade>=0 E _f_aceleracao<=-0.552272 E _f_ticks_s>=153.857,869,0.7226697353279632,0.6188781756963575,1.1677091933558978
4,_f_spread>=1 E _f_delta<=-16 E _f_velocidade<=-0.216667 E _f_ticks_s>=153.857,631,0.722662440570523,0.6188781756963575,1.1676974062906453
4,_f_saldo>=19 E _f_velocidade<=-0.216667 E _f_aceleracao>=-0.552272 E _f_ticks_s>=72.5852,530,0.7226415094339622,0.6188781756963575,1.167663585197282
4,_f_spread>=1 E _f_aceleracao>=0.543681 E _f_ticks_s>=72.5852 E _f_score<=77,1918,0.7226277372262774,0.6188781756963575,1.167641331693724
4,_f_spread<=1 E _f_delta<=0 E _f_velocidade>=0 E _f_score>=77,137,0.7226277372262774,0.6188781756963575,1.167641331693724
4,_f_spread>=1.25 E _f_delta>=16 E _f_aceleracao<=-0.552272 E _f_score>=77,137,0.7226277372262774,0.6188781756963575,1.167641331693724
4,_f_saldo>=-17 E _f_velocidade>=-0.216667 E _f_ticks_s>=153.857 E _f_score<=77,1972,0.7226166328600405,0.6188781756963575,1.1676233889601249
4,_f_saldo<=-17 E _f_razao_fluxo>=1.33364 E _f_aceleracao>=-0.000831627 E _f_ticks_s>=153.857,429,0.7226107226107226,0.6188781756963575,1.1676138390203306
4,_f_spread<=1.75 E _f_velocidade>=0 E _f_ticks_s>=153.857 E _f_score<=77,2044,0.7226027397260274,0.6188781756963575,1.1676009400605534
3,_f_spread>=1.75 E _f_velocidade<=0.205388 E _f_ticks_s>=153.857,292,0.7226027397260274,0.6188781756963575,1.1676009400605534
4,_f_spread<=1.75 E _f_velocidade>=0 E _f_aceleracao<=-0.552272 E _f_ticks_s>=153.857,1031,0.7225994180407371,0.6188781756963575,1.16759557279213
4,_f_razao_fluxo>=0.741693 E _f_velocidade>=-0.216667 E _f_ticks_s>=153.857 E _f_score<=77,2581,0.7225881441301821,0.6188781756963575,1.1675773561042622
3,_f_aceleracao<=0.543681 E _f_ticks_s>=153.857 E _f_score<=61,1532,0.7225848563968669,0.6188781756963575,1.1675720436963533
4,_f_spread>=1 E _f_velocidade>=0.205388 E _f_ticks_s>=72.5852 E _f_score<=47,465,0.7225806451612903,0.6188781756963575,1.1675652390686544
4,_f_spread<=1 E _f_delta>=16 E _f_aceleracao<=-0.552272 E _f_ticks_s>=42.0552,937,0.7225186766275347,0.6188781756963575,1.1674651086452703
4,_f_spread<=1.75 E _f_delta>=-16 E _f_ticks_s>=153.857 E _f_score<=61,1510,0.7225165562913908,0.6188781756963575,1.167461682549106
4,_f_spread<=1 E _f_saldo<=0 E _f_velocidade>=0.205388 E _f_score<=61,382,0.7225130890052356,0.6188781756963575,1.1674560800148894
4,_f_spread<=1 E _f_razao_fluxo>=1 E _f_velocidade>=0.205388 E _f_score<=61,382,0.7225130890052356,0.6188781756963575,1.1674560800148894
3,_f_spread>=1 E _f_aceleracao<=0.543681 E _f_ticks_s>=153.857,1964,0.7225050916496945,0.6188781756963575,1.1674431576727304
3,_f_velocidade>=-0.216667 E _f_ticks_s>=153.857 E _f_score<=47,400,0.7225,0.6188781756963575,1.1674349304482226
4,_f_spread>=1.75 E _f_razao_fluxo>=0.741693 E _f_velocidade>=-0.216667 E _f_ticks_s>=153.857,209,0.722488038277512,0.6188781756963575,1.1674156023753355
4,_f_saldo<=-17 E _f_velocidade>=-0.216667 E _f_aceleracao>=-0.000831627 E _f_ticks_s>=153.857,645,0.7224806201550388,0.6188781756963575,1.1674036159735453
4,_f_delta>=0 E _f_velocidade<=0 E _f_aceleracao<=-0.552272 E _f_ticks_s>=72.5852,717,0.7224546722454672,0.6188781756963575,1.1673616886434333
4,_f_spread<=1.75 E _f_saldo>=19 E _f_velocidade<=-0.216667 E _f_score<=61,490,0.7224489795918367,0.6188781756963575,1.1673524903006025
4,_f_razao_fluxo<=1.33364 E _f_velocidade>=0 E _f_ticks_s>=153.857 E _f_score<=77,1996,0.7224448897795591,0.6188781756963575,1.1673458818719356
4,_f_saldo>=19 E _f_velocidade<=0 E _f_aceleracao<=-0.552272 E _f_score>=47,508,0.7224409448818898,0.6188781756963575,1.16733950760019
4,_f_saldo>=19 E _f_velocidade<=0.205388 E _f_aceleracao<=-0.552272 E _f_ticks_s>=42.0552,843,0.7224199288256228,0.6188781756963575,1.1673055492912814
4,_f_spread<=1.25 E _f_saldo>=19 E _f_aceleracao<=-0.552272 E _f_score<=77,933,0.722400857449089,0.6188781756963575,1.167274733248185
4,_f_velocidade>=0.205388 E _f_aceleracao>=-0.552272 E _f_ticks_s>=153.857 E _f_score<=61,335,0.7223880597014926,0.6188781756963575,1.1672540543034442
4,_f_delta>=16 E _f_velocidade<=-0.216667 E _f_ticks_s>=42.0552 E _f_score>=47,814,0.7223587223587223,0.6188781756963575,1.1672066502360166
4,_f_spread>=1.75 E _f_razao_fluxo>=1.33364 E _f_velocidade>=-0.216667 E _f_ticks_s>=72.5852,407,0.7223587223587223,0.6188781756963575,1.1672066502360166
4,_f_spread>=1 E _f_delta<=16 E _f_velocidade<=-0.216667 E _f_ticks_s>=153.857,850,0.7223529411764706,0.6188781756963575,1.1671973088462588
4,_f_delta>=0 E _f_velocidade<=-0.216667 E _f_ticks_s>=72.5852 E _f_score<=77,1156,0.722318339100346,0.6188781756963575,1.167141397881091
4,_f_spread<=1 E _f_saldo>=-17 E _f_ticks_s>=153.857 E _f_score<=61,1246,0.7223113964686998,0.6188781756963575,1.167130179790166
4,_f_spread>=1 E _f_razao_fluxo<=0.741693 E _f_velocidade<=0 E _f_ticks_s>=72.5852,558,0.7222222222222222,0.6188781756963575,1.1669860896445132
4,_f_spread>=1 E _f_razao_fluxo>=1.33364 E _f_aceleracao>=0.543681 E _f_ticks_s>=72.5852,558,0.7222222222222222,0.6188781756963575,1.1669860896445132
4,_f_spread<=1.25 E _f_saldo<=-17 E _f_aceleracao>=0.543681 E _f_score<=61,414,0.7222222222222222,0.6188781756963575,1.1669860896445132
4,_f_spread>=1.25 E _f_delta<=0 E _f_ticks_s>=153.857 E _f_score>=47,396,0.7222222222222222,0.6188781756963575,1.1669860896445132
4,_f_delta<=16 E _f_velocidade>=0.205388 E _f_ticks_s>=153.857 E _f_score>=61,378,0.7222222222222222,0.6188781756963575,1.1669860896445132
4,_f_spread>=1.75 E _f_aceleracao<=-0.552272 E _f_ticks_s>=72.5852 E _f_score<=47,324,0.7222222222222222,0.6188781756963575,1.1669860896445132
4,_f_spread>=1.75 E _f_delta>=0 E _f_velocidade<=-0.216667 E _f_ticks_s>=72.5852,306,0.7222222222222222,0.6188781756963575,1.1669860896445132
4,_f_delta>=16 E _f_velocidade>=0 E _f_aceleracao<=-0.552272 E _f_score>=77,306,0.7222222222222222,0.6188781756963575,1.1669860896445132
4,_f_saldo>=-17 E _f_velocidade>=0 E _f_ticks_s>=153.857 E _f_score<=47,252,0.7222222222222222,0.6188781756963575,1.1669860896445132
4,_f_spread<=1 E _f_velocidade<=-0.216667 E _f_aceleracao<=-0.000831627 E _f_score<=61,234,0.7222222222222222,0.6188781756963575,1.1669860896445132
4,_f_spread>=1.75 E _f_delta<=16 E _f_velocidade<=0.205388 E _f_ticks_s>=153.857,234,0.7222222222222222,0.6188781756963575,1.1669860896445132
4,_f_razao_fluxo<=0.741693 E _f_velocidade<=0 E _f_ticks_s>=72.5852 E _f_score>=61,234,0.7222222222222222,0.6188781756963575,1.1669860896445132
4,_f_spread<=1 E _f_velocidade<=-0.216667 E _f_aceleracao>=0.543681 E _f_score>=77,180,0.7222222222222222,0.6188781756963575,1.1669860896445132
4,_f_spread>=1.75 E _f_delta<=16 E _f_velocidade>=-0.216667 E _f_ticks_s>=153.857,180,0.7222222222222222,0.6188781756963575,1.1669860896445132
4,_f_spread>=1.75 E _f_saldo>=19 E _f_velocidade<=-0.216667 E _f_aceleracao<=0.543681,180,0.7222222222222222,0.6188781756963575,1.1669860896445132
3,_f_spread>=1.75 E _f_velocidade<=-0.216667 E _f_ticks_s>=153.857,162,0.7222222222222222,0.6188781756963575,1.1669860896445132
4,_f_spread>=1.75 E _f_razao_fluxo>=1.33364 E _f_ticks_s>=72.5852 E _f_score<=47,162,0.7222222222222222,0.6188781756963575,1.1669860896445132
4,_f_spread>=1.25 E _f_delta<=-16 E _f_aceleracao<=-0.000831627 E _f_score<=47,126,0.7222222222222222,0.6188781756963575,1.1669860896445132
4,_f_spread>=1.25 E _f_saldo<=-17 E _f_aceleracao<=-0.552272 E _f_ticks_s>=153.857,126,0.7222222222222222,0.6188781756963575,1.1669860896445132
4,_f_razao_fluxo>=1.33364 E _f_aceleracao>=-0.552272 E _f_ticks_s>=153.857 E _f_score<=61,126,0.7222222222222222,0.6188781756963575,1.1669860896445132
4,_f_spread>=1.75 E _f_delta>=-16 E _f_saldo<=-17 E _f_razao_fluxo>=1.33364,90,0.7222222222222222,0.6188781756963575,1.1669860896445132
4,_f_delta<=-16 E _f_aceleracao>=0.543681 E _f_ticks_s>=72.5852 E _f_score<=47,90,0.7222222222222222,0.6188781756963575,1.1669860896445132
4,_f_spread<=1 E _f_velocidade>=0.205388 E _f_aceleracao<=-0.552272 E _f_score<=47,72,0.7222222222222222,0.6188781756963575,1.1669860896445132
4,_f_spread>=1.25 E _f_delta<=0 E _f_velocidade>=0.205388 E _f_score>=77,72,0.7222222222222222,0.6188781756963575,1.1669860896445132
4,_f_razao_fluxo<=0.741693 E _f_aceleracao>=-0.552272 E _f_ticks_s>=153.857 E _f_score<=61,72,0.7222222222222222,0.6188781756963575,1.1669860896445132
4,_f_spread<=1.75 E _f_delta<=-16 E _f_velocidade>=0.205388 E _f_ticks_s<=42.0552,54,0.7222222222222222,0.6188781756963575,1.1669860896445132
4,_f_delta<=-16 E _f_velocidade>=0.205388 E _f_aceleracao<=0.543681 E _f_ticks_s<=42.0552,54,0.7222222222222222,0.6188781756963575,1.1669860896445132
4,_f_delta>=16 E _f_saldo>=0 E _f_ticks_s>=153.857 E _f_score<=47,54,0.7222222222222222,0.6188781756963575,1.1669860896445132
4,_f_delta>=16 E _f_razao_fluxo<=1 E _f_ticks_s>=153.857 E _f_score<=47,54,0.7222222222222222,0.6188781756963575,1.1669860896445132
4,_f_razao_fluxo<=0.741693 E _f_velocidade<=0 E _f_ticks_s>=72.5852 E _f_score>=77,36,0.7222222222222222,0.6188781756963575,1.1669860896445132
4,_f_delta>=16 E _f_razao_fluxo>=0.741693 E _f_velocidade>=0.205388 E _f_score<=47,18,0.7222222222222222,0.6188781756963575,1.1669860896445132
4,_f_razao_fluxo<=0.741693 E _f_aceleracao<=0.543681 E _f_ticks_s>=153.857 E _f_score<=47,18,0.7222222222222222,0.6188781756963575,1.1669860896445132
4,_f_razao_fluxo>=1.33364 E _f_aceleracao>=-0.552272 E _f_ticks_s>=153.857 E _f_score<=47,18,0.7222222222222222,0.6188781756963575,1.1669860896445132
4,_f_velocidade<=0 E _f_aceleracao>=0.543681 E _f_ticks_s>=72.5852 E _f_score>=61,1033,0.7221684414327202,0.6188781756963575,1.16689918919849
4,_f_saldo>=19 E _f_velocidade<=-0.216667 E _f_aceleracao<=0.543681 E _f_score<=77,637,0.7221350078492935,0.6188781756963575,1.166845166315248
3,_f_spread<=1.25 E _f_delta>=16 E _f_velocidade<=-0.216667,619,0.7221324717285945,0.6188781756963575,1.1668410683832178
4,_f_spread<=1.25 E _f_delta>=16 E _f_saldo>=-17 E _f_velocidade<=-0.216667,619,0.7221324717285945,0.6188781756963575,1.1668410683832178
4,_f_spread<=1.25 E _f_delta>=16 E _f_saldo>=0 E _f_velocidade<=-0.216667,619,0.7221324717285945,0.6188781756963575,1.1668410683832178
4,_f_spread<=1.25 E _f_delta>=16 E _f_razao_fluxo<=1 E _f_velocidade<=-0.216667,619,0.7221324717285945,0.6188781756963575,1.1668410683832178
4,_f_spread<=1.25 E _f_delta>=16 E _f_razao_fluxo<=1.33364 E _f_velocidade<=-0.216667,619,0.7221324717285945,0.6188781756963575,1.1668410683832178
4,_f_spread<=1 E _f_delta<=-16 E _f_razao_fluxo<=1.33364 E _f_score<=61,547,0.7221206581352834,0.6188781756963575,1.1668219796614385
3,_f_saldo>=19 E _f_velocidade<=-0.216667 E _f_ticks_s>=42.0552,932,0.7221030042918455,0.6188781756963575,1.1667934541064404
4,_f_delta>=-16 E _f_saldo>=19 E _f_velocidade<=-0.216667 E _f_ticks_s>=42.0552,932,0.7221030042918455,0.6188781756963575,1.1667934541064404
4,_f_delta>=0 E _f_saldo>=19 E _f_velocidade<=-0.216667 E _f_ticks_s>=42.0552,932,0.7221030042918455,0.6188781756963575,1.1667934541064404
4,_f_saldo>=19 E _f_razao_fluxo<=1 E _f_velocidade<=-0.216667 E _f_ticks_s>=42.0552,932,0.7221030042918455,0.6188781756963575,1.1667934541064404
4,_f_saldo>=19 E _f_razao_fluxo<=1.33364 E _f_velocidade<=-0.216667 E _f_ticks_s>=42.0552,932,0.7221030042918455,0.6188781756963575,1.1667934541064404
4,_f_delta<=-16 E _f_razao_fluxo<=1.33364 E _f_velocidade>=-0.216667 E _f_aceleracao>=0.543681,403,0.7220843672456576,0.6188781756963575,1.1667633398659973
4,_f_delta>=-16 E _f_velocidade>=-0.216667 E _f_ticks_s>=153.857 E _f_score<=77,1979,0.7220818595250126,0.6188781756963575,1.1667592878235382
4,_f_spread<=1 E _f_velocidade<=0 E _f_aceleracao>=0.543681 E _f_ticks_s>=42.0552,1155,0.7220779220779221,0.6188781756963575,1.1667529255906381
4,_f_razao_fluxo<=1.33364 E _f_velocidade>=-0.216667 E _f_ticks_s>=153.857 E _f_score<=47,385,0.7220779220779221,0.6188781756963575,1.1667529255906381
4,_f_spread>=1.75 E _f_delta<=16 E _f_razao_fluxo>=0.741693 E _f_ticks_s>=153.857,295,0.7220338983050848,0.6188781756963575,1.1666817907945408
4,_f_spread>=1.25 E _f_saldo>=-17 E _f_ticks_s>=153.857 E _f_score<=77,572,0.722027972027972,0.6188781756963575,1.1666722149566044
4,_f_spread>=1 E _f_razao_fluxo>=0.741693 E _f_velocidade>=0.205388 E _f_ticks_s>=153.857,849,0.7220259128386337,0.6188781756963575,1.166668887663093
4,_f_delta<=-16 E _f_saldo<=-17 E _f_aceleracao>=0.543681 E _f_ticks_s>=72.5852,1331,0.7220135236664162,0.6188781756963575,1.1666488689054377
4,_f_saldo<=19 E _f_velocidade>=0 E _f_ticks_s>=153.857 E _f_score<=47,259,0.722007722007722,0.6188781756963575,1.1666394944292935
4,_f_saldo<=19 E _f_velocidade>=0.205388 E _f_ticks_s>=153.857 E _f_score<=77,759,0.7220026350461133,0.6188781756963575,1.1666312747799208
4,_f_spread<=1.75 E _f_razao_fluxo<=0.741693 E _f_velocidade<=-0.216667 E _f_ticks_s>=72.5852,241,0.7219917012448133,0.6188781756963575,1.1666136076497335
3,_f_aceleracao>=-0.552272 E _f_ticks_s>=153.857 E _f_score<=77,2874,0.7219902574808629,0.6188781756963575,1.166611274777115
4,_f_spread>=1 E _f_delta>=-16 E _f_ticks_s>=153.857 E _f_score>=47,1615,0.7219814241486068,0.6188781756963575,1.1665970016412974
4,_f_spread>=1 E _f_velocidade<=-0.216667 E _f_aceleracao>=0.543681 E _f_ticks_s>=72.5852,910,0.721978021978022,0.6188781756963575,1.1665915043225707
4,_f_delta>=-16 E _f_saldo<=19 E _f_razao_fluxo>=0.741693 E _f_ticks_s>=153.857,1320,0.7219696969696969,0.6188781756963575,1.1665780525502318
4,_f_delta<=0 E _f_saldo<=-17 E _f_razao_fluxo<=1.33364 E _f_aceleracao>=0.543681,748,0.7219251336898396,0.6188781756963575,1.1665060460041823
4,_f_delta<=-16 E _f_velocidade>=-0.216667 E _f_aceleracao<=-0.552272 E _f_ticks_s>=153.857,356,0.7219101123595506,0.6188781756963575,1.1664817741347273
4,_f_spread<=1.75 E _f_aceleracao>=-0.552272 E _f_ticks_s>=153.857 E _f_score<=47,338,0.7218934911242604,0.6188781756963575,1.1664549170957446
4,_f_spread<=1.75 E _f_delta<=16 E _f_ticks_s>=153.857 E _f_score<=77,2517,0.721891140246325,0.6188781756963575,1.1664511184839537
4,_f_saldo<=19 E _f_razao_fluxo<=1 E _f_ticks_s>=153.857 E _f_score<=77,640,0.721875,0.6188781756963575,1.1664250386398765
4,_f_spread>=1 E _f_velocidade>=-0.216667 E _f_aceleracao>=-0.552272 E _f_ticks_s>=153.857,1226,0.7218597063621534,0.6188781756963575,1.1664003267685465
4,_f_delta<=-16 E _f_razao_fluxo<=1.33364 E _f_velocidade<=0 E _f_score<=61,302,0.7218543046357616,0.6188781756963575,1.1663915985137723
4,_f_saldo<=-17 E _f_velocidade>=0 E _f_aceleracao>=0.543681 E _f_ticks_s>=72.5852,435,0.7218390804597701,0.6188781756963575,1.1663669988807759
4,_f_spread<=1 E _f_saldo>=0 E _f_aceleracao<=-0.552272 E _f_score>=61,798,0.7218045112781954,0.6188781756963575,1.1663111410675064
4,_f_spread<=1 E _f_razao_fluxo<=1 E _f_aceleracao<=-0.552272 E _f_score>=61,798,0.7218045112781954,0.6188781756963575,1.1663111410675064
3,_f_delta>=-16 E _f_saldo<=0 E _f_ticks_s>=153.857,665,0.7218045112781954,0.6188781756963575,1.1663111410675064
3,_f_delta>=-16 E _f_razao_fluxo>=1 E _f_ticks_s>=153.857,665,0.7218045112781954,0.6188781756963575,1.1663111410675064
4,_f_delta>=-16 E _f_saldo<=0 E _f_razao_fluxo>=0.741693 E _f_ticks_s>=153.857,665,0.7218045112781954,0.6188781756963575,1.1663111410675064
4,_f_delta>=-16 E _f_saldo<=0 E _f_razao_fluxo>=1 E _f_ticks_s>=153.857,665,0.7218045112781954,0.6188781756963575,1.1663111410675064
4,_f_delta>=-16 E _f_saldo<=19 E _f_razao_fluxo>=1 E _f_ticks_s>=153.857,665,0.7218045112781954,0.6188781756963575,1.1663111410675064
4,_f_delta<=0 E _f_aceleracao<=-0.000831627 E _f_ticks_s>=153.857 E _f_score<=61,399,0.7218045112781954,0.6188781756963575,1.1663111410675064
4,_f_spread<=1 E _f_delta>=16 E _f_velocidade<=-0.216667 E _f_score>=61,266,0.7218045112781954,0.6188781756963575,1.1663111410675064
4,_f_saldo>=-17 E _f_velocidade>=0.205388 E _f_aceleracao<=-0.552272 E _f_ticks_s>=153.857,629,0.7217806041335453,0.6188781756963575,1.1662725112602375
4,_f_delta<=16 E _f_razao_fluxo<=1.33364 E _f_aceleracao>=-0.552272 E _f_ticks_s>=153.857,2063,0.7217644207464857,0.6188781756963575,1.166246361708201
4,_f_spread>=1.25 E _f_razao_fluxo>=0.741693 E _f_velocidade<=-0.216667 E _f_ticks_s>=153.857,363,0.721763085399449,0.6188781756963575,1.166244204018547
4,_f_saldo>=19 E _f_razao_fluxo>=0.741693 E _f_velocidade<=0.205388 E _f_ticks_s>=72.5852,1301,0.7217524980784013,0.6188781756963575,1.1662270967404695
4,_f_delta>=16 E _f_razao_fluxo>=0.741693 E _f_aceleracao<=-0.000831627 E _f_score>=61,823,0.7217496962332929,0.6188781756963575,1.1662225694437924
4,_f_spread>=1.75 E _f_delta>=0 E _f_velocidade<=-0.216667 E _f_ticks_s>=42.0552,460,0.7217391304347827,0.6188781756963575,1.1662054969424098
4,_f_saldo<=19 E _f_razao_fluxo<=1 E _f_velocidade<=0 E _f_ticks_s>=153.857,345,0.7217391304347827,0.6188781756963575,1.1662054969424098
4,_f_spread>=1 E _f_velocidade<=-0.216667 E _f_ticks_s>=72.5852 E _f_score<=47,442,0.7217194570135747,0.6188781756963575,1.1661737080993377
3,_f_spread>=1 E _f_velocidade>=0 E _f_ticks_s>=153.857,1502,0.7217043941411452,0.6188781756963575,1.166149369104975
4,_f_spread>=1 E _f_delta>=-16 E _f_aceleracao>=-0.000831627 E _f_ticks_s>=153.857,927,0.7216828478964401,0.6188781756963575,1.1661145541033298
4,_f_delta<=16 E _f_saldo>=-17 E _f_aceleracao<=-0.552272 E _f_ticks_s>=153.857,406,0.7216748768472906,0.6188781756963575,1.1661016742677457
4,_f_spread>=1 E _f_saldo<=-17 E _f_ticks_s>=153.857 E _f_score>=47,1103,0.7216681776971895,0.6188781756963575,1.1660908496008497
4,_f_spread<=1 E _f_delta>=0 E _f_aceleracao<=-0.552272 E _f_score>=61,794,0.7216624685138538,0.6188781756963575,1.166081624548877
4,_f_delta>=16 E _f_saldo>=0 E _f_velocidade<=-0.216667 E _f_ticks_s>=42.0552,891,0.7216610549943884,0.6188781756963575,1.1660793405461103
4,_f_delta>=16 E _f_razao_fluxo<=1 E _f_velocidade<=-0.216667 E _f_ticks_s>=42.0552,891,0.7216610549943884,0.6188781756963575,1.1660793405461103
4,_f_spread<=1 E _f_velocidade<=0 E _f_ticks_s>=153.857 E _f_score<=77,1764,0.721655328798186,0.6188781756963575,1.1660700880042898
4,_f_delta<=16 E _f_velocidade<=0.205388 E _f_ticks_s>=153.857 E _f_score<=77,1904,0.7216386554621849,0.6188781756963575,1.1660431467795773
4,_f_spread<=1.25 E _f_delta<=0 E _f_aceleracao>=0.543681 E _f_ticks_s>=72.5852,1286,0.7216174183514774,0.6188781756963575,1.1660088312849592
4,_f_spread>=1 E _f_saldo<=-17 E _f_velocidade<=-0.216667 E _f_ticks_s>=153.857,625,0.7216,0.6188781756963575,1.1659806862442041
4,_f_spread<=1 E _f_delta>=0 E _f_saldo<=19 E _f_ticks_s>=153.857,528,0.7215909090909091,0.6188781756963575,1.1659659969088099
4,_f_delta>=16 E _f_razao_fluxo>=0.741693 E _f_velocidade<=-0.216667 E _f_aceleracao<=0.543681,352,0.7215909090909091,0.6188781756963575,1.1659659969088099
4,_f_delta<=0 E _f_saldo>=0 E _f_aceleracao>=0.543681 E _f_score<=61,176,0.7215909090909091,0.6188781756963575,1.1659659969088099
4,_f_delta<=0 E _f_razao_fluxo<=1 E _f_aceleracao>=0.543681 E _f_score<=61,176,0.7215909090909091,0.6188781756963575,1.1659659969088099
4,_f_delta<=16 E _f_saldo<=19 E _f_velocidade>=-0.216667 E _f_ticks_s>=153.857,2015,0.7215880893300248,0.6188781756963575,1.1659614406633403
4,_f_razao_fluxo>=1.33364 E _f_velocidade<=0 E _f_ticks_s>=153.857 E _f_score<=77,255,0.7215686274509804,0.6188781756963575,1.165929993635785
4,_f_saldo>=0 E _f_velocidade<=-0.216667 E _f_aceleracao>=0.543681 E _f_ticks_s>=72.5852,413,0.7215496368038741,0.6188781756963575,1.1658993080374684
4,_f_razao_fluxo<=1 E _f_velocidade<=-0.216667 E _f_aceleracao>=0.543681 E _f_ticks_s>=72.5852,413,0.7215496368038741,0.6188781756963575,1.1658993080374684
4,_f_spread>=1 E _f_delta>=-16 E _f_velocidade>=-0.216667 E _f_ticks_s>=153.857,1397,0.721546170365068,0.6188781756963575,1.1658937068724213
4,_f_delta<=-16 E _f_velocidade<=0 E _f_ticks_s>=72.5852 E _f_score<=61,492,0.7215447154471545,0.6188781756963575,1.1658913559769293
4,_f_delta<=-16 E _f_saldo<=-17 E _f_ticks_s>=72.5852 E _f_score<=61,1142,0.7215411558669002,0.6188781756963575,1.1658856043114252
4,_f_spread<=1 E _f_delta>=0 E _f_aceleracao>=0.543681 E _f_score<=77,571,0.7215411558669002,0.6188781756963575,1.1658856043114252
4,_f_saldo>=0 E _f_velocidade<=0 E _f_aceleracao<=-0.552272 E _f_ticks_s>=72.5852,729,0.7215363511659808,0.6188781756963575,1.1658778407464652
4,_f_razao_fluxo<=1 E _f_velocidade<=0 E _f_aceleracao<=-0.552272 E _f_ticks_s>=72.5852,729,0.7215363511659808,0.6188781756963575,1.1658778407464652
4,_f_delta>=16 E _f_razao_fluxo>=0.741693 E _f_velocidade<=0 E _f_ticks_s>=72.5852,887,0.7215332581736189,0.6188781756963575,1.165872843006226
4,_f_spread<=1.25 E _f_saldo<=19 E _f_velocidade>=-0.216667 E _f_ticks_s>=153.857,1853,0.7215326497571506,0.6188781756963575,1.165871859910534
4,_f_delta<=16 E _f_velocidade>=-0.216667 E _f_aceleracao>=-0.552272 E _f_ticks_s>=153.857,1440,0.7215277777777778,0.6188781756963575,1.1658639876352397
4,_f_delta<=0 E _f_razao_fluxo<=1.33364 E _f_velocidade>=-0.216667 E _f_ticks_s>=153.857,1343,0.7215189873417721,0.6188781756963575,1.1658497838123374
3,_f_saldo<=19 E _f_razao_fluxo<=1 E _f_ticks_s>=153.857,711,0.7215189873417721,0.6188781756963575,1.1658497838123374
4,_f_delta>=-16 E _f_saldo<=19 E _f_razao_fluxo<=1 E _f_ticks_s>=153.857,711,0.7215189873417721,0.6188781756963575,1.1658497838123374
4,_f_delta>=-16 E _f_velocidade>=0.205388 E _f_aceleracao<=-0.552272 E _f_ticks_s>=153.857,632,0.7215189873417721,0.6188781756963575,1.1658497838123374
4,_f_spread<=1 E _f_delta<=-16 E _f_velocidade<=-0.216667 E _f_score<=61,158,0.7215189873417721,0.6188781756963575,1.1658497838123374
4,_f_delta<=-16 E _f_razao_fluxo>=1.33364 E _f_velocidade>=0.205388 E _f_score<=47,79,0.7215189873417721,0.6188781756963575,1.1658497838123374
4,_f_spread<=1 E _f_velocidade<=0 E _f_aceleracao>=0.543681 E _f_score>=61,772,0.7215025906735751,0.6188781756963575,1.1658232896349032
4,_f_saldo>=19 E _f_aceleracao<=-0.552272 E _f_ticks_s>=72.5852 E _f_score<=61,614,0.7214983713355049,0.6188781756963575,1.1658164719149773
4,_f_velocidade<=0.205388 E _f_aceleracao<=0.543681 E _f_ticks_s>=153.857 E _f_score<=77,1824,0.7214912280701754,0.6188781756963575,1.1658049296347515
4,_f_spread>=1 E _f_delta>=16 E _f_razao_fluxo>=0.741693 E _f_ticks_s>=153.857,912,0.7214912280701754,0.6188781756963575,1.1658049296347515
3,_f_velocidade>=0 E _f_ticks_s>=153.857 E _f_score<=77,2165,0.7214780600461894,0.6188781756963575,1.1657836523874625
4,_f_spread<=1 E _f_saldo>=0 E _f_velocidade<=-0.216667 E _f_score<=61,438,0.7214611872146118,0.6188781756963575,1.1657563888124325
4,_f_spread<=1 E _f_razao_fluxo<=1 E _f_velocidade<=-0.216667 E _f_score<=61,438,0.7214611872146118,0.6188781756963575,1.1657563888124325
4,_f_saldo<=19 E _f_razao_fluxo<=1.33364 E _f_velocidade>=-0.216667 E _f_ticks_s>=153.857,1795,0.7214484679665738,0.6188781756963575,1.1657358367093893
4,_f_spread>=1 E _f_saldo>=0 E _f_ticks_s>=153.857 E _f_score>=47,1436,0.7214484679665738,0.6188781756963575,1.1657358367093893
4,_f_spread>=1 E _f_razao_fluxo<=1 E _f_ticks_s>=153.857 E _f_score>=47,1436,0.7214484679665738,0.6188781756963575,1.1657358367093893
4,_f_delta>=-16 E _f_velocidade<=-0.216667 E _f_ticks_s>=72.5852 E _f_score<=47,499,0.7214428857715431,0.6188781756963575,1.1657268168485349
4,_f_spread>=1.25 E _f_razao_fluxo>=0.741693 E _f_aceleracao<=0.543681 E _f_ticks_s>=153.857,560,0.7214285714285714,0.6188781756963575,1.1657036873482005
4,_f_delta>=16 E _f_razao_fluxo>=0.741693 E _f_velocidade<=0.205388 E _f_aceleracao<=-0.552272,420,0.7214285714285714,0.6188781756963575,1.1657036873482005
4,_f_delta<=16 E _f_saldo>=19 E _f_aceleracao>=-0.552272 E _f_score<=47,140,0.7214285714285714,0.6188781756963575,1.1657036873482005
4,_f_saldo<=0 E _f_velocidade>=0 E _f_aceleracao<=0.543681 E _f_score>=77,140,0.7214285714285714,0.6188781756963575,1.1657036873482005
4,_f_saldo>=19 E _f_razao_fluxo>=0.741693 E _f_aceleracao<=-0.552272 E _f_score>=77,140,0.7214285714285714,0.6188781756963575,1.1657036873482005
4,_f_razao_fluxo>=1 E _f_velocidade>=0 E _f_aceleracao<=0.543681 E _f_score>=77,140,0.7214285714285714,0.6188781756963575,1.1657036873482005
4,_f_spread<=1 E _f_delta<=16 E _f_aceleracao>=0.543681 E _f_ticks_s>=72.5852,1303,0.7214121258633922,0.6188781756963575,1.1656771141617075
4,_f_razao_fluxo<=1.33364 E _f_velocidade>=0 E _f_aceleracao<=-0.552272 E _f_score>=77,341,0.7214076246334311,0.6188781756963575,1.1656698409532833
4,_f_delta>=-16 E _f_aceleracao<=0.543681 E _f_ticks_s>=153.857 E _f_score<=61,1224,0.7214052287581699,0.6188781756963575,1.1656659696336031
4,_f_spread<=1 E _f_delta<=-16 E _f_aceleracao>=0.543681 E _f_ticks_s>=72.5852,883,0.7214043035107588,0.6188781756963575,1.165664474593953
4,_f_spread<=1.75 E _f_velocidade>=0.205388 E _f_aceleracao<=-0.552272 E _f_ticks_s>=153.857,725,0.7213793103448276,0.6188781756963575,1.1656240899642916
4,_f_spread>=1 E _f_delta>=0 E _f_saldo>=-17 E _f_ticks_s>=153.857,1572,0.7213740458015268,0.6188781756963575,1.1656155833736448
4,_f_spread>=1 E _f_saldo>=0 E _f_velocidade<=-0.216667 E _f_ticks_s>=72.5852,908,0.7213656387665198,0.6188781756963575,1.1656019990603872
4,_f_spread>=1 E _f_razao_fluxo<=1 E _f_velocidade<=-0.216667 E _f_ticks_s>=72.5852,908,0.7213656387665198,0.6188781756963575,1.1656019990603872
3,_f_delta>=-16 E _f_saldo<=19 E _f_ticks_s>=153.857,1335,0.7213483146067415,0.6188781756963575,1.1655740062171127
4,_f_delta<=0 E _f_razao_fluxo<=1.33364 E _f_ticks_s>=153.857 E _f_score<=77,1701,0.7213403880070547,0.6188781756963575,1.1655611982041658
4,_f_spread>=1 E _f_velocidade<=0 E _f_ticks_s>=153.857 E _f_score>=61,994,0.721327967806841,0.6188781756963575,1.1655411293106397
4,_f_spread>=1.25 E _f_delta<=-16 E _f_ticks_s>=72.5852 E _f_score<=61,549,0.7213114754098361,0.6188781756963575,1.1655144804520232
4,_f_razao_fluxo<=0.741693 E _f_velocidade>=-0.216667 E _f_aceleracao<=-0.552272 E _f_ticks_s>=153.857,244,0.7213114754098361,0.6188781756963575,1.1655144804520232
4,_f_spread>=1.25 E _f_saldo<=0 E _f_velocidade>=0.205388 E _f_score>=77,61,0.7213114754098361,0.6188781756963575,1.1655144804520232
4,_f_spread>=1.25 E _f_razao_fluxo>=1 E _f_velocidade>=0.205388 E _f_score>=77,61,0.7213114754098361,0.6188781756963575,1.1655144804520232
4,_f_spread>=1.75 E _f_delta<=-16 E _f_velocidade>=0.205388 E _f_aceleracao<=-0.552272,61,0.7213114754098361,0.6188781756963575,1.1655144804520232
4,_f_spread>=1.75 E _f_saldo<=-17 E _f_velocidade>=0.205388 E _f_aceleracao>=0.543681,61,0.7213114754098361,0.6188781756963575,1.1655144804520232
4,_f_saldo>=0 E _f_razao_fluxo>=1 E _f_velocidade<=0 E _f_aceleracao<=-0.552272,61,0.7213114754098361,0.6188781756963575,1.1655144804520232
4,_f_saldo<=0 E _f_razao_fluxo<=1 E _f_velocidade<=0 E _f_aceleracao<=-0.552272,61,0.7213114754098361,0.6188781756963575,1.1655144804520232
4,_f_spread<=1.75 E _f_saldo>=-17 E _f_ticks_s>=153.857 E _f_score<=61,1507,0.721300597213006,0.6188781756963575,1.165496903169034
3,_f_velocidade>=0.205388 E _f_aceleracao<=-0.552272 E _f_ticks_s>=153.857,775,0.7212903225806452,0.6188781756963575,1.165480301141746
3,_f_razao_fluxo>=0.741693 E _f_aceleracao>=-0.000831627 E _f_ticks_s>=153.857,2899,0.7212832011038289,0.6188781756963575,1.165468794067986
4,_f_delta>=-16 E _f_saldo<=19 E _f_ticks_s>=153.857 E _f_score<=47,470,0.7212765957446808,0.6188781756963575,1.1654581209510342
3,_f_delta>=16 E _f_aceleracao<=-0.552272 E _f_ticks_s>=72.5852,1392,0.7212643678160919,0.6188781756963575,1.1654383627351703
4,_f_delta>=16 E _f_saldo>=-17 E _f_aceleracao<=-0.552272 E _f_ticks_s>=72.5852,1392,0.7212643678160919,0.6188781756963575,1.1654383627351703
4,_f_delta>=16 E _f_razao_fluxo<=1.33364 E _f_aceleracao<=-0.552272 E _f_ticks_s>=72.5852,1392,0.7212643678160919,0.6188781756963575,1.1654383627351703
3,_f_delta<=0 E _f_saldo>=0 E _f_ticks_s>=72.5852,348,0.7212643678160919,0.6188781756963575,1.1654383627351703
3,_f_delta<=0 E _f_razao_fluxo<=1 E _f_ticks_s>=72.5852,348,0.7212643678160919,0.6188781756963575,1.1654383627351703
4,_f_delta<=0 E _f_saldo>=-17 E _f_razao_fluxo<=1 E _f_ticks_s>=72.5852,348,0.7212643678160919,0.6188781756963575,1.1654383627351703
4,_f_delta<=0 E _f_saldo>=0 E _f_razao_fluxo<=1 E _f_ticks_s>=72.5852,348,0.7212643678160919,0.6188781756963575,1.1654383627351703
4,_f_delta<=0 E _f_saldo>=0 E _f_razao_fluxo<=1.33364 E _f_ticks_s>=72.5852,348,0.7212643678160919,0.6188781756963575,1.1654383627351703
3,_f_spread>=1.25 E _f_razao_fluxo<=1.33364 E _f_ticks_s>=153.857,922,0.7212581344902386,0.6188781756963575,1.1654282907596214
4,_f_spread>=1.75 E _f_razao_fluxo>=1.33364 E _f_ticks_s>=72.5852 E _f_score<=77,574,0.7212543554006968,0.6188781756963575,1.1654221844051074
3,_f_velocidade>=0.205388 E _f_aceleracao<=-0.552272 E _f_score>=77,287,0.7212543554006968,0.6188781756963575,1.1654221844051074
4,_f_velocidade<=0 E _f_aceleracao>=-0.552272 E _f_ticks_s>=153.857 E _f_score<=77,1661,0.7212522576760987,0.6188781756963575,1.165418794845287
4,_f_spread<=1.25 E _f_saldo>=0 E _f_aceleracao<=-0.552272 E _f_ticks_s>=72.5852,1313,0.7212490479817213,0.6188781756963575,1.1654136085347924
4,_f_spread<=1.25 E _f_razao_fluxo<=1 E _f_aceleracao<=-0.552272 E _f_ticks_s>=72.5852,1313,0.7212490479817213,0.6188781756963575,1.1654136085347924
4,_f_spread<=1.25 E _f_saldo<=-17 E _f_velocidade>=0 E _f_ticks_s>=153.857,739,0.7212449255751014,0.6188781756963575,1.1654069474393107
4,_f_saldo>=19 E _f_velocidade<=-0.216667 E _f_aceleracao<=0.543681 E _f_score<=61,452,0.7212389380530974,0.6188781756963575,1.165397272640232
4,_f_razao_fluxo<=1.33364 E _f_velocidade>=-0.216667 E _f_aceleracao<=-0.552272 E _f_ticks_s>=153.857,1295,0.7212355212355213,0.6188781756963575,1.165391751654503
4,_f_spread<=1 E _f_delta>=0 E _f_velocidade<=-0.216667 E _f_score<=77,660,0.7212121212121212,0.6188781756963575,1.165353941267388
4,_f_razao_fluxo>=1.33364 E _f_aceleracao>=0.543681 E _f_ticks_s>=72.5852 E _f_score<=61,330,0.7212121212121212,0.6188781756963575,1.165353941267388
4,_f_saldo>=19 E _f_razao_fluxo>=0.741693 E _f_velocidade<=-0.216667 E _f_score>=61,269,0.7211895910780669,0.6188781756963575,1.165317536470872
4,_f_saldo<=-17 E _f_razao_fluxo<=1.33364 E _f_aceleracao>=0.543681 E _f_ticks_s>=42.0552,746,0.7211796246648794,0.6188781756963575,1.1653014324724136
4,_f_saldo<=0 E _f_velocidade>=0 E _f_ticks_s>=153.857 E _f_score>=47,954,0.7211740041928721,0.6188781756963575,1.1652923507625907
4,_f_razao_fluxo>=1 E _f_velocidade>=0 E _f_ticks_s>=153.857 E _f_score>=47,954,0.7211740041928721,0.6188781756963575,1.1652923507625907
3,_f_delta>=16 E _f_velocidade<=-0.216667 E _f_ticks_s>=42.0552,893,0.7211646136618141,0.6188781756963575,1.1652771772899644
4,_f_delta>=16 E _f_saldo>=-17 E _f_velocidade<=-0.216667 E _f_ticks_s>=42.0552,893,0.7211646136618141,0.6188781756963575,1.1652771772899644
4,_f_delta>=16 E _f_razao_fluxo<=1.33364 E _f_velocidade<=-0.216667 E _f_ticks_s>=42.0552,893,0.7211646136618141,0.6188781756963575,1.1652771772899644
4,_f_velocidade<=0 E _f_aceleracao>=0.543681 E _f_ticks_s>=72.5852 E _f_score>=47,1560,0.7211538461538461,0.6188781756963575,1.1652597788610153
4,_f_saldo<=-17 E _f_velocidade<=0.205388 E _f_aceleracao<=0.543681 E _f_score<=47,208,0.7211538461538461,0.6188781756963575,1.1652597788610153
4,_f_saldo<=0 E _f_velocidade<=0.205388 E _f_ticks_s>=153.857 E _f_score<=47,208,0.7211538461538461,0.6188781756963575,1.1652597788610153
4,_f_razao_fluxo>=1 E _f_velocidade<=0.205388 E _f_ticks_s>=153.857 E _f_score<=47,208,0.7211538461538461,0.6188781756963575,1.1652597788610153
4,_f_delta<=-16 E _f_velocidade>=0.205388 E _f_aceleracao>=-0.000831627 E _f_ticks_s<=72.5852,104,0.7211538461538461,0.6188781756963575,1.1652597788610153
4,_f_razao_fluxo<=0.741693 E _f_velocidade>=-0.216667 E _f_ticks_s>=153.857 E _f_score<=61,104,0.7211538461538461,0.6188781756963575,1.1652597788610153
4,_f_spread<=1.75 E _f_delta>=0 E _f_ticks_s>=153.857 E _f_score<=61,1083,0.7211449676823638,0.6188781756963575,1.1652454327880224
4,_f_delta>=0 E _f_saldo<=19 E _f_aceleracao>=-0.552272 E _f_ticks_s>=153.857,459,0.7211328976034859,0.6188781756963575,1.1652259296299665
4,_f_saldo<=0 E _f_velocidade>=0 E _f_aceleracao<=0.543681 E _f_ticks_s>=153.857,710,0.7211267605633803,0.6188781756963575,1.1652160132355183
4,_f_razao_fluxo>=1 E _f_velocidade>=0 E _f_aceleracao<=0.543681 E _f_ticks_s>=153.857,710,0.7211267605633803,0.6188781756963575,1.1652160132355183
3,_f_velocidade>=-0.216667 E _f_ticks_s>=153.857 E _f_score<=61,1567,0.7211231652839821,0.6188781756963575,1.1652102038863776
4,_f_razao_fluxo>=0.741693 E _f_velocidade>=-0.216667 E _f_ticks_s>=153.857 E _f_score<=61,1463,0.721120984278879,0.6188781756963575,1.1652066797596774
4,_f_spread>=1.25 E _f_velocidade>=0 E _f_ticks_s>=153.857 E _f_score<=61,251,0.7211155378486056,0.6188781756963575,1.1651978792711688
4,_f_delta<=16 E _f_aceleracao<=-0.000831627 E _f_ticks_s>=153.857 E _f_score<=47,251,0.7211155378486056,0.6188781756963575,1.1651978792711688
3,_f_spread>=1 E _f_delta>=0 E _f_ticks_s>=153.857,1574,0.7210927573062261,0.6188781756963575,1.165161069858147
4,_f_spread>=1 E _f_delta>=0 E _f_razao_fluxo<=1.33364 E _f_ticks_s>=153.857,1574,0.7210927573062261,0.6188781756963575,1.165161069858147
4,_f_spread<=1.75 E _f_velocidade>=0.205388 E _f_ticks_s>=153.857 E _f_score<=61,588,0.7210884353741497,0.6188781756963575,1.1651540863640666
4,_f_spread>=1.75 E _f_saldo<=0 E _f_velocidade>=0.205388 E _f_ticks_s>=72.5852,294,0.7210884353741497,0.6188781756963575,1.1651540863640666
4,_f_spread>=1.75 E _f_razao_fluxo>=1 E _f_velocidade>=0.205388 E _f_ticks_s>=72.5852,294,0.7210884353741497,0.6188781756963575,1.1651540863640666
4,_f_delta>=16 E _f_saldo>=0 E _f_aceleracao<=-0.552272 E _f_ticks_s>=72.5852,1391,0.7210639827462257,0.6188781756963575,1.1651145751502539
4,_f_delta>=16 E _f_razao_fluxo<=1 E _f_aceleracao<=-0.552272 E _f_ticks_s>=72.5852,1391,0.7210639827462257,0.6188781756963575,1.1651145751502539
4,_f_spread>=1 E _f_delta>=16 E _f_ticks_s>=72.5852 E _f_score<=77,1624,0.7210591133004927,0.6188781756963575,1.1651067069688825
3,_f_delta<=-16 E _f_ticks_s>=72.5852 E _f_score<=47,190,0.7210526315789474,0.6188781756963575,1.1650962336288946
4,_f_delta<=-16 E _f_saldo<=0 E _f_ticks_s>=72.5852 E _f_score<=47,190,0.7210526315789474,0.6188781756963575,1.1650962336288946
4,_f_delta<=-16 E _f_saldo<=19 E _f_ticks_s>=72.5852 E _f_score<=47,190,0.7210526315789474,0.6188781756963575,1.1650962336288946
4,_f_delta<=-16 E _f_razao_fluxo>=0.741693 E _f_ticks_s>=72.5852 E _f_score<=47,190,0.7210526315789474,0.6188781756963575,1.1650962336288946
4,_f_delta<=-16 E _f_razao_fluxo>=1 E _f_ticks_s>=72.5852 E _f_score<=47,190,0.7210526315789474,0.6188781756963575,1.1650962336288946
4,_f_razao_fluxo>=0.741693 E _f_aceleracao<=0.543681 E _f_ticks_s>=153.857 E _f_score<=61,1398,0.721030042918455,0.6188781756963575,1.165059734263786
4,_f_delta<=16 E _f_saldo<=19 E _f_ticks_s>=153.857 E _f_score<=77,2606,0.7210283960092095,0.6188781756963575,1.1650570731435363
4,_f_saldo<=-17 E _f_velocidade>=0.205388 E _f_aceleracao>=-0.000831627 E _f_score<=61,276,0.7210144927536232,0.6188781756963575,1.1650346078892548
4,_f_spread>=1 E _f_delta>=0 E _f_ticks_s>=153.857 E _f_score>=47,1423,0.7210119465917076,0.6188781756963575,1.1650304937323568
4,_f_spread>=1 E _f_delta<=0 E _f_aceleracao<=0.543681 E _f_ticks_s>=153.857,914,0.7210065645514223,0.6188781756963575,1.1650217972869226
4,_f_delta>=0 E _f_aceleracao>=0.543681 E _f_ticks_s>=72.5852 E _f_score<=77,1000,0.721,0.6188781756963575,1.1650111901081917
4,_f_saldo<=19 E _f_velocidade<=-0.216667 E _f_ticks_s>=153.857 E _f_score<=77,896,0.7209821428571429,0.6188781756963575,1.1649823360565248
3,_f_saldo<=-17 E _f_razao_fluxo<=1.33364 E _f_aceleracao>=0.543681,749,0.7209612817089452,0.6188781756963575,1.1649486280522408
4,_f_delta<=16 E _f_saldo<=-17 E _f_razao_fluxo<=1.33364 E _f_aceleracao>=0.543681,749,0.7209612817089452,0.6188781756963575,1.1649486280522408
4,_f_spread>=1.25 E _f_aceleracao<=-0.000831627 E _f_ticks_s>=153.857 E _f_score<=61,258,0.7209302325581395,0.6188781756963575,1.1648984579993529
4,_f_spread>=1.75 E _f_delta>=0 E _f_velocidade<=-0.216667 E _f_score>=61,129,0.7209302325581395,0.6188781756963575,1.1648984579993529
4,_f_saldo<=-17 E _f_velocidade>=0 E _f_aceleracao<=-0.000831627 E _f_score>=77,86,0.7209302325581395,0.6188781756963575,1.1648984579993529
4,_f_saldo<=-17 E _f_velocidade>=0.205388 E _f_ticks_s>=42.0552 E _f_score<=47,86,0.7209302325581395,0.6188781756963575,1.1648984579993529
4,_f_spread<=1.25 E _f_delta>=0 E _f_saldo<=0 E _f_aceleracao<=-0.552272,43,0.7209302325581395,0.6188781756963575,1.1648984579993529
4,_f_spread<=1.25 E _f_delta>=0 E _f_razao_fluxo>=1 E _f_aceleracao<=-0.552272,43,0.7209302325581395,0.6188781756963575,1.1648984579993529
4,_f_delta<=-16 E _f_saldo>=-17 E _f_velocidade>=0 E _f_score>=61,43,0.7209302325581395,0.6188781756963575,1.1648984579993529
4,_f_spread<=1.25 E _f_aceleracao>=-0.552272 E _f_ticks_s>=153.857 E _f_score<=77,2544,0.7209119496855346,0.6188781756963575,1.1648689160421102
4,_f_spread>=1 E _f_saldo<=19 E _f_velocidade<=-0.216667 E _f_ticks_s>=153.857,842,0.7209026128266033,0.6188781756963575,1.1648538292943496
4,_f_spread>=1 E _f_delta>=0 E _f_saldo>=0 E _f_ticks_s>=153.857,1555,0.7209003215434083,0.6188781756963575,1.1648501269773428
4,_f_spread>=1 E _f_delta>=0 E _f_razao_fluxo<=1 E _f_ticks_s>=153.857,1555,0.7209003215434083,0.6188781756963575,1.1648501269773428
4,_f_spread<=1 E _f_razao_fluxo>=0.741693 E _f_aceleracao>=0.543681 E _f_ticks_s>=153.857,1519,0.7208689927583937,0.6188781756963575,1.1647995050839801
4,_f_delta<=-16 E _f_saldo<=-17 E _f_velocidade>=0.205388 E _f_aceleracao>=0.543681,283,0.7208480565371025,0.6188781756963575,1.1647656757745726
4,_f_delta<=16 E _f_saldo>=0 E _f_ticks_s>=153.857 E _f_score<=47,240,0.7208333333333333,0.6188781756963575,1.164741885625966
4,_f_delta<=16 E _f_razao_fluxo<=1 E _f_ticks_s>=153.857 E _f_score<=47,240,0.7208333333333333,0.6188781756963575,1.164741885625966
4,_f_saldo>=19 E _f_aceleracao<=-0.552272 E _f_ticks_s>=72.5852 E _f_score>=61,917,0.7208287895310797,0.6188781756963575,1.1647345436280865
4,_f_delta>=16 E _f_razao_fluxo>=0.741693 E _f_velocidade<=0.205388 E _f_ticks_s>=72.5852,1311,0.7208237986270023,0.6188781756963575,1.164726479191056
4,_f_saldo<=0 E _f_razao_fluxo<=1.33364 E _f_velocidade>=-0.216667 E _f_ticks_s>=153.857,1311,0.7208237986270023,0.6188781756963575,1.164726479191056
4,_f_spread<=1.25 E _f_saldo<=19 E _f_aceleracao>=0.543681 E _f_ticks_s>=72.5852,1576,0.7208121827411168,0.6188781756963575,1.164707709930252
4,_f_spread<=1 E _f_saldo>=19 E _f_velocidade>=-0.216667 E _f_aceleracao<=-0.552272,788,0.7208121827411168,0.6188781756963575,1.164707709930252
4,_f_razao_fluxo>=0.741693 E _f_velocidade>=0.205388 E _f_ticks_s>=153.857 E _f_score<=77,1139,0.7208077260755048,0.6188781756963575,1.1647005087301017
4,_f_spread<=1 E _f_delta>=16 E _f_aceleracao<=-0.552272 E _f_score<=61,351,0.7207977207977208,0.6188781756963575,1.1646843419331827
4,_f_delta>=0 E _f_razao_fluxo>=0.741693 E _f_ticks_s>=153.857 E _f_score<=61,1010,0.7207920792079208,0.6188781756963575,1.1646752261006625
4,_f_saldo<=-17 E _f_velocidade<=0.205388 E _f_ticks_s>=72.5852 E _f_score<=61,813,0.7207872078720787,0.6188781756963575,1.1646673548652025
4,_f_spread>=1 E _f_delta>=16 E _f_razao_fluxo>=0.741693 E _f_velocidade<=0.205388,684,0.7207602339181286,0.6188781756963575,1.1646237696249897
4,_f_saldo>=19 E _f_razao_fluxo>=0.741693 E _f_aceleracao<=0.543681 E _f_ticks_s>=153.857,1282,0.7207488299531981,0.6188781756963575,1.1646053427917642
4,_f_saldo<=19 E _f_razao_fluxo<=1 E _f_velocidade>=0 E _f_ticks_s>=153.857,376,0.7207446808510638,0.6188781756963575,1.1645986385609524
4,_f_spread<=1.75 E _f_delta>=16 E _f_velocidade<=-0.216667 E _f_score<=61,487,0.7207392197125256,0.6188781756963575,1.164589814306434
4,_f_spread<=1.25 E _f_saldo>=19 E _f_aceleracao<=-0.552272 E _f_score>=47,1153,0.7207285342584562,0.6188781756963575,1.164572548462381
4,_f_spread<=1.25 E _f_delta>=0 E _f_saldo<=19 E _f_ticks_s>=153.857,555,0.7207207207207207,0.6188781756963575,1.1645599231379757
4,_f_delta<=-16 E _f_velocidade<=-0.216667 E _f_ticks_s>=153.857 E _f_score<=77,555,0.7207207207207207,0.6188781756963575,1.1645599231379757
4,_f_spread>=1.75 E _f_saldo>=19 E _f_velocidade<=-0.216667 E _f_ticks_s>=42.0552,222,0.7207207207207207,0.6188781756963575,1.1645599231379757
4,_f_spread<=1 E _f_velocidade>=0.205388 E _f_aceleracao>=0.543681 E _f_score<=61,111,0.7207207207207207,0.6188781756963575,1.1645599231379757
4,_f_delta>=0 E _f_saldo<=0 E _f_aceleracao<=-0.000831627 E _f_score>=47,111,0.7207207207207207,0.6188781756963575,1.1645599231379757
4,_f_delta>=0 E _f_razao_fluxo>=1 E _f_aceleracao<=-0.000831627 E _f_score>=47,111,0.7207207207207207,0.6188781756963575,1.1645599231379757
4,_f_razao_fluxo>=1.33364 E _f_aceleracao>=0.543681 E _f_ticks_s>=72.5852 E _f_score<=47,111,0.7207207207207207,0.6188781756963575,1.1645599231379757
4,_f_delta>=16 E _f_aceleracao<=-0.552272 E _f_ticks_s>=72.5852 E _f_score>=47,1314,0.7207001522070016,0.6188781756963575,1.164526687980352
4,_f_saldo<=19 E _f_velocidade>=0 E _f_ticks_s>=153.857 E _f_score<=77,1314,0.7207001522070016,0.6188781756963575,1.164526687980352
4,_f_saldo<=19 E _f_razao_fluxo>=0.741693 E _f_velocidade>=-0.216667 E _f_ticks_s>=153.857,2080,0.7206730769230769,0.6188781756963575,1.1644829390084412
4,_f_spread>=1.25 E _f_saldo<=-17 E _f_aceleracao>=-0.000831627 E _f_ticks_s>=72.5852,716,0.7206703910614525,0.6188781756963575,1.1644785991209967
4,_f_delta>=16 E _f_saldo>=0 E _f_razao_fluxo>=0.741693 E _f_velocidade<=-0.216667,537,0.7206703910614525,0.6188781756963575,1.1644785991209967
3,_f_spread>=1.75 E _f_razao_fluxo<=1.33364 E _f_ticks_s>=153.857,358,0.7206703910614525,0.6188781756963575,1.1644785991209967
4,_f_velocidade>=0 E _f_aceleracao<=0.543681 E _f_ticks_s>=153.857 E _f_score<=61,852,0.7206572769953051,0.6188781756963575,1.1644574090602346
4,_f_spread<=1.75 E _f_saldo>=19 E _f_velocidade<=0 E _f_aceleracao<=-0.552272,494,0.7206477732793523,0.6188781756963575,1.1644420527004111
4,_f_spread>=1 E _f_delta<=-16 E _f_razao_fluxo<=1.33364 E _f_velocidade>=0.205388,247,0.7206477732793523,0.6188781756963575,1.1644420527004111
3,_f_spread>=1 E _f_aceleracao<=-0.552272 E _f_ticks_s>=153.857,1056,0.7206439393939394,0.6188781756963575,1.1644358578052552
4,_f_spread<=1.25 E _f_saldo<=-17 E _f_velocidade<=-0.216667 E _f_aceleracao>=0.543681,587,0.7206132879045997,0.6188781756963575,1.1643863303044586
4,_f_spread>=1 E _f_saldo>=19 E _f_velocidade<=0 E _f_ticks_s>=72.5852,859,0.7206053550640279,0.6188781756963575,1.164373512207322
4,_f_delta>=0 E _f_aceleracao<=0.543681 E _f_ticks_s>=153.857 E _f_score<=77,1675,0.7205970149253731,0.6188781756963575,1.1643600359869892
4,_f_saldo>=19 E _f_velocidade<=-0.216667 E _f_ticks_s>=42.0552 E _f_score>=47,816,0.7205882352941176,0.6188781756963575,1.164345849622693
4,_f_razao_fluxo<=1.33364 E _f_velocidade>=0.205388 E _f_aceleracao<=-0.552272 E _f_ticks_s>=153.857,748,0.7205882352941176,0.6188781756963575,1.164345849622693
4,_f_saldo>=19 E _f_razao_fluxo>=0.741693 E _f_velocidade<=0.205388 E _f_aceleracao>=0.543681,408,0.7205882352941176,0.6188781756963575,1.164345849622693
4,_f_spread>=1.25 E _f_delta<=0 E _f_ticks_s>=153.857 E _f_score>=77,136,0.7205882352941176,0.6188781756963575,1.164345849622693
4,_f_spread>=1.25 E _f_saldo<=0 E _f_ticks_s>=153.857 E _f_score>=77,136,0.7205882352941176,0.6188781756963575,1.164345849622693
4,_f_spread>=1.25 E _f_razao_fluxo>=1 E _f_ticks_s>=153.857 E _f_score>=77,136,0.7205882352941176,0.6188781756963575,1.164345849622693
4,_f_saldo>=0 E _f_razao_fluxo>=1 E _f_aceleracao<=-0.552272 E _f_ticks_s<=72.5852,68,0.7205882352941176,0.6188781756963575,1.164345849622693
4,_f_saldo<=0 E _f_razao_fluxo<=1 E _f_aceleracao<=-0.552272 E _f_ticks_s<=72.5852,68,0.7205882352941176,0.6188781756963575,1.164345849622693
4,_f_spread<=1 E _f_saldo<=19 E _f_aceleracao>=0.543681 E _f_ticks_s>=72.5852,1317,0.7205770690964313,0.6188781756963575,1.1643278069801748
4,_f_saldo<=0 E _f_velocidade<=-0.216667 E _f_ticks_s>=153.857 E _f_score<=77,730,0.7205479452054795,0.6188781756963575,1.1642807478139359
4,_f_razao_fluxo>=1 E _f_velocidade<=-0.216667 E _f_ticks_s>=153.857 E _f_score<=77,730,0.7205479452054795,0.6188781756963575,1.1642807478139359
4,_f_delta>=0 E _f_velocidade>=-0.216667 E _f_aceleracao<=-0.552272 E _f_ticks_s>=153.857,891,0.7205387205387206,0.6188781756963575,1.1642658423493046
4,_f_delta<=16 E _f_saldo>=0 E _f_aceleracao<=-0.552272 E _f_ticks_s>=153.857,229,0.7205240174672489,0.6188781756963575,1.1642420847310058
4,_f_delta<=16 E _f_razao_fluxo<=1 E _f_aceleracao<=-0.552272 E _f_ticks_s>=153.857,229,0.7205240174672489,0.6188781756963575,1.1642420847310058
4,_f_spread<=1.75 E _f_razao_fluxo>=0.741693 E _f_aceleracao>=-0.000831627 E _f_ticks_s>=153.857,2805,0.7204991087344028,0.6188781756963575,1.1642018365305937
4,_f_spread>=1.25 E _f_saldo<=-17 E _f_aceleracao<=-0.000831627 E _f_ticks_s>=153.857,161,0.7204968944099379,0.6188781756963575,1.1641982585655726
4,_f_saldo>=0 E _f_aceleracao<=0.543681 E _f_ticks_s>=153.857 E _f_score<=77,1703,0.7204932472108044,0.6188781756963575,1.1641923653231274
4,_f_razao_fluxo<=1 E _f_aceleracao<=0.543681 E _f_ticks_s>=153.857 E _f_score<=77,1703,0.7204932472108044,0.6188781756963575,1.1641923653231274
3,_f_delta<=0 E _f_ticks_s>=153.857 E _f_score<=77,2118,0.720491029272899,0.6188781756963575,1.1641887815194119
4,_f_delta<=0 E _f_saldo<=19 E _f_ticks_s>=153.857 E _f_score<=77,2118,0.720491029272899,0.6188781756963575,1.1641887815194119
4,_f_delta<=0 E _f_razao_fluxo>=0.741693 E _f_ticks_s>=153.857 E _f_score<=77,2118,0.720491029272899,0.6188781756963575,1.1641887815194119
4,_f_spread<=1 E _f_delta>=0 E _f_velocidade<=-0.216667 E _f_ticks_s>=72.5852,669,0.7204783258594918,0.6188781756963575,1.1641682550023913
4,_f_saldo>=0 E _f_velocidade>=0 E _f_ticks_s>=153.857 E _f_score<=77,1177,0.7204757858963466,0.6188781756963575,1.1641641508616332
4,_f_razao_fluxo<=1 E _f_velocidade>=0 E _f_ticks_s>=153.857 E _f_score<=77,1177,0.7204757858963466,0.6188781756963575,1.1641641508616332
4,_f_spread>=1 E _f_velocidade>=0.205388 E _f_ticks_s>=153.857 E _f_score<=61,347,0.7204610951008645,0.6188781756963575,1.1641404130792083
4,_f_delta<=0 E _f_saldo>=0 E _f_razao_fluxo>=0.741693 E _f_ticks_s>=72.5852,347,0.7204610951008645,0.6188781756963575,1.1641404130792083
4,_f_delta<=0 E _f_saldo<=19 E _f_razao_fluxo<=1 E _f_ticks_s>=72.5852,347,0.7204610951008645,0.6188781756963575,1.1641404130792083
4,_f_spread<=1.25 E _f_razao_fluxo>=0.741693 E _f_aceleracao>=-0.000831627 E _f_ticks_s>=153.857,2640,0.7204545454545455,0.6188781756963575,1.1641298299845442
3,_f_saldo>=19 E _f_aceleracao<=-0.552272 E _f_ticks_s>=72.5852,1413,0.7204529370134466,0.6188781756963575,1.1641272310221602
4,_f_delta>=-16 E _f_saldo>=19 E _f_aceleracao<=-0.552272 E _f_ticks_s>=72.5852,1413,0.7204529370134466,0.6188781756963575,1.1641272310221602
4,_f_delta>=0 E _f_saldo>=19 E _f_aceleracao<=-0.552272 E _f_ticks_s>=72.5852,1413,0.7204529370134466,0.6188781756963575,1.1641272310221602
4,_f_saldo>=19 E _f_razao_fluxo<=1 E _f_aceleracao<=-0.552272 E _f_ticks_s>=72.5852,1413,0.7204529370134466,0.6188781756963575,1.1641272310221602
4,_f_saldo>=19 E _f_razao_fluxo<=1.33364 E _f_aceleracao<=-0.552272 E _f_ticks_s>=72.5852,1413,0.7204529370134466,0.6188781756963575,1.1641272310221602
4,_f_spread<=1.25 E _f_delta>=0 E _f_ticks_s>=153.857 E _f_score<=61,973,0.7204522096608428,0.6188781756963575,1.164126055746262
4,_f_razao_fluxo>=0.741693 E _f_velocidade>=0.205388 E _f_aceleracao<=-0.552272 E _f_score>=61,465,0.7204301075268817,0.6188781756963575,1.1640903425238072
4,_f_spread>=1.75 E _f_velocidade>=0.205388 E _f_aceleracao<=-0.000831627 E _f_ticks_s>=153.857,93,0.7204301075268817,0.6188781756963575,1.1640903425238072
4,_f_saldo>=19 E _f_razao_fluxo>=0.741693 E _f_velocidade<=0 E _f_score>=77,93,0.7204301075268817,0.6188781756963575,1.1640903425238072
4,_f_spread<=1.25 E _f_delta<=0 E _f_ticks_s>=153.857 E _f_score<=77,1874,0.7203842049092849,0.6188781756963575,1.164016171839819
3,_f_velocidade>=0.205388 E _f_ticks_s>=72.5852 E _f_score<=47,540,0.7203703703703703,0.6188781756963575,1.1639938176197835
4,_f_delta>=-16 E _f_aceleracao<=-0.000831627 E _f_ticks_s>=153.857 E _f_score<=77,1652,0.7203389830508474,0.6188781756963575,1.1639431011447883
4,_f_delta>=16 E _f_velocidade<=0 E _f_ticks_s>=72.5852 E _f_score<=77,1298,0.7203389830508474,0.6188781756963575,1.1639431011447883
4,_f_spread>=1 E _f_velocidade>=0.205388 E _f_aceleracao>=0.543681 E _f_score<=47,118,0.7203389830508474,0.6188781756963575,1.1639431011447883
4,_f_spread>=1.75 E _f_delta<=16 E _f_velocidade>=0 E _f_ticks_s>=153.857,118,0.7203389830508474,0.6188781756963575,1.1639431011447883
4,_f_delta<=16 E _f_saldo>=19 E _f_razao_fluxo>=0.741693 E _f_aceleracao>=-0.000831627,118,0.7203389830508474,0.6188781756963575,1.1639431011447883
4,_f_spread<=1.25 E _f_saldo>=0 E _f_ticks_s>=153.857 E _f_score<=61,994,0.7203219315895373,0.6188781756963575,1.1639155489350324
4,_f_spread<=1.25 E _f_razao_fluxo<=1 E _f_ticks_s>=153.857 E _f_score<=61,994,0.7203219315895373,0.6188781756963575,1.1639155489350324
4,_f_spread<=1.75 E _f_saldo>=19 E _f_velocidade<=-0.216667 E _f_score<=77,758,0.7203166226912929,0.6188781756963575,1.163906970674475
4,_f_razao_fluxo<=1.33364 E _f_velocidade>=0 E _f_aceleracao<=-0.552272 E _f_ticks_s>=153.857,1044,0.7203065134099617,0.6188781756963575,1.1638906358258274
4,_f_saldo<=-17 E _f_razao_fluxo>=1.33364 E _f_ticks_s>=72.5852 E _f_score<=61,522,0.7203065134099617,0.6188781756963575,1.1638906358258274
4,_f_spread<=1.75 E _f_razao_fluxo<=0.741693 E _f_velocidade<=0.205388 E _f_ticks_s>=153.857,261,0.7203065134099617,0.6188781756963575,1.1638906358258274
4,_f_spread<=1.75 E _f_velocidade<=0 E _f_ticks_s>=153.857 E _f_score<=47,261,0.7203065134099617,0.6188781756963575,1.1638906358258274
4,_f_delta<=0 E _f_saldo>=0 E _f_velocidade>=-0.216667 E _f_ticks_s>=72.5852,261,0.7203065134099617,0.6188781756963575,1.1638906358258274
4,_f_delta<=0 E _f_razao_fluxo<=1 E _f_velocidade>=-0.216667 E _f_ticks_s>=72.5852,261,0.7203065134099617,0.6188781756963575,1.1638906358258274
4,_f_delta>=16 E _f_velocidade<=0 E _f_aceleracao<=-0.552272 E _f_score<=61,404,0.7202970297029703,0.6188781756963575,1.163875311797022
4,_f_saldo<=0 E _f_velocidade>=0.205388 E _f_ticks_s>=153.857 E _f_score>=47,572,0.7202797202797203,0.6188781756963575,1.1638473427654263
4,_f_razao_fluxo>=1 E _f_velocidade>=0.205388 E _f_ticks_s>=153.857 E _f_score>=47,572,0.7202797202797203,0.6188781756963575,1.1638473427654263
4,_f_spread>=1.25 E _f_saldo<=-17 E _f_velocidade>=0 E _f_ticks_s>=72.5852,454,0.7202643171806168,0.6188781756963575,1.163822454023654
4,_f_spread<=1.25 E _f_velocidade>=-0.216667 E _f_ticks_s>=153.857 E _f_score<=77,2581,0.7202634637737311,0.6188781756963575,1.1638210750658569
3,_f_razao_fluxo<=0.741693 E _f_ticks_s>=72.5852 E _f_score<=47,311,0.7202572347266881,0.6188781756963575,1.163811010004125
4,_f_delta>=-16 E _f_razao_fluxo<=0.741693 E _f_ticks_s>=72.5852 E _f_score<=47,311,0.7202572347266881,0.6188781756963575,1.163811010004125
4,_f_delta>=0 E _f_razao_fluxo<=0.741693 E _f_ticks_s>=72.5852 E _f_score<=47,311,0.7202572347266881,0.6188781756963575,1.163811010004125
4,_f_saldo>=-17 E _f_razao_fluxo<=0.741693 E _f_ticks_s>=72.5852 E _f_score<=47,311,0.7202572347266881,0.6188781756963575,1.163811010004125
4,_f_saldo>=0 E _f_razao_fluxo<=0.741693 E _f_ticks_s>=72.5852 E _f_score<=47,311,0.7202572347266881,0.6188781756963575,1.163811010004125
4,_f_spread>=1 E _f_delta<=-16 E _f_ticks_s>=72.5852 E _f_score<=61,790,0.720253164556962,0.6188781756963575,1.1638044333144208
4,_f_delta<=0 E _f_velocidade>=0 E _f_ticks_s>=153.857 E _f_score>=61,504,0.7202380952380952,0.6188781756963575,1.1637800839037316
4,_f_spread<=1.25 E _f_saldo>=19 E _f_velocidade<=0 E _f_aceleracao>=0.543681,336,0.7202380952380952,0.6188781756963575,1.1637800839037316
4,_f_delta<=0 E _f_velocidade>=0 E _f_aceleracao<=-0.552272 E _f_ticks_s>=153.857,336,0.7202380952380952,0.6188781756963575,1.1637800839037316
4,_f_saldo>=19 E _f_velocidade>=0 E _f_ticks_s>=153.857 E _f_score<=77,865,0.7202312138728324,0.6188781756963575,1.1637689648086769
4,_f_spread<=1 E _f_delta<=0 E _f_ticks_s>=153.857 E _f_score<=47,193,0.7202072538860104,0.6188781756963575,1.1637302496176054
4,_f_spread<=1.75 E _f_razao_fluxo<=0.741693 E _f_ticks_s>=72.5852 E _f_score<=47,193,0.7202072538860104,0.6188781756963575,1.1637302496176054
4,_f_saldo>=-17 E _f_razao_fluxo>=1 E _f_aceleracao>=0.543681 E _f_ticks_s>=153.857,218,0.7201834862385321,0.6188781756963575,1.1636918452136182
4,_f_spread<=1.25 E _f_saldo<=0 E _f_ticks_s>=153.857 E _f_score<=77,1851,0.7201512695840087,0.6188781756963575,1.1636397886768255
4,_f_spread<=1.25 E _f_razao_fluxo>=1 E _f_ticks_s>=153.857 E _f_score<=77,1851,0.7201512695840087,0.6188781756963575,1.1636397886768255
4,_f_spread<=1 E _f_saldo<=-17 E _f_razao_fluxo<=1.33364 E _f_score<=61,536,0.7201492537313433,0.6188781756963575,1.1636365314078756
4,_f_delta>=16 E _f_razao_fluxo>=0.741693 E _f_velocidade<=-0.216667 E _f_ticks_s>=42.0552,536,0.7201492537313433,0.6188781756963575,1.1636365314078756
4,_f_delta<=-16 E _f_velocidade>=0.205388 E _f_aceleracao>=0.543681 E _f_score<=77,268,0.7201492537313433,0.6188781756963575,1.1636365314078756
4,_f_spread>=1.25 E _f_saldo>=-17 E _f_razao_fluxo>=0.741693 E _f_ticks_s>=153.857,561,0.7201426024955436,0.6188781756963575,1.1636257841621964
4,_f_spread>=1.75 E _f_saldo>=-17 E _f_razao_fluxo<=1.33364 E _f_ticks_s>=153.857,318,0.720125786163522,0.6188781756963575,1.1635986118806683
4,_f_spread<=1.25 E _f_delta>=0 E _f_aceleracao<=-0.552272 E _f_ticks_s>=72.5852,1297,0.7201233616037008,0.6188781756963575,1.1635946942117048
4,_f_spread>=1.25 E _f_saldo<=-17 E _f_velocidade>=-0.216667 E _f_score<=47,343,0.7201166180758017,0.6188781756963575,1.1635837978379693
4,_f_spread<=1 E _f_delta<=0 E _f_velocidade>=0.205388 E _f_score<=61,393,0.7201017811704835,0.6188781756963575,1.1635598239673421
4,_f_spread>=1.25 E _f_saldo<=0 E _f_ticks_s>=153.857 E _f_score>=47,393,0.7201017811704835,0.6188781756963575,1.1635598239673421
4,_f_spread>=1.25 E _f_razao_fluxo>=1 E _f_ticks_s>=153.857 E _f_score>=47,393,0.7201017811704835,0.6188781756963575,1.1635598239673421
4,_f_delta<=-16 E _f_velocidade>=0.205388 E _f_ticks_s>=72.5852 E _f_score<=61,393,0.7201017811704835,0.6188781756963575,1.1635598239673421
4,_f_spread<=1.75 E _f_aceleracao>=-0.552272 E _f_ticks_s>=153.857 E _f_score<=77,2733,0.7200878155872668,0.6188781756963575,1.163537258002399
4,_f_spread>=1 E _f_velocidade>=-0.216667 E _f_ticks_s>=153.857 E _f_score>=47,1679,0.7200714711137582,0.6188781756963575,1.1635108481625462
4,_f_spread<=1 E _f_delta>=0 E _f_ticks_s>=153.857 E _f_score<=61,893,0.7200447928331467,0.6188781756963575,1.1634677406792657
4,_f_spread>=1 E _f_velocidade>=-0.216667 E _f_ticks_s>=153.857 E _f_score>=61,1218,0.7200328407224958,0.6188781756963575,1.1634484281374438
3,_f_saldo<=19 E _f_velocidade>=-0.216667 E _f_ticks_s>=153.857,2093,0.7200191113234592,0.6188781756963575,1.1634262438052507
4,_f_saldo>=19 E _f_aceleracao<=-0.000831627 E _f_ticks_s>=153.857 E _f_score>=47,1350,0.72,0.6188781756963575,1.1633953632148377
4,_f_saldo<=-17 E _f_aceleracao>=-0.000831627 E _f_ticks_s>=153.857 E _f_score>=61,1000,0.72,0.6188781756963575,1.1633953632148377
4,_f_saldo>=-17 E _f_velocidade>=0 E _f_ticks_s>=153.857 E _f_score<=61,725,0.72,0.6188781756963575,1.1633953632148377
4,_f_delta>=0 E _f_velocidade<=0 E _f_aceleracao>=0.543681 E _f_ticks_s>=72.5852,675,0.72,0.6188781756963575,1.1633953632148377
4,_f_delta<=-16 E _f_razao_fluxo<=1.33364 E _f_aceleracao>=0.543681 E _f_score<=61,325,0.72,0.6188781756963575,1.1633953632148377
4,_f_spread>=1.75 E _f_saldo<=19 E _f_velocidade>=0.205388 E _f_aceleracao<=-0.552272,275,0.72,0.6188781756963575,1.1633953632148377
4,_f_spread>=1.25 E _f_velocidade<=-0.216667 E _f_aceleracao<=0.543681 E _f_ticks_s>=153.857,250,0.72,0.6188781756963575,1.1633953632148377
4,_f_spread>=1.75 E _f_delta>=0 E _f_velocidade>=0.205388 E _f_score<=47,200,0.72,0.6188781756963575,1.1633953632148377
4,_f_spread>=1.75 E _f_saldo<=0 E _f_velocidade>=0.205388 E _f_aceleracao<=-0.552272,150,0.72,0.6188781756963575,1.1633953632148377
4,_f_spread>=1.75 E _f_razao_fluxo>=1 E _f_velocidade>=0.205388 E _f_aceleracao<=-0.552272,150,0.72,0.6188781756963575,1.1633953632148377
4,_f_spread>=1.75 E _f_delta<=16 E _f_aceleracao>=0.543681 E _f_ticks_s>=153.857,100,0.72,0.6188781756963575,1.1633953632148377
4,_f_spread<=1.75 E _f_saldo>=19 E _f_aceleracao>=-0.000831627 E _f_score<=47,100,0.72,0.6188781756963575,1.1633953632148377
4,_f_delta<=-16 E _f_aceleracao<=0.543681 E _f_ticks_s>=72.5852 E _f_score<=47,100,0.72,0.6188781756963575,1.1633953632148377
4,_f_delta<=16 E _f_saldo>=19 E _f_velocidade<=-0.216667 E _f_aceleracao<=-0.000831627,75,0.72,0.6188781756963575,1.1633953632148377
4,_f_spread<=1 E _f_saldo>=19 E _f_ticks_s>=72.5852 E _f_score<=47,50,0.72,0.6188781756963575,1.1633953632148377
4,_f_spread<=1 E _f_saldo<=19 E _f_razao_fluxo<=0.741693 E _f_aceleracao<=-0.552272,50,0.72,0.6188781756963575,1.1633953632148377
4,_f_delta<=-16 E _f_aceleracao<=-0.000831627 E _f_ticks_s<=42.0552 E _f_score<=47,50,0.72,0.6188781756963575,1.1633953632148377
4,_f_delta<=0 E _f_saldo>=0 E _f_velocidade>=0.205388 E _f_aceleracao<=-0.552272,50,0.72,0.6188781756963575,1.1633953632148377
4,_f_delta<=0 E _f_razao_fluxo<=1 E _f_velocidade>=0.205388 E _f_aceleracao<=-0.552272,50,0.72,0.6188781756963575,1.1633953632148377
4,_f_saldo<=-17 E _f_velocidade>=0.205388 E _f_aceleracao>=-0.552272 E _f_ticks_s<=42.0552,50,0.72,0.6188781756963575,1.1633953632148377
4,_f_saldo<=-17 E _f_velocidade>=0.205388 E _f_aceleracao<=0.543681 E _f_ticks_s<=42.0552,50,0.72,0.6188781756963575,1.1633953632148377
4,_f_spread<=1 E _f_delta>=0 E _f_saldo<=0 E _f_ticks_s>=153.857,25,0.72,0.6188781756963575,1.1633953632148377
4,_f_spread<=1 E _f_delta>=0 E _f_razao_fluxo>=1 E _f_ticks_s>=153.857,25,0.72,0.6188781756963575,1.1633953632148377
4,_f_spread<=1 E _f_saldo>=19 E _f_velocidade<=-0.216667 E _f_score<=47,25,0.72,0.6188781756963575,1.1633953632148377
4,_f_spread<=1 E _f_razao_fluxo>=1.33364 E _f_velocidade>=0.205388 E _f_aceleracao<=-0.552272,25,0.72,0.6188781756963575,1.1633953632148377
4,_f_saldo<=-17 E _f_aceleracao<=-0.552272 E _f_ticks_s<=72.5852 E _f_score<=47,25,0.72,0.6188781756963575,1.1633953632148377
4,_f_saldo>=19 E _f_razao_fluxo>=0.741693 E _f_aceleracao>=0.543681 E _f_score<=47,25,0.72,0.6188781756963575,1.1633953632148377
4,_f_saldo>=19 E _f_velocidade>=0.205388 E _f_aceleracao>=-0.552272 E _f_score<=47,25,0.72,0.6188781756963575,1.1633953632148377
4,_f_delta>=16 E _f_saldo>=0 E _f_velocidade<=0 E _f_ticks_s>=72.5852,1407,0.7199715707178393,0.6188781756963575,1.163349426416164
4,_f_delta>=16 E _f_razao_fluxo<=1 E _f_velocidade<=0 E _f_ticks_s>=72.5852,1407,0.7199715707178393,0.6188781756963575,1.163349426416164
4,_f_delta<=0 E _f_saldo<=0 E _f_ticks_s>=153.857 E _f_score<=77,2064,0.7199612403100775,0.6188781756963575,1.163332734265483
4,_f_delta<=0 E _f_razao_fluxo>=1 E _f_ticks_s>=153.857 E _f_score<=77,2064,0.7199612403100775,0.6188781756963575,1.163332734265483
4,_f_velocidade>=0.205388 E _f_aceleracao<=-0.552272 E _f_ticks_s>=153.857 E _f_score>=47,707,0.7199434229137199,0.6188781756963575,1.1633039444372788
4,_f_spread<=1.25 E _f_saldo<=19 E _f_razao_fluxo<=1 E _f_ticks_s>=153.857,582,0.7199312714776632,0.6188781756963575,1.1632843098201056
4,_f_spread<=1 E _f_delta<=16 E _f_velocidade>=-0.216667 E _f_ticks_s>=153.857,1721,0.7199302730970366,0.6188781756963575,1.1632826966098393
4,_f_spread<=1 E _f_saldo>=19 E _f_velocidade<=0 E _f_score>=61,532,0.7199248120300752,0.6188781756963575,1.1632738724709766
4,_f_spread>=1 E _f_razao_fluxo<=1.33364 E _f_ticks_s>=153.857 E _f_score>=61,1703,0.719906048150323,0.6188781756963575,1.1632435532894494
4,_f_saldo>=19 E _f_velocidade<=0 E _f_ticks_s>=42.0552 E _f_score>=61,764,0.7198952879581152,0.6188781756963575,1.1632261666815022
4,_f_spread<=1 E _f_saldo>=19 E _f_razao_fluxo>=0.741693 E _f_velocidade<=0,739,0.7198917456021651,0.6188781756963575,1.1632204428474922
4,_f_saldo<=0 E _f_velocidade>=0.205388 E _f_aceleracao<=-0.552272 E _f_ticks_s>=72.5852,357,0.7198879551820728,0.6188781756963575,1.16321431818477
4,_f_razao_fluxo>=1 E _f_velocidade>=0.205388 E _f_aceleracao<=-0.552272 E _f_ticks_s>=72.5852,357,0.7198879551820728,0.6188781756963575,1.16321431818477
4,_f_saldo>=19 E _f_aceleracao<=-0.000831627 E _f_ticks_s>=153.857 E _f_score>=61,996,0.7198795180722891,0.6188781756963575,1.1632006852758794
4,_f_delta<=0 E _f_saldo>=-17 E _f_aceleracao<=-0.000831627 E _f_ticks_s>=153.857,332,0.7198795180722891,0.6188781756963575,1.1632006852758794
4,_f_delta>=0 E _f_velocidade<=-0.216667 E _f_ticks_s>=153.857 E _f_score>=61,307,0.7198697068403909,0.6188781756963575,1.1631848320235212
4,_f_velocidade>=-0.216667 E _f_aceleracao<=0.543681 E _f_ticks_s>=153.857 E _f_score<=47,307,0.7198697068403909,0.6188781756963575,1.1631848320235212
3,_f_delta>=16 E _f_velocidade<=0 E _f_ticks_s>=72.5852,1410,0.7198581560283688,0.6188781756963575,1.1631661679108158
4,_f_delta>=16 E _f_saldo>=-17 E _f_velocidade<=0 E _f_ticks_s>=72.5852,1410,0.7198581560283688,0.6188781756963575,1.1631661679108158
4,_f_delta>=16 E _f_razao_fluxo<=1.33364 E _f_velocidade<=0 E _f_ticks_s>=72.5852,1410,0.7198581560283688,0.6188781756963575,1.1631661679108158
3,_f_delta>=16 E _f_razao_fluxo>=0.741693 E _f_velocidade<=-0.216667,539,0.7198515769944341,0.6188781756963575,1.163155537330852
4,_f_delta>=16 E _f_saldo>=-17 E _f_razao_fluxo>=0.741693 E _f_velocidade<=-0.216667,539,0.7198515769944341,0.6188781756963575,1.163155537330852
4,_f_spread>=1 E _f_delta<=-16 E _f_ticks_s>=72.5852 E _f_score<=77,1542,0.7198443579766537,0.6188781756963575,1.1631438726477787
4,_f_spread<=1 E _f_velocidade<=-0.216667 E _f_aceleracao>=0.543681 E _f_ticks_s>=42.0552,771,0.7198443579766537,0.6188781756963575,1.1631438726477787
4,_f_spread<=1.75 E _f_saldo>=19 E _f_velocidade<=-0.216667 E _f_aceleracao>=0.543681,257,0.7198443579766537,0.6188781756963575,1.1631438726477787
4,_f_delta>=16 E _f_razao_fluxo>=0.741693 E _f_velocidade<=-0.216667 E _f_score>=61,257,0.7198443579766537,0.6188781756963575,1.1631438726477787
4,_f_delta<=16 E _f_saldo>=19 E _f_aceleracao>=-0.552272 E _f_ticks_s>=72.5852,257,0.7198443579766537,0.6188781756963575,1.1631438726477787
4,_f_spread>=1.25 E _f_razao_fluxo>=0.741693 E _f_ticks_s>=153.857 E _f_score>=47,721,0.7198335644937587,0.6188781756963575,1.163126432247844
4,_f_spread>=1 E _f_saldo>=19 E _f_velocidade<=-0.216667 E _f_aceleracao>=0.543681,232,0.7198275862068966,0.6188781756963575,1.163116772371156
4,_f_spread<=1.75 E _f_saldo<=19 E _f_velocidade>=-0.216667 E _f_ticks_s>=153.857,1988,0.7198189134808853,0.6188781756963575,1.1631027587472285
4,_f_spread>=1 E _f_delta>=0 E _f_velocidade<=-0.216667 E _f_ticks_s>=72.5852,878,0.7198177676537585,0.6188781756963575,1.1631009072889418
4,_f_saldo>=19 E _f_velocidade<=-0.216667 E _f_aceleracao<=0.543681 E _f_ticks_s>=42.0552,646,0.7198142414860681,0.6188781756963575,1.163095209612357
4,_f_spread<=1.25 E _f_velocidade<=0 E _f_ticks_s>=153.857 E _f_score<=47,207,0.7198067632850241,0.6188781756963575,1.1630831261339964
4,_f_saldo>=19 E _f_velocidade<=0 E _f_aceleracao<=-0.000831627 E _f_score>=61,364,0.7197802197802198,0.6188781756963575,1.1630402364250896
4,_f_spread>=1 E _f_delta<=-16 E _f_velocidade>=0.205388 E _f_aceleracao<=-0.552272,182,0.7197802197802198,0.6188781756963575,1.1630402364250896
4,_f_spread>=1.75 E _f_delta>=16 E _f_razao_fluxo<=0.741693 E _f_score<=47,182,0.7197802197802198,0.6188781756963575,1.1630402364250896
3,_f_velocidade<=-0.216667 E _f_ticks_s>=72.5852 E _f_score<=47,521,0.7197696737044146,0.6188781756963575,1.1630231957921842
4,_f_spread>=1.75 E _f_delta>=16 E _f_razao_fluxo<=0.741693 E _f_velocidade<=-0.216667,157,0.7197452229299363,0.6188781756963575,1.162983687573219
3,_f_saldo>=0 E _f_ticks_s>=153.857 E _f_score<=47,289,0.7197231833910035,0.6188781756963575,1.1629480754934942
3,_f_razao_fluxo<=1 E _f_ticks_s>=153.857 E _f_score<=47,289,0.7197231833910035,0.6188781756963575,1.1629480754934942
4,_f_delta>=-16 E _f_saldo>=0 E _f_ticks_s>=153.857 E _f_score<=47,289,0.7197231833910035,0.6188781756963575,1.1629480754934942
4,_f_delta>=-16 E _f_razao_fluxo<=1 E _f_ticks_s>=153.857 E _f_score<=47,289,0.7197231833910035,0.6188781756963575,1.1629480754934942
4,_f_saldo>=-17 E _f_razao_fluxo<=1 E _f_ticks_s>=153.857 E _f_score<=47,289,0.7197231833910035,0.6188781756963575,1.1629480754934942
4,_f_saldo>=0 E _f_razao_fluxo<=1 E _f_ticks_s>=153.857 E _f_score<=47,289,0.7197231833910035,0.6188781756963575,1.1629480754934942
4,_f_saldo>=0 E _f_razao_fluxo<=1.33364 E _f_ticks_s>=153.857 E _f_score<=47,289,0.7197231833910035,0.6188781756963575,1.1629480754934942
4,_f_spread>=1 E _f_delta>=16 E _f_aceleracao<=-0.552272 E _f_ticks_s>=72.5852,842,0.7197149643705463,0.6188781756963575,1.1629347949792024
4,_f_spread<=1.25 E _f_delta>=16 E _f_velocidade<=-0.216667 E _f_aceleracao<=0.543681,421,0.7197149643705463,0.6188781756963575,1.1629347949792024
4,_f_spread>=1.75 E _f_aceleracao<=-0.000831627 E _f_ticks_s>=72.5852 E _f_score<=47,528,0.7196969696969697,0.6188781756963575,1.1629057187017002
4,_f_saldo<=19 E _f_velocidade>=0.205388 E _f_ticks_s>=153.857 E _f_score>=61,396,0.7196969696969697,0.6188781756963575,1.1629057187017002
3,_f_delta<=0 E _f_velocidade>=-0.216667 E _f_ticks_s>=153.857,1641,0.7196831200487508,0.6188781756963575,1.1628833400676446
4,_f_delta<=0 E _f_saldo<=19 E _f_velocidade>=-0.216667 E _f_ticks_s>=153.857,1641,0.7196831200487508,0.6188781756963575,1.1628833400676446
4,_f_delta<=0 E _f_razao_fluxo>=0.741693 E _f_velocidade>=-0.216667 E _f_ticks_s>=153.857,1641,0.7196831200487508,0.6188781756963575,1.1628833400676446
4,_f_saldo<=-17 E _f_razao_fluxo<=1.33364 E _f_velocidade<=0 E _f_aceleracao>=0.543681,478,0.7196652719665272,0.6188781756963575,1.1628545006563928
3,_f_spread>=1.75 E _f_velocidade<=0 E _f_ticks_s>=153.857,239,0.7196652719665272,0.6188781756963575,1.1628545006563928
4,_f_spread>=1.25 E _f_delta<=0 E _f_velocidade<=-0.216667 E _f_ticks_s>=153.857,239,0.7196652719665272,0.6188781756963575,1.1628545006563928
4,_f_spread>=1.25 E _f_velocidade<=-0.216667 E _f_ticks_s>=153.857 E _f_score>=61,239,0.7196652719665272,0.6188781756963575,1.1628545006563928
4,_f_spread<=1.25 E _f_saldo>=19 E _f_velocidade<=-0.216667 E _f_score>=47,585,0.7196581196581197,0.6188781756963575,1.1628429437641183
4,_f_delta<=-16 E _f_velocidade>=0 E _f_aceleracao>=-0.552272 E _f_ticks_s>=153.857,560,0.7196428571428571,0.6188781756963575,1.162818282181497
4,_f_razao_fluxo<=1.33364 E _f_velocidade<=0 E _f_aceleracao>=0.543681 E _f_ticks_s>=72.5852,1416,0.719632768361582,0.6188781756963575,1.1628019804573915
4,_f_spread<=1.25 E _f_saldo<=0 E _f_velocidade>=0.205388 E _f_aceleracao>=0.543681,321,0.719626168224299,0.6188781756963575,1.1627913157780698
4,_f_spread<=1.25 E _f_razao_fluxo>=1 E _f_velocidade>=0.205388 E _f_aceleracao>=0.543681,321,0.719626168224299,0.6188781756963575,1.1627913157780698
4,_f_saldo<=19 E _f_velocidade>=-0.216667 E _f_ticks_s>=153.857 E _f_score>=77,321,0.719626168224299,0.6188781756963575,1.1627913157780698
3,_f_delta<=-16 E _f_aceleracao>=0.543681 E _f_ticks_s>=72.5852,1380,0.7195652173913043,0.6188781756963575,1.1626928297829446
4,_f_delta<=-16 E _f_saldo<=0 E _f_aceleracao>=0.543681 E _f_ticks_s>=72.5852,1380,0.7195652173913043,0.6188781756963575,1.1626928297829446
4,_f_delta<=-16 E _f_saldo<=19 E _f_aceleracao>=0.543681 E _f_ticks_s>=72.5852,1380,0.7195652173913043,0.6188781756963575,1.1626928297829446
4,_f_delta<=-16 E _f_razao_fluxo>=0.741693 E _f_aceleracao>=0.543681 E _f_ticks_s>=72.5852,1380,0.7195652173913043,0.6188781756963575,1.1626928297829446
4,_f_delta<=-16 E _f_razao_fluxo>=1 E _f_aceleracao>=0.543681 E _f_ticks_s>=72.5852,1380,0.7195652173913043,0.6188781756963575,1.1626928297829446
4,_f_spread>=1.75 E _f_razao_fluxo<=0.741693 E _f_aceleracao<=-0.000831627 E _f_ticks_s>=72.5852,460,0.7195652173913043,0.6188781756963575,1.1626928297829446
4,_f_razao_fluxo<=1.33364 E _f_velocidade>=-0.216667 E _f_ticks_s>=153.857 E _f_score<=61,1462,0.719562243502052,0.6188781756963575,1.162688024492713
4,_f_delta>=-16 E _f_velocidade>=0 E _f_ticks_s>=153.857 E _f_score<=61,731,0.719562243502052,0.6188781756963575,1.162688024492713
4,_f_delta>=16 E _f_aceleracao<=-0.552272 E _f_ticks_s>=72.5852 E _f_score<=77,1141,0.7195442594215601,0.6188781756963575,1.1626589653318018
4,_f_spread>=1.75 E _f_saldo>=19 E _f_velocidade<=0.205388 E _f_ticks_s>=72.5852,410,0.7195121951219512,0.6188781756963575,1.1626071549741772
4,_f_spread<=1.75 E _f_razao_fluxo>=1.33364 E _f_aceleracao>=-0.000831627 E _f_ticks_s>=153.857,410,0.7195121951219512,0.6188781756963575,1.1626071549741772
4,_f_spread>=1.25 E _f_aceleracao>=0.543681 E _f_ticks_s>=153.857 E _f_score>=47,328,0.7195121951219512,0.6188781756963575,1.1626071549741772
4,_f_spread>=1.75 E _f_razao_fluxo<=1.33364 E _f_aceleracao<=0.543681 E _f_ticks_s>=153.857,246,0.7195121951219512,0.6188781756963575,1.1626071549741772
4,_f_spread<=1 E _f_delta<=16 E _f_saldo>=19 E _f_score>=47,82,0.7195121951219512,0.6188781756963575,1.1626071549741772
4,_f_spread>=1.25 E _f_saldo<=-17 E _f_velocidade>=0.205388 E _f_ticks_s>=153.857,82,0.7195121951219512,0.6188781756963575,1.1626071549741772
4,_f_spread>=1.75 E _f_delta<=-16 E _f_aceleracao>=-0.552272 E _f_ticks_s>=153.857,82,0.7195121951219512,0.6188781756963575,1.1626071549741772
4,_f_spread>=1.75 E _f_razao_fluxo<=0.741693 E _f_velocidade>=0.205388 E _f_score<=47,82,0.7195121951219512,0.6188781756963575,1.1626071549741772
4,_f_delta<=16 E _f_saldo>=19 E _f_razao_fluxo>=0.741693 E _f_score<=47,82,0.7195121951219512,0.6188781756963575,1.1626071549741772
4,_f_saldo>=0 E _f_razao_fluxo>=1 E _f_velocidade<=-0.216667 E _f_ticks_s<=153.857,82,0.7195121951219512,0.6188781756963575,1.1626071549741772
4,_f_saldo<=0 E _f_razao_fluxo<=1 E _f_velocidade<=-0.216667 E _f_ticks_s<=153.857,82,0.7195121951219512,0.6188781756963575,1.1626071549741772
4,_f_saldo<=0 E _f_velocidade>=0.205388 E _f_ticks_s<=153.857 E _f_score>=77,82,0.7195121951219512,0.6188781756963575,1.1626071549741772
4,_f_saldo>=19 E _f_velocidade<=-0.216667 E _f_aceleracao>=-0.000831627 E _f_score<=47,82,0.7195121951219512,0.6188781756963575,1.1626071549741772
4,_f_razao_fluxo>=1 E _f_velocidade>=0.205388 E _f_ticks_s<=153.857 E _f_score>=77,82,0.7195121951219512,0.6188781756963575,1.1626071549741772
4,_f_delta>=16 E _f_aceleracao>=-0.552272 E _f_ticks_s>=153.857 E _f_score<=77,877,0.7194982896237172,0.6188781756963575,1.1625846860961653
4,_f_spread<=1 E _f_saldo<=19 E _f_razao_fluxo<=1 E _f_ticks_s>=153.857,549,0.7194899817850637,0.6188781756963575,1.1625712620670434
4,_f_spread<=1.75 E _f_delta>=-16 E _f_saldo<=19 E _f_ticks_s>=153.857,1237,0.719482619240097,0.6188781756963575,1.1625593654688826
4,_f_velocidade<=-0.216667 E _f_aceleracao<=-0.552272 E _f_ticks_s>=42.0552 E _f_score<=61,385,0.7194805194805195,0.6188781756963575,1.1625559726208876
4,_f_delta<=0 E _f_saldo<=0 E _f_velocidade>=-0.216667 E _f_ticks_s>=153.857,1597,0.7194740137758296,0.6188781756963575,1.1625454605282897
4,_f_delta<=0 E _f_razao_fluxo>=1 E _f_velocidade>=-0.216667 E _f_ticks_s>=153.857,1597,0.7194740137758296,0.6188781756963575,1.1625454605282897
4,_f_saldo>=19 E _f_velocidade>=-0.216667 E _f_aceleracao<=-0.552272 E _f_score>=77,303,0.7194719471947195,0.6188781756963575,1.1625421212909546
4,_f_saldo>=0 E _f_velocidade<=0 E _f_ticks_s>=72.5852 E _f_score>=61,827,0.7194679564691656,0.6188781756963575,1.1625356729692806
4,_f_razao_fluxo<=1 E _f_velocidade<=0 E _f_ticks_s>=72.5852 E _f_score>=61,827,0.7194679564691656,0.6188781756963575,1.1625356729692806
4,_f_saldo>=19 E _f_razao_fluxo>=0.741693 E _f_velocidade<=-0.216667 E _f_score>=47,524,0.7194656488549618,0.6188781756963575,1.1625319442641906
4,_f_spread>=1 E _f_aceleracao<=-0.552272 E _f_ticks_s>=153.857 E _f_score>=47,966,0.7194616977225673,0.6188781756963575,1.1625255599182083
4,_f_spread<=1 E _f_aceleracao<=-0.552272 E _f_ticks_s>=72.5852 E _f_score<=77,1326,0.7194570135746606,0.6188781756963575,1.1625179911460484
4,_f_spread<=1 E _f_razao_fluxo<=0.741693 E _f_aceleracao<=-0.552272 E _f_ticks_s>=72.5852,278,0.7194244604316546,0.6188781756963575,1.162465390902116
4,_f_saldo<=-17 E _f_velocidade>=0.205388 E _f_aceleracao>=0.543681 E _f_ticks_s>=42.0552,278,0.7194244604316546,0.6188781756963575,1.162465390902116
4,_f_saldo>=-17 E _f_razao_fluxo>=1 E _f_aceleracao>=-0.552272 E _f_ticks_s>=153.857,474,0.7194092827004219,0.6188781756963575,1.1624408663158101
4,_f_spread<=1.25 E _f_saldo<=0 E _f_velocidade>=-0.216667 E _f_ticks_s>=153.857,1454,0.71939477303989,0.6188781756963575,1.1624174212161091
4,_f_spread<=1.25 E _f_razao_fluxo>=1 E _f_velocidade>=-0.216667 E _f_ticks_s>=153.857,1454,0.71939477303989,0.6188781756963575,1.1624174212161091
4,_f_spread>=1.75 E _f_saldo>=0 E _f_ticks_s>=153.857 E _f_score<=77,196,0.7193877551020408,0.6188781756963575,1.1624060814433965
4,_f_spread>=1.75 E _f_razao_fluxo<=1 E _f_ticks_s>=153.857 E _f_score<=77,196,0.7193877551020408,0.6188781756963575,1.1624060814433965
4,_f_spread<=1 E _f_delta>=-16 E _f_aceleracao<=-0.552272 E _f_ticks_s>=72.5852,1290,0.7193798449612403,0.6188781756963575,1.162393300025161
4,_f_delta<=16 E _f_velocidade<=0 E _f_ticks_s>=153.857 E _f_score<=77,1404,0.7193732193732194,0.6188781756963575,1.1623825942218524
4,_f_spread>=1.75 E _f_razao_fluxo>=0.741693 E _f_velocidade<=0.205388 E _f_ticks_s>=153.857,253,0.7193675889328063,0.6188781756963575,1.1623734964048114
4,_f_delta<=16 E _f_saldo<=0 E _f_velocidade>=-0.216667 E _f_ticks_s>=153.857,1607,0.7193528313627878,0.6188781756963575,1.1623496507262951
4,_f_delta<=16 E _f_razao_fluxo>=1 E _f_velocidade>=-0.216667 E _f_ticks_s>=153.857,1607,0.7193528313627878,0.6188781756963575,1.1623496507262951
4,_f_razao_fluxo<=1.33364 E _f_aceleracao<=0.543681 E _f_ticks_s>=153.857 E _f_score<=61,1468,0.7193460490463215,0.6188781756963575,1.1623386916769496
4,_f_saldo>=0 E _f_velocidade>=-0.216667 E _f_aceleracao<=-0.552272 E _f_ticks_s>=153.857,905,0.7193370165745856,0.6188781756963575,1.1623240967662052
4,_f_razao_fluxo<=1 E _f_velocidade>=-0.216667 E _f_aceleracao<=-0.552272 E _f_ticks_s>=153.857,905,0.7193370165745856,0.6188781756963575,1.1623240967662052
4,_f_delta<=-16 E _f_razao_fluxo<=1.33364 E _f_velocidade<=0 E _f_aceleracao>=0.543681,481,0.7193347193347194,0.6188781756963575,1.162320384824249
4,_f_saldo>=-17 E _f_aceleracao<=-0.000831627 E _f_ticks_s>=153.857 E _f_score<=77,1646,0.7193195625759417,0.6188781756963575,1.1622958941257997
4,_f_delta<=-16 E _f_razao_fluxo<=1.33364 E _f_aceleracao>=-0.552272 E _f_score<=61,627,0.7192982456140351,0.6188781756963575,1.1622614496054666
4,_f_spread<=1 E _f_delta>=0 E _f_velocidade>=0.205388 E _f_aceleracao<=-0.552272,570,0.7192982456140351,0.6188781756963575,1.1622614496054666
4,_f_spread>=1.75 E _f_delta>=16 E _f_ticks_s>=72.5852 E _f_score<=47,114,0.7192982456140351,0.6188781756963575,1.1622614496054666
4,_f_saldo<=-17 E _f_aceleracao<=-0.552272 E _f_ticks_s>=153.857 E _f_score<=61,114,0.7192982456140351,0.6188781756963575,1.1622614496054666
4,_f_velocidade>=0.205388 E _f_aceleracao<=-0.000831627 E _f_ticks_s>=153.857 E _f_score<=47,114,0.7192982456140351,0.6188781756963575,1.1622614496054666
4,_f_delta<=-16 E _f_velocidade>=0.205388 E _f_aceleracao>=0.543681 E _f_ticks_s<=72.5852,57,0.7192982456140351,0.6188781756963575,1.1622614496054666
4,_f_delta>=16 E _f_razao_fluxo>=0.741693 E _f_aceleracao<=-0.000831627 E _f_ticks_s>=153.857,976,0.7192622950819673,0.6188781756963575,1.162203359768921
4,_f_velocidade>=-0.216667 E _f_aceleracao<=-0.000831627 E _f_ticks_s>=153.857 E _f_score>=77,488,0.7192622950819673,0.6188781756963575,1.162203359768921
4,_f_delta>=16 E _f_aceleracao<=-0.552272 E _f_ticks_s>=72.5852 E _f_score>=61,919,0.719260065288357,0.6188781756963575,1.1621997568084388
4,_f_spread>=1 E _f_aceleracao>=-0.552272 E _f_ticks_s>=153.857 E _f_score>=61,1293,0.7192575406032483,0.6188781756963575,1.162195677354343
4,_f_velocidade<=0 E _f_aceleracao<=0.543681 E _f_ticks_s>=153.857 E _f_score<=77,1268,0.7192429022082019,0.6188781756963575,1.1621720242419513
4,_f_spread<=1.75 E _f_delta>=0 E _f_saldo<=19 E _f_ticks_s>=153.857,634,0.7192429022082019,0.6188781756963575,1.1621720242419513
4,_f_spread>=1 E _f_saldo>=-17 E _f_velocidade>=0 E _f_ticks_s>=153.857,1154,0.7192374350086655,0.6188781756963575,1.1621631901939093
4,_f_spread>=1 E _f_saldo>=19 E _f_velocidade<=0.205388 E _f_ticks_s>=72.5852,1243,0.7192276749798874,0.6188781756963575,1.1621474196769297
4,_f_delta>=-16 E _f_razao_fluxo>=0.741693 E _f_aceleracao<=0.543681 E _f_ticks_s>=153.857,2169,0.719225449515906,0.6188781756963575,1.1621438237123782
4,_f_spread>=1 E _f_razao_fluxo>=0.741693 E _f_aceleracao<=-0.552272 E _f_ticks_s>=153.857,926,0.7192224622030238,0.6188781756963575,1.1621389967318845
4,_f_delta>=-16 E _f_velocidade<=0.205388 E _f_aceleracao<=-0.000831627 E _f_ticks_s>=153.857,1072,0.7192164179104478,0.6188781756963575,1.1621292302013888
4,_f_spread>=1 E _f_saldo<=-17 E _f_razao_fluxo<=1.33364 E _f_aceleracao>=-0.000831627,609,0.7192118226600985,0.6188781756963575,1.1621218050722928
4,_f_spread<=1.25 E _f_delta<=0 E _f_ticks_s>=153.857 E _f_score<=47,203,0.7192118226600985,0.6188781756963575,1.1621218050722928
4,_f_delta>=0 E _f_velocidade<=0 E _f_aceleracao>=0.543681 E _f_score>=61,349,0.7191977077363897,0.6188781756963575,1.1620989977989664
4,_f_razao_fluxo<=1.33364 E _f_velocidade<=0 E _f_aceleracao>=-0.552272 E _f_ticks_s>=153.857,1809,0.7191818684355997,0.6188781756963575,1.162073404230778
4,_f_spread<=1.75 E _f_saldo>=19 E _f_aceleracao<=-0.000831627 E _f_ticks_s>=153.857,1314,0.7191780821917808,0.6188781756963575,1.1620672863161907
4,_f_saldo>=19 E _f_razao_fluxo>=0.741693 E _f_velocidade<=0 E _f_aceleracao>=0.543681,292,0.7191780821917808,0.6188781756963575,1.1620672863161907
4,_f_spread>=1.75 E _f_saldo<=19 E _f_aceleracao>=-0.000831627 E _f_ticks_s>=153.857,146,0.7191780821917808,0.6188781756963575,1.1620672863161907
4,_f_saldo<=19 E _f_aceleracao<=0.543681 E _f_ticks_s>=153.857 E _f_score<=61,965,0.7191709844559585,0.6188781756963575,1.162055817603767
4,_f_spread<=1 E _f_delta<=16 E _f_ticks_s>=153.857 E _f_score<=77,2165,0.7191685912240184,0.6188781756963575,1.1620519505552362
4,_f_spread<=1.25 E _f_saldo<=19 E _f_ticks_s>=153.857 E _f_score<=77,2343,0.7191634656423389,0.6188781756963575,1.1620436685025144
4,_f_spread<=1 E _f_saldo>=0 E _f_ticks_s>=153.857 E _f_score<=61,908,0.7191629955947136,0.6188781756963575,1.1620429089869204
4,_f_spread<=1 E _f_razao_fluxo<=1 E _f_ticks_s>=153.857 E _f_score<=61,908,0.7191629955947136,0.6188781756963575,1.1620429089869204
4,_f_saldo<=-17 E _f_velocidade>=-0.216667 E _f_aceleracao>=0.543681 E _f_ticks_s>=72.5852,648,0.7191358024691358,0.6188781756963575,1.1619989696032973
4,_f_delta<=-16 E _f_aceleracao>=-0.000831627 E _f_ticks_s>=153.857 E _f_score>=61,1004,0.7191235059760956,0.6188781756963575,1.161979100599149
4,_f_razao_fluxo>=0.741693 E _f_aceleracao>=-0.000831627 E _f_ticks_s>=153.857 E _f_score>=47,2663,0.719113781449493,0.6188781756963575,1.1619633874475395
4,_f_razao_fluxo<=1.33364 E _f_velocidade<=-0.216667 E _f_ticks_s>=72.5852 E _f_score<=61,1303,0.7191097467382962,0.6188781756963575,1.1619568680526806
3,_f_saldo<=0 E _f_velocidade>=-0.216667 E _f_ticks_s>=153.857,1609,0.7190801740211311,0.6188781756963575,1.1619090836609758
3,_f_razao_fluxo>=1 E _f_velocidade>=-0.216667 E _f_ticks_s>=153.857,1609,0.7190801740211311,0.6188781756963575,1.1619090836609758
4,_f_saldo<=0 E _f_razao_fluxo>=0.741693 E _f_velocidade>=-0.216667 E _f_ticks_s>=153.857,1609,0.7190801740211311,0.6188781756963575,1.1619090836609758
4,_f_saldo<=0 E _f_razao_fluxo>=1 E _f_velocidade>=-0.216667 E _f_ticks_s>=153.857,1609,0.7190801740211311,0.6188781756963575,1.1619090836609758
4,_f_saldo<=19 E _f_razao_fluxo>=1 E _f_velocidade>=-0.216667 E _f_ticks_s>=153.857,1609,0.7190801740211311,0.6188781756963575,1.1619090836609758
4,_f_delta>=0 E _f_velocidade<=-0.216667 E _f_aceleracao<=0.543681 E _f_ticks_s>=72.5852,865,0.7190751445086705,0.6188781756963575,1.1619009568394814
4,_f_saldo<=0 E _f_razao_fluxo<=1.33364 E _f_ticks_s>=153.857 E _f_score<=77,1673,0.7190675433353257,0.6188781756963575,1.16188867465917
4,_f_saldo<=19 E _f_razao_fluxo<=1 E _f_ticks_s>=153.857 E _f_score<=61,509,0.7190569744597249,0.6188781756963575,1.1618715971857416
4,_f_delta>=16 E _f_saldo>=0 E _f_ticks_s>=72.5852 E _f_score<=47,210,0.719047619047619,0.6188781756963575,1.1618564804592626
4,_f_delta>=16 E _f_razao_fluxo<=1 E _f_ticks_s>=72.5852 E _f_score<=47,210,0.719047619047619,0.6188781756963575,1.1618564804592626
4,_f_saldo<=-17 E _f_razao_fluxo>=1.33364 E _f_velocidade>=0.205388 E _f_aceleracao>=-0.000831627,210,0.719047619047619,0.6188781756963575,1.1618564804592626
4,_f_saldo>=19 E _f_velocidade<=-0.216667 E _f_aceleracao<=-0.000831627 E _f_score>=61,210,0.719047619047619,0.6188781756963575,1.1618564804592626
4,_f_spread<=1.25 E _f_aceleracao<=0.543681 E _f_ticks_s>=153.857 E _f_score<=61,1292,0.7190402476780186,0.6188781756963575,1.1618445696020212
4,_f_spread>=1 E _f_saldo>=19 E _f_aceleracao<=0.543681 E _f_ticks_s>=153.857,847,0.71900826446281,0.6188781756963575,1.1617928902627512
4,_f_saldo<=19 E _f_razao_fluxo<=1.33364 E _f_ticks_s>=153.857 E _f_score<=77,2274,0.7189973614775725,0.6188781756963575,1.1617752729259867
4,_f_spread<=1.25 E _f_delta<=-16 E _f_ticks_s>=72.5852 E _f_score<=61,790,0.7189873417721518,0.6188781756963575,1.1617590828165045
4,_f_razao_fluxo<=0.741693 E _f_velocidade<=0.205388 E _f_ticks_s>=153.857 E _f_score>=47,274,0.718978102189781,0.6188781756963575,1.1617441532508264
3,_f_spread<=1.25 E _f_saldo>=19 E _f_velocidade<=-0.216667,612,0.7189542483660131,0.6188781756963575,1.1617056096008729
4,_f_spread<=1.25 E _f_delta>=-16 E _f_saldo>=19 E _f_velocidade<=-0.216667,612,0.7189542483660131,0.6188781756963575,1.1617056096008729
4,_f_spread<=1.25 E _f_delta>=0 E _f_saldo>=19 E _f_velocidade<=-0.216667,612,0.7189542483660131,0.6188781756963575,1.1617056096008729
4,_f_spread<=1.25 E _f_saldo>=19 E _f_razao_fluxo<=1 E _f_velocidade<=-0.216667,612,0.7189542483660131,0.6188781756963575,1.1617056096008729
4,_f_spread<=1.25 E _f_saldo>=19 E _f_razao_fluxo<=1.33364 E _f_velocidade<=-0.216667,612,0.7189542483660131,0.6188781756963575,1.1617056096008729
4,_f_spread<=1 E _f_saldo>=0 E _f_velocidade<=-0.216667 E _f_ticks_s>=72.5852,676,0.7189349112426036,0.6188781756963575,1.1616743641568277
4,_f_spread<=1 E _f_razao_fluxo<=1 E _f_velocidade<=-0.216667 E _f_ticks_s>=72.5852,676,0.7189349112426036,0.6188781756963575,1.1616743641568277
4,_f_saldo<=19 E _f_razao_fluxo>=0.741693 E _f_ticks_s>=153.857 E _f_score<=77,2679,0.7189249720044792,0.6188781756963575,1.1616583040685668
4,_f_spread<=1.25 E _f_velocidade>=-0.216667 E _f_ticks_s>=153.857 E _f_score<=61,1327,0.718914845516202,0.6188781756963575,1.1616419414164734
4,_f_saldo>=0 E _f_velocidade<=0.205388 E _f_aceleracao<=-0.552272 E _f_ticks_s>=72.5852,1085,0.7188940092165899,0.6188781756963575,1.161608273563202
4,_f_razao_fluxo<=1 E _f_velocidade<=0.205388 E _f_aceleracao<=-0.552272 E _f_ticks_s>=72.5852,1085,0.7188940092165899,0.6188781756963575,1.161608273563202
4,_f_saldo<=19 E _f_velocidade>=-0.216667 E _f_ticks_s>=153.857 E _f_score>=47,1768,0.7188914027149321,0.6188781756963575,1.161604061907726
