candidato_id;padrao_hash;padrao_id_origem;cluster;lado;tipo_padrao;qtd_condicoes;regra;regra_canonica;feature_1;operador_1;limiar_1;feature_2;operador_2;limiar_2;score_m7;qualidade_m7;eventos_universo;explosoes_universo;taxa_base;ativacoes;explosoes;nao_explosoes;taxa_explosao;suporte;lift;recall;estabilidade;cobertura_blocos;consistencia_taxa;pior_taxa_bloco;melhor_taxa_bloco;blocos_validos;score_candidato;aprovado_filtros;ranking_cluster_lado;ranking_geral
72491e803ec3471a;76444fb83490f3bf;P7A_0000001;0;COMPRA;BIVARIADO;2;pre_60s_bid_size_medio_soma <= 66.3174456623 E adv_delta_range_pontos_15s_60s > -500;adv_delta_range_pontos_15s_60s|>|-500.0 && pre_60s_bid_size_medio_soma|<=|66.3174456623;pre_60s_bid_size_medio_soma;<=;66,31744566229645;adv_delta_range_pontos_15s_60s;>;-500,0;81,67344346958053;B;8928;161;0,0180331541218638;890;53;837;0,05955056179775281;0,09968637992831542;3,302282085281597;0,32919254658385094;0,7314224735207283;1,0;0,7314224735207283;0,041666666666666664;0,08917197452229299;5;63,57988250063698;True;1;101
eecdc6d0fb6581ef;b8451d9872697ea4;P7A_0000002;0;COMPRA;BIVARIADO;2;adv_z_pre_60s_bid_size_medio_soma <= -0.54524389282 E adv_delta_range_pontos_15s_60s > -500;adv_delta_range_pontos_15s_60s|>|-500.0 && adv_z_pre_60s_bid_size_medio_soma|<=|-0.5452438928;adv_z_pre_60s_bid_size_medio_soma;<=;-0,5452438928198626;adv_delta_range_pontos_15s_60s;>;-500,0;81,67344346958053;B;8928;161;0,0180331541218638;890;53;837;0,05955056179775281;0,09968637992831542;3,302282085281597;0,32919254658385094;0,7314224735207283;1,0;0,7314224735207283;0,041666666666666664;0,08917197452229299;5;63,57988250063698;True;2;102
ab2dfa24088c1856;065a037fe2ab469a;P7A_0000003;0;COMPRA;BIVARIADO;2;pre_120s_bid_size_medio_soma <= 129.857733505 E adv_delta_range_pontos_15s_60s > -500;adv_delta_range_pontos_15s_60s|>|-500.0 && pre_120s_bid_size_medio_soma|<=|129.8577335052;pre_120s_bid_size_medio_soma;<=;129,85773350518676;adv_delta_range_pontos_15s_60s;>;-500,0;71,75949795831228;B;8928;161;0,0180331541218638;873;50;823;0,0572737686139748;0,09778225806451613;3,1760261253761923;0,3105590062111801;0,7788408984954367;1,0;0,7788408984954367;0,043478260869565216;0,07792207792207792;5;62,225693785442616;True;3;105
09190935dbd55559;682b8a1411e9faed;P7A_0000004;0;COMPRA;BIVARIADO;2;adv_z_pre_120s_bid_size_medio_soma <= -0.606447999718 E adv_delta_range_pontos_15s_60s > -500;adv_delta_range_pontos_15s_60s|>|-500.0 && adv_z_pre_120s_bid_size_medio_soma|<=|-0.6064479997;adv_z_pre_120s_bid_size_medio_soma;<=;-0,6064479997177702;adv_delta_range_pontos_15s_60s;>;-500,0;71,75949795831228;B;8928;161;0,0180331541218638;873;50;823;0,0572737686139748;0,09778225806451613;3,1760261253761923;0,3105590062111801;0,7788408984954367;1,0;0,7788408984954367;0,043478260869565216;0,07792207792207792;5;62,225693785442616;True;4;106
e40f319356c687a5;e68299203e10d6a0;P7A_0000007;0;COMPRA;BIVARIADO;2;pre_30s_bid_size_medio_soma <= 33.1834821429 E adv_delta_range_pontos_15s_60s > -500;adv_delta_range_pontos_15s_60s|>|-500.0 && pre_30s_bid_size_medio_soma|<=|33.1834821429;pre_30s_bid_size_medio_soma;<=;33,183482142857144;adv_delta_range_pontos_15s_60s;>;-500,0;67,78210104399759;C;8928;161;0,0180331541218638;891;52;839;0,058361391694725026;0,09979838709677419;3,2363385406863667;0,32298136645962733;0,7069214903936561;1,0;0,7069214903936561;0,036458333333333336;0,08860759493670886;5;61,072961062983936;True;5;111
0c263f87730e76ee;345ec6ccfa6fe82c;P7A_0000008;0;COMPRA;BIVARIADO;2;adv_z_pre_30s_bid_size_medio_soma <= -0.517678598941 E adv_delta_range_pontos_15s_60s > -500;adv_delta_range_pontos_15s_60s|>|-500.0 && adv_z_pre_30s_bid_size_medio_soma|<=|-0.5176785989;adv_z_pre_30s_bid_size_medio_soma;<=;-0,517678598941052;adv_delta_range_pontos_15s_60s;>;-500,0;67,78210104399759;C;8928;161;0,0180331541218638;891;52;839;0,058361391694725026;0,09979838709677419;3,2363385406863667;0,32298136645962733;0,7069214903936561;1,0;0,7069214903936561;0,036458333333333336;0,08860759493670886;5;61,072961062983936;True;6;112
5b9ac264523cefae;1561aac7683eada2;P7A_0000164;0;COMPRA;BIVARIADO;2;pre_120s_ask_size_medio_soma <= 90.3166666667 E adv_delta_spread_minimo_30s_120s > 0.116666666667;adv_delta_spread_minimo_30s_120s|>|0.1166666667 && pre_120s_ask_size_medio_soma|<=|90.3166666667;pre_120s_ask_size_medio_soma;<=;90,31666666666666;adv_delta_spread_minimo_30s_120s;>;0,11666666666666659;70,76611664931868;B;8928;161;0,0180331541218638;786;38;748;0,04834605597964377;0,08803763440860216;2,680953961405339;0,2360248447204969;0,5109920841580491;1,0;0,5109920841580491;0,018867924528301886;0,08875739644970414;5;53,01987905456229;True;7;370
9de5998f844a6566;2b0d283c39249f2a;P7A_0000165;0;COMPRA;BIVARIADO;2;adv_z_pre_120s_ask_size_medio_soma <= -1.32643356885 E adv_delta_spread_minimo_30s_120s > 0.116666666667;adv_delta_spread_minimo_30s_120s|>|0.1166666667 && adv_z_pre_120s_ask_size_medio_soma|<=|-1.3264335689;adv_z_pre_120s_ask_size_medio_soma;<=;-1,326433568854512;adv_delta_spread_minimo_30s_120s;>;0,11666666666666659;70,76611664931868;B;8928;161;0,0180331541218638;786;38;748;0,04834605597964377;0,08803763440860216;2,680953961405339;0,2360248447204969;0,5109920841580491;1,0;0,5109920841580491;0,018867924528301886;0,08875739644970414;5;53,01987905456229;True;8;371
7f6bf9ceab312f72;93a1138390ad0138;P7A_0000345;0;COMPRA;BIVARIADO;2;pre_60s_cobertura_segundos <= 30 E pre_15s_ask_size_medio_soma <= 17.2724058106;pre_15s_ask_size_medio_soma|<=|17.2724058106 && pre_60s_cobertura_segundos|<=|30.0;pre_60s_cobertura_segundos;<=;30,0;pre_15s_ask_size_medio_soma;<=;17,272405810563704;69,46467679354328;C;8928;161;0,0180331541218638;776;41;735;0,05283505154639175;0,08691756272401434;2,9298841006595375;0,2546583850931677;0,42934945948070946;1,0;0,42934945948070946;0,022222222222222223;0,10365853658536585;5;52,816436018586664;True;9;372
2cd5e425f2d3aed7;b31fe2cbaaf6a2d0;P7A_0000346;0;COMPRA;BIVARIADO;2;pre_60s_cobertura_segundos <= 30 E adv_z_pre_15s_ask_size_medio_soma <= -0.392621598007;adv_z_pre_15s_ask_size_medio_soma|<=|-0.392621598 && pre_60s_cobertura_segundos|<=|30.0;pre_60s_cobertura_segundos;<=;30,0;adv_z_pre_15s_ask_size_medio_soma;<=;-0,392621598006787;69,46467679354328;C;8928;161;0,0180331541218638;776;41;735;0,05283505154639175;0,08691756272401434;2,9298841006595375;0,2546583850931677;0,42934945948070946;1,0;0,42934945948070946;0,022222222222222223;0,10365853658536585;5;52,816436018586664;True;10;373
f14e36842b7ffe67;62dc052be0f92866;P7A_0000347;0;COMPRA;BIVARIADO;2;adv_z_pre_60s_cobertura_segundos <= -1.47759747713 E pre_15s_ask_size_medio_soma <= 17.2724058106;adv_z_pre_60s_cobertura_segundos|<=|-1.4775974771 && pre_15s_ask_size_medio_soma|<=|17.2724058106;adv_z_pre_60s_cobertura_segundos;<=;-1,4775974771331886;pre_15s_ask_size_medio_soma;<=;17,272405810563704;69,46467679354328;C;8928;161;0,0180331541218638;776;41;735;0,05283505154639175;0,08691756272401434;2,9298841006595375;0,2546583850931677;0,42934945948070946;1,0;0,42934945948070946;0,022222222222222223;0,10365853658536585;5;52,816436018586664;True;11;374
71eeb3436a9f87eb;67c4d2c3498d325a;P7A_0000348;0;COMPRA;BIVARIADO;2;adv_z_pre_60s_cobertura_segundos <= -1.47759747713 E adv_z_pre_15s_ask_size_medio_soma <= -0.392621598007;adv_z_pre_15s_ask_size_medio_soma|<=|-0.392621598 && adv_z_pre_60s_cobertura_segundos|<=|-1.4775974771;adv_z_pre_60s_cobertura_segundos;<=;-1,4775974771331886;adv_z_pre_15s_ask_size_medio_soma;<=;-0,392621598006787;69,46467679354328;C;8928;161;0,0180331541218638;776;41;735;0,05283505154639175;0,08691756272401434;2,9298841006595375;0,2546583850931677;0,42934945948070946;1,0;0,42934945948070946;0,022222222222222223;0,10365853658536585;5;52,816436018586664;True;12;375
77b89d0028e9297f;5aa604795e6368be;P7A_0000158;0;COMPRA;BIVARIADO;2;pre_60s_cobertura_segundos <= 30 E pre_30s_ask_size_medio_soma <= 33.6184348739;pre_30s_ask_size_medio_soma|<=|33.6184348739 && pre_60s_cobertura_segundos|<=|30.0;pre_60s_cobertura_segundos;<=;30,0;pre_30s_ask_size_medio_soma;<=;33,61843487394958;68,44126705888873;C;8928;161;0,0180331541218638;809;41;768;0,05067985166872682;0,09061379928315412;2,810370904958963;0,2546583850931677;0,43268521577521135;1,0;0,43268521577521135;0,021739130434782608;0,09883720930232558;5;52,449833014988734;True;13;376
3925682d24e4c655;71bc659e5de14ad1;P7A_0000159;0;COMPRA;BIVARIADO;2;pre_60s_cobertura_segundos <= 30 E adv_z_pre_30s_ask_size_medio_soma <= -0.487071113122;adv_z_pre_30s_ask_size_medio_soma|<=|-0.4870711131 && pre_60s_cobertura_segundos|<=|30.0;pre_60s_cobertura_segundos;<=;30,0;adv_z_pre_30s_ask_size_medio_soma;<=;-0,4870711131222708;68,44126705888873;C;8928;161;0,0180331541218638;809;41;768;0,05067985166872682;0,09061379928315412;2,810370904958963;0,2546583850931677;0,43268521577521135;1,0;0,43268521577521135;0,021739130434782608;0,09883720930232558;5;52,449833014988734;True;14;377
83daa87e40d59c32;e7cd22f83960f882;P7A_0000160;0;COMPRA;BIVARIADO;2;adv_z_pre_60s_cobertura_segundos <= -1.47759747713 E pre_30s_ask_size_medio_soma <= 33.6184348739;adv_z_pre_60s_cobertura_segundos|<=|-1.4775974771 && pre_30s_ask_size_medio_soma|<=|33.6184348739;adv_z_pre_60s_cobertura_segundos;<=;-1,4775974771331886;pre_30s_ask_size_medio_soma;<=;33,61843487394958;68,44126705888873;C;8928;161;0,0180331541218638;809;41;768;0,05067985166872682;0,09061379928315412;2,810370904958963;0,2546583850931677;0,43268521577521135;1,0;0,43268521577521135;0,021739130434782608;0,09883720930232558;5;52,449833014988734;True;15;378
0b577e3e2c63928b;aa6ad8327ba9a4af;P7A_0000161;0;COMPRA;BIVARIADO;2;adv_z_pre_60s_cobertura_segundos <= -1.47759747713 E adv_z_pre_30s_ask_size_medio_soma <= -0.487071113122;adv_z_pre_30s_ask_size_medio_soma|<=|-0.4870711131 && adv_z_pre_60s_cobertura_segundos|<=|-1.4775974771;adv_z_pre_60s_cobertura_segundos;<=;-1,4775974771331886;adv_z_pre_30s_ask_size_medio_soma;<=;-0,4870711131222708;68,44126705888873;C;8928;161;0,0180331541218638;809;41;768;0,05067985166872682;0,09061379928315412;2,810370904958963;0,2546583850931677;0,43268521577521135;1,0;0,43268521577521135;0,021739130434782608;0,09883720930232558;5;52,449833014988734;True;16;379
ad1c37bf44be70f1;8d0129869ce125db;P7A_0000019;0;COMPRA;BIVARIADO;2;pre_120s_ask_size_medio_soma <= 90.3166666667 E pre_15s_bid_size_medio_soma <= 28.1245351192;pre_120s_ask_size_medio_soma|<=|90.3166666667 && pre_15s_bid_size_medio_soma|<=|28.1245351192;pre_120s_ask_size_medio_soma;<=;90,31666666666666;pre_15s_bid_size_medio_soma;<=;28,124535119206396;68,40887379815081;C;8928;161;0,0180331541218638;811;39;772;0,04808877928483354;0,09083781362007168;2,6666870897825703;0,2422360248447205;0,4805713836517398;1,0;0,4805713836517398;0,01764705882352941;0,09142857142857143;5;52,43623972530202;True;17;380
97705255d15c31b8;69991497807b8887;P7A_0000020;0;COMPRA;BIVARIADO;2;adv_z_pre_120s_ask_size_medio_soma <= -1.32643356885 E pre_15s_bid_size_medio_soma <= 28.1245351192;adv_z_pre_120s_ask_size_medio_soma|<=|-1.3264335689 && pre_15s_bid_size_medio_soma|<=|28.1245351192;adv_z_pre_120s_ask_size_medio_soma;<=;-1,326433568854512;pre_15s_bid_size_medio_soma;<=;28,124535119206396;68,40887379815081;C;8928;161;0,0180331541218638;811;39;772;0,04808877928483354;0,09083781362007168;2,6666870897825703;0,2422360248447205;0,4805713836517398;1,0;0,4805713836517398;0,01764705882352941;0,09142857142857143;5;52,43623972530202;True;18;381
90adfe1038ad4c2a;600e3e5c40c4c2f9;P7A_0000021;0;COMPRA;BIVARIADO;2;pre_120s_ask_size_medio_soma <= 90.3166666667 E adv_delta_range_pontos_15s_60s > -1700;adv_delta_range_pontos_15s_60s|>|-1700.0 && pre_120s_ask_size_medio_soma|<=|90.3166666667;pre_120s_ask_size_medio_soma;<=;90,31666666666666;adv_delta_range_pontos_15s_60s;>;-1700,0;70,49655477132515;B;8928;161;0,0180331541218638;800;40;760;0,05;0,08960573476702509;2,7726708074534163;0,2484472049689441;0,4344451141886856;1,0;0,4344451141886856;0,018072289156626505;0,1;5;52,37141723478098;True;19;384
7187bc67e70c7b22;33950fcc889a32d3;P7A_0000022;0;COMPRA;BIVARIADO;2;adv_z_pre_120s_ask_size_medio_soma <= -1.32643356885 E adv_delta_range_pontos_15s_60s > -1700;adv_delta_range_pontos_15s_60s|>|-1700.0 && adv_z_pre_120s_ask_size_medio_soma|<=|-1.3264335689;adv_z_pre_120s_ask_size_medio_soma;<=;-1,326433568854512;adv_delta_range_pontos_15s_60s;>;-1700,0;70,49655477132515;B;8928;161;0,0180331541218638;800;40;760;0,05;0,08960573476702509;2,7726708074534163;0,2484472049689441;0,4344451141886856;1,0;0,4344451141886856;0,018072289156626505;0,1;5;52,37141723478098;True;20;385
e6da0cefadb18d28;28637dccf9527e72;P7A_0000112;0;COMPRA;BIVARIADO;2;pre_120s_ask_size_medio_soma <= 90.3166666667 E pre_15s_agressor_compra <= 375;pre_120s_ask_size_medio_soma|<=|90.3166666667 && pre_15s_agressor_compra|<=|375.0;pre_120s_ask_size_medio_soma;<=;90,31666666666666;pre_15s_agressor_compra;<=;375,0;69,61887647165973;C;8928;161;0,0180331541218638;812;40;772;0,04926108374384237;0,09094982078853046;2,731695376801395;0,2484472049689441;0,4383195682134;1,0;0,4383195682134;0,01764705882352941;0,09826589595375723;5;52,240883026928664;True;21;388
0006f9138ce60d5c;ff62aa3def7819d1;P7A_0000113;0;COMPRA;BIVARIADO;2;adv_z_pre_120s_ask_size_medio_soma <= -1.32643356885 E pre_15s_agressor_compra <= 375;adv_z_pre_120s_ask_size_medio_soma|<=|-1.3264335689 && pre_15s_agressor_compra|<=|375.0;adv_z_pre_120s_ask_size_medio_soma;<=;-1,326433568854512;pre_15s_agressor_compra;<=;375,0;69,61887647165973;C;8928;161;0,0180331541218638;812;40;772;0,04926108374384237;0,09094982078853046;2,731695376801395;0,2484472049689441;0,4383195682134;1,0;0,4383195682134;0,01764705882352941;0,09826589595375723;5;52,240883026928664;True;22;389
da12ebc3feb377bb;bae5a18857dc8ca1;P7A_0000041;0;COMPRA;BIVARIADO;2;pre_120s_ask_size_medio_soma <= 90.3166666667 E pre_60s_cobertura_segundos <= 44;pre_120s_ask_size_medio_soma|<=|90.3166666667 && pre_60s_cobertura_segundos|<=|44.0;pre_120s_ask_size_medio_soma;<=;90,31666666666666;pre_60s_cobertura_segundos;<=;44,0;69,46947913964104;C;8928;161;0,0180331541218638;813;40;773;0,04920049200492005;0,09106182795698925;2,7283353578877403;0,2484472049689441;0,4384238344871455;1,0;0,4384238344871455;0,01764705882352941;0,09826589595375723;5;52,21726083894001;True;23;390
6d4d687b41e6870d;0ea891dedd8d7878;P7A_0000042;0;COMPRA;BIVARIADO;2;pre_120s_ask_size_medio_soma <= 90.3166666667 E adv_z_pre_60s_cobertura_segundos <= -0.451265907308;adv_z_pre_60s_cobertura_segundos|<=|-0.4512659073 && pre_120s_ask_size_medio_soma|<=|90.3166666667;pre_120s_ask_size_medio_soma;<=;90,31666666666666;adv_z_pre_60s_cobertura_segundos;<=;-0,45126590730837896;69,46947913964104;C;8928;161;0,0180331541218638;813;40;773;0,04920049200492005;0,09106182795698925;2,7283353578877403;0,2484472049689441;0,4384238344871455;1,0;0,4384238344871455;0,01764705882352941;0,09826589595375723;5;52,21726083894001;True;24;391
05095631ced750e0;16534c9a349f1b50;P7A_0000043;0;COMPRA;BIVARIADO;2;adv_z_pre_120s_ask_size_medio_soma <= -1.32643356885 E pre_60s_cobertura_segundos <= 44;adv_z_pre_120s_ask_size_medio_soma|<=|-1.3264335689 && pre_60s_cobertura_segundos|<=|44.0;adv_z_pre_120s_ask_size_medio_soma;<=;-1,326433568854512;pre_60s_cobertura_segundos;<=;44,0;69,46947913964104;C;8928;161;0,0180331541218638;813;40;773;0,04920049200492005;0,09106182795698925;2,7283353578877403;0,2484472049689441;0,4384238344871455;1,0;0,4384238344871455;0,01764705882352941;0,09826589595375723;5;52,21726083894001;True;25;392
072c28cc1cbedf00;faeba726f8b8d0ee;P7A_0000044;0;COMPRA;BIVARIADO;2;adv_z_pre_120s_ask_size_medio_soma <= -1.32643356885 E adv_z_pre_60s_cobertura_segundos <= -0.451265907308;adv_z_pre_120s_ask_size_medio_soma|<=|-1.3264335689 && adv_z_pre_60s_cobertura_segundos|<=|-0.4512659073;adv_z_pre_120s_ask_size_medio_soma;<=;-1,326433568854512;adv_z_pre_60s_cobertura_segundos;<=;-0,45126590730837896;69,46947913964104;C;8928;161;0,0180331541218638;813;40;773;0,04920049200492005;0,09106182795698925;2,7283353578877403;0,2484472049689441;0,4384238344871455;1,0;0,4384238344871455;0,01764705882352941;0,09826589595375723;5;52,21726083894001;True;26;393
02c2f591e3b9117b;9c3aab62d17b6483;P7A_0000023;0;COMPRA;BIVARIADO;2;pre_120s_ask_size_medio_soma <= 90.3166666667 E pre_120s_bid_size_medio_soma <= 129.857733505;pre_120s_ask_size_medio_soma|<=|90.3166666667 && pre_120s_bid_size_medio_soma|<=|129.8577335052;pre_120s_ask_size_medio_soma;<=;90,31666666666666;pre_120s_bid_size_medio_soma;<=;129,85773350518676;68,7183760730169;C;8928;161;0,0180331541218638;820;40;780;0,04878048780487805;0,09184587813620072;2,705044690198455;0,2484472049689441;0,44452940870176605;1,0;0,44452940870176605;0,01744186046511628;0,09659090909090909;5;52,18546467615997;True;27;394
e81b5245b08c7935;8f8a45b6c0bae1e8;P7A_0000024;0;COMPRA;BIVARIADO;2;pre_120s_ask_size_medio_soma <= 90.3166666667 E adv_z_pre_120s_bid_size_medio_soma <= -0.606447999718;adv_z_pre_120s_bid_size_medio_soma|<=|-0.6064479997 && pre_120s_ask_size_medio_soma|<=|90.3166666667;pre_120s_ask_size_medio_soma;<=;90,31666666666666;adv_z_pre_120s_bid_size_medio_soma;<=;-0,6064479997177702;68,7183760730169;C;8928;161;0,0180331541218638;820;40;780;0,04878048780487805;0,09184587813620072;2,705044690198455;0,2484472049689441;0,44452940870176605;1,0;0,44452940870176605;0,01744186046511628;0,09659090909090909;5;52,18546467615997;True;28;395
06d278a7d4ec56bf;d6c76cb6bae741b2;P7A_0000025;0;COMPRA;BIVARIADO;2;adv_z_pre_120s_ask_size_medio_soma <= -1.32643356885 E pre_120s_bid_size_medio_soma <= 129.857733505;adv_z_pre_120s_ask_size_medio_soma|<=|-1.3264335689 && pre_120s_bid_size_medio_soma|<=|129.8577335052;adv_z_pre_120s_ask_size_medio_soma;<=;-1,326433568854512;pre_120s_bid_size_medio_soma;<=;129,85773350518676;68,7183760730169;C;8928;161;0,0180331541218638;820;40;780;0,04878048780487805;0,09184587813620072;2,705044690198455;0,2484472049689441;0,44452940870176605;1,0;0,44452940870176605;0,01744186046511628;0,09659090909090909;5;52,18546467615997;True;29;396
4e42a878b8256707;c5fc69aa9ac5f6c9;P7A_0000026;0;COMPRA;BIVARIADO;2;adv_z_pre_120s_ask_size_medio_soma <= -1.32643356885 E adv_z_pre_120s_bid_size_medio_soma <= -0.606447999718;adv_z_pre_120s_ask_size_medio_soma|<=|-1.3264335689 && adv_z_pre_120s_bid_size_medio_soma|<=|-0.6064479997;adv_z_pre_120s_ask_size_medio_soma;<=;-1,326433568854512;adv_z_pre_120s_bid_size_medio_soma;<=;-0,6064479997177702;68,7183760730169;C;8928;161;0,0180331541218638;820;40;780;0,04878048780487805;0,09184587813620072;2,705044690198455;0,2484472049689441;0,44452940870176605;1,0;0,44452940870176605;0,01744186046511628;0,09659090909090909;5;52,18546467615997;True;30;397
f6c11b6b4e186822;ff129f99f5977815;P7A_0000122;0;COMPRA;BIVARIADO;2;pre_120s_ask_size_medio_soma <= 90.3166666667 E adv_delta_range_pontos_15s_60s > -2725;adv_delta_range_pontos_15s_60s|>|-2725.0 && pre_120s_ask_size_medio_soma|<=|90.3166666667;pre_120s_ask_size_medio_soma;<=;90,31666666666666;adv_delta_range_pontos_15s_60s;>;-2725,0;69,56885845454403;C;8928;161;0,0180331541218638;812;40;772;0,04926108374384237;0,09094982078853046;2,731695376801395;0,2484472049689441;0,4347150130455313;1,0;0,4347150130455313;0,01764705882352941;0,09883720930232558;5;52,16999887185315;True;31;398
a4feb70da9d2a850;b6e34ab3a1535ca6;P7A_0000123;0;COMPRA;BIVARIADO;2;adv_z_pre_120s_ask_size_medio_soma <= -1.32643356885 E adv_delta_range_pontos_15s_60s > -2725;adv_delta_range_pontos_15s_60s|>|-2725.0 && adv_z_pre_120s_ask_size_medio_soma|<=|-1.3264335689;adv_z_pre_120s_ask_size_medio_soma;<=;-1,326433568854512;adv_delta_range_pontos_15s_60s;>;-2725,0;69,56885845454403;C;8928;161;0,0180331541218638;812;40;772;0,04926108374384237;0,09094982078853046;2,731695376801395;0,2484472049689441;0,4347150130455313;1,0;0,4347150130455313;0,01764705882352941;0,09883720930232558;5;52,16999887185315;True;32;399
42893a3a0a3a39a5;b377ab175c4e39b8;P7A_0000029;0;COMPRA;BIVARIADO;2;pre_120s_ask_size_medio_soma <= 90.3166666667 E pre_30s_bid_size_medio_soma <= 48.5873158285;pre_120s_ask_size_medio_soma|<=|90.3166666667 && pre_30s_bid_size_medio_soma|<=|48.5873158285;pre_120s_ask_size_medio_soma;<=;90,31666666666666;pre_30s_bid_size_medio_soma;<=;48,5873158285022;68,08343855889555;C;8928;161;0,0180331541218638;821;40;781;0,048721071863580996;0,0919578853046595;2,701749873279821;0,2484472049689441;0,4472251483705175;1,0;0,4472251483705175;0,01744186046511628;0,096045197740113;5;52,150631933596884;True;33;400
3aac0c90fc168eeb;3301345123a8be65;P7A_0000030;0;COMPRA;BIVARIADO;2;pre_120s_ask_size_medio_soma <= 90.3166666667 E pre_30s_bid_size_medio_soma <= 55.4663024847;pre_120s_ask_size_medio_soma|<=|90.3166666667 && pre_30s_bid_size_medio_soma|<=|55.4663024847;pre_120s_ask_size_medio_soma;<=;90,31666666666666;pre_30s_bid_size_medio_soma;<=;55,466302484657746;68,08343855889555;C;8928;161;0,0180331541218638;821;40;781;0,048721071863580996;0,0919578853046595;2,701749873279821;0,2484472049689441;0,4472251483705175;1,0;0,4472251483705175;0,01744186046511628;0,096045197740113;5;52,150631933596884;True;34;401
d2d386a78e732656;23e148ad35dda0ba;P7A_0000031;0;COMPRA;BIVARIADO;2;pre_120s_ask_size_medio_soma <= 90.3166666667 E adv_z_pre_30s_bid_size_medio_soma <= 0.463898074181;adv_z_pre_30s_bid_size_medio_soma|<=|0.4638980742 && pre_120s_ask_size_medio_soma|<=|90.3166666667;pre_120s_ask_size_medio_soma;<=;90,31666666666666;adv_z_pre_30s_bid_size_medio_soma;<=;0,46389807418149;68,08343855889555;C;8928;161;0,0180331541218638;821;40;781;0,048721071863580996;0,0919578853046595;2,701749873279821;0,2484472049689441;0,4472251483705175;1,0;0,4472251483705175;0,01744186046511628;0,096045197740113;5;52,150631933596884;True;35;402
b32a63657464342c;4714163278c0f6f6;P7A_0000032;0;COMPRA;BIVARIADO;2;pre_120s_ask_size_medio_soma <= 90.3166666667 E adv_z_pre_30s_bid_size_medio_soma <= 0.902246927733;adv_z_pre_30s_bid_size_medio_soma|<=|0.9022469277 && pre_120s_ask_size_medio_soma|<=|90.3166666667;pre_120s_ask_size_medio_soma;<=;90,31666666666666;adv_z_pre_30s_bid_size_medio_soma;<=;0,9022469277331875;68,08343855889555;C;8928;161;0,0180331541218638;821;40;781;0,048721071863580996;0,0919578853046595;2,701749873279821;0,2484472049689441;0,4472251483705175;1,0;0,4472251483705175;0,01744186046511628;0,096045197740113;5;52,150631933596884;True;36;403
330f7a27955103ee;69e42e63dc6f0041;P7A_0000033;0;COMPRA;BIVARIADO;2;adv_z_pre_120s_ask_size_medio_soma <= -1.32643356885 E pre_30s_bid_size_medio_soma <= 48.5873158285;adv_z_pre_120s_ask_size_medio_soma|<=|-1.3264335689 && pre_30s_bid_size_medio_soma|<=|48.5873158285;adv_z_pre_120s_ask_size_medio_soma;<=;-1,326433568854512;pre_30s_bid_size_medio_soma;<=;48,5873158285022;68,08343855889555;C;8928;161;0,0180331541218638;821;40;781;0,048721071863580996;0,0919578853046595;2,701749873279821;0,2484472049689441;0,4472251483705175;1,0;0,4472251483705175;0,01744186046511628;0,096045197740113;5;52,150631933596884;True;37;404
bfb56f033c193283;300190d005ccf649;P7A_0000034;0;COMPRA;BIVARIADO;2;adv_z_pre_120s_ask_size_medio_soma <= -1.32643356885 E pre_30s_bid_size_medio_soma <= 55.4663024847;adv_z_pre_120s_ask_size_medio_soma|<=|-1.3264335689 && pre_30s_bid_size_medio_soma|<=|55.4663024847;adv_z_pre_120s_ask_size_medio_soma;<=;-1,326433568854512;pre_30s_bid_size_medio_soma;<=;55,466302484657746;68,08343855889555;C;8928;161;0,0180331541218638;821;40;781;0,048721071863580996;0,0919578853046595;2,701749873279821;0,2484472049689441;0,4472251483705175;1,0;0,4472251483705175;0,01744186046511628;0,096045197740113;5;52,150631933596884;True;38;405
ec08f2645b2d52a3;0ab50a340bd2c395;P7A_0000035;0;COMPRA;BIVARIADO;2;adv_z_pre_120s_ask_size_medio_soma <= -1.32643356885 E adv_z_pre_30s_bid_size_medio_soma <= 0.463898074181;adv_z_pre_120s_ask_size_medio_soma|<=|-1.3264335689 && adv_z_pre_30s_bid_size_medio_soma|<=|0.4638980742;adv_z_pre_120s_ask_size_medio_soma;<=;-1,326433568854512;adv_z_pre_30s_bid_size_medio_soma;<=;0,46389807418149;68,08343855889555;C;8928;161;0,0180331541218638;821;40;781;0,048721071863580996;0,0919578853046595;2,701749873279821;0,2484472049689441;0,4472251483705175;1,0;0,4472251483705175;0,01744186046511628;0,096045197740113;5;52,150631933596884;True;39;406
f8ad8ad73730bc0d;767e0575263ff888;P7A_0000036;0;COMPRA;BIVARIADO;2;adv_z_pre_120s_ask_size_medio_soma <= -1.32643356885 E adv_z_pre_30s_bid_size_medio_soma <= 0.902246927733;adv_z_pre_120s_ask_size_medio_soma|<=|-1.3264335689 && adv_z_pre_30s_bid_size_medio_soma|<=|0.9022469277;adv_z_pre_120s_ask_size_medio_soma;<=;-1,326433568854512;adv_z_pre_30s_bid_size_medio_soma;<=;0,9022469277331875;68,08343855889555;C;8928;161;0,0180331541218638;821;40;781;0,048721071863580996;0,0919578853046595;2,701749873279821;0,2484472049689441;0,4472251483705175;1,0;0,4472251483705175;0,01744186046511628;0,096045197740113;5;52,150631933596884;True;40;407
9ee6509b3a04d5d3;ea8f29152dd1977a;P7A_0000037;0;COMPRA;BIVARIADO;2;pre_120s_ask_size_medio_soma <= 90.3166666667 E pre_60s_bid_size_medio_soma <= 88.2173594753;pre_120s_ask_size_medio_soma|<=|90.3166666667 && pre_60s_bid_size_medio_soma|<=|88.2173594753;pre_120s_ask_size_medio_soma;<=;90,31666666666666;pre_60s_bid_size_medio_soma;<=;88,21735947527961;68,42109134184962;C;8928;161;0,0180331541218638;820;40;780;0,04878048780487805;0,09184587813620072;2,705044690198455;0,2484472049689441;0,4438442525291574;1,0;0,4438442525291574;0,017543859649122806;0,09659090909090909;5;52,137457697312925;True;41;408
607e68ebb971bdff;04f0603d0ef55493;P7A_0000038;0;COMPRA;BIVARIADO;2;pre_120s_ask_size_medio_soma <= 90.3166666667 E adv_z_pre_60s_bid_size_medio_soma <= 0.210763388119;adv_z_pre_60s_bid_size_medio_soma|<=|0.2107633881 && pre_120s_ask_size_medio_soma|<=|90.3166666667;pre_120s_ask_size_medio_soma;<=;90,31666666666666;adv_z_pre_60s_bid_size_medio_soma;<=;0,21076338811937123;68,42109134184962;C;8928;161;0,0180331541218638;820;40;780;0,04878048780487805;0,09184587813620072;2,705044690198455;0,2484472049689441;0,4438442525291574;1,0;0,4438442525291574;0,017543859649122806;0,09659090909090909;5;52,137457697312925;True;42;409
d0acdd473ce6aa59;285700ecfd7bfc04;P7A_0000039;0;COMPRA;BIVARIADO;2;adv_z_pre_120s_ask_size_medio_soma <= -1.32643356885 E pre_60s_bid_size_medio_soma <= 88.2173594753;adv_z_pre_120s_ask_size_medio_soma|<=|-1.3264335689 && pre_60s_bid_size_medio_soma|<=|88.2173594753;adv_z_pre_120s_ask_size_medio_soma;<=;-1,326433568854512;pre_60s_bid_size_medio_soma;<=;88,21735947527961;68,42109134184962;C;8928;161;0,0180331541218638;820;40;780;0,04878048780487805;0,09184587813620072;2,705044690198455;0,2484472049689441;0,4438442525291574;1,0;0,4438442525291574;0,017543859649122806;0,09659090909090909;5;52,137457697312925;True;43;410
e427a1b7b37826d2;f3e2071817d3650e;P7A_0000040;0;COMPRA;BIVARIADO;2;adv_z_pre_120s_ask_size_medio_soma <= -1.32643356885 E adv_z_pre_60s_bid_size_medio_soma <= 0.210763388119;adv_z_pre_120s_ask_size_medio_soma|<=|-1.3264335689 && adv_z_pre_60s_bid_size_medio_soma|<=|0.2107633881;adv_z_pre_120s_ask_size_medio_soma;<=;-1,326433568854512;adv_z_pre_60s_bid_size_medio_soma;<=;0,21076338811937123;68,42109134184962;C;8928;161;0,0180331541218638;820;40;780;0,04878048780487805;0,09184587813620072;2,705044690198455;0,2484472049689441;0,4438442525291574;1,0;0,4438442525291574;0,017543859649122806;0,09659090909090909;5;52,137457697312925;True;44;411
23bbdaebba95f97b;2a0f5c1da453a761;P7A_0000156;0;COMPRA;BIVARIADO;2;pre_120s_ask_size_medio_soma <= 90.3166666667 E pre_15s_agressor_compra <= 201;pre_120s_ask_size_medio_soma|<=|90.3166666667 && pre_15s_agressor_compra|<=|201.0;pre_120s_ask_size_medio_soma;<=;90,31666666666666;pre_15s_agressor_compra;<=;201,0;68,34232071033853;C;8928;161;0,0180331541218638;807;40;767;0,04956629491945477;0,09038978494623656;2,7486203791359767;0,2484472049689441;0,4374611610565349;1,0;0,4374611610565349;0,01775147928994083;0,09883720930232558;5;52,110882633353214;True;45;416
a276be9948a0fc88;16755f5bd8e860ed;P7A_0000157;0;COMPRA;BIVARIADO;2;adv_z_pre_120s_ask_size_medio_soma <= -1.32643356885 E pre_15s_agressor_compra <= 201;adv_z_pre_120s_ask_size_medio_soma|<=|-1.3264335689 && pre_15s_agressor_compra|<=|201.0;adv_z_pre_120s_ask_size_medio_soma;<=;-1,326433568854512;pre_15s_agressor_compra;<=;201,0;68,34232071033853;C;8928;161;0,0180331541218638;807;40;767;0,04956629491945477;0,09038978494623656;2,7486203791359767;0,2484472049689441;0,4374611610565349;1,0;0,4374611610565349;0,01775147928994083;0,09883720930232558;5;52,110882633353214;True;46;417
7e1008600f973598;2cf281cda0ed4a52;P7A_0000045;0;COMPRA;BIVARIADO;2;pre_120s_ask_size_medio_soma <= 90.3166666667 E pre_60s_bid_size_medio_soma <= 98.6559871207;pre_120s_ask_size_medio_soma|<=|90.3166666667 && pre_60s_bid_size_medio_soma|<=|98.6559871207;pre_120s_ask_size_medio_soma;<=;90,31666666666666;pre_60s_bid_size_medio_soma;<=;98,65598712074748;67,92960931601812;C;8928;161;0,0180331541218638;822;40;782;0,04866180048661801;0,09206989247311828;2,698463072947364;0,2484472049689441;0,4461259464818971;1,0;0,4461259464818971;0,01744186046511628;0,096045197740113;5;52,10527336794727;True;47;418
f16c4f7552270227;237fec10f3b0bf6d;P7A_0000046;0;COMPRA;BIVARIADO;2;pre_120s_ask_size_medio_soma <= 90.3166666667 E adv_z_pre_60s_bid_size_medio_soma <= 0.571115422852;adv_z_pre_60s_bid_size_medio_soma|<=|0.5711154229 && pre_120s_ask_size_medio_soma|<=|90.3166666667;pre_120s_ask_size_medio_soma;<=;90,31666666666666;adv_z_pre_60s_bid_size_medio_soma;<=;0,5711154228524382;67,92960931601812;C;8928;161;0,0180331541218638;822;40;782;0,04866180048661801;0,09206989247311828;2,698463072947364;0,2484472049689441;0,4461259464818971;1,0;0,4461259464818971;0,01744186046511628;0,096045197740113;5;52,10527336794727;True;48;419
95f094f3e89ca560;46c9170a982ceeac;P7A_0000047;0;COMPRA;BIVARIADO;2;adv_z_pre_120s_ask_size_medio_soma <= -1.32643356885 E pre_60s_bid_size_medio_soma <= 98.6559871207;adv_z_pre_120s_ask_size_medio_soma|<=|-1.3264335689 && pre_60s_bid_size_medio_soma|<=|98.6559871207;adv_z_pre_120s_ask_size_medio_soma;<=;-1,326433568854512;pre_60s_bid_size_medio_soma;<=;98,65598712074748;67,92960931601812;C;8928;161;0,0180331541218638;822;40;782;0,04866180048661801;0,09206989247311828;2,698463072947364;0,2484472049689441;0,4461259464818971;1,0;0,4461259464818971;0,01744186046511628;0,096045197740113;5;52,10527336794727;True;49;420
d678d68fabce1375;63a126384da75e5f;P7A_0000048;0;COMPRA;BIVARIADO;2;adv_z_pre_120s_ask_size_medio_soma <= -1.32643356885 E adv_z_pre_60s_bid_size_medio_soma <= 0.571115422852;adv_z_pre_120s_ask_size_medio_soma|<=|-1.3264335689 && adv_z_pre_60s_bid_size_medio_soma|<=|0.5711154229;adv_z_pre_120s_ask_size_medio_soma;<=;-1,326433568854512;adv_z_pre_60s_bid_size_medio_soma;<=;0,5711154228524382;67,92960931601812;C;8928;161;0,0180331541218638;822;40;782;0,04866180048661801;0,09206989247311828;2,698463072947364;0,2484472049689441;0,4461259464818971;1,0;0,4461259464818971;0,01744186046511628;0,096045197740113;5;52,10527336794727;True;50;421
771c6809da995e50;ab1177f2ceaf1d40;P7A_0000049;0;COMPRA;BIVARIADO;2;pre_120s_ask_size_medio_soma <= 90.3166666667 E pre_30s_trades_incremento_soma <= 909;pre_120s_ask_size_medio_soma|<=|90.3166666667 && pre_30s_trades_incremento_soma|<=|909.0;pre_120s_ask_size_medio_soma;<=;90,31666666666666;pre_30s_trades_incremento_soma;<=;909,0;67,89512350088353;C;8928;161;0,0180331541218638;822;40;782;0,04866180048661801;0,09206989247311828;2,698463072947364;0,2484472049689441;0,44551683098516803;1,0;0,44551683098516803;0,01744186046511628;0,096045197740113;5;52,090170991189986;True;51;422
304d8fd10c61ef0e;c1d6c74f44e2a4ad;P7A_0000050;0;COMPRA;BIVARIADO;2;pre_120s_ask_size_medio_soma <= 90.3166666667 E adv_z_pre_30s_trades_incremento_soma <= 1.12099204828;adv_z_pre_30s_trades_incremento_soma|<=|1.1209920483 && pre_120s_ask_size_medio_soma|<=|90.3166666667;pre_120s_ask_size_medio_soma;<=;90,31666666666666;adv_z_pre_30s_trades_incremento_soma;<=;1,120992048277075;67,89512350088353;C;8928;161;0,0180331541218638;822;40;782;0,04866180048661801;0,09206989247311828;2,698463072947364;0,2484472049689441;0,44551683098516803;1,0;0,44551683098516803;0,01744186046511628;0,096045197740113;5;52,090170991189986;True;52;423
10dc98504bf07a30;702ebd547a8aaff8;P7A_0000051;0;COMPRA;BIVARIADO;2;adv_z_pre_120s_ask_size_medio_soma <= -1.32643356885 E pre_30s_trades_incremento_soma <= 909;adv_z_pre_120s_ask_size_medio_soma|<=|-1.3264335689 && pre_30s_trades_incremento_soma|<=|909.0;adv_z_pre_120s_ask_size_medio_soma;<=;-1,326433568854512;pre_30s_trades_incremento_soma;<=;909,0;67,89512350088353;C;8928;161;0,0180331541218638;822;40;782;0,04866180048661801;0,09206989247311828;2,698463072947364;0,2484472049689441;0,44551683098516803;1,0;0,44551683098516803;0,01744186046511628;0,096045197740113;5;52,090170991189986;True;53;424
8d6e6c0e5fd1eb1c;3036fd05202f7844;P7A_0000052;0;COMPRA;BIVARIADO;2;adv_z_pre_120s_ask_size_medio_soma <= -1.32643356885 E adv_z_pre_30s_trades_incremento_soma <= 1.12099204828;adv_z_pre_120s_ask_size_medio_soma|<=|-1.3264335689 && adv_z_pre_30s_trades_incremento_soma|<=|1.1209920483;adv_z_pre_120s_ask_size_medio_soma;<=;-1,326433568854512;adv_z_pre_30s_trades_incremento_soma;<=;1,120992048277075;67,89512350088353;C;8928;161;0,0180331541218638;822;40;782;0,04866180048661801;0,09206989247311828;2,698463072947364;0,2484472049689441;0,44551683098516803;1,0;0,44551683098516803;0,01744186046511628;0,096045197740113;5;52,090170991189986;True;54;425
da8ec6ff3720b2ca;3ee6f31e4117497f;P7A_0000055;0;COMPRA;BIVARIADO;2;pre_120s_ask_size_medio_soma <= 90.3166666667 E adv_z_pre_120s_ask_size_medio_soma <= -1.32643356885;adv_z_pre_120s_ask_size_medio_soma|<=|-1.3264335689 && pre_120s_ask_size_medio_soma|<=|90.3166666667;pre_120s_ask_size_medio_soma;<=;90,31666666666666;adv_z_pre_120s_ask_size_medio_soma;<=;-1,326433568854512;67,77598807167931;C;8928;161;0,0180331541218638;823;40;783;0,04860267314702309;0,09218189964157707;2,6951842599790194;0,2484472049689441;0,4450311096983931;1,0;0,4450311096983931;0,01744186046511628;0,096045197740113;5;52,06006828366863;True;55;426
2bf4a88527866842;f3916ffc6591dc15;P7A_0000056;0;COMPRA;BIVARIADO;2;pre_120s_ask_size_medio_soma <= 90.3166666667 E adv_z_pre_120s_ask_size_medio_soma <= -0.594528281423;adv_z_pre_120s_ask_size_medio_soma|<=|-0.5945282814 && pre_120s_ask_size_medio_soma|<=|90.3166666667;pre_120s_ask_size_medio_soma;<=;90,31666666666666;adv_z_pre_120s_ask_size_medio_soma;<=;-0,5945282814232573;67,77598807167931;C;8928;161;0,0180331541218638;823;40;783;0,04860267314702309;0,09218189964157707;2,6951842599790194;0,2484472049689441;0,4450311096983931;1,0;0,4450311096983931;0,01744186046511628;0,096045197740113;5;52,06006828366863;True;56;427
601e023142a2cfe8;40e31ea4f68a3c28;P7A_0000057;0;COMPRA;BIVARIADO;2;pre_120s_ask_size_medio_soma <= 90.3166666667 E adv_z_pre_120s_ask_size_medio_soma <= 0.236750875959;adv_z_pre_120s_ask_size_medio_soma|<=|0.236750876 && pre_120s_ask_size_medio_soma|<=|90.3166666667;pre_120s_ask_size_medio_soma;<=;90,31666666666666;adv_z_pre_120s_ask_size_medio_soma;<=;0,2367508759588187;67,77598807167931;C;8928;161;0,0180331541218638;823;40;783;0,04860267314702309;0,09218189964157707;2,6951842599790194;0,2484472049689441;0,4450311096983931;1,0;0,4450311096983931;0,01744186046511628;0,096045197740113;5;52,06006828366863;True;57;428
327b23e4b1c1ea6d;0fdbdfcf73e71298;P7A_0000058;0;COMPRA;BIVARIADO;2;pre_120s_ask_size_medio_soma <= 90.3166666667 E adv_z_pre_120s_ask_size_medio_soma <= 0.60031900781;adv_z_pre_120s_ask_size_medio_soma|<=|0.6003190078 && pre_120s_ask_size_medio_soma|<=|90.3166666667;pre_120s_ask_size_medio_soma;<=;90,31666666666666;adv_z_pre_120s_ask_size_medio_soma;<=;0,6003190078098378;67,77598807167931;C;8928;161;0,0180331541218638;823;40;783;0,04860267314702309;0,09218189964157707;2,6951842599790194;0,2484472049689441;0,4450311096983931;1,0;0,4450311096983931;0,01744186046511628;0,096045197740113;5;52,06006828366863;True;58;429
e147f26f7b5f38a5;8bee3182dd7e6cc1;P7A_0000059;0;COMPRA;BIVARIADO;2;pre_120s_ask_size_medio_soma <= 90.3166666667 E adv_z_pre_120s_ask_size_medio_soma <= 1.05302710787;adv_z_pre_120s_ask_size_medio_soma|<=|1.0530271079 && pre_120s_ask_size_medio_soma|<=|90.3166666667;pre_120s_ask_size_medio_soma;<=;90,31666666666666;adv_z_pre_120s_ask_size_medio_soma;<=;1,0530271078687314;67,77598807167931;C;8928;161;0,0180331541218638;823;40;783;0,04860267314702309;0,09218189964157707;2,6951842599790194;0,2484472049689441;0,4450311096983931;1,0;0,4450311096983931;0,01744186046511628;0,096045197740113;5;52,06006828366863;True;59;430
728c59f3391d73c1;2a876c9069cbf3fc;P7A_0000060;0;COMPRA;BIVARIADO;2;pre_120s_ask_size_medio_soma <= 130.9075748 E adv_z_pre_120s_ask_size_medio_soma <= -1.32643356885;adv_z_pre_120s_ask_size_medio_soma|<=|-1.3264335689 && pre_120s_ask_size_medio_soma|<=|130.9075748;pre_120s_ask_size_medio_soma;<=;130,90757479996188;adv_z_pre_120s_ask_size_medio_soma;<=;-1,326433568854512;67,77598807167931;C;8928;161;0,0180331541218638;823;40;783;0,04860267314702309;0,09218189964157707;2,6951842599790194;0,2484472049689441;0,4450311096983931;1,0;0,4450311096983931;0,01744186046511628;0,096045197740113;5;52,06006828366863;True;60;431
05c5ab7b4a7f9ebb;4e8960921bfea2a6;P7A_0000118;0;VENDA;BIVARIADO;2;pre_120s_ask_size_medio_soma <= 90.3166666667 E pre_60s_bid_size_medio_soma <= 66.3174456623;pre_120s_ask_size_medio_soma|<=|90.3166666667 && pre_60s_bid_size_medio_soma|<=|66.3174456623;pre_120s_ask_size_medio_soma;<=;90,31666666666666;pre_60s_bid_size_medio_soma;<=;66,31744566229645;70,52783556610412;B;6748;133;0,01970954356846473;720;40;680;0,05555555555555555;0,10669828097213989;2,8187134502923974;0,3007518796992481;0,7069553393918453;1,0;0,7069553393918453;0,035211267605633804;0,07926829268292683;5;59,23142136723912;True;1;129
9e2e04159cb04d93;18541bc173484144;P7A_0000119;0;VENDA;BIVARIADO;2;pre_120s_ask_size_medio_soma <= 90.3166666667 E adv_z_pre_60s_bid_size_medio_soma <= -0.54524389282;adv_z_pre_60s_bid_size_medio_soma|<=|-0.5452438928 && pre_120s_ask_size_medio_soma|<=|90.3166666667;pre_120s_ask_size_medio_soma;<=;90,31666666666666;adv_z_pre_60s_bid_size_medio_soma;<=;-0,5452438928198626;70,52783556610412;B;6748;133;0,01970954356846473;720;40;680;0,05555555555555555;0,10669828097213989;2,8187134502923974;0,3007518796992481;0,7069553393918453;1,0;0,7069553393918453;0,035211267605633804;0,07926829268292683;5;59,23142136723912;True;2;130
5daff8a9fec408f7;dfe96125e7d51335;P7A_0000120;0;VENDA;BIVARIADO;2;adv_z_pre_120s_ask_size_medio_soma <= -1.32643356885 E pre_60s_bid_size_medio_soma <= 66.3174456623;adv_z_pre_120s_ask_size_medio_soma|<=|-1.3264335689 && pre_60s_bid_size_medio_soma|<=|66.3174456623;adv_z_pre_120s_ask_size_medio_soma;<=;-1,326433568854512;pre_60s_bid_size_medio_soma;<=;66,31744566229645;70,52783556610412;B;6748;133;0,01970954356846473;720;40;680;0,05555555555555555;0,10669828097213989;2,8187134502923974;0,3007518796992481;0,7069553393918453;1,0;0,7069553393918453;0,035211267605633804;0,07926829268292683;5;59,23142136723912;True;3;131
9c88d557c91ce29d;f28cd4c0fc699369;P7A_0000121;0;VENDA;BIVARIADO;2;adv_z_pre_120s_ask_size_medio_soma <= -1.32643356885 E adv_z_pre_60s_bid_size_medio_soma <= -0.54524389282;adv_z_pre_120s_ask_size_medio_soma|<=|-1.3264335689 && adv_z_pre_60s_bid_size_medio_soma|<=|-0.5452438928;adv_z_pre_120s_ask_size_medio_soma;<=;-1,326433568854512;adv_z_pre_60s_bid_size_medio_soma;<=;-0,5452438928198626;70,52783556610412;B;6748;133;0,01970954356846473;720;40;680;0,05555555555555555;0,10669828097213989;2,8187134502923974;0,3007518796992481;0,7069553393918453;1,0;0,7069553393918453;0,035211267605633804;0,07926829268292683;5;59,23142136723912;True;4;132
d69bc708572c593f;1561aac7683eada2;P7A_0000164;0;VENDA;BIVARIADO;2;pre_120s_ask_size_medio_soma <= 90.3166666667 E adv_delta_spread_minimo_30s_120s > 0.116666666667;adv_delta_spread_minimo_30s_120s|>|0.1166666667 && pre_120s_ask_size_medio_soma|<=|90.3166666667;pre_120s_ask_size_medio_soma;<=;90,31666666666666;adv_delta_spread_minimo_30s_120s;>;0,11666666666666659;70,76611664931868;B;6748;133;0,01970954356846473;705;39;666;0,05531914893617021;0,10447540011855365;2,8067189249720044;0,2932330827067669;0,706443421108883;1,0;0,706443421108883;0,037037037037037035;0,08024691358024691;5;59,17402233413047;True;5;133
0955b40e1328be11;2b0d283c39249f2a;P7A_0000165;0;VENDA;BIVARIADO;2;adv_z_pre_120s_ask_size_medio_soma <= -1.32643356885 E adv_delta_spread_minimo_30s_120s > 0.116666666667;adv_delta_spread_minimo_30s_120s|>|0.1166666667 && adv_z_pre_120s_ask_size_medio_soma|<=|-1.3264335689;adv_z_pre_120s_ask_size_medio_soma;<=;-1,326433568854512;adv_delta_spread_minimo_30s_120s;>;0,11666666666666659;70,76611664931868;B;6748;133;0,01970954356846473;705;39;666;0,05531914893617021;0,10447540011855365;2,8067189249720044;0,2932330827067669;0,706443421108883;1,0;0,706443421108883;0,037037037037037035;0,08024691358024691;5;59,17402233413047;True;6;134
b01b0b41666ca6e8;600e3e5c40c4c2f9;P7A_0000021;0;VENDA;BIVARIADO;2;pre_120s_ask_size_medio_soma <= 90.3166666667 E adv_delta_range_pontos_15s_60s > -1700;adv_delta_range_pontos_15s_60s|>|-1700.0 && pre_120s_ask_size_medio_soma|<=|90.3166666667;pre_120s_ask_size_medio_soma;<=;90,31666666666666;adv_delta_range_pontos_15s_60s;>;-1700,0;70,49655477132515;B;6748;133;0,01970954356846473;729;40;689;0,05486968449931413;0,10803200948429165;2,7839145188073062;0,3007518796992481;0,7048187101631456;1,0;0,7048187101631456;0,034482758620689655;0,0783132530120482;5;58,96645667920271;True;7;137
4e601b239a9c095d;33950fcc889a32d3;P7A_0000022;0;VENDA;BIVARIADO;2;adv_z_pre_120s_ask_size_medio_soma <= -1.32643356885 E adv_delta_range_pontos_15s_60s > -1700;adv_delta_range_pontos_15s_60s|>|-1700.0 && adv_z_pre_120s_ask_size_medio_soma|<=|-1.3264335689;adv_z_pre_120s_ask_size_medio_soma;<=;-1,326433568854512;adv_delta_range_pontos_15s_60s;>;-1700,0;70,49655477132515;B;6748;133;0,01970954356846473;729;40;689;0,05486968449931413;0,10803200948429165;2,7839145188073062;0,3007518796992481;0,7048187101631456;1,0;0,7048187101631456;0,034482758620689655;0,0783132530120482;5;58,96645667920271;True;8;138
c84d734f71edb8ed;8d0129869ce125db;P7A_0000019;0;VENDA;BIVARIADO;2;pre_120s_ask_size_medio_soma <= 90.3166666667 E pre_15s_bid_size_medio_soma <= 28.1245351192;pre_120s_ask_size_medio_soma|<=|90.3166666667 && pre_15s_bid_size_medio_soma|<=|28.1245351192;pre_120s_ask_size_medio_soma;<=;90,31666666666666;pre_15s_bid_size_medio_soma;<=;28,124535119206396;68,40887379815081;C;6748;133;0,01970954356846473;737;40;697;0,054274084124830396;0,10921754593953764;2,7536956366492897;0,3007518796992481;0,7170386882192258;1,0;0,7170386882192258;0,03424657534246575;0,07602339181286549;5;58,742460284405915;True;9;140
8ca581db49c93034;69991497807b8887;P7A_0000020;0;VENDA;BIVARIADO;2;adv_z_pre_120s_ask_size_medio_soma <= -1.32643356885 E pre_15s_bid_size_medio_soma <= 28.1245351192;adv_z_pre_120s_ask_size_medio_soma|<=|-1.3264335689 && pre_15s_bid_size_medio_soma|<=|28.1245351192;adv_z_pre_120s_ask_size_medio_soma;<=;-1,326433568854512;pre_15s_bid_size_medio_soma;<=;28,124535119206396;68,40887379815081;C;6748;133;0,01970954356846473;737;40;697;0,054274084124830396;0,10921754593953764;2,7536956366492897;0,3007518796992481;0,7170386882192258;1,0;0,7170386882192258;0,03424657534246575;0,07602339181286549;5;58,742460284405915;True;10;141
f60a818ed074b3d6;28637dccf9527e72;P7A_0000112;0;VENDA;BIVARIADO;2;pre_120s_ask_size_medio_soma <= 90.3166666667 E pre_15s_agressor_compra <= 375;pre_120s_ask_size_medio_soma|<=|90.3166666667 && pre_15s_agressor_compra|<=|375.0;pre_120s_ask_size_medio_soma;<=;90,31666666666666;pre_15s_agressor_compra;<=;375,0;69,61887647165973;C;6748;133;0,01970954356846473;741;40;701;0,05398110661268556;0,10981031416716064;2,7388308828752046;0,3007518796992481;0,711483166642461;1,0;0,711483166642461;0,03424657534246575;0,07602339181286549;5;58,69251034483075;True;11;142
4577f19e838f38da;ff62aa3def7819d1;P7A_0000113;0;VENDA;BIVARIADO;2;adv_z_pre_120s_ask_size_medio_soma <= -1.32643356885 E pre_15s_agressor_compra <= 375;adv_z_pre_120s_ask_size_medio_soma|<=|-1.3264335689 && pre_15s_agressor_compra|<=|375.0;adv_z_pre_120s_ask_size_medio_soma;<=;-1,326433568854512;pre_15s_agressor_compra;<=;375,0;69,61887647165973;C;6748;133;0,01970954356846473;741;40;701;0,05398110661268556;0,10981031416716064;2,7388308828752046;0,3007518796992481;0,711483166642461;1,0;0,711483166642461;0,03424657534246575;0,07602339181286549;5;58,69251034483075;True;12;143
b391cc68c98ac141;ff129f99f5977815;P7A_0000122;0;VENDA;BIVARIADO;2;pre_120s_ask_size_medio_soma <= 90.3166666667 E adv_delta_range_pontos_15s_60s > -2725;adv_delta_range_pontos_15s_60s|>|-2725.0 && pre_120s_ask_size_medio_soma|<=|90.3166666667;pre_120s_ask_size_medio_soma;<=;90,31666666666666;adv_delta_range_pontos_15s_60s;>;-2725,0;69,56885845454403;C;6748;133;0,01970954356846473;741;40;701;0,05398110661268556;0,10981031416716064;2,7388308828752046;0,3007518796992481;0,711483166642461;1,0;0,711483166642461;0,03424657534246575;0,07602339181286549;5;58,686508182776876;True;13;144
0b0b6ac9f2abd161;b6e34ab3a1535ca6;P7A_0000123;0;VENDA;BIVARIADO;2;adv_z_pre_120s_ask_size_medio_soma <= -1.32643356885 E adv_delta_range_pontos_15s_60s > -2725;adv_delta_range_pontos_15s_60s|>|-2725.0 && adv_z_pre_120s_ask_size_medio_soma|<=|-1.3264335689;adv_z_pre_120s_ask_size_medio_soma;<=;-1,326433568854512;adv_delta_range_pontos_15s_60s;>;-2725,0;69,56885845454403;C;6748;133;0,01970954356846473;741;40;701;0,05398110661268556;0,10981031416716064;2,7388308828752046;0,3007518796992481;0,711483166642461;1,0;0,711483166642461;0,03424657534246575;0,07602339181286549;5;58,686508182776876;True;14;145
5290fcebc25de9b7;bae5a18857dc8ca1;P7A_0000041;0;VENDA;BIVARIADO;2;pre_120s_ask_size_medio_soma <= 90.3166666667 E pre_60s_cobertura_segundos <= 44;pre_120s_ask_size_medio_soma|<=|90.3166666667 && pre_60s_cobertura_segundos|<=|44.0;pre_120s_ask_size_medio_soma;<=;90,31666666666666;pre_60s_cobertura_segundos;<=;44,0;69,46947913964104;C;6748;133;0,01970954356846473;742;40;702;0,05390835579514825;0,10995850622406639;2,735139736132785;0,3007518796992481;0,7121686618681135;1,0;0,7121686618681135;0,034013605442176874;0,0755813953488372;5;58,66329415564233;True;15;146
d08efbbcfb01cf67;0ea891dedd8d7878;P7A_0000042;0;VENDA;BIVARIADO;2;pre_120s_ask_size_medio_soma <= 90.3166666667 E adv_z_pre_60s_cobertura_segundos <= -0.451265907308;adv_z_pre_60s_cobertura_segundos|<=|-0.4512659073 && pre_120s_ask_size_medio_soma|<=|90.3166666667;pre_120s_ask_size_medio_soma;<=;90,31666666666666;adv_z_pre_60s_cobertura_segundos;<=;-0,45126590730837896;69,46947913964104;C;6748;133;0,01970954356846473;742;40;702;0,05390835579514825;0,10995850622406639;2,735139736132785;0,3007518796992481;0,7121686618681135;1,0;0,7121686618681135;0,034013605442176874;0,0755813953488372;5;58,66329415564233;True;16;147
42a723212ecb9330;16534c9a349f1b50;P7A_0000043;0;VENDA;BIVARIADO;2;adv_z_pre_120s_ask_size_medio_soma <= -1.32643356885 E pre_60s_cobertura_segundos <= 44;adv_z_pre_120s_ask_size_medio_soma|<=|-1.3264335689 && pre_60s_cobertura_segundos|<=|44.0;adv_z_pre_120s_ask_size_medio_soma;<=;-1,326433568854512;pre_60s_cobertura_segundos;<=;44,0;69,46947913964104;C;6748;133;0,01970954356846473;742;40;702;0,05390835579514825;0,10995850622406639;2,735139736132785;0,3007518796992481;0,7121686618681135;1,0;0,7121686618681135;0,034013605442176874;0,0755813953488372;5;58,66329415564233;True;17;148
c794bf4d4ceb9e12;faeba726f8b8d0ee;P7A_0000044;0;VENDA;BIVARIADO;2;adv_z_pre_120s_ask_size_medio_soma <= -1.32643356885 E adv_z_pre_60s_cobertura_segundos <= -0.451265907308;adv_z_pre_120s_ask_size_medio_soma|<=|-1.3264335689 && adv_z_pre_60s_cobertura_segundos|<=|-0.4512659073;adv_z_pre_120s_ask_size_medio_soma;<=;-1,326433568854512;adv_z_pre_60s_cobertura_segundos;<=;-0,45126590730837896;69,46947913964104;C;6748;133;0,01970954356846473;742;40;702;0,05390835579514825;0,10995850622406639;2,735139736132785;0,3007518796992481;0,7121686618681135;1,0;0,7121686618681135;0,034013605442176874;0,0755813953488372;5;58,66329415564233;True;18;149
2ac2d52a9b5472bf;9c3aab62d17b6483;P7A_0000023;0;VENDA;BIVARIADO;2;pre_120s_ask_size_medio_soma <= 90.3166666667 E pre_120s_bid_size_medio_soma <= 129.857733505;pre_120s_ask_size_medio_soma|<=|90.3166666667 && pre_120s_bid_size_medio_soma|<=|129.8577335052;pre_120s_ask_size_medio_soma;<=;90,31666666666666;pre_120s_bid_size_medio_soma;<=;129,85773350518676;68,7183760730169;C;6748;133;0,01970954356846473;742;40;702;0,05390835579514825;0,10995850622406639;2,735139736132785;0,3007518796992481;0,7116563298720091;1,0;0,7116563298720091;0,03424657534246575;0,07602339181286549;5;58,56393981171757;True;19;150
511b925249ac36c5;8f8a45b6c0bae1e8;P7A_0000024;0;VENDA;BIVARIADO;2;pre_120s_ask_size_medio_soma <= 90.3166666667 E adv_z_pre_120s_bid_size_medio_soma <= -0.606447999718;adv_z_pre_120s_bid_size_medio_soma|<=|-0.6064479997 && pre_120s_ask_size_medio_soma|<=|90.3166666667;pre_120s_ask_size_medio_soma;<=;90,31666666666666;adv_z_pre_120s_bid_size_medio_soma;<=;-0,6064479997177702;68,7183760730169;C;6748;133;0,01970954356846473;742;40;702;0,05390835579514825;0,10995850622406639;2,735139736132785;0,3007518796992481;0,7116563298720091;1,0;0,7116563298720091;0,03424657534246575;0,07602339181286549;5;58,56393981171757;True;20;151
6ce9b40046dca3a1;d6c76cb6bae741b2;P7A_0000025;0;VENDA;BIVARIADO;2;adv_z_pre_120s_ask_size_medio_soma <= -1.32643356885 E pre_120s_bid_size_medio_soma <= 129.857733505;adv_z_pre_120s_ask_size_medio_soma|<=|-1.3264335689 && pre_120s_bid_size_medio_soma|<=|129.8577335052;adv_z_pre_120s_ask_size_medio_soma;<=;-1,326433568854512;pre_120s_bid_size_medio_soma;<=;129,85773350518676;68,7183760730169;C;6748;133;0,01970954356846473;742;40;702;0,05390835579514825;0,10995850622406639;2,735139736132785;0,3007518796992481;0,7116563298720091;1,0;0,7116563298720091;0,03424657534246575;0,07602339181286549;5;58,56393981171757;True;21;152
5d5eb1e31bef840d;c5fc69aa9ac5f6c9;P7A_0000026;0;VENDA;BIVARIADO;2;adv_z_pre_120s_ask_size_medio_soma <= -1.32643356885 E adv_z_pre_120s_bid_size_medio_soma <= -0.606447999718;adv_z_pre_120s_ask_size_medio_soma|<=|-1.3264335689 && adv_z_pre_120s_bid_size_medio_soma|<=|-0.6064479997;adv_z_pre_120s_ask_size_medio_soma;<=;-1,326433568854512;adv_z_pre_120s_bid_size_medio_soma;<=;-0,6064479997177702;68,7183760730169;C;6748;133;0,01970954356846473;742;40;702;0,05390835579514825;0,10995850622406639;2,735139736132785;0,3007518796992481;0,7116563298720091;1,0;0,7116563298720091;0,03424657534246575;0,07602339181286549;5;58,56393981171757;True;22;153
689f8cfa659623f1;9103a411016d8a1a;P7A_0000124;0;VENDA;BIVARIADO;2;pre_120s_ask_size_medio_soma <= 90.3166666667 E pre_60s_ask_size_medio_soma <= 67.0768756109;pre_120s_ask_size_medio_soma|<=|90.3166666667 && pre_60s_ask_size_medio_soma|<=|67.0768756109;pre_120s_ask_size_medio_soma;<=;90,31666666666666;pre_60s_ask_size_medio_soma;<=;67,07687561094818;68,7083176196271;C;6748;133;0,01970954356846473;744;40;704;0,053763440860215055;0,11025489033787789;2,727787209960385;0,3007518796992481;0,7123335668597188;1,0;0,7123335668597188;0,034013605442176874;0,0755813953488372;5;58,52785876001091;True;23;154
d316b80e119e4db1;c67744454b929447;P7A_0000125;0;VENDA;BIVARIADO;2;pre_120s_ask_size_medio_soma <= 90.3166666667 E adv_z_pre_60s_ask_size_medio_soma <= -0.522587759325;adv_z_pre_60s_ask_size_medio_soma|<=|-0.5225877593 && pre_120s_ask_size_medio_soma|<=|90.3166666667;pre_120s_ask_size_medio_soma;<=;90,31666666666666;adv_z_pre_60s_ask_size_medio_soma;<=;-0,522587759325445;68,7083176196271;C;6748;133;0,01970954356846473;744;40;704;0,053763440860215055;0,11025489033787789;2,727787209960385;0,3007518796992481;0,7123335668597188;1,0;0,7123335668597188;0,034013605442176874;0,0755813953488372;5;58,52785876001091;True;24;155
4c744d77eaa82693;ea66f8d2d892a050;P7A_0000126;0;VENDA;BIVARIADO;2;adv_z_pre_120s_ask_size_medio_soma <= -1.32643356885 E pre_60s_ask_size_medio_soma <= 67.0768756109;adv_z_pre_120s_ask_size_medio_soma|<=|-1.3264335689 && pre_60s_ask_size_medio_soma|<=|67.0768756109;adv_z_pre_120s_ask_size_medio_soma;<=;-1,326433568854512;pre_60s_ask_size_medio_soma;<=;67,07687561094818;68,7083176196271;C;6748;133;0,01970954356846473;744;40;704;0,053763440860215055;0,11025489033787789;2,727787209960385;0,3007518796992481;0,7123335668597188;1,0;0,7123335668597188;0,034013605442176874;0,0755813953488372;5;58,52785876001091;True;25;156
44307a8de322cac9;5e872b407baa8e0f;P7A_0000127;0;VENDA;BIVARIADO;2;adv_z_pre_120s_ask_size_medio_soma <= -1.32643356885 E adv_z_pre_60s_ask_size_medio_soma <= -0.522587759325;adv_z_pre_120s_ask_size_medio_soma|<=|-1.3264335689 && adv_z_pre_60s_ask_size_medio_soma|<=|-0.5225877593;adv_z_pre_120s_ask_size_medio_soma;<=;-1,326433568854512;adv_z_pre_60s_ask_size_medio_soma;<=;-0,522587759325445;68,7083176196271;C;6748;133;0,01970954356846473;744;40;704;0,053763440860215055;0,11025489033787789;2,727787209960385;0,3007518796992481;0,7123335668597188;1,0;0,7123335668597188;0,034013605442176874;0,0755813953488372;5;58,52785876001091;True;26;157
3f996c1cb97134ec;f69aa7339fb51f42;P7A_0000192;0;VENDA;BIVARIADO;2;pre_120s_ask_size_medio_soma <= 90.3166666667 E pre_120s_volume_incremento_soma <= 313;pre_120s_ask_size_medio_soma|<=|90.3166666667 && pre_120s_volume_incremento_soma|<=|313.0;pre_120s_ask_size_medio_soma;<=;90,31666666666666;pre_120s_volume_incremento_soma;<=;313,0;68,76631939727862;C;6748;133;0,01970954356846473;736;40;696;0,05434782608695652;0,10906935388263189;2,757437070938215;0,3007518796992481;0,7001628648362386;1,0;0,7001628648362386;0,034013605442176874;0,07784431137724551;5;58,50553825475624;True;27;158
d26bcb0b9eaa182b;f6b2bb05ac1f4efe;P7A_0000193;0;VENDA;BIVARIADO;2;pre_120s_ask_size_medio_soma <= 90.3166666667 E adv_z_pre_120s_volume_incremento_soma <= -0.785365808453;adv_z_pre_120s_volume_incremento_soma|<=|-0.7853658085 && pre_120s_ask_size_medio_soma|<=|90.3166666667;pre_120s_ask_size_medio_soma;<=;90,31666666666666;adv_z_pre_120s_volume_incremento_soma;<=;-0,7853658084525277;68,76631939727862;C;6748;133;0,01970954356846473;736;40;696;0,05434782608695652;0,10906935388263189;2,757437070938215;0,3007518796992481;0,7001628648362386;1,0;0,7001628648362386;0,034013605442176874;0,07784431137724551;5;58,50553825475624;True;28;159
dd334ec28a3714b8;f2a16ad69cfae4d9;P7A_0000194;0;VENDA;BIVARIADO;2;adv_z_pre_120s_ask_size_medio_soma <= -1.32643356885 E pre_120s_volume_incremento_soma <= 313;adv_z_pre_120s_ask_size_medio_soma|<=|-1.3264335689 && pre_120s_volume_incremento_soma|<=|313.0;adv_z_pre_120s_ask_size_medio_soma;<=;-1,326433568854512;pre_120s_volume_incremento_soma;<=;313,0;68,76631939727862;C;6748;133;0,01970954356846473;736;40;696;0,05434782608695652;0,10906935388263189;2,757437070938215;0,3007518796992481;0,7001628648362386;1,0;0,7001628648362386;0,034013605442176874;0,07784431137724551;5;58,50553825475624;True;29;160
87bf6f0760ff21f4;9390b8de3cc7391e;P7A_0000195;0;VENDA;BIVARIADO;2;adv_z_pre_120s_ask_size_medio_soma <= -1.32643356885 E adv_z_pre_120s_volume_incremento_soma <= -0.785365808453;adv_z_pre_120s_ask_size_medio_soma|<=|-1.3264335689 && adv_z_pre_120s_volume_incremento_soma|<=|-0.7853658085;adv_z_pre_120s_ask_size_medio_soma;<=;-1,326433568854512;adv_z_pre_120s_volume_incremento_soma;<=;-0,7853658084525277;68,76631939727862;C;6748;133;0,01970954356846473;736;40;696;0,05434782608695652;0,10906935388263189;2,757437070938215;0,3007518796992481;0,7001628648362386;1,0;0,7001628648362386;0,034013605442176874;0,07784431137724551;5;58,50553825475624;True;30;161
1056984d283d89f5;b70abde3440d59d2;P7A_0000114;0;VENDA;BIVARIADO;2;pre_120s_ask_size_medio_soma <= 90.3166666667 E pre_30s_ask_size_medio_soma <= 43.3595702585;pre_120s_ask_size_medio_soma|<=|90.3166666667 && pre_30s_ask_size_medio_soma|<=|43.3595702585;pre_120s_ask_size_medio_soma;<=;90,31666666666666;pre_30s_ask_size_medio_soma;<=;43,359570258504014;68,425294761101;C;6748;133;0,01970954356846473;745;40;705;0,053691275167785234;0,11040308239478364;2,724125750618156;0,3007518796992481;0,712443354667663;1,0;0,712443354667663;0,034013605442176874;0,0755813953488372;5;58,47243480633322;True;31;164
1bb0057c55b9484f;6bb74e07c8a0e79d;P7A_0000115;0;VENDA;BIVARIADO;2;pre_120s_ask_size_medio_soma <= 90.3166666667 E adv_z_pre_30s_ask_size_medio_soma <= 0.114987999867;adv_z_pre_30s_ask_size_medio_soma|<=|0.1149879999 && pre_120s_ask_size_medio_soma|<=|90.3166666667;pre_120s_ask_size_medio_soma;<=;90,31666666666666;adv_z_pre_30s_ask_size_medio_soma;<=;0,11498799986710816;68,425294761101;C;6748;133;0,01970954356846473;745;40;705;0,053691275167785234;0,11040308239478364;2,724125750618156;0,3007518796992481;0,712443354667663;1,0;0,712443354667663;0,034013605442176874;0,0755813953488372;5;58,47243480633322;True;32;165
20b010e13d98801f;a9873e6aefbffece;P7A_0000116;0;VENDA;BIVARIADO;2;adv_z_pre_120s_ask_size_medio_soma <= -1.32643356885 E pre_30s_ask_size_medio_soma <= 43.3595702585;adv_z_pre_120s_ask_size_medio_soma|<=|-1.3264335689 && pre_30s_ask_size_medio_soma|<=|43.3595702585;adv_z_pre_120s_ask_size_medio_soma;<=;-1,326433568854512;pre_30s_ask_size_medio_soma;<=;43,359570258504014;68,425294761101;C;6748;133;0,01970954356846473;745;40;705;0,053691275167785234;0,11040308239478364;2,724125750618156;0,3007518796992481;0,712443354667663;1,0;0,712443354667663;0,034013605442176874;0,0755813953488372;5;58,47243480633322;True;33;166
095023734629b441;6d6114cab03296a9;P7A_0000117;0;VENDA;BIVARIADO;2;adv_z_pre_120s_ask_size_medio_soma <= -1.32643356885 E adv_z_pre_30s_ask_size_medio_soma <= 0.114987999867;adv_z_pre_120s_ask_size_medio_soma|<=|-1.3264335689 && adv_z_pre_30s_ask_size_medio_soma|<=|0.1149879999;adv_z_pre_120s_ask_size_medio_soma;<=;-1,326433568854512;adv_z_pre_30s_ask_size_medio_soma;<=;0,11498799986710816;68,425294761101;C;6748;133;0,01970954356846473;745;40;705;0,053691275167785234;0,11040308239478364;2,724125750618156;0,3007518796992481;0,712443354667663;1,0;0,712443354667663;0,034013605442176874;0,0755813953488372;5;58,47243480633322;True;34;167
cebbca3d3a38ba69;ea8f29152dd1977a;P7A_0000037;0;VENDA;BIVARIADO;2;pre_120s_ask_size_medio_soma <= 90.3166666667 E pre_60s_bid_size_medio_soma <= 88.2173594753;pre_120s_ask_size_medio_soma|<=|90.3166666667 && pre_60s_bid_size_medio_soma|<=|88.2173594753;pre_120s_ask_size_medio_soma;<=;90,31666666666666;pre_60s_bid_size_medio_soma;<=;88,21735947527961;68,42109134184962;C;6748;133;0,01970954356846473;744;40;704;0,053763440860215055;0,11025489033787789;2,727787209960385;0,3007518796992481;0,7089502111699253;1,0;0,7089502111699253;0,034013605442176874;0,07602339181286549;5;58,432491204261325;True;35;168
b959934769d2dc3f;04f0603d0ef55493;P7A_0000038;0;VENDA;BIVARIADO;2;pre_120s_ask_size_medio_soma <= 90.3166666667 E adv_z_pre_60s_bid_size_medio_soma <= 0.210763388119;adv_z_pre_60s_bid_size_medio_soma|<=|0.2107633881 && pre_120s_ask_size_medio_soma|<=|90.3166666667;pre_120s_ask_size_medio_soma;<=;90,31666666666666;adv_z_pre_60s_bid_size_medio_soma;<=;0,21076338811937123;68,42109134184962;C;6748;133;0,01970954356846473;744;40;704;0,053763440860215055;0,11025489033787789;2,727787209960385;0,3007518796992481;0,7089502111699253;1,0;0,7089502111699253;0,034013605442176874;0,07602339181286549;5;58,432491204261325;True;36;169
6edde4be678f7086;285700ecfd7bfc04;P7A_0000039;0;VENDA;BIVARIADO;2;adv_z_pre_120s_ask_size_medio_soma <= -1.32643356885 E pre_60s_bid_size_medio_soma <= 88.2173594753;adv_z_pre_120s_ask_size_medio_soma|<=|-1.3264335689 && pre_60s_bid_size_medio_soma|<=|88.2173594753;adv_z_pre_120s_ask_size_medio_soma;<=;-1,326433568854512;pre_60s_bid_size_medio_soma;<=;88,21735947527961;68,42109134184962;C;6748;133;0,01970954356846473;744;40;704;0,053763440860215055;0,11025489033787789;2,727787209960385;0,3007518796992481;0,7089502111699253;1,0;0,7089502111699253;0,034013605442176874;0,07602339181286549;5;58,432491204261325;True;37;170
c655d4f338c7a11e;f3e2071817d3650e;P7A_0000040;0;VENDA;BIVARIADO;2;adv_z_pre_120s_ask_size_medio_soma <= -1.32643356885 E adv_z_pre_60s_bid_size_medio_soma <= 0.210763388119;adv_z_pre_120s_ask_size_medio_soma|<=|-1.3264335689 && adv_z_pre_60s_bid_size_medio_soma|<=|0.2107633881;adv_z_pre_120s_ask_size_medio_soma;<=;-1,326433568854512;adv_z_pre_60s_bid_size_medio_soma;<=;0,21076338811937123;68,42109134184962;C;6748;133;0,01970954356846473;744;40;704;0,053763440860215055;0,11025489033787789;2,727787209960385;0,3007518796992481;0,7089502111699253;1,0;0,7089502111699253;0,034013605442176874;0,07602339181286549;5;58,432491204261325;True;38;171
d0b12e8da54f3a3c;18c7baccc8e0d586;P7A_0000128;0;VENDA;BIVARIADO;2;pre_120s_ask_size_medio_soma <= 90.3166666667 E pre_30s_trades_incremento_soma <= 584.25;pre_120s_ask_size_medio_soma|<=|90.3166666667 && pre_30s_trades_incremento_soma|<=|584.25;pre_120s_ask_size_medio_soma;<=;90,31666666666666;pre_30s_trades_incremento_soma;<=;584,25;68,2299802052668;C;6748;133;0,01970954356846473;746;40;706;0,05361930294906166;0,11055127445168939;2,720474107520813;0,3007518796992481;0,7110712328964177;1,0;0,7110712328964177;0,034013605442176874;0,0755813953488372;5;58,400924311382084;True;39;172
412f6dc9ce0e5ef2;cc1bb5b2bff2ae32;P7A_0000129;0;VENDA;BIVARIADO;2;pre_120s_ask_size_medio_soma <= 90.3166666667 E adv_z_pre_30s_trades_incremento_soma <= 0.415354776751;adv_z_pre_30s_trades_incremento_soma|<=|0.4153547768 && pre_120s_ask_size_medio_soma|<=|90.3166666667;pre_120s_ask_size_medio_soma;<=;90,31666666666666;adv_z_pre_30s_trades_incremento_soma;<=;0,41535477675064403;68,2299802052668;C;6748;133;0,01970954356846473;746;40;706;0,05361930294906166;0,11055127445168939;2,720474107520813;0,3007518796992481;0,7110712328964177;1,0;0,7110712328964177;0,034013605442176874;0,0755813953488372;5;58,400924311382084;True;40;173
e46ec81c43e3310f;64c010bbb47bc5aa;P7A_0000130;0;VENDA;BIVARIADO;2;adv_z_pre_120s_ask_size_medio_soma <= -1.32643356885 E pre_30s_trades_incremento_soma <= 584.25;adv_z_pre_120s_ask_size_medio_soma|<=|-1.3264335689 && pre_30s_trades_incremento_soma|<=|584.25;adv_z_pre_120s_ask_size_medio_soma;<=;-1,326433568854512;pre_30s_trades_incremento_soma;<=;584,25;68,2299802052668;C;6748;133;0,01970954356846473;746;40;706;0,05361930294906166;0,11055127445168939;2,720474107520813;0,3007518796992481;0,7110712328964177;1,0;0,7110712328964177;0,034013605442176874;0,0755813953488372;5;58,400924311382084;True;41;174
2195c8bf16a56dab;44fadf6b77ee406c;P7A_0000131;0;VENDA;BIVARIADO;2;adv_z_pre_120s_ask_size_medio_soma <= -1.32643356885 E adv_z_pre_30s_trades_incremento_soma <= 0.415354776751;adv_z_pre_120s_ask_size_medio_soma|<=|-1.3264335689 && adv_z_pre_30s_trades_incremento_soma|<=|0.4153547768;adv_z_pre_120s_ask_size_medio_soma;<=;-1,326433568854512;adv_z_pre_30s_trades_incremento_soma;<=;0,41535477675064403;68,2299802052668;C;6748;133;0,01970954356846473;746;40;706;0,05361930294906166;0,11055127445168939;2,720474107520813;0,3007518796992481;0,7110712328964177;1,0;0,7110712328964177;0,034013605442176874;0,0755813953488372;5;58,400924311382084;True;42;175
fc203923f46c0e03;b377ab175c4e39b8;P7A_0000029;0;VENDA;BIVARIADO;2;pre_120s_ask_size_medio_soma <= 90.3166666667 E pre_30s_bid_size_medio_soma <= 48.5873158285;pre_120s_ask_size_medio_soma|<=|90.3166666667 && pre_30s_bid_size_medio_soma|<=|48.5873158285;pre_120s_ask_size_medio_soma;<=;90,31666666666666;pre_30s_bid_size_medio_soma;<=;48,5873158285022;68,08343855889555;C;6748;133;0,01970954356846473;746;40;706;0,05361930294906166;0,11055127445168939;2,720474107520813;0,3007518796992481;0,7110712328964177;1,0;0,7110712328964177;0,034013605442176874;0,0755813953488372;5;58,38333931381754;True;43;176
84533e25cbbab0d9;3301345123a8be65;P7A_0000030;0;VENDA;BIVARIADO;2;pre_120s_ask_size_medio_soma <= 90.3166666667 E pre_30s_bid_size_medio_soma <= 55.4663024847;pre_120s_ask_size_medio_soma|<=|90.3166666667 && pre_30s_bid_size_medio_soma|<=|55.4663024847;pre_120s_ask_size_medio_soma;<=;90,31666666666666;pre_30s_bid_size_medio_soma;<=;55,466302484657746;68,08343855889555;C;6748;133;0,01970954356846473;746;40;706;0,05361930294906166;0,11055127445168939;2,720474107520813;0,3007518796992481;0,7110712328964177;1,0;0,7110712328964177;0,034013605442176874;0,0755813953488372;5;58,38333931381754;True;44;177
fbec1a6fe7e50af1;23e148ad35dda0ba;P7A_0000031;0;VENDA;BIVARIADO;2;pre_120s_ask_size_medio_soma <= 90.3166666667 E adv_z_pre_30s_bid_size_medio_soma <= 0.463898074181;adv_z_pre_30s_bid_size_medio_soma|<=|0.4638980742 && pre_120s_ask_size_medio_soma|<=|90.3166666667;pre_120s_ask_size_medio_soma;<=;90,31666666666666;adv_z_pre_30s_bid_size_medio_soma;<=;0,46389807418149;68,08343855889555;C;6748;133;0,01970954356846473;746;40;706;0,05361930294906166;0,11055127445168939;2,720474107520813;0,3007518796992481;0,7110712328964177;1,0;0,7110712328964177;0,034013605442176874;0,0755813953488372;5;58,38333931381754;True;45;178
5303df3935238ea9;4714163278c0f6f6;P7A_0000032;0;VENDA;BIVARIADO;2;pre_120s_ask_size_medio_soma <= 90.3166666667 E adv_z_pre_30s_bid_size_medio_soma <= 0.902246927733;adv_z_pre_30s_bid_size_medio_soma|<=|0.9022469277 && pre_120s_ask_size_medio_soma|<=|90.3166666667;pre_120s_ask_size_medio_soma;<=;90,31666666666666;adv_z_pre_30s_bid_size_medio_soma;<=;0,9022469277331875;68,08343855889555;C;6748;133;0,01970954356846473;746;40;706;0,05361930294906166;0,11055127445168939;2,720474107520813;0,3007518796992481;0,7110712328964177;1,0;0,7110712328964177;0,034013605442176874;0,0755813953488372;5;58,38333931381754;True;46;179
28f559d8b9b792f5;69e42e63dc6f0041;P7A_0000033;0;VENDA;BIVARIADO;2;adv_z_pre_120s_ask_size_medio_soma <= -1.32643356885 E pre_30s_bid_size_medio_soma <= 48.5873158285;adv_z_pre_120s_ask_size_medio_soma|<=|-1.3264335689 && pre_30s_bid_size_medio_soma|<=|48.5873158285;adv_z_pre_120s_ask_size_medio_soma;<=;-1,326433568854512;pre_30s_bid_size_medio_soma;<=;48,5873158285022;68,08343855889555;C;6748;133;0,01970954356846473;746;40;706;0,05361930294906166;0,11055127445168939;2,720474107520813;0,3007518796992481;0,7110712328964177;1,0;0,7110712328964177;0,034013605442176874;0,0755813953488372;5;58,38333931381754;True;47;180
84df48eea3d942ef;300190d005ccf649;P7A_0000034;0;VENDA;BIVARIADO;2;adv_z_pre_120s_ask_size_medio_soma <= -1.32643356885 E pre_30s_bid_size_medio_soma <= 55.4663024847;adv_z_pre_120s_ask_size_medio_soma|<=|-1.3264335689 && pre_30s_bid_size_medio_soma|<=|55.4663024847;adv_z_pre_120s_ask_size_medio_soma;<=;-1,326433568854512;pre_30s_bid_size_medio_soma;<=;55,466302484657746;68,08343855889555;C;6748;133;0,01970954356846473;746;40;706;0,05361930294906166;0,11055127445168939;2,720474107520813;0,3007518796992481;0,7110712328964177;1,0;0,7110712328964177;0,034013605442176874;0,0755813953488372;5;58,38333931381754;True;48;181
d0c883602953dcf5;0ab50a340bd2c395;P7A_0000035;0;VENDA;BIVARIADO;2;adv_z_pre_120s_ask_size_medio_soma <= -1.32643356885 E adv_z_pre_30s_bid_size_medio_soma <= 0.463898074181;adv_z_pre_120s_ask_size_medio_soma|<=|-1.3264335689 && adv_z_pre_30s_bid_size_medio_soma|<=|0.4638980742;adv_z_pre_120s_ask_size_medio_soma;<=;-1,326433568854512;adv_z_pre_30s_bid_size_medio_soma;<=;0,46389807418149;68,08343855889555;C;6748;133;0,01970954356846473;746;40;706;0,05361930294906166;0,11055127445168939;2,720474107520813;0,3007518796992481;0,7110712328964177;1,0;0,7110712328964177;0,034013605442176874;0,0755813953488372;5;58,38333931381754;True;49;182
d8a5765c496291cc;767e0575263ff888;P7A_0000036;0;VENDA;BIVARIADO;2;adv_z_pre_120s_ask_size_medio_soma <= -1.32643356885 E adv_z_pre_30s_bid_size_medio_soma <= 0.902246927733;adv_z_pre_120s_ask_size_medio_soma|<=|-1.3264335689 && adv_z_pre_30s_bid_size_medio_soma|<=|0.9022469277;adv_z_pre_120s_ask_size_medio_soma;<=;-1,326433568854512;adv_z_pre_30s_bid_size_medio_soma;<=;0,9022469277331875;68,08343855889555;C;6748;133;0,01970954356846473;746;40;706;0,05361930294906166;0,11055127445168939;2,720474107520813;0,3007518796992481;0,7110712328964177;1,0;0,7110712328964177;0,034013605442176874;0,0755813953488372;5;58,38333931381754;True;50;183
2c587e8a647d4bf7;e9e7344ee1217c47;P7A_0000132;0;VENDA;BIVARIADO;2;pre_120s_ask_size_medio_soma <= 90.3166666667 E pre_120s_volume_incremento_soma <= 1271;pre_120s_ask_size_medio_soma|<=|90.3166666667 && pre_120s_volume_incremento_soma|<=|1271.0;pre_120s_ask_size_medio_soma;<=;90,31666666666666;pre_120s_volume_incremento_soma;<=;1271,0;67,98979239829764;C;6748;133;0,01970954356846473;746;40;706;0,05361930294906166;0,11055127445168939;2,720474107520813;0,3007518796992481;0,7110712328964177;1,0;0,7110712328964177;0,034013605442176874;0,0755813953488372;5;58,37210177454578;True;51;184
c7ab34ed1b614f90;12df03374720a8a2;P7A_0000133;0;VENDA;BIVARIADO;2;pre_120s_ask_size_medio_soma <= 90.3166666667 E pre_120s_volume_incremento_soma <= 2528;pre_120s_ask_size_medio_soma|<=|90.3166666667 && pre_120s_volume_incremento_soma|<=|2528.0;pre_120s_ask_size_medio_soma;<=;90,31666666666666;pre_120s_volume_incremento_soma;<=;2528,0;67,98979239829764;C;6748;133;0,01970954356846473;746;40;706;0,05361930294906166;0,11055127445168939;2,720474107520813;0,3007518796992481;0,7110712328964177;1,0;0,7110712328964177;0,034013605442176874;0,0755813953488372;5;58,37210177454578;True;52;185
69ff449501e83ec5;918d228dba005ce5;P7A_0000134;0;VENDA;BIVARIADO;2;pre_120s_ask_size_medio_soma <= 90.3166666667 E pre_120s_volume_incremento_soma <= 3834.5;pre_120s_ask_size_medio_soma|<=|90.3166666667 && pre_120s_volume_incremento_soma|<=|3834.5;pre_120s_ask_size_medio_soma;<=;90,31666666666666;pre_120s_volume_incremento_soma;<=;3834,5;67,98979239829764;C;6748;133;0,01970954356846473;746;40;706;0,05361930294906166;0,11055127445168939;2,720474107520813;0,3007518796992481;0,7110712328964177;1,0;0,7110712328964177;0,034013605442176874;0,0755813953488372;5;58,37210177454578;True;53;186
a144bef0be88b40f;89d8d1c87470d1bb;P7A_0000135;0;VENDA;BIVARIADO;2;pre_120s_ask_size_medio_soma <= 90.3166666667 E adv_z_pre_120s_volume_incremento_soma <= -0.210069120551;adv_z_pre_120s_volume_incremento_soma|<=|-0.2100691206 && pre_120s_ask_size_medio_soma|<=|90.3166666667;pre_120s_ask_size_medio_soma;<=;90,31666666666666;adv_z_pre_120s_volume_incremento_soma;<=;-0,21006912055108062;67,98979239829764;C;6748;133;0,01970954356846473;746;40;706;0,05361930294906166;0,11055127445168939;2,720474107520813;0,3007518796992481;0,7110712328964177;1,0;0,7110712328964177;0,034013605442176874;0,0755813953488372;5;58,37210177454578;True;54;187
2001167efa4121b8;b675f88193c36559;P7A_0000136;0;VENDA;BIVARIADO;2;pre_120s_ask_size_medio_soma <= 90.3166666667 E adv_z_pre_120s_volume_incremento_soma <= 0.544782587896;adv_z_pre_120s_volume_incremento_soma|<=|0.5447825879 && pre_120s_ask_size_medio_soma|<=|90.3166666667;pre_120s_ask_size_medio_soma;<=;90,31666666666666;adv_z_pre_120s_volume_incremento_soma;<=;0,5447825878958077;67,98979239829764;C;6748;133;0,01970954356846473;746;40;706;0,05361930294906166;0,11055127445168939;2,720474107520813;0,3007518796992481;0,7110712328964177;1,0;0,7110712328964177;0,034013605442176874;0,0755813953488372;5;58,37210177454578;True;55;188
71d4e76207165fee;c1df4ac57072f80c;P7A_0000137;0;VENDA;BIVARIADO;2;pre_120s_ask_size_medio_soma <= 90.3166666667 E adv_z_pre_120s_volume_incremento_soma <= 1.32935996028;adv_z_pre_120s_volume_incremento_soma|<=|1.3293599603 && pre_120s_ask_size_medio_soma|<=|90.3166666667;pre_120s_ask_size_medio_soma;<=;90,31666666666666;adv_z_pre_120s_volume_incremento_soma;<=;1,3293599602791486;67,98979239829764;C;6748;133;0,01970954356846473;746;40;706;0,05361930294906166;0,11055127445168939;2,720474107520813;0,3007518796992481;0,7110712328964177;1,0;0,7110712328964177;0,034013605442176874;0,0755813953488372;5;58,37210177454578;True;56;189
34e79d00744f10c6;bf2d1903178bc758;P7A_0000138;0;VENDA;BIVARIADO;2;adv_z_pre_120s_ask_size_medio_soma <= -1.32643356885 E pre_120s_volume_incremento_soma <= 1271;adv_z_pre_120s_ask_size_medio_soma|<=|-1.3264335689 && pre_120s_volume_incremento_soma|<=|1271.0;adv_z_pre_120s_ask_size_medio_soma;<=;-1,326433568854512;pre_120s_volume_incremento_soma;<=;1271,0;67,98979239829764;C;6748;133;0,01970954356846473;746;40;706;0,05361930294906166;0,11055127445168939;2,720474107520813;0,3007518796992481;0,7110712328964177;1,0;0,7110712328964177;0,034013605442176874;0,0755813953488372;5;58,37210177454578;True;57;190
87bc14ae58317363;124e012828c6f894;P7A_0000139;0;VENDA;BIVARIADO;2;adv_z_pre_120s_ask_size_medio_soma <= -1.32643356885 E pre_120s_volume_incremento_soma <= 2528;adv_z_pre_120s_ask_size_medio_soma|<=|-1.3264335689 && pre_120s_volume_incremento_soma|<=|2528.0;adv_z_pre_120s_ask_size_medio_soma;<=;-1,326433568854512;pre_120s_volume_incremento_soma;<=;2528,0;67,98979239829764;C;6748;133;0,01970954356846473;746;40;706;0,05361930294906166;0,11055127445168939;2,720474107520813;0,3007518796992481;0,7110712328964177;1,0;0,7110712328964177;0,034013605442176874;0,0755813953488372;5;58,37210177454578;True;58;191
ff3188c39fd066d9;5c02d4034e6b7561;P7A_0000140;0;VENDA;BIVARIADO;2;adv_z_pre_120s_ask_size_medio_soma <= -1.32643356885 E pre_120s_volume_incremento_soma <= 3834.5;adv_z_pre_120s_ask_size_medio_soma|<=|-1.3264335689 && pre_120s_volume_incremento_soma|<=|3834.5;adv_z_pre_120s_ask_size_medio_soma;<=;-1,326433568854512;pre_120s_volume_incremento_soma;<=;3834,5;67,98979239829764;C;6748;133;0,01970954356846473;746;40;706;0,05361930294906166;0,11055127445168939;2,720474107520813;0,3007518796992481;0,7110712328964177;1,0;0,7110712328964177;0,034013605442176874;0,0755813953488372;5;58,37210177454578;True;59;192
ddfd55ff70b9e283;c3e76ca167769555;P7A_0000141;0;VENDA;BIVARIADO;2;adv_z_pre_120s_ask_size_medio_soma <= -1.32643356885 E adv_z_pre_120s_volume_incremento_soma <= -0.210069120551;adv_z_pre_120s_ask_size_medio_soma|<=|-1.3264335689 && adv_z_pre_120s_volume_incremento_soma|<=|-0.2100691206;adv_z_pre_120s_ask_size_medio_soma;<=;-1,326433568854512;adv_z_pre_120s_volume_incremento_soma;<=;-0,21006912055108062;67,98979239829764;C;6748;133;0,01970954356846473;746;40;706;0,05361930294906166;0,11055127445168939;2,720474107520813;0,3007518796992481;0,7110712328964177;1,0;0,7110712328964177;0,034013605442176874;0,0755813953488372;5;58,37210177454578;True;60;193
3c1965454f825023;8a98f7a1db4e98eb;P7A_0002867;3;COMPRA;BIVARIADO;2;pre_60s_cobertura_segundos <= 30 E adv_z_pre_15s_spread_medio > -0.409080208821;adv_z_pre_15s_spread_medio|>|-0.4090802088 && pre_60s_cobertura_segundos|<=|30.0;pre_60s_cobertura_segundos;<=;30,0;adv_z_pre_15s_spread_medio;>;-0,4090802088206798;77,53405080621759;B;21208;422;0,01989815164089023;1853;126;1727;0,06799784133837021;0,08737268955111278;3,417294358066719;0,2985781990521327;0,31779716762936994;1,0;0,31779716762936994;0,02702702702702703;0,13636363636363635;5;55,4403415689629;True;1;289
9129c81e29b7a9c5;0a0e8e812c1e9664;P7A_0002868;3;COMPRA;BIVARIADO;2;adv_z_pre_60s_cobertura_segundos <= -1.47759747713 E adv_z_pre_15s_spread_medio > -0.409080208821;adv_z_pre_15s_spread_medio|>|-0.4090802088 && adv_z_pre_60s_cobertura_segundos|<=|-1.4775974771;adv_z_pre_60s_cobertura_segundos;<=;-1,4775974771331886;adv_z_pre_15s_spread_medio;>;-0,4090802088206798;77,53405080621759;B;21208;422;0,01989815164089023;1853;126;1727;0,06799784133837021;0,08737268955111278;3,417294358066719;0,2985781990521327;0,31779716762936994;1,0;0,31779716762936994;0,02702702702702703;0,13636363636363635;5;55,4403415689629;True;2;290
0edf4c08a7aa8a05;ac80e7808472b087;P7A_0003045;3;COMPRA;BIVARIADO;2;pre_60s_bid_size_medio_soma <= 45.3548340548 E adv_z_pre_15s_spread_medio > -0.409080208821;adv_z_pre_15s_spread_medio|>|-0.4090802088 && pre_60s_bid_size_medio_soma|<=|45.3548340548;pre_60s_bid_size_medio_soma;<=;45,35483405483406;adv_z_pre_15s_spread_medio;>;-0,4090802088206798;76,62474577699629;B;21208;422;0,01989815164089023;1800;120;1680;0,06666666666666667;0,08487363259147492;3,350394944707741;0,2843601895734597;0,3238790796176998;1,0;0,3238790796176998;0,03217821782178218;0,13432835820895522;5;54,71147191263793;True;3;304
de04281e04d74b90;138891ee49a69510;P7A_0003042;3;COMPRA;BIVARIADO;2;adv_z_pre_60s_bid_size_medio_soma <= -1.26826332105 E adv_z_pre_15s_spread_medio > -0.409080208821;adv_z_pre_15s_spread_medio|>|-0.4090802088 && adv_z_pre_60s_bid_size_medio_soma|<=|-1.268263321;adv_z_pre_60s_bid_size_medio_soma;<=;-1,2682633210482845;adv_z_pre_15s_spread_medio;>;-0,4090802088206798;76,74786527799249;B;21208;422;0,01989815164089023;1802;120;1682;0,06659267480577137;0,08496793662768766;3,3466764153573445;0,2843601895734597;0,32296291617809214;1,0;0,32296291617809214;0,03209876543209877;0,13432835820895522;5;54,697207374462764;True;4;305
a0ec06005d33db53;fbf07b8e7229c446;P7A_0003330;3;COMPRA;BIVARIADO;2;pre_120s_bid_size_medio_soma <= 144.336515321 E adv_z_pre_30s_bid_size_medio_soma <= -1.14834185665;adv_z_pre_30s_bid_size_medio_soma|<=|-1.1483418566 && pre_120s_bid_size_medio_soma|<=|144.3365153212;pre_120s_bid_size_medio_soma;<=;144,33651532120126;adv_z_pre_30s_bid_size_medio_soma;<=;-1,14834185664801;76,47947167148389;B;21208;422;0,01989815164089023;1975;131;1844;0,06632911392405064;0,09312523576009053;3,333430919671246;0,3104265402843602;0,2615768863289989;1,0;0,2615768863289989;0,03;0,14555765595463138;5;54,45392182949318;True;5;306
0338fb8f3a0b89ff;1b1e9f5e49a8db5d;P7A_0003331;3;COMPRA;BIVARIADO;2;adv_z_pre_120s_bid_size_medio_soma <= -0.341858377574 E adv_z_pre_30s_bid_size_medio_soma <= -1.14834185665;adv_z_pre_120s_bid_size_medio_soma|<=|-0.3418583776 && adv_z_pre_30s_bid_size_medio_soma|<=|-1.1483418566;adv_z_pre_120s_bid_size_medio_soma;<=;-0,34185837757354814;adv_z_pre_30s_bid_size_medio_soma;<=;-1,14834185664801;76,47947167148389;B;21208;422;0,01989815164089023;1975;131;1844;0,06632911392405064;0,09312523576009053;3,333430919671246;0,3104265402843602;0,2615768863289989;1,0;0,2615768863289989;0,03;0,14555765595463138;5;54,45392182949318;True;6;307
2b630c1930803b45;e20bea97a76d3b81;P7A_0003326;3;COMPRA;BIVARIADO;2;pre_120s_bid_size_medio_soma <= 144.336515321 E pre_30s_bid_size_medio_soma <= 23.2598528139;pre_120s_bid_size_medio_soma|<=|144.3365153212 && pre_30s_bid_size_medio_soma|<=|23.2598528139;pre_120s_bid_size_medio_soma;<=;144,33651532120126;pre_30s_bid_size_medio_soma;<=;23,259852813852817;76,49967197840003;B;21208;422;0,01989815164089023;1973;131;1842;0,06639635073492144;0,09303093172387779;3,3368099677398435;0,3104265402843602;0,26082484560061014;1,0;0,26082484560061014;0,03007518796992481;0,14583333333333334;5;54,45317837921001;True;7;308
c58e58ca25188560;a47a1e5f4acf4fbe;P7A_0003327;3;COMPRA;BIVARIADO;2;adv_z_pre_120s_bid_size_medio_soma <= -0.341858377574 E pre_30s_bid_size_medio_soma <= 23.2598528139;adv_z_pre_120s_bid_size_medio_soma|<=|-0.3418583776 && pre_30s_bid_size_medio_soma|<=|23.2598528139;adv_z_pre_120s_bid_size_medio_soma;<=;-0,34185837757354814;pre_30s_bid_size_medio_soma;<=;23,259852813852817;76,49967197840003;B;21208;422;0,01989815164089023;1973;131;1842;0,06639635073492144;0,09303093172387779;3,3368099677398435;0,3104265402843602;0,26082484560061014;1,0;0,26082484560061014;0,03007518796992481;0,14583333333333334;5;54,45317837921001;True;8;309
35a015c70f7e0d3b;d09b8dddccdef444;P7A_0002880;3;COMPRA;BIVARIADO;2;adv_z_pre_60s_bid_size_medio_soma <= -1.26826332105 E pre_30s_bid_size_medio_soma <= 37.8280156423;adv_z_pre_60s_bid_size_medio_soma|<=|-1.268263321 && pre_30s_bid_size_medio_soma|<=|37.8280156423;adv_z_pre_60s_bid_size_medio_soma;<=;-1,2682633210482845;pre_30s_bid_size_medio_soma;<=;37,828015642250534;76,83943423840903;B;21208;422;0,01989815164089023;1977;126;1851;0,0637329286798179;0,09321953979630328;3,2029572309042136;0,2985781990521327;0,29950678782464657;1,0;0,29950678782464657;0,029748283752860413;0,13503649635036497;5;54,35383053305275;True;9;310
5d0fa12cabdbd86f;ec1f8b21602b0b77;P7A_0002881;3;COMPRA;BIVARIADO;2;adv_z_pre_60s_bid_size_medio_soma <= -1.26826332105 E adv_z_pre_30s_bid_size_medio_soma <= -0.220366098278;adv_z_pre_30s_bid_size_medio_soma|<=|-0.2203660983 && adv_z_pre_60s_bid_size_medio_soma|<=|-1.268263321;adv_z_pre_60s_bid_size_medio_soma;<=;-1,2682633210482845;adv_z_pre_30s_bid_size_medio_soma;<=;-0,22036609827793707;76,83943423840903;B;21208;422;0,01989815164089023;1977;126;1851;0,0637329286798179;0,09321953979630328;3,2029572309042136;0,2985781990521327;0,29950678782464657;1,0;0,29950678782464657;0,029748283752860413;0,13503649635036497;5;54,35383053305275;True;10;311
bbce68eab524dd1b;3da09b9a2527da34;P7A_0003199;3;COMPRA;BIVARIADO;2;adv_z_pre_30s_bid_size_medio_soma <= -1.14834185665 E pre_60s_ask_size_medio_soma <= 99.8586307614;adv_z_pre_30s_bid_size_medio_soma|<=|-1.1483418566 && pre_60s_ask_size_medio_soma|<=|99.8586307614;adv_z_pre_30s_bid_size_medio_soma;<=;-1,14834185664801;pre_60s_ask_size_medio_soma;<=;99,85863076137177;76,62285698672025;B;21208;422;0,01989815164089023;1982;131;1851;0,06609485368314834;0,09345529988683515;3,3216579547682703;0,3104265402843602;0,2569793576276296;1,0;0,2569793576276296;0,03007518796992481;0,14583333333333334;5;54,3524248418263;True;11;312
e9216a6aa35d77ea;15ef5d53f7a83d12;P7A_0003200;3;COMPRA;BIVARIADO;2;adv_z_pre_30s_bid_size_medio_soma <= -1.14834185665 E adv_z_pre_60s_ask_size_medio_soma <= 0.591885463111;adv_z_pre_30s_bid_size_medio_soma|<=|-1.1483418566 && adv_z_pre_60s_ask_size_medio_soma|<=|0.5918854631;adv_z_pre_30s_bid_size_medio_soma;<=;-1,14834185664801;adv_z_pre_60s_ask_size_medio_soma;<=;0,5918854631106052;76,62285698672025;B;21208;422;0,01989815164089023;1982;131;1851;0,06609485368314834;0,09345529988683515;3,3216579547682703;0,3104265402843602;0,2569793576276296;1,0;0,2569793576276296;0,03007518796992481;0,14583333333333334;5;54,3524248418263;True;12;313
b3786064d2049725;bbbf5bb0e140cff8;P7A_0003191;3;COMPRA;BIVARIADO;2;pre_30s_bid_size_medio_soma <= 23.2598528139 E pre_60s_ask_size_medio_soma <= 99.8586307614;pre_30s_bid_size_medio_soma|<=|23.2598528139 && pre_60s_ask_size_medio_soma|<=|99.8586307614;pre_30s_bid_size_medio_soma;<=;23,259852813852817;pre_60s_ask_size_medio_soma;<=;99,85863076137177;76,61519561996194;B;21208;422;0,01989815164089023;1980;131;1849;0,06616161616161616;0,09336099585062241;3,3250131648235914;0,3104265402843602;0,2562254772392617;1,0;0,2562254772392617;0,03015075376884422;0,1461100569259962;5;54,34815189150915;True;13;314
0f6892aacf7a40b7;952cc03eee5ca890;P7A_0003192;3;COMPRA;BIVARIADO;2;pre_30s_bid_size_medio_soma <= 23.2598528139 E adv_z_pre_60s_ask_size_medio_soma <= 0.591885463111;adv_z_pre_60s_ask_size_medio_soma|<=|0.5918854631 && pre_30s_bid_size_medio_soma|<=|23.2598528139;pre_30s_bid_size_medio_soma;<=;23,259852813852817;adv_z_pre_60s_ask_size_medio_soma;<=;0,5918854631106052;76,61519561996194;B;21208;422;0,01989815164089023;1980;131;1849;0,06616161616161616;0,09336099585062241;3,3250131648235914;0,3104265402843602;0,2562254772392617;1,0;0,2562254772392617;0,03015075376884422;0,1461100569259962;5;54,34815189150915;True;14;315
364faa20658fd394;658b7ab0d83c030a;P7A_0003177;3;COMPRA;BIVARIADO;2;adv_z_pre_60s_bid_size_medio_soma <= -0.263782724487 E adv_z_pre_30s_bid_size_medio_soma <= -1.14834185665;adv_z_pre_30s_bid_size_medio_soma|<=|-1.1483418566 && adv_z_pre_60s_bid_size_medio_soma|<=|-0.2637827245;adv_z_pre_60s_bid_size_medio_soma;<=;-0,26378272448680745;adv_z_pre_30s_bid_size_medio_soma;<=;-1,14834185664801;76,66880501374985;B;21208;422;0,01989815164089023;1983;131;1852;0,06606152294503277;0,09350245190494152;3,319982887720984;0,3104265402843602;0,2565426729410135;1,0;0,2565426729410135;0,029925187032418952;0,14583333333333334;5;54,34498643837535;True;15;316
b517b317e31de92f;9b0b43faaa0760c6;P7A_0003178;3;COMPRA;BIVARIADO;2;pre_60s_bid_size_medio_soma <= 74.4072618438 E adv_z_pre_30s_bid_size_medio_soma <= -1.14834185665;adv_z_pre_30s_bid_size_medio_soma|<=|-1.1483418566 && pre_60s_bid_size_medio_soma|<=|74.4072618438;pre_60s_bid_size_medio_soma;<=;74,40726184384721;adv_z_pre_30s_bid_size_medio_soma;<=;-1,14834185664801;76,66880501374985;B;21208;422;0,01989815164089023;1983;131;1852;0,06606152294503277;0,09350245190494152;3,319982887720984;0,3104265402843602;0,2565426729410135;1,0;0,2565426729410135;0,029925187032418952;0,14583333333333334;5;54,34498643837535;True;16;317
31dcec675d576c38;f4e47757b558dfe8;P7A_0003250;3;COMPRA;BIVARIADO;2;adv_z_pre_30s_bid_size_medio_soma <= -1.14834185665 E pre_60s_ask_size_medio_soma <= 89.1242462025;adv_z_pre_30s_bid_size_medio_soma|<=|-1.1483418566 && pre_60s_ask_size_medio_soma|<=|89.1242462025;adv_z_pre_30s_bid_size_medio_soma;<=;-1,14834185664801;pre_60s_ask_size_medio_soma;<=;89,12424620246007;76,5843085258798;B;21208;422;0,01989815164089023;1978;131;1847;0,06622851365015167;0,09326669181440966;3,328375159934637;0,3104265402843602;0,2554597728186926;1,0;0,2554597728186926;0,03015075376884422;0,14638783269961977;5;54,34092256581285;True;17;318
e55576ffb5a934ac;fb33edf177e99ed3;P7A_0003251;3;COMPRA;BIVARIADO;2;adv_z_pre_30s_bid_size_medio_soma <= -1.14834185665 E adv_z_pre_60s_ask_size_medio_soma <= 0.226722088909;adv_z_pre_30s_bid_size_medio_soma|<=|-1.1483418566 && adv_z_pre_60s_ask_size_medio_soma|<=|0.2267220889;adv_z_pre_30s_bid_size_medio_soma;<=;-1,14834185664801;adv_z_pre_60s_ask_size_medio_soma;<=;0,22672208890913442;76,5843085258798;B;21208;422;0,01989815164089023;1978;131;1847;0,06622851365015167;0,09326669181440966;3,328375159934637;0,3104265402843602;0,2554597728186926;1,0;0,2554597728186926;0,03015075376884422;0,14638783269961977;5;54,34092256581285;True;18;319
bccf5cfec504d094;c0b97bebc9446e2c;P7A_0003211;3;COMPRA;BIVARIADO;2;pre_30s_bid_size_medio_soma <= 23.2598528139 E pre_60s_ask_size_medio_soma <= 89.1242462025;pre_30s_bid_size_medio_soma|<=|23.2598528139 && pre_60s_ask_size_medio_soma|<=|89.1242462025;pre_30s_bid_size_medio_soma;<=;23,259852813852817;pre_60s_ask_size_medio_soma;<=;89,12424620246007;76,57662280834698;B;21208;422;0,01989815164089023;1976;131;1845;0,06629554655870445;0,0931723877781969;3,3317439607038013;0,3104265402843602;0,25470177441383945;1,0;0,25470177441383945;0,030226700251889168;0,14666666666666667;5;54,33665979028478;True;19;320
afa93d72524f2c78;d663fe66c3911d33;P7A_0003212;3;COMPRA;BIVARIADO;2;pre_30s_bid_size_medio_soma <= 23.2598528139 E adv_z_pre_60s_ask_size_medio_soma <= 0.226722088909;adv_z_pre_60s_ask_size_medio_soma|<=|0.2267220889 && pre_30s_bid_size_medio_soma|<=|23.2598528139;pre_30s_bid_size_medio_soma;<=;23,259852813852817;adv_z_pre_60s_ask_size_medio_soma;<=;0,22672208890913442;76,57662280834698;B;21208;422;0,01989815164089023;1976;131;1845;0,06629554655870445;0,0931723877781969;3,3317439607038013;0,3104265402843602;0,25470177441383945;1,0;0,25470177441383945;0,030226700251889168;0,14666666666666667;5;54,33665979028478;True;20;321
bd3a552feced6e22;316c71a896df462c;P7A_0003195;3;COMPRA;BIVARIADO;2;pre_120s_bid_size_medio_soma <= 179.737996242 E adv_z_pre_30s_bid_size_medio_soma <= -1.14834185665;adv_z_pre_30s_bid_size_medio_soma|<=|-1.1483418566 && pre_120s_bid_size_medio_soma|<=|179.7379962424;pre_120s_bid_size_medio_soma;<=;179,73799624242162;adv_z_pre_30s_bid_size_medio_soma;<=;-1,14834185664801;76,66440622163474;B;21208;422;0,01989815164089023;1986;131;1855;0,06596173212487412;0,09364390795926066;3,314967807830167;0,3104265402843602;0,25688752031433104;1,0;0,25688752031433104;0,029925187032418952;0,14555765595463138;5;54,335455264228436;True;21;322
f8a73e6a2e9d5c7e;1eaf3f037dcbd6e3;P7A_0003196;3;COMPRA;BIVARIADO;2;adv_z_pre_120s_bid_size_medio_soma <= 0.29900331823 E adv_z_pre_30s_bid_size_medio_soma <= -1.14834185665;adv_z_pre_120s_bid_size_medio_soma|<=|0.2990033182 && adv_z_pre_30s_bid_size_medio_soma|<=|-1.1483418566;adv_z_pre_120s_bid_size_medio_soma;<=;0,29900331822972087;adv_z_pre_30s_bid_size_medio_soma;<=;-1,14834185664801;76,66440622163474;B;21208;422;0,01989815164089023;1986;131;1855;0,06596173212487412;0,09364390795926066;3,314967807830167;0,3104265402843602;0,25688752031433104;1,0;0,25688752031433104;0,029925187032418952;0,14555765595463138;5;54,335455264228436;True;22;323
7feee7c2ff8bbfd6;652f1d7fd8e06d81;P7A_0003202;3;COMPRA;BIVARIADO;2;pre_120s_bid_size_medio_soma <= 197.505764317 E adv_z_pre_30s_bid_size_medio_soma <= -1.14834185665;adv_z_pre_30s_bid_size_medio_soma|<=|-1.1483418566 && pre_120s_bid_size_medio_soma|<=|197.5057643169;pre_120s_bid_size_medio_soma;<=;197,50576431690448;adv_z_pre_30s_bid_size_medio_soma;<=;-1,14834185664801;76,66157531557523;B;21208;422;0,01989815164089023;1986;131;1855;0,06596173212487412;0,09364390795926066;3,314967807830167;0,3104265402843602;0,25688752031433104;1,0;0,25688752031433104;0,029925187032418952;0,14555765595463138;5;54,335115555501304;True;23;324
60c1d6205c8bbab9;61ec9583e01fd536;P7A_0003203;3;COMPRA;BIVARIADO;2;adv_z_pre_120s_bid_size_medio_soma <= 0.621934584159 E adv_z_pre_30s_bid_size_medio_soma <= -1.14834185665;adv_z_pre_120s_bid_size_medio_soma|<=|0.6219345842 && adv_z_pre_30s_bid_size_medio_soma|<=|-1.1483418566;adv_z_pre_120s_bid_size_medio_soma;<=;0,6219345841591719;adv_z_pre_30s_bid_size_medio_soma;<=;-1,14834185664801;76,66157531557523;B;21208;422;0,01989815164089023;1986;131;1855;0,06596173212487412;0,09364390795926066;3,314967807830167;0,3104265402843602;0,25688752031433104;1,0;0,25688752031433104;0,029925187032418952;0,14555765595463138;5;54,335115555501304;True;24;325
fa35cc28a2e1d919;a472f5a5e4ca9448;P7A_0003254;3;COMPRA;BIVARIADO;2;adv_z_pre_30s_bid_size_medio_soma <= -1.14834185665 E pre_15s_cobertura_pct <= 0.866667;adv_z_pre_30s_bid_size_medio_soma|<=|-1.1483418566 && pre_15s_cobertura_pct|<=|0.866667;adv_z_pre_30s_bid_size_medio_soma;<=;-1,14834185664801;pre_15s_cobertura_pct;<=;0,866667;76,63420219072363;B;21208;422;0,01989815164089023;1986;131;1855;0,06596173212487412;0,09364390795926066;3,314967807830167;0,3104265402843602;0,2569865584828831;1,0;0,2569865584828831;0,029850746268656716;0,14555765595463138;5;54,33361346755306;True;25;326
7e62d557b3753db5;857485358e699dff;P7A_0003255;3;COMPRA;BIVARIADO;2;adv_z_pre_30s_bid_size_medio_soma <= -1.14834185665 E adv_z_pre_15s_cobertura_pct <= 0.0919658869921;adv_z_pre_15s_cobertura_pct|<=|0.091965887 && adv_z_pre_30s_bid_size_medio_soma|<=|-1.1483418566;adv_z_pre_30s_bid_size_medio_soma;<=;-1,14834185664801;adv_z_pre_15s_cobertura_pct;<=;0,09196588699211758;76,63420219072363;B;21208;422;0,01989815164089023;1986;131;1855;0,06596173212487412;0,09364390795926066;3,314967807830167;0,3104265402843602;0,2569865584828831;1,0;0,2569865584828831;0,029850746268656716;0,14555765595463138;5;54,33361346755306;True;26;327
140363188624c59e;09cd51af0ffdcd28;P7A_0003197;3;COMPRA;BIVARIADO;2;adv_z_pre_30s_bid_size_medio_soma <= -1.14834185665 E pre_60s_ask_size_medio_soma <= 112.472207584;adv_z_pre_30s_bid_size_medio_soma|<=|-1.1483418566 && pre_60s_ask_size_medio_soma|<=|112.4722075837;adv_z_pre_30s_bid_size_medio_soma;<=;-1,14834185664801;pre_60s_ask_size_medio_soma;<=;112,4722075837279;76,64512630654554;B;21208;422;0,01989815164089023;1984;131;1853;0,06602822580645161;0,09354960392304791;3,3183095092493504;0,3104265402843602;0,2562693866010848;1,0;0,2562693866010848;0,029925187032418952;0,14583333333333334;5;54,33214483383545;True;27;328
bcd958b919ed6662;7e0d9a419380655b;P7A_0003198;3;COMPRA;BIVARIADO;2;adv_z_pre_30s_bid_size_medio_soma <= -1.14834185665 E adv_z_pre_60s_ask_size_medio_soma <= 1.02007908369;adv_z_pre_30s_bid_size_medio_soma|<=|-1.1483418566 && adv_z_pre_60s_ask_size_medio_soma|<=|1.0200790837;adv_z_pre_30s_bid_size_medio_soma;<=;-1,14834185664801;adv_z_pre_60s_ask_size_medio_soma;<=;1,020079083686052;76,64512630654554;B;21208;422;0,01989815164089023;1984;131;1853;0,06602822580645161;0,09354960392304791;3,3183095092493504;0,3104265402843602;0,2562693866010848;1,0;0,2562693866010848;0,029925187032418952;0,14583333333333334;5;54,33214483383545;True;28;329
0ce1684d62bbab04;bf0456e15866784c;P7A_0003187;3;COMPRA;BIVARIADO;2;pre_120s_bid_size_medio_soma <= 179.737996242 E pre_30s_bid_size_medio_soma <= 23.2598528139;pre_120s_bid_size_medio_soma|<=|179.7379962424 && pre_30s_bid_size_medio_soma|<=|23.2598528139;pre_120s_bid_size_medio_soma;<=;179,73799624242162;pre_30s_bid_size_medio_soma;<=;23,259852813852817;76,65676394316067;B;21208;422;0,01989815164089023;1984;131;1853;0,06602822580645161;0,09354960392304791;3,3183095092493504;0,3104265402843602;0,2561330057423543;1,0;0,2561330057423543;0,03;0,14583333333333334;5;54,331086494772116;True;29;330
e7d0637ac08f14ac;9a505b7ddadc7337;P7A_0003188;3;COMPRA;BIVARIADO;2;adv_z_pre_120s_bid_size_medio_soma <= 0.29900331823 E pre_30s_bid_size_medio_soma <= 23.2598528139;adv_z_pre_120s_bid_size_medio_soma|<=|0.2990033182 && pre_30s_bid_size_medio_soma|<=|23.2598528139;adv_z_pre_120s_bid_size_medio_soma;<=;0,29900331822972087;pre_30s_bid_size_medio_soma;<=;23,259852813852817;76,65676394316067;B;21208;422;0,01989815164089023;1984;131;1853;0,06602822580645161;0,09354960392304791;3,3183095092493504;0,3104265402843602;0,2561330057423543;1,0;0,2561330057423543;0,03;0,14583333333333334;5;54,331086494772116;True;30;331
04909fd1fc194ba6;47ccf35aaab8298d;P7A_0003193;3;COMPRA;BIVARIADO;2;pre_120s_bid_size_medio_soma <= 197.505764317 E pre_30s_bid_size_medio_soma <= 23.2598528139;pre_120s_bid_size_medio_soma|<=|197.5057643169 && pre_30s_bid_size_medio_soma|<=|23.2598528139;pre_120s_bid_size_medio_soma;<=;197,50576431690448;pre_30s_bid_size_medio_soma;<=;23,259852813852817;76,65391990859996;B;21208;422;0,01989815164089023;1984;131;1853;0,06602822580645161;0,09354960392304791;3,3183095092493504;0,3104265402843602;0,2561330057423543;1,0;0,2561330057423543;0,03;0,14583333333333334;5;54,33074521062483;True;31;332
398a6497be30227b;099915bc99c1c217;P7A_0003194;3;COMPRA;BIVARIADO;2;adv_z_pre_120s_bid_size_medio_soma <= 0.621934584159 E pre_30s_bid_size_medio_soma <= 23.2598528139;adv_z_pre_120s_bid_size_medio_soma|<=|0.6219345842 && pre_30s_bid_size_medio_soma|<=|23.2598528139;adv_z_pre_120s_bid_size_medio_soma;<=;0,6219345841591719;pre_30s_bid_size_medio_soma;<=;23,259852813852817;76,65391990859996;B;21208;422;0,01989815164089023;1984;131;1853;0,06602822580645161;0,09354960392304791;3,3183095092493504;0,3104265402843602;0,2561330057423543;1,0;0,2561330057423543;0,03;0,14583333333333334;5;54,33074521062483;True;32;333
cb82c964110cfcee;4924d2090a3be02c;P7A_0003248;3;COMPRA;BIVARIADO;2;pre_30s_bid_size_medio_soma <= 23.2598528139 E pre_15s_cobertura_pct <= 0.866667;pre_15s_cobertura_pct|<=|0.866667 && pre_30s_bid_size_medio_soma|<=|23.2598528139;pre_30s_bid_size_medio_soma;<=;23,259852813852817;pre_15s_cobertura_pct;<=;0,866667;76,62648473584686;B;21208;422;0,01989815164089023;1984;131;1853;0,06602822580645161;0,09354960392304791;3,3183095092493504;0,3104265402843602;0,2562306718773585;1,0;0,2562306718773585;0,029925187032418952;0,14583333333333334;5;54,32921098032454;True;33;334
610aea11be938c76;9dfda12f4b635472;P7A_0003249;3;COMPRA;BIVARIADO;2;pre_30s_bid_size_medio_soma <= 23.2598528139 E adv_z_pre_15s_cobertura_pct <= 0.0919658869921;adv_z_pre_15s_cobertura_pct|<=|0.091965887 && pre_30s_bid_size_medio_soma|<=|23.2598528139;pre_30s_bid_size_medio_soma;<=;23,259852813852817;adv_z_pre_15s_cobertura_pct;<=;0,09196588699211758;76,62648473584686;B;21208;422;0,01989815164089023;1984;131;1853;0,06602822580645161;0,09354960392304791;3,3183095092493504;0,3104265402843602;0,2562306718773585;1,0;0,2562306718773585;0,029925187032418952;0,14583333333333334;5;54,32921098032454;True;34;335
93eb03ff4249af9a;e1e266b01e3e438d;P7A_0003175;3;COMPRA;BIVARIADO;2;adv_z_pre_60s_bid_size_medio_soma <= -0.263782724487 E pre_30s_bid_size_medio_soma <= 23.2598528139;adv_z_pre_60s_bid_size_medio_soma|<=|-0.2637827245 && pre_30s_bid_size_medio_soma|<=|23.2598528139;adv_z_pre_60s_bid_size_medio_soma;<=;-0,26378272448680745;pre_30s_bid_size_medio_soma;<=;23,259852813852817;76,65828824657768;B;21208;422;0,01989815164089023;1982;131;1851;0,06609485368314834;0,09345529988683515;3,3216579547682703;0,3104265402843602;0,2554298832748082;1,0;0,2554298832748082;0,029925187032418952;0,1461100569259962;5;54,32878605465841;True;35;336
3972407e6bda6d64;86d03c27b104955f;P7A_0003176;3;COMPRA;BIVARIADO;2;pre_60s_bid_size_medio_soma <= 74.4072618438 E pre_30s_bid_size_medio_soma <= 23.2598528139;pre_30s_bid_size_medio_soma|<=|23.2598528139 && pre_60s_bid_size_medio_soma|<=|74.4072618438;pre_60s_bid_size_medio_soma;<=;74,40726184384721;pre_30s_bid_size_medio_soma;<=;23,259852813852817;76,65828824657768;B;21208;422;0,01989815164089023;1982;131;1851;0,06609485368314834;0,09345529988683515;3,3216579547682703;0,3104265402843602;0,2554298832748082;1,0;0,2554298832748082;0,029925187032418952;0,1461100569259962;5;54,32878605465841;True;36;337
8d2de7753f471e2a;d5bf09bfba23722d;P7A_0003189;3;COMPRA;BIVARIADO;2;pre_30s_bid_size_medio_soma <= 23.2598528139 E pre_60s_ask_size_medio_soma <= 112.472207584;pre_30s_bid_size_medio_soma|<=|23.2598528139 && pre_60s_ask_size_medio_soma|<=|112.4722075837;pre_30s_bid_size_medio_soma;<=;23,259852813852817;pre_60s_ask_size_medio_soma;<=;112,4722075837279;76,637461910968;B;21208;422;0,01989815164089023;1982;131;1851;0,06609485368314834;0,09345529988683515;3,3216579547682703;0,3104265402843602;0,255513196801577;1,0;0,255513196801577;0,03;0,1461100569259962;5;54,327786537867084;True;37;338
1ca9d183616b7b20;8f9558634c626f86;P7A_0003190;3;COMPRA;BIVARIADO;2;pre_30s_bid_size_medio_soma <= 23.2598528139 E adv_z_pre_60s_ask_size_medio_soma <= 1.02007908369;adv_z_pre_60s_ask_size_medio_soma|<=|1.0200790837 && pre_30s_bid_size_medio_soma|<=|23.2598528139;pre_30s_bid_size_medio_soma;<=;23,259852813852817;adv_z_pre_60s_ask_size_medio_soma;<=;1,020079083686052;76,637461910968;B;21208;422;0,01989815164089023;1982;131;1851;0,06609485368314834;0,09345529988683515;3,3216579547682703;0,3104265402843602;0,255513196801577;1,0;0,255513196801577;0,03;0,1461100569259962;5;54,327786537867084;True;38;339
578aabad6f75dd72;e9370eda40d9067d;P7A_0003224;3;COMPRA;BIVARIADO;2;adv_z_pre_60s_bid_size_medio_soma <= 0.585791032021 E adv_z_pre_30s_bid_size_medio_soma <= -1.14834185665;adv_z_pre_30s_bid_size_medio_soma|<=|-1.1483418566 && adv_z_pre_60s_bid_size_medio_soma|<=|0.585791032;adv_z_pre_60s_bid_size_medio_soma;<=;0,5857910320210975;adv_z_pre_30s_bid_size_medio_soma;<=;-1,14834185664801;76,65763209078541;B;21208;422;0,01989815164089023;1988;131;1857;0,0658953722334004;0,0937382119954734;3,3116328301562934;0,3104265402843602;0,2560446006607323;1,0;0,2560446006607323;0,029850746268656716;0,14555765595463138;5;54,309383399512846;True;39;340
cd389b871468309e;ebe65ad3ccf77998;P7A_0003225;3;COMPRA;BIVARIADO;2;adv_z_pre_60s_bid_size_medio_soma <= 1.02738091412 E adv_z_pre_30s_bid_size_medio_soma <= -1.14834185665;adv_z_pre_30s_bid_size_medio_soma|<=|-1.1483418566 && adv_z_pre_60s_bid_size_medio_soma|<=|1.0273809141;adv_z_pre_60s_bid_size_medio_soma;<=;1,0273809141242674;adv_z_pre_30s_bid_size_medio_soma;<=;-1,14834185664801;76,65763209078541;B;21208;422;0,01989815164089023;1988;131;1857;0,0658953722334004;0,0937382119954734;3,3116328301562934;0,3104265402843602;0,2560446006607323;1,0;0,2560446006607323;0,029850746268656716;0,14555765595463138;5;54,309383399512846;True;40;341
2bf20975cddfb926;a73181ba219adfd8;P7A_0003226;3;COMPRA;BIVARIADO;2;pre_60s_bid_size_medio_soma <= 99.0906733188 E adv_z_pre_30s_bid_size_medio_soma <= -1.14834185665;adv_z_pre_30s_bid_size_medio_soma|<=|-1.1483418566 && pre_60s_bid_size_medio_soma|<=|99.0906733188;pre_60s_bid_size_medio_soma;<=;99,09067331876929;adv_z_pre_30s_bid_size_medio_soma;<=;-1,14834185664801;76,65763209078541;B;21208;422;0,01989815164089023;1988;131;1857;0,0658953722334004;0,0937382119954734;3,3116328301562934;0,3104265402843602;0,2560446006607323;1,0;0,2560446006607323;0,029850746268656716;0,14555765595463138;5;54,309383399512846;True;41;342
f1ea6f63f45d4406;d3a770d39af6f8cb;P7A_0003227;3;COMPRA;BIVARIADO;2;pre_60s_bid_size_medio_soma <= 111.880177677 E adv_z_pre_30s_bid_size_medio_soma <= -1.14834185665;adv_z_pre_30s_bid_size_medio_soma|<=|-1.1483418566 && pre_60s_bid_size_medio_soma|<=|111.8801776769;pre_60s_bid_size_medio_soma;<=;111,88017767691728;adv_z_pre_30s_bid_size_medio_soma;<=;-1,14834185664801;76,65763209078541;B;21208;422;0,01989815164089023;1988;131;1857;0,0658953722334004;0,0937382119954734;3,3116328301562934;0,3104265402843602;0,2560446006607323;1,0;0,2560446006607323;0,029850746268656716;0,14555765595463138;5;54,309383399512846;True;42;343
544dd61413b65120;1eeda6f6c486d5ee;P7A_0003257;3;COMPRA;BIVARIADO;2;pre_60s_cobertura_segundos <= 48 E adv_z_pre_30s_bid_size_medio_soma <= -1.14834185665;adv_z_pre_30s_bid_size_medio_soma|<=|-1.1483418566 && pre_60s_cobertura_segundos|<=|48.0;pre_60s_cobertura_segundos;<=;48,0;adv_z_pre_30s_bid_size_medio_soma;<=;-1,14834185664801;76,64905662050629;B;21208;422;0,01989815164089023;1988;131;1857;0,0658953722334004;0,0937382119954734;3,3116328301562934;0,3104265402843602;0,2560446006607323;1,0;0,2560446006607323;0,029850746268656716;0,14555765595463138;5;54,30835434307936;True;43;344
257b1882d2758519;c7be0635b3d518b8;P7A_0003258;3;COMPRA;BIVARIADO;2;pre_60s_cobertura_segundos <= 60 E adv_z_pre_30s_bid_size_medio_soma <= -1.14834185665;adv_z_pre_30s_bid_size_medio_soma|<=|-1.1483418566 && pre_60s_cobertura_segundos|<=|60.0;pre_60s_cobertura_segundos;<=;60,0;adv_z_pre_30s_bid_size_medio_soma;<=;-1,14834185664801;76,64905662050629;B;21208;422;0,01989815164089023;1988;131;1857;0,0658953722334004;0,0937382119954734;3,3116328301562934;0,3104265402843602;0,2560446006607323;1,0;0,2560446006607323;0,029850746268656716;0,14555765595463138;5;54,30835434307936;True;44;345
099284e1e47166c6;73a476e1504d02be;P7A_0003259;3;COMPRA;BIVARIADO;2;adv_z_pre_60s_cobertura_segundos <= -0.15802831593 E adv_z_pre_30s_bid_size_medio_soma <= -1.14834185665;adv_z_pre_30s_bid_size_medio_soma|<=|-1.1483418566 && adv_z_pre_60s_cobertura_segundos|<=|-0.1580283159;adv_z_pre_60s_cobertura_segundos;<=;-0,1580283159298619;adv_z_pre_30s_bid_size_medio_soma;<=;-1,14834185664801;76,64905662050629;B;21208;422;0,01989815164089023;1988;131;1857;0,0658953722334004;0,0937382119954734;3,3116328301562934;0,3104265402843602;0,2560446006607323;1,0;0,2560446006607323;0,029850746268656716;0,14555765595463138;5;54,30835434307936;True;45;346
b5c6267e2d995377;c1c693714587cb7f;P7A_0003260;3;COMPRA;BIVARIADO;2;adv_z_pre_60s_cobertura_segundos <= 0.721684458206 E adv_z_pre_30s_bid_size_medio_soma <= -1.14834185665;adv_z_pre_30s_bid_size_medio_soma|<=|-1.1483418566 && adv_z_pre_60s_cobertura_segundos|<=|0.7216844582;adv_z_pre_60s_cobertura_segundos;<=;0,7216844582056892;adv_z_pre_30s_bid_size_medio_soma;<=;-1,14834185664801;76,64905662050629;B;21208;422;0,01989815164089023;1988;131;1857;0,0658953722334004;0,0937382119954734;3,3116328301562934;0,3104265402843602;0,2560446006607323;1,0;0,2560446006607323;0,029850746268656716;0,14555765595463138;5;54,30835434307936;True;46;347
f90c2bb183b7ba6b;547c330331f02a27;P7A_0003261;3;COMPRA;BIVARIADO;2;pre_120s_bid_size_medio_soma <= 221.38822755 E adv_z_pre_30s_bid_size_medio_soma <= -1.14834185665;adv_z_pre_30s_bid_size_medio_soma|<=|-1.1483418566 && pre_120s_bid_size_medio_soma|<=|221.3882275504;pre_120s_bid_size_medio_soma;<=;221,38822755040587;adv_z_pre_30s_bid_size_medio_soma;<=;-1,14834185664801;76,64905662050629;B;21208;422;0,01989815164089023;1988;131;1857;0,0658953722334004;0,0937382119954734;3,3116328301562934;0,3104265402843602;0,2560446006607323;1,0;0,2560446006607323;0,029850746268656716;0,14555765595463138;5;54,30835434307936;True;47;348
92e9095c4ad2d32b;5adc1f009ca67cfd;P7A_0003262;3;COMPRA;BIVARIADO;2;adv_z_pre_120s_bid_size_medio_soma <= 1.05574043438 E adv_z_pre_30s_bid_size_medio_soma <= -1.14834185665;adv_z_pre_120s_bid_size_medio_soma|<=|1.0557404344 && adv_z_pre_30s_bid_size_medio_soma|<=|-1.1483418566;adv_z_pre_120s_bid_size_medio_soma;<=;1,0557404343757937;adv_z_pre_30s_bid_size_medio_soma;<=;-1,14834185664801;76,64905662050629;B;21208;422;0,01989815164089023;1988;131;1857;0,0658953722334004;0,0937382119954734;3,3116328301562934;0,3104265402843602;0,2560446006607323;1,0;0,2560446006607323;0,029850746268656716;0,14555765595463138;5;54,30835434307936;True;48;349
dd1d9ac736c1f47e;451d2c7a916b3062;P7A_0003263;3;COMPRA;BIVARIADO;2;pre_30s_bid_size_medio_soma <= 37.8280156423 E adv_z_pre_30s_bid_size_medio_soma <= -1.14834185665;adv_z_pre_30s_bid_size_medio_soma|<=|-1.1483418566 && pre_30s_bid_size_medio_soma|<=|37.8280156423;pre_30s_bid_size_medio_soma;<=;37,828015642250534;adv_z_pre_30s_bid_size_medio_soma;<=;-1,14834185664801;76,64905662050629;B;21208;422;0,01989815164089023;1988;131;1857;0,0658953722334004;0,0937382119954734;3,3116328301562934;0,3104265402843602;0,2560446006607323;1,0;0,2560446006607323;0,029850746268656716;0,14555765595463138;5;54,30835434307936;True;49;350
d407ed4726521f3c;f79ce27bb05d4c7e;P7A_0003264;3;COMPRA;BIVARIADO;2;pre_30s_bid_size_medio_soma <= 44.4849507536 E adv_z_pre_30s_bid_size_medio_soma <= -1.14834185665;adv_z_pre_30s_bid_size_medio_soma|<=|-1.1483418566 && pre_30s_bid_size_medio_soma|<=|44.4849507536;pre_30s_bid_size_medio_soma;<=;44,484950753618506;adv_z_pre_30s_bid_size_medio_soma;<=;-1,14834185664801;76,64905662050629;B;21208;422;0,01989815164089023;1988;131;1857;0,0658953722334004;0,0937382119954734;3,3116328301562934;0,3104265402843602;0,2560446006607323;1,0;0,2560446006607323;0,029850746268656716;0,14555765595463138;5;54,30835434307936;True;50;351
2f7f35f640b3b938;628d81ec18c9aca3;P7A_0003265;3;COMPRA;BIVARIADO;2;pre_30s_bid_size_medio_soma <= 50.1102733457 E adv_z_pre_30s_bid_size_medio_soma <= -1.14834185665;adv_z_pre_30s_bid_size_medio_soma|<=|-1.1483418566 && pre_30s_bid_size_medio_soma|<=|50.1102733457;pre_30s_bid_size_medio_soma;<=;50,11027334566759;adv_z_pre_30s_bid_size_medio_soma;<=;-1,14834185664801;76,64905662050629;B;21208;422;0,01989815164089023;1988;131;1857;0,0658953722334004;0,0937382119954734;3,3116328301562934;0,3104265402843602;0,2560446006607323;1,0;0,2560446006607323;0,029850746268656716;0,14555765595463138;5;54,30835434307936;True;51;352
f5d1e8c08a98c24c;c6d35f8470587c8c;P7A_0003266;3;COMPRA;BIVARIADO;2;pre_30s_bid_size_medio_soma <= 57.2311729734 E adv_z_pre_30s_bid_size_medio_soma <= -1.14834185665;adv_z_pre_30s_bid_size_medio_soma|<=|-1.1483418566 && pre_30s_bid_size_medio_soma|<=|57.2311729734;pre_30s_bid_size_medio_soma;<=;57,23117297341899;adv_z_pre_30s_bid_size_medio_soma;<=;-1,14834185664801;76,64905662050629;B;21208;422;0,01989815164089023;1988;131;1857;0,0658953722334004;0,0937382119954734;3,3116328301562934;0,3104265402843602;0,2560446006607323;1,0;0,2560446006607323;0,029850746268656716;0,14555765595463138;5;54,30835434307936;True;52;353
473ed896c9d623ce;b8b0052f5608b37d;P7A_0003267;3;COMPRA;BIVARIADO;2;adv_z_pre_30s_bid_size_medio_soma <= -1.14834185665 E pre_120s_ticks_total <= 3769;adv_z_pre_30s_bid_size_medio_soma|<=|-1.1483418566 && pre_120s_ticks_total|<=|3769.0;adv_z_pre_30s_bid_size_medio_soma;<=;-1,14834185664801;pre_120s_ticks_total;<=;3769,0;76,64905662050629;B;21208;422;0,01989815164089023;1988;131;1857;0,0658953722334004;0,0937382119954734;3,3116328301562934;0,3104265402843602;0,2560446006607323;1,0;0,2560446006607323;0,029850746268656716;0,14555765595463138;5;54,30835434307936;True;53;354
50df53860b3e4f50;61193b06c4f5a928;P7A_0003268;3;COMPRA;BIVARIADO;2;adv_z_pre_30s_bid_size_medio_soma <= -1.14834185665 E pre_120s_ticks_total <= 5608;adv_z_pre_30s_bid_size_medio_soma|<=|-1.1483418566 && pre_120s_ticks_total|<=|5608.0;adv_z_pre_30s_bid_size_medio_soma;<=;-1,14834185664801;pre_120s_ticks_total;<=;5608,0;76,64905662050629;B;21208;422;0,01989815164089023;1988;131;1857;0,0658953722334004;0,0937382119954734;3,3116328301562934;0,3104265402843602;0,2560446006607323;1,0;0,2560446006607323;0,029850746268656716;0,14555765595463138;5;54,30835434307936;True;54;355
71789e8dffae85af;ded4d08a09fa46b0;P7A_0003269;3;COMPRA;BIVARIADO;2;adv_z_pre_30s_bid_size_medio_soma <= -1.14834185665 E adv_z_pre_120s_ticks_total <= 0.382890489769;adv_z_pre_120s_ticks_total|<=|0.3828904898 && adv_z_pre_30s_bid_size_medio_soma|<=|-1.1483418566;adv_z_pre_30s_bid_size_medio_soma;<=;-1,14834185664801;adv_z_pre_120s_ticks_total;<=;0,382890489768582;76,64905662050629;B;21208;422;0,01989815164089023;1988;131;1857;0,0658953722334004;0,0937382119954734;3,3116328301562934;0,3104265402843602;0,2560446006607323;1,0;0,2560446006607323;0,029850746268656716;0,14555765595463138;5;54,30835434307936;True;55;356
82f39aba001dfdf9;3acee082caab1515;P7A_0003270;3;COMPRA;BIVARIADO;2;adv_z_pre_30s_bid_size_medio_soma <= -1.14834185665 E adv_z_pre_120s_ticks_total <= 0.975845151866;adv_z_pre_120s_ticks_total|<=|0.9758451519 && adv_z_pre_30s_bid_size_medio_soma|<=|-1.1483418566;adv_z_pre_30s_bid_size_medio_soma;<=;-1,14834185664801;adv_z_pre_120s_ticks_total;<=;0,975845151866139;76,64905662050629;B;21208;422;0,01989815164089023;1988;131;1857;0,0658953722334004;0,0937382119954734;3,3116328301562934;0,3104265402843602;0,2560446006607323;1,0;0,2560446006607323;0,029850746268656716;0,14555765595463138;5;54,30835434307936;True;56;357
f73ec8e46c6d1dad;9f4a44908cd41918;P7A_0003271;3;COMPRA;BIVARIADO;2;adv_z_pre_30s_bid_size_medio_soma <= -1.14834185665 E pre_15s_cobertura_pct <= 1;adv_z_pre_30s_bid_size_medio_soma|<=|-1.1483418566 && pre_15s_cobertura_pct|<=|1.0;adv_z_pre_30s_bid_size_medio_soma;<=;-1,14834185664801;pre_15s_cobertura_pct;<=;1,0;76,64905662050629;B;21208;422;0,01989815164089023;1988;131;1857;0,0658953722334004;0,0937382119954734;3,3116328301562934;0,3104265402843602;0,2560446006607323;1,0;0,2560446006607323;0,029850746268656716;0,14555765595463138;5;54,30835434307936;True;57;358
cafecac9a70e8a0d;f6daf5a702820a9b;P7A_0003272;3;COMPRA;BIVARIADO;2;adv_z_pre_30s_bid_size_medio_soma <= -1.14834185665 E adv_z_pre_15s_cobertura_pct <= 0.663725833062;adv_z_pre_15s_cobertura_pct|<=|0.6637258331 && adv_z_pre_30s_bid_size_medio_soma|<=|-1.1483418566;adv_z_pre_30s_bid_size_medio_soma;<=;-1,14834185664801;adv_z_pre_15s_cobertura_pct;<=;0,6637258330622307;76,64905662050629;B;21208;422;0,01989815164089023;1988;131;1857;0,0658953722334004;0,0937382119954734;3,3116328301562934;0,3104265402843602;0,2560446006607323;1,0;0,2560446006607323;0,029850746268656716;0,14555765595463138;5;54,30835434307936;True;58;359
3e2676889126c58b;83f1183fd672349e;P7A_0003273;3;COMPRA;BIVARIADO;2;adv_z_pre_30s_bid_size_medio_soma <= -1.14834185665 E adv_z_pre_15s_bid_size_medio_soma <= 0.523023024822;adv_z_pre_15s_bid_size_medio_soma|<=|0.5230230248 && adv_z_pre_30s_bid_size_medio_soma|<=|-1.1483418566;adv_z_pre_30s_bid_size_medio_soma;<=;-1,14834185664801;adv_z_pre_15s_bid_size_medio_soma;<=;0,5230230248222918;76,64905662050629;B;21208;422;0,01989815164089023;1988;131;1857;0,0658953722334004;0,0937382119954734;3,3116328301562934;0,3104265402843602;0,2560446006607323;1,0;0,2560446006607323;0,029850746268656716;0,14555765595463138;5;54,30835434307936;True;59;360
83af04f8c742d82f;1b4a049fc8384a98;P7A_0003274;3;COMPRA;BIVARIADO;2;adv_z_pre_30s_bid_size_medio_soma <= -1.14834185665 E adv_z_pre_15s_bid_size_medio_soma <= 0.979840750936;adv_z_pre_15s_bid_size_medio_soma|<=|0.9798407509 && adv_z_pre_30s_bid_size_medio_soma|<=|-1.1483418566;adv_z_pre_30s_bid_size_medio_soma;<=;-1,14834185664801;adv_z_pre_15s_bid_size_medio_soma;<=;0,9798407509356817;76,64905662050629;B;21208;422;0,01989815164089023;1988;131;1857;0,0658953722334004;0,0937382119954734;3,3116328301562934;0,3104265402843602;0,2560446006607323;1,0;0,2560446006607323;0,029850746268656716;0,14555765595463138;5;54,30835434307936;True;60;361
3ae09e6db80531f0;8a98f7a1db4e98eb;P7A_0002867;3;VENDA;BIVARIADO;2;pre_60s_cobertura_segundos <= 30 E adv_z_pre_15s_spread_medio > -0.409080208821;adv_z_pre_15s_spread_medio|>|-0.4090802088 && pre_60s_cobertura_segundos|<=|30.0;pre_60s_cobertura_segundos;<=;30,0;adv_z_pre_15s_spread_medio;>;-0,4090802088206798;77,53405080621759;B;16340;244;0,014932680538555692;1616;64;1552;0,039603960396039604;0,0988984088127295;2,6521668560298655;0,26229508196721313;0,7819917615025147;1,0;0,7819917615025147;0,025830258302583026;0,04975124378109453;5;59,10967403764311;True;1;135
670849ad0e5b6231;0a0e8e812c1e9664;P7A_0002868;3;VENDA;BIVARIADO;2;adv_z_pre_60s_cobertura_segundos <= -1.47759747713 E adv_z_pre_15s_spread_medio > -0.409080208821;adv_z_pre_15s_spread_medio|>|-0.4090802088 && adv_z_pre_60s_cobertura_segundos|<=|-1.4775974771;adv_z_pre_60s_cobertura_segundos;<=;-1,4775974771331886;adv_z_pre_15s_spread_medio;>;-0,4090802088206798;77,53405080621759;B;16340;244;0,014932680538555692;1616;64;1552;0,039603960396039604;0,0988984088127295;2,6521668560298655;0,26229508196721313;0,7819917615025147;1,0;0,7819917615025147;0,025830258302583026;0,04975124378109453;5;59,10967403764311;True;2;136
9f1df5e8aef09099;138891ee49a69510;P7A_0003042;3;VENDA;BIVARIADO;2;adv_z_pre_60s_bid_size_medio_soma <= -1.26826332105 E adv_z_pre_15s_spread_medio > -0.409080208821;adv_z_pre_15s_spread_medio|>|-0.4090802088 && adv_z_pre_60s_bid_size_medio_soma|<=|-1.268263321;adv_z_pre_60s_bid_size_medio_soma;<=;-1,2682633210482845;adv_z_pre_15s_spread_medio;>;-0,4090802088206798;76,74786527799249;B;16340;244;0,014932680538555692;1628;67;1561;0,041154791154791155;0,0996328029375765;2,756021669956096;0,27459016393442626;0,7131684273674654;1,0;0,7131684273674654;0,026119402985074626;0,054455445544554455;5;58,48576795989939;True;3;162
5bb0fa628423fd52;ac80e7808472b087;P7A_0003045;3;VENDA;BIVARIADO;2;pre_60s_bid_size_medio_soma <= 45.3548340548 E adv_z_pre_15s_spread_medio > -0.409080208821;adv_z_pre_15s_spread_medio|>|-0.4090802088 && pre_60s_bid_size_medio_soma|<=|45.3548340548;pre_60s_bid_size_medio_soma;<=;45,35483405483406;adv_z_pre_15s_spread_medio;>;-0,4090802088206798;76,62474577699629;B;16340;244;0,014932680538555692;1627;66;1561;0,040565457897971724;0,09957160342717258;2,7165556641510573;0,27049180327868855;0,7274688372448106;1,0;0,7274688372448106;0,026119402985074626;0,052109181141439205;5;58,485021035966646;True;4;163
23e1e3fc6626458b;c601caef39795ab8;P7A_0003047;3;VENDA;BIVARIADO;2;pre_120s_bid_size_medio_soma <= 90.4132181857 E pre_30s_bid_size_medio_soma <= 37.8280156423;pre_120s_bid_size_medio_soma|<=|90.4132181857 && pre_30s_bid_size_medio_soma|<=|37.8280156423;pre_120s_bid_size_medio_soma;<=;90,41321818571818;pre_30s_bid_size_medio_soma;<=;37,828015642250534;76,86471294118098;B;16340;244;0,014932680538555692;1700;72;1628;0,042352941176470586;0,10403916768665851;2,83625843780135;0,29508196721311475;0,6489504115331799;1,0;0,6489504115331799;0,0176678445229682;0,05609756097560976;5;57,867804493807995;True;5;198
a5b643308be12642;3151c90a72f9daa0;P7A_0003051;3;VENDA;BIVARIADO;2;pre_120s_bid_size_medio_soma <= 90.4132181857 E adv_z_pre_30s_bid_size_medio_soma <= -0.220366098278;adv_z_pre_30s_bid_size_medio_soma|<=|-0.2203660983 && pre_120s_bid_size_medio_soma|<=|90.4132181857;pre_120s_bid_size_medio_soma;<=;90,41321818571818;adv_z_pre_30s_bid_size_medio_soma;<=;-0,22036609827793707;76,8630060950084;B;16340;244;0,014932680538555692;1700;72;1628;0,042352941176470586;0,10403916768665851;2,83625843780135;0,29508196721311475;0,6489504115331799;1,0;0,6489504115331799;0,0176678445229682;0,05609756097560976;5;57,86759967226729;True;6;199
9f2c796dafb9a61a;231f73fa7ef80bbf;P7A_0003048;3;VENDA;BIVARIADO;2;adv_z_pre_120s_bid_size_medio_soma <= -1.32271632972 E pre_30s_bid_size_medio_soma <= 37.8280156423;adv_z_pre_120s_bid_size_medio_soma|<=|-1.3227163297 && pre_30s_bid_size_medio_soma|<=|37.8280156423;adv_z_pre_120s_bid_size_medio_soma;<=;-1,322716329722175;pre_30s_bid_size_medio_soma;<=;37,828015642250534;76,8739697692971;B;16340;244;0,014932680538555692;1701;72;1629;0,042328042328042326;0,10410036719706242;2,8345910313123426;0,29508196721311475;0,6491102210022168;1,0;0,6491102210022168;0,0176678445229682;0,05609756097560976;5;57,861819554680885;True;7;200
97605c028cbecd48;5a18b28e3a658e8a;P7A_0003052;3;VENDA;BIVARIADO;2;adv_z_pre_120s_bid_size_medio_soma <= -1.32271632972 E adv_z_pre_30s_bid_size_medio_soma <= -0.220366098278;adv_z_pre_120s_bid_size_medio_soma|<=|-1.3227163297 && adv_z_pre_30s_bid_size_medio_soma|<=|-0.2203660983;adv_z_pre_120s_bid_size_medio_soma;<=;-1,322716329722175;adv_z_pre_30s_bid_size_medio_soma;<=;-0,22036609827793707;76,87226488149386;B;16340;244;0,014932680538555692;1701;72;1629;0,042328042328042326;0,10410036719706242;2,8345910313123426;0,29508196721311475;0,6491102210022168;1,0;0,6491102210022168;0,0176678445229682;0,05609756097560976;5;57,861614968144494;True;8;201
df66effa43b23811;d09b8dddccdef444;P7A_0002880;3;VENDA;BIVARIADO;2;adv_z_pre_60s_bid_size_medio_soma <= -1.26826332105 E pre_30s_bid_size_medio_soma <= 37.8280156423;adv_z_pre_60s_bid_size_medio_soma|<=|-1.268263321 && pre_30s_bid_size_medio_soma|<=|37.8280156423;adv_z_pre_60s_bid_size_medio_soma;<=;-1,2682633210482845;pre_30s_bid_size_medio_soma;<=;37,828015642250534;76,83943423840903;B;16340;244;0,014932680538555692;1752;71;1681;0,04052511415525114;0,10722154222766218;2,7138539561344412;0,29098360655737704;0,683706812117785;1,0;0,683706812117785;0,02287581699346405;0,05555555555555555;5;57,75831656768538;True;9;202
374a6d533eaf56ac;ec1f8b21602b0b77;P7A_0002881;3;VENDA;BIVARIADO;2;adv_z_pre_60s_bid_size_medio_soma <= -1.26826332105 E adv_z_pre_30s_bid_size_medio_soma <= -0.220366098278;adv_z_pre_30s_bid_size_medio_soma|<=|-0.2203660983 && adv_z_pre_60s_bid_size_medio_soma|<=|-1.268263321;adv_z_pre_60s_bid_size_medio_soma;<=;-1,2682633210482845;adv_z_pre_30s_bid_size_medio_soma;<=;-0,22036609827793707;76,83943423840903;B;16340;244;0,014932680538555692;1752;71;1681;0,04052511415525114;0,10722154222766218;2,7138539561344412;0,29098360655737704;0,683706812117785;1,0;0,683706812117785;0,02287581699346405;0,05555555555555555;5;57,75831656768538;True;10;203
9498a46dc8ee7df1;e1e266b01e3e438d;P7A_0003175;3;VENDA;BIVARIADO;2;adv_z_pre_60s_bid_size_medio_soma <= -0.263782724487 E pre_30s_bid_size_medio_soma <= 23.2598528139;adv_z_pre_60s_bid_size_medio_soma|<=|-0.2637827245 && pre_30s_bid_size_medio_soma|<=|23.2598528139;adv_z_pre_60s_bid_size_medio_soma;<=;-0,26378272448680745;pre_30s_bid_size_medio_soma;<=;23,259852813852817;76,65828824657768;B;16340;244;0,014932680538555692;1760;68;1692;0,038636363636363635;0,10771113831089352;2,587369597615499;0,2786885245901639;0,7237861379158881;1,0;0,7237861379158881;0,02622950819672131;0,05623471882640587;5;57,70153652761431;True;11;204
fae6b106f3f1d98e;86d03c27b104955f;P7A_0003176;3;VENDA;BIVARIADO;2;pre_60s_bid_size_medio_soma <= 74.4072618438 E pre_30s_bid_size_medio_soma <= 23.2598528139;pre_30s_bid_size_medio_soma|<=|23.2598528139 && pre_60s_bid_size_medio_soma|<=|74.4072618438;pre_60s_bid_size_medio_soma;<=;74,40726184384721;pre_30s_bid_size_medio_soma;<=;23,259852813852817;76,65828824657768;B;16340;244;0,014932680538555692;1760;68;1692;0,038636363636363635;0,10771113831089352;2,587369597615499;0,2786885245901639;0,7237861379158881;1,0;0,7237861379158881;0,02622950819672131;0,05623471882640587;5;57,70153652761431;True;12;205
189fd94ea18069be;27cb02a23dfc92d6;P7A_0002890;3;VENDA;BIVARIADO;2;adv_z_pre_60s_bid_size_medio_soma <= -1.26826332105 E pre_60s_ask_size_medio_soma <= 74.7658730159;adv_z_pre_60s_bid_size_medio_soma|<=|-1.268263321 && pre_60s_ask_size_medio_soma|<=|74.7658730159;adv_z_pre_60s_bid_size_medio_soma;<=;-1,2682633210482845;pre_60s_ask_size_medio_soma;<=;74,76587301587301;76,55147806025076;B;16340;244;0,014932680538555692;1756;71;1685;0,040432801822323464;0,10746634026927784;2,7076720564621533;0,29098360655737704;0,6844484250911683;1,0;0,6844484250911683;0,02287581699346405;0,055288461538461536;5;57,7001385093923;True;13;206
4968cf764512bbbd;8c11d58c2274c83a;P7A_0002891;3;VENDA;BIVARIADO;2;adv_z_pre_60s_bid_size_medio_soma <= -1.26826332105 E adv_z_pre_60s_ask_size_medio_soma <= -0.259737147394;adv_z_pre_60s_ask_size_medio_soma|<=|-0.2597371474 && adv_z_pre_60s_bid_size_medio_soma|<=|-1.268263321;adv_z_pre_60s_bid_size_medio_soma;<=;-1,2682633210482845;adv_z_pre_60s_ask_size_medio_soma;<=;-0,2597371473943595;76,55147806025076;B;16340;244;0,014932680538555692;1756;71;1685;0,040432801822323464;0,10746634026927784;2,7076720564621533;0,29098360655737704;0,6844484250911683;1,0;0,6844484250911683;0,02287581699346405;0,055288461538461536;5;57,7001385093923;True;14;207
c2e2ae5fc3377380;658b7ab0d83c030a;P7A_0003177;3;VENDA;BIVARIADO;2;adv_z_pre_60s_bid_size_medio_soma <= -0.263782724487 E adv_z_pre_30s_bid_size_medio_soma <= -1.14834185665;adv_z_pre_30s_bid_size_medio_soma|<=|-1.1483418566 && adv_z_pre_60s_bid_size_medio_soma|<=|-0.2637827245;adv_z_pre_60s_bid_size_medio_soma;<=;-0,26378272448680745;adv_z_pre_30s_bid_size_medio_soma;<=;-1,14834185664801;76,66880501374985;B;16340;244;0,014932680538555692;1762;68;1694;0,03859250851305335;0,10783353733170134;2,584432742226605;0,2786885245901639;0,7233338264201347;1,0;0,7233338264201347;0,02622950819672131;0,05623471882640587;5;57,67709235675193;True;15;208
fb6e3343818e33a8;9b0b43faaa0760c6;P7A_0003178;3;VENDA;BIVARIADO;2;pre_60s_bid_size_medio_soma <= 74.4072618438 E adv_z_pre_30s_bid_size_medio_soma <= -1.14834185665;adv_z_pre_30s_bid_size_medio_soma|<=|-1.1483418566 && pre_60s_bid_size_medio_soma|<=|74.4072618438;pre_60s_bid_size_medio_soma;<=;74,40726184384721;adv_z_pre_30s_bid_size_medio_soma;<=;-1,14834185664801;76,66880501374985;B;16340;244;0,014932680538555692;1762;68;1694;0,03859250851305335;0,10783353733170134;2,584432742226605;0,2786885245901639;0,7233338264201347;1,0;0,7233338264201347;0,02622950819672131;0,05623471882640587;5;57,67709235675193;True;16;209
654f9f085459a9b8;d5bf09bfba23722d;P7A_0003189;3;VENDA;BIVARIADO;2;pre_30s_bid_size_medio_soma <= 23.2598528139 E pre_60s_ask_size_medio_soma <= 112.472207584;pre_30s_bid_size_medio_soma|<=|23.2598528139 && pre_60s_ask_size_medio_soma|<=|112.4722075837;pre_30s_bid_size_medio_soma;<=;23,259852813852817;pre_60s_ask_size_medio_soma;<=;112,4722075837279;76,637461910968;B;16340;244;0,014932680538555692;1760;68;1692;0,038636363636363635;0,10771113831089352;2,587369597615499;0,2786885245901639;0,7208226422077464;1,0;0,7208226422077464;0,025889967637540454;0,056372549019607844;5;57,6456944445946;True;17;210
81881c23b834e858;8f9558634c626f86;P7A_0003190;3;VENDA;BIVARIADO;2;pre_30s_bid_size_medio_soma <= 23.2598528139 E adv_z_pre_60s_ask_size_medio_soma <= 1.02007908369;adv_z_pre_60s_ask_size_medio_soma|<=|1.0200790837 && pre_30s_bid_size_medio_soma|<=|23.2598528139;pre_30s_bid_size_medio_soma;<=;23,259852813852817;adv_z_pre_60s_ask_size_medio_soma;<=;1,020079083686052;76,637461910968;B;16340;244;0,014932680538555692;1760;68;1692;0,038636363636363635;0,10771113831089352;2,587369597615499;0,2786885245901639;0,7208226422077464;1,0;0,7208226422077464;0,025889967637540454;0,056372549019607844;5;57,6456944445946;True;18;211
641cbc73ee462502;bf0456e15866784c;P7A_0003187;3;VENDA;BIVARIADO;2;pre_120s_bid_size_medio_soma <= 179.737996242 E pre_30s_bid_size_medio_soma <= 23.2598528139;pre_120s_bid_size_medio_soma|<=|179.7379962424 && pre_30s_bid_size_medio_soma|<=|23.2598528139;pre_120s_bid_size_medio_soma;<=;179,73799624242162;pre_30s_bid_size_medio_soma;<=;23,259852813852817;76,65676394316067;B;16340;244;0,014932680538555692;1763;68;1695;0,038570618264322176;0,10789473684210527;2,58296681327469;0,2786885245901639;0,7217001003144188;1,0;0,7217001003144188;0,025889967637540454;0,05623471882640587;5;57,63747301471439;True;19;212
2c55d7056f01844f;9a505b7ddadc7337;P7A_0003188;3;VENDA;BIVARIADO;2;adv_z_pre_120s_bid_size_medio_soma <= 0.29900331823 E pre_30s_bid_size_medio_soma <= 23.2598528139;adv_z_pre_120s_bid_size_medio_soma|<=|0.2990033182 && pre_30s_bid_size_medio_soma|<=|23.2598528139;adv_z_pre_120s_bid_size_medio_soma;<=;0,29900331822972087;pre_30s_bid_size_medio_soma;<=;23,259852813852817;76,65676394316067;B;16340;244;0,014932680538555692;1763;68;1695;0,038570618264322176;0,10789473684210527;2,58296681327469;0,2786885245901639;0,7217001003144188;1,0;0,7217001003144188;0,025889967637540454;0,05623471882640587;5;57,63747301471439;True;20;213
c451a429d9d8754e;bbbf5bb0e140cff8;P7A_0003191;3;VENDA;BIVARIADO;2;pre_30s_bid_size_medio_soma <= 23.2598528139 E pre_60s_ask_size_medio_soma <= 99.8586307614;pre_30s_bid_size_medio_soma|<=|23.2598528139 && pre_60s_ask_size_medio_soma|<=|99.8586307614;pre_30s_bid_size_medio_soma;<=;23,259852813852817;pre_60s_ask_size_medio_soma;<=;99,85863076137177;76,61519561996194;B;16340;244;0,014932680538555692;1757;68;1689;0,03870233352305066;0,10752753977968177;2,591787417076425;0,2786885245901639;0,7189028980532055;1,0;0,7189028980532055;0,025889967637540454;0,05665024630541872;5;57,63488893573824;True;21;214
ec945ca8629f9010;952cc03eee5ca890;P7A_0003192;3;VENDA;BIVARIADO;2;pre_30s_bid_size_medio_soma <= 23.2598528139 E adv_z_pre_60s_ask_size_medio_soma <= 0.591885463111;adv_z_pre_60s_ask_size_medio_soma|<=|0.5918854631 && pre_30s_bid_size_medio_soma|<=|23.2598528139;pre_30s_bid_size_medio_soma;<=;23,259852813852817;adv_z_pre_60s_ask_size_medio_soma;<=;0,5918854631106052;76,61519561996194;B;16340;244;0,014932680538555692;1757;68;1689;0,03870233352305066;0,10752753977968177;2,591787417076425;0,2786885245901639;0,7189028980532055;1,0;0,7189028980532055;0,025889967637540454;0,05665024630541872;5;57,63488893573824;True;22;215
436380fd6beed968;c0b97bebc9446e2c;P7A_0003211;3;VENDA;BIVARIADO;2;pre_30s_bid_size_medio_soma <= 23.2598528139 E pre_60s_ask_size_medio_soma <= 89.1242462025;pre_30s_bid_size_medio_soma|<=|23.2598528139 && pre_60s_ask_size_medio_soma|<=|89.1242462025;pre_30s_bid_size_medio_soma;<=;23,259852813852817;pre_60s_ask_size_medio_soma;<=;89,12424620246007;76,57662280834698;B;16340;244;0,014932680538555692;1755;68;1687;0,038746438746438745;0,10740514075887393;2,5947410209705293;0,2786885245901639;0,7181323023408361;1,0;0,7181323023408361;0,025889967637540454;0,056790123456790124;5;57,6340542200191;True;23;216
6f7cf6de502b380f;d663fe66c3911d33;P7A_0003212;3;VENDA;BIVARIADO;2;pre_30s_bid_size_medio_soma <= 23.2598528139 E adv_z_pre_60s_ask_size_medio_soma <= 0.226722088909;adv_z_pre_60s_ask_size_medio_soma|<=|0.2267220889 && pre_30s_bid_size_medio_soma|<=|23.2598528139;pre_30s_bid_size_medio_soma;<=;23,259852813852817;adv_z_pre_60s_ask_size_medio_soma;<=;0,22672208890913442;76,57662280834698;B;16340;244;0,014932680538555692;1755;68;1687;0,038746438746438745;0,10740514075887393;2,5947410209705293;0,2786885245901639;0,7181323023408361;1,0;0,7181323023408361;0,025889967637540454;0,056790123456790124;5;57,6340542200191;True;24;217
ff9c525adc8d0560;4bcb4d1f8f728009;P7A_0003205;3;VENDA;BIVARIADO;2;adv_z_pre_60s_bid_size_medio_soma <= 0.585791032021 E pre_30s_bid_size_medio_soma <= 23.2598528139;adv_z_pre_60s_bid_size_medio_soma|<=|0.585791032 && pre_30s_bid_size_medio_soma|<=|23.2598528139;adv_z_pre_60s_bid_size_medio_soma;<=;0,5857910320210975;pre_30s_bid_size_medio_soma;<=;23,259852813852817;76,64994534081984;B;16340;244;0,014932680538555692;1764;68;1696;0,03854875283446712;0,10795593635250918;2,581502546373741;0,2786885245901639;0,7215308898651589;1,0;0,7215308898651589;0,025974025974025976;0,05623471882640587;5;57,624851590981805;True;25;218
e8d62626feaed562;5a4a2e13eb2404d4;P7A_0003206;3;VENDA;BIVARIADO;2;adv_z_pre_60s_bid_size_medio_soma <= 1.02738091412 E pre_30s_bid_size_medio_soma <= 23.2598528139;adv_z_pre_60s_bid_size_medio_soma|<=|1.0273809141 && pre_30s_bid_size_medio_soma|<=|23.2598528139;adv_z_pre_60s_bid_size_medio_soma;<=;1,0273809141242674;pre_30s_bid_size_medio_soma;<=;23,259852813852817;76,64994534081984;B;16340;244;0,014932680538555692;1764;68;1696;0,03854875283446712;0,10795593635250918;2,581502546373741;0,2786885245901639;0,7215308898651589;1,0;0,7215308898651589;0,025974025974025976;0,05623471882640587;5;57,624851590981805;True;26;219
eefbfb21587e8ed3;29f3427cc75e6182;P7A_0003207;3;VENDA;BIVARIADO;2;pre_60s_bid_size_medio_soma <= 99.0906733188 E pre_30s_bid_size_medio_soma <= 23.2598528139;pre_30s_bid_size_medio_soma|<=|23.2598528139 && pre_60s_bid_size_medio_soma|<=|99.0906733188;pre_60s_bid_size_medio_soma;<=;99,09067331876929;pre_30s_bid_size_medio_soma;<=;23,259852813852817;76,64994534081984;B;16340;244;0,014932680538555692;1764;68;1696;0,03854875283446712;0,10795593635250918;2,581502546373741;0,2786885245901639;0,7215308898651589;1,0;0,7215308898651589;0,025974025974025976;0,05623471882640587;5;57,624851590981805;True;27;220
0bb680c1a97811cd;9f0f7be8b4de4c39;P7A_0003208;3;VENDA;BIVARIADO;2;pre_60s_bid_size_medio_soma <= 111.880177677 E pre_30s_bid_size_medio_soma <= 23.2598528139;pre_30s_bid_size_medio_soma|<=|23.2598528139 && pre_60s_bid_size_medio_soma|<=|111.8801776769;pre_60s_bid_size_medio_soma;<=;111,88017767691728;pre_30s_bid_size_medio_soma;<=;23,259852813852817;76,64994534081984;B;16340;244;0,014932680538555692;1764;68;1696;0,03854875283446712;0,10795593635250918;2,581502546373741;0,2786885245901639;0,7215308898651589;1,0;0,7215308898651589;0,025974025974025976;0,05623471882640587;5;57,624851590981805;True;28;221
3ec4cf01bfe33b2b;46a7532812436d2e;P7A_0003252;3;VENDA;BIVARIADO;2;adv_z_pre_60s_bid_size_medio_soma <= 0.244115740331 E pre_30s_bid_size_medio_soma <= 23.2598528139;adv_z_pre_60s_bid_size_medio_soma|<=|0.2441157403 && pre_30s_bid_size_medio_soma|<=|23.2598528139;adv_z_pre_60s_bid_size_medio_soma;<=;0,24411574033055705;pre_30s_bid_size_medio_soma;<=;23,259852813852817;76,63455660532604;B;16340;244;0,014932680538555692;1764;68;1696;0,03854875283446712;0,10795593635250918;2,581502546373741;0,2786885245901639;0,7215308898651589;1,0;0,7215308898651589;0,025974025974025976;0,05623471882640587;5;57,623004942722545;True;29;222
c38a7e7086073755;2ef314f8a890fa8b;P7A_0003253;3;VENDA;BIVARIADO;2;pre_60s_bid_size_medio_soma <= 89.2015868165 E pre_30s_bid_size_medio_soma <= 23.2598528139;pre_30s_bid_size_medio_soma|<=|23.2598528139 && pre_60s_bid_size_medio_soma|<=|89.2015868165;pre_60s_bid_size_medio_soma;<=;89,20158681646559;pre_30s_bid_size_medio_soma;<=;23,259852813852817;76,63455660532604;B;16340;244;0,014932680538555692;1764;68;1696;0,03854875283446712;0,10795593635250918;2,581502546373741;0,2786885245901639;0,7215308898651589;1,0;0,7215308898651589;0,025974025974025976;0,05623471882640587;5;57,623004942722545;True;30;223
283dd58bf5ac6c50;47ccf35aaab8298d;P7A_0003193;3;VENDA;BIVARIADO;2;pre_120s_bid_size_medio_soma <= 197.505764317 E pre_30s_bid_size_medio_soma <= 23.2598528139;pre_120s_bid_size_medio_soma|<=|197.5057643169 && pre_30s_bid_size_medio_soma|<=|23.2598528139;pre_120s_bid_size_medio_soma;<=;197,50576431690448;pre_30s_bid_size_medio_soma;<=;23,259852813852817;76,65391990859996;B;16340;244;0,014932680538555692;1764;68;1696;0,03854875283446712;0,10795593635250918;2,581502546373741;0,2786885245901639;0,7213078205924408;1,0;0,7213078205924408;0,025889967637540454;0,05623471882640587;5;57,6213132922065;True;31;224
084d5c6ab58acd0f;099915bc99c1c217;P7A_0003194;3;VENDA;BIVARIADO;2;adv_z_pre_120s_bid_size_medio_soma <= 0.621934584159 E pre_30s_bid_size_medio_soma <= 23.2598528139;adv_z_pre_120s_bid_size_medio_soma|<=|0.6219345842 && pre_30s_bid_size_medio_soma|<=|23.2598528139;adv_z_pre_120s_bid_size_medio_soma;<=;0,6219345841591719;pre_30s_bid_size_medio_soma;<=;23,259852813852817;76,65391990859996;B;16340;244;0,014932680538555692;1764;68;1696;0,03854875283446712;0,10795593635250918;2,581502546373741;0,2786885245901639;0,7213078205924408;1,0;0,7213078205924408;0,025889967637540454;0,05623471882640587;5;57,6213132922065;True;32;225
7c0265deb9689324;09cd51af0ffdcd28;P7A_0003197;3;VENDA;BIVARIADO;2;adv_z_pre_30s_bid_size_medio_soma <= -1.14834185665 E pre_60s_ask_size_medio_soma <= 112.472207584;adv_z_pre_30s_bid_size_medio_soma|<=|-1.1483418566 && pre_60s_ask_size_medio_soma|<=|112.4722075837;adv_z_pre_30s_bid_size_medio_soma;<=;-1,14834185664801;pre_60s_ask_size_medio_soma;<=;112,4722075837279;76,64512630654554;B;16340;244;0,014932680538555692;1762;68;1694;0,03859250851305335;0,10783353733170134;2,584432742226605;0,2786885245901639;0,7203741126715211;1,0;0,7203741126715211;0,025889967637540454;0,056372549019607844;5;57,62097606441237;True;33;226
fa0202bd82a305b8;7e0d9a419380655b;P7A_0003198;3;VENDA;BIVARIADO;2;adv_z_pre_30s_bid_size_medio_soma <= -1.14834185665 E adv_z_pre_60s_ask_size_medio_soma <= 1.02007908369;adv_z_pre_30s_bid_size_medio_soma|<=|-1.1483418566 && adv_z_pre_60s_ask_size_medio_soma|<=|1.0200790837;adv_z_pre_30s_bid_size_medio_soma;<=;-1,14834185664801;adv_z_pre_60s_ask_size_medio_soma;<=;1,020079083686052;76,64512630654554;B;16340;244;0,014932680538555692;1762;68;1694;0,03859250851305335;0,10783353733170134;2,584432742226605;0,2786885245901639;0,7203741126715211;1,0;0,7203741126715211;0,025889967637540454;0,056372549019607844;5;57,62097606441237;True;34;227
d7a3dd532cf06f2f;316c71a896df462c;P7A_0003195;3;VENDA;BIVARIADO;2;pre_120s_bid_size_medio_soma <= 179.737996242 E adv_z_pre_30s_bid_size_medio_soma <= -1.14834185665;adv_z_pre_30s_bid_size_medio_soma|<=|-1.1483418566 && pre_120s_bid_size_medio_soma|<=|179.7379962424;pre_120s_bid_size_medio_soma;<=;179,73799624242162;adv_z_pre_30s_bid_size_medio_soma;<=;-1,14834185664801;76,66440622163474;B;16340;244;0,014932680538555692;1765;68;1697;0,038526912181303115;0,1080171358629131;2,580039938698741;0,2786885245901639;0,7212530388367178;1,0;0,7212530388367178;0,025889967637540454;0,05623471882640587;5;57,612838098205884;True;35;228
4543ea6abf009b1b;1eaf3f037dcbd6e3;P7A_0003196;3;VENDA;BIVARIADO;2;adv_z_pre_120s_bid_size_medio_soma <= 0.29900331823 E adv_z_pre_30s_bid_size_medio_soma <= -1.14834185665;adv_z_pre_120s_bid_size_medio_soma|<=|0.2990033182 && adv_z_pre_30s_bid_size_medio_soma|<=|-1.1483418566;adv_z_pre_120s_bid_size_medio_soma;<=;0,29900331822972087;adv_z_pre_30s_bid_size_medio_soma;<=;-1,14834185664801;76,66440622163474;B;16340;244;0,014932680538555692;1765;68;1697;0,038526912181303115;0,1080171358629131;2,580039938698741;0,2786885245901639;0,7212530388367178;1,0;0,7212530388367178;0,025889967637540454;0,05623471882640587;5;57,612838098205884;True;36;229
7e9e728a19f51cec;3da09b9a2527da34;P7A_0003199;3;VENDA;BIVARIADO;2;adv_z_pre_30s_bid_size_medio_soma <= -1.14834185665 E pre_60s_ask_size_medio_soma <= 99.8586307614;adv_z_pre_30s_bid_size_medio_soma|<=|-1.1483418566 && pre_60s_ask_size_medio_soma|<=|99.8586307614;adv_z_pre_30s_bid_size_medio_soma;<=;-1,14834185664801;pre_60s_ask_size_medio_soma;<=;99,85863076137177;76,62285698672025;B;16340;244;0,014932680538555692;1759;68;1691;0,038658328595793066;0,10764993880048959;2,5888405297346666;0,2786885245901639;0,7184507408395774;1,0;0,7184507408395774;0,025889967637540454;0,05665024630541872;5;57,61004489537706;True;37;230
835010c8e711bb3f;15ef5d53f7a83d12;P7A_0003200;3;VENDA;BIVARIADO;2;adv_z_pre_30s_bid_size_medio_soma <= -1.14834185665 E adv_z_pre_60s_ask_size_medio_soma <= 0.591885463111;adv_z_pre_30s_bid_size_medio_soma|<=|-1.1483418566 && adv_z_pre_60s_ask_size_medio_soma|<=|0.5918854631;adv_z_pre_30s_bid_size_medio_soma;<=;-1,14834185664801;adv_z_pre_60s_ask_size_medio_soma;<=;0,5918854631106052;76,62285698672025;B;16340;244;0,014932680538555692;1759;68;1691;0,038658328595793066;0,10764993880048959;2,5888405297346666;0,2786885245901639;0,7184507408395774;1,0;0,7184507408395774;0,025889967637540454;0,05665024630541872;5;57,61004489537706;True;38;231
f89530ea2459ac47;f4e47757b558dfe8;P7A_0003250;3;VENDA;BIVARIADO;2;adv_z_pre_30s_bid_size_medio_soma <= -1.14834185665 E pre_60s_ask_size_medio_soma <= 89.1242462025;adv_z_pre_30s_bid_size_medio_soma|<=|-1.1483418566 && pre_60s_ask_size_medio_soma|<=|89.1242462025;adv_z_pre_30s_bid_size_medio_soma;<=;-1,14834185664801;pre_60s_ask_size_medio_soma;<=;89,12424620246007;76,5843085258798;B;16340;244;0,014932680538555692;1757;68;1689;0,03870233352305066;0,10752753977968177;2,591787417076425;0,2786885245901639;0,7176787764994228;1,0;0,7176787764994228;0,025889967637540454;0,056790123456790124;5;57,60914829648029;True;39;232
2aa4f044c812c37a;fb33edf177e99ed3;P7A_0003251;3;VENDA;BIVARIADO;2;adv_z_pre_30s_bid_size_medio_soma <= -1.14834185665 E adv_z_pre_60s_ask_size_medio_soma <= 0.226722088909;adv_z_pre_30s_bid_size_medio_soma|<=|-1.1483418566 && adv_z_pre_60s_ask_size_medio_soma|<=|0.2267220889;adv_z_pre_30s_bid_size_medio_soma;<=;-1,14834185664801;adv_z_pre_60s_ask_size_medio_soma;<=;0,22672208890913442;76,5843085258798;B;16340;244;0,014932680538555692;1757;68;1689;0,03870233352305066;0,10752753977968177;2,591787417076425;0,2786885245901639;0,7176787764994228;1,0;0,7176787764994228;0,025889967637540454;0,056790123456790124;5;57,60914829648029;True;40;233
5c286fb730b17ae8;8508295184161131;P7A_0003229;3;VENDA;BIVARIADO;2;pre_60s_cobertura_segundos <= 48 E pre_30s_bid_size_medio_soma <= 23.2598528139;pre_30s_bid_size_medio_soma|<=|23.2598528139 && pre_60s_cobertura_segundos|<=|48.0;pre_60s_cobertura_segundos;<=;48,0;pre_30s_bid_size_medio_soma;<=;23,259852813852817;76,6462056302354;B;16340;244;0,014932680538555692;1765;68;1697;0,038526912181303115;0,1080171358629131;2,580039938698741;0,2786885245901639;0,7209141159098402;1,0;0,7209141159098402;0,025889967637540454;0,05623471882640587;5;57,604553414554175;True;41;234
1dfe289ad8c8a83b;26311ed8596517e4;P7A_0003230;3;VENDA;BIVARIADO;2;pre_60s_cobertura_segundos <= 60 E pre_30s_bid_size_medio_soma <= 23.2598528139;pre_30s_bid_size_medio_soma|<=|23.2598528139 && pre_60s_cobertura_segundos|<=|60.0;pre_60s_cobertura_segundos;<=;60,0;pre_30s_bid_size_medio_soma;<=;23,259852813852817;76,6462056302354;B;16340;244;0,014932680538555692;1765;68;1697;0,038526912181303115;0,1080171358629131;2,580039938698741;0,2786885245901639;0,7209141159098402;1,0;0,7209141159098402;0,025889967637540454;0,05623471882640587;5;57,604553414554175;True;42;235
189bbeb3f09608aa;8c1d5f866a2204cf;P7A_0003231;3;VENDA;BIVARIADO;2;adv_z_pre_60s_cobertura_segundos <= -0.15802831593 E pre_30s_bid_size_medio_soma <= 23.2598528139;adv_z_pre_60s_cobertura_segundos|<=|-0.1580283159 && pre_30s_bid_size_medio_soma|<=|23.2598528139;adv_z_pre_60s_cobertura_segundos;<=;-0,1580283159298619;pre_30s_bid_size_medio_soma;<=;23,259852813852817;76,6462056302354;B;16340;244;0,014932680538555692;1765;68;1697;0,038526912181303115;0,1080171358629131;2,580039938698741;0,2786885245901639;0,7209141159098402;1,0;0,7209141159098402;0,025889967637540454;0,05623471882640587;5;57,604553414554175;True;43;236
a723b8a8479dcdb4;7413bbc811bedff2;P7A_0003232;3;VENDA;BIVARIADO;2;adv_z_pre_60s_cobertura_segundos <= 0.721684458206 E pre_30s_bid_size_medio_soma <= 23.2598528139;adv_z_pre_60s_cobertura_segundos|<=|0.7216844582 && pre_30s_bid_size_medio_soma|<=|23.2598528139;adv_z_pre_60s_cobertura_segundos;<=;0,7216844582056892;pre_30s_bid_size_medio_soma;<=;23,259852813852817;76,6462056302354;B;16340;244;0,014932680538555692;1765;68;1697;0,038526912181303115;0,1080171358629131;2,580039938698741;0,2786885245901639;0,7209141159098402;1,0;0,7209141159098402;0,025889967637540454;0,05623471882640587;5;57,604553414554175;True;44;237
7718d57c3857d19b;78b2b5dba8fb98dd;P7A_0003233;3;VENDA;BIVARIADO;2;pre_120s_bid_size_medio_soma <= 221.38822755 E pre_30s_bid_size_medio_soma <= 23.2598528139;pre_120s_bid_size_medio_soma|<=|221.3882275504 && pre_30s_bid_size_medio_soma|<=|23.2598528139;pre_120s_bid_size_medio_soma;<=;221,38822755040587;pre_30s_bid_size_medio_soma;<=;23,259852813852817;76,6462056302354;B;16340;244;0,014932680538555692;1765;68;1697;0,038526912181303115;0,1080171358629131;2,580039938698741;0,2786885245901639;0,7209141159098402;1,0;0,7209141159098402;0,025889967637540454;0,05623471882640587;5;57,604553414554175;True;45;238
78015fb156bd903b;cb2cd1b3c0bc13a0;P7A_0003234;3;VENDA;BIVARIADO;2;adv_z_pre_120s_bid_size_medio_soma <= 1.05574043438 E pre_30s_bid_size_medio_soma <= 23.2598528139;adv_z_pre_120s_bid_size_medio_soma|<=|1.0557404344 && pre_30s_bid_size_medio_soma|<=|23.2598528139;adv_z_pre_120s_bid_size_medio_soma;<=;1,0557404343757937;pre_30s_bid_size_medio_soma;<=;23,259852813852817;76,6462056302354;B;16340;244;0,014932680538555692;1765;68;1697;0,038526912181303115;0,1080171358629131;2,580039938698741;0,2786885245901639;0,7209141159098402;1,0;0,7209141159098402;0,025889967637540454;0,05623471882640587;5;57,604553414554175;True;46;239
a2572560e8d75cac;e31c3332174d4116;P7A_0003235;3;VENDA;BIVARIADO;2;pre_30s_bid_size_medio_soma <= 23.2598528139 E adv_z_pre_30s_bid_size_medio_soma <= -1.14834185665;adv_z_pre_30s_bid_size_medio_soma|<=|-1.1483418566 && pre_30s_bid_size_medio_soma|<=|23.2598528139;pre_30s_bid_size_medio_soma;<=;23,259852813852817;adv_z_pre_30s_bid_size_medio_soma;<=;-1,14834185664801;76,6462056302354;B;16340;244;0,014932680538555692;1765;68;1697;0,038526912181303115;0,1080171358629131;2,580039938698741;0,2786885245901639;0,7209141159098402;1,0;0,7209141159098402;0,025889967637540454;0,05623471882640587;5;57,604553414554175;True;47;240
f29bbdc8edb8c011;12787ff3cc03bee7;P7A_0003236;3;VENDA;BIVARIADO;2;pre_30s_bid_size_medio_soma <= 23.2598528139 E adv_z_pre_30s_bid_size_medio_soma <= -0.220366098278;adv_z_pre_30s_bid_size_medio_soma|<=|-0.2203660983 && pre_30s_bid_size_medio_soma|<=|23.2598528139;pre_30s_bid_size_medio_soma;<=;23,259852813852817;adv_z_pre_30s_bid_size_medio_soma;<=;-0,22036609827793707;76,6462056302354;B;16340;244;0,014932680538555692;1765;68;1697;0,038526912181303115;0,1080171358629131;2,580039938698741;0,2786885245901639;0,7209141159098402;1,0;0,7209141159098402;0,025889967637540454;0,05623471882640587;5;57,604553414554175;True;48;241
8873754a6c08d556;db35ef72fdbb63fe;P7A_0003237;3;VENDA;BIVARIADO;2;pre_30s_bid_size_medio_soma <= 23.2598528139 E adv_z_pre_30s_bid_size_medio_soma <= 0.201739676761;adv_z_pre_30s_bid_size_medio_soma|<=|0.2017396768 && pre_30s_bid_size_medio_soma|<=|23.2598528139;pre_30s_bid_size_medio_soma;<=;23,259852813852817;adv_z_pre_30s_bid_size_medio_soma;<=;0,20173967676122367;76,6462056302354;B;16340;244;0,014932680538555692;1765;68;1697;0,038526912181303115;0,1080171358629131;2,580039938698741;0,2786885245901639;0,7209141159098402;1,0;0,7209141159098402;0,025889967637540454;0,05623471882640587;5;57,604553414554175;True;49;242
fe66b403c7d615be;4a01be66bd06e01c;P7A_0003238;3;VENDA;BIVARIADO;2;pre_30s_bid_size_medio_soma <= 23.2598528139 E adv_z_pre_30s_bid_size_medio_soma <= 0.56051039431;adv_z_pre_30s_bid_size_medio_soma|<=|0.5605103943 && pre_30s_bid_size_medio_soma|<=|23.2598528139;pre_30s_bid_size_medio_soma;<=;23,259852813852817;adv_z_pre_30s_bid_size_medio_soma;<=;0,5605103943104819;76,6462056302354;B;16340;244;0,014932680538555692;1765;68;1697;0,038526912181303115;0,1080171358629131;2,580039938698741;0,2786885245901639;0,7209141159098402;1,0;0,7209141159098402;0,025889967637540454;0,05623471882640587;5;57,604553414554175;True;50;243
8abbf7937dc1753d;30c9346f22c1b5c4;P7A_0003239;3;VENDA;BIVARIADO;2;pre_30s_bid_size_medio_soma <= 23.2598528139 E adv_z_pre_30s_bid_size_medio_soma <= 1.01428011335;adv_z_pre_30s_bid_size_medio_soma|<=|1.0142801134 && pre_30s_bid_size_medio_soma|<=|23.2598528139;pre_30s_bid_size_medio_soma;<=;23,259852813852817;adv_z_pre_30s_bid_size_medio_soma;<=;1,0142801133516743;76,6462056302354;B;16340;244;0,014932680538555692;1765;68;1697;0,038526912181303115;0,1080171358629131;2,580039938698741;0,2786885245901639;0,7209141159098402;1,0;0,7209141159098402;0,025889967637540454;0,05623471882640587;5;57,604553414554175;True;51;244
a3e8ca2781f23c7b;dc1c7d79e81dac33;P7A_0003240;3;VENDA;BIVARIADO;2;pre_30s_bid_size_medio_soma <= 23.2598528139 E pre_120s_ticks_total <= 3769;pre_120s_ticks_total|<=|3769.0 && pre_30s_bid_size_medio_soma|<=|23.2598528139;pre_30s_bid_size_medio_soma;<=;23,259852813852817;pre_120s_ticks_total;<=;3769,0;76,6462056302354;B;16340;244;0,014932680538555692;1765;68;1697;0,038526912181303115;0,1080171358629131;2,580039938698741;0,2786885245901639;0,7209141159098402;1,0;0,7209141159098402;0,025889967637540454;0,05623471882640587;5;57,604553414554175;True;52;245
bcd951f96260ad4d;b6bb5bd1abed9774;P7A_0003241;3;VENDA;BIVARIADO;2;pre_30s_bid_size_medio_soma <= 23.2598528139 E pre_120s_ticks_total <= 5608;pre_120s_ticks_total|<=|5608.0 && pre_30s_bid_size_medio_soma|<=|23.2598528139;pre_30s_bid_size_medio_soma;<=;23,259852813852817;pre_120s_ticks_total;<=;5608,0;76,6462056302354;B;16340;244;0,014932680538555692;1765;68;1697;0,038526912181303115;0,1080171358629131;2,580039938698741;0,2786885245901639;0,7209141159098402;1,0;0,7209141159098402;0,025889967637540454;0,05623471882640587;5;57,604553414554175;True;53;246
428860eadf44d1fb;76444e3ce7ae2250;P7A_0003242;3;VENDA;BIVARIADO;2;pre_30s_bid_size_medio_soma <= 23.2598528139 E adv_z_pre_120s_ticks_total <= 0.382890489769;adv_z_pre_120s_ticks_total|<=|0.3828904898 && pre_30s_bid_size_medio_soma|<=|23.2598528139;pre_30s_bid_size_medio_soma;<=;23,259852813852817;adv_z_pre_120s_ticks_total;<=;0,382890489768582;76,6462056302354;B;16340;244;0,014932680538555692;1765;68;1697;0,038526912181303115;0,1080171358629131;2,580039938698741;0,2786885245901639;0,7209141159098402;1,0;0,7209141159098402;0,025889967637540454;0,05623471882640587;5;57,604553414554175;True;54;247
c66065bbb1335bcb;ae56fc9058c64ef4;P7A_0003243;3;VENDA;BIVARIADO;2;pre_30s_bid_size_medio_soma <= 23.2598528139 E adv_z_pre_120s_ticks_total <= 0.975845151866;adv_z_pre_120s_ticks_total|<=|0.9758451519 && pre_30s_bid_size_medio_soma|<=|23.2598528139;pre_30s_bid_size_medio_soma;<=;23,259852813852817;adv_z_pre_120s_ticks_total;<=;0,975845151866139;76,6462056302354;B;16340;244;0,014932680538555692;1765;68;1697;0,038526912181303115;0,1080171358629131;2,580039938698741;0,2786885245901639;0,7209141159098402;1,0;0,7209141159098402;0,025889967637540454;0,05623471882640587;5;57,604553414554175;True;55;248
6a94630b0006a74f;1a29b04398cc33db;P7A_0003244;3;VENDA;BIVARIADO;2;pre_30s_bid_size_medio_soma <= 23.2598528139 E pre_15s_cobertura_pct <= 1;pre_15s_cobertura_pct|<=|1.0 && pre_30s_bid_size_medio_soma|<=|23.2598528139;pre_30s_bid_size_medio_soma;<=;23,259852813852817;pre_15s_cobertura_pct;<=;1,0;76,6462056302354;B;16340;244;0,014932680538555692;1765;68;1697;0,038526912181303115;0,1080171358629131;2,580039938698741;0,2786885245901639;0,7209141159098402;1,0;0,7209141159098402;0,025889967637540454;0,05623471882640587;5;57,604553414554175;True;56;249
9927bbd122bdc3ae;6972d235983003ba;P7A_0003245;3;VENDA;BIVARIADO;2;pre_30s_bid_size_medio_soma <= 23.2598528139 E adv_z_pre_15s_cobertura_pct <= 0.663725833062;adv_z_pre_15s_cobertura_pct|<=|0.6637258331 && pre_30s_bid_size_medio_soma|<=|23.2598528139;pre_30s_bid_size_medio_soma;<=;23,259852813852817;adv_z_pre_15s_cobertura_pct;<=;0,6637258330622307;76,6462056302354;B;16340;244;0,014932680538555692;1765;68;1697;0,038526912181303115;0,1080171358629131;2,580039938698741;0,2786885245901639;0,7209141159098402;1,0;0,7209141159098402;0,025889967637540454;0,05623471882640587;5;57,604553414554175;True;57;250
832addc81525d501;244d2cb0128946ec;P7A_0003246;3;VENDA;BIVARIADO;2;pre_30s_bid_size_medio_soma <= 23.2598528139 E adv_z_pre_15s_bid_size_medio_soma <= 0.523023024822;adv_z_pre_15s_bid_size_medio_soma|<=|0.5230230248 && pre_30s_bid_size_medio_soma|<=|23.2598528139;pre_30s_bid_size_medio_soma;<=;23,259852813852817;adv_z_pre_15s_bid_size_medio_soma;<=;0,5230230248222918;76,6462056302354;B;16340;244;0,014932680538555692;1765;68;1697;0,038526912181303115;0,1080171358629131;2,580039938698741;0,2786885245901639;0,7209141159098402;1,0;0,7209141159098402;0,025889967637540454;0,05623471882640587;5;57,604553414554175;True;58;251
1f0b5f6f01758e80;c6e5a2e58197de9b;P7A_0003247;3;VENDA;BIVARIADO;2;pre_30s_bid_size_medio_soma <= 23.2598528139 E adv_z_pre_15s_bid_size_medio_soma <= 0.979840750936;adv_z_pre_15s_bid_size_medio_soma|<=|0.9798407509 && pre_30s_bid_size_medio_soma|<=|23.2598528139;pre_30s_bid_size_medio_soma;<=;23,259852813852817;adv_z_pre_15s_bid_size_medio_soma;<=;0,9798407509356817;76,6462056302354;B;16340;244;0,014932680538555692;1765;68;1697;0,038526912181303115;0,1080171358629131;2,580039938698741;0,2786885245901639;0,7209141159098402;1,0;0,7209141159098402;0,025889967637540454;0,05623471882640587;5;57,604553414554175;True;59;252
7616becd089ec1d8;e9370eda40d9067d;P7A_0003224;3;VENDA;BIVARIADO;2;adv_z_pre_60s_bid_size_medio_soma <= 0.585791032021 E adv_z_pre_30s_bid_size_medio_soma <= -1.14834185665;adv_z_pre_30s_bid_size_medio_soma|<=|-1.1483418566 && adv_z_pre_60s_bid_size_medio_soma|<=|0.585791032;adv_z_pre_60s_bid_size_medio_soma;<=;0,5857910320210975;adv_z_pre_30s_bid_size_medio_soma;<=;-1,14834185664801;76,65763209078541;B;16340;244;0,014932680538555692;1766;68;1698;0,03850509626274066;0,10807833537331701;2,5785789874310754;0,2786885245901639;0,7210809662663582;1,0;0,7210809662663582;0,025974025974025976;0,05623471882640587;5;57,600190322821554;True;60;253
dda8e2630414ca1b;fda613f6b99cb6d2;P7A_0005697;4;COMPRA;BIVARIADO;2;adv_ratio_range_pontos_15s_60s > 0.820512820512 E adv_ratio_volatilidade_close_pontos_15s_60s > 0.917525524778;adv_ratio_range_pontos_15s_60s|>|0.8205128205 && adv_ratio_volatilidade_close_pontos_15s_60s|>|0.9175255248;adv_ratio_range_pontos_15s_60s;>;0,8205128205119789;adv_ratio_volatilidade_close_pontos_15s_60s;>;0,9175255247781825;78,92525240218822;B;3277;116;0,035398230088495575;285;26;259;0,0912280701754386;0,0869697894415624;2,5771929824561406;0,22413793103448276;0,6109018441596412;1,0;0,6109018441596412;0,047619047619047616;0,1506849315068493;5;58,95860897635754;True;1;139
93bec61a05e16d75;cd7344a055877fea;P7A_0006156;4;COMPRA;BIVARIADO;2;adv_ratio_range_pontos_15s_60s > 0.820512820512 E pre_60s_ticks_incremento_media <= 310.260606061;adv_ratio_range_pontos_15s_60s|>|0.8205128205 && pre_60s_ticks_incremento_media|<=|310.2606060606;adv_ratio_range_pontos_15s_60s;>;0,8205128205119789;pre_60s_ticks_incremento_media;<=;310,26060606060616;79,23386650734358;B;3277;116;0,035398230088495575;310;25;285;0,08064516129032258;0,09459871833994507;2,278225806451613;0,21551724137931033;0,6278481745080048;1,0;0,6278481745080048;0,05;0,13333333333333333;5;57,88967194647464;True;2;196
94a29ebf8cdc3f6a;36ad10b9d205b4a1;P7A_0006157;4;COMPRA;BIVARIADO;2;adv_ratio_range_pontos_15s_60s > 0.820512820512 E adv_z_pre_60s_ticks_incremento_media <= 0.479128600408;adv_ratio_range_pontos_15s_60s|>|0.8205128205 && adv_z_pre_60s_ticks_incremento_media|<=|0.4791286004;adv_ratio_range_pontos_15s_60s;>;0,8205128205119789;adv_z_pre_60s_ticks_incremento_media;<=;0,47912860040750316;79,23386650734358;B;3277;116;0,035398230088495575;310;25;285;0,08064516129032258;0,09459871833994507;2,278225806451613;0,21551724137931033;0,6278481745080048;1,0;0,6278481745080048;0,05;0,13333333333333333;5;57,88967194647464;True;3;197
5e76713a4d267fc2;bbf7818922ecdd9f;P7A_0005827;4;COMPRA;BIVARIADO;2;adv_ratio_range_pontos_15s_60s > 0.820512820512 E adv_ratio_volatilidade_close_pontos_15s_60s > 0.723015913613;adv_ratio_range_pontos_15s_60s|>|0.8205128205 && adv_ratio_volatilidade_close_pontos_15s_60s|>|0.7230159136;adv_ratio_range_pontos_15s_60s;>;0,8205128205119789;adv_ratio_volatilidade_close_pontos_15s_60s;>;0,7230159136131564;79,15042702986109;B;3277;116;0,035398230088495575;316;26;290;0,08227848101265822;0,09642966127555691;2,3243670886075947;0,22413793103448276;0,5791940738273895;1,0;0,5791940738273895;0,04225352112676056;0,14285714285714285;5;57,5826566681592;True;4;254
81add9abf92278f2;d389b1da672816a8;P7A_0006766;4;COMPRA;BIVARIADO;2;adv_ratio_range_pontos_15s_60s > 0.820512820512 E pre_120s_ask_size_medio_soma > 74.3088522589;adv_ratio_range_pontos_15s_60s|>|0.8205128205 && pre_120s_ask_size_medio_soma|>|74.3088522589;adv_ratio_range_pontos_15s_60s;>;0,8205128205119789;pre_120s_ask_size_medio_soma;>;74,30885225885227;78,6810818749682;B;3277;116;0,035398230088495575;294;25;269;0,08503401360544217;0,08971620384498016;2,4022108843537415;0,21551724137931033;0,5888313107564538;1,0;0,5888313107564538;0,05660377358490566;0,14666666666666667;5;57,49994853760635;True;5;259
b196be7918f8f85e;980ade0b71c32e25;P7A_0006767;4;COMPRA;BIVARIADO;2;adv_ratio_range_pontos_15s_60s > 0.820512820512 E adv_z_pre_120s_ask_size_medio_soma > -1.61507465978;adv_ratio_range_pontos_15s_60s|>|0.8205128205 && adv_z_pre_120s_ask_size_medio_soma|>|-1.6150746598;adv_ratio_range_pontos_15s_60s;>;0,8205128205119789;adv_z_pre_120s_ask_size_medio_soma;>;-1,6150746597811574;78,6810818749682;B;3277;116;0,035398230088495575;294;25;269;0,08503401360544217;0,08971620384498016;2,4022108843537415;0,21551724137931033;0,5888313107564538;1,0;0,5888313107564538;0,05660377358490566;0,14666666666666667;5;57,49994853760635;True;6;260
7afd0edddc52a19a;f678a1506e1994d9;P7A_0006819;4;COMPRA;BIVARIADO;2;adv_ratio_range_pontos_15s_60s > 0.820512820512 E pre_120s_ticks_total <= 5699.6;adv_ratio_range_pontos_15s_60s|>|0.8205128205 && pre_120s_ticks_total|<=|5699.6;adv_ratio_range_pontos_15s_60s;>;0,8205128205119789;pre_120s_ticks_total;<=;5699,600000000002;78,10457612671505;B;3277;116;0,035398230088495575;317;26;291;0,08201892744479496;0,09673481843149222;2,3170347003154577;0,22413793103448276;0,560250130555449;1,0;0,560250130555449;0,043478260869565216;0,14666666666666667;5;57,095723913597055;True;7;265
2c29dc1ac8cb47f1;7d5652ae6a42c559;P7A_0006820;4;COMPRA;BIVARIADO;2;adv_ratio_range_pontos_15s_60s > 0.820512820512 E adv_z_pre_120s_ticks_total <= 1.00604131964;adv_ratio_range_pontos_15s_60s|>|0.8205128205 && adv_z_pre_120s_ticks_total|<=|1.0060413196;adv_ratio_range_pontos_15s_60s;>;0,8205128205119789;adv_z_pre_120s_ticks_total;<=;1,0060413196421634;78,10457612671505;B;3277;116;0,035398230088495575;317;26;291;0,08201892744479496;0,09673481843149222;2,3170347003154577;0,22413793103448276;0,560250130555449;1,0;0,560250130555449;0,043478260869565216;0,14666666666666667;5;57,095723913597055;True;8;266
e64926f49aa509df;65632746d67b475e;P7A_0005886;4;COMPRA;BIVARIADO;2;adv_ratio_range_pontos_15s_60s > 0.820512820512 E adv_ratio_volatilidade_close_pontos_15s_60s > 0.548921299091;adv_ratio_range_pontos_15s_60s|>|0.8205128205 && adv_ratio_volatilidade_close_pontos_15s_60s|>|0.5489212991;adv_ratio_range_pontos_15s_60s;>;0,8205128205119789;adv_ratio_volatilidade_close_pontos_15s_60s;>;0,548921299091041;78,91280711171866;B;3277;116;0,035398230088495575;332;26;306;0,0783132530120482;0,10131217577052182;2,2123493975903616;0,22413793103448276;0,5568940875751466;1,0;0,5568940875751466;0,0410958904109589;0,14102564102564102;5;56,70949388357413;True;9;267
f3c3d3f5f3c45471;474f0e4327364b6f;P7A_0006546;4;COMPRA;BIVARIADO;2;adv_ratio_range_pontos_15s_60s > 0.820512820512 E pre_120s_volume_incremento_soma <= 4306.6;adv_ratio_range_pontos_15s_60s|>|0.8205128205 && pre_120s_volume_incremento_soma|<=|4306.6;adv_ratio_range_pontos_15s_60s;>;0,8205128205119789;pre_120s_volume_incremento_soma;<=;4306,600000000002;77,80427706216815;B;3277;116;0,035398230088495575;311;22;289;0,0707395498392283;0,09490387549588038;1,9983922829581995;0,1896551724137931;0,7044446741163151;1,0;0,7044446741163151;0,0410958904109589;0,1044776119402985;5;56,542100377268234;True;10;268
67b36ede9fc9c236;b5c281c64e936543;P7A_0006547;4;COMPRA;BIVARIADO;2;adv_ratio_range_pontos_15s_60s > 0.820512820512 E adv_z_pre_120s_volume_incremento_soma <= 1.61286472683;adv_ratio_range_pontos_15s_60s|>|0.8205128205 && adv_z_pre_120s_volume_incremento_soma|<=|1.6128647268;adv_ratio_range_pontos_15s_60s;>;0,8205128205119789;adv_z_pre_120s_volume_incremento_soma;<=;1,612864726832671;77,80427706216815;B;3277;116;0,035398230088495575;311;22;289;0,0707395498392283;0,09490387549588038;1,9983922829581995;0,1896551724137931;0,7044446741163151;1,0;0,7044446741163151;0,0410958904109589;0,1044776119402985;5;56,542100377268234;True;11;269
8ee2f61151c402d5;2dedcfab9edb7cca;P7A_0006239;4;COMPRA;BIVARIADO;2;adv_ratio_range_pontos_15s_60s > 0.820512820512 E pre_120s_ticks_max_s <= 317;adv_ratio_range_pontos_15s_60s|>|0.8205128205 && pre_120s_ticks_max_s|<=|317.0;adv_ratio_range_pontos_15s_60s;>;0,8205128205119789;pre_120s_ticks_max_s;<=;317,0;75,97732671554364;B;3277;116;0,035398230088495575;300;21;279;0,07;0,091547146780592;1,9775000000000003;0,1810344827586207;0,7644993077461246;1,0;0,7644993077461246;0,046875;0,09523809523809523;5;56,49363700264468;True;12;270
e09e6475a60733ce;76ff783e33443423;P7A_0006240;4;COMPRA;BIVARIADO;2;adv_ratio_range_pontos_15s_60s > 0.820512820512 E adv_z_pre_120s_ticks_max_s <= 2.00884241847;adv_ratio_range_pontos_15s_60s|>|0.8205128205 && adv_z_pre_120s_ticks_max_s|<=|2.0088424185;adv_ratio_range_pontos_15s_60s;>;0,8205128205119789;adv_z_pre_120s_ticks_max_s;<=;2,0088424184660627;75,97732671554364;B;3277;116;0,035398230088495575;300;21;279;0,07;0,091547146780592;1,9775000000000003;0,1810344827586207;0,7644993077461246;1,0;0,7644993077461246;0,046875;0,09523809523809523;5;56,49363700264468;True;13;271
44c4db5e7fc32a61;73653d7b8431cb8f;P7A_0007839;4;COMPRA;BIVARIADO;2;adv_ratio_range_pontos_15s_60s > 0.820512820512 E pre_30s_bid_size_medio_soma > 15.7166666667;adv_ratio_range_pontos_15s_60s|>|0.8205128205 && pre_30s_bid_size_medio_soma|>|15.7166666667;adv_ratio_range_pontos_15s_60s;>;0,8205128205119789;pre_30s_bid_size_medio_soma;>;15,716666666666667;77,92201098851959;B;3277;116;0,035398230088495575;302;25;277;0,08278145695364239;0,09215746109246262;2,3385761589403975;0,21551724137931033;0,5288582937856535;1,0;0,5288582937856535;0,05172413793103448;0,15492957746478872;5;56,127109558168684;True;14;274
3ea0f6fae87c2c76;af19e08af77de4c4;P7A_0007840;4;COMPRA;BIVARIADO;2;adv_ratio_range_pontos_15s_60s > 0.820512820512 E adv_z_pre_30s_bid_size_medio_soma > -1.63071441685;adv_ratio_range_pontos_15s_60s|>|0.8205128205 && adv_z_pre_30s_bid_size_medio_soma|>|-1.6307144168;adv_ratio_range_pontos_15s_60s;>;0,8205128205119789;adv_z_pre_30s_bid_size_medio_soma;>;-1,6307144168453929;77,92201098851959;B;3277;116;0,035398230088495575;302;25;277;0,08278145695364239;0,09215746109246262;2,3385761589403975;0,21551724137931033;0,5288582937856535;1,0;0,5288582937856535;0,05172413793103448;0,15492957746478872;5;56,127109558168684;True;15;275
476e2d2ae42680c4;bec14ee1f69c2836;P7A_0006044;4;COMPRA;BIVARIADO;2;adv_ratio_range_pontos_15s_60s > 0.820512820512 E pre_15s_agressor_venda > 6;adv_ratio_range_pontos_15s_60s|>|0.8205128205 && pre_15s_agressor_venda|>|6.0;adv_ratio_range_pontos_15s_60s;>;0,8205128205119789;pre_15s_agressor_venda;>;6,0;78,40125947411022;B;3277;116;0,035398230088495575;333;26;307;0,07807807807807808;0,10161733292645712;2,205705705705706;0,22413793103448276;0,5278347074525651;1,0;0,5278347074525651;0,039473684210526314;0,14666666666666667;5;56,07334003520356;True;16;276
3205c6fbdb7a5aad;85e1fec6d199e1b1;P7A_0006045;4;COMPRA;BIVARIADO;2;adv_ratio_range_pontos_15s_60s > 0.820512820512 E adv_z_pre_15s_agressor_venda > -0.670322565879;adv_ratio_range_pontos_15s_60s|>|0.8205128205 && adv_z_pre_15s_agressor_venda|>|-0.6703225659;adv_ratio_range_pontos_15s_60s;>;0,8205128205119789;adv_z_pre_15s_agressor_venda;>;-0,6703225658788635;78,40125947411022;B;3277;116;0,035398230088495575;333;26;307;0,07807807807807808;0,10161733292645712;2,205705705705706;0,22413793103448276;0,5278347074525651;1,0;0,5278347074525651;0,039473684210526314;0,14666666666666667;5;56,07334003520356;True;17;277
8822c61653bdbc72;d04a9a971dd5b717;P7A_0006561;4;COMPRA;BIVARIADO;2;adv_ratio_range_pontos_15s_60s > 0.820512820512 E pre_15s_cobertura_pct > 0.333333;adv_ratio_range_pontos_15s_60s|>|0.8205128205 && pre_15s_cobertura_pct|>|0.333333;adv_ratio_range_pontos_15s_60s;>;0,8205128205119789;pre_15s_cobertura_pct;>;0,333333;78,35998278692351;B;3277;116;0,035398230088495575;312;25;287;0,08012820512820513;0,09520903265181568;2,263621794871795;0,21551724137931033;0,52428883027321;1,0;0,52428883027321;0,04838709677419355;0,1506849315068493;5;55,880331224916915;True;18;281
0375d57a784c1ab0;25147d43fdda5ee0;P7A_0006562;4;COMPRA;BIVARIADO;2;adv_ratio_range_pontos_15s_60s > 0.820512820512 E adv_z_pre_15s_cobertura_pct > -2.19508247371;adv_ratio_range_pontos_15s_60s|>|0.8205128205 && adv_z_pre_15s_cobertura_pct|>|-2.1950824737;adv_ratio_range_pontos_15s_60s;>;0,8205128205119789;adv_z_pre_15s_cobertura_pct;>;-2,195082473708966;78,35998278692351;B;3277;116;0,035398230088495575;312;25;287;0,08012820512820513;0,09520903265181568;2,263621794871795;0,21551724137931033;0,52428883027321;1,0;0,52428883027321;0,04838709677419355;0,1506849315068493;5;55,880331224916915;True;19;282
39627aa0ab0b27f6;f59ddd0b02658417;P7A_0005926;4;COMPRA;BIVARIADO;2;adv_ratio_range_pontos_15s_60s > 0.820512820512 E pre_15s_cobertura_pct <= 1;adv_ratio_range_pontos_15s_60s|>|0.8205128205 && pre_15s_cobertura_pct|<=|1.0;adv_ratio_range_pontos_15s_60s;>;0,8205128205119789;pre_15s_cobertura_pct;<=;1,0;78,72086729321498;B;3277;116;0,035398230088495575;346;26;320;0,07514450867052024;0,10558437595361611;2,1228323699421967;0,22413793103448276;0,5374476030638093;1,0;0,5374476030638093;0,0379746835443038;0,13924050632911392;5;55,6398287530704;True;20;283
696aed7f812c244b;64ecd7375ecd8463;P7A_0005927;4;COMPRA;BIVARIADO;2;adv_ratio_range_pontos_15s_60s > 0.820512820512 E adv_z_pre_15s_cobertura_pct <= 0.663725833062;adv_ratio_range_pontos_15s_60s|>|0.8205128205 && adv_z_pre_15s_cobertura_pct|<=|0.6637258331;adv_ratio_range_pontos_15s_60s;>;0,8205128205119789;adv_z_pre_15s_cobertura_pct;<=;0,6637258330622307;78,72086729321498;B;3277;116;0,035398230088495575;346;26;320;0,07514450867052024;0,10558437595361611;2,1228323699421967;0,22413793103448276;0,5374476030638093;1,0;0,5374476030638093;0,0379746835443038;0,13924050632911392;5;55,6398287530704;True;21;284
bfc5cf1eb53d5bce;8eaf167496409f60;P7A_0005928;4;COMPRA;BIVARIADO;2;adv_ratio_range_pontos_15s_60s > 0.820512820512 E pre_60s_cobertura_segundos <= 60;adv_ratio_range_pontos_15s_60s|>|0.8205128205 && pre_60s_cobertura_segundos|<=|60.0;adv_ratio_range_pontos_15s_60s;>;0,8205128205119789;pre_60s_cobertura_segundos;<=;60,0;78,72086729321498;B;3277;116;0,035398230088495575;346;26;320;0,07514450867052024;0,10558437595361611;2,1228323699421967;0,22413793103448276;0,5374476030638093;1,0;0,5374476030638093;0,0379746835443038;0,13924050632911392;5;55,6398287530704;True;22;285
72d5ed84709622a0;bb13d2a7aa3b55c7;P7A_0005929;4;COMPRA;BIVARIADO;2;adv_ratio_range_pontos_15s_60s > 0.820512820512 E adv_z_pre_60s_cobertura_segundos <= 0.721684458206;adv_ratio_range_pontos_15s_60s|>|0.8205128205 && adv_z_pre_60s_cobertura_segundos|<=|0.7216844582;adv_ratio_range_pontos_15s_60s;>;0,8205128205119789;adv_z_pre_60s_cobertura_segundos;<=;0,7216844582056892;78,72086729321498;B;3277;116;0,035398230088495575;346;26;320;0,07514450867052024;0,10558437595361611;2,1228323699421967;0,22413793103448276;0,5374476030638093;1,0;0,5374476030638093;0,0379746835443038;0,13924050632911392;5;55,6398287530704;True;23;286
3be7eb835f441720;b025463f2db9b2de;P7A_0006610;4;COMPRA;BIVARIADO;2;adv_ratio_range_pontos_15s_60s > 0.820512820512 E pre_120s_ticks_total <= 2032;adv_ratio_range_pontos_15s_60s|>|0.8205128205 && pre_120s_ticks_total|<=|2032.0;adv_ratio_range_pontos_15s_60s;>;0,8205128205119789;pre_120s_ticks_total;<=;2032,0;78,39290933722995;B;3277;116;0,035398230088495575;260;18;242;0,06923076923076923;0,07934086054317974;1,955769230769231;0,15517241379310345;0,843500489059315;1,0;0,843500489059315;0,057692307692307696;0,09090909090909091;5;55,53718850967174;True;24;287
f9cad50eace2c67c;7e6ee6815a46ae74;P7A_0006611;4;COMPRA;BIVARIADO;2;adv_ratio_range_pontos_15s_60s > 0.820512820512 E adv_z_pre_120s_ticks_total <= -0.17715809206;adv_ratio_range_pontos_15s_60s|>|0.8205128205 && adv_z_pre_120s_ticks_total|<=|-0.1771580921;adv_ratio_range_pontos_15s_60s;>;0,8205128205119789;adv_z_pre_120s_ticks_total;<=;-0,17715809206023134;78,39290933722995;B;3277;116;0,035398230088495575;260;18;242;0,06923076923076923;0,07934086054317974;1,955769230769231;0,15517241379310345;0,843500489059315;1,0;0,843500489059315;0,057692307692307696;0,09090909090909091;5;55,53718850967174;True;25;288
12783847c12fb741;9f770612b9d51552;P7A_0005925;4;COMPRA;UNIVARIADO;1;adv_ratio_range_pontos_15s_60s > 0.820512820512;adv_ratio_range_pontos_15s_60s|>|0.8205128205;adv_ratio_range_pontos_15s_60s;>;0,8205128205119789;;;;76,72086729321498;B;3277;116;0,035398230088495575;346;26;320;0,07514450867052024;0,10558437595361611;2,1228323699421967;0,22413793103448276;0,5374476030638093;1,0;0,5374476030638093;0,0379746835443038;0,13924050632911392;5;55,3998287530704;True;26;293
b57f1d26ea570c07;a44197d8e2812883;P7A_0006889;4;COMPRA;BIVARIADO;2;adv_ratio_range_pontos_15s_60s > 0.820512820512 E pre_15s_agressor_compra > 6;adv_ratio_range_pontos_15s_60s|>|0.8205128205 && pre_15s_agressor_compra|>|6.0;adv_ratio_range_pontos_15s_60s;>;0,8205128205119789;pre_15s_agressor_compra;>;6,0;78,04710945908687;B;3277;116;0,035398230088495575;306;25;281;0,08169934640522876;0,09337808971620384;2,3080065359477127;0,21551724137931033;0,490217526543946;1,0;0,490217526543946;0,030303030303030304;0,15492957746478872;5;55,35517903024204;True;27;294
6562ffa1fa78151d;1e7c9041eab36995;P7A_0006890;4;COMPRA;BIVARIADO;2;adv_ratio_range_pontos_15s_60s > 0.820512820512 E adv_z_pre_15s_agressor_compra > -0.685831316376;adv_ratio_range_pontos_15s_60s|>|0.8205128205 && adv_z_pre_15s_agressor_compra|>|-0.6858313164;adv_ratio_range_pontos_15s_60s;>;0,8205128205119789;adv_z_pre_15s_agressor_compra;>;-0,6858313163764299;78,04710945908687;B;3277;116;0,035398230088495575;306;25;281;0,08169934640522876;0,09337808971620384;2,3080065359477127;0,21551724137931033;0,490217526543946;1,0;0,490217526543946;0,030303030303030304;0,15492957746478872;5;55,35517903024204;True;28;295
adc56adc38bc7799;64f7be04f486cc39;P7A_0005880;4;COMPRA;BIVARIADO;2;adv_ratio_volatilidade_close_pontos_15s_60s > 1.10138983359 E pre_60s_bid_size_medio_soma <= 70.8283189033;adv_ratio_volatilidade_close_pontos_15s_60s|>|1.1013898336 && pre_60s_bid_size_medio_soma|<=|70.8283189033;adv_ratio_volatilidade_close_pontos_15s_60s;>;1,1013898335868393;pre_60s_bid_size_medio_soma;<=;70,82831890331889;81,82056677106002;B;3277;116;0,035398230088495575;417;25;392;0,05995203836930456;0,1272505340250229;1,6936450839328538;0,21551724137931033;0,6839899491399445;1,0;0,6839899491399445;0,03125;0,08139534883720931;5;55,30974353189833;True;29;296
bba6cadfb1e10e57;faa6910baad04046;P7A_0005881;4;COMPRA;BIVARIADO;2;adv_ratio_volatilidade_close_pontos_15s_60s > 1.10138983359 E adv_z_pre_60s_bid_size_medio_soma <= -0.389523964297;adv_ratio_volatilidade_close_pontos_15s_60s|>|1.1013898336 && adv_z_pre_60s_bid_size_medio_soma|<=|-0.3895239643;adv_ratio_volatilidade_close_pontos_15s_60s;>;1,1013898335868393;adv_z_pre_60s_bid_size_medio_soma;<=;-0,3895239642973499;81,82056677106002;B;3277;116;0,035398230088495575;417;25;392;0,05995203836930456;0,1272505340250229;1,6936450839328538;0,21551724137931033;0,6839899491399445;1,0;0,6839899491399445;0,03125;0,08139534883720931;5;55,30974353189833;True;30;297
604dfd71a6572f7a;23d13390a14efb9f;P7A_0007161;4;COMPRA;BIVARIADO;2;adv_ratio_range_pontos_15s_60s > 0.820512820512 E pre_30s_ticks_max_s > 8;adv_ratio_range_pontos_15s_60s|>|0.8205128205 && pre_30s_ticks_max_s|>|8.0;adv_ratio_range_pontos_15s_60s;>;0,8205128205119789;pre_30s_ticks_max_s;>;8,0;77,85649676015913;B;3277;116;0,035398230088495575;316;25;291;0,07911392405063292;0,09642966127555691;2,23496835443038;0,21551724137931033;0,48969882315708424;1,0;0,48969882315708424;0,02666666666666667;0,1506849315068493;5;55,12079541824425;True;31;298
2fad13db1401691b;c7e409676a36ecd0;P7A_0007162;4;COMPRA;BIVARIADO;2;adv_ratio_range_pontos_15s_60s > 0.820512820512 E adv_z_pre_30s_ticks_max_s > -0.805881638478;adv_ratio_range_pontos_15s_60s|>|0.8205128205 && adv_z_pre_30s_ticks_max_s|>|-0.8058816385;adv_ratio_range_pontos_15s_60s;>;0,8205128205119789;adv_z_pre_30s_ticks_max_s;>;-0,8058816384781304;77,85649676015913;B;3277;116;0,035398230088495575;316;25;291;0,07911392405063292;0,09642966127555691;2,23496835443038;0,21551724137931033;0,48969882315708424;1,0;0,48969882315708424;0,02666666666666667;0,1506849315068493;5;55,12079541824425;True;32;299
1bed22f64f136dfc;7030b9edbda61515;P7A_0006789;4;COMPRA;BIVARIADO;2;adv_ratio_range_pontos_15s_60s > 0.820512820512 E pre_15s_ticks_max_s > 6;adv_ratio_range_pontos_15s_60s|>|0.8205128205 && pre_15s_ticks_max_s|>|6.0;adv_ratio_range_pontos_15s_60s;>;0,8205128205119789;pre_15s_ticks_max_s;>;6,0;78,12982934077928;B;3277;116;0,035398230088495575;320;25;295;0,078125;0,09765028989929814;2,20703125;0,21551724137931033;0,49023343736589386;1,0;0,49023343736589386;0,02666666666666667;0,14864864864864866;5;55,092295348062045;True;33;300
5f4e296392196f85;a0ca6ae1b0bd2ead;P7A_0006790;4;COMPRA;BIVARIADO;2;adv_ratio_range_pontos_15s_60s > 0.820512820512 E adv_z_pre_15s_ticks_max_s > -0.753960401911;adv_ratio_range_pontos_15s_60s|>|0.8205128205 && adv_z_pre_15s_ticks_max_s|>|-0.7539604019;adv_ratio_range_pontos_15s_60s;>;0,8205128205119789;adv_z_pre_15s_ticks_max_s;>;-0,7539604019106257;78,12982934077928;B;3277;116;0,035398230088495575;320;25;295;0,078125;0,09765028989929814;2,20703125;0,21551724137931033;0,49023343736589386;1,0;0,49023343736589386;0,02666666666666667;0,14864864864864866;5;55,092295348062045;True;34;301
d524bafaa9cc1e0c;949a5447b4e0653d;P7A_0007099;4;COMPRA;BIVARIADO;2;adv_ratio_range_pontos_15s_60s > 0.820512820512 E pre_30s_trades_incremento_soma > 15;adv_ratio_range_pontos_15s_60s|>|0.8205128205 && pre_30s_trades_incremento_soma|>|15.0;adv_ratio_range_pontos_15s_60s;>;0,8205128205119789;pre_30s_trades_incremento_soma;>;15,0;77,90594092859702;B;3277;116;0,035398230088495575;313;25;288;0,07987220447284345;0,09551418980775099;2,2563897763578273;0,21551724137931033;0,47548151514848125;1,0;0,47548151514848125;0,030303030303030304;0,15492957746478872;5;54,92765591098118;True;35;302
46432cc85825af92;9d9c41e054722d0e;P7A_0007100;4;COMPRA;BIVARIADO;2;adv_ratio_range_pontos_15s_60s > 0.820512820512 E adv_z_pre_30s_trades_incremento_soma > -0.821547507519;adv_ratio_range_pontos_15s_60s|>|0.8205128205 && adv_z_pre_30s_trades_incremento_soma|>|-0.8215475075;adv_ratio_range_pontos_15s_60s;>;0,8205128205119789;adv_z_pre_30s_trades_incremento_soma;>;-0,8215475075185504;77,90594092859702;B;3277;116;0,035398230088495575;313;25;288;0,07987220447284345;0,09551418980775099;2,2563897763578273;0,21551724137931033;0,47548151514848125;1,0;0,47548151514848125;0,030303030303030304;0,15492957746478872;5;54,92765591098118;True;36;303
1c286964b5da82c0;2a498f1443ec7237;P7A_0005629;4;COMPRA;BIVARIADO;2;pre_60s_ticks_max_s <= 18 E adv_z_pre_30s_bid_size_medio_soma > -1.63071441685;adv_z_pre_30s_bid_size_medio_soma|>|-1.6307144168 && pre_60s_ticks_max_s|<=|18.0;pre_60s_ticks_max_s;<=;18,0;adv_z_pre_30s_bid_size_medio_soma;>;-1,6307144168453929;75,28812251478688;B;3277;116;0,035398230088495575;561;26;535;0,04634581105169341;0,17119316447970706;1,3092691622103387;0,22413793103448276;0,7316066709830642;1,0;0,7316066709830642;0,03;0,06896551724137931;5;52,39184890900018;True;37;382
2c6a2e4ed06234c7;3c92b5a27aec7dcb;P7A_0005630;4;COMPRA;BIVARIADO;2;adv_z_pre_60s_ticks_max_s <= -0.782226279188 E adv_z_pre_30s_bid_size_medio_soma > -1.63071441685;adv_z_pre_30s_bid_size_medio_soma|>|-1.6307144168 && adv_z_pre_60s_ticks_max_s|<=|-0.7822262792;adv_z_pre_60s_ticks_max_s;<=;-0,7822262791881286;adv_z_pre_30s_bid_size_medio_soma;>;-1,6307144168453929;75,28812251478688;B;3277;116;0,035398230088495575;561;26;535;0,04634581105169341;0,17119316447970706;1,3092691622103387;0,22413793103448276;0,7316066709830642;1,0;0,7316066709830642;0,03;0,06896551724137931;5;52,39184890900018;True;38;383
30eb9eed3a4e81b2;9fe6b48ddf8e32f2;P7A_0005623;4;COMPRA;BIVARIADO;2;pre_60s_ticks_max_s <= 11 E pre_15s_ticks_max_s <= 10;pre_15s_ticks_max_s|<=|10.0 && pre_60s_ticks_max_s|<=|11.0;pre_60s_ticks_max_s;<=;11,0;pre_15s_ticks_max_s;<=;10,0;79,31691814612057;B;3277;116;0,035398230088495575;306;16;290;0,05228758169934641;0,09337808971620384;1,477124183006536;0,13793103448275862;0,7989190125984279;1,0;0,7989190125984279;0,03333333333333333;0,06153846153846154;5;52,1157379264673;True;39;412
6893cc81273c316e;a559b11c7e873d56;P7A_0005624;4;COMPRA;BIVARIADO;2;pre_60s_ticks_max_s <= 11 E adv_z_pre_15s_ticks_max_s <= -0.697526788593;adv_z_pre_15s_ticks_max_s|<=|-0.6975267886 && pre_60s_ticks_max_s|<=|11.0;pre_60s_ticks_max_s;<=;11,0;adv_z_pre_15s_ticks_max_s;<=;-0,6975267885931464;79,31691814612057;B;3277;116;0,035398230088495575;306;16;290;0,05228758169934641;0,09337808971620384;1,477124183006536;0,13793103448275862;0,7989190125984279;1,0;0,7989190125984279;0,03333333333333333;0,06153846153846154;5;52,1157379264673;True;40;413
f9e829fafb849f02;3a9d42008fa5eb5d;P7A_0005625;4;COMPRA;BIVARIADO;2;adv_z_pre_60s_ticks_max_s <= -0.859232904283 E pre_15s_ticks_max_s <= 10;adv_z_pre_60s_ticks_max_s|<=|-0.8592329043 && pre_15s_ticks_max_s|<=|10.0;adv_z_pre_60s_ticks_max_s;<=;-0,8592329042829405;pre_15s_ticks_max_s;<=;10,0;79,31691814612057;B;3277;116;0,035398230088495575;306;16;290;0,05228758169934641;0,09337808971620384;1,477124183006536;0,13793103448275862;0,7989190125984279;1,0;0,7989190125984279;0,03333333333333333;0,06153846153846154;5;52,1157379264673;True;41;414
fc7d0ecffc6a35f6;36f720b153a1b9b9;P7A_0005626;4;COMPRA;BIVARIADO;2;adv_z_pre_60s_ticks_max_s <= -0.859232904283 E adv_z_pre_15s_ticks_max_s <= -0.697526788593;adv_z_pre_15s_ticks_max_s|<=|-0.6975267886 && adv_z_pre_60s_ticks_max_s|<=|-0.8592329043;adv_z_pre_60s_ticks_max_s;<=;-0,8592329042829405;adv_z_pre_15s_ticks_max_s;<=;-0,6975267885931464;79,31691814612057;B;3277;116;0,035398230088495575;306;16;290;0,05228758169934641;0,09337808971620384;1,477124183006536;0,13793103448275862;0,7989190125984279;1,0;0,7989190125984279;0,03333333333333333;0,06153846153846154;5;52,1157379264673;True;42;415
e259950e1cc707ce;c297d724f288b922;P7A_0007249;4;COMPRA;BIVARIADO;2;adv_ratio_range_pontos_15s_60s > 0.643267651888 E pre_60s_ticks_incremento_media <= 50.9534883721;adv_ratio_range_pontos_15s_60s|>|0.6432676519 && pre_60s_ticks_incremento_media|<=|50.9534883721;adv_ratio_range_pontos_15s_60s;>;0,6432676518880405;pre_60s_ticks_incremento_media;<=;50,95348837209303;76,74069863463194;B;3277;116;0,035398230088495575;423;22;401;0,05200945626477541;0,12908147696063474;1,4692671394799055;0,1896551724137931;0,6488311006262938;1,0;0,6488311006262938;0,022222222222222223;0,07058823529411765;5;51,907462679520634;True;43;432
b618073157c18348;3a185d521afbb8fd;P7A_0007250;4;COMPRA;BIVARIADO;2;adv_ratio_range_pontos_15s_60s > 0.643267651888 E adv_z_pre_60s_ticks_incremento_media <= -0.44623031409;adv_ratio_range_pontos_15s_60s|>|0.6432676519 && adv_z_pre_60s_ticks_incremento_media|<=|-0.4462303141;adv_ratio_range_pontos_15s_60s;>;0,6432676518880405;adv_z_pre_60s_ticks_incremento_media;<=;-0,44623031408963393;76,74069863463194;B;3277;116;0,035398230088495575;423;22;401;0,05200945626477541;0,12908147696063474;1,4692671394799055;0,1896551724137931;0,6488311006262938;1,0;0,6488311006262938;0,022222222222222223;0,07058823529411765;5;51,907462679520634;True;44;433
f390e5ac58fb56b1;a7100729118331e3;P7A_0005655;4;COMPRA;BIVARIADO;2;pre_60s_ticks_max_s <= 11 E pre_120s_ask_size_medio_soma <= 142.341848524;pre_120s_ask_size_medio_soma|<=|142.3418485244 && pre_60s_ticks_max_s|<=|11.0;pre_60s_ticks_max_s;<=;11,0;pre_120s_ask_size_medio_soma;<=;142,34184852438275;74,70888024700203;B;3277;116;0,035398230088495575;321;16;305;0,04984423676012461;0,09795544705523344;1,4080996884735202;0,13793103448275862;0,8148671964970338;1,0;0,8148671964970338;0,03278688524590164;0,056338028169014086;5;51,86199490695926;True;45;434
dfc64cc65e5a9e27;1caede79475ffbf3;P7A_0005656;4;COMPRA;BIVARIADO;2;pre_60s_ticks_max_s <= 11 E adv_z_pre_120s_ask_size_medio_soma <= -0.388353899481;adv_z_pre_120s_ask_size_medio_soma|<=|-0.3883538995 && pre_60s_ticks_max_s|<=|11.0;pre_60s_ticks_max_s;<=;11,0;adv_z_pre_120s_ask_size_medio_soma;<=;-0,3883538994814234;74,70888024700203;B;3277;116;0,035398230088495575;321;16;305;0,04984423676012461;0,09795544705523344;1,4080996884735202;0,13793103448275862;0,8148671964970338;1,0;0,8148671964970338;0,03278688524590164;0,056338028169014086;5;51,86199490695926;True;46;435
0f37f4ed0ef92a5c;86bcb91b75517f69;P7A_0005657;4;COMPRA;BIVARIADO;2;adv_z_pre_60s_ticks_max_s <= -0.859232904283 E pre_120s_ask_size_medio_soma <= 142.341848524;adv_z_pre_60s_ticks_max_s|<=|-0.8592329043 && pre_120s_ask_size_medio_soma|<=|142.3418485244;adv_z_pre_60s_ticks_max_s;<=;-0,8592329042829405;pre_120s_ask_size_medio_soma;<=;142,34184852438275;74,70888024700203;B;3277;116;0,035398230088495575;321;16;305;0,04984423676012461;0,09795544705523344;1,4080996884735202;0,13793103448275862;0,8148671964970338;1,0;0,8148671964970338;0,03278688524590164;0,056338028169014086;5;51,86199490695926;True;47;436
0f4cd1b520b4549c;498b18b77ac0eb46;P7A_0005658;4;COMPRA;BIVARIADO;2;adv_z_pre_60s_ticks_max_s <= -0.859232904283 E adv_z_pre_120s_ask_size_medio_soma <= -0.388353899481;adv_z_pre_120s_ask_size_medio_soma|<=|-0.3883538995 && adv_z_pre_60s_ticks_max_s|<=|-0.8592329043;adv_z_pre_60s_ticks_max_s;<=;-0,8592329042829405;adv_z_pre_120s_ask_size_medio_soma;<=;-0,3883538994814234;74,70888024700203;B;3277;116;0,035398230088495575;321;16;305;0,04984423676012461;0,09795544705523344;1,4080996884735202;0,13793103448275862;0,8148671964970338;1,0;0,8148671964970338;0,03278688524590164;0,056338028169014086;5;51,86199490695926;True;48;437
9d90c55dcdc101a5;c706bc8df80a0a10;P7A_0006371;4;COMPRA;BIVARIADO;2;adv_ratio_volatilidade_close_pontos_15s_60s > 1.2948704724 E pre_60s_ticks_incremento_media <= 310.260606061;adv_ratio_volatilidade_close_pontos_15s_60s|>|1.2948704724 && pre_60s_ticks_incremento_media|<=|310.2606060606;adv_ratio_volatilidade_close_pontos_15s_60s;>;1,2948704724041395;pre_60s_ticks_incremento_media;<=;310,26060606060616;76,85416910899062;B;3277;116;0,035398230088495575;307;25;282;0,08143322475570032;0,09368324687213915;2,300488599348534;0,21551724137931033;0,29674848633411;1,0;0,29674848633411;0,020833333333333332;0,1686746987951807;5;51,70769991387767;True;49;442
e86c4b9bc9b158b0;3d494f3bae4a04ea;P7A_0006372;4;COMPRA;BIVARIADO;2;adv_ratio_volatilidade_close_pontos_15s_60s > 1.2948704724 E adv_z_pre_60s_ticks_incremento_media <= 0.479128600408;adv_ratio_volatilidade_close_pontos_15s_60s|>|1.2948704724 && adv_z_pre_60s_ticks_incremento_media|<=|0.4791286004;adv_ratio_volatilidade_close_pontos_15s_60s;>;1,2948704724041395;adv_z_pre_60s_ticks_incremento_media;<=;0,47912860040750316;76,85416910899062;B;3277;116;0,035398230088495575;307;25;282;0,08143322475570032;0,09368324687213915;2,300488599348534;0,21551724137931033;0,29674848633411;1,0;0,29674848633411;0,020833333333333332;0,1686746987951807;5;51,70769991387767;True;50;443
74b25adb53ef82d4;f191343156a66869;P7A_0006639;4;COMPRA;BIVARIADO;2;adv_ratio_volatilidade_close_pontos_15s_60s > 1.2948704724 E pre_30s_trades_incremento_soma > 15;adv_ratio_volatilidade_close_pontos_15s_60s|>|1.2948704724 && pre_30s_trades_incremento_soma|>|15.0;adv_ratio_volatilidade_close_pontos_15s_60s;>;1,2948704724041395;pre_30s_trades_incremento_soma;>;15,0;76,57285299522944;B;3277;116;0,035398230088495575;301;25;276;0,08305647840531562;0,09185230393652731;2,3463455149501664;0,21551724137931033;0,2756831452957268;1,0;0,2756831452957268;0,02040816326530612;0,17721518987341772;5;51,431897949902435;True;51;446
cbcbb84e57efa9ad;f6e885cea50cddc6;P7A_0006640;4;COMPRA;BIVARIADO;2;adv_ratio_volatilidade_close_pontos_15s_60s > 1.2948704724 E adv_z_pre_30s_trades_incremento_soma > -0.821547507519;adv_ratio_volatilidade_close_pontos_15s_60s|>|1.2948704724 && adv_z_pre_30s_trades_incremento_soma|>|-0.8215475075;adv_ratio_volatilidade_close_pontos_15s_60s;>;1,2948704724041395;adv_z_pre_30s_trades_incremento_soma;>;-0,8215475075185504;76,57285299522944;B;3277;116;0,035398230088495575;301;25;276;0,08305647840531562;0,09185230393652731;2,3463455149501664;0,21551724137931033;0,2756831452957268;1,0;0,2756831452957268;0,02040816326530612;0,17721518987341772;5;51,431897949902435;True;52;447
fdbc1b553ff0bd78;0adc1a43abddf525;P7A_0006552;4;COMPRA;BIVARIADO;2;adv_ratio_range_pontos_15s_60s > 0.340425531915 E adv_ratio_volatilidade_close_pontos_15s_60s > 1.2948704724;adv_ratio_range_pontos_15s_60s|>|0.3404255319 && adv_ratio_volatilidade_close_pontos_15s_60s|>|1.2948704724;adv_ratio_range_pontos_15s_60s;>;0,3404255319147005;adv_ratio_volatilidade_close_pontos_15s_60s;>;1,2948704724041395;77,29394578134166;B;3277;116;0,035398230088495575;317;24;293;0,07570977917981073;0,09673481843149222;2,138801261829653;0,20689655172413793;0,32483841564689375;1,0;0,32483841564689375;0,02040816326530612;0,15476190476190477;5;51,374076310212544;True;53;448
a5333abf18c3991d;e74c808f3ffb2c80;P7A_0006368;4;COMPRA;BIVARIADO;2;adv_ratio_volatilidade_close_pontos_15s_60s > 1.2948704724 E pre_15s_agressor_venda > 6;adv_ratio_volatilidade_close_pontos_15s_60s|>|1.2948704724 && pre_15s_agressor_venda|>|6.0;adv_ratio_volatilidade_close_pontos_15s_60s;>;1,2948704724041395;pre_15s_agressor_venda;>;6,0;77,36228912520812;B;3277;116;0,035398230088495575;308;24;284;0,07792207792207792;0,09398840402807446;2,2012987012987013;0,20689655172413793;0,3092213521058772;1,0;0,3092213521058772;0,020833333333333332;0,1625;5;51,257937646169836;True;54;449
0faca0f0392c07b3;d34aef4732c5e093;P7A_0006369;4;COMPRA;BIVARIADO;2;adv_ratio_volatilidade_close_pontos_15s_60s > 1.2948704724 E adv_z_pre_15s_agressor_venda > -0.670322565879;adv_ratio_volatilidade_close_pontos_15s_60s|>|1.2948704724 && adv_z_pre_15s_agressor_venda|>|-0.6703225659;adv_ratio_volatilidade_close_pontos_15s_60s;>;1,2948704724041395;adv_z_pre_15s_agressor_venda;>;-0,6703225658788635;77,36228912520812;B;3277;116;0,035398230088495575;308;24;284;0,07792207792207792;0,09398840402807446;2,2012987012987013;0,20689655172413793;0,3092213521058772;1,0;0,3092213521058772;0,020833333333333332;0,1625;5;51,257937646169836;True;55;450
1171da4c9956e46d;093295ea6b00ab1a;P7A_0006696;4;COMPRA;BIVARIADO;2;adv_ratio_volatilidade_close_pontos_15s_60s > 1.2948704724 E adv_delta_spread_minimo_15s_30s <= 0.208333333333;adv_delta_spread_minimo_15s_30s|<=|0.2083333333 && adv_ratio_volatilidade_close_pontos_15s_60s|>|1.2948704724;adv_ratio_volatilidade_close_pontos_15s_60s;>;1,2948704724041395;adv_delta_spread_minimo_15s_30s;<=;0,20833333333333337;78,79179867747969;B;3277;116;0,035398230088495575;286;21;265;0,07342657342657342;0,08727494659749771;2,074300699300699;0,1810344827586207;0,4380944340980104;1,0;0,4380944340980104;0,022222222222222223;0,136986301369863;5;51,196696948714695;True;56;451
1f6d3e155cd0d4c6;f7be68aadf84ef96;P7A_0006427;4;COMPRA;BIVARIADO;2;adv_ratio_volatilidade_close_pontos_15s_60s > 1.2948704724 E pre_60s_ticks_incremento_media <= 149.166666667;adv_ratio_volatilidade_close_pontos_15s_60s|>|1.2948704724 && pre_60s_ticks_incremento_media|<=|149.1666666667;adv_ratio_volatilidade_close_pontos_15s_60s;>;1,2948704724041395;pre_60s_ticks_incremento_media;<=;149,16666666666666;79,55763759925144;B;3277;116;0,035398230088495575;267;20;247;0,0749063670411985;0,08147696063472688;2,1161048689138577;0,1724137931034483;0,4495170007044229;1,0;0,4495170007044229;0,023809523809523808;0,140625;5;50,77892587945174;True;57;452
019140cf09ada313;0d7bf836d1462180;P7A_0006428;4;COMPRA;BIVARIADO;2;adv_ratio_volatilidade_close_pontos_15s_60s > 1.2948704724 E adv_z_pre_60s_ticks_incremento_media <= -0.0957484574167;adv_ratio_volatilidade_close_pontos_15s_60s|>|1.2948704724 && adv_z_pre_60s_ticks_incremento_media|<=|-0.0957484574;adv_ratio_volatilidade_close_pontos_15s_60s;>;1,2948704724041395;adv_z_pre_60s_ticks_incremento_media;<=;-0,09574845741668699;79,55763759925144;B;3277;116;0,035398230088495575;267;20;247;0,0749063670411985;0,08147696063472688;2,1161048689138577;0,1724137931034483;0,4495170007044229;1,0;0,4495170007044229;0,023809523809523808;0,140625;5;50,77892587945174;True;58;453
3ed1ba6f21826e64;c0cacb6b8985daed;P7A_0007278;4;COMPRA;BIVARIADO;2;adv_ratio_volatilidade_close_pontos_15s_60s > 1.2948704724 E pre_120s_ticks_total <= 5699.6;adv_ratio_volatilidade_close_pontos_15s_60s|>|1.2948704724 && pre_120s_ticks_total|<=|5699.6;adv_ratio_volatilidade_close_pontos_15s_60s;>;1,2948704724041395;pre_120s_ticks_total;<=;5699,600000000002;76,11230042434454;B;3277;116;0,035398230088495575;307;25;282;0,08143322475570032;0,09368324687213915;2,300488599348534;0,21551724137931033;0,247929418383123;1,0;0,247929418383123;0,020833333333333332;0,1794871794871795;5;50,739932448602374;True;59;454
c89b4f1cea59a32d;53247657bff63543;P7A_0007279;4;COMPRA;BIVARIADO;2;adv_ratio_volatilidade_close_pontos_15s_60s > 1.2948704724 E adv_z_pre_120s_ticks_total <= 1.00604131964;adv_ratio_volatilidade_close_pontos_15s_60s|>|1.2948704724 && adv_z_pre_120s_ticks_total|<=|1.0060413196;adv_ratio_volatilidade_close_pontos_15s_60s;>;1,2948704724041395;adv_z_pre_120s_ticks_total;<=;1,0060413196421634;76,11230042434454;B;3277;116;0,035398230088495575;307;25;282;0,08143322475570032;0,09368324687213915;2,300488599348534;0,21551724137931033;0,247929418383123;1,0;0,247929418383123;0,020833333333333332;0,1794871794871795;5;50,739932448602374;True;60;455
73278f8ea10d1b03;8f41091e90f5ed5d;P7A_0005635;4;VENDA;BIVARIADO;2;pre_60s_ticks_max_s <= 18 E adv_z_pre_15s_agressor_venda > -0.636520646589;adv_z_pre_15s_agressor_venda|>|-0.6365206466 && pre_60s_ticks_max_s|<=|18.0;pre_60s_ticks_max_s;<=;18,0;adv_z_pre_15s_agressor_venda;>;-0,6365206465889295;82,1234169873074;B;2688;60;0,022321428571428572;199;13;186;0,06532663316582915;0,0740327380952381;2,926633165829146;0,21666666666666667;0,6535792073145129;1,0;0,6535792073145129;0,038461538461538464;0,09375;5;57,90952950069567;True;1;194
b49ea5bcb54966cf;eb91bb97f933d165;P7A_0005636;4;VENDA;BIVARIADO;2;adv_z_pre_60s_ticks_max_s <= -0.782226279188 E adv_z_pre_15s_agressor_venda > -0.636520646589;adv_z_pre_15s_agressor_venda|>|-0.6365206466 && adv_z_pre_60s_ticks_max_s|<=|-0.7822262792;adv_z_pre_60s_ticks_max_s;<=;-0,7822262791881286;adv_z_pre_15s_agressor_venda;>;-0,6365206465889295;82,1234169873074;B;2688;60;0,022321428571428572;199;13;186;0,06532663316582915;0,0740327380952381;2,926633165829146;0,21666666666666667;0,6535792073145129;1,0;0,6535792073145129;0,038461538461538464;0,09375;5;57,90952950069567;True;2;195
14557add26451012;e54099a2555b9c23;P7A_0006917;4;VENDA;BIVARIADO;2;pre_60s_ticks_max_s <= 18 E pre_15s_cobertura_pct > 0.533333;pre_15s_cobertura_pct|>|0.533333 && pre_60s_ticks_max_s|<=|18.0;pre_60s_ticks_max_s;<=;18,0;pre_15s_cobertura_pct;>;0,533333;76,85928083731935;B;2688;60;0,022321428571428572;281;15;266;0,05338078291814947;0,10453869047619048;2,391459074733096;0,25;0,6904281961230536;1,0;0,6904281961230536;0,02857142857142857;0,07407407407407407;5;57,50847247624489;True;3;255
88fd11e15fb887d9;67c693becf0d34b0;P7A_0006918;4;VENDA;BIVARIADO;2;pre_60s_ticks_max_s <= 18 E adv_z_pre_15s_cobertura_pct > -1.3374404105;adv_z_pre_15s_cobertura_pct|>|-1.3374404105 && pre_60s_ticks_max_s|<=|18.0;pre_60s_ticks_max_s;<=;18,0;adv_z_pre_15s_cobertura_pct;>;-1,3374404104986388;76,85928083731935;B;2688;60;0,022321428571428572;281;15;266;0,05338078291814947;0,10453869047619048;2,391459074733096;0,25;0,6904281961230536;1,0;0,6904281961230536;0,02857142857142857;0,07407407407407407;5;57,50847247624489;True;4;256
ad334c5403e6cbb9;cac9eeeb55b9be5b;P7A_0006919;4;VENDA;BIVARIADO;2;adv_z_pre_60s_ticks_max_s <= -0.782226279188 E pre_15s_cobertura_pct > 0.533333;adv_z_pre_60s_ticks_max_s|<=|-0.7822262792 && pre_15s_cobertura_pct|>|0.533333;adv_z_pre_60s_ticks_max_s;<=;-0,7822262791881286;pre_15s_cobertura_pct;>;0,533333;76,85928083731935;B;2688;60;0,022321428571428572;281;15;266;0,05338078291814947;0,10453869047619048;2,391459074733096;0,25;0,6904281961230536;1,0;0,6904281961230536;0,02857142857142857;0,07407407407407407;5;57,50847247624489;True;5;257
dcf673eff3681c0f;082a6eb30142ac3a;P7A_0006920;4;VENDA;BIVARIADO;2;adv_z_pre_60s_ticks_max_s <= -0.782226279188 E adv_z_pre_15s_cobertura_pct > -1.3374404105;adv_z_pre_15s_cobertura_pct|>|-1.3374404105 && adv_z_pre_60s_ticks_max_s|<=|-0.7822262792;adv_z_pre_60s_ticks_max_s;<=;-0,7822262791881286;adv_z_pre_15s_cobertura_pct;>;-1,3374404104986388;76,85928083731935;B;2688;60;0,022321428571428572;281;15;266;0,05338078291814947;0,10453869047619048;2,391459074733096;0,25;0,6904281961230536;1,0;0,6904281961230536;0,02857142857142857;0,07407407407407407;5;57,50847247624489;True;6;258
2e19fa926d34adb0;668fd1052400f901;P7A_0005836;4;VENDA;BIVARIADO;2;pre_60s_ticks_max_s <= 11 E pre_120s_ticks_max_s <= 25;pre_120s_ticks_max_s|<=|25.0 && pre_60s_ticks_max_s|<=|11.0;pre_60s_ticks_max_s;<=;11,0;pre_120s_ticks_max_s;<=;25,0;77,72298357884574;B;2688;60;0,022321428571428572;271;12;259;0,04428044280442804;0,10081845238095238;1,9837638376383762;0,2;0,8267411906604694;1,0;0,8267411906604694;0,030303030303030304;0,05172413793103448;5;57,362343003785355;True;7;261
7341cf71d8266fb9;a9a6c9f31071aed3;P7A_0005837;4;VENDA;BIVARIADO;2;pre_60s_ticks_max_s <= 11 E adv_z_pre_120s_ticks_max_s <= -0.815893682045;adv_z_pre_120s_ticks_max_s|<=|-0.815893682 && pre_60s_ticks_max_s|<=|11.0;pre_60s_ticks_max_s;<=;11,0;adv_z_pre_120s_ticks_max_s;<=;-0,8158936820445936;77,72298357884574;B;2688;60;0,022321428571428572;271;12;259;0,04428044280442804;0,10081845238095238;1,9837638376383762;0,2;0,8267411906604694;1,0;0,8267411906604694;0,030303030303030304;0,05172413793103448;5;57,362343003785355;True;8;262
21dafd7dbfa5dfdf;0b1d4681ac571fc7;P7A_0005838;4;VENDA;BIVARIADO;2;adv_z_pre_60s_ticks_max_s <= -0.859232904283 E pre_120s_ticks_max_s <= 25;adv_z_pre_60s_ticks_max_s|<=|-0.8592329043 && pre_120s_ticks_max_s|<=|25.0;adv_z_pre_60s_ticks_max_s;<=;-0,8592329042829405;pre_120s_ticks_max_s;<=;25,0;77,72298357884574;B;2688;60;0,022321428571428572;271;12;259;0,04428044280442804;0,10081845238095238;1,9837638376383762;0,2;0,8267411906604694;1,0;0,8267411906604694;0,030303030303030304;0,05172413793103448;5;57,362343003785355;True;9;263
fae11f1290ac72e1;ced4f89216e68e73;P7A_0005839;4;VENDA;BIVARIADO;2;adv_z_pre_60s_ticks_max_s <= -0.859232904283 E adv_z_pre_120s_ticks_max_s <= -0.815893682045;adv_z_pre_120s_ticks_max_s|<=|-0.815893682 && adv_z_pre_60s_ticks_max_s|<=|-0.8592329043;adv_z_pre_60s_ticks_max_s;<=;-0,8592329042829405;adv_z_pre_120s_ticks_max_s;<=;-0,8158936820445936;77,72298357884574;B;2688;60;0,022321428571428572;271;12;259;0,04428044280442804;0,10081845238095238;1,9837638376383762;0,2;0,8267411906604694;1,0;0,8267411906604694;0,030303030303030304;0,05172413793103448;5;57,362343003785355;True;10;264
859be9af32f1a13f;2a498f1443ec7237;P7A_0005629;4;VENDA;BIVARIADO;2;pre_60s_ticks_max_s <= 18 E adv_z_pre_30s_bid_size_medio_soma > -1.63071441685;adv_z_pre_30s_bid_size_medio_soma|>|-1.6307144168 && pre_60s_ticks_max_s|<=|18.0;pre_60s_ticks_max_s;<=;18,0;adv_z_pre_30s_bid_size_medio_soma;>;-1,6307144168453929;75,28812251478688;B;2688;60;0,022321428571428572;578;25;553;0,04325259515570934;0,21502976190476192;1,9377162629757783;0,4166666666666667;0,7946308428960831;1,0;0,7946308428960831;0,03076923076923077;0,05517241379310345;5;56,186834141493314;True;11;272
9b47478795d6d163;3c92b5a27aec7dcb;P7A_0005630;4;VENDA;BIVARIADO;2;adv_z_pre_60s_ticks_max_s <= -0.782226279188 E adv_z_pre_30s_bid_size_medio_soma > -1.63071441685;adv_z_pre_30s_bid_size_medio_soma|>|-1.6307144168 && adv_z_pre_60s_ticks_max_s|<=|-0.7822262792;adv_z_pre_60s_ticks_max_s;<=;-0,7822262791881286;adv_z_pre_30s_bid_size_medio_soma;>;-1,6307144168453929;75,28812251478688;B;2688;60;0,022321428571428572;578;25;553;0,04325259515570934;0,21502976190476192;1,9377162629757783;0,4166666666666667;0,7946308428960831;1,0;0,7946308428960831;0,03076923076923077;0,05517241379310345;5;56,186834141493314;True;12;273
301be531a9e4980a;57cacfaa874d424b;P7A_0008255;4;VENDA;UNIVARIADO;1;adv_ratio_range_pontos_60s_120s > 0.909090909089;adv_ratio_range_pontos_60s_120s|>|0.9090909091;adv_ratio_range_pontos_60s_120s;>;0,9090909090892562;;;;77,7405594884939;B;2688;60;0,022321428571428572;647;24;623;0,03709428129829984;0,24069940476190477;1,661823802163833;0,4;0,8721606227270833;1,0;0,8721606227270833;0,03333333333333333;0,046153846153846156;5;56,04723284538837;True;13;278
a047b14e1dafa769;97db736e8004b34d;P7A_0006439;4;VENDA;BIVARIADO;2;pre_60s_ticks_max_s <= 18 E pre_15s_agressor_venda > 14;pre_15s_agressor_venda|>|14.0 && pre_60s_ticks_max_s|<=|18.0;pre_60s_ticks_max_s;<=;18,0;pre_15s_agressor_venda;>;14,0;77,02114926541937;B;2688;60;0,022321428571428572;191;12;179;0,06282722513089005;0,07105654761904762;2,814659685863874;0,2;0,639093864313501;1,0;0,639093864313501;0,0392156862745098;0,10344827586206896;5;55,93688752932879;True;14;279
a34fc9dc76acefa6;83d87db9cc94ae94;P7A_0006440;4;VENDA;BIVARIADO;2;adv_z_pre_60s_ticks_max_s <= -0.782226279188 E pre_15s_agressor_venda > 14;adv_z_pre_60s_ticks_max_s|<=|-0.7822262792 && pre_15s_agressor_venda|>|14.0;adv_z_pre_60s_ticks_max_s;<=;-0,7822262791881286;pre_15s_agressor_venda;>;14,0;77,02114926541937;B;2688;60;0,022321428571428572;191;12;179;0,06282722513089005;0,07105654761904762;2,814659685863874;0,2;0,639093864313501;1,0;0,639093864313501;0,0392156862745098;0,10344827586206896;5;55,93688752932879;True;15;280
fec75d3ace62a297;64f7be04f486cc39;P7A_0005880;4;VENDA;BIVARIADO;2;adv_ratio_volatilidade_close_pontos_15s_60s > 1.10138983359 E pre_60s_bid_size_medio_soma <= 70.8283189033;adv_ratio_volatilidade_close_pontos_15s_60s|>|1.1013898336 && pre_60s_bid_size_medio_soma|<=|70.8283189033;adv_ratio_volatilidade_close_pontos_15s_60s;>;1,1013898335868393;pre_60s_bid_size_medio_soma;<=;70,82831890331889;81,82056677106002;B;2688;60;0,022321428571428572;355;13;342;0,036619718309859155;0,13206845238095238;1,6405633802816901;0,21666666666666667;0,8169436922965861;1,0;0,8169436922965861;0,02564102564102564;0,04477611940298507;5;55,40195212644792;True;16;291
2b8489756972b5d4;faa6910baad04046;P7A_0005881;4;VENDA;BIVARIADO;2;adv_ratio_volatilidade_close_pontos_15s_60s > 1.10138983359 E adv_z_pre_60s_bid_size_medio_soma <= -0.389523964297;adv_ratio_volatilidade_close_pontos_15s_60s|>|1.1013898336 && adv_z_pre_60s_bid_size_medio_soma|<=|-0.3895239643;adv_ratio_volatilidade_close_pontos_15s_60s;>;1,1013898335868393;adv_z_pre_60s_bid_size_medio_soma;<=;-0,3895239642973499;81,82056677106002;B;2688;60;0,022321428571428572;355;13;342;0,036619718309859155;0,13206845238095238;1,6405633802816901;0,21666666666666667;0,8169436922965861;1,0;0,8169436922965861;0,02564102564102564;0,04477611940298507;5;55,40195212644792;True;17;292
f7b90e1f34f43e01;a7100729118331e3;P7A_0005655;4;VENDA;BIVARIADO;2;pre_60s_ticks_max_s <= 11 E pre_120s_ask_size_medio_soma <= 142.341848524;pre_120s_ask_size_medio_soma|<=|142.3418485244 && pre_60s_ticks_max_s|<=|11.0;pre_60s_ticks_max_s;<=;11,0;pre_120s_ask_size_medio_soma;<=;142,34184852438275;74,70888024700203;B;2688;60;0,022321428571428572;312;14;298;0,04487179487179487;0,11607142857142858;2,01025641025641;0,23333333333333334;0,6612495398507543;1,0;0,6612495398507543;0,02564102564102564;0,06944444444444445;5;54,197471876868356;True;18;362
b2f6455af6236d2a;1caede79475ffbf3;P7A_0005656;4;VENDA;BIVARIADO;2;pre_60s_ticks_max_s <= 11 E adv_z_pre_120s_ask_size_medio_soma <= -0.388353899481;adv_z_pre_120s_ask_size_medio_soma|<=|-0.3883538995 && pre_60s_ticks_max_s|<=|11.0;pre_60s_ticks_max_s;<=;11,0;adv_z_pre_120s_ask_size_medio_soma;<=;-0,3883538994814234;74,70888024700203;B;2688;60;0,022321428571428572;312;14;298;0,04487179487179487;0,11607142857142858;2,01025641025641;0,23333333333333334;0,6612495398507543;1,0;0,6612495398507543;0,02564102564102564;0,06944444444444445;5;54,197471876868356;True;19;363
e87bdd833980a055;86bcb91b75517f69;P7A_0005657;4;VENDA;BIVARIADO;2;adv_z_pre_60s_ticks_max_s <= -0.859232904283 E pre_120s_ask_size_medio_soma <= 142.341848524;adv_z_pre_60s_ticks_max_s|<=|-0.8592329043 && pre_120s_ask_size_medio_soma|<=|142.3418485244;adv_z_pre_60s_ticks_max_s;<=;-0,8592329042829405;pre_120s_ask_size_medio_soma;<=;142,34184852438275;74,70888024700203;B;2688;60;0,022321428571428572;312;14;298;0,04487179487179487;0,11607142857142858;2,01025641025641;0,23333333333333334;0,6612495398507543;1,0;0,6612495398507543;0,02564102564102564;0,06944444444444445;5;54,197471876868356;True;20;364
ebdc52e3f2108d1a;498b18b77ac0eb46;P7A_0005658;4;VENDA;BIVARIADO;2;adv_z_pre_60s_ticks_max_s <= -0.859232904283 E adv_z_pre_120s_ask_size_medio_soma <= -0.388353899481;adv_z_pre_120s_ask_size_medio_soma|<=|-0.3883538995 && adv_z_pre_60s_ticks_max_s|<=|-0.8592329043;adv_z_pre_60s_ticks_max_s;<=;-0,8592329042829405;adv_z_pre_120s_ask_size_medio_soma;<=;-0,3883538994814234;74,70888024700203;B;2688;60;0,022321428571428572;312;14;298;0,04487179487179487;0,11607142857142858;2,01025641025641;0,23333333333333334;0,6612495398507543;1,0;0,6612495398507543;0,02564102564102564;0,06944444444444445;5;54,197471876868356;True;21;365
4dd58967e7179071;9fe6b48ddf8e32f2;P7A_0005623;4;VENDA;BIVARIADO;2;pre_60s_ticks_max_s <= 11 E pre_15s_ticks_max_s <= 10;pre_15s_ticks_max_s|<=|10.0 && pre_60s_ticks_max_s|<=|11.0;pre_60s_ticks_max_s;<=;11,0;pre_15s_ticks_max_s;<=;10,0;79,31691814612057;B;2688;60;0,022321428571428572;291;13;278;0,044673539518900345;0,10825892857142858;2,0013745704467354;0,21666666666666667;0,5963651653266814;1,0;0,5963651653266814;0,02040816326530612;0,06944444444444445;5;53,523622626496056;True;22;366
24990e6b62462e08;a559b11c7e873d56;P7A_0005624;4;VENDA;BIVARIADO;2;pre_60s_ticks_max_s <= 11 E adv_z_pre_15s_ticks_max_s <= -0.697526788593;adv_z_pre_15s_ticks_max_s|<=|-0.6975267886 && pre_60s_ticks_max_s|<=|11.0;pre_60s_ticks_max_s;<=;11,0;adv_z_pre_15s_ticks_max_s;<=;-0,6975267885931464;79,31691814612057;B;2688;60;0,022321428571428572;291;13;278;0,044673539518900345;0,10825892857142858;2,0013745704467354;0,21666666666666667;0,5963651653266814;1,0;0,5963651653266814;0,02040816326530612;0,06944444444444445;5;53,523622626496056;True;23;367
50fcfd81115e70d9;3a9d42008fa5eb5d;P7A_0005625;4;VENDA;BIVARIADO;2;adv_z_pre_60s_ticks_max_s <= -0.859232904283 E pre_15s_ticks_max_s <= 10;adv_z_pre_60s_ticks_max_s|<=|-0.8592329043 && pre_15s_ticks_max_s|<=|10.0;adv_z_pre_60s_ticks_max_s;<=;-0,8592329042829405;pre_15s_ticks_max_s;<=;10,0;79,31691814612057;B;2688;60;0,022321428571428572;291;13;278;0,044673539518900345;0,10825892857142858;2,0013745704467354;0,21666666666666667;0,5963651653266814;1,0;0,5963651653266814;0,02040816326530612;0,06944444444444445;5;53,523622626496056;True;24;368
5f402113ede1005f;36f720b153a1b9b9;P7A_0005626;4;VENDA;BIVARIADO;2;adv_z_pre_60s_ticks_max_s <= -0.859232904283 E adv_z_pre_15s_ticks_max_s <= -0.697526788593;adv_z_pre_15s_ticks_max_s|<=|-0.6975267886 && adv_z_pre_60s_ticks_max_s|<=|-0.8592329043;adv_z_pre_60s_ticks_max_s;<=;-0,8592329042829405;adv_z_pre_15s_ticks_max_s;<=;-0,6975267885931464;79,31691814612057;B;2688;60;0,022321428571428572;291;13;278;0,044673539518900345;0,10825892857142858;2,0013745704467354;0,21666666666666667;0,5963651653266814;1,0;0,5963651653266814;0,02040816326530612;0,06944444444444445;5;53,523622626496056;True;25;369
71c3a6dc9f842eff;82bf88b98a690a5e;P7A_0006741;4;VENDA;BIVARIADO;2;pre_60s_ticks_max_s <= 11 E adv_ratio_volatilidade_close_pontos_15s_60s > 0.548921299091;adv_ratio_volatilidade_close_pontos_15s_60s|>|0.5489212991 && pre_60s_ticks_max_s|<=|11.0;pre_60s_ticks_max_s;<=;11,0;adv_ratio_volatilidade_close_pontos_15s_60s;>;0,548921299091041;80,68137285044172;B;2688;60;0,022321428571428572;234;11;223;0,04700854700854701;0,08705357142857142;2,105982905982906;0,18333333333333332;0,6036800851079769;1,0;0,6036800851079769;0,022727272727272728;0,06896551724137931;5;52,29244054343085;True;26;386
153fd972bd7e4083;bb621dfa7c8e5c37;P7A_0006742;4;VENDA;BIVARIADO;2;adv_z_pre_60s_ticks_max_s <= -0.859232904283 E adv_ratio_volatilidade_close_pontos_15s_60s > 0.548921299091;adv_ratio_volatilidade_close_pontos_15s_60s|>|0.5489212991 && adv_z_pre_60s_ticks_max_s|<=|-0.8592329043;adv_z_pre_60s_ticks_max_s;<=;-0,8592329042829405;adv_ratio_volatilidade_close_pontos_15s_60s;>;0,548921299091041;80,68137285044172;B;2688;60;0,022321428571428572;234;11;223;0,04700854700854701;0,08705357142857142;2,105982905982906;0,18333333333333332;0,6036800851079769;1,0;0,6036800851079769;0,022727272727272728;0,06896551724137931;5;52,29244054343085;True;27;387
c07a94c58d317b50;5c382bceb673de80;P7A_0007619;4;VENDA;BIVARIADO;2;pre_60s_ticks_max_s <= 11 E pre_60s_ask_size_medio_soma <= 47.8607142857;pre_60s_ask_size_medio_soma|<=|47.8607142857 && pre_60s_ticks_max_s|<=|11.0;pre_60s_ticks_max_s;<=;11,0;pre_60s_ask_size_medio_soma;<=;47,86071428571429;76,82261169818374;B;2688;60;0,022321428571428572;262;12;250;0,04580152671755725;0,0974702380952381;2,051908396946565;0,2;0,5140009692868815;1,0;0,5140009692868815;0,028985507246376812;0,08771929824561403;5;51,773266292603495;True;28;438
ba11024d2658d679;94ce430a808d4c44;P7A_0007620;4;VENDA;BIVARIADO;2;pre_60s_ticks_max_s <= 11 E adv_z_pre_60s_ask_size_medio_soma <= -1.17610450551;adv_z_pre_60s_ask_size_medio_soma|<=|-1.1761045055 && pre_60s_ticks_max_s|<=|11.0;pre_60s_ticks_max_s;<=;11,0;adv_z_pre_60s_ask_size_medio_soma;<=;-1,1761045055082013;76,82261169818374;B;2688;60;0,022321428571428572;262;12;250;0,04580152671755725;0,0974702380952381;2,051908396946565;0,2;0,5140009692868815;1,0;0,5140009692868815;0,028985507246376812;0,08771929824561403;5;51,773266292603495;True;29;439
63cf46249886cb96;432a09534f1f068d;P7A_0007621;4;VENDA;BIVARIADO;2;adv_z_pre_60s_ticks_max_s <= -0.859232904283 E pre_60s_ask_size_medio_soma <= 47.8607142857;adv_z_pre_60s_ticks_max_s|<=|-0.8592329043 && pre_60s_ask_size_medio_soma|<=|47.8607142857;adv_z_pre_60s_ticks_max_s;<=;-0,8592329042829405;pre_60s_ask_size_medio_soma;<=;47,86071428571429;76,82261169818374;B;2688;60;0,022321428571428572;262;12;250;0,04580152671755725;0,0974702380952381;2,051908396946565;0,2;0,5140009692868815;1,0;0,5140009692868815;0,028985507246376812;0,08771929824561403;5;51,773266292603495;True;30;440
e20a1ed7a317df65;c9ff11d63e6eaff9;P7A_0007622;4;VENDA;BIVARIADO;2;adv_z_pre_60s_ticks_max_s <= -0.859232904283 E adv_z_pre_60s_ask_size_medio_soma <= -1.17610450551;adv_z_pre_60s_ask_size_medio_soma|<=|-1.1761045055 && adv_z_pre_60s_ticks_max_s|<=|-0.8592329043;adv_z_pre_60s_ticks_max_s;<=;-0,8592329042829405;adv_z_pre_60s_ask_size_medio_soma;<=;-1,1761045055082013;76,82261169818374;B;2688;60;0,022321428571428572;262;12;250;0,04580152671755725;0,0974702380952381;2,051908396946565;0,2;0,5140009692868815;1,0;0,5140009692868815;0,028985507246376812;0,08771929824561403;5;51,773266292603495;True;31;441
05f68b8d6856a552;c297d724f288b922;P7A_0007249;4;VENDA;BIVARIADO;2;adv_ratio_range_pontos_15s_60s > 0.643267651888 E pre_60s_ticks_incremento_media <= 50.9534883721;adv_ratio_range_pontos_15s_60s|>|0.6432676519 && pre_60s_ticks_incremento_media|<=|50.9534883721;adv_ratio_range_pontos_15s_60s;>;0,6432676518880405;pre_60s_ticks_incremento_media;<=;50,95348837209303;76,74069863463194;B;2688;60;0,022321428571428572;357;15;342;0,04201680672268908;0,1328125;1,8823529411764708;0,25;0,44219336349132843;1,0;0,44219336349132843;0,0;0,058823529411764705;5;49,65015709608658;True;32;458
96c314837cb175a3;3a185d521afbb8fd;P7A_0007250;4;VENDA;BIVARIADO;2;adv_ratio_range_pontos_15s_60s > 0.643267651888 E adv_z_pre_60s_ticks_incremento_media <= -0.44623031409;adv_ratio_range_pontos_15s_60s|>|0.6432676519 && adv_z_pre_60s_ticks_incremento_media|<=|-0.4462303141;adv_ratio_range_pontos_15s_60s;>;0,6432676518880405;adv_z_pre_60s_ticks_incremento_media;<=;-0,44623031408963393;76,74069863463194;B;2688;60;0,022321428571428572;357;15;342;0,04201680672268908;0,1328125;1,8823529411764708;0,25;0,44219336349132843;1,0;0,44219336349132843;0,0;0,058823529411764705;5;49,65015709608658;True;33;459
fbc04a8b913f3e52;59b3e2fedaf444e2;P7A_0007134;4;VENDA;BIVARIADO;2;adv_ratio_volatilidade_close_pontos_15s_60s > 1.2948704724 E pre_120s_volume_incremento_soma <= 1462;adv_ratio_volatilidade_close_pontos_15s_60s|>|1.2948704724 && pre_120s_volume_incremento_soma|<=|1462.0;adv_ratio_volatilidade_close_pontos_15s_60s;>;1,2948704724041395;pre_120s_volume_incremento_soma;<=;1462,0;80,58121306644176;B;2688;60;0,022321428571428572;227;9;218;0,039647577092511016;0,08444940476190477;1,7762114537444935;0,15;0,5204535618784834;1,0;0,5204535618784834;0,017543859649122806;0,06976744186046512;5;46,94981182149622;True;34;460
f73fe9e88009ec6a;0705bfb5e85e7e80;P7A_0007135;4;VENDA;BIVARIADO;2;adv_ratio_volatilidade_close_pontos_15s_60s > 1.2948704724 E adv_z_pre_120s_volume_incremento_soma <= -0.0953700940488;adv_ratio_volatilidade_close_pontos_15s_60s|>|1.2948704724 && adv_z_pre_120s_volume_incremento_soma|<=|-0.095370094;adv_ratio_volatilidade_close_pontos_15s_60s;>;1,2948704724041395;adv_z_pre_120s_volume_incremento_soma;<=;-0,09537009404880883;80,58121306644176;B;2688;60;0,022321428571428572;227;9;218;0,039647577092511016;0,08444940476190477;1,7762114537444935;0,15;0,5204535618784834;1,0;0,5204535618784834;0,017543859649122806;0,06976744186046512;5;46,94981182149622;True;35;461
c371eba98cc074df;06218f5496ce6bdd;P7A_0006693;4;VENDA;BIVARIADO;2;adv_ratio_volatilidade_close_pontos_15s_60s > 1.2948704724 E pre_120s_ticks_total <= 2032;adv_ratio_volatilidade_close_pontos_15s_60s|>|1.2948704724 && pre_120s_ticks_total|<=|2032.0;adv_ratio_volatilidade_close_pontos_15s_60s;>;1,2948704724041395;pre_120s_ticks_total;<=;2032,0;81,3694990072712;B;2688;60;0,022321428571428572;229;9;220;0,039301310043668124;0,08519345238095238;1,760698689956332;0,15;0,5146488361071762;1,0;0,5146488361071762;0,017543859649122806;0,06976744186046512;5;46,92634238682169;True;36;462
688ce1deb109f3e3;9c601ddb5dacec11;P7A_0006694;4;VENDA;BIVARIADO;2;adv_ratio_volatilidade_close_pontos_15s_60s > 1.2948704724 E adv_z_pre_120s_ticks_total <= -0.17715809206;adv_ratio_volatilidade_close_pontos_15s_60s|>|1.2948704724 && adv_z_pre_120s_ticks_total|<=|-0.1771580921;adv_ratio_volatilidade_close_pontos_15s_60s;>;1,2948704724041395;adv_z_pre_120s_ticks_total;<=;-0,17715809206023134;81,3694990072712;B;2688;60;0,022321428571428572;229;9;220;0,039301310043668124;0,08519345238095238;1,760698689956332;0,15;0,5146488361071762;1,0;0,5146488361071762;0,017543859649122806;0,06976744186046512;5;46,92634238682169;True;37;463
4abc0e57129f7fec;f7be68aadf84ef96;P7A_0006427;4;VENDA;BIVARIADO;2;adv_ratio_volatilidade_close_pontos_15s_60s > 1.2948704724 E pre_60s_ticks_incremento_media <= 149.166666667;adv_ratio_volatilidade_close_pontos_15s_60s|>|1.2948704724 && pre_60s_ticks_incremento_media|<=|149.1666666667;adv_ratio_volatilidade_close_pontos_15s_60s;>;1,2948704724041395;pre_60s_ticks_incremento_media;<=;149,16666666666666;79,55763759925144;B;2688;60;0,022321428571428572;232;9;223;0,03879310344827586;0,08630952380952381;1,7379310344827585;0,15;0,5136023670848838;1,0;0,5136023670848838;0,017857142857142856;0,06976744186046512;5;46,67303990761542;True;38;468
6a76713476d3a51b;0d7bf836d1462180;P7A_0006428;4;VENDA;BIVARIADO;2;adv_ratio_volatilidade_close_pontos_15s_60s > 1.2948704724 E adv_z_pre_60s_ticks_incremento_media <= -0.0957484574167;adv_ratio_volatilidade_close_pontos_15s_60s|>|1.2948704724 && adv_z_pre_60s_ticks_incremento_media|<=|-0.0957484574;adv_ratio_volatilidade_close_pontos_15s_60s;>;1,2948704724041395;adv_z_pre_60s_ticks_incremento_media;<=;-0,09574845741668699;79,55763759925144;B;2688;60;0,022321428571428572;232;9;223;0,03879310344827586;0,08630952380952381;1,7379310344827585;0,15;0,5136023670848838;1,0;0,5136023670848838;0,017857142857142856;0,06976744186046512;5;46,67303990761542;True;39;469
f787021fb27295a8;5e0efbfdda77a905;P7A_0007512;4;VENDA;BIVARIADO;2;adv_ratio_volatilidade_close_pontos_15s_60s > 1.2948704724 E pre_60s_cobertura_segundos <= 59;adv_ratio_volatilidade_close_pontos_15s_60s|>|1.2948704724 && pre_60s_cobertura_segundos|<=|59.0;adv_ratio_volatilidade_close_pontos_15s_60s;>;1,2948704724041395;pre_60s_cobertura_segundos;<=;59,0;78,77689526005231;B;2688;60;0,022321428571428572;231;9;222;0,03896103896103896;0,0859375;1,7454545454545454;0,15;0,5164051579019777;1,0;0,5164051579019777;0,017857142857142856;0,06976744186046512;5;46,635046247467855;True;40;470
bd4d9f04ebdcc37c;3c2634afcb8509fd;P7A_0007513;4;VENDA;BIVARIADO;2;adv_ratio_volatilidade_close_pontos_15s_60s > 1.2948704724 E adv_z_pre_60s_cobertura_segundos <= 0.648375060361;adv_ratio_volatilidade_close_pontos_15s_60s|>|1.2948704724 && adv_z_pre_60s_cobertura_segundos|<=|0.6483750604;adv_ratio_volatilidade_close_pontos_15s_60s;>;1,2948704724041395;adv_z_pre_60s_cobertura_segundos;<=;0,64837506036106;78,77689526005231;B;2688;60;0,022321428571428572;231;9;222;0,03896103896103896;0,0859375;1,7454545454545454;0,15;0,5164051579019777;1,0;0,5164051579019777;0,017857142857142856;0,06976744186046512;5;46,635046247467855;True;41;471
5fc988b7b09c75ba;093295ea6b00ab1a;P7A_0006696;4;VENDA;BIVARIADO;2;adv_ratio_volatilidade_close_pontos_15s_60s > 1.2948704724 E adv_delta_spread_minimo_15s_30s <= 0.208333333333;adv_delta_spread_minimo_15s_30s|<=|0.2083333333 && adv_ratio_volatilidade_close_pontos_15s_60s|>|1.2948704724;adv_ratio_volatilidade_close_pontos_15s_60s;>;1,2948704724041395;adv_delta_spread_minimo_15s_30s;<=;0,20833333333333337;78,79179867747969;B;2688;60;0,022321428571428572;235;9;226;0,03829787234042553;0,08742559523809523;1,7157446808510637;0,15;0,5154634891572578;1,0;0,5154634891572578;0,018867924528301886;0,07142857142857142;5;46,601451351295374;True;42;472
594a8f0edcb5ef33;3f3c751474a62df6;P7A_0007179;4;VENDA;BIVARIADO;2;adv_ratio_volatilidade_close_pontos_15s_60s > 1.2948704724 E pre_15s_agressor_compra <= 317;adv_ratio_volatilidade_close_pontos_15s_60s|>|1.2948704724 && pre_15s_agressor_compra|<=|317.0;adv_ratio_volatilidade_close_pontos_15s_60s;>;1,2948704724041395;pre_15s_agressor_compra;<=;317,0;78,5208058872061;B;2688;60;0,022321428571428572;243;9;234;0,037037037037037035;0,09040178571428571;1,6592592592592592;0,15;0,5155007318185154;1,0;0,5155007318185154;0,016129032258064516;0,06666666666666667;5;46,55219330071476;True;43;473
f12bcfc1d8c7f7b9;1ca3b70f90fdcb59;P7A_0007180;4;VENDA;BIVARIADO;2;adv_ratio_volatilidade_close_pontos_15s_60s > 1.2948704724 E adv_z_pre_15s_agressor_compra <= 0.681325822766;adv_ratio_volatilidade_close_pontos_15s_60s|>|1.2948704724 && adv_z_pre_15s_agressor_compra|<=|0.6813258228;adv_ratio_volatilidade_close_pontos_15s_60s;>;1,2948704724041395;adv_z_pre_15s_agressor_compra;<=;0,6813258227661162;78,5208058872061;B;2688;60;0,022321428571428572;243;9;234;0,037037037037037035;0,09040178571428571;1,6592592592592592;0,15;0,5155007318185154;1,0;0,5155007318185154;0,016129032258064516;0,06666666666666667;5;46,55219330071476;True;44;474
47618a83fe96ce2e;e74c808f3ffb2c80;P7A_0006368;4;VENDA;BIVARIADO;2;adv_ratio_volatilidade_close_pontos_15s_60s > 1.2948704724 E pre_15s_agressor_venda > 6;adv_ratio_volatilidade_close_pontos_15s_60s|>|1.2948704724 && pre_15s_agressor_venda|>|6.0;adv_ratio_volatilidade_close_pontos_15s_60s;>;1,2948704724041395;pre_15s_agressor_venda;>;6,0;77,36228912520812;B;2688;60;0,022321428571428572;229;9;220;0,039301310043668124;0,08519345238095238;1,760698689956332;0,15;0,5205687773441046;1,0;0,5205687773441046;0,017857142857142856;0,07142857142857142;5;46,55203614323882;True;45;475
b44ea0e2c273c55c;d34aef4732c5e093;P7A_0006369;4;VENDA;BIVARIADO;2;adv_ratio_volatilidade_close_pontos_15s_60s > 1.2948704724 E adv_z_pre_15s_agressor_venda > -0.670322565879;adv_ratio_volatilidade_close_pontos_15s_60s|>|1.2948704724 && adv_z_pre_15s_agressor_venda|>|-0.6703225659;adv_ratio_volatilidade_close_pontos_15s_60s;>;1,2948704724041395;adv_z_pre_15s_agressor_venda;>;-0,6703225658788635;77,36228912520812;B;2688;60;0,022321428571428572;229;9;220;0,039301310043668124;0,08519345238095238;1,760698689956332;0,15;0,5205687773441046;1,0;0,5205687773441046;0,017857142857142856;0,07142857142857142;5;46,55203614323882;True;46;476
579ffdd9a4e7fc37;95df290c4faf43e7;P7A_0007288;4;VENDA;BIVARIADO;2;adv_ratio_volatilidade_close_pontos_15s_60s > 1.2948704724 E pre_120s_ticks_max_s <= 317;adv_ratio_volatilidade_close_pontos_15s_60s|>|1.2948704724 && pre_120s_ticks_max_s|<=|317.0;adv_ratio_volatilidade_close_pontos_15s_60s;>;1,2948704724041395;pre_120s_ticks_max_s;<=;317,0;78,82442200682596;B;2688;60;0,022321428571428572;255;9;246;0,03529411764705882;0,09486607142857142;1,5811764705882352;0,15;0,5102420565249953;1,0;0,5102420565249953;0,01639344262295082;0,06521739130434782;5;46,51192211205054;True;47;477
30a758d8b9ff008a;f15ce2d2dbdecee1;P7A_0007289;4;VENDA;BIVARIADO;2;adv_ratio_volatilidade_close_pontos_15s_60s > 1.2948704724 E adv_z_pre_120s_ticks_max_s <= 2.00884241847;adv_ratio_volatilidade_close_pontos_15s_60s|>|1.2948704724 && adv_z_pre_120s_ticks_max_s|<=|2.0088424185;adv_ratio_volatilidade_close_pontos_15s_60s;>;1,2948704724041395;adv_z_pre_120s_ticks_max_s;<=;2,0088424184660627;78,82442200682596;B;2688;60;0,022321428571428572;255;9;246;0,03529411764705882;0,09486607142857142;1,5811764705882352;0,15;0,5102420565249953;1,0;0,5102420565249953;0,01639344262295082;0,06521739130434782;5;46,51192211205054;True;48;478
dddd4f667d4093a7;68a11efc87e35e2e;P7A_0006933;4;VENDA;BIVARIADO;2;adv_ratio_volatilidade_close_pontos_15s_60s > 1.2948704724 E pre_120s_volume_incremento_soma <= 4306.6;adv_ratio_volatilidade_close_pontos_15s_60s|>|1.2948704724 && pre_120s_volume_incremento_soma|<=|4306.6;adv_ratio_volatilidade_close_pontos_15s_60s;>;1,2948704724041395;pre_120s_volume_incremento_soma;<=;4306,600000000002;78,57102590842287;B;2688;60;0,022321428571428572;252;9;243;0,03571428571428571;0,09375;1,5999999999999999;0,15;0,5066420560733937;1,0;0,5066420560733937;0,016666666666666666;0,06666666666666667;5;46,40760392785564;True;49;479
120bb650e87d2265;95e7849971cccb94;P7A_0006934;4;VENDA;BIVARIADO;2;adv_ratio_volatilidade_close_pontos_15s_60s > 1.2948704724 E adv_z_pre_120s_volume_incremento_soma <= 1.61286472683;adv_ratio_volatilidade_close_pontos_15s_60s|>|1.2948704724 && adv_z_pre_120s_volume_incremento_soma|<=|1.6128647268;adv_ratio_volatilidade_close_pontos_15s_60s;>;1,2948704724041395;adv_z_pre_120s_volume_incremento_soma;<=;1,612864726832671;78,57102590842287;B;2688;60;0,022321428571428572;252;9;243;0,03571428571428571;0,09375;1,5999999999999999;0,15;0,5066420560733937;1,0;0,5066420560733937;0,016666666666666666;0,06666666666666667;5;46,40760392785564;True;50;480
8388b8175c27392d;0adc1a43abddf525;P7A_0006552;4;VENDA;BIVARIADO;2;adv_ratio_range_pontos_15s_60s > 0.340425531915 E adv_ratio_volatilidade_close_pontos_15s_60s > 1.2948704724;adv_ratio_range_pontos_15s_60s|>|0.3404255319 && adv_ratio_volatilidade_close_pontos_15s_60s|>|1.2948704724;adv_ratio_range_pontos_15s_60s;>;0,3404255319147005;adv_ratio_volatilidade_close_pontos_15s_60s;>;1,2948704724041395;77,29394578134166;B;2688;60;0,022321428571428572;251;9;242;0,035856573705179286;0,09337797619047619;1,606374501992032;0,15;0,5112081493079117;1,0;0,5112081493079117;0,016666666666666666;0,06666666666666667;5;46,33417015284581;True;51;481
0b2e94f3699f4677;7cb8043daf1b3488;P7A_0007070;4;VENDA;BIVARIADO;2;adv_ratio_range_pontos_15s_60s > 0.246575342466 E adv_ratio_volatilidade_close_pontos_15s_60s > 1.2948704724;adv_ratio_range_pontos_15s_60s|>|0.2465753425 && adv_ratio_volatilidade_close_pontos_15s_60s|>|1.2948704724;adv_ratio_range_pontos_15s_60s;>;0,24657534246561832;adv_ratio_volatilidade_close_pontos_15s_60s;>;1,2948704724041395;76,37163309191841;B;2688;60;0,022321428571428572;260;9;251;0,03461538461538462;0,09672619047619048;1,550769230769231;0,15;0,514595938841278;1,0;0,514595938841278;0,016129032258064516;0,06382978723404255;5;46,317542650392994;True;52;482
6cc64e5b369f81d2;e5183d73b8f7ff35;P7A_0007116;4;VENDA;BIVARIADO;2;adv_ratio_volatilidade_close_pontos_15s_60s > 1.2948704724 E pre_15s_cobertura_pct <= 1;adv_ratio_volatilidade_close_pontos_15s_60s|>|1.2948704724 && pre_15s_cobertura_pct|<=|1.0;adv_ratio_volatilidade_close_pontos_15s_60s;>;1,2948704724041395;pre_15s_cobertura_pct;<=;1,0;76,3376790726898;B;2688;60;0,022321428571428572;260;9;251;0,03461538461538462;0,09672619047619048;1,550769230769231;0,15;0,514595938841278;1,0;0,514595938841278;0,016129032258064516;0,06382978723404255;5;46,313468168085556;True;53;483
ca5bb96eda037fa1;504367d6b4b03146;P7A_0007117;4;VENDA;BIVARIADO;2;adv_ratio_volatilidade_close_pontos_15s_60s > 1.2948704724 E adv_z_pre_15s_cobertura_pct <= 0.663725833062;adv_ratio_volatilidade_close_pontos_15s_60s|>|1.2948704724 && adv_z_pre_15s_cobertura_pct|<=|0.6637258331;adv_ratio_volatilidade_close_pontos_15s_60s;>;1,2948704724041395;adv_z_pre_15s_cobertura_pct;<=;0,6637258330622307;76,3376790726898;B;2688;60;0,022321428571428572;260;9;251;0,03461538461538462;0,09672619047619048;1,550769230769231;0,15;0,514595938841278;1,0;0,514595938841278;0,016129032258064516;0,06382978723404255;5;46,313468168085556;True;54;484
42b1f4890119d48b;5b94ea919af43587;P7A_0007118;4;VENDA;BIVARIADO;2;adv_ratio_volatilidade_close_pontos_15s_60s > 1.2948704724 E pre_60s_cobertura_segundos <= 60;adv_ratio_volatilidade_close_pontos_15s_60s|>|1.2948704724 && pre_60s_cobertura_segundos|<=|60.0;adv_ratio_volatilidade_close_pontos_15s_60s;>;1,2948704724041395;pre_60s_cobertura_segundos;<=;60,0;76,3376790726898;B;2688;60;0,022321428571428572;260;9;251;0,03461538461538462;0,09672619047619048;1,550769230769231;0,15;0,514595938841278;1,0;0,514595938841278;0,016129032258064516;0,06382978723404255;5;46,313468168085556;True;55;485
40c54830b192935e;b53f03a24514057b;P7A_0007119;4;VENDA;BIVARIADO;2;adv_ratio_volatilidade_close_pontos_15s_60s > 1.2948704724 E adv_z_pre_60s_cobertura_segundos <= 0.721684458206;adv_ratio_volatilidade_close_pontos_15s_60s|>|1.2948704724 && adv_z_pre_60s_cobertura_segundos|<=|0.7216844582;adv_ratio_volatilidade_close_pontos_15s_60s;>;1,2948704724041395;adv_z_pre_60s_cobertura_segundos;<=;0,7216844582056892;76,3376790726898;B;2688;60;0,022321428571428572;260;9;251;0,03461538461538462;0,09672619047619048;1,550769230769231;0,15;0,514595938841278;1,0;0,514595938841278;0,016129032258064516;0,06382978723404255;5;46,313468168085556;True;56;486
d584ce64746acc54;2812ee79a4628aaf;P7A_0006863;4;VENDA;BIVARIADO;2;adv_ratio_volatilidade_close_pontos_15s_60s > 1.2948704724 E adv_z_pre_30s_ticks_media_s <= 0.637035908485;adv_ratio_volatilidade_close_pontos_15s_60s|>|1.2948704724 && adv_z_pre_30s_ticks_media_s|<=|0.6370359085;adv_ratio_volatilidade_close_pontos_15s_60s;>;1,2948704724041395;adv_z_pre_30s_ticks_media_s;<=;0,6370359084848988;78,66728429437744;B;2688;60;0,022321428571428572;252;9;243;0,03571428571428571;0,09375;1,5999999999999999;0,15;0,4957132237877323;1,0;0,4957132237877323;0,01639344262295082;0,06818181818181818;5;46,22243595302828;True;57;487
e5fa8a9b29e95f43;3cb7823a827fea77;P7A_0006864;4;VENDA;BIVARIADO;2;adv_ratio_volatilidade_close_pontos_15s_60s > 1.2948704724 E pre_30s_ticks_media_s <= 44.9066666667;adv_ratio_volatilidade_close_pontos_15s_60s|>|1.2948704724 && pre_30s_ticks_media_s|<=|44.9066666667;adv_ratio_volatilidade_close_pontos_15s_60s;>;1,2948704724041395;pre_30s_ticks_media_s;<=;44,90666666666663;78,66728429437744;B;2688;60;0,022321428571428572;252;9;243;0,03571428571428571;0,09375;1,5999999999999999;0,15;0,4957132237877323;1,0;0,4957132237877323;0,01639344262295082;0,06818181818181818;5;46,22243595302828;True;58;488
08a5a3c1119a6dab;c706bc8df80a0a10;P7A_0006371;4;VENDA;BIVARIADO;2;adv_ratio_volatilidade_close_pontos_15s_60s > 1.2948704724 E pre_60s_ticks_incremento_media <= 310.260606061;adv_ratio_volatilidade_close_pontos_15s_60s|>|1.2948704724 && pre_60s_ticks_incremento_media|<=|310.2606060606;adv_ratio_volatilidade_close_pontos_15s_60s;>;1,2948704724041395;pre_60s_ticks_incremento_media;<=;310,26060606060616;76,85416910899062;B;2688;60;0,022321428571428572;251;9;242;0,035856573705179286;0,09337797619047619;1,606374501992032;0,15;0,5038922146586886;1,0;0,5038922146586886;0,016129032258064516;0,06666666666666667;5;46,149710128477665;True;59;489
dadec9ef7e716916;3d494f3bae4a04ea;P7A_0006372;4;VENDA;BIVARIADO;2;adv_ratio_volatilidade_close_pontos_15s_60s > 1.2948704724 E adv_z_pre_60s_ticks_incremento_media <= 0.479128600408;adv_ratio_volatilidade_close_pontos_15s_60s|>|1.2948704724 && adv_z_pre_60s_ticks_incremento_media|<=|0.4791286004;adv_ratio_volatilidade_close_pontos_15s_60s;>;1,2948704724041395;adv_z_pre_60s_ticks_incremento_media;<=;0,47912860040750316;76,85416910899062;B;2688;60;0,022321428571428572;251;9;242;0,035856573705179286;0,09337797619047619;1,606374501992032;0,15;0,5038922146586886;1,0;0,5038922146586886;0,016129032258064516;0,06666666666666667;5;46,149710128477665;True;60;490
81aa862b665ba76c;8eab4d9307603c71;P7A_0008403;5;COMPRA;BIVARIADO;2;adv_delta_spread_minimo_15s_60s > 0.961538461538 E pre_15s_agressor_compra > 290.9;adv_delta_spread_minimo_15s_60s|>|0.9615384615 && pre_15s_agressor_compra|>|290.9;adv_delta_spread_minimo_15s_60s;>;0,9615384615384615;pre_15s_agressor_compra;>;290,9000000000001;78,83824657047454;B;1701;74;0,04350382128159906;59;16;43;0,2711864406779661;0,03468547912992358;6,233623453962437;0,21621621621621623;0,7167820094981092;1,0;0,7167820094981092;0,14285714285714285;0,3333333333333333;5;84,52492325501375;True;1;1
c7782ba745d9b3c1;30cd006d3c30f6ef;P7A_0008404;5;COMPRA;BIVARIADO;2;adv_delta_spread_minimo_15s_60s > 0.961538461538 E adv_z_pre_15s_agressor_compra > 0.564681701107;adv_delta_spread_minimo_15s_60s|>|0.9615384615 && adv_z_pre_15s_agressor_compra|>|0.5646817011;adv_delta_spread_minimo_15s_60s;>;0,9615384615384615;adv_z_pre_15s_agressor_compra;>;0,5646817011071398;78,83824657047454;B;1701;74;0,04350382128159906;59;16;43;0,2711864406779661;0,03468547912992358;6,233623453962437;0,21621621621621623;0,7167820094981092;1,0;0,7167820094981092;0,14285714285714285;0,3333333333333333;5;84,52492325501375;True;2;2
75f353c33b868c5c;18289f64329bddda;P7A_0008409;5;COMPRA;BIVARIADO;2;pre_15s_agressor_venda > 274.9 E adv_delta_spread_minimo_15s_60s > 0.961538461538;adv_delta_spread_minimo_15s_60s|>|0.9615384615 && pre_15s_agressor_venda|>|274.9;pre_15s_agressor_venda;>;274,9000000000001;adv_delta_spread_minimo_15s_60s;>;0,9615384615384615;76,07519186188625;B;1701;74;0,04350382128159906;57;16;41;0,2807017543859649;0,03350970017636684;6,45234708392603;0,21621621621621623;0,5909442179704183;0,8;0,7386802724630228;0,14285714285714285;0,3;4;81,7871829680579;True;3;3
d06c787dc2fe818b;349810d477a2a3bb;P7A_0008410;5;COMPRA;BIVARIADO;2;adv_z_pre_15s_agressor_venda > 0.462464254325 E adv_delta_spread_minimo_15s_60s > 0.961538461538;adv_delta_spread_minimo_15s_60s|>|0.9615384615 && adv_z_pre_15s_agressor_venda|>|0.4624642543;adv_z_pre_15s_agressor_venda;>;0,4624642543250514;adv_delta_spread_minimo_15s_60s;>;0,9615384615384615;76,07519186188625;B;1701;74;0,04350382128159906;57;16;41;0,2807017543859649;0,03350970017636684;6,45234708392603;0,21621621621621623;0,5909442179704183;0,8;0,7386802724630228;0,14285714285714285;0,3;4;81,7871829680579;True;4;4
e8a70227e5982d12;300e2e747cc5d430;P7A_0008421;5;COMPRA;BIVARIADO;2;pre_15s_volume_incremento_media > 27.92 E adv_delta_spread_minimo_15s_60s > 0.961538461538;adv_delta_spread_minimo_15s_60s|>|0.9615384615 && pre_15s_volume_incremento_media|>|27.92;pre_15s_volume_incremento_media;>;27,920000000000012;adv_delta_spread_minimo_15s_60s;>;0,9615384615384615;76,65910138200117;B;1701;74;0,04350382128159906;56;14;42;0,25;0,03292181069958848;5,746621621621621;0,1891891891891892;0,6512250748998146;1,0;0,6512250748998146;0,14285714285714285;0,3333333333333333;5;81,25689593312255;True;5;5
57f7e9dfd0d1453c;54c9bfeb385d9715;P7A_0008422;5;COMPRA;BIVARIADO;2;adv_z_pre_15s_volume_incremento_media > 0.422680792497 E adv_delta_spread_minimo_15s_60s > 0.961538461538;adv_delta_spread_minimo_15s_60s|>|0.9615384615 && adv_z_pre_15s_volume_incremento_media|>|0.4226807925;adv_z_pre_15s_volume_incremento_media;>;0,4226807924968387;adv_delta_spread_minimo_15s_60s;>;0,9615384615384615;76,65910138200117;B;1701;74;0,04350382128159906;56;14;42;0,25;0,03292181069958848;5,746621621621621;0,1891891891891892;0,6512250748998146;1,0;0,6512250748998146;0,14285714285714285;0,3333333333333333;5;81,25689593312255;True;6;6
3a5a6893a951a548;9126c2606b7cb092;P7A_0008405;5;COMPRA;BIVARIADO;2;adv_delta_compressao_spread_60s_120s <= -0.323378444642 E pre_60s_range_pontos > 2450;adv_delta_compressao_spread_60s_120s|<=|-0.3233784446 && pre_60s_range_pontos|>|2450.0;adv_delta_compressao_spread_60s_120s;<=;-0,32337844464185383;pre_60s_range_pontos;>;2450,0;79,72640119123035;B;1701;74;0,04350382128159906;68;17;51;0,25;0,03997648442092887;5,746621621621621;0,22972972972972974;0,5563047889557924;1,0;0,5563047889557924;0,07142857142857142;0,375;5;81,19540004223093;True;7;7
18b57adb0d7812b0;3478a5b348957051;P7A_0008406;5;COMPRA;BIVARIADO;2;adv_delta_compressao_spread_60s_120s <= -0.323378444642 E adv_z_pre_60s_range_pontos > -0.0328404614945;adv_delta_compressao_spread_60s_120s|<=|-0.3233784446 && adv_z_pre_60s_range_pontos|>|-0.0328404615;adv_delta_compressao_spread_60s_120s;<=;-0,32337844464185383;adv_z_pre_60s_range_pontos;>;-0,03284046149450046;79,72640119123035;B;1701;74;0,04350382128159906;68;17;51;0,25;0,03997648442092887;5,746621621621621;0,22972972972972974;0,5563047889557924;1,0;0,5563047889557924;0,07142857142857142;0,375;5;81,19540004223093;True;8;8
23cb95d2d47cf9da;b7d81b77e895df45;P7A_0008411;5;COMPRA;BIVARIADO;2;adv_delta_compressao_spread_60s_120s <= -0.323378444642 E pre_15s_range_pontos > 2322.5;adv_delta_compressao_spread_60s_120s|<=|-0.3233784446 && pre_15s_range_pontos|>|2322.5;adv_delta_compressao_spread_60s_120s;<=;-0,32337844464185383;pre_15s_range_pontos;>;2322,5000000000023;76,61259601078577;B;1701;74;0,04350382128159906;50;15;35;0,3;0,029394473838918283;6,895945945945945;0,20270270270270271;0,5667139628265327;1,0;0,5667139628265327;0,14285714285714285;0,42857142857142855;5;80,92169971284207;True;9;9
5f187eb15994a1b4;c4952a42f47b50e6;P7A_0008412;5;COMPRA;BIVARIADO;2;adv_delta_compressao_spread_60s_120s <= -0.323378444642 E adv_z_pre_15s_range_pontos > 1.12589126286;adv_delta_compressao_spread_60s_120s|<=|-0.3233784446 && adv_z_pre_15s_range_pontos|>|1.1258912629;adv_delta_compressao_spread_60s_120s;<=;-0,32337844464185383;adv_z_pre_15s_range_pontos;>;1,1258912628630997;76,61259601078577;B;1701;74;0,04350382128159906;50;15;35;0,3;0,029394473838918283;6,895945945945945;0,20270270270270271;0,5667139628265327;1,0;0,5667139628265327;0,14285714285714285;0,42857142857142855;5;80,92169971284207;True;10;10
8952f967d26f8617;78ada022c92637b0;P7A_0008417;5;COMPRA;BIVARIADO;2;adv_delta_spread_minimo_15s_60s > 0.961538461538 E pre_30s_ticks_media_s > 44.04;adv_delta_spread_minimo_15s_60s|>|0.9615384615 && pre_30s_ticks_media_s|>|44.04;adv_delta_spread_minimo_15s_60s;>;0,9615384615384615;pre_30s_ticks_media_s;>;44,039999999999935;76,31751612200591;B;1701;74;0,04350382128159906;66;16;50;0,24242424242424243;0,03880070546737213;5,572481572481572;0,21621621621621623;0,6370747088559161;1,0;0,6370747088559161;0,09090909090909091;0,3;5;80,6197786883792;True;11;11
29b6a1a1900b5460;ddf43e2fca0cb236;P7A_0008418;5;COMPRA;BIVARIADO;2;adv_delta_spread_minimo_15s_60s > 0.961538461538 E adv_z_pre_30s_ticks_media_s > 0.610913274549;adv_delta_spread_minimo_15s_60s|>|0.9615384615 && adv_z_pre_30s_ticks_media_s|>|0.6109132745;adv_delta_spread_minimo_15s_60s;>;0,9615384615384615;adv_z_pre_30s_ticks_media_s;>;0,6109132745485222;76,31751612200591;B;1701;74;0,04350382128159906;66;16;50;0,24242424242424243;0,03880070546737213;5,572481572481572;0,21621621621621623;0,6370747088559161;1,0;0,6370747088559161;0,09090909090909091;0,3;5;80,6197786883792;True;12;12
9afb2c40fdd45800;fd80350ba30948ba;P7A_0008433;5;COMPRA;BIVARIADO;2;adv_delta_compressao_spread_60s_120s <= -0.323378444642 E pre_15s_agressor_compra > 290.9;adv_delta_compressao_spread_60s_120s|<=|-0.3233784446 && pre_15s_agressor_compra|>|290.9;adv_delta_compressao_spread_60s_120s;<=;-0,32337844464185383;pre_15s_agressor_compra;>;290,9000000000001;75,18623354725588;B;1701;74;0,04350382128159906;58;15;43;0,25862068965517243;0,03409758965314521;5,944780987884436;0,20270270270270271;0,537470387278592;1,0;0,537470387278592;0,1;0,4;5;80,5308370318568;True;13;13
3c953a8028b3a30e;294f0b1cfc902cf7;P7A_0008434;5;COMPRA;BIVARIADO;2;adv_delta_compressao_spread_60s_120s <= -0.323378444642 E adv_z_pre_15s_agressor_compra > 0.564681701107;adv_delta_compressao_spread_60s_120s|<=|-0.3233784446 && adv_z_pre_15s_agressor_compra|>|0.5646817011;adv_delta_compressao_spread_60s_120s;<=;-0,32337844464185383;adv_z_pre_15s_agressor_compra;>;0,5646817011071398;75,18623354725588;B;1701;74;0,04350382128159906;58;15;43;0,25862068965517243;0,03409758965314521;5,944780987884436;0,20270270270270271;0,537470387278592;1,0;0,537470387278592;0,1;0,4;5;80,5308370318568;True;14;14
fa22712917cb0d77;06e8386cc332c933;P7A_0008423;5;COMPRA;BIVARIADO;2;pre_15s_agressor_venda > 274.9 E adv_delta_compressao_spread_60s_120s <= -0.323378444642;adv_delta_compressao_spread_60s_120s|<=|-0.3233784446 && pre_15s_agressor_venda|>|274.9;pre_15s_agressor_venda;>;274,9000000000001;adv_delta_compressao_spread_60s_120s;<=;-0,32337844464185383;75,32909537238305;B;1701;74;0,04350382128159906;56;15;41;0,26785714285714285;0,03292181069958848;6,157094594594594;0,20270270270270271;0,5287510252616855;1,0;0,5287510252616855;0,1;0,4;5;80,50762718334693;True;15;15
40a09cc527b1132f;d50061d3d1b35f24;P7A_0008424;5;COMPRA;BIVARIADO;2;adv_z_pre_15s_agressor_venda > 0.462464254325 E adv_delta_compressao_spread_60s_120s <= -0.323378444642;adv_delta_compressao_spread_60s_120s|<=|-0.3233784446 && adv_z_pre_15s_agressor_venda|>|0.4624642543;adv_z_pre_15s_agressor_venda;>;0,4624642543250514;adv_delta_compressao_spread_60s_120s;<=;-0,32337844464185383;75,32909537238305;B;1701;74;0,04350382128159906;56;15;41;0,26785714285714285;0,03292181069958848;6,157094594594594;0,20270270270270271;0,5287510252616855;1,0;0,5287510252616855;0,1;0,4;5;80,50762718334693;True;16;16
af1e859a7518e529;2314a98b745ef155;P7A_0008463;5;COMPRA;BIVARIADO;2;pre_15s_volatilidade_close_pontos > 366.317984086 E adv_delta_compressao_spread_60s_120s <= -0.323378444642;adv_delta_compressao_spread_60s_120s|<=|-0.3233784446 && pre_15s_volatilidade_close_pontos|>|366.3179840864;pre_15s_volatilidade_close_pontos;>;366,3179840863509;adv_delta_compressao_spread_60s_120s;<=;-0,32337844464185383;72,9010202758666;B;1701;74;0,04350382128159906;52;15;37;0,28846153846153844;0,030570252792475015;6,630717255717255;0,20270270270270271;0,5473037828114666;1,0;0,5473037828114666;0,125;0,4;5;80,26802085880739;True;17;17
f14e14494a6934e9;825e99c78f9ff5e4;P7A_0008464;5;COMPRA;BIVARIADO;2;adv_z_pre_15s_volatilidade_close_pontos > 1.10892903948 E adv_delta_compressao_spread_60s_120s <= -0.323378444642;adv_delta_compressao_spread_60s_120s|<=|-0.3233784446 && adv_z_pre_15s_volatilidade_close_pontos|>|1.1089290395;adv_z_pre_15s_volatilidade_close_pontos;>;1,1089290394753863;adv_delta_compressao_spread_60s_120s;<=;-0,32337844464185383;72,9010202758666;B;1701;74;0,04350382128159906;52;15;37;0,28846153846153844;0,030570252792475015;6,630717255717255;0,20270270270270271;0,5473037828114666;1,0;0,5473037828114666;0,125;0,4;5;80,26802085880739;True;18;18
a36d7e4a4579e3f8;20b5fb0a3ea45951;P7A_0008401;5;COMPRA;BIVARIADO;2;pre_120s_range_pontos > 5852.5 E adv_delta_compressao_spread_60s_120s <= -0.323378444642;adv_delta_compressao_spread_60s_120s|<=|-0.3233784446 && pre_120s_range_pontos|>|5852.5;pre_120s_range_pontos;>;5852,499999999998;adv_delta_compressao_spread_60s_120s;<=;-0,32337844464185383;78,2882527438779;B;1701;74;0,04350382128159906;44;15;29;0,3409090909090909;0,02586713697824809;7,83630221130221;0,20270270270270271;0,5904030911546383;0,8;0,7380038639432979;0,2;0,4;4;80,16590240743861;True;19;19
85f6d7cb6dc6c997;0475258e65d4a621;P7A_0008402;5;COMPRA;BIVARIADO;2;adv_z_pre_120s_range_pontos > 0.978956131036 E adv_delta_compressao_spread_60s_120s <= -0.323378444642;adv_delta_compressao_spread_60s_120s|<=|-0.3233784446 && adv_z_pre_120s_range_pontos|>|0.978956131;adv_z_pre_120s_range_pontos;>;0,9789561310355067;adv_delta_compressao_spread_60s_120s;<=;-0,32337844464185383;78,2882527438779;B;1701;74;0,04350382128159906;44;15;29;0,3409090909090909;0,02586713697824809;7,83630221130221;0,20270270270270271;0,5904030911546383;0,8;0,7380038639432979;0,2;0,4;4;80,16590240743861;True;20;20
4e703fc62e9bdf3a;fe817cd4b1dc39ee;P7A_0008439;5;COMPRA;BIVARIADO;2;adv_delta_compressao_spread_60s_120s <= -0.323378444642 E pre_30s_ticks_max_s > 184.1;adv_delta_compressao_spread_60s_120s|<=|-0.3233784446 && pre_30s_ticks_max_s|>|184.1;adv_delta_compressao_spread_60s_120s;<=;-0,32337844464185383;pre_30s_ticks_max_s;>;184,0999999999999;74,51090874440911;B;1701;74;0,04350382128159906;54;15;39;0,2777777777777778;0,031746031746031744;6,385135135135135;0,20270270270270271;0,5197171923204711;1,0;0,5197171923204711;0,09090909090909091;0,42857142857142855;5;80,10574232062137;True;21;21
e938ea65ad6bf247;77fdbdc32b008900;P7A_0008440;5;COMPRA;BIVARIADO;2;adv_delta_compressao_spread_60s_120s <= -0.323378444642 E adv_z_pre_30s_ticks_max_s > 1.38731767511;adv_delta_compressao_spread_60s_120s|<=|-0.3233784446 && adv_z_pre_30s_ticks_max_s|>|1.3873176751;adv_delta_compressao_spread_60s_120s;<=;-0,32337844464185383;adv_z_pre_30s_ticks_max_s;>;1,3873176751057685;74,51090874440911;B;1701;74;0,04350382128159906;54;15;39;0,2777777777777778;0,031746031746031744;6,385135135135135;0,20270270270270271;0,5197171923204711;1,0;0,5197171923204711;0,09090909090909091;0,42857142857142855;5;80,10574232062137;True;22;22
3cfaa72727f5627a;064adfdc783b7f8d;P7A_0008435;5;COMPRA;BIVARIADO;2;adv_delta_compressao_spread_60s_120s <= -0.323378444642 E pre_30s_trades_incremento_soma > 235;adv_delta_compressao_spread_60s_120s|<=|-0.3233784446 && pre_30s_trades_incremento_soma|>|235.0;adv_delta_compressao_spread_60s_120s;<=;-0,32337844464185383;pre_30s_trades_incremento_soma;>;235,0;74,9824100305969;B;1701;74;0,04350382128159906;65;16;49;0,24615384615384617;0,03821281599059377;5,658212058212058;0,21621621621621623;0,5342878192532039;1,0;0,5342878192532039;0,1111111111111111;0,4;5;79,26713593562862;True;23;23
e7574341c732c035;d377603901224f32;P7A_0008436;5;COMPRA;BIVARIADO;2;adv_delta_compressao_spread_60s_120s <= -0.323378444642 E adv_z_pre_30s_trades_incremento_soma > -0.343517639202;adv_delta_compressao_spread_60s_120s|<=|-0.3233784446 && adv_z_pre_30s_trades_incremento_soma|>|-0.3435176392;adv_delta_compressao_spread_60s_120s;<=;-0,32337844464185383;adv_z_pre_30s_trades_incremento_soma;>;-0,34351763920195355;74,9824100305969;B;1701;74;0,04350382128159906;65;16;49;0,24615384615384617;0,03821281599059377;5,658212058212058;0,21621621621621623;0,5342878192532039;1,0;0,5342878192532039;0,1111111111111111;0,4;5;79,26713593562862;True;24;24
a1ba8661563694d4;32d96dafa16795a1;P7A_0008443;5;COMPRA;BIVARIADO;2;adv_delta_compressao_spread_60s_120s <= -0.323378444642 E pre_15s_agressor_compra > 92;adv_delta_compressao_spread_60s_120s|<=|-0.3233784446 && pre_15s_agressor_compra|>|92.0;adv_delta_compressao_spread_60s_120s;<=;-0,32337844464185383;pre_15s_agressor_compra;>;92,0;74,61013943376953;B;1701;74;0,04350382128159906;67;16;51;0,23880597014925373;0,0393885949441505;5,489310205728116;0,21621621621621623;0,5463579871267055;1,0;0,5463579871267055;0,11764705882352941;0,4;5;78,14599822682997;True;25;25
41ad57a29042bbb6;6331d5ee065b8eb8;P7A_0008441;5;COMPRA;BIVARIADO;2;pre_15s_agressor_venda > 94 E adv_delta_compressao_spread_60s_120s <= -0.323378444642;adv_delta_compressao_spread_60s_120s|<=|-0.3233784446 && pre_15s_agressor_venda|>|94.0;pre_15s_agressor_venda;>;94,0;adv_delta_compressao_spread_60s_120s;<=;-0,32337844464185383;74,45416181316949;B;1701;74;0,04350382128159906;66;16;50;0,24242424242424243;0,03880070546737213;5,572481572481572;0,21621621621621623;0,5065024937820517;1,0;0,5065024937820517;0,125;0,4;5;78,04587629998927;True;26;26
d34d19cf6d724a93;ee38cd12b85d8570;P7A_0008442;5;COMPRA;BIVARIADO;2;adv_z_pre_15s_agressor_venda > -0.294276213778 E adv_delta_compressao_spread_60s_120s <= -0.323378444642;adv_delta_compressao_spread_60s_120s|<=|-0.3233784446 && adv_z_pre_15s_agressor_venda|>|-0.2942762138;adv_z_pre_15s_agressor_venda;>;-0,29427621377834706;adv_delta_compressao_spread_60s_120s;<=;-0,32337844464185383;74,45416181316949;B;1701;74;0,04350382128159906;66;16;50;0,24242424242424243;0,03880070546737213;5,572481572481572;0,21621621621621623;0,5065024937820517;1,0;0,5065024937820517;0,125;0,4;5;78,04587629998927;True;27;27
f290d226ab28e555;f332abc530373d0a;P7A_0008448;5;COMPRA;BIVARIADO;2;adv_delta_compressao_spread_60s_120s <= -0.323378444642 E adv_z_pre_15s_agressor_compra > -0.302886464138;adv_delta_compressao_spread_60s_120s|<=|-0.3233784446 && adv_z_pre_15s_agressor_compra|>|-0.3028864641;adv_delta_compressao_spread_60s_120s;<=;-0,32337844464185383;adv_z_pre_15s_agressor_compra;>;-0,30288646413753306;74,38760758226502;B;1701;74;0,04350382128159906;68;16;52;0,23529411764705882;0,03997648442092887;5,408585055643879;0,21621621621621623;0,5375664507095967;1,0;0,5375664507095967;0,11764705882352941;0,4;5;77,34583309910195;True;28;28
a7faf6f3d623b80d;6c34545fb1ad0883;P7A_0008429;5;COMPRA;BIVARIADO;2;pre_15s_volume_incremento_media > 9.77261904762 E adv_delta_compressao_spread_60s_120s <= -0.323378444642;adv_delta_compressao_spread_60s_120s|<=|-0.3233784446 && pre_15s_volume_incremento_media|>|9.7726190476;pre_15s_volume_incremento_media;>;9,772619047619049;adv_delta_compressao_spread_60s_120s;<=;-0,32337844464185383;75,59252912264628;B;1701;74;0,04350382128159906;68;16;52;0,23529411764705882;0,03997648442092887;5,408585055643879;0,21621621621621623;0,5220364657009586;1,0;0,5220364657009586;0,11764705882352941;0,4;5;77,2108839537922;True;29;29
6dfdc7613293b11e;21fa03816193344b;P7A_0008430;5;COMPRA;BIVARIADO;2;adv_z_pre_15s_volume_incremento_media > -0.211543882329 E adv_delta_compressao_spread_60s_120s <= -0.323378444642;adv_delta_compressao_spread_60s_120s|<=|-0.3233784446 && adv_z_pre_15s_volume_incremento_media|>|-0.2115438823;adv_z_pre_15s_volume_incremento_media;>;-0,21154388232917284;adv_delta_compressao_spread_60s_120s;<=;-0,32337844464185383;75,59252912264628;B;1701;74;0,04350382128159906;68;16;52;0,23529411764705882;0,03997648442092887;5,408585055643879;0,21621621621621623;0,5220364657009586;1,0;0,5220364657009586;0,11764705882352941;0,4;5;77,2108839537922;True;30;30
d29288d95de0ead1;dbab6d518a101a48;P7A_0008407;5;COMPRA;BIVARIADO;2;pre_15s_volatilidade_close_pontos > 237.79221789 E adv_delta_compressao_spread_60s_120s <= -0.323378444642;adv_delta_compressao_spread_60s_120s|<=|-0.3233784446 && pre_15s_volatilidade_close_pontos|>|237.7922178897;pre_15s_volatilidade_close_pontos;>;237,79221788967124;adv_delta_compressao_spread_60s_120s;<=;-0,32337844464185383;80,23529785573994;B;1701;74;0,04350382128159906;75;17;58;0,22666666666666666;0,04409171075837742;5,21027027027027;0,22972972972972974;0,5509505138141695;1,0;0,5509505138141695;0,08333333333333333;0,3333333333333333;5;77,09761154361038;True;31;31
503bc804df20ef69;b0a308fadfdb3f9e;P7A_0008461;5;COMPRA;BIVARIADO;2;adv_delta_compressao_spread_60s_120s <= -0.323378444642 E pre_30s_ticks_media_s > 15.8972222222;adv_delta_compressao_spread_60s_120s|<=|-0.3233784446 && pre_30s_ticks_media_s|>|15.8972222222;adv_delta_compressao_spread_60s_120s;<=;-0,32337844464185383;pre_30s_ticks_media_s;>;15,897222222222222;73,28048053466371;B;1701;74;0,04350382128159906;69;16;53;0,2318840579710145;0,04056437389770723;5,330199764982374;0,21621621621621623;0,552260359921311;1,0;0,552260359921311;0,13333333333333333;0,4;5;76,88213168183513;True;32;32
89abec8f7dc32ca8;fc846978b8b51fbd;P7A_0008462;5;COMPRA;BIVARIADO;2;adv_delta_compressao_spread_60s_120s <= -0.323378444642 E adv_z_pre_30s_ticks_media_s > -0.257390050461;adv_delta_compressao_spread_60s_120s|<=|-0.3233784446 && adv_z_pre_30s_ticks_media_s|>|-0.2573900505;adv_delta_compressao_spread_60s_120s;<=;-0,32337844464185383;adv_z_pre_30s_ticks_media_s;>;-0,25739005046119534;73,28048053466371;B;1701;74;0,04350382128159906;69;16;53;0,2318840579710145;0,04056437389770723;5,330199764982374;0,21621621621621623;0,552260359921311;1,0;0,552260359921311;0,13333333333333333;0,4;5;76,88213168183513;True;33;33
2eb653d4f66c5642;075a2911a871ff21;P7A_0008408;5;COMPRA;BIVARIADO;2;adv_z_pre_15s_volatilidade_close_pontos > 0.140862281085 E adv_delta_compressao_spread_60s_120s <= -0.323378444642;adv_delta_compressao_spread_60s_120s|<=|-0.3233784446 && adv_z_pre_15s_volatilidade_close_pontos|>|0.1408622811;adv_z_pre_15s_volatilidade_close_pontos;>;0,14086228108497723;adv_delta_compressao_spread_60s_120s;<=;-0,32337844464185383;80,61163741081721;B;1701;74;0,04350382128159906;77;17;60;0,22077922077922077;0,04526748971193416;5,0749385749385745;0,22972972972972974;0,5753582200615338;1,0;0,5753582200615338;0,08333333333333333;0,3333333333333333;5;76,57356132745588;True;34;34
e77d7504b0a2a7ff;e9ed6678c69687a2;P7A_0008419;5;COMPRA;BIVARIADO;2;adv_delta_spread_minimo_15s_60s > 0.961538461538 E pre_30s_ticks_max_s > 184.1;adv_delta_spread_minimo_15s_60s|>|0.9615384615 && pre_30s_ticks_max_s|>|184.1;adv_delta_spread_minimo_15s_60s;>;0,9615384615384615;pre_30s_ticks_max_s;>;184,0999999999999;76,29557549136874;B;1701;74;0,04350382128159906;74;16;58;0,21621621621621623;0,04350382128159906;4,970051132213294;0,21621621621621623;0,6224433753060876;1,0;0,6224433753060876;0,07692307692307693;0,2727272727272727;5;75,80050734562145;True;35;35
d5ea59f0f451e966;b96790a472b2ae44;P7A_0008420;5;COMPRA;BIVARIADO;2;adv_delta_spread_minimo_15s_60s > 0.961538461538 E adv_z_pre_30s_ticks_max_s > 1.38731767511;adv_delta_spread_minimo_15s_60s|>|0.9615384615 && adv_z_pre_30s_ticks_max_s|>|1.3873176751;adv_delta_spread_minimo_15s_60s;>;0,9615384615384615;adv_z_pre_30s_ticks_max_s;>;1,3873176751057685;76,29557549136874;B;1701;74;0,04350382128159906;74;16;58;0,21621621621621623;0,04350382128159906;4,970051132213294;0,21621621621621623;0,6224433753060876;1,0;0,6224433753060876;0,07692307692307693;0,2727272727272727;5;75,80050734562145;True;36;36
f131603c943dbbb6;3a999527d7f72d5f;P7A_0008437;5;COMPRA;BIVARIADO;2;adv_delta_spread_minimo_15s_60s > 0.961538461538 E pre_30s_trades_incremento_soma > 778.3;adv_delta_spread_minimo_15s_60s|>|0.9615384615 && pre_30s_trades_incremento_soma|>|778.3;adv_delta_spread_minimo_15s_60s;>;0,9615384615384615;pre_30s_trades_incremento_soma;>;778,2999999999997;75,44943187541385;B;1701;74;0,04350382128159906;67;15;52;0,22388059701492538;0,0393885949441505;5,146228317870109;0,20270270270270271;0,44355897917575127;0,8;0,554448723969689;0,07692307692307693;0,2903225806451613;4;73,48184953088519;True;37;37
793818952b1a0bcc;3338053bba9af2f3;P7A_0008438;5;COMPRA;BIVARIADO;2;adv_delta_spread_minimo_15s_60s > 0.961538461538 E adv_z_pre_30s_trades_incremento_soma > 0.836998849236;adv_delta_spread_minimo_15s_60s|>|0.9615384615 && adv_z_pre_30s_trades_incremento_soma|>|0.8369988492;adv_delta_spread_minimo_15s_60s;>;0,9615384615384615;adv_z_pre_30s_trades_incremento_soma;>;0,8369988492362599;75,44943187541385;B;1701;74;0,04350382128159906;67;15;52;0,22388059701492538;0,0393885949441505;5,146228317870109;0,20270270270270271;0,44355897917575127;0,8;0,554448723969689;0,07692307692307693;0,2903225806451613;4;73,48184953088519;True;38;38
e608cb993e7f0db0;f58109cd1c4e9a90;P7A_0008427;5;COMPRA;BIVARIADO;2;adv_delta_spread_minimo_15s_60s > 0.722222222222 E pre_15s_agressor_compra > 290.9;adv_delta_spread_minimo_15s_60s|>|0.7222222222 && pre_15s_agressor_compra|>|290.9;adv_delta_spread_minimo_15s_60s;>;0,7222222222222223;pre_15s_agressor_compra;>;290,9000000000001;75,64936836639046;B;1701;74;0,04350382128159906;76;16;60;0,21052631578947367;0,04467960023515579;4,839260312944523;0,21621621621621623;0,528654223720321;1,0;0,528654223720321;0,05555555555555555;0,3103448275862069;5;73,06478284236611;True;39;39
5f880f92dccbdf72;fed597b7c468a3b3;P7A_0008428;5;COMPRA;BIVARIADO;2;adv_delta_spread_minimo_15s_60s > 0.722222222222 E adv_z_pre_15s_agressor_compra > 0.564681701107;adv_delta_spread_minimo_15s_60s|>|0.7222222222 && adv_z_pre_15s_agressor_compra|>|0.5646817011;adv_delta_spread_minimo_15s_60s;>;0,7222222222222223;adv_z_pre_15s_agressor_compra;>;0,5646817011071398;75,64936836639046;B;1701;74;0,04350382128159906;76;16;60;0,21052631578947367;0,04467960023515579;4,839260312944523;0,21621621621621623;0,528654223720321;1,0;0,528654223720321;0,05555555555555555;0,3103448275862069;5;73,06478284236611;True;40;40
06dcc29967cf08f4;99745037874c98cc;P7A_0008425;5;COMPRA;BIVARIADO;2;adv_delta_spread_minimo_15s_60s > 0.961538461538 E pre_15s_range_pontos > 2322.5;adv_delta_spread_minimo_15s_60s|>|0.9615384615 && pre_15s_range_pontos|>|2322.5;adv_delta_spread_minimo_15s_60s;>;0,9615384615384615;pre_15s_range_pontos;>;2322,5000000000023;75,48809118029358;B;1701;74;0,04350382128159906;82;17;65;0,2073170731707317;0,048206937095825984;4,765491100856954;0,22972972972972974;0,5230111382995393;1,0;0,5230111382995393;0,0625;0,3;5;72,74046479221623;True;41;41
362960eb2ccc0976;ee62865945e1f3fa;P7A_0008426;5;COMPRA;BIVARIADO;2;adv_delta_spread_minimo_15s_60s > 0.961538461538 E adv_z_pre_15s_range_pontos > 1.12589126286;adv_delta_spread_minimo_15s_60s|>|0.9615384615 && adv_z_pre_15s_range_pontos|>|1.1258912629;adv_delta_spread_minimo_15s_60s;>;0,9615384615384615;adv_z_pre_15s_range_pontos;>;1,1258912628630997;75,48809118029358;B;1701;74;0,04350382128159906;82;17;65;0,2073170731707317;0,048206937095825984;4,765491100856954;0,22972972972972974;0,5230111382995393;1,0;0,5230111382995393;0,0625;0,3;5;72,74046479221623;True;42;42
97476f9287fe5fdd;2ca844754a435c1d;P7A_0008465;5;COMPRA;BIVARIADO;2;adv_delta_spread_minimo_15s_60s > 0.961538461538 E adv_z_pre_15s_agressor_compra > -0.302886464138;adv_delta_spread_minimo_15s_60s|>|0.9615384615 && adv_z_pre_15s_agressor_compra|>|-0.3028864641;adv_delta_spread_minimo_15s_60s;>;0,9615384615384615;adv_z_pre_15s_agressor_compra;>;-0,30288646413753306;76,16686758556085;B;1701;74;0,04350382128159906;90;18;72;0,2;0,05291005291005291;4,597297297297297;0,24324324324324326;0,5664550007337412;1,0;0,5664550007337412;0,05555555555555555;0,2903225806451613;5;72,73947452673504;True;43;43
cc0ad001b3ad467d;7c3fcd48494d103e;P7A_0008466;5;COMPRA;BIVARIADO;2;adv_delta_spread_minimo_15s_60s > 0.961538461538 E pre_30s_spread_maximo > 5.25;adv_delta_spread_minimo_15s_60s|>|0.9615384615 && pre_30s_spread_maximo|>|5.25;adv_delta_spread_minimo_15s_60s;>;0,9615384615384615;pre_30s_spread_maximo;>;5,25;76,59148061471278;B;1701;74;0,04350382128159906;93;18;75;0,1935483870967742;0,054673721340388004;4,448997384481255;0,24324324324324326;0,6069738154967228;1,0;0,6069738154967228;0,05;0,2647058823529412;5;72,47159877231508;True;44;44
0a520ed64b0fca88;018a7abfeb881453;P7A_0008467;5;COMPRA;BIVARIADO;2;adv_delta_spread_minimo_15s_60s > 0.961538461538 E adv_z_pre_30s_spread_maximo > 1.40326255679;adv_delta_spread_minimo_15s_60s|>|0.9615384615 && adv_z_pre_30s_spread_maximo|>|1.4032625568;adv_delta_spread_minimo_15s_60s;>;0,9615384615384615;adv_z_pre_30s_spread_maximo;>;1,4032625567924915;76,59148061471278;B;1701;74;0,04350382128159906;93;18;75;0,1935483870967742;0,054673721340388004;4,448997384481255;0,24324324324324326;0,6069738154967228;1,0;0,6069738154967228;0,05;0,2647058823529412;5;72,47159877231508;True;45;45
c20d030751462aff;4062eebe065f5d8f;P7A_0008413;5;COMPRA;BIVARIADO;2;pre_15s_spread_maximo > 4.25 E pre_120s_range_pontos > 5852.5;pre_120s_range_pontos|>|5852.5 && pre_15s_spread_maximo|>|4.25;pre_15s_spread_maximo;>;4,25;pre_120s_range_pontos;>;5852,499999999998;77,67105231828015;B;1701;74;0,04350382128159906;127;24;103;0,1889763779527559;0,07466196355085244;4,343902958076186;0,32432432432432434;0,5156306315003343;1,0;0,5156306315003343;0,05;0,2571428571428571;5;72,46278166883332;True;46;46
09998de20bf93f14;8031e96a373ada02;P7A_0008414;5;COMPRA;BIVARIADO;2;pre_15s_spread_maximo > 4.25 E adv_z_pre_120s_range_pontos > 0.978956131036;adv_z_pre_120s_range_pontos|>|0.978956131 && pre_15s_spread_maximo|>|4.25;pre_15s_spread_maximo;>;4,25;adv_z_pre_120s_range_pontos;>;0,9789561310355067;77,67105231828015;B;1701;74;0,04350382128159906;127;24;103;0,1889763779527559;0,07466196355085244;4,343902958076186;0,32432432432432434;0,5156306315003343;1,0;0,5156306315003343;0,05;0,2571428571428571;5;72,46278166883332;True;47;47
27da03c49b421054;f58a4e450623e175;P7A_0008415;5;COMPRA;BIVARIADO;2;adv_z_pre_15s_spread_maximo > 1.27826449518 E pre_120s_range_pontos > 5852.5;adv_z_pre_15s_spread_maximo|>|1.2782644952 && pre_120s_range_pontos|>|5852.5;adv_z_pre_15s_spread_maximo;>;1,278264495183671;pre_120s_range_pontos;>;5852,499999999998;77,67105231828015;B;1701;74;0,04350382128159906;127;24;103;0,1889763779527559;0,07466196355085244;4,343902958076186;0,32432432432432434;0,5156306315003343;1,0;0,5156306315003343;0,05;0,2571428571428571;5;72,46278166883332;True;48;48
09999127498e040a;84f9900690271cd8;P7A_0008416;5;COMPRA;BIVARIADO;2;adv_z_pre_15s_spread_maximo > 1.27826449518 E adv_z_pre_120s_range_pontos > 0.978956131036;adv_z_pre_120s_range_pontos|>|0.978956131 && adv_z_pre_15s_spread_maximo|>|1.2782644952;adv_z_pre_15s_spread_maximo;>;1,278264495183671;adv_z_pre_120s_range_pontos;>;0,9789561310355067;77,67105231828015;B;1701;74;0,04350382128159906;127;24;103;0,1889763779527559;0,07466196355085244;4,343902958076186;0,32432432432432434;0,5156306315003343;1,0;0,5156306315003343;0,05;0,2571428571428571;5;72,46278166883332;True;49;49
ab15f83296f33b2c;7a1722001031f7bc;P7A_0008505;5;COMPRA;BIVARIADO;2;adv_delta_spread_minimo_15s_60s > 0.961538461538 E pre_30s_ticks_media_s > 15.8972222222;adv_delta_spread_minimo_15s_60s|>|0.9615384615 && pre_30s_ticks_media_s|>|15.8972222222;adv_delta_spread_minimo_15s_60s;>;0,9615384615384615;pre_30s_ticks_media_s;>;15,897222222222222;74,84303005542019;B;1701;74;0,04350382128159906;94;18;76;0,19148936170212766;0,05526161081716637;4,40166762507188;0,24324324324324326;0,6026585499504227;1,0;0,6026585499504227;0,05263157894736842;0,2727272727272727;5;71,852590217274;True;50;54
bd758c9fadba49d9;e23f87e7fa35ea75;P7A_0008506;5;COMPRA;BIVARIADO;2;adv_delta_spread_minimo_15s_60s > 0.961538461538 E adv_z_pre_30s_ticks_media_s > -0.257390050461;adv_delta_spread_minimo_15s_60s|>|0.9615384615 && adv_z_pre_30s_ticks_media_s|>|-0.2573900505;adv_delta_spread_minimo_15s_60s;>;0,9615384615384615;adv_z_pre_30s_ticks_media_s;>;-0,25739005046119534;74,84303005542019;B;1701;74;0,04350382128159906;94;18;76;0,19148936170212766;0,05526161081716637;4,40166762507188;0,24324324324324326;0,6026585499504227;1,0;0,6026585499504227;0,05263157894736842;0,2727272727272727;5;71,852590217274;True;51;55
406cb73cc6e93540;1d9cc7f5d71918f3;P7A_0008476;5;COMPRA;BIVARIADO;2;adv_delta_spread_minimo_15s_60s > 0.961538461538 E pre_15s_agressor_compra > 92;adv_delta_spread_minimo_15s_60s|>|0.9615384615 && pre_15s_agressor_compra|>|92.0;adv_delta_spread_minimo_15s_60s;>;0,9615384615384615;pre_15s_agressor_compra;>;92,0;76,08844964138085;B;1701;74;0,04350382128159906;92;18;74;0,1956521739130435;0,05408583186360964;4,4973560517038775;0,24324324324324326;0,5541376857508455;1,0;0,5541376857508455;0,05;0,2903225806451613;5;71,80044500308;True;52;56
b588dea6667dc0e5;d0d7179f17a4cbdd;P7A_0008457;5;COMPRA;BIVARIADO;2;pre_15s_spread_maximo > 4.25 E pre_60s_range_pontos > 4575;pre_15s_spread_maximo|>|4.25 && pre_60s_range_pontos|>|4575.0;pre_15s_spread_maximo;>;4,25;pre_60s_range_pontos;>;4575,0;76,73929415813986;B;1701;74;0,04350382128159906;137;24;113;0,17518248175182483;0,0805408583186361;4,0268297494574865;0,32432432432432434;0,5764215765269921;1,0;0,5764215765269921;0,047619047619047616;0,2571428571428571;5;71,4571372329945;True;53;57
dbdd275907290919;d8b1c4252528f277;P7A_0008458;5;COMPRA;BIVARIADO;2;pre_15s_spread_maximo > 4.25 E adv_z_pre_60s_range_pontos > 1.17528610812;adv_z_pre_60s_range_pontos|>|1.1752861081 && pre_15s_spread_maximo|>|4.25;pre_15s_spread_maximo;>;4,25;adv_z_pre_60s_range_pontos;>;1,1752861081192363;76,73929415813986;B;1701;74;0,04350382128159906;137;24;113;0,17518248175182483;0,0805408583186361;4,0268297494574865;0,32432432432432434;0,5764215765269921;1,0;0,5764215765269921;0,047619047619047616;0,2571428571428571;5;71,4571372329945;True;54;58
13f747f8d0edcdcb;8b42f8fae6b72ec5;P7A_0008459;5;COMPRA;BIVARIADO;2;adv_z_pre_15s_spread_maximo > 1.27826449518 E pre_60s_range_pontos > 4575;adv_z_pre_15s_spread_maximo|>|1.2782644952 && pre_60s_range_pontos|>|4575.0;adv_z_pre_15s_spread_maximo;>;1,278264495183671;pre_60s_range_pontos;>;4575,0;76,73929415813986;B;1701;74;0,04350382128159906;137;24;113;0,17518248175182483;0,0805408583186361;4,0268297494574865;0,32432432432432434;0,5764215765269921;1,0;0,5764215765269921;0,047619047619047616;0,2571428571428571;5;71,4571372329945;True;55;59
f48027133a124848;82c59ee118ad730a;P7A_0008460;5;COMPRA;BIVARIADO;2;adv_z_pre_15s_spread_maximo > 1.27826449518 E adv_z_pre_60s_range_pontos > 1.17528610812;adv_z_pre_15s_spread_maximo|>|1.2782644952 && adv_z_pre_60s_range_pontos|>|1.1752861081;adv_z_pre_15s_spread_maximo;>;1,278264495183671;adv_z_pre_60s_range_pontos;>;1,1752861081192363;76,73929415813986;B;1701;74;0,04350382128159906;137;24;113;0,17518248175182483;0,0805408583186361;4,0268297494574865;0,32432432432432434;0,5764215765269921;1,0;0,5764215765269921;0,047619047619047616;0,2571428571428571;5;71,4571372329945;True;56;60
8a4fe40747ed4455;7e0fbd798cbd10e1;P7A_0008453;5;COMPRA;BIVARIADO;2;pre_15s_agressor_venda > 274.9 E pre_15s_spread_maximo > 4.25;pre_15s_agressor_venda|>|274.9 && pre_15s_spread_maximo|>|4.25;pre_15s_agressor_venda;>;274,9000000000001;pre_15s_spread_maximo;>;4,25;77,38209759996526;B;1701;74;0,04350382128159906;142;24;118;0,16901408450704225;0,08348030570252793;3,8850399695470115;0,32432432432432434;0,6131452928033219;1,0;0,6131452928033219;0,08333333333333333;0,2571428571428571;5;71,34352962793142;True;57;61
875be0eff4d22d91;b64f4135c78b5ac9;P7A_0008454;5;COMPRA;BIVARIADO;2;pre_15s_agressor_venda > 274.9 E adv_z_pre_15s_spread_maximo > 1.27826449518;adv_z_pre_15s_spread_maximo|>|1.2782644952 && pre_15s_agressor_venda|>|274.9;pre_15s_agressor_venda;>;274,9000000000001;adv_z_pre_15s_spread_maximo;>;1,278264495183671;77,38209759996526;B;1701;74;0,04350382128159906;142;24;118;0,16901408450704225;0,08348030570252793;3,8850399695470115;0,32432432432432434;0,6131452928033219;1,0;0,6131452928033219;0,08333333333333333;0,2571428571428571;5;71,34352962793142;True;58;62
2f40c4a723e03516;f3f49e7e40230160;P7A_0008455;5;COMPRA;BIVARIADO;2;adv_z_pre_15s_agressor_venda > 0.462464254325 E pre_15s_spread_maximo > 4.25;adv_z_pre_15s_agressor_venda|>|0.4624642543 && pre_15s_spread_maximo|>|4.25;adv_z_pre_15s_agressor_venda;>;0,4624642543250514;pre_15s_spread_maximo;>;4,25;77,38209759996526;B;1701;74;0,04350382128159906;142;24;118;0,16901408450704225;0,08348030570252793;3,8850399695470115;0,32432432432432434;0,6131452928033219;1,0;0,6131452928033219;0,08333333333333333;0,2571428571428571;5;71,34352962793142;True;59;63
f913ef482dfc70da;b5b7fed39f70599f;P7A_0008456;5;COMPRA;BIVARIADO;2;adv_z_pre_15s_agressor_venda > 0.462464254325 E adv_z_pre_15s_spread_maximo > 1.27826449518;adv_z_pre_15s_agressor_venda|>|0.4624642543 && adv_z_pre_15s_spread_maximo|>|1.2782644952;adv_z_pre_15s_agressor_venda;>;0,4624642543250514;adv_z_pre_15s_spread_maximo;>;1,278264495183671;77,38209759996526;B;1701;74;0,04350382128159906;142;24;118;0,16901408450704225;0,08348030570252793;3,8850399695470115;0,32432432432432434;0,6131452928033219;1,0;0,6131452928033219;0,08333333333333333;0,2571428571428571;5;71,34352962793142;True;60;64
e80f4378d9b58622;867a65ab1b6944a8;P7A_0011223;6;COMPRA;BIVARIADO;2;pre_60s_cobertura_segundos <= 50 E pre_15s_ticks_max_s > 113.5;pre_15s_ticks_max_s|>|113.5 && pre_60s_cobertura_segundos|<=|50.0;pre_60s_cobertura_segundos;<=;50,0;pre_15s_ticks_max_s;>;113,5;73,2067707652879;B;4053;120;0,029607698001480384;77;18;59;0,23376623376623376;0,018998272884283247;7,8954545454545455;0,15;0,3480911659594882;1,0;0,3480911659594882;0,0;0,45;5;71,90167479664788;True;1;50
d2cc8c2e6df1bb23;e0b0bd581a3ae66b;P7A_0011224;6;COMPRA;BIVARIADO;2;pre_60s_cobertura_segundos <= 50 E adv_z_pre_15s_ticks_max_s > 0.762692955997;adv_z_pre_15s_ticks_max_s|>|0.762692956 && pre_60s_cobertura_segundos|<=|50.0;pre_60s_cobertura_segundos;<=;50,0;adv_z_pre_15s_ticks_max_s;>;0,7626929559966293;73,2067707652879;B;4053;120;0,029607698001480384;77;18;59;0,23376623376623376;0,018998272884283247;7,8954545454545455;0,15;0,3480911659594882;1,0;0,3480911659594882;0,0;0,45;5;71,90167479664788;True;2;51
503e33b103f2f6d0;c38f8140e3f43c20;P7A_0011225;6;COMPRA;BIVARIADO;2;adv_z_pre_60s_cobertura_segundos <= -0.0114095202406 E pre_15s_ticks_max_s > 113.5;adv_z_pre_60s_cobertura_segundos|<=|-0.0114095202 && pre_15s_ticks_max_s|>|113.5;adv_z_pre_60s_cobertura_segundos;<=;-0,01140952024060339;pre_15s_ticks_max_s;>;113,5;73,2067707652879;B;4053;120;0,029607698001480384;77;18;59;0,23376623376623376;0,018998272884283247;7,8954545454545455;0,15;0,3480911659594882;1,0;0,3480911659594882;0,0;0,45;5;71,90167479664788;True;3;52
1d81a2f3bc6e9d99;e5003b63fc074fdf;P7A_0011226;6;COMPRA;BIVARIADO;2;adv_z_pre_60s_cobertura_segundos <= -0.0114095202406 E adv_z_pre_15s_ticks_max_s > 0.762692955997;adv_z_pre_15s_ticks_max_s|>|0.762692956 && adv_z_pre_60s_cobertura_segundos|<=|-0.0114095202;adv_z_pre_60s_cobertura_segundos;<=;-0,01140952024060339;adv_z_pre_15s_ticks_max_s;>;0,7626929559966293;73,2067707652879;B;4053;120;0,029607698001480384;77;18;59;0,23376623376623376;0,018998272884283247;7,8954545454545455;0,15;0,3480911659594882;1,0;0,3480911659594882;0,0;0,45;5;71,90167479664788;True;4;53
95e3fd914c012008;c1fad27f0482c89c;P7A_0011227;6;COMPRA;BIVARIADO;2;adv_120s_range_por_tick > 5.3096673898 E pre_15s_agressor_compra > 138;adv_120s_range_por_tick|>|5.3096673898 && pre_15s_agressor_compra|>|138.0;adv_120s_range_por_tick;>;5,309667389796763;pre_15s_agressor_compra;>;138,0;72,4455387913723;B;4053;120;0,029607698001480384;45;12;33;0,26666666666666666;0,011102886750555145;9,006666666666668;0,1;0,38769894059714827;0,6;0,6461649009952471;0,1875;0,42857142857142855;3;70,20439199577997;True;5;65
63eec34e49c883a2;3c1c831106f4896a;P7A_0011228;6;COMPRA;BIVARIADO;2;adv_120s_range_por_tick > 5.3096673898 E adv_z_pre_15s_agressor_compra > -0.104811540566;adv_120s_range_por_tick|>|5.3096673898 && adv_z_pre_15s_agressor_compra|>|-0.1048115406;adv_120s_range_por_tick;>;5,309667389796763;adv_z_pre_15s_agressor_compra;>;-0,10481154056568985;72,4455387913723;B;4053;120;0,029607698001480384;45;12;33;0,26666666666666666;0,011102886750555145;9,006666666666668;0,1;0,38769894059714827;0,6;0,6461649009952471;0,1875;0,42857142857142855;3;70,20439199577997;True;6;66
8308c2b2164b7f60;df16c766348d8659;P7A_0011249;6;COMPRA;BIVARIADO;2;adv_120s_range_por_tick > 2.77938715076 E pre_15s_ticks_max_s > 113.5;adv_120s_range_por_tick|>|2.7793871508 && pre_15s_ticks_max_s|>|113.5;adv_120s_range_por_tick;>;2,7793871507638075;pre_15s_ticks_max_s;>;113,5;70,23720512577025;B;4053;120;0,029607698001480384;78;18;60;0,23076923076923078;0,01924500370096225;7,79423076923077;0,15;0,22556668893544618;1,0;0,22556668893544618;0,0;0,43478260869565216;5;69,10575776773824;True;7;67
4d7ba585b4ec867a;4bb4738024a654bc;P7A_0011250;6;COMPRA;BIVARIADO;2;adv_120s_range_por_tick > 2.77938715076 E adv_z_pre_15s_ticks_max_s > 0.762692955997;adv_120s_range_por_tick|>|2.7793871508 && adv_z_pre_15s_ticks_max_s|>|0.762692956;adv_120s_range_por_tick;>;2,7793871507638075;adv_z_pre_15s_ticks_max_s;>;0,7626929559966293;70,23720512577025;B;4053;120;0,029607698001480384;78;18;60;0,23076923076923078;0,01924500370096225;7,79423076923077;0,15;0,22556668893544618;1,0;0,22556668893544618;0,0;0,43478260869565216;5;69,10575776773824;True;8;68
b1ab313adbdc2d5a;1a1de4a5000835eb;P7A_0011231;6;COMPRA;BIVARIADO;2;adv_120s_range_por_tick > 5.3096673898 E pre_30s_ticks_media_s > 21.4666666667;adv_120s_range_por_tick|>|5.3096673898 && pre_30s_ticks_media_s|>|21.4666666667;adv_120s_range_por_tick;>;5,309667389796763;pre_30s_ticks_media_s;>;21,466666666666665;71,86264353356016;B;4053;120;0,029607698001480384;50;12;38;0,24;0,01233654083395016;8,106;0,1;0,3049491170792425;0,6;0,5082485284654041;0,15789473684210525;0,46153846153846156;3;68,71298623152761;True;9;69
2ca3fdb50e84b6d5;5f980e5b112e1222;P7A_0011232;6;COMPRA;BIVARIADO;2;adv_120s_range_por_tick > 5.3096673898 E adv_z_pre_30s_ticks_media_s > -0.0855531704007;adv_120s_range_por_tick|>|5.3096673898 && adv_z_pre_30s_ticks_media_s|>|-0.0855531704;adv_120s_range_por_tick;>;5,309667389796763;adv_z_pre_30s_ticks_media_s;>;-0,08555317040074101;71,86264353356016;B;4053;120;0,029607698001480384;50;12;38;0,24;0,01233654083395016;8,106;0,1;0,3049491170792425;0,6;0,5082485284654041;0,15789473684210525;0,46153846153846156;3;68,71298623152761;True;10;70
c764b280e65e8db1;6b85ba1690991655;P7A_0011265;6;COMPRA;BIVARIADO;2;adv_delta_inclinacao_spread_60s_120s > 0.00813897364486 E pre_15s_ticks_max_s > 113.5;adv_delta_inclinacao_spread_60s_120s|>|0.0081389736 && pre_15s_ticks_max_s|>|113.5;adv_delta_inclinacao_spread_60s_120s;>;0,008138973644856991;pre_15s_ticks_max_s;>;113,5;68,86239833932974;C;4053;120;0,029607698001480384;102;20;82;0,19607843137254902;0,025166543301258327;6,622549019607844;0,16666666666666666;0,2950871939990425;1,0;0,2950871939990425;0,0;0,3333333333333333;5;68,51661111630432;True;11;71
7126991aec1789d3;ba8d1d63274fff6b;P7A_0011266;6;COMPRA;BIVARIADO;2;adv_delta_inclinacao_spread_60s_120s > 0.00813897364486 E adv_z_pre_15s_ticks_max_s > 0.762692955997;adv_delta_inclinacao_spread_60s_120s|>|0.0081389736 && adv_z_pre_15s_ticks_max_s|>|0.762692956;adv_delta_inclinacao_spread_60s_120s;>;0,008138973644856991;adv_z_pre_15s_ticks_max_s;>;0,7626929559966293;68,86239833932974;C;4053;120;0,029607698001480384;102;20;82;0,19607843137254902;0,025166543301258327;6,622549019607844;0,16666666666666666;0,2950871939990425;1,0;0,2950871939990425;0,0;0,3333333333333333;5;68,51661111630432;True;12;72
72b64a2092591dc5;2ae3f9a08a59d98c;P7A_0011201;6;COMPRA;BIVARIADO;2;adv_120s_range_por_tick > 5.3096673898 E pre_15s_ticks_max_s > 113.5;adv_120s_range_por_tick|>|5.3096673898 && pre_15s_ticks_max_s|>|113.5;adv_120s_range_por_tick;>;5,309667389796763;pre_15s_ticks_max_s;>;113,5;71,40890379711186;B;4053;120;0,029607698001480384;33;11;22;0,3333333333333333;0,008142116950407105;11,258333333333333;0,09166666666666666;0,3959236125183128;0,6;0,6598726875305214;0,2;0,5;3;67,61941418169857;True;13;73
49e1be37870ef33f;4b1ae884f27a9324;P7A_0011202;6;COMPRA;BIVARIADO;2;adv_120s_range_por_tick > 5.3096673898 E adv_z_pre_15s_ticks_max_s > 0.762692955997;adv_120s_range_por_tick|>|5.3096673898 && adv_z_pre_15s_ticks_max_s|>|0.762692956;adv_120s_range_por_tick;>;5,309667389796763;adv_z_pre_15s_ticks_max_s;>;0,7626929559966293;71,40890379711186;B;4053;120;0,029607698001480384;33;11;22;0,3333333333333333;0,008142116950407105;11,258333333333333;0,09166666666666666;0,3959236125183128;0,6;0,6598726875305214;0,2;0,5;3;67,61941418169857;True;14;74
7f332f3a024bc315;c917bf170a1885c9;P7A_0011251;6;COMPRA;BIVARIADO;2;pre_60s_cobertura_segundos <= 50 E pre_30s_ticks_media_s > 43.5666666667;pre_30s_ticks_media_s|>|43.5666666667 && pre_60s_cobertura_segundos|<=|50.0;pre_60s_cobertura_segundos;<=;50,0;pre_30s_ticks_media_s;>;43,56666666666666;64,2270278713738;C;4053;120;0,029607698001480384;39;14;25;0,358974358974359;0,009622501850481125;12,124358974358975;0,11666666666666667;0,31965142952232134;0,6;0,5327523825372023;0,2727272727272727;0,6923076923076923;3;67,52233596469104;True;15;75
4ba33d52b31123bd;80a4c2d432c1f71f;P7A_0011252;6;COMPRA;BIVARIADO;2;pre_60s_cobertura_segundos <= 50 E adv_z_pre_30s_ticks_media_s > 0.596309282348;adv_z_pre_30s_ticks_media_s|>|0.5963092823 && pre_60s_cobertura_segundos|<=|50.0;pre_60s_cobertura_segundos;<=;50,0;adv_z_pre_30s_ticks_media_s;>;0,5963092823478751;64,2270278713738;C;4053;120;0,029607698001480384;39;14;25;0,358974358974359;0,009622501850481125;12,124358974358975;0,11666666666666667;0,31965142952232134;0,6;0,5327523825372023;0,2727272727272727;0,6923076923076923;3;67,52233596469104;True;16;76
621f4add63c6a814;af6f1fb7cae588ce;P7A_0011253;6;COMPRA;BIVARIADO;2;adv_z_pre_60s_cobertura_segundos <= -0.0114095202406 E pre_30s_ticks_media_s > 43.5666666667;adv_z_pre_60s_cobertura_segundos|<=|-0.0114095202 && pre_30s_ticks_media_s|>|43.5666666667;adv_z_pre_60s_cobertura_segundos;<=;-0,01140952024060339;pre_30s_ticks_media_s;>;43,56666666666666;64,2270278713738;C;4053;120;0,029607698001480384;39;14;25;0,358974358974359;0,009622501850481125;12,124358974358975;0,11666666666666667;0,31965142952232134;0,6;0,5327523825372023;0,2727272727272727;0,6923076923076923;3;67,52233596469104;True;17;77
08134770330ad69e;5ae9c9644c1bc48e;P7A_0011254;6;COMPRA;BIVARIADO;2;adv_z_pre_60s_cobertura_segundos <= -0.0114095202406 E adv_z_pre_30s_ticks_media_s > 0.596309282348;adv_z_pre_30s_ticks_media_s|>|0.5963092823 && adv_z_pre_60s_cobertura_segundos|<=|-0.0114095202;adv_z_pre_60s_cobertura_segundos;<=;-0,01140952024060339;adv_z_pre_30s_ticks_media_s;>;0,5963092823478751;64,2270278713738;C;4053;120;0,029607698001480384;39;14;25;0,358974358974359;0,009622501850481125;12,124358974358975;0,11666666666666667;0,31965142952232134;0,6;0,5327523825372023;0,2727272727272727;0,6923076923076923;3;67,52233596469104;True;18;78
8654816d99f8379c;fe4ded279f6c22c7;P7A_0011317;6;COMPRA;BIVARIADO;2;pre_15s_ticks_max_s > 113.5 E pre_15s_spread_medio > 1.86036434185;pre_15s_spread_medio|>|1.8603643419 && pre_15s_ticks_max_s|>|113.5;pre_15s_ticks_max_s;>;113,5;pre_15s_spread_medio;>;1,8603643418547264;65,69617529228283;C;4053;120;0,029607698001480384;71;16;55;0,22535211267605634;0,017517887984209227;7,611267605633803;0,13333333333333333;0,22509521194177962;1,0;0,22509521194177962;0,0;0,4230769230769231;5;67,20172065695738;True;19;79
edef9dad08e575e2;26ca6ab2da802ff6;P7A_0011318;6;COMPRA;BIVARIADO;2;pre_15s_ticks_max_s > 113.5 E adv_z_pre_15s_spread_medio > 1.53498847774;adv_z_pre_15s_spread_medio|>|1.5349884777 && pre_15s_ticks_max_s|>|113.5;pre_15s_ticks_max_s;>;113,5;adv_z_pre_15s_spread_medio;>;1,5349884777431504;65,69617529228283;C;4053;120;0,029607698001480384;71;16;55;0,22535211267605634;0,017517887984209227;7,611267605633803;0,13333333333333333;0,22509521194177962;1,0;0,22509521194177962;0,0;0,4230769230769231;5;67,20172065695738;True;20;80
294d1bb425402f16;5cc7101ab0e3572c;P7A_0011319;6;COMPRA;BIVARIADO;2;adv_z_pre_15s_ticks_max_s > 0.762692955997 E pre_15s_spread_medio > 1.86036434185;adv_z_pre_15s_ticks_max_s|>|0.762692956 && pre_15s_spread_medio|>|1.8603643419;adv_z_pre_15s_ticks_max_s;>;0,7626929559966293;pre_15s_spread_medio;>;1,8603643418547264;65,69617529228283;C;4053;120;0,029607698001480384;71;16;55;0,22535211267605634;0,017517887984209227;7,611267605633803;0,13333333333333333;0,22509521194177962;1,0;0,22509521194177962;0,0;0,4230769230769231;5;67,20172065695738;True;21;81
acf3d38e65603dfc;f96181679a3b84b1;P7A_0011320;6;COMPRA;BIVARIADO;2;adv_z_pre_15s_ticks_max_s > 0.762692955997 E adv_z_pre_15s_spread_medio > 1.53498847774;adv_z_pre_15s_spread_medio|>|1.5349884777 && adv_z_pre_15s_ticks_max_s|>|0.762692956;adv_z_pre_15s_ticks_max_s;>;0,7626929559966293;adv_z_pre_15s_spread_medio;>;1,5349884777431504;65,69617529228283;C;4053;120;0,029607698001480384;71;16;55;0,22535211267605634;0,017517887984209227;7,611267605633803;0,13333333333333333;0,22509521194177962;1,0;0,22509521194177962;0,0;0,4230769230769231;5;67,20172065695738;True;22;82
96ed220d171c2dda;9fe947d6e6343847;P7A_0011271;6;COMPRA;BIVARIADO;2;pre_15s_agressor_compra > 138 E pre_60s_cobertura_segundos <= 50;pre_15s_agressor_compra|>|138.0 && pre_60s_cobertura_segundos|<=|50.0;pre_15s_agressor_compra;>;138,0;pre_60s_cobertura_segundos;<=;50,0;61,45218099890391;C;4053;120;0,029607698001480384;93;19;74;0,20430107526881722;0,0229459659511473;6,900268817204302;0,15833333333333333;0,2574595461246527;1,0;0,2574595461246527;0,0;0,47368421052631576;5;67,07387742123915;True;23;83
4d7d1430a45df6d7;edc0b5f3f7b67032;P7A_0011272;6;COMPRA;BIVARIADO;2;pre_15s_agressor_compra > 138 E adv_z_pre_60s_cobertura_segundos <= -0.0114095202406;adv_z_pre_60s_cobertura_segundos|<=|-0.0114095202 && pre_15s_agressor_compra|>|138.0;pre_15s_agressor_compra;>;138,0;adv_z_pre_60s_cobertura_segundos;<=;-0,01140952024060339;61,45218099890391;C;4053;120;0,029607698001480384;93;19;74;0,20430107526881722;0,0229459659511473;6,900268817204302;0,15833333333333333;0,2574595461246527;1,0;0,2574595461246527;0,0;0,47368421052631576;5;67,07387742123915;True;24;84
85078eaed0def7bc;4524d75013a6a744;P7A_0011273;6;COMPRA;BIVARIADO;2;adv_z_pre_15s_agressor_compra > -0.104811540566 E pre_60s_cobertura_segundos <= 50;adv_z_pre_15s_agressor_compra|>|-0.1048115406 && pre_60s_cobertura_segundos|<=|50.0;adv_z_pre_15s_agressor_compra;>;-0,10481154056568985;pre_60s_cobertura_segundos;<=;50,0;61,45218099890391;C;4053;120;0,029607698001480384;93;19;74;0,20430107526881722;0,0229459659511473;6,900268817204302;0,15833333333333333;0,2574595461246527;1,0;0,2574595461246527;0,0;0,47368421052631576;5;67,07387742123915;True;25;85
db352819b9ce6203;78393368841d48b8;P7A_0011274;6;COMPRA;BIVARIADO;2;adv_z_pre_15s_agressor_compra > -0.104811540566 E adv_z_pre_60s_cobertura_segundos <= -0.0114095202406;adv_z_pre_15s_agressor_compra|>|-0.1048115406 && adv_z_pre_60s_cobertura_segundos|<=|-0.0114095202;adv_z_pre_15s_agressor_compra;>;-0,10481154056568985;adv_z_pre_60s_cobertura_segundos;<=;-0,01140952024060339;61,45218099890391;C;4053;120;0,029607698001480384;93;19;74;0,20430107526881722;0,0229459659511473;6,900268817204302;0,15833333333333333;0,2574595461246527;1,0;0,2574595461246527;0,0;0,47368421052631576;5;67,07387742123915;True;26;86
cf77122c864af560;c4af3a79b5d26c07;P7A_0011241;6;COMPRA;BIVARIADO;2;pre_15s_spread_minimo > 1.53229166667 E pre_30s_ticks_media_s > 43.5666666667;pre_15s_spread_minimo|>|1.5322916667 && pre_30s_ticks_media_s|>|43.5666666667;pre_15s_spread_minimo;>;1,5322916666666666;pre_30s_ticks_media_s;>;43,56666666666666;66,02696437872635;C;4053;120;0,029607698001480384;39;12;27;0,3076923076923077;0,009622501850481125;10,392307692307693;0,1;0,2519155860284896;0,8;0,31489448253561203;0,0;0,5333333333333333;4;65,85241649601771;True;27;87
667c561268472299;e3bd9cf96d9b2276;P7A_0011242;6;COMPRA;BIVARIADO;2;pre_15s_spread_minimo > 1.53229166667 E adv_z_pre_30s_ticks_media_s > 0.596309282348;adv_z_pre_30s_ticks_media_s|>|0.5963092823 && pre_15s_spread_minimo|>|1.5322916667;pre_15s_spread_minimo;>;1,5322916666666666;adv_z_pre_30s_ticks_media_s;>;0,5963092823478751;66,02696437872635;C;4053;120;0,029607698001480384;39;12;27;0,3076923076923077;0,009622501850481125;10,392307692307693;0,1;0,2519155860284896;0,8;0,31489448253561203;0,0;0,5333333333333333;4;65,85241649601771;True;28;88
a1c834d60d061a98;0247ebbe0b8b252c;P7A_0011243;6;COMPRA;BIVARIADO;2;adv_z_pre_15s_spread_minimo > 1.80220114368 E pre_30s_ticks_media_s > 43.5666666667;adv_z_pre_15s_spread_minimo|>|1.8022011437 && pre_30s_ticks_media_s|>|43.5666666667;adv_z_pre_15s_spread_minimo;>;1,802201143683691;pre_30s_ticks_media_s;>;43,56666666666666;66,02696437872635;C;4053;120;0,029607698001480384;39;12;27;0,3076923076923077;0,009622501850481125;10,392307692307693;0,1;0,2519155860284896;0,8;0,31489448253561203;0,0;0,5333333333333333;4;65,85241649601771;True;29;89
bd6ae6a3cb543b9a;a2e5067f0d9798ff;P7A_0011244;6;COMPRA;BIVARIADO;2;adv_z_pre_15s_spread_minimo > 1.80220114368 E adv_z_pre_30s_ticks_media_s > 0.596309282348;adv_z_pre_15s_spread_minimo|>|1.8022011437 && adv_z_pre_30s_ticks_media_s|>|0.5963092823;adv_z_pre_15s_spread_minimo;>;1,802201143683691;adv_z_pre_30s_ticks_media_s;>;0,5963092823478751;66,02696437872635;C;4053;120;0,029607698001480384;39;12;27;0,3076923076923077;0,009622501850481125;10,392307692307693;0,1;0,2519155860284896;0,8;0,31489448253561203;0,0;0,5333333333333333;4;65,85241649601771;True;30;90
8f5f8b45b0fd1df9;97055b3011c63f20;P7A_0011283;6;COMPRA;BIVARIADO;2;pre_30s_ticks_media_s > 43.5666666667 E pre_15s_spread_medio > 1.54569611936;pre_15s_spread_medio|>|1.5456961194 && pre_30s_ticks_media_s|>|43.5666666667;pre_30s_ticks_media_s;>;43,56666666666666;pre_15s_spread_medio;>;1,5456961193568337;67,93913129235015;C;4053;120;0,029607698001480384;112;19;93;0,16964285714285715;0,027633851468048358;5,729687500000001;0,15833333333333333;0,25750009953140396;1,0;0,25750009953140396;0,0;0,3;5;64,10420615138452;True;31;91
1bc7eb0c5454f631;a0412483df721d3c;P7A_0011284;6;COMPRA;BIVARIADO;2;pre_30s_ticks_media_s > 43.5666666667 E adv_z_pre_15s_spread_medio > 0.84216056003;adv_z_pre_15s_spread_medio|>|0.84216056 && pre_30s_ticks_media_s|>|43.5666666667;pre_30s_ticks_media_s;>;43,56666666666666;adv_z_pre_15s_spread_medio;>;0,8421605600300867;67,93913129235015;C;4053;120;0,029607698001480384;112;19;93;0,16964285714285715;0,027633851468048358;5,729687500000001;0,15833333333333333;0,25750009953140396;1,0;0,25750009953140396;0,0;0,3;5;64,10420615138452;True;32;92
78f0b0ac09ead84b;ee489d532eb78e3c;P7A_0011285;6;COMPRA;BIVARIADO;2;adv_z_pre_30s_ticks_media_s > 0.596309282348 E pre_15s_spread_medio > 1.54569611936;adv_z_pre_30s_ticks_media_s|>|0.5963092823 && pre_15s_spread_medio|>|1.5456961194;adv_z_pre_30s_ticks_media_s;>;0,5963092823478751;pre_15s_spread_medio;>;1,5456961193568337;67,93913129235015;C;4053;120;0,029607698001480384;112;19;93;0,16964285714285715;0,027633851468048358;5,729687500000001;0,15833333333333333;0,25750009953140396;1,0;0,25750009953140396;0,0;0,3;5;64,10420615138452;True;33;93
b0f32ad390a92921;7609fa01eee3790e;P7A_0011286;6;COMPRA;BIVARIADO;2;adv_z_pre_30s_ticks_media_s > 0.596309282348 E adv_z_pre_15s_spread_medio > 0.84216056003;adv_z_pre_15s_spread_medio|>|0.84216056 && adv_z_pre_30s_ticks_media_s|>|0.5963092823;adv_z_pre_30s_ticks_media_s;>;0,5963092823478751;adv_z_pre_15s_spread_medio;>;0,8421605600300867;67,93913129235015;C;4053;120;0,029607698001480384;112;19;93;0,16964285714285715;0,027633851468048358;5,729687500000001;0,15833333333333333;0,25750009953140396;1,0;0,25750009953140396;0,0;0,3;5;64,10420615138452;True;34;94
c3d93a6b85bdbd26;95039c3fd34783b1;P7A_0011205;6;COMPRA;BIVARIADO;2;pre_120s_ticks_max_s > 111 E adv_120s_range_por_tick > 5.3096673898;adv_120s_range_por_tick|>|5.3096673898 && pre_120s_ticks_max_s|>|111.0;pre_120s_ticks_max_s;>;111,0;adv_120s_range_por_tick;>;5,309667389796763;76,11919219476947;B;4053;120;0,029607698001480384;52;11;41;0,21153846153846154;0,012830002467308166;7,1447115384615385;0,09166666666666666;0,15954831634516423;0,8;0,19943539543145528;0,0;0,4;4;63,82782433571356;True;35;95
9402701aaefc3870;1a37b1f9ee2a4561;P7A_0011206;6;COMPRA;BIVARIADO;2;adv_z_pre_120s_ticks_max_s > 0.0160491420784 E adv_120s_range_por_tick > 5.3096673898;adv_120s_range_por_tick|>|5.3096673898 && adv_z_pre_120s_ticks_max_s|>|0.0160491421;adv_z_pre_120s_ticks_max_s;>;0,016049142078407914;adv_120s_range_por_tick;>;5,309667389796763;76,11919219476947;B;4053;120;0,029607698001480384;52;11;41;0,21153846153846154;0,012830002467308166;7,1447115384615385;0,09166666666666666;0,15954831634516423;0,8;0,19943539543145528;0,0;0,4;4;63,82782433571356;True;36;96
cc5626c8e0c0c146;154ae09fa5ad8465;P7A_0011313;6;COMPRA;BIVARIADO;2;pre_15s_spread_minimo > 1.53229166667 E pre_15s_agressor_compra > 300;pre_15s_agressor_compra|>|300.0 && pre_15s_spread_minimo|>|1.5322916667;pre_15s_spread_minimo;>;1,5322916666666666;pre_15s_agressor_compra;>;300,0;65,57376714293284;C;4053;120;0,029607698001480384;41;10;31;0,24390243902439024;0,010115963483839132;8,237804878048781;0,08333333333333333;0,1778101402251494;0,8;0,22226267528143673;0,0;0,4375;4;63,64009816674499;True;37;97
7f4dd42de768c526;e7fe2525a5bf96dc;P7A_0011314;6;COMPRA;BIVARIADO;2;pre_15s_spread_minimo > 1.53229166667 E adv_z_pre_15s_agressor_compra > 0.608258184293;adv_z_pre_15s_agressor_compra|>|0.6082581843 && pre_15s_spread_minimo|>|1.5322916667;pre_15s_spread_minimo;>;1,5322916666666666;adv_z_pre_15s_agressor_compra;>;0,6082581842929458;65,57376714293284;C;4053;120;0,029607698001480384;41;10;31;0,24390243902439024;0,010115963483839132;8,237804878048781;0,08333333333333333;0,1778101402251494;0,8;0,22226267528143673;0,0;0,4375;4;63,64009816674499;True;38;98
6b8dd39fa0ed2331;fa3e8fce8a5f517b;P7A_0011315;6;COMPRA;BIVARIADO;2;adv_z_pre_15s_spread_minimo > 1.80220114368 E pre_15s_agressor_compra > 300;adv_z_pre_15s_spread_minimo|>|1.8022011437 && pre_15s_agressor_compra|>|300.0;adv_z_pre_15s_spread_minimo;>;1,802201143683691;pre_15s_agressor_compra;>;300,0;65,57376714293284;C;4053;120;0,029607698001480384;41;10;31;0,24390243902439024;0,010115963483839132;8,237804878048781;0,08333333333333333;0,1778101402251494;0,8;0,22226267528143673;0,0;0,4375;4;63,64009816674499;True;39;99
929ade96b8c340ec;7586afa93e7bd286;P7A_0011316;6;COMPRA;BIVARIADO;2;adv_z_pre_15s_spread_minimo > 1.80220114368 E adv_z_pre_15s_agressor_compra > 0.608258184293;adv_z_pre_15s_agressor_compra|>|0.6082581843 && adv_z_pre_15s_spread_minimo|>|1.8022011437;adv_z_pre_15s_spread_minimo;>;1,802201143683691;adv_z_pre_15s_agressor_compra;>;0,6082581842929458;65,57376714293284;C;4053;120;0,029607698001480384;41;10;31;0,24390243902439024;0,010115963483839132;8,237804878048781;0,08333333333333333;0,1778101402251494;0,8;0,22226267528143673;0,0;0,4375;4;63,64009816674499;True;40;100
3ecdeae486d65c18;d995519cd7a2a192;P7A_0011203;6;COMPRA;BIVARIADO;2;adv_120s_range_por_tick > 5.3096673898 E pre_60s_ticks_max_s > 92;adv_120s_range_por_tick|>|5.3096673898 && pre_60s_ticks_max_s|>|92.0;adv_120s_range_por_tick;>;5,309667389796763;pre_60s_ticks_max_s;>;92,0;75,81500442816376;B;4053;120;0,029607698001480384;61;12;49;0,19672131147540983;0,015050579817419196;6,644262295081967;0,1;0,18151912160035738;0,8;0,2268989020004467;0,0;0,375;4;63,48268970811246;True;41;103
bbcbe839994204ec;3a36c35f84a07e6d;P7A_0011204;6;COMPRA;BIVARIADO;2;adv_120s_range_por_tick > 5.3096673898 E adv_z_pre_60s_ticks_max_s > 0.0318437575285;adv_120s_range_por_tick|>|5.3096673898 && adv_z_pre_60s_ticks_max_s|>|0.0318437575;adv_120s_range_por_tick;>;5,309667389796763;adv_z_pre_60s_ticks_max_s;>;0,03184375752845396;75,81500442816376;B;4053;120;0,029607698001480384;61;12;49;0,19672131147540983;0,015050579817419196;6,644262295081967;0,1;0,18151912160035738;0,8;0,2268989020004467;0,0;0,375;4;63,48268970811246;True;42;104
a33f795ef3fcf43f;afb60151c8310aac;P7A_0011209;6;COMPRA;BIVARIADO;2;adv_120s_range_por_tick > 5.3096673898 E pre_30s_ticks_media_s > 43.5666666667;adv_120s_range_por_tick|>|5.3096673898 && pre_30s_ticks_media_s|>|43.5666666667;adv_120s_range_por_tick;>;5,309667389796763;pre_30s_ticks_media_s;>;43,56666666666666;65,84479780680863;C;4053;120;0,029607698001480384;22;8;14;0,36363636363636365;0,00542807796693807;12,281818181818183;0,06666666666666667;0,28571428571428575;0,4;0,7142857142857143;0,3333333333333333;0,6;2;61,88226890237341;True;43;107
d05557c25b7672e9;45c5a9671f3448f6;P7A_0011210;6;COMPRA;BIVARIADO;2;adv_120s_range_por_tick > 5.3096673898 E adv_z_pre_30s_ticks_media_s > 0.596309282348;adv_120s_range_por_tick|>|5.3096673898 && adv_z_pre_30s_ticks_media_s|>|0.5963092823;adv_120s_range_por_tick;>;5,309667389796763;adv_z_pre_30s_ticks_media_s;>;0,5963092823478751;65,84479780680863;C;4053;120;0,029607698001480384;22;8;14;0,36363636363636365;0,00542807796693807;12,281818181818183;0,06666666666666667;0,28571428571428575;0,4;0,7142857142857143;0,3333333333333333;0,6;2;61,88226890237341;True;44;108
f800f00cc76a775d;f74c2d3f3decdb1a;P7A_0011207;6;COMPRA;BIVARIADO;2;adv_120s_range_por_tick > 5.3096673898 E pre_60s_ticks_max_s > 187;adv_120s_range_por_tick|>|5.3096673898 && pre_60s_ticks_max_s|>|187.0;adv_120s_range_por_tick;>;5,309667389796763;pre_60s_ticks_max_s;>;187,0;68,23070896313071;C;4053;120;0,029607698001480384;30;9;21;0,3;0,007401924500370096;10,1325;0,075;0,16644377315713557;0,6;0,277406288595226;0,125;0,6;3;61,87190393244852;True;45;109
e6f9346e63544f62;fe9d20153bc15db4;P7A_0011208;6;COMPRA;BIVARIADO;2;adv_120s_range_por_tick > 5.3096673898 E adv_z_pre_60s_ticks_max_s > 1.07693366953;adv_120s_range_por_tick|>|5.3096673898 && adv_z_pre_60s_ticks_max_s|>|1.0769336695;adv_120s_range_por_tick;>;5,309667389796763;adv_z_pre_60s_ticks_max_s;>;1,0769336695294722;68,23070896313071;C;4053;120;0,029607698001480384;30;9;21;0,3;0,007401924500370096;10,1325;0,075;0,16644377315713557;0,6;0,277406288595226;0,125;0,6;3;61,87190393244852;True;46;110
d36e1a4ddc699d03;3c68527cc8ee4d8e;P7A_0011351;6;COMPRA;BIVARIADO;2;pre_15s_spread_minimo > 1.25 E pre_30s_ticks_media_s > 43.5666666667;pre_15s_spread_minimo|>|1.25 && pre_30s_ticks_media_s|>|43.5666666667;pre_15s_spread_minimo;>;1,25;pre_30s_ticks_media_s;>;43,56666666666666;65,09542297027741;C;4053;120;0,029607698001480384;99;16;83;0,16161616161616163;0,02442635085122132;5,4585858585858595;0,13333333333333333;0,28815583480513396;1,0;0,28815583480513396;0,0;0,36;5;60,9583741140285;True;47;113
d2060948a55660ea;d5728d824d157e39;P7A_0011352;6;COMPRA;BIVARIADO;2;pre_15s_spread_minimo > 1.25 E adv_z_pre_30s_ticks_media_s > 0.596309282348;adv_z_pre_30s_ticks_media_s|>|0.5963092823 && pre_15s_spread_minimo|>|1.25;pre_15s_spread_minimo;>;1,25;adv_z_pre_30s_ticks_media_s;>;0,5963092823478751;65,09542297027741;C;4053;120;0,029607698001480384;99;16;83;0,16161616161616163;0,02442635085122132;5,4585858585858595;0,13333333333333333;0,28815583480513396;1,0;0,28815583480513396;0,0;0,36;5;60,9583741140285;True;48;114
6cfefccf5dc32fa8;777b1414519038ff;P7A_0011353;6;COMPRA;BIVARIADO;2;adv_z_pre_15s_spread_minimo > 0.994118514367 E pre_30s_ticks_media_s > 43.5666666667;adv_z_pre_15s_spread_minimo|>|0.9941185144 && pre_30s_ticks_media_s|>|43.5666666667;adv_z_pre_15s_spread_minimo;>;0,9941185143671212;pre_30s_ticks_media_s;>;43,56666666666666;65,09542297027741;C;4053;120;0,029607698001480384;99;16;83;0,16161616161616163;0,02442635085122132;5,4585858585858595;0,13333333333333333;0,28815583480513396;1,0;0,28815583480513396;0,0;0,36;5;60,9583741140285;True;49;115
34299ed819994c17;2c8bd9b428b80c74;P7A_0011354;6;COMPRA;BIVARIADO;2;adv_z_pre_15s_spread_minimo > 0.994118514367 E adv_z_pre_30s_ticks_media_s > 0.596309282348;adv_z_pre_15s_spread_minimo|>|0.9941185144 && adv_z_pre_30s_ticks_media_s|>|0.5963092823;adv_z_pre_15s_spread_minimo;>;0,9941185143671212;adv_z_pre_30s_ticks_media_s;>;0,5963092823478751;65,09542297027741;C;4053;120;0,029607698001480384;99;16;83;0,16161616161616163;0,02442635085122132;5,4585858585858595;0,13333333333333333;0,28815583480513396;1,0;0,28815583480513396;0,0;0,36;5;60,9583741140285;True;50;116
93bbd04fa5bfb0d6;6bd08e2d338699d2;P7A_0011365;6;COMPRA;BIVARIADO;2;pre_15s_agressor_compra > 138 E pre_15s_spread_medio > 1.86036434185;pre_15s_agressor_compra|>|138.0 && pre_15s_spread_medio|>|1.8603643419;pre_15s_agressor_compra;>;138,0;pre_15s_spread_medio;>;1,8603643418547264;60,424658867451;C;4053;120;0,029607698001480384;102;17;85;0,16666666666666666;0,025166543301258327;5,629166666666666;0,14166666666666666;0,22640191800104992;1,0;0,22640191800104992;0,0;0,3235294117647059;5;60,9489565620418;True;51;117
72388e019ac769f7;8fb659972265b01d;P7A_0011366;6;COMPRA;BIVARIADO;2;pre_15s_agressor_compra > 138 E adv_z_pre_15s_spread_medio > 1.53498847774;adv_z_pre_15s_spread_medio|>|1.5349884777 && pre_15s_agressor_compra|>|138.0;pre_15s_agressor_compra;>;138,0;adv_z_pre_15s_spread_medio;>;1,5349884777431504;60,424658867451;C;4053;120;0,029607698001480384;102;17;85;0,16666666666666666;0,025166543301258327;5,629166666666666;0,14166666666666666;0,22640191800104992;1,0;0,22640191800104992;0,0;0,3235294117647059;5;60,9489565620418;True;52;118
6ac3a5724ed473b8;e6a668d36398fe0a;P7A_0011367;6;COMPRA;BIVARIADO;2;adv_z_pre_15s_agressor_compra > -0.104811540566 E pre_15s_spread_medio > 1.86036434185;adv_z_pre_15s_agressor_compra|>|-0.1048115406 && pre_15s_spread_medio|>|1.8603643419;adv_z_pre_15s_agressor_compra;>;-0,10481154056568985;pre_15s_spread_medio;>;1,8603643418547264;60,424658867451;C;4053;120;0,029607698001480384;102;17;85;0,16666666666666666;0,025166543301258327;5,629166666666666;0,14166666666666666;0,22640191800104992;1,0;0,22640191800104992;0,0;0,3235294117647059;5;60,9489565620418;True;53;119
f5be85ef76e78b36;dcabb3a6c3f68347;P7A_0011368;6;COMPRA;BIVARIADO;2;adv_z_pre_15s_agressor_compra > -0.104811540566 E adv_z_pre_15s_spread_medio > 1.53498847774;adv_z_pre_15s_agressor_compra|>|-0.1048115406 && adv_z_pre_15s_spread_medio|>|1.5349884777;adv_z_pre_15s_agressor_compra;>;-0,10481154056568985;adv_z_pre_15s_spread_medio;>;1,5349884777431504;60,424658867451;C;4053;120;0,029607698001480384;102;17;85;0,16666666666666666;0,025166543301258327;5,629166666666666;0,14166666666666666;0,22640191800104992;1,0;0,22640191800104992;0,0;0,3235294117647059;5;60,9489565620418;True;54;120
201d95453174f559;bbe8c30c67e27413;P7A_0011235;6;COMPRA;BIVARIADO;2;pre_15s_cobertura_pct <= 0.866667 E pre_30s_ticks_media_s > 43.5666666667;pre_15s_cobertura_pct|<=|0.866667 && pre_30s_ticks_media_s|>|43.5666666667;pre_15s_cobertura_pct;<=;0,866667;pre_30s_ticks_media_s;>;43,56666666666666;63,39554668181318;C;4053;120;0,029607698001480384;24;9;15;0,375;0,005921539600296077;12,665625;0,075;0,21052631578947373;0,4;0,5263157894736843;0,25;0,7;2;60,947524038063634;True;55;121
f9e667764cd57777;ec09ab5ee1420b90;P7A_0011236;6;COMPRA;BIVARIADO;2;pre_15s_cobertura_pct <= 0.866667 E adv_z_pre_30s_ticks_media_s > 0.596309282348;adv_z_pre_30s_ticks_media_s|>|0.5963092823 && pre_15s_cobertura_pct|<=|0.866667;pre_15s_cobertura_pct;<=;0,866667;adv_z_pre_30s_ticks_media_s;>;0,5963092823478751;63,39554668181318;C;4053;120;0,029607698001480384;24;9;15;0,375;0,005921539600296077;12,665625;0,075;0,21052631578947373;0,4;0,5263157894736843;0,25;0,7;2;60,947524038063634;True;56;122
f6a98c8f4ddf0c38;3542f1f1f492f342;P7A_0011237;6;COMPRA;BIVARIADO;2;adv_z_pre_15s_cobertura_pct <= 0.0919658869921 E pre_30s_ticks_media_s > 43.5666666667;adv_z_pre_15s_cobertura_pct|<=|0.091965887 && pre_30s_ticks_media_s|>|43.5666666667;adv_z_pre_15s_cobertura_pct;<=;0,09196588699211758;pre_30s_ticks_media_s;>;43,56666666666666;63,39554668181318;C;4053;120;0,029607698001480384;24;9;15;0,375;0,005921539600296077;12,665625;0,075;0,21052631578947373;0,4;0,5263157894736843;0,25;0,7;2;60,947524038063634;True;57;123
de769d60db52509b;39c7c4c9b924c8e0;P7A_0011238;6;COMPRA;BIVARIADO;2;adv_z_pre_15s_cobertura_pct <= 0.0919658869921 E adv_z_pre_30s_ticks_media_s > 0.596309282348;adv_z_pre_15s_cobertura_pct|<=|0.091965887 && adv_z_pre_30s_ticks_media_s|>|0.5963092823;adv_z_pre_15s_cobertura_pct;<=;0,09196588699211758;adv_z_pre_30s_ticks_media_s;>;0,5963092823478751;63,39554668181318;C;4053;120;0,029607698001480384;24;9;15;0,375;0,005921539600296077;12,665625;0,075;0,21052631578947373;0,4;0,5263157894736843;0,25;0,7;2;60,947524038063634;True;58;124
7f4f06ab3cb14c71;1f9e8a70f2ef8308;P7A_0011293;6;COMPRA;BIVARIADO;2;pre_120s_ask_size_medio_soma <= 154.302092065 E pre_30s_ticks_media_s > 43.5666666667;pre_120s_ask_size_medio_soma|<=|154.3020920649 && pre_30s_ticks_media_s|>|43.5666666667;pre_120s_ask_size_medio_soma;<=;154,30209206487177;pre_30s_ticks_media_s;>;43,56666666666666;62,04387580305312;C;4053;120;0,029607698001480384;32;7;25;0,21875;0,007895386133728102;7,38828125;0,058333333333333334;0,3094183219324329;0,8;0,3867729024155411;0,0;0,4;4;60,66557456053087;True;59;127
e9cd3427ec992f4c;ad6fe89f27a372fe;P7A_0011294;6;COMPRA;BIVARIADO;2;pre_120s_ask_size_medio_soma <= 154.302092065 E adv_z_pre_30s_ticks_media_s > 0.596309282348;adv_z_pre_30s_ticks_media_s|>|0.5963092823 && pre_120s_ask_size_medio_soma|<=|154.3020920649;pre_120s_ask_size_medio_soma;<=;154,30209206487177;adv_z_pre_30s_ticks_media_s;>;0,5963092823478751;62,04387580305312;C;4053;120;0,029607698001480384;32;7;25;0,21875;0,007895386133728102;7,38828125;0,058333333333333334;0,3094183219324329;0,8;0,3867729024155411;0,0;0,4;4;60,66557456053087;True;60;128
c8e8709a00116bbc;d995519cd7a2a192;P7A_0011203;6;VENDA;BIVARIADO;2;adv_120s_range_por_tick > 5.3096673898 E pre_60s_ticks_max_s > 92;adv_120s_range_por_tick|>|5.3096673898 && pre_60s_ticks_max_s|>|92.0;adv_120s_range_por_tick;>;5,309667389796763;pre_60s_ticks_max_s;>;92,0;75,81500442816376;B;3433;70;0,020390329158170697;23;4;19;0,17391304347826086;0,0066996795805418004;8,52919254658385;0,05714285714285714;0,5292959567092387;0,6;0,8821599278487312;0,125;0,16666666666666666;3;60,699151413612206;True;1;125
43e20409594d8f10;3a36c35f84a07e6d;P7A_0011204;6;VENDA;BIVARIADO;2;adv_120s_range_por_tick > 5.3096673898 E adv_z_pre_60s_ticks_max_s > 0.0318437575285;adv_120s_range_por_tick|>|5.3096673898 && adv_z_pre_60s_ticks_max_s|>|0.0318437575;adv_120s_range_por_tick;>;5,309667389796763;adv_z_pre_60s_ticks_max_s;>;0,03184375752845396;75,81500442816376;B;3433;70;0,020390329158170697;23;4;19;0,17391304347826086;0,0066996795805418004;8,52919254658385;0,05714285714285714;0,5292959567092387;0,6;0,8821599278487312;0,125;0,16666666666666666;3;60,699151413612206;True;2;126
06a6911f48b9e01a;e0b9facff253598e;P7A_0011263;6;VENDA;BIVARIADO;2;adv_120s_range_por_tick > 5.3096673898 E pre_30s_ticks_media_s > 9.76428571429;adv_120s_range_por_tick|>|5.3096673898 && pre_30s_ticks_media_s|>|9.7642857143;adv_120s_range_por_tick;>;5,309667389796763;pre_30s_ticks_media_s;>;9,764285714285716;59,90796970555243;C;3433;70;0,020390329158170697;79;7;72;0,08860759493670886;0,023011942907078357;4,345569620253165;0,1;0,535826695068749;1,0;0,535826695068749;0,045454545454545456;0,15384615384615385;5;51,67206327369832;True;3;444
122ef883c65d9370;dd65a4dbb0989598;P7A_0011264;6;VENDA;BIVARIADO;2;adv_120s_range_por_tick > 5.3096673898 E adv_z_pre_30s_ticks_media_s > -0.446612635522;adv_120s_range_por_tick|>|5.3096673898 && adv_z_pre_30s_ticks_media_s|>|-0.4466126355;adv_120s_range_por_tick;>;5,309667389796763;adv_z_pre_30s_ticks_media_s;>;-0,4466126355224225;59,90796970555243;C;3433;70;0,020390329158170697;79;7;72;0,08860759493670886;0,023011942907078357;4,345569620253165;0,1;0,535826695068749;1,0;0,535826695068749;0,045454545454545456;0,15384615384615385;5;51,67206327369832;True;4;445
ed3090fe6ad23ac2;95039c3fd34783b1;P7A_0011205;6;VENDA;BIVARIADO;2;pre_120s_ticks_max_s > 111 E adv_120s_range_por_tick > 5.3096673898;adv_120s_range_por_tick|>|5.3096673898 && pre_120s_ticks_max_s|>|111.0;pre_120s_ticks_max_s;>;111,0;adv_120s_range_por_tick;>;5,309667389796763;76,11919219476947;B;3433;70;0,020390329158170697;22;3;19;0,13636363636363635;0,006408389163996504;6,687662337662337;0,04285714285714286;0,14310023369484617;0,6;0,23850038949141028;0,0;0,2;3;49,71339968384487;True;5;456
e959278b4d478776;1a37b1f9ee2a4561;P7A_0011206;6;VENDA;BIVARIADO;2;adv_z_pre_120s_ticks_max_s > 0.0160491420784 E adv_120s_range_por_tick > 5.3096673898;adv_120s_range_por_tick|>|5.3096673898 && adv_z_pre_120s_ticks_max_s|>|0.0160491421;adv_z_pre_120s_ticks_max_s;>;0,016049142078407914;adv_120s_range_por_tick;>;5,309667389796763;76,11919219476947;B;3433;70;0,020390329158170697;22;3;19;0,13636363636363635;0,006408389163996504;6,687662337662337;0,04285714285714286;0,14310023369484617;0,6;0,23850038949141028;0,0;0,2;3;49,71339968384487;True;6;457
1bc59c659540d61f;171b7d87c2ccc70f;P7A_0011211;6;VENDA;BIVARIADO;2;pre_60s_ticks_max_s > 187 E pre_60s_ask_size_medio_soma <= 78.8989205239;pre_60s_ask_size_medio_soma|<=|78.8989205239 && pre_60s_ticks_max_s|>|187.0;pre_60s_ticks_max_s;>;187,0;pre_60s_ask_size_medio_soma;<=;78,89892052392051;70,89251731330008;B;3433;70;0,020390329158170697;26;3;23;0,11538461538461539;0,007573550830177687;5,658791208791209;0,04285714285714286;0,1705086614175376;0,6;0,28418110236256267;0,0;0,2;3;46,92090825855719;True;7;464
a1b9777758ea1a60;07864444041e41b7;P7A_0011212;6;VENDA;BIVARIADO;2;pre_60s_ticks_max_s > 187 E adv_z_pre_60s_ask_size_medio_soma <= -0.120535330956;adv_z_pre_60s_ask_size_medio_soma|<=|-0.120535331 && pre_60s_ticks_max_s|>|187.0;pre_60s_ticks_max_s;>;187,0;adv_z_pre_60s_ask_size_medio_soma;<=;-0,12053533095585525;70,89251731330008;B;3433;70;0,020390329158170697;26;3;23;0,11538461538461539;0,007573550830177687;5,658791208791209;0,04285714285714286;0,1705086614175376;0,6;0,28418110236256267;0,0;0,2;3;46,92090825855719;True;8;465
8257ff8d423523db;4993d0c0788b2523;P7A_0011213;6;VENDA;BIVARIADO;2;adv_z_pre_60s_ticks_max_s > 1.07693366953 E pre_60s_ask_size_medio_soma <= 78.8989205239;adv_z_pre_60s_ticks_max_s|>|1.0769336695 && pre_60s_ask_size_medio_soma|<=|78.8989205239;adv_z_pre_60s_ticks_max_s;>;1,0769336695294722;pre_60s_ask_size_medio_soma;<=;78,89892052392051;70,89251731330008;B;3433;70;0,020390329158170697;26;3;23;0,11538461538461539;0,007573550830177687;5,658791208791209;0,04285714285714286;0,1705086614175376;0,6;0,28418110236256267;0,0;0,2;3;46,92090825855719;True;9;466
143cad44373d91b2;435c5fa8ed7d7291;P7A_0011214;6;VENDA;BIVARIADO;2;adv_z_pre_60s_ticks_max_s > 1.07693366953 E adv_z_pre_60s_ask_size_medio_soma <= -0.120535330956;adv_z_pre_60s_ask_size_medio_soma|<=|-0.120535331 && adv_z_pre_60s_ticks_max_s|>|1.0769336695;adv_z_pre_60s_ticks_max_s;>;1,0769336695294722;adv_z_pre_60s_ask_size_medio_soma;<=;-0,12053533095585525;70,89251731330008;B;3433;70;0,020390329158170697;26;3;23;0,11538461538461539;0,007573550830177687;5,658791208791209;0,04285714285714286;0,1705086614175376;0,6;0,28418110236256267;0,0;0,2;3;46,92090825855719;True;10;467
5fb01736a4431a5f;2c0e461204fb1510;P7A_0011275;6;VENDA;BIVARIADO;2;pre_60s_ticks_max_s > 187 E pre_60s_cobertura_segundos <= 50;pre_60s_cobertura_segundos|<=|50.0 && pre_60s_ticks_max_s|>|187.0;pre_60s_ticks_max_s;>;187,0;pre_60s_cobertura_segundos;<=;50,0;66,21319982232215;C;3433;70;0,020390329158170697;28;3;25;0,10714285714285714;0,00815613166326828;5,2545918367346935;0,04285714285714286;0,1629411845491899;0,6;0,2715686409153165;0,0;0,16666666666666666;3;44,00154681444198;True;11;491
1b22e14e4c918207;ab829510bd8f50eb;P7A_0011276;6;VENDA;BIVARIADO;2;pre_60s_ticks_max_s > 187 E adv_z_pre_60s_cobertura_segundos <= -0.0114095202406;adv_z_pre_60s_cobertura_segundos|<=|-0.0114095202 && pre_60s_ticks_max_s|>|187.0;pre_60s_ticks_max_s;>;187,0;adv_z_pre_60s_cobertura_segundos;<=;-0,01140952024060339;66,21319982232215;C;3433;70;0,020390329158170697;28;3;25;0,10714285714285714;0,00815613166326828;5,2545918367346935;0,04285714285714286;0,1629411845491899;0,6;0,2715686409153165;0,0;0,16666666666666666;3;44,00154681444198;True;12;492
e80b4fc9b86821b3;4fbf06aa7c41719a;P7A_0011277;6;VENDA;BIVARIADO;2;adv_z_pre_60s_ticks_max_s > 1.07693366953 E pre_60s_cobertura_segundos <= 50;adv_z_pre_60s_ticks_max_s|>|1.0769336695 && pre_60s_cobertura_segundos|<=|50.0;adv_z_pre_60s_ticks_max_s;>;1,0769336695294722;pre_60s_cobertura_segundos;<=;50,0;66,21319982232215;C;3433;70;0,020390329158170697;28;3;25;0,10714285714285714;0,00815613166326828;5,2545918367346935;0,04285714285714286;0,1629411845491899;0,6;0,2715686409153165;0,0;0,16666666666666666;3;44,00154681444198;True;13;493
477fc109c0c161b1;153788d57a9d1d5b;P7A_0011278;6;VENDA;BIVARIADO;2;adv_z_pre_60s_ticks_max_s > 1.07693366953 E adv_z_pre_60s_cobertura_segundos <= -0.0114095202406;adv_z_pre_60s_cobertura_segundos|<=|-0.0114095202 && adv_z_pre_60s_ticks_max_s|>|1.0769336695;adv_z_pre_60s_ticks_max_s;>;1,0769336695294722;adv_z_pre_60s_cobertura_segundos;<=;-0,01140952024060339;66,21319982232215;C;3433;70;0,020390329158170697;28;3;25;0,10714285714285714;0,00815613166326828;5,2545918367346935;0,04285714285714286;0,1629411845491899;0,6;0,2715686409153165;0,0;0,16666666666666666;3;44,00154681444198;True;14;494
ebca7678834f6ee0;be7ca0be45e6af2b;P7A_0011215;6;VENDA;BIVARIADO;2;pre_60s_ticks_max_s > 187 E pre_120s_bid_size_medio_soma <= 154.004022122;pre_120s_bid_size_medio_soma|<=|154.0040221217 && pre_60s_ticks_max_s|>|187.0;pre_60s_ticks_max_s;>;187,0;pre_120s_bid_size_medio_soma;<=;154,00402212166918;65,95442171778723;C;3433;70;0,020390329158170697;29;3;26;0,10344827586206896;0,008447422079813574;5,073399014778325;0,04285714285714286;0,14310023369484617;0,6;0,23850038949141028;0,0;0,2;3;42,637621521332626;True;15;495
fb83a8de7e2dfd7a;eafc9ee1e33cd63c;P7A_0011216;6;VENDA;BIVARIADO;2;pre_60s_ticks_max_s > 187 E adv_z_pre_120s_bid_size_medio_soma <= -0.167802826111;adv_z_pre_120s_bid_size_medio_soma|<=|-0.1678028261 && pre_60s_ticks_max_s|>|187.0;pre_60s_ticks_max_s;>;187,0;adv_z_pre_120s_bid_size_medio_soma;<=;-0,1678028261109788;65,95442171778723;C;3433;70;0,020390329158170697;29;3;26;0,10344827586206896;0,008447422079813574;5,073399014778325;0,04285714285714286;0,14310023369484617;0,6;0,23850038949141028;0,0;0,2;3;42,637621521332626;True;16;496
4d250da11ffcb283;cef40bf352afc3f4;P7A_0011217;6;VENDA;BIVARIADO;2;adv_z_pre_60s_ticks_max_s > 1.07693366953 E pre_120s_bid_size_medio_soma <= 154.004022122;adv_z_pre_60s_ticks_max_s|>|1.0769336695 && pre_120s_bid_size_medio_soma|<=|154.0040221217;adv_z_pre_60s_ticks_max_s;>;1,0769336695294722;pre_120s_bid_size_medio_soma;<=;154,00402212166918;65,95442171778723;C;3433;70;0,020390329158170697;29;3;26;0,10344827586206896;0,008447422079813574;5,073399014778325;0,04285714285714286;0,14310023369484617;0,6;0,23850038949141028;0,0;0,2;3;42,637621521332626;True;17;497
03af93da7b2ae89b;0c47103c9fc38800;P7A_0011218;6;VENDA;BIVARIADO;2;adv_z_pre_60s_ticks_max_s > 1.07693366953 E adv_z_pre_120s_bid_size_medio_soma <= -0.167802826111;adv_z_pre_120s_bid_size_medio_soma|<=|-0.1678028261 && adv_z_pre_60s_ticks_max_s|>|1.0769336695;adv_z_pre_60s_ticks_max_s;>;1,0769336695294722;adv_z_pre_120s_bid_size_medio_soma;<=;-0,1678028261109788;65,95442171778723;C;3433;70;0,020390329158170697;29;3;26;0,10344827586206896;0,008447422079813574;5,073399014778325;0,04285714285714286;0,14310023369484617;0,6;0,23850038949141028;0,0;0,2;3;42,637621521332626;True;18;498
9a121b79c0155726;04bca1a956f931de;P7A_0011219;6;VENDA;BIVARIADO;2;pre_120s_ask_size_medio_soma <= 154.302092065 E pre_60s_ticks_max_s > 187;pre_120s_ask_size_medio_soma|<=|154.3020920649 && pre_60s_ticks_max_s|>|187.0;pre_120s_ask_size_medio_soma;<=;154,30209206487177;pre_60s_ticks_max_s;>;187,0;66,61970898274689;C;3433;70;0,020390329158170697;30;3;27;0,1;0,00873871249635887;4,904285714285714;0,04285714285714286;0,1729168699187476;0,6;0,2881947831979127;0,0;0,14285714285714285;3;42,35646661698253;True;19;499
d2800ef4594a5bdc;e927cfad240e0e82;P7A_0011220;6;VENDA;BIVARIADO;2;pre_120s_ask_size_medio_soma <= 154.302092065 E adv_z_pre_60s_ticks_max_s > 1.07693366953;adv_z_pre_60s_ticks_max_s|>|1.0769336695 && pre_120s_ask_size_medio_soma|<=|154.3020920649;pre_120s_ask_size_medio_soma;<=;154,30209206487177;adv_z_pre_60s_ticks_max_s;>;1,0769336695294722;66,61970898274689;C;3433;70;0,020390329158170697;30;3;27;0,1;0,00873871249635887;4,904285714285714;0,04285714285714286;0,1729168699187476;0,6;0,2881947831979127;0,0;0,14285714285714285;3;42,35646661698253;True;20;500
305b5d69654cb519;9b59805c8a97d291;P7A_0011221;6;VENDA;BIVARIADO;2;adv_z_pre_120s_ask_size_medio_soma <= -0.172695618137 E pre_60s_ticks_max_s > 187;adv_z_pre_120s_ask_size_medio_soma|<=|-0.1726956181 && pre_60s_ticks_max_s|>|187.0;adv_z_pre_120s_ask_size_medio_soma;<=;-0,1726956181366653;pre_60s_ticks_max_s;>;187,0;66,61970898274689;C;3433;70;0,020390329158170697;30;3;27;0,1;0,00873871249635887;4,904285714285714;0,04285714285714286;0,1729168699187476;0,6;0,2881947831979127;0,0;0,14285714285714285;3;42,35646661698253;True;21;501
98e6728f870bd0d6;ad99bd0916b52075;P7A_0011222;6;VENDA;BIVARIADO;2;adv_z_pre_120s_ask_size_medio_soma <= -0.172695618137 E adv_z_pre_60s_ticks_max_s > 1.07693366953;adv_z_pre_120s_ask_size_medio_soma|<=|-0.1726956181 && adv_z_pre_60s_ticks_max_s|>|1.0769336695;adv_z_pre_120s_ask_size_medio_soma;<=;-0,1726956181366653;adv_z_pre_60s_ticks_max_s;>;1,0769336695294722;66,61970898274689;C;3433;70;0,020390329158170697;30;3;27;0,1;0,00873871249635887;4,904285714285714;0,04285714285714286;0,1729168699187476;0,6;0,2881947831979127;0,0;0,14285714285714285;3;42,35646661698253;True;22;502
