padrao_id;cluster;tipo_padrao;qtd_condicoes;feature_1;operador_1;limiar_1;regra;eventos_cluster;explosoes_cluster;taxa_base_cluster;eventos_padrao;explosoes_padrao;nao_explosoes_padrao;suporte;confianca;precisao;recall;especificidade;lift;ganho_informacao;estabilidade;estabilidade_cobertura;estabilidade_taxa;pior_taxa_bloco;melhor_taxa_bloco;blocos_validos;score_preliminar;feature_2;operador_2;limiar_2;regra_canonica;chave_features;score_final;bonus_bivariado;penalidade_instabilidade;penalidade_baixa_amostra;qualidade;padrao_hash;ranking_cluster;ranking_geral;selecionado_m8;ordem_m8_cluster
P7A_0000001;0;BIVARIADO;2;pre_60s_bid_size_medio_soma;<=;66,31744566229645;pre_60s_bid_size_medio_soma <= 66.3174456623 E adv_delta_range_pontos_15s_60s > -500;15676;294;0,01875478438377137;1713;89;1624;0,10927532533809646;0,05195563339171045;0,05195563339171045;0,30272108843537415;0,8944220517487973;2,770260234858684;0,003826935801889919;0,8058604711637946;1,0;0,8058604711637946;0,03970223325062035;0,0694006309148265;5;45,582399681685274;adv_delta_range_pontos_15s_60s;>;-500,0;adv_delta_range_pontos_15s_60s|>|-500.0 && pre_60s_bid_size_medio_soma|<=|66.3174456623;adv_delta_range_pontos_15s_60s + pre_60s_bid_size_medio_soma;81,67344346958053;2,0;0,0;0,0;B;76444fb83490f3bf;1;7;True;1
P7A_0000002;0;BIVARIADO;2;adv_z_pre_60s_bid_size_medio_soma;<=;-0,5452438928198626;adv_z_pre_60s_bid_size_medio_soma <= -0.54524389282 E adv_delta_range_pontos_15s_60s > -500;15676;294;0,01875478438377137;1713;89;1624;0,10927532533809646;0,05195563339171045;0,05195563339171045;0,30272108843537415;0,8944220517487973;2,770260234858684;0,003826935801889919;0,8058604711637946;1,0;0,8058604711637946;0,03970223325062035;0,0694006309148265;5;45,582399681685274;adv_delta_range_pontos_15s_60s;>;-500,0;adv_delta_range_pontos_15s_60s|>|-500.0 && adv_z_pre_60s_bid_size_medio_soma|<=|-0.5452438928;adv_delta_range_pontos_15s_60s + adv_z_pre_60s_bid_size_medio_soma;81,67344346958053;2,0;0,0;0,0;B;b8451d9872697ea4;2;8;True;2
P7A_0000003;0;BIVARIADO;2;pre_120s_bid_size_medio_soma;<=;129,85773350518676;pre_120s_bid_size_medio_soma <= 129.857733505 E adv_delta_range_pontos_15s_60s > -500;15676;294;0,01875478438377137;1666;83;1583;0,10627711150803776;0,04981992797118848;0,04981992797118848;0,282312925170068;0,8970875048758289;2,6563850029807843;0,003288133182483388;0,7831680839331844;1,0;0,7831680839331844;0,03728813559322034;0,06349206349206349;5;44,42454945353469;adv_delta_range_pontos_15s_60s;>;-500,0;adv_delta_range_pontos_15s_60s|>|-500.0 && pre_120s_bid_size_medio_soma|<=|129.8577335052;adv_delta_range_pontos_15s_60s + pre_120s_bid_size_medio_soma;71,75949795831228;2,0;0,0;0,0;B;065a037fe2ab469a;3;678;True;3
P7A_0000004;0;BIVARIADO;2;adv_z_pre_120s_bid_size_medio_soma;<=;-0,6064479997177702;adv_z_pre_120s_bid_size_medio_soma <= -0.606447999718 E adv_delta_range_pontos_15s_60s > -500;15676;294;0,01875478438377137;1666;83;1583;0,10627711150803776;0,04981992797118848;0,04981992797118848;0,282312925170068;0,8970875048758289;2,6563850029807843;0,003288133182483388;0,7831680839331844;1,0;0,7831680839331844;0,03728813559322034;0,06349206349206349;5;44,42454945353469;adv_delta_range_pontos_15s_60s;>;-500,0;adv_delta_range_pontos_15s_60s|>|-500.0 && adv_z_pre_120s_bid_size_medio_soma|<=|-0.6064479997;adv_delta_range_pontos_15s_60s + adv_z_pre_120s_bid_size_medio_soma;71,75949795831228;2,0;0,0;0,0;B;682b8a1411e9faed;4;679;True;4
P7A_0000164;0;BIVARIADO;2;pre_120s_ask_size_medio_soma;<=;90,31666666666666;pre_120s_ask_size_medio_soma <= 90.3166666667 E adv_delta_spread_minimo_30s_120s > 0.116666666667;15676;294;0,01875478438377137;1491;77;1414;0,09511354937484053;0,051643192488262914;0,051643192488262914;0,2619047619047619;0,9080743726433493;2,7536009709047944;0,003193567308348938;0,6670917646876637;1,0;0,6670917646876637;0,027450980392156862;0,07331378299120235;5;42,56512961042871;adv_delta_spread_minimo_30s_120s;>;0,11666666666666659;adv_delta_spread_minimo_30s_120s|>|0.1166666667 && pre_120s_ask_size_medio_soma|<=|90.3166666667;adv_delta_spread_minimo_30s_120s + pre_120s_ask_size_medio_soma;70,76611664931868;2,0;0,0;0,0;B;1561aac7683eada2;5;721;True;5
P7A_0000165;0;BIVARIADO;2;adv_z_pre_120s_ask_size_medio_soma;<=;-1,326433568854512;adv_z_pre_120s_ask_size_medio_soma <= -1.32643356885 E adv_delta_spread_minimo_30s_120s > 0.116666666667;15676;294;0,01875478438377137;1491;77;1414;0,09511354937484053;0,051643192488262914;0,051643192488262914;0,2619047619047619;0,9080743726433493;2,7536009709047944;0,003193567308348938;0,6670917646876637;1,0;0,6670917646876637;0,027450980392156862;0,07331378299120235;5;42,56512961042871;adv_delta_spread_minimo_30s_120s;>;0,11666666666666659;adv_delta_spread_minimo_30s_120s|>|0.1166666667 && adv_z_pre_120s_ask_size_medio_soma|<=|-1.3264335689;adv_delta_spread_minimo_30s_120s + adv_z_pre_120s_ask_size_medio_soma;70,76611664931868;2,0;0,0;0,0;B;2b0d283c39249f2a;6;722;True;6
P7A_0000118;0;BIVARIADO;2;pre_120s_ask_size_medio_soma;<=;90,31666666666666;pre_120s_ask_size_medio_soma <= 90.3166666667 E pre_60s_bid_size_medio_soma <= 66.3174456623;15676;294;0,01875478438377137;1515;79;1436;0,096644552181679;0,05214521452145215;0,05214521452145215;0,2687074829931973;0,9066441295020153;2,780368649109809;0,0033422965408077265;0,6431812463753346;1,0;0,6431812463753346;0,026515151515151516;0,07803468208092486;5;42,631588261698184;pre_60s_bid_size_medio_soma;<=;66,31744566229645;pre_120s_ask_size_medio_soma|<=|90.3166666667 && pre_60s_bid_size_medio_soma|<=|66.3174456623;pre_120s_ask_size_medio_soma + pre_60s_bid_size_medio_soma;70,52783556610412;2,0;0,0;0,0;B;4e8960921bfea2a6;7;751;True;7
P7A_0000119;0;BIVARIADO;2;pre_120s_ask_size_medio_soma;<=;90,31666666666666;pre_120s_ask_size_medio_soma <= 90.3166666667 E adv_z_pre_60s_bid_size_medio_soma <= -0.54524389282;15676;294;0,01875478438377137;1515;79;1436;0,096644552181679;0,05214521452145215;0,05214521452145215;0,2687074829931973;0,9066441295020153;2,780368649109809;0,0033422965408077265;0,6431812463753346;1,0;0,6431812463753346;0,026515151515151516;0,07803468208092486;5;42,631588261698184;adv_z_pre_60s_bid_size_medio_soma;<=;-0,5452438928198626;adv_z_pre_60s_bid_size_medio_soma|<=|-0.5452438928 && pre_120s_ask_size_medio_soma|<=|90.3166666667;adv_z_pre_60s_bid_size_medio_soma + pre_120s_ask_size_medio_soma;70,52783556610412;2,0;0,0;0,0;B;18541bc173484144;8;752;True;8
P7A_0000120;0;BIVARIADO;2;adv_z_pre_120s_ask_size_medio_soma;<=;-1,326433568854512;adv_z_pre_120s_ask_size_medio_soma <= -1.32643356885 E pre_60s_bid_size_medio_soma <= 66.3174456623;15676;294;0,01875478438377137;1515;79;1436;0,096644552181679;0,05214521452145215;0,05214521452145215;0,2687074829931973;0,9066441295020153;2,780368649109809;0,0033422965408077265;0,6431812463753346;1,0;0,6431812463753346;0,026515151515151516;0,07803468208092486;5;42,631588261698184;pre_60s_bid_size_medio_soma;<=;66,31744566229645;adv_z_pre_120s_ask_size_medio_soma|<=|-1.3264335689 && pre_60s_bid_size_medio_soma|<=|66.3174456623;adv_z_pre_120s_ask_size_medio_soma + pre_60s_bid_size_medio_soma;70,52783556610412;2,0;0,0;0,0;B;dfe96125e7d51335;9;753;True;9
P7A_0000121;0;BIVARIADO;2;adv_z_pre_120s_ask_size_medio_soma;<=;-1,326433568854512;adv_z_pre_120s_ask_size_medio_soma <= -1.32643356885 E adv_z_pre_60s_bid_size_medio_soma <= -0.54524389282;15676;294;0,01875478438377137;1515;79;1436;0,096644552181679;0,05214521452145215;0,05214521452145215;0,2687074829931973;0,9066441295020153;2,780368649109809;0,0033422965408077265;0,6431812463753346;1,0;0,6431812463753346;0,026515151515151516;0,07803468208092486;5;42,631588261698184;adv_z_pre_60s_bid_size_medio_soma;<=;-0,5452438928198626;adv_z_pre_120s_ask_size_medio_soma|<=|-1.3264335689 && adv_z_pre_60s_bid_size_medio_soma|<=|-0.5452438928;adv_z_pre_120s_ask_size_medio_soma + adv_z_pre_60s_bid_size_medio_soma;70,52783556610412;2,0;0,0;0,0;B;f28cd4c0fc699369;10;754;True;10
P7A_0000021;0;BIVARIADO;2;pre_120s_ask_size_medio_soma;<=;90,31666666666666;pre_120s_ask_size_medio_soma <= 90.3166666667 E adv_delta_range_pontos_15s_60s > -1700;15676;294;0,01875478438377137;1529;80;1449;0,09753763715233478;0,052321778940483975;0,052321778940483975;0,272108843537415;0,9057989858275907;2,7897830158878465;0,0034102641146158685;0,6342056868042393;1,0;0,6342056868042393;0,026415094339622643;0,0782608695652174;5;42,70201306094536;adv_delta_range_pontos_15s_60s;>;-1700,0;adv_delta_range_pontos_15s_60s|>|-1700.0 && pre_120s_ask_size_medio_soma|<=|90.3166666667;adv_delta_range_pontos_15s_60s + pre_120s_ask_size_medio_soma;70,49655477132515;2,0;0,0;0,0;B;600e3e5c40c4c2f9;11;757;True;11
P7A_0000022;0;BIVARIADO;2;adv_z_pre_120s_ask_size_medio_soma;<=;-1,326433568854512;adv_z_pre_120s_ask_size_medio_soma <= -1.32643356885 E adv_delta_range_pontos_15s_60s > -1700;15676;294;0,01875478438377137;1529;80;1449;0,09753763715233478;0,052321778940483975;0,052321778940483975;0,272108843537415;0,9057989858275907;2,7897830158878465;0,0034102641146158685;0,6342056868042393;1,0;0,6342056868042393;0,026415094339622643;0,0782608695652174;5;42,70201306094536;adv_delta_range_pontos_15s_60s;>;-1700,0;adv_delta_range_pontos_15s_60s|>|-1700.0 && adv_z_pre_120s_ask_size_medio_soma|<=|-1.3264335689;adv_delta_range_pontos_15s_60s + adv_z_pre_120s_ask_size_medio_soma;70,49655477132515;2,0;0,0;0,0;B;33950fcc889a32d3;12;758;True;12
P7A_0000112;0;BIVARIADO;2;pre_120s_ask_size_medio_soma;<=;90,31666666666666;pre_120s_ask_size_medio_soma <= 90.3166666667 E pre_15s_agressor_compra <= 375;15676;294;0,01875478438377137;1553;80;1473;0,09906863995917325;0,051513200257566;0,051513200257566;0,272108843537415;0,904238720582499;2,7466698205360704;0,0033262070310193237;0,6340319490330166;1,0;0,6340319490330166;0,025830258302583026;0,07736389684813753;5;42,63755521367971;pre_15s_agressor_compra;<=;375,0;pre_120s_ask_size_medio_soma|<=|90.3166666667 && pre_15s_agressor_compra|<=|375.0;pre_120s_ask_size_medio_soma + pre_15s_agressor_compra;69,61887647165973;2,0;0,0;0,0;C;28637dccf9527e72;13;910;True;13
P7A_0000113;0;BIVARIADO;2;adv_z_pre_120s_ask_size_medio_soma;<=;-1,326433568854512;adv_z_pre_120s_ask_size_medio_soma <= -1.32643356885 E pre_15s_agressor_compra <= 375;15676;294;0,01875478438377137;1553;80;1473;0,09906863995917325;0,051513200257566;0,051513200257566;0,272108843537415;0,904238720582499;2,7466698205360704;0,0033262070310193237;0,6340319490330166;1,0;0,6340319490330166;0,025830258302583026;0,07736389684813753;5;42,63755521367971;pre_15s_agressor_compra;<=;375,0;adv_z_pre_120s_ask_size_medio_soma|<=|-1.3264335689 && pre_15s_agressor_compra|<=|375.0;adv_z_pre_120s_ask_size_medio_soma + pre_15s_agressor_compra;69,61887647165973;2,0;0,0;0,0;C;ff62aa3def7819d1;14;911;True;14
P7A_0000122;0;BIVARIADO;2;pre_120s_ask_size_medio_soma;<=;90,31666666666666;pre_120s_ask_size_medio_soma <= 90.3166666667 E adv_delta_range_pontos_15s_60s > -2725;15676;294;0,01875478438377137;1553;80;1473;0,09906863995917325;0,051513200257566;0,051513200257566;0,272108843537415;0,904238720582499;2,7466698205360704;0,0033262070310193237;0,6330428132028927;1,0;0,6330428132028927;0,025830258302583026;0,07758620689655173;5;42,622718176227856;adv_delta_range_pontos_15s_60s;>;-2725,0;adv_delta_range_pontos_15s_60s|>|-2725.0 && pre_120s_ask_size_medio_soma|<=|90.3166666667;adv_delta_range_pontos_15s_60s + pre_120s_ask_size_medio_soma;69,56885845454403;2,0;0,0;0,0;C;ff129f99f5977815;15;916;True;15
P7A_0000123;0;BIVARIADO;2;adv_z_pre_120s_ask_size_medio_soma;<=;-1,326433568854512;adv_z_pre_120s_ask_size_medio_soma <= -1.32643356885 E adv_delta_range_pontos_15s_60s > -2725;15676;294;0,01875478438377137;1553;80;1473;0,09906863995917325;0,051513200257566;0,051513200257566;0,272108843537415;0,904238720582499;2,7466698205360704;0,0033262070310193237;0,6330428132028927;1,0;0,6330428132028927;0,025830258302583026;0,07758620689655173;5;42,622718176227856;adv_delta_range_pontos_15s_60s;>;-2725,0;adv_delta_range_pontos_15s_60s|>|-2725.0 && adv_z_pre_120s_ask_size_medio_soma|<=|-1.3264335689;adv_delta_range_pontos_15s_60s + adv_z_pre_120s_ask_size_medio_soma;69,56885845454403;2,0;0,0;0,0;C;b6e34ab3a1535ca6;16;917;True;16
P7A_0000041;0;BIVARIADO;2;pre_120s_ask_size_medio_soma;<=;90,31666666666666;pre_120s_ask_size_medio_soma <= 90.3166666667 E pre_60s_cobertura_segundos <= 44;15676;294;0,01875478438377137;1555;80;1475;0,0991962235264098;0,05144694533762058;0,05144694533762058;0,272108843537415;0,9041086984787414;2,74313712623313;0,003319289381022217;0,636097730544284;1,0;0,636097730544284;0,025830258302583026;0,07714285714285714;5;42,663789285118355;pre_60s_cobertura_segundos;<=;44,0;pre_120s_ask_size_medio_soma|<=|90.3166666667 && pre_60s_cobertura_segundos|<=|44.0;pre_120s_ask_size_medio_soma + pre_60s_cobertura_segundos;69,46947913964104;2,0;0,0;0,0;C;bae5a18857dc8ca1;17;922;True;17
P7A_0000042;0;BIVARIADO;2;pre_120s_ask_size_medio_soma;<=;90,31666666666666;pre_120s_ask_size_medio_soma <= 90.3166666667 E adv_z_pre_60s_cobertura_segundos <= -0.451265907308;15676;294;0,01875478438377137;1555;80;1475;0,0991962235264098;0,05144694533762058;0,05144694533762058;0,272108843537415;0,9041086984787414;2,74313712623313;0,003319289381022217;0,636097730544284;1,0;0,636097730544284;0,025830258302583026;0,07714285714285714;5;42,663789285118355;adv_z_pre_60s_cobertura_segundos;<=;-0,45126590730837896;adv_z_pre_60s_cobertura_segundos|<=|-0.4512659073 && pre_120s_ask_size_medio_soma|<=|90.3166666667;adv_z_pre_60s_cobertura_segundos + pre_120s_ask_size_medio_soma;69,46947913964104;2,0;0,0;0,0;C;0ea891dedd8d7878;18;923;True;18
P7A_0000043;0;BIVARIADO;2;adv_z_pre_120s_ask_size_medio_soma;<=;-1,326433568854512;adv_z_pre_120s_ask_size_medio_soma <= -1.32643356885 E pre_60s_cobertura_segundos <= 44;15676;294;0,01875478438377137;1555;80;1475;0,0991962235264098;0,05144694533762058;0,05144694533762058;0,272108843537415;0,9041086984787414;2,74313712623313;0,003319289381022217;0,636097730544284;1,0;0,636097730544284;0,025830258302583026;0,07714285714285714;5;42,663789285118355;pre_60s_cobertura_segundos;<=;44,0;adv_z_pre_120s_ask_size_medio_soma|<=|-1.3264335689 && pre_60s_cobertura_segundos|<=|44.0;adv_z_pre_120s_ask_size_medio_soma + pre_60s_cobertura_segundos;69,46947913964104;2,0;0,0;0,0;C;16534c9a349f1b50;19;924;True;19
P7A_0000044;0;BIVARIADO;2;adv_z_pre_120s_ask_size_medio_soma;<=;-1,326433568854512;adv_z_pre_120s_ask_size_medio_soma <= -1.32643356885 E adv_z_pre_60s_cobertura_segundos <= -0.451265907308;15676;294;0,01875478438377137;1555;80;1475;0,0991962235264098;0,05144694533762058;0,05144694533762058;0,272108843537415;0,9041086984787414;2,74313712623313;0,003319289381022217;0,636097730544284;1,0;0,636097730544284;0,025830258302583026;0,07714285714285714;5;42,663789285118355;adv_z_pre_60s_cobertura_segundos;<=;-0,45126590730837896;adv_z_pre_120s_ask_size_medio_soma|<=|-1.3264335689 && adv_z_pre_60s_cobertura_segundos|<=|-0.4512659073;adv_z_pre_120s_ask_size_medio_soma + adv_z_pre_60s_cobertura_segundos;69,46947913964104;2,0;0,0;0,0;C;faeba726f8b8d0ee;20;925;True;20
P7A_0000345;0;BIVARIADO;2;pre_60s_cobertura_segundos;<=;30,0;pre_60s_cobertura_segundos <= 30 E pre_15s_ask_size_medio_soma <= 17.2724058106;15676;294;0,01875478438377137;1481;78;1403;0,09447563153865782;0,05266711681296422;0,05266711681296422;0,2653061224489796;0,9087894942140163;2,808196337279004;0,00334534718085161;0,6241011550570132;1,0;0,6241011550570132;0,025;0,07761194029850746;5;42,20052007777974;pre_15s_ask_size_medio_soma;<=;17,272405810563704;pre_15s_ask_size_medio_soma|<=|17.2724058106 && pre_60s_cobertura_segundos|<=|30.0;pre_15s_ask_size_medio_soma + pre_60s_cobertura_segundos;69,46467679354328;2,0;0,0;0,0;C;93a1138390ad0138;21;926;True;21
P7A_0000346;0;BIVARIADO;2;pre_60s_cobertura_segundos;<=;30,0;pre_60s_cobertura_segundos <= 30 E adv_z_pre_15s_ask_size_medio_soma <= -0.392621598007;15676;294;0,01875478438377137;1481;78;1403;0,09447563153865782;0,05266711681296422;0,05266711681296422;0,2653061224489796;0,9087894942140163;2,808196337279004;0,00334534718085161;0,6241011550570132;1,0;0,6241011550570132;0,025;0,07761194029850746;5;42,20052007777974;adv_z_pre_15s_ask_size_medio_soma;<=;-0,392621598006787;adv_z_pre_15s_ask_size_medio_soma|<=|-0.392621598 && pre_60s_cobertura_segundos|<=|30.0;adv_z_pre_15s_ask_size_medio_soma + pre_60s_cobertura_segundos;69,46467679354328;2,0;0,0;0,0;C;b31fe2cbaaf6a2d0;22;927;True;22
P7A_0000347;0;BIVARIADO;2;adv_z_pre_60s_cobertura_segundos;<=;-1,4775974771331886;adv_z_pre_60s_cobertura_segundos <= -1.47759747713 E pre_15s_ask_size_medio_soma <= 17.2724058106;15676;294;0,01875478438377137;1481;78;1403;0,09447563153865782;0,05266711681296422;0,05266711681296422;0,2653061224489796;0,9087894942140163;2,808196337279004;0,00334534718085161;0,6241011550570132;1,0;0,6241011550570132;0,025;0,07761194029850746;5;42,20052007777974;pre_15s_ask_size_medio_soma;<=;17,272405810563704;adv_z_pre_60s_cobertura_segundos|<=|-1.4775974771 && pre_15s_ask_size_medio_soma|<=|17.2724058106;adv_z_pre_60s_cobertura_segundos + pre_15s_ask_size_medio_soma;69,46467679354328;2,0;0,0;0,0;C;62dc052be0f92866;23;928;True;23
P7A_0000348;0;BIVARIADO;2;adv_z_pre_60s_cobertura_segundos;<=;-1,4775974771331886;adv_z_pre_60s_cobertura_segundos <= -1.47759747713 E adv_z_pre_15s_ask_size_medio_soma <= -0.392621598007;15676;294;0,01875478438377137;1481;78;1403;0,09447563153865782;0,05266711681296422;0,05266711681296422;0,2653061224489796;0,9087894942140163;2,808196337279004;0,00334534718085161;0,6241011550570132;1,0;0,6241011550570132;0,025;0,07761194029850746;5;42,20052007777974;adv_z_pre_15s_ask_size_medio_soma;<=;-0,392621598006787;adv_z_pre_15s_ask_size_medio_soma|<=|-0.392621598 && adv_z_pre_60s_cobertura_segundos|<=|-1.4775974771;adv_z_pre_15s_ask_size_medio_soma + adv_z_pre_60s_cobertura_segundos;69,46467679354328;2,0;0,0;0,0;C;67c4d2c3498d325a;24;929;True;24
P7A_0000192;0;BIVARIADO;2;pre_120s_ask_size_medio_soma;<=;90,31666666666666;pre_120s_ask_size_medio_soma <= 90.3166666667 E pre_120s_volume_incremento_soma <= 313;15676;294;0,01875478438377137;1538;79;1459;0,09811176320489921;0,05136540962288687;0,05136540962288687;0,2687074829931973;0,9051488753088025;2,7387896641101177;0,003262222135452797;0,6356249858298489;1,0;0,6356249858298489;0,026119402985074626;0,07758620689655173;5;42,45734581373341;pre_120s_volume_incremento_soma;<=;313,0;pre_120s_ask_size_medio_soma|<=|90.3166666667 && pre_120s_volume_incremento_soma|<=|313.0;pre_120s_ask_size_medio_soma + pre_120s_volume_incremento_soma;68,76631939727862;2,0;0,0;0,0;C;f69aa7339fb51f42;25;964;True;25
P7A_0000193;0;BIVARIADO;2;pre_120s_ask_size_medio_soma;<=;90,31666666666666;pre_120s_ask_size_medio_soma <= 90.3166666667 E adv_z_pre_120s_volume_incremento_soma <= -0.785365808453;15676;294;0,01875478438377137;1538;79;1459;0,09811176320489921;0,05136540962288687;0,05136540962288687;0,2687074829931973;0,9051488753088025;2,7387896641101177;0,003262222135452797;0,6356249858298489;1,0;0,6356249858298489;0,026119402985074626;0,07758620689655173;5;42,45734581373341;adv_z_pre_120s_volume_incremento_soma;<=;-0,7853658084525277;adv_z_pre_120s_volume_incremento_soma|<=|-0.7853658085 && pre_120s_ask_size_medio_soma|<=|90.3166666667;adv_z_pre_120s_volume_incremento_soma + pre_120s_ask_size_medio_soma;68,76631939727862;2,0;0,0;0,0;C;f6b2bb05ac1f4efe;26;965;True;26
P7A_0000194;0;BIVARIADO;2;adv_z_pre_120s_ask_size_medio_soma;<=;-1,326433568854512;adv_z_pre_120s_ask_size_medio_soma <= -1.32643356885 E pre_120s_volume_incremento_soma <= 313;15676;294;0,01875478438377137;1538;79;1459;0,09811176320489921;0,05136540962288687;0,05136540962288687;0,2687074829931973;0,9051488753088025;2,7387896641101177;0,003262222135452797;0,6356249858298489;1,0;0,6356249858298489;0,026119402985074626;0,07758620689655173;5;42,45734581373341;pre_120s_volume_incremento_soma;<=;313,0;adv_z_pre_120s_ask_size_medio_soma|<=|-1.3264335689 && pre_120s_volume_incremento_soma|<=|313.0;adv_z_pre_120s_ask_size_medio_soma + pre_120s_volume_incremento_soma;68,76631939727862;2,0;0,0;0,0;C;f2a16ad69cfae4d9;27;966;True;27
P7A_0000195;0;BIVARIADO;2;adv_z_pre_120s_ask_size_medio_soma;<=;-1,326433568854512;adv_z_pre_120s_ask_size_medio_soma <= -1.32643356885 E adv_z_pre_120s_volume_incremento_soma <= -0.785365808453;15676;294;0,01875478438377137;1538;79;1459;0,09811176320489921;0,05136540962288687;0,05136540962288687;0,2687074829931973;0,9051488753088025;2,7387896641101177;0,003262222135452797;0,6356249858298489;1,0;0,6356249858298489;0,026119402985074626;0,07758620689655173;5;42,45734581373341;adv_z_pre_120s_volume_incremento_soma;<=;-0,7853658084525277;adv_z_pre_120s_ask_size_medio_soma|<=|-1.3264335689 && adv_z_pre_120s_volume_incremento_soma|<=|-0.7853658085;adv_z_pre_120s_ask_size_medio_soma + adv_z_pre_120s_volume_incremento_soma;68,76631939727862;2,0;0,0;0,0;C;9390b8de3cc7391e;28;967;True;28
P7A_0000932;0;BIVARIADO;2;pre_120s_ask_size_medio_soma;<=;90,31666666666666;pre_120s_ask_size_medio_soma <= 90.3166666667 E adv_delta_spread_minimo_30s_120s > 0.166666666667;15676;294;0,01875478438377137;1188;65;1123;0,07578463893850472;0,054713804713804715;0,054713804713804715;0,22108843537414966;0,9269925887400858;2,9173251792299415;0,002878770988861551;0,6667425315988988;1,0;0,6667425315988988;0,03333333333333333;0,08394160583941605;5;40,67244565631319;adv_delta_spread_minimo_30s_120s;>;0,16666666666666663;adv_delta_spread_minimo_30s_120s|>|0.1666666667 && pre_120s_ask_size_medio_soma|<=|90.3166666667;adv_delta_spread_minimo_30s_120s + pre_120s_ask_size_medio_soma;68,74738891785175;2,0;0,0;0,0;C;7511e77cdc3a875e;29;968;True;29
P7A_0000933;0;BIVARIADO;2;adv_z_pre_120s_ask_size_medio_soma;<=;-1,326433568854512;adv_z_pre_120s_ask_size_medio_soma <= -1.32643356885 E adv_delta_spread_minimo_30s_120s > 0.166666666667;15676;294;0,01875478438377137;1188;65;1123;0,07578463893850472;0,054713804713804715;0,054713804713804715;0,22108843537414966;0,9269925887400858;2,9173251792299415;0,002878770988861551;0,6667425315988988;1,0;0,6667425315988988;0,03333333333333333;0,08394160583941605;5;40,67244565631319;adv_delta_spread_minimo_30s_120s;>;0,16666666666666663;adv_delta_spread_minimo_30s_120s|>|0.1666666667 && adv_z_pre_120s_ask_size_medio_soma|<=|-1.3264335689;adv_delta_spread_minimo_30s_120s + adv_z_pre_120s_ask_size_medio_soma;68,74738891785175;2,0;0,0;0,0;C;7ddd8aa32ae1b5ea;30;969;True;30
P7A_0000023;0;BIVARIADO;2;pre_120s_ask_size_medio_soma;<=;90,31666666666666;pre_120s_ask_size_medio_soma <= 90.3166666667 E pre_120s_bid_size_medio_soma <= 129.857733505;15676;294;0,01875478438377137;1562;80;1482;0,09964276601173769;0,05121638924455826;0,05121638924455826;0,272108843537415;0,9036536211155897;2,730843938087399;0,0032951816595449546;0,6387132107811295;1,0;0,6387132107811295;0,02564102564102564;0,07627118644067797;5;42,68686367204769;pre_120s_bid_size_medio_soma;<=;129,85773350518676;pre_120s_ask_size_medio_soma|<=|90.3166666667 && pre_120s_bid_size_medio_soma|<=|129.8577335052;pre_120s_ask_size_medio_soma + pre_120s_bid_size_medio_soma;68,7183760730169;2,0;0,0;0,0;C;9c3aab62d17b6483;31;970;True;31
P7A_0000024;0;BIVARIADO;2;pre_120s_ask_size_medio_soma;<=;90,31666666666666;pre_120s_ask_size_medio_soma <= 90.3166666667 E adv_z_pre_120s_bid_size_medio_soma <= -0.606447999718;15676;294;0,01875478438377137;1562;80;1482;0,09964276601173769;0,05121638924455826;0,05121638924455826;0,272108843537415;0,9036536211155897;2,730843938087399;0,0032951816595449546;0,6387132107811295;1,0;0,6387132107811295;0,02564102564102564;0,07627118644067797;5;42,68686367204769;adv_z_pre_120s_bid_size_medio_soma;<=;-0,6064479997177702;adv_z_pre_120s_bid_size_medio_soma|<=|-0.6064479997 && pre_120s_ask_size_medio_soma|<=|90.3166666667;adv_z_pre_120s_bid_size_medio_soma + pre_120s_ask_size_medio_soma;68,7183760730169;2,0;0,0;0,0;C;8f8a45b6c0bae1e8;32;971;True;32
P7A_0000025;0;BIVARIADO;2;adv_z_pre_120s_ask_size_medio_soma;<=;-1,326433568854512;adv_z_pre_120s_ask_size_medio_soma <= -1.32643356885 E pre_120s_bid_size_medio_soma <= 129.857733505;15676;294;0,01875478438377137;1562;80;1482;0,09964276601173769;0,05121638924455826;0,05121638924455826;0,272108843537415;0,9036536211155897;2,730843938087399;0,0032951816595449546;0,6387132107811295;1,0;0,6387132107811295;0,02564102564102564;0,07627118644067797;5;42,68686367204769;pre_120s_bid_size_medio_soma;<=;129,85773350518676;adv_z_pre_120s_ask_size_medio_soma|<=|-1.3264335689 && pre_120s_bid_size_medio_soma|<=|129.8577335052;adv_z_pre_120s_ask_size_medio_soma + pre_120s_bid_size_medio_soma;68,7183760730169;2,0;0,0;0,0;C;d6c76cb6bae741b2;33;972;True;33
P7A_0000026;0;BIVARIADO;2;adv_z_pre_120s_ask_size_medio_soma;<=;-1,326433568854512;adv_z_pre_120s_ask_size_medio_soma <= -1.32643356885 E adv_z_pre_120s_bid_size_medio_soma <= -0.606447999718;15676;294;0,01875478438377137;1562;80;1482;0,09964276601173769;0,05121638924455826;0,05121638924455826;0,272108843537415;0,9036536211155897;2,730843938087399;0,0032951816595449546;0,6387132107811295;1,0;0,6387132107811295;0,02564102564102564;0,07627118644067797;5;42,68686367204769;adv_z_pre_120s_bid_size_medio_soma;<=;-0,6064479997177702;adv_z_pre_120s_ask_size_medio_soma|<=|-1.3264335689 && adv_z_pre_120s_bid_size_medio_soma|<=|-0.6064479997;adv_z_pre_120s_ask_size_medio_soma + adv_z_pre_120s_bid_size_medio_soma;68,7183760730169;2,0;0,0;0,0;C;c5fc69aa9ac5f6c9;34;973;True;34
P7A_0000124;0;BIVARIADO;2;pre_120s_ask_size_medio_soma;<=;90,31666666666666;pre_120s_ask_size_medio_soma <= 90.3166666667 E pre_60s_ask_size_medio_soma <= 67.0768756109;15676;294;0,01875478438377137;1560;80;1480;0,09951518244450115;0,05128205128205128;0,05128205128205128;0,272108843537415;0,9037836432193473;2,734345020059306;0,003302053112598957;0,6335392353601388;1,0;0,6335392353601388;0,02564102564102564;0,07714285714285714;5;42,61379526637422;pre_60s_ask_size_medio_soma;<=;67,07687561094818;pre_120s_ask_size_medio_soma|<=|90.3166666667 && pre_60s_ask_size_medio_soma|<=|67.0768756109;pre_120s_ask_size_medio_soma + pre_60s_ask_size_medio_soma;68,7083176196271;2,0;0,0;0,0;C;9103a411016d8a1a;35;974;True;35
P7A_0000125;0;BIVARIADO;2;pre_120s_ask_size_medio_soma;<=;90,31666666666666;pre_120s_ask_size_medio_soma <= 90.3166666667 E adv_z_pre_60s_ask_size_medio_soma <= -0.522587759325;15676;294;0,01875478438377137;1560;80;1480;0,09951518244450115;0,05128205128205128;0,05128205128205128;0,272108843537415;0,9037836432193473;2,734345020059306;0,003302053112598957;0,6335392353601388;1,0;0,6335392353601388;0,02564102564102564;0,07714285714285714;5;42,61379526637422;adv_z_pre_60s_ask_size_medio_soma;<=;-0,522587759325445;adv_z_pre_60s_ask_size_medio_soma|<=|-0.5225877593 && pre_120s_ask_size_medio_soma|<=|90.3166666667;adv_z_pre_60s_ask_size_medio_soma + pre_120s_ask_size_medio_soma;68,7083176196271;2,0;0,0;0,0;C;c67744454b929447;36;975;True;36
P7A_0000126;0;BIVARIADO;2;adv_z_pre_120s_ask_size_medio_soma;<=;-1,326433568854512;adv_z_pre_120s_ask_size_medio_soma <= -1.32643356885 E pre_60s_ask_size_medio_soma <= 67.0768756109;15676;294;0,01875478438377137;1560;80;1480;0,09951518244450115;0,05128205128205128;0,05128205128205128;0,272108843537415;0,9037836432193473;2,734345020059306;0,003302053112598957;0,6335392353601388;1,0;0,6335392353601388;0,02564102564102564;0,07714285714285714;5;42,61379526637422;pre_60s_ask_size_medio_soma;<=;67,07687561094818;adv_z_pre_120s_ask_size_medio_soma|<=|-1.3264335689 && pre_60s_ask_size_medio_soma|<=|67.0768756109;adv_z_pre_120s_ask_size_medio_soma + pre_60s_ask_size_medio_soma;68,7083176196271;2,0;0,0;0,0;C;ea66f8d2d892a050;37;976;True;37
P7A_0000127;0;BIVARIADO;2;adv_z_pre_120s_ask_size_medio_soma;<=;-1,326433568854512;adv_z_pre_120s_ask_size_medio_soma <= -1.32643356885 E adv_z_pre_60s_ask_size_medio_soma <= -0.522587759325;15676;294;0,01875478438377137;1560;80;1480;0,09951518244450115;0,05128205128205128;0,05128205128205128;0,272108843537415;0,9037836432193473;2,734345020059306;0,003302053112598957;0,6335392353601388;1,0;0,6335392353601388;0,02564102564102564;0,07714285714285714;5;42,61379526637422;adv_z_pre_60s_ask_size_medio_soma;<=;-0,522587759325445;adv_z_pre_120s_ask_size_medio_soma|<=|-1.3264335689 && adv_z_pre_60s_ask_size_medio_soma|<=|-0.5225877593;adv_z_pre_120s_ask_size_medio_soma + adv_z_pre_60s_ask_size_medio_soma;68,7083176196271;2,0;0,0;0,0;C;5e872b407baa8e0f;38;977;True;38
P7A_0000158;0;BIVARIADO;2;pre_60s_cobertura_segundos;<=;30,0;pre_60s_cobertura_segundos <= 30 E pre_30s_ask_size_medio_soma <= 33.6184348739;15676;294;0,01875478438377137;1544;79;1465;0,09849451390660884;0,05116580310880829;0,05116580310880829;0,2687074829931973;0,9047588089975296;2,728146699094146;0,0032416259453319496;0,6443038133283864;1,0;0,6443038133283864;0,02734375;0,07492795389048991;5;42,573003450002;pre_30s_ask_size_medio_soma;<=;33,61843487394958;pre_30s_ask_size_medio_soma|<=|33.6184348739 && pre_60s_cobertura_segundos|<=|30.0;pre_30s_ask_size_medio_soma + pre_60s_cobertura_segundos;68,44126705888873;2,0;0,0;0,0;C;5aa604795e6368be;39;1002;True;39
P7A_0000159;0;BIVARIADO;2;pre_60s_cobertura_segundos;<=;30,0;pre_60s_cobertura_segundos <= 30 E adv_z_pre_30s_ask_size_medio_soma <= -0.487071113122;15676;294;0,01875478438377137;1544;79;1465;0,09849451390660884;0,05116580310880829;0,05116580310880829;0,2687074829931973;0,9047588089975296;2,728146699094146;0,0032416259453319496;0,6443038133283864;1,0;0,6443038133283864;0,02734375;0,07492795389048991;5;42,573003450002;adv_z_pre_30s_ask_size_medio_soma;<=;-0,4870711131222708;adv_z_pre_30s_ask_size_medio_soma|<=|-0.4870711131 && pre_60s_cobertura_segundos|<=|30.0;adv_z_pre_30s_ask_size_medio_soma + pre_60s_cobertura_segundos;68,44126705888873;2,0;0,0;0,0;C;71bc659e5de14ad1;40;1003;True;40
P7A_0000160;0;BIVARIADO;2;adv_z_pre_60s_cobertura_segundos;<=;-1,4775974771331886;adv_z_pre_60s_cobertura_segundos <= -1.47759747713 E pre_30s_ask_size_medio_soma <= 33.6184348739;15676;294;0,01875478438377137;1544;79;1465;0,09849451390660884;0,05116580310880829;0,05116580310880829;0,2687074829931973;0,9047588089975296;2,728146699094146;0,0032416259453319496;0,6443038133283864;1,0;0,6443038133283864;0,02734375;0,07492795389048991;5;42,573003450002;pre_30s_ask_size_medio_soma;<=;33,61843487394958;adv_z_pre_60s_cobertura_segundos|<=|-1.4775974771 && pre_30s_ask_size_medio_soma|<=|33.6184348739;adv_z_pre_60s_cobertura_segundos + pre_30s_ask_size_medio_soma;68,44126705888873;2,0;0,0;0,0;C;e7cd22f83960f882;41;1004;True;41
P7A_0000161;0;BIVARIADO;2;adv_z_pre_60s_cobertura_segundos;<=;-1,4775974771331886;adv_z_pre_60s_cobertura_segundos <= -1.47759747713 E adv_z_pre_30s_ask_size_medio_soma <= -0.487071113122;15676;294;0,01875478438377137;1544;79;1465;0,09849451390660884;0,05116580310880829;0,05116580310880829;0,2687074829931973;0,9047588089975296;2,728146699094146;0,0032416259453319496;0,6443038133283864;1,0;0,6443038133283864;0,02734375;0,07492795389048991;5;42,573003450002;adv_z_pre_30s_ask_size_medio_soma;<=;-0,4870711131222708;adv_z_pre_30s_ask_size_medio_soma|<=|-0.4870711131 && adv_z_pre_60s_cobertura_segundos|<=|-1.4775974771;adv_z_pre_30s_ask_size_medio_soma + adv_z_pre_60s_cobertura_segundos;68,44126705888873;2,0;0,0;0,0;C;aa6ad8327ba9a4af;42;1005;True;42
P7A_0000114;0;BIVARIADO;2;pre_120s_ask_size_medio_soma;<=;90,31666666666666;pre_120s_ask_size_medio_soma <= 90.3166666667 E pre_30s_ask_size_medio_soma <= 43.3595702585;15676;294;0,01875478438377137;1563;80;1483;0,09970655779535596;0,05118362124120281;0,05118362124120281;0,272108843537415;0,9035886100637108;2,72909675706495;0,0032917508564900277;0,635400087848621;1,0;0,635400087848621;0,025735294117647058;0,07670454545454546;5;42,634918688925985;pre_30s_ask_size_medio_soma;<=;43,359570258504014;pre_120s_ask_size_medio_soma|<=|90.3166666667 && pre_30s_ask_size_medio_soma|<=|43.3595702585;pre_120s_ask_size_medio_soma + pre_30s_ask_size_medio_soma;68,425294761101;2,0;0,0;0,0;C;b70abde3440d59d2;43;1010;True;43
P7A_0000115;0;BIVARIADO;2;pre_120s_ask_size_medio_soma;<=;90,31666666666666;pre_120s_ask_size_medio_soma <= 90.3166666667 E adv_z_pre_30s_ask_size_medio_soma <= 0.114987999867;15676;294;0,01875478438377137;1563;80;1483;0,09970655779535596;0,05118362124120281;0,05118362124120281;0,272108843537415;0,9035886100637108;2,72909675706495;0,0032917508564900277;0,635400087848621;1,0;0,635400087848621;0,025735294117647058;0,07670454545454546;5;42,634918688925985;adv_z_pre_30s_ask_size_medio_soma;<=;0,11498799986710816;adv_z_pre_30s_ask_size_medio_soma|<=|0.1149879999 && pre_120s_ask_size_medio_soma|<=|90.3166666667;adv_z_pre_30s_ask_size_medio_soma + pre_120s_ask_size_medio_soma;68,425294761101;2,0;0,0;0,0;C;6bb74e07c8a0e79d;44;1011;True;44
P7A_0000116;0;BIVARIADO;2;adv_z_pre_120s_ask_size_medio_soma;<=;-1,326433568854512;adv_z_pre_120s_ask_size_medio_soma <= -1.32643356885 E pre_30s_ask_size_medio_soma <= 43.3595702585;15676;294;0,01875478438377137;1563;80;1483;0,09970655779535596;0,05118362124120281;0,05118362124120281;0,272108843537415;0,9035886100637108;2,72909675706495;0,0032917508564900277;0,635400087848621;1,0;0,635400087848621;0,025735294117647058;0,07670454545454546;5;42,634918688925985;pre_30s_ask_size_medio_soma;<=;43,359570258504014;adv_z_pre_120s_ask_size_medio_soma|<=|-1.3264335689 && pre_30s_ask_size_medio_soma|<=|43.3595702585;adv_z_pre_120s_ask_size_medio_soma + pre_30s_ask_size_medio_soma;68,425294761101;2,0;0,0;0,0;C;a9873e6aefbffece;45;1012;True;45
P7A_0000117;0;BIVARIADO;2;adv_z_pre_120s_ask_size_medio_soma;<=;-1,326433568854512;adv_z_pre_120s_ask_size_medio_soma <= -1.32643356885 E adv_z_pre_30s_ask_size_medio_soma <= 0.114987999867;15676;294;0,01875478438377137;1563;80;1483;0,09970655779535596;0,05118362124120281;0,05118362124120281;0,272108843537415;0,9035886100637108;2,72909675706495;0,0032917508564900277;0,635400087848621;1,0;0,635400087848621;0,025735294117647058;0,07670454545454546;5;42,634918688925985;adv_z_pre_30s_ask_size_medio_soma;<=;0,11498799986710816;adv_z_pre_120s_ask_size_medio_soma|<=|-1.3264335689 && adv_z_pre_30s_ask_size_medio_soma|<=|0.1149879999;adv_z_pre_120s_ask_size_medio_soma + adv_z_pre_30s_ask_size_medio_soma;68,425294761101;2,0;0,0;0,0;C;6d6114cab03296a9;46;1013;True;46
P7A_0000037;0;BIVARIADO;2;pre_120s_ask_size_medio_soma;<=;90,31666666666666;pre_120s_ask_size_medio_soma <= 90.3166666667 E pre_60s_bid_size_medio_soma <= 88.2173594753;15676;294;0,01875478438377137;1564;80;1484;0,09977034957897422;0,05115089514066496;0,05115089514066496;0,272108843537415;0,903523599011832;2,7273518102893335;0,0032883233301955195;0,63779650470116;1,0;0,63779650470116;0,02564102564102564;0,07627118644067797;5;42,66863174714548;pre_60s_bid_size_medio_soma;<=;88,21735947527961;pre_120s_ask_size_medio_soma|<=|90.3166666667 && pre_60s_bid_size_medio_soma|<=|88.2173594753;pre_120s_ask_size_medio_soma + pre_60s_bid_size_medio_soma;68,42109134184962;2,0;0,0;0,0;C;ea8f29152dd1977a;47;1014;True;47
P7A_0000038;0;BIVARIADO;2;pre_120s_ask_size_medio_soma;<=;90,31666666666666;pre_120s_ask_size_medio_soma <= 90.3166666667 E adv_z_pre_60s_bid_size_medio_soma <= 0.210763388119;15676;294;0,01875478438377137;1564;80;1484;0,09977034957897422;0,05115089514066496;0,05115089514066496;0,272108843537415;0,903523599011832;2,7273518102893335;0,0032883233301955195;0,63779650470116;1,0;0,63779650470116;0,02564102564102564;0,07627118644067797;5;42,66863174714548;adv_z_pre_60s_bid_size_medio_soma;<=;0,21076338811937123;adv_z_pre_60s_bid_size_medio_soma|<=|0.2107633881 && pre_120s_ask_size_medio_soma|<=|90.3166666667;adv_z_pre_60s_bid_size_medio_soma + pre_120s_ask_size_medio_soma;68,42109134184962;2,0;0,0;0,0;C;04f0603d0ef55493;48;1015;True;48
P7A_0000039;0;BIVARIADO;2;adv_z_pre_120s_ask_size_medio_soma;<=;-1,326433568854512;adv_z_pre_120s_ask_size_medio_soma <= -1.32643356885 E pre_60s_bid_size_medio_soma <= 88.2173594753;15676;294;0,01875478438377137;1564;80;1484;0,09977034957897422;0,05115089514066496;0,05115089514066496;0,272108843537415;0,903523599011832;2,7273518102893335;0,0032883233301955195;0,63779650470116;1,0;0,63779650470116;0,02564102564102564;0,07627118644067797;5;42,66863174714548;pre_60s_bid_size_medio_soma;<=;88,21735947527961;adv_z_pre_120s_ask_size_medio_soma|<=|-1.3264335689 && pre_60s_bid_size_medio_soma|<=|88.2173594753;adv_z_pre_120s_ask_size_medio_soma + pre_60s_bid_size_medio_soma;68,42109134184962;2,0;0,0;0,0;C;285700ecfd7bfc04;49;1016;True;49
P7A_0000040;0;BIVARIADO;2;adv_z_pre_120s_ask_size_medio_soma;<=;-1,326433568854512;adv_z_pre_120s_ask_size_medio_soma <= -1.32643356885 E adv_z_pre_60s_bid_size_medio_soma <= 0.210763388119;15676;294;0,01875478438377137;1564;80;1484;0,09977034957897422;0,05115089514066496;0,05115089514066496;0,272108843537415;0,903523599011832;2,7273518102893335;0,0032883233301955195;0,63779650470116;1,0;0,63779650470116;0,02564102564102564;0,07627118644067797;5;42,66863174714548;adv_z_pre_60s_bid_size_medio_soma;<=;0,21076338811937123;adv_z_pre_120s_ask_size_medio_soma|<=|-1.3264335689 && adv_z_pre_60s_bid_size_medio_soma|<=|0.2107633881;adv_z_pre_120s_ask_size_medio_soma + adv_z_pre_60s_bid_size_medio_soma;68,42109134184962;2,0;0,0;0,0;C;f3e2071817d3650e;50;1017;True;50
P7A_0000019;0;BIVARIADO;2;pre_120s_ask_size_medio_soma;<=;90,31666666666666;pre_120s_ask_size_medio_soma <= 90.3166666667 E pre_15s_bid_size_medio_soma <= 28.1245351192;15676;294;0,01875478438377137;1548;79;1469;0,09874968104108191;0,05103359173126615;0,05103359173126615;0,2687074829931973;0,9044987647900143;2,7210972244194838;0,0032279615065450573;0,6536691068033809;1,0;0,6536691068033809;0,026119402985074626;0,07407407407407407;5;42,70410612399331;pre_15s_bid_size_medio_soma;<=;28,124535119206396;pre_120s_ask_size_medio_soma|<=|90.3166666667 && pre_15s_bid_size_medio_soma|<=|28.1245351192;pre_120s_ask_size_medio_soma + pre_15s_bid_size_medio_soma;68,40887379815081;2,0;0,0;0,0;C;8d0129869ce125db;51;1020;True;51
P7A_0000020;0;BIVARIADO;2;adv_z_pre_120s_ask_size_medio_soma;<=;-1,326433568854512;adv_z_pre_120s_ask_size_medio_soma <= -1.32643356885 E pre_15s_bid_size_medio_soma <= 28.1245351192;15676;294;0,01875478438377137;1548;79;1469;0,09874968104108191;0,05103359173126615;0,05103359173126615;0,2687074829931973;0,9044987647900143;2,7210972244194838;0,0032279615065450573;0,6536691068033809;1,0;0,6536691068033809;0,026119402985074626;0,07407407407407407;5;42,70410612399331;pre_15s_bid_size_medio_soma;<=;28,124535119206396;adv_z_pre_120s_ask_size_medio_soma|<=|-1.3264335689 && pre_15s_bid_size_medio_soma|<=|28.1245351192;adv_z_pre_120s_ask_size_medio_soma + pre_15s_bid_size_medio_soma;68,40887379815081;2,0;0,0;0,0;C;69991497807b8887;52;1021;True;52
P7A_0000156;0;BIVARIADO;2;pre_120s_ask_size_medio_soma;<=;90,31666666666666;pre_120s_ask_size_medio_soma <= 90.3166666667 E pre_15s_agressor_compra <= 201;15676;294;0,01875478438377137;1545;79;1466;0,0985583056902271;0,0511326860841424;0,0511326860841424;0,2687074829931973;0,9046937979456507;2,7263809083503956;0,0032382048739609814;0,6448534463407458;1,0;0,6448534463407458;0,025925925925925925;0,07514450867052024;5;42,57888088194533;pre_15s_agressor_compra;<=;201,0;pre_120s_ask_size_medio_soma|<=|90.3166666667 && pre_15s_agressor_compra|<=|201.0;pre_120s_ask_size_medio_soma + pre_15s_agressor_compra;68,34232071033853;2,0;0,0;0,0;C;2a0f5c1da453a761;53;1024;True;53
P7A_0000157;0;BIVARIADO;2;adv_z_pre_120s_ask_size_medio_soma;<=;-1,326433568854512;adv_z_pre_120s_ask_size_medio_soma <= -1.32643356885 E pre_15s_agressor_compra <= 201;15676;294;0,01875478438377137;1545;79;1466;0,0985583056902271;0,0511326860841424;0,0511326860841424;0,2687074829931973;0,9046937979456507;2,7263809083503956;0,0032382048739609814;0,6448534463407458;1,0;0,6448534463407458;0,025925925925925925;0,07514450867052024;5;42,57888088194533;pre_15s_agressor_compra;<=;201,0;adv_z_pre_120s_ask_size_medio_soma|<=|-1.3264335689 && pre_15s_agressor_compra|<=|201.0;adv_z_pre_120s_ask_size_medio_soma + pre_15s_agressor_compra;68,34232071033853;2,0;0,0;0,0;C;16755f5bd8e860ed;54;1025;True;54
P7A_0000128;0;BIVARIADO;2;pre_120s_ask_size_medio_soma;<=;90,31666666666666;pre_120s_ask_size_medio_soma <= 90.3166666667 E pre_30s_trades_incremento_soma <= 584.25;15676;294;0,01875478438377137;1564;80;1484;0,09977034957897422;0,05115089514066496;0,05115089514066496;0,272108843537415;0,903523599011832;2,7273518102893335;0,0032883233301955195;0,6340171691010998;1,0;0,6340171691010998;0,025547445255474453;0,07670454545454546;5;42,61194171314459;pre_30s_trades_incremento_soma;<=;584,25;pre_120s_ask_size_medio_soma|<=|90.3166666667 && pre_30s_trades_incremento_soma|<=|584.25;pre_120s_ask_size_medio_soma + pre_30s_trades_incremento_soma;68,2299802052668;2,0;0,0;0,0;C;18c7baccc8e0d586;55;1040;True;55
P7A_0000129;0;BIVARIADO;2;pre_120s_ask_size_medio_soma;<=;90,31666666666666;pre_120s_ask_size_medio_soma <= 90.3166666667 E adv_z_pre_30s_trades_incremento_soma <= 0.415354776751;15676;294;0,01875478438377137;1564;80;1484;0,09977034957897422;0,05115089514066496;0,05115089514066496;0,272108843537415;0,903523599011832;2,7273518102893335;0,0032883233301955195;0,6340171691010998;1,0;0,6340171691010998;0,025547445255474453;0,07670454545454546;5;42,61194171314459;adv_z_pre_30s_trades_incremento_soma;<=;0,41535477675064403;adv_z_pre_30s_trades_incremento_soma|<=|0.4153547768 && pre_120s_ask_size_medio_soma|<=|90.3166666667;adv_z_pre_30s_trades_incremento_soma + pre_120s_ask_size_medio_soma;68,2299802052668;2,0;0,0;0,0;C;cc1bb5b2bff2ae32;56;1041;True;56
P7A_0000130;0;BIVARIADO;2;adv_z_pre_120s_ask_size_medio_soma;<=;-1,326433568854512;adv_z_pre_120s_ask_size_medio_soma <= -1.32643356885 E pre_30s_trades_incremento_soma <= 584.25;15676;294;0,01875478438377137;1564;80;1484;0,09977034957897422;0,05115089514066496;0,05115089514066496;0,272108843537415;0,903523599011832;2,7273518102893335;0,0032883233301955195;0,6340171691010998;1,0;0,6340171691010998;0,025547445255474453;0,07670454545454546;5;42,61194171314459;pre_30s_trades_incremento_soma;<=;584,25;adv_z_pre_120s_ask_size_medio_soma|<=|-1.3264335689 && pre_30s_trades_incremento_soma|<=|584.25;adv_z_pre_120s_ask_size_medio_soma + pre_30s_trades_incremento_soma;68,2299802052668;2,0;0,0;0,0;C;64c010bbb47bc5aa;57;1042;True;57
P7A_0000131;0;BIVARIADO;2;adv_z_pre_120s_ask_size_medio_soma;<=;-1,326433568854512;adv_z_pre_120s_ask_size_medio_soma <= -1.32643356885 E adv_z_pre_30s_trades_incremento_soma <= 0.415354776751;15676;294;0,01875478438377137;1564;80;1484;0,09977034957897422;0,05115089514066496;0,05115089514066496;0,272108843537415;0,903523599011832;2,7273518102893335;0,0032883233301955195;0,6340171691010998;1,0;0,6340171691010998;0,025547445255474453;0,07670454545454546;5;42,61194171314459;adv_z_pre_30s_trades_incremento_soma;<=;0,41535477675064403;adv_z_pre_120s_ask_size_medio_soma|<=|-1.3264335689 && adv_z_pre_30s_trades_incremento_soma|<=|0.4153547768;adv_z_pre_120s_ask_size_medio_soma + adv_z_pre_30s_trades_incremento_soma;68,2299802052668;2,0;0,0;0,0;C;44fadf6b77ee406c;58;1043;True;58
P7A_0000029;0;BIVARIADO;2;pre_120s_ask_size_medio_soma;<=;90,31666666666666;pre_120s_ask_size_medio_soma <= 90.3166666667 E pre_30s_bid_size_medio_soma <= 48.5873158285;15676;294;0,01875478438377137;1567;80;1487;0,09996172492982904;0,05105296745373325;0,05105296745373325;0,272108843537415;0,9033285658561956;2,722130332669124;0,0032780603703584377;0,6385387597881722;1,0;0,6385387597881722;0,025547445255474453;0,07605633802816901;5;42,67315537420878;pre_30s_bid_size_medio_soma;<=;48,5873158285022;pre_120s_ask_size_medio_soma|<=|90.3166666667 && pre_30s_bid_size_medio_soma|<=|48.5873158285;pre_120s_ask_size_medio_soma + pre_30s_bid_size_medio_soma;68,08343855889555;2,0;0,0;0,0;C;b377ab175c4e39b8;59;1044;True;59
P7A_0000030;0;BIVARIADO;2;pre_120s_ask_size_medio_soma;<=;90,31666666666666;pre_120s_ask_size_medio_soma <= 90.3166666667 E pre_30s_bid_size_medio_soma <= 55.4663024847;15676;294;0,01875478438377137;1567;80;1487;0,09996172492982904;0,05105296745373325;0,05105296745373325;0,272108843537415;0,9033285658561956;2,722130332669124;0,0032780603703584377;0,6385387597881722;1,0;0,6385387597881722;0,025547445255474453;0,07605633802816901;5;42,67315537420878;pre_30s_bid_size_medio_soma;<=;55,466302484657746;pre_120s_ask_size_medio_soma|<=|90.3166666667 && pre_30s_bid_size_medio_soma|<=|55.4663024847;pre_120s_ask_size_medio_soma + pre_30s_bid_size_medio_soma;68,08343855889555;2,0;0,0;0,0;C;3301345123a8be65;60;1045;True;60
P7A_0000031;0;BIVARIADO;2;pre_120s_ask_size_medio_soma;<=;90,31666666666666;pre_120s_ask_size_medio_soma <= 90.3166666667 E adv_z_pre_30s_bid_size_medio_soma <= 0.463898074181;15676;294;0,01875478438377137;1567;80;1487;0,09996172492982904;0,05105296745373325;0,05105296745373325;0,272108843537415;0,9033285658561956;2,722130332669124;0,0032780603703584377;0,6385387597881722;1,0;0,6385387597881722;0,025547445255474453;0,07605633802816901;5;42,67315537420878;adv_z_pre_30s_bid_size_medio_soma;<=;0,46389807418149;adv_z_pre_30s_bid_size_medio_soma|<=|0.4638980742 && pre_120s_ask_size_medio_soma|<=|90.3166666667;adv_z_pre_30s_bid_size_medio_soma + pre_120s_ask_size_medio_soma;68,08343855889555;2,0;0,0;0,0;C;23e148ad35dda0ba;61;1046;True;61
P7A_0000032;0;BIVARIADO;2;pre_120s_ask_size_medio_soma;<=;90,31666666666666;pre_120s_ask_size_medio_soma <= 90.3166666667 E adv_z_pre_30s_bid_size_medio_soma <= 0.902246927733;15676;294;0,01875478438377137;1567;80;1487;0,09996172492982904;0,05105296745373325;0,05105296745373325;0,272108843537415;0,9033285658561956;2,722130332669124;0,0032780603703584377;0,6385387597881722;1,0;0,6385387597881722;0,025547445255474453;0,07605633802816901;5;42,67315537420878;adv_z_pre_30s_bid_size_medio_soma;<=;0,9022469277331875;adv_z_pre_30s_bid_size_medio_soma|<=|0.9022469277 && pre_120s_ask_size_medio_soma|<=|90.3166666667;adv_z_pre_30s_bid_size_medio_soma + pre_120s_ask_size_medio_soma;68,08343855889555;2,0;0,0;0,0;C;4714163278c0f6f6;62;1047;True;62
P7A_0000033;0;BIVARIADO;2;adv_z_pre_120s_ask_size_medio_soma;<=;-1,326433568854512;adv_z_pre_120s_ask_size_medio_soma <= -1.32643356885 E pre_30s_bid_size_medio_soma <= 48.5873158285;15676;294;0,01875478438377137;1567;80;1487;0,09996172492982904;0,05105296745373325;0,05105296745373325;0,272108843537415;0,9033285658561956;2,722130332669124;0,0032780603703584377;0,6385387597881722;1,0;0,6385387597881722;0,025547445255474453;0,07605633802816901;5;42,67315537420878;pre_30s_bid_size_medio_soma;<=;48,5873158285022;adv_z_pre_120s_ask_size_medio_soma|<=|-1.3264335689 && pre_30s_bid_size_medio_soma|<=|48.5873158285;adv_z_pre_120s_ask_size_medio_soma + pre_30s_bid_size_medio_soma;68,08343855889555;2,0;0,0;0,0;C;69e42e63dc6f0041;63;1048;True;63
P7A_0000034;0;BIVARIADO;2;adv_z_pre_120s_ask_size_medio_soma;<=;-1,326433568854512;adv_z_pre_120s_ask_size_medio_soma <= -1.32643356885 E pre_30s_bid_size_medio_soma <= 55.4663024847;15676;294;0,01875478438377137;1567;80;1487;0,09996172492982904;0,05105296745373325;0,05105296745373325;0,272108843537415;0,9033285658561956;2,722130332669124;0,0032780603703584377;0,6385387597881722;1,0;0,6385387597881722;0,025547445255474453;0,07605633802816901;5;42,67315537420878;pre_30s_bid_size_medio_soma;<=;55,466302484657746;adv_z_pre_120s_ask_size_medio_soma|<=|-1.3264335689 && pre_30s_bid_size_medio_soma|<=|55.4663024847;adv_z_pre_120s_ask_size_medio_soma + pre_30s_bid_size_medio_soma;68,08343855889555;2,0;0,0;0,0;C;300190d005ccf649;64;1049;True;64
P7A_0000035;0;BIVARIADO;2;adv_z_pre_120s_ask_size_medio_soma;<=;-1,326433568854512;adv_z_pre_120s_ask_size_medio_soma <= -1.32643356885 E adv_z_pre_30s_bid_size_medio_soma <= 0.463898074181;15676;294;0,01875478438377137;1567;80;1487;0,09996172492982904;0,05105296745373325;0,05105296745373325;0,272108843537415;0,9033285658561956;2,722130332669124;0,0032780603703584377;0,6385387597881722;1,0;0,6385387597881722;0,025547445255474453;0,07605633802816901;5;42,67315537420878;adv_z_pre_30s_bid_size_medio_soma;<=;0,46389807418149;adv_z_pre_120s_ask_size_medio_soma|<=|-1.3264335689 && adv_z_pre_30s_bid_size_medio_soma|<=|0.4638980742;adv_z_pre_120s_ask_size_medio_soma + adv_z_pre_30s_bid_size_medio_soma;68,08343855889555;2,0;0,0;0,0;C;0ab50a340bd2c395;65;1050;True;65
P7A_0000036;0;BIVARIADO;2;adv_z_pre_120s_ask_size_medio_soma;<=;-1,326433568854512;adv_z_pre_120s_ask_size_medio_soma <= -1.32643356885 E adv_z_pre_30s_bid_size_medio_soma <= 0.902246927733;15676;294;0,01875478438377137;1567;80;1487;0,09996172492982904;0,05105296745373325;0,05105296745373325;0,272108843537415;0,9033285658561956;2,722130332669124;0,0032780603703584377;0,6385387597881722;1,0;0,6385387597881722;0,025547445255474453;0,07605633802816901;5;42,67315537420878;adv_z_pre_30s_bid_size_medio_soma;<=;0,9022469277331875;adv_z_pre_120s_ask_size_medio_soma|<=|-1.3264335689 && adv_z_pre_30s_bid_size_medio_soma|<=|0.9022469277;adv_z_pre_120s_ask_size_medio_soma + adv_z_pre_30s_bid_size_medio_soma;68,08343855889555;2,0;0,0;0,0;C;767e0575263ff888;66;1051;True;66
P7A_0000132;0;BIVARIADO;2;pre_120s_ask_size_medio_soma;<=;90,31666666666666;pre_120s_ask_size_medio_soma <= 90.3166666667 E pre_120s_volume_incremento_soma <= 1271;15676;294;0,01875478438377137;1566;80;1486;0,09989793314621077;0,05108556832694764;0,05108556832694764;0,272108843537415;0,9033935769080744;2,7238686023579293;0,0032814780912729102;0,6342168475562326;1,0;0,6342168475562326;0,025547445255474453;0,07670454545454546;5;42,61051522128731;pre_120s_volume_incremento_soma;<=;1271,0;pre_120s_ask_size_medio_soma|<=|90.3166666667 && pre_120s_volume_incremento_soma|<=|1271.0;pre_120s_ask_size_medio_soma + pre_120s_volume_incremento_soma;67,98979239829764;2,0;0,0;0,0;C;e9e7344ee1217c47;67;1064;True;67
P7A_0000133;0;BIVARIADO;2;pre_120s_ask_size_medio_soma;<=;90,31666666666666;pre_120s_ask_size_medio_soma <= 90.3166666667 E pre_120s_volume_incremento_soma <= 2528;15676;294;0,01875478438377137;1566;80;1486;0,09989793314621077;0,05108556832694764;0,05108556832694764;0,272108843537415;0,9033935769080744;2,7238686023579293;0,0032814780912729102;0,6342168475562326;1,0;0,6342168475562326;0,025547445255474453;0,07670454545454546;5;42,61051522128731;pre_120s_volume_incremento_soma;<=;2528,0;pre_120s_ask_size_medio_soma|<=|90.3166666667 && pre_120s_volume_incremento_soma|<=|2528.0;pre_120s_ask_size_medio_soma + pre_120s_volume_incremento_soma;67,98979239829764;2,0;0,0;0,0;C;12df03374720a8a2;68;1065;True;68
P7A_0000134;0;BIVARIADO;2;pre_120s_ask_size_medio_soma;<=;90,31666666666666;pre_120s_ask_size_medio_soma <= 90.3166666667 E pre_120s_volume_incremento_soma <= 3834.5;15676;294;0,01875478438377137;1566;80;1486;0,09989793314621077;0,05108556832694764;0,05108556832694764;0,272108843537415;0,9033935769080744;2,7238686023579293;0,0032814780912729102;0,6342168475562326;1,0;0,6342168475562326;0,025547445255474453;0,07670454545454546;5;42,61051522128731;pre_120s_volume_incremento_soma;<=;3834,5;pre_120s_ask_size_medio_soma|<=|90.3166666667 && pre_120s_volume_incremento_soma|<=|3834.5;pre_120s_ask_size_medio_soma + pre_120s_volume_incremento_soma;67,98979239829764;2,0;0,0;0,0;C;918d228dba005ce5;69;1066;True;69
P7A_0000135;0;BIVARIADO;2;pre_120s_ask_size_medio_soma;<=;90,31666666666666;pre_120s_ask_size_medio_soma <= 90.3166666667 E adv_z_pre_120s_volume_incremento_soma <= -0.210069120551;15676;294;0,01875478438377137;1566;80;1486;0,09989793314621077;0,05108556832694764;0,05108556832694764;0,272108843537415;0,9033935769080744;2,7238686023579293;0,0032814780912729102;0,6342168475562326;1,0;0,6342168475562326;0,025547445255474453;0,07670454545454546;5;42,61051522128731;adv_z_pre_120s_volume_incremento_soma;<=;-0,21006912055108062;adv_z_pre_120s_volume_incremento_soma|<=|-0.2100691206 && pre_120s_ask_size_medio_soma|<=|90.3166666667;adv_z_pre_120s_volume_incremento_soma + pre_120s_ask_size_medio_soma;67,98979239829764;2,0;0,0;0,0;C;89d8d1c87470d1bb;70;1067;True;70
P7A_0000136;0;BIVARIADO;2;pre_120s_ask_size_medio_soma;<=;90,31666666666666;pre_120s_ask_size_medio_soma <= 90.3166666667 E adv_z_pre_120s_volume_incremento_soma <= 0.544782587896;15676;294;0,01875478438377137;1566;80;1486;0,09989793314621077;0,05108556832694764;0,05108556832694764;0,272108843537415;0,9033935769080744;2,7238686023579293;0,0032814780912729102;0,6342168475562326;1,0;0,6342168475562326;0,025547445255474453;0,07670454545454546;5;42,61051522128731;adv_z_pre_120s_volume_incremento_soma;<=;0,5447825878958077;adv_z_pre_120s_volume_incremento_soma|<=|0.5447825879 && pre_120s_ask_size_medio_soma|<=|90.3166666667;adv_z_pre_120s_volume_incremento_soma + pre_120s_ask_size_medio_soma;67,98979239829764;2,0;0,0;0,0;C;b675f88193c36559;71;1068;True;71
P7A_0000137;0;BIVARIADO;2;pre_120s_ask_size_medio_soma;<=;90,31666666666666;pre_120s_ask_size_medio_soma <= 90.3166666667 E adv_z_pre_120s_volume_incremento_soma <= 1.32935996028;15676;294;0,01875478438377137;1566;80;1486;0,09989793314621077;0,05108556832694764;0,05108556832694764;0,272108843537415;0,9033935769080744;2,7238686023579293;0,0032814780912729102;0,6342168475562326;1,0;0,6342168475562326;0,025547445255474453;0,07670454545454546;5;42,61051522128731;adv_z_pre_120s_volume_incremento_soma;<=;1,3293599602791486;adv_z_pre_120s_volume_incremento_soma|<=|1.3293599603 && pre_120s_ask_size_medio_soma|<=|90.3166666667;adv_z_pre_120s_volume_incremento_soma + pre_120s_ask_size_medio_soma;67,98979239829764;2,0;0,0;0,0;C;c1df4ac57072f80c;72;1069;True;72
P7A_0000138;0;BIVARIADO;2;adv_z_pre_120s_ask_size_medio_soma;<=;-1,326433568854512;adv_z_pre_120s_ask_size_medio_soma <= -1.32643356885 E pre_120s_volume_incremento_soma <= 1271;15676;294;0,01875478438377137;1566;80;1486;0,09989793314621077;0,05108556832694764;0,05108556832694764;0,272108843537415;0,9033935769080744;2,7238686023579293;0,0032814780912729102;0,6342168475562326;1,0;0,6342168475562326;0,025547445255474453;0,07670454545454546;5;42,61051522128731;pre_120s_volume_incremento_soma;<=;1271,0;adv_z_pre_120s_ask_size_medio_soma|<=|-1.3264335689 && pre_120s_volume_incremento_soma|<=|1271.0;adv_z_pre_120s_ask_size_medio_soma + pre_120s_volume_incremento_soma;67,98979239829764;2,0;0,0;0,0;C;bf2d1903178bc758;73;1070;True;73
P7A_0000139;0;BIVARIADO;2;adv_z_pre_120s_ask_size_medio_soma;<=;-1,326433568854512;adv_z_pre_120s_ask_size_medio_soma <= -1.32643356885 E pre_120s_volume_incremento_soma <= 2528;15676;294;0,01875478438377137;1566;80;1486;0,09989793314621077;0,05108556832694764;0,05108556832694764;0,272108843537415;0,9033935769080744;2,7238686023579293;0,0032814780912729102;0,6342168475562326;1,0;0,6342168475562326;0,025547445255474453;0,07670454545454546;5;42,61051522128731;pre_120s_volume_incremento_soma;<=;2528,0;adv_z_pre_120s_ask_size_medio_soma|<=|-1.3264335689 && pre_120s_volume_incremento_soma|<=|2528.0;adv_z_pre_120s_ask_size_medio_soma + pre_120s_volume_incremento_soma;67,98979239829764;2,0;0,0;0,0;C;124e012828c6f894;74;1071;True;74
P7A_0000140;0;BIVARIADO;2;adv_z_pre_120s_ask_size_medio_soma;<=;-1,326433568854512;adv_z_pre_120s_ask_size_medio_soma <= -1.32643356885 E pre_120s_volume_incremento_soma <= 3834.5;15676;294;0,01875478438377137;1566;80;1486;0,09989793314621077;0,05108556832694764;0,05108556832694764;0,272108843537415;0,9033935769080744;2,7238686023579293;0,0032814780912729102;0,6342168475562326;1,0;0,6342168475562326;0,025547445255474453;0,07670454545454546;5;42,61051522128731;pre_120s_volume_incremento_soma;<=;3834,5;adv_z_pre_120s_ask_size_medio_soma|<=|-1.3264335689 && pre_120s_volume_incremento_soma|<=|3834.5;adv_z_pre_120s_ask_size_medio_soma + pre_120s_volume_incremento_soma;67,98979239829764;2,0;0,0;0,0;C;5c02d4034e6b7561;75;1072;True;75
P7A_0000141;0;BIVARIADO;2;adv_z_pre_120s_ask_size_medio_soma;<=;-1,326433568854512;adv_z_pre_120s_ask_size_medio_soma <= -1.32643356885 E adv_z_pre_120s_volume_incremento_soma <= -0.210069120551;15676;294;0,01875478438377137;1566;80;1486;0,09989793314621077;0,05108556832694764;0,05108556832694764;0,272108843537415;0,9033935769080744;2,7238686023579293;0,0032814780912729102;0,6342168475562326;1,0;0,6342168475562326;0,025547445255474453;0,07670454545454546;5;42,61051522128731;adv_z_pre_120s_volume_incremento_soma;<=;-0,21006912055108062;adv_z_pre_120s_ask_size_medio_soma|<=|-1.3264335689 && adv_z_pre_120s_volume_incremento_soma|<=|-0.2100691206;adv_z_pre_120s_ask_size_medio_soma + adv_z_pre_120s_volume_incremento_soma;67,98979239829764;2,0;0,0;0,0;C;c3e76ca167769555;76;1073;True;76
P7A_0000142;0;BIVARIADO;2;adv_z_pre_120s_ask_size_medio_soma;<=;-1,326433568854512;adv_z_pre_120s_ask_size_medio_soma <= -1.32643356885 E adv_z_pre_120s_volume_incremento_soma <= 0.544782587896;15676;294;0,01875478438377137;1566;80;1486;0,09989793314621077;0,05108556832694764;0,05108556832694764;0,272108843537415;0,9033935769080744;2,7238686023579293;0,0032814780912729102;0,6342168475562326;1,0;0,6342168475562326;0,025547445255474453;0,07670454545454546;5;42,61051522128731;adv_z_pre_120s_volume_incremento_soma;<=;0,5447825878958077;adv_z_pre_120s_ask_size_medio_soma|<=|-1.3264335689 && adv_z_pre_120s_volume_incremento_soma|<=|0.5447825879;adv_z_pre_120s_ask_size_medio_soma + adv_z_pre_120s_volume_incremento_soma;67,98979239829764;2,0;0,0;0,0;C;e82814d2ed5a788b;77;1074;True;77
P7A_0000143;0;BIVARIADO;2;adv_z_pre_120s_ask_size_medio_soma;<=;-1,326433568854512;adv_z_pre_120s_ask_size_medio_soma <= -1.32643356885 E adv_z_pre_120s_volume_incremento_soma <= 1.32935996028;15676;294;0,01875478438377137;1566;80;1486;0,09989793314621077;0,05108556832694764;0,05108556832694764;0,272108843537415;0,9033935769080744;2,7238686023579293;0,0032814780912729102;0,6342168475562326;1,0;0,6342168475562326;0,025547445255474453;0,07670454545454546;5;42,61051522128731;adv_z_pre_120s_volume_incremento_soma;<=;1,3293599602791486;adv_z_pre_120s_ask_size_medio_soma|<=|-1.3264335689 && adv_z_pre_120s_volume_incremento_soma|<=|1.3293599603;adv_z_pre_120s_ask_size_medio_soma + adv_z_pre_120s_volume_incremento_soma;67,98979239829764;2,0;0,0;0,0;C;3ebf7d850e53a340;78;1075;True;78
P7A_0000045;0;BIVARIADO;2;pre_120s_ask_size_medio_soma;<=;90,31666666666666;pre_120s_ask_size_medio_soma <= 90.3166666667 E pre_60s_bid_size_medio_soma <= 98.6559871207;15676;294;0,01875478438377137;1568;80;1488;0,10002551671344731;0,05102040816326531;0,05102040816326531;0,272108843537415;0,9032635548043167;2,7203942801610443;0,00327464590963078;0,6379635322927164;1,0;0,6379635322927164;0,025547445255474453;0,07605633802816901;5;42,65852575588326;pre_60s_bid_size_medio_soma;<=;98,65598712074748;pre_120s_ask_size_medio_soma|<=|90.3166666667 && pre_60s_bid_size_medio_soma|<=|98.6559871207;pre_120s_ask_size_medio_soma + pre_60s_bid_size_medio_soma;67,92960931601812;2,0;0,0;0,0;C;2cf281cda0ed4a52;79;1080;True;79
P7A_0000046;0;BIVARIADO;2;pre_120s_ask_size_medio_soma;<=;90,31666666666666;pre_120s_ask_size_medio_soma <= 90.3166666667 E adv_z_pre_60s_bid_size_medio_soma <= 0.571115422852;15676;294;0,01875478438377137;1568;80;1488;0,10002551671344731;0,05102040816326531;0,05102040816326531;0,272108843537415;0,9032635548043167;2,7203942801610443;0,00327464590963078;0,6379635322927164;1,0;0,6379635322927164;0,025547445255474453;0,07605633802816901;5;42,65852575588326;adv_z_pre_60s_bid_size_medio_soma;<=;0,5711154228524382;adv_z_pre_60s_bid_size_medio_soma|<=|0.5711154229 && pre_120s_ask_size_medio_soma|<=|90.3166666667;adv_z_pre_60s_bid_size_medio_soma + pre_120s_ask_size_medio_soma;67,92960931601812;2,0;0,0;0,0;C;237fec10f3b0bf6d;80;1081;True;80
P7A_0000047;0;BIVARIADO;2;adv_z_pre_120s_ask_size_medio_soma;<=;-1,326433568854512;adv_z_pre_120s_ask_size_medio_soma <= -1.32643356885 E pre_60s_bid_size_medio_soma <= 98.6559871207;15676;294;0,01875478438377137;1568;80;1488;0,10002551671344731;0,05102040816326531;0,05102040816326531;0,272108843537415;0,9032635548043167;2,7203942801610443;0,00327464590963078;0,6379635322927164;1,0;0,6379635322927164;0,025547445255474453;0,07605633802816901;5;42,65852575588326;pre_60s_bid_size_medio_soma;<=;98,65598712074748;adv_z_pre_120s_ask_size_medio_soma|<=|-1.3264335689 && pre_60s_bid_size_medio_soma|<=|98.6559871207;adv_z_pre_120s_ask_size_medio_soma + pre_60s_bid_size_medio_soma;67,92960931601812;2,0;0,0;0,0;C;46c9170a982ceeac;81;1082;True;81
P7A_0000048;0;BIVARIADO;2;adv_z_pre_120s_ask_size_medio_soma;<=;-1,326433568854512;adv_z_pre_120s_ask_size_medio_soma <= -1.32643356885 E adv_z_pre_60s_bid_size_medio_soma <= 0.571115422852;15676;294;0,01875478438377137;1568;80;1488;0,10002551671344731;0,05102040816326531;0,05102040816326531;0,272108843537415;0,9032635548043167;2,7203942801610443;0,00327464590963078;0,6379635322927164;1,0;0,6379635322927164;0,025547445255474453;0,07605633802816901;5;42,65852575588326;adv_z_pre_60s_bid_size_medio_soma;<=;0,5711154228524382;adv_z_pre_120s_ask_size_medio_soma|<=|-1.3264335689 && adv_z_pre_60s_bid_size_medio_soma|<=|0.5711154229;adv_z_pre_120s_ask_size_medio_soma + adv_z_pre_60s_bid_size_medio_soma;67,92960931601812;2,0;0,0;0,0;C;63a126384da75e5f;82;1083;True;82
P7A_0000049;0;BIVARIADO;2;pre_120s_ask_size_medio_soma;<=;90,31666666666666;pre_120s_ask_size_medio_soma <= 90.3166666667 E pre_30s_trades_incremento_soma <= 909;15676;294;0,01875478438377137;1568;80;1488;0,10002551671344731;0,05102040816326531;0,05102040816326531;0,272108843537415;0,9032635548043167;2,7203942801610443;0,00327464590963078;0,6372815549304041;1,0;0,6372815549304041;0,025547445255474453;0,07605633802816901;5;42,64829609544858;pre_30s_trades_incremento_soma;<=;909,0;pre_120s_ask_size_medio_soma|<=|90.3166666667 && pre_30s_trades_incremento_soma|<=|909.0;pre_120s_ask_size_medio_soma + pre_30s_trades_incremento_soma;67,89512350088353;2,0;0,0;0,0;C;ab1177f2ceaf1d40;83;1084;True;83
P7A_0000050;0;BIVARIADO;2;pre_120s_ask_size_medio_soma;<=;90,31666666666666;pre_120s_ask_size_medio_soma <= 90.3166666667 E adv_z_pre_30s_trades_incremento_soma <= 1.12099204828;15676;294;0,01875478438377137;1568;80;1488;0,10002551671344731;0,05102040816326531;0,05102040816326531;0,272108843537415;0,9032635548043167;2,7203942801610443;0,00327464590963078;0,6372815549304041;1,0;0,6372815549304041;0,025547445255474453;0,07605633802816901;5;42,64829609544858;adv_z_pre_30s_trades_incremento_soma;<=;1,120992048277075;adv_z_pre_30s_trades_incremento_soma|<=|1.1209920483 && pre_120s_ask_size_medio_soma|<=|90.3166666667;adv_z_pre_30s_trades_incremento_soma + pre_120s_ask_size_medio_soma;67,89512350088353;2,0;0,0;0,0;C;c1d6c74f44e2a4ad;84;1085;True;84
P7A_0000051;0;BIVARIADO;2;adv_z_pre_120s_ask_size_medio_soma;<=;-1,326433568854512;adv_z_pre_120s_ask_size_medio_soma <= -1.32643356885 E pre_30s_trades_incremento_soma <= 909;15676;294;0,01875478438377137;1568;80;1488;0,10002551671344731;0,05102040816326531;0,05102040816326531;0,272108843537415;0,9032635548043167;2,7203942801610443;0,00327464590963078;0,6372815549304041;1,0;0,6372815549304041;0,025547445255474453;0,07605633802816901;5;42,64829609544858;pre_30s_trades_incremento_soma;<=;909,0;adv_z_pre_120s_ask_size_medio_soma|<=|-1.3264335689 && pre_30s_trades_incremento_soma|<=|909.0;adv_z_pre_120s_ask_size_medio_soma + pre_30s_trades_incremento_soma;67,89512350088353;2,0;0,0;0,0;C;702ebd547a8aaff8;85;1086;True;85
P7A_0000052;0;BIVARIADO;2;adv_z_pre_120s_ask_size_medio_soma;<=;-1,326433568854512;adv_z_pre_120s_ask_size_medio_soma <= -1.32643356885 E adv_z_pre_30s_trades_incremento_soma <= 1.12099204828;15676;294;0,01875478438377137;1568;80;1488;0,10002551671344731;0,05102040816326531;0,05102040816326531;0,272108843537415;0,9032635548043167;2,7203942801610443;0,00327464590963078;0,6372815549304041;1,0;0,6372815549304041;0,025547445255474453;0,07605633802816901;5;42,64829609544858;adv_z_pre_30s_trades_incremento_soma;<=;1,120992048277075;adv_z_pre_120s_ask_size_medio_soma|<=|-1.3264335689 && adv_z_pre_30s_trades_incremento_soma|<=|1.1209920483;adv_z_pre_120s_ask_size_medio_soma + adv_z_pre_30s_trades_incremento_soma;67,89512350088353;2,0;0,0;0,0;C;3036fd05202f7844;86;1087;True;86
P7A_0000007;0;BIVARIADO;2;pre_30s_bid_size_medio_soma;<=;33,183482142857144;pre_30s_bid_size_medio_soma <= 33.1834821429 E adv_delta_range_pontos_15s_60s > -500;15676;294;0,01875478438377137;1710;84;1626;0,10908394998724165;0,04912280701754386;0,04912280701754386;0,2857142857142857;0,8942920296450396;2,61921470342523;0,0032568876414326986;0,750352902770759;1,0;0,750352902770759;0,03598971722365039;0,06984126984126984;5;43,68718508376626;adv_delta_range_pontos_15s_60s;>;-500,0;adv_delta_range_pontos_15s_60s|>|-500.0 && pre_30s_bid_size_medio_soma|<=|33.1834821429;adv_delta_range_pontos_15s_60s + pre_30s_bid_size_medio_soma;67,78210104399759;2,0;0,0;0,0;C;e68299203e10d6a0;87;1088;True;87
P7A_0000008;0;BIVARIADO;2;adv_z_pre_30s_bid_size_medio_soma;<=;-0,517678598941052;adv_z_pre_30s_bid_size_medio_soma <= -0.517678598941 E adv_delta_range_pontos_15s_60s > -500;15676;294;0,01875478438377137;1710;84;1626;0,10908394998724165;0,04912280701754386;0,04912280701754386;0,2857142857142857;0,8942920296450396;2,61921470342523;0,0032568876414326986;0,750352902770759;1,0;0,750352902770759;0,03598971722365039;0,06984126984126984;5;43,68718508376626;adv_delta_range_pontos_15s_60s;>;-500,0;adv_delta_range_pontos_15s_60s|>|-500.0 && adv_z_pre_30s_bid_size_medio_soma|<=|-0.5176785989;adv_delta_range_pontos_15s_60s + adv_z_pre_30s_bid_size_medio_soma;67,78210104399759;2,0;0,0;0,0;C;345ec6ccfa6fe82c;88;1089;True;88
P7A_0000055;0;BIVARIADO;2;pre_120s_ask_size_medio_soma;<=;90,31666666666666;pre_120s_ask_size_medio_soma <= 90.3166666667 E adv_z_pre_120s_ask_size_medio_soma <= -1.32643356885;15676;294;0,01875478438377137;1569;80;1489;0,10008930849706557;0,05098789037603569;0,05098789037603569;0,272108843537415;0,9031985437524379;2,7186604405943386;0,0032712347049672907;0,6373892565192509;1,0;0,6373892565192509;0,025547445255474453;0,07605633802816901;5;42,63818395650078;adv_z_pre_120s_ask_size_medio_soma;<=;-1,326433568854512;adv_z_pre_120s_ask_size_medio_soma|<=|-1.3264335689 && pre_120s_ask_size_medio_soma|<=|90.3166666667;adv_z_pre_120s_ask_size_medio_soma + pre_120s_ask_size_medio_soma;67,77598807167931;2,0;0,0;0,0;C;3ee6f31e4117497f;89;1090;True;89
P7A_0000056;0;BIVARIADO;2;pre_120s_ask_size_medio_soma;<=;90,31666666666666;pre_120s_ask_size_medio_soma <= 90.3166666667 E adv_z_pre_120s_ask_size_medio_soma <= -0.594528281423;15676;294;0,01875478438377137;1569;80;1489;0,10008930849706557;0,05098789037603569;0,05098789037603569;0,272108843537415;0,9031985437524379;2,7186604405943386;0,0032712347049672907;0,6373892565192509;1,0;0,6373892565192509;0,025547445255474453;0,07605633802816901;5;42,63818395650078;adv_z_pre_120s_ask_size_medio_soma;<=;-0,5945282814232573;adv_z_pre_120s_ask_size_medio_soma|<=|-0.5945282814 && pre_120s_ask_size_medio_soma|<=|90.3166666667;adv_z_pre_120s_ask_size_medio_soma + pre_120s_ask_size_medio_soma;67,77598807167931;2,0;0,0;0,0;C;f3916ffc6591dc15;90;1091;True;90
P7A_0000057;0;BIVARIADO;2;pre_120s_ask_size_medio_soma;<=;90,31666666666666;pre_120s_ask_size_medio_soma <= 90.3166666667 E adv_z_pre_120s_ask_size_medio_soma <= 0.236750875959;15676;294;0,01875478438377137;1569;80;1489;0,10008930849706557;0,05098789037603569;0,05098789037603569;0,272108843537415;0,9031985437524379;2,7186604405943386;0,0032712347049672907;0,6373892565192509;1,0;0,6373892565192509;0,025547445255474453;0,07605633802816901;5;42,63818395650078;adv_z_pre_120s_ask_size_medio_soma;<=;0,2367508759588187;adv_z_pre_120s_ask_size_medio_soma|<=|0.236750876 && pre_120s_ask_size_medio_soma|<=|90.3166666667;adv_z_pre_120s_ask_size_medio_soma + pre_120s_ask_size_medio_soma;67,77598807167931;2,0;0,0;0,0;C;40e31ea4f68a3c28;91;1092;True;91
P7A_0000058;0;BIVARIADO;2;pre_120s_ask_size_medio_soma;<=;90,31666666666666;pre_120s_ask_size_medio_soma <= 90.3166666667 E adv_z_pre_120s_ask_size_medio_soma <= 0.60031900781;15676;294;0,01875478438377137;1569;80;1489;0,10008930849706557;0,05098789037603569;0,05098789037603569;0,272108843537415;0,9031985437524379;2,7186604405943386;0,0032712347049672907;0,6373892565192509;1,0;0,6373892565192509;0,025547445255474453;0,07605633802816901;5;42,63818395650078;adv_z_pre_120s_ask_size_medio_soma;<=;0,6003190078098378;adv_z_pre_120s_ask_size_medio_soma|<=|0.6003190078 && pre_120s_ask_size_medio_soma|<=|90.3166666667;adv_z_pre_120s_ask_size_medio_soma + pre_120s_ask_size_medio_soma;67,77598807167931;2,0;0,0;0,0;C;0fdbdfcf73e71298;92;1093;True;92
P7A_0000059;0;BIVARIADO;2;pre_120s_ask_size_medio_soma;<=;90,31666666666666;pre_120s_ask_size_medio_soma <= 90.3166666667 E adv_z_pre_120s_ask_size_medio_soma <= 1.05302710787;15676;294;0,01875478438377137;1569;80;1489;0,10008930849706557;0,05098789037603569;0,05098789037603569;0,272108843537415;0,9031985437524379;2,7186604405943386;0,0032712347049672907;0,6373892565192509;1,0;0,6373892565192509;0,025547445255474453;0,07605633802816901;5;42,63818395650078;adv_z_pre_120s_ask_size_medio_soma;<=;1,0530271078687314;adv_z_pre_120s_ask_size_medio_soma|<=|1.0530271079 && pre_120s_ask_size_medio_soma|<=|90.3166666667;adv_z_pre_120s_ask_size_medio_soma + pre_120s_ask_size_medio_soma;67,77598807167931;2,0;0,0;0,0;C;8bee3182dd7e6cc1;93;1094;True;93
P7A_0000060;0;BIVARIADO;2;pre_120s_ask_size_medio_soma;<=;130,90757479996188;pre_120s_ask_size_medio_soma <= 130.9075748 E adv_z_pre_120s_ask_size_medio_soma <= -1.32643356885;15676;294;0,01875478438377137;1569;80;1489;0,10008930849706557;0,05098789037603569;0,05098789037603569;0,272108843537415;0,9031985437524379;2,7186604405943386;0,0032712347049672907;0,6373892565192509;1,0;0,6373892565192509;0,025547445255474453;0,07605633802816901;5;42,63818395650078;adv_z_pre_120s_ask_size_medio_soma;<=;-1,326433568854512;adv_z_pre_120s_ask_size_medio_soma|<=|-1.3264335689 && pre_120s_ask_size_medio_soma|<=|130.9075748;adv_z_pre_120s_ask_size_medio_soma + pre_120s_ask_size_medio_soma;67,77598807167931;2,0;0,0;0,0;C;2a876c9069cbf3fc;94;1095;True;94
P7A_0000061;0;BIVARIADO;2;pre_120s_ask_size_medio_soma;<=;177,00968184832533;pre_120s_ask_size_medio_soma <= 177.009681848 E adv_z_pre_120s_ask_size_medio_soma <= -1.32643356885;15676;294;0,01875478438377137;1569;80;1489;0,10008930849706557;0,05098789037603569;0,05098789037603569;0,272108843537415;0,9031985437524379;2,7186604405943386;0,0032712347049672907;0,6373892565192509;1,0;0,6373892565192509;0,025547445255474453;0,07605633802816901;5;42,63818395650078;adv_z_pre_120s_ask_size_medio_soma;<=;-1,326433568854512;adv_z_pre_120s_ask_size_medio_soma|<=|-1.3264335689 && pre_120s_ask_size_medio_soma|<=|177.0096818483;adv_z_pre_120s_ask_size_medio_soma + pre_120s_ask_size_medio_soma;67,77598807167931;2,0;0,0;0,0;C;665d9d95ae6cf873;95;1096;True;95
P7A_0000062;0;BIVARIADO;2;pre_120s_ask_size_medio_soma;<=;197,17289270850728;pre_120s_ask_size_medio_soma <= 197.172892709 E adv_z_pre_120s_ask_size_medio_soma <= -1.32643356885;15676;294;0,01875478438377137;1569;80;1489;0,10008930849706557;0,05098789037603569;0,05098789037603569;0,272108843537415;0,9031985437524379;2,7186604405943386;0,0032712347049672907;0,6373892565192509;1,0;0,6373892565192509;0,025547445255474453;0,07605633802816901;5;42,63818395650078;adv_z_pre_120s_ask_size_medio_soma;<=;-1,326433568854512;adv_z_pre_120s_ask_size_medio_soma|<=|-1.3264335689 && pre_120s_ask_size_medio_soma|<=|197.1728927085;adv_z_pre_120s_ask_size_medio_soma + pre_120s_ask_size_medio_soma;67,77598807167931;2,0;0,0;0,0;C;7f3036c58b7e7b71;96;1097;True;96
P7A_0000063;0;BIVARIADO;2;pre_120s_ask_size_medio_soma;<=;222,2797381108438;pre_120s_ask_size_medio_soma <= 222.279738111 E adv_z_pre_120s_ask_size_medio_soma <= -1.32643356885;15676;294;0,01875478438377137;1569;80;1489;0,10008930849706557;0,05098789037603569;0,05098789037603569;0,272108843537415;0,9031985437524379;2,7186604405943386;0,0032712347049672907;0,6373892565192509;1,0;0,6373892565192509;0,025547445255474453;0,07605633802816901;5;42,63818395650078;adv_z_pre_120s_ask_size_medio_soma;<=;-1,326433568854512;adv_z_pre_120s_ask_size_medio_soma|<=|-1.3264335689 && pre_120s_ask_size_medio_soma|<=|222.2797381108;adv_z_pre_120s_ask_size_medio_soma + pre_120s_ask_size_medio_soma;67,77598807167931;2,0;0,0;0,0;C;6f9b96793c8ffd80;97;1098;True;97
P7A_0000064;0;BIVARIADO;2;pre_120s_ask_size_medio_soma;<=;90,31666666666666;pre_120s_ask_size_medio_soma <= 90.3166666667 E pre_60s_cobertura_segundos <= 59;15676;294;0,01875478438377137;1569;80;1489;0,10008930849706557;0,05098789037603569;0,05098789037603569;0,272108843537415;0,9031985437524379;2,7186604405943386;0,0032712347049672907;0,6373892565192509;1,0;0,6373892565192509;0,025547445255474453;0,07605633802816901;5;42,63818395650078;pre_60s_cobertura_segundos;<=;59,0;pre_120s_ask_size_medio_soma|<=|90.3166666667 && pre_60s_cobertura_segundos|<=|59.0;pre_120s_ask_size_medio_soma + pre_60s_cobertura_segundos;67,77598807167931;2,0;0,0;0,0;C;84b575773f1196bb;98;1099;True;98
P7A_0000065;0;BIVARIADO;2;pre_120s_ask_size_medio_soma;<=;90,31666666666666;pre_120s_ask_size_medio_soma <= 90.3166666667 E pre_60s_cobertura_segundos <= 60;15676;294;0,01875478438377137;1569;80;1489;0,10008930849706557;0,05098789037603569;0,05098789037603569;0,272108843537415;0,9031985437524379;2,7186604405943386;0,0032712347049672907;0,6373892565192509;1,0;0,6373892565192509;0,025547445255474453;0,07605633802816901;5;42,63818395650078;pre_60s_cobertura_segundos;<=;60,0;pre_120s_ask_size_medio_soma|<=|90.3166666667 && pre_60s_cobertura_segundos|<=|60.0;pre_120s_ask_size_medio_soma + pre_60s_cobertura_segundos;67,77598807167931;2,0;0,0;0,0;C;5df0feb309e4fb2f;99;1100;True;99
P7A_0000066;0;BIVARIADO;2;pre_120s_ask_size_medio_soma;<=;90,31666666666666;pre_120s_ask_size_medio_soma <= 90.3166666667 E adv_z_pre_60s_cobertura_segundos <= 0.648375060361;15676;294;0,01875478438377137;1569;80;1489;0,10008930849706557;0,05098789037603569;0,05098789037603569;0,272108843537415;0,9031985437524379;2,7186604405943386;0,0032712347049672907;0,6373892565192509;1,0;0,6373892565192509;0,025547445255474453;0,07605633802816901;5;42,63818395650078;adv_z_pre_60s_cobertura_segundos;<=;0,64837506036106;adv_z_pre_60s_cobertura_segundos|<=|0.6483750604 && pre_120s_ask_size_medio_soma|<=|90.3166666667;adv_z_pre_60s_cobertura_segundos + pre_120s_ask_size_medio_soma;67,77598807167931;2,0;0,0;0,0;C;6ac9c9e299d09cb0;100;1101;True;100
P7A_0002867;3;BIVARIADO;2;pre_60s_cobertura_segundos;<=;30,0;pre_60s_cobertura_segundos <= 30 E adv_z_pre_15s_spread_medio > -0.409080208821;37548;666;0,017737296260786194;3469;190;3279;0,09238840950250346;0,05477082732776016;0,05477082732776016;0,2852852852852853;0,9110948430128518;3,087890427181289;0,003964822934209772;0,5054967025041843;1,0;0,5054967025041843;0,033962264150943396;0,09839357429718876;5;41,932048649351486;adv_z_pre_15s_spread_medio;>;-0,4090802088206798;adv_z_pre_15s_spread_medio|>|-0.4090802088 && pre_60s_cobertura_segundos|<=|30.0;adv_z_pre_15s_spread_medio + pre_60s_cobertura_segundos;77,53405080621759;2,0;0,0;0,0;B;8a98f7a1db4e98eb;1;80;True;1
P7A_0002868;3;BIVARIADO;2;adv_z_pre_60s_cobertura_segundos;<=;-1,4775974771331886;adv_z_pre_60s_cobertura_segundos <= -1.47759747713 E adv_z_pre_15s_spread_medio > -0.409080208821;37548;666;0,017737296260786194;3469;190;3279;0,09238840950250346;0,05477082732776016;0,05477082732776016;0,2852852852852853;0,9110948430128518;3,087890427181289;0,003964822934209772;0,5054967025041843;1,0;0,5054967025041843;0,033962264150943396;0,09839357429718876;5;41,932048649351486;adv_z_pre_15s_spread_medio;>;-0,4090802088206798;adv_z_pre_15s_spread_medio|>|-0.4090802088 && adv_z_pre_60s_cobertura_segundos|<=|-1.4775974771;adv_z_pre_15s_spread_medio + adv_z_pre_60s_cobertura_segundos;77,53405080621759;2,0;0,0;0,0;B;0a0e8e812c1e9664;2;81;True;2
P7A_0003048;3;BIVARIADO;2;adv_z_pre_120s_bid_size_medio_soma;<=;-1,322716329722175;adv_z_pre_120s_bid_size_medio_soma <= -1.32271632972 E pre_30s_bid_size_medio_soma <= 37.8280156423;37548;666;0,017737296260786194;3639;196;3443;0,09691594758708853;0,05386095081066227;0,05386095081066227;0,29429429429429427;0,9066482294886394;3,036593064622743;0,004015192752829577;0,4515113620539172;1,0;0,4515113620539172;0,021352313167259787;0,10071942446043165;5;41,47842363979949;pre_30s_bid_size_medio_soma;<=;37,828015642250534;adv_z_pre_120s_bid_size_medio_soma|<=|-1.3227163297 && pre_30s_bid_size_medio_soma|<=|37.8280156423;adv_z_pre_120s_bid_size_medio_soma + pre_30s_bid_size_medio_soma;76,8739697692971;2,0;0,0;0,0;B;231f73fa7ef80bbf;3;91;True;3
P7A_0003052;3;BIVARIADO;2;adv_z_pre_120s_bid_size_medio_soma;<=;-1,322716329722175;adv_z_pre_120s_bid_size_medio_soma <= -1.32271632972 E adv_z_pre_30s_bid_size_medio_soma <= -0.220366098278;37548;666;0,017737296260786194;3640;196;3444;0,09694258016405667;0,05384615384615385;0,05384615384615385;0,29429429429429427;0,9066211159915406;3,035758835758836;0,0040136020488245605;0,45135686767431604;1,0;0,45135686767431604;0,021352313167259787;0,10071942446043165;5;41,47448720775378;adv_z_pre_30s_bid_size_medio_soma;<=;-0,22036609827793707;adv_z_pre_120s_bid_size_medio_soma|<=|-1.3227163297 && adv_z_pre_30s_bid_size_medio_soma|<=|-0.2203660983;adv_z_pre_120s_bid_size_medio_soma + adv_z_pre_30s_bid_size_medio_soma;76,87226488149386;2,0;0,0;0,0;B;5a18b28e3a658e8a;4;92;True;4
P7A_0003047;3;BIVARIADO;2;pre_120s_bid_size_medio_soma;<=;90,41321818571818;pre_120s_bid_size_medio_soma <= 90.4132181857 E pre_30s_bid_size_medio_soma <= 37.8280156423;37548;666;0,017737296260786194;3636;196;3440;0,09683604985618409;0,0539053905390539;0,0539053905390539;0,29429429429429427;0,906729569979936;3,0390985044450387;0,004019968568176366;0,4513251015719967;1,0;0,4513251015719967;0,021352313167259787;0,10082304526748971;5;41,48050507738059;pre_30s_bid_size_medio_soma;<=;37,828015642250534;pre_120s_bid_size_medio_soma|<=|90.4132181857 && pre_30s_bid_size_medio_soma|<=|37.8280156423;pre_120s_bid_size_medio_soma + pre_30s_bid_size_medio_soma;76,86471294118098;2,0;0,0;0,0;B;c601caef39795ab8;5;93;True;5
P7A_0003051;3;BIVARIADO;2;pre_120s_bid_size_medio_soma;<=;90,41321818571818;pre_120s_bid_size_medio_soma <= 90.4132181857 E adv_z_pre_30s_bid_size_medio_soma <= -0.220366098278;37548;666;0,017737296260786194;3637;196;3441;0,09686268243315223;0,05389056915039868;0,05389056915039868;0,29429429429429427;0,9067024564828372;3,0382628985873414;0,004018376012166258;0,45117051865336055;1,0;0,45117051865336055;0,021352313167259787;0,10082304526748971;5;41,47655816688219;adv_z_pre_30s_bid_size_medio_soma;<=;-0,22036609827793707;adv_z_pre_30s_bid_size_medio_soma|<=|-0.2203660983 && pre_120s_bid_size_medio_soma|<=|90.4132181857;adv_z_pre_30s_bid_size_medio_soma + pre_120s_bid_size_medio_soma;76,8630060950084;2,0;0,0;0,0;B;3151c90a72f9daa0;6;94;True;6
P7A_0003063;3;BIVARIADO;2;pre_120s_bid_size_medio_soma;<=;90,41321818571818;pre_120s_bid_size_medio_soma <= 90.4132181857 E adv_z_pre_60s_ask_size_medio_soma <= -0.259737147394;37548;666;0,017737296260786194;3703;197;3506;0,09862043251304996;0,0532001080205239;0,0532001080205239;0,2957957957957958;0,9049400791714115;2,9993358197516984;0,00396772468046544;0,44876197619962;1,0;0,44876197619962;0,020618556701030927;0,1;5;41,445670841044894;adv_z_pre_60s_ask_size_medio_soma;<=;-0,2597371473943595;adv_z_pre_60s_ask_size_medio_soma|<=|-0.2597371474 && pre_120s_bid_size_medio_soma|<=|90.4132181857;adv_z_pre_60s_ask_size_medio_soma + pre_120s_bid_size_medio_soma;76,85035474277026;2,0;0,0;0,0;B;be0c9cd2077a0823;7;101;True;7
P7A_0003065;3;BIVARIADO;2;pre_120s_bid_size_medio_soma;<=;90,41321818571818;pre_120s_bid_size_medio_soma <= 90.4132181857 E pre_60s_ask_size_medio_soma <= 74.7658730159;37548;666;0,017737296260786194;3702;197;3505;0,09859379993608182;0,05321447866018368;0,05321447866018368;0,2957957957957958;0,9049671926685103;3,0001460131119773;0,003969289295005882;0,4481950595716123;1,0;0,4481950595716123;0,020618556701030927;0,10010214504596528;5;41,43862732341379;pre_60s_ask_size_medio_soma;<=;74,76587301587301;pre_120s_bid_size_medio_soma|<=|90.4132181857 && pre_60s_ask_size_medio_soma|<=|74.7658730159;pre_120s_bid_size_medio_soma + pre_60s_ask_size_medio_soma;76,84309440171278;2,0;0,0;0,0;B;aa7a550f2bda9052;8;102;True;8
P7A_0002880;3;BIVARIADO;2;adv_z_pre_60s_bid_size_medio_soma;<=;-1,2682633210482845;adv_z_pre_60s_bid_size_medio_soma <= -1.26826332105 E pre_30s_bid_size_medio_soma <= 37.8280156423;37548;666;0,017737296260786194;3729;197;3532;0,0993128795142218;0,052829176722982034;0,052829176722982034;0,2957957957957958;0,9042351282468413;2,9784233147065007;0,00392725400504107;0,47187018874404585;1,0;0,47187018874404585;0,028333333333333332;0,0992835209825998;5;41,75534216536367;pre_30s_bid_size_medio_soma;<=;37,828015642250534;adv_z_pre_60s_bid_size_medio_soma|<=|-1.268263321 && pre_30s_bid_size_medio_soma|<=|37.8280156423;adv_z_pre_60s_bid_size_medio_soma + pre_30s_bid_size_medio_soma;76,83943423840903;2,0;0,0;0,0;B;d09b8dddccdef444;9;103;True;9
P7A_0002881;3;BIVARIADO;2;adv_z_pre_60s_bid_size_medio_soma;<=;-1,2682633210482845;adv_z_pre_60s_bid_size_medio_soma <= -1.26826332105 E adv_z_pre_30s_bid_size_medio_soma <= -0.220366098278;37548;666;0,017737296260786194;3729;197;3532;0,0993128795142218;0,052829176722982034;0,052829176722982034;0,2957957957957958;0,9042351282468413;2,9784233147065007;0,00392725400504107;0,47187018874404585;1,0;0,47187018874404585;0,028333333333333332;0,0992835209825998;5;41,75534216536367;adv_z_pre_30s_bid_size_medio_soma;<=;-0,22036609827793707;adv_z_pre_30s_bid_size_medio_soma|<=|-0.2203660983 && adv_z_pre_60s_bid_size_medio_soma|<=|-1.268263321;adv_z_pre_30s_bid_size_medio_soma + adv_z_pre_60s_bid_size_medio_soma;76,83943423840903;2,0;0,0;0,0;B;ec1f8b21602b0b77;10;104;True;10
P7A_0003064;3;BIVARIADO;2;adv_z_pre_120s_bid_size_medio_soma;<=;-1,322716329722175;adv_z_pre_120s_bid_size_medio_soma <= -1.32271632972 E adv_z_pre_60s_ask_size_medio_soma <= -0.259737147394;37548;666;0,017737296260786194;3706;197;3509;0,0987003302439544;0,053157042633567186;0,053157042633567186;0,2957957957957958;0,904858738680115;2,9969078630708417;0,003963034429428858;0,4489554710861512;1,0;0,4489554710861512;0,020618556701030927;0,0998980632008155;5;41,44421001156399;adv_z_pre_60s_ask_size_medio_soma;<=;-0,2597371473943595;adv_z_pre_120s_bid_size_medio_soma|<=|-1.3227163297 && adv_z_pre_60s_ask_size_medio_soma|<=|-0.2597371474;adv_z_pre_120s_bid_size_medio_soma + adv_z_pre_60s_ask_size_medio_soma;76,83881328129296;2,0;0,0;0,0;B;0656a1442ec9c1a3;11;105;True;11
P7A_0003066;3;BIVARIADO;2;adv_z_pre_120s_bid_size_medio_soma;<=;-1,322716329722175;adv_z_pre_120s_bid_size_medio_soma <= -1.32271632972 E pre_60s_ask_size_medio_soma <= 74.7658730159;37548;666;0,017737296260786194;3705;197;3508;0,09867369766698626;0,05317139001349527;0,05317139001349527;0,2957957957957958;0,9048858521772138;2,9977167450851656;0,0039645972479994684;0,44838895698446;1,0;0,44838895698446;0,020618556701030927;0,1;5;41,43716381286314;pre_60s_ask_size_medio_soma;<=;74,76587301587301;adv_z_pre_120s_bid_size_medio_soma|<=|-1.3227163297 && pre_60s_ask_size_medio_soma|<=|74.7658730159;adv_z_pre_120s_bid_size_medio_soma + pre_60s_ask_size_medio_soma;76,83155381833883;2,0;0,0;0,0;B;a9ae473004a57653;12;106;True;12
P7A_0003042;3;BIVARIADO;2;adv_z_pre_60s_bid_size_medio_soma;<=;-1,2682633210482845;adv_z_pre_60s_bid_size_medio_soma <= -1.26826332105 E adv_z_pre_15s_spread_medio > -0.409080208821;37548;666;0,017737296260786194;3430;187;3243;0,09134973900074571;0,05451895043731778;0,05451895043731778;0,2807807807807808;0,9120709289084106;3,0736900165471592;0,003866102441777486;0,4954044639137374;1,0;0,4954044639137374;0,030418250950570342;0,09842931937172775;5;41,51855703530044;adv_z_pre_15s_spread_medio;>;-0,4090802088206798;adv_z_pre_15s_spread_medio|>|-0.4090802088 && adv_z_pre_60s_bid_size_medio_soma|<=|-1.268263321;adv_z_pre_15s_spread_medio + adv_z_pre_60s_bid_size_medio_soma;76,74786527799249;2,0;0,0;0,0;B;138891ee49a69510;13;111;True;13
P7A_0003177;3;BIVARIADO;2;adv_z_pre_60s_bid_size_medio_soma;<=;-0,26378272448680745;adv_z_pre_60s_bid_size_medio_soma <= -0.263782724487 E adv_z_pre_30s_bid_size_medio_soma <= -1.14834185665;37548;666;0,017737296260786194;3745;199;3546;0,09973900074571215;0,05313751668891856;0,05313751668891856;0,2987987987987988;0,9038555392874573;2,995807021975246;0,0040086175431272575;0,4285218211829832;1,0;0,4285218211829832;0,029459901800327332;0,10526315789473684;5;41,293250110145095;adv_z_pre_30s_bid_size_medio_soma;<=;-1,14834185664801;adv_z_pre_30s_bid_size_medio_soma|<=|-1.1483418566 && adv_z_pre_60s_bid_size_medio_soma|<=|-0.2637827245;adv_z_pre_30s_bid_size_medio_soma + adv_z_pre_60s_bid_size_medio_soma;76,66880501374985;2,0;0,0;0,0;B;658b7ab0d83c030a;14;119;True;14
P7A_0003178;3;BIVARIADO;2;pre_60s_bid_size_medio_soma;<=;74,40726184384721;pre_60s_bid_size_medio_soma <= 74.4072618438 E adv_z_pre_30s_bid_size_medio_soma <= -1.14834185665;37548;666;0,017737296260786194;3745;199;3546;0,09973900074571215;0,05313751668891856;0,05313751668891856;0,2987987987987988;0,9038555392874573;2,995807021975246;0,0040086175431272575;0,4285218211829832;1,0;0,4285218211829832;0,029459901800327332;0,10526315789473684;5;41,293250110145095;adv_z_pre_30s_bid_size_medio_soma;<=;-1,14834185664801;adv_z_pre_30s_bid_size_medio_soma|<=|-1.1483418566 && pre_60s_bid_size_medio_soma|<=|74.4072618438;adv_z_pre_30s_bid_size_medio_soma + pre_60s_bid_size_medio_soma;76,66880501374985;2,0;0,0;0,0;B;9b0b43faaa0760c6;15;120;True;15
P7A_0003195;3;BIVARIADO;2;pre_120s_bid_size_medio_soma;<=;179,73799624242162;pre_120s_bid_size_medio_soma <= 179.737996242 E adv_z_pre_30s_bid_size_medio_soma <= -1.14834185665;37548;666;0,017737296260786194;3751;199;3552;0,09989879620752104;0,05305251932817915;0,05305251932817915;0,2987987987987988;0,9036928583048641;2,9910150086103164;0,003999247725782751;0,4278584568232954;1,0;0,4278584568232954;0,029173419773095625;0,10515247108307045;5;41,27498647721137;adv_z_pre_30s_bid_size_medio_soma;<=;-1,14834185664801;adv_z_pre_30s_bid_size_medio_soma|<=|-1.1483418566 && pre_120s_bid_size_medio_soma|<=|179.7379962424;adv_z_pre_30s_bid_size_medio_soma + pre_120s_bid_size_medio_soma;76,66440622163474;2,0;0,0;0,0;B;316c71a896df462c;16;121;True;16
P7A_0003196;3;BIVARIADO;2;adv_z_pre_120s_bid_size_medio_soma;<=;0,29900331822972087;adv_z_pre_120s_bid_size_medio_soma <= 0.29900331823 E adv_z_pre_30s_bid_size_medio_soma <= -1.14834185665;37548;666;0,017737296260786194;3751;199;3552;0,09989879620752104;0,05305251932817915;0,05305251932817915;0,2987987987987988;0,9036928583048641;2,9910150086103164;0,003999247725782751;0,4278584568232954;1,0;0,4278584568232954;0,029173419773095625;0,10515247108307045;5;41,27498647721137;adv_z_pre_30s_bid_size_medio_soma;<=;-1,14834185664801;adv_z_pre_120s_bid_size_medio_soma|<=|0.2990033182 && adv_z_pre_30s_bid_size_medio_soma|<=|-1.1483418566;adv_z_pre_120s_bid_size_medio_soma + adv_z_pre_30s_bid_size_medio_soma;76,66440622163474;2,0;0,0;0,0;B;1eaf3f037dcbd6e3;17;122;True;17
P7A_0003202;3;BIVARIADO;2;pre_120s_bid_size_medio_soma;<=;197,50576431690448;pre_120s_bid_size_medio_soma <= 197.505764317 E adv_z_pre_30s_bid_size_medio_soma <= -1.14834185665;37548;666;0,017737296260786194;3752;199;3553;0,09992542878448919;0,05303837953091684;0,05303837953091684;0,2987987987987988;0,9036657448077653;2,990217829770068;0,003997688155720824;0,427653054493221;1,0;0,427653054493221;0,029173419773095625;0,10515247108307045;5;41,270529825323145;adv_z_pre_30s_bid_size_medio_soma;<=;-1,14834185664801;adv_z_pre_30s_bid_size_medio_soma|<=|-1.1483418566 && pre_120s_bid_size_medio_soma|<=|197.5057643169;adv_z_pre_30s_bid_size_medio_soma + pre_120s_bid_size_medio_soma;76,66157531557523;2,0;0,0;0,0;B;652f1d7fd8e06d81;18;123;True;18
P7A_0003203;3;BIVARIADO;2;adv_z_pre_120s_bid_size_medio_soma;<=;0,6219345841591719;adv_z_pre_120s_bid_size_medio_soma <= 0.621934584159 E adv_z_pre_30s_bid_size_medio_soma <= -1.14834185665;37548;666;0,017737296260786194;3752;199;3553;0,09992542878448919;0,05303837953091684;0,05303837953091684;0,2987987987987988;0,9036657448077653;2,990217829770068;0,003997688155720824;0,427653054493221;1,0;0,427653054493221;0,029173419773095625;0,10515247108307045;5;41,270529825323145;adv_z_pre_30s_bid_size_medio_soma;<=;-1,14834185664801;adv_z_pre_120s_bid_size_medio_soma|<=|0.6219345842 && adv_z_pre_30s_bid_size_medio_soma|<=|-1.1483418566;adv_z_pre_120s_bid_size_medio_soma + adv_z_pre_30s_bid_size_medio_soma;76,66157531557523;2,0;0,0;0,0;B;61ec9583e01fd536;19;124;True;19
P7A_0003175;3;BIVARIADO;2;adv_z_pre_60s_bid_size_medio_soma;<=;-0,26378272448680745;adv_z_pre_60s_bid_size_medio_soma <= -0.263782724487 E pre_30s_bid_size_medio_soma <= 23.2598528139;37548;666;0,017737296260786194;3742;199;3543;0,09965910301480771;0,053180117584179586;0,053180117584179586;0,2987987987987988;0,9039368797787538;2,99820879136753;0,004013310435435319;0,4282785981121279;1,0;0,4282785981121279;0,029459901800327332;0,1053740779768177;5;41,29379667702804;pre_30s_bid_size_medio_soma;<=;23,259852813852817;adv_z_pre_60s_bid_size_medio_soma|<=|-0.2637827245 && pre_30s_bid_size_medio_soma|<=|23.2598528139;adv_z_pre_60s_bid_size_medio_soma + pre_30s_bid_size_medio_soma;76,65828824657768;2,0;0,0;0,0;B;e1e266b01e3e438d;20;127;True;20
P7A_0003176;3;BIVARIADO;2;pre_60s_bid_size_medio_soma;<=;74,40726184384721;pre_60s_bid_size_medio_soma <= 74.4072618438 E pre_30s_bid_size_medio_soma <= 23.2598528139;37548;666;0,017737296260786194;3742;199;3543;0,09965910301480771;0,053180117584179586;0,053180117584179586;0,2987987987987988;0,9039368797787538;2,99820879136753;0,004013310435435319;0,4282785981121279;1,0;0,4282785981121279;0,029459901800327332;0,1053740779768177;5;41,29379667702804;pre_30s_bid_size_medio_soma;<=;23,259852813852817;pre_30s_bid_size_medio_soma|<=|23.2598528139 && pre_60s_bid_size_medio_soma|<=|74.4072618438;pre_30s_bid_size_medio_soma + pre_60s_bid_size_medio_soma;76,65828824657768;2,0;0,0;0,0;B;86d03c27b104955f;21;128;True;21
P7A_0003224;3;BIVARIADO;2;adv_z_pre_60s_bid_size_medio_soma;<=;0,5857910320210975;adv_z_pre_60s_bid_size_medio_soma <= 0.585791032021 E adv_z_pre_30s_bid_size_medio_soma <= -1.14834185665;37548;666;0,017737296260786194;3754;199;3555;0,09997869393842548;0,05301012253596164;0,05301012253596164;0,2987987987987988;0,9036115178135676;2,988624746216648;0,003994570783769524;0,42731994818134666;1,0;0,42731994818134666;0,02922077922077922;0,10515247108307045;5;41,26279047174838;adv_z_pre_30s_bid_size_medio_soma;<=;-1,14834185664801;adv_z_pre_30s_bid_size_medio_soma|<=|-1.1483418566 && adv_z_pre_60s_bid_size_medio_soma|<=|0.585791032;adv_z_pre_30s_bid_size_medio_soma + adv_z_pre_60s_bid_size_medio_soma;76,65763209078541;2,0;0,0;0,0;B;e9370eda40d9067d;22;129;True;22
P7A_0003225;3;BIVARIADO;2;adv_z_pre_60s_bid_size_medio_soma;<=;1,0273809141242674;adv_z_pre_60s_bid_size_medio_soma <= 1.02738091412 E adv_z_pre_30s_bid_size_medio_soma <= -1.14834185665;37548;666;0,017737296260786194;3754;199;3555;0,09997869393842548;0,05301012253596164;0,05301012253596164;0,2987987987987988;0,9036115178135676;2,988624746216648;0,003994570783769524;0,42731994818134666;1,0;0,42731994818134666;0,02922077922077922;0,10515247108307045;5;41,26279047174838;adv_z_pre_30s_bid_size_medio_soma;<=;-1,14834185664801;adv_z_pre_30s_bid_size_medio_soma|<=|-1.1483418566 && adv_z_pre_60s_bid_size_medio_soma|<=|1.0273809141;adv_z_pre_30s_bid_size_medio_soma + adv_z_pre_60s_bid_size_medio_soma;76,65763209078541;2,0;0,0;0,0;B;ebe65ad3ccf77998;23;130;True;23
P7A_0003226;3;BIVARIADO;2;pre_60s_bid_size_medio_soma;<=;99,09067331876929;pre_60s_bid_size_medio_soma <= 99.0906733188 E adv_z_pre_30s_bid_size_medio_soma <= -1.14834185665;37548;666;0,017737296260786194;3754;199;3555;0,09997869393842548;0,05301012253596164;0,05301012253596164;0,2987987987987988;0,9036115178135676;2,988624746216648;0,003994570783769524;0,42731994818134666;1,0;0,42731994818134666;0,02922077922077922;0,10515247108307045;5;41,26279047174838;adv_z_pre_30s_bid_size_medio_soma;<=;-1,14834185664801;adv_z_pre_30s_bid_size_medio_soma|<=|-1.1483418566 && pre_60s_bid_size_medio_soma|<=|99.0906733188;adv_z_pre_30s_bid_size_medio_soma + pre_60s_bid_size_medio_soma;76,65763209078541;2,0;0,0;0,0;B;a73181ba219adfd8;24;131;True;24
P7A_0003227;3;BIVARIADO;2;pre_60s_bid_size_medio_soma;<=;111,88017767691728;pre_60s_bid_size_medio_soma <= 111.880177677 E adv_z_pre_30s_bid_size_medio_soma <= -1.14834185665;37548;666;0,017737296260786194;3754;199;3555;0,09997869393842548;0,05301012253596164;0,05301012253596164;0,2987987987987988;0,9036115178135676;2,988624746216648;0,003994570783769524;0,42731994818134666;1,0;0,42731994818134666;0,02922077922077922;0,10515247108307045;5;41,26279047174838;adv_z_pre_30s_bid_size_medio_soma;<=;-1,14834185664801;adv_z_pre_30s_bid_size_medio_soma|<=|-1.1483418566 && pre_60s_bid_size_medio_soma|<=|111.8801776769;adv_z_pre_30s_bid_size_medio_soma + pre_60s_bid_size_medio_soma;76,65763209078541;2,0;0,0;0,0;B;d3a770d39af6f8cb;25;132;True;25
P7A_0003187;3;BIVARIADO;2;pre_120s_bid_size_medio_soma;<=;179,73799624242162;pre_120s_bid_size_medio_soma <= 179.737996242 E pre_30s_bid_size_medio_soma <= 23.2598528139;37548;666;0,017737296260786194;3747;199;3548;0,09979226589964844;0,053109153989858555;0,053109153989858555;0,2987987987987988;0,9038013122932596;2,994207978995809;0,004005491907256201;0,4278226064793478;1,0;0,4278226064793478;0,029173419773095625;0,10526315789473684;5;41,27997949194723;pre_30s_bid_size_medio_soma;<=;23,259852813852817;pre_120s_bid_size_medio_soma|<=|179.7379962424 && pre_30s_bid_size_medio_soma|<=|23.2598528139;pre_120s_bid_size_medio_soma + pre_30s_bid_size_medio_soma;76,65676394316067;2,0;0,0;0,0;B;bf0456e15866784c;26;133;True;26
P7A_0003188;3;BIVARIADO;2;adv_z_pre_120s_bid_size_medio_soma;<=;0,29900331822972087;adv_z_pre_120s_bid_size_medio_soma <= 0.29900331823 E pre_30s_bid_size_medio_soma <= 23.2598528139;37548;666;0,017737296260786194;3747;199;3548;0,09979226589964844;0,053109153989858555;0,053109153989858555;0,2987987987987988;0,9038013122932596;2,994207978995809;0,004005491907256201;0,4278226064793478;1,0;0,4278226064793478;0,029173419773095625;0,10526315789473684;5;41,27997949194723;pre_30s_bid_size_medio_soma;<=;23,259852813852817;adv_z_pre_120s_bid_size_medio_soma|<=|0.2990033182 && pre_30s_bid_size_medio_soma|<=|23.2598528139;adv_z_pre_120s_bid_size_medio_soma + pre_30s_bid_size_medio_soma;76,65676394316067;2,0;0,0;0,0;B;9a505b7ddadc7337;27;134;True;27
P7A_0003193;3;BIVARIADO;2;pre_120s_bid_size_medio_soma;<=;197,50576431690448;pre_120s_bid_size_medio_soma <= 197.505764317 E pre_30s_bid_size_medio_soma <= 23.2598528139;37548;666;0,017737296260786194;3748;199;3549;0,0998188984766166;0,05309498399146211;0,05309498399146211;0,2987987987987988;0,9037741987961607;2,9934090974645935;0,004003929976075973;0,42761661060197964;1,0;0,42761661060197964;0,029173419773095625;0,10526315789473684;5;41,27550261150768;pre_30s_bid_size_medio_soma;<=;23,259852813852817;pre_120s_bid_size_medio_soma|<=|197.5057643169 && pre_30s_bid_size_medio_soma|<=|23.2598528139;pre_120s_bid_size_medio_soma + pre_30s_bid_size_medio_soma;76,65391990859996;2,0;0,0;0,0;B;47ccf35aaab8298d;28;135;True;28
P7A_0003194;3;BIVARIADO;2;adv_z_pre_120s_bid_size_medio_soma;<=;0,6219345841591719;adv_z_pre_120s_bid_size_medio_soma <= 0.621934584159 E pre_30s_bid_size_medio_soma <= 23.2598528139;37548;666;0,017737296260786194;3748;199;3549;0,0998188984766166;0,05309498399146211;0,05309498399146211;0,2987987987987988;0,9037741987961607;2,9934090974645935;0,004003929976075973;0,42761661060197964;1,0;0,42761661060197964;0,029173419773095625;0,10526315789473684;5;41,27550261150768;pre_30s_bid_size_medio_soma;<=;23,259852813852817;adv_z_pre_120s_bid_size_medio_soma|<=|0.6219345842 && pre_30s_bid_size_medio_soma|<=|23.2598528139;adv_z_pre_120s_bid_size_medio_soma + pre_30s_bid_size_medio_soma;76,65391990859996;2,0;0,0;0,0;B;099915bc99c1c217;29;136;True;29
P7A_0003205;3;BIVARIADO;2;adv_z_pre_60s_bid_size_medio_soma;<=;0,5857910320210975;adv_z_pre_60s_bid_size_medio_soma <= 0.585791032021 E pre_30s_bid_size_medio_soma <= 23.2598528139;37548;666;0,017737296260786194;3750;199;3551;0,09987216363055289;0,053066666666666665;0,053066666666666665;0,2987987987987988;0,9037199718019631;2,9918126126126126;0,004000807885653407;0,4272820872550004;1,0;0,4272820872550004;0,02922077922077922;0,10526315789473684;5;41,26771937859829;pre_30s_bid_size_medio_soma;<=;23,259852813852817;adv_z_pre_60s_bid_size_medio_soma|<=|0.585791032 && pre_30s_bid_size_medio_soma|<=|23.2598528139;adv_z_pre_60s_bid_size_medio_soma + pre_30s_bid_size_medio_soma;76,64994534081984;2,0;0,0;0,0;B;4bcb4d1f8f728009;30;137;True;30
P7A_0003206;3;BIVARIADO;2;adv_z_pre_60s_bid_size_medio_soma;<=;1,0273809141242674;adv_z_pre_60s_bid_size_medio_soma <= 1.02738091412 E pre_30s_bid_size_medio_soma <= 23.2598528139;37548;666;0,017737296260786194;3750;199;3551;0,09987216363055289;0,053066666666666665;0,053066666666666665;0,2987987987987988;0,9037199718019631;2,9918126126126126;0,004000807885653407;0,4272820872550004;1,0;0,4272820872550004;0,02922077922077922;0,10526315789473684;5;41,26771937859829;pre_30s_bid_size_medio_soma;<=;23,259852813852817;adv_z_pre_60s_bid_size_medio_soma|<=|1.0273809141 && pre_30s_bid_size_medio_soma|<=|23.2598528139;adv_z_pre_60s_bid_size_medio_soma + pre_30s_bid_size_medio_soma;76,64994534081984;2,0;0,0;0,0;B;5a4a2e13eb2404d4;31;138;True;31
P7A_0003207;3;BIVARIADO;2;pre_60s_bid_size_medio_soma;<=;99,09067331876929;pre_60s_bid_size_medio_soma <= 99.0906733188 E pre_30s_bid_size_medio_soma <= 23.2598528139;37548;666;0,017737296260786194;3750;199;3551;0,09987216363055289;0,053066666666666665;0,053066666666666665;0,2987987987987988;0,9037199718019631;2,9918126126126126;0,004000807885653407;0,4272820872550004;1,0;0,4272820872550004;0,02922077922077922;0,10526315789473684;5;41,26771937859829;pre_30s_bid_size_medio_soma;<=;23,259852813852817;pre_30s_bid_size_medio_soma|<=|23.2598528139 && pre_60s_bid_size_medio_soma|<=|99.0906733188;pre_30s_bid_size_medio_soma + pre_60s_bid_size_medio_soma;76,64994534081984;2,0;0,0;0,0;B;29f3427cc75e6182;32;139;True;32
P7A_0003208;3;BIVARIADO;2;pre_60s_bid_size_medio_soma;<=;111,88017767691728;pre_60s_bid_size_medio_soma <= 111.880177677 E pre_30s_bid_size_medio_soma <= 23.2598528139;37548;666;0,017737296260786194;3750;199;3551;0,09987216363055289;0,053066666666666665;0,053066666666666665;0,2987987987987988;0,9037199718019631;2,9918126126126126;0,004000807885653407;0,4272820872550004;1,0;0,4272820872550004;0,02922077922077922;0,10526315789473684;5;41,26771937859829;pre_30s_bid_size_medio_soma;<=;23,259852813852817;pre_30s_bid_size_medio_soma|<=|23.2598528139 && pre_60s_bid_size_medio_soma|<=|111.8801776769;pre_30s_bid_size_medio_soma + pre_60s_bid_size_medio_soma;76,64994534081984;2,0;0,0;0,0;B;9f0f7be8b4de4c39;33;140;True;33
P7A_0003257;3;BIVARIADO;2;pre_60s_cobertura_segundos;<=;48,0;pre_60s_cobertura_segundos <= 48 E adv_z_pre_30s_bid_size_medio_soma <= -1.14834185665;37548;666;0,017737296260786194;3755;199;3556;0,10000532651539364;0,05299600532623169;0,05299600532623169;0,2987987987987988;0,9035844043164687;2,987828840824846;0,003993012981253985;0,427073408889024;1,0;0,427073408889024;0,029173419773095625;0,10515247108307045;5;41,256926258628326;adv_z_pre_30s_bid_size_medio_soma;<=;-1,14834185664801;adv_z_pre_30s_bid_size_medio_soma|<=|-1.1483418566 && pre_60s_cobertura_segundos|<=|48.0;adv_z_pre_30s_bid_size_medio_soma + pre_60s_cobertura_segundos;76,64905662050629;2,0;0,0;0,0;B;1eeda6f6c486d5ee;34;141;True;34
P7A_0003258;3;BIVARIADO;2;pre_60s_cobertura_segundos;<=;60,0;pre_60s_cobertura_segundos <= 60 E adv_z_pre_30s_bid_size_medio_soma <= -1.14834185665;37548;666;0,017737296260786194;3755;199;3556;0,10000532651539364;0,05299600532623169;0,05299600532623169;0,2987987987987988;0,9035844043164687;2,987828840824846;0,003993012981253985;0,427073408889024;1,0;0,427073408889024;0,029173419773095625;0,10515247108307045;5;41,256926258628326;adv_z_pre_30s_bid_size_medio_soma;<=;-1,14834185664801;adv_z_pre_30s_bid_size_medio_soma|<=|-1.1483418566 && pre_60s_cobertura_segundos|<=|60.0;adv_z_pre_30s_bid_size_medio_soma + pre_60s_cobertura_segundos;76,64905662050629;2,0;0,0;0,0;B;c7be0635b3d518b8;35;142;True;35
P7A_0003259;3;BIVARIADO;2;adv_z_pre_60s_cobertura_segundos;<=;-0,1580283159298619;adv_z_pre_60s_cobertura_segundos <= -0.15802831593 E adv_z_pre_30s_bid_size_medio_soma <= -1.14834185665;37548;666;0,017737296260786194;3755;199;3556;0,10000532651539364;0,05299600532623169;0,05299600532623169;0,2987987987987988;0,9035844043164687;2,987828840824846;0,003993012981253985;0,427073408889024;1,0;0,427073408889024;0,029173419773095625;0,10515247108307045;5;41,256926258628326;adv_z_pre_30s_bid_size_medio_soma;<=;-1,14834185664801;adv_z_pre_30s_bid_size_medio_soma|<=|-1.1483418566 && adv_z_pre_60s_cobertura_segundos|<=|-0.1580283159;adv_z_pre_30s_bid_size_medio_soma + adv_z_pre_60s_cobertura_segundos;76,64905662050629;2,0;0,0;0,0;B;73a476e1504d02be;36;143;True;36
P7A_0003260;3;BIVARIADO;2;adv_z_pre_60s_cobertura_segundos;<=;0,7216844582056892;adv_z_pre_60s_cobertura_segundos <= 0.721684458206 E adv_z_pre_30s_bid_size_medio_soma <= -1.14834185665;37548;666;0,017737296260786194;3755;199;3556;0,10000532651539364;0,05299600532623169;0,05299600532623169;0,2987987987987988;0,9035844043164687;2,987828840824846;0,003993012981253985;0,427073408889024;1,0;0,427073408889024;0,029173419773095625;0,10515247108307045;5;41,256926258628326;adv_z_pre_30s_bid_size_medio_soma;<=;-1,14834185664801;adv_z_pre_30s_bid_size_medio_soma|<=|-1.1483418566 && adv_z_pre_60s_cobertura_segundos|<=|0.7216844582;adv_z_pre_30s_bid_size_medio_soma + adv_z_pre_60s_cobertura_segundos;76,64905662050629;2,0;0,0;0,0;B;c1c693714587cb7f;37;144;True;37
P7A_0003261;3;BIVARIADO;2;pre_120s_bid_size_medio_soma;<=;221,38822755040587;pre_120s_bid_size_medio_soma <= 221.38822755 E adv_z_pre_30s_bid_size_medio_soma <= -1.14834185665;37548;666;0,017737296260786194;3755;199;3556;0,10000532651539364;0,05299600532623169;0,05299600532623169;0,2987987987987988;0,9035844043164687;2,987828840824846;0,003993012981253985;0,427073408889024;1,0;0,427073408889024;0,029173419773095625;0,10515247108307045;5;41,256926258628326;adv_z_pre_30s_bid_size_medio_soma;<=;-1,14834185664801;adv_z_pre_30s_bid_size_medio_soma|<=|-1.1483418566 && pre_120s_bid_size_medio_soma|<=|221.3882275504;adv_z_pre_30s_bid_size_medio_soma + pre_120s_bid_size_medio_soma;76,64905662050629;2,0;0,0;0,0;B;547c330331f02a27;38;145;True;38
P7A_0003262;3;BIVARIADO;2;adv_z_pre_120s_bid_size_medio_soma;<=;1,0557404343757937;adv_z_pre_120s_bid_size_medio_soma <= 1.05574043438 E adv_z_pre_30s_bid_size_medio_soma <= -1.14834185665;37548;666;0,017737296260786194;3755;199;3556;0,10000532651539364;0,05299600532623169;0,05299600532623169;0,2987987987987988;0,9035844043164687;2,987828840824846;0,003993012981253985;0,427073408889024;1,0;0,427073408889024;0,029173419773095625;0,10515247108307045;5;41,256926258628326;adv_z_pre_30s_bid_size_medio_soma;<=;-1,14834185664801;adv_z_pre_120s_bid_size_medio_soma|<=|1.0557404344 && adv_z_pre_30s_bid_size_medio_soma|<=|-1.1483418566;adv_z_pre_120s_bid_size_medio_soma + adv_z_pre_30s_bid_size_medio_soma;76,64905662050629;2,0;0,0;0,0;B;5adc1f009ca67cfd;39;146;True;39
P7A_0003263;3;BIVARIADO;2;pre_30s_bid_size_medio_soma;<=;37,828015642250534;pre_30s_bid_size_medio_soma <= 37.8280156423 E adv_z_pre_30s_bid_size_medio_soma <= -1.14834185665;37548;666;0,017737296260786194;3755;199;3556;0,10000532651539364;0,05299600532623169;0,05299600532623169;0,2987987987987988;0,9035844043164687;2,987828840824846;0,003993012981253985;0,427073408889024;1,0;0,427073408889024;0,029173419773095625;0,10515247108307045;5;41,256926258628326;adv_z_pre_30s_bid_size_medio_soma;<=;-1,14834185664801;adv_z_pre_30s_bid_size_medio_soma|<=|-1.1483418566 && pre_30s_bid_size_medio_soma|<=|37.8280156423;adv_z_pre_30s_bid_size_medio_soma + pre_30s_bid_size_medio_soma;76,64905662050629;2,0;0,0;0,0;B;451d2c7a916b3062;40;147;True;40
P7A_0003264;3;BIVARIADO;2;pre_30s_bid_size_medio_soma;<=;44,484950753618506;pre_30s_bid_size_medio_soma <= 44.4849507536 E adv_z_pre_30s_bid_size_medio_soma <= -1.14834185665;37548;666;0,017737296260786194;3755;199;3556;0,10000532651539364;0,05299600532623169;0,05299600532623169;0,2987987987987988;0,9035844043164687;2,987828840824846;0,003993012981253985;0,427073408889024;1,0;0,427073408889024;0,029173419773095625;0,10515247108307045;5;41,256926258628326;adv_z_pre_30s_bid_size_medio_soma;<=;-1,14834185664801;adv_z_pre_30s_bid_size_medio_soma|<=|-1.1483418566 && pre_30s_bid_size_medio_soma|<=|44.4849507536;adv_z_pre_30s_bid_size_medio_soma + pre_30s_bid_size_medio_soma;76,64905662050629;2,0;0,0;0,0;B;f79ce27bb05d4c7e;41;148;True;41
P7A_0003265;3;BIVARIADO;2;pre_30s_bid_size_medio_soma;<=;50,11027334566759;pre_30s_bid_size_medio_soma <= 50.1102733457 E adv_z_pre_30s_bid_size_medio_soma <= -1.14834185665;37548;666;0,017737296260786194;3755;199;3556;0,10000532651539364;0,05299600532623169;0,05299600532623169;0,2987987987987988;0,9035844043164687;2,987828840824846;0,003993012981253985;0,427073408889024;1,0;0,427073408889024;0,029173419773095625;0,10515247108307045;5;41,256926258628326;adv_z_pre_30s_bid_size_medio_soma;<=;-1,14834185664801;adv_z_pre_30s_bid_size_medio_soma|<=|-1.1483418566 && pre_30s_bid_size_medio_soma|<=|50.1102733457;adv_z_pre_30s_bid_size_medio_soma + pre_30s_bid_size_medio_soma;76,64905662050629;2,0;0,0;0,0;B;628d81ec18c9aca3;42;149;True;42
P7A_0003266;3;BIVARIADO;2;pre_30s_bid_size_medio_soma;<=;57,23117297341899;pre_30s_bid_size_medio_soma <= 57.2311729734 E adv_z_pre_30s_bid_size_medio_soma <= -1.14834185665;37548;666;0,017737296260786194;3755;199;3556;0,10000532651539364;0,05299600532623169;0,05299600532623169;0,2987987987987988;0,9035844043164687;2,987828840824846;0,003993012981253985;0,427073408889024;1,0;0,427073408889024;0,029173419773095625;0,10515247108307045;5;41,256926258628326;adv_z_pre_30s_bid_size_medio_soma;<=;-1,14834185664801;adv_z_pre_30s_bid_size_medio_soma|<=|-1.1483418566 && pre_30s_bid_size_medio_soma|<=|57.2311729734;adv_z_pre_30s_bid_size_medio_soma + pre_30s_bid_size_medio_soma;76,64905662050629;2,0;0,0;0,0;B;c6d35f8470587c8c;43;150;True;43
P7A_0003267;3;BIVARIADO;2;adv_z_pre_30s_bid_size_medio_soma;<=;-1,14834185664801;adv_z_pre_30s_bid_size_medio_soma <= -1.14834185665 E pre_120s_ticks_total <= 3769;37548;666;0,017737296260786194;3755;199;3556;0,10000532651539364;0,05299600532623169;0,05299600532623169;0,2987987987987988;0,9035844043164687;2,987828840824846;0,003993012981253985;0,427073408889024;1,0;0,427073408889024;0,029173419773095625;0,10515247108307045;5;41,256926258628326;pre_120s_ticks_total;<=;3769,0;adv_z_pre_30s_bid_size_medio_soma|<=|-1.1483418566 && pre_120s_ticks_total|<=|3769.0;adv_z_pre_30s_bid_size_medio_soma + pre_120s_ticks_total;76,64905662050629;2,0;0,0;0,0;B;b8b0052f5608b37d;44;151;True;44
P7A_0003268;3;BIVARIADO;2;adv_z_pre_30s_bid_size_medio_soma;<=;-1,14834185664801;adv_z_pre_30s_bid_size_medio_soma <= -1.14834185665 E pre_120s_ticks_total <= 5608;37548;666;0,017737296260786194;3755;199;3556;0,10000532651539364;0,05299600532623169;0,05299600532623169;0,2987987987987988;0,9035844043164687;2,987828840824846;0,003993012981253985;0,427073408889024;1,0;0,427073408889024;0,029173419773095625;0,10515247108307045;5;41,256926258628326;pre_120s_ticks_total;<=;5608,0;adv_z_pre_30s_bid_size_medio_soma|<=|-1.1483418566 && pre_120s_ticks_total|<=|5608.0;adv_z_pre_30s_bid_size_medio_soma + pre_120s_ticks_total;76,64905662050629;2,0;0,0;0,0;B;61193b06c4f5a928;45;152;True;45
P7A_0003269;3;BIVARIADO;2;adv_z_pre_30s_bid_size_medio_soma;<=;-1,14834185664801;adv_z_pre_30s_bid_size_medio_soma <= -1.14834185665 E adv_z_pre_120s_ticks_total <= 0.382890489769;37548;666;0,017737296260786194;3755;199;3556;0,10000532651539364;0,05299600532623169;0,05299600532623169;0,2987987987987988;0,9035844043164687;2,987828840824846;0,003993012981253985;0,427073408889024;1,0;0,427073408889024;0,029173419773095625;0,10515247108307045;5;41,256926258628326;adv_z_pre_120s_ticks_total;<=;0,382890489768582;adv_z_pre_120s_ticks_total|<=|0.3828904898 && adv_z_pre_30s_bid_size_medio_soma|<=|-1.1483418566;adv_z_pre_120s_ticks_total + adv_z_pre_30s_bid_size_medio_soma;76,64905662050629;2,0;0,0;0,0;B;ded4d08a09fa46b0;46;153;True;46
P7A_0003270;3;BIVARIADO;2;adv_z_pre_30s_bid_size_medio_soma;<=;-1,14834185664801;adv_z_pre_30s_bid_size_medio_soma <= -1.14834185665 E adv_z_pre_120s_ticks_total <= 0.975845151866;37548;666;0,017737296260786194;3755;199;3556;0,10000532651539364;0,05299600532623169;0,05299600532623169;0,2987987987987988;0,9035844043164687;2,987828840824846;0,003993012981253985;0,427073408889024;1,0;0,427073408889024;0,029173419773095625;0,10515247108307045;5;41,256926258628326;adv_z_pre_120s_ticks_total;<=;0,975845151866139;adv_z_pre_120s_ticks_total|<=|0.9758451519 && adv_z_pre_30s_bid_size_medio_soma|<=|-1.1483418566;adv_z_pre_120s_ticks_total + adv_z_pre_30s_bid_size_medio_soma;76,64905662050629;2,0;0,0;0,0;B;3acee082caab1515;47;154;True;47
P7A_0003271;3;BIVARIADO;2;adv_z_pre_30s_bid_size_medio_soma;<=;-1,14834185664801;adv_z_pre_30s_bid_size_medio_soma <= -1.14834185665 E pre_15s_cobertura_pct <= 1;37548;666;0,017737296260786194;3755;199;3556;0,10000532651539364;0,05299600532623169;0,05299600532623169;0,2987987987987988;0,9035844043164687;2,987828840824846;0,003993012981253985;0,427073408889024;1,0;0,427073408889024;0,029173419773095625;0,10515247108307045;5;41,256926258628326;pre_15s_cobertura_pct;<=;1,0;adv_z_pre_30s_bid_size_medio_soma|<=|-1.1483418566 && pre_15s_cobertura_pct|<=|1.0;adv_z_pre_30s_bid_size_medio_soma + pre_15s_cobertura_pct;76,64905662050629;2,0;0,0;0,0;B;9f4a44908cd41918;48;155;True;48
P7A_0003272;3;BIVARIADO;2;adv_z_pre_30s_bid_size_medio_soma;<=;-1,14834185664801;adv_z_pre_30s_bid_size_medio_soma <= -1.14834185665 E adv_z_pre_15s_cobertura_pct <= 0.663725833062;37548;666;0,017737296260786194;3755;199;3556;0,10000532651539364;0,05299600532623169;0,05299600532623169;0,2987987987987988;0,9035844043164687;2,987828840824846;0,003993012981253985;0,427073408889024;1,0;0,427073408889024;0,029173419773095625;0,10515247108307045;5;41,256926258628326;adv_z_pre_15s_cobertura_pct;<=;0,6637258330622307;adv_z_pre_15s_cobertura_pct|<=|0.6637258331 && adv_z_pre_30s_bid_size_medio_soma|<=|-1.1483418566;adv_z_pre_15s_cobertura_pct + adv_z_pre_30s_bid_size_medio_soma;76,64905662050629;2,0;0,0;0,0;B;f6daf5a702820a9b;49;156;True;49
P7A_0003273;3;BIVARIADO;2;adv_z_pre_30s_bid_size_medio_soma;<=;-1,14834185664801;adv_z_pre_30s_bid_size_medio_soma <= -1.14834185665 E adv_z_pre_15s_bid_size_medio_soma <= 0.523023024822;37548;666;0,017737296260786194;3755;199;3556;0,10000532651539364;0,05299600532623169;0,05299600532623169;0,2987987987987988;0,9035844043164687;2,987828840824846;0,003993012981253985;0,427073408889024;1,0;0,427073408889024;0,029173419773095625;0,10515247108307045;5;41,256926258628326;adv_z_pre_15s_bid_size_medio_soma;<=;0,5230230248222918;adv_z_pre_15s_bid_size_medio_soma|<=|0.5230230248 && adv_z_pre_30s_bid_size_medio_soma|<=|-1.1483418566;adv_z_pre_15s_bid_size_medio_soma + adv_z_pre_30s_bid_size_medio_soma;76,64905662050629;2,0;0,0;0,0;B;83f1183fd672349e;50;157;True;50
P7A_0003274;3;BIVARIADO;2;adv_z_pre_30s_bid_size_medio_soma;<=;-1,14834185664801;adv_z_pre_30s_bid_size_medio_soma <= -1.14834185665 E adv_z_pre_15s_bid_size_medio_soma <= 0.979840750936;37548;666;0,017737296260786194;3755;199;3556;0,10000532651539364;0,05299600532623169;0,05299600532623169;0,2987987987987988;0,9035844043164687;2,987828840824846;0,003993012981253985;0,427073408889024;1,0;0,427073408889024;0,029173419773095625;0,10515247108307045;5;41,256926258628326;adv_z_pre_15s_bid_size_medio_soma;<=;0,9798407509356817;adv_z_pre_15s_bid_size_medio_soma|<=|0.9798407509 && adv_z_pre_30s_bid_size_medio_soma|<=|-1.1483418566;adv_z_pre_15s_bid_size_medio_soma + adv_z_pre_30s_bid_size_medio_soma;76,64905662050629;2,0;0,0;0,0;B;1b4a049fc8384a98;51;158;True;51
P7A_0003229;3;BIVARIADO;2;pre_60s_cobertura_segundos;<=;48,0;pre_60s_cobertura_segundos <= 48 E pre_30s_bid_size_medio_soma <= 23.2598528139;37548;666;0,017737296260786194;3751;199;3552;0,09989879620752104;0,05305251932817915;0,05305251932817915;0,2987987987987988;0,9036928583048641;2,9910150086103164;0,003999247725782751;0,4270355973355481;1,0;0,4270355973355481;0,029173419773095625;0,10526315789473684;5;41,262643584895166;pre_30s_bid_size_medio_soma;<=;23,259852813852817;pre_30s_bid_size_medio_soma|<=|23.2598528139 && pre_60s_cobertura_segundos|<=|48.0;pre_30s_bid_size_medio_soma + pre_60s_cobertura_segundos;76,6462056302354;2,0;0,0;0,0;B;8508295184161131;52;159;True;52
P7A_0003230;3;BIVARIADO;2;pre_60s_cobertura_segundos;<=;60,0;pre_60s_cobertura_segundos <= 60 E pre_30s_bid_size_medio_soma <= 23.2598528139;37548;666;0,017737296260786194;3751;199;3552;0,09989879620752104;0,05305251932817915;0,05305251932817915;0,2987987987987988;0,9036928583048641;2,9910150086103164;0,003999247725782751;0,4270355973355481;1,0;0,4270355973355481;0,029173419773095625;0,10526315789473684;5;41,262643584895166;pre_30s_bid_size_medio_soma;<=;23,259852813852817;pre_30s_bid_size_medio_soma|<=|23.2598528139 && pre_60s_cobertura_segundos|<=|60.0;pre_30s_bid_size_medio_soma + pre_60s_cobertura_segundos;76,6462056302354;2,0;0,0;0,0;B;26311ed8596517e4;53;160;True;53
P7A_0003231;3;BIVARIADO;2;adv_z_pre_60s_cobertura_segundos;<=;-0,1580283159298619;adv_z_pre_60s_cobertura_segundos <= -0.15802831593 E pre_30s_bid_size_medio_soma <= 23.2598528139;37548;666;0,017737296260786194;3751;199;3552;0,09989879620752104;0,05305251932817915;0,05305251932817915;0,2987987987987988;0,9036928583048641;2,9910150086103164;0,003999247725782751;0,4270355973355481;1,0;0,4270355973355481;0,029173419773095625;0,10526315789473684;5;41,262643584895166;pre_30s_bid_size_medio_soma;<=;23,259852813852817;adv_z_pre_60s_cobertura_segundos|<=|-0.1580283159 && pre_30s_bid_size_medio_soma|<=|23.2598528139;adv_z_pre_60s_cobertura_segundos + pre_30s_bid_size_medio_soma;76,6462056302354;2,0;0,0;0,0;B;8c1d5f866a2204cf;54;161;True;54
P7A_0003232;3;BIVARIADO;2;adv_z_pre_60s_cobertura_segundos;<=;0,7216844582056892;adv_z_pre_60s_cobertura_segundos <= 0.721684458206 E pre_30s_bid_size_medio_soma <= 23.2598528139;37548;666;0,017737296260786194;3751;199;3552;0,09989879620752104;0,05305251932817915;0,05305251932817915;0,2987987987987988;0,9036928583048641;2,9910150086103164;0,003999247725782751;0,4270355973355481;1,0;0,4270355973355481;0,029173419773095625;0,10526315789473684;5;41,262643584895166;pre_30s_bid_size_medio_soma;<=;23,259852813852817;adv_z_pre_60s_cobertura_segundos|<=|0.7216844582 && pre_30s_bid_size_medio_soma|<=|23.2598528139;adv_z_pre_60s_cobertura_segundos + pre_30s_bid_size_medio_soma;76,6462056302354;2,0;0,0;0,0;B;7413bbc811bedff2;55;162;True;55
P7A_0003233;3;BIVARIADO;2;pre_120s_bid_size_medio_soma;<=;221,38822755040587;pre_120s_bid_size_medio_soma <= 221.38822755 E pre_30s_bid_size_medio_soma <= 23.2598528139;37548;666;0,017737296260786194;3751;199;3552;0,09989879620752104;0,05305251932817915;0,05305251932817915;0,2987987987987988;0,9036928583048641;2,9910150086103164;0,003999247725782751;0,4270355973355481;1,0;0,4270355973355481;0,029173419773095625;0,10526315789473684;5;41,262643584895166;pre_30s_bid_size_medio_soma;<=;23,259852813852817;pre_120s_bid_size_medio_soma|<=|221.3882275504 && pre_30s_bid_size_medio_soma|<=|23.2598528139;pre_120s_bid_size_medio_soma + pre_30s_bid_size_medio_soma;76,6462056302354;2,0;0,0;0,0;B;78b2b5dba8fb98dd;56;163;True;56
P7A_0003234;3;BIVARIADO;2;adv_z_pre_120s_bid_size_medio_soma;<=;1,0557404343757937;adv_z_pre_120s_bid_size_medio_soma <= 1.05574043438 E pre_30s_bid_size_medio_soma <= 23.2598528139;37548;666;0,017737296260786194;3751;199;3552;0,09989879620752104;0,05305251932817915;0,05305251932817915;0,2987987987987988;0,9036928583048641;2,9910150086103164;0,003999247725782751;0,4270355973355481;1,0;0,4270355973355481;0,029173419773095625;0,10526315789473684;5;41,262643584895166;pre_30s_bid_size_medio_soma;<=;23,259852813852817;adv_z_pre_120s_bid_size_medio_soma|<=|1.0557404344 && pre_30s_bid_size_medio_soma|<=|23.2598528139;adv_z_pre_120s_bid_size_medio_soma + pre_30s_bid_size_medio_soma;76,6462056302354;2,0;0,0;0,0;B;cb2cd1b3c0bc13a0;57;164;True;57
P7A_0003235;3;BIVARIADO;2;pre_30s_bid_size_medio_soma;<=;23,259852813852817;pre_30s_bid_size_medio_soma <= 23.2598528139 E adv_z_pre_30s_bid_size_medio_soma <= -1.14834185665;37548;666;0,017737296260786194;3751;199;3552;0,09989879620752104;0,05305251932817915;0,05305251932817915;0,2987987987987988;0,9036928583048641;2,9910150086103164;0,003999247725782751;0,4270355973355481;1,0;0,4270355973355481;0,029173419773095625;0,10526315789473684;5;41,262643584895166;adv_z_pre_30s_bid_size_medio_soma;<=;-1,14834185664801;adv_z_pre_30s_bid_size_medio_soma|<=|-1.1483418566 && pre_30s_bid_size_medio_soma|<=|23.2598528139;adv_z_pre_30s_bid_size_medio_soma + pre_30s_bid_size_medio_soma;76,6462056302354;2,0;0,0;0,0;B;e31c3332174d4116;58;165;True;58
P7A_0003236;3;BIVARIADO;2;pre_30s_bid_size_medio_soma;<=;23,259852813852817;pre_30s_bid_size_medio_soma <= 23.2598528139 E adv_z_pre_30s_bid_size_medio_soma <= -0.220366098278;37548;666;0,017737296260786194;3751;199;3552;0,09989879620752104;0,05305251932817915;0,05305251932817915;0,2987987987987988;0,9036928583048641;2,9910150086103164;0,003999247725782751;0,4270355973355481;1,0;0,4270355973355481;0,029173419773095625;0,10526315789473684;5;41,262643584895166;adv_z_pre_30s_bid_size_medio_soma;<=;-0,22036609827793707;adv_z_pre_30s_bid_size_medio_soma|<=|-0.2203660983 && pre_30s_bid_size_medio_soma|<=|23.2598528139;adv_z_pre_30s_bid_size_medio_soma + pre_30s_bid_size_medio_soma;76,6462056302354;2,0;0,0;0,0;B;12787ff3cc03bee7;59;166;True;59
P7A_0003237;3;BIVARIADO;2;pre_30s_bid_size_medio_soma;<=;23,259852813852817;pre_30s_bid_size_medio_soma <= 23.2598528139 E adv_z_pre_30s_bid_size_medio_soma <= 0.201739676761;37548;666;0,017737296260786194;3751;199;3552;0,09989879620752104;0,05305251932817915;0,05305251932817915;0,2987987987987988;0,9036928583048641;2,9910150086103164;0,003999247725782751;0,4270355973355481;1,0;0,4270355973355481;0,029173419773095625;0,10526315789473684;5;41,262643584895166;adv_z_pre_30s_bid_size_medio_soma;<=;0,20173967676122367;adv_z_pre_30s_bid_size_medio_soma|<=|0.2017396768 && pre_30s_bid_size_medio_soma|<=|23.2598528139;adv_z_pre_30s_bid_size_medio_soma + pre_30s_bid_size_medio_soma;76,6462056302354;2,0;0,0;0,0;B;db35ef72fdbb63fe;60;167;True;60
P7A_0003238;3;BIVARIADO;2;pre_30s_bid_size_medio_soma;<=;23,259852813852817;pre_30s_bid_size_medio_soma <= 23.2598528139 E adv_z_pre_30s_bid_size_medio_soma <= 0.56051039431;37548;666;0,017737296260786194;3751;199;3552;0,09989879620752104;0,05305251932817915;0,05305251932817915;0,2987987987987988;0,9036928583048641;2,9910150086103164;0,003999247725782751;0,4270355973355481;1,0;0,4270355973355481;0,029173419773095625;0,10526315789473684;5;41,262643584895166;adv_z_pre_30s_bid_size_medio_soma;<=;0,5605103943104819;adv_z_pre_30s_bid_size_medio_soma|<=|0.5605103943 && pre_30s_bid_size_medio_soma|<=|23.2598528139;adv_z_pre_30s_bid_size_medio_soma + pre_30s_bid_size_medio_soma;76,6462056302354;2,0;0,0;0,0;B;4a01be66bd06e01c;61;168;True;61
P7A_0003239;3;BIVARIADO;2;pre_30s_bid_size_medio_soma;<=;23,259852813852817;pre_30s_bid_size_medio_soma <= 23.2598528139 E adv_z_pre_30s_bid_size_medio_soma <= 1.01428011335;37548;666;0,017737296260786194;3751;199;3552;0,09989879620752104;0,05305251932817915;0,05305251932817915;0,2987987987987988;0,9036928583048641;2,9910150086103164;0,003999247725782751;0,4270355973355481;1,0;0,4270355973355481;0,029173419773095625;0,10526315789473684;5;41,262643584895166;adv_z_pre_30s_bid_size_medio_soma;<=;1,0142801133516743;adv_z_pre_30s_bid_size_medio_soma|<=|1.0142801134 && pre_30s_bid_size_medio_soma|<=|23.2598528139;adv_z_pre_30s_bid_size_medio_soma + pre_30s_bid_size_medio_soma;76,6462056302354;2,0;0,0;0,0;B;30c9346f22c1b5c4;62;169;True;62
P7A_0003240;3;BIVARIADO;2;pre_30s_bid_size_medio_soma;<=;23,259852813852817;pre_30s_bid_size_medio_soma <= 23.2598528139 E pre_120s_ticks_total <= 3769;37548;666;0,017737296260786194;3751;199;3552;0,09989879620752104;0,05305251932817915;0,05305251932817915;0,2987987987987988;0,9036928583048641;2,9910150086103164;0,003999247725782751;0,4270355973355481;1,0;0,4270355973355481;0,029173419773095625;0,10526315789473684;5;41,262643584895166;pre_120s_ticks_total;<=;3769,0;pre_120s_ticks_total|<=|3769.0 && pre_30s_bid_size_medio_soma|<=|23.2598528139;pre_120s_ticks_total + pre_30s_bid_size_medio_soma;76,6462056302354;2,0;0,0;0,0;B;dc1c7d79e81dac33;63;170;True;63
P7A_0003241;3;BIVARIADO;2;pre_30s_bid_size_medio_soma;<=;23,259852813852817;pre_30s_bid_size_medio_soma <= 23.2598528139 E pre_120s_ticks_total <= 5608;37548;666;0,017737296260786194;3751;199;3552;0,09989879620752104;0,05305251932817915;0,05305251932817915;0,2987987987987988;0,9036928583048641;2,9910150086103164;0,003999247725782751;0,4270355973355481;1,0;0,4270355973355481;0,029173419773095625;0,10526315789473684;5;41,262643584895166;pre_120s_ticks_total;<=;5608,0;pre_120s_ticks_total|<=|5608.0 && pre_30s_bid_size_medio_soma|<=|23.2598528139;pre_120s_ticks_total + pre_30s_bid_size_medio_soma;76,6462056302354;2,0;0,0;0,0;B;b6bb5bd1abed9774;64;171;True;64
P7A_0003242;3;BIVARIADO;2;pre_30s_bid_size_medio_soma;<=;23,259852813852817;pre_30s_bid_size_medio_soma <= 23.2598528139 E adv_z_pre_120s_ticks_total <= 0.382890489769;37548;666;0,017737296260786194;3751;199;3552;0,09989879620752104;0,05305251932817915;0,05305251932817915;0,2987987987987988;0,9036928583048641;2,9910150086103164;0,003999247725782751;0,4270355973355481;1,0;0,4270355973355481;0,029173419773095625;0,10526315789473684;5;41,262643584895166;adv_z_pre_120s_ticks_total;<=;0,382890489768582;adv_z_pre_120s_ticks_total|<=|0.3828904898 && pre_30s_bid_size_medio_soma|<=|23.2598528139;adv_z_pre_120s_ticks_total + pre_30s_bid_size_medio_soma;76,6462056302354;2,0;0,0;0,0;B;76444e3ce7ae2250;65;172;True;65
P7A_0003243;3;BIVARIADO;2;pre_30s_bid_size_medio_soma;<=;23,259852813852817;pre_30s_bid_size_medio_soma <= 23.2598528139 E adv_z_pre_120s_ticks_total <= 0.975845151866;37548;666;0,017737296260786194;3751;199;3552;0,09989879620752104;0,05305251932817915;0,05305251932817915;0,2987987987987988;0,9036928583048641;2,9910150086103164;0,003999247725782751;0,4270355973355481;1,0;0,4270355973355481;0,029173419773095625;0,10526315789473684;5;41,262643584895166;adv_z_pre_120s_ticks_total;<=;0,975845151866139;adv_z_pre_120s_ticks_total|<=|0.9758451519 && pre_30s_bid_size_medio_soma|<=|23.2598528139;adv_z_pre_120s_ticks_total + pre_30s_bid_size_medio_soma;76,6462056302354;2,0;0,0;0,0;B;ae56fc9058c64ef4;66;173;True;66
P7A_0003244;3;BIVARIADO;2;pre_30s_bid_size_medio_soma;<=;23,259852813852817;pre_30s_bid_size_medio_soma <= 23.2598528139 E pre_15s_cobertura_pct <= 1;37548;666;0,017737296260786194;3751;199;3552;0,09989879620752104;0,05305251932817915;0,05305251932817915;0,2987987987987988;0,9036928583048641;2,9910150086103164;0,003999247725782751;0,4270355973355481;1,0;0,4270355973355481;0,029173419773095625;0,10526315789473684;5;41,262643584895166;pre_15s_cobertura_pct;<=;1,0;pre_15s_cobertura_pct|<=|1.0 && pre_30s_bid_size_medio_soma|<=|23.2598528139;pre_15s_cobertura_pct + pre_30s_bid_size_medio_soma;76,6462056302354;2,0;0,0;0,0;B;1a29b04398cc33db;67;174;True;67
P7A_0003245;3;BIVARIADO;2;pre_30s_bid_size_medio_soma;<=;23,259852813852817;pre_30s_bid_size_medio_soma <= 23.2598528139 E adv_z_pre_15s_cobertura_pct <= 0.663725833062;37548;666;0,017737296260786194;3751;199;3552;0,09989879620752104;0,05305251932817915;0,05305251932817915;0,2987987987987988;0,9036928583048641;2,9910150086103164;0,003999247725782751;0,4270355973355481;1,0;0,4270355973355481;0,029173419773095625;0,10526315789473684;5;41,262643584895166;adv_z_pre_15s_cobertura_pct;<=;0,6637258330622307;adv_z_pre_15s_cobertura_pct|<=|0.6637258331 && pre_30s_bid_size_medio_soma|<=|23.2598528139;adv_z_pre_15s_cobertura_pct + pre_30s_bid_size_medio_soma;76,6462056302354;2,0;0,0;0,0;B;6972d235983003ba;68;175;True;68
P7A_0003246;3;BIVARIADO;2;pre_30s_bid_size_medio_soma;<=;23,259852813852817;pre_30s_bid_size_medio_soma <= 23.2598528139 E adv_z_pre_15s_bid_size_medio_soma <= 0.523023024822;37548;666;0,017737296260786194;3751;199;3552;0,09989879620752104;0,05305251932817915;0,05305251932817915;0,2987987987987988;0,9036928583048641;2,9910150086103164;0,003999247725782751;0,4270355973355481;1,0;0,4270355973355481;0,029173419773095625;0,10526315789473684;5;41,262643584895166;adv_z_pre_15s_bid_size_medio_soma;<=;0,5230230248222918;adv_z_pre_15s_bid_size_medio_soma|<=|0.5230230248 && pre_30s_bid_size_medio_soma|<=|23.2598528139;adv_z_pre_15s_bid_size_medio_soma + pre_30s_bid_size_medio_soma;76,6462056302354;2,0;0,0;0,0;B;244d2cb0128946ec;69;176;True;69
P7A_0003247;3;BIVARIADO;2;pre_30s_bid_size_medio_soma;<=;23,259852813852817;pre_30s_bid_size_medio_soma <= 23.2598528139 E adv_z_pre_15s_bid_size_medio_soma <= 0.979840750936;37548;666;0,017737296260786194;3751;199;3552;0,09989879620752104;0,05305251932817915;0,05305251932817915;0,2987987987987988;0,9036928583048641;2,9910150086103164;0,003999247725782751;0,4270355973355481;1,0;0,4270355973355481;0,029173419773095625;0,10526315789473684;5;41,262643584895166;adv_z_pre_15s_bid_size_medio_soma;<=;0,9798407509356817;adv_z_pre_15s_bid_size_medio_soma|<=|0.9798407509 && pre_30s_bid_size_medio_soma|<=|23.2598528139;adv_z_pre_15s_bid_size_medio_soma + pre_30s_bid_size_medio_soma;76,6462056302354;2,0;0,0;0,0;B;c6e5a2e58197de9b;70;177;True;70
P7A_0003197;3;BIVARIADO;2;adv_z_pre_30s_bid_size_medio_soma;<=;-1,14834185664801;adv_z_pre_30s_bid_size_medio_soma <= -1.14834185665 E pre_60s_ask_size_medio_soma <= 112.472207584;37548;666;0,017737296260786194;3746;199;3547;0,0997656333226803;0,053123331553657234;0,053123331553657234;0,2987987987987988;0,9038284257903585;2,9950072870521347;0,00400705442950175;0,4273738774489354;1,0;0,4273738774489354;0,029173419773095625;0,1053740779768177;5;41,27463833571557;pre_60s_ask_size_medio_soma;<=;112,4722075837279;adv_z_pre_30s_bid_size_medio_soma|<=|-1.1483418566 && pre_60s_ask_size_medio_soma|<=|112.4722075837;adv_z_pre_30s_bid_size_medio_soma + pre_60s_ask_size_medio_soma;76,64512630654554;2,0;0,0;0,0;B;09cd51af0ffdcd28;71;178;True;71
P7A_0003198;3;BIVARIADO;2;adv_z_pre_30s_bid_size_medio_soma;<=;-1,14834185664801;adv_z_pre_30s_bid_size_medio_soma <= -1.14834185665 E adv_z_pre_60s_ask_size_medio_soma <= 1.02007908369;37548;666;0,017737296260786194;3746;199;3547;0,0997656333226803;0,053123331553657234;0,053123331553657234;0,2987987987987988;0,9038284257903585;2,9950072870521347;0,00400705442950175;0,4273738774489354;1,0;0,4273738774489354;0,029173419773095625;0,1053740779768177;5;41,27463833571557;adv_z_pre_60s_ask_size_medio_soma;<=;1,020079083686052;adv_z_pre_30s_bid_size_medio_soma|<=|-1.1483418566 && adv_z_pre_60s_ask_size_medio_soma|<=|1.0200790837;adv_z_pre_30s_bid_size_medio_soma + adv_z_pre_60s_ask_size_medio_soma;76,64512630654554;2,0;0,0;0,0;B;7e0d9a419380655b;72;179;True;72
P7A_0003275;3;BIVARIADO;2;adv_z_pre_60s_bid_size_medio_soma;<=;0,24411574033055705;adv_z_pre_60s_bid_size_medio_soma <= 0.244115740331 E adv_z_pre_30s_bid_size_medio_soma <= -1.14834185665;37548;666;0,017737296260786194;3753;199;3554;0,09995206136145733;0,05302424726885158;0,05302424726885158;0,2987987987987988;0,9036386313106665;2,989421075752011;0,003996129175154142;0,42670245027195697;1,0;0,42670245027195697;0,02922077922077922;0,10526315789473684;5;41,254897970804436;adv_z_pre_30s_bid_size_medio_soma;<=;-1,14834185664801;adv_z_pre_30s_bid_size_medio_soma|<=|-1.1483418566 && adv_z_pre_60s_bid_size_medio_soma|<=|0.2441157403;adv_z_pre_30s_bid_size_medio_soma + adv_z_pre_60s_bid_size_medio_soma;76,64226150407012;2,0;0,0;0,0;B;a3fbdf6842074b50;73;180;True;73
P7A_0003276;3;BIVARIADO;2;pre_60s_bid_size_medio_soma;<=;89,20158681646559;pre_60s_bid_size_medio_soma <= 89.2015868165 E adv_z_pre_30s_bid_size_medio_soma <= -1.14834185665;37548;666;0,017737296260786194;3753;199;3554;0,09995206136145733;0,05302424726885158;0,05302424726885158;0,2987987987987988;0,9036386313106665;2,989421075752011;0,003996129175154142;0,42670245027195697;1,0;0,42670245027195697;0,02922077922077922;0,10526315789473684;5;41,254897970804436;adv_z_pre_30s_bid_size_medio_soma;<=;-1,14834185664801;adv_z_pre_30s_bid_size_medio_soma|<=|-1.1483418566 && pre_60s_bid_size_medio_soma|<=|89.2015868165;adv_z_pre_30s_bid_size_medio_soma + pre_60s_bid_size_medio_soma;76,64226150407012;2,0;0,0;0,0;B;a954f61f5d425f63;74;181;True;74
P7A_0003278;3;BIVARIADO;2;adv_z_pre_30s_bid_size_medio_soma;<=;-1,14834185664801;adv_z_pre_30s_bid_size_medio_soma <= -1.14834185665 E adv_z_pre_15s_bid_size_medio_soma <= 0.152201305912;37548;666;0,017737296260786194;3754;199;3555;0,09997869393842548;0,05301012253596164;0,05301012253596164;0,2987987987987988;0,9036115178135676;2,988624746216648;0,003994570783769524;0,42645596319313583;1,0;0,42645596319313583;0,029173419773095625;0,10526315789473684;5;41,24983069692522;adv_z_pre_15s_bid_size_medio_soma;<=;0,15220130591166872;adv_z_pre_15s_bid_size_medio_soma|<=|0.1522013059 && adv_z_pre_30s_bid_size_medio_soma|<=|-1.1483418566;adv_z_pre_15s_bid_size_medio_soma + adv_z_pre_30s_bid_size_medio_soma;76,63852185631677;2,0;0,0;0,0;B;e194dcbce2ecd9b7;75;182;True;75
P7A_0003189;3;BIVARIADO;2;pre_30s_bid_size_medio_soma;<=;23,259852813852817;pre_30s_bid_size_medio_soma <= 23.2598528139 E pre_60s_ask_size_medio_soma <= 112.472207584;37548;666;0,017737296260786194;3742;199;3543;0,09965910301480771;0,053180117584179586;0,053180117584179586;0,2987987987987988;0,9039368797787538;2,99820879136753;0,004013310435435319;0,42733702717767685;1,0;0,42733702717767685;0,029173419773095625;0,10548523206751055;5;41,27967311301127;pre_60s_ask_size_medio_soma;<=;112,4722075837279;pre_30s_bid_size_medio_soma|<=|23.2598528139 && pre_60s_ask_size_medio_soma|<=|112.4722075837;pre_30s_bid_size_medio_soma + pre_60s_ask_size_medio_soma;76,637461910968;2,0;0,0;0,0;B;d5bf09bfba23722d;76;183;True;76
P7A_0003190;3;BIVARIADO;2;pre_30s_bid_size_medio_soma;<=;23,259852813852817;pre_30s_bid_size_medio_soma <= 23.2598528139 E adv_z_pre_60s_ask_size_medio_soma <= 1.02007908369;37548;666;0,017737296260786194;3742;199;3543;0,09965910301480771;0,053180117584179586;0,053180117584179586;0,2987987987987988;0,9039368797787538;2,99820879136753;0,004013310435435319;0,42733702717767685;1,0;0,42733702717767685;0,029173419773095625;0,10548523206751055;5;41,27967311301127;adv_z_pre_60s_ask_size_medio_soma;<=;1,020079083686052;adv_z_pre_60s_ask_size_medio_soma|<=|1.0200790837 && pre_30s_bid_size_medio_soma|<=|23.2598528139;adv_z_pre_60s_ask_size_medio_soma + pre_30s_bid_size_medio_soma;76,637461910968;2,0;0,0;0,0;B;8f9558634c626f86;77;184;True;77
P7A_0003252;3;BIVARIADO;2;adv_z_pre_60s_bid_size_medio_soma;<=;0,24411574033055705;adv_z_pre_60s_bid_size_medio_soma <= 0.244115740331 E pre_30s_bid_size_medio_soma <= 23.2598528139;37548;666;0,017737296260786194;3749;199;3550;0,09984553105358475;0,053080821552413976;0,053080821552413976;0,2987987987987988;0,9037470852990619;2,992610642117177;0,004002368635646472;0,42666376882861434;1,0;0,42666376882861434;0,02922077922077922;0,1053740779768177;5;41,2598258773273;pre_30s_bid_size_medio_soma;<=;23,259852813852817;adv_z_pre_60s_bid_size_medio_soma|<=|0.2441157403 && pre_30s_bid_size_medio_soma|<=|23.2598528139;adv_z_pre_60s_bid_size_medio_soma + pre_30s_bid_size_medio_soma;76,63455660532604;2,0;0,0;0,0;B;46a7532812436d2e;78;185;True;78
P7A_0003253;3;BIVARIADO;2;pre_60s_bid_size_medio_soma;<=;89,20158681646559;pre_60s_bid_size_medio_soma <= 89.2015868165 E pre_30s_bid_size_medio_soma <= 23.2598528139;37548;666;0,017737296260786194;3749;199;3550;0,09984553105358475;0,053080821552413976;0,053080821552413976;0,2987987987987988;0,9037470852990619;2,992610642117177;0,004002368635646472;0,42666376882861434;1,0;0,42666376882861434;0,02922077922077922;0,1053740779768177;5;41,2598258773273;pre_30s_bid_size_medio_soma;<=;23,259852813852817;pre_30s_bid_size_medio_soma|<=|23.2598528139 && pre_60s_bid_size_medio_soma|<=|89.2015868165;pre_30s_bid_size_medio_soma + pre_60s_bid_size_medio_soma;76,63455660532604;2,0;0,0;0,0;B;2ef314f8a890fa8b;79;186;True;79
P7A_0003254;3;BIVARIADO;2;adv_z_pre_30s_bid_size_medio_soma;<=;-1,14834185664801;adv_z_pre_30s_bid_size_medio_soma <= -1.14834185665 E pre_15s_cobertura_pct <= 0.866667;37548;666;0,017737296260786194;3750;199;3551;0,09987216363055289;0,053066666666666665;0,053066666666666665;0,2987987987987988;0,9037199718019631;2,9918126126126126;0,004000807885653407;0,42657033014011014;1,0;0,42657033014011014;0,02926829268292683;0,1053740779768177;5;41,25704302187494;pre_15s_cobertura_pct;<=;0,866667;adv_z_pre_30s_bid_size_medio_soma|<=|-1.1483418566 && pre_15s_cobertura_pct|<=|0.866667;adv_z_pre_30s_bid_size_medio_soma + pre_15s_cobertura_pct;76,63420219072363;2,0;0,0;0,0;B;a472f5a5e4ca9448;80;187;True;80
P7A_0003255;3;BIVARIADO;2;adv_z_pre_30s_bid_size_medio_soma;<=;-1,14834185664801;adv_z_pre_30s_bid_size_medio_soma <= -1.14834185665 E adv_z_pre_15s_cobertura_pct <= 0.0919658869921;37548;666;0,017737296260786194;3750;199;3551;0,09987216363055289;0,053066666666666665;0,053066666666666665;0,2987987987987988;0,9037199718019631;2,9918126126126126;0,004000807885653407;0,42657033014011014;1,0;0,42657033014011014;0,02926829268292683;0,1053740779768177;5;41,25704302187494;adv_z_pre_15s_cobertura_pct;<=;0,09196588699211758;adv_z_pre_15s_cobertura_pct|<=|0.091965887 && adv_z_pre_30s_bid_size_medio_soma|<=|-1.1483418566;adv_z_pre_15s_cobertura_pct + adv_z_pre_30s_bid_size_medio_soma;76,63420219072363;2,0;0,0;0,0;B;857485358e699dff;81;188;True;81
P7A_0003277;3;BIVARIADO;2;pre_30s_bid_size_medio_soma;<=;23,259852813852817;pre_30s_bid_size_medio_soma <= 23.2598528139 E adv_z_pre_15s_bid_size_medio_soma <= 0.152201305912;37548;666;0,017737296260786194;3750;199;3551;0,09987216363055289;0,053066666666666665;0,053066666666666665;0,2987987987987988;0,9037199718019631;2,9918126126126126;0,004000807885653407;0,42641733148919625;1,0;0,42641733148919625;0,029173419773095625;0,1053740779768177;5;41,25474804211123;adv_z_pre_15s_bid_size_medio_soma;<=;0,15220130591166872;adv_z_pre_15s_bid_size_medio_soma|<=|0.1522013059 && pre_30s_bid_size_medio_soma|<=|23.2598528139;adv_z_pre_15s_bid_size_medio_soma + pre_30s_bid_size_medio_soma;76,6308180577442;2,0;0,0;0,0;B;a687a629e61af24b;82;189;True;82
P7A_0003248;3;BIVARIADO;2;pre_30s_bid_size_medio_soma;<=;23,259852813852817;pre_30s_bid_size_medio_soma <= 23.2598528139 E pre_15s_cobertura_pct <= 0.866667;37548;666;0,017737296260786194;3746;199;3547;0,0997656333226803;0,053123331553657234;0,053123331553657234;0,2987987987987988;0,9038284257903585;2,9950072870521347;0,00400705442950175;0,42653108102659143;1,0;0,42653108102659143;0,02926829268292683;0,10548523206751055;5;41,261996389380414;pre_15s_cobertura_pct;<=;0,866667;pre_15s_cobertura_pct|<=|0.866667 && pre_30s_bid_size_medio_soma|<=|23.2598528139;pre_15s_cobertura_pct + pre_30s_bid_size_medio_soma;76,62648473584686;2,0;0,0;0,0;B;4924d2090a3be02c;83;190;True;83
P7A_0003249;3;BIVARIADO;2;pre_30s_bid_size_medio_soma;<=;23,259852813852817;pre_30s_bid_size_medio_soma <= 23.2598528139 E adv_z_pre_15s_cobertura_pct <= 0.0919658869921;37548;666;0,017737296260786194;3746;199;3547;0,0997656333226803;0,053123331553657234;0,053123331553657234;0,2987987987987988;0,9038284257903585;2,9950072870521347;0,00400705442950175;0,42653108102659143;1,0;0,42653108102659143;0,02926829268292683;0,10548523206751055;5;41,261996389380414;adv_z_pre_15s_cobertura_pct;<=;0,09196588699211758;adv_z_pre_15s_cobertura_pct|<=|0.091965887 && pre_30s_bid_size_medio_soma|<=|23.2598528139;adv_z_pre_15s_cobertura_pct + pre_30s_bid_size_medio_soma;76,62648473584686;2,0;0,0;0,0;B;9dfda12f4b635472;84;191;True;84
P7A_0003045;3;BIVARIADO;2;pre_60s_bid_size_medio_soma;<=;45,35483405483406;pre_60s_bid_size_medio_soma <= 45.3548340548 E adv_z_pre_15s_spread_medio > -0.409080208821;37548;666;0,017737296260786194;3427;186;3241;0,09126984126984126;0,05427487598482638;0,05427487598482638;0,27927927927927926;0,9121251559026083;3,059929494712103;0,003817310462081308;0,5015312110142329;1,0;0,5015312110142329;0,030476190476190476;0,09748427672955975;5;41,502489792895155;adv_z_pre_15s_spread_medio;>;-0,4090802088206798;adv_z_pre_15s_spread_medio|>|-0.4090802088 && pre_60s_bid_size_medio_soma|<=|45.3548340548;adv_z_pre_15s_spread_medio + pre_60s_bid_size_medio_soma;76,62474577699629;2,0;0,0;0,0;B;ac80e7808472b087;85;192;True;85
P7A_0003199;3;BIVARIADO;2;adv_z_pre_30s_bid_size_medio_soma;<=;-1,14834185664801;adv_z_pre_30s_bid_size_medio_soma <= -1.14834185665 E pre_60s_ask_size_medio_soma <= 99.8586307614;37548;666;0,017737296260786194;3741;199;3542;0,09963247043783957;0,053194333066025126;0,053194333066025126;0,2987987987987988;0,9039639932758528;2,999010237181849;0,004014875917733862;0,42675414532070033;1,0;0,42675414532070033;0,029173419773095625;0,10559662090813093;5;41,27233388288824;pre_60s_ask_size_medio_soma;<=;99,85863076137177;adv_z_pre_30s_bid_size_medio_soma|<=|-1.1483418566 && pre_60s_ask_size_medio_soma|<=|99.8586307614;adv_z_pre_30s_bid_size_medio_soma + pre_60s_ask_size_medio_soma;76,62285698672025;2,0;0,0;0,0;B;3da09b9a2527da34;86;193;True;86
P7A_0003200;3;BIVARIADO;2;adv_z_pre_30s_bid_size_medio_soma;<=;-1,14834185664801;adv_z_pre_30s_bid_size_medio_soma <= -1.14834185665 E adv_z_pre_60s_ask_size_medio_soma <= 0.591885463111;37548;666;0,017737296260786194;3741;199;3542;0,09963247043783957;0,053194333066025126;0,053194333066025126;0,2987987987987988;0,9039639932758528;2,999010237181849;0,004014875917733862;0,42675414532070033;1,0;0,42675414532070033;0,029173419773095625;0,10559662090813093;5;41,27233388288824;adv_z_pre_60s_ask_size_medio_soma;<=;0,5918854631106052;adv_z_pre_30s_bid_size_medio_soma|<=|-1.1483418566 && adv_z_pre_60s_ask_size_medio_soma|<=|0.5918854631;adv_z_pre_30s_bid_size_medio_soma + adv_z_pre_60s_ask_size_medio_soma;76,62285698672025;2,0;0,0;0,0;B;15ef5d53f7a83d12;87;194;True;87
P7A_0003191;3;BIVARIADO;2;pre_30s_bid_size_medio_soma;<=;23,259852813852817;pre_30s_bid_size_medio_soma <= 23.2598528139 E pre_60s_ask_size_medio_soma <= 99.8586307614;37548;666;0,017737296260786194;3737;199;3538;0,09952594012996697;0,053251271073053254;0,053251271073053254;0,2987987987987988;0,9040724472642482;3,0022203096861912;0,004021143779670458;0,4267174319841469;1,0;0,4267174319841469;0,029173419773095625;0,10570824524312897;5;41,27742770115129;pre_60s_ask_size_medio_soma;<=;99,85863076137177;pre_30s_bid_size_medio_soma|<=|23.2598528139 && pre_60s_ask_size_medio_soma|<=|99.8586307614;pre_30s_bid_size_medio_soma + pre_60s_ask_size_medio_soma;76,61519561996194;2,0;0,0;0,0;B;bbbf5bb0e140cff8;88;195;True;88
P7A_0003192;3;BIVARIADO;2;pre_30s_bid_size_medio_soma;<=;23,259852813852817;pre_30s_bid_size_medio_soma <= 23.2598528139 E adv_z_pre_60s_ask_size_medio_soma <= 0.591885463111;37548;666;0,017737296260786194;3737;199;3538;0,09952594012996697;0,053251271073053254;0,053251271073053254;0,2987987987987988;0,9040724472642482;3,0022203096861912;0,004021143779670458;0,4267174319841469;1,0;0,4267174319841469;0,029173419773095625;0,10570824524312897;5;41,27742770115129;adv_z_pre_60s_ask_size_medio_soma;<=;0,5918854631106052;adv_z_pre_60s_ask_size_medio_soma|<=|0.5918854631 && pre_30s_bid_size_medio_soma|<=|23.2598528139;adv_z_pre_60s_ask_size_medio_soma + pre_30s_bid_size_medio_soma;76,61519561996194;2,0;0,0;0,0;B;952cc03eee5ca890;89;196;True;89
P7A_0003250;3;BIVARIADO;2;adv_z_pre_30s_bid_size_medio_soma;<=;-1,14834185664801;adv_z_pre_30s_bid_size_medio_soma <= -1.14834185665 E pre_60s_ask_size_medio_soma <= 89.1242462025;37548;666;0,017737296260786194;3735;199;3536;0,09947267497603068;0,05327978580990629;0,05327978580990629;0,2987987987987988;0,9041266742584458;3,003827924309852;0,004024281274719557;0,4254758390065193;1,0;0,4254758390065193;0,029173419773095625;0,1059322033898305;5;41,261643213817095;pre_60s_ask_size_medio_soma;<=;89,12424620246007;adv_z_pre_30s_bid_size_medio_soma|<=|-1.1483418566 && pre_60s_ask_size_medio_soma|<=|89.1242462025;adv_z_pre_30s_bid_size_medio_soma + pre_60s_ask_size_medio_soma;76,5843085258798;2,0;0,0;0,0;B;f4e47757b558dfe8;90;201;True;90
P7A_0003251;3;BIVARIADO;2;adv_z_pre_30s_bid_size_medio_soma;<=;-1,14834185664801;adv_z_pre_30s_bid_size_medio_soma <= -1.14834185665 E adv_z_pre_60s_ask_size_medio_soma <= 0.226722088909;37548;666;0,017737296260786194;3735;199;3536;0,09947267497603068;0,05327978580990629;0,05327978580990629;0,2987987987987988;0,9041266742584458;3,003827924309852;0,004024281274719557;0,4254758390065193;1,0;0,4254758390065193;0,029173419773095625;0,1059322033898305;5;41,261643213817095;adv_z_pre_60s_ask_size_medio_soma;<=;0,22672208890913442;adv_z_pre_30s_bid_size_medio_soma|<=|-1.1483418566 && adv_z_pre_60s_ask_size_medio_soma|<=|0.2267220889;adv_z_pre_30s_bid_size_medio_soma + adv_z_pre_60s_ask_size_medio_soma;76,5843085258798;2,0;0,0;0,0;B;fb33edf177e99ed3;91;202;True;91
P7A_0003211;3;BIVARIADO;2;pre_30s_bid_size_medio_soma;<=;23,259852813852817;pre_30s_bid_size_medio_soma <= 23.2598528139 E pre_60s_ask_size_medio_soma <= 89.1242462025;37548;666;0,017737296260786194;3731;199;3532;0,09936614466815809;0,05333690699544358;0,05333690699544358;0,2987987987987988;0,9042351282468413;3,0070483241214947;0,004030563405680532;0,4254380247570678;1,0;0,4254380247570678;0,029173419773095625;0,10604453870625663;5;41,26678920204686;pre_60s_ask_size_medio_soma;<=;89,12424620246007;pre_30s_bid_size_medio_soma|<=|23.2598528139 && pre_60s_ask_size_medio_soma|<=|89.1242462025;pre_30s_bid_size_medio_soma + pre_60s_ask_size_medio_soma;76,57662280834698;2,0;0,0;0,0;B;c0b97bebc9446e2c;92;203;True;92
P7A_0003212;3;BIVARIADO;2;pre_30s_bid_size_medio_soma;<=;23,259852813852817;pre_30s_bid_size_medio_soma <= 23.2598528139 E adv_z_pre_60s_ask_size_medio_soma <= 0.226722088909;37548;666;0,017737296260786194;3731;199;3532;0,09936614466815809;0,05333690699544358;0,05333690699544358;0,2987987987987988;0,9042351282468413;3,0070483241214947;0,004030563405680532;0,4254380247570678;1,0;0,4254380247570678;0,029173419773095625;0,10604453870625663;5;41,26678920204686;adv_z_pre_60s_ask_size_medio_soma;<=;0,22672208890913442;adv_z_pre_60s_ask_size_medio_soma|<=|0.2267220889 && pre_30s_bid_size_medio_soma|<=|23.2598528139;adv_z_pre_60s_ask_size_medio_soma + pre_30s_bid_size_medio_soma;76,57662280834698;2,0;0,0;0,0;B;d663fe66c3911d33;93;204;True;93
P7A_0002890;3;BIVARIADO;2;adv_z_pre_60s_bid_size_medio_soma;<=;-1,2682633210482845;adv_z_pre_60s_bid_size_medio_soma <= -1.26826332105 E pre_60s_ask_size_medio_soma <= 74.7658730159;37548;666;0,017737296260786194;3736;197;3539;0,09949930755299882;0,052730192719486084;0,052730192719486084;0,2957957957957958;0,9040453337671492;2,972842757103999;0,003916426509588858;0,47071420763232996;1,0;0,47071420763232996;0,02823920265780731;0,0992835209825998;5;41,728384584484246;pre_60s_ask_size_medio_soma;<=;74,76587301587301;adv_z_pre_60s_bid_size_medio_soma|<=|-1.268263321 && pre_60s_ask_size_medio_soma|<=|74.7658730159;adv_z_pre_60s_bid_size_medio_soma + pre_60s_ask_size_medio_soma;76,55147806025076;2,0;0,0;0,0;B;27cb02a23dfc92d6;94;207;True;94
P7A_0002891;3;BIVARIADO;2;adv_z_pre_60s_bid_size_medio_soma;<=;-1,2682633210482845;adv_z_pre_60s_bid_size_medio_soma <= -1.26826332105 E adv_z_pre_60s_ask_size_medio_soma <= -0.259737147394;37548;666;0,017737296260786194;3736;197;3539;0,09949930755299882;0,052730192719486084;0,052730192719486084;0,2957957957957958;0,9040453337671492;2,972842757103999;0,003916426509588858;0,47071420763232996;1,0;0,47071420763232996;0,02823920265780731;0,0992835209825998;5;41,728384584484246;adv_z_pre_60s_ask_size_medio_soma;<=;-0,2597371473943595;adv_z_pre_60s_ask_size_medio_soma|<=|-0.2597371474 && adv_z_pre_60s_bid_size_medio_soma|<=|-1.268263321;adv_z_pre_60s_ask_size_medio_soma + adv_z_pre_60s_bid_size_medio_soma;76,55147806025076;2,0;0,0;0,0;B;8c11d58c2274c83a;95;208;True;95
P7A_0003326;3;BIVARIADO;2;pre_120s_bid_size_medio_soma;<=;144,33651532120126;pre_120s_bid_size_medio_soma <= 144.336515321 E pre_30s_bid_size_medio_soma <= 23.2598528139;37548;666;0,017737296260786194;3725;198;3527;0,0992063492063492;0,05315436241610738;0,05315436241610738;0,2972972972972973;0,9043706957323355;2,996756756756757;0,00398658521267263;0,4255580431413125;1,0;0,4255580431413125;0,029459901800327332;0,10548523206751055;5;41,17171041091618;pre_30s_bid_size_medio_soma;<=;23,259852813852817;pre_120s_bid_size_medio_soma|<=|144.3365153212 && pre_30s_bid_size_medio_soma|<=|23.2598528139;pre_120s_bid_size_medio_soma + pre_30s_bid_size_medio_soma;76,49967197840003;2,0;0,0;0,0;B;e20bea97a76d3b81;96;209;True;96
P7A_0003327;3;BIVARIADO;2;adv_z_pre_120s_bid_size_medio_soma;<=;-0,34185837757354814;adv_z_pre_120s_bid_size_medio_soma <= -0.341858377574 E pre_30s_bid_size_medio_soma <= 23.2598528139;37548;666;0,017737296260786194;3725;198;3527;0,0992063492063492;0,05315436241610738;0,05315436241610738;0,2972972972972973;0,9043706957323355;2,996756756756757;0,00398658521267263;0,4255580431413125;1,0;0,4255580431413125;0,029459901800327332;0,10548523206751055;5;41,17171041091618;pre_30s_bid_size_medio_soma;<=;23,259852813852817;adv_z_pre_120s_bid_size_medio_soma|<=|-0.3418583776 && pre_30s_bid_size_medio_soma|<=|23.2598528139;adv_z_pre_120s_bid_size_medio_soma + pre_30s_bid_size_medio_soma;76,49967197840003;2,0;0,0;0,0;B;a47a1e5f4acf4fbe;97;210;True;97
P7A_0003330;3;BIVARIADO;2;pre_120s_bid_size_medio_soma;<=;144,33651532120126;pre_120s_bid_size_medio_soma <= 144.336515321 E adv_z_pre_30s_bid_size_medio_soma <= -1.14834185665;37548;666;0,017737296260786194;3729;198;3531;0,0993128795142218;0,05309734513274336;0,05309734513274336;0,2972972972972973;0,9042622417439401;2,9935422147811526;0,003980336931753134;0,42559740858078166;1,0;0,42559740858078166;0,029459901800327332;0,1053740779768177;5;41,16663051261346;adv_z_pre_30s_bid_size_medio_soma;<=;-1,14834185664801;adv_z_pre_30s_bid_size_medio_soma|<=|-1.1483418566 && pre_120s_bid_size_medio_soma|<=|144.3365153212;adv_z_pre_30s_bid_size_medio_soma + pre_120s_bid_size_medio_soma;76,47947167148389;2,0;0,0;0,0;B;fbf07b8e7229c446;98;211;True;98
P7A_0003331;3;BIVARIADO;2;adv_z_pre_120s_bid_size_medio_soma;<=;-0,34185837757354814;adv_z_pre_120s_bid_size_medio_soma <= -0.341858377574 E adv_z_pre_30s_bid_size_medio_soma <= -1.14834185665;37548;666;0,017737296260786194;3729;198;3531;0,0993128795142218;0,05309734513274336;0,05309734513274336;0,2972972972972973;0,9042622417439401;2,9935422147811526;0,003980336931753134;0,42559740858078166;1,0;0,42559740858078166;0,029459901800327332;0,1053740779768177;5;41,16663051261346;adv_z_pre_30s_bid_size_medio_soma;<=;-1,14834185664801;adv_z_pre_120s_bid_size_medio_soma|<=|-0.3418583776 && adv_z_pre_30s_bid_size_medio_soma|<=|-1.1483418566;adv_z_pre_120s_bid_size_medio_soma + adv_z_pre_30s_bid_size_medio_soma;76,47947167148389;2,0;0,0;0,0;B;1b1e9f5e49a8db5d;99;212;True;99
P7A_0003292;3;BIVARIADO;2;adv_120s_range_por_tick;>;0,7527605522882128;adv_120s_range_por_tick > 0.752760552288 E pre_30s_bid_size_medio_soma <= 23.2598528139;37548;666;0,017737296260786194;3741;198;3543;0,09963247043783957;0,05292702485966319;0,05292702485966319;0,2972972972972973;0,9039368797787538;2,98393983397993;0,003961649005345735;0,43000205100190203;1,0;0,43000205100190203;0,029173419773095625;0,1048728813559322;5;41,21596330687749;pre_30s_bid_size_medio_soma;<=;23,259852813852817;adv_120s_range_por_tick|>|0.7527605523 && pre_30s_bid_size_medio_soma|<=|23.2598528139;adv_120s_range_por_tick + pre_30s_bid_size_medio_soma;76,35161341825011;2,0;0,0;0,0;B;d6b03d6dae239dbd;100;214;True;100
P7A_0005603;4;BIVARIADO;2;pre_120s_volume_incremento_soma;<=;94,0;pre_120s_volume_incremento_soma <= 94 E adv_z_pre_30s_ask_size_medio_soma > -1.09177401319;5965;176;0,02950544844928751;73;8;65;0,012238055322715843;0,1095890410958904;0,1095890410958904;0,045454545454545456;0,988771808602522;3,7141967621419676;0,001209718514445901;0,8626961495459354;1,0;0,8626961495459354;0,09090909090909091;0,125;5;39,98251491901236;adv_z_pre_30s_ask_size_medio_soma;>;-1,0917740131923312;adv_z_pre_30s_ask_size_medio_soma|>|-1.0917740132 && pre_120s_volume_incremento_soma|<=|94.0;adv_z_pre_30s_ask_size_medio_soma + pre_120s_volume_incremento_soma;82,88771038455747;2,0;0,0;0,0;B;bc274932c9183ca3;1;1;True;1
P7A_0005604;4;BIVARIADO;2;adv_z_pre_120s_volume_incremento_soma;<=;-0,9168793519289545;adv_z_pre_120s_volume_incremento_soma <= -0.916879351929 E adv_z_pre_30s_ask_size_medio_soma > -1.09177401319;5965;176;0,02950544844928751;73;8;65;0,012238055322715843;0,1095890410958904;0,1095890410958904;0,045454545454545456;0,988771808602522;3,7141967621419676;0,001209718514445901;0,8626961495459354;1,0;0,8626961495459354;0,09090909090909091;0,125;5;39,98251491901236;adv_z_pre_30s_ask_size_medio_soma;>;-1,0917740131923312;adv_z_pre_120s_volume_incremento_soma|<=|-0.9168793519 && adv_z_pre_30s_ask_size_medio_soma|>|-1.0917740132;adv_z_pre_120s_volume_incremento_soma + adv_z_pre_30s_ask_size_medio_soma;82,88771038455747;2,0;0,0;0,0;B;0ca7fc45c5254136;2;2;True;2
P7A_0005635;4;BIVARIADO;2;pre_60s_ticks_max_s;<=;18,0;pre_60s_ticks_max_s <= 18 E adv_z_pre_15s_agressor_venda > -0.636520646589;5965;176;0,02950544844928751;509;26;483;0,08533109807208718;0,05108055009823183;0,05108055009823183;0,14772727272727273;0,9165659008464329;1,7312243257724593;0,0009204171567112895;0,9008794850949347;1,0;0,9008794850949347;0,045454545454545456;0,057971014492753624;5;38,11527926783433;adv_z_pre_15s_agressor_venda;>;-0,6365206465889295;adv_z_pre_15s_agressor_venda|>|-0.6365206466 && pre_60s_ticks_max_s|<=|18.0;adv_z_pre_15s_agressor_venda + pre_60s_ticks_max_s;82,1234169873074;2,0;0,0;0,0;B;8f41091e90f5ed5d;3;3;True;3
P7A_0005636;4;BIVARIADO;2;adv_z_pre_60s_ticks_max_s;<=;-0,7822262791881286;adv_z_pre_60s_ticks_max_s <= -0.782226279188 E adv_z_pre_15s_agressor_venda > -0.636520646589;5965;176;0,02950544844928751;509;26;483;0,08533109807208718;0,05108055009823183;0,05108055009823183;0,14772727272727273;0,9165659008464329;1,7312243257724593;0,0009204171567112895;0,9008794850949347;1,0;0,9008794850949347;0,045454545454545456;0,057971014492753624;5;38,11527926783433;adv_z_pre_15s_agressor_venda;>;-0,6365206465889295;adv_z_pre_15s_agressor_venda|>|-0.6365206466 && adv_z_pre_60s_ticks_max_s|<=|-0.7822262792;adv_z_pre_15s_agressor_venda + adv_z_pre_60s_ticks_max_s;82,1234169873074;2,0;0,0;0,0;B;eb91bb97f933d165;4;4;True;4
P7A_0005880;4;BIVARIADO;2;adv_ratio_volatilidade_close_pontos_15s_60s;>;1,1013898335868393;adv_ratio_volatilidade_close_pontos_15s_60s > 1.10138983359 E pre_60s_bid_size_medio_soma <= 70.8283189033;5965;176;0,02950544844928751;772;38;734;0,1294216261525566;0,04922279792746114;0,04922279792746114;0,2159090909090909;0,8732078079115564;1,6682613047574189;0,0012545367481389125;0,7285420925149706;1,0;0,7285420925149706;0,03289473684210526;0,06622516556291391;5;37,35644967667644;pre_60s_bid_size_medio_soma;<=;70,82831890331889;adv_ratio_volatilidade_close_pontos_15s_60s|>|1.1013898336 && pre_60s_bid_size_medio_soma|<=|70.8283189033;adv_ratio_volatilidade_close_pontos_15s_60s + pre_60s_bid_size_medio_soma;81,82056677106002;2,0;0,0;0,0;B;64f7be04f486cc39;5;5;True;5
P7A_0005881;4;BIVARIADO;2;adv_ratio_volatilidade_close_pontos_15s_60s;>;1,1013898335868393;adv_ratio_volatilidade_close_pontos_15s_60s > 1.10138983359 E adv_z_pre_60s_bid_size_medio_soma <= -0.389523964297;5965;176;0,02950544844928751;772;38;734;0,1294216261525566;0,04922279792746114;0,04922279792746114;0,2159090909090909;0,8732078079115564;1,6682613047574189;0,0012545367481389125;0,7285420925149706;1,0;0,7285420925149706;0,03289473684210526;0,06622516556291391;5;37,35644967667644;adv_z_pre_60s_bid_size_medio_soma;<=;-0,3895239642973499;adv_ratio_volatilidade_close_pontos_15s_60s|>|1.1013898336 && adv_z_pre_60s_bid_size_medio_soma|<=|-0.3895239643;adv_ratio_volatilidade_close_pontos_15s_60s + adv_z_pre_60s_bid_size_medio_soma;81,82056677106002;2,0;0,0;0,0;B;faa6910baad04046;6;6;True;6
P7A_0006693;4;BIVARIADO;2;adv_ratio_volatilidade_close_pontos_15s_60s;>;1,2948704724041395;adv_ratio_volatilidade_close_pontos_15s_60s > 1.2948704724 E pre_120s_ticks_total <= 2032;5965;176;0,02950544844928751;486;26;460;0,08147527242246437;0,053497942386831275;0,053497942386831275;0,14772727272727273;0,9205389531870789;1,8131546950991395;0,0010643168472461162;0,7941294850730587;1,0;0,7941294850730587;0,039473684210526314;0,06315789473684211;5;36,509257396818064;pre_120s_ticks_total;<=;2032,0;adv_ratio_volatilidade_close_pontos_15s_60s|>|1.2948704724 && pre_120s_ticks_total|<=|2032.0;adv_ratio_volatilidade_close_pontos_15s_60s + pre_120s_ticks_total;81,3694990072712;2,0;0,0;0,0;B;06218f5496ce6bdd;7;9;True;7
P7A_0006694;4;BIVARIADO;2;adv_ratio_volatilidade_close_pontos_15s_60s;>;1,2948704724041395;adv_ratio_volatilidade_close_pontos_15s_60s > 1.2948704724 E adv_z_pre_120s_ticks_total <= -0.17715809206;5965;176;0,02950544844928751;486;26;460;0,08147527242246437;0,053497942386831275;0,053497942386831275;0,14772727272727273;0,9205389531870789;1,8131546950991395;0,0010643168472461162;0,7941294850730587;1,0;0,7941294850730587;0,039473684210526314;0,06315789473684211;5;36,509257396818064;adv_z_pre_120s_ticks_total;<=;-0,17715809206023134;adv_ratio_volatilidade_close_pontos_15s_60s|>|1.2948704724 && adv_z_pre_120s_ticks_total|<=|-0.1771580921;adv_ratio_volatilidade_close_pontos_15s_60s + adv_z_pre_120s_ticks_total;81,3694990072712;2,0;0,0;0,0;B;9c601ddb5dacec11;8;10;True;8
P7A_0006741;4;BIVARIADO;2;pre_60s_ticks_max_s;<=;11,0;pre_60s_ticks_max_s <= 11 E adv_ratio_volatilidade_close_pontos_15s_60s > 0.548921299091;5965;176;0,02950544844928751;462;24;438;0,07745180217937972;0,05194805194805195;0,05194805194805195;0,13636363636363635;0,9243392641216099;1,7606257378984653;0,0008892692392712676;0,8572463509728969;1,0;0,8572463509728969;0,04;0,0625;5;36,47231170348319;adv_ratio_volatilidade_close_pontos_15s_60s;>;0,548921299091041;adv_ratio_volatilidade_close_pontos_15s_60s|>|0.5489212991 && pre_60s_ticks_max_s|<=|11.0;adv_ratio_volatilidade_close_pontos_15s_60s + pre_60s_ticks_max_s;80,68137285044172;2,0;0,0;0,0;B;82bf88b98a690a5e;9;11;True;9
P7A_0006742;4;BIVARIADO;2;adv_z_pre_60s_ticks_max_s;<=;-0,8592329042829405;adv_z_pre_60s_ticks_max_s <= -0.859232904283 E adv_ratio_volatilidade_close_pontos_15s_60s > 0.548921299091;5965;176;0,02950544844928751;462;24;438;0,07745180217937972;0,05194805194805195;0,05194805194805195;0,13636363636363635;0,9243392641216099;1,7606257378984653;0,0008892692392712676;0,8572463509728969;1,0;0,8572463509728969;0,04;0,0625;5;36,47231170348319;adv_ratio_volatilidade_close_pontos_15s_60s;>;0,548921299091041;adv_ratio_volatilidade_close_pontos_15s_60s|>|0.5489212991 && adv_z_pre_60s_ticks_max_s|<=|-0.8592329043;adv_ratio_volatilidade_close_pontos_15s_60s + adv_z_pre_60s_ticks_max_s;80,68137285044172;2,0;0,0;0,0;B;bb621dfa7c8e5c37;10;12;True;10
P7A_0007134;4;BIVARIADO;2;adv_ratio_volatilidade_close_pontos_15s_60s;>;1,2948704724041395;adv_ratio_volatilidade_close_pontos_15s_60s > 1.2948704724 E pre_120s_volume_incremento_soma <= 1462;5965;176;0,02950544844928751;478;25;453;0,08013411567476948;0,05230125523012552;0,05230125523012552;0,14204545454545456;0,9217481430298843;1,7725965195891973;0,000950527172231902;0,8104518489558828;1,0;0,8104518489558828;0,039473684210526314;0,06382978723404255;5;36,26258465967677;pre_120s_volume_incremento_soma;<=;1462,0;adv_ratio_volatilidade_close_pontos_15s_60s|>|1.2948704724 && pre_120s_volume_incremento_soma|<=|1462.0;adv_ratio_volatilidade_close_pontos_15s_60s + pre_120s_volume_incremento_soma;80,58121306644176;2,0;0,0;0,0;B;59b3e2fedaf444e2;11;14;True;11
P7A_0007135;4;BIVARIADO;2;adv_ratio_volatilidade_close_pontos_15s_60s;>;1,2948704724041395;adv_ratio_volatilidade_close_pontos_15s_60s > 1.2948704724 E adv_z_pre_120s_volume_incremento_soma <= -0.0953700940488;5965;176;0,02950544844928751;478;25;453;0,08013411567476948;0,05230125523012552;0,05230125523012552;0,14204545454545456;0,9217481430298843;1,7725965195891973;0,000950527172231902;0,8104518489558828;1,0;0,8104518489558828;0,039473684210526314;0,06382978723404255;5;36,26258465967677;adv_z_pre_120s_volume_incremento_soma;<=;-0,09537009404880883;adv_ratio_volatilidade_close_pontos_15s_60s|>|1.2948704724 && adv_z_pre_120s_volume_incremento_soma|<=|-0.095370094;adv_ratio_volatilidade_close_pontos_15s_60s + adv_z_pre_120s_volume_incremento_soma;80,58121306644176;2,0;0,0;0,0;B;0705bfb5e85e7e80;12;15;True;12
P7A_0006427;4;BIVARIADO;2;adv_ratio_volatilidade_close_pontos_15s_60s;>;1,2948704724041395;adv_ratio_volatilidade_close_pontos_15s_60s > 1.2948704724 E pre_60s_ticks_incremento_media <= 149.166666667;5965;176;0,02950544844928751;499;29;470;0,08365465213746856;0,05811623246492986;0,05811623246492986;0,16477272727272727;0,9188115391259285;1,9696779923483332;0,0015151616856690087;0,7076085272564185;1,0;0,7076085272564185;0,0380952380952381;0,08333333333333333;5;36,66057374803016;pre_60s_ticks_incremento_media;<=;149,16666666666666;adv_ratio_volatilidade_close_pontos_15s_60s|>|1.2948704724 && pre_60s_ticks_incremento_media|<=|149.1666666667;adv_ratio_volatilidade_close_pontos_15s_60s + pre_60s_ticks_incremento_media;79,55763759925144;2,0;0,0;0,0;B;f7be68aadf84ef96;13;19;True;13
P7A_0006428;4;BIVARIADO;2;adv_ratio_volatilidade_close_pontos_15s_60s;>;1,2948704724041395;adv_ratio_volatilidade_close_pontos_15s_60s > 1.2948704724 E adv_z_pre_60s_ticks_incremento_media <= -0.0957484574167;5965;176;0,02950544844928751;499;29;470;0,08365465213746856;0,05811623246492986;0,05811623246492986;0,16477272727272727;0,9188115391259285;1,9696779923483332;0,0015151616856690087;0,7076085272564185;1,0;0,7076085272564185;0,0380952380952381;0,08333333333333333;5;36,66057374803016;adv_z_pre_60s_ticks_incremento_media;<=;-0,09574845741668699;adv_ratio_volatilidade_close_pontos_15s_60s|>|1.2948704724 && adv_z_pre_60s_ticks_incremento_media|<=|-0.0957484574;adv_ratio_volatilidade_close_pontos_15s_60s + adv_z_pre_60s_ticks_incremento_media;79,55763759925144;2,0;0,0;0,0;B;0d7bf836d1462180;14;20;True;14
P7A_0005623;4;BIVARIADO;2;pre_60s_ticks_max_s;<=;11,0;pre_60s_ticks_max_s <= 11 E pre_15s_ticks_max_s <= 10;5965;176;0,02950544844928751;597;29;568;0,10008382229673093;0,048576214405360134;0,048576214405360134;0,16477272727272727;0,901882881326654;1,6463472666362113;0,0008748991485615365;0,8113503434260552;1,0;0,8113503434260552;0,03571428571428571;0,06206896551724138;5;38,393978983626326;pre_15s_ticks_max_s;<=;10,0;pre_15s_ticks_max_s|<=|10.0 && pre_60s_ticks_max_s|<=|11.0;pre_15s_ticks_max_s + pre_60s_ticks_max_s;79,31691814612057;2,0;0,0;0,0;B;9fe6b48ddf8e32f2;15;21;True;15
P7A_0005624;4;BIVARIADO;2;pre_60s_ticks_max_s;<=;11,0;pre_60s_ticks_max_s <= 11 E adv_z_pre_15s_ticks_max_s <= -0.697526788593;5965;176;0,02950544844928751;597;29;568;0,10008382229673093;0,048576214405360134;0,048576214405360134;0,16477272727272727;0,901882881326654;1,6463472666362113;0,0008748991485615365;0,8113503434260552;1,0;0,8113503434260552;0,03571428571428571;0,06206896551724138;5;38,393978983626326;adv_z_pre_15s_ticks_max_s;<=;-0,6975267885931464;adv_z_pre_15s_ticks_max_s|<=|-0.6975267886 && pre_60s_ticks_max_s|<=|11.0;adv_z_pre_15s_ticks_max_s + pre_60s_ticks_max_s;79,31691814612057;2,0;0,0;0,0;B;a559b11c7e873d56;16;22;True;16
P7A_0005625;4;BIVARIADO;2;adv_z_pre_60s_ticks_max_s;<=;-0,8592329042829405;adv_z_pre_60s_ticks_max_s <= -0.859232904283 E pre_15s_ticks_max_s <= 10;5965;176;0,02950544844928751;597;29;568;0,10008382229673093;0,048576214405360134;0,048576214405360134;0,16477272727272727;0,901882881326654;1,6463472666362113;0,0008748991485615365;0,8113503434260552;1,0;0,8113503434260552;0,03571428571428571;0,06206896551724138;5;38,393978983626326;pre_15s_ticks_max_s;<=;10,0;adv_z_pre_60s_ticks_max_s|<=|-0.8592329043 && pre_15s_ticks_max_s|<=|10.0;adv_z_pre_60s_ticks_max_s + pre_15s_ticks_max_s;79,31691814612057;2,0;0,0;0,0;B;3a9d42008fa5eb5d;17;23;True;17
P7A_0005626;4;BIVARIADO;2;adv_z_pre_60s_ticks_max_s;<=;-0,8592329042829405;adv_z_pre_60s_ticks_max_s <= -0.859232904283 E adv_z_pre_15s_ticks_max_s <= -0.697526788593;5965;176;0,02950544844928751;597;29;568;0,10008382229673093;0,048576214405360134;0,048576214405360134;0,16477272727272727;0,901882881326654;1,6463472666362113;0,0008748991485615365;0,8113503434260552;1,0;0,8113503434260552;0,03571428571428571;0,06206896551724138;5;38,393978983626326;adv_z_pre_15s_ticks_max_s;<=;-0,6975267885931464;adv_z_pre_15s_ticks_max_s|<=|-0.6975267886 && adv_z_pre_60s_ticks_max_s|<=|-0.8592329043;adv_z_pre_15s_ticks_max_s + adv_z_pre_60s_ticks_max_s;79,31691814612057;2,0;0,0;0,0;B;36f720b153a1b9b9;18;24;True;18
P7A_0006156;4;BIVARIADO;2;adv_ratio_range_pontos_15s_60s;>;0,8205128205119789;adv_ratio_range_pontos_15s_60s > 0.820512820512 E pre_60s_ticks_incremento_media <= 310.260606061;5965;176;0,02950544844928751;548;30;518;0,09186923721709975;0,05474452554744526;0,05474452554744526;0,17045454545454544;0,9105199516324063;1,8554039482415396;0,0013370382212379017;0,6882938826954212;1,0;0,6882938826954212;0,038834951456310676;0,08148148148148149;5;36,80638638431733;pre_60s_ticks_incremento_media;<=;310,26060606060616;adv_ratio_range_pontos_15s_60s|>|0.8205128205 && pre_60s_ticks_incremento_media|<=|310.2606060606;adv_ratio_range_pontos_15s_60s + pre_60s_ticks_incremento_media;79,23386650734358;2,0;0,0;0,0;B;cd7344a055877fea;19;25;True;19
P7A_0006157;4;BIVARIADO;2;adv_ratio_range_pontos_15s_60s;>;0,8205128205119789;adv_ratio_range_pontos_15s_60s > 0.820512820512 E adv_z_pre_60s_ticks_incremento_media <= 0.479128600408;5965;176;0,02950544844928751;548;30;518;0,09186923721709975;0,05474452554744526;0,05474452554744526;0,17045454545454544;0,9105199516324063;1,8554039482415396;0,0013370382212379017;0,6882938826954212;1,0;0,6882938826954212;0,038834951456310676;0,08148148148148149;5;36,80638638431733;adv_z_pre_60s_ticks_incremento_media;<=;0,47912860040750316;adv_ratio_range_pontos_15s_60s|>|0.8205128205 && adv_z_pre_60s_ticks_incremento_media|<=|0.4791286004;adv_ratio_range_pontos_15s_60s + adv_z_pre_60s_ticks_incremento_media;79,23386650734358;2,0;0,0;0,0;B;36ad10b9d205b4a1;20;26;True;20
P7A_0005827;4;BIVARIADO;2;adv_ratio_range_pontos_15s_60s;>;0,8205128205119789;adv_ratio_range_pontos_15s_60s > 0.820512820512 E adv_ratio_volatilidade_close_pontos_15s_60s > 0.723015913613;5965;176;0,02950544844928751;540;32;508;0,09052808046940486;0,05925925925925926;0,05925925925925926;0,18181818181818182;0,9122473656935568;2,0084175084175087;0,0017791697863532296;0,6751410467024557;1,0;0,6751410467024557;0,041666666666666664;0,09090909090909091;5;37,505189770887085;adv_ratio_volatilidade_close_pontos_15s_60s;>;0,7230159136131564;adv_ratio_range_pontos_15s_60s|>|0.8205128205 && adv_ratio_volatilidade_close_pontos_15s_60s|>|0.7230159136;adv_ratio_range_pontos_15s_60s + adv_ratio_volatilidade_close_pontos_15s_60s;79,15042702986109;2,0;0,0;0,0;B;bbf7818922ecdd9f;21;27;True;21
P7A_0005697;4;BIVARIADO;2;adv_ratio_range_pontos_15s_60s;>;0,8205128205119789;adv_ratio_range_pontos_15s_60s > 0.820512820512 E adv_ratio_volatilidade_close_pontos_15s_60s > 0.917525524778;5965;176;0,02950544844928751;483;32;451;0,0809723386420788;0,06625258799171843;0,06625258799171843;0,18181818181818182;0,9220936258421144;2,2454357236965934;0,002301866980069761;0,6649715318546304;1,0;0,6649715318546304;0,046875;0,10344827586206896;5;37,594632863114256;adv_ratio_volatilidade_close_pontos_15s_60s;>;0,9175255247781825;adv_ratio_range_pontos_15s_60s|>|0.8205128205 && adv_ratio_volatilidade_close_pontos_15s_60s|>|0.9175255248;adv_ratio_range_pontos_15s_60s + adv_ratio_volatilidade_close_pontos_15s_60s;78,92525240218822;2,0;0,0;0,0;B;fda613f6b99cb6d2;22;28;True;22
P7A_0005886;4;BIVARIADO;2;adv_ratio_range_pontos_15s_60s;>;0,8205128205119789;adv_ratio_range_pontos_15s_60s > 0.820512820512 E adv_ratio_volatilidade_close_pontos_15s_60s > 0.548921299091;5965;176;0,02950544844928751;569;32;537;0,09538977367979883;0,056239015817223195;0,056239015817223195;0,18181818181818182;0,9072378649162204;1,9060552803962294;0,0015513524668923084;0,6632888029800879;1,0;0,6632888029800879;0,03896103896103896;0,08823529411764706;5;37,33280804451295;adv_ratio_volatilidade_close_pontos_15s_60s;>;0,548921299091041;adv_ratio_range_pontos_15s_60s|>|0.8205128205 && adv_ratio_volatilidade_close_pontos_15s_60s|>|0.5489212991;adv_ratio_range_pontos_15s_60s + adv_ratio_volatilidade_close_pontos_15s_60s;78,91280711171866;2,0;0,0;0,0;B;65632746d67b475e;23;29;True;23
P7A_0007288;4;BIVARIADO;2;adv_ratio_volatilidade_close_pontos_15s_60s;>;1,2948704724041395;adv_ratio_volatilidade_close_pontos_15s_60s > 1.2948704724 E pre_120s_ticks_max_s <= 317;5965;176;0,02950544844928751;553;29;524;0,09270746018440905;0,05244122965641953;0,05244122965641953;0,16477272727272727;0,909483503195716;1,7773405392076278;0,0011316442728964982;0,6744944640473924;1,0;0,6744944640473924;0,030927835051546393;0,07751937984496124;5;36,16835660596297;pre_120s_ticks_max_s;<=;317,0;adv_ratio_volatilidade_close_pontos_15s_60s|>|1.2948704724 && pre_120s_ticks_max_s|<=|317.0;adv_ratio_volatilidade_close_pontos_15s_60s + pre_120s_ticks_max_s;78,82442200682596;2,0;0,0;0,0;B;95df290c4faf43e7;24;32;True;24
P7A_0007289;4;BIVARIADO;2;adv_ratio_volatilidade_close_pontos_15s_60s;>;1,2948704724041395;adv_ratio_volatilidade_close_pontos_15s_60s > 1.2948704724 E adv_z_pre_120s_ticks_max_s <= 2.00884241847;5965;176;0,02950544844928751;553;29;524;0,09270746018440905;0,05244122965641953;0,05244122965641953;0,16477272727272727;0,909483503195716;1,7773405392076278;0,0011316442728964982;0,6744944640473924;1,0;0,6744944640473924;0,030927835051546393;0,07751937984496124;5;36,16835660596297;adv_z_pre_120s_ticks_max_s;<=;2,0088424184660627;adv_ratio_volatilidade_close_pontos_15s_60s|>|1.2948704724 && adv_z_pre_120s_ticks_max_s|<=|2.0088424185;adv_ratio_volatilidade_close_pontos_15s_60s + adv_z_pre_120s_ticks_max_s;78,82442200682596;2,0;0,0;0,0;B;f15ce2d2dbdecee1;25;33;True;25
P7A_0006696;4;BIVARIADO;2;adv_ratio_volatilidade_close_pontos_15s_60s;>;1,2948704724041395;adv_ratio_volatilidade_close_pontos_15s_60s > 1.2948704724 E adv_delta_spread_minimo_15s_30s <= 0.208333333333;5965;176;0,02950544844928751;521;30;491;0,08734283319362951;0,05758157389635317;0,05758157389635317;0,17045454545454544;0,9151839695975125;1,9515573198394696;0,0015363644277733846;0,668328865295334;1,0;0,668328865295334;0,034482758620689655;0,0873015873015873;5;36,50569588908609;adv_delta_spread_minimo_15s_30s;<=;0,20833333333333337;adv_delta_spread_minimo_15s_30s|<=|0.2083333333 && adv_ratio_volatilidade_close_pontos_15s_60s|>|1.2948704724;adv_delta_spread_minimo_15s_30s + adv_ratio_volatilidade_close_pontos_15s_60s;78,79179867747969;2,0;0,0;0,0;B;093295ea6b00ab1a;26;34;True;26
P7A_0007512;4;BIVARIADO;2;adv_ratio_volatilidade_close_pontos_15s_60s;>;1,2948704724041395;adv_ratio_volatilidade_close_pontos_15s_60s > 1.2948704724 E pre_60s_cobertura_segundos <= 59;5965;176;0,02950544844928751;494;25;469;0,08281642917015926;0,05060728744939271;0,05060728744939271;0,14204545454545456;0,9189842805320435;1,7151844865660655;0,0008542903997227069;0,7953719569462194;1,0;0,7953719569462194;0,0375;0,06315789473684211;5;36,03747639530679;pre_60s_cobertura_segundos;<=;59,0;adv_ratio_volatilidade_close_pontos_15s_60s|>|1.2948704724 && pre_60s_cobertura_segundos|<=|59.0;adv_ratio_volatilidade_close_pontos_15s_60s + pre_60s_cobertura_segundos;78,77689526005231;2,0;0,0;0,0;B;5e0efbfdda77a905;27;35;True;27
P7A_0007513;4;BIVARIADO;2;adv_ratio_volatilidade_close_pontos_15s_60s;>;1,2948704724041395;adv_ratio_volatilidade_close_pontos_15s_60s > 1.2948704724 E adv_z_pre_60s_cobertura_segundos <= 0.648375060361;5965;176;0,02950544844928751;494;25;469;0,08281642917015926;0,05060728744939271;0,05060728744939271;0,14204545454545456;0,9189842805320435;1,7151844865660655;0,0008542903997227069;0,7953719569462194;1,0;0,7953719569462194;0,0375;0,06315789473684211;5;36,03747639530679;adv_z_pre_60s_cobertura_segundos;<=;0,64837506036106;adv_ratio_volatilidade_close_pontos_15s_60s|>|1.2948704724 && adv_z_pre_60s_cobertura_segundos|<=|0.6483750604;adv_ratio_volatilidade_close_pontos_15s_60s + adv_z_pre_60s_cobertura_segundos;78,77689526005231;2,0;0,0;0,0;B;3c2634afcb8509fd;28;36;True;28
P7A_0005926;4;BIVARIADO;2;adv_ratio_range_pontos_15s_60s;>;0,8205128205119789;adv_ratio_range_pontos_15s_60s > 0.820512820512 E pre_15s_cobertura_pct <= 1;5965;176;0,02950544844928751;592;32;560;0,09924559932942163;0,05405405405405406;0,05405405405405406;0,18181818181818182;0,9032648125755743;1,8320024570024571;0,0013866786226880423;0,6503243831263217;1,0;0,6503243831263217;0,0375;0,08633093525179857;5;37,19307353307737;pre_15s_cobertura_pct;<=;1,0;adv_ratio_range_pontos_15s_60s|>|0.8205128205 && pre_15s_cobertura_pct|<=|1.0;adv_ratio_range_pontos_15s_60s + pre_15s_cobertura_pct;78,72086729321498;2,0;0,0;0,0;B;f59ddd0b02658417;29;37;True;29
P7A_0005927;4;BIVARIADO;2;adv_ratio_range_pontos_15s_60s;>;0,8205128205119789;adv_ratio_range_pontos_15s_60s > 0.820512820512 E adv_z_pre_15s_cobertura_pct <= 0.663725833062;5965;176;0,02950544844928751;592;32;560;0,09924559932942163;0,05405405405405406;0,05405405405405406;0,18181818181818182;0,9032648125755743;1,8320024570024571;0,0013866786226880423;0,6503243831263217;1,0;0,6503243831263217;0,0375;0,08633093525179857;5;37,19307353307737;adv_z_pre_15s_cobertura_pct;<=;0,6637258330622307;adv_ratio_range_pontos_15s_60s|>|0.8205128205 && adv_z_pre_15s_cobertura_pct|<=|0.6637258331;adv_ratio_range_pontos_15s_60s + adv_z_pre_15s_cobertura_pct;78,72086729321498;2,0;0,0;0,0;B;64ecd7375ecd8463;30;38;True;30
P7A_0005928;4;BIVARIADO;2;adv_ratio_range_pontos_15s_60s;>;0,8205128205119789;adv_ratio_range_pontos_15s_60s > 0.820512820512 E pre_60s_cobertura_segundos <= 60;5965;176;0,02950544844928751;592;32;560;0,09924559932942163;0,05405405405405406;0,05405405405405406;0,18181818181818182;0,9032648125755743;1,8320024570024571;0,0013866786226880423;0,6503243831263217;1,0;0,6503243831263217;0,0375;0,08633093525179857;5;37,19307353307737;pre_60s_cobertura_segundos;<=;60,0;adv_ratio_range_pontos_15s_60s|>|0.8205128205 && pre_60s_cobertura_segundos|<=|60.0;adv_ratio_range_pontos_15s_60s + pre_60s_cobertura_segundos;78,72086729321498;2,0;0,0;0,0;B;8eaf167496409f60;31;39;True;31
P7A_0005929;4;BIVARIADO;2;adv_ratio_range_pontos_15s_60s;>;0,8205128205119789;adv_ratio_range_pontos_15s_60s > 0.820512820512 E adv_z_pre_60s_cobertura_segundos <= 0.721684458206;5965;176;0,02950544844928751;592;32;560;0,09924559932942163;0,05405405405405406;0,05405405405405406;0,18181818181818182;0,9032648125755743;1,8320024570024571;0,0013866786226880423;0,6503243831263217;1,0;0,6503243831263217;0,0375;0,08633093525179857;5;37,19307353307737;adv_z_pre_60s_cobertura_segundos;<=;0,7216844582056892;adv_ratio_range_pontos_15s_60s|>|0.8205128205 && adv_z_pre_60s_cobertura_segundos|<=|0.7216844582;adv_ratio_range_pontos_15s_60s + adv_z_pre_60s_cobertura_segundos;78,72086729321498;2,0;0,0;0,0;B;bb13d2a7aa3b55c7;32;40;True;32
P7A_0006766;4;BIVARIADO;2;adv_ratio_range_pontos_15s_60s;>;0,8205128205119789;adv_ratio_range_pontos_15s_60s > 0.820512820512 E pre_120s_ask_size_medio_soma > 74.3088522589;5965;176;0,02950544844928751;507;30;477;0,08499580888516345;0,05917159763313609;0,05917159763313609;0,17045454545454544;0,9176023492831231;2,005446476600323;0,0016480800178183819;0,6633285853851119;1,0;0,6633285853851119;0,04225352112676056;0,09375;5;36,458480916654295;pre_120s_ask_size_medio_soma;>;74,30885225885227;adv_ratio_range_pontos_15s_60s|>|0.8205128205 && pre_120s_ask_size_medio_soma|>|74.3088522589;adv_ratio_range_pontos_15s_60s + pre_120s_ask_size_medio_soma;78,6810818749682;2,0;0,0;0,0;B;d389b1da672816a8;33;41;True;33
P7A_0006767;4;BIVARIADO;2;adv_ratio_range_pontos_15s_60s;>;0,8205128205119789;adv_ratio_range_pontos_15s_60s > 0.820512820512 E adv_z_pre_120s_ask_size_medio_soma > -1.61507465978;5965;176;0,02950544844928751;507;30;477;0,08499580888516345;0,05917159763313609;0,05917159763313609;0,17045454545454544;0,9176023492831231;2,005446476600323;0,0016480800178183819;0,6633285853851119;1,0;0,6633285853851119;0,04225352112676056;0,09375;5;36,458480916654295;adv_z_pre_120s_ask_size_medio_soma;>;-1,6150746597811574;adv_ratio_range_pontos_15s_60s|>|0.8205128205 && adv_z_pre_120s_ask_size_medio_soma|>|-1.6150746598;adv_ratio_range_pontos_15s_60s + adv_z_pre_120s_ask_size_medio_soma;78,6810818749682;2,0;0,0;0,0;B;980ade0b71c32e25;34;42;True;34
P7A_0006863;4;BIVARIADO;2;adv_ratio_volatilidade_close_pontos_15s_60s;>;1,2948704724041395;adv_ratio_volatilidade_close_pontos_15s_60s > 1.2948704724 E adv_z_pre_30s_ticks_media_s <= 0.637035908485;5965;176;0,02950544844928751;537;27;510;0,09002514668901927;0,05027932960893855;0,05027932960893855;0,1534090909090909;0,9119018828813267;1,7040693245302185;0,0009108131357654925;0,7514181334843771;1,0;0,7514181334843771;0,033707865168539325;0,06451612903225806;5;36,39306516338815;adv_z_pre_30s_ticks_media_s;<=;0,6370359084848988;adv_ratio_volatilidade_close_pontos_15s_60s|>|1.2948704724 && adv_z_pre_30s_ticks_media_s|<=|0.6370359085;adv_ratio_volatilidade_close_pontos_15s_60s + adv_z_pre_30s_ticks_media_s;78,66728429437744;2,0;0,0;0,0;B;2812ee79a4628aaf;35;43;True;35
P7A_0006864;4;BIVARIADO;2;adv_ratio_volatilidade_close_pontos_15s_60s;>;1,2948704724041395;adv_ratio_volatilidade_close_pontos_15s_60s > 1.2948704724 E pre_30s_ticks_media_s <= 44.9066666667;5965;176;0,02950544844928751;537;27;510;0,09002514668901927;0,05027932960893855;0,05027932960893855;0,1534090909090909;0,9119018828813267;1,7040693245302185;0,0009108131357654925;0,7514181334843771;1,0;0,7514181334843771;0,033707865168539325;0,06451612903225806;5;36,39306516338815;pre_30s_ticks_media_s;<=;44,90666666666663;adv_ratio_volatilidade_close_pontos_15s_60s|>|1.2948704724 && pre_30s_ticks_media_s|<=|44.9066666667;adv_ratio_volatilidade_close_pontos_15s_60s + pre_30s_ticks_media_s;78,66728429437744;2,0;0,0;0,0;B;3cb7823a827fea77;36;44;True;36
P7A_0006933;4;BIVARIADO;2;adv_ratio_volatilidade_close_pontos_15s_60s;>;1,2948704724041395;adv_ratio_volatilidade_close_pontos_15s_60s > 1.2948704724 E pre_120s_volume_incremento_soma <= 4306.6;5965;176;0,02950544844928751;549;30;519;0,0920368818105616;0,0546448087431694;0,0546448087431694;0,17045454545454544;0,9103472102262913;1,85202434177844;0,001330042987756852;0,6583581506721009;1,0;0,6583581506721009;0,03409090909090909;0,08396946564885496;5;36,35867724907916;pre_120s_volume_incremento_soma;<=;4306,600000000002;adv_ratio_volatilidade_close_pontos_15s_60s|>|1.2948704724 && pre_120s_volume_incremento_soma|<=|4306.6;adv_ratio_volatilidade_close_pontos_15s_60s + pre_120s_volume_incremento_soma;78,57102590842287;2,0;0,0;0,0;B;68a11efc87e35e2e;37;45;True;37
P7A_0006934;4;BIVARIADO;2;adv_ratio_volatilidade_close_pontos_15s_60s;>;1,2948704724041395;adv_ratio_volatilidade_close_pontos_15s_60s > 1.2948704724 E adv_z_pre_120s_volume_incremento_soma <= 1.61286472683;5965;176;0,02950544844928751;549;30;519;0,0920368818105616;0,0546448087431694;0,0546448087431694;0,17045454545454544;0,9103472102262913;1,85202434177844;0,001330042987756852;0,6583581506721009;1,0;0,6583581506721009;0,03409090909090909;0,08396946564885496;5;36,35867724907916;adv_z_pre_120s_volume_incremento_soma;<=;1,612864726832671;adv_ratio_volatilidade_close_pontos_15s_60s|>|1.2948704724 && adv_z_pre_120s_volume_incremento_soma|<=|1.6128647268;adv_ratio_volatilidade_close_pontos_15s_60s + adv_z_pre_120s_volume_incremento_soma;78,57102590842287;2,0;0,0;0,0;B;95e7849971cccb94;38;46;True;38
P7A_0007179;4;BIVARIADO;2;adv_ratio_volatilidade_close_pontos_15s_60s;>;1,2948704724041395;adv_ratio_volatilidade_close_pontos_15s_60s > 1.2948704724 E pre_15s_agressor_compra <= 317;5965;176;0,02950544844928751;518;26;492;0,08683989941324392;0,05019305019305019;0,05019305019305019;0,14772727272727273;0,9150112281913975;1,7011451386451386;0,0008680444968456325;0,7743152379351045;1,0;0,7743152379351045;0,03488372093023256;0,0625;5;36,23261724223708;pre_15s_agressor_compra;<=;317,0;adv_ratio_volatilidade_close_pontos_15s_60s|>|1.2948704724 && pre_15s_agressor_compra|<=|317.0;adv_ratio_volatilidade_close_pontos_15s_60s + pre_15s_agressor_compra;78,5208058872061;2,0;0,0;0,0;B;3f3c751474a62df6;39;47;True;39
P7A_0007180;4;BIVARIADO;2;adv_ratio_volatilidade_close_pontos_15s_60s;>;1,2948704724041395;adv_ratio_volatilidade_close_pontos_15s_60s > 1.2948704724 E adv_z_pre_15s_agressor_compra <= 0.681325822766;5965;176;0,02950544844928751;518;26;492;0,08683989941324392;0,05019305019305019;0,05019305019305019;0,14772727272727273;0,9150112281913975;1,7011451386451386;0,0008680444968456325;0,7743152379351045;1,0;0,7743152379351045;0,03488372093023256;0,0625;5;36,23261724223708;adv_z_pre_15s_agressor_compra;<=;0,6813258227661162;adv_ratio_volatilidade_close_pontos_15s_60s|>|1.2948704724 && adv_z_pre_15s_agressor_compra|<=|0.6813258228;adv_ratio_volatilidade_close_pontos_15s_60s + adv_z_pre_15s_agressor_compra;78,5208058872061;2,0;0,0;0,0;B;1ca3b70f90fdcb59;40;48;True;40
P7A_0006044;4;BIVARIADO;2;adv_ratio_range_pontos_15s_60s;>;0,8205128205119789;adv_ratio_range_pontos_15s_60s > 0.820512820512 E pre_15s_agressor_venda > 6;5965;176;0,02950544844928751;558;32;526;0,09354568315171835;0,05734767025089606;0,05734767025089606;0,18181818181818182;0,9091380203834859;1,9436298468556534;0,0016350107235311995;0,641306548293576;1,0;0,641306548293576;0,04;0,09302325581395349;5;36,992173143097396;pre_15s_agressor_venda;>;6,0;adv_ratio_range_pontos_15s_60s|>|0.8205128205 && pre_15s_agressor_venda|>|6.0;adv_ratio_range_pontos_15s_60s + pre_15s_agressor_venda;78,40125947411022;2,0;0,0;0,0;B;bec14ee1f69c2836;41;49;True;41
P7A_0006045;4;BIVARIADO;2;adv_ratio_range_pontos_15s_60s;>;0,8205128205119789;adv_ratio_range_pontos_15s_60s > 0.820512820512 E adv_z_pre_15s_agressor_venda > -0.670322565879;5965;176;0,02950544844928751;558;32;526;0,09354568315171835;0,05734767025089606;0,05734767025089606;0,18181818181818182;0,9091380203834859;1,9436298468556534;0,0016350107235311995;0,641306548293576;1,0;0,641306548293576;0,04;0,09302325581395349;5;36,992173143097396;adv_z_pre_15s_agressor_venda;>;-0,6703225658788635;adv_ratio_range_pontos_15s_60s|>|0.8205128205 && adv_z_pre_15s_agressor_venda|>|-0.6703225659;adv_ratio_range_pontos_15s_60s + adv_z_pre_15s_agressor_venda;78,40125947411022;2,0;0,0;0,0;B;85e1fec6d199e1b1;42;50;True;42
P7A_0006610;4;BIVARIADO;2;adv_ratio_range_pontos_15s_60s;>;0,8205128205119789;adv_ratio_range_pontos_15s_60s > 0.820512820512 E pre_120s_ticks_total <= 2032;5965;176;0,02950544844928751;472;23;449;0,07912824811399832;0,048728813559322036;0,048728813559322036;0,13068181818181818;0,9224391086543444;1,6515191640986133;0,000682675652347059;0,8964527527197562;1,0;0,8964527527197562;0,044444444444444446;0,05825242718446602;5;36,54576517932288;pre_120s_ticks_total;<=;2032,0;adv_ratio_range_pontos_15s_60s|>|0.8205128205 && pre_120s_ticks_total|<=|2032.0;adv_ratio_range_pontos_15s_60s + pre_120s_ticks_total;78,39290933722995;2,0;0,0;0,0;B;b025463f2db9b2de;43;51;True;43
P7A_0006611;4;BIVARIADO;2;adv_ratio_range_pontos_15s_60s;>;0,8205128205119789;adv_ratio_range_pontos_15s_60s > 0.820512820512 E adv_z_pre_120s_ticks_total <= -0.17715809206;5965;176;0,02950544844928751;472;23;449;0,07912824811399832;0,048728813559322036;0,048728813559322036;0,13068181818181818;0,9224391086543444;1,6515191640986133;0,000682675652347059;0,8964527527197562;1,0;0,8964527527197562;0,044444444444444446;0,05825242718446602;5;36,54576517932288;adv_z_pre_120s_ticks_total;<=;-0,17715809206023134;adv_ratio_range_pontos_15s_60s|>|0.8205128205 && adv_z_pre_120s_ticks_total|<=|-0.1771580921;adv_ratio_range_pontos_15s_60s + adv_z_pre_120s_ticks_total;78,39290933722995;2,0;0,0;0,0;B;7e6ee6815a46ae74;44;52;True;44
P7A_0006561;4;BIVARIADO;2;adv_ratio_range_pontos_15s_60s;>;0,8205128205119789;adv_ratio_range_pontos_15s_60s > 0.820512820512 E pre_15s_cobertura_pct > 0.333333;5965;176;0,02950544844928751;539;31;508;0,090360435875943;0,0575139146567718;0,0575139146567718;0,17613636363636365;0,9122473656935568;1,949264209816158;0,0015893360944990442;0,644134615978509;1,0;0,644134615978509;0,03896103896103896;0,09375;5;36,587918160560186;pre_15s_cobertura_pct;>;0,333333;adv_ratio_range_pontos_15s_60s|>|0.8205128205 && pre_15s_cobertura_pct|>|0.333333;adv_ratio_range_pontos_15s_60s + pre_15s_cobertura_pct;78,35998278692351;2,0;0,0;0,0;B;d04a9a971dd5b717;45;53;True;45
P7A_0006562;4;BIVARIADO;2;adv_ratio_range_pontos_15s_60s;>;0,8205128205119789;adv_ratio_range_pontos_15s_60s > 0.820512820512 E adv_z_pre_15s_cobertura_pct > -2.19508247371;5965;176;0,02950544844928751;539;31;508;0,090360435875943;0,0575139146567718;0,0575139146567718;0,17613636363636365;0,9122473656935568;1,949264209816158;0,0015893360944990442;0,644134615978509;1,0;0,644134615978509;0,03896103896103896;0,09375;5;36,587918160560186;adv_z_pre_15s_cobertura_pct;>;-2,195082473708966;adv_ratio_range_pontos_15s_60s|>|0.8205128205 && adv_z_pre_15s_cobertura_pct|>|-2.1950824737;adv_ratio_range_pontos_15s_60s + adv_z_pre_15s_cobertura_pct;78,35998278692351;2,0;0,0;0,0;B;25147d43fdda5ee0;46;54;True;46
P7A_0006789;4;BIVARIADO;2;adv_ratio_range_pontos_15s_60s;>;0,8205128205119789;adv_ratio_range_pontos_15s_60s > 0.820512820512 E pre_15s_ticks_max_s > 6;5965;176;0,02950544844928751;557;31;526;0,0933780385582565;0,05565529622980251;0,05565529622980251;0,17613636363636365;0,9091380203834859;1,886271829606659;0,0014539185567368218;0,6337402437882176;1,0;0,6337402437882176;0,03389830508474576;0,08955223880597014;5;36,43991060745727;pre_15s_ticks_max_s;>;6,0;adv_ratio_range_pontos_15s_60s|>|0.8205128205 && pre_15s_ticks_max_s|>|6.0;adv_ratio_range_pontos_15s_60s + pre_15s_ticks_max_s;78,12982934077928;2,0;0,0;0,0;B;7030b9edbda61515;47;57;True;47
P7A_0006790;4;BIVARIADO;2;adv_ratio_range_pontos_15s_60s;>;0,8205128205119789;adv_ratio_range_pontos_15s_60s > 0.820512820512 E adv_z_pre_15s_ticks_max_s > -0.753960401911;5965;176;0,02950544844928751;557;31;526;0,0933780385582565;0,05565529622980251;0,05565529622980251;0,17613636363636365;0,9091380203834859;1,886271829606659;0,0014539185567368218;0,6337402437882176;1,0;0,6337402437882176;0,03389830508474576;0,08955223880597014;5;36,43991060745727;adv_z_pre_15s_ticks_max_s;>;-0,7539604019106257;adv_ratio_range_pontos_15s_60s|>|0.8205128205 && adv_z_pre_15s_ticks_max_s|>|-0.7539604019;adv_ratio_range_pontos_15s_60s + adv_z_pre_15s_ticks_max_s;78,12982934077928;2,0;0,0;0,0;B;a0ca6ae1b0bd2ead;48;58;True;48
P7A_0006819;4;BIVARIADO;2;adv_ratio_range_pontos_15s_60s;>;0,8205128205119789;adv_ratio_range_pontos_15s_60s > 0.820512820512 E pre_120s_ticks_total <= 5699.6;5965;176;0,02950544844928751;555;31;524;0,09304274937133278;0,055855855855855854;0,055855855855855854;0,17613636363636365;0,909483503195716;1,8930692055692055;0,001468525479070698;0,6325997381369572;1,0;0,6325997381369572;0,03636363636363636;0,08955223880597014;5;36,42049892942651;pre_120s_ticks_total;<=;5699,600000000002;adv_ratio_range_pontos_15s_60s|>|0.8205128205 && pre_120s_ticks_total|<=|5699.6;adv_ratio_range_pontos_15s_60s + pre_120s_ticks_total;78,10457612671505;2,0;0,0;0,0;B;f678a1506e1994d9;49;59;True;49
P7A_0006820;4;BIVARIADO;2;adv_ratio_range_pontos_15s_60s;>;0,8205128205119789;adv_ratio_range_pontos_15s_60s > 0.820512820512 E adv_z_pre_120s_ticks_total <= 1.00604131964;5965;176;0,02950544844928751;555;31;524;0,09304274937133278;0,055855855855855854;0,055855855855855854;0,17613636363636365;0,909483503195716;1,8930692055692055;0,001468525479070698;0,6325997381369572;1,0;0,6325997381369572;0,03636363636363636;0,08955223880597014;5;36,42049892942651;adv_z_pre_120s_ticks_total;<=;1,0060413196421634;adv_ratio_range_pontos_15s_60s|>|0.8205128205 && adv_z_pre_120s_ticks_total|<=|1.0060413196;adv_ratio_range_pontos_15s_60s + adv_z_pre_120s_ticks_total;78,10457612671505;2,0;0,0;0,0;B;7d5652ae6a42c559;50;60;True;50
P7A_0006889;4;BIVARIADO;2;adv_ratio_range_pontos_15s_60s;>;0,8205128205119789;adv_ratio_range_pontos_15s_60s > 0.820512820512 E pre_15s_agressor_compra > 6;5965;176;0,02950544844928751;544;31;513;0,0911986588432523;0,05698529411764706;0,05698529411764706;0,17613636363636365;0,9113836586629815;1,9313481784759359;0,0015508156841857468;0,6300043829864252;1,0;0,6300043829864252;0,03636363636363636;0,09230769230769231;5;36,37520834770888;pre_15s_agressor_compra;>;6,0;adv_ratio_range_pontos_15s_60s|>|0.8205128205 && pre_15s_agressor_compra|>|6.0;adv_ratio_range_pontos_15s_60s + pre_15s_agressor_compra;78,04710945908687;2,0;0,0;0,0;B;a44197d8e2812883;51;61;True;51
P7A_0006890;4;BIVARIADO;2;adv_ratio_range_pontos_15s_60s;>;0,8205128205119789;adv_ratio_range_pontos_15s_60s > 0.820512820512 E adv_z_pre_15s_agressor_compra > -0.685831316376;5965;176;0,02950544844928751;544;31;513;0,0911986588432523;0,05698529411764706;0,05698529411764706;0,17613636363636365;0,9113836586629815;1,9313481784759359;0,0015508156841857468;0,6300043829864252;1,0;0,6300043829864252;0,03636363636363636;0,09230769230769231;5;36,37520834770888;adv_z_pre_15s_agressor_compra;>;-0,6858313163764299;adv_ratio_range_pontos_15s_60s|>|0.8205128205 && adv_z_pre_15s_agressor_compra|>|-0.6858313164;adv_ratio_range_pontos_15s_60s + adv_z_pre_15s_agressor_compra;78,04710945908687;2,0;0,0;0,0;B;1e7c9041eab36995;52;62;True;52
P7A_0007839;4;BIVARIADO;2;adv_ratio_range_pontos_15s_60s;>;0,8205128205119789;adv_ratio_range_pontos_15s_60s > 0.820512820512 E pre_30s_bid_size_medio_soma > 15.7166666667;5965;176;0,02950544844928751;525;30;495;0,08801341156747695;0,05714285714285714;0,05714285714285714;0,17045454545454544;0,9144930039730523;1,9366883116883116;0,001505524592348595;0,6290468249129422;1,0;0,6290468249129422;0,0410958904109589;0,09523809523809523;5;35,912244096369264;pre_30s_bid_size_medio_soma;>;15,716666666666667;adv_ratio_range_pontos_15s_60s|>|0.8205128205 && pre_30s_bid_size_medio_soma|>|15.7166666667;adv_ratio_range_pontos_15s_60s + pre_30s_bid_size_medio_soma;77,92201098851959;2,0;0,0;0,0;B;73653d7b8431cb8f;53;63;True;53
P7A_0007840;4;BIVARIADO;2;adv_ratio_range_pontos_15s_60s;>;0,8205128205119789;adv_ratio_range_pontos_15s_60s > 0.820512820512 E adv_z_pre_30s_bid_size_medio_soma > -1.63071441685;5965;176;0,02950544844928751;525;30;495;0,08801341156747695;0,05714285714285714;0,05714285714285714;0,17045454545454544;0,9144930039730523;1,9366883116883116;0,001505524592348595;0,6290468249129422;1,0;0,6290468249129422;0,0410958904109589;0,09523809523809523;5;35,912244096369264;adv_z_pre_30s_bid_size_medio_soma;>;-1,6307144168453929;adv_ratio_range_pontos_15s_60s|>|0.8205128205 && adv_z_pre_30s_bid_size_medio_soma|>|-1.6307144168;adv_ratio_range_pontos_15s_60s + adv_z_pre_30s_bid_size_medio_soma;77,92201098851959;2,0;0,0;0,0;B;af19e08af77de4c4;54;64;True;54
P7A_0007099;4;BIVARIADO;2;adv_ratio_range_pontos_15s_60s;>;0,8205128205119789;adv_ratio_range_pontos_15s_60s > 0.820512820512 E pre_30s_trades_incremento_soma > 15;5965;176;0,02950544844928751;542;31;511;0,09086336965632859;0,05719557195571956;0,05719557195571956;0,17613636363636365;0,9117291414752116;1,9384749245219726;0,001566138855835647;0,6236288180229161;1,0;0,6236288180229161;0,0380952380952381;0,09375;5;36,2795973931932;pre_30s_trades_incremento_soma;>;15,0;adv_ratio_range_pontos_15s_60s|>|0.8205128205 && pre_30s_trades_incremento_soma|>|15.0;adv_ratio_range_pontos_15s_60s + pre_30s_trades_incremento_soma;77,90594092859702;2,0;0,0;0,0;B;949a5447b4e0653d;55;65;True;55
P7A_0007100;4;BIVARIADO;2;adv_ratio_range_pontos_15s_60s;>;0,8205128205119789;adv_ratio_range_pontos_15s_60s > 0.820512820512 E adv_z_pre_30s_trades_incremento_soma > -0.821547507519;5965;176;0,02950544844928751;542;31;511;0,09086336965632859;0,05719557195571956;0,05719557195571956;0,17613636363636365;0,9117291414752116;1,9384749245219726;0,001566138855835647;0,6236288180229161;1,0;0,6236288180229161;0,0380952380952381;0,09375;5;36,2795973931932;adv_z_pre_30s_trades_incremento_soma;>;-0,8215475075185504;adv_ratio_range_pontos_15s_60s|>|0.8205128205 && adv_z_pre_30s_trades_incremento_soma|>|-0.8215475075;adv_ratio_range_pontos_15s_60s + adv_z_pre_30s_trades_incremento_soma;77,90594092859702;2,0;0,0;0,0;B;9d9c41e054722d0e;56;66;True;56
P7A_0007161;4;BIVARIADO;2;adv_ratio_range_pontos_15s_60s;>;0,8205128205119789;adv_ratio_range_pontos_15s_60s > 0.820512820512 E pre_30s_ticks_max_s > 8;5965;176;0,02950544844928751;548;31;517;0,09186923721709975;0,05656934306569343;0,05656934306569343;0,17613636363636365;0,9106926930385213;1,9172507465162576;0,0015205056481769896;0,6213957813337299;1,0;0,6213957813337299;0,03418803418803419;0,09230769230769231;5;36,24713620553733;pre_30s_ticks_max_s;>;8,0;adv_ratio_range_pontos_15s_60s|>|0.8205128205 && pre_30s_ticks_max_s|>|8.0;adv_ratio_range_pontos_15s_60s + pre_30s_ticks_max_s;77,85649676015913;2,0;0,0;0,0;B;23d13390a14efb9f;57;67;True;57
P7A_0007162;4;BIVARIADO;2;adv_ratio_range_pontos_15s_60s;>;0,8205128205119789;adv_ratio_range_pontos_15s_60s > 0.820512820512 E adv_z_pre_30s_ticks_max_s > -0.805881638478;5965;176;0,02950544844928751;548;31;517;0,09186923721709975;0,05656934306569343;0,05656934306569343;0,17613636363636365;0,9106926930385213;1,9172507465162576;0,0015205056481769896;0,6213957813337299;1,0;0,6213957813337299;0,03418803418803419;0,09230769230769231;5;36,24713620553733;adv_z_pre_30s_ticks_max_s;>;-0,8058816384781304;adv_ratio_range_pontos_15s_60s|>|0.8205128205 && adv_z_pre_30s_ticks_max_s|>|-0.8058816385;adv_ratio_range_pontos_15s_60s + adv_z_pre_30s_ticks_max_s;77,85649676015913;2,0;0,0;0,0;B;c7e409676a36ecd0;58;68;True;58
P7A_0006546;4;BIVARIADO;2;adv_ratio_range_pontos_15s_60s;>;0,8205128205119789;adv_ratio_range_pontos_15s_60s > 0.820512820512 E pre_120s_volume_incremento_soma <= 4306.6;5965;176;0,02950544844928751;550;27;523;0,09220452640402348;0,04909090909090909;0,04909090909090909;0,1534090909090909;0,909656244601831;1,6637913223140495;0,0008382169510862958;0,7625372790225706;1,0;0,7625372790225706;0,03418803418803419;0,06349206349206349;5;36,60449134976204;pre_120s_volume_incremento_soma;<=;4306,600000000002;adv_ratio_range_pontos_15s_60s|>|0.8205128205 && pre_120s_volume_incremento_soma|<=|4306.6;adv_ratio_range_pontos_15s_60s + pre_120s_volume_incremento_soma;77,80427706216815;2,0;0,0;0,0;B;474f0e4327364b6f;59;69;True;59
P7A_0006547;4;BIVARIADO;2;adv_ratio_range_pontos_15s_60s;>;0,8205128205119789;adv_ratio_range_pontos_15s_60s > 0.820512820512 E adv_z_pre_120s_volume_incremento_soma <= 1.61286472683;5965;176;0,02950544844928751;550;27;523;0,09220452640402348;0,04909090909090909;0,04909090909090909;0,1534090909090909;0,909656244601831;1,6637913223140495;0,0008382169510862958;0,7625372790225706;1,0;0,7625372790225706;0,03418803418803419;0,06349206349206349;5;36,60449134976204;adv_z_pre_120s_volume_incremento_soma;<=;1,612864726832671;adv_ratio_range_pontos_15s_60s|>|0.8205128205 && adv_z_pre_120s_volume_incremento_soma|<=|1.6128647268;adv_ratio_range_pontos_15s_60s + adv_z_pre_120s_volume_incremento_soma;77,80427706216815;2,0;0,0;0,0;B;b5c281c64e936543;60;70;True;60
P7A_0008255;4;UNIVARIADO;1;adv_ratio_range_pontos_60s_120s;>;0,9090909090892562;adv_ratio_range_pontos_60s_120s > 0.909090909089;5965;176;0,02950544844928751;1491;71;1420;0,24995808885163454;0,047619047619047616;0,047619047619047616;0,4034090909090909;0,754707203316635;1,6139069264069263;0,002488236116540171;0,49737975504306475;1,0;0,49737975504306475;0,032679738562091505;0,09375;5;33,707849492044744;;;;adv_ratio_range_pontos_60s_120s|>|0.9090909091;adv_ratio_range_pontos_60s_120s;77,7405594884939;0,0;0,0;0,0;B;57cacfaa874d424b;61;71;True;61
P7A_0005836;4;BIVARIADO;2;pre_60s_ticks_max_s;<=;11,0;pre_60s_ticks_max_s <= 11 E pre_120s_ticks_max_s <= 25;5965;176;0,02950544844928751;537;26;511;0,09002514668901927;0,048417132216014895;0,048417132216014895;0,14772727272727273;0,9117291414752116;1,6409556458439138;0,0007642949063739468;0,849176053073096;1,0;0,849176053073096;0,03571428571428571;0,057692307692307696;5;37,41221921586927;pre_120s_ticks_max_s;<=;25,0;pre_120s_ticks_max_s|<=|25.0 && pre_60s_ticks_max_s|<=|11.0;pre_120s_ticks_max_s + pre_60s_ticks_max_s;77,72298357884574;2,0;0,0;0,0;B;668fd1052400f901;62;72;True;62
P7A_0005837;4;BIVARIADO;2;pre_60s_ticks_max_s;<=;11,0;pre_60s_ticks_max_s <= 11 E adv_z_pre_120s_ticks_max_s <= -0.815893682045;5965;176;0,02950544844928751;537;26;511;0,09002514668901927;0,048417132216014895;0,048417132216014895;0,14772727272727273;0,9117291414752116;1,6409556458439138;0,0007642949063739468;0,849176053073096;1,0;0,849176053073096;0,03571428571428571;0,057692307692307696;5;37,41221921586927;adv_z_pre_120s_ticks_max_s;<=;-0,8158936820445936;adv_z_pre_120s_ticks_max_s|<=|-0.815893682 && pre_60s_ticks_max_s|<=|11.0;adv_z_pre_120s_ticks_max_s + pre_60s_ticks_max_s;77,72298357884574;2,0;0,0;0,0;B;a9a6c9f31071aed3;63;73;True;63
P7A_0005838;4;BIVARIADO;2;adv_z_pre_60s_ticks_max_s;<=;-0,8592329042829405;adv_z_pre_60s_ticks_max_s <= -0.859232904283 E pre_120s_ticks_max_s <= 25;5965;176;0,02950544844928751;537;26;511;0,09002514668901927;0,048417132216014895;0,048417132216014895;0,14772727272727273;0,9117291414752116;1,6409556458439138;0,0007642949063739468;0,849176053073096;1,0;0,849176053073096;0,03571428571428571;0,057692307692307696;5;37,41221921586927;pre_120s_ticks_max_s;<=;25,0;adv_z_pre_60s_ticks_max_s|<=|-0.8592329043 && pre_120s_ticks_max_s|<=|25.0;adv_z_pre_60s_ticks_max_s + pre_120s_ticks_max_s;77,72298357884574;2,0;0,0;0,0;B;0b1d4681ac571fc7;64;74;True;64
P7A_0005839;4;BIVARIADO;2;adv_z_pre_60s_ticks_max_s;<=;-0,8592329042829405;adv_z_pre_60s_ticks_max_s <= -0.859232904283 E adv_z_pre_120s_ticks_max_s <= -0.815893682045;5965;176;0,02950544844928751;537;26;511;0,09002514668901927;0,048417132216014895;0,048417132216014895;0,14772727272727273;0,9117291414752116;1,6409556458439138;0,0007642949063739468;0,849176053073096;1,0;0,849176053073096;0,03571428571428571;0,057692307692307696;5;37,41221921586927;adv_z_pre_120s_ticks_max_s;<=;-0,8158936820445936;adv_z_pre_120s_ticks_max_s|<=|-0.815893682 && adv_z_pre_60s_ticks_max_s|<=|-0.8592329043;adv_z_pre_120s_ticks_max_s + adv_z_pre_60s_ticks_max_s;77,72298357884574;2,0;0,0;0,0;B;ced4f89216e68e73;65;75;True;65
P7A_0006368;4;BIVARIADO;2;adv_ratio_volatilidade_close_pontos_15s_60s;>;1,2948704724041395;adv_ratio_volatilidade_close_pontos_15s_60s > 1.2948704724 E pre_15s_agressor_venda > 6;5965;176;0,02950544844928751;537;33;504;0,09002514668901927;0,061452513966480445;0,061452513966480445;0,1875;0,9129383313180169;2,0827513966480447;0,002013033577298734;0,5896915085312008;1,0;0,5896915085312008;0,036585365853658534;0,10294117647058823;5;36,683920896965994;pre_15s_agressor_venda;>;6,0;adv_ratio_volatilidade_close_pontos_15s_60s|>|1.2948704724 && pre_15s_agressor_venda|>|6.0;adv_ratio_volatilidade_close_pontos_15s_60s + pre_15s_agressor_venda;77,36228912520812;2,0;0,0;0,0;B;e74c808f3ffb2c80;66;86;True;66
P7A_0006369;4;BIVARIADO;2;adv_ratio_volatilidade_close_pontos_15s_60s;>;1,2948704724041395;adv_ratio_volatilidade_close_pontos_15s_60s > 1.2948704724 E adv_z_pre_15s_agressor_venda > -0.670322565879;5965;176;0,02950544844928751;537;33;504;0,09002514668901927;0,061452513966480445;0,061452513966480445;0,1875;0,9129383313180169;2,0827513966480447;0,002013033577298734;0,5896915085312008;1,0;0,5896915085312008;0,036585365853658534;0,10294117647058823;5;36,683920896965994;adv_z_pre_15s_agressor_venda;>;-0,6703225658788635;adv_ratio_volatilidade_close_pontos_15s_60s|>|1.2948704724 && adv_z_pre_15s_agressor_venda|>|-0.6703225659;adv_ratio_volatilidade_close_pontos_15s_60s + adv_z_pre_15s_agressor_venda;77,36228912520812;2,0;0,0;0,0;B;d34aef4732c5e093;67;87;True;67
P7A_0006552;4;BIVARIADO;2;adv_ratio_range_pontos_15s_60s;>;0,3404255319147005;adv_ratio_range_pontos_15s_60s > 0.340425531915 E adv_ratio_volatilidade_close_pontos_15s_60s > 1.2948704724;5965;176;0,02950544844928751;568;33;535;0,09522212908633697;0,058098591549295774;0,058098591549295774;0,1875;0,9075833477284505;1,9690801056338028;0,0017519040093229854;0,5856710449727207;1,0;0,5856710449727207;0,03333333333333333;0,09722222222222222;5;36,59811606147501;adv_ratio_volatilidade_close_pontos_15s_60s;>;1,2948704724041395;adv_ratio_range_pontos_15s_60s|>|0.3404255319 && adv_ratio_volatilidade_close_pontos_15s_60s|>|1.2948704724;adv_ratio_range_pontos_15s_60s + adv_ratio_volatilidade_close_pontos_15s_60s;77,29394578134166;2,0;0,0;0,0;B;0adc1a43abddf525;68;88;True;68
P7A_0006439;4;BIVARIADO;2;pre_60s_ticks_max_s;<=;18,0;pre_60s_ticks_max_s <= 18 E pre_15s_agressor_venda > 14;5965;176;0,02950544844928751;496;24;472;0,08315171835708299;0,04838709677419355;0,04838709677419355;0,13636363636363635;0,9184660563136984;1,6399376832844574;0,0006974385639692271;0,8678515701385789;1,0;0,8678515701385789;0,040983606557377046;0,06060606060606061;5;36,644450609298104;pre_15s_agressor_venda;>;14,0;pre_15s_agressor_venda|>|14.0 && pre_60s_ticks_max_s|<=|18.0;pre_15s_agressor_venda + pre_60s_ticks_max_s;77,02114926541937;2,0;0,0;0,0;B;97db736e8004b34d;69;89;True;69
P7A_0006440;4;BIVARIADO;2;adv_z_pre_60s_ticks_max_s;<=;-0,7822262791881286;adv_z_pre_60s_ticks_max_s <= -0.782226279188 E pre_15s_agressor_venda > 14;5965;176;0,02950544844928751;496;24;472;0,08315171835708299;0,04838709677419355;0,04838709677419355;0,13636363636363635;0,9184660563136984;1,6399376832844574;0,0006974385639692271;0,8678515701385789;1,0;0,8678515701385789;0,040983606557377046;0,06060606060606061;5;36,644450609298104;pre_15s_agressor_venda;>;14,0;adv_z_pre_60s_ticks_max_s|<=|-0.7822262792 && pre_15s_agressor_venda|>|14.0;adv_z_pre_60s_ticks_max_s + pre_15s_agressor_venda;77,02114926541937;2,0;0,0;0,0;B;83d87db9cc94ae94;70;90;True;70
P7A_0006917;4;BIVARIADO;2;pre_60s_ticks_max_s;<=;18,0;pre_60s_ticks_max_s <= 18 E pre_15s_cobertura_pct > 0.533333;5965;176;0,02950544844928751;575;28;547;0,09639564124056998;0,04869565217391304;0,04869565217391304;0,1590909090909091;0,90551045085507;1,650395256916996;0,0008483177761377525;0,7106472122004053;1,0;0,7106472122004053;0,029850746268656716;0,07272727272727272;5;36,366064881362036;pre_15s_cobertura_pct;>;0,533333;pre_15s_cobertura_pct|>|0.533333 && pre_60s_ticks_max_s|<=|18.0;pre_15s_cobertura_pct + pre_60s_ticks_max_s;76,85928083731935;2,0;0,0;0,0;B;e54099a2555b9c23;71;95;True;71
P7A_0006918;4;BIVARIADO;2;pre_60s_ticks_max_s;<=;18,0;pre_60s_ticks_max_s <= 18 E adv_z_pre_15s_cobertura_pct > -1.3374404105;5965;176;0,02950544844928751;575;28;547;0,09639564124056998;0,04869565217391304;0,04869565217391304;0,1590909090909091;0,90551045085507;1,650395256916996;0,0008483177761377525;0,7106472122004053;1,0;0,7106472122004053;0,029850746268656716;0,07272727272727272;5;36,366064881362036;adv_z_pre_15s_cobertura_pct;>;-1,3374404104986388;adv_z_pre_15s_cobertura_pct|>|-1.3374404105 && pre_60s_ticks_max_s|<=|18.0;adv_z_pre_15s_cobertura_pct + pre_60s_ticks_max_s;76,85928083731935;2,0;0,0;0,0;B;67c693becf0d34b0;72;96;True;72
P7A_0006919;4;BIVARIADO;2;adv_z_pre_60s_ticks_max_s;<=;-0,7822262791881286;adv_z_pre_60s_ticks_max_s <= -0.782226279188 E pre_15s_cobertura_pct > 0.533333;5965;176;0,02950544844928751;575;28;547;0,09639564124056998;0,04869565217391304;0,04869565217391304;0,1590909090909091;0,90551045085507;1,650395256916996;0,0008483177761377525;0,7106472122004053;1,0;0,7106472122004053;0,029850746268656716;0,07272727272727272;5;36,366064881362036;pre_15s_cobertura_pct;>;0,533333;adv_z_pre_60s_ticks_max_s|<=|-0.7822262792 && pre_15s_cobertura_pct|>|0.533333;adv_z_pre_60s_ticks_max_s + pre_15s_cobertura_pct;76,85928083731935;2,0;0,0;0,0;B;cac9eeeb55b9be5b;73;97;True;73
P7A_0006920;4;BIVARIADO;2;adv_z_pre_60s_ticks_max_s;<=;-0,7822262791881286;adv_z_pre_60s_ticks_max_s <= -0.782226279188 E adv_z_pre_15s_cobertura_pct > -1.3374404105;5965;176;0,02950544844928751;575;28;547;0,09639564124056998;0,04869565217391304;0,04869565217391304;0,1590909090909091;0,90551045085507;1,650395256916996;0,0008483177761377525;0,7106472122004053;1,0;0,7106472122004053;0,029850746268656716;0,07272727272727272;5;36,366064881362036;adv_z_pre_15s_cobertura_pct;>;-1,3374404104986388;adv_z_pre_15s_cobertura_pct|>|-1.3374404105 && adv_z_pre_60s_ticks_max_s|<=|-0.7822262792;adv_z_pre_15s_cobertura_pct + adv_z_pre_60s_ticks_max_s;76,85928083731935;2,0;0,0;0,0;B;082a6eb30142ac3a;74;98;True;74
P7A_0006371;4;BIVARIADO;2;adv_ratio_volatilidade_close_pontos_15s_60s;>;1,2948704724041395;adv_ratio_volatilidade_close_pontos_15s_60s > 1.2948704724 E pre_60s_ticks_incremento_media <= 310.260606061;5965;176;0,02950544844928751;558;34;524;0,09354568315171835;0,06093189964157706;0,06093189964157706;0,19318181818181818;0,909483503195716;2,065106712284132;0,0020407390410918935;0,5620511518670125;1,0;0,5620511518670125;0,03409090909090909;0,10344827586206896;5;36,682668371670935;pre_60s_ticks_incremento_media;<=;310,26060606060616;adv_ratio_volatilidade_close_pontos_15s_60s|>|1.2948704724 && pre_60s_ticks_incremento_media|<=|310.2606060606;adv_ratio_volatilidade_close_pontos_15s_60s + pre_60s_ticks_incremento_media;76,85416910899062;2,0;0,0;0,0;B;c706bc8df80a0a10;75;99;True;75
P7A_0006372;4;BIVARIADO;2;adv_ratio_volatilidade_close_pontos_15s_60s;>;1,2948704724041395;adv_ratio_volatilidade_close_pontos_15s_60s > 1.2948704724 E adv_z_pre_60s_ticks_incremento_media <= 0.479128600408;5965;176;0,02950544844928751;558;34;524;0,09354568315171835;0,06093189964157706;0,06093189964157706;0,19318181818181818;0,909483503195716;2,065106712284132;0,0020407390410918935;0,5620511518670125;1,0;0,5620511518670125;0,03409090909090909;0,10344827586206896;5;36,682668371670935;adv_z_pre_60s_ticks_incremento_media;<=;0,47912860040750316;adv_ratio_volatilidade_close_pontos_15s_60s|>|1.2948704724 && adv_z_pre_60s_ticks_incremento_media|<=|0.4791286004;adv_ratio_volatilidade_close_pontos_15s_60s + adv_z_pre_60s_ticks_incremento_media;76,85416910899062;2,0;0,0;0,0;B;3d494f3bae4a04ea;76;100;True;76
P7A_0007619;4;BIVARIADO;2;pre_60s_ticks_max_s;<=;11,0;pre_60s_ticks_max_s <= 11 E pre_60s_ask_size_medio_soma <= 47.8607142857;5965;176;0,02950544844928751;533;26;507;0,08935456831517184;0,04878048780487805;0,04878048780487805;0,14772727272727273;0,9124201070996718;1,653270509977827;0,0007853908439753032;0,7546551597389592;1,0;0,7546551597389592;0,03636363636363636;0,06956521739130435;5;35,97995652494537;pre_60s_ask_size_medio_soma;<=;47,86071428571429;pre_60s_ask_size_medio_soma|<=|47.8607142857 && pre_60s_ticks_max_s|<=|11.0;pre_60s_ask_size_medio_soma + pre_60s_ticks_max_s;76,82261169818374;2,0;0,0;0,0;B;5c382bceb673de80;77;107;True;77
P7A_0007620;4;BIVARIADO;2;pre_60s_ticks_max_s;<=;11,0;pre_60s_ticks_max_s <= 11 E adv_z_pre_60s_ask_size_medio_soma <= -1.17610450551;5965;176;0,02950544844928751;533;26;507;0,08935456831517184;0,04878048780487805;0,04878048780487805;0,14772727272727273;0,9124201070996718;1,653270509977827;0,0007853908439753032;0,7546551597389592;1,0;0,7546551597389592;0,03636363636363636;0,06956521739130435;5;35,97995652494537;adv_z_pre_60s_ask_size_medio_soma;<=;-1,1761045055082013;adv_z_pre_60s_ask_size_medio_soma|<=|-1.1761045055 && pre_60s_ticks_max_s|<=|11.0;adv_z_pre_60s_ask_size_medio_soma + pre_60s_ticks_max_s;76,82261169818374;2,0;0,0;0,0;B;94ce430a808d4c44;78;108;True;78
P7A_0007621;4;BIVARIADO;2;adv_z_pre_60s_ticks_max_s;<=;-0,8592329042829405;adv_z_pre_60s_ticks_max_s <= -0.859232904283 E pre_60s_ask_size_medio_soma <= 47.8607142857;5965;176;0,02950544844928751;533;26;507;0,08935456831517184;0,04878048780487805;0,04878048780487805;0,14772727272727273;0,9124201070996718;1,653270509977827;0,0007853908439753032;0,7546551597389592;1,0;0,7546551597389592;0,03636363636363636;0,06956521739130435;5;35,97995652494537;pre_60s_ask_size_medio_soma;<=;47,86071428571429;adv_z_pre_60s_ticks_max_s|<=|-0.8592329043 && pre_60s_ask_size_medio_soma|<=|47.8607142857;adv_z_pre_60s_ticks_max_s + pre_60s_ask_size_medio_soma;76,82261169818374;2,0;0,0;0,0;B;432a09534f1f068d;79;109;True;79
P7A_0007622;4;BIVARIADO;2;adv_z_pre_60s_ticks_max_s;<=;-0,8592329042829405;adv_z_pre_60s_ticks_max_s <= -0.859232904283 E adv_z_pre_60s_ask_size_medio_soma <= -1.17610450551;5965;176;0,02950544844928751;533;26;507;0,08935456831517184;0,04878048780487805;0,04878048780487805;0,14772727272727273;0,9124201070996718;1,653270509977827;0,0007853908439753032;0,7546551597389592;1,0;0,7546551597389592;0,03636363636363636;0,06956521739130435;5;35,97995652494537;adv_z_pre_60s_ask_size_medio_soma;<=;-1,1761045055082013;adv_z_pre_60s_ask_size_medio_soma|<=|-1.1761045055 && adv_z_pre_60s_ticks_max_s|<=|-0.8592329043;adv_z_pre_60s_ask_size_medio_soma + adv_z_pre_60s_ticks_max_s;76,82261169818374;2,0;0,0;0,0;B;c9ff11d63e6eaff9;80;110;True;80
P7A_0007249;4;BIVARIADO;2;adv_ratio_range_pontos_15s_60s;>;0,6432676518880405;adv_ratio_range_pontos_15s_60s > 0.643267651888 E pre_60s_ticks_incremento_media <= 50.9534883721;5965;176;0,02950544844928751;780;37;743;0,13076278290025148;0,047435897435897434;0,047435897435897434;0,21022727272727273;0,871653135256521;1,607699592074592;0,001062038959294187;0,6800758052383544;1,0;0,6800758052383544;0,025974025974025976;0,06179775280898876;5;36,19253791081444;pre_60s_ticks_incremento_media;<=;50,95348837209303;adv_ratio_range_pontos_15s_60s|>|0.6432676519 && pre_60s_ticks_incremento_media|<=|50.9534883721;adv_ratio_range_pontos_15s_60s + pre_60s_ticks_incremento_media;76,74069863463194;2,0;0,0;0,0;B;c297d724f288b922;81;112;True;81
P7A_0007250;4;BIVARIADO;2;adv_ratio_range_pontos_15s_60s;>;0,6432676518880405;adv_ratio_range_pontos_15s_60s > 0.643267651888 E adv_z_pre_60s_ticks_incremento_media <= -0.44623031409;5965;176;0,02950544844928751;780;37;743;0,13076278290025148;0,047435897435897434;0,047435897435897434;0,21022727272727273;0,871653135256521;1,607699592074592;0,001062038959294187;0,6800758052383544;1,0;0,6800758052383544;0,025974025974025976;0,06179775280898876;5;36,19253791081444;adv_z_pre_60s_ticks_incremento_media;<=;-0,44623031408963393;adv_ratio_range_pontos_15s_60s|>|0.6432676519 && adv_z_pre_60s_ticks_incremento_media|<=|-0.4462303141;adv_ratio_range_pontos_15s_60s + adv_z_pre_60s_ticks_incremento_media;76,74069863463194;2,0;0,0;0,0;B;3a185d521afbb8fd;82;113;True;82
P7A_0005925;4;UNIVARIADO;1;adv_ratio_range_pontos_15s_60s;>;0,8205128205119789;adv_ratio_range_pontos_15s_60s > 0.820512820512;5965;176;0,02950544844928751;592;32;560;0,09924559932942163;0,05405405405405406;0,05405405405405406;0,18181818181818182;0,9032648125755743;1,8320024570024571;0,0013866786226880423;0,6503243831263217;1,0;0,6503243831263217;0,0375;0,08633093525179857;5;37,19307353307737;;;;adv_ratio_range_pontos_15s_60s|>|0.8205128205;adv_ratio_range_pontos_15s_60s;76,72086729321498;0,0;0,0;0,0;B;9f770612b9d51552;83;118;True;83
P7A_0006639;4;BIVARIADO;2;adv_ratio_volatilidade_close_pontos_15s_60s;>;1,2948704724041395;adv_ratio_volatilidade_close_pontos_15s_60s > 1.2948704724 E pre_30s_trades_incremento_soma > 15;5965;176;0,02950544844928751;541;34;507;0,09069572506286672;0,06284658040665435;0,06284658040665435;0,19318181818181818;0,9124201070996718;2,129999159805075;0,002194126943273478;0,5493461307667524;1,0;0,5493461307667524;0,033707865168539325;0,10869565217391304;5;36,524829231419126;pre_30s_trades_incremento_soma;>;15,0;adv_ratio_volatilidade_close_pontos_15s_60s|>|1.2948704724 && pre_30s_trades_incremento_soma|>|15.0;adv_ratio_volatilidade_close_pontos_15s_60s + pre_30s_trades_incremento_soma;76,57285299522944;2,0;0,0;0,0;B;f191343156a66869;84;205;True;84
P7A_0006640;4;BIVARIADO;2;adv_ratio_volatilidade_close_pontos_15s_60s;>;1,2948704724041395;adv_ratio_volatilidade_close_pontos_15s_60s > 1.2948704724 E adv_z_pre_30s_trades_incremento_soma > -0.821547507519;5965;176;0,02950544844928751;541;34;507;0,09069572506286672;0,06284658040665435;0,06284658040665435;0,19318181818181818;0,9124201070996718;2,129999159805075;0,002194126943273478;0,5493461307667524;1,0;0,5493461307667524;0,033707865168539325;0,10869565217391304;5;36,524829231419126;adv_z_pre_30s_trades_incremento_soma;>;-0,8215475075185504;adv_ratio_volatilidade_close_pontos_15s_60s|>|1.2948704724 && adv_z_pre_30s_trades_incremento_soma|>|-0.8215475075;adv_ratio_volatilidade_close_pontos_15s_60s + adv_z_pre_30s_trades_incremento_soma;76,57285299522944;2,0;0,0;0,0;B;f6e885cea50cddc6;85;206;True;85
P7A_0007070;4;BIVARIADO;2;adv_ratio_range_pontos_15s_60s;>;0,24657534246561832;adv_ratio_range_pontos_15s_60s > 0.246575342466 E adv_ratio_volatilidade_close_pontos_15s_60s > 1.2948704724;5965;176;0,02950544844928751;589;34;555;0,09874266554903605;0,057724957555178265;0,057724957555178265;0,19318181818181818;0,9041285196061496;1,956416885321809;0,0017825188051360519;0,5354022639685919;1,0;0,5354022639685919;0,030927835051546393;0,10204081632653061;5;36,291436863465;adv_ratio_volatilidade_close_pontos_15s_60s;>;1,2948704724041395;adv_ratio_range_pontos_15s_60s|>|0.2465753425 && adv_ratio_volatilidade_close_pontos_15s_60s|>|1.2948704724;adv_ratio_range_pontos_15s_60s + adv_ratio_volatilidade_close_pontos_15s_60s;76,37163309191841;2,0;0,0;0,0;B;7cb8043daf1b3488;86;213;True;86
P7A_0007116;4;BIVARIADO;2;adv_ratio_volatilidade_close_pontos_15s_60s;>;1,2948704724041395;adv_ratio_volatilidade_close_pontos_15s_60s > 1.2948704724 E pre_15s_cobertura_pct <= 1;5965;176;0,02950544844928751;591;34;557;0,09907795473595976;0,05752961082910321;0,05752961082910321;0,19318181818181818;0,9037830367939195;1,9497961852022765;0,001766758985393635;0,5334952507274118;1,0;0,5334952507274118;0,030927835051546393;0,10204081632653061;5;36,26615320105543;pre_15s_cobertura_pct;<=;1,0;adv_ratio_volatilidade_close_pontos_15s_60s|>|1.2948704724 && pre_15s_cobertura_pct|<=|1.0;adv_ratio_volatilidade_close_pontos_15s_60s + pre_15s_cobertura_pct;76,3376790726898;2,0;0,0;0,0;B;e5183d73b8f7ff35;87;215;True;87
P7A_0007117;4;BIVARIADO;2;adv_ratio_volatilidade_close_pontos_15s_60s;>;1,2948704724041395;adv_ratio_volatilidade_close_pontos_15s_60s > 1.2948704724 E adv_z_pre_15s_cobertura_pct <= 0.663725833062;5965;176;0,02950544844928751;591;34;557;0,09907795473595976;0,05752961082910321;0,05752961082910321;0,19318181818181818;0,9037830367939195;1,9497961852022765;0,001766758985393635;0,5334952507274118;1,0;0,5334952507274118;0,030927835051546393;0,10204081632653061;5;36,26615320105543;adv_z_pre_15s_cobertura_pct;<=;0,6637258330622307;adv_ratio_volatilidade_close_pontos_15s_60s|>|1.2948704724 && adv_z_pre_15s_cobertura_pct|<=|0.6637258331;adv_ratio_volatilidade_close_pontos_15s_60s + adv_z_pre_15s_cobertura_pct;76,3376790726898;2,0;0,0;0,0;B;504367d6b4b03146;88;216;True;88
P7A_0007118;4;BIVARIADO;2;adv_ratio_volatilidade_close_pontos_15s_60s;>;1,2948704724041395;adv_ratio_volatilidade_close_pontos_15s_60s > 1.2948704724 E pre_60s_cobertura_segundos <= 60;5965;176;0,02950544844928751;591;34;557;0,09907795473595976;0,05752961082910321;0,05752961082910321;0,19318181818181818;0,9037830367939195;1,9497961852022765;0,001766758985393635;0,5334952507274118;1,0;0,5334952507274118;0,030927835051546393;0,10204081632653061;5;36,26615320105543;pre_60s_cobertura_segundos;<=;60,0;adv_ratio_volatilidade_close_pontos_15s_60s|>|1.2948704724 && pre_60s_cobertura_segundos|<=|60.0;adv_ratio_volatilidade_close_pontos_15s_60s + pre_60s_cobertura_segundos;76,3376790726898;2,0;0,0;0,0;B;5b94ea919af43587;89;217;True;89
P7A_0007119;4;BIVARIADO;2;adv_ratio_volatilidade_close_pontos_15s_60s;>;1,2948704724041395;adv_ratio_volatilidade_close_pontos_15s_60s > 1.2948704724 E adv_z_pre_60s_cobertura_segundos <= 0.721684458206;5965;176;0,02950544844928751;591;34;557;0,09907795473595976;0,05752961082910321;0,05752961082910321;0,19318181818181818;0,9037830367939195;1,9497961852022765;0,001766758985393635;0,5334952507274118;1,0;0,5334952507274118;0,030927835051546393;0,10204081632653061;5;36,26615320105543;adv_z_pre_60s_cobertura_segundos;<=;0,7216844582056892;adv_ratio_volatilidade_close_pontos_15s_60s|>|1.2948704724 && adv_z_pre_60s_cobertura_segundos|<=|0.7216844582;adv_ratio_volatilidade_close_pontos_15s_60s + adv_z_pre_60s_cobertura_segundos;76,3376790726898;2,0;0,0;0,0;B;b53f03a24514057b;90;218;True;90
P7A_0007278;4;BIVARIADO;2;adv_ratio_volatilidade_close_pontos_15s_60s;>;1,2948704724041395;adv_ratio_volatilidade_close_pontos_15s_60s > 1.2948704724 E pre_120s_ticks_total <= 5699.6;5965;176;0,02950544844928751;559;34;525;0,09371332774518022;0,06082289803220036;0,06082289803220036;0,19318181818181818;0,909310761789601;2,061412424784518;0,0020319852925685944;0,5285462908548479;1,0;0,5285462908548479;0,03409090909090909;0,10869565217391304;5;36,17903831799716;pre_120s_ticks_total;<=;5699,600000000002;adv_ratio_volatilidade_close_pontos_15s_60s|>|1.2948704724 && pre_120s_ticks_total|<=|5699.6;adv_ratio_volatilidade_close_pontos_15s_60s + pre_120s_ticks_total;76,11230042434454;2,0;0,0;0,0;B;c0cacb6b8985daed;91;252;True;91
P7A_0007279;4;BIVARIADO;2;adv_ratio_volatilidade_close_pontos_15s_60s;>;1,2948704724041395;adv_ratio_volatilidade_close_pontos_15s_60s > 1.2948704724 E adv_z_pre_120s_ticks_total <= 1.00604131964;5965;176;0,02950544844928751;559;34;525;0,09371332774518022;0,06082289803220036;0,06082289803220036;0,19318181818181818;0,909310761789601;2,061412424784518;0,0020319852925685944;0,5285462908548479;1,0;0,5285462908548479;0,03409090909090909;0,10869565217391304;5;36,17903831799716;adv_z_pre_120s_ticks_total;<=;1,0060413196421634;adv_ratio_volatilidade_close_pontos_15s_60s|>|1.2948704724 && adv_z_pre_120s_ticks_total|<=|1.0060413196;adv_ratio_volatilidade_close_pontos_15s_60s + adv_z_pre_120s_ticks_total;76,11230042434454;2,0;0,0;0,0;B;53247657bff63543;92;253;True;92
P7A_0006239;4;BIVARIADO;2;adv_ratio_range_pontos_15s_60s;>;0,8205128205119789;adv_ratio_range_pontos_15s_60s > 0.820512820512 E pre_120s_ticks_max_s <= 317;5965;176;0,02950544844928751;539;26;513;0,090360435875943;0,04823747680890538;0,04823747680890538;0,14772727272727273;0,9113836586629815;1,6348667566200035;0,0007538923838424916;0,8028657088270534;1,0;0,8028657088270534;0,037383177570093455;0,059322033898305086;5;36,725272331316276;pre_120s_ticks_max_s;<=;317,0;adv_ratio_range_pontos_15s_60s|>|0.8205128205 && pre_120s_ticks_max_s|<=|317.0;adv_ratio_range_pontos_15s_60s + pre_120s_ticks_max_s;75,97732671554364;2,0;0,0;0,0;B;2dedcfab9edb7cca;93;278;True;93
P7A_0006240;4;BIVARIADO;2;adv_ratio_range_pontos_15s_60s;>;0,8205128205119789;adv_ratio_range_pontos_15s_60s > 0.820512820512 E adv_z_pre_120s_ticks_max_s <= 2.00884241847;5965;176;0,02950544844928751;539;26;513;0,090360435875943;0,04823747680890538;0,04823747680890538;0,14772727272727273;0,9113836586629815;1,6348667566200035;0,0007538923838424916;0,8028657088270534;1,0;0,8028657088270534;0,037383177570093455;0,059322033898305086;5;36,725272331316276;adv_z_pre_120s_ticks_max_s;<=;2,0088424184660627;adv_ratio_range_pontos_15s_60s|>|0.8205128205 && adv_z_pre_120s_ticks_max_s|<=|2.0088424185;adv_ratio_range_pontos_15s_60s + adv_z_pre_120s_ticks_max_s;75,97732671554364;2,0;0,0;0,0;B;76ff783e33443423;94;279;True;94
P7A_0005629;4;BIVARIADO;2;pre_60s_ticks_max_s;<=;18,0;pre_60s_ticks_max_s <= 18 E adv_z_pre_30s_bid_size_medio_soma > -1.63071441685;5965;176;0,02950544844928751;1139;51;1088;0,1909471919530595;0,04477611940298507;0,04477611940298507;0,2897727272727273;0,8120573501468302;1,5175542740841248;0,0012472782688489337;0,8570348976696067;1,0;0,8570348976696067;0,03859649122807018;0,05454545454545454;5;38,267343834950815;adv_z_pre_30s_bid_size_medio_soma;>;-1,6307144168453929;adv_z_pre_30s_bid_size_medio_soma|>|-1.6307144168 && pre_60s_ticks_max_s|<=|18.0;adv_z_pre_30s_bid_size_medio_soma + pre_60s_ticks_max_s;75,28812251478688;2,0;0,0;0,0;B;2a498f1443ec7237;95;439;True;95
P7A_0005630;4;BIVARIADO;2;adv_z_pre_60s_ticks_max_s;<=;-0,7822262791881286;adv_z_pre_60s_ticks_max_s <= -0.782226279188 E adv_z_pre_30s_bid_size_medio_soma > -1.63071441685;5965;176;0,02950544844928751;1139;51;1088;0,1909471919530595;0,04477611940298507;0,04477611940298507;0,2897727272727273;0,8120573501468302;1,5175542740841248;0,0012472782688489337;0,8570348976696067;1,0;0,8570348976696067;0,03859649122807018;0,05454545454545454;5;38,267343834950815;adv_z_pre_30s_bid_size_medio_soma;>;-1,6307144168453929;adv_z_pre_30s_bid_size_medio_soma|>|-1.6307144168 && adv_z_pre_60s_ticks_max_s|<=|-0.7822262792;adv_z_pre_30s_bid_size_medio_soma + adv_z_pre_60s_ticks_max_s;75,28812251478688;2,0;0,0;0,0;B;3c92b5a27aec7dcb;96;440;True;96
P7A_0005655;4;BIVARIADO;2;pre_60s_ticks_max_s;<=;11,0;pre_60s_ticks_max_s <= 11 E pre_120s_ask_size_medio_soma <= 142.341848524;5965;176;0,02950544844928751;633;30;603;0,10611902766135792;0,04739336492890995;0,04739336492890995;0,17045454545454544;0,8958369321126274;1,6062580784144764;0,0008293786813307336;0,7901386999652193;1,0;0,7901386999652193;0,03225806451612903;0,06164383561643835;5;37,798869895387504;pre_120s_ask_size_medio_soma;<=;142,34184852438275;pre_120s_ask_size_medio_soma|<=|142.3418485244 && pre_60s_ticks_max_s|<=|11.0;pre_120s_ask_size_medio_soma + pre_60s_ticks_max_s;74,70888024700203;2,0;0,0;0,0;B;a7100729118331e3;97;504;True;97
P7A_0005656;4;BIVARIADO;2;pre_60s_ticks_max_s;<=;11,0;pre_60s_ticks_max_s <= 11 E adv_z_pre_120s_ask_size_medio_soma <= -0.388353899481;5965;176;0,02950544844928751;633;30;603;0,10611902766135792;0,04739336492890995;0,04739336492890995;0,17045454545454544;0,8958369321126274;1,6062580784144764;0,0008293786813307336;0,7901386999652193;1,0;0,7901386999652193;0,03225806451612903;0,06164383561643835;5;37,798869895387504;adv_z_pre_120s_ask_size_medio_soma;<=;-0,3883538994814234;adv_z_pre_120s_ask_size_medio_soma|<=|-0.3883538995 && pre_60s_ticks_max_s|<=|11.0;adv_z_pre_120s_ask_size_medio_soma + pre_60s_ticks_max_s;74,70888024700203;2,0;0,0;0,0;B;1caede79475ffbf3;98;505;True;98
P7A_0005657;4;BIVARIADO;2;adv_z_pre_60s_ticks_max_s;<=;-0,8592329042829405;adv_z_pre_60s_ticks_max_s <= -0.859232904283 E pre_120s_ask_size_medio_soma <= 142.341848524;5965;176;0,02950544844928751;633;30;603;0,10611902766135792;0,04739336492890995;0,04739336492890995;0,17045454545454544;0,8958369321126274;1,6062580784144764;0,0008293786813307336;0,7901386999652193;1,0;0,7901386999652193;0,03225806451612903;0,06164383561643835;5;37,798869895387504;pre_120s_ask_size_medio_soma;<=;142,34184852438275;adv_z_pre_60s_ticks_max_s|<=|-0.8592329043 && pre_120s_ask_size_medio_soma|<=|142.3418485244;adv_z_pre_60s_ticks_max_s + pre_120s_ask_size_medio_soma;74,70888024700203;2,0;0,0;0,0;B;86bcb91b75517f69;99;506;True;99
P7A_0005658;4;BIVARIADO;2;adv_z_pre_60s_ticks_max_s;<=;-0,8592329042829405;adv_z_pre_60s_ticks_max_s <= -0.859232904283 E adv_z_pre_120s_ask_size_medio_soma <= -0.388353899481;5965;176;0,02950544844928751;633;30;603;0,10611902766135792;0,04739336492890995;0,04739336492890995;0,17045454545454544;0,8958369321126274;1,6062580784144764;0,0008293786813307336;0,7901386999652193;1,0;0,7901386999652193;0,03225806451612903;0,06164383561643835;5;37,798869895387504;adv_z_pre_120s_ask_size_medio_soma;<=;-0,3883538994814234;adv_z_pre_120s_ask_size_medio_soma|<=|-0.3883538995 && adv_z_pre_60s_ticks_max_s|<=|-0.8592329043;adv_z_pre_120s_ask_size_medio_soma + adv_z_pre_60s_ticks_max_s;74,70888024700203;2,0;0,0;0,0;B;498b18b77ac0eb46;100;507;True;100
P7A_0008408;5;BIVARIADO;2;adv_z_pre_15s_volatilidade_close_pontos;>;0,14086228108497723;adv_z_pre_15s_volatilidade_close_pontos > 0.140862281085 E adv_delta_compressao_spread_60s_120s <= -0.323378444642;3050;104;0,03409836065573771;109;18;91;0,035737704918032784;0,1651376146788991;0,1651376146788991;0,17307692307692307;0,9691106585200272;4,842978122794636;0,007678574672998845;0,5952146572455899;1,0;0,5952146572455899;0,0625;0,23333333333333334;5;48,626970901078884;adv_delta_compressao_spread_60s_120s;<=;-0,32337844464185383;adv_delta_compressao_spread_60s_120s|<=|-0.3233784446 && adv_z_pre_15s_volatilidade_close_pontos|>|0.1408622811;adv_delta_compressao_spread_60s_120s + adv_z_pre_15s_volatilidade_close_pontos;80,61163741081721;2,0;0,0;0,0;B;075a2911a871ff21;1;13;True;1
P7A_0008407;5;BIVARIADO;2;pre_15s_volatilidade_close_pontos;>;237,79221788967124;pre_15s_volatilidade_close_pontos > 237.79221789 E adv_delta_compressao_spread_60s_120s <= -0.323378444642;3050;104;0,03409836065573771;107;18;89;0,035081967213114754;0,16822429906542055;0,16822429906542055;0,17307692307692307;0,9697895451459606;4,933501078360891;0,007822995792947235;0,5823077634866289;1,0;0,5823077634866289;0,0625;0,23333333333333334;5;48,97697485000958;adv_delta_compressao_spread_60s_120s;<=;-0,32337844464185383;adv_delta_compressao_spread_60s_120s|<=|-0.3233784446 && pre_15s_volatilidade_close_pontos|>|237.7922178897;adv_delta_compressao_spread_60s_120s + pre_15s_volatilidade_close_pontos;80,23529785573994;2,0;0,0;0,0;B;dbab6d518a101a48;2;16;True;2
P7A_0008405;5;BIVARIADO;2;adv_delta_compressao_spread_60s_120s;<=;-0,32337844464185383;adv_delta_compressao_spread_60s_120s <= -0.323378444642 E pre_60s_range_pontos > 2450;3050;104;0,03409836065573771;93;17;76;0,030491803278688525;0,1827956989247312;0,1827956989247312;0,16346153846153846;0,9742023082145281;5,360835401157981;0,007978929003391477;0,5762866656963738;1,0;0,5762866656963738;0,047619047619047616;0,25925925925925924;5;48,98480230087589;pre_60s_range_pontos;>;2450,0;adv_delta_compressao_spread_60s_120s|<=|-0.3233784446 && pre_60s_range_pontos|>|2450.0;adv_delta_compressao_spread_60s_120s + pre_60s_range_pontos;79,72640119123035;2,0;0,0;0,0;B;9126c2606b7cb092;3;17;True;3
P7A_0008406;5;BIVARIADO;2;adv_delta_compressao_spread_60s_120s;<=;-0,32337844464185383;adv_delta_compressao_spread_60s_120s <= -0.323378444642 E adv_z_pre_60s_range_pontos > -0.0328404614945;3050;104;0,03409836065573771;93;17;76;0,030491803278688525;0,1827956989247312;0,1827956989247312;0,16346153846153846;0,9742023082145281;5,360835401157981;0,007978929003391477;0,5762866656963738;1,0;0,5762866656963738;0,047619047619047616;0,25925925925925924;5;48,98480230087589;adv_z_pre_60s_range_pontos;>;-0,03284046149450046;adv_delta_compressao_spread_60s_120s|<=|-0.3233784446 && adv_z_pre_60s_range_pontos|>|-0.0328404615;adv_delta_compressao_spread_60s_120s + adv_z_pre_60s_range_pontos;79,72640119123035;2,0;0,0;0,0;B;3478a5b348957051;4;18;True;4
P7A_0008403;5;BIVARIADO;2;adv_delta_spread_minimo_15s_60s;>;0,9615384615384615;adv_delta_spread_minimo_15s_60s > 0.961538461538 E pre_15s_agressor_compra > 290.9;3050;104;0,03409836065573771;65;16;49;0,021311475409836064;0,24615384615384617;0,24615384615384617;0,15384615384615385;0,9833672776646301;7,218934911242603;0,00969345931621135;0,5572585850299614;0,8;0,6965732312874517;0,14285714285714285;0,3333333333333333;4;49,16346513820268;pre_15s_agressor_compra;>;290,9000000000001;adv_delta_spread_minimo_15s_60s|>|0.9615384615 && pre_15s_agressor_compra|>|290.9;adv_delta_spread_minimo_15s_60s + pre_15s_agressor_compra;78,83824657047454;2,0;0,0;0,0;B;8eab4d9307603c71;5;30;True;5
P7A_0008404;5;BIVARIADO;2;adv_delta_spread_minimo_15s_60s;>;0,9615384615384615;adv_delta_spread_minimo_15s_60s > 0.961538461538 E adv_z_pre_15s_agressor_compra > 0.564681701107;3050;104;0,03409836065573771;65;16;49;0,021311475409836064;0,24615384615384617;0,24615384615384617;0,15384615384615385;0,9833672776646301;7,218934911242603;0,00969345931621135;0,5572585850299614;0,8;0,6965732312874517;0,14285714285714285;0,3333333333333333;4;49,16346513820268;adv_z_pre_15s_agressor_compra;>;0,5646817011071398;adv_delta_spread_minimo_15s_60s|>|0.9615384615 && adv_z_pre_15s_agressor_compra|>|0.5646817011;adv_delta_spread_minimo_15s_60s + adv_z_pre_15s_agressor_compra;78,83824657047454;2,0;0,0;0,0;B;30cd006d3c30f6ef;6;31;True;6
P7A_0008401;5;BIVARIADO;2;pre_120s_range_pontos;>;5852,499999999998;pre_120s_range_pontos > 5852.5 E adv_delta_compressao_spread_60s_120s <= -0.323378444642;3050;104;0,03409836065573771;52;15;37;0,017049180327868854;0,28846153846153844;0,28846153846153844;0,14423076923076922;0,9874405974202308;8,459689349112425;0,010239179536264853;0,5383960663491656;0,6;0,8973267772486093;0,25;0,3181818181818182;3;49,380733436396;adv_delta_compressao_spread_60s_120s;<=;-0,32337844464185383;adv_delta_compressao_spread_60s_120s|<=|-0.3233784446 && pre_120s_range_pontos|>|5852.5;adv_delta_compressao_spread_60s_120s + pre_120s_range_pontos;78,2882527438779;2,0;0,0;0,0;B;20b5fb0a3ea45951;7;55;True;7
P7A_0008402;5;BIVARIADO;2;adv_z_pre_120s_range_pontos;>;0,9789561310355067;adv_z_pre_120s_range_pontos > 0.978956131036 E adv_delta_compressao_spread_60s_120s <= -0.323378444642;3050;104;0,03409836065573771;52;15;37;0,017049180327868854;0,28846153846153844;0,28846153846153844;0,14423076923076922;0,9874405974202308;8,459689349112425;0,010239179536264853;0,5383960663491656;0,6;0,8973267772486093;0,25;0,3181818181818182;3;49,380733436396;adv_delta_compressao_spread_60s_120s;<=;-0,32337844464185383;adv_delta_compressao_spread_60s_120s|<=|-0.3233784446 && adv_z_pre_120s_range_pontos|>|0.978956131;adv_delta_compressao_spread_60s_120s + adv_z_pre_120s_range_pontos;78,2882527438779;2,0;0,0;0,0;B;0475258e65d4a621;8;56;True;8
P7A_0008413;5;BIVARIADO;2;pre_15s_spread_maximo;>;4,25;pre_15s_spread_maximo > 4.25 E pre_120s_range_pontos > 5852.5;3050;104;0,03409836065573771;148;24;124;0,04852459016393443;0,16216216216216217;0,16216216216216217;0,23076923076923078;0,957909029192125;4,755717255717255;0,010309096737180168;0,40566686935004326;1,0;0,40566686935004326;0,0;0,21739130434782608;5;47,49841366377542;pre_120s_range_pontos;>;5852,499999999998;pre_120s_range_pontos|>|5852.5 && pre_15s_spread_maximo|>|4.25;pre_120s_range_pontos + pre_15s_spread_maximo;77,67105231828015;2,0;0,0;0,0;B;4062eebe065f5d8f;9;76;True;9
P7A_0008414;5;BIVARIADO;2;pre_15s_spread_maximo;>;4,25;pre_15s_spread_maximo > 4.25 E adv_z_pre_120s_range_pontos > 0.978956131036;3050;104;0,03409836065573771;148;24;124;0,04852459016393443;0,16216216216216217;0,16216216216216217;0,23076923076923078;0,957909029192125;4,755717255717255;0,010309096737180168;0,40566686935004326;1,0;0,40566686935004326;0,0;0,21739130434782608;5;47,49841366377542;adv_z_pre_120s_range_pontos;>;0,9789561310355067;adv_z_pre_120s_range_pontos|>|0.978956131 && pre_15s_spread_maximo|>|4.25;adv_z_pre_120s_range_pontos + pre_15s_spread_maximo;77,67105231828015;2,0;0,0;0,0;B;8031e96a373ada02;10;77;True;10
P7A_0008415;5;BIVARIADO;2;adv_z_pre_15s_spread_maximo;>;1,278264495183671;adv_z_pre_15s_spread_maximo > 1.27826449518 E pre_120s_range_pontos > 5852.5;3050;104;0,03409836065573771;148;24;124;0,04852459016393443;0,16216216216216217;0,16216216216216217;0,23076923076923078;0,957909029192125;4,755717255717255;0,010309096737180168;0,40566686935004326;1,0;0,40566686935004326;0,0;0,21739130434782608;5;47,49841366377542;pre_120s_range_pontos;>;5852,499999999998;adv_z_pre_15s_spread_maximo|>|1.2782644952 && pre_120s_range_pontos|>|5852.5;adv_z_pre_15s_spread_maximo + pre_120s_range_pontos;77,67105231828015;2,0;0,0;0,0;B;f58a4e450623e175;11;78;True;11
P7A_0008416;5;BIVARIADO;2;adv_z_pre_15s_spread_maximo;>;1,278264495183671;adv_z_pre_15s_spread_maximo > 1.27826449518 E adv_z_pre_120s_range_pontos > 0.978956131036;3050;104;0,03409836065573771;148;24;124;0,04852459016393443;0,16216216216216217;0,16216216216216217;0,23076923076923078;0,957909029192125;4,755717255717255;0,010309096737180168;0,40566686935004326;1,0;0,40566686935004326;0,0;0,21739130434782608;5;47,49841366377542;adv_z_pre_120s_range_pontos;>;0,9789561310355067;adv_z_pre_120s_range_pontos|>|0.978956131 && adv_z_pre_15s_spread_maximo|>|1.2782644952;adv_z_pre_120s_range_pontos + adv_z_pre_15s_spread_maximo;77,67105231828015;2,0;0,0;0,0;B;84f9900690271cd8;12;79;True;12
P7A_0008453;5;BIVARIADO;2;pre_15s_agressor_venda;>;274,9000000000001;pre_15s_agressor_venda > 274.9 E pre_15s_spread_maximo > 4.25;3050;104;0,03409836065573771;158;24;134;0,05180327868852459;0,1518987341772152;0,1518987341772152;0,23076923076923078;0,9545145960624576;4,454722492697176;0,009634129706367317;0,4110554632818053;1,0;0,4110554632818053;0,0;0,2127659574468085;5;45,9072465190743;pre_15s_spread_maximo;>;4,25;pre_15s_agressor_venda|>|274.9 && pre_15s_spread_maximo|>|4.25;pre_15s_agressor_venda + pre_15s_spread_maximo;77,38209759996526;2,0;0,0;0,0;B;7e0fbd798cbd10e1;13;82;True;13
P7A_0008454;5;BIVARIADO;2;pre_15s_agressor_venda;>;274,9000000000001;pre_15s_agressor_venda > 274.9 E adv_z_pre_15s_spread_maximo > 1.27826449518;3050;104;0,03409836065573771;158;24;134;0,05180327868852459;0,1518987341772152;0,1518987341772152;0,23076923076923078;0,9545145960624576;4,454722492697176;0,009634129706367317;0,4110554632818053;1,0;0,4110554632818053;0,0;0,2127659574468085;5;45,9072465190743;adv_z_pre_15s_spread_maximo;>;1,278264495183671;adv_z_pre_15s_spread_maximo|>|1.2782644952 && pre_15s_agressor_venda|>|274.9;adv_z_pre_15s_spread_maximo + pre_15s_agressor_venda;77,38209759996526;2,0;0,0;0,0;B;b64f4135c78b5ac9;14;83;True;14
P7A_0008455;5;BIVARIADO;2;adv_z_pre_15s_agressor_venda;>;0,4624642543250514;adv_z_pre_15s_agressor_venda > 0.462464254325 E pre_15s_spread_maximo > 4.25;3050;104;0,03409836065573771;158;24;134;0,05180327868852459;0,1518987341772152;0,1518987341772152;0,23076923076923078;0,9545145960624576;4,454722492697176;0,009634129706367317;0,4110554632818053;1,0;0,4110554632818053;0,0;0,2127659574468085;5;45,9072465190743;pre_15s_spread_maximo;>;4,25;adv_z_pre_15s_agressor_venda|>|0.4624642543 && pre_15s_spread_maximo|>|4.25;adv_z_pre_15s_agressor_venda + pre_15s_spread_maximo;77,38209759996526;2,0;0,0;0,0;B;f3f49e7e40230160;15;84;True;15
P7A_0008456;5;BIVARIADO;2;adv_z_pre_15s_agressor_venda;>;0,4624642543250514;adv_z_pre_15s_agressor_venda > 0.462464254325 E adv_z_pre_15s_spread_maximo > 1.27826449518;3050;104;0,03409836065573771;158;24;134;0,05180327868852459;0,1518987341772152;0,1518987341772152;0,23076923076923078;0,9545145960624576;4,454722492697176;0,009634129706367317;0,4110554632818053;1,0;0,4110554632818053;0,0;0,2127659574468085;5;45,9072465190743;adv_z_pre_15s_spread_maximo;>;1,278264495183671;adv_z_pre_15s_agressor_venda|>|0.4624642543 && adv_z_pre_15s_spread_maximo|>|1.2782644952;adv_z_pre_15s_agressor_venda + adv_z_pre_15s_spread_maximo;77,38209759996526;2,0;0,0;0,0;B;b5b7fed39f70599f;16;85;True;16
P7A_0008457;5;BIVARIADO;2;pre_15s_spread_maximo;>;4,25;pre_15s_spread_maximo > 4.25 E pre_60s_range_pontos > 4575;3050;104;0,03409836065573771;162;24;138;0,05311475409836065;0,14814814814814814;0,14814814814814814;0,23076923076923078;0,9531568228105907;4,344729344729344;0,009379729291429384;0,4488336230611356;1,0;0,4488336230611356;0,0;0,2;5;45,878756626465304;pre_60s_range_pontos;>;4575,0;pre_15s_spread_maximo|>|4.25 && pre_60s_range_pontos|>|4575.0;pre_15s_spread_maximo + pre_60s_range_pontos;76,73929415813986;2,0;0,0;0,0;B;d0d7179f17a4cbdd;17;114;True;17
P7A_0008458;5;BIVARIADO;2;pre_15s_spread_maximo;>;4,25;pre_15s_spread_maximo > 4.25 E adv_z_pre_60s_range_pontos > 1.17528610812;3050;104;0,03409836065573771;162;24;138;0,05311475409836065;0,14814814814814814;0,14814814814814814;0,23076923076923078;0,9531568228105907;4,344729344729344;0,009379729291429384;0,4488336230611356;1,0;0,4488336230611356;0,0;0,2;5;45,878756626465304;adv_z_pre_60s_range_pontos;>;1,1752861081192363;adv_z_pre_60s_range_pontos|>|1.1752861081 && pre_15s_spread_maximo|>|4.25;adv_z_pre_60s_range_pontos + pre_15s_spread_maximo;76,73929415813986;2,0;0,0;0,0;B;d8b1c4252528f277;18;115;True;18
P7A_0008459;5;BIVARIADO;2;adv_z_pre_15s_spread_maximo;>;1,278264495183671;adv_z_pre_15s_spread_maximo > 1.27826449518 E pre_60s_range_pontos > 4575;3050;104;0,03409836065573771;162;24;138;0,05311475409836065;0,14814814814814814;0,14814814814814814;0,23076923076923078;0,9531568228105907;4,344729344729344;0,009379729291429384;0,4488336230611356;1,0;0,4488336230611356;0,0;0,2;5;45,878756626465304;pre_60s_range_pontos;>;4575,0;adv_z_pre_15s_spread_maximo|>|1.2782644952 && pre_60s_range_pontos|>|4575.0;adv_z_pre_15s_spread_maximo + pre_60s_range_pontos;76,73929415813986;2,0;0,0;0,0;B;8b42f8fae6b72ec5;19;116;True;19
P7A_0008460;5;BIVARIADO;2;adv_z_pre_15s_spread_maximo;>;1,278264495183671;adv_z_pre_15s_spread_maximo > 1.27826449518 E adv_z_pre_60s_range_pontos > 1.17528610812;3050;104;0,03409836065573771;162;24;138;0,05311475409836065;0,14814814814814814;0,14814814814814814;0,23076923076923078;0,9531568228105907;4,344729344729344;0,009379729291429384;0,4488336230611356;1,0;0,4488336230611356;0,0;0,2;5;45,878756626465304;adv_z_pre_60s_range_pontos;>;1,1752861081192363;adv_z_pre_15s_spread_maximo|>|1.2782644952 && adv_z_pre_60s_range_pontos|>|1.1752861081;adv_z_pre_15s_spread_maximo + adv_z_pre_60s_range_pontos;76,73929415813986;2,0;0,0;0,0;B;82c59ee118ad730a;20;117;True;20
P7A_0008421;5;BIVARIADO;2;pre_15s_volume_incremento_media;>;27,920000000000012;pre_15s_volume_incremento_media > 27.92 E adv_delta_spread_minimo_15s_60s > 0.961538461538;3050;104;0,03409836065573771;64;14;50;0,02098360655737705;0,21875;0,21875;0,1346153846153846;0,9830278343516633;6,4152644230769225;0,007639839067496351;0,4825228973948873;0,8;0,6031536217436091;0,125;0,3333333333333333;4;47,00011030465432;adv_delta_spread_minimo_15s_60s;>;0,9615384615384615;adv_delta_spread_minimo_15s_60s|>|0.9615384615 && pre_15s_volume_incremento_media|>|27.92;adv_delta_spread_minimo_15s_60s + pre_15s_volume_incremento_media;76,65910138200117;2,0;0,0;0,0;B;300e2e747cc5d430;21;125;True;21
P7A_0008422;5;BIVARIADO;2;adv_z_pre_15s_volume_incremento_media;>;0,4226807924968387;adv_z_pre_15s_volume_incremento_media > 0.422680792497 E adv_delta_spread_minimo_15s_60s > 0.961538461538;3050;104;0,03409836065573771;64;14;50;0,02098360655737705;0,21875;0,21875;0,1346153846153846;0,9830278343516633;6,4152644230769225;0,007639839067496351;0,4825228973948873;0,8;0,6031536217436091;0,125;0,3333333333333333;4;47,00011030465432;adv_delta_spread_minimo_15s_60s;>;0,9615384615384615;adv_delta_spread_minimo_15s_60s|>|0.9615384615 && adv_z_pre_15s_volume_incremento_media|>|0.4226807925;adv_delta_spread_minimo_15s_60s + adv_z_pre_15s_volume_incremento_media;76,65910138200117;2,0;0,0;0,0;B;54c9bfeb385d9715;22;126;True;22
P7A_0008411;5;BIVARIADO;2;adv_delta_compressao_spread_60s_120s;<=;-0,32337844464185383;adv_delta_compressao_spread_60s_120s <= -0.323378444642 E pre_15s_range_pontos > 2322.5;3050;104;0,03409836065573771;60;15;45;0,019672131147540985;0,25;0,25;0,14423076923076922;0,984725050916497;7,331730769230768;0,009170764155649852;0,48092795506846847;0,8;0,6011599438355856;0,1;0,3333333333333333;4;47,79035362150565;pre_15s_range_pontos;>;2322,5000000000023;adv_delta_compressao_spread_60s_120s|<=|-0.3233784446 && pre_15s_range_pontos|>|2322.5;adv_delta_compressao_spread_60s_120s + pre_15s_range_pontos;76,61259601078577;2,0;0,0;0,0;B;b7d81b77e895df45;23;197;True;23
P7A_0008412;5;BIVARIADO;2;adv_delta_compressao_spread_60s_120s;<=;-0,32337844464185383;adv_delta_compressao_spread_60s_120s <= -0.323378444642 E adv_z_pre_15s_range_pontos > 1.12589126286;3050;104;0,03409836065573771;60;15;45;0,019672131147540985;0,25;0,25;0,14423076923076922;0,984725050916497;7,331730769230768;0,009170764155649852;0,48092795506846847;0,8;0,6011599438355856;0,1;0,3333333333333333;4;47,79035362150565;adv_z_pre_15s_range_pontos;>;1,1258912628630997;adv_delta_compressao_spread_60s_120s|<=|-0.3233784446 && adv_z_pre_15s_range_pontos|>|1.1258912629;adv_delta_compressao_spread_60s_120s + adv_z_pre_15s_range_pontos;76,61259601078577;2,0;0,0;0,0;B;c4952a42f47b50e6;24;198;True;24
P7A_0008466;5;BIVARIADO;2;adv_delta_spread_minimo_15s_60s;>;0,9615384615384615;adv_delta_spread_minimo_15s_60s > 0.961538461538 E pre_30s_spread_maximo > 5.25;3050;104;0,03409836065573771;113;18;95;0,03704918032786885;0,1592920353982301;0,1592920353982301;0,17307692307692307;0,9677528852681602;4,671545268890401;0,007399958822724179;0,4556074885222612;1,0;0,4556074885222612;0,0;0,23255813953488372;5;45,51305569872103;pre_30s_spread_maximo;>;5,25;adv_delta_spread_minimo_15s_60s|>|0.9615384615 && pre_30s_spread_maximo|>|5.25;adv_delta_spread_minimo_15s_60s + pre_30s_spread_maximo;76,59148061471278;2,0;0,0;0,0;B;7c3fcd48494d103e;25;199;True;25
P7A_0008467;5;BIVARIADO;2;adv_delta_spread_minimo_15s_60s;>;0,9615384615384615;adv_delta_spread_minimo_15s_60s > 0.961538461538 E adv_z_pre_30s_spread_maximo > 1.40326255679;3050;104;0,03409836065573771;113;18;95;0,03704918032786885;0,1592920353982301;0,1592920353982301;0,17307692307692307;0,9677528852681602;4,671545268890401;0,007399958822724179;0,4556074885222612;1,0;0,4556074885222612;0,0;0,23255813953488372;5;45,51305569872103;adv_z_pre_30s_spread_maximo;>;1,4032625567924915;adv_delta_spread_minimo_15s_60s|>|0.9615384615 && adv_z_pre_30s_spread_maximo|>|1.4032625568;adv_delta_spread_minimo_15s_60s + adv_z_pre_30s_spread_maximo;76,59148061471278;2,0;0,0;0,0;B;018a7abfeb881453;26;200;True;26
P7A_0008417;5;BIVARIADO;2;adv_delta_spread_minimo_15s_60s;>;0,9615384615384615;adv_delta_spread_minimo_15s_60s > 0.961538461538 E pre_30s_ticks_media_s > 44.04;3050;104;0,03409836065573771;74;16;58;0,024262295081967214;0,21621621621621623;0,21621621621621623;0,15384615384615385;0,9803122878479293;6,340956340956341;0,008705135111808343;0,4708079325422535;1,0;0,4708079325422535;0,0;0,25;5;47,41263892260554;pre_30s_ticks_media_s;>;44,039999999999935;adv_delta_spread_minimo_15s_60s|>|0.9615384615 && pre_30s_ticks_media_s|>|44.04;adv_delta_spread_minimo_15s_60s + pre_30s_ticks_media_s;76,31751612200591;2,0;0,0;0,0;B;78ada022c92637b0;27;219;True;27
P7A_0008418;5;BIVARIADO;2;adv_delta_spread_minimo_15s_60s;>;0,9615384615384615;adv_delta_spread_minimo_15s_60s > 0.961538461538 E adv_z_pre_30s_ticks_media_s > 0.610913274549;3050;104;0,03409836065573771;74;16;58;0,024262295081967214;0,21621621621621623;0,21621621621621623;0,15384615384615385;0,9803122878479293;6,340956340956341;0,008705135111808343;0,4708079325422535;1,0;0,4708079325422535;0,0;0,25;5;47,41263892260554;adv_z_pre_30s_ticks_media_s;>;0,6109132745485222;adv_delta_spread_minimo_15s_60s|>|0.9615384615 && adv_z_pre_30s_ticks_media_s|>|0.6109132745;adv_delta_spread_minimo_15s_60s + adv_z_pre_30s_ticks_media_s;76,31751612200591;2,0;0,0;0,0;B;ddf43e2fca0cb236;28;220;True;28
P7A_0008419;5;BIVARIADO;2;adv_delta_spread_minimo_15s_60s;>;0,9615384615384615;adv_delta_spread_minimo_15s_60s > 0.961538461538 E pre_30s_ticks_max_s > 184.1;3050;104;0,03409836065573771;85;16;69;0,027868852459016394;0,18823529411764706;0,18823529411764706;0,15384615384615385;0,9765784114052953;5,520361990950225;0,007690002926392575;0,47005545945028626;1,0;0,47005545945028626;0,0;0,25;5;47,09054255250681;pre_30s_ticks_max_s;>;184,0999999999999;adv_delta_spread_minimo_15s_60s|>|0.9615384615 && pre_30s_ticks_max_s|>|184.1;adv_delta_spread_minimo_15s_60s + pre_30s_ticks_max_s;76,29557549136874;2,0;0,0;0,0;B;e9ed6678c69687a2;29;224;True;29
P7A_0008420;5;BIVARIADO;2;adv_delta_spread_minimo_15s_60s;>;0,9615384615384615;adv_delta_spread_minimo_15s_60s > 0.961538461538 E adv_z_pre_30s_ticks_max_s > 1.38731767511;3050;104;0,03409836065573771;85;16;69;0,027868852459016394;0,18823529411764706;0,18823529411764706;0,15384615384615385;0,9765784114052953;5,520361990950225;0,007690002926392575;0,47005545945028626;1,0;0,47005545945028626;0,0;0,25;5;47,09054255250681;adv_z_pre_30s_ticks_max_s;>;1,3873176751057685;adv_delta_spread_minimo_15s_60s|>|0.9615384615 && adv_z_pre_30s_ticks_max_s|>|1.3873176751;adv_delta_spread_minimo_15s_60s + adv_z_pre_30s_ticks_max_s;76,29557549136874;2,0;0,0;0,0;B;b96790a472b2ae44;30;225;True;30
P7A_0008465;5;BIVARIADO;2;adv_delta_spread_minimo_15s_60s;>;0,9615384615384615;adv_delta_spread_minimo_15s_60s > 0.961538461538 E adv_z_pre_15s_agressor_compra > -0.302886464138;3050;104;0,03409836065573771;112;18;94;0,036721311475409836;0,16071428571428573;0,16071428571428573;0,17307692307692307;0,9680923285811269;4,7132554945054945;0,007468376176601593;0,4415699774274896;1,0;0,4415699774274896;0,0;0,25;5;45,54939291910417;adv_z_pre_15s_agressor_compra;>;-0,30288646413753306;adv_delta_spread_minimo_15s_60s|>|0.9615384615 && adv_z_pre_15s_agressor_compra|>|-0.3028864641;adv_delta_spread_minimo_15s_60s + adv_z_pre_15s_agressor_compra;76,16686758556085;2,0;0,0;0,0;B;2ca844754a435c1d;31;239;True;31
P7A_0008476;5;BIVARIADO;2;adv_delta_spread_minimo_15s_60s;>;0,9615384615384615;adv_delta_spread_minimo_15s_60s > 0.961538461538 E pre_15s_agressor_compra > 92;3050;104;0,03409836065573771;114;18;96;0,037377049180327866;0,15789473684210525;0,15789473684210525;0,17307692307692307;0,9674134419551935;4,630566801619432;0,007332339495746576;0,4415699774274896;1,0;0,4415699774274896;0,0;0,25;5;45,06072719359273;pre_15s_agressor_compra;>;92,0;adv_delta_spread_minimo_15s_60s|>|0.9615384615 && pre_15s_agressor_compra|>|92.0;adv_delta_spread_minimo_15s_60s + pre_15s_agressor_compra;76,08844964138085;2,0;0,0;0,0;B;1d9cc7f5d71918f3;32;264;True;32
P7A_0008409;5;BIVARIADO;2;pre_15s_agressor_venda;>;274,9000000000001;pre_15s_agressor_venda > 274.9 E adv_delta_spread_minimo_15s_60s > 0.961538461538;3050;104;0,03409836065573771;63;16;47;0,020655737704918034;0,25396825396825395;0,25396825396825395;0,15384615384615385;0,9840461642905635;7,4481074481074465;0,009937345607712367;0,46249721038087716;0,6;0,7708286839681286;0,14285714285714285;0,2564102564102564;3;47,87562700181406;adv_delta_spread_minimo_15s_60s;>;0,9615384615384615;adv_delta_spread_minimo_15s_60s|>|0.9615384615 && pre_15s_agressor_venda|>|274.9;adv_delta_spread_minimo_15s_60s + pre_15s_agressor_venda;76,07519186188625;2,0;0,0;0,0;B;18289f64329bddda;33;265;True;33
P7A_0008410;5;BIVARIADO;2;adv_z_pre_15s_agressor_venda;>;0,4624642543250514;adv_z_pre_15s_agressor_venda > 0.462464254325 E adv_delta_spread_minimo_15s_60s > 0.961538461538;3050;104;0,03409836065573771;63;16;47;0,020655737704918034;0,25396825396825395;0,25396825396825395;0,15384615384615385;0,9840461642905635;7,4481074481074465;0,009937345607712367;0,46249721038087716;0,6;0,7708286839681286;0,14285714285714285;0,2564102564102564;3;47,87562700181406;adv_delta_spread_minimo_15s_60s;>;0,9615384615384615;adv_delta_spread_minimo_15s_60s|>|0.9615384615 && adv_z_pre_15s_agressor_venda|>|0.4624642543;adv_delta_spread_minimo_15s_60s + adv_z_pre_15s_agressor_venda;76,07519186188625;2,0;0,0;0,0;B;349810d477a2a3bb;34;266;True;34
P7A_0008493;5;BIVARIADO;2;pre_15s_spread_maximo;>;4,25;pre_15s_spread_maximo > 4.25 E adv_delta_spread_minimo_15s_60s > 0.961538461538;3050;104;0,03409836065573771;116;18;98;0,0380327868852459;0,15517241379310345;0,15517241379310345;0,17307692307692307;0,96673455532926;4,550729442970822;0,007199434774700586;0,4433419551748192;1,0;0,4433419551748192;0,0;0,23255813953488372;5;44,61864957926678;adv_delta_spread_minimo_15s_60s;>;0,9615384615384615;adv_delta_spread_minimo_15s_60s|>|0.9615384615 && pre_15s_spread_maximo|>|4.25;adv_delta_spread_minimo_15s_60s + pre_15s_spread_maximo;75,84824339457138;2,0;0,0;0,0;B;c481ca87094fa7b2;35;297;True;35
P7A_0008494;5;BIVARIADO;2;adv_z_pre_15s_spread_maximo;>;1,278264495183671;adv_z_pre_15s_spread_maximo > 1.27826449518 E adv_delta_spread_minimo_15s_60s > 0.961538461538;3050;104;0,03409836065573771;116;18;98;0,0380327868852459;0,15517241379310345;0,15517241379310345;0,17307692307692307;0,96673455532926;4,550729442970822;0,007199434774700586;0,4433419551748192;1,0;0,4433419551748192;0,0;0,23255813953488372;5;44,61864957926678;adv_delta_spread_minimo_15s_60s;>;0,9615384615384615;adv_delta_spread_minimo_15s_60s|>|0.9615384615 && adv_z_pre_15s_spread_maximo|>|1.2782644952;adv_delta_spread_minimo_15s_60s + adv_z_pre_15s_spread_maximo;75,84824339457138;2,0;0,0;0,0;B;2f8c8fab4c3ea0ee;36;298;True;36
P7A_0008427;5;BIVARIADO;2;adv_delta_spread_minimo_15s_60s;>;0,7222222222222223;adv_delta_spread_minimo_15s_60s > 0.722222222222 E pre_15s_agressor_compra > 290.9;3050;104;0,03409836065573771;85;16;69;0,027868852459016394;0,18823529411764706;0,18823529411764706;0,15384615384615385;0,9765784114052953;5,520361990950225;0,007690002926392575;0,4478932216630148;0,8;0,5598665270787685;0,05;0,25;4;46,758108985697746;pre_15s_agressor_compra;>;290,9000000000001;adv_delta_spread_minimo_15s_60s|>|0.7222222222 && pre_15s_agressor_compra|>|290.9;adv_delta_spread_minimo_15s_60s + pre_15s_agressor_compra;75,64936836639046;2,0;0,0;0,0;B;f58109cd1c4e9a90;37;351;True;37
P7A_0008428;5;BIVARIADO;2;adv_delta_spread_minimo_15s_60s;>;0,7222222222222223;adv_delta_spread_minimo_15s_60s > 0.722222222222 E adv_z_pre_15s_agressor_compra > 0.564681701107;3050;104;0,03409836065573771;85;16;69;0,027868852459016394;0,18823529411764706;0,18823529411764706;0,15384615384615385;0,9765784114052953;5,520361990950225;0,007690002926392575;0,4478932216630148;0,8;0,5598665270787685;0,05;0,25;4;46,758108985697746;adv_z_pre_15s_agressor_compra;>;0,5646817011071398;adv_delta_spread_minimo_15s_60s|>|0.7222222222 && adv_z_pre_15s_agressor_compra|>|0.5646817011;adv_delta_spread_minimo_15s_60s + adv_z_pre_15s_agressor_compra;75,64936836639046;2,0;0,0;0,0;B;fed597b7c468a3b3;38;352;True;38
P7A_0008429;5;BIVARIADO;2;pre_15s_volume_incremento_media;>;9,772619047619049;pre_15s_volume_incremento_media > 9.77261904762 E adv_delta_compressao_spread_60s_120s <= -0.323378444642;3050;104;0,03409836065573771;89;16;73;0,029180327868852458;0,1797752808988764;0,1797752808988764;0,15384615384615385;0,9752206381534284;5,2722558340535866;0,0073624443049002675;0,4471779647298725;0,8;0,5589724559123406;0,08;0,30434782608695654;4;46,6834673194829;adv_delta_compressao_spread_60s_120s;<=;-0,32337844464185383;adv_delta_compressao_spread_60s_120s|<=|-0.3233784446 && pre_15s_volume_incremento_media|>|9.7726190476;adv_delta_compressao_spread_60s_120s + pre_15s_volume_incremento_media;75,59252912264628;2,0;0,0;0,0;B;6c34545fb1ad0883;39;360;True;39
P7A_0008430;5;BIVARIADO;2;adv_z_pre_15s_volume_incremento_media;>;-0,21154388232917284;adv_z_pre_15s_volume_incremento_media > -0.211543882329 E adv_delta_compressao_spread_60s_120s <= -0.323378444642;3050;104;0,03409836065573771;89;16;73;0,029180327868852458;0,1797752808988764;0,1797752808988764;0,15384615384615385;0,9752206381534284;5,2722558340535866;0,0073624443049002675;0,4471779647298725;0,8;0,5589724559123406;0,08;0,30434782608695654;4;46,6834673194829;adv_delta_compressao_spread_60s_120s;<=;-0,32337844464185383;adv_delta_compressao_spread_60s_120s|<=|-0.3233784446 && adv_z_pre_15s_volume_incremento_media|>|-0.2115438823;adv_delta_compressao_spread_60s_120s + adv_z_pre_15s_volume_incremento_media;75,59252912264628;2,0;0,0;0,0;B;21fa03816193344b;40;361;True;40
P7A_0008499;5;BIVARIADO;2;pre_15s_agressor_venda;>;94,0;pre_15s_agressor_venda > 94 E adv_delta_spread_minimo_15s_60s > 0.961538461538;3050;104;0,03409836065573771;118;18;100;0,038688524590163934;0,15254237288135594;0,15254237288135594;0,17307692307692307;0,9660556687033266;4,473598435462842;0,007069545930025428;0,4529665402635571;1,0;0,4529665402635571;0,0;0,22727272727272727;5;44,31335861679271;adv_delta_spread_minimo_15s_60s;>;0,9615384615384615;adv_delta_spread_minimo_15s_60s|>|0.9615384615 && pre_15s_agressor_venda|>|94.0;adv_delta_spread_minimo_15s_60s + pre_15s_agressor_venda;75,55503082623122;2,0;0,0;0,0;B;0b76b3f82daa97e8;41;364;True;41
P7A_0008500;5;BIVARIADO;2;adv_z_pre_15s_agressor_venda;>;-0,29427621377834706;adv_z_pre_15s_agressor_venda > -0.294276213778 E adv_delta_spread_minimo_15s_60s > 0.961538461538;3050;104;0,03409836065573771;118;18;100;0,038688524590163934;0,15254237288135594;0,15254237288135594;0,17307692307692307;0,9660556687033266;4,473598435462842;0,007069545930025428;0,4529665402635571;1,0;0,4529665402635571;0,0;0,22727272727272727;5;44,31335861679271;adv_delta_spread_minimo_15s_60s;>;0,9615384615384615;adv_delta_spread_minimo_15s_60s|>|0.9615384615 && adv_z_pre_15s_agressor_venda|>|-0.2942762138;adv_delta_spread_minimo_15s_60s + adv_z_pre_15s_agressor_venda;75,55503082623122;2,0;0,0;0,0;B;2b39ac2ffb9d75a8;42;365;True;42
P7A_0008425;5;BIVARIADO;2;adv_delta_spread_minimo_15s_60s;>;0,9615384615384615;adv_delta_spread_minimo_15s_60s > 0.961538461538 E pre_15s_range_pontos > 2322.5;3050;104;0,03409836065573771;95;17;78;0,03114754098360656;0,17894736842105263;0,17894736842105263;0,16346153846153846;0,9735234215885947;5,2479757085020236;0,007818458609061302;0,4309301218766005;1,0;0,4309301218766005;0,0;0,25;5;46,7825359775755;pre_15s_range_pontos;>;2322,5000000000023;adv_delta_spread_minimo_15s_60s|>|0.9615384615 && pre_15s_range_pontos|>|2322.5;adv_delta_spread_minimo_15s_60s + pre_15s_range_pontos;75,48809118029358;2,0;0,0;0,0;B;99745037874c98cc;43;389;True;43
P7A_0008426;5;BIVARIADO;2;adv_delta_spread_minimo_15s_60s;>;0,9615384615384615;adv_delta_spread_minimo_15s_60s > 0.961538461538 E adv_z_pre_15s_range_pontos > 1.12589126286;3050;104;0,03409836065573771;95;17;78;0,03114754098360656;0,17894736842105263;0,17894736842105263;0,16346153846153846;0,9735234215885947;5,2479757085020236;0,007818458609061302;0,4309301218766005;1,0;0,4309301218766005;0,0;0,25;5;46,7825359775755;adv_z_pre_15s_range_pontos;>;1,1258912628630997;adv_delta_spread_minimo_15s_60s|>|0.9615384615 && adv_z_pre_15s_range_pontos|>|1.1258912629;adv_delta_spread_minimo_15s_60s + adv_z_pre_15s_range_pontos;75,48809118029358;2,0;0,0;0,0;B;ee62865945e1f3fa;44;390;True;44
P7A_0008437;5;BIVARIADO;2;adv_delta_spread_minimo_15s_60s;>;0,9615384615384615;adv_delta_spread_minimo_15s_60s > 0.961538461538 E pre_30s_trades_incremento_soma > 778.3;3050;104;0,03409836065573771;77;15;62;0,025245901639344263;0,19480519480519481;0,19480519480519481;0,14423076923076922;0,9789545145960624;5,713036963036963;0,007413688583327693;0,4410362250684241;1,0;0,4410362250684241;0,0;0,25;5;46,38461177955702;pre_30s_trades_incremento_soma;>;778,2999999999997;adv_delta_spread_minimo_15s_60s|>|0.9615384615 && pre_30s_trades_incremento_soma|>|778.3;adv_delta_spread_minimo_15s_60s + pre_30s_trades_incremento_soma;75,44943187541385;2,0;0,0;0,0;B;3a999527d7f72d5f;45;401;True;45
P7A_0008438;5;BIVARIADO;2;adv_delta_spread_minimo_15s_60s;>;0,9615384615384615;adv_delta_spread_minimo_15s_60s > 0.961538461538 E adv_z_pre_30s_trades_incremento_soma > 0.836998849236;3050;104;0,03409836065573771;77;15;62;0,025245901639344263;0,19480519480519481;0,19480519480519481;0,14423076923076922;0,9789545145960624;5,713036963036963;0,007413688583327693;0,4410362250684241;1,0;0,4410362250684241;0,0;0,25;5;46,38461177955702;adv_z_pre_30s_trades_incremento_soma;>;0,8369988492362599;adv_delta_spread_minimo_15s_60s|>|0.9615384615 && adv_z_pre_30s_trades_incremento_soma|>|0.8369988492;adv_delta_spread_minimo_15s_60s + adv_z_pre_30s_trades_incremento_soma;75,44943187541385;2,0;0,0;0,0;B;3338053bba9af2f3;46;402;True;46
P7A_0008423;5;BIVARIADO;2;pre_15s_agressor_venda;>;274,9000000000001;pre_15s_agressor_venda > 274.9 E adv_delta_compressao_spread_60s_120s <= -0.323378444642;3050;104;0,03409836065573771;65;15;50;0,021311475409836064;0,23076923076923078;0,23076923076923078;0,14423076923076922;0,9830278343516633;6,767751479289941;0,008592767183014688;0,4369091795878487;0,8;0,5461364744848108;0,09090909090909091;0,3333333333333333;4;46,80850485197611;adv_delta_compressao_spread_60s_120s;<=;-0,32337844464185383;adv_delta_compressao_spread_60s_120s|<=|-0.3233784446 && pre_15s_agressor_venda|>|274.9;adv_delta_compressao_spread_60s_120s + pre_15s_agressor_venda;75,32909537238305;2,0;0,0;0,0;B;06e8386cc332c933;47;426;True;47
P7A_0008424;5;BIVARIADO;2;adv_z_pre_15s_agressor_venda;>;0,4624642543250514;adv_z_pre_15s_agressor_venda > 0.462464254325 E adv_delta_compressao_spread_60s_120s <= -0.323378444642;3050;104;0,03409836065573771;65;15;50;0,021311475409836064;0,23076923076923078;0,23076923076923078;0,14423076923076922;0,9830278343516633;6,767751479289941;0,008592767183014688;0,4369091795878487;0,8;0,5461364744848108;0,09090909090909091;0,3333333333333333;4;46,80850485197611;adv_delta_compressao_spread_60s_120s;<=;-0,32337844464185383;adv_delta_compressao_spread_60s_120s|<=|-0.3233784446 && adv_z_pre_15s_agressor_venda|>|0.4624642543;adv_delta_compressao_spread_60s_120s + adv_z_pre_15s_agressor_venda;75,32909537238305;2,0;0,0;0,0;B;d50061d3d1b35f24;48;427;True;48
P7A_0008431;5;BIVARIADO;2;pre_120s_range_pontos;>;5852,499999999998;pre_120s_range_pontos > 5852.5 E adv_delta_spread_minimo_15s_60s > 0.961538461538;3050;104;0,03409836065573771;106;18;88;0,03475409836065574;0,16981132075471697;0,16981132075471697;0,17307692307692307;0,9701289884589274;4,980043541364295;0,007896545732508364;0,409419702624219;1,0;0,409419702624219;0,0;0,3076923076923077;5;46,664436420391596;adv_delta_spread_minimo_15s_60s;>;0,9615384615384615;adv_delta_spread_minimo_15s_60s|>|0.9615384615 && pre_120s_range_pontos|>|5852.5;adv_delta_spread_minimo_15s_60s + pre_120s_range_pontos;75,19422313100561;2,0;0,0;0,0;B;ae03965d16c3e1b5;49;466;True;49
P7A_0008432;5;BIVARIADO;2;adv_z_pre_120s_range_pontos;>;0,9789561310355067;adv_z_pre_120s_range_pontos > 0.978956131036 E adv_delta_spread_minimo_15s_60s > 0.961538461538;3050;104;0,03409836065573771;106;18;88;0,03475409836065574;0,16981132075471697;0,16981132075471697;0,17307692307692307;0,9701289884589274;4,980043541364295;0,007896545732508364;0,409419702624219;1,0;0,409419702624219;0,0;0,3076923076923077;5;46,664436420391596;adv_delta_spread_minimo_15s_60s;>;0,9615384615384615;adv_delta_spread_minimo_15s_60s|>|0.9615384615 && adv_z_pre_120s_range_pontos|>|0.978956131;adv_delta_spread_minimo_15s_60s + adv_z_pre_120s_range_pontos;75,19422313100561;2,0;0,0;0,0;B;e11c1dbeba69b985;50;467;True;50
P7A_0008433;5;BIVARIADO;2;adv_delta_compressao_spread_60s_120s;<=;-0,32337844464185383;adv_delta_compressao_spread_60s_120s <= -0.323378444642 E pre_15s_agressor_compra > 290.9;3050;104;0,03409836065573771;68;15;53;0,022295081967213116;0,22058823529411764;0,22058823529411764;0,14423076923076922;0,982009504412763;6,469174208144795;0,008272925909999451;0,43200960851100734;0,8;0,5400120106387591;0,08333333333333333;0,3181818181818182;4;46,580051191599935;pre_15s_agressor_compra;>;290,9000000000001;adv_delta_compressao_spread_60s_120s|<=|-0.3233784446 && pre_15s_agressor_compra|>|290.9;adv_delta_compressao_spread_60s_120s + pre_15s_agressor_compra;75,18623354725588;2,0;0,0;0,0;B;fd80350ba30948ba;51;469;True;51
P7A_0008434;5;BIVARIADO;2;adv_delta_compressao_spread_60s_120s;<=;-0,32337844464185383;adv_delta_compressao_spread_60s_120s <= -0.323378444642 E adv_z_pre_15s_agressor_compra > 0.564681701107;3050;104;0,03409836065573771;68;15;53;0,022295081967213116;0,22058823529411764;0,22058823529411764;0,14423076923076922;0,982009504412763;6,469174208144795;0,008272925909999451;0,43200960851100734;0,8;0,5400120106387591;0,08333333333333333;0,3181818181818182;4;46,580051191599935;adv_z_pre_15s_agressor_compra;>;0,5646817011071398;adv_delta_compressao_spread_60s_120s|<=|-0.3233784446 && adv_z_pre_15s_agressor_compra|>|0.5646817011;adv_delta_compressao_spread_60s_120s + adv_z_pre_15s_agressor_compra;75,18623354725588;2,0;0,0;0,0;B;294f0b1cfc902cf7;52;470;True;52
P7A_0008495;5;BIVARIADO;2;adv_delta_spread_minimo_15s_60s;>;0,9615384615384615;adv_delta_spread_minimo_15s_60s > 0.961538461538 E pre_60s_range_pontos > 4575;3050;104;0,03409836065573771;110;17;93;0,036065573770491806;0,15454545454545454;0,15454545454545454;0,16346153846153846;0,9684317718940937;4,532342657342657;0,006741566523851411;0,46807779254498605;1,0;0,46807779254498605;0,0;0,25;5;44,49993024001858;pre_60s_range_pontos;>;4575,0;adv_delta_spread_minimo_15s_60s|>|0.9615384615 && pre_60s_range_pontos|>|4575.0;adv_delta_spread_minimo_15s_60s + pre_60s_range_pontos;75,03331978833204;2,0;0,0;0,0;B;7aa584abdb0042cc;53;476;True;53
P7A_0008496;5;BIVARIADO;2;adv_delta_spread_minimo_15s_60s;>;0,9615384615384615;adv_delta_spread_minimo_15s_60s > 0.961538461538 E adv_z_pre_60s_range_pontos > 1.17528610812;3050;104;0,03409836065573771;110;17;93;0,036065573770491806;0,15454545454545454;0,15454545454545454;0,16346153846153846;0,9684317718940937;4,532342657342657;0,006741566523851411;0,46807779254498605;1,0;0,46807779254498605;0,0;0,25;5;44,49993024001858;adv_z_pre_60s_range_pontos;>;1,1752861081192363;adv_delta_spread_minimo_15s_60s|>|0.9615384615 && adv_z_pre_60s_range_pontos|>|1.1752861081;adv_delta_spread_minimo_15s_60s + adv_z_pre_60s_range_pontos;75,03331978833204;2,0;0,0;0,0;B;5326db5bf559fdcd;54;477;True;54
P7A_0008481;5;BIVARIADO;2;pre_15s_spread_maximo;>;4,25;pre_15s_spread_maximo > 4.25 E pre_15s_agressor_compra > 290.9;3050;104;0,03409836065573771;160;24;136;0,05245901639344262;0,15;0,15;0,23076923076923078;0,9538357094365241;4,399038461538461;0,009505876667752267;0,359838725694814;1,0;0,359838725694814;0,0;0,21739130434782608;5;44,8365456138322;pre_15s_agressor_compra;>;290,9000000000001;pre_15s_agressor_compra|>|290.9 && pre_15s_spread_maximo|>|4.25;pre_15s_agressor_compra + pre_15s_spread_maximo;75,00526377124444;2,0;0,0;0,0;B;dcb57243c4173197;55;480;True;55
P7A_0008482;5;BIVARIADO;2;pre_15s_spread_maximo;>;4,25;pre_15s_spread_maximo > 4.25 E adv_z_pre_15s_agressor_compra > 0.564681701107;3050;104;0,03409836065573771;160;24;136;0,05245901639344262;0,15;0,15;0,23076923076923078;0,9538357094365241;4,399038461538461;0,009505876667752267;0,359838725694814;1,0;0,359838725694814;0,0;0,21739130434782608;5;44,8365456138322;adv_z_pre_15s_agressor_compra;>;0,5646817011071398;adv_z_pre_15s_agressor_compra|>|0.5646817011 && pre_15s_spread_maximo|>|4.25;adv_z_pre_15s_agressor_compra + pre_15s_spread_maximo;75,00526377124444;2,0;0,0;0,0;B;e2347d59b6f16fa0;56;481;True;56
P7A_0008483;5;BIVARIADO;2;adv_z_pre_15s_spread_maximo;>;1,278264495183671;adv_z_pre_15s_spread_maximo > 1.27826449518 E pre_15s_agressor_compra > 290.9;3050;104;0,03409836065573771;160;24;136;0,05245901639344262;0,15;0,15;0,23076923076923078;0,9538357094365241;4,399038461538461;0,009505876667752267;0,359838725694814;1,0;0,359838725694814;0,0;0,21739130434782608;5;44,8365456138322;pre_15s_agressor_compra;>;290,9000000000001;adv_z_pre_15s_spread_maximo|>|1.2782644952 && pre_15s_agressor_compra|>|290.9;adv_z_pre_15s_spread_maximo + pre_15s_agressor_compra;75,00526377124444;2,0;0,0;0,0;B;c3250bdb5b7af2db;57;482;True;57
P7A_0008484;5;BIVARIADO;2;adv_z_pre_15s_spread_maximo;>;1,278264495183671;adv_z_pre_15s_spread_maximo > 1.27826449518 E adv_z_pre_15s_agressor_compra > 0.564681701107;3050;104;0,03409836065573771;160;24;136;0,05245901639344262;0,15;0,15;0,23076923076923078;0,9538357094365241;4,399038461538461;0,009505876667752267;0,359838725694814;1,0;0,359838725694814;0,0;0,21739130434782608;5;44,8365456138322;adv_z_pre_15s_agressor_compra;>;0,5646817011071398;adv_z_pre_15s_agressor_compra|>|0.5646817011 && adv_z_pre_15s_spread_maximo|>|1.2782644952;adv_z_pre_15s_agressor_compra + adv_z_pre_15s_spread_maximo;75,00526377124444;2,0;0,0;0,0;B;cf78d5f55e2f568c;58;483;True;58
P7A_0008435;5;BIVARIADO;2;adv_delta_compressao_spread_60s_120s;<=;-0,32337844464185383;adv_delta_compressao_spread_60s_120s <= -0.323378444642 E pre_30s_trades_incremento_soma > 235;3050;104;0,03409836065573771;81;16;65;0,026557377049180327;0,19753086419753085;0,19753086419753085;0,15384615384615385;0,9779361846571623;5,792972459639126;0,008038314758659543;0,42501930297547813;0,8;0,5312741287193476;0,08;0,3076923076923077;4;46,50291492074643;pre_30s_trades_incremento_soma;>;235,0;adv_delta_compressao_spread_60s_120s|<=|-0.3233784446 && pre_30s_trades_incremento_soma|>|235.0;adv_delta_compressao_spread_60s_120s + pre_30s_trades_incremento_soma;74,9824100305969;2,0;0,0;0,0;B;064adfdc783b7f8d;59;486;True;59
P7A_0008436;5;BIVARIADO;2;adv_delta_compressao_spread_60s_120s;<=;-0,32337844464185383;adv_delta_compressao_spread_60s_120s <= -0.323378444642 E adv_z_pre_30s_trades_incremento_soma > -0.343517639202;3050;104;0,03409836065573771;81;16;65;0,026557377049180327;0,19753086419753085;0,19753086419753085;0,15384615384615385;0,9779361846571623;5,792972459639126;0,008038314758659543;0,42501930297547813;0,8;0,5312741287193476;0,08;0,3076923076923077;4;46,50291492074643;adv_z_pre_30s_trades_incremento_soma;>;-0,34351763920195355;adv_delta_compressao_spread_60s_120s|<=|-0.3233784446 && adv_z_pre_30s_trades_incremento_soma|>|-0.3435176392;adv_delta_compressao_spread_60s_120s + adv_z_pre_30s_trades_incremento_soma;74,9824100305969;2,0;0,0;0,0;B;d377603901224f32;60;487;True;60
P7A_0008505;5;BIVARIADO;2;adv_delta_spread_minimo_15s_60s;>;0,9615384615384615;adv_delta_spread_minimo_15s_60s > 0.961538461538 E pre_30s_ticks_media_s > 15.8972222222;3050;104;0,03409836065573771;119;18;101;0,03901639344262295;0,15126050420168066;0,15126050420168066;0,17307692307692307;0,9657162253903598;4,436005171299288;0,007005697946157907;0,4545002642119621;1,0;0,4545002642119621;0,0;0,22727272727272727;5;44,1183613043343;pre_30s_ticks_media_s;>;15,897222222222222;adv_delta_spread_minimo_15s_60s|>|0.9615384615 && pre_30s_ticks_media_s|>|15.8972222222;adv_delta_spread_minimo_15s_60s + pre_30s_ticks_media_s;74,84303005542019;2,0;0,0;0,0;B;7a1722001031f7bc;61;494;True;61
P7A_0008506;5;BIVARIADO;2;adv_delta_spread_minimo_15s_60s;>;0,9615384615384615;adv_delta_spread_minimo_15s_60s > 0.961538461538 E adv_z_pre_30s_ticks_media_s > -0.257390050461;3050;104;0,03409836065573771;119;18;101;0,03901639344262295;0,15126050420168066;0,15126050420168066;0,17307692307692307;0,9657162253903598;4,436005171299288;0,007005697946157907;0,4545002642119621;1,0;0,4545002642119621;0,0;0,22727272727272727;5;44,1183613043343;adv_z_pre_30s_ticks_media_s;>;-0,25739005046119534;adv_delta_spread_minimo_15s_60s|>|0.9615384615 && adv_z_pre_30s_ticks_media_s|>|-0.2573900505;adv_delta_spread_minimo_15s_60s + adv_z_pre_30s_ticks_media_s;74,84303005542019;2,0;0,0;0,0;B;e23f87e7fa35ea75;62;495;True;62
P7A_0008507;5;BIVARIADO;2;adv_delta_spread_minimo_15s_60s;>;0,9615384615384615;adv_delta_spread_minimo_15s_60s > 0.961538461538 E pre_30s_trades_incremento_soma > 235;3050;104;0,03409836065573771;119;18;101;0,03901639344262295;0,15126050420168066;0,15126050420168066;0,17307692307692307;0,9657162253903598;4,436005171299288;0,007005697946157907;0,4484902031450604;1,0;0,4484902031450604;0,0;0,23809523809523808;5;44,02821038833078;pre_30s_trades_incremento_soma;>;235,0;adv_delta_spread_minimo_15s_60s|>|0.9615384615 && pre_30s_trades_incremento_soma|>|235.0;adv_delta_spread_minimo_15s_60s + pre_30s_trades_incremento_soma;74,66778853332005;2,0;0,0;0,0;B;d04ddae437ae95db;63;508;True;63
P7A_0008508;5;BIVARIADO;2;adv_delta_spread_minimo_15s_60s;>;0,9615384615384615;adv_delta_spread_minimo_15s_60s > 0.961538461538 E adv_z_pre_30s_trades_incremento_soma > -0.343517639202;3050;104;0,03409836065573771;119;18;101;0,03901639344262295;0,15126050420168066;0,15126050420168066;0,17307692307692307;0,9657162253903598;4,436005171299288;0,007005697946157907;0,4484902031450604;1,0;0,4484902031450604;0,0;0,23809523809523808;5;44,02821038833078;adv_z_pre_30s_trades_incremento_soma;>;-0,34351763920195355;adv_delta_spread_minimo_15s_60s|>|0.9615384615 && adv_z_pre_30s_trades_incremento_soma|>|-0.3435176392;adv_delta_spread_minimo_15s_60s + adv_z_pre_30s_trades_incremento_soma;74,66778853332005;2,0;0,0;0,0;B;b72541996adcaaca;64;509;True;64
P7A_0008443;5;BIVARIADO;2;adv_delta_compressao_spread_60s_120s;<=;-0,32337844464185383;adv_delta_compressao_spread_60s_120s <= -0.323378444642 E pre_15s_agressor_compra > 92;3050;104;0,03409836065573771;88;16;72;0,028852459016393443;0,18181818181818182;0,18181818181818182;0,15384615384615385;0,9755600814663951;5,332167832167832;0,007442503709538473;0,41225195769376966;0,8;0,515314947117212;0,08333333333333333;0,3181818181818182;4;46,17347831975088;pre_15s_agressor_compra;>;92,0;adv_delta_compressao_spread_60s_120s|<=|-0.3233784446 && pre_15s_agressor_compra|>|92.0;adv_delta_compressao_spread_60s_120s + pre_15s_agressor_compra;74,61013943376953;2,0;0,0;0,0;B;32d96dafa16795a1;65;514;True;65
P7A_0008439;5;BIVARIADO;2;adv_delta_compressao_spread_60s_120s;<=;-0,32337844464185383;adv_delta_compressao_spread_60s_120s <= -0.323378444642 E pre_30s_ticks_max_s > 184.1;3050;104;0,03409836065573771;66;15;51;0,021639344262295083;0,22727272727272727;0,22727272727272727;0,14423076923076922;0,9826883910386965;6,665209790209789;0,008484064126746765;0,4088487545281062;0,8;0,5110609431601327;0,06666666666666667;0,3333333333333333;4;46,33306075809605;pre_30s_ticks_max_s;>;184,0999999999999;adv_delta_compressao_spread_60s_120s|<=|-0.3233784446 && pre_30s_ticks_max_s|>|184.1;adv_delta_compressao_spread_60s_120s + pre_30s_ticks_max_s;74,51090874440911;2,0;0,0;0,0;B;fe817cd4b1dc39ee;66;522;True;66
P7A_0008440;5;BIVARIADO;2;adv_delta_compressao_spread_60s_120s;<=;-0,32337844464185383;adv_delta_compressao_spread_60s_120s <= -0.323378444642 E adv_z_pre_30s_ticks_max_s > 1.38731767511;3050;104;0,03409836065573771;66;15;51;0,021639344262295083;0,22727272727272727;0,22727272727272727;0,14423076923076922;0,9826883910386965;6,665209790209789;0,008484064126746765;0,4088487545281062;0,8;0,5110609431601327;0,06666666666666667;0,3333333333333333;4;46,33306075809605;adv_z_pre_30s_ticks_max_s;>;1,3873176751057685;adv_delta_compressao_spread_60s_120s|<=|-0.3233784446 && adv_z_pre_30s_ticks_max_s|>|1.3873176751;adv_delta_compressao_spread_60s_120s + adv_z_pre_30s_ticks_max_s;74,51090874440911;2,0;0,0;0,0;B;77fdbdc32b008900;67;523;True;67
P7A_0008441;5;BIVARIADO;2;pre_15s_agressor_venda;>;94,0;pre_15s_agressor_venda > 94 E adv_delta_compressao_spread_60s_120s <= -0.323378444642;3050;104;0,03409836065573771;81;16;65;0,026557377049180327;0,19753086419753085;0,19753086419753085;0,15384615384615385;0,9779361846571623;5,792972459639126;0,008038314758659543;0,406902568955063;0,8;0,5086282111938287;0,09523809523809523;0,3333333333333333;4;46,231163910440195;adv_delta_compressao_spread_60s_120s;<=;-0,32337844464185383;adv_delta_compressao_spread_60s_120s|<=|-0.3233784446 && pre_15s_agressor_venda|>|94.0;adv_delta_compressao_spread_60s_120s + pre_15s_agressor_venda;74,45416181316949;2,0;0,0;0,0;B;6331d5ee065b8eb8;68;527;True;68
P7A_0008442;5;BIVARIADO;2;adv_z_pre_15s_agressor_venda;>;-0,29427621377834706;adv_z_pre_15s_agressor_venda > -0.294276213778 E adv_delta_compressao_spread_60s_120s <= -0.323378444642;3050;104;0,03409836065573771;81;16;65;0,026557377049180327;0,19753086419753085;0,19753086419753085;0,15384615384615385;0,9779361846571623;5,792972459639126;0,008038314758659543;0,406902568955063;0,8;0,5086282111938287;0,09523809523809523;0,3333333333333333;4;46,231163910440195;adv_delta_compressao_spread_60s_120s;<=;-0,32337844464185383;adv_delta_compressao_spread_60s_120s|<=|-0.3233784446 && adv_z_pre_15s_agressor_venda|>|-0.2942762138;adv_delta_compressao_spread_60s_120s + adv_z_pre_15s_agressor_venda;74,45416181316949;2,0;0,0;0,0;B;ee38cd12b85d8570;69;528;True;69
P7A_0008448;5;BIVARIADO;2;adv_delta_compressao_spread_60s_120s;<=;-0,32337844464185383;adv_delta_compressao_spread_60s_120s <= -0.323378444642 E adv_z_pre_15s_agressor_compra > -0.302886464138;3050;104;0,03409836065573771;89;16;73;0,029180327868852458;0,1797752808988764;0,1797752808988764;0,15384615384615385;0,9752206381534284;5,2722558340535866;0,0073624443049002675;0,40585412805160503;0,8;0,5073176600645063;0,08333333333333333;0,3181818181818182;4;46,0636097693089;adv_z_pre_15s_agressor_compra;>;-0,30288646413753306;adv_delta_compressao_spread_60s_120s|<=|-0.3233784446 && adv_z_pre_15s_agressor_compra|>|-0.3028864641;adv_delta_compressao_spread_60s_120s + adv_z_pre_15s_agressor_compra;74,38760758226502;2,0;0,0;0,0;B;f332abc530373d0a;70;534;True;70
P7A_0008449;5;BIVARIADO;2;pre_15s_agressor_venda;>;274,9000000000001;pre_15s_agressor_venda > 274.9 E pre_120s_range_pontos > 5852.5;3050;104;0,03409836065573771;177;23;154;0,0580327868852459;0,12994350282485875;0,12994350282485875;0,22115384615384615;0,9477257298031229;3,810843111690569;0,007705691655451291;0,6681961146505466;1,0;0,6681961146505466;0,05555555555555555;0,16216216216216217;5;45,997359741627655;pre_120s_range_pontos;>;5852,499999999998;pre_120s_range_pontos|>|5852.5 && pre_15s_agressor_venda|>|274.9;pre_120s_range_pontos + pre_15s_agressor_venda;74,26785304170575;2,0;0,0;0,0;B;6a0fc8167275f581;71;544;True;71
P7A_0008450;5;BIVARIADO;2;pre_15s_agressor_venda;>;274,9000000000001;pre_15s_agressor_venda > 274.9 E adv_z_pre_120s_range_pontos > 0.978956131036;3050;104;0,03409836065573771;177;23;154;0,0580327868852459;0,12994350282485875;0,12994350282485875;0,22115384615384615;0,9477257298031229;3,810843111690569;0,007705691655451291;0,6681961146505466;1,0;0,6681961146505466;0,05555555555555555;0,16216216216216217;5;45,997359741627655;adv_z_pre_120s_range_pontos;>;0,9789561310355067;adv_z_pre_120s_range_pontos|>|0.978956131 && pre_15s_agressor_venda|>|274.9;adv_z_pre_120s_range_pontos + pre_15s_agressor_venda;74,26785304170575;2,0;0,0;0,0;B;649da6fd3e9ab9fe;72;545;True;72
P7A_0008451;5;BIVARIADO;2;adv_z_pre_15s_agressor_venda;>;0,4624642543250514;adv_z_pre_15s_agressor_venda > 0.462464254325 E pre_120s_range_pontos > 5852.5;3050;104;0,03409836065573771;177;23;154;0,0580327868852459;0,12994350282485875;0,12994350282485875;0,22115384615384615;0,9477257298031229;3,810843111690569;0,007705691655451291;0,6681961146505466;1,0;0,6681961146505466;0,05555555555555555;0,16216216216216217;5;45,997359741627655;pre_120s_range_pontos;>;5852,499999999998;adv_z_pre_15s_agressor_venda|>|0.4624642543 && pre_120s_range_pontos|>|5852.5;adv_z_pre_15s_agressor_venda + pre_120s_range_pontos;74,26785304170575;2,0;0,0;0,0;B;256765ef7713c96b;73;546;True;73
P7A_0008452;5;BIVARIADO;2;adv_z_pre_15s_agressor_venda;>;0,4624642543250514;adv_z_pre_15s_agressor_venda > 0.462464254325 E adv_z_pre_120s_range_pontos > 0.978956131036;3050;104;0,03409836065573771;177;23;154;0,0580327868852459;0,12994350282485875;0,12994350282485875;0,22115384615384615;0,9477257298031229;3,810843111690569;0,007705691655451291;0,6681961146505466;1,0;0,6681961146505466;0,05555555555555555;0,16216216216216217;5;45,997359741627655;adv_z_pre_120s_range_pontos;>;0,9789561310355067;adv_z_pre_120s_range_pontos|>|0.978956131 && adv_z_pre_15s_agressor_venda|>|0.4624642543;adv_z_pre_120s_range_pontos + adv_z_pre_15s_agressor_venda;74,26785304170575;2,0;0,0;0,0;B;ae73793761920ff7;74;547;True;74
P7A_0008468;5;BIVARIADO;2;adv_delta_spread_minimo_15s_60s;>;0,9615384615384615;adv_delta_spread_minimo_15s_60s > 0.961538461538 E pre_30s_volatilidade_close_preco > 3.79772989515;3050;104;0,03409836065573771;98;16;82;0,032131147540983604;0,16326530612244897;0,16326530612244897;0,15384615384615385;0,9721656483367278;4,788069073783358;0,006691338192604451;0,45181271694605796;1,0;0,45181271694605796;0,0;0,23809523809523808;5;45,41061070999044;pre_30s_volatilidade_close_preco;>;3,7977298951515404;adv_delta_spread_minimo_15s_60s|>|0.9615384615 && pre_30s_volatilidade_close_preco|>|3.7977298952;adv_delta_spread_minimo_15s_60s + pre_30s_volatilidade_close_preco;74,09926004794774;2,0;0,0;0,0;B;5472ff15fc99be6c;75;560;True;75
P7A_0008469;5;BIVARIADO;2;adv_delta_spread_minimo_15s_60s;>;0,9615384615384615;adv_delta_spread_minimo_15s_60s > 0.961538461538 E adv_z_pre_30s_volatilidade_close_preco > 1.23653809576;3050;104;0,03409836065573771;98;16;82;0,032131147540983604;0,16326530612244897;0,16326530612244897;0,15384615384615385;0,9721656483367278;4,788069073783358;0,006691338192604451;0,45181271694605796;1,0;0,45181271694605796;0,0;0,23809523809523808;5;45,41061070999044;adv_z_pre_30s_volatilidade_close_preco;>;1,2365380957580616;adv_delta_spread_minimo_15s_60s|>|0.9615384615 && adv_z_pre_30s_volatilidade_close_preco|>|1.2365380958;adv_delta_spread_minimo_15s_60s + adv_z_pre_30s_volatilidade_close_preco;74,09926004794774;2,0;0,0;0,0;B;663bbc518c3742ee;76;561;True;76
P7A_0008512;5;BIVARIADO;2;pre_15s_spread_maximo;>;4,25;pre_15s_spread_maximo > 4.25 E pre_30s_ticks_media_s > 44.04;3050;104;0,03409836065573771;146;22;124;0,04786885245901639;0,1506849315068493;0,1506849315068493;0,21153846153846154;0,957909029192125;4,419125395152792;0,008678302363095303;0,3445053242411753;1,0;0,3445053242411753;0,0;0,2127659574468085;5;43,931528745522364;pre_30s_ticks_media_s;>;44,039999999999935;pre_15s_spread_maximo|>|4.25 && pre_30s_ticks_media_s|>|44.04;pre_15s_spread_maximo + pre_30s_ticks_media_s;74,00694124269663;2,0;0,0;0,0;B;e79756c072368480;77;562;True;77
P7A_0008513;5;BIVARIADO;2;pre_15s_spread_maximo;>;4,25;pre_15s_spread_maximo > 4.25 E adv_z_pre_30s_ticks_media_s > 0.610913274549;3050;104;0,03409836065573771;146;22;124;0,04786885245901639;0,1506849315068493;0,1506849315068493;0,21153846153846154;0,957909029192125;4,419125395152792;0,008678302363095303;0,3445053242411753;1,0;0,3445053242411753;0,0;0,2127659574468085;5;43,931528745522364;adv_z_pre_30s_ticks_media_s;>;0,6109132745485222;adv_z_pre_30s_ticks_media_s|>|0.6109132745 && pre_15s_spread_maximo|>|4.25;adv_z_pre_30s_ticks_media_s + pre_15s_spread_maximo;74,00694124269663;2,0;0,0;0,0;B;eec0bad4c2433360;78;563;True;78
P7A_0008514;5;BIVARIADO;2;adv_z_pre_15s_spread_maximo;>;1,278264495183671;adv_z_pre_15s_spread_maximo > 1.27826449518 E pre_30s_ticks_media_s > 44.04;3050;104;0,03409836065573771;146;22;124;0,04786885245901639;0,1506849315068493;0,1506849315068493;0,21153846153846154;0,957909029192125;4,419125395152792;0,008678302363095303;0,3445053242411753;1,0;0,3445053242411753;0,0;0,2127659574468085;5;43,931528745522364;pre_30s_ticks_media_s;>;44,039999999999935;adv_z_pre_15s_spread_maximo|>|1.2782644952 && pre_30s_ticks_media_s|>|44.04;adv_z_pre_15s_spread_maximo + pre_30s_ticks_media_s;74,00694124269663;2,0;0,0;0,0;B;b2619616e8abf37f;79;564;True;79
P7A_0008515;5;BIVARIADO;2;adv_z_pre_15s_spread_maximo;>;1,278264495183671;adv_z_pre_15s_spread_maximo > 1.27826449518 E adv_z_pre_30s_ticks_media_s > 0.610913274549;3050;104;0,03409836065573771;146;22;124;0,04786885245901639;0,1506849315068493;0,1506849315068493;0,21153846153846154;0,957909029192125;4,419125395152792;0,008678302363095303;0,3445053242411753;1,0;0,3445053242411753;0,0;0,2127659574468085;5;43,931528745522364;adv_z_pre_30s_ticks_media_s;>;0,6109132745485222;adv_z_pre_15s_spread_maximo|>|1.2782644952 && adv_z_pre_30s_ticks_media_s|>|0.6109132745;adv_z_pre_15s_spread_maximo + adv_z_pre_30s_ticks_media_s;74,00694124269663;2,0;0,0;0,0;B;d9ca4562de72d50a;80;565;True;80
P7A_0008474;5;BIVARIADO;2;pre_15s_volatilidade_close_pontos;>;366,3179840863509;pre_15s_volatilidade_close_pontos > 366.317984086 E adv_delta_spread_minimo_15s_60s > 0.961538461538;3050;104;0,03409836065573771;103;17;86;0,033770491803278686;0,1650485436893204;0,1650485436893204;0,16346153846153846;0,9708078750848609;4,840365944734876;0,007218295975624012;0,38645162361292273;1,0;0,38645162361292273;0,0;0,2564102564102564;5;45,1135017816715;adv_delta_spread_minimo_15s_60s;>;0,9615384615384615;adv_delta_spread_minimo_15s_60s|>|0.9615384615 && pre_15s_volatilidade_close_pontos|>|366.3179840864;adv_delta_spread_minimo_15s_60s + pre_15s_volatilidade_close_pontos;73,8054326231848;2,0;0,0;0,0;B;e773c355f9fdce2d;81;574;True;81
P7A_0008475;5;BIVARIADO;2;adv_z_pre_15s_volatilidade_close_pontos;>;1,1089290394753863;adv_z_pre_15s_volatilidade_close_pontos > 1.10892903948 E adv_delta_spread_minimo_15s_60s > 0.961538461538;3050;104;0,03409836065573771;103;17;86;0,033770491803278686;0,1650485436893204;0,1650485436893204;0,16346153846153846;0,9708078750848609;4,840365944734876;0,007218295975624012;0,38645162361292273;1,0;0,38645162361292273;0,0;0,2564102564102564;5;45,1135017816715;adv_delta_spread_minimo_15s_60s;>;0,9615384615384615;adv_delta_spread_minimo_15s_60s|>|0.9615384615 && adv_z_pre_15s_volatilidade_close_pontos|>|1.1089290395;adv_delta_spread_minimo_15s_60s + adv_z_pre_15s_volatilidade_close_pontos;73,8054326231848;2,0;0,0;0,0;B;b2db43404248e966;82;575;True;82
P7A_0008470;5;BIVARIADO;2;pre_15s_agressor_compra;>;290,9000000000001;pre_15s_agressor_compra > 290.9 E pre_60s_range_pontos > 4575;3050;104;0,03409836065573771;172;23;149;0,05639344262295082;0,13372093023255813;0,13372093023255813;0,22115384615384615;0,9494229463679565;3,9216234347048293;0,00797241738354948;0,5921329981451093;1,0;0,5921329981451093;0,03225806451612903;0,175;5;45,409637837194616;pre_60s_range_pontos;>;4575,0;pre_15s_agressor_compra|>|290.9 && pre_60s_range_pontos|>|4575.0;pre_15s_agressor_compra + pre_60s_range_pontos;73,79195747705944;2,0;0,0;0,0;B;2d77b695a535e7b2;83;577;True;83
P7A_0008471;5;BIVARIADO;2;pre_15s_agressor_compra;>;290,9000000000001;pre_15s_agressor_compra > 290.9 E adv_z_pre_60s_range_pontos > 1.17528610812;3050;104;0,03409836065573771;172;23;149;0,05639344262295082;0,13372093023255813;0,13372093023255813;0,22115384615384615;0,9494229463679565;3,9216234347048293;0,00797241738354948;0,5921329981451093;1,0;0,5921329981451093;0,03225806451612903;0,175;5;45,409637837194616;adv_z_pre_60s_range_pontos;>;1,1752861081192363;adv_z_pre_60s_range_pontos|>|1.1752861081 && pre_15s_agressor_compra|>|290.9;adv_z_pre_60s_range_pontos + pre_15s_agressor_compra;73,79195747705944;2,0;0,0;0,0;B;9d240ae4bfff7c4b;84;578;True;84
P7A_0008472;5;BIVARIADO;2;adv_z_pre_15s_agressor_compra;>;0,5646817011071398;adv_z_pre_15s_agressor_compra > 0.564681701107 E pre_60s_range_pontos > 4575;3050;104;0,03409836065573771;172;23;149;0,05639344262295082;0,13372093023255813;0,13372093023255813;0,22115384615384615;0,9494229463679565;3,9216234347048293;0,00797241738354948;0,5921329981451093;1,0;0,5921329981451093;0,03225806451612903;0,175;5;45,409637837194616;pre_60s_range_pontos;>;4575,0;adv_z_pre_15s_agressor_compra|>|0.5646817011 && pre_60s_range_pontos|>|4575.0;adv_z_pre_15s_agressor_compra + pre_60s_range_pontos;73,79195747705944;2,0;0,0;0,0;B;6ef3985e198b74ed;85;579;True;85
P7A_0008473;5;BIVARIADO;2;adv_z_pre_15s_agressor_compra;>;0,5646817011071398;adv_z_pre_15s_agressor_compra > 0.564681701107 E adv_z_pre_60s_range_pontos > 1.17528610812;3050;104;0,03409836065573771;172;23;149;0,05639344262295082;0,13372093023255813;0,13372093023255813;0,22115384615384615;0,9494229463679565;3,9216234347048293;0,00797241738354948;0,5921329981451093;1,0;0,5921329981451093;0,03225806451612903;0,175;5;45,409637837194616;adv_z_pre_60s_range_pontos;>;1,1752861081192363;adv_z_pre_15s_agressor_compra|>|0.5646817011 && adv_z_pre_60s_range_pontos|>|1.1752861081;adv_z_pre_15s_agressor_compra + adv_z_pre_60s_range_pontos;73,79195747705944;2,0;0,0;0,0;B;9486ce427a99dd68;86;580;True;86
P7A_0008444;5;BIVARIADO;2;pre_120s_range_pontos;>;5852,499999999998;pre_120s_range_pontos > 5852.5 E pre_15s_agressor_compra > 290.9;3050;104;0,03409836065573771;187;24;163;0,061311475409836065;0,12834224598930483;0,12834224598930483;0,23076923076923078;0,9446707399864223;3,7638831756478814;0,007960194696760042;0,6589432069448783;1,0;0,6589432069448783;0,047619047619047616;0,1590909090909091;5;46,0667538237825;pre_15s_agressor_compra;>;290,9000000000001;pre_120s_range_pontos|>|5852.5 && pre_15s_agressor_compra|>|290.9;pre_120s_range_pontos + pre_15s_agressor_compra;73,71359866408137;2,0;0,0;0,0;B;5c6ea1ec7290dd6e;87;586;True;87
P7A_0008445;5;BIVARIADO;2;pre_120s_range_pontos;>;5852,499999999998;pre_120s_range_pontos > 5852.5 E adv_z_pre_15s_agressor_compra > 0.564681701107;3050;104;0,03409836065573771;187;24;163;0,061311475409836065;0,12834224598930483;0,12834224598930483;0,23076923076923078;0,9446707399864223;3,7638831756478814;0,007960194696760042;0,6589432069448783;1,0;0,6589432069448783;0,047619047619047616;0,1590909090909091;5;46,0667538237825;adv_z_pre_15s_agressor_compra;>;0,5646817011071398;adv_z_pre_15s_agressor_compra|>|0.5646817011 && pre_120s_range_pontos|>|5852.5;adv_z_pre_15s_agressor_compra + pre_120s_range_pontos;73,71359866408137;2,0;0,0;0,0;B;53c27ad0e0df0051;88;587;True;88
P7A_0008446;5;BIVARIADO;2;adv_z_pre_120s_range_pontos;>;0,9789561310355067;adv_z_pre_120s_range_pontos > 0.978956131036 E pre_15s_agressor_compra > 290.9;3050;104;0,03409836065573771;187;24;163;0,061311475409836065;0,12834224598930483;0,12834224598930483;0,23076923076923078;0,9446707399864223;3,7638831756478814;0,007960194696760042;0,6589432069448783;1,0;0,6589432069448783;0,047619047619047616;0,1590909090909091;5;46,0667538237825;pre_15s_agressor_compra;>;290,9000000000001;adv_z_pre_120s_range_pontos|>|0.978956131 && pre_15s_agressor_compra|>|290.9;adv_z_pre_120s_range_pontos + pre_15s_agressor_compra;73,71359866408137;2,0;0,0;0,0;B;dcc23a1f5bc21282;89;588;True;89
P7A_0008447;5;BIVARIADO;2;adv_z_pre_120s_range_pontos;>;0,9789561310355067;adv_z_pre_120s_range_pontos > 0.978956131036 E adv_z_pre_15s_agressor_compra > 0.564681701107;3050;104;0,03409836065573771;187;24;163;0,061311475409836065;0,12834224598930483;0,12834224598930483;0,23076923076923078;0,9446707399864223;3,7638831756478814;0,007960194696760042;0,6589432069448783;1,0;0,6589432069448783;0,047619047619047616;0,1590909090909091;5;46,0667538237825;adv_z_pre_15s_agressor_compra;>;0,5646817011071398;adv_z_pre_120s_range_pontos|>|0.978956131 && adv_z_pre_15s_agressor_compra|>|0.5646817011;adv_z_pre_120s_range_pontos + adv_z_pre_15s_agressor_compra;73,71359866408137;2,0;0,0;0,0;B;fdc47d06f6fab4f0;90;589;True;90
P7A_0008461;5;BIVARIADO;2;adv_delta_compressao_spread_60s_120s;<=;-0,32337844464185383;adv_delta_compressao_spread_60s_120s <= -0.323378444642 E pre_30s_ticks_media_s > 15.8972222222;3050;104;0,03409836065573771;93;16;77;0,030491803278688525;0,17204301075268819;0,17204301075268819;0,15384615384615385;0,9738628649015615;5,045492142266336;0,007053625370318006;0,3935833540128602;0,8;0,49197919251607525;0,09090909090909091;0,30434782608695654;4;45,83663987636108;pre_30s_ticks_media_s;>;15,897222222222222;adv_delta_compressao_spread_60s_120s|<=|-0.3233784446 && pre_30s_ticks_media_s|>|15.8972222222;adv_delta_compressao_spread_60s_120s + pre_30s_ticks_media_s;73,28048053466371;2,0;0,0;0,0;B;b0a308fadfdb3f9e;91;621;True;91
P7A_0008462;5;BIVARIADO;2;adv_delta_compressao_spread_60s_120s;<=;-0,32337844464185383;adv_delta_compressao_spread_60s_120s <= -0.323378444642 E adv_z_pre_30s_ticks_media_s > -0.257390050461;3050;104;0,03409836065573771;93;16;77;0,030491803278688525;0,17204301075268819;0,17204301075268819;0,15384615384615385;0,9738628649015615;5,045492142266336;0,007053625370318006;0,3935833540128602;0,8;0,49197919251607525;0,09090909090909091;0,30434782608695654;4;45,83663987636108;adv_z_pre_30s_ticks_media_s;>;-0,25739005046119534;adv_delta_compressao_spread_60s_120s|<=|-0.3233784446 && adv_z_pre_30s_ticks_media_s|>|-0.2573900505;adv_delta_compressao_spread_60s_120s + adv_z_pre_30s_ticks_media_s;73,28048053466371;2,0;0,0;0,0;B;fc846978b8b51fbd;92;622;True;92
P7A_0008463;5;BIVARIADO;2;pre_15s_volatilidade_close_pontos;>;366,3179840863509;pre_15s_volatilidade_close_pontos > 366.317984086 E adv_delta_compressao_spread_60s_120s <= -0.323378444642;3050;104;0,03409836065573771;63;15;48;0,020655737704918034;0,23809523809523808;0,23809523809523808;0,14423076923076922;0,9837067209775967;6,982600732600732;0,008816817755847778;0,3536362233260939;1,0;0,3536362233260939;0,0;0,3333333333333333;5;45,67780762138723;adv_delta_compressao_spread_60s_120s;<=;-0,32337844464185383;adv_delta_compressao_spread_60s_120s|<=|-0.3233784446 && pre_15s_volatilidade_close_pontos|>|366.3179840864;adv_delta_compressao_spread_60s_120s + pre_15s_volatilidade_close_pontos;72,9010202758666;2,0;0,0;0,0;B;2314a98b745ef155;93;631;True;93
P7A_0008464;5;BIVARIADO;2;adv_z_pre_15s_volatilidade_close_pontos;>;1,1089290394753863;adv_z_pre_15s_volatilidade_close_pontos > 1.10892903948 E adv_delta_compressao_spread_60s_120s <= -0.323378444642;3050;104;0,03409836065573771;63;15;48;0,020655737704918034;0,23809523809523808;0,23809523809523808;0,14423076923076922;0,9837067209775967;6,982600732600732;0,008816817755847778;0,3536362233260939;1,0;0,3536362233260939;0,0;0,3333333333333333;5;45,67780762138723;adv_delta_compressao_spread_60s_120s;<=;-0,32337844464185383;adv_delta_compressao_spread_60s_120s|<=|-0.3233784446 && adv_z_pre_15s_volatilidade_close_pontos|>|1.1089290395;adv_delta_compressao_spread_60s_120s + adv_z_pre_15s_volatilidade_close_pontos;72,9010202758666;2,0;0,0;0,0;B;825e99c78f9ff5e4;94;632;True;94
P7A_0008534;5;BIVARIADO;2;pre_15s_volume_incremento_media;>;9,772619047619049;pre_15s_volume_incremento_media > 9.77261904762 E adv_delta_spread_minimo_15s_60s > 0.961538461538;3050;104;0,03409836065573771;122;18;104;0,04;0,14754098360655737;0,14754098360655737;0,17307692307692307;0,9646978954514596;4,326923076923077;0,006818383037402204;0,45105748073397445;1,0;0,45105748073397445;0,0;0,22727272727272727;5;43,43868271832233;adv_delta_spread_minimo_15s_60s;>;0,9615384615384615;adv_delta_spread_minimo_15s_60s|>|0.9615384615 && pre_15s_volume_incremento_media|>|9.7726190476;adv_delta_spread_minimo_15s_60s + pre_15s_volume_incremento_media;72,5434421903921;2,0;0,0;0,0;B;fd7ba97203aab778;95;646;True;95
P7A_0008535;5;BIVARIADO;2;adv_z_pre_15s_volume_incremento_media;>;-0,21154388232917284;adv_z_pre_15s_volume_incremento_media > -0.211543882329 E adv_delta_spread_minimo_15s_60s > 0.961538461538;3050;104;0,03409836065573771;122;18;104;0,04;0,14754098360655737;0,14754098360655737;0,17307692307692307;0,9646978954514596;4,326923076923077;0,006818383037402204;0,45105748073397445;1,0;0,45105748073397445;0,0;0,22727272727272727;5;43,43868271832233;adv_delta_spread_minimo_15s_60s;>;0,9615384615384615;adv_delta_spread_minimo_15s_60s|>|0.9615384615 && adv_z_pre_15s_volume_incremento_media|>|-0.2115438823;adv_delta_spread_minimo_15s_60s + adv_z_pre_15s_volume_incremento_media;72,5434421903921;2,0;0,0;0,0;B;f8236c86b706ebf9;96;647;True;96
P7A_0008487;5;BIVARIADO;2;pre_15s_agressor_venda;>;274,9000000000001;pre_15s_agressor_venda > 274.9 E pre_60s_range_pontos > 4575;3050;104;0,03409836065573771;167;22;145;0,054754098360655735;0,1317365269461078;0,1317365269461078;0,21153846153846154;0,9507807196198235;3,863426992169507;0,007456412459674322;0,5957764566716932;1,0;0,5957764566716932;0,034482758620689655;0,16666666666666666;5;44,74219859979464;pre_60s_range_pontos;>;4575,0;pre_15s_agressor_venda|>|274.9 && pre_60s_range_pontos|>|4575.0;pre_15s_agressor_venda + pre_60s_range_pontos;72,53301514272208;2,0;0,0;0,0;B;a684c569ec20d3cd;97;648;True;97
P7A_0008488;5;BIVARIADO;2;pre_15s_agressor_venda;>;274,9000000000001;pre_15s_agressor_venda > 274.9 E adv_z_pre_60s_range_pontos > 1.17528610812;3050;104;0,03409836065573771;167;22;145;0,054754098360655735;0,1317365269461078;0,1317365269461078;0,21153846153846154;0,9507807196198235;3,863426992169507;0,007456412459674322;0,5957764566716932;1,0;0,5957764566716932;0,034482758620689655;0,16666666666666666;5;44,74219859979464;adv_z_pre_60s_range_pontos;>;1,1752861081192363;adv_z_pre_60s_range_pontos|>|1.1752861081 && pre_15s_agressor_venda|>|274.9;adv_z_pre_60s_range_pontos + pre_15s_agressor_venda;72,53301514272208;2,0;0,0;0,0;B;fd6a28b98e69d4e2;98;649;True;98
P7A_0008489;5;BIVARIADO;2;adv_z_pre_15s_agressor_venda;>;0,4624642543250514;adv_z_pre_15s_agressor_venda > 0.462464254325 E pre_60s_range_pontos > 4575;3050;104;0,03409836065573771;167;22;145;0,054754098360655735;0,1317365269461078;0,1317365269461078;0,21153846153846154;0,9507807196198235;3,863426992169507;0,007456412459674322;0,5957764566716932;1,0;0,5957764566716932;0,034482758620689655;0,16666666666666666;5;44,74219859979464;pre_60s_range_pontos;>;4575,0;adv_z_pre_15s_agressor_venda|>|0.4624642543 && pre_60s_range_pontos|>|4575.0;adv_z_pre_15s_agressor_venda + pre_60s_range_pontos;72,53301514272208;2,0;0,0;0,0;B;e5de145c5408d4e9;99;650;True;99
P7A_0008490;5;BIVARIADO;2;adv_z_pre_15s_agressor_venda;>;0,4624642543250514;adv_z_pre_15s_agressor_venda > 0.462464254325 E adv_z_pre_60s_range_pontos > 1.17528610812;3050;104;0,03409836065573771;167;22;145;0,054754098360655735;0,1317365269461078;0,1317365269461078;0,21153846153846154;0,9507807196198235;3,863426992169507;0,007456412459674322;0,5957764566716932;1,0;0,5957764566716932;0,034482758620689655;0,16666666666666666;5;44,74219859979464;adv_z_pre_60s_range_pontos;>;1,1752861081192363;adv_z_pre_15s_agressor_venda|>|0.4624642543 && adv_z_pre_60s_range_pontos|>|1.1752861081;adv_z_pre_15s_agressor_venda + adv_z_pre_60s_range_pontos;72,53301514272208;2,0;0,0;0,0;B;3b6568f00ddd02d8;100;651;True;100
P7A_0011205;6;BIVARIADO;2;pre_120s_ticks_max_s;>;111,0;pre_120s_ticks_max_s > 111 E adv_120s_range_por_tick > 5.3096673898;7486;190;0,025380710659898477;74;14;60;0,009885118888592039;0,1891891891891892;0,1891891891891892;0,07368421052631578;0,9917763157894737;7,454054054054055;0,0033708991240212205;0,5269631535372354;0,8;0,6587039419215442;0,14285714285714285;0,3;4;44,62257973468025;adv_120s_range_por_tick;>;5,309667389796763;adv_120s_range_por_tick|>|5.3096673898 && pre_120s_ticks_max_s|>|111.0;adv_120s_range_por_tick + pre_120s_ticks_max_s;76,11919219476947;2,0;0,0;0,0;B;95039c3fd34783b1;1;250;True;1
P7A_0011206;6;BIVARIADO;2;adv_z_pre_120s_ticks_max_s;>;0,016049142078407914;adv_z_pre_120s_ticks_max_s > 0.0160491420784 E adv_120s_range_por_tick > 5.3096673898;7486;190;0,025380710659898477;74;14;60;0,009885118888592039;0,1891891891891892;0,1891891891891892;0,07368421052631578;0,9917763157894737;7,454054054054055;0,0033708991240212205;0,5269631535372354;0,8;0,6587039419215442;0,14285714285714285;0,3;4;44,62257973468025;adv_120s_range_por_tick;>;5,309667389796763;adv_120s_range_por_tick|>|5.3096673898 && adv_z_pre_120s_ticks_max_s|>|0.0160491421;adv_120s_range_por_tick + adv_z_pre_120s_ticks_max_s;76,11919219476947;2,0;0,0;0,0;B;1a37b1f9ee2a4561;2;251;True;2
P7A_0011203;6;BIVARIADO;2;adv_120s_range_por_tick;>;5,309667389796763;adv_120s_range_por_tick > 5.3096673898 E pre_60s_ticks_max_s > 92;7486;190;0,025380710659898477;84;16;68;0,0112209457654288;0,19047619047619047;0,19047619047619047;0,08421052631578947;0,9906798245614035;7,504761904761905;0,0038863748913516016;0,5063366123344647;0,8;0,6329207654180808;0,12121212121212122;0,3181818181818182;4;44,6230520454388;pre_60s_ticks_max_s;>;92,0;adv_120s_range_por_tick|>|5.3096673898 && pre_60s_ticks_max_s|>|92.0;adv_120s_range_por_tick + pre_60s_ticks_max_s;75,81500442816376;2,0;0,0;0,0;B;d995519cd7a2a192;3;326;True;3
P7A_0011204;6;BIVARIADO;2;adv_120s_range_por_tick;>;5,309667389796763;adv_120s_range_por_tick > 5.3096673898 E adv_z_pre_60s_ticks_max_s > 0.0318437575285;7486;190;0,025380710659898477;84;16;68;0,0112209457654288;0,19047619047619047;0,19047619047619047;0,08421052631578947;0,9906798245614035;7,504761904761905;0,0038863748913516016;0,5063366123344647;0,8;0,6329207654180808;0,12121212121212122;0,3181818181818182;4;44,6230520454388;adv_z_pre_60s_ticks_max_s;>;0,03184375752845396;adv_120s_range_por_tick|>|5.3096673898 && adv_z_pre_60s_ticks_max_s|>|0.0318437575;adv_120s_range_por_tick + adv_z_pre_60s_ticks_max_s;75,81500442816376;2,0;0,0;0,0;B;3a36c35f84a07e6d;4;327;True;4
P7A_0011223;6;BIVARIADO;2;pre_60s_cobertura_segundos;<=;50,0;pre_60s_cobertura_segundos <= 50 E pre_15s_ticks_max_s > 113.5;7486;190;0,025380710659898477;117;19;98;0,015629174458990116;0,1623931623931624;0,1623931623931624;0,1;0,9865679824561403;6,398290598290599;0,004074688924812414;0,37919939516683354;1,0;0,37919939516683354;0,0;0,36;5;42,70339949490194;pre_15s_ticks_max_s;>;113,5;pre_15s_ticks_max_s|>|113.5 && pre_60s_cobertura_segundos|<=|50.0;pre_15s_ticks_max_s + pre_60s_cobertura_segundos;73,2067707652879;2,0;0,0;0,0;B;867a65ab1b6944a8;5;623;True;5
P7A_0011224;6;BIVARIADO;2;pre_60s_cobertura_segundos;<=;50,0;pre_60s_cobertura_segundos <= 50 E adv_z_pre_15s_ticks_max_s > 0.762692955997;7486;190;0,025380710659898477;117;19;98;0,015629174458990116;0,1623931623931624;0,1623931623931624;0,1;0,9865679824561403;6,398290598290599;0,004074688924812414;0,37919939516683354;1,0;0,37919939516683354;0,0;0,36;5;42,70339949490194;adv_z_pre_15s_ticks_max_s;>;0,7626929559966293;adv_z_pre_15s_ticks_max_s|>|0.762692956 && pre_60s_cobertura_segundos|<=|50.0;adv_z_pre_15s_ticks_max_s + pre_60s_cobertura_segundos;73,2067707652879;2,0;0,0;0,0;B;e0b0bd581a3ae66b;6;624;True;6
P7A_0011225;6;BIVARIADO;2;adv_z_pre_60s_cobertura_segundos;<=;-0,01140952024060339;adv_z_pre_60s_cobertura_segundos <= -0.0114095202406 E pre_15s_ticks_max_s > 113.5;7486;190;0,025380710659898477;117;19;98;0,015629174458990116;0,1623931623931624;0,1623931623931624;0,1;0,9865679824561403;6,398290598290599;0,004074688924812414;0,37919939516683354;1,0;0,37919939516683354;0,0;0,36;5;42,70339949490194;pre_15s_ticks_max_s;>;113,5;adv_z_pre_60s_cobertura_segundos|<=|-0.0114095202 && pre_15s_ticks_max_s|>|113.5;adv_z_pre_60s_cobertura_segundos + pre_15s_ticks_max_s;73,2067707652879;2,0;0,0;0,0;B;c38f8140e3f43c20;7;625;True;7
P7A_0011226;6;BIVARIADO;2;adv_z_pre_60s_cobertura_segundos;<=;-0,01140952024060339;adv_z_pre_60s_cobertura_segundos <= -0.0114095202406 E adv_z_pre_15s_ticks_max_s > 0.762692955997;7486;190;0,025380710659898477;117;19;98;0,015629174458990116;0,1623931623931624;0,1623931623931624;0,1;0,9865679824561403;6,398290598290599;0,004074688924812414;0,37919939516683354;1,0;0,37919939516683354;0,0;0,36;5;42,70339949490194;adv_z_pre_15s_ticks_max_s;>;0,7626929559966293;adv_z_pre_15s_ticks_max_s|>|0.762692956 && adv_z_pre_60s_cobertura_segundos|<=|-0.0114095202;adv_z_pre_15s_ticks_max_s + adv_z_pre_60s_cobertura_segundos;73,2067707652879;2,0;0,0;0,0;B;e5003b63fc074fdf;8;626;True;8
P7A_0011227;6;BIVARIADO;2;adv_120s_range_por_tick;>;5,309667389796763;adv_120s_range_por_tick > 5.3096673898 E pre_15s_agressor_compra > 138;7486;190;0,025380710659898477;61;13;48;0,008148543948704248;0,21311475409836064;0,21311475409836064;0,06842105263157895;0,993421052631579;8,39672131147541;0,003421903972238405;0,3710615199564683;0,6;0,6184358665941139;0,14285714285714285;0,3333333333333333;3;42,629358839947436;pre_15s_agressor_compra;>;138,0;adv_120s_range_por_tick|>|5.3096673898 && pre_15s_agressor_compra|>|138.0;adv_120s_range_por_tick + pre_15s_agressor_compra;72,4455387913723;2,0;0,0;0,0;B;c1fad27f0482c89c;9;655;True;9
P7A_0011228;6;BIVARIADO;2;adv_120s_range_por_tick;>;5,309667389796763;adv_120s_range_por_tick > 5.3096673898 E adv_z_pre_15s_agressor_compra > -0.104811540566;7486;190;0,025380710659898477;61;13;48;0,008148543948704248;0,21311475409836064;0,21311475409836064;0,06842105263157895;0,993421052631579;8,39672131147541;0,003421903972238405;0,3710615199564683;0,6;0,6184358665941139;0,14285714285714285;0,3333333333333333;3;42,629358839947436;adv_z_pre_15s_agressor_compra;>;-0,10481154056568985;adv_120s_range_por_tick|>|5.3096673898 && adv_z_pre_15s_agressor_compra|>|-0.1048115406;adv_120s_range_por_tick + adv_z_pre_15s_agressor_compra;72,4455387913723;2,0;0,0;0,0;B;3c1c831106f4896a;10;656;True;10
P7A_0011231;6;BIVARIADO;2;adv_120s_range_por_tick;>;5,309667389796763;adv_120s_range_por_tick > 5.3096673898 E pre_30s_ticks_media_s > 21.4666666667;7486;190;0,025380710659898477;61;13;48;0,008148543948704248;0,21311475409836064;0,21311475409836064;0,06842105263157895;0,993421052631579;8,39672131147541;0,003421903972238405;0,3455904038008161;0,6;0,5759840063346936;0,14285714285714285;0,375;3;42,24729209761266;pre_30s_ticks_media_s;>;21,466666666666665;adv_120s_range_por_tick|>|5.3096673898 && pre_30s_ticks_media_s|>|21.4666666667;adv_120s_range_por_tick + pre_30s_ticks_media_s;71,86264353356016;2,0;0,0;0,0;B;1a1de4a5000835eb;11;676;True;11
P7A_0011232;6;BIVARIADO;2;adv_120s_range_por_tick;>;5,309667389796763;adv_120s_range_por_tick > 5.3096673898 E adv_z_pre_30s_ticks_media_s > -0.0855531704007;7486;190;0,025380710659898477;61;13;48;0,008148543948704248;0,21311475409836064;0,21311475409836064;0,06842105263157895;0,993421052631579;8,39672131147541;0,003421903972238405;0,3455904038008161;0,6;0,5759840063346936;0,14285714285714285;0,375;3;42,24729209761266;adv_z_pre_30s_ticks_media_s;>;-0,08555317040074101;adv_120s_range_por_tick|>|5.3096673898 && adv_z_pre_30s_ticks_media_s|>|-0.0855531704;adv_120s_range_por_tick + adv_z_pre_30s_ticks_media_s;71,86264353356016;2,0;0,0;0,0;B;5f980e5b112e1222;12;677;True;12
P7A_0011201;6;BIVARIADO;2;adv_120s_range_por_tick;>;5,309667389796763;adv_120s_range_por_tick > 5.3096673898 E pre_15s_ticks_max_s > 113.5;7486;190;0,025380710659898477;39;12;27;0,005209724819663372;0,3076923076923077;0,3076923076923077;0,06315789473684211;0,9962993421052632;12,123076923076924;0,004055258043374921;0,4071308016835869;0,6;0,6785513361393115;0,18181818181818182;0,42857142857142855;3;45,18901714701724;pre_15s_ticks_max_s;>;113,5;adv_120s_range_por_tick|>|5.3096673898 && pre_15s_ticks_max_s|>|113.5;adv_120s_range_por_tick + pre_15s_ticks_max_s;71,40890379711186;2,0;0,0;1,76;B;2ae3f9a08a59d98c;13;694;True;13
P7A_0011202;6;BIVARIADO;2;adv_120s_range_por_tick;>;5,309667389796763;adv_120s_range_por_tick > 5.3096673898 E adv_z_pre_15s_ticks_max_s > 0.762692955997;7486;190;0,025380710659898477;39;12;27;0,005209724819663372;0,3076923076923077;0,3076923076923077;0,06315789473684211;0,9962993421052632;12,123076923076924;0,004055258043374921;0,4071308016835869;0,6;0,6785513361393115;0,18181818181818182;0,42857142857142855;3;45,18901714701724;adv_z_pre_15s_ticks_max_s;>;0,7626929559966293;adv_120s_range_por_tick|>|5.3096673898 && adv_z_pre_15s_ticks_max_s|>|0.762692956;adv_120s_range_por_tick + adv_z_pre_15s_ticks_max_s;71,40890379711186;2,0;0,0;1,76;B;4b1ae884f27a9324;14;695;True;14
P7A_0011211;6;BIVARIADO;2;pre_60s_ticks_max_s;>;187,0;pre_60s_ticks_max_s > 187 E pre_60s_ask_size_medio_soma <= 78.8989205239;7486;190;0,025380710659898477;84;12;72;0,0112209457654288;0,14285714285714285;0,14285714285714285;0,06315789473684211;0,9901315789473685;5,628571428571428;0,002265796891646965;0,49310306953323035;1,0;0,49310306953323035;0,0;0,21428571428571427;5;42,99098601298839;pre_60s_ask_size_medio_soma;<=;78,89892052392051;pre_60s_ask_size_medio_soma|<=|78.8989205239 && pre_60s_ticks_max_s|>|187.0;pre_60s_ask_size_medio_soma + pre_60s_ticks_max_s;70,89251731330008;2,0;0,0;0,0;B;171b7d87c2ccc70f;15;715;True;15
P7A_0011212;6;BIVARIADO;2;pre_60s_ticks_max_s;>;187,0;pre_60s_ticks_max_s > 187 E adv_z_pre_60s_ask_size_medio_soma <= -0.120535330956;7486;190;0,025380710659898477;84;12;72;0,0112209457654288;0,14285714285714285;0,14285714285714285;0,06315789473684211;0,9901315789473685;5,628571428571428;0,002265796891646965;0,49310306953323035;1,0;0,49310306953323035;0,0;0,21428571428571427;5;42,99098601298839;adv_z_pre_60s_ask_size_medio_soma;<=;-0,12053533095585525;adv_z_pre_60s_ask_size_medio_soma|<=|-0.120535331 && pre_60s_ticks_max_s|>|187.0;adv_z_pre_60s_ask_size_medio_soma + pre_60s_ticks_max_s;70,89251731330008;2,0;0,0;0,0;B;07864444041e41b7;16;716;True;16
P7A_0011213;6;BIVARIADO;2;adv_z_pre_60s_ticks_max_s;>;1,0769336695294722;adv_z_pre_60s_ticks_max_s > 1.07693366953 E pre_60s_ask_size_medio_soma <= 78.8989205239;7486;190;0,025380710659898477;84;12;72;0,0112209457654288;0,14285714285714285;0,14285714285714285;0,06315789473684211;0,9901315789473685;5,628571428571428;0,002265796891646965;0,49310306953323035;1,0;0,49310306953323035;0,0;0,21428571428571427;5;42,99098601298839;pre_60s_ask_size_medio_soma;<=;78,89892052392051;adv_z_pre_60s_ticks_max_s|>|1.0769336695 && pre_60s_ask_size_medio_soma|<=|78.8989205239;adv_z_pre_60s_ticks_max_s + pre_60s_ask_size_medio_soma;70,89251731330008;2,0;0,0;0,0;B;4993d0c0788b2523;17;717;True;17
P7A_0011214;6;BIVARIADO;2;adv_z_pre_60s_ticks_max_s;>;1,0769336695294722;adv_z_pre_60s_ticks_max_s > 1.07693366953 E adv_z_pre_60s_ask_size_medio_soma <= -0.120535330956;7486;190;0,025380710659898477;84;12;72;0,0112209457654288;0,14285714285714285;0,14285714285714285;0,06315789473684211;0,9901315789473685;5,628571428571428;0,002265796891646965;0,49310306953323035;1,0;0,49310306953323035;0,0;0,21428571428571427;5;42,99098601298839;adv_z_pre_60s_ask_size_medio_soma;<=;-0,12053533095585525;adv_z_pre_60s_ask_size_medio_soma|<=|-0.120535331 && adv_z_pre_60s_ticks_max_s|>|1.0769336695;adv_z_pre_60s_ask_size_medio_soma + adv_z_pre_60s_ticks_max_s;70,89251731330008;2,0;0,0;0,0;B;435c5fa8ed7d7291;18;718;True;18
P7A_0011249;6;BIVARIADO;2;adv_120s_range_por_tick;>;2,7793871507638075;adv_120s_range_por_tick > 2.77938715076 E pre_15s_ticks_max_s > 113.5;7486;190;0,025380710659898477;107;19;88;0,014293347582153353;0,17757009345794392;0,17757009345794392;0,1;0,9879385964912281;6,996261682242991;0,004388024108968602;0,2506378179171349;1,0;0,2506378179171349;0,0;0,3448275862068966;5;41,00102535887391;pre_15s_ticks_max_s;>;113,5;adv_120s_range_por_tick|>|2.7793871508 && pre_15s_ticks_max_s|>|113.5;adv_120s_range_por_tick + pre_15s_ticks_max_s;70,23720512577025;2,0;0,0;0,0;B;df16c766348d8659;19;786;True;19
P7A_0011250;6;BIVARIADO;2;adv_120s_range_por_tick;>;2,7793871507638075;adv_120s_range_por_tick > 2.77938715076 E adv_z_pre_15s_ticks_max_s > 0.762692955997;7486;190;0,025380710659898477;107;19;88;0,014293347582153353;0,17757009345794392;0,17757009345794392;0,1;0,9879385964912281;6,996261682242991;0,004388024108968602;0,2506378179171349;1,0;0,2506378179171349;0,0;0,3448275862068966;5;41,00102535887391;adv_z_pre_15s_ticks_max_s;>;0,7626929559966293;adv_120s_range_por_tick|>|2.7793871508 && adv_z_pre_15s_ticks_max_s|>|0.762692956;adv_120s_range_por_tick + adv_z_pre_15s_ticks_max_s;70,23720512577025;2,0;0,0;0,0;B;4bb4738024a654bc;20;787;True;20
P7A_0011265;6;BIVARIADO;2;adv_delta_inclinacao_spread_60s_120s;>;0,008138973644856991;adv_delta_inclinacao_spread_60s_120s > 0.00813897364486 E pre_15s_ticks_max_s > 113.5;7486;190;0,025380710659898477;127;20;107;0,016965001335826877;0,15748031496062992;0,15748031496062992;0,10526315789473684;0,9853344298245614;6,2047244094488185;0,004185544975625344;0,2153635856835162;1,0;0,2153635856835162;0,0;0,30952380952380953;5;40,34004360598632;pre_15s_ticks_max_s;>;113,5;adv_delta_inclinacao_spread_60s_120s|>|0.0081389736 && pre_15s_ticks_max_s|>|113.5;adv_delta_inclinacao_spread_60s_120s + pre_15s_ticks_max_s;68,86239833932974;2,0;0,6927282863296758;0,0;C;6b85ba1690991655;21;958;True;21
P7A_0011266;6;BIVARIADO;2;adv_delta_inclinacao_spread_60s_120s;>;0,008138973644856991;adv_delta_inclinacao_spread_60s_120s > 0.00813897364486 E adv_z_pre_15s_ticks_max_s > 0.762692955997;7486;190;0,025380710659898477;127;20;107;0,016965001335826877;0,15748031496062992;0,15748031496062992;0,10526315789473684;0,9853344298245614;6,2047244094488185;0,004185544975625344;0,2153635856835162;1,0;0,2153635856835162;0,0;0,30952380952380953;5;40,34004360598632;adv_z_pre_15s_ticks_max_s;>;0,7626929559966293;adv_delta_inclinacao_spread_60s_120s|>|0.0081389736 && adv_z_pre_15s_ticks_max_s|>|0.762692956;adv_delta_inclinacao_spread_60s_120s + adv_z_pre_15s_ticks_max_s;68,86239833932974;2,0;0,6927282863296758;0,0;C;ba8d1d63274fff6b;22;959;True;22
P7A_0011207;6;BIVARIADO;2;adv_120s_range_por_tick;>;5,309667389796763;adv_120s_range_por_tick > 5.3096673898 E pre_60s_ticks_max_s > 187;7486;190;0,025380710659898477;38;12;26;0,005076142131979695;0,3157894736842105;0,3157894736842105;0,06315789473684211;0,9964364035087719;12,442105263157893;0,004122585195089873;0,2752429707801822;0,6;0,458738284633637;0,18181818181818182;0,5454545454545454;3;43,403190502868426;pre_60s_ticks_max_s;>;187,0;adv_120s_range_por_tick|>|5.3096673898 && pre_60s_ticks_max_s|>|187.0;adv_120s_range_por_tick + pre_60s_ticks_max_s;68,23070896313071;2,0;0,0;1,92;C;f74c2d3f3decdb1a;23;1038;True;23
P7A_0011208;6;BIVARIADO;2;adv_120s_range_por_tick;>;5,309667389796763;adv_120s_range_por_tick > 5.3096673898 E adv_z_pre_60s_ticks_max_s > 1.07693366953;7486;190;0,025380710659898477;38;12;26;0,005076142131979695;0,3157894736842105;0,3157894736842105;0,06315789473684211;0,9964364035087719;12,442105263157893;0,004122585195089873;0,2752429707801822;0,6;0,458738284633637;0,18181818181818182;0,5454545454545454;3;43,403190502868426;adv_z_pre_60s_ticks_max_s;>;1,0769336695294722;adv_120s_range_por_tick|>|5.3096673898 && adv_z_pre_60s_ticks_max_s|>|1.0769336695;adv_120s_range_por_tick + adv_z_pre_60s_ticks_max_s;68,23070896313071;2,0;0,0;1,92;C;fe9d20153bc15db4;24;1039;True;24
P7A_0011283;6;BIVARIADO;2;pre_30s_ticks_media_s;>;43,56666666666666;pre_30s_ticks_media_s > 43.5666666667 E pre_15s_spread_medio > 1.54569611936;7486;190;0,025380710659898477;130;19;111;0,017365749398877906;0,14615384615384616;0,14615384615384616;0,1;0,9847861842105263;5,758461538461539;0,003714575671894732;0,2036958012735689;1,0;0,2036958012735689;0,0;0,3;5;39,871331933565585;pre_15s_spread_medio;>;1,5456961193568337;pre_15s_spread_medio|>|1.5456961194 && pre_30s_ticks_media_s|>|43.5666666667;pre_15s_spread_medio + pre_30s_ticks_media_s;67,93913129235015;2,0;0,926083974528622;0,0;C;97055b3011c63f20;25;1076;True;25
P7A_0011284;6;BIVARIADO;2;pre_30s_ticks_media_s;>;43,56666666666666;pre_30s_ticks_media_s > 43.5666666667 E adv_z_pre_15s_spread_medio > 0.84216056003;7486;190;0,025380710659898477;130;19;111;0,017365749398877906;0,14615384615384616;0,14615384615384616;0,1;0,9847861842105263;5,758461538461539;0,003714575671894732;0,2036958012735689;1,0;0,2036958012735689;0,0;0,3;5;39,871331933565585;adv_z_pre_15s_spread_medio;>;0,8421605600300867;adv_z_pre_15s_spread_medio|>|0.84216056 && pre_30s_ticks_media_s|>|43.5666666667;adv_z_pre_15s_spread_medio + pre_30s_ticks_media_s;67,93913129235015;2,0;0,926083974528622;0,0;C;a0412483df721d3c;26;1077;True;26
P7A_0011285;6;BIVARIADO;2;adv_z_pre_30s_ticks_media_s;>;0,5963092823478751;adv_z_pre_30s_ticks_media_s > 0.596309282348 E pre_15s_spread_medio > 1.54569611936;7486;190;0,025380710659898477;130;19;111;0,017365749398877906;0,14615384615384616;0,14615384615384616;0,1;0,9847861842105263;5,758461538461539;0,003714575671894732;0,2036958012735689;1,0;0,2036958012735689;0,0;0,3;5;39,871331933565585;pre_15s_spread_medio;>;1,5456961193568337;adv_z_pre_30s_ticks_media_s|>|0.5963092823 && pre_15s_spread_medio|>|1.5456961194;adv_z_pre_30s_ticks_media_s + pre_15s_spread_medio;67,93913129235015;2,0;0,926083974528622;0,0;C;ee489d532eb78e3c;27;1078;True;27
P7A_0011286;6;BIVARIADO;2;adv_z_pre_30s_ticks_media_s;>;0,5963092823478751;adv_z_pre_30s_ticks_media_s > 0.596309282348 E adv_z_pre_15s_spread_medio > 0.84216056003;7486;190;0,025380710659898477;130;19;111;0,017365749398877906;0,14615384615384616;0,14615384615384616;0,1;0,9847861842105263;5,758461538461539;0,003714575671894732;0,2036958012735689;1,0;0,2036958012735689;0,0;0,3;5;39,871331933565585;adv_z_pre_15s_spread_medio;>;0,8421605600300867;adv_z_pre_15s_spread_medio|>|0.84216056 && adv_z_pre_30s_ticks_media_s|>|0.5963092823;adv_z_pre_15s_spread_medio + adv_z_pre_30s_ticks_media_s;67,93913129235015;2,0;0,926083974528622;0,0;C;7609fa01eee3790e;28;1079;True;28
P7A_0011233;6;BIVARIADO;2;adv_120s_range_por_tick;>;5,309667389796763;adv_120s_range_por_tick > 5.3096673898 E pre_15s_ticks_max_s > 56;7486;190;0,025380710659898477;104;14;90;0,013892599519102324;0,1346153846153846;0,1346153846153846;0,07368421052631578;0,9876644736842105;5,303846153846154;0,0025092122103412273;0,4254458969784988;0,8;0,5318073712231235;0,07692307692307693;0,23333333333333334;4;42,20734482947863;pre_15s_ticks_max_s;>;56,0;adv_120s_range_por_tick|>|5.3096673898 && pre_15s_ticks_max_s|>|56.0;adv_120s_range_por_tick + pre_15s_ticks_max_s;67,52034379413631;2,0;0,0;0,0;C;b80c0cfa32de6be9;29;1177;True;29
P7A_0011234;6;BIVARIADO;2;adv_120s_range_por_tick;>;5,309667389796763;adv_120s_range_por_tick > 5.3096673898 E adv_z_pre_15s_ticks_max_s > -0.0485402354421;7486;190;0,025380710659898477;104;14;90;0,013892599519102324;0,1346153846153846;0,1346153846153846;0,07368421052631578;0,9876644736842105;5,303846153846154;0,0025092122103412273;0,4254458969784988;0,8;0,5318073712231235;0,07692307692307693;0,23333333333333334;4;42,20734482947863;adv_z_pre_15s_ticks_max_s;>;-0,048540235442134975;adv_120s_range_por_tick|>|5.3096673898 && adv_z_pre_15s_ticks_max_s|>|-0.0485402354;adv_120s_range_por_tick + adv_z_pre_15s_ticks_max_s;67,52034379413631;2,0;0,0;0,0;C;5652b4a607b0e6e6;30;1178;True;30
P7A_0011219;6;BIVARIADO;2;pre_120s_ask_size_medio_soma;<=;154,30209206487177;pre_120s_ask_size_medio_soma <= 154.302092065 E pre_60s_ticks_max_s > 187;7486;190;0,025380710659898477;89;12;77;0,011888859203847182;0,1348314606741573;0,1348314606741573;0,06315789473684211;0,9894462719298246;5,312359550561798;0,002145305034826711;0,49087447250236893;1,0;0,49087447250236893;0,0;0,2;5;42,83902824019056;pre_60s_ticks_max_s;>;187,0;pre_120s_ask_size_medio_soma|<=|154.3020920649 && pre_60s_ticks_max_s|>|187.0;pre_120s_ask_size_medio_soma + pre_60s_ticks_max_s;66,61970898274689;2,0;0,0;0,0;C;04bca1a956f931de;31;1390;True;31
P7A_0011220;6;BIVARIADO;2;pre_120s_ask_size_medio_soma;<=;154,30209206487177;pre_120s_ask_size_medio_soma <= 154.302092065 E adv_z_pre_60s_ticks_max_s > 1.07693366953;7486;190;0,025380710659898477;89;12;77;0,011888859203847182;0,1348314606741573;0,1348314606741573;0,06315789473684211;0,9894462719298246;5,312359550561798;0,002145305034826711;0,49087447250236893;1,0;0,49087447250236893;0,0;0,2;5;42,83902824019056;adv_z_pre_60s_ticks_max_s;>;1,0769336695294722;adv_z_pre_60s_ticks_max_s|>|1.0769336695 && pre_120s_ask_size_medio_soma|<=|154.3020920649;adv_z_pre_60s_ticks_max_s + pre_120s_ask_size_medio_soma;66,61970898274689;2,0;0,0;0,0;C;e927cfad240e0e82;32;1391;True;32
P7A_0011221;6;BIVARIADO;2;adv_z_pre_120s_ask_size_medio_soma;<=;-0,1726956181366653;adv_z_pre_120s_ask_size_medio_soma <= -0.172695618137 E pre_60s_ticks_max_s > 187;7486;190;0,025380710659898477;89;12;77;0,011888859203847182;0,1348314606741573;0,1348314606741573;0,06315789473684211;0,9894462719298246;5,312359550561798;0,002145305034826711;0,49087447250236893;1,0;0,49087447250236893;0,0;0,2;5;42,83902824019056;pre_60s_ticks_max_s;>;187,0;adv_z_pre_120s_ask_size_medio_soma|<=|-0.1726956181 && pre_60s_ticks_max_s|>|187.0;adv_z_pre_120s_ask_size_medio_soma + pre_60s_ticks_max_s;66,61970898274689;2,0;0,0;0,0;C;9b59805c8a97d291;33;1392;True;33
P7A_0011222;6;BIVARIADO;2;adv_z_pre_120s_ask_size_medio_soma;<=;-0,1726956181366653;adv_z_pre_120s_ask_size_medio_soma <= -0.172695618137 E adv_z_pre_60s_ticks_max_s > 1.07693366953;7486;190;0,025380710659898477;89;12;77;0,011888859203847182;0,1348314606741573;0,1348314606741573;0,06315789473684211;0,9894462719298246;5,312359550561798;0,002145305034826711;0,49087447250236893;1,0;0,49087447250236893;0,0;0,2;5;42,83902824019056;adv_z_pre_60s_ticks_max_s;>;1,0769336695294722;adv_z_pre_120s_ask_size_medio_soma|<=|-0.1726956181 && adv_z_pre_60s_ticks_max_s|>|1.0769336695;adv_z_pre_120s_ask_size_medio_soma + adv_z_pre_60s_ticks_max_s;66,61970898274689;2,0;0,0;0,0;C;ad99bd0916b52075;34;1393;True;34
P7A_0011239;6;BIVARIADO;2;pre_120s_ticks_max_s;>;231,0;pre_120s_ticks_max_s > 231 E adv_120s_range_por_tick > 5.3096673898;7486;190;0,025380710659898477;35;10;25;0,004675394068928667;0,2857142857142857;0,2857142857142857;0,05263157894736842;0,9965734649122807;11,257142857142856;0,0032125818190269217;0,23559759105316214;0,6;0,39266265175527026;0,15384615384615385;0,5454545454545454;3;41,86001739184791;adv_120s_range_por_tick;>;5,309667389796763;adv_120s_range_por_tick|>|5.3096673898 && pre_120s_ticks_max_s|>|231.0;adv_120s_range_por_tick + pre_120s_ticks_max_s;66,41504287968174;2,0;0,28804817893675727;2,4;C;579af1687c3cc860;35;1410;True;35
P7A_0011240;6;BIVARIADO;2;adv_z_pre_120s_ticks_max_s;>;1,1768995943430611;adv_z_pre_120s_ticks_max_s > 1.17689959434 E adv_120s_range_por_tick > 5.3096673898;7486;190;0,025380710659898477;35;10;25;0,004675394068928667;0,2857142857142857;0,2857142857142857;0,05263157894736842;0,9965734649122807;11,257142857142856;0,0032125818190269217;0,23559759105316214;0,6;0,39266265175527026;0,15384615384615385;0,5454545454545454;3;41,86001739184791;adv_120s_range_por_tick;>;5,309667389796763;adv_120s_range_por_tick|>|5.3096673898 && adv_z_pre_120s_ticks_max_s|>|1.1768995943;adv_120s_range_por_tick + adv_z_pre_120s_ticks_max_s;66,41504287968174;2,0;0,28804817893675727;2,4;C;fa6c7716707c29c6;36;1411;True;36
P7A_0011275;6;BIVARIADO;2;pre_60s_ticks_max_s;>;187,0;pre_60s_ticks_max_s > 187 E pre_60s_cobertura_segundos <= 50;7486;190;0,025380710659898477;96;19;77;0,012823938017632914;0,19791666666666666;0,19791666666666666;0,1;0,9894462719298246;7,797916666666667;0,00477826451129007;0,15721207106482926;1,0;0,15721207106482926;0,0;0,5;5;39,94642811197755;pre_60s_cobertura_segundos;<=;50,0;pre_60s_cobertura_segundos|<=|50.0 && pre_60s_ticks_max_s|>|187.0;pre_60s_cobertura_segundos + pre_60s_ticks_max_s;66,21319982232215;2,0;1,8557585787034148;0,0;C;2c0e461204fb1510;37;1434;True;37
P7A_0011276;6;BIVARIADO;2;pre_60s_ticks_max_s;>;187,0;pre_60s_ticks_max_s > 187 E adv_z_pre_60s_cobertura_segundos <= -0.0114095202406;7486;190;0,025380710659898477;96;19;77;0,012823938017632914;0,19791666666666666;0,19791666666666666;0,1;0,9894462719298246;7,797916666666667;0,00477826451129007;0,15721207106482926;1,0;0,15721207106482926;0,0;0,5;5;39,94642811197755;adv_z_pre_60s_cobertura_segundos;<=;-0,01140952024060339;adv_z_pre_60s_cobertura_segundos|<=|-0.0114095202 && pre_60s_ticks_max_s|>|187.0;adv_z_pre_60s_cobertura_segundos + pre_60s_ticks_max_s;66,21319982232215;2,0;1,8557585787034148;0,0;C;ab829510bd8f50eb;38;1435;True;38
P7A_0011277;6;BIVARIADO;2;adv_z_pre_60s_ticks_max_s;>;1,0769336695294722;adv_z_pre_60s_ticks_max_s > 1.07693366953 E pre_60s_cobertura_segundos <= 50;7486;190;0,025380710659898477;96;19;77;0,012823938017632914;0,19791666666666666;0,19791666666666666;0,1;0,9894462719298246;7,797916666666667;0,00477826451129007;0,15721207106482926;1,0;0,15721207106482926;0,0;0,5;5;39,94642811197755;pre_60s_cobertura_segundos;<=;50,0;adv_z_pre_60s_ticks_max_s|>|1.0769336695 && pre_60s_cobertura_segundos|<=|50.0;adv_z_pre_60s_ticks_max_s + pre_60s_cobertura_segundos;66,21319982232215;2,0;1,8557585787034148;0,0;C;4fbf06aa7c41719a;39;1436;True;39
P7A_0011278;6;BIVARIADO;2;adv_z_pre_60s_ticks_max_s;>;1,0769336695294722;adv_z_pre_60s_ticks_max_s > 1.07693366953 E adv_z_pre_60s_cobertura_segundos <= -0.0114095202406;7486;190;0,025380710659898477;96;19;77;0,012823938017632914;0,19791666666666666;0,19791666666666666;0,1;0,9894462719298246;7,797916666666667;0,00477826451129007;0,15721207106482926;1,0;0,15721207106482926;0,0;0,5;5;39,94642811197755;adv_z_pre_60s_cobertura_segundos;<=;-0,01140952024060339;adv_z_pre_60s_cobertura_segundos|<=|-0.0114095202 && adv_z_pre_60s_ticks_max_s|>|1.0769336695;adv_z_pre_60s_cobertura_segundos + adv_z_pre_60s_ticks_max_s;66,21319982232215;2,0;1,8557585787034148;0,0;C;153788d57a9d1d5b;40;1437;True;40
P7A_0011241;6;BIVARIADO;2;pre_15s_spread_minimo;>;1,5322916666666666;pre_15s_spread_minimo > 1.53229166667 E pre_30s_ticks_media_s > 43.5666666667;7486;190;0,025380710659898477;42;12;30;0,0056104728827144;0,2857142857142857;0,2857142857142857;0,06315789473684211;0,9958881578947368;11,257142857142856;0,0038659498411819926;0,1971588284639485;0,8;0,24644853557993562;0,0;0,5333333333333333;4;41,52170297840083;pre_30s_ticks_media_s;>;43,56666666666666;pre_15s_spread_minimo|>|1.5322916667 && pre_30s_ticks_media_s|>|43.5666666667;pre_15s_spread_minimo + pre_30s_ticks_media_s;66,02696437872635;2,0;1,05682343072103;1,28;C;c4af3a79b5d26c07;41;1484;True;41
P7A_0011242;6;BIVARIADO;2;pre_15s_spread_minimo;>;1,5322916666666666;pre_15s_spread_minimo > 1.53229166667 E adv_z_pre_30s_ticks_media_s > 0.596309282348;7486;190;0,025380710659898477;42;12;30;0,0056104728827144;0,2857142857142857;0,2857142857142857;0,06315789473684211;0,9958881578947368;11,257142857142856;0,0038659498411819926;0,1971588284639485;0,8;0,24644853557993562;0,0;0,5333333333333333;4;41,52170297840083;adv_z_pre_30s_ticks_media_s;>;0,5963092823478751;adv_z_pre_30s_ticks_media_s|>|0.5963092823 && pre_15s_spread_minimo|>|1.5322916667;adv_z_pre_30s_ticks_media_s + pre_15s_spread_minimo;66,02696437872635;2,0;1,05682343072103;1,28;C;e3bd9cf96d9b2276;42;1485;True;42
P7A_0011243;6;BIVARIADO;2;adv_z_pre_15s_spread_minimo;>;1,802201143683691;adv_z_pre_15s_spread_minimo > 1.80220114368 E pre_30s_ticks_media_s > 43.5666666667;7486;190;0,025380710659898477;42;12;30;0,0056104728827144;0,2857142857142857;0,2857142857142857;0,06315789473684211;0,9958881578947368;11,257142857142856;0,0038659498411819926;0,1971588284639485;0,8;0,24644853557993562;0,0;0,5333333333333333;4;41,52170297840083;pre_30s_ticks_media_s;>;43,56666666666666;adv_z_pre_15s_spread_minimo|>|1.8022011437 && pre_30s_ticks_media_s|>|43.5666666667;adv_z_pre_15s_spread_minimo + pre_30s_ticks_media_s;66,02696437872635;2,0;1,05682343072103;1,28;C;0247ebbe0b8b252c;43;1486;True;43
P7A_0011244;6;BIVARIADO;2;adv_z_pre_15s_spread_minimo;>;1,802201143683691;adv_z_pre_15s_spread_minimo > 1.80220114368 E adv_z_pre_30s_ticks_media_s > 0.596309282348;7486;190;0,025380710659898477;42;12;30;0,0056104728827144;0,2857142857142857;0,2857142857142857;0,06315789473684211;0,9958881578947368;11,257142857142856;0,0038659498411819926;0,1971588284639485;0,8;0,24644853557993562;0,0;0,5333333333333333;4;41,52170297840083;adv_z_pre_30s_ticks_media_s;>;0,5963092823478751;adv_z_pre_15s_spread_minimo|>|1.8022011437 && adv_z_pre_30s_ticks_media_s|>|0.5963092823;adv_z_pre_15s_spread_minimo + adv_z_pre_30s_ticks_media_s;66,02696437872635;2,0;1,05682343072103;1,28;C;a2e5067f0d9798ff;44;1487;True;44
P7A_0011215;6;BIVARIADO;2;pre_60s_ticks_max_s;>;187,0;pre_60s_ticks_max_s > 187 E pre_120s_bid_size_medio_soma <= 154.004022122;7486;190;0,025380710659898477;90;12;78;0,012022441891530858;0,13333333333333333;0,13333333333333333;0,06315789473684211;0,9893092105263158;5,253333333333333;0,0021222553154325863;0,4963865479213577;1,0;0,4963865479213577;0,0;0,2;5;42,90083613319822;pre_120s_bid_size_medio_soma;<=;154,00402212166918;pre_120s_bid_size_medio_soma|<=|154.0040221217 && pre_60s_ticks_max_s|>|187.0;pre_120s_bid_size_medio_soma + pre_60s_ticks_max_s;65,95442171778723;2,0;0,0;0,0;C;be7ca0be45e6af2b;45;1490;True;45
P7A_0011216;6;BIVARIADO;2;pre_60s_ticks_max_s;>;187,0;pre_60s_ticks_max_s > 187 E adv_z_pre_120s_bid_size_medio_soma <= -0.167802826111;7486;190;0,025380710659898477;90;12;78;0,012022441891530858;0,13333333333333333;0,13333333333333333;0,06315789473684211;0,9893092105263158;5,253333333333333;0,0021222553154325863;0,4963865479213577;1,0;0,4963865479213577;0,0;0,2;5;42,90083613319822;adv_z_pre_120s_bid_size_medio_soma;<=;-0,1678028261109788;adv_z_pre_120s_bid_size_medio_soma|<=|-0.1678028261 && pre_60s_ticks_max_s|>|187.0;adv_z_pre_120s_bid_size_medio_soma + pre_60s_ticks_max_s;65,95442171778723;2,0;0,0;0,0;C;eafc9ee1e33cd63c;46;1491;True;46
P7A_0011217;6;BIVARIADO;2;adv_z_pre_60s_ticks_max_s;>;1,0769336695294722;adv_z_pre_60s_ticks_max_s > 1.07693366953 E pre_120s_bid_size_medio_soma <= 154.004022122;7486;190;0,025380710659898477;90;12;78;0,012022441891530858;0,13333333333333333;0,13333333333333333;0,06315789473684211;0,9893092105263158;5,253333333333333;0,0021222553154325863;0,4963865479213577;1,0;0,4963865479213577;0,0;0,2;5;42,90083613319822;pre_120s_bid_size_medio_soma;<=;154,00402212166918;adv_z_pre_60s_ticks_max_s|>|1.0769336695 && pre_120s_bid_size_medio_soma|<=|154.0040221217;adv_z_pre_60s_ticks_max_s + pre_120s_bid_size_medio_soma;65,95442171778723;2,0;0,0;0,0;C;cef40bf352afc3f4;47;1492;True;47
P7A_0011218;6;BIVARIADO;2;adv_z_pre_60s_ticks_max_s;>;1,0769336695294722;adv_z_pre_60s_ticks_max_s > 1.07693366953 E adv_z_pre_120s_bid_size_medio_soma <= -0.167802826111;7486;190;0,025380710659898477;90;12;78;0,012022441891530858;0,13333333333333333;0,13333333333333333;0,06315789473684211;0,9893092105263158;5,253333333333333;0,0021222553154325863;0,4963865479213577;1,0;0,4963865479213577;0,0;0,2;5;42,90083613319822;adv_z_pre_120s_bid_size_medio_soma;<=;-0,1678028261109788;adv_z_pre_120s_bid_size_medio_soma|<=|-0.1678028261 && adv_z_pre_60s_ticks_max_s|>|1.0769336695;adv_z_pre_120s_bid_size_medio_soma + adv_z_pre_60s_ticks_max_s;65,95442171778723;2,0;0,0;0,0;C;0c47103c9fc38800;48;1493;True;48
P7A_0011209;6;BIVARIADO;2;adv_120s_range_por_tick;>;5,309667389796763;adv_120s_range_por_tick > 5.3096673898 E pre_30s_ticks_media_s > 43.5666666667;7486;190;0,025380710659898477;24;8;16;0,0032059845044082286;0,3333333333333333;0,3333333333333333;0,042105263157894736;0,9978070175438597;13,133333333333333;0,0028281524796723856;0,275;0,4;0,6875;0,2857142857142857;0,5454545454545454;2;43,36345388094542;pre_30s_ticks_media_s;>;43,56666666666666;adv_120s_range_por_tick|>|5.3096673898 && pre_30s_ticks_media_s|>|43.5666666667;adv_120s_range_por_tick + pre_30s_ticks_media_s;65,84479780680863;2,0;0,0;4,16;C;afb60151c8310aac;49;1496;True;49
P7A_0011210;6;BIVARIADO;2;adv_120s_range_por_tick;>;5,309667389796763;adv_120s_range_por_tick > 5.3096673898 E adv_z_pre_30s_ticks_media_s > 0.596309282348;7486;190;0,025380710659898477;24;8;16;0,0032059845044082286;0,3333333333333333;0,3333333333333333;0,042105263157894736;0,9978070175438597;13,133333333333333;0,0028281524796723856;0,275;0,4;0,6875;0,2857142857142857;0,5454545454545454;2;43,36345388094542;adv_z_pre_30s_ticks_media_s;>;0,5963092823478751;adv_120s_range_por_tick|>|5.3096673898 && adv_z_pre_30s_ticks_media_s|>|0.5963092823;adv_120s_range_por_tick + adv_z_pre_30s_ticks_media_s;65,84479780680863;2,0;0,0;4,16;C;45c5a9671f3448f6;50;1497;True;50
P7A_0011317;6;BIVARIADO;2;pre_15s_ticks_max_s;>;113,5;pre_15s_ticks_max_s > 113.5 E pre_15s_spread_medio > 1.86036434185;7486;190;0,025380710659898477;82;16;66;0,010953780390061448;0,1951219512195122;0,1951219512195122;0,08421052631578947;0,990953947368421;7,687804878048781;0,003959753188273102;0,15096247198534674;1,0;0,15096247198534674;0,0;0,4074074074074074;5;39,37951589701819;pre_15s_spread_medio;>;1,8603643418547264;pre_15s_spread_medio|>|1.8603643419 && pre_15s_ticks_max_s|>|113.5;pre_15s_spread_medio + pre_15s_ticks_max_s;65,69617529228283;2,0;1,9807505602930653;0,0;C;fe4ded279f6c22c7;51;1517;True;51
P7A_0011318;6;BIVARIADO;2;pre_15s_ticks_max_s;>;113,5;pre_15s_ticks_max_s > 113.5 E adv_z_pre_15s_spread_medio > 1.53498847774;7486;190;0,025380710659898477;82;16;66;0,010953780390061448;0,1951219512195122;0,1951219512195122;0,08421052631578947;0,990953947368421;7,687804878048781;0,003959753188273102;0,15096247198534674;1,0;0,15096247198534674;0,0;0,4074074074074074;5;39,37951589701819;adv_z_pre_15s_spread_medio;>;1,5349884777431504;adv_z_pre_15s_spread_medio|>|1.5349884777 && pre_15s_ticks_max_s|>|113.5;adv_z_pre_15s_spread_medio + pre_15s_ticks_max_s;65,69617529228283;2,0;1,9807505602930653;0,0;C;26ca6ab2da802ff6;52;1518;True;52
P7A_0011319;6;BIVARIADO;2;adv_z_pre_15s_ticks_max_s;>;0,7626929559966293;adv_z_pre_15s_ticks_max_s > 0.762692955997 E pre_15s_spread_medio > 1.86036434185;7486;190;0,025380710659898477;82;16;66;0,010953780390061448;0,1951219512195122;0,1951219512195122;0,08421052631578947;0,990953947368421;7,687804878048781;0,003959753188273102;0,15096247198534674;1,0;0,15096247198534674;0,0;0,4074074074074074;5;39,37951589701819;pre_15s_spread_medio;>;1,8603643418547264;adv_z_pre_15s_ticks_max_s|>|0.762692956 && pre_15s_spread_medio|>|1.8603643419;adv_z_pre_15s_ticks_max_s + pre_15s_spread_medio;65,69617529228283;2,0;1,9807505602930653;0,0;C;5cc7101ab0e3572c;53;1519;True;53
P7A_0011320;6;BIVARIADO;2;adv_z_pre_15s_ticks_max_s;>;0,7626929559966293;adv_z_pre_15s_ticks_max_s > 0.762692955997 E adv_z_pre_15s_spread_medio > 1.53498847774;7486;190;0,025380710659898477;82;16;66;0,010953780390061448;0,1951219512195122;0,1951219512195122;0,08421052631578947;0,990953947368421;7,687804878048781;0,003959753188273102;0,15096247198534674;1,0;0,15096247198534674;0,0;0,4074074074074074;5;39,37951589701819;adv_z_pre_15s_spread_medio;>;1,5349884777431504;adv_z_pre_15s_spread_medio|>|1.5349884777 && adv_z_pre_15s_ticks_max_s|>|0.762692956;adv_z_pre_15s_spread_medio + adv_z_pre_15s_ticks_max_s;65,69617529228283;2,0;1,9807505602930653;0,0;C;f96181679a3b84b1;54;1520;True;54
P7A_0011313;6;BIVARIADO;2;pre_15s_spread_minimo;>;1,5322916666666666;pre_15s_spread_minimo > 1.53229166667 E pre_15s_agressor_compra > 300;7486;190;0,025380710659898477;46;10;36;0,006144803633449105;0,21739130434782608;0,21739130434782608;0,05263157894736842;0,9950657894736842;8,565217391304348;0,0026582569659985844;0,17636843911557964;0,8;0,22046054889447453;0,0;0,3888888888888889;4;39,4007682853465;pre_15s_agressor_compra;>;300,0;pre_15s_agressor_compra|>|300.0 && pre_15s_spread_minimo|>|1.5322916667;pre_15s_agressor_compra + pre_15s_spread_minimo;65,57376714293284;2,0;1,472631217688407;0,64;C;154ae09fa5ad8465;55;1533;True;55
P7A_0011314;6;BIVARIADO;2;pre_15s_spread_minimo;>;1,5322916666666666;pre_15s_spread_minimo > 1.53229166667 E adv_z_pre_15s_agressor_compra > 0.608258184293;7486;190;0,025380710659898477;46;10;36;0,006144803633449105;0,21739130434782608;0,21739130434782608;0,05263157894736842;0,9950657894736842;8,565217391304348;0,0026582569659985844;0,17636843911557964;0,8;0,22046054889447453;0,0;0,3888888888888889;4;39,4007682853465;adv_z_pre_15s_agressor_compra;>;0,6082581842929458;adv_z_pre_15s_agressor_compra|>|0.6082581843 && pre_15s_spread_minimo|>|1.5322916667;adv_z_pre_15s_agressor_compra + pre_15s_spread_minimo;65,57376714293284;2,0;1,472631217688407;0,64;C;e7fe2525a5bf96dc;56;1534;True;56
P7A_0011315;6;BIVARIADO;2;adv_z_pre_15s_spread_minimo;>;1,802201143683691;adv_z_pre_15s_spread_minimo > 1.80220114368 E pre_15s_agressor_compra > 300;7486;190;0,025380710659898477;46;10;36;0,006144803633449105;0,21739130434782608;0,21739130434782608;0,05263157894736842;0,9950657894736842;8,565217391304348;0,0026582569659985844;0,17636843911557964;0,8;0,22046054889447453;0,0;0,3888888888888889;4;39,4007682853465;pre_15s_agressor_compra;>;300,0;adv_z_pre_15s_spread_minimo|>|1.8022011437 && pre_15s_agressor_compra|>|300.0;adv_z_pre_15s_spread_minimo + pre_15s_agressor_compra;65,57376714293284;2,0;1,472631217688407;0,64;C;fa3e8fce8a5f517b;57;1535;True;57
P7A_0011316;6;BIVARIADO;2;adv_z_pre_15s_spread_minimo;>;1,802201143683691;adv_z_pre_15s_spread_minimo > 1.80220114368 E adv_z_pre_15s_agressor_compra > 0.608258184293;7486;190;0,025380710659898477;46;10;36;0,006144803633449105;0,21739130434782608;0,21739130434782608;0,05263157894736842;0,9950657894736842;8,565217391304348;0,0026582569659985844;0,17636843911557964;0,8;0,22046054889447453;0,0;0,3888888888888889;4;39,4007682853465;adv_z_pre_15s_agressor_compra;>;0,6082581842929458;adv_z_pre_15s_agressor_compra|>|0.6082581843 && adv_z_pre_15s_spread_minimo|>|1.8022011437;adv_z_pre_15s_agressor_compra + adv_z_pre_15s_spread_minimo;65,57376714293284;2,0;1,472631217688407;0,64;C;7586afa93e7bd286;58;1536;True;58
P7A_0011351;6;BIVARIADO;2;pre_15s_spread_minimo;>;1,25;pre_15s_spread_minimo > 1.25 E pre_30s_ticks_media_s > 43.5666666667;7486;190;0,025380710659898477;113;16;97;0,01509484370825541;0,1415929203539823;0,1415929203539823;0,08421052631578947;0,9867050438596491;5,578761061946903;0,003020188905717064;0,18937732289209164;1,0;0,18937732289209164;0,0;0,4090909090909091;5;39,09773774432681;pre_30s_ticks_media_s;>;43,56666666666666;pre_15s_spread_minimo|>|1.25 && pre_30s_ticks_media_s|>|43.5666666667;pre_15s_spread_minimo + pre_30s_ticks_media_s;65,09542297027741;2,0;1,2124535421581673;0,0;C;3c68527cc8ee4d8e;59;1577;True;59
P7A_0011352;6;BIVARIADO;2;pre_15s_spread_minimo;>;1,25;pre_15s_spread_minimo > 1.25 E adv_z_pre_30s_ticks_media_s > 0.596309282348;7486;190;0,025380710659898477;113;16;97;0,01509484370825541;0,1415929203539823;0,1415929203539823;0,08421052631578947;0,9867050438596491;5,578761061946903;0,003020188905717064;0,18937732289209164;1,0;0,18937732289209164;0,0;0,4090909090909091;5;39,09773774432681;adv_z_pre_30s_ticks_media_s;>;0,5963092823478751;adv_z_pre_30s_ticks_media_s|>|0.5963092823 && pre_15s_spread_minimo|>|1.25;adv_z_pre_30s_ticks_media_s + pre_15s_spread_minimo;65,09542297027741;2,0;1,2124535421581673;0,0;C;d5728d824d157e39;60;1578;True;60
P7A_0011353;6;BIVARIADO;2;adv_z_pre_15s_spread_minimo;>;0,9941185143671212;adv_z_pre_15s_spread_minimo > 0.994118514367 E pre_30s_ticks_media_s > 43.5666666667;7486;190;0,025380710659898477;113;16;97;0,01509484370825541;0,1415929203539823;0,1415929203539823;0,08421052631578947;0,9867050438596491;5,578761061946903;0,003020188905717064;0,18937732289209164;1,0;0,18937732289209164;0,0;0,4090909090909091;5;39,09773774432681;pre_30s_ticks_media_s;>;43,56666666666666;adv_z_pre_15s_spread_minimo|>|0.9941185144 && pre_30s_ticks_media_s|>|43.5666666667;adv_z_pre_15s_spread_minimo + pre_30s_ticks_media_s;65,09542297027741;2,0;1,2124535421581673;0,0;C;777b1414519038ff;61;1579;True;61
P7A_0011354;6;BIVARIADO;2;adv_z_pre_15s_spread_minimo;>;0,9941185143671212;adv_z_pre_15s_spread_minimo > 0.994118514367 E adv_z_pre_30s_ticks_media_s > 0.596309282348;7486;190;0,025380710659898477;113;16;97;0,01509484370825541;0,1415929203539823;0,1415929203539823;0,08421052631578947;0,9867050438596491;5,578761061946903;0,003020188905717064;0,18937732289209164;1,0;0,18937732289209164;0,0;0,4090909090909091;5;39,09773774432681;adv_z_pre_30s_ticks_media_s;>;0,5963092823478751;adv_z_pre_15s_spread_minimo|>|0.9941185144 && adv_z_pre_30s_ticks_media_s|>|0.5963092823;adv_z_pre_15s_spread_minimo + adv_z_pre_30s_ticks_media_s;65,09542297027741;2,0;1,2124535421581673;0,0;C;2c8bd9b428b80c74;62;1580;True;62
P7A_0011251;6;BIVARIADO;2;pre_60s_cobertura_segundos;<=;50,0;pre_60s_cobertura_segundos <= 50 E pre_30s_ticks_media_s > 43.5666666667;7486;190;0,025380710659898477;48;14;34;0,006411969008816457;0,2916666666666667;0,2916666666666667;0,07368421052631578;0,9953399122807017;11,491666666666667;0,004584072245295973;0,12952871965075713;0,8;0,1619108995634464;0,0;0,6428571428571429;4;40,88400364954489;pre_30s_ticks_media_s;>;43,56666666666666;pre_30s_ticks_media_s|>|43.5666666667 && pre_60s_cobertura_segundos|<=|50.0;pre_30s_ticks_media_s + pre_60s_cobertura_segundos;64,2270278713738;2,0;2,4094256069848576;0,32;C;c917bf170a1885c9;63;1658;True;63
P7A_0011252;6;BIVARIADO;2;pre_60s_cobertura_segundos;<=;50,0;pre_60s_cobertura_segundos <= 50 E adv_z_pre_30s_ticks_media_s > 0.596309282348;7486;190;0,025380710659898477;48;14;34;0,006411969008816457;0,2916666666666667;0,2916666666666667;0,07368421052631578;0,9953399122807017;11,491666666666667;0,004584072245295973;0,12952871965075713;0,8;0,1619108995634464;0,0;0,6428571428571429;4;40,88400364954489;adv_z_pre_30s_ticks_media_s;>;0,5963092823478751;adv_z_pre_30s_ticks_media_s|>|0.5963092823 && pre_60s_cobertura_segundos|<=|50.0;adv_z_pre_30s_ticks_media_s + pre_60s_cobertura_segundos;64,2270278713738;2,0;2,4094256069848576;0,32;C;80a4c2d432c1f71f;64;1659;True;64
P7A_0011253;6;BIVARIADO;2;adv_z_pre_60s_cobertura_segundos;<=;-0,01140952024060339;adv_z_pre_60s_cobertura_segundos <= -0.0114095202406 E pre_30s_ticks_media_s > 43.5666666667;7486;190;0,025380710659898477;48;14;34;0,006411969008816457;0,2916666666666667;0,2916666666666667;0,07368421052631578;0,9953399122807017;11,491666666666667;0,004584072245295973;0,12952871965075713;0,8;0,1619108995634464;0,0;0,6428571428571429;4;40,88400364954489;pre_30s_ticks_media_s;>;43,56666666666666;adv_z_pre_60s_cobertura_segundos|<=|-0.0114095202 && pre_30s_ticks_media_s|>|43.5666666667;adv_z_pre_60s_cobertura_segundos + pre_30s_ticks_media_s;64,2270278713738;2,0;2,4094256069848576;0,32;C;af6f1fb7cae588ce;65;1660;True;65
P7A_0011254;6;BIVARIADO;2;adv_z_pre_60s_cobertura_segundos;<=;-0,01140952024060339;adv_z_pre_60s_cobertura_segundos <= -0.0114095202406 E adv_z_pre_30s_ticks_media_s > 0.596309282348;7486;190;0,025380710659898477;48;14;34;0,006411969008816457;0,2916666666666667;0,2916666666666667;0,07368421052631578;0,9953399122807017;11,491666666666667;0,004584072245295973;0,12952871965075713;0,8;0,1619108995634464;0,0;0,6428571428571429;4;40,88400364954489;adv_z_pre_30s_ticks_media_s;>;0,5963092823478751;adv_z_pre_30s_ticks_media_s|>|0.5963092823 && adv_z_pre_60s_cobertura_segundos|<=|-0.0114095202;adv_z_pre_30s_ticks_media_s + adv_z_pre_60s_cobertura_segundos;64,2270278713738;2,0;2,4094256069848576;0,32;C;5ae9c9644c1bc48e;66;1661;True;66
P7A_0011235;6;BIVARIADO;2;pre_15s_cobertura_pct;<=;0,866667;pre_15s_cobertura_pct <= 0.866667 E pre_30s_ticks_media_s > 43.5666666667;7486;190;0,025380710659898477;28;9;19;0,0037403152551429334;0,32142857142857145;0,32142857142857145;0,04736842105263158;0,9973958333333334;12,664285714285715;0,0031141328883520503;0,19130434782608696;0,4;0,4782608695652174;0,2;0,6363636363636364;2;41,93344672462984;pre_30s_ticks_media_s;>;43,56666666666666;pre_15s_cobertura_pct|<=|0.866667 && pre_30s_ticks_media_s|>|43.5666666667;pre_15s_cobertura_pct + pre_30s_ticks_media_s;63,39554668181318;2,0;1,1739130434782608;3,52;C;bbe8c30c67e27413;67;1851;True;67
P7A_0011236;6;BIVARIADO;2;pre_15s_cobertura_pct;<=;0,866667;pre_15s_cobertura_pct <= 0.866667 E adv_z_pre_30s_ticks_media_s > 0.596309282348;7486;190;0,025380710659898477;28;9;19;0,0037403152551429334;0,32142857142857145;0,32142857142857145;0,04736842105263158;0,9973958333333334;12,664285714285715;0,0031141328883520503;0,19130434782608696;0,4;0,4782608695652174;0,2;0,6363636363636364;2;41,93344672462984;adv_z_pre_30s_ticks_media_s;>;0,5963092823478751;adv_z_pre_30s_ticks_media_s|>|0.5963092823 && pre_15s_cobertura_pct|<=|0.866667;adv_z_pre_30s_ticks_media_s + pre_15s_cobertura_pct;63,39554668181318;2,0;1,1739130434782608;3,52;C;ec09ab5ee1420b90;68;1852;True;68
P7A_0011237;6;BIVARIADO;2;adv_z_pre_15s_cobertura_pct;<=;0,09196588699211758;adv_z_pre_15s_cobertura_pct <= 0.0919658869921 E pre_30s_ticks_media_s > 43.5666666667;7486;190;0,025380710659898477;28;9;19;0,0037403152551429334;0,32142857142857145;0,32142857142857145;0,04736842105263158;0,9973958333333334;12,664285714285715;0,0031141328883520503;0,19130434782608696;0,4;0,4782608695652174;0,2;0,6363636363636364;2;41,93344672462984;pre_30s_ticks_media_s;>;43,56666666666666;adv_z_pre_15s_cobertura_pct|<=|0.091965887 && pre_30s_ticks_media_s|>|43.5666666667;adv_z_pre_15s_cobertura_pct + pre_30s_ticks_media_s;63,39554668181318;2,0;1,1739130434782608;3,52;C;3542f1f1f492f342;69;1853;True;69
P7A_0011238;6;BIVARIADO;2;adv_z_pre_15s_cobertura_pct;<=;0,09196588699211758;adv_z_pre_15s_cobertura_pct <= 0.0919658869921 E adv_z_pre_30s_ticks_media_s > 0.596309282348;7486;190;0,025380710659898477;28;9;19;0,0037403152551429334;0,32142857142857145;0,32142857142857145;0,04736842105263158;0,9973958333333334;12,664285714285715;0,0031141328883520503;0,19130434782608696;0,4;0,4782608695652174;0,2;0,6363636363636364;2;41,93344672462984;adv_z_pre_30s_ticks_media_s;>;0,5963092823478751;adv_z_pre_15s_cobertura_pct|<=|0.091965887 && adv_z_pre_30s_ticks_media_s|>|0.5963092823;adv_z_pre_15s_cobertura_pct + adv_z_pre_30s_ticks_media_s;63,39554668181318;2,0;1,1739130434782608;3,52;C;39c7c4c9b924c8e0;70;1854;True;70
P7A_0011267;6;BIVARIADO;2;pre_120s_ask_size_medio_soma;<=;154,30209206487177;pre_120s_ask_size_medio_soma <= 154.302092065 E pre_15s_agressor_compra > 300;7486;190;0,025380710659898477;47;7;40;0,006278386321132781;0,14893617021276595;0,14893617021276595;0,03684210526315789;0,9945175438596491;5,868085106382979;0,001359992712231417;0,355019380136116;1,0;0,355019380136116;0,0;0,3333333333333333;5;40,194451812365514;pre_15s_agressor_compra;>;300,0;pre_120s_ask_size_medio_soma|<=|154.3020920649 && pre_15s_agressor_compra|>|300.0;pre_120s_ask_size_medio_soma + pre_15s_agressor_compra;63,05438877979021;2,0;0,0;0,48;C;a90fc2115ef02328;71;1874;True;71
P7A_0011268;6;BIVARIADO;2;pre_120s_ask_size_medio_soma;<=;154,30209206487177;pre_120s_ask_size_medio_soma <= 154.302092065 E adv_z_pre_15s_agressor_compra > 0.608258184293;7486;190;0,025380710659898477;47;7;40;0,006278386321132781;0,14893617021276595;0,14893617021276595;0,03684210526315789;0,9945175438596491;5,868085106382979;0,001359992712231417;0,355019380136116;1,0;0,355019380136116;0,0;0,3333333333333333;5;40,194451812365514;adv_z_pre_15s_agressor_compra;>;0,6082581842929458;adv_z_pre_15s_agressor_compra|>|0.6082581843 && pre_120s_ask_size_medio_soma|<=|154.3020920649;adv_z_pre_15s_agressor_compra + pre_120s_ask_size_medio_soma;63,05438877979021;2,0;0,0;0,48;C;0d0f2659ba78c06c;72;1875;True;72
P7A_0011269;6;BIVARIADO;2;adv_z_pre_120s_ask_size_medio_soma;<=;-0,1726956181366653;adv_z_pre_120s_ask_size_medio_soma <= -0.172695618137 E pre_15s_agressor_compra > 300;7486;190;0,025380710659898477;47;7;40;0,006278386321132781;0,14893617021276595;0,14893617021276595;0,03684210526315789;0,9945175438596491;5,868085106382979;0,001359992712231417;0,355019380136116;1,0;0,355019380136116;0,0;0,3333333333333333;5;40,194451812365514;pre_15s_agressor_compra;>;300,0;adv_z_pre_120s_ask_size_medio_soma|<=|-0.1726956181 && pre_15s_agressor_compra|>|300.0;adv_z_pre_120s_ask_size_medio_soma + pre_15s_agressor_compra;63,05438877979021;2,0;0,0;0,48;C;3a9dd48033f30f1d;73;1876;True;73
P7A_0011270;6;BIVARIADO;2;adv_z_pre_120s_ask_size_medio_soma;<=;-0,1726956181366653;adv_z_pre_120s_ask_size_medio_soma <= -0.172695618137 E adv_z_pre_15s_agressor_compra > 0.608258184293;7486;190;0,025380710659898477;47;7;40;0,006278386321132781;0,14893617021276595;0,14893617021276595;0,03684210526315789;0,9945175438596491;5,868085106382979;0,001359992712231417;0,355019380136116;1,0;0,355019380136116;0,0;0,3333333333333333;5;40,194451812365514;adv_z_pre_15s_agressor_compra;>;0,6082581842929458;adv_z_pre_120s_ask_size_medio_soma|<=|-0.1726956181 && adv_z_pre_15s_agressor_compra|>|0.6082581843;adv_z_pre_120s_ask_size_medio_soma + adv_z_pre_15s_agressor_compra;63,05438877979021;2,0;0,0;0,48;C;9b1874d69e6d1301;74;1877;True;74
P7A_0011293;6;BIVARIADO;2;pre_120s_ask_size_medio_soma;<=;154,30209206487177;pre_120s_ask_size_medio_soma <= 154.302092065 E pre_30s_ticks_media_s > 43.5666666667;7486;190;0,025380710659898477;42;7;35;0,0056104728827144;0,16666666666666666;0,16666666666666666;0,03684210526315789;0,995202850877193;6,566666666666666;0,0015011249554471862;0,30667634005698874;0,8;0,3833454250712359;0,0;0,3333333333333333;4;39,83355144324573;pre_30s_ticks_media_s;>;43,56666666666666;pre_120s_ask_size_medio_soma|<=|154.3020920649 && pre_30s_ticks_media_s|>|43.5666666667;pre_120s_ask_size_medio_soma + pre_30s_ticks_media_s;62,04387580305312;2,0;0,0;1,28;C;1f9e8a70f2ef8308;75;1946;True;75
P7A_0011294;6;BIVARIADO;2;pre_120s_ask_size_medio_soma;<=;154,30209206487177;pre_120s_ask_size_medio_soma <= 154.302092065 E adv_z_pre_30s_ticks_media_s > 0.596309282348;7486;190;0,025380710659898477;42;7;35;0,0056104728827144;0,16666666666666666;0,16666666666666666;0,03684210526315789;0,995202850877193;6,566666666666666;0,0015011249554471862;0,30667634005698874;0,8;0,3833454250712359;0,0;0,3333333333333333;4;39,83355144324573;adv_z_pre_30s_ticks_media_s;>;0,5963092823478751;adv_z_pre_30s_ticks_media_s|>|0.5963092823 && pre_120s_ask_size_medio_soma|<=|154.3020920649;adv_z_pre_30s_ticks_media_s + pre_120s_ask_size_medio_soma;62,04387580305312;2,0;0,0;1,28;C;ad6fe89f27a372fe;76;1947;True;76
P7A_0011295;6;BIVARIADO;2;adv_z_pre_120s_ask_size_medio_soma;<=;-0,1726956181366653;adv_z_pre_120s_ask_size_medio_soma <= -0.172695618137 E pre_30s_ticks_media_s > 43.5666666667;7486;190;0,025380710659898477;42;7;35;0,0056104728827144;0,16666666666666666;0,16666666666666666;0,03684210526315789;0,995202850877193;6,566666666666666;0,0015011249554471862;0,30667634005698874;0,8;0,3833454250712359;0,0;0,3333333333333333;4;39,83355144324573;pre_30s_ticks_media_s;>;43,56666666666666;adv_z_pre_120s_ask_size_medio_soma|<=|-0.1726956181 && pre_30s_ticks_media_s|>|43.5666666667;adv_z_pre_120s_ask_size_medio_soma + pre_30s_ticks_media_s;62,04387580305312;2,0;0,0;1,28;C;e72bf0e19df08657;77;1948;True;77
P7A_0011296;6;BIVARIADO;2;adv_z_pre_120s_ask_size_medio_soma;<=;-0,1726956181366653;adv_z_pre_120s_ask_size_medio_soma <= -0.172695618137 E adv_z_pre_30s_ticks_media_s > 0.596309282348;7486;190;0,025380710659898477;42;7;35;0,0056104728827144;0,16666666666666666;0,16666666666666666;0,03684210526315789;0,995202850877193;6,566666666666666;0,0015011249554471862;0,30667634005698874;0,8;0,3833454250712359;0,0;0,3333333333333333;4;39,83355144324573;adv_z_pre_30s_ticks_media_s;>;0,5963092823478751;adv_z_pre_120s_ask_size_medio_soma|<=|-0.1726956181 && adv_z_pre_30s_ticks_media_s|>|0.5963092823;adv_z_pre_120s_ask_size_medio_soma + adv_z_pre_30s_ticks_media_s;62,04387580305312;2,0;0,0;1,28;C;4d60483cc285d336;78;1949;True;78
P7A_0011305;6;BIVARIADO;2;pre_120s_bid_size_medio_soma;<=;154,00402212166918;pre_120s_bid_size_medio_soma <= 154.004022122 E pre_30s_ticks_media_s > 43.5666666667;7486;190;0,025380710659898477;45;7;38;0,006011220945765429;0,15555555555555556;0,15555555555555556;0,03684210526315789;0,9947916666666666;6,128888888888889;0,0014140335493063871;0,30667634005698874;0,8;0,3833454250712359;0,0;0,3333333333333333;4;39,60282216400449;pre_30s_ticks_media_s;>;43,56666666666666;pre_120s_bid_size_medio_soma|<=|154.0040221217 && pre_30s_ticks_media_s|>|43.5666666667;pre_120s_bid_size_medio_soma + pre_30s_ticks_media_s;61,971088244484584;2,0;0,0;0,8;C;2918d0c78ad4cb96;79;1957;True;79
P7A_0011306;6;BIVARIADO;2;pre_120s_bid_size_medio_soma;<=;154,00402212166918;pre_120s_bid_size_medio_soma <= 154.004022122 E adv_z_pre_30s_ticks_media_s > 0.596309282348;7486;190;0,025380710659898477;45;7;38;0,006011220945765429;0,15555555555555556;0,15555555555555556;0,03684210526315789;0,9947916666666666;6,128888888888889;0,0014140335493063871;0,30667634005698874;0,8;0,3833454250712359;0,0;0,3333333333333333;4;39,60282216400449;adv_z_pre_30s_ticks_media_s;>;0,5963092823478751;adv_z_pre_30s_ticks_media_s|>|0.5963092823 && pre_120s_bid_size_medio_soma|<=|154.0040221217;adv_z_pre_30s_ticks_media_s + pre_120s_bid_size_medio_soma;61,971088244484584;2,0;0,0;0,8;C;03b55bdc9d443b79;80;1958;True;80
P7A_0011307;6;BIVARIADO;2;adv_z_pre_120s_bid_size_medio_soma;<=;-0,1678028261109788;adv_z_pre_120s_bid_size_medio_soma <= -0.167802826111 E pre_30s_ticks_media_s > 43.5666666667;7486;190;0,025380710659898477;45;7;38;0,006011220945765429;0,15555555555555556;0,15555555555555556;0,03684210526315789;0,9947916666666666;6,128888888888889;0,0014140335493063871;0,30667634005698874;0,8;0,3833454250712359;0,0;0,3333333333333333;4;39,60282216400449;pre_30s_ticks_media_s;>;43,56666666666666;adv_z_pre_120s_bid_size_medio_soma|<=|-0.1678028261 && pre_30s_ticks_media_s|>|43.5666666667;adv_z_pre_120s_bid_size_medio_soma + pre_30s_ticks_media_s;61,971088244484584;2,0;0,0;0,8;C;f3b73939c1102e2b;81;1959;True;81
P7A_0011308;6;BIVARIADO;2;adv_z_pre_120s_bid_size_medio_soma;<=;-0,1678028261109788;adv_z_pre_120s_bid_size_medio_soma <= -0.167802826111 E adv_z_pre_30s_ticks_media_s > 0.596309282348;7486;190;0,025380710659898477;45;7;38;0,006011220945765429;0,15555555555555556;0,15555555555555556;0,03684210526315789;0,9947916666666666;6,128888888888889;0,0014140335493063871;0,30667634005698874;0,8;0,3833454250712359;0,0;0,3333333333333333;4;39,60282216400449;adv_z_pre_30s_ticks_media_s;>;0,5963092823478751;adv_z_pre_120s_bid_size_medio_soma|<=|-0.1678028261 && adv_z_pre_30s_ticks_media_s|>|0.5963092823;adv_z_pre_120s_bid_size_medio_soma + adv_z_pre_30s_ticks_media_s;61,971088244484584;2,0;0,0;0,8;C;8e4a75629e7197fe;82;1960;True;82
P7A_0011255;6;BIVARIADO;2;adv_120s_range_por_tick;>;5,309667389796763;adv_120s_range_por_tick > 5.3096673898 E pre_15s_agressor_compra > 300;7486;190;0,025380710659898477;27;8;19;0,003606732567459257;0,2962962962962963;0,2962962962962963;0,042105263157894736;0,9973958333333334;11,674074074074074;0,0026243926212765056;0,16519874951584076;0,6;0,27533124919306795;0,1;0,5454545454545454;3;40,82005742845538;pre_15s_agressor_compra;>;300,0;adv_120s_range_por_tick|>|5.3096673898 && pre_15s_agressor_compra|>|300.0;adv_120s_range_por_tick + pre_15s_agressor_compra;61,83981577941905;2,0;1,6960250096831846;3,68;C;1216128b038b0cb1;83;1967;True;83
P7A_0011256;6;BIVARIADO;2;adv_120s_range_por_tick;>;5,309667389796763;adv_120s_range_por_tick > 5.3096673898 E adv_z_pre_15s_agressor_compra > 0.608258184293;7486;190;0,025380710659898477;27;8;19;0,003606732567459257;0,2962962962962963;0,2962962962962963;0,042105263157894736;0,9973958333333334;11,674074074074074;0,0026243926212765056;0,16519874951584076;0,6;0,27533124919306795;0,1;0,5454545454545454;3;40,82005742845538;adv_z_pre_15s_agressor_compra;>;0,6082581842929458;adv_120s_range_por_tick|>|5.3096673898 && adv_z_pre_15s_agressor_compra|>|0.6082581843;adv_120s_range_por_tick + adv_z_pre_15s_agressor_compra;61,83981577941905;2,0;1,6960250096831846;3,68;C;97f2e9e94109ca83;84;1968;True;84
P7A_0011271;6;BIVARIADO;2;pre_15s_agressor_compra;>;138,0;pre_15s_agressor_compra > 138 E pre_60s_cobertura_segundos <= 50;7486;190;0,025380710659898477;161;21;140;0,021506812717071867;0,13043478260869565;0,13043478260869565;0,11052631578947368;0,9808114035087719;5,139130434782609;0,0037042352694088287;0,20568494810530658;1,0;0,20568494810530658;0,0;0,38461538461538464;5;40,12780098476909;pre_60s_cobertura_segundos;<=;50,0;pre_15s_agressor_compra|>|138.0 && pre_60s_cobertura_segundos|<=|50.0;pre_15s_agressor_compra + pre_60s_cobertura_segundos;61,45218099890391;2,0;0,8863010378938685;0,0;C;9fe947d6e6343847;85;2008;True;85
P7A_0011272;6;BIVARIADO;2;pre_15s_agressor_compra;>;138,0;pre_15s_agressor_compra > 138 E adv_z_pre_60s_cobertura_segundos <= -0.0114095202406;7486;190;0,025380710659898477;161;21;140;0,021506812717071867;0,13043478260869565;0,13043478260869565;0,11052631578947368;0,9808114035087719;5,139130434782609;0,0037042352694088287;0,20568494810530658;1,0;0,20568494810530658;0,0;0,38461538461538464;5;40,12780098476909;adv_z_pre_60s_cobertura_segundos;<=;-0,01140952024060339;adv_z_pre_60s_cobertura_segundos|<=|-0.0114095202 && pre_15s_agressor_compra|>|138.0;adv_z_pre_60s_cobertura_segundos + pre_15s_agressor_compra;61,45218099890391;2,0;0,8863010378938685;0,0;C;edc0b5f3f7b67032;86;2009;True;86
P7A_0011273;6;BIVARIADO;2;adv_z_pre_15s_agressor_compra;>;-0,10481154056568985;adv_z_pre_15s_agressor_compra > -0.104811540566 E pre_60s_cobertura_segundos <= 50;7486;190;0,025380710659898477;161;21;140;0,021506812717071867;0,13043478260869565;0,13043478260869565;0,11052631578947368;0,9808114035087719;5,139130434782609;0,0037042352694088287;0,20568494810530658;1,0;0,20568494810530658;0,0;0,38461538461538464;5;40,12780098476909;pre_60s_cobertura_segundos;<=;50,0;adv_z_pre_15s_agressor_compra|>|-0.1048115406 && pre_60s_cobertura_segundos|<=|50.0;adv_z_pre_15s_agressor_compra + pre_60s_cobertura_segundos;61,45218099890391;2,0;0,8863010378938685;0,0;C;4524d75013a6a744;87;2010;True;87
P7A_0011274;6;BIVARIADO;2;adv_z_pre_15s_agressor_compra;>;-0,10481154056568985;adv_z_pre_15s_agressor_compra > -0.104811540566 E adv_z_pre_60s_cobertura_segundos <= -0.0114095202406;7486;190;0,025380710659898477;161;21;140;0,021506812717071867;0,13043478260869565;0,13043478260869565;0,11052631578947368;0,9808114035087719;5,139130434782609;0,0037042352694088287;0,20568494810530658;1,0;0,20568494810530658;0,0;0,38461538461538464;5;40,12780098476909;adv_z_pre_60s_cobertura_segundos;<=;-0,01140952024060339;adv_z_pre_15s_agressor_compra|>|-0.1048115406 && adv_z_pre_60s_cobertura_segundos|<=|-0.0114095202;adv_z_pre_15s_agressor_compra + adv_z_pre_60s_cobertura_segundos;61,45218099890391;2,0;0,8863010378938685;0,0;C;78393368841d48b8;88;2011;True;88
P7A_0011337;6;BIVARIADO;2;pre_60s_ask_size_medio_soma;<=;78,89892052392051;pre_60s_ask_size_medio_soma <= 78.8989205239 E pre_30s_ticks_media_s > 43.5666666667;7486;190;0,025380710659898477;48;7;41;0,006411969008816457;0,14583333333333334;0,14583333333333334;0,03684210526315789;0,9943804824561403;5,745833333333334;0,0013340671279011007;0,29062836802638936;0,8;0,3632854600329867;0,0;0,3333333333333333;4;39,16716427423681;pre_30s_ticks_media_s;>;43,56666666666666;pre_30s_ticks_media_s|>|43.5666666667 && pre_60s_ask_size_medio_soma|<=|78.8989205239;pre_30s_ticks_media_s + pre_60s_ask_size_medio_soma;61,076694540128855;2,0;0,0;0,32;C;7059e059d3469706;89;2037;True;89
P7A_0011338;6;BIVARIADO;2;pre_60s_ask_size_medio_soma;<=;78,89892052392051;pre_60s_ask_size_medio_soma <= 78.8989205239 E adv_z_pre_30s_ticks_media_s > 0.596309282348;7486;190;0,025380710659898477;48;7;41;0,006411969008816457;0,14583333333333334;0,14583333333333334;0,03684210526315789;0,9943804824561403;5,745833333333334;0,0013340671279011007;0,29062836802638936;0,8;0,3632854600329867;0,0;0,3333333333333333;4;39,16716427423681;adv_z_pre_30s_ticks_media_s;>;0,5963092823478751;adv_z_pre_30s_ticks_media_s|>|0.5963092823 && pre_60s_ask_size_medio_soma|<=|78.8989205239;adv_z_pre_30s_ticks_media_s + pre_60s_ask_size_medio_soma;61,076694540128855;2,0;0,0;0,32;C;304f047b15c3d9fc;90;2038;True;90
P7A_0011339;6;BIVARIADO;2;adv_z_pre_60s_ask_size_medio_soma;<=;-0,12053533095585525;adv_z_pre_60s_ask_size_medio_soma <= -0.120535330956 E pre_30s_ticks_media_s > 43.5666666667;7486;190;0,025380710659898477;48;7;41;0,006411969008816457;0,14583333333333334;0,14583333333333334;0,03684210526315789;0,9943804824561403;5,745833333333334;0,0013340671279011007;0,29062836802638936;0,8;0,3632854600329867;0,0;0,3333333333333333;4;39,16716427423681;pre_30s_ticks_media_s;>;43,56666666666666;adv_z_pre_60s_ask_size_medio_soma|<=|-0.120535331 && pre_30s_ticks_media_s|>|43.5666666667;adv_z_pre_60s_ask_size_medio_soma + pre_30s_ticks_media_s;61,076694540128855;2,0;0,0;0,32;C;4644db6b81ae516d;91;2039;True;91
P7A_0011340;6;BIVARIADO;2;adv_z_pre_60s_ask_size_medio_soma;<=;-0,12053533095585525;adv_z_pre_60s_ask_size_medio_soma <= -0.120535330956 E adv_z_pre_30s_ticks_media_s > 0.596309282348;7486;190;0,025380710659898477;48;7;41;0,006411969008816457;0,14583333333333334;0,14583333333333334;0,03684210526315789;0,9943804824561403;5,745833333333334;0,0013340671279011007;0,29062836802638936;0,8;0,3632854600329867;0,0;0,3333333333333333;4;39,16716427423681;adv_z_pre_30s_ticks_media_s;>;0,5963092823478751;adv_z_pre_30s_ticks_media_s|>|0.5963092823 && adv_z_pre_60s_ask_size_medio_soma|<=|-0.120535331;adv_z_pre_30s_ticks_media_s + adv_z_pre_60s_ask_size_medio_soma;61,076694540128855;2,0;0,0;0,32;C;b0b3d6bd7ce6d8d4;92;2040;True;92
P7A_0011365;6;BIVARIADO;2;pre_15s_agressor_compra;>;138,0;pre_15s_agressor_compra > 138 E pre_15s_spread_medio > 1.86036434185;7486;190;0,025380710659898477;129;17;112;0,01723216671119423;0,13178294573643412;0,13178294573643412;0,08947368421052632;0,9846491228070176;5,192248062015504;0,003003431240502147;0,1767264258489205;1,0;0,1767264258489205;0,0;0,275;5;38,98080972389912;pre_15s_spread_medio;>;1,8603643418547264;pre_15s_agressor_compra|>|138.0 && pre_15s_spread_medio|>|1.8603643419;pre_15s_agressor_compra + pre_15s_spread_medio;60,424658867451;2,0;1,4654714830215898;0,0;C;6bd08e2d338699d2;93;2084;True;93
P7A_0011366;6;BIVARIADO;2;pre_15s_agressor_compra;>;138,0;pre_15s_agressor_compra > 138 E adv_z_pre_15s_spread_medio > 1.53498847774;7486;190;0,025380710659898477;129;17;112;0,01723216671119423;0,13178294573643412;0,13178294573643412;0,08947368421052632;0,9846491228070176;5,192248062015504;0,003003431240502147;0,1767264258489205;1,0;0,1767264258489205;0,0;0,275;5;38,98080972389912;adv_z_pre_15s_spread_medio;>;1,5349884777431504;adv_z_pre_15s_spread_medio|>|1.5349884777 && pre_15s_agressor_compra|>|138.0;adv_z_pre_15s_spread_medio + pre_15s_agressor_compra;60,424658867451;2,0;1,4654714830215898;0,0;C;8fb659972265b01d;94;2085;True;94
P7A_0011367;6;BIVARIADO;2;adv_z_pre_15s_agressor_compra;>;-0,10481154056568985;adv_z_pre_15s_agressor_compra > -0.104811540566 E pre_15s_spread_medio > 1.86036434185;7486;190;0,025380710659898477;129;17;112;0,01723216671119423;0,13178294573643412;0,13178294573643412;0,08947368421052632;0,9846491228070176;5,192248062015504;0,003003431240502147;0,1767264258489205;1,0;0,1767264258489205;0,0;0,275;5;38,98080972389912;pre_15s_spread_medio;>;1,8603643418547264;adv_z_pre_15s_agressor_compra|>|-0.1048115406 && pre_15s_spread_medio|>|1.8603643419;adv_z_pre_15s_agressor_compra + pre_15s_spread_medio;60,424658867451;2,0;1,4654714830215898;0,0;C;e6a668d36398fe0a;95;2086;True;95
P7A_0011368;6;BIVARIADO;2;adv_z_pre_15s_agressor_compra;>;-0,10481154056568985;adv_z_pre_15s_agressor_compra > -0.104811540566 E adv_z_pre_15s_spread_medio > 1.53498847774;7486;190;0,025380710659898477;129;17;112;0,01723216671119423;0,13178294573643412;0,13178294573643412;0,08947368421052632;0,9846491228070176;5,192248062015504;0,003003431240502147;0,1767264258489205;1,0;0,1767264258489205;0,0;0,275;5;38,98080972389912;adv_z_pre_15s_spread_medio;>;1,5349884777431504;adv_z_pre_15s_agressor_compra|>|-0.1048115406 && adv_z_pre_15s_spread_medio|>|1.5349884777;adv_z_pre_15s_agressor_compra + adv_z_pre_15s_spread_medio;60,424658867451;2,0;1,4654714830215898;0,0;C;dcabb3a6c3f68347;96;2087;True;96
P7A_0011229;6;BIVARIADO;2;adv_120s_range_por_tick;>;7,305565439095025;adv_120s_range_por_tick > 7.3055654391 E pre_15s_agressor_compra > 138;7486;190;0,025380710659898477;21;5;16;0,0028052364413572;0,23809523809523808;0,23809523809523808;0,02631578947368421;0,9978070175438597;9,380952380952381;0,0014084390582253803;0,3902439024390244;0,4;0,975609756097561;0,2857142857142857;0,3;2;42,438090813903706;pre_15s_agressor_compra;>;138,0;adv_120s_range_por_tick|>|7.3055654391 && pre_15s_agressor_compra|>|138.0;adv_120s_range_por_tick + pre_15s_agressor_compra;60,00798563051988;2,0;0,0;4,64;C;afc0e218f4524d12;97;2141;True;97
P7A_0011230;6;BIVARIADO;2;adv_120s_range_por_tick;>;7,305565439095025;adv_120s_range_por_tick > 7.3055654391 E adv_z_pre_15s_agressor_compra > -0.104811540566;7486;190;0,025380710659898477;21;5;16;0,0028052364413572;0,23809523809523808;0,23809523809523808;0,02631578947368421;0,9978070175438597;9,380952380952381;0,0014084390582253803;0,3902439024390244;0,4;0,975609756097561;0,2857142857142857;0,3;2;42,438090813903706;adv_z_pre_15s_agressor_compra;>;-0,10481154056568985;adv_120s_range_por_tick|>|7.3055654391 && adv_z_pre_15s_agressor_compra|>|-0.1048115406;adv_120s_range_por_tick + adv_z_pre_15s_agressor_compra;60,00798563051988;2,0;0,0;4,64;C;77d88238079eacfd;98;2142;True;98
P7A_0011263;6;BIVARIADO;2;adv_120s_range_por_tick;>;5,309667389796763;adv_120s_range_por_tick > 5.3096673898 E pre_30s_ticks_media_s > 9.76428571429;7486;190;0,025380710659898477;194;21;173;0,025915041410633183;0,10824742268041238;0,10824742268041238;0,11052631578947368;0,9762883771929824;4,264948453608247;0,0030496019124303664;0,5147954395601444;1,0;0,5147954395601444;0,03571428571428571;0,18604651162790697;5;40,36250438052149;pre_30s_ticks_media_s;>;9,764285714285716;adv_120s_range_por_tick|>|5.3096673898 && pre_30s_ticks_media_s|>|9.7642857143;adv_120s_range_por_tick + pre_30s_ticks_media_s;59,90796970555243;2,0;0,0;0,0;C;e0b9facff253598e;99;2157;True;99
P7A_0011264;6;BIVARIADO;2;adv_120s_range_por_tick;>;5,309667389796763;adv_120s_range_por_tick > 5.3096673898 E adv_z_pre_30s_ticks_media_s > -0.446612635522;7486;190;0,025380710659898477;194;21;173;0,025915041410633183;0,10824742268041238;0,10824742268041238;0,11052631578947368;0,9762883771929824;4,264948453608247;0,0030496019124303664;0,5147954395601444;1,0;0,5147954395601444;0,03571428571428571;0,18604651162790697;5;40,36250438052149;adv_z_pre_30s_ticks_media_s;>;-0,4466126355224225;adv_120s_range_por_tick|>|5.3096673898 && adv_z_pre_30s_ticks_media_s|>|-0.4466126355;adv_120s_range_por_tick + adv_z_pre_30s_ticks_media_s;59,90796970555243;2,0;0,0;0,0;C;dd65a4dbb0989598;100;2158;True;100
