_source_category;_source_file;_source_sheet;_source_row;data_hora_sistema;price;spread_atual;imbalance_atual;delta30;delta10;compra30;venda30;saldo30;compra10;venda10;saldo10;razao_compra30;razao_venda30;vel15;vel5;vel_anterior;aceleracao;desloc15;topo_30s;fundo_30s;rompimento_compra;rompimento_venda;continuidade_2s;ticks_s;score_spread;spread_pct_120_60;spread_pct_60;spread_pct_30;spread_pct_15;spread_pct_5;spread_medio_30;spread_max_30;dna_spread;estrutura;motivo_estrutura;qtd_swings_confirmados;ultimo_topo;topo_anterior;ultimo_fundo;fundo_anterior;amplitude_swings;eficiencia_swings;ultima_mudanca_estrutura;swing_mais_recente_tipo;swing_mais_recente_preco;swing_mais_recente_hora;estrutura_bruta;motivo_estrutura_bruta;estrutura_confirmada;estrutura_candidata;confirmacoes_candidata;nivel_invalidation;ultima_mudanca_confirmada;aprovado;lado;score;score_base_dna;ajuste_estrutura;score_oposto;diferenca_score;gate_delta30;gate_saldo30;gate_vel15;gate_aceleracao;gate_rompimento;gate_continuidade;gate_atividade;hard_gates_ok;qtd_hard_gates_ok;hard_gates_faltantes;hard_gates_compra_ok;qtd_hard_gates_compra_ok;hard_gates_compra_faltantes;hard_gates_venda_ok;qtd_hard_gates_venda_ok;hard_gates_venda_faltantes;positivos;bloqueios;score_compra;score_venda;score_compra_base;score_venda_base;ajuste_estrutura_compra;ajuste_estrutura_venda;tipo_entrada_campanha;campanha_ativa;campanha_lado;campanha_entradas;campanha_pullback
estados;estados_c7_dna_fluxo_v5_2.csv;;2;2026-07-17 17:40:59;28757.75;0.75;3.0;-45;-9;32.0;76.0;-44;10.0;19.0;-9;0.4285714285714285;2.333333333333333;-0.0338845215505557;0.0503423278292388;-0.0661550674781688;0.1164973953074076;-0.5;28759.25;28756.5;-1.5;-1.25;-0.5;32.461371645432365;10;0.0;0.0;0.0;0.0;0.0;0.6629464285714286;1.0;FORTE;INDEFINIDA;aguardando primeira estrutura;12;28759.25;28759.25;28757.25;28754.75;7.25;0.0483870967741935;TRANSICAO confirmada em 2026-07-17 17:40:42.602000;TOPO;28759.25;2026-07-17 17:40:42.602;TRANSICAO;"topos/fundos divergentes: 28759.25->28759.25; 28754.75->28757.25";INDEFINIDA;;0.0;;;False;VENDA;69;69;0.0;26;43;True;True;True;False;False;True;True;False;5;aceleracao | rompimento;False;2;delta30 | saldo30 | vel15 | rompimento | continuidade;False;5;aceleracao | rompimento;spread FORTE +10 | delta30 favorável 45.0 | saldo agressor30 44.0 | saldo10 favorável 9.0 | razão fluxo 2.33 | vel15 0.0339 | desloc15 0.50 | ticks/s 32.46 | continuidade 0.50;aceleração insuficiente -0.1165 | sem rompimento confirmado -1.25 | hard-gate DNA incompleto | score 69 < 72;26;69;26;69;0.0;0.0;NOVA_CAMPANHA;False;;0.0;False
estados;estados_c7_dna_fluxo_v5_2.csv;;3;2026-07-17 17:41:10;28761.0;0.75;0.3333333333333333;-15;1;30.0;44.0;-14;7.0;6.0;1;0.6888888888888889;1.4516129032258065;0.1500600240096038;0.3121098626716604;0.0543714658547194;0.257738396816941;2.25;28760.25;28757.25;0.75;-3.75;1.0;26.07709750566893;10;0.0;0.0;0.0;0.0;0.0;0.6875;1.0;FORTE;INDEFINIDA;aguardando primeira estrutura;12;28759.25;28759.25;28757.25;28754.75;7.25;0.0483870967741935;TRANSICAO confirmada em 2026-07-17 17:40:42.602000;TOPO;28759.25;2026-07-17 17:40:42.602;TRANSICAO;"topos/fundos divergentes: 28759.25->28759.25; 28754.75->28757.25";INDEFINIDA;;0.0;;;False;COMPRA;74;74;0.0;29;45;False;False;True;True;True;True;True;False;5;delta30 | saldo30;False;5;delta30 | saldo30;False;2;delta30 | vel15 | aceleracao | rompimento | continuidade;spread FORTE +10 | saldo10 favorável 1.0 | vel15 0.1501 | vel5 acelerando 0.3121 | aceleração 0.2577 | desloc15 2.25 | ticks/s 26.08 | rompimento 0.75 | continuidade 1.00;delta30 insuficiente -15.0 | saldo30 insuficiente -14.0 | hard-gate DNA incompleto;74;29;74;29;0.0;0.0;NOVA_CAMPANHA;False;;0.0;False
estados;estados_c7_dna_fluxo_v5_2.csv;;4;2026-07-17 17:41:22;28761.25;0.75;0.5;4;12;39.0;34.0;5;18.0;7.0;11;1.1428571428571428;0.875;0.1354462955438168;-0.1781049631916409;0.2822944896115628;-0.4603994528032037;2.0;28762.25;28757.25;-1.0;-4.0;-1.0;36.63822294460247;10;0.0;0.0;0.0;0.0;0.0;0.6456043956043956;1.0;FORTE;ALTA;primeira estrutura confirmada: ALTA;12;28762.0;28759.25;28757.25;28754.75;8.0;0.1290322580645161;ALTA confirmada em 2026-07-17 17:41:03.602000;TOPO;28762.0;2026-07-17 17:41:03.602;ALTA;topo 28762.00>28759.25 e fundo 28757.25>28754.75;ALTA;;0.0;28757.25;2026-07-17 17:41:07.626000;False;COMPRA;57;45;12.0;30;27;False;False;True;False;False;False;True;False;2;delta30 | saldo30 | aceleracao | rompimento | continuidade;False;2;delta30 | saldo30 | aceleracao | rompimento | continuidade;False;3;delta30 | saldo30 | vel15 | rompimento;spread FORTE +10 | delta10 crescente 12.0 | saldo10 favorável 11.0 | razão fluxo 1.14 | vel15 0.1354 | desloc15 2.00 | ticks/s 36.64 | estrutura confirmada alinhada +8 | estrutura local alinhada +4;delta30 insuficiente 4.0 | saldo30 insuficiente 5.0 | aceleração insuficiente -0.4604 | sem rompimento confirmado -1.00 | sem continuidade -1.00 | hard-gate DNA incompleto | score 57 < 72;57;30;45;36;12.0;-6.0;NOVA_CAMPANHA;False;;0.0;False
estados;estados_c7_dna_fluxo_v5_2.csv;;5;2026-07-17 17:41:33;28760.0;0.75;2.0;9;-3;31.0;21.0;10;8.0;10.0;-2;1.4545454545454546;0.6875;-0.1342732460557234;-0.0627982918864606;-0.1649802023757149;0.1021819104892542;-2.0;28762.25;28759.25;-2.25;-0.75;-0.25;29.137294394091978;10;0.0;0.0;0.0;0.0;0.0;0.6022727272727273;1.0;FORTE;ALTA;"ALTA mantida; estrutura bruta alinhada";12;28762.0;28759.25;28757.25;28754.75;8.0;0.1290322580645161;ALTA confirmada em 2026-07-17 17:41:03.602000;TOPO;28762.0;2026-07-17 17:41:03.602;ALTA;topo 28762.00>28759.25 e fundo 28757.25>28754.75;ALTA;;0.0;28757.25;2026-07-17 17:41:07.626000;False;COMPRA;47;35;12.0;36;11;False;True;False;True;False;False;True;False;3;delta30 | vel15 | rompimento | continuidade;False;3;delta30 | vel15 | rompimento | continuidade;False;3;delta30 | saldo30 | aceleracao | rompimento;spread FORTE +10 | saldo agressor30 10.0 | razão fluxo 1.45 | aceleração 0.1022 | ticks/s 29.14 | estrutura confirmada alinhada +8 | estrutura local alinhada +4;delta30 insuficiente 9.0 | vel15 insuficiente -0.1343 | sem rompimento confirmado -2.25 | sem continuidade -0.25 | hard-gate DNA incompleto | lados próximos: diferença 11 | score 47 < 72;47;36;35;42;12.0;-6.0;NOVA_CAMPANHA;False;;0.0;False
estados;estados_c7_dna_fluxo_v5_2.csv;;6;2026-07-17 17:41:45;28759.25;0.75;1.5;-6;-8;32.0;37.0;-5;10.0;19.0;-9;0.868421052631579;1.1515151515151516;-0.0710227272727272;0.1009285425918449;-0.1408133378393601;0.2417418804312051;-1.0;28762.25;28758.0;-3.0;-1.25;-0.5;35.36931818181818;10;0.0;0.0;0.0;0.0;0.0;0.5833333333333334;1.0;FORTE;ALTA;"ALTA mantida; estrutura bruta alinhada";12;28762.0;28759.25;28758.0;28757.25;8.0;0.1023622047244094;ALTA confirmada em 2026-07-17 17:41:27.711000;FUNDO;28758.0;2026-07-17 17:41:27.711;ALTA;topo 28762.00>28759.25 e fundo 28758.00>28757.25;ALTA;;0.0;28758.0;2026-07-17 17:41:07.626000;False;VENDA;41;47;-6.0;38;3;False;False;True;False;False;True;True;False;3;delta30 | saldo30 | aceleracao | rompimento;False;2;delta30 | saldo30 | vel15 | rompimento | continuidade;False;3;delta30 | saldo30 | aceleracao | rompimento;spread FORTE +10 | saldo10 favorável 9.0 | razão fluxo 1.15 | vel15 0.0710 | desloc15 1.00 | ticks/s 35.37 | continuidade 0.50 | estrutura confirmada contrária -6;delta30 insuficiente 6.0 | saldo30 insuficiente 5.0 | aceleração insuficiente -0.2417 | sem rompimento confirmado -1.25 | hard-gate DNA incompleto | lados próximos: diferença 3 | score 41 < 72;38;41;26;47;12.0;-6.0;NOVA_CAMPANHA;False;;0.0;False
estados;estados_c7_dna_fluxo_v5_2.csv;;7;2026-07-17 17:41:56;28760.0;0.75;1.5;0;13;37.0;38.0;-1;21.0;9.0;12;0.9743589743589745;1.0263157894736843;0.0206406869220607;0.2925687536571094;-0.0436986540814542;0.3362674077385637;0.25;28761.0;28758.0;-1.0;-2.0;0.5;23.2001321003963;10;0.0;0.0;0.0;0.0;0.0;0.654320987654321;1.0;FORTE;ALTA;ALTA mantida durante TRANSICAO;12;28761.0;28762.0;28758.0;28757.25;8.0;0.2212389380530973;TRANSICAO confirmada em 2026-07-17 17:41:38.263000;TOPO;28761.0;2026-07-17 17:41:38.263;TRANSICAO;"topos/fundos divergentes: 28762.00->28761.00; 28757.25->28758.00";ALTA;;0.0;28758.0;2026-07-17 17:41:07.626000;False;COMPRA;57;49;8.0;8;49;False;False;False;True;False;True;True;False;3;delta30 | saldo30 | vel15 | rompimento;False;3;delta30 | saldo30 | vel15 | rompimento;False;1;delta30 | saldo30 | vel15 | aceleracao | rompimento | continuidade;spread FORTE +10 | delta10 crescente 13.0 | saldo10 favorável 12.0 | vel5 acelerando 0.2926 | aceleração 0.3363 | ticks/s 23.20 | continuidade 0.50 | estrutura confirmada alinhada +8;delta30 insuficiente 0.0 | saldo30 insuficiente -1.0 | vel15 insuficiente 0.0206 | sem rompimento confirmado -1.00 | hard-gate DNA incompleto | score 57 < 72;57;8;49;14;8.0;-6.0;NOVA_CAMPANHA;False;;0.0;False
estados;estados_c7_dna_fluxo_v5_2.csv;;8;2026-07-17 17:42:08;28759.25;0.75;0.3333333333333333;6;-2;48.0;43.0;5;14.0;15.0;-1;1.1136363636363635;0.8979591836734694;-0.0198271076215401;-0.2014098690835851;0.0886839304717985;-0.2900937995553836;-0.25;28761.0;28758.0;-1.75;-1.25;-0.75;22.840827980014275;10;0.0;0.0;0.0;0.0;0.0;0.6692708333333334;1.0;FORTE;ALTA;ALTA mantida durante TRANSICAO;12;28761.0;28762.0;28758.0;28757.25;8.0;0.2212389380530973;TRANSICAO confirmada em 2026-07-17 17:41:38.263000;TOPO;28761.0;2026-07-17 17:41:38.263;TRANSICAO;"topos/fundos divergentes: 28762.00->28761.00; 28757.25->28758.00";ALTA;;0.0;28758.0;2026-07-17 17:41:07.626000;False;VENDA;35;41;-6.0;27;8;False;False;False;True;False;True;True;False;3;delta30 | saldo30 | vel15 | rompimento;False;1;delta30 | saldo30 | vel15 | aceleracao | rompimento | continuidade;False;3;delta30 | saldo30 | vel15 | rompimento;spread FORTE +10 | saldo10 favorável 1.0 | vel5 acelerando 0.2014 | aceleração 0.2901 | ticks/s 22.84 | continuidade 0.75 | estrutura confirmada contrária -6;delta30 insuficiente -6.0 | saldo30 insuficiente -5.0 | vel15 insuficiente 0.0198 | sem rompimento confirmado -1.25 | hard-gate DNA incompleto | lados próximos: diferença 8 | score 35 < 72;27;35;19;41;8.0;-6.0;NOVA_CAMPANHA;False;;0.0;False
estados;estados_c7_dna_fluxo_v5_2.csv;;9;2026-07-17 17:42:19;28760.25;0.75;0.5;21;2;48.0;28.0;20;12.0;9.0;3;1.6896551724137931;0.5918367346938775;0.0168180289270097;0.2606202762574928;-0.0521920668058455;0.3128123430633384;0.25;28761.0;28758.75;-0.75;-1.5;0.25;21.594349142280524;10;0.0;0.0;0.0;0.0;0.0;0.7253086419753086;1.5;FORTE;ALTA;ALTA mantida durante TRANSICAO;12;28761.0;28762.0;28758.0;28757.25;8.0;0.2212389380530973;TRANSICAO confirmada em 2026-07-17 17:41:38.263000;TOPO;28761.0;2026-07-17 17:41:38.263;TRANSICAO;"topos/fundos divergentes: 28762.00->28761.00; 28757.25->28758.00";ALTA;;0.0;28758.0;2026-07-17 17:41:07.626000;False;COMPRA;76;68;8.0;8;68;True;True;False;True;False;True;True;False;5;vel15 | rompimento;False;5;vel15 | rompimento;False;1;delta30 | saldo30 | vel15 | aceleracao | rompimento | continuidade;spread FORTE +10 | delta30 favorável 21.0 | saldo agressor30 20.0 | saldo10 favorável 3.0 | razão fluxo 1.69 | vel5 acelerando 0.2606 | aceleração 0.3128 | ticks/s 21.59 | continuidade 0.25 | estrutura confirmada alinhada +8;vel15 insuficiente 0.0168 | sem rompimento confirmado -0.75 | hard-gate DNA incompleto;76;8;68;14;8.0;-6.0;NOVA_CAMPANHA;False;;0.0;False
estados;estados_c7_dna_fluxo_v5_2.csv;;10;2026-07-17 17:42:31;28756.75;0.75;3.0;-12;-18;34.0;47.0;-13;11.0;30.0;-19;0.7291666666666666;1.3714285714285714;-0.3310381355932204;-0.3061224489795918;-0.3594249201277955;0.0533024711482037;-3.75;28761.0;28756.5;-4.25;-0.25;0.5;30.27895480225989;10;0.0;0.0;0.0;0.0;0.0;0.7338709677419355;1.5;FORTE;ALTA;ALTA mantida durante TRANSICAO;12;28761.0;28762.0;28758.0;28757.25;8.0;0.2212389380530973;TRANSICAO confirmada em 2026-07-17 17:41:38.263000;TOPO;28761.0;2026-07-17 17:41:38.263;TRANSICAO;"topos/fundos divergentes: 28762.00->28761.00; 28757.25->28758.00";ALTA;;0.0;28758.0;2026-07-17 17:41:07.626000;False;VENDA;49;55;-6.0;38;11;False;True;True;False;False;False;True;False;3;delta30 | aceleracao | rompimento | continuidade;False;3;delta30 | saldo30 | vel15 | rompimento;False;3;delta30 | aceleracao | rompimento | continuidade;spread FORTE +10 | delta10 crescente 18.0 | saldo agressor30 13.0 | saldo10 favorável 19.0 | razão fluxo 1.37 | vel15 0.3310 | desloc15 3.75 | ticks/s 30.28 | estrutura confirmada contrária -6;delta30 insuficiente 12.0 | aceleração insuficiente -0.0533 | sem rompimento confirmado -0.25 | sem continuidade -0.50 | hard-gate DNA incompleto | lados próximos: diferença 11 | score 49 < 72;38;49;30;55;8.0;-6.0;NOVA_CAMPANHA;False;;0.0;False
estados;estados_c7_dna_fluxo_v5_2.csv;;11;2026-07-17 17:42:42;28756.75;0.75;1.5;-11;3;29.0;41.0;-12;12.0;8.0;4;0.7142857142857143;1.4;-0.1026975215664795;0.1;-0.15416872224963;0.25416872224963;-1.5;28760.75;28755.75;-4.0;-1.0;0.75;23.62042996029029;10;0.0;0.0;0.0;0.0;0.0;0.7327586206896551;1.5;FORTE;ALTA;ALTA mantida durante TRANSICAO;12;28761.0;28762.0;28758.0;28757.25;8.0;0.2212389380530973;TRANSICAO confirmada em 2026-07-17 17:41:38.263000;TOPO;28761.0;2026-07-17 17:41:38.263;TRANSICAO;"topos/fundos divergentes: 28762.00->28761.00; 28757.25->28758.00";ALTA;;0.0;28758.0;2026-07-17 17:41:07.626000;False;COMPRA;49;41;8.0;36;13;False;False;False;True;False;True;True;False;3;delta30 | saldo30 | vel15 | rompimento;False;3;delta30 | saldo30 | vel15 | rompimento;False;3;delta30 | aceleracao | rompimento | continuidade;spread FORTE +10 | saldo10 favorável 4.0 | vel5 acelerando 0.1000 | aceleração 0.2542 | ticks/s 23.62 | continuidade 0.75 | estrutura confirmada alinhada +8;delta30 insuficiente -11.0 | saldo30 insuficiente -12.0 | vel15 insuficiente -0.1027 | sem rompimento confirmado -4.00 | hard-gate DNA incompleto | score 49 < 72;49;36;41;42;8.0;-6.0;NOVA_CAMPANHA;False;;0.0;False
estados;estados_c7_dna_fluxo_v5_2.csv;;12;2026-07-17 17:42:54;28759.0;0.75;0.5;-3;15;35.0;39.0;-4;19.0;3.0;16;0.9;1.1111111111111112;0.1678753693258125;0.3572157583180241;0.0759416767922235;0.2812740815258005;2.5;28759.0;28755.5;0.0;-3.5;0.25;25.31560569433253;10;0.0;0.0;0.0;0.0;0.0;0.7092391304347826;1.25;FORTE;ALTA;"ALTA mantida; candidata BAIXA 1/2; rompeu_invalidação=False";12;28761.0;28762.0;28755.5;28758.0;8.0;0.0454545454545454;BAIXA confirmada em 2026-07-17 17:42:26.302000;FUNDO;28755.5;2026-07-17 17:42:26.302;BAIXA;topo 28761.00<28762.00 e fundo 28755.50<28758.00;ALTA;BAIXA;1.0;28758.0;2026-07-17 17:41:07.626000;False;COMPRA;70;62;8.0;17;53;False;False;True;True;False;True;True;False;4;delta30 | saldo30 | rompimento;False;4;delta30 | saldo30 | rompimento;False;1;delta30 | saldo30 | vel15 | aceleracao | rompimento | continuidade;spread FORTE +10 | delta10 crescente 15.0 | saldo10 favorável 16.0 | vel15 0.1679 | vel5 acelerando 0.3572 | aceleração 0.2813 | desloc15 2.50 | ticks/s 25.32 | continuidade 0.25 | estrutura confirmada alinhada +8;delta30 insuficiente -3.0 | saldo30 insuficiente -4.0 | sem rompimento confirmado 0.00 | hard-gate DNA incompleto | score 70 < 72;70;17;62;19;8.0;-2.0;NOVA_CAMPANHA;False;;0.0;False
estados;estados_c7_dna_fluxo_v5_2.csv;;13;2026-07-17 17:43:05;28758.5;0.75;1.5;8;-7;26.0;19.0;7;4.0;10.0;-6;1.35;0.7407407407407407;-0.050641458474004;-0.3508771929824561;0.0;-0.3508771929824561;-0.75;28759.5;28755.5;-1.0;-3.0;0.25;20.594193112761648;10;0.0;0.0;0.0;0.0;0.0;0.6541666666666667;1.25;FORTE;ALTA;"ALTA mantida; candidata BAIXA 1/2; rompeu_invalidação=False";12;28761.0;28762.0;28755.5;28758.0;8.0;0.0454545454545454;BAIXA confirmada em 2026-07-17 17:42:26.302000;FUNDO;28755.5;2026-07-17 17:42:26.302;BAIXA;topo 28761.00<28762.00 e fundo 28755.50<28758.00;ALTA;BAIXA;1.0;28758.0;2026-07-17 17:41:07.626000;False;VENDA;42;44;-2.0;37;5;False;False;True;True;False;False;True;False;3;delta30 | saldo30 | rompimento | continuidade;False;2;delta30 | saldo30 | vel15 | aceleracao | rompimento;False;3;delta30 | saldo30 | rompimento | continuidade;spread FORTE +10 | saldo10 favorável 6.0 | vel15 0.0506 | vel5 acelerando 0.3509 | aceleração 0.3509 | desloc15 0.75 | ticks/s 20.59 | estrutura confirmada contrária -6 | estrutura local alinhada +4;delta30 insuficiente -8.0 | saldo30 insuficiente -7.0 | sem rompimento confirmado -3.00 | sem continuidade -0.25 | hard-gate DNA incompleto | lados próximos: diferença 5 | score 42 < 72;37;42;29;44;8.0;-2.0;NOVA_CAMPANHA;False;;0.0;False
estados;estados_c7_dna_fluxo_v5_2.csv;;14;2026-07-17 17:43:17;28758.75;0.75;3.0;-8;-20;32.0;39.0;-7;10.0;31.0;-21;0.825;1.2121212121212122;-0.0649631875270679;-0.0579642939948991;-0.0788394828129927;0.0208751888180935;-0.75;28759.5;28757.25;-0.75;-1.5;-0.25;33.08791684711996;10;0.0;0.0;0.0;0.0;0.0;0.7219101123595506;1.25;FORTE;ALTA;ALTA mantida durante TRANSICAO;12;28759.5;28761.0;28757.5;28755.5;7.5;0.088235294117647;TRANSICAO confirmada em 2026-07-17 17:43:01.677000;FUNDO;28757.5;2026-07-17 17:43:01.677;TRANSICAO;"topos/fundos divergentes: 28761.00->28759.50; 28755.50->28757.50";ALTA;BAIXA;1.0;28758.0;2026-07-17 17:41:07.626000;False;VENDA;49;55;-6.0;28;21;False;False;True;False;False;True;True;False;3;delta30 | saldo30 | aceleracao | rompimento;False;2;delta30 | saldo30 | vel15 | rompimento | continuidade;False;3;delta30 | saldo30 | aceleracao | rompimento;spread FORTE +10 | delta10 crescente 20.0 | saldo10 favorável 21.0 | razão fluxo 1.21 | vel15 0.0650 | desloc15 0.75 | ticks/s 33.09 | continuidade 0.25 | estrutura confirmada contrária -6;delta30 insuficiente 8.0 | saldo30 insuficiente 7.0 | aceleração insuficiente -0.0209 | sem rompimento confirmado -1.50 | hard-gate DNA incompleto | score 49 < 72;28;49;20;55;8.0;-6.0;NOVA_CAMPANHA;False;;0.0;False
estados;estados_c7_dna_fluxo_v5_2.csv;;15;2026-07-17 17:43:29;28759.0;0.5;1.0;-23;1;20.0;42.0;-22;8.0;6.0;2;0.4883720930232558;2.0476190476190474;0.0169124611013394;-0.0515463917525773;0.1670676289762095;-0.2186140207287868;0.25;28760.0;28757.5;-1.0;-1.5;0.0;9.741577594371533;10;0.0;0.0;0.0;0.0;0.0;0.7094594594594594;1.0;FORTE;ALTA;ALTA mantida durante TRANSICAO;12;28759.5;28761.0;28757.5;28755.5;7.5;0.088235294117647;TRANSICAO confirmada em 2026-07-17 17:43:01.677000;FUNDO;28757.5;2026-07-17 17:43:01.677;TRANSICAO;"topos/fundos divergentes: 28761.00->28759.50; 28755.50->28757.50";ALTA;BAIXA;1.0;28758.0;2026-07-17 17:41:07.626000;False;VENDA;47;53;-6.0;27;20;True;True;False;True;False;False;True;False;4;vel15 | rompimento | continuidade;False;1;delta30 | saldo30 | vel15 | aceleracao | rompimento | continuidade;False;4;vel15 | rompimento | continuidade;spread FORTE +10 | delta30 favorável 23.0 | saldo agressor30 22.0 | razão fluxo 2.05 | vel5 acelerando 0.0515 | aceleração 0.2186 | ticks/s 9.74 | estrutura confirmada contrária -6;vel15 insuficiente -0.0169 | sem rompimento confirmado -1.50 | sem continuidade -0.00 | hard-gate DNA incompleto | score 47 < 72;27;47;19;53;8.0;-6.0;NOVA_CAMPANHA;False;;0.0;False
estados;estados_c7_dna_fluxo_v5_2.csv;;16;2026-07-17 17:43:41;28759.0;0.5;1.5;-17;1;17.0;33.0;-16;3.0;1.0;2;0.5294117647058824;1.8888888888888888;-0.0729235032450959;-0.061515748031496;-0.4040948275862069;0.3425790795547108;-1.0;28760.0;28757.5;-1.0;-1.5;-0.25;14.58470064901918;10;0.0;0.0;0.0;0.0;0.0;0.725;1.0;FORTE;ALTA;"ALTA mantida; estrutura bruta alinhada";12;28760.0;28759.5;28757.5;28755.5;7.25;0.0948905109489051;ALTA confirmada em 2026-07-17 17:43:14.896000;TOPO;28760.0;2026-07-17 17:43:14.896;ALTA;topo 28760.00>28759.50 e fundo 28757.50>28755.50;ALTA;;0.0;28758.0;2026-07-17 17:41:07.626000;False;VENDA;46;52;-6.0;37;9;False;True;True;False;False;True;True;False;4;delta30 | aceleracao | rompimento;False;2;delta30 | saldo30 | vel15 | rompimento | continuidade;False;4;delta30 | aceleracao | rompimento;spread FORTE +10 | saldo agressor30 16.0 | razão fluxo 1.89 | vel15 0.0729 | desloc15 1.00 | ticks/s 14.58 | continuidade 0.25 | estrutura confirmada contrária -6;delta30 insuficiente 17.0 | aceleração insuficiente -0.3426 | sem rompimento confirmado -1.50 | hard-gate DNA incompleto | lados próximos: diferença 9 | score 46 < 72;37;46;25;52;12.0;-6.0;NOVA_CAMPANHA;False;;0.0;False
estados;estados_c7_dna_fluxo_v5_2.csv;;17;2026-07-17 17:43:52;28759.5;0.5;1.0;0;0;13.0;14.0;-1;4.0;5.0;-1;0.9333333333333332;1.0714285714285714;0.0167638972708375;0.0;-0.0265533722782793;0.0265533722782793;0.25;28760.0;28758.5;-0.5;-1.0;0.5;9.119560115335611;10;0.0;0.0;0.0;0.0;0.0;0.5448717948717948;0.75;FORTE;ALTA;"ALTA mantida; estrutura bruta alinhada";12;28760.0;28759.5;28757.5;28755.5;7.25;0.0948905109489051;ALTA confirmada em 2026-07-17 17:43:14.896000;TOPO;28760.0;2026-07-17 17:43:14.896;ALTA;topo 28760.00>28759.50 e fundo 28757.50>28755.50;ALTA;;0.0;28758.0;2026-07-17 17:41:07.626000;False;COMPRA;42;30;12.0;13;29;False;False;False;True;False;True;True;False;3;delta30 | saldo30 | vel15 | rompimento;False;3;delta30 | saldo30 | vel15 | rompimento;False;1;delta30 | saldo30 | vel15 | aceleracao | rompimento | continuidade;spread FORTE +10 | aceleração 0.0266 | ticks/s 9.12 | continuidade 0.50 | estrutura confirmada alinhada +8 | estrutura local alinhada +4;delta30 insuficiente 0.0 | saldo30 insuficiente -1.0 | vel15 insuficiente 0.0168 | sem rompimento confirmado -0.50 | hard-gate DNA incompleto | score 42 < 72;42;13;30;19;12.0;-6.0;NOVA_CAMPANHA;False;;0.0;False
estados;estados_c7_dna_fluxo_v5_2.csv;;18;2026-07-17 17:44:04;28758.75;0.5;1.0;3;3;22.0;18.0;4;16.0;13.0;3;1.2105263157894737;0.8260869565217391;-0.0173250173250173;-0.2568317238545305;0.1119570085087326;-0.3687887323632631;-0.25;28760.0;28758.75;-1.25;0.0;-0.25;20.512820512820515;10;0.0;0.0;0.0;0.0;0.0;0.49;0.75;FORTE;ALTA;"ALTA mantida; estrutura bruta alinhada";12;28760.0;28759.5;28757.5;28755.5;7.25;0.0948905109489051;ALTA confirmada em 2026-07-17 17:43:14.896000;TOPO;28760.0;2026-07-17 17:43:14.896;ALTA;topo 28760.00>28759.50 e fundo 28757.50>28755.50;ALTA;;0.0;28758.0;2026-07-17 17:41:07.626000;False;COMPRA;36;24;12.0;30;6;False;False;False;False;False;False;True;False;1;delta30 | saldo30 | vel15 | aceleracao | rompimento | continuidade;False;1;delta30 | saldo30 | vel15 | aceleracao | rompimento | continuidade;False;3;delta30 | saldo30 | vel15 | rompimento;spread FORTE +10 | saldo10 favorável 3.0 | razão fluxo 1.21 | ticks/s 20.51 | estrutura confirmada alinhada +8 | estrutura local alinhada +4;delta30 insuficiente 3.0 | saldo30 insuficiente 4.0 | vel15 insuficiente -0.0173 | aceleração insuficiente -0.3688 | sem rompimento confirmado -1.25 | sem continuidade -0.25 | hard-gate DNA incompleto | lados próximos: diferença 6 | score 36 < 72;36;30;24;36;12.0;-6.0;NOVA_CAMPANHA;False;;0.0;False
estados;estados_c7_dna_fluxo_v5_2.csv;;19;2026-07-17 17:44:15;28757.5;0.75;1.0;-10;-10;26.0;37.0;-11;9.0;20.0;-11;0.7105263157894737;1.4074074074074074;-0.1171273676460745;0.1102292768959435;-0.151285930408472;0.2615152073044156;-1.75;28760.0;28757.25;-2.5;-0.25;0.5;26.638109898935813;10;0.0;0.0;0.0;0.0;0.0;0.5917721518987342;1.5;FORTE;ALTA;"ALTA mantida; estrutura bruta alinhada";12;28760.0;28759.5;28757.5;28755.5;7.25;0.0948905109489051;ALTA confirmada em 2026-07-17 17:43:14.896000;TOPO;28760.0;2026-07-17 17:43:14.896;ALTA;topo 28760.00>28759.50 e fundo 28757.50>28755.50;ALTA;;0.0;28758.0;2026-07-17 17:41:07.626000;False;VENDA;49;55;-6.0;48;1;False;True;True;False;False;False;True;False;3;delta30 | aceleracao | rompimento | continuidade;False;3;delta30 | saldo30 | vel15 | rompimento;False;3;delta30 | aceleracao | rompimento | continuidade;spread FORTE +10 | delta10 crescente 10.0 | saldo agressor30 11.0 | saldo10 favorável 11.0 | razão fluxo 1.41 | vel15 0.1171 | desloc15 1.75 | ticks/s 26.64 | estrutura confirmada contrária -6;delta30 insuficiente 10.0 | aceleração insuficiente -0.2615 | sem rompimento confirmado -0.25 | sem continuidade -0.50 | hard-gate DNA incompleto | lados próximos: diferença 1 | score 49 < 72;48;49;36;55;12.0;-6.0;NOVA_CAMPANHA;False;;0.0;False
estados;estados_c7_dna_fluxo_v5_2.csv;;20;2026-07-17 17:44:27;28759.25;0.75;3.0;-15;0;17.0;31.0;-14;7.0;6.0;1;0.5625;1.7777777777777777;0.1540357362908194;0.0933532486930545;0.1387347391786903;-0.0453814904856358;2.25;28759.25;28756.5;0.0;-2.75;0.0;23.276511261723837;10;0.0;0.0;0.0;0.0;0.0;0.6612903225806451;1.5;FORTE;ALTA;ALTA mantida durante TRANSICAO;12;28760.0;28759.5;28756.5;28757.5;7.25;0.0489510489510489;TRANSICAO confirmada em 2026-07-17 17:44:02.192000;FUNDO;28756.5;2026-07-17 17:44:02.192;TRANSICAO;"topos/fundos divergentes: 28759.50->28760.00; 28757.50->28756.50";ALTA;;0.0;28758.0;2026-07-17 17:41:07.626000;False;COMPRA;40;32;8.0;29;11;False;False;True;False;False;False;True;False;2;delta30 | saldo30 | aceleracao | rompimento | continuidade;False;2;delta30 | saldo30 | aceleracao | rompimento | continuidade;False;3;delta30 | vel15 | rompimento | continuidade;spread FORTE +10 | saldo10 favorável 1.0 | vel15 0.1540 | desloc15 2.25 | ticks/s 23.28 | estrutura confirmada alinhada +8;delta30 insuficiente -15.0 | saldo30 insuficiente -14.0 | aceleração insuficiente -0.0454 | sem rompimento confirmado 0.00 | sem continuidade 0.00 | hard-gate DNA incompleto | lados próximos: diferença 11 | score 40 < 72;40;29;32;35;8.0;-6.0;NOVA_CAMPANHA;False;;0.0;False
estados;estados_c7_dna_fluxo_v5_2.csv;;21;2026-07-17 17:44:38;28759.25;0.75;0.3333333333333333;-3;-1;25.0;29.0;-4;12.0;14.0;-2;0.8666666666666667;1.1538461538461535;0.0181382862947108;0.1768450837066729;-0.0915862742703626;0.2684313579770356;0.25;28759.25;28756.5;0.0;-2.75;0.25;16.614670245955164;10;0.0;0.0;0.0;0.0;0.0;0.7276119402985075;1.5;FORTE;ALTA;"ALTA mantida; candidata BAIXA 1/2; rompeu_invalidação=False";12;28759.25;28760.0;28756.5;28757.5;6.5;0.0;BAIXA confirmada em 2026-07-17 17:44:19.201000;TOPO;28759.25;2026-07-17 17:44:19.201;BAIXA;topo 28759.25<28760.00 e fundo 28756.50<28757.50;ALTA;BAIXA;1.0;28758.0;2026-07-17 17:41:07.626000;False;COMPRA;44;36;8.0;22;22;False;False;False;True;False;True;True;False;3;delta30 | saldo30 | vel15 | rompimento;False;3;delta30 | saldo30 | vel15 | rompimento;False;1;delta30 | saldo30 | vel15 | aceleracao | rompimento | continuidade;spread FORTE +10 | vel5 acelerando 0.1768 | aceleração 0.2684 | ticks/s 16.61 | continuidade 0.25 | estrutura confirmada alinhada +8;delta30 insuficiente -3.0 | saldo30 insuficiente -4.0 | vel15 insuficiente 0.0181 | sem rompimento confirmado 0.00 | hard-gate DNA incompleto | score 44 < 72;44;22;36;24;8.0;-2.0;NOVA_CAMPANHA;False;;0.0;False
estados;estados_c7_dna_fluxo_v5_2.csv;;22;2026-07-17 17:44:50;28760.0;0.75;1.3333333333333333;15;15;41.0;26.0;15;23.0;7.0;16;1.5555555555555556;0.6428571428571429;0.1031211329575141;0.1236399604352126;0.0838269811109869;0.0398129793242257;1.5;28760.25;28757.75;-0.25;-2.25;0.25;20.28048948164444;10;0.0;0.0;0.0;0.0;0.0;0.6677631578947368;1.25;FORTE;ALTA;"ALTA mantida; candidata BAIXA 1/2; rompeu_invalidação=False";12;28759.25;28760.0;28756.5;28757.5;6.5;0.0;BAIXA confirmada em 2026-07-17 17:44:19.201000;TOPO;28759.25;2026-07-17 17:44:19.201;BAIXA;topo 28759.25<28760.00 e fundo 28756.50<28757.50;ALTA;BAIXA;1.0;28758.0;2026-07-17 17:41:07.626000;False;COMPRA;85;77;8.0;12;73;False;True;True;True;False;True;True;False;5;delta30 | rompimento;False;5;delta30 | rompimento;False;1;delta30 | saldo30 | vel15 | aceleracao | rompimento | continuidade;spread FORTE +10 | delta10 crescente 15.0 | saldo agressor30 15.0 | saldo10 favorável 16.0 | razão fluxo 1.56 | vel15 0.1031 | vel5 acelerando 0.1236 | aceleração 0.0398 | desloc15 1.50 | ticks/s 20.28 | continuidade 0.25 | estrutura confirmada alinhada +8;delta30 insuficiente 15.0 | sem rompimento confirmado -0.25 | hard-gate DNA incompleto;85;12;77;14;8.0;-2.0;NOVA_CAMPANHA;False;;0.0;False
estados;estados_c7_dna_fluxo_v5_2.csv;;23;2026-07-17 17:45:02;28764.0;0.5;3.0;48;29;68.0;20.0;48;35.0;5.0;30;3.2857142857142856;0.3043478260869565;0.2650176678445229;0.7125407166123778;0.0284026357645989;0.6841380808477788;3.75;28761.0;28757.75;3.0;-6.25;2.5;20.28268551236749;10;0.0;0.0;0.0;0.0;0.0;0.5963855421686747;1.25;FORTE;ALTA;"ALTA mantida; candidata BAIXA 1/2; rompeu_invalidação=False";12;28759.25;28760.0;28756.5;28757.5;6.5;0.0;BAIXA confirmada em 2026-07-17 17:44:19.201000;TOPO;28759.25;2026-07-17 17:44:19.201;BAIXA;topo 28759.25<28760.00 e fundo 28756.50<28757.50;ALTA;BAIXA;1.0;28758.0;2026-07-17 17:41:07.626000;True;COMPRA;100;100;8.0;12;88;True;True;True;True;True;True;True;True;7;;True;7;;False;1;delta30 | saldo30 | vel15 | aceleracao | rompimento | continuidade;spread FORTE +10 | delta30 favorável 48.0 | delta10 crescente 29.0 | saldo agressor30 48.0 | saldo10 favorável 30.0 | razão fluxo 3.29 | vel15 0.2650 | vel5 acelerando 0.7125 | aceleração 0.6841 | desloc15 3.75 | ticks/s 20.28 | rompimento 3.00 | continuidade 2.50 | estrutura confirmada alinhada +8;;100;12;100;14;8.0;-2.0;NOVA_CAMPANHA;False;;0.0;False
estados;estados_c7_dna_fluxo_v5_2.csv;;24;2026-07-19 19:00:25;28779.25;4.5;1.0;181;10;362.0;176.0;186;58.0;47.0;11;2.0508474576271185;0.4876033057851239;2.133279154815116;0.9;2.669500311009745;-1.769500311009745;31.5;28799.0;28742.5;-19.75;-36.75;4.0;365.1632127861303;0;;0.7024390243902439;0.7024390243902439;0.7024390243902439;0.6;2.518292682926829;7.75;FRACO;BAIXA;"BAIXA mantida; estrutura bruta alinhada";12;28776.75;28777.5;28770.25;28774.5;26.0;0.3048780487804878;BAIXA confirmada em 2026-07-19 19:00:14.273000;FUNDO;28770.25;2026-07-19 19:00:14.273;BAIXA;topo 28776.75<28777.50 e fundo 28770.25<28774.50;BAIXA;;0.0;28771.75;2026-07-17 17:59:50.057000;False;COMPRA;61;67;-6.0;22;39;True;True;True;False;False;True;True;False;5;aceleracao | rompimento;False;5;aceleracao | rompimento;False;2;delta30 | saldo30 | vel15 | rompimento | continuidade;spread sem bônus | delta30 favorável 181.0 | delta10 crescente 10.0 | saldo agressor30 186.0 | saldo10 favorável 11.0 | razão fluxo 2.05 | vel15 2.1333 | desloc15 31.50 | ticks/s 365.16 | continuidade 4.00 | estrutura confirmada contrária -6;aceleração insuficiente -1.7695 | sem rompimento confirmado -19.75 | hard-gate DNA incompleto | score 61 < 72;61;22;67;10;-6.0;12.0;NOVA_CAMPANHA;False;;0.0;False
estados;estados_c7_dna_fluxo_v5_2.csv;;25;2026-07-19 19:00:37;28798.5;4.75;1.0;206;19;473.0;262.0;211;106.0;86.0;20;1.8022813688212929;0.5548523206751055;1.4001866915588743;1.6142050040355127;1.1341375399525724;0.4800674640829403;21.0;28800.25;28742.5;-1.75;-56.0;-1.75;370.8494465928791;0;;0.7647058823529411;0.7647058823529411;0.865979381443299;0.9154929577464788;2.788494809688581;7.75;FRACO;BAIXA;BAIXA mantida durante TRANSICAO;12;28807.5;28804.0;28795.75;28799.75;19.0;0.081081081081081;TRANSICAO confirmada em 2026-07-19 19:00:25.951000;FUNDO;28795.75;2026-07-19 19:00:25.951;TRANSICAO;"topos/fundos divergentes: 28804.00->28807.50; 28799.75->28795.75";BAIXA;;0.0;28771.75;2026-07-17 17:59:50.057000;False;COMPRA;63;69;-6.0;22;41;True;True;True;True;False;False;True;False;5;rompimento | continuidade;False;5;rompimento | continuidade;False;2;delta30 | saldo30 | vel15 | aceleracao | rompimento;spread sem bônus | delta30 favorável 206.0 | delta10 crescente 19.0 | saldo agressor30 211.0 | saldo10 favorável 20.0 | razão fluxo 1.80 | vel15 1.4002 | vel5 acelerando 1.6142 | aceleração 0.4801 | desloc15 21.00 | ticks/s 370.85 | estrutura confirmada contrária -6;sem rompimento confirmado -1.75 | sem continuidade -1.75 | hard-gate DNA incompleto | score 63 < 72;63;22;69;14;-6.0;8.0;NOVA_CAMPANHA;False;;0.0;False
estados;estados_c7_dna_fluxo_v5_2.csv;;26;2026-07-19 19:00:48;28800.0;1.25;1.0;26;-5;209.0;184.0;25;59.0;63.0;-4;1.135135135135135;0.8809523809523809;0.5225893459204316;-1.581933231507746;1.4388489208633093;-3.020782152371055;7.75;28810.25;28769.25;-10.25;-30.75;-2.25;470.5327039784221;0;;0.7956698240866035;0.8727735368956743;0.9036697247706422;0.8666666666666667;3.3072519083969465;7.25;FRACO;BAIXA;BAIXA mantida durante TRANSICAO;12;28802.25;28802.75;28799.75;28797.5;12.25;0.0760869565217391;TRANSICAO confirmada em 2026-07-19 19:00:36.974000;TOPO;28802.25;2026-07-19 19:00:36.974;TRANSICAO;"topos/fundos divergentes: 28802.75->28802.25; 28797.50->28799.75";BAIXA;;0.0;28771.75;2026-07-17 17:59:50.057000;False;VENDA;39;31;8.0;38;1;False;False;False;True;False;True;True;False;3;delta30 | saldo30 | vel15 | rompimento;False;4;aceleracao | rompimento | continuidade;False;3;delta30 | saldo30 | vel15 | rompimento;spread sem bônus | saldo10 favorável 4.0 | vel5 acelerando 1.5819 | aceleração 3.0208 | ticks/s 470.53 | continuidade 2.25 | estrutura confirmada alinhada +8;delta30 insuficiente -26.0 | saldo30 insuficiente -25.0 | vel15 insuficiente -0.5226 | sem rompimento confirmado -30.75 | hard-gate DNA incompleto | lados próximos: diferença 1 | score 39 < 72;38;39;44;31;-6.0;8.0;NOVA_CAMPANHA;False;;0.0;False
estados;estados_c7_dna_fluxo_v5_2.csv;;27;2026-07-19 19:01:00;28804.0;3.75;3.0;13;4;200.0;186.0;14;30.0;25.0;5;1.074866310160428;0.9303482587064676;-0.1841312353531971;0.4353233830845772;-0.4362106127476136;0.8715339958321908;-2.75;28810.25;28779.0;-6.25;-25.0;-0.25;159.49112822229662;0;;0.8051787916152897;0.9045092838196288;0.8888888888888888;0.925;3.475464190981433;7.25;FRACO;BAIXA;BAIXA mantida durante TRANSICAO;12;28807.25;28807.25;28803.75;28796.0;11.25;0.0103092783505154;TRANSICAO confirmada em 2026-07-19 19:00:47.773000;TOPO;28807.25;2026-07-19 19:00:47.773;TRANSICAO;"topos/fundos divergentes: 28807.25->28807.25; 28796.00->28803.75";BAIXA;;0.0;28771.75;2026-07-17 17:59:50.057000;False;VENDA;35;27;8.0;25;10;False;False;True;False;False;True;True;False;3;delta30 | saldo30 | aceleracao | rompimento;False;3;delta30 | vel15 | rompimento | continuidade;False;3;delta30 | saldo30 | aceleracao | rompimento;spread sem bônus | vel15 0.1841 | desloc15 2.75 | ticks/s 159.49 | continuidade 0.25 | estrutura confirmada alinhada +8;delta30 insuficiente -13.0 | saldo30 insuficiente -14.0 | aceleração insuficiente -0.8715 | sem rompimento confirmado -25.00 | hard-gate DNA incompleto | lados próximos: diferença 10 | score 35 < 72;25;35;31;27;-6.0;8.0;NOVA_CAMPANHA;False;;0.0;False
estados;estados_c7_dna_fluxo_v5_2.csv;;28;2026-07-19 19:01:11;28804.0;2.75;1.0;-11;5;87.0;99.0;-12;18.0;14.0;4;0.88;1.1363636363636365;0.4185641575140637;-1.3966480446927374;1.476548928778228;-2.8731969734709653;6.25;28810.5;28796.0;-6.5;-8.0;-6.25;66.9702652022502;0;0.6126760563380281;0.8513888888888889;0.9047619047619048;0.9315068493150684;0.88;3.388095238095238;7.25;FRACO;BAIXA;BAIXA mantida durante TRANSICAO;12;28810.25;28810.5;28805.25;28805.25;6.75;0.1585365853658536;TRANSICAO confirmada em 2026-07-19 19:00:58.674000;TOPO;28810.25;2026-07-19 19:00:58.674;TRANSICAO;"topos/fundos divergentes: 28810.50->28810.25; 28805.25->28805.25";BAIXA;;0.0;28771.75;2026-07-17 17:59:50.057000;False;VENDA;49;41;8.0;16;33;False;True;False;True;False;True;True;False;4;delta30 | vel15 | rompimento;False;2;delta30 | saldo30 | aceleracao | rompimento | continuidade;False;4;delta30 | vel15 | rompimento;spread sem bônus | saldo agressor30 12.0 | razão fluxo 1.14 | vel5 acelerando 1.3966 | aceleração 2.8732 | ticks/s 66.97 | continuidade 6.25 | estrutura confirmada alinhada +8;delta30 insuficiente 11.0 | vel15 insuficiente -0.4186 | sem rompimento confirmado -8.00 | hard-gate DNA incompleto | score 49 < 72;16;49;22;41;-6.0;8.0;NOVA_CAMPANHA;False;;0.0;False
estados;estados_c7_dna_fluxo_v5_2.csv;;29;2026-07-19 19:01:23;28802.25;4.75;0.2;-8;-31;81.0;88.0;-7;22.0;53.0;-31;0.9213483146067416;1.0853658536585369;-0.3375413488152298;1.3211382113821135;-1.1951556358227982;2.516293847204912;-5.0;28810.5;28793.0;-8.25;-9.25;9.0;118.61202997367177;0;0.7142857142857143;0.8942807625649913;0.9191919191919192;0.8983050847457628;0.7714285714285715;3.1085858585858586;6.5;FRACO;BAIXA;BAIXA mantida durante TRANSICAO;12;28798.0;28798.0;28793.0;28793.5;17.0;0.2376237623762376;TRANSICAO confirmada em 2026-07-19 19:01:11.509000;TOPO;28798.0;2026-07-19 19:01:11.509;TRANSICAO;"topos/fundos divergentes: 28798.00->28798.00; 28793.50->28793.00";BAIXA;;0.0;28771.75;2026-07-17 17:59:50.057000;False;VENDA;38;30;8.0;20;18;False;False;True;False;False;False;True;False;2;delta30 | saldo30 | aceleracao | rompimento | continuidade;False;3;delta30 | saldo30 | vel15 | rompimento;False;2;delta30 | saldo30 | aceleracao | rompimento | continuidade;spread sem bônus | delta10 crescente 31.0 | saldo10 favorável 31.0 | vel15 0.3375 | desloc15 5.00 | ticks/s 118.61 | estrutura confirmada alinhada +8;delta30 insuficiente 8.0 | saldo30 insuficiente 7.0 | aceleração insuficiente -2.5163 | sem rompimento confirmado -9.25 | sem continuidade -9.00 | hard-gate DNA incompleto | score 38 < 72;20;38;26;30;-6.0;8.0;NOVA_CAMPANHA;False;;0.0;False
estados;estados_c7_dna_fluxo_v5_2.csv;;30;2026-07-19 19:01:34;28809.0;3.25;4.0;-43;-15;81.0;123.0;-42;29.0;44.0;-15;0.6612903225806451;1.5121951219512195;1.0166666666666666;0.7817385866166354;1.3651349680609932;-0.5833963814443578;15.25;28810.5;28793.0;-1.5;-16.0;3.0;96.53333333333332;0;0.7570093457943925;0.91412213740458;0.9301310043668122;0.9658119658119658;0.9523809523809524;2.905021834061136;5.5;FRACO;BAIXA;BAIXA mantida durante TRANSICAO;12;28809.5;28808.5;28804.25;28806.0;7.75;0.0232558139534883;TRANSICAO confirmada em 2026-07-19 19:01:22.796000;FUNDO;28804.25;2026-07-19 19:01:22.796;TRANSICAO;"topos/fundos divergentes: 28808.50->28809.50; 28806.00->28804.25";BAIXA;;0.0;28771.75;2026-07-17 17:59:50.057000;False;VENDA;58;50;8.0;21;37;True;True;False;True;False;False;True;False;4;vel15 | rompimento | continuidade;False;3;delta30 | saldo30 | aceleracao | rompimento;False;4;vel15 | rompimento | continuidade;spread sem bônus | delta30 favorável 43.0 | delta10 crescente 15.0 | saldo agressor30 42.0 | saldo10 favorável 15.0 | razão fluxo 1.51 | aceleração 0.5834 | ticks/s 96.53 | estrutura confirmada alinhada +8;vel15 insuficiente -1.0167 | sem rompimento confirmado -16.00 | sem continuidade -3.00 | hard-gate DNA incompleto | score 58 < 72;21;58;27;50;-6.0;8.0;NOVA_CAMPANHA;False;;0.0;False
estados;estados_c7_dna_fluxo_v5_2.csv;;31;2026-07-19 19:01:46;28805.25;3.25;4.0;-56;-8;73.0;127.0;-54;19.0;26.0;-7;0.578125;1.7297297297297298;-0.0844765830911671;-0.5236973029588897;0.1087311079699902;-0.6324284109288799;-1.25;28810.0;28793.0;-4.75;-12.25;2.5;78.66459417449482;0;0.7894736842105263;0.914691943127962;0.918552036199095;0.9285714285714286;0.8888888888888888;2.762443438914027;5.5;FRACO;BAIXA;BAIXA mantida durante TRANSICAO;12;28809.25;28809.0;28801.75;28802.75;7.75;0.0306748466257668;TRANSICAO confirmada em 2026-07-19 19:01:32.807000;FUNDO;28801.75;2026-07-19 19:01:32.807;TRANSICAO;"topos/fundos divergentes: 28809.00->28809.25; 28802.75->28801.75";BAIXA;;0.0;28771.75;2026-07-17 17:59:50.057000;False;VENDA;69;61;8.0;8;61;True;True;True;True;False;False;True;False;5;rompimento | continuidade;False;2;delta30 | saldo30 | vel15 | aceleracao | rompimento;False;5;rompimento | continuidade;spread sem bônus | delta30 favorável 56.0 | saldo agressor30 54.0 | saldo10 favorável 7.0 | razão fluxo 1.73 | vel15 0.0845 | vel5 acelerando 0.5237 | aceleração 0.6324 | desloc15 1.25 | ticks/s 78.66 | estrutura confirmada alinhada +8;sem rompimento confirmado -12.25 | sem continuidade -2.50 | hard-gate DNA incompleto | score 69 < 72;8;69;14;61;-6.0;8.0;NOVA_CAMPANHA;False;;0.0;False
estados;estados_c7_dna_fluxo_v5_2.csv;;32;2026-07-19 19:01:57;28811.0;2.5;1.0;-4;0;103.0;106.0;-3;40.0;39.0;1;0.97196261682243;1.0288461538461535;0.6246096189881324;0.4010427110487267;0.8896797153024911;-0.4886370042537644;9.0;28812.5;28801.75;-1.5;-9.25;1.25;53.09181761399125;0;0.8032378580323786;0.8847117794486216;0.8518518518518519;0.7685185185185185;0.9666666666666668;2.445601851851852;3.75;FRACO;BAIXA;BAIXA mantida durante TRANSICAO;12;28812.75;28812.5;28806.25;28808.75;11.0;0.0761421319796954;TRANSICAO confirmada em 2026-07-19 19:01:46.179000;TOPO;28812.75;2026-07-19 19:01:46.179;TRANSICAO;"topos/fundos divergentes: 28812.50->28812.75; 28808.75->28806.25";BAIXA;;0.0;28771.75;2026-07-17 17:59:50.057000;False;COMPRA;26;32;-6.0;18;8;False;False;True;False;False;True;True;False;3;delta30 | saldo30 | aceleracao | rompimento;False;3;delta30 | saldo30 | aceleracao | rompimento;False;2;delta30 | saldo30 | vel15 | rompimento | continuidade;spread sem bônus | saldo10 favorável 1.0 | vel15 0.6246 | desloc15 9.00 | ticks/s 53.09 | continuidade 1.25 | estrutura confirmada contrária -6;delta30 insuficiente -4.0 | saldo30 insuficiente -3.0 | aceleração insuficiente -0.4886 | sem rompimento confirmado -1.50 | hard-gate DNA incompleto | lados próximos: diferença 8 | score 26 < 72;26;18;32;10;-6.0;8.0;NOVA_CAMPANHA;False;;0.0;False
estados;estados_c7_dna_fluxo_v5_2.csv;;33;2026-07-19 19:02:09;28807.75;0.5;0.3333333333333333;9;-1;89.0;81.0;8;15.0;17.0;-2;1.0975609756097562;0.9111111111111112;-0.1702417432754511;0.0666666666666666;-0.3218193520703712;0.3884860187370378;-2.5;28813.25;28801.75;-5.5;-6.0;-0.25;48.28055839291794;0;0.8119858989424207;0.87;0.7965116279069767;0.8615384615384616;0.8181818181818182;2.2209302325581395;4.25;FRACO;BAIXA;BAIXA mantida durante TRANSICAO;12;28808.0;28809.25;28805.75;28805.75;7.5;0.0142857142857142;TRANSICAO confirmada em 2026-07-19 19:01:55.916000;FUNDO;28805.75;2026-07-19 19:01:55.916;TRANSICAO;"topos/fundos divergentes: 28809.25->28808.00; 28805.75->28805.75";BAIXA;;0.0;28771.75;2026-07-17 17:59:50.057000;False;VENDA;40;32;8.0;10;30;False;False;True;False;False;True;True;False;3;delta30 | saldo30 | aceleracao | rompimento;False;2;delta30 | saldo30 | vel15 | rompimento | continuidade;False;3;delta30 | saldo30 | aceleracao | rompimento;spread sem bônus | saldo10 favorável 2.0 | vel15 0.1702 | desloc15 2.50 | ticks/s 48.28 | continuidade 0.25 | estrutura confirmada alinhada +8;delta30 insuficiente -9.0 | saldo30 insuficiente -8.0 | aceleração insuficiente -0.3885 | sem rompimento confirmado -6.00 | hard-gate DNA incompleto | score 40 < 72;10;40;16;32;-6.0;8.0;NOVA_CAMPANHA;False;;0.0;False
estados;estados_c7_dna_fluxo_v5_2.csv;;34;2026-07-19 19:02:21;28803.0;3.25;0.5;-33;-13;62.0;96.0;-34;25.0;37.0;-12;0.6494845360824743;1.5396825396825398;-0.19701963031953;-1.10483672968328;0.1141943587986753;-1.2190310884819553;-2.75;28813.25;28804.75;-10.25;1.75;-4.25;55.52371399914028;0;0.8834782608695653;0.887434554973822;0.9053254437869822;0.9523809523809524;0.9666666666666668;2.4363905325443787;4.5;FRACO;BAIXA;"BAIXA mantida; estrutura bruta alinhada";12;28804.5;28809.0;28802.25;28806.75;7.0;0.0571428571428571;BAIXA confirmada em 2026-07-19 19:02:09.773000;TOPO;28804.5;2026-07-19 19:02:09.773;BAIXA;topo 28804.50<28809.00 e fundo 28802.25<28806.75;BAIXA;;0.0;28771.75;2026-07-17 17:59:50.057000;True;VENDA;100;99;12.0;0;100;True;True;True;True;True;True;True;True;7;;False;1;delta30 | saldo30 | vel15 | aceleracao | rompimento | continuidade;True;7;;spread sem bônus | delta30 favorável 33.0 | delta10 crescente 13.0 | saldo agressor30 34.0 | saldo10 favorável 12.0 | razão fluxo 1.54 | vel15 0.1970 | vel5 acelerando 1.1048 | aceleração 1.2190 | desloc15 2.75 | ticks/s 55.52 | rompimento 1.75 | continuidade 4.25 | estrutura confirmada alinhada +8 | estrutura local alinhada +4;;0;100;4;99;-6.0;12.0;NOVA_CAMPANHA;False;;0.0;False
estados;estados_c7_dna_fluxo_v5_2.csv;;35;2026-07-19 19:03:06;28779.75;4.25;1.0;-87;15;98.0;186.0;-88;57.0;41.0;16;0.5294117647058824;1.8888888888888888;0.8600337268128162;0.0673854447439353;1.942257217847769;-1.8748717731038336;12.75;28802.0;28753.0;-22.25;-26.75;-0.75;266.779089376054;0;0.875;0.9525862068965516;0.9583333333333334;0.9826589595375722;1.0;3.485576923076923;9.75;FRACO;BAIXA;"BAIXA mantida; estrutura bruta alinhada";12;28784.25;28785.5;28777.25;28782.25;28.25;0.25;BAIXA confirmada em 2026-07-19 19:02:54.473000;TOPO;28784.25;2026-07-19 19:02:54.473;BAIXA;topo 28784.25<28785.50 e fundo 28777.25<28782.25;BAIXA;;0.0;28761.5;2026-07-17 17:59:50.057000;False;VENDA;59;47;12.0;24;35;True;True;False;True;False;True;True;False;5;vel15 | rompimento;False;2;delta30 | saldo30 | aceleracao | rompimento | continuidade;False;5;vel15 | rompimento;spread sem bônus | delta30 favorável 87.0 | saldo agressor30 88.0 | razão fluxo 1.89 | aceleração 1.8749 | ticks/s 266.78 | continuidade 0.75 | estrutura confirmada alinhada +8 | estrutura local alinhada +4;vel15 insuficiente -0.8600 | sem rompimento confirmado -26.75 | hard-gate DNA incompleto | PULLBACK_SEM_ROMPIMENTO_DO_EXTREMO | score 59 < 72;24;59;30;47;-6.0;12.0;PULLBACK_SEM_ROMPIMENTO_DO_EXTREMO;True;VENDA;1.0;True
estados;estados_c7_dna_fluxo_v5_2.csv;;36;2026-07-19 19:03:18;28764.0;4.75;1.0;-79;-41;88.0;168.0;-80;17.0;57.0;-40;0.5266272189349113;1.898876404494382;-0.9353381335592262;-1.03777501037775;-0.9760178471834914;-0.0617571631942587;-13.25;28790.0;28753.0;-26.0;-11.0;1.0;203.02131865028943;0;0.8657894736842106;0.920570264765784;0.919732441471572;0.8141592920353983;0.5833333333333334;3.589464882943144;9.75;FRACO;BAIXA;BAIXA mantida durante TRANSICAO;12;28770.5;28768.25;28759.25;28765.5;25.0;0.23841059602649;TRANSICAO confirmada em 2026-07-19 19:03:05.064000;FUNDO;28759.25;2026-07-19 19:03:05.064;TRANSICAO;"topos/fundos divergentes: 28768.25->28770.50; 28765.50->28759.25";BAIXA;;0.0;28761.5;2026-07-17 17:59:50.057000;False;VENDA;77;69;8.0;8;69;True;True;True;True;False;False;True;False;5;rompimento | continuidade;False;2;delta30 | saldo30 | vel15 | aceleracao | rompimento;False;5;rompimento | continuidade;spread sem bônus | delta30 favorável 79.0 | delta10 crescente 41.0 | saldo agressor30 80.0 | saldo10 favorável 40.0 | razão fluxo 1.90 | vel15 0.9353 | vel5 acelerando 1.0378 | aceleração 0.0618 | desloc15 13.25 | ticks/s 203.02 | estrutura confirmada alinhada +8;sem rompimento confirmado -11.00 | sem continuidade -1.00 | hard-gate DNA incompleto | PULLBACK_SEM_ROMPIMENTO_DO_EXTREMO;8;77;14;69;-6.0;8.0;PULLBACK_SEM_ROMPIMENTO_DO_EXTREMO;True;VENDA;1.0;True
estados;estados_c7_dna_fluxo_v5_2.csv;;37;2026-07-19 19:03:30;28780.75;3.0;1.0;-12;25;76.0;88.0;-12;35.0;9.0;26;0.8651685393258427;1.155844155844156;1.000333444481494;3.5931453841901604;0.0781331388686321;3.5150122453215285;15.0;28788.25;28759.25;-7.5;-21.5;9.25;103.7679226408803;0;0.8763440860215054;0.9279835390946504;0.8900523560209425;0.7916666666666666;1.0;3.3664921465968587;7.5;FRACO;BAIXA;BAIXA mantida durante TRANSICAO;12;28783.5;28773.0;28763.25;28764.0;24.25;0.3076923076923077;TRANSICAO confirmada em 2026-07-19 19:03:18.574000;TOPO;28783.5;2026-07-19 19:03:18.574;TRANSICAO;"topos/fundos divergentes: 28773.00->28783.50; 28764.00->28763.25";BAIXA;;0.0;28761.5;2026-07-17 17:59:50.057000;False;COMPRA;46;52;-6.0;27;19;False;False;True;True;False;True;True;False;4;delta30 | saldo30 | rompimento;False;4;delta30 | saldo30 | rompimento;False;2;delta30 | vel15 | aceleracao | rompimento | continuidade;spread sem bônus | delta10 crescente 25.0 | saldo10 favorável 26.0 | vel15 1.0003 | vel5 acelerando 3.5931 | aceleração 3.5150 | desloc15 15.00 | ticks/s 103.77 | continuidade 9.25 | estrutura confirmada contrária -6;delta30 insuficiente -12.0 | saldo30 insuficiente -12.0 | sem rompimento confirmado -7.50 | hard-gate DNA incompleto | score 46 < 72;46;27;52;19;-6.0;8.0;MUDANCA_ESTRUTURAL_DE_CAMPANHA;True;VENDA;1.0;True
estados;estados_c7_dna_fluxo_v5_2.csv;;38;2026-07-19 19:03:41;28773.75;3.75;1.0;3;-4;87.0;85.0;2;21.0;24.0;-3;1.0232558139534884;0.9772727272727272;0.4020639281645781;0.0;0.6047777441790142;-0.6047777441790142;6.0;28790.5;28759.25;-16.75;-14.5;3.75;85.50559538966695;0;0.8690476190476191;0.9349112426035504;0.8865979381443299;0.9902912621359224;0.9629629629629628;3.2603092783505154;6.25;FRACO;BAIXA;"BAIXA mantida; estrutura bruta alinhada";12;28768.25;28784.5;28764.25;28766.25;26.25;0.1291512915129151;BAIXA confirmada em 2026-07-19 19:03:27.574000;FUNDO;28764.25;2026-07-19 19:03:27.574;BAIXA;topo 28768.25<28784.50 e fundo 28764.25<28766.25;BAIXA;;0.0;28761.5;2026-07-17 17:59:50.057000;False;VENDA;27;15;12.0;21;6;False;False;False;True;False;False;True;False;2;delta30 | saldo30 | vel15 | rompimento | continuidade;False;3;delta30 | saldo30 | aceleracao | rompimento;False;2;delta30 | saldo30 | vel15 | rompimento | continuidade;spread sem bônus | saldo10 favorável 3.0 | aceleração 0.6048 | ticks/s 85.51 | estrutura confirmada alinhada +8 | estrutura local alinhada +4;delta30 insuficiente -3.0 | saldo30 insuficiente -2.0 | vel15 insuficiente -0.4021 | sem rompimento confirmado -14.50 | sem continuidade -3.75 | hard-gate DNA incompleto | PULLBACK_SEM_ROMPIMENTO_DO_EXTREMO | lados próximos: diferença 6 | score 27 < 72;21;27;27;15;-6.0;12.0;PULLBACK_SEM_ROMPIMENTO_DO_EXTREMO;True;VENDA;1.0;True
estados;estados_c7_dna_fluxo_v5_2.csv;;39;2026-07-19 19:03:53;28753.0;2.25;1.0;15;-8;77.0;63.0;14;19.0;26.0;-7;1.21875;0.8205128205128205;-0.8604980765337112;-3.331184182248012;0.5425347222222222;-3.873718904470234;-12.75;28790.5;28758.5;-37.5;5.5;-7.75;169.804953769319;0;0.9310344827586208;0.9360189573459716;0.98159509202454;0.953846153846154;0.9523809523809524;3.5122699386503067;7.25;FRACO;BAIXA;"BAIXA mantida; estrutura bruta alinhada";12;28756.5;28760.75;28753.75;28758.5;30.75;0.3217993079584775;BAIXA confirmada em 2026-07-19 19:03:41.873000;TOPO;28756.5;2026-07-19 19:03:41.873;BAIXA;topo 28756.50<28760.75 e fundo 28753.75<28758.50;BAIXA;;0.0;28756.5;2026-07-17 17:59:50.057000;False;VENDA;76;64;12.0;13;63;False;False;True;True;True;True;True;False;5;delta30 | saldo30;False;2;delta30 | vel15 | aceleracao | rompimento | continuidade;False;5;delta30 | saldo30;spread sem bônus | saldo10 favorável 7.0 | vel15 0.8605 | vel5 acelerando 3.3312 | aceleração 3.8737 | desloc15 12.75 | ticks/s 169.80 | rompimento 5.50 | continuidade 7.75 | estrutura confirmada alinhada +8 | estrutura local alinhada +4;delta30 insuficiente -15.0 | saldo30 insuficiente -14.0 | hard-gate DNA incompleto;13;76;19;64;-6.0;12.0;REENTRADA_APOS_PULLBACK_E_ROMPIMENTO;True;VENDA;1.0;True
estados;estados_c7_dna_fluxo_v5_2.csv;;40;2026-07-19 19:04:05;28745.5;3.25;1.0;-78;-34;57.0;136.0;-79;31.0;67.0;-36;0.4233576642335766;2.362068965517241;-1.0326164364050705;-0.411522633744856;-1.2301498546186536;0.8186272208737976;-14.5;28774.5;28745.0;-29.0;-0.5;-1.25;96.56744053553624;0;0.9513274336283186;0.9328703703703703;0.9644444444444444;0.9705882352941176;0.9583333333333334;3.172222222222222;7.25;FRACO;BAIXA;BAIXA mantida durante TRANSICAO;12;28746.25;28747.75;28742.5;28742.5;11.5;0.057471264367816;TRANSICAO confirmada em 2026-07-19 19:03:53.757000;FUNDO;28742.5;2026-07-19 19:03:53.757;TRANSICAO;"topos/fundos divergentes: 28747.75->28746.25; 28742.50->28742.50";BAIXA;;0.0;28756.5;2026-07-17 17:59:50.057000;False;VENDA;75;67;8.0;4;71;True;True;True;False;False;True;True;False;5;aceleracao | rompimento;False;2;delta30 | saldo30 | vel15 | rompimento | continuidade;False;5;aceleracao | rompimento;spread sem bônus | delta30 favorável 78.0 | delta10 crescente 34.0 | saldo agressor30 79.0 | saldo10 favorável 36.0 | razão fluxo 2.36 | vel15 1.0326 | desloc15 14.50 | ticks/s 96.57 | continuidade 1.25 | estrutura confirmada alinhada +8;aceleração insuficiente -0.8186 | sem rompimento confirmado -0.50 | hard-gate DNA incompleto;4;75;10;67;-6.0;8.0;REENTRADA_APOS_PULLBACK_E_ROMPIMENTO;True;VENDA;1.0;True
estados;estados_c7_dna_fluxo_v5_2.csv;;41;2026-07-19 19:04:16;28736.75;2.75;1.0;-149;-76;81.0;229.0;-148;32.0;108.0;-76;0.3565217391304348;2.804878048780488;-0.6904681711013809;-1.5381234893430016;-0.8479366873940078;-0.6901868019489937;-10.25;28770.75;28735.75;-34.0;-1.0;-7.5;134.2539575614685;0;0.9516806722689076;0.9426229508196722;0.9695121951219512;0.9731182795698924;1.0;2.993140243902439;7.25;FRACO;BAIXA;BAIXA mantida durante TRANSICAO;12;28746.5;28746.75;28744.25;28738.0;13.75;0.1192660550458715;TRANSICAO confirmada em 2026-07-19 19:04:03.873000;TOPO;28746.5;2026-07-19 19:04:03.873;TRANSICAO;"topos/fundos divergentes: 28746.75->28746.50; 28738.00->28744.25";BAIXA;;0.0;28756.5;2026-07-17 17:59:50.057000;False;VENDA;87;79;8.0;0;87;True;True;True;True;False;True;True;False;6;rompimento;False;1;delta30 | saldo30 | vel15 | aceleracao | rompimento | continuidade;False;6;rompimento;spread sem bônus | delta30 favorável 149.0 | delta10 crescente 76.0 | saldo agressor30 148.0 | saldo10 favorável 76.0 | razão fluxo 2.80 | vel15 0.6905 | vel5 acelerando 1.5381 | aceleração 0.6902 | desloc15 10.25 | ticks/s 134.25 | continuidade 7.50 | estrutura confirmada alinhada +8;sem rompimento confirmado -1.00 | hard-gate DNA incompleto;0;87;4;79;-6.0;8.0;REENTRADA_APOS_PULLBACK_E_ROMPIMENTO;True;VENDA;1.0;True
estados;estados_c7_dna_fluxo_v5_2.csv;;42;2026-07-19 19:04:28;28737.0;3.0;0.5;-146;-24;82.0;228.0;-146;34.0;57.0;-23;0.3624454148471616;2.7590361445783134;-0.0666666666666666;-0.8174943797261394;0.6121824303642486;-1.4296768100903878;-1.0;28752.25;28733.0;-15.25;-4.0;-7.5;119.0;0;0.9247967479674796;0.9735349716446124;0.9720496894409938;0.9802631578947368;1.0;3.031055900621118;7.25;FRACO;BAIXA;"BAIXA mantida; estrutura bruta alinhada";12;28747.0;28748.5;28733.25;28741.0;15.5;0.1899641577060931;BAIXA confirmada em 2026-07-19 19:04:16.661000;FUNDO;28733.25;2026-07-19 19:04:16.661;BAIXA;topo 28747.00<28748.50 e fundo 28733.25<28741.00;BAIXA;;0.0;28747.0;2026-07-17 17:59:50.057000;False;VENDA;91;79;12.0;0;91;True;True;True;True;False;True;True;False;6;rompimento;False;1;delta30 | saldo30 | vel15 | aceleracao | rompimento | continuidade;False;6;rompimento;spread sem bônus | delta30 favorável 146.0 | delta10 crescente 24.0 | saldo agressor30 146.0 | saldo10 favorável 23.0 | razão fluxo 2.76 | vel15 0.0667 | vel5 acelerando 0.8175 | aceleração 1.4297 | desloc15 1.00 | ticks/s 119.00 | continuidade 7.50 | estrutura confirmada alinhada +8 | estrutura local alinhada +4;sem rompimento confirmado -4.00 | hard-gate DNA incompleto;0;91;4;79;-6.0;12.0;REENTRADA_APOS_PULLBACK_E_ROMPIMENTO;True;VENDA;1.0;True
estados;estados_c7_dna_fluxo_v5_2.csv;;43;2026-07-19 19:04:39;28737.0;4.5;0.5;-76;-16;84.0;159.0;-75;13.0;29.0;-16;0.53125;1.8823529411764703;-0.4611564384533522;-0.2;-0.6130866124177906;0.4130866124177906;-6.5;28749.5;28733.0;-12.5;-4.0;1.25;93.36644200070948;0;0.9343629343629344;0.9584158415841584;0.9561752988047808;0.9222222222222224;0.9473684210526316;3.147410358565737;6.25;FRACO;BAIXA;BAIXA mantida durante TRANSICAO;12;28738.5;28741.5;28734.5;28733.25;15.25;0.003584229390681;TRANSICAO confirmada em 2026-07-19 19:04:27.761000;TOPO;28738.5;2026-07-19 19:04:27.761;TRANSICAO;"topos/fundos divergentes: 28741.50->28738.50; 28733.25->28734.50";BAIXA;;0.0;28747.0;2026-07-17 17:59:50.057000;False;VENDA;65;57;8.0;14;51;True;True;True;False;False;False;True;False;4;aceleracao | rompimento | continuidade;False;3;delta30 | saldo30 | vel15 | rompimento;False;4;aceleracao | rompimento | continuidade;spread sem bônus | delta30 favorável 76.0 | delta10 crescente 16.0 | saldo agressor30 75.0 | saldo10 favorável 16.0 | razão fluxo 1.88 | vel15 0.4612 | desloc15 6.50 | ticks/s 93.37 | estrutura confirmada alinhada +8;aceleração insuficiente -0.4131 | sem rompimento confirmado -4.00 | sem continuidade -1.25 | hard-gate DNA incompleto | score 65 < 72;14;65;20;57;-6.0;8.0;REENTRADA_APOS_PULLBACK_E_ROMPIMENTO;True;VENDA;1.0;True
estados;estados_c7_dna_fluxo_v5_2.csv;;44;2026-07-19 19:04:51;28747.5;3.5;1.0;-19;10;64.0;84.0;-20;22.0;11.0;11;0.7647058823529411;1.3076923076923077;0.7109967497291441;0.9904451176881844;0.4635689354275742;0.5268761822606103;10.5;28748.5;28733.25;-1.0;-14.25;7.0;45.9100758396533;0;0.9370629370629372;0.9632495164410058;0.9518072289156626;0.9692307692307692;1.0;3.365963855421686;6.0;FRACO;BAIXA;"BAIXA mantida; candidata ALTA 1/2; rompeu_invalidação=True";12;28743.5;28743.25;28740.5;28739.25;9.0;0.0263157894736842;ALTA confirmada em 2026-07-19 19:04:38.075000;FUNDO;28740.5;2026-07-19 19:04:38.075;ALTA;topo 28743.50>28743.25 e fundo 28740.50>28739.25;BAIXA;ALTA;1.0;28747.0;2026-07-17 17:59:50.057000;False;COMPRA;50;52;-2.0;27;23;False;False;True;True;False;True;True;False;4;delta30 | saldo30 | rompimento;False;4;delta30 | saldo30 | rompimento;False;2;delta30 | vel15 | aceleracao | rompimento | continuidade;spread sem bônus | delta10 crescente 10.0 | saldo10 favorável 11.0 | vel15 0.7110 | vel5 acelerando 0.9904 | aceleração 0.5269 | desloc15 10.50 | ticks/s 45.91 | continuidade 7.00 | estrutura confirmada contrária -6 | estrutura local alinhada +4;delta30 insuficiente -19.0 | saldo30 insuficiente -20.0 | sem rompimento confirmado -1.00 | hard-gate DNA incompleto | score 50 < 72;50;27;52;19;-2.0;8.0;MUDANCA_ESTRUTURAL_DE_CAMPANHA;True;VENDA;1.0;True
estados;estados_c7_dna_fluxo_v5_2.csv;;45;2026-07-19 19:05:02;28737.25;3.25;0.3333333333333333;-16;-16;45.0;62.0;-17;9.0;26.0;-17;0.7301587301587301;1.3695652173913044;-0.244489580982472;-0.1805054151624548;0.2375458124066784;-0.4180512275691332;-3.25;28749.0;28734.5;-11.75;-2.75;-0.5;61.61137440758294;0;0.9321608040201004;0.9414519906323184;0.8632478632478633;0.8085106382978723;0.5909090909090909;3.0662393162393164;6.0;FRACO;BAIXA;BAIXA mantida durante TRANSICAO;12;28737.75;28737.5;28735.0;28740.5;14.0;0.0050761421319796;TRANSICAO confirmada em 2026-07-19 19:04:50.575000;TOPO;28737.75;2026-07-19 19:04:50.575;TRANSICAO;"topos/fundos divergentes: 28737.50->28737.75; 28740.50->28735.00";BAIXA;ALTA;1.0;28747.0;2026-07-17 17:59:50.057000;False;VENDA;69;61;8.0;0;69;False;True;True;True;False;True;True;False;5;delta30 | rompimento;False;1;delta30 | saldo30 | vel15 | aceleracao | rompimento | continuidade;False;5;delta30 | rompimento;spread sem bônus | delta10 crescente 16.0 | saldo agressor30 17.0 | saldo10 favorável 17.0 | razão fluxo 1.37 | vel15 0.2445 | aceleração 0.4181 | desloc15 3.25 | ticks/s 61.61 | continuidade 0.50 | estrutura confirmada alinhada +8;delta30 insuficiente 16.0 | sem rompimento confirmado -2.75 | hard-gate DNA incompleto | PULLBACK_SEM_ROMPIMENTO_DO_EXTREMO | score 69 < 72;0;69;4;61;-6.0;8.0;PULLBACK_SEM_ROMPIMENTO_DO_EXTREMO;True;VENDA;1.0;True
estados;estados_c7_dna_fluxo_v5_2.csv;;46;2026-07-19 19:05:14;28742.25;3.0;1.0;9;15;64.0;56.0;8;35.0;19.0;16;1.1403508771929824;0.8769230769230769;0.3230633204108005;-0.2537040795615993;0.3946122277175629;-0.6483163072791622;4.75;28749.0;28735.0;-6.75;-7.25;-4.5;58.287424335169696;0;0.9364754098360656;0.9309309309309308;0.9104477611940298;0.925;0.9782608695652174;2.8526119402985075;5.0;FRACO;BAIXA;"BAIXA mantida; estrutura bruta alinhada";12;28747.5;28748.0;28740.25;28741.25;14.0;0.1428571428571428;BAIXA confirmada em 2026-07-19 19:05:01.543000;TOPO;28747.5;2026-07-19 19:05:01.543;BAIXA;topo 28747.50<28748.00 e fundo 28740.25<28741.25;BAIXA;;0.0;28747.0;2026-07-17 17:59:50.057000;False;VENDA;38;26;12.0;29;9;False;False;False;True;False;True;True;False;3;delta30 | saldo30 | vel15 | rompimento;False;2;delta30 | saldo30 | aceleracao | rompimento | continuidade;False;3;delta30 | saldo30 | vel15 | rompimento;spread sem bônus | vel5 acelerando 0.2537 | aceleração 0.6483 | ticks/s 58.29 | continuidade 4.50 | estrutura confirmada alinhada +8 | estrutura local alinhada +4;delta30 insuficiente -9.0 | saldo30 insuficiente -8.0 | vel15 insuficiente -0.3231 | sem rompimento confirmado -7.25 | hard-gate DNA incompleto | PULLBACK_SEM_ROMPIMENTO_DO_EXTREMO | lados próximos: diferença 9 | score 38 < 72;29;38;35;26;-6.0;12.0;PULLBACK_SEM_ROMPIMENTO_DO_EXTREMO;True;VENDA;1.0;True
estados;estados_c7_dna_fluxo_v5_2.csv;;47;2026-07-19 19:05:25;28733.0;2.75;0.5;1;-10;59.0;57.0;2;13.0;24.0;-11;1.0344827586206895;0.9666666666666668;-0.6032980292264379;-1.0685935273763485;-0.4087054255645243;-0.6598881018118241;-9.0;28748.0;28735.0;-15.0;2.0;-3.5;45.783617106850784;0;0.9729206963249516;0.900709219858156;0.8571428571428571;0.891566265060241;0.9545454545454546;2.4875;4.0;FRACO;BAIXA;"BAIXA mantida; estrutura bruta alinhada";12;28735.0;28740.25;28733.0;28737.5;15.0;0.2826086956521739;BAIXA confirmada em 2026-07-19 19:05:13.953000;TOPO;28735.0;2026-07-19 19:05:13.953;BAIXA;topo 28735.00<28740.25 e fundo 28733.00<28737.50;BAIXA;;0.0;28735.0;2026-07-17 17:59:50.057000;False;VENDA;84;72;12.0;0;84;False;False;True;True;True;True;True;False;5;delta30 | saldo30;False;1;delta30 | saldo30 | vel15 | aceleracao | rompimento | continuidade;False;5;delta30 | saldo30;spread sem bônus | delta10 crescente 10.0 | saldo10 favorável 11.0 | vel15 0.6033 | vel5 acelerando 1.0686 | aceleração 0.6599 | desloc15 9.00 | ticks/s 45.78 | rompimento 2.00 | continuidade 3.50 | estrutura confirmada alinhada +8 | estrutura local alinhada +4;delta30 insuficiente -1.0 | saldo30 insuficiente -2.0 | hard-gate DNA incompleto;0;84;4;72;-6.0;12.0;REENTRADA_APOS_PULLBACK_E_ROMPIMENTO;True;VENDA;1.0;True
estados;estados_c7_dna_fluxo_v5_2.csv;;48;2026-07-19 19:05:37;28741.75;3.5;2.0;16;13;78.0;63.0;15;36.0;24.0;12;1.234375;0.810126582278481;0.2351676409326077;1.7791551882460974;-0.6577615867233354;2.4369167749694327;3.5;28748.0;28730.25;-6.25;-11.5;-2.5;50.79621044144326;0;0.9607843137254902;0.9230769230769232;0.946524064171123;0.9809523809523808;1.0;2.6483957219251337;4.0;FRACO;BAIXA;BAIXA mantida durante TRANSICAO;12;28743.75;28744.25;28741.25;28730.25;14.0;0.0823529411764705;TRANSICAO confirmada em 2026-07-19 19:05:23.853000;TOPO;28743.75;2026-07-19 19:05:23.853;TRANSICAO;"topos/fundos divergentes: 28744.25->28743.75; 28730.25->28741.25";BAIXA;;0.0;28735.0;2026-07-17 17:59:50.057000;False;COMPRA;51;57;-6.0;22;29;False;True;True;True;False;False;True;False;4;delta30 | rompimento | continuidade;False;4;delta30 | rompimento | continuidade;False;2;delta30 | saldo30 | vel15 | aceleracao | rompimento;spread sem bônus | delta10 crescente 13.0 | saldo agressor30 15.0 | saldo10 favorável 12.0 | razão fluxo 1.23 | vel15 0.2352 | vel5 acelerando 1.7792 | aceleração 2.4369 | desloc15 3.50 | ticks/s 50.80 | estrutura confirmada contrária -6;delta30 insuficiente 16.0 | sem rompimento confirmado -6.25 | sem continuidade -2.50 | hard-gate DNA incompleto | score 51 < 72;51;22;57;14;-6.0;8.0;MUDANCA_ESTRUTURAL_DE_CAMPANHA;True;VENDA;1.0;True
estados;estados_c7_dna_fluxo_v5_2.csv;;49;2026-07-19 19:05:49;28741.75;3.5;0.25;13;1;57.0;43.0;14;9.0;7.0;2;1.318181818181818;0.7586206896551724;0.033395671920919;-10.784313725490197;0.3058852318610057;-11.0901989573512;0.5;28747.5;28730.25;-5.75;-11.5;-2.75;47.42185412770505;0;0.9629629629629628;0.918819188191882;0.9712230215827338;0.9705882352941176;1.0;2.7607913669064748;4.0;FRACO;BAIXA;BAIXA mantida durante TRANSICAO;12;28747.5;28743.75;28740.25;28741.25;17.25;0.2840909090909091;TRANSICAO confirmada em 2026-07-19 19:05:30.316000;TOPO;28747.5;2026-07-19 19:05:30.316;TRANSICAO;"topos/fundos divergentes: 28743.75->28747.50; 28741.25->28740.25";BAIXA;;0.0;28735.0;2026-07-17 17:59:50.057000;False;VENDA;34;26;8.0;31;3;False;False;False;True;False;True;True;False;3;delta30 | saldo30 | vel15 | rompimento;False;3;delta30 | aceleracao | rompimento | continuidade;False;3;delta30 | saldo30 | vel15 | rompimento;spread sem bônus | vel5 acelerando 10.7843 | aceleração 11.0902 | ticks/s 47.42 | continuidade 2.75 | estrutura confirmada alinhada +8;delta30 insuficiente -13.0 | saldo30 insuficiente -14.0 | vel15 insuficiente -0.0334 | sem rompimento confirmado -11.50 | hard-gate DNA incompleto | PULLBACK_SEM_ROMPIMENTO_DO_EXTREMO | lados próximos: diferença 3 | score 34 < 72;31;34;37;26;-6.0;8.0;PULLBACK_SEM_ROMPIMENTO_DO_EXTREMO;True;VENDA;1.0;True
estados;estados_c7_dna_fluxo_v5_2.csv;;50;2026-07-19 19:06:00;28742.5;2.75;1.0;15;-2;47.0;31.0;16;14.0;15.0;-1;1.5;0.6666666666666666;-0.2116178182202941;-0.0543596434007392;-0.6847439057792386;0.6303842623784993;-2.0;28747.5;28731.75;-5.0;-10.75;0.0;27.40450745952809;0;0.9613636363636364;0.9202898550724636;0.9803921568627452;1.0;1.0;2.8308823529411766;4.0;FRACO;BAIXA;BAIXA mantida durante TRANSICAO;12;28742.75;28747.5;28740.25;28739.0;17.25;0.1891891891891892;TRANSICAO confirmada em 2026-07-19 19:05:44.057000;FUNDO;28740.25;2026-07-19 19:05:44.057;TRANSICAO;"topos/fundos divergentes: 28747.50->28742.75; 28739.00->28740.25";BAIXA;;0.0;28735.0;2026-07-17 17:59:50.057000;False;VENDA;30;22;8.0;19;11;False;False;True;False;False;False;True;False;2;delta30 | saldo30 | aceleracao | rompimento | continuidade;False;3;delta30 | vel15 | rompimento | continuidade;False;2;delta30 | saldo30 | aceleracao | rompimento | continuidade;spread sem bônus | saldo10 favorável 1.0 | vel15 0.2116 | desloc15 2.00 | ticks/s 27.40 | estrutura confirmada alinhada +8;delta30 insuficiente -15.0 | saldo30 insuficiente -16.0 | aceleração insuficiente -0.6304 | sem rompimento confirmado -10.75 | sem continuidade -0.00 | hard-gate DNA incompleto | PULLBACK_SEM_ROMPIMENTO_DO_EXTREMO | lados próximos: diferença 11 | score 30 < 72;19;30;25;22;-6.0;8.0;PULLBACK_SEM_ROMPIMENTO_DO_EXTREMO;True;VENDA;1.0;True
estados;estados_c7_dna_fluxo_v5_2.csv;;51;2026-07-19 19:06:12;28743.25;4.0;1.0;15;17;54.0;39.0;15;40.0;24.0;16;1.375;0.7272727272727273;0.0530447697856991;1.926977687626775;-0.5332385353714895;2.4602162229982643;0.75;28744.5;28731.0;-1.25;-12.25;7.75;48.87191456255746;0;0.9355742296918768;0.9656357388316152;1.0;1.0;1.0;2.871794871794872;4.75;FRACO;BAIXA;"BAIXA mantida; candidata ALTA 1/2; rompeu_invalidação=True";12;28741.25;28737.5;28739.0;28735.25;11.75;0.0;ALTA confirmada em 2026-07-19 19:06:00.699000;FUNDO;28739.0;2026-07-19 19:06:00.699;ALTA;topo 28741.25>28737.50 e fundo 28739.00>28735.25;BAIXA;ALTA;1.0;28735.0;2026-07-17 17:59:50.057000;False;COMPRA;65;67;-2.0;12;53;False;True;True;True;False;True;True;False;5;delta30 | rompimento;False;5;delta30 | rompimento;False;1;delta30 | saldo30 | vel15 | aceleracao | rompimento | continuidade;spread sem bônus | delta10 crescente 17.0 | saldo agressor30 15.0 | saldo10 favorável 16.0 | razão fluxo 1.38 | vel15 0.0530 | vel5 acelerando 1.9270 | aceleração 2.4602 | desloc15 0.75 | ticks/s 48.87 | continuidade 7.75 | estrutura confirmada contrária -6 | estrutura local alinhada +4;delta30 insuficiente 15.0 | sem rompimento confirmado -1.25 | hard-gate DNA incompleto | score 65 < 72;65;12;67;4;-2.0;8.0;MUDANCA_ESTRUTURAL_DE_CAMPANHA;True;VENDA;1.0;True
estados;estados_c7_dna_fluxo_v5_2.csv;;52;2026-07-19 19:06:23;28736.25;3.5;0.5;27;4;61.0;34.0;27;13.0;8.0;5;1.7714285714285714;0.5645161290322581;0.1500100006667111;-1.492383696994648;1.1335891175444717;-2.62597281453912;2.25;28748.75;28731.0;-12.5;-5.25;0.0;104.27361824121608;0;0.9014598540145984;0.988929889298893;1.0;1.0;1.0;3.048449612403101;5.0;FRACO;BAIXA;"BAIXA mantida; estrutura bruta alinhada";12;28744.0;28748.75;28738.5;28743.5;17.75;0.160377358490566;BAIXA confirmada em 2026-07-19 19:06:08.758000;TOPO;28744.0;2026-07-19 19:06:08.758;BAIXA;topo 28744.00<28748.75 e fundo 28738.50<28743.50;BAIXA;;0.0;28735.0;2026-07-17 17:59:50.057000;False;COMPRA;43;49;-6.0;28;15;True;True;True;False;False;False;True;False;4;aceleracao | rompimento | continuidade;False;4;aceleracao | rompimento | continuidade;False;2;delta30 | saldo30 | vel15 | rompimento | continuidade;spread sem bônus | delta30 favorável 27.0 | saldo agressor30 27.0 | saldo10 favorável 5.0 | razão fluxo 1.77 | vel15 0.1500 | desloc15 2.25 | ticks/s 104.27 | estrutura confirmada contrária -6;aceleração insuficiente -2.6260 | sem rompimento confirmado -12.50 | sem continuidade 0.00 | hard-gate DNA incompleto | score 43 < 72;43;28;49;16;-6.0;12.0;MUDANCA_ESTRUTURAL_DE_CAMPANHA;True;VENDA;1.0;True
estados;estados_c7_dna_fluxo_v5_2.csv;;53;2026-07-19 19:06:35;28732.5;3.75;0.5;6;-22;70.0;65.0;5;13.0;34.0;-21;1.0757575757575757;0.9295774647887324;-0.6070416835289356;-0.1530612244897959;-0.8408928753440016;0.6878316508542057;-9.0;28748.75;28730.0;-16.25;-2.5;-3.0;93.41697018750844;0;0.9225589225589226;0.979253112033195;0.976878612716763;0.945945945945946;0.9705882352941176;3.101156069364162;5.0;FRACO;BAIXA;"BAIXA mantida; estrutura bruta alinhada";12;28738.5;28739.0;28730.0;28735.75;18.75;0.0431372549019607;BAIXA confirmada em 2026-07-19 19:06:23.320000;TOPO;28738.5;2026-07-19 19:06:23.320;BAIXA;topo 28738.50<28739.00 e fundo 28730.00<28735.75;BAIXA;;0.0;28735.0;2026-07-17 17:59:50.057000;False;VENDA;52;40;12.0;4;48;False;False;True;False;False;True;True;False;3;delta30 | saldo30 | aceleracao | rompimento;False;2;delta30 | saldo30 | vel15 | rompimento | continuidade;False;3;delta30 | saldo30 | aceleracao | rompimento;spread sem bônus | delta10 crescente 22.0 | saldo10 favorável 21.0 | vel15 0.6070 | desloc15 9.00 | ticks/s 93.42 | continuidade 3.00 | estrutura confirmada alinhada +8 | estrutura local alinhada +4;delta30 insuficiente -6.0 | saldo30 insuficiente -5.0 | aceleração insuficiente -0.6878 | sem rompimento confirmado -2.50 | hard-gate DNA incompleto | score 52 < 72;4;52;10;40;-6.0;12.0;REENTRADA_APOS_PULLBACK_E_ROMPIMENTO;True;VENDA;1.0;True
estados;estados_c7_dna_fluxo_v5_2.csv;;54;2026-07-19 19:06:46;28730.0;2.0;3.0;-20;-8;53.0;74.0;-21;23.0;30.0;-7;0.72;1.3888888888888888;-0.2283746750052702;-1.480912681000439;0.3285510896944474;-1.8094637706948864;-3.25;28745.25;28730.0;-15.25;0.0;-6.25;42.864169770219945;0;0.921146953405018;0.9475524475524476;0.9056603773584906;0.8791208791208791;0.7916666666666666;3.040880503144654;5.0;FRACO;BAIXA;BAIXA mantida durante TRANSICAO;12;28736.75;28736.25;28733.75;28733.75;9.0;0.02;TRANSICAO confirmada em 2026-07-19 19:06:34.860000;TOPO;28736.75;2026-07-19 19:06:34.860;TRANSICAO;"topos/fundos divergentes: 28736.25->28736.75; 28733.75->28733.75";BAIXA;;0.0;28735.0;2026-07-17 17:59:50.057000;False;VENDA;79;71;8.0;0;79;True;True;True;True;False;True;True;False;6;rompimento;False;1;delta30 | saldo30 | vel15 | aceleracao | rompimento | continuidade;False;6;rompimento;spread sem bônus | delta30 favorável 20.0 | saldo agressor30 21.0 | saldo10 favorável 7.0 | razão fluxo 1.39 | vel15 0.2284 | vel5 acelerando 1.4809 | aceleração 1.8095 | desloc15 3.25 | ticks/s 42.86 | continuidade 6.25 | estrutura confirmada alinhada +8;sem rompimento confirmado 0.00 | hard-gate DNA incompleto;0;79;4;71;-6.0;8.0;REENTRADA_APOS_PULLBACK_E_ROMPIMENTO;True;VENDA;1.0;True
estados;estados_c7_dna_fluxo_v5_2.csv;;55;2026-07-19 19:06:58;28729.5;3.5;1.0;-47;12;59.0;107.0;-48;19.0;6.0;13;0.5555555555555556;1.8;-0.3666666666666666;-0.057683433317951;-0.4076530057614958;0.3499695724435447;-5.5;28738.5;28726.0;-9.0;-3.5;-2.0;49.66666666666666;0;0.9202898550724636;0.953416149068323;0.9333333333333332;0.9107142857142856;1.0;2.9;4.5;FRACO;BAIXA;"BAIXA mantida; estrutura bruta alinhada";12;28731.5;28734.25;28728.75;28730.5;10.75;0.1073446327683615;BAIXA confirmada em 2026-07-19 19:06:46.660000;TOPO;28731.5;2026-07-19 19:06:46.660;BAIXA;topo 28731.50<28734.25 e fundo 28728.75<28730.50;BAIXA;;0.0;28731.5;2026-07-17 17:59:50.057000;False;VENDA;66;54;12.0;17;49;True;True;True;False;False;True;True;False;5;aceleracao | rompimento;False;2;delta30 | saldo30 | vel15 | rompimento | continuidade;False;5;aceleracao | rompimento;spread sem bônus | delta30 favorável 47.0 | saldo agressor30 48.0 | razão fluxo 1.80 | vel15 0.3667 | desloc15 5.50 | ticks/s 49.67 | continuidade 2.00 | estrutura confirmada alinhada +8 | estrutura local alinhada +4;aceleração insuficiente -0.3500 | sem rompimento confirmado -3.50 | hard-gate DNA incompleto | score 66 < 72;17;66;23;54;-6.0;12.0;REENTRADA_APOS_PULLBACK_E_ROMPIMENTO;True;VENDA;1.0;True
estados;estados_c7_dna_fluxo_v5_2.csv;;56;2026-07-19 19:07:10;28732.0;3.25;1.0;-56;-29;82.0;139.0;-57;35.0;62.0;-27;0.5928571428571429;1.686746987951807;0.1548200646803826;1.913265306122449;-0.0572540936676972;1.9705193997901465;2.25;28737.25;28725.0;-5.25;-7.0;3.75;51.95073281497282;0;0.9589552238805972;0.9408602150537636;0.9178743961352656;0.925531914893617;0.8857142857142857;2.890096618357488;5.25;FRACO;BAIXA;BAIXA mantida durante TRANSICAO;12;28730.75;28732.0;28728.25;28728.25;9.25;0.0552147239263803;TRANSICAO confirmada em 2026-07-19 19:06:56.968000;FUNDO;28728.25;2026-07-19 19:06:56.968;TRANSICAO;"topos/fundos divergentes: 28732.00->28730.75; 28728.25->28728.25";BAIXA;;0.0;28731.5;2026-07-17 17:59:50.057000;False;VENDA;52;44;8.0;33;19;True;True;False;False;False;False;True;False;3;vel15 | aceleracao | rompimento | continuidade;False;4;delta30 | saldo30 | rompimento;False;3;vel15 | aceleracao | rompimento | continuidade;spread sem bônus | delta30 favorável 56.0 | delta10 crescente 29.0 | saldo agressor30 57.0 | saldo10 favorável 27.0 | razão fluxo 1.69 | ticks/s 51.95 | estrutura confirmada alinhada +8;vel15 insuficiente -0.1548 | aceleração insuficiente -1.9705 | sem rompimento confirmado -7.00 | sem continuidade -3.75 | hard-gate DNA incompleto | score 52 < 72;33;52;39;44;-6.0;8.0;REENTRADA_APOS_PULLBACK_E_ROMPIMENTO;True;VENDA;1.0;True
estados;estados_c7_dna_fluxo_v5_2.csv;;57;2026-07-19 19:07:21;28724.5;3.25;2.0;-25;-5;58.0;82.0;-24;10.0;14.0;-4;0.7108433734939759;1.4067796610169492;-0.2557631973809848;-1.529675708749745;0.3915222384631447;-1.9211979472128895;-3.75;28734.75;28725.0;-10.25;0.5;-1.5;43.58204883371982;0;0.988929889298893;0.9307228915662652;0.943661971830986;0.935897435897436;0.9523809523809524;3.0193661971830985;5.25;FRACO;BAIXA;"BAIXA mantida; estrutura bruta alinhada";12;28731.25;28734.75;28728.0;28728.5;9.75;0.077720207253886;BAIXA confirmada em 2026-07-19 19:07:06.349000;TOPO;28731.25;2026-07-19 19:07:06.349;BAIXA;topo 28731.25<28734.75 e fundo 28728.00<28728.50;BAIXA;;0.0;28731.25;2026-07-17 17:59:50.057000;True;VENDA;100;91;12.0;0;100;True;True;True;True;True;True;True;True;7;;False;1;delta30 | saldo30 | vel15 | aceleracao | rompimento | continuidade;True;7;;spread sem bônus | delta30 favorável 25.0 | saldo agressor30 24.0 | saldo10 favorável 4.0 | razão fluxo 1.41 | vel15 0.2558 | vel5 acelerando 1.5297 | aceleração 1.9212 | desloc15 3.75 | ticks/s 43.58 | rompimento 0.50 | continuidade 1.50 | estrutura confirmada alinhada +8 | estrutura local alinhada +4;;0;100;4;91;-6.0;12.0;REENTRADA_APOS_PULLBACK_E_ROMPIMENTO;True;VENDA;1.0;True
estados;estados_c7_dna_fluxo_v5_2.csv;;58;2026-07-19 19:15:29;28724.25;2.25;2.0;41;23;94.0;54.0;40;45.0;22.0;23;1.7272727272727273;0.5789473684210527;0.3818383782282699;-2.336448598130841;1.721648339442408;-4.058096937573249;5.5;28736.0;28714.25;-11.75;-10.0;-5.75;49.29186337128576;0;0.7888888888888889;0.8189655172413793;0.8258426966292135;0.7887323943661971;0.5666666666666667;2.1025280898876404;4.25;FRACO;ALTA;"ALTA mantida; estrutura bruta alinhada";12;28736.0;28731.0;28728.75;28723.0;23.5;0.4795918367346938;ALTA confirmada em 2026-07-19 19:15:11.609000;TOPO;28736.0;2026-07-19 19:15:11.609;ALTA;topo 28736.00>28731.00 e fundo 28728.75>28723.00;ALTA;;0.0;28728.75;2026-07-19 19:14:54.564000;False;COMPRA;69;57;12.0;20;49;True;True;True;False;False;False;True;False;4;aceleracao | rompimento | continuidade;False;4;aceleracao | rompimento | continuidade;False;3;delta30 | saldo30 | vel15 | rompimento;spread sem bônus | delta30 favorável 41.0 | delta10 crescente 23.0 | saldo agressor30 40.0 | saldo10 favorável 23.0 | razão fluxo 1.73 | vel15 0.3818 | desloc15 5.50 | ticks/s 49.29 | estrutura confirmada alinhada +8 | estrutura local alinhada +4;aceleração insuficiente -4.0581 | sem rompimento confirmado -11.75 | sem continuidade -5.75 | hard-gate DNA incompleto | score 69 < 72;69;20;57;26;12.0;-6.0;NOVA_CAMPANHA;False;;0.0;False
estados;estados_c7_dna_fluxo_v5_2.csv;;59;2026-07-19 19:15:41;28745.75;2.75;0.75;99;53;209.0;111.0;98;120.0;66.0;54;1.875;0.5333333333333333;1.088534107402032;-1.0206164523372117;2.001280819724624;-3.021897272061836;15.75;28753.0;28716.5;-7.25;-29.25;-0.25;75.540811389868;0;0.7854406130268199;0.8633257403189066;0.8497109826589595;0.8826291079812206;0.8947368421052632;2.1965317919075145;6.25;FRACO;ALTA;"ALTA mantida; candidata BAIXA 1/2; rompeu_invalidação=False";12;28747.25;28750.75;28744.25;28745.0;12.75;0.1;BAIXA confirmada em 2026-07-19 19:15:30.215000;FUNDO;28744.25;2026-07-19 19:15:30.215;BAIXA;topo 28747.25<28750.75 e fundo 28744.25<28745.00;ALTA;BAIXA;1.0;28728.75;2026-07-19 19:14:54.564000;False;COMPRA;65;57;8.0;24;41;True;True;True;False;False;False;True;False;4;aceleracao | rompimento | continuidade;False;4;aceleracao | rompimento | continuidade;False;3;delta30 | saldo30 | vel15 | rompimento;spread sem bônus | delta30 favorável 99.0 | delta10 crescente 53.0 | saldo agressor30 98.0 | saldo10 favorável 54.0 | razão fluxo 1.88 | vel15 1.0885 | desloc15 15.75 | ticks/s 75.54 | estrutura confirmada alinhada +8;aceleração insuficiente -3.0219 | sem rompimento confirmado -7.25 | sem continuidade -0.25 | hard-gate DNA incompleto | score 65 < 72;65;24;57;26;8.0;-2.0;NOVA_CAMPANHA;False;;0.0;False
estados;estados_c7_dna_fluxo_v5_2.csv;;60;2026-07-19 19:15:53;28740.5;2.75;1.0;26;-26;164.0;138.0;26;22.0;49.0;-27;1.1870503597122302;0.8424242424242424;-0.5841121495327103;-1.274729757291454;-0.5915059742103396;-0.6832237830811144;-8.5;28753.0;28723.0;-12.5;-17.5;-7.0;50.98955470038483;0;0.7941176470588235;0.814663951120163;0.7781350482315113;0.6513761467889908;0.3529411764705882;2.142282958199357;6.25;FRACO;ALTA;"ALTA mantida; candidata BAIXA 2/2; rompeu_invalidação=False";12;28747.25;28747.5;28743.25;28744.25;5.25;0.0359712230215827;BAIXA confirmada em 2026-07-19 19:15:41.002000;TOPO;28747.25;2026-07-19 19:15:41.002;BAIXA;topo 28747.25<28747.50 e fundo 28743.25<28744.25;ALTA;BAIXA;2.0;28728.75;2026-07-19 19:14:54.564000;False;VENDA;50;52;-2.0;39;11;False;False;True;True;False;True;True;False;4;delta30 | saldo30 | rompimento;False;3;vel15 | aceleracao | rompimento | continuidade;False;4;delta30 | saldo30 | rompimento;spread sem bônus | delta10 crescente 26.0 | saldo10 favorável 27.0 | vel15 0.5841 | vel5 acelerando 1.2747 | aceleração 0.6832 | desloc15 8.50 | ticks/s 50.99 | continuidade 7.00 | estrutura confirmada contrária -6 | estrutura local alinhada +4;delta30 insuficiente -26.0 | saldo30 insuficiente -26.0 | sem rompimento confirmado -17.50 | hard-gate DNA incompleto | lados próximos: diferença 11 | score 50 < 72;39;50;31;52;8.0;-2.0;NOVA_CAMPANHA;False;;0.0;False
estados;estados_c7_dna_fluxo_v5_2.csv;;61;2026-07-19 19:16:04;28744.75;2.5;3.0;-44;6;49.0;93.0;-44;11.0;6.0;5;0.5319148936170213;1.88;-0.1336094595497361;0.6631299734748011;-0.2750611246943765;0.9381910981691776;-2.0;28752.25;28739.25;-7.5;-5.5;-0.25;35.60692097000468;0;0.8416289592760181;0.8147368421052632;0.7560975609756098;0.5714285714285714;0.9375;2.213414634146341;5.5;FRACO;ALTA;ALTA mantida durante TRANSICAO;12;28747.5;28748.0;28745.0;28742.25;8.75;0.0804597701149425;TRANSICAO confirmada em 2026-07-19 19:15:53.349000;TOPO;28747.5;2026-07-19 19:15:53.349;TRANSICAO;"topos/fundos divergentes: 28748.00->28747.50; 28742.25->28745.00";ALTA;BAIXA;2.0;28728.75;2026-07-19 19:14:54.564000;False;VENDA;48;54;-6.0;29;19;True;True;True;False;False;True;True;False;5;aceleracao | rompimento;False;2;delta30 | saldo30 | vel15 | rompimento | continuidade;False;5;aceleracao | rompimento;spread sem bônus | delta30 favorável 44.0 | saldo agressor30 44.0 | razão fluxo 1.88 | vel15 0.1336 | desloc15 2.00 | ticks/s 35.61 | continuidade 0.25 | estrutura confirmada contrária -6;aceleração insuficiente -0.9382 | sem rompimento confirmado -5.50 | hard-gate DNA incompleto | score 48 < 72;29;48;21;54;8.0;-6.0;NOVA_CAMPANHA;False;;0.0;False
estados;estados_c7_dna_fluxo_v5_2.csv;;62;2026-07-19 19:16:16;28744.5;2.5;2.0;-21;1;41.0;63.0;-22;11.0;11.0;0;0.65625;1.5238095238095235;0.1523358158429248;0.0583158385817588;0.40272614622057;-0.3444103076388112;2.25;28748.0;28739.25;-3.5;-5.25;1.25;42.85714285714286;0;0.8481012658227848;0.8066666666666666;0.6869565217391305;0.9583333333333334;1.0;2.126086956521739;5.5;FRACO;ALTA;ALTA mantida durante TRANSICAO;12;28747.75;28747.25;28743.75;28744.75;8.75;0.0843373493975903;TRANSICAO confirmada em 2026-07-19 19:15:57.348000;FUNDO;28743.75;2026-07-19 19:15:57.348;TRANSICAO;"topos/fundos divergentes: 28747.25->28747.75; 28744.75->28743.75";ALTA;BAIXA;2.0;28728.75;2026-07-19 19:14:54.564000;False;COMPRA;35;27;8.0;31;4;False;False;True;False;False;True;True;False;3;delta30 | saldo30 | aceleracao | rompimento;False;3;delta30 | saldo30 | aceleracao | rompimento;False;4;vel15 | rompimento | continuidade;spread sem bônus | vel15 0.1523 | desloc15 2.25 | ticks/s 42.86 | continuidade 1.25 | estrutura confirmada alinhada +8;delta30 insuficiente -21.0 | saldo30 insuficiente -22.0 | aceleração insuficiente -0.3444 | sem rompimento confirmado -3.50 | hard-gate DNA incompleto | lados próximos: diferença 4 | score 35 < 72;35;31;27;37;8.0;-6.0;NOVA_CAMPANHA;False;;0.0;False
estados;estados_c7_dna_fluxo_v5_2.csv;;63;2026-07-19 19:16:28;28753.5;2.75;1.0;41;41;71.0;29.0;42;50.0;8.0;42;2.4;0.4166666666666667;0.7750472589792061;1.334976381187102;0.2723735408560311;1.062602840331071;10.25;28748.0;28742.25;5.5;-11.25;11.75;40.75614366729679;0;0.8200589970501475;0.8333333333333334;0.9230769230769232;0.8970588235294118;0.9523809523809524;2.4615384615384617;4.0;FRACO;ALTA;"ALTA mantida; candidata BAIXA 3/2; rompeu_invalidação=False";12;28747.0;28747.75;28741.75;28745.0;6.0;0.1007751937984496;BAIXA confirmada em 2026-07-19 19:16:14.737000;FUNDO;28741.75;2026-07-19 19:16:14.737;BAIXA;topo 28747.00<28747.75 e fundo 28741.75<28745.00;ALTA;BAIXA;3.0;28728.75;2026-07-19 19:14:54.564000;True;COMPRA;100;99;8.0;2;98;True;True;True;True;True;True;True;True;7;;True;7;;False;1;delta30 | saldo30 | vel15 | aceleracao | rompimento | continuidade;spread sem bônus | delta30 favorável 41.0 | delta10 crescente 41.0 | saldo agressor30 42.0 | saldo10 favorável 42.0 | razão fluxo 2.40 | vel15 0.7750 | vel5 acelerando 1.3350 | aceleração 1.0626 | desloc15 10.25 | ticks/s 40.76 | rompimento 5.50 | continuidade 11.75 | estrutura confirmada alinhada +8;;100;2;99;4;8.0;-2.0;NOVA_CAMPANHA;False;;0.0;False
estados;estados_c7_dna_fluxo_v5_2.csv;;64;2026-07-19 19:18:36;28767.0;2.0;1.0;-14;-10;33.0;48.0;-15;17.0;26.0;-9;0.6938775510204082;1.4411764705882353;0.1823634300534933;-0.929368029739777;0.7312996239030506;-1.6606676536428275;2.25;28771.5;28762.25;-4.5;-4.75;-0.25;44.65877775976658;0;0.7681159420289855;0.7522935779816514;0.8076923076923077;0.7894736842105263;0.9375;2.016826923076923;3.0;FRACO;ALTA;ALTA mantida durante TRANSICAO;12;28769.0;28770.75;28767.0;28765.5;10.25;0.0987654320987654;TRANSICAO confirmada em 2026-07-19 19:18:20.903000;TOPO;28769.0;2026-07-19 19:18:20.903;TRANSICAO;"topos/fundos divergentes: 28770.75->28769.00; 28765.50->28767.00";ALTA;;0.0;28767.5;2026-07-19 19:14:54.564000;False;VENDA;48;54;-6.0;25;23;False;True;False;True;False;True;True;False;4;delta30 | vel15 | rompimento;False;2;delta30 | saldo30 | aceleracao | rompimento | continuidade;False;4;delta30 | vel15 | rompimento;spread sem bônus | delta10 crescente 10.0 | saldo agressor30 15.0 | saldo10 favorável 9.0 | razão fluxo 1.44 | vel5 acelerando 0.9294 | aceleração 1.6607 | ticks/s 44.66 | continuidade 0.25 | estrutura confirmada contrária -6;delta30 insuficiente 14.0 | vel15 insuficiente -0.1824 | sem rompimento confirmado -4.75 | hard-gate DNA incompleto | score 48 < 72;25;48;17;54;8.0;-6.0;MUDANCA_ESTRUTURAL_DE_CAMPANHA;True;COMPRA;1.0;True
estados;estados_c7_dna_fluxo_v5_2.csv;;65;2026-07-19 19:18:47;28761.5;2.25;2.0;-33;-33;38.0;72.0;-34;8.0;40.0;-32;0.5342465753424658;1.871794871794872;-0.3988975921090804;-1.4156879194630874;0.0963143701040195;-1.5120022895671068;-5.5;28771.5;28764.0;-10.0;2.5;-5.0;32.27444154337105;0;0.7531380753138075;0.7783505154639175;0.8029197080291971;0.819672131147541;0.8260869565217391;2.4854014598540144;5.5;FRACO;ALTA;"ALTA mantida; candidata BAIXA 1/2; rompeu_invalidação=True";12;28768.5;28769.5;28757.5;28764.5;14.0;0.2474226804123711;BAIXA confirmada em 2026-07-19 19:18:35.942000;FUNDO;28757.5;2026-07-19 19:18:35.942;BAIXA;topo 28768.50<28769.50 e fundo 28757.50<28764.50;ALTA;BAIXA;1.0;28767.5;2026-07-19 19:14:54.564000;True;VENDA;97;99;-2.0;12;85;True;True;True;True;True;True;True;True;7;;False;1;delta30 | saldo30 | vel15 | aceleracao | rompimento | continuidade;True;7;;spread sem bônus | delta30 favorável 33.0 | delta10 crescente 33.0 | saldo agressor30 34.0 | saldo10 favorável 32.0 | razão fluxo 1.87 | vel15 0.3989 | vel5 acelerando 1.4157 | aceleração 1.5120 | desloc15 5.50 | ticks/s 32.27 | rompimento 2.50 | continuidade 5.00 | estrutura confirmada contrária -6 | estrutura local alinhada +4;;12;97;4;99;8.0;-2.0;MUDANCA_ESTRUTURAL_DE_CAMPANHA;True;COMPRA;1.0;True
estados;estados_c7_dna_fluxo_v5_2.csv;;66;2026-07-19 19:20:44;28799.0;2.5;2.0;31;3;111.0;79.0;32;36.0;34.0;2;1.4;0.7142857142857143;0.3517352271204609;-0.2002670226969292;0.7900814391637292;-0.9903484618606584;5.25;28805.0;28783.75;-6.0;-15.25;1.75;46.429049979900846;0;0.8318318318318318;0.8760563380281691;0.8363636363636363;0.7972027972027972;0.8823529411764706;1.9806818181818184;3.25;FRACO;ALTA;"ALTA mantida; candidata BAIXA 1/2; rompeu_invalidação=False";12;28803.0;28805.0;28795.75;28800.5;18.25;0.1698113207547169;BAIXA confirmada em 2026-07-19 19:20:29.993000;FUNDO;28795.75;2026-07-19 19:20:29.993;BAIXA;topo 28803.00<28805.00 e fundo 28795.75<28800.50;ALTA;BAIXA;1.0;28798.25;2026-07-19 19:14:54.564000;False;COMPRA;67;59;8.0;14;53;True;True;True;False;False;True;True;False;5;aceleracao | rompimento;False;5;aceleracao | rompimento;False;2;delta30 | saldo30 | vel15 | rompimento | continuidade;spread sem bônus | delta30 favorável 31.0 | saldo agressor30 32.0 | saldo10 favorável 2.0 | razão fluxo 1.40 | vel15 0.3517 | desloc15 5.25 | ticks/s 46.43 | continuidade 1.75 | estrutura confirmada alinhada +8;aceleração insuficiente -0.9903 | sem rompimento confirmado -6.00 | hard-gate DNA incompleto | score 67 < 72;67;14;59;16;8.0;-2.0;NOVA_CAMPANHA;False;;0.0;False
estados;estados_c7_dna_fluxo_v5_2.csv;;67;2026-07-19 19:20:56;28806.75;2.25;1.0;32;0;114.0;81.0;33;24.0;23.0;1;1.4024390243902438;0.7130434782608696;0.6850758853288365;0.550110022004401;0.7661157929298457;-0.2160057709254447;9.75;28808.0;28790.25;-1.25;-16.5;1.5;51.15233277121979;0;0.8472622478386167;0.8559077809798271;0.8181818181818182;0.863013698630137;0.9393939393939394;2.0054112554112558;3.25;FRACO;ALTA;"ALTA mantida; candidata BAIXA 2/2; rompeu_invalidação=False";12;28805.25;28808.0;28802.75;28803.25;12.25;0.0785340314136125;BAIXA confirmada em 2026-07-19 19:20:42.691000;FUNDO;28802.75;2026-07-19 19:20:42.691;BAIXA;topo 28805.25<28808.00 e fundo 28802.75<28803.25;ALTA;BAIXA;2.0;28798.25;2026-07-19 19:14:54.564000;False;COMPRA;67;59;8.0;8;59;True;True;True;False;False;True;True;False;5;aceleracao | rompimento;False;5;aceleracao | rompimento;False;2;delta30 | saldo30 | vel15 | rompimento | continuidade;spread sem bônus | delta30 favorável 32.0 | saldo agressor30 33.0 | saldo10 favorável 1.0 | razão fluxo 1.40 | vel15 0.6851 | desloc15 9.75 | ticks/s 51.15 | continuidade 1.50 | estrutura confirmada alinhada +8;aceleração insuficiente -0.2160 | sem rompimento confirmado -1.25 | hard-gate DNA incompleto | score 67 < 72;67;8;59;10;8.0;-2.0;NOVA_CAMPANHA;False;;0.0;False
estados;estados_c7_dna_fluxo_v5_2.csv;;68;2026-07-19 19:21:07;28809.0;2.5;3.0;16;22;58.0;43.0;15;32.0;9.0;23;1.3409090909090908;0.7457627118644068;0.2693602693602693;1.3380432455576965;-0.1695106791727879;1.507553924730484;4.0;28808.5;28795.75;0.5;-13.25;1.75;42.82828282828283;0;0.8522427440633246;0.8624641833810889;0.8914728682170543;0.9444444444444444;0.9473684210526316;2.24031007751938;3.25;FRACO;ALTA;"ALTA mantida; candidata BAIXA 3/2; rompeu_invalidação=False";12;28805.75;28806.75;28801.25;28802.5;12.25;0.1264367816091954;BAIXA confirmada em 2026-07-19 19:20:52.506000;FUNDO;28801.25;2026-07-19 19:20:52.506;BAIXA;topo 28805.75<28806.75 e fundo 28801.25<28802.50;ALTA;BAIXA;3.0;28798.25;2026-07-19 19:14:54.564000;False;COMPRA;95;87;8.0;2;93;False;True;True;True;True;True;True;False;6;delta30;False;6;delta30;False;1;delta30 | saldo30 | vel15 | aceleracao | rompimento | continuidade;spread sem bônus | delta10 crescente 22.0 | saldo agressor30 15.0 | saldo10 favorável 23.0 | razão fluxo 1.34 | vel15 0.2694 | vel5 acelerando 1.3380 | aceleração 1.5076 | desloc15 4.00 | ticks/s 42.83 | rompimento 0.50 | continuidade 1.75 | estrutura confirmada alinhada +8;delta30 insuficiente 16.0 | hard-gate DNA incompleto;95;2;87;4;8.0;-2.0;NOVA_CAMPANHA;False;;0.0;False
estados;estados_c7_dna_fluxo_v5_2.csv;;69;2026-07-19 19:21:19;28808.0;2.25;2.0;5;-9;61.0;55.0;6;14.0;24.0;-10;1.1071428571428572;0.9032258064516128;0.4562043795620438;-0.1;0.7458847736625513;-0.8458847736625513;6.75;28809.0;28801.25;-1.0;-6.75;1.0;25.952960259529604;0;0.8618090452261307;0.8598382749326146;0.9276315789473684;0.9347826086956522;0.9375;2.2664473684210527;3.25;FRACO;ALTA;"ALTA mantida; estrutura bruta alinhada";12;28810.0;28809.0;28806.5;28806.0;8.75;0.3043478260869565;ALTA confirmada em 2026-07-19 19:21:07.078000;TOPO;28810.0;2026-07-19 19:21:07.078;ALTA;topo 28810.00>28809.00 e fundo 28806.50>28806.00;ALTA;;0.0;28806.5;2026-07-19 19:14:54.564000;False;COMPRA;44;32;12.0;15;29;False;False;True;False;False;True;True;False;3;delta30 | saldo30 | aceleracao | rompimento;False;3;delta30 | saldo30 | aceleracao | rompimento;False;2;delta30 | saldo30 | vel15 | rompimento | continuidade;spread sem bônus | razão fluxo 1.11 | vel15 0.4562 | desloc15 6.75 | ticks/s 25.95 | continuidade 1.00 | estrutura confirmada alinhada +8 | estrutura local alinhada +4;delta30 insuficiente 5.0 | saldo30 insuficiente 6.0 | aceleração insuficiente -0.8459 | sem rompimento confirmado -1.00 | hard-gate DNA incompleto | score 44 < 72;44;15;32;21;12.0;-6.0;NOVA_CAMPANHA;False;;0.0;False
estados;estados_c7_dna_fluxo_v5_2.csv;;70;2026-07-19 19:21:30;28806.5;2.25;1.0;9;0;60.0;50.0;10;15.0;15.0;0;1.196078431372549;0.8360655737704918;-0.1357036232867417;0.1527806070482786;-0.2691934962851297;0.4219741033334084;-2.0;28810.0;28801.25;-3.5;-5.25;-0.75;36.029311982629935;0;0.8710462287104623;0.8670520231213873;0.943661971830986;0.9552238805970148;0.9473684210526316;2.237676056338028;2.75;FRACO;ALTA;ALTA mantida durante RANGE;12;28808.75;28807.25;28804.0;28808.0;6.0;0.0927835051546391;RANGE confirmada em 2026-07-19 19:21:16.217000;TOPO;28808.75;2026-07-19 19:21:16.217;RANGE;"swings sem progresso; amplitude 6.00; eficiencia 0.093";ALTA;;0.0;28806.5;2026-07-19 19:14:54.564000;False;COMPRA;35;31;4.0;17;18;False;True;False;True;False;False;True;False;3;delta30 | vel15 | rompimento | continuidade;False;3;delta30 | vel15 | rompimento | continuidade;False;3;delta30 | saldo30 | aceleracao | rompimento;spread sem bônus | saldo agressor30 10.0 | razão fluxo 1.20 | vel5 acelerando 0.1528 | aceleração 0.4220 | ticks/s 36.03 | estrutura confirmada alinhada +8 | range local -4;delta30 insuficiente 9.0 | vel15 insuficiente -0.1357 | sem rompimento confirmado -3.50 | sem continuidade -0.75 | hard-gate DNA incompleto | score 35 < 72;35;17;31;27;4.0;-10.0;NOVA_CAMPANHA;False;;0.0;False
estados;estados_c7_dna_fluxo_v5_2.csv;;71;2026-07-19 19:21:42;28811.25;2.25;0.5;11;18;54.0;44.0;10;30.0;13.0;17;1.2222222222222223;0.8181818181818182;0.1681802892700975;1.1465385455339594;-0.2682979180081563;1.4148364635421156;2.5;28810.0;28804.0;1.25;-7.25;1.5;27.2452068617558;0;0.8681318681318682;0.90625;0.9090909090909092;0.8703703703703703;0.8571428571428571;2.15702479338843;2.75;FRACO;ALTA;ALTA mantida durante RANGE;12;28809.75;28809.25;28804.5;28805.75;6.0;0.037037037037037;RANGE confirmada em 2026-07-19 19:21:26.765000;TOPO;28809.75;2026-07-19 19:21:26.765;RANGE;"swings sem progresso; amplitude 6.00; eficiencia 0.037";ALTA;;0.0;28806.5;2026-07-19 19:14:54.564000;False;COMPRA;91;87;4.0;0;91;False;True;True;True;True;True;True;False;6;delta30;False;6;delta30;False;1;delta30 | saldo30 | vel15 | aceleracao | rompimento | continuidade;spread sem bônus | delta10 crescente 18.0 | saldo agressor30 10.0 | saldo10 favorável 17.0 | razão fluxo 1.22 | vel15 0.1682 | vel5 acelerando 1.1465 | aceleração 1.4148 | desloc15 2.50 | ticks/s 27.25 | rompimento 1.25 | continuidade 1.50 | estrutura confirmada alinhada +8 | range local -4;delta30 insuficiente 11.0 | hard-gate DNA incompleto;91;0;87;4;4.0;-10.0;NOVA_CAMPANHA;False;;0.0;False
estados;estados_c7_dna_fluxo_v5_2.csv;;72;2026-07-19 19:21:54;28813.0;1.75;1.0;60;44;96.0;35.0;61;62.0;18.0;44;2.6944444444444446;0.3711340206185567;0.2484329613208989;0.797872340425532;0.2925442995653627;0.5053280408601692;3.25;28818.75;28804.5;-5.75;-8.5;2.0;44.25928757070784;0;0.853448275862069;0.8647686832740213;0.7916666666666666;0.7378640776699029;0.6956521739130435;2.017361111111111;3.5;FRACO;ALTA;"ALTA mantida; candidata BAIXA 1/2; rompeu_invalidação=False";12;28813.0;28818.75;28809.75;28810.75;14.25;0.1257485029940119;BAIXA confirmada em 2026-07-19 19:21:41.365000;FUNDO;28809.75;2026-07-19 19:21:41.365;BAIXA;topo 28813.00<28818.75 e fundo 28809.75<28810.75;ALTA;BAIXA;1.0;28806.5;2026-07-19 19:14:54.564000;False;COMPRA;87;79;8.0;2;85;True;True;True;True;False;True;True;False;6;rompimento;False;6;rompimento;False;1;delta30 | saldo30 | vel15 | aceleracao | rompimento | continuidade;spread sem bônus | delta30 favorável 60.0 | delta10 crescente 44.0 | saldo agressor30 61.0 | saldo10 favorável 44.0 | razão fluxo 2.69 | vel15 0.2484 | vel5 acelerando 0.7979 | aceleração 0.5053 | desloc15 3.25 | ticks/s 44.26 | continuidade 2.00 | estrutura confirmada alinhada +8;sem rompimento confirmado -5.75 | hard-gate DNA incompleto;87;2;79;4;8.0;-2.0;NOVA_CAMPANHA;False;;0.0;False
estados;estados_c7_dna_fluxo_v5_2.csv;;73;2026-07-19 19:22:06;28809.25;3.0;1.0;61;5;108.0;48.0;60;15.0;11.0;4;2.224489795918368;0.4495412844036697;-0.2344273275284661;0.0;-0.254790052996331;0.254790052996331;-3.5;28818.75;28804.5;-9.5;-4.75;0.75;36.63764233087743;0;0.8647887323943662;0.8697183098591549;0.8295454545454546;0.9384615384615383;0.8333333333333334;2.0454545454545454;3.5;FRACO;ALTA;"ALTA mantida; candidata BAIXA 2/2; rompeu_invalidação=False";12;28812.25;28813.0;28807.5;28808.0;11.25;0.0978260869565217;BAIXA confirmada em 2026-07-19 19:21:53.144000;FUNDO;28807.5;2026-07-19 19:21:53.144;BAIXA;topo 28812.25<28813.00 e fundo 28807.50<28808.00;ALTA;BAIXA;2.0;28806.5;2026-07-19 19:14:54.564000;False;COMPRA;60;52;8.0;15;45;True;True;False;True;False;True;True;False;5;vel15 | rompimento;False;5;vel15 | rompimento;False;2;delta30 | saldo30 | aceleracao | rompimento | continuidade;spread sem bônus | delta30 favorável 61.0 | saldo agressor30 60.0 | saldo10 favorável 4.0 | razão fluxo 2.22 | aceleração 0.2548 | ticks/s 36.64 | continuidade 0.75 | estrutura confirmada alinhada +8;vel15 insuficiente -0.2344 | sem rompimento confirmado -9.50 | hard-gate DNA incompleto | score 60 < 72;60;15;52;17;8.0;-2.0;NOVA_CAMPANHA;False;;0.0;False
estados;estados_c7_dna_fluxo_v5_2.csv;;74;2026-07-19 19:22:17;28794.25;2.0;1.0;-12;-54;87.0;100.0;-13;9.0;62.0;-53;0.8712871287128713;1.1477272727272727;-0.9733503389944284;-3.172892720306513;0.1302490361571324;-3.3031417564636456;-14.5;28818.75;28805.0;-24.5;10.75;-10.25;43.70007384037054;0;0.8586956521739131;0.7532051282051282;0.6715686274509803;0.5106382978723404;0.3432835820895522;1.857843137254902;3.5;FRACO;BAIXA;mudança ALTA->BAIXA: 3 swings opostos e rompimento do nível 28806.5;12;28797.0;28799.75;28795.0;28797.75;18.0;0.3764705882352941;BAIXA confirmada em 2026-07-19 19:22:05.502000;TOPO;28797.0;2026-07-19 19:22:05.502;BAIXA;topo 28797.00<28799.75 e fundo 28795.00<28797.75;BAIXA;;0.0;28797.0;2026-07-19 19:22:06.594000;False;VENDA;99;87;12.0;0;99;False;True;True;True;True;True;True;False;6;delta30;False;1;delta30 | saldo30 | vel15 | aceleracao | rompimento | continuidade;False;6;delta30;spread sem bônus | delta10 crescente 54.0 | saldo agressor30 13.0 | saldo10 favorável 53.0 | razão fluxo 1.15 | vel15 0.9734 | vel5 acelerando 3.1729 | aceleração 3.3031 | desloc15 14.50 | ticks/s 43.70 | rompimento 10.75 | continuidade 10.25 | estrutura confirmada alinhada +8 | estrutura local alinhada +4;delta30 insuficiente 12.0 | hard-gate DNA incompleto;0;99;4;87;-6.0;12.0;NOVA_CAMPANHA;False;;0.0;False
estados;estados_c7_dna_fluxo_v5_2.csv;;75;2026-07-19 19:22:29;28790.0;2.5;0.5;-66;-9;28.0;94.0;-66;5.0;15.0;-10;0.3052631578947368;3.2758620689655173;-1.186260623229462;-0.85;-1.3746838227207745;0.5246838227207743;-16.75;28812.25;28793.25;-22.25;3.25;-6.0;49.15014164305949;0;0.8928571428571429;0.7320261437908496;0.6312056737588653;0.494949494949495;0.625;1.8687943262411348;3.25;FRACO;BAIXA;BAIXA mantida durante TRANSICAO;12;28797.0;28795.25;28793.25;28793.25;16.75;0.3561643835616438;TRANSICAO confirmada em 2026-07-19 19:22:14.103000;TOPO;28797.0;2026-07-19 19:22:14.103;TRANSICAO;"topos/fundos divergentes: 28795.25->28797.00; 28793.25->28793.25";BAIXA;;0.0;28797.0;2026-07-19 19:22:06.594000;False;VENDA;87;79;8.0;4;83;True;True;True;False;True;True;True;False;6;aceleracao;False;2;delta30 | saldo30 | vel15 | rompimento | continuidade;False;6;aceleracao;spread sem bônus | delta30 favorável 66.0 | saldo agressor30 66.0 | saldo10 favorável 10.0 | razão fluxo 3.28 | vel15 1.1863 | desloc15 16.75 | ticks/s 49.15 | rompimento 3.25 | continuidade 6.00 | estrutura confirmada alinhada +8;aceleração insuficiente -0.5247 | hard-gate DNA incompleto;4;87;10;79;-6.0;8.0;NOVA_CAMPANHA;False;;0.0;False
estados;estados_c7_dna_fluxo_v5_2.csv;;76;2026-07-19 19:22:41;28809.0;2.75;2.0;-2;74;137.0;138.0;-1;115.0;40.0;75;0.9928057553956836;1.0072463768115942;0.8000533368891259;3.767963547143358;0.3869569703848932;3.381006576758465;12.0;28810.0;28786.25;-1.0;-22.75;8.25;45.203013534235616;0;0.9156626506024096;0.7710280373831776;0.7406015037593985;0.8511904761904762;0.8571428571428571;2.077067669172932;7.0;FRACO;BAIXA;"BAIXA mantida; candidata ALTA 1/2; rompeu_invalidação=True";12;28811.25;28808.5;28806.5;28798.0;25.0;0.2615384615384615;ALTA confirmada em 2026-07-19 19:22:28.212000;TOPO;28811.25;2026-07-19 19:22:28.212;ALTA;topo 28811.25>28808.50 e fundo 28806.50>28798.00;BAIXA;ALTA;1.0;28797.0;2026-07-19 19:22:06.594000;False;COMPRA;50;52;-2.0;12;38;False;False;True;True;False;True;True;False;4;delta30 | saldo30 | rompimento;False;4;delta30 | saldo30 | rompimento;False;1;delta30 | saldo30 | vel15 | aceleracao | rompimento | continuidade;spread sem bônus | delta10 crescente 74.0 | saldo10 favorável 75.0 | vel15 0.8001 | vel5 acelerando 3.7680 | aceleração 3.3810 | desloc15 12.00 | ticks/s 45.20 | continuidade 8.25 | estrutura confirmada contrária -6 | estrutura local alinhada +4;delta30 insuficiente -2.0 | saldo30 insuficiente -1.0 | sem rompimento confirmado -1.00 | hard-gate DNA incompleto | score 50 < 72;50;12;52;4;-2.0;8.0;NOVA_CAMPANHA;False;;0.0;False
estados;estados_c7_dna_fluxo_v5_2.csv;;77;2026-07-19 19:22:52;28811.5;3.0;3.0;56;32;140.0;83.0;57;63.0;30.0;33;1.6785714285714286;0.5957446808510638;1.2844634199290832;0.242600679281902;1.8256636142343805;-1.5830629349524783;17.75;28811.25;28786.25;0.25;-25.25;-1.5;41.89883493740503;0;0.91796875;0.762589928057554;0.8465116279069768;0.8366013071895425;0.6842105263157895;2.2453488372093022;7.0;FRACO;BAIXA;BAIXA mantida durante TRANSICAO;12;28813.0;28811.25;28808.75;28809.0;26.75;0.237037037037037;TRANSICAO confirmada em 2026-07-19 19:22:34.800000;TOPO;28813.0;2026-07-19 19:22:34.800;TRANSICAO;"topos/fundos divergentes: 28811.25->28813.00; 28809.00->28808.75";BAIXA;ALTA;1.0;28797.0;2026-07-19 19:22:06.594000;False;COMPRA;71;77;-6.0;28;43;True;True;True;False;True;False;True;False;5;aceleracao | continuidade;False;5;aceleracao | continuidade;False;3;delta30 | saldo30 | vel15 | rompimento;spread sem bônus | delta30 favorável 56.0 | delta10 crescente 32.0 | saldo agressor30 57.0 | saldo10 favorável 33.0 | razão fluxo 1.68 | vel15 1.2845 | desloc15 17.75 | ticks/s 41.90 | rompimento 0.25 | estrutura confirmada contrária -6;aceleração insuficiente -1.5831 | sem continuidade -1.50 | hard-gate DNA incompleto | score 71 < 72;71;28;77;20;-6.0;8.0;NOVA_CAMPANHA;False;;0.0;False
estados;estados_c7_dna_fluxo_v5_2.csv;;78;2026-07-19 19:23:04;28804.25;2.75;2.0;73;-3;136.0;62.0;74;11.0;15.0;-4;2.1746031746031744;0.4598540145985401;0.1870457460453185;0.2041232904674423;0.1730103806228373;0.0311129098446049;1.75;28813.0;28793.75;-8.75;-10.5;2.25;33.66823428815733;0;0.8729641693811075;0.7696793002915452;0.8541666666666666;0.9230769230769232;0.9583333333333334;2.265625;7.0;FRACO;BAIXA;BAIXA mantida durante TRANSICAO;12;28804.25;28804.75;28802.0;28800.75;12.25;0.1111111111111111;TRANSICAO confirmada em 2026-07-19 19:22:50.849000;FUNDO;28802.0;2026-07-19 19:22:50.849;TRANSICAO;"topos/fundos divergentes: 28804.75->28804.25; 28800.75->28802.00";BAIXA;ALTA;1.0;28797.0;2026-07-19 19:22:06.594000;False;COMPRA;60;66;-6.0;17;43;True;True;True;True;False;True;True;False;6;rompimento;False;6;rompimento;False;1;delta30 | saldo30 | vel15 | aceleracao | rompimento | continuidade;spread sem bônus | delta30 favorável 73.0 | saldo agressor30 74.0 | razão fluxo 2.17 | vel15 0.1870 | vel5 acelerando 0.2041 | aceleração 0.0311 | desloc15 1.75 | ticks/s 33.67 | continuidade 2.25 | estrutura confirmada contrária -6;sem rompimento confirmado -8.75 | hard-gate DNA incompleto | score 60 < 72;60;17;66;9;-6.0;8.0;NOVA_CAMPANHA;False;;0.0;False
estados;estados_c7_dna_fluxo_v5_2.csv;;79;2026-07-19 19:23:16;28801.5;2.75;1.0;-2;2;23.0;24.0;-1;8.0;7.0;1;0.96;1.0416666666666667;-0.0346380325597506;0.0616522811344019;-0.297747942832395;0.3594002239667969;-0.5;28813.0;28797.75;-11.5;-3.75;-0.25;14.201593349497749;0;0.8382352941176471;0.7735849056603774;0.875;0.8181818181818182;1.0;2.28125;3.0;FRACO;BAIXA;BAIXA mantida durante TRANSICAO;12;28804.25;28804.25;28797.75;28802.0;15.25;0.3033707865168539;TRANSICAO confirmada em 2026-07-19 19:22:59.192000;FUNDO;28797.75;2026-07-19 19:22:59.192;TRANSICAO;"topos/fundos divergentes: 28804.25->28804.25; 28802.00->28797.75";BAIXA;ALTA;1.0;28797.0;2026-07-19 19:22:06.594000;False;VENDA;35;27;8.0;15;20;False;False;True;False;False;True;True;False;3;delta30 | saldo30 | aceleracao | rompimento;False;2;delta30 | saldo30 | vel15 | rompimento | continuidade;False;3;delta30 | saldo30 | aceleracao | rompimento;spread sem bônus | vel15 0.0346 | desloc15 0.50 | ticks/s 14.20 | continuidade 0.25 | estrutura confirmada alinhada +8;delta30 insuficiente 2.0 | saldo30 insuficiente 1.0 | aceleração insuficiente -0.3594 | sem rompimento confirmado -3.75 | hard-gate DNA incompleto | score 35 < 72;15;35;21;27;-6.0;8.0;NOVA_CAMPANHA;False;;0.0;False
estados;estados_c7_dna_fluxo_v5_2.csv;;80;2026-07-19 19:23:28;28802.75;2.75;0.5;-35;-33;34.0;70.0;-36;19.0;51.0;-32;0.4929577464788732;2.0285714285714285;0.106172140430351;1.6124871001031993;-0.541372236152268;2.153859336255467;1.5;28804.75;28796.25;-2.0;-6.5;2.0;37.65571913929785;0;0.7483443708609272;0.847972972972973;0.8617021276595744;0.8833333333333333;0.8717948717948718;2.172872340425532;3.0;FRACO;BAIXA;BAIXA mantida durante TRANSICAO;12;28800.75;28802.25;28798.5;28796.25;16.75;0.2871287128712871;TRANSICAO confirmada em 2026-07-19 19:23:13.225000;FUNDO;28798.5;2026-07-19 19:23:13.225;TRANSICAO;"topos/fundos divergentes: 28802.25->28800.75; 28796.25->28798.50";BAIXA;ALTA;1.0;28797.0;2026-07-19 19:22:06.594000;False;VENDA;52;44;8.0;33;19;True;True;False;False;False;False;True;False;3;vel15 | aceleracao | rompimento | continuidade;False;4;delta30 | saldo30 | rompimento;False;3;vel15 | aceleracao | rompimento | continuidade;spread sem bônus | delta30 favorável 35.0 | delta10 crescente 33.0 | saldo agressor30 36.0 | saldo10 favorável 32.0 | razão fluxo 2.03 | ticks/s 37.66 | estrutura confirmada alinhada +8;vel15 insuficiente -0.1062 | aceleração insuficiente -2.1539 | sem rompimento confirmado -6.50 | sem continuidade -2.00 | hard-gate DNA incompleto | score 52 < 72;33;52;39;44;-6.0;8.0;NOVA_CAMPANHA;False;;0.0;False
estados;estados_c7_dna_fluxo_v5_2.csv;;81;2026-07-19 19:23:39;28805.0;1.75;2.0;-19;13;57.0;77.0;-20;30.0;18.0;12;0.7435897435897436;1.3448275862068966;0.4358321040632962;-0.589622641509434;0.6546134663341646;-1.2442361078435986;6.5;28810.0;28796.25;-5.0;-8.75;-1.0;33.99490411693711;0;0.7708830548926014;0.8762886597938144;0.902439024390244;0.9743589743589745;0.9230769230769232;2.2459349593495936;3.25;FRACO;BAIXA;BAIXA mantida durante TRANSICAO;12;28806.5;28808.5;28804.75;28803.75;13.75;0.1674641148325359;TRANSICAO confirmada em 2026-07-19 19:23:26.382000;TOPO;28806.5;2026-07-19 19:23:26.382;TRANSICAO;"topos/fundos divergentes: 28808.50->28806.50; 28803.75->28804.75";BAIXA;ALTA;1.0;28797.0;2026-07-19 19:22:06.594000;False;VENDA;49;41;8.0;24;25;False;True;False;True;False;True;True;False;4;delta30 | vel15 | rompimento;False;2;delta30 | saldo30 | aceleracao | rompimento | continuidade;False;4;delta30 | vel15 | rompimento;spread sem bônus | saldo agressor30 20.0 | razão fluxo 1.34 | vel5 acelerando 0.5896 | aceleração 1.2442 | ticks/s 33.99 | continuidade 1.00 | estrutura confirmada alinhada +8;delta30 insuficiente 19.0 | vel15 insuficiente -0.4358 | sem rompimento confirmado -8.75 | hard-gate DNA incompleto | score 49 < 72;24;49;30;41;-6.0;8.0;NOVA_CAMPANHA;False;;0.0;False
estados;estados_c7_dna_fluxo_v5_2.csv;;82;2026-07-19 19:23:51;28802.75;2.5;0.3333333333333333;-23;-4;51.0;75.0;-24;6.0;9.0;-3;0.6842105263157895;1.4615384615384617;-0.2376773438642679;-0.7692307692307693;-0.06006006006006;-0.7091707091707092;-3.25;28810.0;28796.25;-7.25;-6.5;-0.5;24.499049290624544;0;0.7790055248618785;0.9016393442622952;0.913793103448276;0.8333333333333334;0.9333333333333332;2.265086206896552;3.25;FRACO;BAIXA;"BAIXA mantida; estrutura bruta alinhada";12;28805.25;28806.0;28803.25;28804.0;11.5;0.1525423728813559;BAIXA confirmada em 2026-07-19 19:23:39.349000;TOPO;28805.25;2026-07-19 19:23:39.349;BAIXA;topo 28805.25<28806.00 e fundo 28803.25<28804.00;BAIXA;;0.0;28797.0;2026-07-19 19:22:06.594000;False;VENDA;83;71;12.0;0;83;True;True;True;True;False;True;True;False;6;rompimento;False;1;delta30 | saldo30 | vel15 | aceleracao | rompimento | continuidade;False;6;rompimento;spread sem bônus | delta30 favorável 23.0 | saldo agressor30 24.0 | saldo10 favorável 3.0 | razão fluxo 1.46 | vel15 0.2377 | vel5 acelerando 0.7692 | aceleração 0.7092 | desloc15 3.25 | ticks/s 24.50 | continuidade 0.50 | estrutura confirmada alinhada +8 | estrutura local alinhada +4;sem rompimento confirmado -6.50 | hard-gate DNA incompleto;0;83;4;71;-6.0;12.0;NOVA_CAMPANHA;False;;0.0;False
estados;estados_c7_dna_fluxo_v5_2.csv;;83;2026-07-19 19:24:03;28803.25;3.0;3.0;4;12;32.0;29.0;3;16.0;3.0;13;1.1;0.9090909090909092;-0.1900352428995922;0.4511730499298175;-0.1887606514939057;0.6399337014237232;-2.75;28808.5;28801.0;-5.25;-2.25;0.0;22.32050307511575;0;0.7681159420289855;0.8941176470588236;0.9054054054054054;0.918918918918919;1.0;2.2871621621621623;3.25;FRACO;BAIXA;"BAIXA mantida; estrutura bruta alinhada";12;28803.5;28805.25;28801.0;28802.75;7.5;0.1886792452830188;BAIXA confirmada em 2026-07-19 19:23:45.380000;TOPO;28803.5;2026-07-19 19:23:45.380;BAIXA;topo 28803.50<28805.25 e fundo 28801.00<28802.75;BAIXA;;0.0;28797.0;2026-07-19 19:22:06.594000;False;VENDA;29;17;12.0;28;1;False;False;True;False;False;False;True;False;2;delta30 | saldo30 | aceleracao | rompimento | continuidade;False;2;delta30 | saldo30 | vel15 | rompimento | continuidade;False;2;delta30 | saldo30 | aceleracao | rompimento | continuidade;spread sem bônus | vel15 0.1900 | desloc15 2.75 | ticks/s 22.32 | estrutura confirmada alinhada +8 | estrutura local alinhada +4;delta30 insuficiente -4.0 | saldo30 insuficiente -3.0 | aceleração insuficiente -0.6399 | sem rompimento confirmado -2.25 | sem continuidade -0.00 | hard-gate DNA incompleto | lados próximos: diferença 1 | score 29 < 72;28;29;34;17;-6.0;12.0;NOVA_CAMPANHA;False;;0.0;False
estados;estados_c7_dna_fluxo_v5_2.csv;;84;2026-07-19 19:24:14;28803.0;2.75;0.5;23;15;45.0;21.0;24;23.0;9.0;14;2.090909090909091;0.4782608695652174;-0.0185694124637896;-0.0701262272089761;-0.0306259953448487;-0.0395002318641274;-0.25;28806.0;28801.0;-3.0;-2.0;2.0;28.076951645249945;0;0.75;0.923469387755102;0.926829268292683;0.9767441860465116;1.0;2.423780487804878;3.25;FRACO;BAIXA;BAIXA mantida durante TRANSICAO;12;28809.25;28805.25;28800.0;28801.0;9.25;0.1510791366906475;TRANSICAO confirmada em 2026-07-19 19:24:02.201000;TOPO;28809.25;2026-07-19 19:24:02.201;TRANSICAO;"topos/fundos divergentes: 28805.25->28809.25; 28801.00->28800.00";BAIXA;;0.0;28797.0;2026-07-19 19:22:06.594000;False;COMPRA;48;54;-6.0;24;24;True;True;False;False;False;True;True;False;4;vel15 | aceleracao | rompimento;False;4;vel15 | aceleracao | rompimento;False;2;delta30 | saldo30 | vel15 | rompimento | continuidade;spread sem bônus | delta30 favorável 23.0 | delta10 crescente 15.0 | saldo agressor30 24.0 | saldo10 favorável 14.0 | razão fluxo 2.09 | ticks/s 28.08 | continuidade 2.00 | estrutura confirmada contrária -6;vel15 insuficiente -0.0186 | aceleração insuficiente -0.0395 | sem rompimento confirmado -3.00 | hard-gate DNA incompleto | score 48 < 72;48;24;54;16;-6.0;8.0;NOVA_CAMPANHA;False;;0.0;False
estados;estados_c7_dna_fluxo_v5_2.csv;;85;2026-07-19 19:24:26;28795.75;2.5;2.0;-14;-34;37.0;52.0;-15;6.0;41.0;-35;0.7169811320754716;1.394736842105263;-0.3536782538399353;-0.7640586797066015;-0.2383222116301239;-0.5257364680764776;-5.25;28809.25;28796.25;-13.5;0.5;0.5;41.96981945567233;0;0.847972972972973;0.917948717948718;0.912621359223301;0.9012345679012346;0.875;2.41990291262136;3.25;FRACO;BAIXA;"BAIXA mantida; estrutura bruta alinhada";12;28800.0;28809.25;28795.25;28797.0;14.0;0.1648351648351648;BAIXA confirmada em 2026-07-19 19:24:13.951000;FUNDO;28795.25;2026-07-19 19:24:13.951;BAIXA;topo 28800.00<28809.25 e fundo 28795.25<28797.00;BAIXA;;0.0;28797.0;2026-07-19 19:22:06.594000;False;VENDA;89;77;12.0;8;81;False;True;True;True;True;False;True;False;5;delta30 | continuidade;False;2;delta30 | saldo30 | vel15 | aceleracao | rompimento;False;5;delta30 | continuidade;spread sem bônus | delta10 crescente 34.0 | saldo agressor30 15.0 | saldo10 favorável 35.0 | razão fluxo 1.39 | vel15 0.3537 | vel5 acelerando 0.7641 | aceleração 0.5257 | desloc15 5.25 | ticks/s 41.97 | rompimento 0.50 | estrutura confirmada alinhada +8 | estrutura local alinhada +4;delta30 insuficiente 14.0 | sem continuidade -0.50 | hard-gate DNA incompleto;8;89;14;77;-6.0;12.0;NOVA_CAMPANHA;False;;0.0;False
estados;estados_c7_dna_fluxo_v5_2.csv;;86;2026-07-19 19:24:38;28795.5;2.25;2.0;-28;-5;32.0;61.0;-29;5.0;11.0;-6;0.532258064516129;1.878787878787879;-0.2366623842044763;-0.639386189258312;-0.1290255986787778;-0.5103605905795342;-3.5;28809.25;28795.25;-13.75;-0.25;-3.0;29.68422476164717;0;0.8785425101214575;0.9005847953216374;0.9210526315789472;0.979591836734694;0.8333333333333334;2.399122807017544;3.25;FRACO;BAIXA;"BAIXA mantida; candidata ALTA 1/2; rompeu_invalidação=False";12;28800.25;28799.5;28797.25;28796.5;14.0;0.0057142857142857;ALTA confirmada em 2026-07-19 19:24:21.380000;TOPO;28800.25;2026-07-19 19:24:21.380;ALTA;topo 28800.25>28799.50 e fundo 28797.25>28796.50;BAIXA;ALTA;1.0;28797.0;2026-07-19 19:22:06.594000;False;VENDA;79;71;8.0;2;77;True;True;True;True;False;True;True;False;6;rompimento;False;1;delta30 | saldo30 | vel15 | aceleracao | rompimento | continuidade;False;6;rompimento;spread sem bônus | delta30 favorável 28.0 | saldo agressor30 29.0 | saldo10 favorável 6.0 | razão fluxo 1.88 | vel15 0.2367 | vel5 acelerando 0.6394 | aceleração 0.5104 | desloc15 3.50 | ticks/s 29.68 | continuidade 3.00 | estrutura confirmada alinhada +8;sem rompimento confirmado -0.25 | hard-gate DNA incompleto;2;79;4;71;-2.0;8.0;NOVA_CAMPANHA;False;;0.0;False
estados;estados_c7_dna_fluxo_v5_2.csv;;87;2026-07-19 19:24:49;28786.5;2.25;1.0;-55;-28;21.0;77.0;-56;13.0;42.0;-29;0.282051282051282;3.5454545454545454;-0.7448725055432373;-1.7380578605068402;-0.2894858730893933;-1.448571987417447;-10.75;28800.25;28788.25;-13.75;1.75;-2.75;36.79323725055432;0;0.8983050847457628;0.9305555555555556;0.9416666666666668;0.9420289855072465;0.9574468085106383;2.24375;3.0;FRACO;BAIXA;"BAIXA mantida; estrutura bruta alinhada";12;28788.75;28790.75;28784.75;28786.5;15.5;0.2658227848101265;BAIXA confirmada em 2026-07-19 19:24:38.645000;FUNDO;28784.75;2026-07-19 19:24:38.645;BAIXA;topo 28788.75<28790.75 e fundo 28784.75<28786.50;BAIXA;;0.0;28788.75;2026-07-19 19:22:06.594000;True;VENDA;100;99;12.0;0;100;True;True;True;True;True;True;True;True;7;;False;1;delta30 | saldo30 | vel15 | aceleracao | rompimento | continuidade;True;7;;spread sem bônus | delta30 favorável 55.0 | delta10 crescente 28.0 | saldo agressor30 56.0 | saldo10 favorável 29.0 | razão fluxo 3.55 | vel15 0.7449 | vel5 acelerando 1.7381 | aceleração 1.4486 | desloc15 10.75 | ticks/s 36.79 | rompimento 1.75 | continuidade 2.75 | estrutura confirmada alinhada +8 | estrutura local alinhada +4;;0;100;4;99;-6.0;12.0;NOVA_CAMPANHA;False;;0.0;False
estados;estados_c7_dna_fluxo_v5_2.csv;;88;2026-07-19 19:25:48;28770.25;2.75;0.5;-59;-6;45.0;103.0;-58;19.0;24.0;-5;0.4423076923076923;2.260869565217391;-0.2400548696844993;0.6934812760055479;-0.5143475906876015;1.2078288666931494;-3.5;28783.0;28765.5;-12.75;-4.75;2.75;58.57338820301784;0;0.922680412371134;0.8940809968847352;0.8888888888888888;0.923728813559322;1.0;2.232804232804233;3.25;FRACO;BAIXA;"BAIXA mantida; candidata ALTA 2/2; rompeu_invalidação=False";12;28769.75;28768.75;28767.5;28766.75;5.75;0.042016806722689;ALTA confirmada em 2026-07-19 19:25:35.088000;FUNDO;28767.5;2026-07-19 19:25:35.088;ALTA;topo 28769.75>28768.75 e fundo 28767.50>28766.75;BAIXA;ALTA;2.0;28780.0;2026-07-19 19:22:06.594000;False;VENDA;57;49;8.0;24;33;True;True;True;False;False;False;True;False;4;aceleracao | rompimento | continuidade;False;3;delta30 | saldo30 | vel15 | rompimento;False;4;aceleracao | rompimento | continuidade;spread sem bônus | delta30 favorável 59.0 | saldo agressor30 58.0 | saldo10 favorável 5.0 | razão fluxo 2.26 | vel15 0.2401 | desloc15 3.50 | ticks/s 58.57 | estrutura confirmada alinhada +8;aceleração insuficiente -1.2078 | sem rompimento confirmado -4.75 | sem continuidade -2.75 | hard-gate DNA incompleto | MESMA_CAMPANHA_SEM_PULLBACK | score 57 < 72;24;57;26;49;-2.0;8.0;MESMA_CAMPANHA_SEM_PULLBACK;True;VENDA;1.0;False
estados;estados_c7_dna_fluxo_v5_2.csv;;89;2026-07-19 19:25:59;28768.25;3.0;2.0;-52;-4;51.0;102.0;-51;12.0;15.0;-3;0.5048543689320388;1.9807692307692308;0.0685776985324372;-0.1601537475976938;0.0278365438147199;-0.1879902914124137;1.0;28780.25;28765.5;-12.0;-2.75;0.75;29.831298861610204;0;0.9367088607594936;0.8881118881118881;0.9072164948453608;0.9848484848484848;1.0;2.3002577319587627;3.25;FRACO;BAIXA;"BAIXA mantida; estrutura bruta alinhada";12;28769.5;28769.75;28766.5;28767.5;5.0;0.0091743119266055;BAIXA confirmada em 2026-07-19 19:25:43.881000;FUNDO;28766.5;2026-07-19 19:25:43.881;BAIXA;topo 28769.50<28769.75 e fundo 28766.50<28767.50;BAIXA;;0.0;28769.5;2026-07-19 19:22:06.594000;False;VENDA;60;48;12.0;21;39;True;True;False;True;False;False;True;False;4;vel15 | rompimento | continuidade;False;3;delta30 | saldo30 | aceleracao | rompimento;False;4;vel15 | rompimento | continuidade;spread sem bônus | delta30 favorável 52.0 | saldo agressor30 51.0 | saldo10 favorável 3.0 | razão fluxo 1.98 | vel5 acelerando 0.1602 | aceleração 0.1880 | ticks/s 29.83 | estrutura confirmada alinhada +8 | estrutura local alinhada +4;vel15 insuficiente -0.0686 | sem rompimento confirmado -2.75 | sem continuidade -0.75 | hard-gate DNA incompleto | MESMA_CAMPANHA_SEM_PULLBACK | score 60 < 72;21;60;27;48;-6.0;12.0;MESMA_CAMPANHA_SEM_PULLBACK;True;VENDA;1.0;False
estados;estados_c7_dna_fluxo_v5_2.csv;;90;2026-07-19 19:26:11;28767.5;2.25;0.5;0;4;34.0;33.0;1;9.0;4.0;5;1.0294117647058822;0.9714285714285714;0.0;-0.4049402713099818;0.2136067499732991;-0.618547021283281;0.0;28771.5;28766.5;-4.0;-1.0;0.0;17.009308243487578;0;0.9058823529411764;0.917910447761194;0.9574468085106383;1.0;1.0;2.441489361702128;3.25;FRACO;BAIXA;"BAIXA mantida; candidata ALTA 1/2; rompeu_invalidação=False";12;28769.75;28769.0;28766.75;28766.5;5.0;0.0;ALTA confirmada em 2026-07-19 19:25:55.384000;TOPO;28769.75;2026-07-19 19:25:55.384;ALTA;topo 28769.75>28769.00 e fundo 28766.75>28766.50;BAIXA;ALTA;1.0;28769.5;2026-07-19 19:22:06.594000;False;VENDA;24;16;8.0;7;17;False;False;False;True;False;False;True;False;2;delta30 | saldo30 | vel15 | rompimento | continuidade;False;1;delta30 | saldo30 | vel15 | aceleracao | rompimento | continuidade;False;2;delta30 | saldo30 | vel15 | rompimento | continuidade;spread sem bônus | vel5 acelerando 0.4049 | aceleração 0.6185 | ticks/s 17.01 | estrutura confirmada alinhada +8;delta30 insuficiente -0.0 | saldo30 insuficiente -1.0 | vel15 insuficiente -0.0000 | sem rompimento confirmado -1.00 | sem continuidade -0.00 | hard-gate DNA incompleto | MESMA_CAMPANHA_SEM_PULLBACK | score 24 < 72;7;24;9;16;-2.0;8.0;MESMA_CAMPANHA_SEM_PULLBACK;True;VENDA;1.0;False
estados;estados_c7_dna_fluxo_v5_2.csv;;91;2026-07-19 19:26:23;28767.25;2.25;3.0;4;0;26.0;23.0;3;6.0;7.0;-1;1.125;0.8888888888888888;-0.1668335001668335;-0.254323499491353;-0.3860407659048795;0.1317172664135265;-2.5;28769.75;28765.75;-2.5;-1.5;2.25;17.81781781781782;0;0.9113924050632912;0.9196787148594378;1.0;1.0;1.0;2.369565217391304;3.0;FRACO;BAIXA;"BAIXA mantida; estrutura bruta alinhada";12;28768.5;28769.75;28765.0;28765.75;4.75;0.0892857142857142;BAIXA confirmada em 2026-07-19 19:26:09.581000;FUNDO;28765.0;2026-07-19 19:26:09.581;BAIXA;topo 28768.50<28769.75 e fundo 28765.00<28765.75;BAIXA;;0.0;28768.5;2026-07-19 19:22:06.594000;False;VENDA;40;28;12.0;19;21;False;False;True;False;False;False;True;False;2;delta30 | saldo30 | aceleracao | rompimento | continuidade;False;3;delta30 | saldo30 | vel15 | rompimento;False;2;delta30 | saldo30 | aceleracao | rompimento | continuidade;spread sem bônus | saldo10 favorável 1.0 | vel15 0.1668 | vel5 acelerando 0.2543 | desloc15 2.50 | ticks/s 17.82 | estrutura confirmada alinhada +8 | estrutura local alinhada +4;delta30 insuficiente -4.0 | saldo30 insuficiente -3.0 | aceleração insuficiente -0.1317 | sem rompimento confirmado -1.50 | sem continuidade -2.25 | hard-gate DNA incompleto | MESMA_CAMPANHA_SEM_PULLBACK | score 40 < 72;19;40;25;28;-6.0;12.0;MESMA_CAMPANHA_SEM_PULLBACK;True;VENDA;1.0;False
estados;estados_c7_dna_fluxo_v5_2.csv;;92;2026-07-19 19:26:35;28765.5;2.5;0.5;16;13;47.0;30.0;17;34.0;22.0;12;1.5483870967741935;0.6458333333333334;0.0350336322869955;-0.1500300060012002;0.1348435814455232;-0.2848735874467234;0.5;28769.75;28762.25;-4.25;-3.25;-2.25;35.31390134529148;0;0.8721804511278195;0.979253112033195;0.99;0.9864864864864864;1.0;2.21;3.0;FRACO;BAIXA;"BAIXA mantida; estrutura bruta alinhada";12;28767.75;28769.75;28765.0;28767.75;7.5;0.0606060606060606;BAIXA confirmada em 2026-07-19 19:26:23.682000;TOPO;28767.75;2026-07-19 19:26:23.682;BAIXA;topo 28767.75<28769.75 e fundo 28765.00<28767.75;BAIXA;;0.0;28767.75;2026-07-19 19:22:06.594000;False;COMPRA;39;45;-6.0;38;1;False;True;True;False;False;False;True;False;3;delta30 | aceleracao | rompimento | continuidade;False;3;delta30 | aceleracao | rompimento | continuidade;False;3;delta30 | saldo30 | vel15 | rompimento;spread sem bônus | delta10 crescente 13.0 | saldo agressor30 17.0 | saldo10 favorável 12.0 | razão fluxo 1.55 | vel15 0.0350 | desloc15 0.50 | ticks/s 35.31 | estrutura confirmada contrária -6;delta30 insuficiente 16.0 | aceleração insuficiente -0.2849 | sem rompimento confirmado -4.25 | sem continuidade -2.25 | hard-gate DNA incompleto | lados próximos: diferença 1 | score 39 < 72;39;38;45;26;-6.0;12.0;MUDANCA_ESTRUTURAL_DE_CAMPANHA;True;VENDA;1.0;False
estados;estados_c7_dna_fluxo_v5_2.csv;;93;2026-07-19 19:26:46;28773.75;2.0;0.5;53;37;82.0;28.0;54;41.0;4.0;37;2.862068965517241;0.3493975903614458;0.2873951852853665;1.2752391073326248;-0.0516368893937829;1.3268759967264077;4.25;28773.5;28762.25;0.25;-11.5;0.5;30.97105761428185;0;0.8939393939393939;0.9219512195121952;0.8880597014925373;0.851063829787234;0.6904761904761905;2.03544776119403;3.0;FRACO;BAIXA;"BAIXA mantida; candidata ALTA 1/2; rompeu_invalidação=True";12;28773.5;28767.5;28771.25;28765.5;9.25;0.2058823529411764;ALTA confirmada em 2026-07-19 19:26:32.191000;FUNDO;28771.25;2026-07-19 19:26:32.191;ALTA;topo 28773.50>28767.50 e fundo 28771.25>28765.50;BAIXA;ALTA;1.0;28767.75;2026-07-19 19:22:06.594000;True;COMPRA;97;99;-2.0;12;85;True;True;True;True;True;True;True;True;7;;True;7;;False;1;delta30 | saldo30 | vel15 | aceleracao | rompimento | continuidade;spread sem bônus | delta30 favorável 53.0 | delta10 crescente 37.0 | saldo agressor30 54.0 | saldo10 favorável 37.0 | razão fluxo 2.86 | vel15 0.2874 | vel5 acelerando 1.2752 | aceleração 1.3269 | desloc15 4.25 | ticks/s 30.97 | rompimento 0.25 | continuidade 0.50 | estrutura confirmada contrária -6 | estrutura local alinhada +4;;97;12;99;4;-2.0;8.0;MUDANCA_ESTRUTURAL_DE_CAMPANHA;True;VENDA;1.0;True
estados;estados_c7_dna_fluxo_v5_2.csv;;94;2026-07-19 19:28:20;28776.25;2.75;3.0;14;20;59.0;44.0;15;36.0;15.0;21;1.3333333333333333;0.75;0.6269361262723115;0.680343311701905;0.5411906193625977;0.1391526923393072;8.5;28778.5;28764.25;-2.25;-12.0;-2.25;37.68992476766485;0;0.883248730964467;0.8065476190476191;0.9661016949152542;0.9558823529411764;1.0;2.569915254237288;3.75;FRACO;BAIXA;"BAIXA mantida; candidata ALTA 1/2; rompeu_invalidação=True";12;28778.5;28777.5;28775.25;28772.25;14.25;0.0186915887850467;ALTA confirmada em 2026-07-19 19:28:08.449000;TOPO;28778.5;2026-07-19 19:28:08.449;ALTA;topo 28778.50>28777.50 e fundo 28775.25>28772.25;BAIXA;ALTA;1.0;28769.0;2026-07-19 19:27:56.673000;False;COMPRA;55;57;-2.0;22;33;False;True;True;True;False;False;True;False;4;delta30 | rompimento | continuidade;False;4;delta30 | rompimento | continuidade;False;2;delta30 | saldo30 | vel15 | aceleracao | rompimento;spread sem bônus | delta10 crescente 20.0 | saldo agressor30 15.0 | saldo10 favorável 21.0 | razão fluxo 1.33 | vel15 0.6269 | vel5 acelerando 0.6803 | aceleração 0.1392 | desloc15 8.50 | ticks/s 37.69 | estrutura confirmada contrária -6 | estrutura local alinhada +4;delta30 insuficiente 14.0 | sem rompimento confirmado -2.25 | sem continuidade -2.25 | hard-gate DNA incompleto | score 55 < 72;55;22;57;14;-2.0;8.0;NOVA_CAMPANHA;False;;0.0;False
estados;estados_c7_dna_fluxo_v5_2.csv;;95;2026-07-19 19:28:32;28776.25;2.0;1.0;19;-2;52.0;36.0;16;8.0;9.0;-1;1.4324324324324325;0.6981132075471698;-0.1549373364550337;2.941176470588235;-0.3221303554171588;3.263306826005394;-2.25;28778.5;28764.25;-2.25;-12.0;2.0;19.28109075884864;0;0.7132075471698113;0.9482758620689656;0.9484536082474226;0.96;0.8;2.3737113402061856;3.75;FRACO;BAIXA;BAIXA mantida durante TRANSICAO;12;28778.5;28777.5;28773.0;28775.25;14.25;0.0135746606334841;TRANSICAO confirmada em 2026-07-19 19:28:14.107000;FUNDO;28773.0;2026-07-19 19:28:14.107;TRANSICAO;"topos/fundos divergentes: 28777.50->28778.50; 28775.25->28773.00";BAIXA;ALTA;1.0;28769.0;2026-07-19 19:27:56.673000;False;COMPRA;35;41;-6.0;30;5;False;True;False;True;False;True;True;False;4;delta30 | vel15 | rompimento;False;4;delta30 | vel15 | rompimento;False;2;delta30 | saldo30 | aceleracao | rompimento | continuidade;spread sem bônus | saldo agressor30 16.0 | razão fluxo 1.43 | vel5 acelerando 2.9412 | aceleração 3.2633 | ticks/s 19.28 | continuidade 2.00 | estrutura confirmada contrária -6;delta30 insuficiente 19.0 | vel15 insuficiente -0.1549 | sem rompimento confirmado -2.25 | hard-gate DNA incompleto | lados próximos: diferença 5 | score 35 < 72;35;30;41;22;-6.0;8.0;NOVA_CAMPANHA;False;;0.0;False
estados;estados_c7_dna_fluxo_v5_2.csv;;96;2026-07-19 19:28:44;28772.5;2.75;0.5;11;-8;52.0;40.0;12;9.0;16.0;-7;1.2926829268292683;0.7735849056603774;-0.1619170984455958;-0.7495387453874538;0.4747108579319868;-1.2242496033194403;-1.75;28781.0;28767.25;-8.5;-5.25;0.0;36.08438193930422;0;0.7028985507246377;0.9771689497716894;0.9821428571428572;0.975;1.0;2.4107142857142856;3.75;FRACO;BAIXA;BAIXA mantida durante TRANSICAO;12;28781.0;28778.5;28773.0;28775.25;16.75;0.0468085106382978;TRANSICAO confirmada em 2026-07-19 19:28:23.318000;TOPO;28781.0;2026-07-19 19:28:23.318;TRANSICAO;"topos/fundos divergentes: 28778.50->28781.00; 28775.25->28773.00";BAIXA;ALTA;1.0;28769.0;2026-07-19 19:27:56.673000;False;VENDA;42;34;8.0;13;29;False;False;True;True;False;False;True;False;3;delta30 | saldo30 | rompimento | continuidade;False;2;delta30 | vel15 | aceleracao | rompimento | continuidade;False;3;delta30 | saldo30 | rompimento | continuidade;spread sem bônus | saldo10 favorável 7.0 | vel15 0.1619 | vel5 acelerando 0.7495 | aceleração 1.2242 | desloc15 1.75 | ticks/s 36.08 | estrutura confirmada alinhada +8;delta30 insuficiente -11.0 | saldo30 insuficiente -12.0 | sem rompimento confirmado -5.25 | sem continuidade -0.00 | hard-gate DNA incompleto | score 42 < 72;13;42;19;34;-6.0;8.0;NOVA_CAMPANHA;False;;0.0;False
estados;estados_c7_dna_fluxo_v5_2.csv;;97;2026-07-19 19:28:56;28775.25;2.25;2.0;-5;5;30.0;34.0;-4;13.0;9.0;4;0.8857142857142857;1.1290322580645162;-0.0344803806634025;-0.1599147121535181;-0.0271739130434782;-0.1327407991100398;-0.5;28781.0;28772.5;-5.75;-2.75;3.25;31.92883249431074;0;0.7664233576642335;0.9746192893401016;0.9885057471264368;1.0;1.0;2.3160919540229883;3.0;FRACO;BAIXA;"BAIXA mantida; estrutura bruta alinhada";12;28774.5;28776.75;28772.0;28772.5;9.0;0.0618556701030927;BAIXA confirmada em 2026-07-19 19:28:40.114000;FUNDO;28772.0;2026-07-19 19:28:40.114;BAIXA;topo 28774.50<28776.75 e fundo 28772.00<28772.50;BAIXA;;0.0;28769.0;2026-07-19 19:27:56.673000;False;VENDA;46;34;12.0;13;33;False;False;True;True;False;False;True;False;3;delta30 | saldo30 | rompimento | continuidade;False;2;delta30 | saldo30 | vel15 | aceleracao | rompimento;False;3;delta30 | saldo30 | rompimento | continuidade;spread sem bônus | razão fluxo 1.13 | vel15 0.0345 | vel5 acelerando 0.1599 | aceleração 0.1327 | desloc15 0.50 | ticks/s 31.93 | estrutura confirmada alinhada +8 | estrutura local alinhada +4;delta30 insuficiente 5.0 | saldo30 insuficiente 4.0 | sem rompimento confirmado -2.75 | sem continuidade -3.25 | hard-gate DNA incompleto | score 46 < 72;13;46;19;34;-6.0;12.0;NOVA_CAMPANHA;False;;0.0;False
estados;estados_c7_dna_fluxo_v5_2.csv;;98;2026-07-19 19:29:08;28765.0;2.0;2.0;-33;-11;19.0;52.0;-33;4.0;14.0;-10;0.3773584905660377;2.65;-0.835977021349567;-1.713796058269066;-1.2226238571124812;-0.4911722011565849;-9.75;28776.75;28769.0;-11.75;4.0;-4.0;36.26854154162737;0;0.7857142857142857;0.9637305699481864;0.956989247311828;0.9130434782608696;0.8421052631578947;2.327956989247312;2.75;FRACO;BAIXA;"BAIXA mantida; estrutura bruta alinhada";12;28771.0;28775.25;28769.0;28772.0;12.0;0.0854271356783919;BAIXA confirmada em 2026-07-19 19:28:53.651000;TOPO;28771.0;2026-07-19 19:28:53.651;BAIXA;topo 28771.00<28775.25 e fundo 28769.00<28772.00;BAIXA;;0.0;28769.0;2026-07-19 19:27:56.673000;True;VENDA;100;99;12.0;0;100;True;True;True;True;True;True;True;True;7;;False;1;delta30 | saldo30 | vel15 | aceleracao | rompimento | continuidade;True;7;;spread sem bônus | delta30 favorável 33.0 | delta10 crescente 11.0 | saldo agressor30 33.0 | saldo10 favorável 10.0 | razão fluxo 2.65 | vel15 0.8360 | vel5 acelerando 1.7138 | aceleração 0.4912 | desloc15 9.75 | ticks/s 36.27 | rompimento 4.00 | continuidade 4.00 | estrutura confirmada alinhada +8 | estrutura local alinhada +4;;0;100;4;99;-6.0;12.0;NOVA_CAMPANHA;False;;0.0;False
estados;estados_c7_dna_fluxo_v5_2.csv;;99;2026-07-19 19:33:29;28807.25;1.75;2.0;61;30;110.0;50.0;60;51.0;20.0;31;2.176470588235294;0.4594594594594595;0.5364806866952789;0.7501071581654521;0.3312608296809703;0.4188463284844818;8.0;28809.5;28781.75;-2.25;-25.5;2.0;83.6239270386266;0;0.9753694581280788;0.9533799533799534;0.96;0.96;0.9090909090909092;2.545;3.25;FRACO;BAIXA;"BAIXA mantida; candidata ALTA 1/2; rompeu_invalidação=True";12;28810.0;28809.5;28804.75;28804.25;13.25;0.2421052631578947;ALTA confirmada em 2026-07-19 19:33:17.048000;TOPO;28810.0;2026-07-19 19:33:17.048;ALTA;topo 28810.00>28809.50 e fundo 28804.75>28804.25;BAIXA;ALTA;1.0;28766.25;2026-07-19 19:32:06.449000;False;COMPRA;77;79;-2.0;12;65;True;True;True;True;False;True;True;False;6;rompimento;False;6;rompimento;False;1;delta30 | saldo30 | vel15 | aceleracao | rompimento | continuidade;spread sem bônus | delta30 favorável 61.0 | delta10 crescente 30.0 | saldo agressor30 60.0 | saldo10 favorável 31.0 | razão fluxo 2.18 | vel15 0.5365 | vel5 acelerando 0.7501 | aceleração 0.4188 | desloc15 8.00 | ticks/s 83.62 | continuidade 2.00 | estrutura confirmada contrária -6 | estrutura local alinhada +4;sem rompimento confirmado -2.25 | hard-gate DNA incompleto;77;12;79;4;-2.0;8.0;NOVA_CAMPANHA;False;;0.0;False
estados;estados_c7_dna_fluxo_v5_2.csv;;100;2026-07-19 19:33:40;28809.25;1.25;1.0;62;13;119.0;56.0;63;24.0;11.0;13;2.1052631578947367;0.475;0.1846133190118152;0.8141664970486464;0.0256937307297019;0.7884727663189445;2.75;28810.0;28790.75;-0.75;-18.5;0.25;47.2610096670247;0;0.9588477366255144;0.9537037037037036;0.944954128440367;0.8554216867469879;0.8148148148148148;2.481651376146789;3.25;FRACO;ALTA;mudança BAIXA->ALTA: 2 swings opostos e rompimento do nível 28766.25;12;28808.25;28808.0;28805.5;28805.0;5.75;0.0354609929078014;ALTA confirmada em 2026-07-19 19:33:25.449000;FUNDO;28805.5;2026-07-19 19:33:25.449;ALTA;topo 28808.25>28808.00 e fundo 28805.50>28805.00;ALTA;;0.0;28805.5;2026-07-19 19:33:29.514000;False;COMPRA;91;79;12.0;0;91;True;True;True;True;False;True;True;False;6;rompimento;False;6;rompimento;False;1;delta30 | saldo30 | vel15 | aceleracao | rompimento | continuidade;spread sem bônus | delta30 favorável 62.0 | delta10 crescente 13.0 | saldo agressor30 63.0 | saldo10 favorável 13.0 | razão fluxo 2.11 | vel15 0.1846 | vel5 acelerando 0.8142 | aceleração 0.7885 | desloc15 2.75 | ticks/s 47.26 | continuidade 0.25 | estrutura confirmada alinhada +8 | estrutura local alinhada +4;sem rompimento confirmado -0.75 | hard-gate DNA incompleto;91;0;79;4;12.0;-6.0;NOVA_CAMPANHA;False;;0.0;False
estados;estados_c7_dna_fluxo_v5_2.csv;;101;2026-07-19 19:33:53;28813.0;2.5;0.3333333333333333;68;3;114.0;47.0;67;20.0;16.0;4;2.395833333333333;0.417391304347826;0.3354579000335458;0.8368200836820083;0.4205214465937762;0.416298637088232;4.0;28812.0;28797.5;1.0;-15.5;0.0;35.139215028513924;0;0.9624664879356568;0.910144927536232;0.8540540540540541;0.6885245901639344;1.0;2.3216216216216217;3.25;FRACO;ALTA;ALTA mantida durante TRANSICAO;12;28812.75;28813.0;28810.5;28810.5;8.0;0.171875;TRANSICAO confirmada em 2026-07-19 19:33:39.712000;FUNDO;28810.5;2026-07-19 19:33:39.712;TRANSICAO;"topos/fundos divergentes: 28813.00->28812.75; 28810.50->28810.50";ALTA;;0.0;28805.5;2026-07-19 19:33:29.514000;False;COMPRA;89;81;8.0;0;89;True;True;True;True;True;False;True;False;6;continuidade;False;6;continuidade;False;1;delta30 | saldo30 | vel15 | aceleracao | rompimento | continuidade;spread sem bônus | delta30 favorável 68.0 | saldo agressor30 67.0 | saldo10 favorável 4.0 | razão fluxo 2.40 | vel15 0.3355 | vel5 acelerando 0.8368 | aceleração 0.4163 | desloc15 4.00 | ticks/s 35.14 | rompimento 1.00 | estrutura confirmada alinhada +8;sem continuidade 0.00 | hard-gate DNA incompleto;89;0;81;4;8.0;-6.0;NOVA_CAMPANHA;False;;0.0;False
estados;estados_c7_dna_fluxo_v5_2.csv;;102;2026-07-19 19:34:05;28815.75;2.75;3.0;94;62;202.0;109.0;93;141.0;80.0;61;1.8454545454545452;0.541871921182266;0.1888476857574509;0.0539490720759602;0.2363693665300976;-0.1824202944541374;2.75;28830.0;28805.0;-14.25;-10.75;0.75;69.35860458728197;0;0.9635416666666666;0.9242424242424242;0.8986928104575164;0.9527896995708156;1.0;2.7165032679738563;16.0;FRACO;ALTA;"ALTA mantida; candidata BAIXA 1/2; rompeu_invalidação=False";12;28817.25;28819.0;28813.25;28814.75;6.0;0.0068027210884353;BAIXA confirmada em 2026-07-19 19:33:53.676000;FUNDO;28813.25;2026-07-19 19:33:53.676;BAIXA;topo 28817.25<28819.00 e fundo 28813.25<28814.75;ALTA;BAIXA;1.0;28805.5;2026-07-19 19:33:29.514000;False;COMPRA;75;67;8.0;8;67;True;True;True;False;False;True;True;False;5;aceleracao | rompimento;False;5;aceleracao | rompimento;False;2;delta30 | saldo30 | vel15 | rompimento | continuidade;spread sem bônus | delta30 favorável 94.0 | delta10 crescente 62.0 | saldo agressor30 93.0 | saldo10 favorável 61.0 | razão fluxo 1.85 | vel15 0.1888 | desloc15 2.75 | ticks/s 69.36 | continuidade 0.75 | estrutura confirmada alinhada +8;aceleração insuficiente -0.1824 | sem rompimento confirmado -14.25 | hard-gate DNA incompleto;75;8;67;10;8.0;-2.0;NOVA_CAMPANHA;False;;0.0;False
estados;estados_c7_dna_fluxo_v5_2.csv;;103;2026-07-19 19:34:17;28823.0;3.0;0.3333333333333333;69;9;188.0;120.0;68;29.0;21.0;8;1.56198347107438;0.6402116402116402;0.4531941121020955;1.1774780560907727;0.4175116306811404;0.7599664254096323;6.25;28830.0;28809.0;-7.0;-14.0;0.0;87.66586904502937;0;0.956043956043956;0.9254302103250478;0.950920245398773;0.9903846153846154;1.0;2.817484662576687;16.0;FRACO;ALTA;"ALTA mantida; candidata BAIXA 2/2; rompeu_invalidação=False";12;28823.25;28824.0;28820.25;28820.5;7.0;0.0666666666666666;BAIXA confirmada em 2026-07-19 19:34:03.722000;FUNDO;28820.25;2026-07-19 19:34:03.722;BAIXA;topo 28823.25<28824.00 e fundo 28820.25<28820.50;ALTA;BAIXA;2.0;28805.5;2026-07-19 19:33:29.514000;False;COMPRA;69;61;8.0;2;67;True;True;True;True;False;False;True;False;5;rompimento | continuidade;False;5;rompimento | continuidade;False;1;delta30 | saldo30 | vel15 | aceleracao | rompimento | continuidade;spread sem bônus | delta30 favorável 69.0 | saldo agressor30 68.0 | saldo10 favorável 8.0 | razão fluxo 1.56 | vel15 0.4532 | vel5 acelerando 1.1775 | aceleração 0.7600 | desloc15 6.25 | ticks/s 87.67 | estrutura confirmada alinhada +8;sem rompimento confirmado -7.00 | sem continuidade 0.00 | hard-gate DNA incompleto | score 69 < 72;69;2;61;4;8.0;-2.0;NOVA_CAMPANHA;False;;0.0;False
estados;estados_c7_dna_fluxo_v5_2.csv;;104;2026-07-19 19:34:29;28828.25;3.0;0.5;80;12;191.0;112.0;79;24.0;11.0;13;1.6991150442477876;0.5885416666666666;0.790394188080183;0.5522088353413654;1.0495596969076388;-0.4973508615662734;11.75;28830.0;28809.0;-1.75;-19.25;2.0;90.20583882685322;0;0.9616368286445012;0.9158512720156556;0.954954954954955;0.963963963963964;0.9642857142857144;2.834084084084084;16.0;FRACO;ALTA;"ALTA mantida; estrutura bruta alinhada";12;28829.75;28823.0;28825.0;28820.25;10.0;0.0797546012269938;ALTA confirmada em 2026-07-19 19:34:09.950000;FUNDO;28825.0;2026-07-19 19:34:09.950;ALTA;topo 28829.75>28823.00 e fundo 28825.00>28820.25;ALTA;;0.0;28825.0;2026-07-19 19:33:29.514000;False;COMPRA;79;67;12.0;4;75;True;True;True;False;False;True;True;False;5;aceleracao | rompimento;False;5;aceleracao | rompimento;False;2;delta30 | saldo30 | vel15 | rompimento | continuidade;spread sem bônus | delta30 favorável 80.0 | delta10 crescente 12.0 | saldo agressor30 79.0 | saldo10 favorável 13.0 | razão fluxo 1.70 | vel15 0.7904 | desloc15 11.75 | ticks/s 90.21 | continuidade 2.00 | estrutura confirmada alinhada +8 | estrutura local alinhada +4;aceleração insuficiente -0.4974 | sem rompimento confirmado -1.75 | hard-gate DNA incompleto;79;4;67;10;12.0;-6.0;NOVA_CAMPANHA;False;;0.0;False
estados;estados_c7_dna_fluxo_v5_2.csv;;105;2026-07-19 19:35:40;28832.5;3.0;1.0;-11;-11;2.0;4.0;-2;2.0;4.0;-2;0.6;1.6666666666666667;-0.1562011871290221;-0.1562011871290221;0.0;-0.1562011871290221;-0.5;28833.0;28829.25;-0.5;-3.25;3.5;35.9262730396751;0;0.912280701754386;1.0;1.0;1.0;1.0;2.82890625;4.25;FRACO;ALTA;"ALTA mantida; estrutura bruta alinhada";12;28833.0;28829.75;28828.75;28825.0;12.75;0.0918918918918919;ALTA confirmada em 2026-07-19 19:35:28.414000;FUNDO;28828.75;2026-07-19 19:35:28.414;ALTA;topo 28833.00>28829.75 e fundo 28828.75>28825.00;ALTA;;0.0;28828.75;2026-07-19 19:33:29.514000;False;VENDA;35;41;-6.0;26;9;False;False;True;True;False;False;True;False;3;delta30 | saldo30 | rompimento | continuidade;False;2;delta30 | saldo30 | vel15 | aceleracao | rompimento;False;3;delta30 | saldo30 | rompimento | continuidade;spread sem bônus | delta10 crescente 11.0 | saldo10 favorável 2.0 | razão fluxo 1.67 | vel15 0.1562 | aceleração 0.1562 | desloc15 0.50 | ticks/s 35.93 | estrutura confirmada contrária -6;delta30 insuficiente 11.0 | saldo30 insuficiente 2.0 | sem rompimento confirmado -3.25 | sem continuidade -3.50 | hard-gate DNA incompleto | lados próximos: diferença 9 | score 35 < 72;26;35;14;41;12.0;-6.0;NOVA_CAMPANHA;False;;0.0;False
estados;estados_c7_dna_fluxo_v5_2.csv;;106;2026-07-19 19:35:52;28828.5;3.25;0.6666666666666666;-11;2;7.0;10.0;-3;5.0;4.0;1;0.7272727272727273;1.375;-0.3191715724519469;-1.024590163934426;-0.0944941413632354;-0.9300960225711908;-4.5;28833.0;28828.75;-4.5;0.25;-2.0;30.49861692318604;0;0.9529411764705882;0.9970414201183432;0.9970414201183432;0.9970414201183432;1.0;2.826183431952663;4.25;FRACO;ALTA;"ALTA mantida; estrutura bruta alinhada";12;28832.25;28831.25;28829.25;28829.0;12.75;0.2580645161290322;ALTA confirmada em 2026-07-19 19:35:34.050000;TOPO;28832.25;2026-07-19 19:35:34.050;ALTA;topo 28832.25>28831.25 e fundo 28829.25>28829.00;ALTA;;0.0;28829.25;2026-07-19 19:33:29.514000;False;VENDA;58;64;-6.0;21;37;False;False;True;True;True;True;True;False;5;delta30 | saldo30;False;1;delta30 | saldo30 | vel15 | aceleracao | rompimento | continuidade;False;5;delta30 | saldo30;spread sem bônus | razão fluxo 1.38 | vel15 0.3192 | vel5 acelerando 1.0246 | aceleração 0.9301 | desloc15 4.50 | ticks/s 30.50 | rompimento 0.25 | continuidade 2.00 | estrutura confirmada contrária -6;delta30 insuficiente 11.0 | saldo30 insuficiente 3.0 | hard-gate DNA incompleto | score 58 < 72;21;58;9;64;12.0;-6.0;NOVA_CAMPANHA;False;;0.0;False
estados;estados_c7_dna_fluxo_v5_2.csv;;107;2026-07-19 19:36:03;28823.5;3.0;0.3333333333333333;-19;-7;14.0;26.0;-12;7.0;15.0;-8;0.5555555555555556;1.8;-0.4864827298630899;-0.6573181419807187;-0.157153633392004;-0.5001645085887146;-7.0;28833.0;28824.5;-9.5;1.0;-2.25;39.61359371742304;0;0.9621212121212122;0.9972972972972972;0.9972972972972972;1.0;1.0;2.8148648648648646;4.25;FRACO;ALTA;"ALTA mantida; candidata BAIXA 1/2; rompeu_invalidação=True";12;28829.25;28832.25;28824.5;28826.75;8.5;0.1186440677966101;BAIXA confirmada em 2026-07-19 19:35:48.949000;FUNDO;28824.5;2026-07-19 19:35:48.949;BAIXA;topo 28829.25<28832.25 e fundo 28824.50<28826.75;ALTA;BAIXA;1.0;28829.25;2026-07-19 19:33:29.514000;False;VENDA;77;79;-2.0;12;65;False;True;True;True;True;True;True;False;6;delta30;False;1;delta30 | saldo30 | vel15 | aceleracao | rompimento | continuidade;False;6;delta30;spread sem bônus | saldo agressor30 12.0 | saldo10 favorável 8.0 | razão fluxo 1.80 | vel15 0.4865 | vel5 acelerando 0.6573 | aceleração 0.5002 | desloc15 7.00 | ticks/s 39.61 | rompimento 1.00 | continuidade 2.25 | estrutura confirmada contrária -6 | estrutura local alinhada +4;delta30 insuficiente 19.0 | hard-gate DNA incompleto;12;77;4;79;8.0;-2.0;NOVA_CAMPANHA;False;;0.0;False
estados;estados_c7_dna_fluxo_v5_2.csv;;108;2026-07-19 19:36:15;28815.75;0.75;0.5;-35;-27;26.0;62.0;-36;19.0;45.0;-26;0.4285714285714285;2.333333333333333;-0.7674597083653109;-2.0115867396202125;-0.0671231037723184;-1.9444636358478944;-10.0;28830.5;28821.5;-14.75;5.75;-4.5;54.7966231772832;0;0.9069767441860463;0.9907834101382488;0.97;0.9558823529411764;0.9433962264150944;2.78;4.5;FRACO;BAIXA;mudança ALTA->BAIXA: 2 swings opostos e rompimento do nível 28829.25;12;28826.5;28829.25;28813.0;28823.5;19.5;0.3519553072625698;BAIXA confirmada em 2026-07-19 19:36:03.613000;FUNDO;28813.0;2026-07-19 19:36:03.613;BAIXA;topo 28826.50<28829.25 e fundo 28813.00<28823.50;BAIXA;;0.0;28826.5;2026-07-19 19:36:04.494000;True;VENDA;100;99;12.0;0;100;True;True;True;True;True;True;True;True;7;;False;1;delta30 | saldo30 | vel15 | aceleracao | rompimento | continuidade;True;7;;spread sem bônus | delta30 favorável 35.0 | delta10 crescente 27.0 | saldo agressor30 36.0 | saldo10 favorável 26.0 | razão fluxo 2.33 | vel15 0.7675 | vel5 acelerando 2.0116 | aceleração 1.9445 | desloc15 10.00 | ticks/s 54.80 | rompimento 5.75 | continuidade 4.50 | estrutura confirmada alinhada +8 | estrutura local alinhada +4;;0;100;4;99;-6.0;12.0;NOVA_CAMPANHA;False;;0.0;False
estados;estados_c7_dna_fluxo_v5_2.csv;;109;2026-07-19 19:44:27;28849.0;2.75;2.0;51;-3;86.0;34.0;52;8.0;12.0;-4;2.4857142857142858;0.4022988505747126;0.1538040877708661;-0.0586579070858751;0.2679815628684746;-0.3266394699543498;2.25;28851.0;28842.0;-2.0;-7.0;0.5;43.88543304395379;0;0.7596153846153846;0.8739837398373984;0.9577464788732394;0.96875;1.0;2.257042253521127;3.0;FRACO;ALTA;ALTA mantida durante TRANSICAO;12;28846.75;28851.0;28844.5;28844.0;9.0;0.0604026845637583;TRANSICAO confirmada em 2026-07-19 19:44:07.911000;FUNDO;28844.5;2026-07-19 19:44:07.911;TRANSICAO;"topos/fundos divergentes: 28851.00->28846.75; 28844.00->28844.50";ALTA;;0.0;28846.75;2026-07-19 19:43:51.811000;False;COMPRA;62;54;8.0;15;47;True;True;True;False;False;True;True;False;5;aceleracao | rompimento;False;5;aceleracao | rompimento;False;2;delta30 | saldo30 | vel15 | rompimento | continuidade;spread sem bônus | delta30 favorável 51.0 | saldo agressor30 52.0 | razão fluxo 2.49 | vel15 0.1538 | desloc15 2.25 | ticks/s 43.89 | continuidade 0.50 | estrutura confirmada alinhada +8;aceleração insuficiente -0.3266 | sem rompimento confirmado -2.00 | hard-gate DNA incompleto | score 62 < 72;62;15;54;21;8.0;-6.0;NOVA_CAMPANHA;False;;0.0;False
estados;estados_c7_dna_fluxo_v5_2.csv;;110;2026-07-19 19:44:39;28846.5;2.75;1.0;28;4;57.0;28.0;29;7.0;4.0;3;2.0;0.5;-0.1888476857574509;-0.2029220779220779;-0.3034985100982231;0.1005764321761452;-2.75;28851.0;28844.0;-4.5;-2.5;0.0;26.095316577393216;0;0.776;0.8717948717948718;0.9363636363636364;0.9166666666666666;1.0;2.206818181818182;3.0;FRACO;ALTA;ALTA mantida durante TRANSICAO;12;28848.0;28849.25;28845.75;28844.5;9.0;0.1666666666666666;TRANSICAO confirmada em 2026-07-19 19:44:22.410000;TOPO;28848.0;2026-07-19 19:44:22.410;TRANSICAO;"topos/fundos divergentes: 28849.25->28848.00; 28844.50->28845.75";ALTA;;0.0;28846.75;2026-07-19 19:43:51.811000;False;COMPRA;50;42;8.0;17;33;True;True;False;True;False;False;True;False;4;vel15 | rompimento | continuidade;False;4;vel15 | rompimento | continuidade;False;2;delta30 | saldo30 | aceleracao | rompimento | continuidade;spread sem bônus | delta30 favorável 28.0 | saldo agressor30 29.0 | saldo10 favorável 3.0 | razão fluxo 2.00 | aceleração 0.1006 | ticks/s 26.10 | estrutura confirmada alinhada +8;vel15 insuficiente -0.1888 | sem rompimento confirmado -4.50 | sem continuidade 0.00 | hard-gate DNA incompleto | score 50 < 72;50;17;42;23;8.0;-6.0;NOVA_CAMPANHA;False;;0.0;False
estados;estados_c7_dna_fluxo_v5_2.csv;;111;2026-07-19 19:44:51;28844.75;2.5;2.0;-4;-19;47.0;50.0;-3;9.0;29.0;-20;0.9411764705882352;1.0625;-0.0667378537106246;-0.2320724065908563;0.1002137894174238;-0.3322861960082802;-1.0;28851.0;28842.5;-6.25;-2.25;-1.0;30.76615056059797;0;0.7966101694915254;0.8892988929889298;0.9655172413793104;0.9649122807017544;1.0;2.334051724137931;3.5;FRACO;ALTA;"ALTA mantida; candidata BAIXA 1/2; rompeu_invalidação=True";12;28847.75;28848.0;28842.5;28845.75;8.5;0.0314465408805031;BAIXA confirmada em 2026-07-19 19:44:30.811000;TOPO;28847.75;2026-07-19 19:44:30.811;BAIXA;topo 28847.75<28848.00 e fundo 28842.50<28845.75;ALTA;BAIXA;1.0;28846.75;2026-07-19 19:43:51.811000;False;VENDA;50;52;-2.0;12;38;False;False;True;True;False;True;True;False;4;delta30 | saldo30 | rompimento;False;1;delta30 | saldo30 | vel15 | aceleracao | rompimento | continuidade;False;4;delta30 | saldo30 | rompimento;spread sem bônus | delta10 crescente 19.0 | saldo10 favorável 20.0 | vel15 0.0667 | vel5 acelerando 0.2321 | aceleração 0.3323 | desloc15 1.00 | ticks/s 30.77 | continuidade 1.00 | estrutura confirmada contrária -6 | estrutura local alinhada +4;delta30 insuficiente 4.0 | saldo30 insuficiente 3.0 | sem rompimento confirmado -2.25 | hard-gate DNA incompleto | score 50 < 72;12;50;4;52;8.0;-2.0;NOVA_CAMPANHA;False;;0.0;False
estados;estados_c7_dna_fluxo_v5_2.csv;;112;2026-07-19 19:45:03;28845.5;2.5;0.3333333333333333;-12;1;19.0;30.0;-11;3.0;1.0;2;0.6451612903225806;1.55;-0.1014404544532359;-0.1014404544532359;0.0;-0.1014404544532359;-0.5;28848.0;28842.5;-2.5;-3.0;1.5;15.418949076891863;0;0.8294117647058824;0.9523809523809524;0.9682539682539684;0.875;0.875;2.4007936507936507;3.5;FRACO;ALTA;ALTA mantida durante TRANSICAO;12;28846.0;28847.75;28844.0;28843.5;8.5;0.1666666666666666;TRANSICAO confirmada em 2026-07-19 19:44:49.149000;FUNDO;28844.0;2026-07-19 19:44:49.149;TRANSICAO;"topos/fundos divergentes: 28847.75->28846.00; 28843.50->28844.00";ALTA;BAIXA;1.0;28846.75;2026-07-19 19:43:51.811000;False;VENDA;32;38;-6.0;27;5;False;True;True;True;False;False;True;False;4;delta30 | rompimento | continuidade;False;2;delta30 | saldo30 | vel15 | aceleracao | rompimento;False;4;delta30 | rompimento | continuidade;spread sem bônus | saldo agressor30 11.0 | razão fluxo 1.55 | vel15 0.1014 | aceleração 0.1014 | desloc15 0.50 | ticks/s 15.42 | estrutura confirmada contrária -6;delta30 insuficiente 12.0 | sem rompimento confirmado -3.00 | sem continuidade -1.50 | hard-gate DNA incompleto | lados próximos: diferença 5 | score 32 < 72;27;32;19;38;8.0;-6.0;NOVA_CAMPANHA;False;;0.0;False
estados;estados_c7_dna_fluxo_v5_2.csv;;113;2026-07-19 19:45:15;28840.75;2.5;0.5;-20;-13;16.0;37.0;-21;12.0;26.0;-14;0.4473684210526316;2.235294117647059;-0.2359689247077615;0.0;-0.1320480654958404;0.1320480654958404;-3.25;28846.0;28835.75;-5.25;-5.0;5.0;39.64277935090394;0;0.8492462311557789;0.9702380952380952;0.9838709677419356;1.0;1.0;2.439516129032258;3.0;FRACO;BAIXA;mudança ALTA->BAIXA: 2 swings opostos e rompimento do nível 28846.75;12;28840.0;28845.25;28835.5;28835.75;12.5;0.2265193370165746;BAIXA confirmada em 2026-07-19 19:45:01.949000;FUNDO;28835.5;2026-07-19 19:45:01.949;BAIXA;topo 28840.00<28845.25 e fundo 28835.50<28835.75;BAIXA;;0.0;28840.0;2026-07-19 19:45:02.849000;False;VENDA;69;57;12.0;14;55;True;True;True;False;False;False;True;False;4;aceleracao | rompimento | continuidade;False;3;delta30 | saldo30 | vel15 | rompimento;False;4;aceleracao | rompimento | continuidade;spread sem bônus | delta30 favorável 20.0 | delta10 crescente 13.0 | saldo agressor30 21.0 | saldo10 favorável 14.0 | razão fluxo 2.24 | vel15 0.2360 | desloc15 3.25 | ticks/s 39.64 | estrutura confirmada alinhada +8 | estrutura local alinhada +4;aceleração insuficiente -0.1320 | sem rompimento confirmado -5.00 | sem continuidade -5.00 | hard-gate DNA incompleto | score 69 < 72;14;69;20;57;-6.0;12.0;NOVA_CAMPANHA;False;;0.0;False
estados;estados_c7_dna_fluxo_v5_2.csv;;114;2026-07-19 19:45:26;28838.5;2.0;1.0;-16;0;20.0;35.0;-15;6.0;7.0;-1;0.5833333333333334;1.7142857142857142;0.2011851635086692;-0.6854680767724246;0.7212168895882507;-1.4066849663606753;2.75;28845.5;28835.5;-7.0;-3.0;-2.0;25.605384446557903;0;0.8739837398373984;0.9603174603174603;0.9552238805970148;0.9310344827586208;0.8;2.2723880597014925;3.0;FRACO;BAIXA;BAIXA mantida durante TRANSICAO;12;28842.25;28840.75;28835.5;28835.75;12.25;0.0056497175141242;TRANSICAO confirmada em 2026-07-19 19:45:07.909000;TOPO;28842.25;2026-07-19 19:45:07.909;TRANSICAO;"topos/fundos divergentes: 28840.75->28842.25; 28835.75->28835.50";BAIXA;;0.0;28840.0;2026-07-19 19:45:02.849000;False;VENDA;54;46;8.0;11;43;False;True;False;True;False;True;True;False;4;delta30 | vel15 | rompimento;False;2;delta30 | saldo30 | aceleracao | rompimento | continuidade;False;4;delta30 | vel15 | rompimento;spread sem bônus | saldo agressor30 15.0 | saldo10 favorável 1.0 | razão fluxo 1.71 | vel5 acelerando 0.6855 | aceleração 1.4067 | ticks/s 25.61 | continuidade 2.00 | estrutura confirmada alinhada +8;delta30 insuficiente 16.0 | vel15 insuficiente -0.2012 | sem rompimento confirmado -3.00 | hard-gate DNA incompleto | score 54 < 72;11;54;17;46;-6.0;8.0;NOVA_CAMPANHA;False;;0.0;False
estados;estados_c7_dna_fluxo_v5_2.csv;;115;2026-07-19 19:45:38;28832.75;2.0;1.0;-44;-16;22.0;66.0;-44;7.0;24.0;-17;0.3432835820895522;2.9130434782608696;-0.5806301772857475;0.0807232805941233;-0.8556759840273817;0.936399264621505;-7.5;28845.25;28832.5;-12.5;-0.25;-0.5;36.38615777657351;0;0.8717948717948718;0.9575757575757576;0.944954128440367;0.90625;0.9285714285714286;2.318807339449541;3.5;FRACO;BAIXA;"BAIXA mantida; estrutura bruta alinhada";12;28838.0;28842.25;28832.5;28834.5;12.75;0.2323232323232323;BAIXA confirmada em 2026-07-19 19:45:22.911000;FUNDO;28832.5;2026-07-19 19:45:22.911;BAIXA;topo 28838.00<28842.25 e fundo 28832.50<28834.50;BAIXA;;0.0;28838.0;2026-07-19 19:45:02.849000;False;VENDA;79;67;12.0;10;69;True;True;True;False;False;True;True;False;5;aceleracao | rompimento;False;2;delta30 | saldo30 | vel15 | rompimento | continuidade;False;5;aceleracao | rompimento;spread sem bônus | delta30 favorável 44.0 | delta10 crescente 16.0 | saldo agressor30 44.0 | saldo10 favorável 17.0 | razão fluxo 2.91 | vel15 0.5806 | desloc15 7.50 | ticks/s 36.39 | continuidade 0.50 | estrutura confirmada alinhada +8 | estrutura local alinhada +4;aceleração insuficiente -0.9364 | sem rompimento confirmado -0.25 | hard-gate DNA incompleto;10;79;16;67;-6.0;12.0;NOVA_CAMPANHA;False;;0.0;False
estados;estados_c7_dna_fluxo_v5_2.csv;;116;2026-07-19 19:45:50;28830.25;1.75;1.0;-32;-2;21.0;52.0;-31;11.0;12.0;-1;0.4150943396226415;2.409090909090909;-0.2232475070695044;-0.238095238095238;-0.1529753709652745;-0.0851198671299635;-3.0;28841.25;28829.75;-11.0;-0.5;2.5;22.32475070695044;0;0.8828125;0.9367088607594936;0.9108910891089108;0.9285714285714286;1.0;2.2103960396039604;3.5;FRACO;BAIXA;"BAIXA mantida; estrutura bruta alinhada";12;28830.25;28838.0;28827.5;28832.5;17.75;0.2884615384615384;BAIXA confirmada em 2026-07-19 19:45:37.918000;TOPO;28830.25;2026-07-19 19:45:37.918;BAIXA;topo 28830.25<28838.00 e fundo 28827.50<28832.50;BAIXA;;0.0;28830.25;2026-07-19 19:45:02.849000;False;VENDA;73;61;12.0;8;65;True;True;True;True;False;False;True;False;5;rompimento | continuidade;False;2;delta30 | saldo30 | vel15 | aceleracao | rompimento;False;5;rompimento | continuidade;spread sem bônus | delta30 favorável 32.0 | saldo agressor30 31.0 | saldo10 favorável 1.0 | razão fluxo 2.41 | vel15 0.2232 | vel5 acelerando 0.2381 | aceleração 0.0851 | desloc15 3.00 | ticks/s 22.32 | estrutura confirmada alinhada +8 | estrutura local alinhada +4;sem rompimento confirmado -0.50 | sem continuidade -2.50 | hard-gate DNA incompleto;8;73;14;61;-6.0;12.0;NOVA_CAMPANHA;False;;0.0;False
estados;estados_c7_dna_fluxo_v5_2.csv;;117;2026-07-19 19:46:02;28827.5;2.5;0.5;-5;3;32.0;38.0;-6;18.0;16.0;2;0.8461538461538461;1.181818181818182;-0.2452354260089686;-0.1540357362908194;-0.5971575301564553;0.4431217938656359;-3.5;28834.0;28825.25;-6.5;-2.25;0.75;23.61266816143498;0;0.9518072289156626;0.9210526315789472;0.8876404494382022;0.90625;0.7333333333333333;2.058988764044944;3.5;FRACO;BAIXA;BAIXA mantida durante TRANSICAO;12;28828.75;28828.25;28825.25;28827.5;17.0;0.1597633136094674;TRANSICAO confirmada em 2026-07-19 19:45:48.118000;TOPO;28828.75;2026-07-19 19:45:48.118;TRANSICAO;"topos/fundos divergentes: 28828.25->28828.75; 28827.50->28825.25";BAIXA;;0.0;28830.25;2026-07-19 19:45:02.849000;False;VENDA;30;22;8.0;19;11;False;False;True;False;False;False;True;False;2;delta30 | saldo30 | aceleracao | rompimento | continuidade;False;3;delta30 | saldo30 | vel15 | rompimento;False;2;delta30 | saldo30 | aceleracao | rompimento | continuidade;spread sem bônus | razão fluxo 1.18 | vel15 0.2452 | desloc15 3.50 | ticks/s 23.61 | estrutura confirmada alinhada +8;delta30 insuficiente 5.0 | saldo30 insuficiente 6.0 | aceleração insuficiente -0.4431 | sem rompimento confirmado -2.25 | sem continuidade -0.75 | hard-gate DNA incompleto | lados próximos: diferença 11 | score 30 < 72;19;30;25;22;-6.0;8.0;NOVA_CAMPANHA;False;;0.0;False
estados;estados_c7_dna_fluxo_v5_2.csv;;118;2026-07-19 19:46:14;28840.75;2.0;1.5;31;30;64.0;34.0;30;37.0;6.0;31;1.8571428571428568;0.5384615384615384;0.8131734092295182;2.296504210257719;0.0;2.296504210257719;12.0;28837.0;28825.25;3.75;-15.5;3.75;31.91705631225859;0;0.9700598802395208;0.8939393939393939;0.8956521739130435;0.8333333333333334;0.84375;2.095652173913044;3.0;FRACO;BAIXA;"BAIXA mantida; candidata ALTA 1/2; rompeu_invalidação=True";12;28828.75;28828.25;28826.75;28825.25;17.0;0.358974358974359;ALTA confirmada em 2026-07-19 19:45:48.818000;FUNDO;28826.75;2026-07-19 19:45:48.818;ALTA;topo 28828.75>28828.25 e fundo 28826.75>28825.25;BAIXA;ALTA;1.0;28830.25;2026-07-19 19:45:02.849000;True;COMPRA;97;99;-2.0;12;85;True;True;True;True;True;True;True;True;7;;True;7;;False;1;delta30 | saldo30 | vel15 | aceleracao | rompimento | continuidade;spread sem bônus | delta30 favorável 31.0 | delta10 crescente 30.0 | saldo agressor30 30.0 | saldo10 favorável 31.0 | razão fluxo 1.86 | vel15 0.8132 | vel5 acelerando 2.2965 | aceleração 2.2965 | desloc15 12.00 | ticks/s 31.92 | rompimento 3.75 | continuidade 3.75 | estrutura confirmada contrária -6 | estrutura local alinhada +4;;97;12;99;4;-2.0;8.0;NOVA_CAMPANHA;False;;0.0;False
estados;estados_c7_dna_fluxo_v5_2.csv;;119;2026-07-19 19:59:17;28812.25;2.0;1.0;4;-1;49.0;44.0;5;24.0;26.0;-2;1.1111111111111112;0.9;0.0925668795704896;0.3386616093199675;0.0446428571428571;0.2940187521771104;1.0;28816.0;28810.0;-3.75;-2.25;0.25;14.995834490419329;0;0.8367346938775511;0.8191489361702128;0.8266666666666667;0.6857142857142857;0.5238095238095238;2.006666666666667;3.0;FRACO;BAIXA;"BAIXA mantida; estrutura bruta alinhada";12;28813.0;28816.0;28810.0;28810.5;6.75;0.2;BAIXA confirmada em 2026-07-19 19:59:00.284000;FUNDO;28810.0;2026-07-19 19:59:00.284;BAIXA;topo 28813.00<28816.00 e fundo 28810.00<28810.50;BAIXA;;0.0;28813.0;2026-07-19 19:50:35.535000;False;COMPRA;38;44;-6.0;21;17;False;False;True;True;False;True;True;False;4;delta30 | saldo30 | rompimento;False;4;delta30 | saldo30 | rompimento;False;1;delta30 | saldo30 | vel15 | aceleracao | rompimento | continuidade;spread sem bônus | razão fluxo 1.11 | vel15 0.0926 | vel5 acelerando 0.3387 | aceleração 0.2940 | desloc15 1.00 | ticks/s 15.00 | continuidade 0.25 | estrutura confirmada contrária -6;delta30 insuficiente 4.0 | saldo30 insuficiente 5.0 | sem rompimento confirmado -3.75 | hard-gate DNA incompleto | score 38 < 72;38;21;44;9;-6.0;12.0;NOVA_CAMPANHA;False;;0.0;False
estados;estados_c7_dna_fluxo_v5_2.csv;;120;2026-07-19 19:59:28;28816.25;2.25;2.0;10;39;53.0;44.0;9;45.0;5.0;40;1.2;0.8333333333333334;0.3508889185937709;0.6085686465433301;0.388883127657368;0.2196855188859621;5.25;28818.25;28810.0;-2.0;-6.25;1.5;25.53134607672771;0;0.8490566037735849;0.8046875;0.7865168539325843;0.7164179104477612;0.7777777777777778;1.9719101123595504;3.0;FRACO;BAIXA;"BAIXA mantida; candidata ALTA 1/2; rompeu_invalidação=True";12;28818.25;28813.0;28813.0;28810.0;8.25;0.0381679389312977;ALTA confirmada em 2026-07-19 19:59:09.118000;FUNDO;28813.0;2026-07-19 19:59:09.118;ALTA;topo 28818.25>28813.00 e fundo 28813.00>28810.00;BAIXA;ALTA;1.0;28813.0;2026-07-19 19:50:35.535000;False;COMPRA;55;57;-2.0;12;43;False;False;True;True;False;True;True;False;4;delta30 | saldo30 | rompimento;False;4;delta30 | saldo30 | rompimento;False;1;delta30 | saldo30 | vel15 | aceleracao | rompimento | continuidade;spread sem bônus | delta10 crescente 39.0 | saldo10 favorável 40.0 | razão fluxo 1.20 | vel15 0.3509 | vel5 acelerando 0.6086 | aceleração 0.2197 | desloc15 5.25 | ticks/s 25.53 | continuidade 1.50 | estrutura confirmada contrária -6 | estrutura local alinhada +4;delta30 insuficiente 10.0 | saldo30 insuficiente 9.0 | sem rompimento confirmado -2.00 | hard-gate DNA incompleto | score 55 < 72;55;12;57;4;-2.0;8.0;NOVA_CAMPANHA;False;;0.0;False
estados;estados_c7_dna_fluxo_v5_2.csv;;121;2026-07-19 19:59:40;28814.75;2.25;0.5;17;-4;54.0;38.0;16;3.0;6.0;-3;1.4102564102564104;0.7090909090909091;0.0718390804597701;-0.0511561285041948;0.6085686465433301;-0.6597247750475249;1.0;28818.25;28810.0;-3.5;-4.75;-1.5;21.120689655172413;0;0.9772727272727272;0.8029197080291971;0.75;0.8;0.8181818181818182;1.9077380952380956;3.0;FRACO;BAIXA;BAIXA mantida durante TRANSICAO;12;28816.25;28818.25;28813.0;28810.0;8.25;0.0;TRANSICAO confirmada em 2026-07-19 19:59:22.215000;TOPO;28816.25;2026-07-19 19:59:22.215;TRANSICAO;"topos/fundos divergentes: 28818.25->28816.25; 28810.00->28813.00";BAIXA;ALTA;1.0;28813.0;2026-07-19 19:50:35.535000;False;VENDA;39;31;8.0;26;13;False;False;False;True;False;True;True;False;3;delta30 | saldo30 | vel15 | rompimento;False;3;delta30 | aceleracao | rompimento | continuidade;False;3;delta30 | saldo30 | vel15 | rompimento;spread sem bônus | saldo10 favorável 3.0 | vel5 acelerando 0.0512 | aceleração 0.6597 | ticks/s 21.12 | continuidade 1.50 | estrutura confirmada alinhada +8;delta30 insuficiente -17.0 | saldo30 insuficiente -16.0 | vel15 insuficiente -0.0718 | sem rompimento confirmado -4.75 | hard-gate DNA incompleto | score 39 < 72;26;39;32;31;-6.0;8.0;NOVA_CAMPANHA;False;;0.0;False
estados;estados_c7_dna_fluxo_v5_2.csv;;122;2026-07-19 19:59:52;28810.0;2.75;13.0;-28;-27;8.0;37.0;-29;4.0;30.0;-26;0.2368421052631578;4.222222222222222;-0.5912372417226786;-0.5020080321285141;-2.323874755381605;1.8218667232530907;-4.75;28816.25;28810.0;-6.25;0.0;-1.25;19.29300472989793;0;0.8444444444444444;0.8467153284671532;0.9333333333333332;1.0;1.0;2.238888888888889;2.75;FRACO;BAIXA;"BAIXA mantida; estrutura bruta alinhada";12;28812.25;28816.25;28810.0;28813.0;8.25;0.0064516129032258;BAIXA confirmada em 2026-07-19 19:59:36.637000;TOPO;28812.25;2026-07-19 19:59:36.637;BAIXA;topo 28812.25<28816.25 e fundo 28810.00<28813.00;BAIXA;;0.0;28812.25;2026-07-19 19:50:35.535000;False;VENDA;79;67;12.0;4;75;True;True;True;False;False;True;True;False;5;aceleracao | rompimento;False;2;delta30 | saldo30 | vel15 | rompimento | continuidade;False;5;aceleracao | rompimento;spread sem bônus | delta30 favorável 28.0 | delta10 crescente 27.0 | saldo agressor30 29.0 | saldo10 favorável 26.0 | razão fluxo 4.22 | vel15 0.5912 | desloc15 4.75 | ticks/s 19.29 | continuidade 1.25 | estrutura confirmada alinhada +8 | estrutura local alinhada +4;aceleração insuficiente -1.8219 | sem rompimento confirmado 0.00 | hard-gate DNA incompleto;4;79;10;67;-6.0;12.0;NOVA_CAMPANHA;False;;0.0;False
estados;estados_c7_dna_fluxo_v5_2.csv;;123;2026-07-19 20:00:03;28810.75;2.25;2.0;-33;-6;6.0;38.0;-32;1.0;8.0;-7;0.1794871794871795;5.571428571428571;-0.1090988435522583;-0.4172751929897767;-0.4898758981058132;0.0726007051160365;-1.5;28816.25;28810.0;-5.5;-0.75;0.0;10.400756418648628;0;0.9;0.8292682926829268;1.0;1.0;1.0;2.308139534883721;2.75;FRACO;BAIXA;BAIXA mantida durante TRANSICAO;12;28812.75;28812.25;28810.0;28810.0;8.25;0.0277777777777777;TRANSICAO confirmada em 2026-07-19 19:59:45.561000;TOPO;28812.75;2026-07-19 19:59:45.561;TRANSICAO;"topos/fundos divergentes: 28812.25->28812.75; 28810.00->28810.00";BAIXA;;0.0;28812.25;2026-07-19 19:50:35.535000;False;VENDA;63;55;8.0;4;59;True;True;True;False;False;False;True;False;4;aceleracao | rompimento | continuidade;False;2;delta30 | saldo30 | vel15 | rompimento | continuidade;False;4;aceleracao | rompimento | continuidade;spread sem bônus | delta30 favorável 33.0 | saldo agressor30 32.0 | saldo10 favorável 7.0 | razão fluxo 5.57 | vel15 0.1091 | vel5 acelerando 0.4173 | desloc15 1.50 | ticks/s 10.40 | estrutura confirmada alinhada +8;aceleração insuficiente -0.0726 | sem rompimento confirmado -0.75 | sem continuidade -0.00 | hard-gate DNA incompleto | score 63 < 72;4;63;10;55;-6.0;8.0;NOVA_CAMPANHA;False;;0.0;False
estados;estados_c7_dna_fluxo_v5_2.csv;;124;2026-07-19 20:00:15;28816.5;1.75;0.5;-30;2;16.0;45.0;-29;11.0;8.0;3;0.3695652173913043;2.7058823529411766;0.4700784826684107;0.6574621959237344;0.991407799074686;-0.3339456031509517;5.75;28818.0;28810.0;-1.5;-6.5;-3.25;24.36232831916285;0;0.8666666666666667;0.8347107438016529;0.9242424242424242;0.8333333333333334;0.7727272727272727;2.117424242424242;2.75;FRACO;BAIXA;"BAIXA mantida; candidata ALTA 1/2; rompeu_invalidação=True";12;28820.0;28812.75;28810.75;28810.0;10.0;0.1573033707865168;ALTA confirmada em 2026-07-19 20:00:00.653000;TOPO;28820.0;2026-07-19 20:00:00.653;ALTA;topo 28820.00>28812.75 e fundo 28810.75>28810.00;BAIXA;ALTA;1.0;28812.25;2026-07-19 19:50:35.535000;False;VENDA;55;47;8.0;26;29;True;True;False;True;False;True;True;False;5;vel15 | rompimento;False;2;delta30 | saldo30 | aceleracao | rompimento | continuidade;False;5;vel15 | rompimento;spread sem bônus | delta30 favorável 30.0 | saldo agressor30 29.0 | razão fluxo 2.71 | aceleração 0.3339 | ticks/s 24.36 | continuidade 3.25 | estrutura confirmada alinhada +8;vel15 insuficiente -0.4701 | sem rompimento confirmado -6.50 | hard-gate DNA incompleto | score 55 < 72;26;55;28;47;-2.0;8.0;NOVA_CAMPANHA;False;;0.0;False
estados;estados_c7_dna_fluxo_v5_2.csv;;125;2026-07-19 20:00:27;28825.25;2.0;0.5;2;4;21.0;20.0;1;10.0;5.0;5;1.0476190476190477;0.9545454545454546;0.5747927262593187;3.4557235421166306;-0.0303214069132807;3.4860449490299112;8.25;28820.0;28810.75;5.25;-14.5;6.0;21.040897373371426;0;0.8015873015873016;0.9090909090909092;0.8771929824561403;0.8571428571428571;0.8571428571428571;2.004385964912281;2.75;FRACO;ALTA;mudança BAIXA->ALTA: 2 swings opostos e rompimento do nível 28812.25;12;28825.5;28820.0;28814.75;28810.75;15.5;0.2695652173913043;ALTA confirmada em 2026-07-19 20:00:14.775000;TOPO;28825.5;2026-07-19 20:00:14.775;ALTA;topo 28825.50>28820.00 e fundo 28814.75>28810.75;ALTA;;0.0;28814.75;2026-07-19 20:00:15.661000;False;COMPRA;76;64;12.0;0;76;False;False;True;True;True;True;True;False;5;delta30 | saldo30;False;5;delta30 | saldo30;False;1;delta30 | saldo30 | vel15 | aceleracao | rompimento | continuidade;spread sem bônus | saldo10 favorável 5.0 | vel15 0.5748 | vel5 acelerando 3.4557 | aceleração 3.4860 | desloc15 8.25 | ticks/s 21.04 | rompimento 5.25 | continuidade 6.00 | estrutura confirmada alinhada +8 | estrutura local alinhada +4;delta30 insuficiente 2.0 | saldo30 insuficiente 1.0 | hard-gate DNA incompleto;76;0;64;4;12.0;-6.0;NOVA_CAMPANHA;False;;0.0;False
estados;estados_c7_dna_fluxo_v5_2.csv;;126;2026-07-19 20:00:38;28814.0;2.25;1.0;-47;-52;44.0;92.0;-48;19.0;72.0;-53;0.4838709677419355;2.066666666666667;-0.2369668246445497;0.8203445447087776;-0.6238859180035651;1.4442304627123428;-3.25;28825.5;28802.5;-11.5;-11.5;5.75;73.35034633612833;0;0.8106060606060606;0.845360824742268;0.8;0.7916666666666666;0.8;1.9766666666666663;3.25;FRACO;ALTA;"ALTA mantida; estrutura bruta alinhada";12;28814.5;28808.5;28812.5;28802.5;23.0;0.0034602076124567;ALTA confirmada em 2026-07-19 20:00:26.561000;FUNDO;28812.5;2026-07-19 20:00:26.561;ALTA;topo 28814.50>28808.50 e fundo 28812.50>28802.50;ALTA;;0.0;28814.75;2026-07-19 20:00:15.661000;False;VENDA;51;57;-6.0;38;13;True;True;True;False;False;False;True;False;4;aceleracao | rompimento | continuidade;False;3;delta30 | saldo30 | vel15 | rompimento;False;4;aceleracao | rompimento | continuidade;spread sem bônus | delta30 favorável 47.0 | delta10 crescente 52.0 | saldo agressor30 48.0 | saldo10 favorável 53.0 | razão fluxo 2.07 | vel15 0.2370 | desloc15 3.25 | ticks/s 73.35 | estrutura confirmada contrária -6;aceleração insuficiente -1.4442 | sem rompimento confirmado -11.50 | sem continuidade -5.75 | hard-gate DNA incompleto | score 51 < 72;38;51;26;57;12.0;-6.0;NOVA_CAMPANHA;False;;0.0;False
estados;estados_c7_dna_fluxo_v5_2.csv;;127;2026-07-19 20:00:50;28813.25;2.5;0.5;-45;3;49.0;95.0;-46;16.0;14.0;2;0.5208333333333334;1.92;0.1333955846061495;-0.9140767824497256;0.7224687790277634;-1.636545561477489;2.0;28825.5;28802.5;-12.25;-10.75;0.75;82.03828453278196;0;0.8402777777777778;0.848780487804878;0.832258064516129;0.8585858585858586;0.9166666666666666;2.046774193548387;3.25;FRACO;ALTA;ALTA mantida durante TRANSICAO;12;28819.75;28819.25;28812.25;28812.5;23.0;0.0354609929078014;TRANSICAO confirmada em 2026-07-19 20:00:35.161000;FUNDO;28812.25;2026-07-19 20:00:35.161;TRANSICAO;"topos/fundos divergentes: 28819.25->28819.75; 28812.50->28812.25";ALTA;;0.0;28814.75;2026-07-19 20:00:15.661000;False;COMPRA;40;32;8.0;37;3;False;False;True;False;False;True;True;False;3;delta30 | saldo30 | aceleracao | rompimento;False;3;delta30 | saldo30 | aceleracao | rompimento;False;4;vel15 | rompimento | continuidade;spread sem bônus | saldo10 favorável 2.0 | vel15 0.1334 | desloc15 2.00 | ticks/s 82.04 | continuidade 0.75 | estrutura confirmada alinhada +8;delta30 insuficiente -45.0 | saldo30 insuficiente -46.0 | aceleração insuficiente -1.6365 | sem rompimento confirmado -12.25 | hard-gate DNA incompleto | lados próximos: diferença 3 | score 40 < 72;40;37;32;43;8.0;-6.0;NOVA_CAMPANHA;False;;0.0;False
estados;estados_c7_dna_fluxo_v5_2.csv;;128;2026-07-19 20:01:02;28808.75;2.25;1.0;-46;-7;42.0;89.0;-47;6.0;14.0;-8;0.4777777777777778;2.0930232558139537;-0.3209025807323334;0.0;-0.4877297463805318;0.4877297463805318;-4.75;28819.75;28802.5;-11.0;-6.25;-0.25;42.89960816105932;0;0.8292682926829268;0.8440366972477065;0.8285714285714286;0.9142857142857144;0.9333333333333332;2.0589285714285714;3.0;FRACO;ALTA;"ALTA mantida; candidata BAIXA 1/2; rompeu_invalidação=True";12;28812.25;28814.5;28809.5;28812.25;22.75;0.1984732824427481;BAIXA confirmada em 2026-07-19 20:00:41.061000;TOPO;28812.25;2026-07-19 20:00:41.061;BAIXA;topo 28812.25<28814.50 e fundo 28809.50<28812.25;ALTA;BAIXA;1.0;28814.75;2026-07-19 20:00:15.661000;False;VENDA;57;59;-2.0;18;39;True;True;True;False;False;True;True;False;5;aceleracao | rompimento;False;2;delta30 | saldo30 | vel15 | rompimento | continuidade;False;5;aceleracao | rompimento;spread sem bônus | delta30 favorável 46.0 | saldo agressor30 47.0 | saldo10 favorável 8.0 | razão fluxo 2.09 | vel15 0.3209 | desloc15 4.75 | ticks/s 42.90 | continuidade 0.25 | estrutura confirmada contrária -6 | estrutura local alinhada +4;aceleração insuficiente -0.4877 | sem rompimento confirmado -6.25 | hard-gate DNA incompleto | score 57 < 72;18;57;10;59;8.0;-2.0;NOVA_CAMPANHA;False;;0.0;False
estados;estados_c7_dna_fluxo_v5_2.csv;;129;2026-07-19 20:01:13;28807.5;2.5;1.0;-20;-11;18.0;36.0;-18;6.0;16.0;-10;0.5135135135135135;1.947368421052632;-0.1165501165501165;-0.3431708991077556;-0.0689084895259095;-0.274262409581846;-1.5;28814.5;28803.5;-7.0;-4.0;-0.75;44.52214452214452;0;0.8347107438016529;0.8565022421524664;0.9054054054054054;0.9210526315789472;0.8636363636363636;2.1925675675675675;4.0;FRACO;BAIXA;mudança ALTA->BAIXA: 2 swings opostos e rompimento do nível 28814.75;12;28811.25;28812.25;28803.5;28808.75;17.25;0.019047619047619;BAIXA confirmada em 2026-07-19 20:00:58.675000;FUNDO;28803.5;2026-07-19 20:00:58.675;BAIXA;topo 28811.25<28812.25 e fundo 28803.50<28808.75;BAIXA;;0.0;28811.25;2026-07-19 20:01:02.874000;False;VENDA;91;79;12.0;0;91;True;True;True;True;False;True;True;False;6;rompimento;False;1;delta30 | saldo30 | vel15 | aceleracao | rompimento | continuidade;False;6;rompimento;spread sem bônus | delta30 favorável 20.0 | delta10 crescente 11.0 | saldo agressor30 18.0 | saldo10 favorável 10.0 | razão fluxo 1.95 | vel15 0.1166 | vel5 acelerando 0.3432 | aceleração 0.2743 | desloc15 1.50 | ticks/s 44.52 | continuidade 0.75 | estrutura confirmada alinhada +8 | estrutura local alinhada +4;sem rompimento confirmado -4.00 | hard-gate DNA incompleto;0;91;4;79;-6.0;12.0;NOVA_CAMPANHA;False;;0.0;False
estados;estados_c7_dna_fluxo_v5_2.csv;;130;2026-07-19 20:01:25;28808.0;2.75;1.0;-7;9;38.0;46.0;-8;26.0;18.0;8;0.8297872340425532;1.205128205128205;0.1566634173513438;0.3061224489795918;0.0807145931984502;0.2254078557811415;2.25;28813.25;28803.5;-5.25;-4.5;0.25;59.25358585155271;0;0.9213483146067416;0.8664122137404581;0.9158878504672896;0.953125;1.0;2.413551401869159;4.0;FRACO;BAIXA;BAIXA mantida durante TRANSICAO;12;28812.5;28813.25;28809.5;28803.75;9.75;0.064516129032258;TRANSICAO confirmada em 2026-07-19 20:01:10.145000;TOPO;28812.5;2026-07-19 20:01:10.145;TRANSICAO;"topos/fundos divergentes: 28813.25->28812.50; 28803.75->28809.50";BAIXA;;0.0;28811.25;2026-07-19 20:01:02.874000;False;COMPRA;38;44;-6.0;17;21;False;False;True;True;False;True;True;False;4;delta30 | saldo30 | rompimento;False;4;delta30 | saldo30 | rompimento;False;1;delta30 | saldo30 | vel15 | aceleracao | rompimento | continuidade;spread sem bônus | saldo10 favorável 8.0 | vel15 0.1567 | vel5 acelerando 0.3061 | aceleração 0.2254 | desloc15 2.25 | ticks/s 59.25 | continuidade 0.25 | estrutura confirmada contrária -6;delta30 insuficiente -7.0 | saldo30 insuficiente -8.0 | sem rompimento confirmado -5.25 | hard-gate DNA incompleto | score 38 < 72;38;17;44;9;-6.0;8.0;NOVA_CAMPANHA;False;;0.0;False
estados;estados_c7_dna_fluxo_v5_2.csv;;131;2026-07-19 20:01:37;28803.5;2.75;2.0;-7;-3;35.0;41.0;-6;4.0;8.0;-4;0.8571428571428571;1.1666666666666667;-0.5362649148679448;-0.5197505197505197;-0.467032967032967;-0.0527175527175526;-8.0;28813.25;28803.5;-9.75;0.0;-1.0;49.87263708271887;0;0.8314606741573034;0.9398907103825136;0.9292929292929292;0.9696969696969696;0.9166666666666666;2.441919191919192;4.0;FRACO;BAIXA;"BAIXA mantida; estrutura bruta alinhada";12;28807.25;28812.5;28805.25;28809.5;9.75;0.0303030303030303;BAIXA confirmada em 2026-07-19 20:01:19.444000;TOPO;28807.25;2026-07-19 20:01:19.444;BAIXA;topo 28807.25<28812.50 e fundo 28805.25<28809.50;BAIXA;;0.0;28807.25;2026-07-19 20:01:02.874000;False;VENDA;55;43;12.0;0;55;False;False;True;True;False;True;True;False;4;delta30 | saldo30 | rompimento;False;1;delta30 | saldo30 | vel15 | aceleracao | rompimento | continuidade;False;4;delta30 | saldo30 | rompimento;spread sem bônus | saldo10 favorável 4.0 | razão fluxo 1.17 | vel15 0.5363 | aceleração 0.0527 | desloc15 8.00 | ticks/s 49.87 | continuidade 1.00 | estrutura confirmada alinhada +8 | estrutura local alinhada +4;delta30 insuficiente 7.0 | saldo30 insuficiente 6.0 | sem rompimento confirmado 0.00 | hard-gate DNA incompleto | score 55 < 72;0;55;4;43;-6.0;12.0;NOVA_CAMPANHA;False;;0.0;False
estados;estados_c7_dna_fluxo_v5_2.csv;;132;2026-07-19 20:01:48;28807.25;2.25;1.0;8;-2;39.0;29.0;10;7.0;8.0;-1;1.3333333333333333;0.75;0.2023199352576207;-0.590617617279784;0.4006410256410256;-0.9912586429208096;3.0;28813.25;28803.5;-6.0;-3.75;0.5;34.39438899379552;0;0.8480392156862745;0.9325153374233128;0.978494623655914;0.9705882352941176;0.9230769230769232;2.5806451612903225;3.75;FRACO;BAIXA;"BAIXA mantida; candidata ALTA 1/2; rompeu_invalidação=False";12;28809.75;28809.25;28806.75;28803.5;9.75;0.1208791208791208;ALTA confirmada em 2026-07-19 20:01:35.060000;TOPO;28809.75;2026-07-19 20:01:35.060;ALTA;topo 28809.75>28809.25 e fundo 28806.75>28803.50;BAIXA;ALTA;1.0;28807.25;2026-07-19 20:01:02.874000;False;COMPRA;40;42;-2.0;29;11;False;True;True;False;False;True;True;False;4;delta30 | aceleracao | rompimento;False;4;delta30 | aceleracao | rompimento;False;2;delta30 | saldo30 | vel15 | rompimento | continuidade;spread sem bônus | saldo agressor30 10.0 | razão fluxo 1.33 | vel15 0.2023 | desloc15 3.00 | ticks/s 34.39 | continuidade 0.50 | estrutura confirmada contrária -6 | estrutura local alinhada +4;delta30 insuficiente 8.0 | aceleração insuficiente -0.9913 | sem rompimento confirmado -6.00 | hard-gate DNA incompleto | lados próximos: diferença 11 | score 40 < 72;40;29;42;21;-2.0;8.0;NOVA_CAMPANHA;False;;0.0;False
estados;estados_c7_dna_fluxo_v5_2.csv;;133;2026-07-19 20:02:00;28809.0;2.0;1.0;-9;0;11.0;21.0;-10;1.0;0.0;1;0.5454545454545454;1.8333333333333333;0.0;0.0;-0.6005284650492433;0.6005284650492433;0.0;28809.75;28803.5;-0.75;-5.5;0.0;23.829144348303807;0;0.8418604651162791;0.9448275862068966;0.9583333333333334;0.9523809523809524;1.0;2.380208333333333;2.75;FRACO;BAIXA;BAIXA mantida durante TRANSICAO;12;28809.75;28809.25;28806.5;28806.75;9.75;0.0;TRANSICAO confirmada em 2026-07-19 20:01:39.060000;FUNDO;28806.5;2026-07-19 20:01:39.060;TRANSICAO;"topos/fundos divergentes: 28809.25->28809.75; 28806.75->28806.50";BAIXA;ALTA;1.0;28807.25;2026-07-19 20:01:02.874000;False;VENDA;27;19;8.0;9;18;False;True;False;False;False;False;True;False;2;delta30 | vel15 | aceleracao | rompimento | continuidade;False;2;delta30 | saldo30 | vel15 | rompimento | continuidade;False;2;delta30 | vel15 | aceleracao | rompimento | continuidade;spread sem bônus | saldo agressor30 10.0 | razão fluxo 1.83 | ticks/s 23.83 | estrutura confirmada alinhada +8;delta30 insuficiente 9.0 | vel15 insuficiente -0.0000 | aceleração insuficiente -0.6005 | sem rompimento confirmado -5.50 | sem continuidade -0.00 | hard-gate DNA incompleto | score 27 < 72;9;27;15;19;-6.0;8.0;NOVA_CAMPANHA;False;;0.0;False
estados;estados_c7_dna_fluxo_v5_2.csv;;134;2026-07-19 20:02:12;28802.75;2.25;1.0;-20;-15;9.0;30.0;-21;0.0;16.0;-16;0.3225806451612903;3.1;-0.5797773654916513;-0.1645278051990786;-0.925754489909276;0.7612266847101975;-6.25;28809.75;28803.0;-7.0;0.25;0.0;28.571428571428573;0;0.8391304347826087;0.9571428571428572;0.96;0.9583333333333334;1.0;2.295;2.75;FRACO;BAIXA;"BAIXA mantida; estrutura bruta alinhada";12;28809.0;28809.75;28806.5;28806.75;9.75;0.1135135135135135;BAIXA confirmada em 2026-07-19 20:01:49.561000;TOPO;28809.0;2026-07-19 20:01:49.561;BAIXA;topo 28809.00<28809.75 e fundo 28806.50<28806.75;BAIXA;;0.0;28807.25;2026-07-19 20:01:02.874000;False;VENDA;89;77;12.0;4;85;True;True;True;False;True;False;True;False;5;aceleracao | continuidade;False;2;delta30 | saldo30 | vel15 | rompimento | continuidade;False;5;aceleracao | continuidade;spread sem bônus | delta30 favorável 20.0 | delta10 crescente 15.0 | saldo agressor30 21.0 | saldo10 favorável 16.0 | razão fluxo 3.10 | vel15 0.5798 | desloc15 6.25 | ticks/s 28.57 | rompimento 0.25 | estrutura confirmada alinhada +8 | estrutura local alinhada +4;aceleração insuficiente -0.7612 | sem continuidade -0.00 | hard-gate DNA incompleto;4;89;10;77;-6.0;12.0;NOVA_CAMPANHA;False;;0.0;False
estados;estados_c7_dna_fluxo_v5_2.csv;;135;2026-07-19 20:02:24;28803.0;2.5;2.0;-22;-6;7.0;28.0;-21;4.0;11.0;-7;0.2758620689655172;3.625;-0.0173022354488199;0.1002204850671477;-0.0809323405632891;0.1811528256304368;-0.25;28809.0;28802.5;-6.0;-0.5;0.5;21.039518305765107;0;0.8653846153846154;0.9615384615384616;0.9534883720930232;0.9629629629629628;0.8;2.145348837209302;3.0;FRACO;BAIXA;"BAIXA mantida; estrutura bruta alinhada";12;28805.0;28809.0;28802.5;28806.5;10.0;0.1071428571428571;BAIXA confirmada em 2026-07-19 20:02:05.460000;TOPO;28805.0;2026-07-19 20:02:05.460;BAIXA;topo 28805.00<28809.00 e fundo 28802.50<28806.50;BAIXA;;0.0;28805.0;2026-07-19 20:01:02.874000;False;VENDA;48;36;12.0;20;28;True;True;False;False;False;False;True;False;3;vel15 | aceleracao | rompimento | continuidade;False;3;delta30 | saldo30 | vel15 | rompimento;False;3;vel15 | aceleracao | rompimento | continuidade;spread sem bônus | delta30 favorável 22.0 | saldo agressor30 21.0 | saldo10 favorável 7.0 | razão fluxo 3.62 | ticks/s 21.04 | estrutura confirmada alinhada +8 | estrutura local alinhada +4;vel15 insuficiente 0.0173 | aceleração insuficiente -0.1812 | sem rompimento confirmado -0.50 | sem continuidade -0.50 | hard-gate DNA incompleto | score 48 < 72;20;48;26;36;-6.0;12.0;NOVA_CAMPANHA;False;;0.0;False
estados;estados_c7_dna_fluxo_v5_2.csv;;136;2026-07-19 20:02:35;28807.0;2.75;1.0;-17;-3;7.0;25.0;-18;3.0;5.0;-2;0.3076923076923077;3.25;0.314026517794836;0.2863032524049473;0.4120555686366847;-0.1257523162317373;4.5;28807.0;28802.5;0.0;-4.5;2.0;22.54012561060712;0;0.9264705882352942;0.9484536082474226;0.9318181818181818;0.8421052631578947;0.8461538461538461;2.261363636363636;3.0;FRACO;BAIXA;"BAIXA mantida; candidata ALTA 1/2; rompeu_invalidação=True";12;28807.0;28805.0;28805.0;28802.5;7.25;0.0580645161290322;ALTA confirmada em 2026-07-19 20:02:24.011000;FUNDO;28805.0;2026-07-19 20:02:24.011;ALTA;topo 28807.00>28805.00 e fundo 28805.00>28802.50;BAIXA;ALTA;1.0;28805.0;2026-07-19 20:01:02.874000;False;VENDA;38;30;8.0;25;13;False;True;False;True;False;False;True;False;3;delta30 | vel15 | rompimento | continuidade;False;3;delta30 | saldo30 | aceleracao | rompimento;False;3;delta30 | vel15 | rompimento | continuidade;spread sem bônus | saldo agressor30 18.0 | saldo10 favorável 2.0 | razão fluxo 3.25 | aceleração 0.1258 | ticks/s 22.54 | estrutura confirmada alinhada +8;delta30 insuficiente 17.0 | vel15 insuficiente -0.3140 | sem rompimento confirmado -4.50 | sem continuidade -2.00 | hard-gate DNA incompleto | score 38 < 72;25;38;27;30;-2.0;8.0;NOVA_CAMPANHA;False;;0.0;False
estados;estados_c7_dna_fluxo_v5_2.csv;;137;2026-07-19 20:02:47;28809.0;2.25;1.5;-8;-2;12.0;21.0;-9;8.0;9.0;-1;0.5909090909090909;1.6923076923076923;0.2531389226407452;89.28571428571428;0.0;89.28571428571428;3.75;28808.5;28802.5;0.5;-6.5;2.5;10.463075469150803;0;0.9329268292682928;0.8690476190476191;0.75;0.6956521739130435;0.3636363636363636;1.94375;3.0;FRACO;ALTA;mudança BAIXA->ALTA: 2 swings opostos e rompimento do nível 28805.0;12;28808.5;28807.0;28805.25;28805.0;7.25;0.1111111111111111;ALTA confirmada em 2026-07-19 20:02:30.960000;FUNDO;28805.25;2026-07-19 20:02:30.960;ALTA;topo 28808.50>28807.00 e fundo 28805.25>28805.00;ALTA;;0.0;28805.25;2026-07-19 20:02:36.285000;False;COMPRA;71;59;12.0;8;63;False;False;True;True;True;True;True;False;5;delta30 | saldo30;False;5;delta30 | saldo30;False;1;delta30 | saldo30 | vel15 | aceleracao | rompimento | continuidade;spread sem bônus | vel15 0.2531 | vel5 acelerando 89.2857 | aceleração 89.2857 | desloc15 3.75 | ticks/s 10.46 | rompimento 0.50 | continuidade 2.50 | estrutura confirmada alinhada +8 | estrutura local alinhada +4;delta30 insuficiente -8.0 | saldo30 insuficiente -9.0 | hard-gate DNA incompleto | score 71 < 72;71;8;59;14;12.0;-6.0;NOVA_CAMPANHA;False;;0.0;False
estados;estados_c7_dna_fluxo_v5_2.csv;;138;2026-07-19 20:02:59;28805.5;2.25;2.0;-2;1;15.0;16.0;-1;2.0;2.0;0;0.9411764705882352;1.0625;-0.0900414190527642;0.2145002145002145;0.40290088638195;-0.1884006718817355;-1.0;28809.0;28805.0;-3.5;-0.5;0.5;16.747703943814155;0;0.9444444444444444;0.8705882352941177;0.775;0.6666666666666666;1.0;1.96875;3.0;FRACO;ALTA;"ALTA mantida; estrutura bruta alinhada";12;28809.0;28808.5;28806.25;28805.25;7.25;0.0945945945945946;ALTA confirmada em 2026-07-19 20:02:38.961000;FUNDO;28806.25;2026-07-19 20:02:38.961;ALTA;topo 28809.00>28808.50 e fundo 28806.25>28805.25;ALTA;;0.0;28806.25;2026-07-19 20:02:36.285000;False;COMPRA;32;20;12.0;17;15;False;False;False;False;False;True;True;False;2;delta30 | saldo30 | vel15 | aceleracao | rompimento;False;2;delta30 | saldo30 | vel15 | aceleracao | rompimento;False;3;delta30 | saldo30 | rompimento | continuidade;spread sem bônus | vel5 acelerando 0.2145 | ticks/s 16.75 | continuidade 0.50 | estrutura confirmada alinhada +8 | estrutura local alinhada +4;delta30 insuficiente -2.0 | saldo30 insuficiente -1.0 | vel15 insuficiente -0.0900 | aceleração insuficiente -0.1884 | sem rompimento confirmado -3.50 | hard-gate DNA incompleto | score 32 < 72;32;17;20;23;12.0;-6.0;NOVA_CAMPANHA;False;;0.0;False
estados;estados_c7_dna_fluxo_v5_2.csv;;139;2026-07-19 20:03:10;28812.0;2.25;1.0;16;17;30.0;15.0;15;22.0;4.0;18;1.9375;0.5161290322580645;0.4989664266875757;-0.5159367117633571;0.8878451139878567;-1.4037818257512138;7.0;28817.0;28805.0;-5.0;-7.0;0.0;39.20450495402381;0;0.9565217391304348;0.8775510204081632;0.8363636363636363;0.9444444444444444;0.8666666666666667;1.95;3.0;FRACO;ALTA;ALTA mantida durante TRANSICAO;12;28817.0;28809.0;28805.0;28806.25;14.5;0.1797752808988764;TRANSICAO confirmada em 2026-07-19 20:02:55.662000;TOPO;28817.0;2026-07-19 20:02:55.662;TRANSICAO;"topos/fundos divergentes: 28809.00->28817.00; 28806.25->28805.00";ALTA;;0.0;28806.25;2026-07-19 20:02:36.285000;False;COMPRA;53;45;8.0;10;43;False;True;True;False;False;False;True;False;3;delta30 | aceleracao | rompimento | continuidade;False;3;delta30 | aceleracao | rompimento | continuidade;False;2;delta30 | saldo30 | vel15 | rompimento | continuidade;spread sem bônus | delta10 crescente 17.0 | saldo agressor30 15.0 | saldo10 favorável 18.0 | razão fluxo 1.94 | vel15 0.4990 | desloc15 7.00 | ticks/s 39.20 | estrutura confirmada alinhada +8;delta30 insuficiente 16.0 | aceleração insuficiente -1.4038 | sem rompimento confirmado -5.00 | sem continuidade 0.00 | hard-gate DNA incompleto | score 53 < 72;53;10;45;16;8.0;-6.0;NOVA_CAMPANHA;False;;0.0;False
estados;estados_c7_dna_fluxo_v5_2.csv;;140;2026-07-19 20:03:22;28805.75;2.5;1.0;18;0;28.0;11.0;17;5.0;6.0;-1;2.4166666666666665;0.4137931034482758;-0.687757909215956;-1.0593220338983051;-0.897094571130918;-0.1622274627673872;-10.0;28817.0;28805.0;-11.25;-0.75;-0.5;39.33975240715269;0;0.9642857142857144;0.8709677419354839;0.9433962264150944;0.8928571428571429;0.8;2.240566037735849;3.0;FRACO;ALTA;ALTA mantida durante TRANSICAO;12;28808.0;28817.0;28805.25;28805.0;14.5;0.06;TRANSICAO confirmada em 2026-07-19 20:03:04.160000;TOPO;28808.0;2026-07-19 20:03:04.160;TRANSICAO;"topos/fundos divergentes: 28817.00->28808.00; 28805.00->28805.25";ALTA;;0.0;28806.25;2026-07-19 20:02:36.285000;False;VENDA;38;44;-6.0;27;11;False;False;True;True;False;True;True;False;4;delta30 | saldo30 | rompimento;False;2;delta30 | vel15 | aceleracao | rompimento | continuidade;False;4;delta30 | saldo30 | rompimento;spread sem bônus | saldo10 favorável 1.0 | vel15 0.6878 | vel5 acelerando 1.0593 | aceleração 0.1622 | desloc15 10.00 | ticks/s 39.34 | continuidade 0.50 | estrutura confirmada contrária -6;delta30 insuficiente -18.0 | saldo30 insuficiente -17.0 | sem rompimento confirmado -0.75 | hard-gate DNA incompleto | lados próximos: diferença 11 | score 38 < 72;27;38;19;44;8.0;-6.0;NOVA_CAMPANHA;False;;0.0;False
estados;estados_c7_dna_fluxo_v5_2.csv;;141;2026-07-19 20:03:34;28805.0;2.25;2.0;13;-2;30.0;16.0;14;5.0;6.0;-1;1.8235294117647056;0.5483870967741935;-0.0963688227584611;-0.9062348960850652;0.3274632513462377;-1.2336981474313031;-1.25;28817.0;28805.25;-12.0;0.25;-2.0;32.22573433042942;0;0.9473684210526316;0.8958333333333334;0.95;0.9523809523809524;1.0;2.25;3.0;FRACO;ALTA;"ALTA mantida; estrutura bruta alinhada";12;28809.25;28808.0;28805.5;28805.25;12.0;0.0456852791878172;ALTA confirmada em 2026-07-19 20:03:18.560000;TOPO;28809.25;2026-07-19 20:03:18.560;ALTA;topo 28809.25>28808.00 e fundo 28805.50>28805.25;ALTA;;0.0;28806.25;2026-07-19 20:02:36.285000;False;VENDA;58;64;-6.0;31;27;False;False;True;True;True;True;True;False;5;delta30 | saldo30;False;2;delta30 | vel15 | aceleracao | rompimento | continuidade;False;5;delta30 | saldo30;spread sem bônus | saldo10 favorável 1.0 | vel15 0.0964 | vel5 acelerando 0.9062 | aceleração 1.2337 | desloc15 1.25 | ticks/s 32.23 | rompimento 0.25 | continuidade 2.00 | estrutura confirmada contrária -6;delta30 insuficiente -13.0 | saldo30 insuficiente -14.0 | hard-gate DNA incompleto | score 58 < 72;31;58;19;64;12.0;-6.0;NOVA_CAMPANHA;False;;0.0;False
estados;estados_c7_dna_fluxo_v5_2.csv;;142;2026-07-19 20:03:45;28804.25;2.0;1.0;-15;-15;15.0;29.0;-14;7.0;21.0;-14;0.5333333333333333;1.875;-0.2259140831363826;-0.2984718242597899;-0.597609561752988;0.299137737493198;-3.25;28809.25;28803.75;-5.0;-0.5;0.0;23.703600722925067;0;0.9404761904761904;0.8828828828828829;0.9130434782608696;0.9117647058823528;0.75;2.282608695652174;3.0;FRACO;ALTA;"ALTA mantida; candidata BAIXA 1/2; rompeu_invalidação=True";12;28807.25;28809.25;28803.75;28805.0;13.25;0.0297029702970297;BAIXA confirmada em 2026-07-19 20:03:26.099000;FUNDO;28803.75;2026-07-19 20:03:26.099;BAIXA;topo 28807.25<28809.25 e fundo 28803.75<28805.00;ALTA;BAIXA;1.0;28806.25;2026-07-19 20:02:36.285000;False;VENDA;49;51;-2.0;18;31;False;True;True;False;False;False;True;False;3;delta30 | aceleracao | rompimento | continuidade;False;2;delta30 | saldo30 | vel15 | rompimento | continuidade;False;3;delta30 | aceleracao | rompimento | continuidade;spread sem bônus | delta10 crescente 15.0 | saldo agressor30 14.0 | saldo10 favorável 14.0 | razão fluxo 1.88 | vel15 0.2259 | vel5 acelerando 0.2985 | desloc15 3.25 | ticks/s 23.70 | estrutura confirmada contrária -6 | estrutura local alinhada +4;delta30 insuficiente 15.0 | aceleração insuficiente -0.2991 | sem rompimento confirmado -0.50 | sem continuidade -0.00 | hard-gate DNA incompleto | score 49 < 72;18;49;10;51;8.0;-2.0;NOVA_CAMPANHA;False;;0.0;False
estados;estados_c7_dna_fluxo_v5_2.csv;;143;2026-07-19 20:03:57;28802.75;2.0;1.0;-17;0;15.0;31.0;-16;3.0;4.0;-1;0.5;2.0;-0.1370895880457879;-0.7758620689655172;-0.0405580791693705;-0.7353039897961466;-2.0;28809.25;28803.25;-6.5;0.5;0.0;6.443210638152032;0;0.8674698795180723;0.8921568627450981;0.8367346938775511;0.6;0.5;2.091836734693877;3.0;FRACO;ALTA;"ALTA mantida; candidata BAIXA 1/2; rompeu_invalidação=True";12;28807.25;28809.25;28803.75;28805.0;13.25;0.0297029702970297;BAIXA confirmada em 2026-07-19 20:03:26.099000;FUNDO;28803.75;2026-07-19 20:03:26.099;BAIXA;topo 28807.25<28809.25 e fundo 28803.75<28805.00;ALTA;BAIXA;1.0;28806.25;2026-07-19 20:02:36.285000;False;VENDA;67;69;-2.0;12;55;False;True;True;True;True;False;True;False;5;delta30 | continuidade;False;1;delta30 | saldo30 | vel15 | aceleracao | rompimento | continuidade;False;5;delta30 | continuidade;spread sem bônus | saldo agressor30 16.0 | saldo10 favorável 1.0 | razão fluxo 2.00 | vel15 0.1371 | vel5 acelerando 0.7759 | aceleração 0.7353 | desloc15 2.00 | ticks/s 6.44 | rompimento 0.50 | estrutura confirmada contrária -6 | estrutura local alinhada +4;delta30 insuficiente 17.0 | sem continuidade -0.00 | hard-gate DNA incompleto | score 67 < 72;12;67;4;69;8.0;-2.0;NOVA_CAMPANHA;False;;0.0;False
estados;estados_c7_dna_fluxo_v5_2.csv;;144;2026-07-19 20:04:09;28792.25;2.75;1.0;-82;11;54.0;137.0;-83;45.0;35.0;10;0.3985507246376811;2.5090909090909093;-0.899534358684916;0.0571559213534522;-1.2356321839080462;1.2927881052614985;-12.75;28805.5;28785.0;-13.25;-7.25;3.25;67.30633554395372;0;0.8947368421052632;0.9322033898305084;0.93048128342246;0.9479768786127168;1.0;2.564171122994652;6.75;FRACO;BAIXA;mudança ALTA->BAIXA: 2 swings opostos e rompimento do nível 28806.25;12;28794.25;28797.0;28789.0;28791.75;12.0;0.0857142857142857;BAIXA confirmada em 2026-07-19 20:03:56.619000;FUNDO;28789.0;2026-07-19 20:03:56.619;BAIXA;topo 28794.25<28797.00 e fundo 28789.00<28791.75;BAIXA;;0.0;28794.25;2026-07-19 20:03:57.519000;False;VENDA;56;44;12.0;33;23;True;True;True;False;False;False;True;False;4;aceleracao | rompimento | continuidade;False;3;delta30 | saldo30 | vel15 | rompimento;False;4;aceleracao | rompimento | continuidade;spread sem bônus | delta30 favorável 82.0 | saldo agressor30 83.0 | razão fluxo 2.51 | vel15 0.8995 | desloc15 12.75 | ticks/s 67.31 | estrutura confirmada alinhada +8 | estrutura local alinhada +4;aceleração insuficiente -1.2928 | sem rompimento confirmado -7.25 | sem continuidade -3.25 | hard-gate DNA incompleto | score 56 < 72;33;56;39;44;-6.0;12.0;NOVA_CAMPANHA;False;;0.0;False
estados;estados_c7_dna_fluxo_v5_2.csv;;145;2026-07-19 20:04:20;28793.75;2.75;1.0;-79;-1;61.0;141.0;-80;13.0;15.0;-2;0.4366197183098591;2.290322580645161;0.1217391304347826;-0.4588559192413582;0.1535626535626535;-0.6124185728040118;1.75;28805.0;28785.0;-11.25;-8.75;0.75;63.095652173913045;0;0.8666666666666667;0.9330708661417324;0.9375;0.9347826086956522;0.9444444444444444;2.6177884615384617;6.75;FRACO;BAIXA;BAIXA mantida durante TRANSICAO;12;28795.25;28795.5;28793.0;28788.5;10.0;0.180327868852459;TRANSICAO confirmada em 2026-07-19 20:04:05.920000;TOPO;28795.25;2026-07-19 20:04:05.920;TRANSICAO;"topos/fundos divergentes: 28795.50->28795.25; 28788.50->28793.00";BAIXA;;0.0;28794.25;2026-07-19 20:03:57.519000;False;VENDA;56;48;8.0;21;35;True;True;False;True;False;False;True;False;4;vel15 | rompimento | continuidade;False;3;delta30 | saldo30 | aceleracao | rompimento;False;4;vel15 | rompimento | continuidade;spread sem bônus | delta30 favorável 79.0 | saldo agressor30 80.0 | saldo10 favorável 2.0 | razão fluxo 2.29 | vel5 acelerando 0.4589 | aceleração 0.6124 | ticks/s 63.10 | estrutura confirmada alinhada +8;vel15 insuficiente -0.1217 | sem rompimento confirmado -8.75 | sem continuidade -0.75 | hard-gate DNA incompleto | score 56 < 72;21;56;27;48;-6.0;8.0;NOVA_CAMPANHA;False;;0.0;False
estados;estados_c7_dna_fluxo_v5_2.csv;;146;2026-07-19 20:04:32;28790.0;3.25;3.0;-8;-12;28.0;37.0;-9;5.0;18.0;-13;0.7631578947368421;1.3103448275862069;-0.2013693113169553;0.0;-0.2923976608187134;0.2923976608187134;-3.0;28795.5;28788.5;-5.5;-1.5;0.25;27.654718754195198;0;0.8901098901098901;0.9411764705882352;0.9655172413793104;1.0;1.0;2.718390804597701;3.5;FRACO;BAIXA;BAIXA mantida durante TRANSICAO;12;28792.0;28792.5;28789.75;28789.5;7.0;0.0062111801242236;TRANSICAO confirmada em 2026-07-19 20:04:17.798000;TOPO;28792.0;2026-07-19 20:04:17.798;TRANSICAO;"topos/fundos divergentes: 28792.50->28792.00; 28789.50->28789.75";BAIXA;;0.0;28794.25;2026-07-19 20:03:57.519000;False;VENDA;43;35;8.0;14;29;False;False;True;False;False;False;True;False;2;delta30 | saldo30 | aceleracao | rompimento | continuidade;False;3;delta30 | saldo30 | vel15 | rompimento;False;2;delta30 | saldo30 | aceleracao | rompimento | continuidade;spread sem bônus | delta10 crescente 12.0 | saldo10 favorável 13.0 | razão fluxo 1.31 | vel15 0.2014 | desloc15 3.00 | ticks/s 27.65 | estrutura confirmada alinhada +8;delta30 insuficiente 8.0 | saldo30 insuficiente 9.0 | aceleração insuficiente -0.2924 | sem rompimento confirmado -1.50 | sem continuidade -0.25 | hard-gate DNA incompleto | score 43 < 72;14;43;20;35;-6.0;8.0;NOVA_CAMPANHA;False;;0.0;False
estados;estados_c7_dna_fluxo_v5_2.csv;;147;2026-07-19 20:04:43;28787.75;2.5;1.0;-40;-11;15.0;54.0;-39;6.0;16.0;-10;0.2909090909090909;3.4375;-0.1691017316017316;-0.2565154935358095;-0.052219321148825;-0.2042961723869844;-2.5;28795.5;28787.0;-7.75;-0.75;0.75;31.655844155844157;0;0.8807339449541285;0.949820788530466;0.9770114942528736;0.981132075471698;0.9411764705882352;2.655172413793104;3.25;FRACO;BAIXA;"BAIXA mantida; estrutura bruta alinhada";12;28791.75;28792.25;28789.0;28789.75;7.0;0.0896551724137931;BAIXA confirmada em 2026-07-19 20:04:26.919000;TOPO;28791.75;2026-07-19 20:04:26.919;BAIXA;topo 28791.75<28792.25 e fundo 28789.00<28789.75;BAIXA;;0.0;28791.75;2026-07-19 20:03:57.519000;False;VENDA;81;69;12.0;8;73;True;True;True;True;False;False;True;False;5;rompimento | continuidade;False;2;delta30 | saldo30 | vel15 | aceleracao | rompimento;False;5;rompimento | continuidade;spread sem bônus | delta30 favorável 40.0 | delta10 crescente 11.0 | saldo agressor30 39.0 | saldo10 favorável 10.0 | razão fluxo 3.44 | vel15 0.1691 | vel5 acelerando 0.2565 | aceleração 0.2043 | desloc15 2.50 | ticks/s 31.66 | estrutura confirmada alinhada +8 | estrutura local alinhada +4;sem rompimento confirmado -0.75 | sem continuidade -0.75 | hard-gate DNA incompleto;8;81;14;69;-6.0;12.0;NOVA_CAMPANHA;False;;0.0;False
estados;estados_c7_dna_fluxo_v5_2.csv;;148;2026-07-19 20:04:55;28796.5;2.5;1.0;-18;10;31.0;50.0;-19;17.0;7.0;10;0.6274509803921569;1.59375;0.5695547117707974;0.4500900180036007;0.6063482020457661;-0.1562581840421653;8.25;28795.0;28787.0;1.5;-9.5;1.0;36.45150155333104;0;0.8932038834951457;0.960655737704918;0.9607843137254902;0.9166666666666666;0.9444444444444444;2.5955882352941178;3.25;FRACO;BAIXA;"BAIXA mantida; candidata ALTA 1/2; rompeu_invalidação=True";12;28796.0;28795.0;28791.5;28790.5;9.0;0.1633986928104575;ALTA confirmada em 2026-07-19 20:04:43.530000;TOPO;28796.0;2026-07-19 20:04:43.530;ALTA;topo 28796.00>28795.00 e fundo 28791.50>28790.50;BAIXA;ALTA;1.0;28791.75;2026-07-19 20:03:57.519000;False;COMPRA;58;60;-2.0;33;25;False;False;True;False;True;True;True;False;4;delta30 | saldo30 | aceleracao;False;4;delta30 | saldo30 | aceleracao;False;3;delta30 | vel15 | rompimento | continuidade;spread sem bônus | delta10 crescente 10.0 | saldo10 favorável 10.0 | vel15 0.5696 | desloc15 8.25 | ticks/s 36.45 | rompimento 1.50 | continuidade 1.00 | estrutura confirmada contrária -6 | estrutura local alinhada +4;delta30 insuficiente -18.0 | saldo30 insuficiente -19.0 | aceleração insuficiente -0.1563 | hard-gate DNA incompleto | score 58 < 72;58;33;60;25;-2.0;8.0;NOVA_CAMPANHA;False;;0.0;False
estados;estados_c7_dna_fluxo_v5_2.csv;;149;2026-07-19 20:05:07;28792.75;2.5;1.0;0;-3;32.0;31.0;1;6.0;8.0;-2;1.03125;0.9696969696969696;0.0673945275643617;-0.8692984250357946;0.7439685407588479;-1.6132669657946423;1.0;28798.75;28787.0;-6.0;-5.75;-1.75;38.34748618412185;0;0.9319148936170212;0.9534883720930232;0.9411764705882352;0.9444444444444444;0.9375;2.5176470588235293;3.25;FRACO;BAIXA;BAIXA mantida durante TRANSICAO;12;28796.25;28798.75;28794.0;28791.5;11.75;0.1139240506329113;TRANSICAO confirmada em 2026-07-19 20:04:53.934000;TOPO;28796.25;2026-07-19 20:04:53.934;TRANSICAO;"topos/fundos divergentes: 28798.75->28796.25; 28791.50->28794.00";BAIXA;ALTA;1.0;28791.75;2026-07-19 20:03:57.519000;False;VENDA;39;31;8.0;11;28;False;False;False;True;False;True;True;False;3;delta30 | saldo30 | vel15 | rompimento;False;2;delta30 | saldo30 | aceleracao | rompimento | continuidade;False;3;delta30 | saldo30 | vel15 | rompimento;spread sem bônus | saldo10 favorável 2.0 | vel5 acelerando 0.8693 | aceleração 1.6133 | ticks/s 38.35 | continuidade 1.75 | estrutura confirmada alinhada +8;delta30 insuficiente -0.0 | saldo30 insuficiente -1.0 | vel15 insuficiente -0.0674 | sem rompimento confirmado -5.75 | hard-gate DNA incompleto | score 39 < 72;11;39;17;31;-6.0;8.0;NOVA_CAMPANHA;False;;0.0;False
estados;estados_c7_dna_fluxo_v5_2.csv;;150;2026-07-19 20:05:18;28793.25;2.0;1.0;4;-2;22.0;18.0;4;2.0;5.0;-3;1.2105263157894737;0.8260869565217391;-0.261105695585573;-0.2711496746203904;-0.4667528364210828;0.1956031618006923;-3.75;28798.75;28790.5;-5.5;-2.75;-0.25;21.584737501740705;0;0.931726907630522;0.9655172413793104;0.9333333333333332;0.9565217391304348;1.0;2.470833333333333;3.0;FRACO;BAIXA;BAIXA mantida durante TRANSICAO;12;28796.25;28798.75;28794.0;28791.5;11.75;0.1139240506329113;TRANSICAO confirmada em 2026-07-19 20:04:53.934000;TOPO;28796.25;2026-07-19 20:04:53.934;TRANSICAO;"topos/fundos divergentes: 28798.75->28796.25; 28791.50->28794.00";BAIXA;ALTA;1.0;28791.75;2026-07-19 20:03:57.519000;False;VENDA;46;38;8.0;9;37;False;False;True;False;False;True;True;False;3;delta30 | saldo30 | aceleracao | rompimento;False;2;delta30 | saldo30 | vel15 | rompimento | continuidade;False;3;delta30 | saldo30 | aceleracao | rompimento;spread sem bônus | saldo10 favorável 3.0 | vel15 0.2611 | vel5 acelerando 0.2711 | desloc15 3.75 | ticks/s 21.58 | continuidade 0.25 | estrutura confirmada alinhada +8;delta30 insuficiente -4.0 | saldo30 insuficiente -4.0 | aceleração insuficiente -0.1956 | sem rompimento confirmado -2.75 | hard-gate DNA incompleto | score 46 < 72;9;46;15;38;-6.0;8.0;NOVA_CAMPANHA;False;;0.0;False
estados;estados_c7_dna_fluxo_v5_2.csv;;151;2026-07-19 20:05:30;28794.5;2.75;2.0;-3;7;18.0;20.0;-2;13.0;7.0;6;0.9047619047619048;1.105263157894737;0.0734106592277198;0.1556339489520647;-0.088904694167852;0.2445386431199168;1.0;28798.75;28792.0;-4.25;-2.5;-4.25;36.852150932315375;0;0.9407407407407408;0.9562043795620438;0.9622641509433962;0.9696969696969696;1.0;2.330188679245283;3.5;FRACO;BAIXA;BAIXA mantida durante TRANSICAO;12;28801.75;28796.25;28792.0;28794.0;12.25;0.2228571428571428;TRANSICAO confirmada em 2026-07-19 20:05:16.831000;TOPO;28801.75;2026-07-19 20:05:16.831;TRANSICAO;"topos/fundos divergentes: 28796.25->28801.75; 28794.00->28792.00";BAIXA;ALTA;1.0;28791.75;2026-07-19 20:03:57.519000;False;COMPRA;28;34;-6.0;27;1;False;False;True;True;False;False;True;False;3;delta30 | saldo30 | rompimento | continuidade;False;3;delta30 | saldo30 | rompimento | continuidade;False;2;delta30 | saldo30 | vel15 | aceleracao | rompimento;spread sem bônus | saldo10 favorável 6.0 | vel15 0.0734 | vel5 acelerando 0.1556 | aceleração 0.2445 | desloc15 1.00 | ticks/s 36.85 | estrutura confirmada contrária -6;delta30 insuficiente -3.0 | saldo30 insuficiente -2.0 | sem rompimento confirmado -4.25 | sem continuidade -4.25 | hard-gate DNA incompleto | lados próximos: diferença 1 | score 28 < 72;28;27;34;19;-6.0;8.0;NOVA_CAMPANHA;False;;0.0;False
estados;estados_c7_dna_fluxo_v5_2.csv;;152;2026-07-19 20:05:42;28794.5;1.75;1.0;4;0;24.0;21.0;3;9.0;10.0;-1;1.1363636363636365;0.88;-0.0553464688952844;-1.2019230769230769;0.7218177253326638;-1.9237408022557403;-0.75;28801.75;28792.0;-7.25;-2.5;-0.5;57.04376060807321;0;0.9424460431654677;0.946153846153846;0.9655172413793104;0.975;1.0;2.3017241379310347;3.5;FRACO;BAIXA;BAIXA mantida durante TRANSICAO;12;28796.75;28801.0;28794.75;28794.5;10.25;0.0325581395348837;TRANSICAO confirmada em 2026-07-19 20:05:29.831000;TOPO;28796.75;2026-07-19 20:05:29.831;TRANSICAO;"topos/fundos divergentes: 28801.00->28796.75; 28794.50->28794.75";BAIXA;ALTA;1.0;28791.75;2026-07-19 20:03:57.519000;False;VENDA;52;44;8.0;3;49;False;False;True;True;False;True;True;False;4;delta30 | saldo30 | rompimento;False;1;delta30 | saldo30 | vel15 | aceleracao | rompimento | continuidade;False;4;delta30 | saldo30 | rompimento;spread sem bônus | saldo10 favorável 1.0 | vel15 0.0553 | vel5 acelerando 1.2019 | aceleração 1.9237 | desloc15 0.75 | ticks/s 57.04 | continuidade 0.50 | estrutura confirmada alinhada +8;delta30 insuficiente -4.0 | saldo30 insuficiente -3.0 | sem rompimento confirmado -2.50 | hard-gate DNA incompleto | score 52 < 72;3;52;9;44;-6.0;8.0;NOVA_CAMPANHA;False;;0.0;False
estados;estados_c7_dna_fluxo_v5_2.csv;;153;2026-07-19 20:05:53;28793.75;2.75;1.0;2;-3;28.0;27.0;1;9.0;13.0;-4;1.0357142857142858;0.9655172413793104;-0.4818675042832667;-0.9284476355533549;-0.4602991944764097;-0.4681484410769451;-6.75;28801.75;28792.75;-8.0;-1.0;-0.5;37.62135922330097;0;0.9551724137931036;0.952755905511811;0.9714285714285714;1.0;1.0;2.3892857142857142;3.5;FRACO;BAIXA;BAIXA mantida durante TRANSICAO;12;28797.0;28799.0;28794.5;28794.5;9.75;0.0576923076923076;TRANSICAO confirmada em 2026-07-19 20:05:35.353000;TOPO;28797.0;2026-07-19 20:05:35.353;TRANSICAO;"topos/fundos divergentes: 28799.00->28797.00; 28794.50->28794.50";BAIXA;ALTA;1.0;28791.75;2026-07-19 20:03:57.519000;False;VENDA;52;44;8.0;0;52;False;False;True;True;False;True;True;False;4;delta30 | saldo30 | rompimento;False;1;delta30 | saldo30 | vel15 | aceleracao | rompimento | continuidade;False;4;delta30 | saldo30 | rompimento;spread sem bônus | saldo10 favorável 4.0 | vel15 0.4819 | vel5 acelerando 0.9284 | aceleração 0.4681 | desloc15 6.75 | ticks/s 37.62 | continuidade 0.50 | estrutura confirmada alinhada +8;delta30 insuficiente -2.0 | saldo30 insuficiente -1.0 | sem rompimento confirmado -1.00 | hard-gate DNA incompleto | score 52 < 72;0;52;4;44;-6.0;8.0;NOVA_CAMPANHA;False;;0.0;False
estados;estados_c7_dna_fluxo_v5_2.csv;;154;2026-07-19 20:06:05;28806.25;3.0;2.0;10;16;30.0;20.0;10;19.0;2.0;17;1.4761904761904765;0.6774193548387096;1.5738498789346247;6.04551920341394;0.0;6.04551920341394;13.0;28801.0;28793.25;5.25;-13.0;8.5;40.0726392251816;0;0.950920245398773;0.9739130434782608;0.984375;0.9615384615384616;0.9583333333333334;2.48046875;3.75;FRACO;BAIXA;BAIXA mantida durante TRANSICAO;12;28808.75;28797.0;28793.25;28794.5;16.75;0.2586872586872586;TRANSICAO confirmada em 2026-07-19 20:05:53.532000;TOPO;28808.75;2026-07-19 20:05:53.532;TRANSICAO;"topos/fundos divergentes: 28797.00->28808.75; 28794.50->28793.25";BAIXA;ALTA;1.0;28791.75;2026-07-19 20:03:57.519000;False;COMPRA;81;87;-6.0;12;69;False;True;True;True;True;True;True;False;6;delta30;False;6;delta30;False;1;delta30 | saldo30 | vel15 | aceleracao | rompimento | continuidade;spread sem bônus | delta10 crescente 16.0 | saldo agressor30 10.0 | saldo10 favorável 17.0 | razão fluxo 1.48 | vel15 1.5738 | vel5 acelerando 6.0455 | aceleração 6.0455 | desloc15 13.00 | ticks/s 40.07 | rompimento 5.25 | continuidade 8.50 | estrutura confirmada contrária -6;delta30 insuficiente 10.0 | hard-gate DNA incompleto;81;12;87;4;-6.0;8.0;NOVA_CAMPANHA;False;;0.0;False
estados;estados_c7_dna_fluxo_v5_2.csv;;155;2026-07-19 20:06:17;28815.5;2.5;0.5;20;10;36.0;17.0;19;17.0;8.0;9;2.055555555555556;0.4864864864864865;1.2765192376842862;2.003205128205128;1.1475631159713784;0.8556420122337498;17.75;28808.75;28793.25;6.75;-22.25;5.5;54.00934915498023;0;0.9655172413793104;0.9069767441860463;0.8412698412698413;0.8245614035087719;0.5714285714285714;2.3253968253968256;3.75;FRACO;BAIXA;BAIXA mantida durante TRANSICAO;12;28808.75;28797.0;28805.0;28806.0;15.5;0.203883495145631;TRANSICAO confirmada em 2026-07-19 20:05:59.449000;FUNDO;28805.0;2026-07-19 20:05:59.449;TRANSICAO;"topos/fundos divergentes: 28797.00->28808.75; 28806.00->28805.00";BAIXA;ALTA;1.0;28791.75;2026-07-19 20:03:57.519000;True;COMPRA;93;99;-6.0;12;81;True;True;True;True;True;True;True;True;7;;True;7;;False;1;delta30 | saldo30 | vel15 | aceleracao | rompimento | continuidade;spread sem bônus | delta30 favorável 20.0 | delta10 crescente 10.0 | saldo agressor30 19.0 | saldo10 favorável 9.0 | razão fluxo 2.06 | vel15 1.2765 | vel5 acelerando 2.0032 | aceleração 0.8556 | desloc15 17.75 | ticks/s 54.01 | rompimento 6.75 | continuidade 5.50 | estrutura confirmada contrária -6;;93;12;99;4;-6.0;8.0;NOVA_CAMPANHA;False;;0.0;False
estados;estados_c7_dna_fluxo_v5_2.csv;;156;2026-07-19 20:13:33;28832.5;2.0;1.0;37;3;55.0;17.0;38;8.0;4.0;4;3.111111111111111;0.3214285714285714;-0.1194131695667007;-0.4957507082152974;0.0;-0.4957507082152974;-1.75;28836.25;28820.0;-3.75;-12.5;0.0;24.36028659160696;0;0.9672131147540984;0.8315789473684211;0.8192771084337349;0.6785714285714286;0.875;2.3072289156626504;4.5;FRACO;ALTA;"ALTA mantida; estrutura bruta alinhada";12;28836.0;28832.5;28830.5;28820.0;16.0;0.2631578947368421;ALTA confirmada em 2026-07-19 20:13:09.258000;TOPO;28836.0;2026-07-19 20:13:09.258;ALTA;topo 28836.00>28832.50 e fundo 28830.50>28820.00;ALTA;;0.0;28830.5;2026-07-19 20:13:09.558000;False;COMPRA;48;36;12.0;23;25;True;True;False;False;False;False;True;False;3;vel15 | aceleracao | rompimento | continuidade;False;3;vel15 | aceleracao | rompimento | continuidade;False;3;delta30 | saldo30 | rompimento | continuidade;spread sem bônus | delta30 favorável 37.0 | saldo agressor30 38.0 | saldo10 favorável 4.0 | razão fluxo 3.11 | ticks/s 24.36 | estrutura confirmada alinhada +8 | estrutura local alinhada +4;vel15 insuficiente -0.1194 | aceleração insuficiente -0.4958 | sem rompimento confirmado -3.75 | sem continuidade 0.00 | hard-gate DNA incompleto | score 48 < 72;48;23;36;29;12.0;-6.0;NOVA_CAMPANHA;False;;0.0;False
estados;estados_c7_dna_fluxo_v5_2.csv;;157;2026-07-19 20:13:44;28831.75;2.5;1.0;-3;-5;19.0;21.0;-2;3.0;8.0;-5;0.9090909090909092;1.1;-0.2025384823116392;0.2000400080016003;-0.4106776180698152;0.6107176260714156;-3.0;28836.25;28829.25;-4.5;-2.5;0.0;25.24979746151769;0;0.9777777777777776;0.8245614035087719;0.7592592592592593;0.8076923076923077;1.0;1.976851851851852;2.75;FRACO;ALTA;ALTA mantida durante TRANSICAO;12;28836.0;28832.5;28829.25;28830.5;16.0;0.0628019323671497;TRANSICAO confirmada em 2026-07-19 20:13:28.061000;FUNDO;28829.25;2026-07-19 20:13:28.061;TRANSICAO;"topos/fundos divergentes: 28832.50->28836.00; 28830.50->28829.25";ALTA;;0.0;28830.5;2026-07-19 20:13:09.558000;False;COMPRA;24;16;8.0;21;3;False;False;False;True;False;False;True;False;2;delta30 | saldo30 | vel15 | rompimento | continuidade;False;2;delta30 | saldo30 | vel15 | rompimento | continuidade;False;2;delta30 | saldo30 | aceleracao | rompimento | continuidade;spread sem bônus | vel5 acelerando 0.2000 | aceleração 0.6107 | ticks/s 25.25 | estrutura confirmada alinhada +8;delta30 insuficiente -3.0 | saldo30 insuficiente -2.0 | vel15 insuficiente -0.2025 | sem rompimento confirmado -4.50 | sem continuidade 0.00 | hard-gate DNA incompleto | lados próximos: diferença 3 | score 24 < 72;24;21;16;27;8.0;-6.0;NOVA_CAMPANHA;False;;0.0;False
estados;estados_c7_dna_fluxo_v5_2.csv;;158;2026-07-19 20:13:56;28830.0;2.5;1.0;-5;3;18.0;22.0;-4;10.0;6.0;4;0.8260869565217391;1.2105263157894737;-0.1440803556726494;-0.639386189258312;-0.391644908616188;-0.247741280642124;-1.75;28834.75;28827.25;-4.75;-2.75;0.5;42.81244854273012;0;0.951219512195122;0.8257575757575758;0.8421052631578947;0.8666666666666667;0.75;2.1096491228070176;2.75;FRACO;ALTA;ALTA mantida durante TRANSICAO;12;28832.0;28832.0;28828.5;28827.25;16.0;0.1455399061032863;TRANSICAO confirmada em 2026-07-19 20:13:44.161000;FUNDO;28828.5;2026-07-19 20:13:44.161;TRANSICAO;"topos/fundos divergentes: 28832.00->28832.00; 28827.25->28828.50";ALTA;;0.0;28830.5;2026-07-19 20:13:09.558000;False;VENDA;28;34;-6.0;27;1;False;False;True;True;False;False;True;False;3;delta30 | saldo30 | rompimento | continuidade;False;2;delta30 | saldo30 | vel15 | aceleracao | rompimento;False;3;delta30 | saldo30 | rompimento | continuidade;spread sem bônus | razão fluxo 1.21 | vel15 0.1441 | vel5 acelerando 0.6394 | aceleração 0.2477 | desloc15 1.75 | ticks/s 42.81 | estrutura confirmada contrária -6;delta30 insuficiente 5.0 | saldo30 insuficiente 4.0 | sem rompimento confirmado -2.75 | sem continuidade -0.50 | hard-gate DNA incompleto | lados próximos: diferença 1 | score 28 < 72;27;28;19;34;8.0;-6.0;NOVA_CAMPANHA;False;;0.0;False
estados;estados_c7_dna_fluxo_v5_2.csv;;159;2026-07-19 20:14:08;28823.25;2.5;1.0;-7;-6;19.0;27.0;-8;3.0;9.0;-6;0.7142857142857143;1.4;-0.5984133497469566;-0.7011866235167207;-0.7211223285695555;0.0199357050528348;-8.75;28832.0;28826.25;-8.75;3.0;-1.75;28.99740117630967;0;0.9523809523809524;0.8486842105263158;0.8923076923076924;0.8888888888888888;1.0;2.157692307692308;2.75;FRACO;ALTA;ALTA mantida durante TRANSICAO;12;28832.0;28832.0;28827.25;28828.5;16.0;0.0303030303030303;TRANSICAO confirmada em 2026-07-19 20:13:45.943000;FUNDO;28827.25;2026-07-19 20:13:45.943;TRANSICAO;"topos/fundos divergentes: 28832.00->28832.00; 28828.50->28827.25";ALTA;;0.0;28830.5;2026-07-19 20:13:09.558000;False;VENDA;57;63;-6.0;18;39;False;False;True;False;True;True;True;False;4;delta30 | saldo30 | aceleracao;False;2;delta30 | saldo30 | vel15 | rompimento | continuidade;False;4;delta30 | saldo30 | aceleracao;spread sem bônus | saldo10 favorável 6.0 | razão fluxo 1.40 | vel15 0.5984 | vel5 acelerando 0.7012 | desloc15 8.75 | ticks/s 29.00 | rompimento 3.00 | continuidade 1.75 | estrutura confirmada contrária -6;delta30 insuficiente 7.0 | saldo30 insuficiente 8.0 | aceleração insuficiente -0.0199 | hard-gate DNA incompleto | score 57 < 72;18;57;10;63;8.0;-6.0;NOVA_CAMPANHA;False;;0.0;False
estados;estados_c7_dna_fluxo_v5_2.csv;;160;2026-07-19 20:14:20;28813.0;2.0;1.0;-17;-13;24.0;40.0;-16;10.0;24.0;-14;0.6097560975609756;1.64;-1.0279253040945693;-0.35;-1.581546057707144;1.2315460577071442;-12.0;28832.0;28814.0;-19.0;1.0;-1.0;55.850608189138256;0;0.8840579710144928;0.8865248226950354;0.9545454545454546;1.0;1.0;2.335227272727273;3.25;FRACO;ALTA;"ALTA mantida; candidata BAIXA 1/2; rompeu_invalidação=True";12;28816.75;28818.25;28814.5;28814.75;18.0;0.3652694610778443;BAIXA confirmada em 2026-07-19 20:14:03.753000;TOPO;28816.75;2026-07-19 20:14:03.753;BAIXA;topo 28816.75<28818.25 e fundo 28814.50<28814.75;ALTA;BAIXA;1.0;28830.5;2026-07-19 20:13:09.558000;False;VENDA;73;75;-2.0;18;55;False;True;True;False;True;True;True;False;5;delta30 | aceleracao;False;2;delta30 | saldo30 | vel15 | rompimento | continuidade;False;5;delta30 | aceleracao;spread sem bônus | delta10 crescente 13.0 | saldo agressor30 16.0 | saldo10 favorável 14.0 | razão fluxo 1.64 | vel15 1.0279 | desloc15 12.00 | ticks/s 55.85 | rompimento 1.00 | continuidade 1.00 | estrutura confirmada contrária -6 | estrutura local alinhada +4;delta30 insuficiente 17.0 | aceleração insuficiente -1.2315 | hard-gate DNA incompleto;18;73;10;75;8.0;-2.0;NOVA_CAMPANHA;False;;0.0;False
estados;estados_c7_dna_fluxo_v5_2.csv;;161;2026-07-19 20:14:31;28815.5;2.5;0.5;-28;-9;28.0;57.0;-29;16.0;26.0;-10;0.5;2.0;0.1061796559779146;0.7752739301219764;-0.2266032177656922;1.001877147887669;1.5;28826.5;28807.0;-11.0;-8.5;2.25;43.46287251362639;0;0.8369565217391305;0.9411764705882352;0.990909090909091;0.9833333333333332;1.0;2.459090909090909;3.25;FRACO;ALTA;"ALTA mantida; estrutura bruta alinhada";12;28816.5;28813.0;28814.0;28809.0;11.25;0.0;ALTA confirmada em 2026-07-19 20:14:18.956000;FUNDO;28814.0;2026-07-19 20:14:18.956;ALTA;topo 28816.50>28813.00 e fundo 28814.00>28809.00;ALTA;;0.0;28830.5;2026-07-19 20:13:09.558000;False;COMPRA;51;39;12.0;30;21;False;False;True;True;False;True;True;False;4;delta30 | saldo30 | rompimento;False;4;delta30 | saldo30 | rompimento;False;3;vel15 | aceleracao | rompimento | continuidade;spread sem bônus | vel15 0.1062 | vel5 acelerando 0.7753 | aceleração 1.0019 | desloc15 1.50 | ticks/s 43.46 | continuidade 2.25 | estrutura confirmada alinhada +8 | estrutura local alinhada +4;delta30 insuficiente -28.0 | saldo30 insuficiente -29.0 | sem rompimento confirmado -11.00 | hard-gate DNA incompleto | score 51 < 72;51;30;39;36;12.0;-6.0;NOVA_CAMPANHA;False;;0.0;False
estados;estados_c7_dna_fluxo_v5_2.csv;;162;2026-07-19 20:14:43;28818.25;3.0;0.5;-14;-1;29.0;44.0;-15;4.0;5.0;-1;0.6666666666666666;1.5;0.4395455774952664;4.094412331406551;0.1643295354951796;3.930082795911372;6.5;28819.25;28807.0;-1.0;-11.25;4.25;34.14931025155531;0;0.8214285714285714;0.9709302325581396;0.99009900990099;1.0;1.0;2.532178217821782;3.25;FRACO;ALTA;ALTA mantida durante TRANSICAO;12;28819.25;28816.5;28813.25;28814.0;12.25;0.0309278350515463;TRANSICAO confirmada em 2026-07-19 20:14:25.707000;FUNDO;28813.25;2026-07-19 20:14:25.707;TRANSICAO;"topos/fundos divergentes: 28816.50->28819.25; 28814.00->28813.25";ALTA;;0.0;28830.5;2026-07-19 20:13:09.558000;False;COMPRA;47;39;8.0;18;29;False;False;True;True;False;True;True;False;4;delta30 | saldo30 | rompimento;False;4;delta30 | saldo30 | rompimento;False;2;delta30 | vel15 | aceleracao | rompimento | continuidade;spread sem bônus | vel15 0.4395 | vel5 acelerando 4.0944 | aceleração 3.9301 | desloc15 6.50 | ticks/s 34.15 | continuidade 4.25 | estrutura confirmada alinhada +8;delta30 insuficiente -14.0 | saldo30 insuficiente -15.0 | sem rompimento confirmado -1.00 | hard-gate DNA incompleto | score 47 < 72;47;18;39;24;8.0;-6.0;NOVA_CAMPANHA;False;;0.0;False
estados;estados_c7_dna_fluxo_v5_2.csv;;163;2026-07-19 20:14:55;28817.75;2.75;1.0;-12;-5;31.0;44.0;-13;9.0;13.0;-4;0.7111111111111111;1.40625;0.3191942119449567;-1.0185604345857855;1.092010708750176;-2.110571143335961;4.5;28822.75;28807.0;-5.0;-10.75;-1.25;31.635693006100155;0;0.8347107438016529;0.9723756906077348;0.98989898989899;1.0;1.0;2.590909090909091;3.25;FRACO;ALTA;ALTA mantida durante TRANSICAO;12;28822.75;28819.25;28813.25;28814.0;15.75;0.0825688073394495;TRANSICAO confirmada em 2026-07-19 20:14:32.460000;TOPO;28822.75;2026-07-19 20:14:32.460;TRANSICAO;"topos/fundos divergentes: 28819.25->28822.75; 28814.00->28813.25";ALTA;;0.0;28830.5;2026-07-19 20:13:09.558000;False;VENDA;40;46;-6.0;25;15;False;True;False;True;False;True;True;False;4;delta30 | vel15 | rompimento;False;2;delta30 | saldo30 | aceleracao | rompimento | continuidade;False;4;delta30 | vel15 | rompimento;spread sem bônus | saldo agressor30 13.0 | saldo10 favorável 4.0 | razão fluxo 1.41 | vel5 acelerando 1.0186 | aceleração 2.1106 | ticks/s 31.64 | continuidade 1.25 | estrutura confirmada contrária -6;delta30 insuficiente 12.0 | vel15 insuficiente -0.3192 | sem rompimento confirmado -10.75 | hard-gate DNA incompleto | score 40 < 72;25;40;17;46;8.0;-6.0;NOVA_CAMPANHA;False;;0.0;False
estados;estados_c7_dna_fluxo_v5_2.csv;;164;2026-07-19 20:15:07;28812.75;3.0;3.0;-8;-3;9.0;18.0;-9;0.0;4.0;-4;0.5263157894736842;1.9;-1.07342206955775;-1.07342206955775;0.0;-1.07342206955775;-2.5;28822.75;28813.25;-10.0;0.5;0.0;66.5521683125805;0;0.8435374149659864;0.9935483870967742;1.0;1.0;1.0;2.716216216216216;3.25;FRACO;ALTA;ALTA mantida durante TRANSICAO;12;28822.75;28819.25;28813.25;28814.0;15.75;0.0825688073394495;TRANSICAO confirmada em 2026-07-19 20:14:32.460000;TOPO;28822.75;2026-07-19 20:14:32.460;TRANSICAO;"topos/fundos divergentes: 28819.25->28822.75; 28814.00->28813.25";ALTA;;0.0;28830.5;2026-07-19 20:13:09.558000;False;VENDA;47;53;-6.0;12;35;False;False;True;True;True;False;True;False;4;delta30 | saldo30 | continuidade;False;1;delta30 | saldo30 | vel15 | aceleracao | rompimento | continuidade;False;4;delta30 | saldo30 | continuidade;spread sem bônus | saldo10 favorável 4.0 | razão fluxo 1.90 | vel15 1.0734 | aceleração 1.0734 | desloc15 2.50 | ticks/s 66.55 | rompimento 0.50 | estrutura confirmada contrária -6;delta30 insuficiente 8.0 | saldo30 insuficiente 9.0 | sem continuidade -0.00 | hard-gate DNA incompleto | score 47 < 72;12;47;4;53;8.0;-6.0;NOVA_CAMPANHA;False;;0.0;False
estados;estados_c7_dna_fluxo_v5_2.csv;;165;2026-07-19 20:15:18;28812.25;2.0;2.0;-16;-1;7.0;22.0;-15;4.0;6.0;-2;0.3478260869565217;2.875;-0.2139800285306704;-0.6839945280437757;-0.0840618695359784;-0.5999326585077972;-3.0;28820.0;28812.0;-7.75;-0.25;0.0;35.09272467902996;0;0.8865248226950354;0.9830508474576272;0.972972972972973;0.9473684210526316;0.875;2.581081081081081;3.25;FRACO;ALTA;"ALTA mantida; candidata BAIXA 1/2; rompeu_invalidação=True";12;28814.5;28822.75;28812.5;28813.25;15.75;0.037037037037037;BAIXA confirmada em 2026-07-19 20:15:01.972000;TOPO;28814.5;2026-07-19 20:15:01.972;BAIXA;topo 28814.50<28822.75 e fundo 28812.50<28813.25;ALTA;BAIXA;1.0;28830.5;2026-07-19 20:13:09.558000;False;VENDA;47;49;-2.0;12;35;False;True;True;True;False;False;True;False;4;delta30 | rompimento | continuidade;False;1;delta30 | saldo30 | vel15 | aceleracao | rompimento | continuidade;False;4;delta30 | rompimento | continuidade;spread sem bônus | saldo agressor30 15.0 | saldo10 favorável 2.0 | razão fluxo 2.88 | vel15 0.2140 | vel5 acelerando 0.6840 | aceleração 0.5999 | desloc15 3.00 | ticks/s 35.09 | estrutura confirmada contrária -6 | estrutura local alinhada +4;delta30 insuficiente 16.0 | sem rompimento confirmado -0.25 | sem continuidade -0.00 | hard-gate DNA incompleto | score 47 < 72;12;47;4;49;8.0;-2.0;NOVA_CAMPANHA;False;;0.0;False
estados;estados_c7_dna_fluxo_v5_2.csv;;166;2026-07-19 20:15:30;28815.0;3.0;0.5;-6;-3;11.0;18.0;-7;6.0;8.0;-2;0.631578947368421;1.5833333333333333;0.0502546234253551;0.6533618436683298;-0.4462293618920125;1.0995912055603425;0.75;28815.25;28809.75;-0.25;-5.25;-2.5;23.385151433931924;0;0.940119760479042;0.9361702127659576;0.8636363636363636;0.8181818181818182;0.9285714285714286;2.340909090909091;3.25;FRACO;ALTA;ALTA mantida durante TRANSICAO;12;28817.5;28814.5;28809.75;28812.0;13.75;0.1531531531531531;TRANSICAO confirmada em 2026-07-19 20:15:17.570000;TOPO;28817.5;2026-07-19 20:15:17.570;TRANSICAO;"topos/fundos divergentes: 28814.50->28817.50; 28812.00->28809.75";ALTA;BAIXA;1.0;28830.5;2026-07-19 20:13:09.558000;False;COMPRA;37;29;8.0;18;19;False;False;True;True;False;False;True;False;3;delta30 | saldo30 | rompimento | continuidade;False;3;delta30 | saldo30 | rompimento | continuidade;False;2;delta30 | saldo30 | vel15 | aceleracao | rompimento;spread sem bônus | vel15 0.0503 | vel5 acelerando 0.6534 | aceleração 1.0996 | desloc15 0.75 | ticks/s 23.39 | estrutura confirmada alinhada +8;delta30 insuficiente -6.0 | saldo30 insuficiente -7.0 | sem rompimento confirmado -0.25 | sem continuidade -2.50 | hard-gate DNA incompleto | score 37 < 72;37;18;29;24;8.0;-6.0;NOVA_CAMPANHA;False;;0.0;False
estados;estados_c7_dna_fluxo_v5_2.csv;;167;2026-07-19 20:15:42;28813.5;2.5;1.0;-8;-8;12.0;21.0;-9;2.0;9.0;-7;0.5909090909090909;1.6923076923076923;0.111507582515611;0.2527805864509606;0.6533618436683298;-0.4005812572173692;1.25;28817.5;28809.75;-4.0;-3.75;0.5;19.35771632471008;0;0.9555555555555556;0.9285714285714286;0.8775510204081632;0.9583333333333334;1.0;2.341836734693877;3.25;FRACO;ALTA;"ALTA mantida; estrutura bruta alinhada";12;28817.5;28814.5;28810.25;28809.75;13.0;0.0468085106382978;ALTA confirmada em 2026-07-19 20:15:25.768000;FUNDO;28810.25;2026-07-19 20:15:25.768;ALTA;topo 28817.50>28814.50 e fundo 28810.25>28809.75;ALTA;;0.0;28830.5;2026-07-19 20:13:09.558000;False;COMPRA;45;33;12.0;14;31;False;False;True;False;False;True;True;False;3;delta30 | saldo30 | aceleracao | rompimento;False;3;delta30 | saldo30 | aceleracao | rompimento;False;2;delta30 | saldo30 | vel15 | rompimento | continuidade;spread sem bônus | vel15 0.1115 | vel5 acelerando 0.2528 | desloc15 1.25 | ticks/s 19.36 | continuidade 0.50 | estrutura confirmada alinhada +8 | estrutura local alinhada +4;delta30 insuficiente -8.0 | saldo30 insuficiente -9.0 | aceleração insuficiente -0.4006 | sem rompimento confirmado -4.00 | hard-gate DNA incompleto | score 45 < 72;45;14;33;20;12.0;-6.0;NOVA_CAMPANHA;False;;0.0;False
estados;estados_c7_dna_fluxo_v5_2.csv;;168;2026-07-19 20:15:53;28812.25;2.5;1.0;-5;-1;12.0;16.0;-4;6.0;6.0;0;0.7647058823529411;1.3076923076923077;-0.6978809795711204;-1.114714227807053;3.1055900621118013;-4.220304289918854;-5.5;28818.25;28810.25;-6.0;-2.0;0.0;25.88503996954701;0;0.9720670391061452;0.9166666666666666;0.9761904761904762;1.0;1.0;2.619047619047619;3.0;FRACO;ALTA;"ALTA mantida; estrutura bruta alinhada";12;28818.25;28817.5;28810.25;28809.75;13.0;0.0276679841897233;ALTA confirmada em 2026-07-19 20:15:34.291000;TOPO;28818.25;2026-07-19 20:15:34.291;ALTA;topo 28818.25>28817.50 e fundo 28810.25>28809.75;ALTA;;0.0;28830.5;2026-07-19 20:13:09.558000;False;VENDA;28;34;-6.0;16;12;False;False;True;True;False;False;True;False;3;delta30 | saldo30 | rompimento | continuidade;False;1;delta30 | saldo30 | vel15 | aceleracao | rompimento | continuidade;False;3;delta30 | saldo30 | rompimento | continuidade;spread sem bônus | razão fluxo 1.31 | vel15 0.6979 | vel5 acelerando 1.1147 | aceleração 4.2203 | desloc15 5.50 | ticks/s 25.89 | estrutura confirmada contrária -6;delta30 insuficiente 5.0 | saldo30 insuficiente 4.0 | sem rompimento confirmado -2.00 | sem continuidade -0.00 | hard-gate DNA incompleto | score 28 < 72;16;28;4;34;12.0;-6.0;NOVA_CAMPANHA;False;;0.0;False
estados;estados_c7_dna_fluxo_v5_2.csv;;169;2026-07-19 20:16:05;28811.5;3.25;3.0;-8;-8;9.0;18.0;-9;1.0;8.0;-7;0.5263157894736842;1.9;-0.5491608821720411;-0.21210407239819;-0.8078231292517007;0.5957190568535107;-6.25;28818.25;28810.25;-6.75;-1.25;0.0;21.35137509884896;0;0.993939393939394;0.918918918918919;1.0;1.0;1.0;2.673076923076923;3.25;FRACO;ALTA;"ALTA mantida; estrutura bruta alinhada";12;28818.25;28817.5;28810.25;28809.75;13.0;0.0276679841897233;ALTA confirmada em 2026-07-19 20:15:34.291000;TOPO;28818.25;2026-07-19 20:15:34.291;ALTA;topo 28818.25>28817.50 e fundo 28810.25>28809.75;ALTA;;0.0;28830.5;2026-07-19 20:13:09.558000;False;COMPRA;22;10;12.0;21;1;False;False;False;True;False;False;True;False;2;delta30 | saldo30 | vel15 | rompimento | continuidade;False;2;delta30 | saldo30 | vel15 | rompimento | continuidade;False;2;delta30 | saldo30 | aceleracao | rompimento | continuidade;spread sem bônus | aceleração 0.5957 | ticks/s 21.35 | estrutura confirmada alinhada +8 | estrutura local alinhada +4;delta30 insuficiente -8.0 | saldo30 insuficiente -9.0 | vel15 insuficiente -0.5492 | sem rompimento confirmado -6.75 | sem continuidade 0.00 | hard-gate DNA incompleto | lados próximos: diferença 1 | score 22 < 72;22;21;10;27;12.0;-6.0;NOVA_CAMPANHA;False;;0.0;False
estados;estados_c7_dna_fluxo_v5_2.csv;;170;2026-07-19 20:16:17;28807.75;3.0;0.5;-14;-7;4.0;17.0;-13;3.0;9.0;-6;0.2777777777777778;3.6;-0.6106968372332219;-3.25;0.0;-3.25;-4.75;28817.75;28811.5;-10.0;3.75;-3.25;24.813576754949857;0;0.9916666666666668;0.9078947368421052;0.9666666666666668;0.9333333333333332;1.0;2.5416666666666665;3.25;FRACO;ALTA;ALTA mantida durante TRANSICAO;12;28818.25;28817.5;28804.5;28810.25;18.25;0.1275167785234899;TRANSICAO confirmada em 2026-07-19 20:16:03.826000;FUNDO;28804.5;2026-07-19 20:16:03.826;TRANSICAO;"topos/fundos divergentes: 28817.50->28818.25; 28810.25->28804.50";ALTA;;0.0;28830.5;2026-07-19 20:13:09.558000;False;VENDA;73;79;-6.0;12;61;False;True;True;True;True;True;True;False;6;delta30;False;1;delta30 | saldo30 | vel15 | aceleracao | rompimento | continuidade;False;6;delta30;spread sem bônus | saldo agressor30 13.0 | saldo10 favorável 6.0 | razão fluxo 3.60 | vel15 0.6107 | vel5 acelerando 3.2500 | aceleração 3.2500 | desloc15 4.75 | ticks/s 24.81 | rompimento 3.75 | continuidade 3.25 | estrutura confirmada contrária -6;delta30 insuficiente 14.0 | hard-gate DNA incompleto;12;73;4;79;8.0;-6.0;NOVA_CAMPANHA;False;;0.0;False
estados;estados_c7_dna_fluxo_v5_2.csv;;171;2026-07-19 20:16:29;28809.25;2.5;1.0;-6;0;4.0;9.0;-5;1.0;0.0;1;0.5;2.0;-0.1314307172361997;0.0;-3.25;3.25;-1.75;28812.5;28804.5;-3.25;-4.75;0.0;19.451746150957568;0;0.9375;0.9807692307692308;0.9411764705882352;1.0;1.0;2.411764705882353;3.0;FRACO;ALTA;ALTA mantida durante TRANSICAO;12;28818.25;28817.5;28804.5;28810.25;18.25;0.1275167785234899;TRANSICAO confirmada em 2026-07-19 20:16:03.826000;FUNDO;28804.5;2026-07-19 20:16:03.826;TRANSICAO;"topos/fundos divergentes: 28817.50->28818.25; 28810.25->28804.50";ALTA;;0.0;28830.5;2026-07-19 20:13:09.558000;False;COMPRA;23;15;8.0;16;7;False;False;False;True;False;False;True;False;2;delta30 | saldo30 | vel15 | rompimento | continuidade;False;2;delta30 | saldo30 | vel15 | rompimento | continuidade;False;2;delta30 | saldo30 | aceleracao | rompimento | continuidade;spread sem bônus | saldo10 favorável 1.0 | aceleração 3.2500 | ticks/s 19.45 | estrutura confirmada alinhada +8;delta30 insuficiente -6.0 | saldo30 insuficiente -5.0 | vel15 insuficiente -0.1314 | sem rompimento confirmado -3.25 | sem continuidade 0.00 | hard-gate DNA incompleto | lados próximos: diferença 7 | score 23 < 72;23;16;15;22;8.0;-6.0;NOVA_CAMPANHA;False;;0.0;False
estados;estados_c7_dna_fluxo_v5_2.csv;;172;2026-07-19 20:16:41;28812.25;3.0;1.0;-11;-7;7.0;19.0;-12;3.0;10.0;-7;0.4;2.5;0.2248369931799445;0.0634517766497461;0.066728947017216;-0.0032771703674698;3.0;28812.0;28804.5;0.25;-7.75;2.25;15.363861200629543;0;0.9285714285714286;0.9821428571428572;1.0;1.0;1.0;2.551470588235294;3.0;FRACO;ALTA;ALTA mantida durante TRANSICAO;12;28812.0;28818.25;28809.75;28804.5;18.25;0.047945205479452;TRANSICAO confirmada em 2026-07-19 20:16:28.428000;FUNDO;28809.75;2026-07-19 20:16:28.428;TRANSICAO;"topos/fundos divergentes: 28818.25->28812.00; 28804.50->28809.75";ALTA;;0.0;28830.5;2026-07-19 20:13:09.558000;False;COMPRA;55;47;8.0;18;37;False;False;True;False;True;True;True;False;4;delta30 | saldo30 | aceleracao;False;4;delta30 | saldo30 | aceleracao;False;2;delta30 | vel15 | aceleracao | rompimento | continuidade;spread sem bônus | vel15 0.2248 | desloc15 3.00 | ticks/s 15.36 | rompimento 0.25 | continuidade 2.25 | estrutura confirmada alinhada +8;delta30 insuficiente -11.0 | saldo30 insuficiente -12.0 | aceleração insuficiente -0.0033 | hard-gate DNA incompleto | score 55 < 72;55;18;47;24;8.0;-6.0;NOVA_CAMPANHA;False;;0.0;False
estados;estados_c7_dna_fluxo_v5_2.csv;;173;2026-07-19 20:16:53;28804.0;3.25;1.0;-19;-12;10.0;28.0;-18;4.0;17.0;-13;0.3793103448275862;2.636363636363636;-0.4589612177770978;-0.1513317191283293;-0.5397510795021591;0.3884193603738297;-6.0;28812.5;28803.25;-8.5;-0.75;0.5;28.60858257477243;0;0.9142857142857144;0.986842105263158;1.0;1.0;1.0;2.8421052631578947;3.5;FRACO;ALTA;ALTA mantida durante TRANSICAO;12;28806.0;28806.0;28803.5;28803.25;15.0;0.0566037735849056;TRANSICAO confirmada em 2026-07-19 20:16:41.237000;TOPO;28806.0;2026-07-19 20:16:41.237;TRANSICAO;"topos/fundos divergentes: 28806.00->28806.00; 28803.25->28803.50";ALTA;;0.0;28830.5;2026-07-19 20:13:09.558000;False;VENDA;39;45;-6.0;28;11;False;True;True;False;False;False;True;False;3;delta30 | aceleracao | rompimento | continuidade;False;3;delta30 | saldo30 | vel15 | rompimento;False;3;delta30 | aceleracao | rompimento | continuidade;spread sem bônus | delta10 crescente 12.0 | saldo agressor30 18.0 | saldo10 favorável 13.0 | razão fluxo 2.64 | vel15 0.4590 | desloc15 6.00 | ticks/s 28.61 | estrutura confirmada contrária -6;delta30 insuficiente 19.0 | aceleração insuficiente -0.3884 | sem rompimento confirmado -0.75 | sem continuidade -0.50 | hard-gate DNA incompleto | lados próximos: diferença 11 | score 39 < 72;28;39;20;45;8.0;-6.0;NOVA_CAMPANHA;False;;0.0;False
estados;estados_c7_dna_fluxo_v5_2.csv;;174;2026-07-19 20:17:04;28807.75;3.0;0.5;-17;3;18.0;34.0;-16;10.0;8.0;2;0.5428571428571428;1.8421052631578947;-0.0690560044195842;0.5211047420531527;-0.5804953560371516;1.1016000980903042;-1.0;28812.5;28802.75;-4.75;-5.0;0.0;34.873282231890066;0;0.918918918918919;0.967741935483871;0.9736842105263158;0.96;0.9090909090909092;2.8453947368421053;3.5;FRACO;ALTA;"ALTA mantida; estrutura bruta alinhada";12;28807.75;28806.0;28805.0;28802.75;15.5;0.2442396313364055;ALTA confirmada em 2026-07-19 20:16:48.209000;FUNDO;28805.0;2026-07-19 20:16:48.209;ALTA;topo 28807.75>28806.00 e fundo 28805.00>28802.75;ALTA;;0.0;28830.5;2026-07-19 20:13:09.558000;False;COMPRA;33;21;12.0;26;7;False;False;False;True;False;False;True;False;2;delta30 | saldo30 | vel15 | rompimento | continuidade;False;2;delta30 | saldo30 | vel15 | rompimento | continuidade;False;3;delta30 | aceleracao | rompimento | continuidade;spread sem bônus | saldo10 favorável 2.0 | vel5 acelerando 0.5211 | aceleração 1.1016 | ticks/s 34.87 | estrutura confirmada alinhada +8 | estrutura local alinhada +4;delta30 insuficiente -17.0 | saldo30 insuficiente -16.0 | vel15 insuficiente -0.0691 | sem rompimento confirmado -4.75 | sem continuidade 0.00 | hard-gate DNA incompleto | lados próximos: diferença 7 | score 33 < 72;33;26;21;32;12.0;-6.0;NOVA_CAMPANHA;False;;0.0;False
estados;estados_c7_dna_fluxo_v5_2.csv;;175;2026-07-19 20:17:16;28801.5;2.25;2.0;-28;-22;19.0;48.0;-29;6.0;29.0;-23;0.4081632653061224;2.45;-0.4301938740392336;-0.906394199077126;-0.4254594962559564;-0.4809347028211694;-3.75;28807.75;28801.0;-6.25;-0.5;-2.0;43.47826086956521;0;0.9166666666666666;0.983739837398374;0.978021978021978;1.0;1.0;2.8736263736263736;3.5;FRACO;ALTA;"ALTA mantida; candidata BAIXA 1/2; rompeu_invalidação=True";12;28803.0;28804.25;28799.25;28801.0;8.5;0.1205673758865248;BAIXA confirmada em 2026-07-19 20:17:04.835000;FUNDO;28799.25;2026-07-19 20:17:04.835;BAIXA;topo 28803.00<28804.25 e fundo 28799.25<28801.00;ALTA;BAIXA;1.0;28830.5;2026-07-19 20:13:09.558000;False;VENDA;77;79;-2.0;12;65;True;True;True;True;False;True;True;False;6;rompimento;False;1;delta30 | saldo30 | vel15 | aceleracao | rompimento | continuidade;False;6;rompimento;spread sem bônus | delta30 favorável 28.0 | delta10 crescente 22.0 | saldo agressor30 29.0 | saldo10 favorável 23.0 | razão fluxo 2.45 | vel15 0.4302 | vel5 acelerando 0.9064 | aceleração 0.4809 | desloc15 3.75 | ticks/s 43.48 | continuidade 2.00 | estrutura confirmada contrária -6 | estrutura local alinhada +4;sem rompimento confirmado -0.50 | hard-gate DNA incompleto;12;77;4;79;8.0;-2.0;NOVA_CAMPANHA;False;;0.0;False
estados;estados_c7_dna_fluxo_v5_2.csv;;176;2026-07-19 20:17:28;28799.75;2.75;1.0;-45;-30;31.0;75.0;-44;21.0;52.0;-31;0.4210526315789473;2.375;-0.3528581510232886;0.5847331490537954;-1.1537352177675224;1.738468366821318;-4.5;28807.75;28789.0;-8.0;-10.75;0.0;40.38265506155415;0;0.9661016949152542;0.9698492462311558;0.9621212121212122;0.9636363636363636;0.9090909090909092;2.708333333333333;3.75;FRACO;ALTA;ALTA mantida durante TRANSICAO;12;28794.25;28794.25;28792.25;28791.75;14.0;0.2516129032258064;TRANSICAO confirmada em 2026-07-19 20:17:08.105000;FUNDO;28792.25;2026-07-19 20:17:08.105;TRANSICAO;"topos/fundos divergentes: 28794.25->28794.25; 28791.75->28792.25";ALTA;BAIXA;1.0;28830.5;2026-07-19 20:13:09.558000;False;VENDA;51;57;-6.0;24;27;True;True;True;False;False;False;True;False;4;aceleracao | rompimento | continuidade;False;2;delta30 | saldo30 | vel15 | rompimento | continuidade;False;4;aceleracao | rompimento | continuidade;spread sem bônus | delta30 favorável 45.0 | delta10 crescente 30.0 | saldo agressor30 44.0 | saldo10 favorável 31.0 | razão fluxo 2.38 | vel15 0.3529 | desloc15 4.50 | ticks/s 40.38 | estrutura confirmada contrária -6;aceleração insuficiente -1.7385 | sem rompimento confirmado -10.75 | sem continuidade -0.00 | hard-gate DNA incompleto | score 51 < 72;24;51;16;57;8.0;-6.0;NOVA_CAMPANHA;False;;0.0;False
estados;estados_c7_dna_fluxo_v5_2.csv;;177;2026-07-19 20:17:40;28794.75;3.25;3.0;-49;1;35.0;85.0;-50;11.0;11.0;0;0.4186046511627907;2.388888888888889;-0.4028684231729917;0.0535790827261037;-0.4385964912280701;0.4921755739541739;-5.0;28804.25;28789.0;-9.5;-5.75;4.25;25.30013697526388;0;0.9777777777777776;0.9723502304147466;0.9727891156462584;1.0;1.0;2.653061224489796;3.75;FRACO;ALTA;ALTA mantida durante TRANSICAO;12;28799.75;28794.25;28790.5;28792.25;14.0;0.238095238095238;TRANSICAO confirmada em 2026-07-19 20:17:25.474000;FUNDO;28790.5;2026-07-19 20:17:25.474;TRANSICAO;"topos/fundos divergentes: 28794.25->28799.75; 28792.25->28790.50";ALTA;BAIXA;1.0;28830.5;2026-07-19 20:13:09.558000;False;VENDA;38;44;-6.0;34;4;True;True;True;False;False;False;True;False;4;aceleracao | rompimento | continuidade;False;3;delta30 | saldo30 | vel15 | rompimento;False;4;aceleracao | rompimento | continuidade;spread sem bônus | delta30 favorável 49.0 | saldo agressor30 50.0 | razão fluxo 2.39 | vel15 0.4029 | desloc15 5.00 | ticks/s 25.30 | estrutura confirmada contrária -6;aceleração insuficiente -0.4922 | sem rompimento confirmado -5.75 | sem continuidade -4.25 | hard-gate DNA incompleto | lados próximos: diferença 4 | score 38 < 72;34;38;26;44;8.0;-6.0;NOVA_CAMPANHA;False;;0.0;False
estados;estados_c7_dna_fluxo_v5_2.csv;;178;2026-07-19 20:17:51;28798.25;3.0;1.0;1;-2;20.0;20.0;0;5.0;6.0;-1;1.0;1.0;0.520343762588962;0.495049504950495;0.7650719167601754;-0.2700224118096803;7.75;28799.75;28790.5;-1.5;-7.75;0.75;26.386464348059626;0;0.9859154929577464;0.96875;0.9814814814814816;1.0;1.0;2.5694444444444446;3.25;FRACO;ALTA;"ALTA mantida; estrutura bruta alinhada";12;28798.0;28794.75;28795.25;28791.75;10.75;0.0462962962962962;ALTA confirmada em 2026-07-19 20:17:35.696000;FUNDO;28795.25;2026-07-19 20:17:35.696;ALTA;topo 28798.00>28794.75 e fundo 28795.25>28791.75;ALTA;;0.0;28830.5;2026-07-19 20:13:09.558000;False;COMPRA;39;27;12.0;9;30;False;False;True;False;False;True;True;False;3;delta30 | saldo30 | aceleracao | rompimento;False;3;delta30 | saldo30 | aceleracao | rompimento;False;2;delta30 | saldo30 | vel15 | rompimento | continuidade;spread sem bônus | vel15 0.5203 | desloc15 7.75 | ticks/s 26.39 | continuidade 0.75 | estrutura confirmada alinhada +8 | estrutura local alinhada +4;delta30 insuficiente 1.0 | saldo30 insuficiente 0.0 | aceleração insuficiente -0.2700 | sem rompimento confirmado -1.50 | hard-gate DNA incompleto | score 39 < 72;39;9;27;15;12.0;-6.0;NOVA_CAMPANHA;False;;0.0;False
estados;estados_c7_dna_fluxo_v5_2.csv;;179;2026-07-19 20:18:03;28796.25;3.25;0.3333333333333333;7;5;22.0;14.0;8;7.0;1.0;6;1.5333333333333334;0.6521739130434783;-0.1076194575979337;-3.048780487804878;-0.3888024883359253;-2.6599779994689525;-1.25;28798.25;28790.5;-2.0;-5.75;-2.0;19.974171330176496;0;0.967741935483871;0.9774011299435028;1.0;1.0;1.0;2.700980392156863;3.75;FRACO;ALTA;"ALTA mantida; estrutura bruta alinhada";12;28799.0;28798.25;28796.25;28795.25;9.25;0.1602209944751381;ALTA confirmada em 2026-07-19 20:17:51.022000;TOPO;28799.0;2026-07-19 20:17:51.022;ALTA;topo 28799.00>28798.25 e fundo 28796.25>28795.25;ALTA;;0.0;28830.5;2026-07-19 20:13:09.558000;False;VENDA;33;39;-6.0;26;7;False;False;True;True;False;True;True;False;4;delta30 | saldo30 | rompimento;False;1;delta30 | saldo30 | vel15 | aceleracao | rompimento | continuidade;False;4;delta30 | saldo30 | rompimento;spread sem bônus | vel15 0.1076 | vel5 acelerando 3.0488 | aceleração 2.6600 | desloc15 1.25 | ticks/s 19.97 | continuidade 2.00 | estrutura confirmada contrária -6;delta30 insuficiente -7.0 | saldo30 insuficiente -8.0 | sem rompimento confirmado -5.75 | hard-gate DNA incompleto | lados próximos: diferença 7 | score 33 < 72;26;33;14;39;12.0;-6.0;NOVA_CAMPANHA;False;;0.0;False
estados;estados_c7_dna_fluxo_v5_2.csv;;180;2026-07-19 20:18:15;28792.0;3.25;1.0;4;0;20.0;15.0;5;8.0;8.0;0;1.3125;0.7619047619047619;-0.5886230928611791;-1.7338534893801474;0.0;-1.7338534893801474;-6.25;28800.0;28791.75;-8.0;-0.25;0.0;25.145978527029573;0;0.9803921568627452;0.9787234042553192;1.0;1.0;1.0;2.725;3.75;FRACO;ALTA;ALTA mantida durante TRANSICAO;12;28800.0;28799.0;28793.25;28796.25;9.5;0.1397849462365591;TRANSICAO confirmada em 2026-07-19 20:17:57.984000;FUNDO;28793.25;2026-07-19 20:17:57.984;TRANSICAO;"topos/fundos divergentes: 28799.00->28800.00; 28796.25->28793.25";ALTA;;0.0;28830.5;2026-07-19 20:13:09.558000;False;VENDA;23;29;-6.0;17;6;False;False;True;True;False;False;True;False;3;delta30 | saldo30 | rompimento | continuidade;False;1;delta30 | saldo30 | vel15 | aceleracao | rompimento | continuidade;False;3;delta30 | saldo30 | rompimento | continuidade;spread sem bônus | vel15 0.5886 | vel5 acelerando 1.7339 | aceleração 1.7339 | desloc15 6.25 | ticks/s 25.15 | estrutura confirmada contrária -6;delta30 insuficiente -4.0 | saldo30 insuficiente -5.0 | sem rompimento confirmado -0.25 | sem continuidade -0.00 | hard-gate DNA incompleto | lados próximos: diferença 6 | score 23 < 72;17;23;9;29;8.0;-6.0;NOVA_CAMPANHA;False;;0.0;False
estados;estados_c7_dna_fluxo_v5_2.csv;;181;2026-07-19 20:18:27;28798.25;2.25;0.25;1;2;15.0;13.0;2;5.0;4.0;1;1.1428571428571428;0.875;0.4430110575559965;0.6585879873551106;0.5885122410546139;0.0700757463004967;6.25;28800.0;28792.0;-1.75;-6.25;1.25;18.21661468670258;0;0.9698492462311558;0.9888888888888888;0.9743589743589745;0.9285714285714286;1.0;2.551282051282051;3.25;FRACO;ALTA;ALTA mantida durante TRANSICAO;12;28800.0;28800.0;28792.0;28793.25;8.25;0.1242603550295858;TRANSICAO confirmada em 2026-07-19 20:18:15.579000;TOPO;28800.0;2026-07-19 20:18:15.579;TRANSICAO;"topos/fundos divergentes: 28800.00->28800.00; 28793.25->28792.00";ALTA;;0.0;28830.5;2026-07-19 20:13:09.558000;False;COMPRA;57;49;8.0;0;57;False;False;True;True;False;True;True;False;4;delta30 | saldo30 | rompimento;False;4;delta30 | saldo30 | rompimento;False;1;delta30 | saldo30 | vel15 | aceleracao | rompimento | continuidade;spread sem bônus | saldo10 favorável 1.0 | razão fluxo 1.14 | vel15 0.4430 | vel5 acelerando 0.6586 | aceleração 0.0701 | desloc15 6.25 | ticks/s 18.22 | continuidade 1.25 | estrutura confirmada alinhada +8;delta30 insuficiente 1.0 | saldo30 insuficiente 2.0 | sem rompimento confirmado -1.75 | hard-gate DNA incompleto | score 57 < 72;57;0;49;4;8.0;-6.0;NOVA_CAMPANHA;False;;0.0;False
estados;estados_c7_dna_fluxo_v5_2.csv;;182;2026-07-19 20:18:39;28803.0;2.75;0.5;-6;-3;12.0;17.0;-5;2.0;6.0;-4;0.7222222222222222;1.3846153846153846;0.4655493482309125;2.102803738317757;0.6251645169781521;1.4776392213396048;6.0;28801.75;28792.0;1.25;-11.0;2.25;26.458721291123528;0;0.971291866028708;0.9878048780487804;0.9743589743589745;1.0;1.0;2.493589743589744;3.25;FRACO;ALTA;ALTA mantida durante TRANSICAO;12;28800.0;28800.0;28792.0;28793.25;8.25;0.1242603550295858;TRANSICAO confirmada em 2026-07-19 20:18:15.579000;TOPO;28800.0;2026-07-19 20:18:15.579;TRANSICAO;"topos/fundos divergentes: 28800.00->28800.00; 28793.25->28792.00";ALTA;;0.0;28830.5;2026-07-19 20:13:09.558000;False;COMPRA;67;59;8.0;8;59;False;False;True;True;True;True;True;False;5;delta30 | saldo30;False;5;delta30 | saldo30;False;1;delta30 | saldo30 | vel15 | aceleracao | rompimento | continuidade;spread sem bônus | vel15 0.4655 | vel5 acelerando 2.1028 | aceleração 1.4776 | desloc15 6.00 | ticks/s 26.46 | rompimento 1.25 | continuidade 2.25 | estrutura confirmada alinhada +8;delta30 insuficiente -6.0 | saldo30 insuficiente -5.0 | hard-gate DNA incompleto | score 67 < 72;67;8;59;14;8.0;-6.0;NOVA_CAMPANHA;False;;0.0;False
estados;estados_c7_dna_fluxo_v5_2.csv;;183;2026-07-19 20:18:51;28802.75;2.5;1.0;0;1;13.0;14.0;-1;6.0;4.0;2;0.9333333333333332;1.0714285714285714;0.1540950766623006;0.1845018450184501;0.7029524000803374;-0.5184505550618872;2.0;28805.5;28795.75;-2.75;-7.0;0.25;29.894444872486325;0;0.968421052631579;0.9866666666666668;0.9736842105263158;1.0;1.0;2.5197368421052637;3.0;FRACO;ALTA;ALTA mantida durante TRANSICAO;12;28805.5;28800.0;28792.0;28793.25;13.75;0.3072625698324022;TRANSICAO confirmada em 2026-07-19 20:18:30.084000;TOPO;28805.5;2026-07-19 20:18:30.084;TRANSICAO;"topos/fundos divergentes: 28800.00->28805.50; 28793.25->28792.00";ALTA;;0.0;28830.5;2026-07-19 20:13:09.558000;False;COMPRA;46;38;8.0;4;42;False;False;True;False;False;True;True;False;3;delta30 | saldo30 | aceleracao | rompimento;False;3;delta30 | saldo30 | aceleracao | rompimento;False;2;delta30 | saldo30 | vel15 | rompimento | continuidade;spread sem bônus | saldo10 favorável 2.0 | vel15 0.1541 | vel5 acelerando 0.1845 | desloc15 2.00 | ticks/s 29.89 | continuidade 0.25 | estrutura confirmada alinhada +8;delta30 insuficiente 0.0 | saldo30 insuficiente -1.0 | aceleração insuficiente -0.5185 | sem rompimento confirmado -2.75 | hard-gate DNA incompleto | score 46 < 72;46;4;38;10;8.0;-6.0;NOVA_CAMPANHA;False;;0.0;False
estados;estados_c7_dna_fluxo_v5_2.csv;;184;2026-07-19 20:19:02;28801.0;2.0;2.0;-1;-4;9.0;10.0;-1;2.0;5.0;-3;0.9090909090909092;1.1;-0.15220700152207;-0.4096122337520481;0.1845018450184501;-0.5941140787704983;-1.5;28805.5;28798.25;-4.5;-2.75;0.0;20.09132420091324;0;0.9719101123595506;0.971830985915493;0.9666666666666668;0.9166666666666666;0.8333333333333334;2.425;3.0;FRACO;ALTA;ALTA mantida durante TRANSICAO;12;28805.5;28800.0;28792.0;28793.25;13.75;0.3072625698324022;TRANSICAO confirmada em 2026-07-19 20:18:30.084000;TOPO;28805.5;2026-07-19 20:18:30.084;TRANSICAO;"topos/fundos divergentes: 28800.00->28805.50; 28793.25->28792.00";ALTA;;0.0;28830.5;2026-07-19 20:13:09.558000;False;VENDA;33;39;-6.0;12;21;False;False;True;True;False;False;True;False;3;delta30 | saldo30 | rompimento | continuidade;False;1;delta30 | saldo30 | vel15 | aceleracao | rompimento | continuidade;False;3;delta30 | saldo30 | rompimento | continuidade;spread sem bônus | saldo10 favorável 3.0 | razão fluxo 1.10 | vel15 0.1522 | vel5 acelerando 0.4096 | aceleração 0.5941 | desloc15 1.50 | ticks/s 20.09 | estrutura confirmada contrária -6;delta30 insuficiente 1.0 | saldo30 insuficiente 1.0 | sem rompimento confirmado -2.75 | sem continuidade -0.00 | hard-gate DNA incompleto | score 33 < 72;12;33;4;39;8.0;-6.0;NOVA_CAMPANHA;False;;0.0;False
estados;estados_c7_dna_fluxo_v5_2.csv;;185;2026-07-19 20:19:14;28803.5;2.75;0.5;-6;-1;5.0;10.0;-5;3.0;5.0;-2;0.5454545454545454;1.8333333333333333;0.1705553281484513;0.0;0.3863987635239567;-0.3863987635239567;2.5;28804.5;28801.0;-1.0;-2.5;0.0;10.642652476463365;0;0.9786096256684492;0.9629629629629628;0.9523809523809524;1.0;1.0;2.321428571428572;3.0;FRACO;ALTA;"ALTA mantida; estrutura bruta alinhada";12;28805.5;28800.0;28801.0;28792.0;13.5;0.0697674418604651;ALTA confirmada em 2026-07-19 20:18:47.084000;FUNDO;28801.0;2026-07-19 20:18:47.084;ALTA;topo 28805.50>28800.00 e fundo 28801.00>28792.00;ALTA;;0.0;28830.5;2026-07-19 20:13:09.558000;False;COMPRA;29;17;12.0;14;15;False;False;True;False;False;False;True;False;2;delta30 | saldo30 | aceleracao | rompimento | continuidade;False;2;delta30 | saldo30 | aceleracao | rompimento | continuidade;False;2;delta30 | saldo30 | vel15 | rompimento | continuidade;spread sem bônus | vel15 0.1706 | desloc15 2.50 | ticks/s 10.64 | estrutura confirmada alinhada +8 | estrutura local alinhada +4;delta30 insuficiente -6.0 | saldo30 insuficiente -5.0 | aceleração insuficiente -0.3864 | sem rompimento confirmado -1.00 | sem continuidade 0.00 | hard-gate DNA incompleto | score 29 < 72;29;14;17;20;12.0;-6.0;NOVA_CAMPANHA;False;;0.0;False
estados;estados_c7_dna_fluxo_v5_2.csv;;187;2026-07-19 20:19:38;28799.25;2.5;1.0;-14;-6;3.0;19.0;-16;0.0;7.0;-7;0.2;5.0;0.2028809089064719;0.0;0.0631632137443153;-0.0631632137443153;2.0;28803.5;28795.75;-4.25;-3.5;0.0;22.418340434165145;0;0.9871794871794872;0.9649122807017544;0.9629629629629628;1.0;1.0;2.2962962962962963;2.75;FRACO;ALTA;"ALTA mantida; candidata BAIXA 1/2; rompeu_invalidação=True";12;28804.5;28805.5;28795.75;28801.0;13.5;0.0505050505050505;BAIXA confirmada em 2026-07-19 20:19:16.518000;FUNDO;28795.75;2026-07-19 20:19:16.518;BAIXA;topo 28804.50<28805.50 e fundo 28795.75<28801.00;ALTA;BAIXA;1.0;28830.5;2026-07-19 20:13:09.558000;False;VENDA;28;30;-2.0;25;3;False;True;False;True;False;False;True;False;3;delta30 | vel15 | rompimento | continuidade;False;2;delta30 | saldo30 | aceleracao | rompimento | continuidade;False;3;delta30 | vel15 | rompimento | continuidade;spread sem bônus | saldo agressor30 16.0 | saldo10 favorável 7.0 | razão fluxo 5.00 | aceleração 0.0632 | ticks/s 22.42 | estrutura confirmada contrária -6 | estrutura local alinhada +4;delta30 insuficiente 14.0 | vel15 insuficiente -0.2029 | sem rompimento confirmado -3.50 | sem continuidade -0.00 | hard-gate DNA incompleto | lados próximos: diferença 3 | score 28 < 72;25;28;17;30;8.0;-2.0;NOVA_CAMPANHA;False;;0.0;False
estados;estados_c7_dna_fluxo_v5_2.csv;;188;2026-07-19 20:19:50;28800.0;3.0;1.0;-1;5;10.0;10.0;0;7.0;3.0;4;1.0;1.0;0.0655307994757536;-0.3271537622682661;0.1355258402602096;-0.4626796025284757;0.75;28801.5;28795.75;-1.5;-4.25;1.25;32.94014853647881;0;0.9859154929577464;0.9655172413793104;1.0;1.0;1.0;2.6724137931034484;3.75;FRACO;ALTA;ALTA mantida durante TRANSICAO;12;28801.5;28804.5;28798.0;28795.75;13.5;0.0185185185185185;TRANSICAO confirmada em 2026-07-19 20:19:35.342000;FUNDO;28798.0;2026-07-19 20:19:35.342;TRANSICAO;"topos/fundos divergentes: 28804.50->28801.50; 28795.75->28798.00";ALTA;BAIXA;1.0;28830.5;2026-07-19 20:13:09.558000;False;COMPRA;40;32;8.0;10;30;False;False;True;False;False;True;True;False;3;delta30 | saldo30 | aceleracao | rompimento;False;3;delta30 | saldo30 | aceleracao | rompimento;False;2;delta30 | saldo30 | vel15 | rompimento | continuidade;spread sem bônus | saldo10 favorável 4.0 | vel15 0.0655 | desloc15 0.75 | ticks/s 32.94 | continuidade 1.25 | estrutura confirmada alinhada +8;delta30 insuficiente -1.0 | saldo30 insuficiente 0.0 | aceleração insuficiente -0.4627 | sem rompimento confirmado -1.50 | hard-gate DNA incompleto | score 40 < 72;40;10;32;16;8.0;-6.0;NOVA_CAMPANHA;False;;0.0;False
estados;estados_c7_dna_fluxo_v5_2.csv;;189;2026-07-19 20:20:01;28801.25;3.0;1.0;3;3;8.0;6.0;2;5.0;1.0;4;1.2857142857142858;0.7777777777777778;-0.0174337517433751;-0.7939308398023994;-0.3271537622682661;-0.4667770775341333;-0.25;28803.5;28797.5;-2.25;-3.75;0.0;33.751743375174335;0;0.971830985915493;0.9807692307692308;1.0;1.0;1.0;2.8043478260869565;3.75;FRACO;ALTA;"ALTA mantida; estrutura bruta alinhada";12;28803.5;28801.5;28798.0;28795.75;13.5;0.1277533039647577;ALTA confirmada em 2026-07-19 20:19:44.556000;TOPO;28803.5;2026-07-19 20:19:44.556;ALTA;topo 28803.50>28801.50 e fundo 28798.00>28795.75;ALTA;;0.0;28830.5;2026-07-19 20:13:09.558000;False;COMPRA;26;14;12.0;10;16;False;False;False;False;False;False;True;False;1;delta30 | saldo30 | vel15 | aceleracao | rompimento | continuidade;False;1;delta30 | saldo30 | vel15 | aceleracao | rompimento | continuidade;False;2;delta30 | saldo30 | vel15 | rompimento | continuidade;spread sem bônus | saldo10 favorável 4.0 | razão fluxo 1.29 | ticks/s 33.75 | estrutura confirmada alinhada +8 | estrutura local alinhada +4;delta30 insuficiente 3.0 | saldo30 insuficiente 2.0 | vel15 insuficiente -0.0174 | aceleração insuficiente -0.4668 | sem rompimento confirmado -2.25 | sem continuidade 0.00 | hard-gate DNA incompleto | score 26 < 72;26;10;14;16;12.0;-6.0;NOVA_CAMPANHA;False;;0.0;False
estados;estados_c7_dna_fluxo_v5_2.csv;;190;2026-07-19 20:20:13;28798.5;3.0;1.0;-1;-4;8.0;8.0;0;0.0;5.0;-5;1.0;1.0;-0.1970478647176841;-5.9523809523809526;-0.1711156741957563;-5.781265278185196;-2.75;28803.5;28798.0;-5.0;-0.5;-1.75;20.5646316996274;0;0.9615384615384616;0.9814814814814816;1.0;1.0;1.0;2.9;3.75;FRACO;ALTA;"ALTA mantida; estrutura bruta alinhada";12;28803.5;28801.5;28798.0;28795.75;13.5;0.1277533039647577;ALTA confirmada em 2026-07-19 20:19:44.556000;TOPO;28803.5;2026-07-19 20:19:44.556;ALTA;topo 28803.50>28801.50 e fundo 28798.00>28795.75;ALTA;;0.0;28830.5;2026-07-19 20:13:09.558000;False;VENDA;38;44;-6.0;16;22;False;False;True;True;False;True;True;False;4;delta30 | saldo30 | rompimento;False;1;delta30 | saldo30 | vel15 | aceleracao | rompimento | continuidade;False;4;delta30 | saldo30 | rompimento;spread sem bônus | saldo10 favorável 5.0 | vel15 0.1970 | vel5 acelerando 5.9524 | aceleração 5.7813 | desloc15 2.75 | ticks/s 20.56 | continuidade 1.75 | estrutura confirmada contrária -6;delta30 insuficiente 1.0 | saldo30 insuficiente -0.0 | sem rompimento confirmado -0.50 | hard-gate DNA incompleto | score 38 < 72;16;38;4;44;12.0;-6.0;NOVA_CAMPANHA;False;;0.0;False
estados;estados_c7_dna_fluxo_v5_2.csv;;191;2026-07-19 20:20:25;28800.5;3.0;2.0;-3;-4;7.0;9.0;-2;2.0;7.0;-5;0.8;1.25;0.0;0.4007212983370066;-0.0530335171828595;0.4537548155198662;0.0;28803.5;28798.5;-3.0;-2.0;0.25;21.080187379443373;0;0.9523809523809524;1.0;1.0;1.0;1.0;2.8260869565217392;3.75;FRACO;ALTA;"ALTA mantida; estrutura bruta alinhada";12;28803.5;28801.5;28798.5;28798.0;13.5;0.0258620689655172;ALTA confirmada em 2026-07-19 20:20:01.241000;FUNDO;28798.5;2026-07-19 20:20:01.241;ALTA;topo 28803.50>28801.50 e fundo 28798.50>28798.00;ALTA;;0.0;28830.5;2026-07-19 20:13:09.558000;False;COMPRA;38;26;12.0;8;30;False;False;False;True;False;True;True;False;3;delta30 | saldo30 | vel15 | rompimento;False;3;delta30 | saldo30 | vel15 | rompimento;False;1;delta30 | saldo30 | vel15 | aceleracao | rompimento | continuidade;spread sem bônus | vel5 acelerando 0.4007 | aceleração 0.4538 | ticks/s 21.08 | continuidade 0.25 | estrutura confirmada alinhada +8 | estrutura local alinhada +4;delta30 insuficiente -3.0 | saldo30 insuficiente -2.0 | vel15 insuficiente 0.0000 | sem rompimento confirmado -3.00 | hard-gate DNA incompleto | score 38 < 72;38;8;26;14;12.0;-6.0;NOVA_CAMPANHA;False;;0.0;False
estados;estados_c7_dna_fluxo_v5_2.csv;;192;2026-07-19 20:20:37;28791.25;2.5;1.0;-18;-15;8.0;27.0;-19;6.0;20.0;-14;0.3214285714285714;3.111111111111111;-1.0625110678236231;-0.1888693024427096;-3.3444816053511706;3.155612302908461;-6.0;28800.75;28792.0;-9.5;0.75;0.0;39.84416504338586;0;0.9655172413793104;0.9705882352941176;0.9555555555555556;0.9393939393939394;0.92;2.6277777777777778;3.0;FRACO;ALTA;"ALTA mantida; candidata BAIXA 1/2; rompeu_invalidação=True";12;28795.25;28800.75;28788.75;28792.75;16.75;0.3004484304932735;BAIXA confirmada em 2026-07-19 20:20:23.444000;FUNDO;28788.75;2026-07-19 20:20:23.444;BAIXA;topo 28795.25<28800.75 e fundo 28788.75<28792.75;ALTA;BAIXA;1.0;28830.5;2026-07-19 20:13:09.558000;False;VENDA;63;65;-2.0;18;45;False;True;True;False;True;False;True;False;4;delta30 | aceleracao | continuidade;False;2;delta30 | saldo30 | vel15 | rompimento | continuidade;False;4;delta30 | aceleracao | continuidade;spread sem bônus | delta10 crescente 15.0 | saldo agressor30 19.0 | saldo10 favorável 14.0 | razão fluxo 3.11 | vel15 1.0625 | desloc15 6.00 | ticks/s 39.84 | rompimento 0.75 | estrutura confirmada contrária -6 | estrutura local alinhada +4;delta30 insuficiente 18.0 | aceleração insuficiente -3.1556 | sem continuidade -0.00 | hard-gate DNA incompleto | score 63 < 72;18;63;10;65;8.0;-2.0;NOVA_CAMPANHA;False;;0.0;False
estados;estados_c7_dna_fluxo_v5_2.csv;;193;2026-07-19 20:20:48;28793.0;2.75;1.0;-10;11;22.0;31.0;-9;14.0;4.0;10;0.71875;1.391304347826087;0.124830587060418;0.278955590270029;0.0959201943982606;0.1830353958717683;1.75;28797.25;28787.75;-4.25;-5.25;2.5;30.10200442256937;0;0.9622641509433962;0.9545454545454546;0.9384615384615383;0.94;1.0;2.646153846153846;3.25;FRACO;ALTA;"ALTA mantida; estrutura bruta alinhada";12;28792.75;28791.25;28790.5;28787.75;15.75;0.2365591397849462;ALTA confirmada em 2026-07-19 20:20:36.243000;FUNDO;28790.5;2026-07-19 20:20:36.243;ALTA;topo 28792.75>28791.25 e fundo 28790.50>28787.75;ALTA;;0.0;28830.5;2026-07-19 20:13:09.558000;False;COMPRA;64;52;12.0;3;61;False;False;True;True;False;True;True;False;4;delta30 | saldo30 | rompimento;False;4;delta30 | saldo30 | rompimento;False;1;delta30 | saldo30 | vel15 | aceleracao | rompimento | continuidade;spread sem bônus | delta10 crescente 11.0 | saldo10 favorável 10.0 | vel15 0.1248 | vel5 acelerando 0.2790 | aceleração 0.1830 | desloc15 1.75 | ticks/s 30.10 | continuidade 2.50 | estrutura confirmada alinhada +8 | estrutura local alinhada +4;delta30 insuficiente -10.0 | saldo30 insuficiente -9.0 | sem rompimento confirmado -4.25 | hard-gate DNA incompleto | score 64 < 72;64;3;52;9;12.0;-6.0;NOVA_CAMPANHA;False;;0.0;False
estados;estados_c7_dna_fluxo_v5_2.csv;;194;2026-07-19 20:21:00;28790.0;2.75;1.0;-6;0;23.0;29.0;-6;2.0;1.0;1;0.8;1.25;-0.0340529864469114;-1.2357884330202669;0.5222180022787695;-1.7580064352990363;-0.5;28795.25;28787.75;-5.25;-2.25;-2.5;19.410202274739493;0;0.9807692307692308;0.9529411764705882;0.9393939393939394;1.0;1.0;2.6666666666666665;3.25;FRACO;ALTA;"ALTA mantida; estrutura bruta alinhada";12;28793.25;28792.75;28790.5;28787.75;15.75;0.1038251366120218;ALTA confirmada em 2026-07-19 20:20:39.441000;TOPO;28793.25;2026-07-19 20:20:39.441;ALTA;topo 28793.25>28792.75 e fundo 28790.50>28787.75;ALTA;;0.0;28830.5;2026-07-19 20:13:09.558000;False;VENDA;38;44;-6.0;21;17;False;False;True;True;False;True;True;False;4;delta30 | saldo30 | rompimento;False;1;delta30 | saldo30 | vel15 | aceleracao | rompimento | continuidade;False;4;delta30 | saldo30 | rompimento;spread sem bônus | razão fluxo 1.25 | vel15 0.0341 | vel5 acelerando 1.2358 | aceleração 1.7580 | desloc15 0.50 | ticks/s 19.41 | continuidade 2.50 | estrutura confirmada contrária -6;delta30 insuficiente 6.0 | saldo30 insuficiente 6.0 | sem rompimento confirmado -2.25 | hard-gate DNA incompleto | score 38 < 72;21;38;9;44;12.0;-6.0;NOVA_CAMPANHA;False;;0.0;False
estados;estados_c7_dna_fluxo_v5_2.csv;;195;2026-07-19 20:21:12;28794.5;2.75;1.0;16;3;20.0;4.0;16;4.0;0.0;4;4.2;0.238095238095238;0.1569365976145637;0.0;-0.1554001554001554;0.1554001554001554;2.0;28793.25;28790.0;1.25;-4.5;0.0;25.109855618330197;0;0.9791666666666666;0.945054945054945;0.9142857142857144;0.9166666666666666;1.0;2.557142857142857;3.25;FRACO;ALTA;ALTA mantida durante TRANSICAO;12;28793.25;28792.75;28790.0;28790.5;15.75;0.3103448275862069;TRANSICAO confirmada em 2026-07-19 20:20:48.858000;FUNDO;28790.0;2026-07-19 20:20:48.858;TRANSICAO;"topos/fundos divergentes: 28792.75->28793.25; 28790.50->28790.00";ALTA;;0.0;28830.5;2026-07-19 20:13:09.558000;False;COMPRA;71;63;8.0;0;71;False;True;True;True;True;False;True;False;5;delta30 | continuidade;False;5;delta30 | continuidade;False;1;delta30 | saldo30 | vel15 | aceleracao | rompimento | continuidade;spread sem bônus | saldo agressor30 16.0 | saldo10 favorável 4.0 | razão fluxo 4.20 | vel15 0.1569 | aceleração 0.1554 | desloc15 2.00 | ticks/s 25.11 | rompimento 1.25 | estrutura confirmada alinhada +8;delta30 insuficiente 16.0 | sem continuidade 0.00 | hard-gate DNA incompleto | score 71 < 72;71;0;63;4;8.0;-6.0;NOVA_CAMPANHA;False;;0.0;False
estados;estados_c7_dna_fluxo_v5_2.csv;;196;2026-07-19 20:21:24;28795.0;2.75;1.0;9;1;12.0;2.0;10;2.0;1.0;1;4.333333333333333;0.2307692307692307;0.3436898542755018;0.1348435814455232;0.3289473684210526;-0.1941037869755294;5.0;28794.5;28790.0;0.5;-5.0;-1.75;29.69480340940336;0;0.9803921568627452;0.9438202247191012;0.9615384615384616;0.9285714285714286;1.0;2.548076923076923;3.0;FRACO;ALTA;ALTA mantida durante TRANSICAO;12;28796.75;28793.25;28790.0;28790.5;13.0;0.0386740331491712;TRANSICAO confirmada em 2026-07-19 20:21:02.077000;TOPO;28796.75;2026-07-19 20:21:02.077;TRANSICAO;"topos/fundos divergentes: 28793.25->28796.75; 28790.50->28790.00";ALTA;;0.0;28830.5;2026-07-19 20:13:09.558000;False;COMPRA;65;57;8.0;14;51;False;True;True;False;True;False;True;False;4;delta30 | aceleracao | continuidade;False;4;delta30 | aceleracao | continuidade;False;3;delta30 | saldo30 | vel15 | rompimento;spread sem bônus | saldo agressor30 10.0 | saldo10 favorável 1.0 | razão fluxo 4.33 | vel15 0.3437 | desloc15 5.00 | ticks/s 29.69 | rompimento 0.50 | estrutura confirmada alinhada +8;delta30 insuficiente 9.0 | aceleração insuficiente -0.1941 | sem continuidade -1.75 | hard-gate DNA incompleto | score 65 < 72;65;14;57;20;8.0;-6.0;NOVA_CAMPANHA;False;;0.0;False
estados;estados_c7_dna_fluxo_v5_2.csv;;197;2026-07-19 20:21:36;28791.5;2.75;3.0;1;2;12.0;10.0;2;10.0;9.0;1;1.181818181818182;0.8461538461538461;-0.0290056851142824;1.0973936899862826;-0.6651884700665189;1.7625821600528015;-0.25;28796.75;28787.5;-5.25;-4.0;-4.25;49.65773291565147;0;0.9692307692307692;0.9333333333333332;0.9285714285714286;0.9090909090909092;0.9285714285714286;2.4732142857142856;3.0;FRACO;ALTA;"ALTA mantida; candidata BAIXA 1/2; rompeu_invalidação=True";12;28795.75;28796.75;28787.5;28790.0;9.25;0.0571428571428571;BAIXA confirmada em 2026-07-19 20:21:22.677000;TOPO;28795.75;2026-07-19 20:21:22.677;BAIXA;topo 28795.75<28796.75 e fundo 28787.50<28790.00;ALTA;BAIXA;1.0;28830.5;2026-07-19 20:13:09.558000;False;COMPRA;34;26;8.0;20;14;False;False;False;True;False;False;True;False;2;delta30 | saldo30 | vel15 | rompimento | continuidade;False;2;delta30 | saldo30 | vel15 | rompimento | continuidade;False;3;delta30 | saldo30 | aceleracao | rompimento;spread sem bônus | saldo10 favorável 1.0 | razão fluxo 1.18 | vel5 acelerando 1.0974 | aceleração 1.7626 | ticks/s 49.66 | estrutura confirmada alinhada +8;delta30 insuficiente 1.0 | saldo30 insuficiente 2.0 | vel15 insuficiente -0.0290 | sem rompimento confirmado -5.25 | sem continuidade -4.25 | hard-gate DNA incompleto | score 34 < 72;34;20;26;22;8.0;-2.0;NOVA_CAMPANHA;False;;0.0;False
estados;estados_c7_dna_fluxo_v5_2.csv;;198;2026-07-19 20:21:47;28790.75;2.75;2.0;-1;2;12.0;12.0;0;10.0;9.0;1;1.0;1.0;-0.0957579239682083;-0.1109385400488129;-0.8412509897070468;0.7303124496582338;-1.0;28796.75;28787.5;-6.0;-3.25;-0.75;42.89954993775735;0;0.9705882352941176;0.9324324324324323;0.9333333333333332;0.9166666666666666;0.9285714285714286;2.4916666666666667;3.0;FRACO;ALTA;"ALTA mantida; candidata BAIXA 1/2; rompeu_invalidação=True";12;28795.75;28796.75;28787.5;28790.0;9.25;0.0571428571428571;BAIXA confirmada em 2026-07-19 20:21:22.677000;TOPO;28795.75;2026-07-19 20:21:22.677;BAIXA;topo 28795.75<28796.75 e fundo 28787.50<28790.00;ALTA;BAIXA;1.0;28830.5;2026-07-19 20:13:09.558000;False;VENDA;31;33;-2.0;23;8;False;False;True;False;False;True;True;False;3;delta30 | saldo30 | aceleracao | rompimento;False;2;delta30 | saldo30 | vel15 | rompimento | continuidade;False;3;delta30 | saldo30 | aceleracao | rompimento;spread sem bônus | vel15 0.0958 | vel5 acelerando 0.1109 | desloc15 1.00 | ticks/s 42.90 | continuidade 0.75 | estrutura confirmada contrária -6 | estrutura local alinhada +4;delta30 insuficiente 1.0 | saldo30 insuficiente -0.0 | aceleração insuficiente -0.7303 | sem rompimento confirmado -3.25 | hard-gate DNA incompleto | lados próximos: diferença 8 | score 31 < 72;23;31;15;33;8.0;-2.0;NOVA_CAMPANHA;False;;0.0;False
estados;estados_c7_dna_fluxo_v5_2.csv;;199;2026-07-19 20:21:59;28793.5;2.25;1.0;6;3;15.0;10.0;5;5.0;1.0;4;1.4545454545454546;0.6875;1.171875;1.171875;0.0;1.171875;2.25;28795.75;28787.5;-2.25;-6.0;2.25;36.458333333333336;0;0.9518072289156626;0.94;0.935483870967742;1.0;1.0;2.540322580645161;3.0;FRACO;ALTA;ALTA mantida durante TRANSICAO;12;28793.5;28795.75;28791.25;28790.75;9.25;0.0;TRANSICAO confirmada em 2026-07-19 20:21:45.383000;FUNDO;28791.25;2026-07-19 20:21:45.383;TRANSICAO;"topos/fundos divergentes: 28795.75->28793.50; 28790.75->28791.25";ALTA;BAIXA;1.0;28830.5;2026-07-19 20:13:09.558000;False;COMPRA;51;43;8.0;0;51;False;False;True;True;False;True;True;False;4;delta30 | saldo30 | rompimento;False;4;delta30 | saldo30 | rompimento;False;1;delta30 | saldo30 | vel15 | aceleracao | rompimento | continuidade;spread sem bônus | saldo10 favorável 4.0 | razão fluxo 1.45 | vel15 1.1719 | aceleração 1.1719 | desloc15 2.25 | ticks/s 36.46 | continuidade 2.25 | estrutura confirmada alinhada +8;delta30 insuficiente 6.0 | saldo30 insuficiente 5.0 | sem rompimento confirmado -2.25 | hard-gate DNA incompleto | score 51 < 72;51;0;43;4;8.0;-6.0;NOVA_CAMPANHA;False;;0.0;False
estados;estados_c7_dna_fluxo_v5_2.csv;;200;2026-07-19 20:22:11;28783.75;2.5;1.0;-27;-31;13.0;39.0;-26;8.0;38.0;-30;0.35;2.857142857142857;-0.5215214519157221;-1.7616267364606404;0.3295978905735003;-2.0912246270341406;-7.5;28793.5;28781.0;-9.75;-2.75;0.5;36.92371879563313;0;0.945054945054945;0.978494623655914;1.0;1.0;1.0;2.6115384615384616;3.0;FRACO;ALTA;"ALTA mantida; estrutura bruta alinhada";12;28785.25;28785.0;28782.75;28781.0;15.75;0.2254901960784313;ALTA confirmada em 2026-07-19 20:21:59.342000;TOPO;28785.25;2026-07-19 20:21:59.342;ALTA;topo 28785.25>28785.00 e fundo 28782.75>28781.00;ALTA;;0.0;28830.5;2026-07-19 20:13:09.558000;False;VENDA;63;69;-6.0;26;37;True;True;True;True;False;False;True;False;5;rompimento | continuidade;False;2;delta30 | saldo30 | vel15 | aceleracao | rompimento;False;5;rompimento | continuidade;spread sem bônus | delta30 favorável 27.0 | delta10 crescente 31.0 | saldo agressor30 26.0 | saldo10 favorável 30.0 | razão fluxo 2.86 | vel15 0.5215 | vel5 acelerando 1.7616 | aceleração 2.0912 | desloc15 7.50 | ticks/s 36.92 | estrutura confirmada contrária -6;sem rompimento confirmado -2.75 | sem continuidade -0.50 | hard-gate DNA incompleto | score 63 < 72;26;63;14;69;12.0;-6.0;NOVA_CAMPANHA;False;;0.0;False
estados;estados_c7_dna_fluxo_v5_2.csv;;201;2026-07-19 20:22:22;28790.0;2.75;1.0;-1;26;42.0;42.0;0;29.0;4.0;25;1.0;1.0;-0.1693537461048638;-0.1110617503331852;0.0;-0.1110617503331852;-2.5;28793.5;28781.0;-3.5;-9.0;0.0;52.70288578783362;0;0.9397590361445785;0.9606299212598424;0.970873786407767;0.967032967032967;1.0;2.604368932038835;3.0;FRACO;ALTA;"ALTA mantida; estrutura bruta alinhada";12;28792.5;28785.25;28782.75;28781.0;14.75;0.1020408163265306;ALTA confirmada em 2026-07-19 20:22:03.624000;TOPO;28792.5;2026-07-19 20:22:03.624;ALTA;topo 28792.50>28785.25 e fundo 28782.75>28781.00;ALTA;;0.0;28830.5;2026-07-19 20:13:09.558000;False;COMPRA;29;17;12.0;17;12;False;False;False;False;False;False;True;False;1;delta30 | saldo30 | vel15 | aceleracao | rompimento | continuidade;False;1;delta30 | saldo30 | vel15 | aceleracao | rompimento | continuidade;False;3;delta30 | saldo30 | rompimento | continuidade;spread sem bônus | delta10 crescente 26.0 | saldo10 favorável 25.0 | ticks/s 52.70 | estrutura confirmada alinhada +8 | estrutura local alinhada +4;delta30 insuficiente -1.0 | saldo30 insuficiente 0.0 | vel15 insuficiente -0.1694 | aceleração insuficiente -0.1111 | sem rompimento confirmado -3.50 | sem continuidade 0.00 | hard-gate DNA incompleto | score 29 < 72;29;17;17;23;12.0;-6.0;NOVA_CAMPANHA;False;;0.0;False
estados;estados_c7_dna_fluxo_v5_2.csv;;202;2026-07-19 20:22:34;28791.5;3.0;1.0;-6;1;41.0;46.0;-5;5.0;5.0;0;0.8936170212765957;1.119047619047619;0.1115573404730031;0.6839225589225589;-0.1267427122940431;0.810665271216602;1.5;28792.5;28781.0;-1.0;-10.5;1.5;25.211958946898708;0;0.9418604651162792;0.968;0.97196261682243;1.0;1.0;2.63785046728972;3.25;FRACO;ALTA;"ALTA mantida; estrutura bruta alinhada";12;28792.5;28785.25;28787.0;28782.75;14.75;0.1891891891891892;ALTA confirmada em 2026-07-19 20:22:19.736000;FUNDO;28787.0;2026-07-19 20:22:19.736;ALTA;topo 28792.50>28785.25 e fundo 28787.00>28782.75;ALTA;;0.0;28830.5;2026-07-19 20:13:09.558000;False;COMPRA;51;39;12.0;3;48;False;False;True;True;False;True;True;False;4;delta30 | saldo30 | rompimento;False;4;delta30 | saldo30 | rompimento;False;1;delta30 | saldo30 | vel15 | aceleracao | rompimento | continuidade;spread sem bônus | vel15 0.1116 | vel5 acelerando 0.6839 | aceleração 0.8107 | desloc15 1.50 | ticks/s 25.21 | continuidade 1.50 | estrutura confirmada alinhada +8 | estrutura local alinhada +4;delta30 insuficiente -6.0 | saldo30 insuficiente -5.0 | sem rompimento confirmado -1.00 | hard-gate DNA incompleto | score 51 < 72;51;3;39;9;12.0;-6.0;NOVA_CAMPANHA;False;;0.0;False
