datetime;open;high;low;close;first_price;last_price;state_count;spread_atual_last;imbalance_atual_last;delta30_sum;delta10_sum;compra30_last;venda30_last;saldo30_last;compra10_last;venda10_last;saldo10_last;razao_compra30_last;razao_venda30_last;vel15_last;vel5_last;vel_anterior_last;aceleracao_last;desloc15_last;topo_30s_last;fundo_30s_last;rompimento_compra_last;rompimento_venda_last;continuidade_2s_last;ticks_s_sum;score_spread_last;spread_pct_120_60_last;spread_pct_60_last;spread_pct_30_last;spread_pct_15_last;spread_pct_5_last;spread_medio_30_last;spread_max_30_last;dna_spread_last;qtd_swings_confirmados_sum;ultimo_topo_last;topo_anterior_last;ultimo_fundo_last;fundo_anterior_last;amplitude_swings_last;eficiencia_swings_last;swing_mais_recente_preco_last;confirmacoes_candidata_last;nivel_invalidation_last;aprovado_max;score_last;score_base_dna_last;ajuste_estrutura_last;score_oposto_last;diferenca_score_last;gate_delta30_sum;gate_saldo30_max;gate_vel15_max;gate_aceleracao_max;gate_rompimento_max;gate_continuidade_max;gate_atividade_max;hard_gates_ok_max;qtd_hard_gates_ok_sum;hard_gates_compra_ok_max;qtd_hard_gates_compra_ok_sum;hard_gates_venda_ok_max;qtd_hard_gates_venda_ok_sum;score_compra_last;score_venda_last;score_compra_base_last;score_venda_base_last;ajuste_estrutura_compra_last;ajuste_estrutura_venda_last;campanha_ativa_max;campanha_entradas_last;campanha_pullback_max;ticks_sum;spread_last;imbalance_last;timeframe_min;range;body;body_abs;upper_wick;lower_wick;return_points;direction;start_time;end_time;duration_seconds;date;hour;minute
2026-07-17 17:40:00;28757,75;28764,0;28756,75;28764,0;28757,75;28764,0;22;0,5;3,0;-54;17;68,0;20,0;48;35,0;5,0;30;3,2857142857142856;0,3043478260869565;0,2650176678445229;0,7125407166123778;0,0284026357645989;0,6841380808477788;3,75;28761,0;28757,75;3,0;-6,25;2,5;521,2668395832429;10;0,0;0,0;0,0;0,0;0,0;0,5963855421686747;1,25;FORTE;264;28759,25;28760,0;28756,5;28757,5;6,5;0,0;28759,25;1,0;28758,0;True;100;100;8,0;12;88;4;True;True;True;True;True;True;True;77;True;64;False;55;100;12;100;14;8,0;-2,0;False;0,0;False;521,2668395832429;0,5;3,0;10;7,25;6,25;6,25;0,0;1,0;;1;2026-07-17 17:40:00;2026-07-17 17:50:00;600;2026-07-17;17;40
2026-07-19 19:00:00;28779,25;28811,0;28724,5;28724,5;28779,25;28724,5;34;3,25;2,0;-410;-218;58,0;82,0;-24;10,0;14,0;-4;0,7108433734939759;1,4067796610169492;-0,2557631973809848;-1,529675708749745;0,3915222384631447;-1,9211979472128895;-3,75;28734,75;28725,0;-10,25;0,5;-1,5;3927,620708988246;0;0,988929889298893;0,9307228915662652;0,943661971830986;0,935897435897436;0,9523809523809524;3,0193661971830985;5,25;FRACO;408;28731,25;28734,75;28728,0;28728,5;9,75;0,077720207253886;28731,25;0,0;28731,25;True;100;91;12,0;0;100;16;True;True;True;True;True;True;True;145;False;90;True;126;0;100;4;91;-6,0;12,0;True;1,0;True;3927,620708988246;3,25;2,0;10;86,5;-54,75;54,75;31,75;0,0;-39,5;-1;2026-07-19 19:00:00;2026-07-19 19:10:00;600;2026-07-19;19;0
2026-07-19 19:10:00;28724,25;28767,0;28724,25;28761,5;28724,25;28761,5;8;2,25;2,0;95;55;38,0;72,0;-34;8,0;40,0;-32;0,5342465753424658;1,871794871794872;-0,3988975921090804;-1,4156879194630874;0,0963143701040195;-1,5120022895671068;-5,5;28771,5;28764,0;-10,0;2,5;-5,0;371,97565625912057;0;0,7531380753138075;0,7783505154639175;0,8029197080291971;0,819672131147541;0,8260869565217391;2,4854014598540144;5,5;FRACO;96;28768,5;28769,5;28757,5;28764,5;14,0;0,2474226804123711;28757,5;1,0;28767,5;True;97;99;-2,0;12;85;5;True;True;True;True;True;True;True;38;True;26;True;31;12;97;4;99;8,0;-2,0;True;1,0;True;371,97565625912057;2,25;2,0;10;42,75;37,25;37,25;5,5;0,0;37,0;1;2026-07-19 19:10:00;2026-07-19 19:20:00;600;2026-07-19;19;10
2026-07-19 19:20:00;28799,0;28813,0;28765,0;28765,0;28799,0;28765,0;33;2,0;2,0;93;109;19,0;52,0;-33;4,0;14,0;-10;0,3773584905660377;2,65;-0,835977021349567;-1,713796058269066;-1,2226238571124812;-0,4911722011565849;-9,75;28776,75;28769,0;-11,75;4,0;-4,0;1144,1199184999914;0;0,7857142857142857;0,9637305699481864;0,956989247311828;0,9130434782608696;0,8421052631578947;2,327956989247312;2,75;FRACO;396;28771,0;28775,25;28769,0;28772,0;12,0;0,0854271356783919;28771,0;0,0;28769,0;True;100;99;12,0;0;100;16;True;True;True;True;True;True;True;149;True;109;True;102;0;100;4;99;-6,0;12,0;True;0,0;True;1144,1199184999914;2,0;2,0;10;48,0;-34,0;34,0;14,0;0,0;3,5;-1;2026-07-19 19:20:00;2026-07-19 19:30:00;600;2026-07-19;19;20
2026-07-19 19:30:00;28807,25;28832,5;28807,25;28815,75;28807,25;28815,75;10;0,75;0,5;358;86;26,0;62,0;-36;19,0;45,0;-26;0,4285714285714285;2,333333333333333;-0,7674597083653109;-2,0115867396202125;-0,0671231037723184;-1,9444636358478944;-10,0;28830,5;28821,5;-14,75;5,75;-4,5;574,0895710508972;0;0,9069767441860463;0,9907834101382488;0,97;0,9558823529411764;0,9433962264150944;2,78;4,5;FRACO;120;28826,5;28829,25;28813,0;28823,5;19,5;0,3519553072625698;28813,0;0,0;28826,5;True;100;99;12,0;0;100;7;True;True;True;True;True;True;True;54;False;38;True;29;0;100;4;99;-6,0;12,0;False;0,0;False;574,0895710508972;0,75;0,5;10;25,25;8,5;8,5;16,75;0,0;50,75;1;2026-07-19 19:30:00;2026-07-19 19:40:00;600;2026-07-19;19;30
2026-07-19 19:40:00;28849,0;28849,0;28827,5;28840,75;28849,0;28840,75;10;2,0;1,5;-23;-15;64,0;34,0;30;37,0;6,0;31;1,8571428571428568;0,5384615384615384;0,8131734092295182;2,296504210257719;0,0;2,296504210257719;12,0;28837,0;28825,25;3,75;-15,5;3,75;295,6546460135162;0;0,9700598802395208;0,8939393939393939;0,8956521739130435;0,8333333333333334;0,84375;2,095652173913044;3,0;FRACO;120;28828,75;28828,25;28826,75;28825,25;17,0;0,358974358974359;28826,75;1,0;28830,25;True;97;99;-2,0;12;85;6;True;True;True;True;True;True;True;44;True;31;False;33;97;12;99;4;-2,0;8,0;False;0,0;False;295,6546460135162;2,0;1,5;10;21,5;-8,25;8,25;0,0;13,25;25,0;-1;2026-07-19 19:40:00;2026-07-19 19:50:00;600;2026-07-19;19;40
2026-07-19 19:50:00;28812,25;28816,25;28810,0;28810,0;28812,25;28810,0;4;2,75;13,0;3;7;8,0;37,0;-29;4,0;30,0;-26;0,2368421052631578;4,222222222222222;-0,5912372417226786;-0,5020080321285141;-2,323874755381605;1,8218667232530907;-4,75;28816,25;28810,0;-6,25;0,0;-1,25;80,94087495221738;0;0,8444444444444444;0,8467153284671532;0,9333333333333332;1,0;1,0;2,238888888888889;2,75;FRACO;48;28812,25;28816,25;28810,0;28813,0;8,25;0,0064516129032258;28812,25;0,0;28812,25;False;79;67;12,0;4;75;1;True;True;True;False;True;True;False;16;False;13;False;10;4;79;10;67;-6,0;12,0;False;0,0;False;80,94087495221738;2,75;13,0;10;6,25;-2,25;2,25;4,0;0,0;-30,75;-1;2026-07-19 19:50:00;2026-07-19 20:00:00;600;2026-07-19;19;50
2026-07-19 20:00:00;28810,75;28825,25;28787,75;28815,5;28810,75;28815,5;33;2,5;0,5;-478;-66;36,0;17,0;19;17,0;8,0;9;2,055555555555556;0,4864864864864865;1,2765192376842862;2,003205128205128;1,1475631159713784;0,8556420122337498;17,75;28808,75;28793,25;6,75;-22,25;5,5;1217,9383119040679;0;0,9655172413793104;0,9069767441860463;0,8412698412698413;0,8245614035087719;0,5714285714285714;2,3253968253968256;3,75;FRACO;396;28808,75;28797,0;28805,0;28806,0;15,5;0,203883495145631;28805,0;1,0;28791,75;True;93;99;-6,0;12;81;11;True;True;True;True;True;True;True;133;True;91;False;108;93;12;99;4;-6,0;8,0;False;0,0;False;1217,9383119040679;2,5;0,5;10;37,5;4,75;4,75;9,75;23,0;5,5;1;2026-07-19 20:00:00;2026-07-19 20:10:00;600;2026-07-19;20;0
2026-07-19 20:10:00;28832,5;28832,5;28792,0;28800,0;28832,5;28800,0;32;3,0;1,0;-304;-134;10,0;10,0;0;7,0;3,0;4;1,0;1,0;0,0655307994757536;-0,3271537622682661;0,1355258402602096;-0,4626796025284757;0,75;28801,5;28795,75;-1,5;-4,25;1,25;942,5835560744144;0;0,9859154929577464;0,9655172413793104;1,0;1,0;1,0;2,6724137931034484;3,75;FRACO;384;28801,5;28804,5;28798,0;28795,75;13,5;0,0185185185185185;28798,0;1,0;28830,5;False;40;32;8,0;10;30;4;True;True;True;True;True;True;False;112;False;75;False;96;40;10;32;16;8,0;-6,0;False;0,0;False;942,5835560744144;3,0;1,0;10;40,5;-32,5;32,5;0,0;8,0;-15,5;-1;2026-07-19 20:10:00;2026-07-19 20:20:00;600;2026-07-19;20;10
2026-07-19 20:20:00;28801,25;28821,5;28783,75;28809,5;28801,25;28809,5;35;2,75;0,5;80;23;11,0;34,0;-23;3,0;25,0;-22;0,3428571428571428;2,9166666666666665;0,062204528489674;-1,1957321559970566;1,2122844827586208;-2,4080166387556776;0,75;28815,0;28808,75;-5,5;-0,75;0,0;1030,6416315717188;0;0,9;0,9452054794520548;0,9661016949152542;0,9777777777777776;0,9230769230769232;2,516949152542373;3,25;FRACO;420;28813,25;28815,0;28811,0;28808,75;16,0;0,0576923076923076;28813,25;1,0;28830,5;False;50;56;-6,0;25;25;5;True;True;True;True;True;True;False;121;False;95;False;90;25;50;17;56;8,0;-6,0;False;0,0;False;1030,6416315717188;2,75;0,5;10;37,75;8,25;8,25;12,0;17,5;9,5;1;2026-07-19 20:20:00;2026-07-19 20:30:00;600;2026-07-19;20;20
2026-07-19 20:30:00;28830,25;28830,25;28812,75;28812,75;28830,25;28812,75;10;2,75;1,0;-80;-60;10,0;35,0;-25;3,0;14,0;-11;0,3055555555555556;3,272727272727273;-0,4534356470177886;-0,4565746753246753;-0,2518186905428091;-0,2047559847818661;-6,5;28823,25;28815,0;-10,5;2,25;-0,75;317,3514338644277;0;0,9696969696969696;0,8983050847457628;0,8852459016393442;0,8214285714285714;0,7368421052631579;2,364754098360656;3,25;FRACO;120;28823,25;28823,5;28810,75;28821,25;19,25;0,3025641025641025;28810,75;0,0;28806,75;True;100;99;12,0;0;100;1;True;True;True;True;True;True;True;41;False;19;True;37;0;100;4;99;-6,0;12,0;False;0,0;False;317,3514338644277;2,75;1,0;10;17,5;-17,5;17,5;0,0;0,0;3,25;-1;2026-07-19 20:30:00;2026-07-19 20:40:00;600;2026-07-19;20;30
2026-07-19 20:40:00;28848,75;28855,5;28826,0;28839,0;28848,75;28839,0;23;2,25;1,0;36;46;20,0;33,0;-13;3,0;2,0;1;0,6176470588235294;1,619047619047619;0,4820885559593562;0,0;1,1239840913020922;-1,1239840913020922;6,5;28839,25;28832,5;-0,25;-6,5;0,0;2076,5097305417517;0;0,9691358024691358;0,8118811881188119;0,7115384615384616;0,8947368421052632;1,0;1,8894230769230769;3,5;FRACO;276;28837,0;28836,25;28832,5;28834,25;20,0;0,3165829145728643;28832,5;0,0;28848,25;True;30;22;8,0;19;11;7;True;True;True;True;True;True;True;91;True;76;False;63;30;19;22;25;8,0;-6,0;False;0,0;False;2076,5097305417517;2,25;1,0;10;29,5;-9,75;9,75;6,75;13,0;26,25;-1;2026-07-19 20:40:00;2026-07-19 20:50:00;600;2026-07-19;20;40
2026-07-19 20:50:00;28832,0;28871,5;28831,0;28862,0;28832,0;28862,0;12;2,0;1,0;79;-1;56,0;100,0;-44;6,0;16,0;-10;0,5643564356435643;1,7719298245614037;-0,2699601808733212;-3,768844221105528;0,1520866285436184;-3,9209308496491455;-4,0;28873,75;28863,75;-11,75;1,75;-3,75;1255,8651323781246;0;0,536697247706422;0,5058823529411764;0,7569444444444444;0,7962962962962963;0,4705882352941176;1,7586805555555556;2,25;FRACO;144;28867,25;28867,0;28864,0;28863,75;11,0;0,1343283582089552;28867,25;0,0;28864,75;True;85;91;-6,0;16;69;8;True;True;True;True;True;True;True;54;True;43;True;39;16;85;4;91;12,0;-6,0;True;1,0;True;1255,8651323781246;2,0;1,0;10;40,5;30,0;30,0;9,5;1,0;23,0;1;2026-07-19 20:50:00;2026-07-19 21:00:00;600;2026-07-19;20;50
2026-07-19 21:00:00;28831,25;28922,5;28822,5;28922,5;28831,25;28922,5;28;1,5;1,0;454;147;79,0;43,0;36;43,0;16,0;27;1,818181818181818;0,55;0,6405876323881107;0,806939681258826;0,5278238576383653;0,2791158236204607;7,5;28921,0;28910,0;1,5;-12,5;2,0;3430,680274150474;0;0,5161290322580645;0,4275092936802974;0,2702702702702703;0,1764705882352941;0,2553191489361702;1,3800675675675675;2,25;FRACO;336;28923,25;28919,5;28916,25;28917,0;13,25;0,3661971830985915;28923,25;0,0;28912,25;True;100;99;8,0;0;100;12;True;True;True;True;True;True;True;119;True;110;True;68;100;0;99;4;8,0;-6,0;True;1,0;True;3430,680274150474;1,5;1,0;10;100,0;91,25;91,25;0,0;8,75;60,5;1;2026-07-19 21:00:00;2026-07-19 21:10:00;600;2026-07-19;21;0
2026-07-19 21:10:00;28944,75;28956,5;28931,0;28945,25;28944,75;28945,25;11;1,5;1,0;-75;-58;50,0;171,0;-121;24,0;42,0;-18;0,2965116279069767;3,372549019607843;-0,4801426709650867;-1,3028663058729204;0,0269425584653518;-1,3298088643382722;-7,0;28963,5;28950,5;-18,25;5,25;-5,25;952,7980391229751;0;0,4555984555984556;0,3;0,3090909090909091;0,2446808510638297;0,2641509433962264;1,303030303030303;2,5;FRACO;132;28953,75;28954,0;28942,0;28951,5;21,5;0,5058823529411764;28942,0;0,0;28953,75;True;100;99;12,0;0;100;6;True;True;True;True;True;True;True;49;True;33;True;39;0;100;4;99;-6,0;12,0;True;0,0;True;952,7980391229751;1,5;1,0;10;25,5;0,5;0,5;11,25;13,75;22,75;1;2026-07-19 21:10:00;2026-07-19 21:20:00;600;2026-07-19;21;10
2026-07-19 21:20:00;28934,0;28936,5;28934,0;28936,5;28934,0;28936,5;2;2,0;0,3333333333333333;2;17;46,0;45,0;1;10,0;7,0;3;1,0217391304347827;0,9787234042553192;0,3286969759878209;0,059185606060606;0,4839685420447671;-0,424782935984161;4,75;28938,0;28926,5;-1,5;-10,0;-0,75;150,79899988495166;0;0,3709677419354839;0,466321243523316;0,4201680672268907;0,7435897435897436;0,7727272727272727;1,4978991596638656;2,5;FRACO;24;28938,25;28938,0;28933,0;28926,5;16,5;0,0220264317180616;28938,25;1,0;28929,0;False;28;20;8,0;20;8;0;True;False;True;False;True;True;False;6;False;5;False;6;20;28;22;20;-2,0;8,0;False;0,0;False;150,79899988495166;2,0;0,3333333333333333;10;2,5;2,5;2,5;0,0;0,0;-8,75;1;2026-07-19 21:20:00;2026-07-19 21:30:00;600;2026-07-19;21;20
2026-07-19 21:30:00;28933,5;28936,75;28882,25;28901,75;28933,5;28901,75;35;1,75;3,0;138;55;28,0;64,0;-36;17,0;45,0;-28;0,4461538461538462;2,2413793103448274;-1,3896037056098816;-0,4258943781942078;-2,38353196099675;1,9576375828025416;-13,5;28923,75;28902,0;-22,0;0,25;-2,25;2981,2947261431086;0;0,4171779141104294;0,2983425414364641;0,3583333333333333;0,4133333333333333;0,6;1,4479166666666667;2,5;FRACO;420;28902,75;28905,75;28900,5;28902,0;23,25;0,2521739130434782;28902,75;1,0;28917,25;True;85;87;-2,0;18;67;14;True;True;True;True;True;True;True;135;False;109;True;98;18;85;10;87;8,0;-2,0;True;0,0;True;2981,2947261431086;1,75;3,0;10;54,5;-31,75;31,75;3,25;19,5;-34,75;-1;2026-07-19 21:30:00;2026-07-19 21:40:00;600;2026-07-19;21;30
2026-07-19 21:40:00;28902,5;28931,5;28868,5;28868,5;28902,5;28868,5;12;1,0;1,0;-100;-122;42,0;113,0;-71;31,0;90,0;-59;0,3771929824561403;2,6511627906976742;-1,3294884278331212;-2,5211778943122227;-0,5230809467765136;-1,998096947535709;-17,75;28889,0;28877,5;-20,5;9,0;-10,25;997,4610204163243;0;0,6890243902439024;0,4813432835820895;0,4385026737967914;0,435064935064935;0,415929203539823;1,5401069518716577;5,25;FRACO;144;28870,25;28870,0;28866,75;28866,75;23,0;0,4187192118226601;28866,75;0,0;28889,0;True;100;99;8,0;0;100;6;True;True;True;True;True;True;True;52;False;30;True;44;0;100;4;99;-6,0;8,0;False;0,0;False;997,4610204163243;1,0;1,0;10;63,0;-34,0;34,0;29,0;0,0;-33,25;-1;2026-07-19 21:40:00;2026-07-19 21:50:00;600;2026-07-19;21;40
2026-07-19 22:00:00;28879,75;28905,75;28853,0;28905,75;28879,75;28905,75;43;2,0;2,0;239;70;27,0;16,0;11;2,0;2,0;0;1,6470588235294117;0,6071428571428571;0,1022425192556744;0,0;-1,0778074317388626;1,0778074317388626;1,5;28906,5;28896,5;-0,75;-9,25;0,0;5239,733565043706;0;0,8295454545454546;0,8266666666666667;0,7735849056603774;0,9090909090909092;1,0;1,858490566037736;2,75;FRACO;516;28905,25;28906,5;28899,0;28902,5;16,0;0,0448979591836734;28899,0;0,0;28895,25;True;32;38;-6,0;16;16;18;True;True;True;True;True;True;True;166;True;132;False;123;32;16;38;4;-6,0;12,0;False;0,0;False;5239,733565043706;2,0;2,0;10;52,75;26,0;26,0;0,0;26,75;37,25;1;2026-07-19 22:00:00;2026-07-19 22:10:00;600;2026-07-19;22;0
2026-07-19 22:10:00;28902,75;28917,25;28839,75;28839,75;28902,75;28839,75;48;1,25;0,5;-181;-13;37,0;38,0;-1;9,0;16,0;-7;0,9743589743589745;1,0263157894736843;-0,7801664355062413;-1,3336566440349176;-0,4964953271028037;-0,8371613169321139;-11,25;28855,75;28841,0;-16,0;1,25;-3,5;5279,27579516683;0;0,7456140350877193;0,6666666666666666;0,68;0,7027027027027027;0,6956521739130435;1,71;2,25;FRACO;576;28843,25;28852,0;28841,0;28849,25;14,75;0,0762331838565022;28843,25;0,0;28841,25;False;76;64;12,0;0;76;15;True;True;True;True;True;True;False;182;False;130;False;148;0;76;4;64;-6,0;12,0;False;0,0;False;5279,27579516683;1,25;0,5;10;77,5;-63,0;63,0;14,5;0,0;-66,0;-1;2026-07-19 22:10:00;2026-07-19 22:20:00;600;2026-07-19;22;10
2026-07-19 22:20:00;28832,0;28876,5;28831,75;28831,75;28832,0;28831,75;15;1,75;2,0;114;-45;40,0;62,0;-22;4,0;16,0;-12;0,6507936507936508;1,5365853658536586;-0,1185877888459714;-0,6;0,1294665976178146;-0,7294665976178146;-1,75;28848,5;28832,75;-16,75;1,0;-2,75;1550,157851239014;0;0,6804733727810651;0,6322869955156951;0,6;0,7272727272727273;0,6842105263157895;1,5727272727272728;2,25;FRACO;180;28837,5;28839,25;28834,25;28836,25;15,75;0,1919191919191919;28837,5;0,0;28837,5;True;100;99;12,0;0;100;10;True;True;True;True;True;True;True;67;False;49;True;49;0;100;4;99;-6,0;12,0;False;0,0;False;1550,157851239014;1,75;2,0;10;44,75;-0,25;0,25;44,5;0,0;-8,0;-1;2026-07-19 22:20:00;2026-07-19 22:30:00;600;2026-07-19;22;20
2026-07-19 22:30:00;28818,25;28832,75;28804,75;28825,75;28818,25;28825,75;49;2,25;2,0;22;6;16,0;18,0;-2;6,0;6,0;0;0,8947368421052632;1,1176470588235294;-0,0518564613150798;1,4674806292556937;-0,8827099194527198;2,3501905487084134;-0,75;28827,75;28818,5;-2,0;-7,25;4,25;5593,847115119233;0;0,7171052631578947;0,762962962962963;0,7547169811320755;0,7586206896551724;0,7272727272727273;1,9245283018867925;2,5;FRACO;588;28826,5;28823,75;28818,5;28821,0;18,5;0,1742424242424242;28818,5;0,0;28820,5;False;30;22;8,0;20;10;8;True;True;True;True;True;True;False;182;False;152;False;120;20;30;26;22;-6,0;8,0;True;0,0;True;5593,847115119233;2,25;2,0;10;28,0;7,5;7,5;7,0;13,5;-6,0;1;2026-07-19 22:30:00;2026-07-19 22:40:00;600;2026-07-19;22;30
2026-07-19 22:40:00;28825,5;28830,5;28776,75;28808,5;28825,5;28808,5;44;1,75;1,0;-597;-209;39,0;11,0;28;33,0;6,0;27;3,333333333333333;0,3;0,788845301040423;0,9983361064891848;0,8949416342412452;0,1033944722479395;9,25;28807,0;28798,25;1,5;-10,25;0,5;4598,052724174388;0;0,794392523364486;0,6923076923076923;0,7313432835820896;0,6730769230769231;0,7692307692307693;1,7835820895522387;2,25;FRACO;528;28811,75;28810,0;28795,5;28798,25;22,0;0,4074074074074074;28811,75;1,0;28798,25;True;100;99;8,0;0;100;13;True;True;True;True;True;True;True;171;True;122;False;132;100;0;99;4;8,0;-6,0;False;0,0;False;4598,052724174388;1,75;1,0;10;53,75;-17,0;17,0;5,0;31,75;-17,25;-1;2026-07-19 22:40:00;2026-07-19 22:50:00;600;2026-07-19;22;40
2026-07-19 22:50:00;28774,25;28803,0;28765,25;28802,0;28774,25;28802,0;24;1,75;2,0;-47;-45;29,0;36,0;-7;13,0;21,0;-8;0,8108108108108109;1,2333333333333334;-0,0693048721325109;-0,4545454545454545;0,2401248649297634;-0,694670319475218;-1,0;28805,75;28795,5;-3,75;-6,5;-4,0;2003,249630652326;0;0,4714285714285714;0,6687898089171974;0,6385542168674698;0,5217391304347826;0,4666666666666667;1,6234939759036144;2,75;FRACO;288;28806,0;28804,5;28800,25;28795,5;15,5;0,1398963730569948;28806,0;0,0;28800,25;True;51;57;-6,0;16;35;7;True;True;True;True;True;True;True;93;True;63;False;75;16;51;4;57;12,0;-6,0;False;0,0;False;2003,249630652326;1,75;2,0;10;37,75;27,75;27,75;1,0;9,0;-6,5;1;2026-07-19 22:50:00;2026-07-19 23:00:00;600;2026-07-19;22;50
2026-07-19 23:00:00;28797,75;28871,75;28797,75;28859,75;28797,75;28859,75;15;1,5;1,0;148;43;46,0;107,0;-61;7,0;23,0;-16;0,4351851851851852;2,297872340425532;-0,8500566704446962;-1,186790505675955;-0,6383657835939993;-0,5484247220819554;-12,75;28877,75;28861,5;-18,0;1,75;-1,75;1629,1756816781744;0;0,6331877729257642;0,4469696969696969;0,40625;0,3818181818181818;0,3225806451612903;1,48828125;2,5;FRACO;180;28873,0;28872,5;28867,75;28870,5;10,0;0,0138888888888888;28873,0;0,0;28859,5;True;93;99;-6,0;12;81;6;True;True;True;True;True;True;True;62;True;46;True;48;12;93;4;99;8,0;-6,0;True;1,0;True;1629,1756816781744;1,5;1,0;10;74,0;62,0;62,0;12,0;0,0;57,75;1;2026-07-19 23:00:00;2026-07-19 23:10:00;600;2026-07-19;23;0
2026-07-19 23:10:00;28843,5;28843,5;28824,75;28824,75;28843,5;28824,75;10;1,0;1,0;-78;-42;24,0;54,0;-30;14,0;32,0;-18;0,4545454545454545;2,2;-0,4513238833912811;-1,142263759086189;-0,1661129568106312;-0,9761508022755578;-6,75;28835,25;28826,25;-10,5;1,5;-1,0;777,3268369822237;3;0,0410958904109589;0,2795031055900621;0,2828282828282828;0,3333333333333333;0,3617021276595745;1,5454545454545454;4,25;FRACO;120;28832,5;28835,25;28821,5;28830,0;20,0;0,28;28821,5;0,0;28832,5;True;100;100;12,0;1;99;2;True;True;True;True;True;True;True;41;False;23;True;35;1;100;7;100;-6,0;12,0;False;0,0;False;777,3268369822237;1,0;1,0;10;18,75;-18,75;18,75;0,0;0,0;-35,0;-1;2026-07-19 23:10:00;2026-07-19 23:20:00;600;2026-07-19;23;10
2026-07-19 23:20:00;28806,0;28820,25;28794,0;28810,5;28806,0;28810,5;44;2,25;0,3333333333333333;171;58;18,0;19,0;-1;7,0;13,0;-6;0,95;1,0526315789473684;-0,5606681617817647;-0,8547008547008548;-0,7897646501342599;-0,0649362045665948;-7,25;28823,5;28810,5;-13,0;0,0;-1,0;3873,434104405871;0;0,5303867403314917;0,8152173913043478;0,7962962962962963;0,8620689655172413;1,0;1,8425925925925928;2,5;FRACO;528;28814,5;28823,5;28810,5;28813,5;13,0;0,0140845070422535;28814,5;0,0;28814,5;False;56;44;12,0;0;56;9;True;True;True;True;True;True;False;161;False;137;False;108;0;56;4;44;-6,0;12,0;False;0,0;False;3873,434104405871;2,25;0,3333333333333333;10;26,25;4,5;4,5;9,75;12,0;-14,25;1;2026-07-19 23:20:00;2026-07-19 23:30:00;600;2026-07-19;23;20
2026-07-19 23:30:00;28813,75;28880,75;28813,75;28880,75;28813,75;28880,75;22;2,0;1,0;229;119;86,0;33,0;53;44,0;18,0;26;2,5588235294117645;0,3908045977011494;1,0516423520988096;1,0773130544993663;1,02880658436214;0,0485064701372264;11,75;28878,25;28857,5;2,5;-23,25;2,5;1954,3680362399102;0;0,6893203883495146;0,5025906735751295;0,3524590163934426;0,2048192771084337;0,1063829787234042;1,3872950819672132;2,5;FRACO;264;28885,25;28884,5;28872,5;28871,75;30,0;0,4571428571428571;28885,25;1,0;28863,5;True;97;99;-2,0;12;85;7;True;True;True;True;True;True;True;85;True;68;False;59;97;12;99;4;-2,0;8,0;True;0,0;True;1954,3680362399102;2,0;1,0;10;67,0;67,0;67,0;0,0;0,0;70,25;1;2026-07-19 23:30:00;2026-07-19 23:40:00;600;2026-07-19;23;30
2026-07-19 23:40:00;28904,0;28916,25;28898,0;28916,25;28904,0;28916,25;19;1,0;2,0;186;43;64,0;29,0;35;37,0;11,0;26;2,1666666666666665;0,4615384615384615;0,2192390717754992;0,7342143906020557;0,121580547112462;0,6126338434895937;3,25;28915,0;28909,0;1,25;-7,25;4,0;1235,6302528784654;0;0,7835820895522388;0,6824324324324325;0,7378640776699029;0,7096774193548387;0,8461538461538461;1,7135922330097086;3,5;FRACO;228;28913,75;28915,0;28911,5;28911,0;15,75;0,2660550458715596;28913,75;0,0;28911,0;True;100;99;8,0;0;100;4;True;True;True;True;True;True;True;73;True;58;False;53;100;0;99;4;8,0;-6,0;False;0,0;False;1235,6302528784654;1,0;2,0;10;18,25;12,25;12,25;0,0;6,0;35,5;1;2026-07-19 23:40:00;2026-07-19 23:50:00;600;2026-07-19;23;40
2026-07-19 23:50:00;28929,0;28929,0;28884,0;28884,0;28929,0;28884,0;34;2,0;3,0;-67;-148;30,0;59,0;-29;10,0;28,0;-18;0,5166666666666667;1,935483870967742;-0,3414367659109533;-0,4536290322580645;-0,2858033672833091;-0,1678256649747554;-5,0;28898,75;28885,0;-14,75;1,0;-0,75;2240,910489602867;0;0,3481481481481481;0,455026455026455;0,3;0,2142857142857142;0,8571428571428571;1,3681818181818182;2,25;FRACO;408;28887,5;28889,5;28885,0;28886,5;25,5;0,5168539325842697;28887,5;1,0;28899,75;True;97;99;-2,0;12;85;9;True;True;True;True;True;True;True;133;False;86;True;113;12;97;4;99;8,0;-2,0;False;0,0;False;2240,910489602867;2,0;3,0;10;45,0;-45,0;45,0;0,0;0,0;-32,25;-1;2026-07-19 23:50:00;2026-07-20 00:00:00;600;2026-07-19;23;50
2026-07-20 00:00:00;28863,75;28874,0;28858,0;28871,5;28863,75;28871,5;15;1,5;1,0;94;54;30,0;27,0;3;14,0;15,0;-1;1,1071428571428572;0,9032258064516128;-0,2219460227272727;-1,255020080321285;0,4019938896928766;-1,6570139700141615;-2,5;28878,25;28867,5;-6,75;-4,0;0,0;1001,1019139524094;3;0,2440944881889764;0,4379084967320261;0,5584415584415584;0,4146341463414634;0,2105263157894736;1,594155844155844;2,0;FRACO;180;28878,25;28874,25;28870,25;28871,5;22,25;0,3852813852813853;28878,25;0,0;28867,5;False;31;37;-6,0;20;11;2;True;True;True;True;True;True;False;57;False;47;False;36;20;31;12;37;8,0;-6,0;False;0,0;False;1001,1019139524094;1,5;1,0;10;16,0;7,75;7,75;2,5;5,75;-12,5;1;2026-07-20 00:00:00;2026-07-20 00:10:00;600;2026-07-20;0;0
2026-07-20 00:10:00;28872,75;28911,5;28867,0;28892,75;28872,75;28892,75;46;2,0;2,0;195;48;15,0;58,0;-43;6,0;25,0;-19;0,2711864406779661;3,6875;-0,6710958996040535;-0,4694345921134988;-0,4300612837329319;-0,0393733083805669;-10,0;28904,25;28891,0;-11,5;-1,75;-0,75;3378,338933329706;0;0,6732673267326733;0,7327586206896551;0,8117647058823529;0,7627118644067796;0,7391304347826086;1,7970588235294118;3,0;FRACO;552;28894,25;28902,75;28891,0;28897,75;19,0;0,2622222222222222;28894,25;0,0;28894,25;False;85;73;12,0;0;85;11;True;True;True;True;True;True;False;172;False;130;False;128;0;85;4;73;-6,0;12,0;False;0,0;False;3378,338933329706;2,0;2,0;10;44,5;20,0;20,0;18,75;5,75;21,25;1;2026-07-20 00:10:00;2026-07-20 00:20:00;600;2026-07-20;0;10
2026-07-20 00:20:00;28890,0;28896,25;28865,0;28873,0;28890,0;28873,0;29;2,25;0,3333333333333333;-182;-118;8,0;31,0;-23;6,0;27,0;-21;0,28125;3,555555555555556;-1,257729797715124;-1,570210856886496;-1,2362637362637363;-0,3339471206227598;-12,0;28889,0;28879,0;-16,0;6,0;-4,0;2021,1145834477625;0;0,7375;0,7096774193548387;0,7543859649122807;0,7777777777777778;1,0;1,824561403508772;2,5;FRACO;348;28881,5;28895,5;28874,75;28879,0;20,75;0,2886597938144329;28874,75;1,0;28892,75;True;97;99;-2,0;12;85;4;True;True;True;True;True;True;True;111;False;62;True;97;12;97;4;99;8,0;-2,0;False;0,0;False;2021,1145834477625;2,25;0,3333333333333333;10;31,25;-17,0;17,0;6,25;8,0;-19,75;-1;2026-07-20 00:20:00;2026-07-20 00:30:00;600;2026-07-20;0;20
2026-07-20 00:30:00;28860,0;28888,5;28860,0;28888,5;28860,0;28888,5;10;1,5;1,0;38;36;6,0;8,0;-2;5,0;5,0;0;0,7777777777777778;1,2857142857142858;0,2335513145602562;-0,3324468085106383;0,5053191489361702;-0,8377659574468086;3,5;28889,75;28883,5;-1,25;-5,0;-0,5;764,2906607929813;0;0,4545454545454545;0,4821428571428571;0,3333333333333333;0,2666666666666666;0,1666666666666666;1,4861111111111112;1,75;FRACO;120;28885,75;28890,5;28883,5;28874,25;16,25;0,1003460207612456;28883,5;1,0;28883,75;True;25;17;8,0;25;0;1;True;True;True;True;True;True;True;35;True;31;False;23;25;25;17;31;8,0;-6,0;False;0,0;False;764,2906607929813;1,5;1,0;10;28,5;28,5;28,5;0,0;0,0;15,5;1;2026-07-20 00:30:00;2026-07-20 00:40:00;600;2026-07-20;0;30
2026-07-20 00:40:00;28887,0;28903,5;28869,75;28903,5;28887,0;28903,5;44;1,75;0,5;0;-32;19,0;17,0;2;11,0;7,0;4;1,1111111111111112;0,9;0,2039151712887438;-0,3553299492385787;0,6663334999167083;-1,021663449155287;2,25;28905,25;28895,25;-1,75;-8,25;-2,0;2923,8119413135923;0;0,4878048780487805;0,3265306122448979;0,4222222222222222;0,3571428571428571;0,5555555555555556;1,3277777777777775;2,25;FRACO;528;28905,25;28905,0;28895,25;28902,25;10,0;0,1720430107526881;28905,25;0,0;28902,25;False;35;27;8,0;20;15;0;True;True;True;True;True;True;False;146;False;104;False;121;35;20;27;26;8,0;-6,0;False;0,0;False;2923,8119413135923;1,75;0,5;10;33,75;16,5;16,5;0,0;17,25;15,0;1;2026-07-20 00:40:00;2026-07-20 00:50:00;600;2026-07-20;0;40
2026-07-20 00:50:00;28903,5;28935,75;28884,75;28890,75;28903,5;28890,75;28;1,75;1,0;-173;-55;8,0;18,0;-10;5,0;7,0;-2;0,4736842105263157;2,111111111111111;0,1084441873915558;0,3027856277755349;-0,2332089552238805;0,5359945829994155;1,5;28891,5;28887,75;-0,75;-3,0;-1,25;1602,254884856426;0;0,4036144578313253;0,5066666666666667;0,7105263157894737;0,7368421052631579;0,5833333333333334;1,625;2,0;FRACO;336;28891,5;28894,75;28887,75;28889,25;13,75;0,029940119760479;28887,75;0,0;28889,0;True;46;34;12,0;23;23;4;True;True;True;True;True;True;True;108;True;74;True;84;23;46;29;34;-6,0;12,0;True;1,0;True;1602,254884856426;1,75;1,0;10;51,0;-12,75;12,75;32,25;6,0;-12,75;-1;2026-07-20 00:50:00;2026-07-20 01:00:00;600;2026-07-20;0;50
2026-07-20 01:00:00;28896,5;28911,25;28883,25;28883,25;28896,5;28883,25;32;2,0;2,0;-246;-45;8,0;35,0;-27;4,0;18,0;-14;0,25;4,0;-0,3453319249207768;-0,7793364506791362;-0,0779787897691827;-0,7013576609099533;-4,25;28889,5;28884,5;-6,25;1,25;-2,75;1891,9869461222725;0;0,7636363636363637;0,7307692307692307;0,7333333333333333;0,7272727272727273;0,7777777777777778;1,7625;2,75;FRACO;384;28889,5;28888,0;28884,75;28884,5;13,25;0,1567567567567567;28884,75;1,0;28888,0;True;100;99;8,0;2;98;6;True;True;True;True;True;True;True;123;False;73;True;99;2;100;4;99;-2,0;8,0;True;0,0;True;1891,9869461222725;2,0;2,0;10;28,0;-13,25;13,25;14,75;0,0;-7,5;-1;2026-07-20 01:00:00;2026-07-20 01:10:00;600;2026-07-20;1;0
2026-07-20 01:10:00;28866,25;28866,25;28854,75;28854,75;28866,25;28854,75;13;1,5;2,0;-142;-53;13,0;40,0;-27;11,0;27,0;-16;0,3414634146341463;2,9285714285714284;-0,2362789441706609;-0,7507507507507508;-0,3053901358986104;-0,4453606148521403;-3,5;28862,5;28855,25;-7,75;0,5;-2,5;685,7583804847947;1;0,4913793103448275;0,4430379746835443;0,3396226415094339;0,2857142857142857;0,0;1,410377358490566;2,25;FRACO;156;28858,75;28860,25;28853,75;28855,25;13,0;0,1017964071856287;28853,75;0,0;28858,75;True;100;100;12,0;0;100;3;True;True;True;True;True;True;True;56;False;22;True;53;0;100;5;100;-6,0;12,0;False;0,0;False;685,7583804847947;1,5;2,0;10;11,5;-11,5;11,5;0,0;0,0;-28,5;-1;2026-07-20 01:10:00;2026-07-20 01:20:00;600;2026-07-20;1;10
2026-07-20 01:20:00;28889,0;28899,75;28888,0;28899,75;28889,0;28899,75;13;2,25;0,5;66;16;16,0;26,0;-10;8,0;13,0;-5;0,6296296296296297;1,588235294117647;0,3075030750307503;0,4000800160032006;0,2621919244887257;0,1378880915144749;4,5;28898,5;28890,5;1,25;-9,25;-0,5;770,5902283165684;0;0,6115702479338843;0,6271186440677966;0,5714285714285714;0,5957446808510638;0,3333333333333333;1,5873015873015872;2,25;FRACO;156;28897,0;28901,75;28890,5;28895,0;11,25;0,119047619047619;28890,5;2,0;28898,25;False;57;49;8,0;32;25;2;True;True;True;True;True;True;False;51;False;46;False;29;57;32;49;34;8,0;-2,0;False;0,0;False;770,5902283165684;2,25;0,5;10;11,75;10,75;10,75;0,0;1,0;45,0;1;2026-07-20 01:20:00;2026-07-20 01:30:00;600;2026-07-20;1;20
2026-07-20 01:30:00;28901,0;28929,25;28892,25;28911,5;28901,0;28911,5;20;1,25;1,0;66;-31;59,0;112,0;-53;14,0;75,0;-61;0,5309734513274337;1,8833333333333333;-1,2919896640826871;-2,399595857539783;-0,8811681772406847;-1,518427680299098;-17,5;28936,5;28913,0;-25,0;1,5;-1,5;1258,3611972717806;10;0,1987951807228915;0,2044025157232704;0,1657754010695187;0,1525423728813559;0,0512820512820512;1,375668449197861;7,0;FORTE;240;28919,25;28931,75;28913,0;28928,5;23,5;0,1040723981900452;28919,25;0,0;28919,25;True;100;100;12,0;8;92;4;True;True;True;True;True;True;True;85;False;69;True;49;8;100;14;100;-6,0;12,0;False;0,0;False;1258,3611972717806;1,25;1,0;10;37,0;10,5;10,5;17,75;8,75;11,75;1;2026-07-20 01:30:00;2026-07-20 01:40:00;600;2026-07-20;1;30
2026-07-20 01:40:00;28938,0;28940,75;28938,0;28939,75;28938,0;28939,75;5;1,75;1,0;-3;-9;14,0;15,0;-1;1,0;2,0;-1;0,9375;1,0666666666666669;0,0;0,0;-0,1311131506490101;0,1311131506490101;0,0;28940,75;28936,25;-1,0;-3,5;0,0;173,68983263006703;0;0,3620689655172414;0,4057971014492754;0,5128205128205128;0,375;1,0;1,564102564102564;2,0;FRACO;60;28940,75;28939,5;28936,25;28934,25;13,25;0,205020920502092;28940,75;0,0;28936,25;False;22;10;12,0;3;19;0;False;True;True;True;True;True;False;18;False;16;False;8;22;3;10;9;12,0;-6,0;False;0,0;False;173,68983263006703;1,75;1,0;10;2,75;1,75;1,75;1,0;0,0;28,25;1;2026-07-20 01:40:00;2026-07-20 01:50:00;600;2026-07-20;1;40
2026-07-20 01:50:00;28938,0;28939,75;28894,75;28895,5;28938,0;28895,5;44;1,5;1,0;-236;-90;4,0;9,0;-5;1,0;1,0;0;0,5;2,0;0,1932536893886156;0,0;0,4393029726167814;-0,4393029726167814;2,75;28896,75;28892,75;-1,25;-2,75;0,0;1928,9673859302436;10;0,1578947368421052;0,2;0,1363636363636363;0,1111111111111111;0,0;1,375;1,75;FORTE;528;28896,75;28901,75;28892,75;28893,25;11,5;0,2911392405063291;28892,75;0,0;28896,75;False;37;25;12,0;21;16;8;True;True;True;True;True;True;False;155;False;110;False;125;21;37;27;25;-6,0;12,0;False;0,0;False;1928,9673859302436;1,5;1,0;10;45,0;-42,5;42,5;1,75;0,75;-44,25;-1;2026-07-20 01:50:00;2026-07-20 02:00:00;600;2026-07-20;1;50
2026-07-20 02:00:00;28898,25;28898,25;28862,5;28868,5;28898,25;28868,5;10;1,5;0,3333333333333333;-25;0;127,0;90,0;37;49,0;14,0;35;1,4065934065934067;0,7109375;0,567517369471005;0,8426966292134831;0,6941091260260743;0,1485875031874087;8,25;28867,75;28858,0;0,75;-10,5;2,5;639,2377972529353;3;0,2654867256637168;0,290983606557377;0,3;0,4683544303797468;0,2692307692307692;1,4779411764705883;4,0;FRACO;120;28866,0;28862,5;28863,75;28860,25;8,0;0,019108280254777;28863,75;1,0;28862,5;True;98;100;-2,0;15;83;4;True;True;True;True;True;True;True;47;True;23;True;38;98;15;100;7;-2,0;8,0;False;0,0;False;639,2377972529353;1,5;0,3333333333333333;10;35,75;-29,75;29,75;0,0;6,0;-27,0;-1;2026-07-20 02:00:00;2026-07-20 02:10:00;600;2026-07-20;2;0
2026-07-20 02:10:00;28833,5;28865,75;28826,0;28851,75;28833,5;28851,75;29;2,0;1,0;21;-40;19,0;16,0;3;3,0;2,0;1;1,1764705882352942;0,85;0,1749230338650993;0,0;0,0373580394500896;-0,0373580394500896;2,5;28852,25;28847,5;-0,5;-4,25;0,0;2314,6778775041444;0;0,37;0,4375;0,3518518518518518;0,9090909090909092;1,0;1,4305555555555556;2,0;FRACO;348;28852,0;28852,25;28849,25;28847,5;13,75;0,2043010752688172;28849,25;0,0;28842,25;True;21;27;-6,0;18;3;6;True;True;True;True;True;True;True;115;True;81;True;78;21;18;27;10;-6,0;8,0;True;0,0;True;2314,6778775041444;2,0;1,0;10;39,75;18,25;18,25;14,0;7,5;-16,75;1;2026-07-20 02:10:00;2026-07-20 02:20:00;600;2026-07-20;2;10
2026-07-20 02:20:00;28852,5;28855,25;28829,0;28836,5;28852,5;28836,5;42;1,5;1,0;8;37;49,0;23,0;26;9,0;5,0;4;2,083333333333333;0,48;-0,3332308007792474;-0,2710908696595099;-0,3722084367245657;0,1011175670650558;-3,25;28840,5;28829,0;-4,0;-7,5;-1,5;3061,8718520827174;0;0,490566037735849;0,6299212598425197;0,6746987951807228;0,4545454545454545;0,4117647058823529;1,677710843373494;5,25;FRACO;504;28839,25;28840,5;28836,75;28838,5;13,5;0,0162162162162162;28839,25;1,0;28838,5;False;50;42;8,0;25;25;3;True;True;True;True;True;True;False;148;False;109;False;108;50;25;42;27;8,0;-2,0;False;0,0;False;3061,8718520827174;1,5;1,0;10;26,25;-16,0;16,0;2,75;7,5;-15,25;-1;2026-07-20 02:20:00;2026-07-20 02:30:00;600;2026-07-20;2;20
2026-07-20 02:30:00;28831,25;28831,25;28824,0;28824,0;28831,25;28824,0;2;1,25;1,0;-20;-30;33,0;60,0;-27;20,0;50,0;-30;0,5573770491803278;1,7941176470588236;-0,4599165074647987;-1,6032728881026097;0,3523332289383025;-1,955606117040912;-6,5;28839,25;28829,75;-15,25;5,75;-8,25;131,3863016549065;5;0,5918367346938775;0,375;0,1637931034482758;0,0898876404494382;0,081081081081081;1,2650862068965518;2,0;MODERADO;24;28824,75;28833,75;28819,25;28829,75;21,25;0,1485943775100401;28824,75;0,0;28824,75;True;100;100;12,0;3;97;1;True;True;True;True;True;True;True;10;False;4;True;10;3;100;9;100;-6,0;12,0;False;0,0;False;131,3863016549065;1,25;1,0;10;7,25;-7,25;7,25;0,0;0,0;-12,5;-1;2026-07-20 02:30:00;2026-07-20 02:40:00;600;2026-07-20;2;30
2026-07-20 02:40:00;28822,25;28829,0;28806,5;28820,25;28822,25;28820,25;28;2,0;0,5;-6;13;17,0;23,0;-6;0,0;4,0;-4;0,75;1,3333333333333333;0,261396905060644;0,604351329572925;0,1935412519354125;0,4108100776375125;3,75;28818,25;28811,5;2,0;-8,75;0,75;1735,7171468322042;3;0,2459016393442623;0,3055555555555556;0,46;0,5;0,5;1,5;2,0;FRACO;336;28814,0;28817,25;28811,5;28814,0;19,0;0,2727272727272727;28814,0;0,0;28814,0;False;56;62;-6,0;29;27;0;True;True;True;True;True;True;False;107;False;81;False;72;56;29;62;17;-6,0;12,0;False;0,0;False;1735,7171468322042;2,0;0,5;10;22,5;-2,0;2,0;6,75;13,75;-3,75;-1;2026-07-20 02:40:00;2026-07-20 02:50:00;600;2026-07-20;2;40
2026-07-20 02:50:00;28819,5;28819,75;28789,0;28799,75;28819,5;28799,75;31;1,5;2,0;-322;-190;16,0;29,0;-13;5,0;5,0;0;0,5666666666666667;1,7647058823529411;0,0667868830561677;0,2044571662236761;0,0411929477673422;0,1632642184563339;1,0;28801,25;28795,25;-1,5;-4,5;-0,25;1568,1458557909762;0;0,7342657342657343;0,5258620689655172;0,4516129032258064;0,4782608695652174;0,25;1,5241935483870968;2,0;FRACO;372;28800,0;28798,75;28796,75;28795,25;17,75;0,3291139240506329;28800,0;1,0;28798,75;True;37;29;8,0;27;10;9;True;True;True;True;True;True;True;112;False;76;True;99;27;37;29;29;-2,0;8,0;False;0,0;False;1568,1458557909762;1,5;2,0;10;30,75;-19,75;19,75;0,25;10,75;-20,5;-1;2026-07-20 02:50:00;2026-07-20 03:00:00;600;2026-07-20;2;50
2026-07-20 03:00:00;28801,25;28822,5;28797,0;28805,25;28801,25;28805,25;47;2,25;4,0;-240;-60;14,0;18,0;-4;9,0;3,0;6;0,7894736842105263;1,2666666666666666;0,0167145818011633;1,739562624254473;0,0299007295778016;1,7096618946766713;0,25;28810,0;28801,75;-4,75;-3,5;1,75;3462,863481486318;0;0,6336633663366337;0,6813186813186813;0,56;0,5333333333333333;0,5714285714285714;1,595;2,25;FRACO;564;28807,0;28805,25;28801,75;28807,0;17,0;0,04;28807,0;0,0;28809,5;False;25;31;-6,0;17;8;6;True;True;True;True;True;True;False;170;False;120;False;140;25;17;31;9;-6,0;8,0;False;0,0;False;3462,863481486318;2,25;4,0;10;25,5;4,0;4,0;17,25;4,25;5,5;1;2026-07-20 03:00:00;2026-07-20 03:10:00;600;2026-07-20;3;0
2026-07-20 03:10:00;28803,0;28803,0;28779,75;28779,75;28803,0;28779,75;26;1,75;2,0;-253;-92;20,0;44,0;-24;10,0;18,0;-8;0,4666666666666667;2,142857142857143;-0,1693766937669376;-0,4520795660036166;0,0;-0,4520795660036166;-2,5;28788,0;28780,0;-8,25;0,25;-1,75;1351,7952710608436;0;0,5535714285714286;0,4210526315789473;0,2804878048780488;0,2264150943396226;0,16;1,420731707317073;2,0;FRACO;312;28783,75;28788,0;28778,25;28780,0;9,75;0,3644859813084112;28778,25;0,0;28783,75;True;100;91;12,0;0;100;4;True;True;True;True;True;True;True;95;False;65;True;75;0;100;4;91;-6,0;12,0;False;0,0;False;1351,7952710608436;1,75;2,0;10;23,25;-23,25;23,25;0,0;0,0;-25,5;-1;2026-07-20 03:10:00;2026-07-20 03:20:00;600;2026-07-20;3;10
2026-07-20 03:20:00;28815,25;28815,25;28768,75;28795,0;28815,25;28795,0;27;1,25;0,5;-79;-32;31,0;10,0;21;17,0;4,0;13;2,909090909090909;0,34375;0,5932501318333626;0,2644802962179317;0,7402533311399901;-0,4757730349220584;6,75;28795,5;28787,0;-0,5;-8,0;0,0;1571,8287369032196;0;0,6785714285714286;0,3571428571428571;0,36;0,4285714285714285;0,3333333333333333;1,445;2,25;FRACO;324;28795,5;28790,5;28793,0;28787,5;14,25;0,1412429378531073;28793,0;0,0;28793,0;True;69;57;12,0;4;65;5;True;True;True;True;True;True;True;94;False;71;True;68;69;4;57;10;12,0;-6,0;True;0,0;True;1571,8287369032196;1,25;0,5;10;46,5;-20,25;20,25;0,0;26,25;15,25;-1;2026-07-20 03:20:00;2026-07-20 03:30:00;600;2026-07-20;3;20
2026-07-20 03:30:00;28788,5;28795,75;28767,25;28771,0;28788,5;28771,0;45;1,25;2,0;14;2;7,0;28,0;-21;1,0;6,0;-5;0,2758620689655172;3,625;-0,5622837370242214;-1,1737089201877935;-0,1148721090519221;-1,0588368111358712;-6,5;28784,75;28775,5;-13,75;4,5;-1,0;2621,671126580169;2;0,2911392405063291;0,2625;0,3421052631578947;0,1875;0,2;1,394736842105263;2,25;FRACO;540;28785,75;28777,0;28773,25;28766,25;19,75;0,2027972027972027;28785,75;0,0;28775,0;True;87;93;-6,0;18;69;5;True;True;True;True;True;True;True;179;False;121;True;135;18;87;6;93;12,0;-6,0;False;0,0;False;2621,671126580169;1,25;2,0;10;28,5;-17,5;17,5;7,25;3,75;-24,0;-1;2026-07-20 03:30:00;2026-07-20 03:40:00;600;2026-07-20;3;30
2026-07-20 03:40:00;28806,25;28812,25;28787,75;28801,5;28806,25;28801,5;13;2,0;2,0;-10;-25;28,0;5,0;23;14,0;1,0;13;4,833333333333333;0,2068965517241379;0,1361841209314994;0,49800796812749;0,0258371227780074;0,4721708453494826;2,0;28799,75;28791,75;1,75;-9,75;1,5;643,3369113047653;0;0,7424242424242424;0,6774193548387096;0,6818181818181818;0,6666666666666666;0,5;1,75;2,5;FRACO;156;28790,0;28794,75;28786,5;28787,75;27,0;0,4299065420560747;28786,5;0,0;28790,0;True;93;99;-6,0;16;77;6;True;True;True;True;True;True;True;53;True;46;False;28;93;16;99;4;-6,0;12,0;False;0,0;False;643,3369113047653;2,0;2,0;10;24,5;-4,75;4,75;6,0;13,75;30,5;-1;2026-07-20 03:40:00;2026-07-20 03:50:00;600;2026-07-20;3;40
2026-07-20 04:00:00;28819,75;28833,5;28811,5;28833,5;28819,75;28833,5;19;1,5;0,5;-50;-23;68,0;42,0;26;60,0;34,0;26;1,6046511627906976;0,6231884057971014;0,9836182845697118;1,178037287441098;0,9059065104481218;0,2721307769929763;13,75;28830,0;28815,0;3,5;-18,5;6,5;1763,7844876941788;0;0,3786407766990291;0,4274193548387097;0,3958333333333333;0,358974358974359;0,3770491803278688;1,3932291666666667;2,0;FRACO;228;28830,0;28829,25;28827,0;28827,25;18,5;0,1596638655462184;28827,0;2,0;28821,25;True;93;99;-6,0;12;81;2;True;True;True;True;True;True;True;68;True;42;False;60;93;12;99;4;-6,0;8,0;False;0,0;False;1763,7844876941788;1,5;0,5;10;22,0;13,75;13,75;0,0;8,25;32,0;1;2026-07-20 04:00:00;2026-07-20 04:10:00;600;2026-07-20;4;0
2026-07-20 04:10:00;28802,0;28809,25;28799,5;28809,25;28802,0;28809,25;9;1,75;0,5;-47;11;35,0;5,0;30;22,0;3,0;19;6,0;0,1666666666666666;0,27010601661152;0,0503626107977437;0,3593798131224971;-0,3090172023247534;4,0;28810,75;28803,0;-1,5;-6,25;-0,25;464,2471583152199;0;0,5297297297297298;0,6504854368932039;0,5370370370370371;0,4878048780487805;0,4285714285714285;1,6111111111111112;2,25;FRACO;108;28810,75;28809,75;28805,25;28797,75;13,0;0,1442307692307692;28810,75;0,0;28805,25;False;69;57;12,0;14;55;4;True;True;True;False;True;True;False;35;False;23;False;33;69;14;57;20;12,0;-6,0;False;0,0;False;464,2471583152199;1,75;0,5;10;9,75;7,25;7,25;0,0;2,5;-24,25;1;2026-07-20 04:10:00;2026-07-20 04:20:00;600;2026-07-20;4;10
2026-07-20 04:20:00;28810,0;28882,5;28804,5;28879,5;28810,0;28879,5;43;1,75;1,0;552;163;95,0;58,0;37;17,0;19,0;-2;1,6271186440677967;0,6145833333333334;-0,1177499663571524;-1,3017604760724026;0,4097520999795124;-1,711512576051915;-1,75;28885,75;28875,75;-6,25;-3,75;0,25;3043,550233707047;6;0,5833333333333334;0,2218309859154929;0,0982658959537572;0,1097560975609756;0,1304347826086956;1,296242774566474;3,75;MODERADO;516;28885,75;28885,0;28879,75;28881,25;23,75;0,4391534391534391;28885,75;0,0;28862,25;True;55;47;8,0;34;21;13;True;True;True;True;True;True;True;173;True;154;False;103;55;34;47;40;8,0;-6,0;True;0,0;True;3043,550233707047;1,75;1,0;10;78,0;69,5;69,5;3,0;5,5;70,25;1;2026-07-20 04:20:00;2026-07-20 04:30:00;600;2026-07-20;4;20
2026-07-20 04:30:00;28878,5;28915,5;28878,5;28902,75;28878,5;28902,75;12;1,25;1,0;65;-10;29,0;56,0;-27;10,0;30,0;-20;0,5263157894736842;1,9;-0,1175759204514915;-0,3033980582524271;-0,0527203711514129;-0,2506776871010142;-1,75;28913,25;28903,25;-10,5;0,5;-2,25;1058,486829920006;6;0,1442542787286063;0,3185483870967742;0,2959183673469387;0,1166666666666666;0,0;1,3214285714285714;2,0;MODERADO;144;28905,5;28907,25;28903,5;28903,25;10,0;0,1779141104294478;28903,5;4,0;28901,75;True;94;100;-6,0;18;76;6;True;True;True;True;True;True;True;55;False;37;True;39;18;94;10;100;8,0;-6,0;False;0,0;False;1058,486829920006;1,25;1,0;10;37,0;24,25;24,25;12,75;0,0;23,25;1;2026-07-20 04:30:00;2026-07-20 04:40:00;600;2026-07-20;4;30
2026-07-20 04:40:00;28900,5;28913,5;28885,0;28885,5;28900,5;28885,5;9;1,75;0,5;143;85;16,0;6,0;10;9,0;1,0;8;2,4285714285714284;0,4117647058823529;0,0444247001332741;-0,6377551020408163;0,775303073019453;-1,413058175060269;0,5;28889,0;28882,25;-3,5;-3,25;0,0;533,3218567057127;0;0,4423076923076923;0,5625;0,3793103448275862;0,2666666666666666;0,0909090909090909;1,5258620689655171;2,0;FRACO;108;28889,0;28886,5;28882,25;28882,75;10,25;0,0434782608695652;28889,0;1,0;28890,25;True;31;37;-6,0;24;7;3;True;True;True;True;True;True;True;35;True;36;False;15;31;24;37;16;-6,0;8,0;False;0,0;False;533,3218567057127;1,75;0,5;10;28,5;-15,0;15,0;13,0;0,5;-17,25;-1;2026-07-20 04:40:00;2026-07-20 04:50:00;600;2026-07-20;4;40
2026-07-20 04:50:00;28886,75;28920,0;28880,5;28907,0;28886,75;28907,0;36;1,5;1,0;179;56;19,0;22,0;-3;1,0;9,0;-8;0,8695652173913043;1,15;-0,4114379757251594;-0,4768717215069146;-0,8710801393728224;0,3942084178659077;-4,0;28914,0;28908,0;-7,0;1,0;-1,0;1836,5875056927416;3;0,2641509433962264;0,3008849557522124;0,392156862745098;0,3571428571428571;0,4444444444444444;1,4950980392156863;2,0;FRACO;432;28912,0;28917,5;28908,75;28910,0;12,75;0,0761904761904762;28912,0;0,0;28912,0;True;78;66;12,0;7;71;3;True;True;True;True;True;True;True;135;True;115;False;80;7;78;13;66;-6,0;12,0;False;0,0;False;1836,5875056927416;1,5;1,0;10;39,5;20,25;20,25;13,0;6,25;21,5;1;2026-07-20 04:50:00;2026-07-20 05:00:00;600;2026-07-20;4;50
2026-07-20 05:00:00;28908,0;28927,0;28890,5;28898,0;28908,0;28898,0;17;1,5;1,0;75;36;29,0;8,0;21;9,0;3,0;6;3,333333333333333;0,3;-0,0501470981545867;-0,475511174512601;0,0523231477605692;-0,5278343222731703;-0,75;28900,5;28895,0;-2,5;-3,0;0,0;1578,8392381084498;3;0,2165605095541401;0,6119402985074627;0,5636363636363636;0,5;0,3333333333333333;1,6090909090909091;2,5;FRACO;204;28900,5;28898,75;28895,0;28893,75;11,0;0,1097560975609756;28900,5;0,0;28895,0;True;51;39;12,0;26;25;7;True;True;True;True;True;True;True;65;False;48;True;54;51;26;39;32;12,0;-6,0;False;0,0;False;1578,8392381084498;1,5;1,0;10;36,5;-10,0;10,0;19,0;7,5;-9,0;-1;2026-07-20 05:00:00;2026-07-20 05:10:00;600;2026-07-20;5;0
2026-07-20 05:10:00;28898,75;28937,25;28893,75;28916,75;28898,75;28916,75;39;1,75;1,0;187;25;38,0;73,0;-35;23,0;51,0;-28;0,527027027027027;1,8974358974358971;-0,7257178722736545;-1,269328409877683;-0,4196978175713486;-0,8496305923063343;-9,25;28930,25;28918,75;-13,5;2,0;-2,5;1926,1603849059884;8;0,0879120879120879;0,2572815533980582;0,226890756302521;0,2065217391304347;0,072463768115942;1,3403361344537814;2,25;FORTE;468;28928,75;28930,0;28915,0;28926,75;24,75;0,4371859296482412;28915,0;0,0;28928,75;True;100;100;12,0;6;94;10;True;True;True;True;True;True;True;155;False;112;True;110;6;100;12;100;-6,0;12,0;False;0,0;False;1926,1603849059884;1,75;1,0;10;43,5;18,0;18,0;20,5;5,0;18,75;1;2026-07-20 05:10:00;2026-07-20 05:20:00;600;2026-07-20;5;10
2026-07-20 05:20:00;28900,25;28908,25;28896,75;28901,75;28900,25;28901,75;13;1,5;0,5;12;10;35,0;26,0;9;13,0;4,0;9;1,3333333333333333;0,75;-0,1010713563776025;0,0510933987328837;-0,0614175162756418;0,1125109150085255;-1,5;28907,0;28901,5;-5,25;-0,25;1,5;651,094058767674;6;0,1454545454545454;0,1959459459459459;0,2948717948717949;0,3958333333333333;0,0;1,455128205128205;2,25;MODERADO;156;28904,25;28909,25;28900,25;28901,75;9,5;0,1145038167938931;28900,25;1,0;28905,5;False;50;42;8,0;21;29;0;True;True;True;True;True;True;False;40;False;32;False;30;50;21;42;23;8,0;-2,0;False;0,0;False;651,094058767674;1,5;0,5;10;11,5;1,5;1,5;6,5;3,5;-15,0;1;2026-07-20 05:20:00;2026-07-20 05:30:00;600;2026-07-20;5;20
2026-07-20 05:30:00;28902,0;28902,5;28863,5;28873,5;28902,0;28873,5;47;1,5;2,0;54;1;16,0;13,0;3;6,0;10,0;-4;1,2142857142857142;0,8235294117647058;-0,1339853955918805;-0,0523231477605692;-0,2170374389582203;0,164714291197651;-2,0;28876,25;28873,5;-2,75;0,0;0,0;2248,0370467967637;5;0,2564102564102564;0,25;0,3611111111111111;0,3043478260869565;0,1666666666666666;1,4444444444444444;2,0;MODERADO;564;28876,25;28878,25;28870,0;28866,0;16,25;0,0431654676258992;28876,25;0,0;28870,0;False;28;20;8,0;21;7;3;True;True;True;True;True;True;False;165;False;123;False;124;28;21;20;27;8,0;-6,0;False;0,0;False;2248,0370467967637;1,5;2,0;10;39,0;-28,5;28,5;0,5;10,0;-28,25;-1;2026-07-20 05:30:00;2026-07-20 05:40:00;600;2026-07-20;5;30
2026-07-20 05:40:00;28874,25;28885,75;28860,75;28885,75;28874,25;28885,75;46;1,5;1,0;211;88;52,0;23,0;29;19,0;2,0;17;2,208333333333333;0,4528301886792453;0,2157031924072476;0,7032348804500703;0,0567665758401453;0,646468304609925;3,0;28886,5;28877,5;-0,75;-8,25;0,0;1995,3259582072192;4;0,6229508196721312;0,2268041237113402;0,1829268292682926;0,2295081967213114;0,3333333333333333;1,274390243902439;2,5;FRACO;552;28886,5;28875,5;28882,75;28872,5;22,25;0,1680672268907563;28882,75;0,0;28882,75;False;85;73;12,0;2;83;5;True;True;True;True;True;True;False;166;False;144;False;101;85;2;73;8;12,0;-6,0;False;0,0;False;1995,3259582072192;1,5;1,0;10;25,0;11,5;11,5;0,0;13,5;12,25;1;2026-07-20 05:40:00;2026-07-20 05:50:00;600;2026-07-20;5;40
2026-07-20 05:50:00;28885,0;28888,75;28865,25;28879,25;28885,0;28879,25;46;1,75;1,0;125;60;4,0;7,0;-3;2,0;3,0;-1;0,625;1,6;0,0950064604393098;2,450980392156863;0,2804577069777877;2,1705226851790758;1,25;28880,25;28878,0;-1,0;-1,25;0,75;1950,756805877349;0;0,5952380952380952;0,3548387096774194;0,2352941176470588;0,1818181818181818;0,5;1,4264705882352942;1,75;FRACO;552;28880,25;28885,75;28878,25;28879,25;10,5;0,056910569105691;28880,25;1,0;28879,25;False;47;39;8,0;12;35;7;True;True;True;True;True;True;False;159;False;125;False;114;47;12;39;14;8,0;-2,0;False;0,0;False;1950,756805877349;1,75;1,0;10;23,5;-5,75;5,75;3,75;14,0;-6,5;-1;2026-07-20 05:50:00;2026-07-20 06:00:00;600;2026-07-20;5;50
2026-07-20 06:00:00;28879,75;28887,5;28859,0;28875,75;28879,75;28875,75;47;1,5;0,5;-158;-96;17,0;5,0;12;5,0;1,0;4;3,0;0,3333333333333333;0,155597048101716;0,150105073551486;1,923076923076923;-1,772971849525437;1,75;28875,25;28869,0;0,5;-6,75;-0,75;2200,82203980456;7;0,4477611940298507;0,1310344827586207;0,032258064516129;0,0;0,0;1,1693548387096775;1,75;FORTE;564;28884,0;28882,5;28867,5;28860,5;30,0;0,0096463022508038;28867,5;0,0;28867,5;False;76;64;12,0;21;55;2;True;True;True;True;True;True;False;156;False;109;False;126;76;21;64;27;12,0;-6,0;False;0,0;False;2200,82203980456;1,5;0,5;10;28,5;-4,0;4,0;7,75;16,75;-3,5;-1;2026-07-20 06:00:00;2026-07-20 06:10:00;600;2026-07-20;6;0
2026-07-20 06:10:00;28876,0;28901,0;28869,25;28886,25;28876,0;28886,25;45;1,25;1,0;31;-24;23,0;14,0;9;5,0;12,0;-7;1,6;0,625;-0,191131498470948;-0,4783163265306123;0,0363583478766724;-0,5146746744072848;-2,5;28890,25;28883,25;-4,0;-3,0;0,0;2056,3821697232997;5;0,0952380952380952;0,1842105263157894;0,2745098039215686;0,25;0,3333333333333333;1,4705882352941178;2,5;MODERADO;540;28890,25;28892,25;28883,25;28884,5;19,5;0,3979591836734694;28883,25;0,0;28890,25;False;51;39;12,0;8;43;2;True;True;True;True;True;True;False;146;False;112;False;115;8;51;14;39;-6,0;12,0;False;0,0;False;2056,3821697232997;1,25;1,0;10;31,75;10,25;10,25;14,75;6,75;10,5;1;2026-07-20 06:10:00;2026-07-20 06:20:00;600;2026-07-20;6;10
2026-07-20 06:20:00;28885,0;28913,75;28885,0;28905,25;28885,0;28905,25;22;1,5;5,0;89;32;17,0;52,0;-35;3,0;15,0;-12;0,3396226415094339;2,9444444444444446;-0,7730732635585158;-0,7730732635585158;0,0;-0,7730732635585158;-3,25;28915,0;28907,0;-9,75;1,75;-0,75;1281,9498739092958;10;0,0;0,0272727272727272;0,0352941176470588;0,0;0,0;1,2176470588235293;1,75;FORTE;264;28915,0;28914,5;28904,0;28912,5;11,75;0,1111111111111111;28904,0;0,0;28912,5;True;94;100;-6,0;22;72;4;True;True;True;True;True;True;True;85;False;69;True;55;22;94;14;100;8,0;-6,0;False;0,0;False;1281,9498739092958;1,5;5,0;10;28,75;20,25;20,25;8,5;0,0;19,0;1;2026-07-20 06:20:00;2026-07-20 06:30:00;600;2026-07-20;6;20
2026-07-20 06:40:00;28935,25;28951,0;28933,75;28945,75;28935,25;28945,75;14;1,25;0,5;102;12;36,0;68,0;-32;2,0;35,0;-33;0,5362318840579711;1,864864864864865;-0,4878930249367545;-0,9626274065685164;-0,3318730917297225;-0,630754314838794;-6,75;28954,5;28946,75;-8,75;1,0;-2,0;564,2965869039804;10;0,0;0,0054945054945054;0,0149253731343283;0,0256410256410256;0,0333333333333333;0,9682835820895522;1,75;FORTE;168;28954,5;28952,5;28950,5;28950,0;11,5;0,2913385826771653;28954,5;0,0;28950,5;True;94;100;-6,0;26;68;6;True;True;True;True;True;True;True;61;False;46;True;41;26;94;14;100;12,0;-6,0;False;0,0;False;564,2965869039804;1,25;0,5;10;17,25;10,5;10,5;5,25;1,5;40,5;1;2026-07-20 06:40:00;2026-07-20 06:50:00;600;2026-07-20;6;40
2026-07-20 06:50:00;28993,0;28998,0;28952,0;28954,0;28993,0;28954,0;25;1,5;1,0;439;197;16,0;33,0;-17;3,0;8,0;-5;0,5;2,0;-0,2765104382690446;-0,3757138563270213;-0,1873060044953441;-0,1884078518316772;-4,0;28959,25;28953,5;-5,25;-0,5;0,0;1221,366392568008;10;0,0037593984962406;0,0079365079365079;0,0178571428571428;0,0333333333333333;0,0;1,2232142857142858;1,75;FORTE;300;28959,25;28955,25;28954,75;28952,25;14,75;0,0277777777777777;28954,75;0,0;28954,75;True;53;59;-6,0;26;27;4;True;True;True;True;True;True;True;95;True;70;False;72;26;53;14;59;12,0;-6,0;False;0,0;False;1221,366392568008;1,5;1,0;10;46,0;-39,0;39,0;5,0;2,0;8,25;-1;2026-07-20 06:50:00;2026-07-20 07:00:00;600;2026-07-20;6;50
2026-07-20 07:00:00;28952,75;28955,25;28929,75;28936,5;28952,75;28936,5;17;1,5;3,0;-19;-39;7,0;7,0;0;3,0;0,0;3;1,0;1,0;0,1273931717259954;0,0;0,0647165415480196;-0,0647165415480196;1,75;28935,75;28934,5;0,75;-2,0;0,0;643,6257354604106;10;0,0158730158730158;0,0975609756097561;0,0625;0,1;0,0;1,34375;1,75;FORTE;204;28937,5;28934,25;28932,5;28931,5;11,0;0,1690140845070422;28932,5;0,0;28932,5;True;64;52;12,0;14;50;2;True;True;True;True;True;True;True;62;False;44;True;45;64;14;52;20;12,0;-6,0;True;0,0;True;643,6257354604106;1,5;3,0;10;25,5;-16,25;16,25;2,5;6,75;-17,5;-1;2026-07-20 07:00:00;2026-07-20 07:10:00;600;2026-07-20;7;0
2026-07-20 07:10:00;28936,0;28943,25;28923,5;28935,25;28936,0;28935,25;46;1,25;1,0;157;45;31,0;13,0;18;8,0;7,0;1;2,2857142857142856;0,4375;0,2354365666621821;0,0;0,4536656181950157;-0,4536656181950157;3,5;28936,0;28927,75;-0,75;-7,5;0,0;1647,133545035089;10;0,0;0,1216216216216216;0,0;0,0;0,0;1,0263157894736843;1,5;FORTE;552;28932,5;28937,75;28927,75;28928,0;10,25;0,1794871794871795;28927,75;0,0;28923,5;False;41;47;-6,0;32;9;12;True;True;True;True;True;True;False;173;False;130;False;121;41;32;47;20;-6,0;12,0;False;0,0;False;1647,133545035089;1,25;1,0;10;19,75;-0,75;0,75;7,25;11,75;-1,25;-1;2026-07-20 07:10:00;2026-07-20 07:20:00;600;2026-07-20;7;10
2026-07-20 07:20:00;28933,0;28960,75;28932,0;28959,0;28933,0;28959,0;45;0,75;1,0;449;120;61,0;61,0;0;13,0;8,0;5;1,0;1,0;-0,1339315609723431;-0,4081632653061224;0,0;-0,4081632653061224;-2,0;28962,25;28958,0;-3,25;-1,0;-1,75;1646,4893257528054;10;0,0944881889763779;0,00390625;0,0;0,0;0,0;0,7481884057971014;1,5;FORTE;540;28962,25;28961,75;28958,0;28957,25;14,75;0,2387096774193548;28962,25;0,0;28958,0;False;43;49;-6,0;31;12;13;True;True;True;True;True;True;False;176;False;134;False;122;31;43;19;49;12,0;-6,0;False;0,0;False;1646,4893257528054;0,75;1,0;10;28,75;26,0;26,0;1,75;1,0;23,75;1;2026-07-20 07:20:00;2026-07-20 07:30:00;600;2026-07-20;7;20
2026-07-20 07:30:00;28959,25;28964,75;28948,5;28955,25;28959,25;28955,25;48;1,5;2,0;-81;-3;5,0;4,0;1;1,0;4,0;-3;1,2;0,8333333333333334;-0,0518815716657443;-7,322175732217573;-0,2628259041211102;-7,059349828096464;-0,75;28957,0;28954,75;-1,75;-0,5;-1,75;2014,3563406777723;10;0,1029411764705882;0,1276595744680851;0,0;0,0;0,0;1,2166666666666666;1,5;FORTE;576;28957,0;28957,0;28954,75;28951,5;9,0;0,0111111111111111;28957,0;0,0;28954,0;False;48;54;-6,0;27;21;10;True;True;True;True;True;True;False;180;False;118;False;143;27;48;19;54;8,0;-6,0;False;0,0;False;2014,3563406777723;1,5;2,0;10;16,25;-4,0;4,0;5,5;6,75;-3,75;-1;2026-07-20 07:30:00;2026-07-20 07:40:00;600;2026-07-20;7;30
2026-07-20 07:40:00;28954,5;28969,5;28950,5;28969,5;28954,5;28969,5;8;1,25;0,5;10;20;46,0;13,0;33;26,0;6,0;20;3,357142857142857;0,2978723404255319;0,5000333355557037;1,6294227188081936;0,2393617021276595;1,390061016680534;7,5;28966,0;28952,5;3,5;-17,0;2,25;447,5156291910205;8;0,1259259259259259;0,1176470588235294;0,1571428571428571;0,2051282051282051;0,0;1,2392857142857143;2,5;FORTE;96;28954,5;28960,75;28950,0;28949,25;11,5;0,0052910052910052;28954,5;0,0;28954,0;True;100;100;8,0;6;94;1;True;True;True;True;True;True;True;36;True;26;False;20;100;6;100;12;8,0;-6,0;False;0,0;False;447,5156291910205;1,25;0,5;10;19,0;15,0;15,0;0,0;4,0;14,25;1;2026-07-20 07:40:00;2026-07-20 07:50:00;600;2026-07-20;7;40
2026-07-20 08:00:00;28984,0;29002,25;28972,0;29002,25;28984,0;29002,25;7;1,0;1,0;-15;-37;38,0;34,0;4;8,0;10,0;-2;1,1142857142857143;0,8974358974358975;0,1774685880599134;0,4622971029381549;0,2128694805984673;0,2494276223396875;2,5;29003,5;28999,0;-1,25;-3,25;0,75;422,27526385339274;10;0,2586206896551724;0,0047846889952153;0,0;0,0;0,0;1,25531914893617;1,5;FORTE;84;29002,0;29003,25;28999,75;28999,0;5,75;0,0467289719626168;28999,75;1,0;29001,0;True;58;54;4,0;9;49;1;True;True;True;True;True;True;True;26;False;17;True;21;58;9;54;19;4,0;-10,0;False;0,0;False;422,27526385339274;1,0;1,0;10;30,25;18,25;18,25;0,0;12,0;32,75;1;2026-07-20 08:00:00;2026-07-20 08:10:00;600;2026-07-20;8;0
2026-07-20 08:10:00;29003,5;29021,0;29000,5;29007,0;29003,5;29007,0;28;1,0;0,0185185185185185;-200;-76;43,0;104,0;-61;26,0;87,0;-61;0,419047619047619;2,386363636363636;-0,7107825716113441;-1,8413299663299665;-0,1945525291828794;-1,6467774371470871;-10,0;29018,0;29012,25;-11,0;5,25;-6,25;1352,2842349849905;10;0,0551181102362204;0,0101522842639593;0,0067567567567567;0,0;0,0;0,964527027027027;1,75;FORTE;336;29015,75;29018,0;29012,5;29008,25;15,25;0,1208791208791208;29015,75;0,0;29008,25;True;94;100;-6,0;22;72;10;True;True;True;True;True;True;True;114;False;89;True;75;22;94;14;100;8,0;-6,0;False;0,0;False;1352,2842349849905;1,0;0,0185185185185185;10;20,5;3,5;3,5;14,0;3,0;4,75;1;2026-07-20 08:10:00;2026-07-20 08:20:00;600;2026-07-20;8;10
2026-07-20 08:20:00;28992,75;28997,0;28990,5;28997,0;28992,75;28997,0;11;1,25;0,5;64;2;73,0;17,0;56;8,0;6,0;2;4,111111111111111;0,2432432432432432;0,2002937641874749;0,573394495412844;0,2278481012658227;0,3455463941470212;3,0;28996,75;28990,0;0,25;-7,0;1,0;477,04158888779;10;0,015625;0,0;0,0;0,0;0,0;0,8441558441558441;1,5;FORTE;132;28992,0;28993,0;28989,75;28989,25;5,0;0,0364963503649635;28992,0;1,0;28992,75;True;90;100;-10,0;18;72;5;True;True;True;True;True;True;True;46;True;38;False;29;90;18;100;14;-10,0;4,0;False;0,0;False;477,04158888779;1,25;0,5;10;6,5;4,25;4,25;0,0;2,25;-10,0;1;2026-07-20 08:20:00;2026-07-20 08:30:00;600;2026-07-20;8;20
2026-07-20 08:30:00;29032,75;29102,25;29032,75;29086,5;29032,75;29086,5;30;1,0;2,0;502;102;27,0;61,0;-34;17,0;27,0;-10;0,4516129032258064;2,2142857142857144;-0,3429120087785474;-1,027749229188078;0,0;-1,027749229188078;-5,0;29094,0;29088,0;-7,5;1,5;-2,5;5046,894043462517;9;0,0946745562130177;0,0570342205323193;0,094017094017094;0,1212121212121212;0,1785714285714285;1,2606837606837606;2,25;FORTE;360;29093,75;29094,0;29088,0;29090,0;6,0;0,0434782608695652;29088,0;1,0;29090,25;True;98;100;-2,0;21;77;17;True;True;True;True;True;True;True;136;True;93;True;110;21;98;13;100;8,0;-2,0;True;0,0;True;5046,894043462517;1,0;2,0;10;69,5;53,75;53,75;15,75;0,0;89,5;1;2026-07-20 08:30:00;2026-07-20 08:40:00;600;2026-07-20;8;30
2026-07-20 08:40:00;29069,5;29070,75;29064,5;29065,25;29069,5;29065,25;8;1,25;2,0;-7;-36;24,0;28,0;-4;9,0;17,0;-8;0,8620689655172413;1,16;-0,3691463929123892;0,1039933444259567;-0,4749465685110425;0,5789399129369992;-5,25;29070,75;29064,75;-5,5;-0,5;0,25;588,1154394046772;10;0,1618075801749271;0,065359477124183;0,1212121212121212;0,0;0,0;1,1893939393939394;2,0;FORTE;96;29070,5;29070,75;29063,0;29067,75;9,25;0,0;29063,0;0,0;29070,5;False;49;37;12,0;30;19;0;True;True;True;False;True;True;False;26;False;23;False;18;30;49;36;37;-6,0;12,0;False;0,0;False;588,1154394046772;1,25;2,0;10;6,25;-4,25;4,25;1,25;0,75;-21,25;-1;2026-07-20 08:40:00;2026-07-20 08:50:00;600;2026-07-20;8;40
2026-07-20 08:50:00;29063,5;29084,25;29052,0;29084,25;29063,5;29084,25;24;1,25;1,0;530;189;42,0;20,0;22;20,0;7,0;13;2,0476190476190474;0,4883720930232558;0,2217673149095871;0,2450980392156862;0,121153380179307;0,1239446590363792;3,25;29083,75;29075,25;0,5;-9,0;1,25;1275,957574640437;10;0,138996138996139;0,04;0,0136986301369863;0,0;0,0;1,1712328767123288;1,75;FORTE;288;29083,75;29080,75;29077,5;29073,75;13,5;0,25;29083,75;0,0;29077,75;True;100;100;12,0;8;92;14;True;True;True;True;True;True;True;106;True;92;False;62;100;8;100;14;12,0;-6,0;False;0,0;False;1275,957574640437;1,25;1,0;10;32,25;20,75;20,75;0,0;11,5;19,0;1;2026-07-20 08:50:00;2026-07-20 09:00:00;600;2026-07-20;8;50
2026-07-20 10:00:00;29043,5;29046,0;29043,5;29044,5;29043,5;29044,5;4;1,0;1,0;-54;-11;32,0;45,0;-13;8,0;8,0;0;0,717391304347826;1,393939393939394;0,1173787645046616;0,0591156301726176;0,2212669111139208;-0,1621512809413032;1,75;29047,25;29041,5;-2,75;-3,0;-0,75;260,7899963991074;10;0,0052356020942408;0,0;0,0;0,0;0,0;0,9453125;1,5;FORTE;48;29047,25;29047,25;29044,0;29041,5;5,75;0,0625;29044,0;0,0;29043,75;False;35;45;-10,0;31;4;1;True;True;True;True;True;True;False;18;False;7;False;17;31;35;27;45;4,0;-10,0;False;0,0;False;260,7899963991074;1,0;1,0;10;2,5;1,0;1,0;1,5;0,0;-39,75;1;2026-07-20 10:00:00;2026-07-20 10:10:00;600;2026-07-20;10;0
2026-07-20 10:10:00;29044,25;29057,0;29024,5;29036,0;29044,25;29036,0;34;0,75;1,0;107;14;48,0;52,0;-4;5,0;15,0;-10;0,9245283018867924;1,0816326530612246;-0,0169698615259299;-0,0814332247557003;-0,1758087201125175;0,0943754953568172;-0,25;29039,25;29033,5;-3,25;-2,5;-1,25;2254,818052252421;10;0,0056497175141242;0,0;0,0;0,0;0,0;0,7564102564102564;1,5;FORTE;408;29039,25;29039,0;29034,75;29033,5;11,75;0,0425531914893617;29034,75;0,0;29036,0;True;32;20;12,0;29;3;6;True;True;True;True;True;True;True;127;True;100;False;87;32;29;20;35;12,0;-6,0;False;0,0;False;2254,818052252421;0,75;1,0;10;32,5;-8,25;8,25;12,75;11,5;-8,5;-1;2026-07-20 10:10:00;2026-07-20 10:20:00;600;2026-07-20;10;10
2026-07-20 10:20:00;29040,5;29051,75;29038,5;29051,75;29040,5;29051,75;30;1,0;0,5;69;24;159,0;108,0;51;54,0;36,0;18;1,4678899082568808;0,68125;0,4037685060565276;0,6377551020408163;0,3472593225771984;0,2904957794636179;6,0;29050,5;29040,75;1,25;-11,0;2,5;2058,6062663716953;10;0,2217294900221729;0,0;0,0;0,0;0,0;0,7788461538461539;1,5;FORTE;360;29051,75;29050,5;29049,75;29048,0;8,75;0,0849673202614379;29049,75;1,0;29042,5;True;98;100;-2,0;22;76;2;True;True;True;True;True;True;True;109;True;87;False;78;98;22;100;14;-2,0;8,0;False;0,0;False;2058,6062663716953;1,0;0,5;10;13,25;11,25;11,25;0,0;2,0;15,75;1;2026-07-20 10:20:00;2026-07-20 10:30:00;600;2026-07-20;10;20
2026-07-20 10:30:00;29067,25;29160,0;29054,75;29130,75;29067,25;29130,75;30;1,0;4,0;508;134;774,0;722,0;52;216,0;150,0;66;1,0719225449515906;0,9329032258064516;0,4846256684491978;0,0;0,8048289738430584;-0,8048289738430584;7,25;29139,0;29119,5;-8,25;-11,25;1,25;12153,900833644464;10;0,0;0,0022641509433962;0,0020604395604395;0,0014005602240896;0,0;0,7079326923076923;2,25;FORTE;360;29132,0;29131,75;29129,5;29129,5;9,0;0,0921985815602836;29129,5;1,0;29153,75;True;80;72;8,0;14;66;25;True;True;True;True;True;True;True;139;True;108;False;100;80;14;72;20;8,0;-6,0;True;2,0;True;12153,900833644464;1,0;4,0;10;105,25;63,5;63,5;29,25;12,5;79,0;1;2026-07-20 10:30:00;2026-07-20 10:40:00;600;2026-07-20;10;30
2026-07-20 10:40:00;29131,5;29188,5;29125,75;29126,75;29131,5;29126,75;36;0,75;1,0;320;-201;328,0;410,0;-82;93,0;100,0;-7;0,8004866180048662;1,249240121580547;-0,1166666666666666;-0,6541867954911433;0,1502855425308085;-0,8044723380219518;-1,75;29137,0;29125,25;-10,25;-1,5;-3,75;12296,764459467533;10;0,0080946450809464;0,0;0,0;0,0;0,0;0,6974181360201511;1,25;FORTE;432;29130,5;29133,0;29127,5;29130,75;7,0;0,0209790209790209;29130,5;0,0;29130,5;True;93;81;12,0;8;85;25;True;True;True;True;True;True;True;167;True;121;True;118;8;93;14;81;-6,0;12,0;True;0,0;True;12296,764459467533;0,75;1,0;10;62,75;-4,75;4,75;57,0;1,0;-4,0;-1;2026-07-20 10:40:00;2026-07-20 10:50:00;600;2026-07-20;10;40
2026-07-20 10:50:00;29125,25;29128,5;28988,75;28997,75;29125,25;28997,75;46;1,0;1,0;-1293;-416;443,0;341,0;102;149,0;94,0;55;1,2982456140350878;0,7702702702702703;0,1338956952533976;1,2521777003484322;-0,2517116391461941;1,5038893394946262;2,0;29000,0;28985,5;-2,25;-12,25;3,75;16623,368026298605;10;0,0016163793103448;0,0061582188536238;0,0105882352941176;0,0213903743315508;0,0;0,9214705882352942;2,0;FORTE;552;28997,0;28996,0;28994,0;28991,5;7,75;0,0845070422535211;28994,0;1,0;28993,75;True;87;89;-2,0;22;65;34;True;True;True;True;True;True;True;214;False;148;True;164;87;22;89;14;-2,0;8,0;True;1,0;True;16623,368026298605;1,0;1,0;10;139,75;-127,5;127,5;3,25;9,0;-129,0;-1;2026-07-20 10:50:00;2026-07-20 11:00:00;600;2026-07-20;10;50
2026-07-20 11:00:00;28998,5;29044,25;28964,25;29000,25;28998,5;29000,25;36;1,0;0,5;443;60;248,0;323,0;-75;54,0;146,0;-92;0,7685185185185185;1,3012048192771084;-1,3353809174066902;-3,439206959336436;-0,2272497727502272;-3,211957186586208;-20,0;29023,5;29003,0;-23,25;2,75;-4,25;13413,555126439034;10;0,0113717128642501;0,0054421768707482;0,0126182965299684;0,0117302052785923;0,0239520958083832;0,998422712933754;1,75;FORTE;432;29007,25;29005,25;28997,75;28999,0;20,25;0,4514285714285714;28997,75;1,0;29000,25;True;100;100;8,0;8;92;26;True;True;True;True;True;True;True;166;True;124;True;123;8;100;14;100;-6,0;8,0;True;0,0;True;13413,555126439034;1,0;0,5;10;80,0;1,75;1,75;44,0;34,25;2,5;1;2026-07-20 11:00:00;2026-07-20 11:10:00;600;2026-07-20;11;0
2026-07-20 11:10:00;28979,0;28997,25;28942,75;28946,5;28979,0;28946,5;27;0,75;1,0;-283;155;219,0;258,0;-39;63,0;96,0;-33;0,8494208494208494;1,1772727272727272;-0,7168100286724012;-1,2815255279885176;-0,4640610498092193;-0,8174644781792982;-10,75;28967,0;28949,5;-20,5;3,0;-5,25;10506,476277524333;10;0,0006265664160401;0,0007836990595611;0,0018796992481203;0,0;0,0;0,8956766917293233;1,75;FORTE;324;28949,25;28952,5;28946,75;28950,0;8,5;0,1338582677165354;28949,25;0,0;28949,25;True;100;100;12,0;8;92;19;True;True;True;True;True;True;True;132;True;86;True;95;8;100;14;100;-6,0;12,0;True;0,0;True;10506,476277524333;0,75;1,0;10;54,5;-32,5;32,5;18,25;3,75;-53,75;-1;2026-07-20 11:10:00;2026-07-20 11:20:00;600;2026-07-20;11;10
2026-07-20 11:20:00;28941,0;29022,5;28913,25;29022,5;28941,0;29022,5;17;1,0;2,0;585;322;388,0;290,0;98;195,0;121,0;74;1,3367697594501715;0,7480719794344473;0,9693161307574036;0,0;1,4562619262830168;-1,4562619262830168;14,5;29025,0;28999,25;-2,5;-23,25;-1,0;6171,588293344454;10;0,0;0,0007930214115781;0,001386962552011;0,0019801980198019;0,0;0,7853675450762829;1,75;FORTE;204;29027,75;29025,0;29023,0;29022,0;12,5;0,2167832167832167;29023,0;0,0;29023,0;True;79;67;12,0;24;55;11;True;True;True;True;True;True;True;84;True;72;False;47;79;24;67;30;12,0;-6,0;True;1,0;True;6171,588293344454;1,0;2,0;10;109,25;81,5;81,5;0,0;27,75;76,0;1;2026-07-20 11:20:00;2026-07-20 11:30:00;600;2026-07-20;11;20
2026-07-20 11:30:00;29023,75;29046,5;28974,0;28999,0;29023,75;28999,0;25;1,0;0,5;6;-91;263,0;196,0;67;66,0;56,0;10;1,3401015228426396;0,7462121212121212;0,4427792915531335;-0,5887390280453864;0,7286353700426773;-1,3173743980880637;6,5;29003,0;28983,25;-4,0;-15,75;-1,25;8187,03356506815;10;0,0228215767634854;0,0028873917228103;0,0;0,0;0,0;0,9151785714285714;1,5;FORTE;300;29001,5;29003,0;28997,5;28999,5;5,75;0,0441176470588235;28997,5;0,0;28978,0;True;53;59;-6,0;48;5;18;True;True;True;True;True;True;True;123;False;91;True;83;53;48;59;36;-6,0;12,0;True;0,0;True;8187,03356506815;1,0;0,5;10;72,5;-24,75;24,75;22,75;25,0;-23,5;-1;2026-07-20 11:30:00;2026-07-20 11:40:00;600;2026-07-20;11;30
2026-07-20 11:40:00;28990,75;29006,75;28931,75;28937,5;28990,75;28937,5;36;1,0;1,0;-1513;-636;301,0;242,0;59;90,0;61,0;29;1,242798353909465;0,804635761589404;0,0837016204633721;-0,45;0,3523962948046718;-0,8023962948046718;1,25;28950,25;28929,0;-12,75;-8,5;3,75;11532,18729900462;10;0,0160390516039051;0,0026690391459074;0,0;0,0;0,0;0,8799654576856649;1,5;FORTE;432;28940,5;28933,75;28933,5;28930,0;14,0;0,1862745098039215;28933,5;2,0;28943,5;True;75;77;-2,0;34;41;29;True;True;True;True;True;True;True;169;True;104;True;145;75;34;77;26;-2,0;8,0;True;1,0;True;11532,18729900462;1,0;1,0;10;75,0;-53,25;53,25;16,0;5,75;-61,5;-1;2026-07-20 11:40:00;2026-07-20 11:50:00;600;2026-07-20;11;40
2026-07-20 11:50:00;28929,75;28940,25;28879,5;28898,25;28929,75;28898,25;42;0,75;1,5;-557;-90;427,0;343,0;84;122,0;64,0;58;1,244186046511628;0,8037383177570093;0,9442233762730154;1,954691259021652;0,3585330874820733;1,5961581715395787;14,0;28893,5;28874,0;4,75;-24,25;3,75;13433,287583212643;10;0,0063842135809634;0,0188415910676901;0,0330073349633251;0,0;0,0;0,8526894865525673;2,25;FORTE;504;28891,25;28890,25;28887,75;28885,75;17,25;0,3142857142857143;28887,75;0,0;28887,75;True;100;100;12,0;8;92;26;True;True;True;True;True;True;True;193;True;143;False;143;100;8;100;14;12,0;-6,0;True;0,0;True;13433,287583212643;0,75;1,5;10;60,75;-31,5;31,5;10,5;18,75;-39,25;-1;2026-07-20 11:50:00;2026-07-20 12:00:00;600;2026-07-20;11;50
2026-07-20 12:00:00;28914,25;28981,5;28899,25;28981,5;28914,25;28981,5;29;0,75;1,0;621;301;378,0;273,0;105;190,0;133,0;57;1,3832116788321167;0,7229551451187335;1,307934804480515;1,3081102837593075;1,2137149792657025;0,0943953044936052;19,5;28980,25;28957,75;1,25;-23,75;6,0;8189,873992850876;10;0,0008510638297872;0,0112585444310414;0,0013642564802182;0,0;0,0;0,929399727148704;1,75;FORTE;348;28985,5;28979,75;28975,0;28976,0;22,75;0,4396135265700483;28985,5;0,0;28964,5;True;100;100;8,0;8;92;23;True;True;True;True;True;True;True;144;True;113;True;79;100;8;100;14;8,0;-6,0;True;0,0;True;8189,873992850876;0,75;1,0;10;82,25;67,25;67,25;0,0;15,0;83,25;1;2026-07-20 12:00:00;2026-07-20 12:10:00;600;2026-07-20;12;0
2026-07-20 12:10:00;28950,0;28993,25;28942,5;28972,5;28950,0;28972,5;21;0,75;1,0;-122;112;235,0;285,0;-50;79,0;87,0;-8;0,8251748251748252;1,2118644067796611;0,2667022269635951;0,3001200480192076;0,252092366643138;0,0480276813760696;4,0;28990,0;28966,25;-17,5;-6,25;-1,0;5701,958561489879;10;0,0;0,0010604453870625;0,0017123287671232;0,0;0,0;0,7679794520547946;1,75;FORTE;252;28973,5;28975,5;28971,25;28967,25;9,25;0,1969696969696969;28973,5;1,0;28989,25;True;50;56;-6,0;47;3;13;True;True;True;True;True;True;True;90;True;76;False;63;47;50;39;56;8,0;-6,0;True;0,0;True;5701,958561489879;0,75;1,0;10;50,75;22,5;22,5;20,75;7,5;-9,0;1;2026-07-20 12:10:00;2026-07-20 12:20:00;600;2026-07-20;12;10
2026-07-20 12:20:00;28978,5;29014,75;28961,25;29007,0;28978,5;29007,0;35;0,5;1,0;591;74;351,0;249,0;102;150,0;82,0;68;1,408;0,7102272727272727;0,8382510729613734;0,2507019655034095;1,1353315168029063;-0,8846295512994968;12,5;29007,0;28984,0;0,0;-23,0;0,75;9082,33161482732;10;0,0;0,0;0,0;0,0;0,0;0,7397875816993464;1,5;FORTE;420;29006,75;29006,25;29003,0;29004,5;13,25;0,3185185185185185;29006,75;1,0;28975,5;True;71;77;-6,0;28;43;19;True;True;True;True;True;True;True;145;True;128;True;102;71;28;77;20;-6,0;8,0;True;1,0;True;9082,33161482732;0,5;1,0;10;53,5;28,5;28,5;7,75;17,25;34,5;1;2026-07-20 12:20:00;2026-07-20 12:30:00;600;2026-07-20;12;20
2026-07-20 12:30:00;29017,75;29028,25;29000,0;29000,0;29017,75;29000,0;47;1,0;1,0;8;-35;217,0;313,0;-96;36,0;147,0;-111;0,6942675159235668;1,4403669724770642;-1,1886426036295452;-2,679134271905862;-0,5109175002689039;-2,168216771636958;-17,75;29020,25;29001,25;-20,25;1,25;-6,0;11294,786515629037;10;0,0;0,0140127388535031;0,0200729927007299;0,0;0,0;0,7650547445255474;2,0;FORTE;564;29016,0;29020,25;29004,5;29007,75;15,75;0,2164948453608247;29004,5;0,0;29007,25;True;100;100;12,0;8;92;26;True;True;True;True;True;True;True;196;False;162;True;137;8;100;14;100;-6,0;12,0;True;0,0;True;11294,786515629037;1,0;1,0;10;28,25;-17,75;17,75;10,5;0,0;-7,0;-1;2026-07-20 12:30:00;2026-07-20 12:40:00;600;2026-07-20;12;30
2026-07-20 12:40:00;29011,25;29029,75;28978,0;28978,0;29011,25;28978,0;32;0,75;1,0;43;71;136,0;184,0;-48;42,0;41,0;1;0,7405405405405405;1,3503649635036497;-0,5175292153589316;-1,800360072014403;0,076742044408063;-1,8771021164224664;-7,75;28989,5;28980,5;-11,5;2,5;-4,75;7424,14305225625;10;0,0028544243577545;0,0;0,0;0,0;0,0;0,7379943502824858;1,5;FORTE;384;28987,75;28984,5;28981,75;28982,0;9,0;0,1656441717791411;28987,75;0,0;28984,75;True;100;96;8,0;13;87;16;True;True;True;True;True;True;True;139;True;102;True;105;13;100;19;96;-6,0;8,0;True;0,0;True;7424,14305225625;0,75;1,0;10;51,75;-33,25;33,25;18,5;0,0;-22,0;-1;2026-07-20 12:40:00;2026-07-20 12:50:00;600;2026-07-20;12;40
2026-07-20 12:50:00;29011,75;29051,75;29011,75;29051,75;29011,75;29051,75;15;0,75;0,3333333333333333;1268;452;371,0;295,0;76;224,0;131,0;93;1,2567567567567568;0,7956989247311828;0,984383342231714;1,3744654856444718;0,75765228810991;0,6168131975345618;14,75;29049,25;29032,5;2,5;-19,25;4,0;3516,1979166899264;10;0,0;0,0;0,0;0,0;0,0;0,6815169366715759;1,5;FORTE;180;29055,25;29052,0;29053,25;29047,25;16,0;0,2789115646258503;29053,25;0,0;29053,25;True;100;100;12,0;8;92;12;True;True;True;True;True;True;True;68;True;68;False;31;100;8;100;14;12,0;-6,0;False;0,0;False;3516,1979166899264;0,75;0,3333333333333333;10;40,0;40,0;40,0;0,0;0,0;73,75;1;2026-07-20 12:50:00;2026-07-20 13:00:00;600;2026-07-20;12;50
2026-07-20 13:00:00;29036,75;29102,5;29031,75;29102,5;29036,75;29102,5;24;0,5;3,0;732;176;299,0;219,0;80;91,0;75,0;16;1,3636363636363635;0,7333333333333333;0,2000133342222814;0,9503801520608244;-0,1771434355704018;1,1275235876312262;3,0;29100,0;29093,0;2,5;-9,5;2,75;5478,262448976975;10;0,0208212839791787;0,0;0,0;0,0;0,0;0,6482820976491862;1,25;FORTE;288;29098,0;29100,0;29093,0;29093,75;9,25;0,1337579617834395;29098,0;1,0;29096,75;True;100;100;8,0;12;88;19;True;True;True;True;True;True;True;105;True;89;False;72;100;12;100;14;8,0;-2,0;True;1,0;True;5478,262448976975;0,5;3,0;10;70,75;65,75;65,75;0,0;5,0;50,75;1;2026-07-20 13:00:00;2026-07-20 13:10:00;600;2026-07-20;13;0
2026-07-20 13:10:00;29100,5;29106,25;29096,0;29096,0;29100,5;29096,0;9;0,75;3,0;-475;-219;171,0;278,0;-107;68,0;84,0;-16;0,6164874551971327;1,622093023255814;-0,4;-0,45;-0,3778337531486145;-0,0721662468513854;-6,0;29108,25;29096,75;-12,25;0,75;-0,5;1506,4985136766425;10;0,0;0,0;0,0;0,0;0,0;0,6678427419354839;1,0;FORTE;108;29097,5;29099,5;29094,0;29097,5;14,25;0,3088235294117647;29097,5;0,0;29097,5;True;100;100;12,0;8;92;8;True;True;True;True;True;True;True;44;False;20;True;43;8;100;14;100;-6,0;12,0;False;0,0;False;1506,4985136766425;0,75;3,0;10;10,25;-4,5;4,5;5,75;0,0;-6,5;-1;2026-07-20 13:10:00;2026-07-20 13:20:00;600;2026-07-20;13;10
2026-07-20 13:20:00;29075,25;29075,25;29075,25;29075,25;29075,25;29075,25;1;0,5;1,0;-121;-12;318,0;438,0;-120;135,0;146,0;-11;0,7266514806378133;1,3761755485893417;-0,3345824411134904;-0,9105625252934034;-0,0507202272266179;-0,8598422980667855;-5,0;29097,75;29076,75;-22,5;1,5;-2,5;239,1595289079229;10;0,0;0,0;0,0;0,0;0,0;0,5816195372750642;1,25;FORTE;12;29082,0;29079,75;29072,75;29077,0;25,0;0,3859649122807017;29072,75;0,0;29079,75;True;100;100;8,0;8;92;1;True;True;True;True;True;True;True;7;False;1;True;7;8;100;14;100;-6,0;8,0;False;0,0;False;239,1595289079229;0,5;1,0;10;0,0;0,0;0,0;0,0;0,0;-20,75;0;2026-07-20 13:20:00;2026-07-20 13:30:00;600;2026-07-20;13;20
2026-07-20 13:30:00;29048,5;29048,5;29048,5;29048,5;29048,5;29048,5;1;0,75;2,0;-211;-55;222,0;434,0;-212;70,0;124,0;-54;0,5126436781609195;1,9506726457399104;-0,7183908045977011;-1,2492192379762648;-0,3824189271874362;-0,8668003107888285;-10,75;29065,5;29050,25;-17,0;1,75;-6,5;200,94894413258487;10;0,0;0,0;0,0;0,0;0,0;0,6471684053651267;1,0;FORTE;12;29056,0;29055,5;29050,25;29053,75;15,25;0,2317073170731707;29056,0;0,0;29056,75;True;100;100;8,0;8;92;1;True;True;True;True;True;True;True;7;False;1;True;7;8;100;14;100;-6,0;8,0;False;0,0;False;200,94894413258487;0,75;2,0;10;0,0;0,0;0,0;0,0;0,0;-26,75;0;2026-07-20 13:30:00;2026-07-20 13:40:00;600;2026-07-20;13;30
2026-07-20 13:40:00;28996,25;29042,0;28993,0;29042,0;28996,25;29042,0;33;0,75;1,0;360;382;143,0;114,0;29;69,0;21,0;48;1,2521739130434784;0,7986111111111112;0,3169836503169836;0,7763975155279503;0,1262626262626262;0,650134889265324;4,75;29040,25;29032,0;1,75;-10,0;3,5;8195,969027650406;10;0,0025445292620865;0,0;0,0;0,0;0,0;0,7826460481099656;1,25;FORTE;396;29042,75;29036,5;29034,5;29032,0;10,75;0,1049723756906077;29042,75;0,0;29034,5;True;100;100;12,0;8;92;22;True;True;True;True;True;True;True;153;True;127;False;96;100;8;100;14;12,0;-6,0;True;1,0;True;8195,969027650406;0,75;1,0;10;49,0;45,75;45,75;0,0;3,25;-6,5;1;2026-07-20 13:40:00;2026-07-20 13:50:00;600;2026-07-20;13;40
2026-07-20 13:50:00;29007,25;29012,5;28996,75;29006,5;29007,25;29006,5;9;0,75;1,0;-965;-115;159,0;124,0;35;63,0;39,0;24;1,28;0,78125;0,5262085822922324;1,0112359550561798;0,367492650146997;0,6437433049091827;7,75;29003,75;28995,0;2,75;-11,5;3,75;1623,0305138284268;10;0,0884353741496598;0,0049627791563275;0,0;0,0;0,0;0,7929447852760736;1,25;FORTE;108;29003,75;29000,5;29000,5;28998,25;9,0;0,0050761421319796;29000,5;1,0;28998,5;True;98;100;-2,0;22;76;7;True;True;True;True;True;True;True;46;True;24;False;38;98;22;100;14;-2,0;8,0;False;0,0;False;1623,0305138284268;0,75;1,0;10;15,75;-0,75;0,75;5,25;9,75;-35,5;-1;2026-07-20 13:50:00;2026-07-20 14:00:00;600;2026-07-20;13;50
2026-07-20 14:00:00;28967,5;28969,25;28940,75;28961,0;28967,5;28961,0;39;0,25;1,0;-48;102;213,0;124,0;89;120,0;27,0;93;1,712;0,5841121495327103;0,4625822368421052;0,6703795379537953;0,319693094629156;0,3506864433246393;6,75;28959,5;28946,75;1,5;-14,25;2,5;7075,33914016287;10;0,0;0,0;0,0;0,0;0,0;0,6800554016620498;1,25;FORTE;468;28957,75;28955,0;28955,75;28952,0;13,25;0,2980132450331126;28955,75;0,0;28955,75;True;100;100;12,0;8;92;19;True;True;True;True;True;True;True;157;True;124;False;122;100;8;100;14;12,0;-6,0;False;0,0;False;7075,33914016287;0,25;1,0;10;28,5;-6,5;6,5;1,75;20,25;-45,5;-1;2026-07-20 14:00:00;2026-07-20 14:10:00;600;2026-07-20;14;0
2026-07-20 14:10:00;28926,5;28956,75;28913,75;28951,0;28926,5;28951,0;20;0,5;0,5;152;30;156,0;198,0;-42;65,0;55,0;10;0,7889447236180904;1,267515923566879;-0,2833522234815654;0,2500500100020004;-0,5556116779472674;0,8056616879492677;-4,25;28959,25;28947,0;-8,25;-4,0;1,5;4118,7050415109725;10;0,0;0,0;0,0;0,0;0,0;0,671994884910486;1,0;FORTE;240;28949,5;28955,25;28947,0;28951,75;13,25;0,2670807453416149;28949,5;2,0;28947,25;True;57;49;8,0;52;5;11;True;True;True;True;True;True;True;82;True;70;False;58;57;52;49;54;8,0;-2,0;False;0,0;False;4118,7050415109725;0,5;0,5;10;43,0;24,5;24,5;5,75;12,75;-10,0;1;2026-07-20 14:10:00;2026-07-20 14:20:00;600;2026-07-20;14;10
2026-07-20 14:20:00;28956,75;28974,5;28946,75;28971,25;28956,75;28971,25;16;1,0;1,0;116;85;132,0;107,0;25;50,0;32,0;18;1,2314814814814814;0,8120300751879699;0,3855954935622317;0,6535171102661597;0,4768850987432674;0,1766320115228922;5,75;28971,0;28960,0;0,25;-11,25;1,5;2677,151186104553;10;0,0;0,0;0,0;0,0;0,0;0,7106227106227107;1,25;FORTE;192;28972,5;28971,0;28968,5;28964,25;12,5;0,3197278911564626;28972,5;0,0;28968,5;True;100;100;12,0;8;92;10;True;True;True;True;True;True;True;66;True;60;False;43;100;8;100;14;12,0;-6,0;False;0,0;False;2677,151186104553;1,0;1,0;10;27,75;14,5;14,5;3,25;10,0;20,25;1;2026-07-20 14:20:00;2026-07-20 14:30:00;600;2026-07-20;14;20
2026-07-20 14:40:00;28929,75;28944,5;28904,25;28932,75;28929,75;28932,75;9;1,0;1,0;-52;28;207,0;228,0;-21;54,0;76,0;-22;0,9082969432314412;1,1009615384615383;-0,5507343124165553;-1,167728237791932;-0,2582377853527527;-0,9094904524391793;-8,25;28949,5;28933,25;-16,75;0,5;-1,0;1620,3633097317977;10;0,0;0,0;0,0;0,0;0,0;0,7053388090349076;1,25;FORTE;108;28939,5;28939,75;28933,25;28937,0;16,25;0,0984455958549222;28933,25;1,0;28939,25;True;98;100;-2,0;22;76;8;True;True;True;True;True;True;True;49;True;27;True;38;22;98;14;100;8,0;-2,0;True;0,0;True;1620,3633097317977;1,0;1,0;10;40,25;3,0;3,0;11,75;25,5;-38,5;1;2026-07-20 14:40:00;2026-07-20 14:50:00;600;2026-07-20;14;40
2026-07-20 14:50:00;28968,25;28973,75;28968,25;28973,75;28968,25;28973,75;2;0,75;0,25;272;46;372,0;229,0;143;110,0;86,0;24;1,6217391304347826;0,6166219839142091;0,2001067235859124;0,4022526146419952;0,1007962906965023;0,3014563239454928;3,0;28972,5;28956,25;1,25;-17,5;1,5;376,4068612140668;10;0,0;0,0;0,0;0,0;0,0;0,6601941747572816;1,25;FORTE;24;28973,0;28971,75;28969,5;28968,25;9,5;0,2773109243697479;28973,0;0,0;28969,5;True;100;100;12,0;8;92;2;True;True;True;True;True;True;True;11;True;11;False;4;100;8;100;14;12,0;-6,0;False;0,0;False;376,4068612140668;0,75;0,25;10;5,5;5,5;5,5;0,0;0,0;41,0;1;2026-07-20 14:50:00;2026-07-20 15:00:00;600;2026-07-20;14;50
2026-07-20 15:00:00;28982,75;28982,75;28973,75;28981,0;28982,75;28981,0;4;0,75;1,0;-70;-97;157,0;89,0;68;56,0;20,0;36;1,7555555555555555;0,569620253164557;0,2061713971548347;0,790638836179633;0,0558035714285714;0,7348352647510616;3,0;28980,5;28965,25;0,5;-15,75;0,5;844,9712778236088;10;0,0;0,0;0,0;0,0;0,0;0,7064056939501779;1,0;FORTE;48;28982,5;28979,0;28976,25;28975,0;17,25;0,4394904458598726;28982,5;0,0;28976,25;True;100;100;12,0;8;92;4;True;True;True;True;True;True;True;24;True;17;True;14;100;8;100;14;12,0;-6,0;False;0,0;False;844,9712778236088;0,75;1,0;10;9,0;-1,75;1,75;0,0;7,25;7,25;-1;2026-07-20 15:00:00;2026-07-20 15:10:00;600;2026-07-20;15;0
2026-07-20 15:10:00;28996,75;28998,5;28983,25;28983,25;28996,75;28983,25;16;0,75;2,0;-601;-184;96,0;122,0;-26;28,0;34,0;-6;0,7886178861788617;1,268041237113402;-0,2826455624646693;-1,390076988879384;0,1639344262295081;-1,5540114151088922;-4,0;28990,75;28981,75;-7,5;-1,5;-2,0;6475,770295298693;10;0,0;0,0;0,0;0,0;0,0;0,625;1,0;FORTE;192;28990,75;28990,75;28988,75;28981,75;12,0;0,0136986301369863;28990,75;0,0;28984,0;False;89;81;8,0;8;81;8;True;True;True;True;True;True;False;68;False;34;False;65;8;89;14;81;-6,0;8,0;True;0,0;True;6475,770295298693;0,75;2,0;10;15,25;-13,5;13,5;1,75;0,0;2,25;-1;2026-07-20 15:10:00;2026-07-20 15:20:00;600;2026-07-20;15;10
2026-07-20 15:20:00;28977,75;28977,75;28977,75;28977,75;28977,75;28977,75;1;1,0;0,6666666666666666;-296;-296;728,0;1025,0;-297;728,0;1025,0;-297;0,7105263157894737;1,4074074074074074;-0,7659760723665013;-2,0504100820164037;2,8378378378378377;-4,888247919854241;-5,25;28996,25;28968,0;-18,5;-9,75;9,75;2673,47534286548;7;;0,0079617834394904;0,0079617834394904;0,0079617834394904;0,0101419878296146;0,705015923566879;2,75;FORTE;12;28977,75;28976,5;28975,25;28973,75;16,25;0,1351351351351351;28975,25;1,0;28984,0;False;84;76;8,0;19;65;1;True;True;True;False;False;True;False;5;False;2;False;5;19;84;21;76;-2,0;8,0;False;0,0;False;2673,47534286548;1,0;0,6666666666666666;10;0,0;0,0;0,0;0,0;0,0;-5,5;0;2026-07-20 15:20:00;2026-07-20 15:30:00;600;2026-07-20;15;20
2026-07-20 15:30:00;28956,25;28958,25;28956,25;28958,25;28956,25;28958,25;2;0,5;2,0;-168;-168;724,0;646,0;78;724,0;646,0;78;1,1205564142194746;0,8924137931034483;0,2873563218390805;0,5575831305758313;-9,615384615384617;10,172967745960449;1,5;28957,0;28932,0;1,25;-26,25;15,0;9248,54867217776;7;;0,0007710100231303;0,0007710100231303;0,0007710100231303;0,0007849293563579;0,686969930609098;2,75;FORTE;24;28960,75;28961,75;28958,75;28955,0;12,0;0,2867132867132867;28960,75;1,0;28984,0;True;94;100;-6,0;19;75;2;True;True;True;True;True;True;True;11;True;10;False;5;94;19;100;11;-6,0;8,0;False;0,0;False;9248,54867217776;0,5;2,0;10;2,0;2,0;2,0;0,0;0,0;-19,5;1;2026-07-20 15:30:00;2026-07-20 15:40:00;600;2026-07-20;15;30
2026-07-20 15:40:00;28914,5;28914,5;28914,5;28914,5;28914,5;28914,5;1;0,75;2,0;-108;-84;1289,0;1399,0;-110;1276,0;1361,0;-85;0,9214285714285714;1,0852713178294573;-2,956572314850717;-2,4009603841536613;-3,527751646284101;1,12679126213044;-30,5;28945,0;28913,0;-30,5;-1,5;1,5;4336,855370298565;7;;0,005086469989827;0,005086469989827;0,005086469989827;0,0096899224806201;0,6588674126822652;2,25;FORTE;12;28916,75;28915,75;28911,75;28912,0;6,0;0,1475409836065573;28916,75;0,0;28948,75;False;63;59;4,0;17;46;1;True;True;False;False;False;True;False;4;False;3;False;4;17;63;27;59;-10,0;4,0;False;0,0;False;4336,855370298565;0,75;2,0;10;0,0;0,0;0,0;0,0;0,0;-43,75;0;2026-07-20 15:40:00;2026-07-20 15:50:00;600;2026-07-20;15;40
2026-07-20 15:50:00;28905,0;28940,5;28905,0;28940,5;28905,0;28940,5;3;0,5;1,0;-139;-139;838,0;722,0;116;838,0;722,0;116;1,1604426002766253;0,8617401668653158;3,944614393817421;4,2517006802721085;2,272727272727273;1,9789734075448355;24,5;28931,75;28913,0;8,75;-27,5;13,75;9391,942347775077;7;;0,0;0,0;0,0;0,0;0,6756756756756757;1,25;FORTE;36;28945,75;28941,75;28939,0;28939,75;20,75;0,3333333333333333;28945,75;0,0;28948,75;True;94;100;-6,0;19;75;3;True;True;True;True;True;True;True;15;True;13;False;9;94;19;100;11;-6,0;8,0;False;0,0;False;9391,942347775077;0,5;1,0;10;35,5;35,5;35,5;0,0;0,0;26,0;1;2026-07-20 15:50:00;2026-07-20 16:00:00;600;2026-07-20;15;50
2026-07-20 16:10:00;28886,75;28886,75;28886,75;28886,75;28886,75;28886,75;1;1,25;7,0;-40;-40;266,0;307,0;-41;266,0;307,0;-41;0,8668831168831169;1,1535580524344569;-2,2249911000355995;-2,2249911000355995;0,0;-2,2249911000355995;-6,25;28894,0;28890,0;-7,25;3,25;-3,5;2105,375578497686;7;;0,005008347245409;0,005008347245409;0,005008347245409;0,005008347245409;0,664440734557596;1,75;FORTE;12;28887,25;28887,0;28883,5;28884,75;6,0;0,0307692307692307;28887,25;0,0;28898,75;True;100;100;4,0;1;99;1;True;True;True;True;True;True;True;7;False;1;True;7;1;100;11;100;-10,0;4,0;False;0,0;False;2105,375578497686;1,25;7,0;10;0,0;0,0;0,0;0,0;0,0;-53,75;0;2026-07-20 16:10:00;2026-07-20 16:20:00;600;2026-07-20;16;10
2026-07-20 16:30:00;28860,75;28868,25;28858,5;28868,25;28860,75;28868,25;3;0,75;3,0;123;123;266,0;210,0;56;266,0;210,0;56;1,2654028436018958;0,7902621722846442;3,997539975399754;3,997539975399754;0,0;3,997539975399754;9,75;28861,0;28856,5;7,25;-11,75;7,0;9744,092795854025;7;;0,0;0,0;0,0;0,0;0,7097069597069597;1,5;FORTE;36;28867,25;28867,25;28865,0;28860,75;9,75;0,145631067961165;28865,0;2,0;28878,5;True;94;100;-6,0;19;75;1;True;True;True;True;True;True;True;15;True;13;False;9;94;19;100;11;-6,0;8,0;True;1,0;True;9744,092795854025;0,75;3,0;10;9,75;7,5;7,5;0,0;2,25;-18,5;1;2026-07-20 16:30:00;2026-07-20 16:40:00;600;2026-07-20;16;30
2026-07-20 17:10:00;28885,75;28885,75;28778,25;28783,75;28885,75;28783,75;6;1,0;1,0;-72;1;70,0;31,0;39;30,0;2,0;28;2,21875;0,4507042253521127;0,0896442914515203;0,6866245536940401;-0,2364438839848675;0,9230684376789076;1,25;28783,25;28780,75;0,5;-3,0;0,75;4215,702995278118;7;;0,0;0,0;0,0;0,0;0,8075221238938053;1,25;FORTE;72;28783,0;28782,75;28781,0;28780,75;120,25;0,7491408934707904;28781,0;0,0;28781,0;True;100;100;12,0;5;95;5;True;True;True;True;True;True;True;29;True;29;False;13;100;5;100;11;12,0;-6,0;False;0,0;False;4215,702995278118;1,0;1,0;10;107,5;-102,0;102,0;0,0;5,5;-84,5;-1;2026-07-20 17:10:00;2026-07-20 17:20:00;600;2026-07-20;17;10
2026-07-20 17:20:00;28755,0;28761,5;28750,75;28759,25;28755,0;28759,25;33;1,0;0,6666666666666666;-136;5;25,0;21,0;4;8,0;3,0;5;1,181818181818182;0,8461538461538461;0,206668503720033;0,2078569943878611;0,1038421599169262;0,1040148344709348;3,0;28758,25;28755,0;1,0;-4,25;0,5;1066,9604806545212;10;0,0;0,0;0,0;0,0;0,0;0,9330357142857144;1,5;FORTE;396;28758,25;28757,75;28755,0;28754,0;7,75;0,1428571428571428;28758,25;0,0;28755,0;False;91;79;12,0;8;83;11;True;True;True;True;True;True;False;125;False;88;False;96;91;8;79;14;12,0;-6,0;False;0,0;False;1066,9604806545212;1,0;0,6666666666666666;10;10,75;4,25;4,25;2,25;4,25;-24,5;1;2026-07-20 17:20:00;2026-07-20 17:30:00;600;2026-07-20;17;20
2026-07-20 17:30:00;28758,75;28780,0;28757,75;28780,0;28758,75;28780,0;9;0,75;1,5;1451;56;33,0;14,0;19;14,0;0,0;14;2,2666666666666666;0,4411764705882353;0,1456270283764666;0,6613756613756614;0,2238137869292748;0,4375618744463865;1,75;28778,75;28777,25;1,25;-2,75;2,0;141,24239151529252;7;0,0;0,0;0,0;0,0;0,0;0,6388888888888888;1,0;FORTE;108;28778,75;28773,75;28770,25;28770,5;14,0;0,3943661971830985;28778,75;0,0;28770,5;True;100;100;8,0;5;95;3;True;True;True;True;True;True;True;44;True;40;False;14;100;5;100;11;8,0;-6,0;True;1,0;True;141,24239151529252;0,75;1,5;10;22,25;21,25;21,25;0,0;1,0;20,75;1;2026-07-20 17:30:00;2026-07-20 17:40:00;600;2026-07-20;17;30
2026-07-20 19:00:00;28780,25;28780,25;28709,25;28729,5;28780,25;28729,5;23;3,0;0,6666666666666666;-32;-62;22,0;20,0;2;13,0;8,0;5;1,0952380952380951;0,9130434782608696;0,0412711514651258;0,917094644167278;-0,4104127579737335;1,3275074021410116;0,5;28730,5;28725,75;-1,0;-3,75;-1,5;822,4580392161425;0;0,8869047619047619;0,8259109311740891;0,9454545454545454;0,9375;0,9545454545454546;2,609090909090909;3,75;FRACO;276;28733,5;28729,0;28727,0;28725,75;17,5;0,1813953488372093;28733,5;1,0;28709,75;True;32;34;-2,0;22;10;6;True;True;True;True;True;True;True;96;True;66;True;74;32;22;34;14;-2,0;8,0;True;0,0;True;822,4580392161425;3,0;0,6666666666666666;10;71,0;-50,75;50,75;0,0;20,25;-50,5;-1;2026-07-20 19:00:00;2026-07-20 19:10:00;600;2026-07-20;19;0
2026-07-20 19:10:00;28731,75;28734,25;28715,5;28722,5;28731,75;28722,5;48;3,0;0,3333333333333333;156;53;31,0;16,0;15;9,0;7,0;2;1,8823529411764703;0,53125;0,212630236019562;-0,2322700526478786;0,1918943813325145;-0,4241644339803931;3,0;28724,5;28718,75;-2,0;-3,75;0,0;926,4998619530112;0;0,425;0,9248826291079812;1,0;1,0;1,0;2,5721153846153846;3,0;FRACO;576;28724,5;28722,5;28718,75;28719,0;13,75;0,0140845070422535;28724,5;0,0;28719,0;False;45;37;8,0;10;35;6;True;True;True;True;True;True;False;165;False;134;False;121;45;10;37;16;8,0;-6,0;False;0,0;False;926,4998619530112;3,0;0,3333333333333333;10;18,75;-9,25;9,25;2,5;7,0;-7,0;-1;2026-07-20 19:10:00;2026-07-20 19:20:00;600;2026-07-20;19;10
2026-07-20 19:20:00;28724,75;28728,5;28713,25;28713,25;28724,75;28713,25;42;2,25;1,5;-147;-113;20,0;97,0;-77;9,0;79,0;-70;0,2142857142857142;4,666666666666667;-0,5845260025506589;-1,6666666666666663;0,0;-1,6666666666666663;-8,25;28723,75;28716,0;-10,5;2,75;-2,75;796,2923079923315;3;0,1590909090909091;0,5117647058823529;0,528;0,5346534653465347;0,5274725274725275;1,562;2,5;FRACO;504;28713,25;28723,75;28710,5;28710,0;18,0;0,29;28710,5;1,0;28725,0;True;94;100;-6,0;15;79;1;True;True;True;True;True;True;True;149;False;101;True;115;15;94;7;100;8,0;-6,0;False;0,0;False;796,2923079923315;2,25;1,5;10;15,25;-11,5;11,5;3,75;0,0;-9,25;-1;2026-07-20 19:20:00;2026-07-20 19:30:00;600;2026-07-20;19;20
2026-07-20 19:30:00;28713,75;28716,25;28709,75;28716,25;28713,75;28716,25;8;1,5;1,0;85;31;48,0;28,0;20;18,0;8,0;10;1,6896551724137931;0,5918367346938775;0,4066969429946451;1,2876118189211168;0,0;1,2876118189211168;6,0;28712,75;28709,25;3,5;-7,0;2,0;104,26290198110812;2;0,6354166666666666;0,3707865168539326;0,1929824561403508;0,2058823529411764;0,1764705882352941;1,1842105263157894;2,0;FRACO;96;28712,25;28714,75;28709,25;28710,5;7,0;0,0135135135135135;28709,25;0,0;28712,25;True;94;100;-6,0;18;76;2;True;True;True;True;True;True;True;31;True;28;False;18;94;18;100;6;-6,0;12,0;False;0,0;False;104,26290198110812;1,5;1,0;10;6,5;2,5;2,5;0,0;4,0;3,0;1;2026-07-20 19:30:00;2026-07-20 19:40:00;600;2026-07-20;19;30
2026-07-20 19:40:00;28729,0;28729,0;28711,0;28711,0;28729,0;28711,0;23;1,5;1,0;-7;-46;16,0;7,0;9;8,0;7,0;1;2,125;0,4705882352941176;-0,2717391304347826;-0,9771986970684038;0,2729257641921397;-1,2501244612605436;-3,0;28716,0;28712,75;-5,0;1,75;-1,25;333,66428340906623;0;0,7777777777777778;0,5352112676056338;0,5161290322580645;0,5454545454545454;0,6428571428571429;1,5887096774193548;2,25;FRACO;276;28716,0;28717,75;28711,0;28714,75;13,25;0,1885714285714285;28716,0;0,0;28716,0;False;71;59;12,0;8;63;7;True;True;True;True;True;True;False;85;False;58;False;68;8;71;14;59;-6,0;12,0;False;0,0;False;333,66428340906623;1,5;1,0;10;18,0;-18,0;18,0;0,0;0,0;-5,25;-1;2026-07-20 19:40:00;2026-07-20 19:50:00;600;2026-07-20;19;40
2026-07-20 19:50:00;28709,75;28720,75;28706,25;28720,75;28709,75;28720,75;21;1,25;1,0;23;17;34,0;4,0;30;34,0;4,0;30;7,0;0,1428571428571428;0,5603287261860291;1,1452438695769336;0,0;1,1452438695769336;4,5;28716,5;28716,25;4,25;-4,5;3,25;289,78036901522506;0;0,7777777777777778;0,5641025641025641;0,3043478260869565;0,3043478260869565;0,2857142857142857;1,434782608695652;2,0;FRACO;252;28717,75;28714,75;28715,5;28712,25;11,5;0,2189349112426035;28715,5;1,0;28712,5;True;97;99;-2,0;12;85;5;True;True;True;True;True;True;True;81;True;64;False;52;97;12;99;4;-2,0;8,0;False;0,0;False;289,78036901522506;1,25;1,0;10;14,5;11,0;11,0;0,0;3,5;9,75;1;2026-07-20 19:50:00;2026-07-20 20:00:00;600;2026-07-20;19;50
2026-07-20 20:00:00;28738,75;28772,25;28737,0;28772,25;28738,75;28772,25;12;1,25;2,0;82;48;79,0;38,0;41;33,0;16,0;17;2,051282051282051;0,4875;0,3069995906672124;0,0;0,4662729250854834;-0,4662729250854834;4,5;28775,0;28766,0;-2,75;-6,25;-0,25;208,5914095393618;9;0,1271186440677966;0,0456852791878172;0,0578512396694214;0,0967741935483871;0,1463414634146341;1,2995867768595042;2,25;FORTE;144;28774,75;28775,0;28772,0;28772,75;12,0;0,1891891891891892;28772,0;2,0;28767,25;True;74;66;8,0;27;47;2;True;True;True;True;True;True;True;45;True;31;False;32;74;27;66;29;8,0;-2,0;True;1,0;False;208,5914095393618;1,25;2,0;10;35,25;33,5;33,5;0,0;1,75;51,5;1;2026-07-20 20:00:00;2026-07-20 20:10:00;600;2026-07-20;20;0
2026-07-20 20:10:00;28773,0;28798,0;28759,75;28797,75;28773,0;28797,75;29;1,5;1,0;-1;-10;17,0;69,0;-52;3,0;14,0;-11;0,2571428571428571;3,888888888888889;-0,0695410292072322;0,2050861361771944;-0,1907149084568439;0,3958010446340383;-1,0;28802,25;28795,75;-4,5;-2,0;-1,0;669,1944327211125;7;0,0674157303370786;0,2065934065934065;0,2150537634408602;0,3333333333333333;0,5;1,4435483870967742;2,0;FORTE;348;28800,0;28798,25;28796,75;28795,75;8,0;0,0416666666666666;28796,75;0,0;28796,75;True;68;74;-6,0;35;33;14;True;True;True;True;True;True;True;120;True;86;False;94;35;68;23;74;12,0;-6,0;True;0,0;True;669,1944327211125;1,5;1,0;10;38,25;24,75;24,75;0,25;13,25;25,5;1;2026-07-20 20:10:00;2026-07-20 20:20:00;600;2026-07-20;20;10
2026-07-20 20:20:00;28798,5;28801,0;28796,75;28796,75;28798,5;28796,75;5;1,75;1,0;-145;-42;12,0;41,0;-29;0,0;4,0;-4;0,3095238095238095;3,230769230769231;-0,0756601346750397;-0,2679528403001072;0,0;-0,2679528403001072;-1,0;28802,5;28797,0;-5,75;0,25;-0,25;95,46576563034088;5;0,1904761904761904;0,3023255813953488;0,1333333333333333;0,4166666666666667;0,75;1,3625;2,0;MODERADO;60;28799,0;28802,5;28797,0;28800,5;7,5;0,0266666666666666;28799,0;1,0;28800,5;True;94;96;-2,0;17;77;4;True;True;True;True;True;True;True;26;False;11;True;24;17;94;9;96;8,0;-2,0;False;0,0;False;95,46576563034088;1,75;1,0;10;4,25;-1,75;1,75;2,5;0,0;-1,0;-1;2026-07-20 20:20:00;2026-07-20 20:30:00;600;2026-07-20;20;20
2026-07-20 20:50:00;28783,75;28800,25;28760,0;28782,5;28783,75;28782,5;26;1,5;2,0;-372;-169;40,0;57,0;-17;13,0;13,0;0;0,7068965517241379;1,4146341463414631;0,0;0,509683995922528;-0,1822916666666666;0,6919756625891946;0,0;28782,5;28774,0;0,0;-8,5;1,5;1439,3338732304842;0;0,85;0,5089285714285714;0,5;0,4888888888888889;0,5333333333333333;1,6507936507936507;3,5;FRACO;312;28781,5;28781,25;28779,0;28777,0;27,75;0,3389121338912134;28781,5;0,0;28796,5;True;38;26;12,0;13;25;6;True;True;True;True;True;True;True;101;False;58;True;90;38;13;26;19;12,0;-6,0;True;0,0;True;1439,3338732304842;1,5;2,0;10;40,25;-1,25;1,25;16,5;22,5;-14,25;-1;2026-07-20 20:50:00;2026-07-20 21:00:00;600;2026-07-20;20;50
2026-07-20 21:00:00;28781,0;28781,0;28712,75;28728,75;28781,0;28728,75;17;2,0;0,25;-205;-39;57,0;19,0;38;42,0;13,0;29;2,9;0,3448275862068966;0,9678379988088148;2,0;0,3573130061934254;1,642686993806575;13,0;28727,0;28709,75;1,75;-19,0;2,5;2961,5622021914005;0;0,4838709677419355;0,5714285714285714;0,3711340206185567;0,3375;0,25;1,5695876288659794;2,25;FRACO;204;28730,75;28730,5;28728,25;28723,75;21,0;0,3807106598984771;28730,75;1,0;28713,25;True;97;99;-2,0;12;85;8;True;True;True;True;True;True;True;73;True;57;True;56;97;12;99;4;-2,0;8,0;False;0,0;False;2961,5622021914005;2,0;0,25;10;68,25;-52,25;52,25;0,0;16,0;-53,75;-1;2026-07-20 21:00:00;2026-07-20 21:10:00;600;2026-07-20;21;0
2026-07-20 21:10:00;28758,75;28795,25;28719,0;28795,25;28758,75;28795,25;11;1,25;1,0;344;89;144,0;85,0;59;22,0;17,0;5;1,686046511627907;0,593103448275862;0,589066918001885;0,55;0,6113092205807438;-0,0613092205807437;8,75;28795,0;28771,5;0,25;-23,75;0,25;1392,020503562811;4;0,3442211055276382;0,2009925558312655;0,1678321678321678;0,1965811965811965;0,1304347826086956;1,3094405594405594;2,0;FRACO;132;28795,0;28793,75;28792,5;28790,5;13,75;0,3284671532846715;28792,5;0,0;28792,5;True;95;83;12,0;8;87;8;True;True;True;True;True;True;True;56;True;48;True;27;95;8;83;14;12,0;-6,0;True;1,0;False;1392,020503562811;1,25;1,0;10;76,25;36,5;36,5;0,0;39,75;66,5;1;2026-07-20 21:10:00;2026-07-20 21:20:00;600;2026-07-20;21;10
2026-07-20 21:20:00;28802,25;28831,0;28772,25;28831,0;28802,25;28831,0;35;1,5;0,5;548;181;100,0;70,0;30;52,0;25,0;27;1,4225352112676055;0,7029702970297029;0,2709109380291229;0,5708947477683205;-0,0539781928101047;0,6248729405784252;4,0;28830,0;28822,25;1,0;-8,75;1,75;4378,706124841607;4;0,3779527559055118;0,25;0,210762331838565;0,2254901960784313;0,0845070422535211;1,2858744394618835;2,25;FRACO;420;28833,25;28829,75;28826,5;28825,0;11,0;0,1888111888111888;28833,25;0,0;28826,5;True;100;100;12,0;2;98;14;True;True;True;True;True;True;True;146;True;131;True;84;100;2;100;8;12,0;-6,0;True;0,0;True;4378,706124841607;1,5;0,5;10;58,75;28,75;28,75;0,0;30,0;35,75;1;2026-07-20 21:20:00;2026-07-20 21:30:00;600;2026-07-20;21;20
2026-07-20 21:30:00;28863,75;28863,75;28852,25;28852,25;28863,75;28852,25;4;1,5;1,0;142;-5;50,0;88,0;-38;18,0;26,0;-8;0,5730337078651685;1,7450980392156863;-0,3858283567067033;-0,6531350482315113;-0,2873563218390805;-0,3657787263924307;-5,75;28864,25;28853,0;-12,0;0,75;-2,25;403,96805680767443;9;0,1;0,0726872246696035;0,1168831168831168;0,1046511627906976;0,1111111111111111;1,2905844155844155;2,0;FORTE;48;28857,25;28857,5;28853,0;28853,75;11,25;0,3103448275862069;28853,0;0,0;28857,25;True;100;100;12,0;7;93;3;True;True;True;True;True;True;True;23;False;15;True;13;7;100;13;100;-6,0;12,0;False;0,0;False;403,96805680767443;1,5;1,0;10;11,5;-11,5;11,5;0,0;0,0;21,25;-1;2026-07-20 21:30:00;2026-07-20 21:40:00;600;2026-07-20;21;30
2026-07-20 21:40:00;28872,5;28875,25;28864,5;28864,5;28872,5;28864,5;3;1,5;1,0;33;-19;21,0;42,0;-21;6,0;18,0;-12;0,5116279069767442;1,9545454545454544;-0,480325853058715;-0,836981715168684;-0,1069747539580659;-0,7300069612106181;-6,25;28878,25;28865,0;-13,75;0,5;-0,5;315,6585091328683;1;0,2727272727272727;0,3743589743589743;0,3835616438356164;0,4545454545454545;0,0;1,5650684931506849;2,5;FRACO;36;28875,25;28874,75;28868,75;28869,25;13,0;0,1515151515151515;28868,75;1,0;28876,75;True;94;100;-6,0;13;81;2;True;True;True;True;True;True;True;15;False;9;True;12;13;94;5;100;8,0;-6,0;False;0,0;False;315,6585091328683;1,5;1,0;10;10,75;-8,0;8,0;2,75;0,0;12,25;-1;2026-07-20 21:40:00;2026-07-20 21:50:00;600;2026-07-20;21;40
2026-07-20 21:50:00;28892,25;28892,25;28861,0;28861,75;28892,25;28861,75;29;1,75;0,4;-400;-116;53,0;81,0;-28;28,0;7,0;21;0,6585365853658537;1,5185185185185186;0,0838926174496644;0,1020408163265306;0,075818843509907;0,0262219728166235;1,25;28868,0;28856,5;-6,25;-5,25;-1,75;1601,5650208796033;9;0,0983606557377049;0,2150537634408602;0,2229729729729729;0,1132075471698113;0,1666666666666666;1,4172297297297298;2,0;FORTE;348;28863,5;28860,5;28856,5;28858,5;12,75;0,0273224043715847;28863,5;0,0;28860,5;True;58;50;8,0;45;13;18;True;True;True;True;True;True;True;113;False;72;True;106;45;58;51;50;-6,0;8,0;True;0,0;True;1601,5650208796033;1,75;0,4;10;31,25;-30,5;30,5;0,0;0,75;-2,75;-1;2026-07-20 21:50:00;2026-07-20 22:00:00;600;2026-07-20;21;50
2026-07-20 22:00:00;28861,5;28905,5;28841,5;28897,0;28861,5;28897,0;23;1,75;2,0;-103;-66;25,0;44,0;-19;0,0;16,0;-16;0,5777777777777777;1,7307692307692308;-0,23158044748468;-0,3730547857599659;0,0292945863604405;-0,4023493721204065;-3,25;28908,75;28898,0;-11,75;1,0;-0,5;2157,0835340220033;3;0,25;0,293103448275862;0,3373493975903614;0,4137931034482758;0,3076923076923077;1,5240963855421688;2,0;FRACO;276;28901,5;28908,75;28898,0;28905,5;10,75;0,0386740331491712;28901,5;1,0;28903,5;True;98;100;-2,0;15;83;13;True;True;True;True;True;True;True;100;False;61;True;82;15;98;7;100;8,0;-2,0;True;0,0;True;2157,0835340220033;1,75;2,0;10;64,0;35,5;35,5;8,5;20,0;35,25;1;2026-07-20 22:00:00;2026-07-20 22:10:00;600;2026-07-20;22;0
2026-07-20 22:10:00;28881,25;28902,75;28873,5;28902,75;28881,25;28902,75;6;1,75;0,5;29;10;125,0;57,0;68;47,0;29,0;18;2,1724137931034484;0,4603174603174603;1,686656671664168;0,9765625;2,1296096614190207;-1,1530471614190207;24,75;28901,75;28872,75;1,0;-30,0;2,25;434,0863695085729;3;0,0916334661354581;0,5160256410256411;0,7327188940092166;0,7948717948717948;0,8235294117647058;2,314516129032258;7,5;FRACO;72;28905,5;28899,5;28896,75;28897,5;15,0;0,1961722488038277;28905,5;1,0;28876,25;False;84;90;-6,0;21;63;2;True;True;True;True;True;True;False;25;False;21;False;15;84;21;90;13;-6,0;8,0;False;0,0;False;434,0863695085729;1,75;0,5;10;29,25;21,5;21,5;0,0;7,75;5,75;1;2026-07-20 22:10:00;2026-07-20 22:20:00;600;2026-07-20;22;10
2026-07-20 22:20:00;28899,5;28902,75;28886,75;28886,75;28899,5;28886,75;12;2,0;2,0;87;-59;5,0;53,0;-48;3,0;51,0;-48;0,1111111111111111;9,0;-0,6456791846991484;-1,6452074391988554;-0,9727626459143968;-0,6724447932844586;-9,25;28896,0;28891,0;-9,25;4,25;-2,5;903,5310667299749;0;0,8525345622119815;0,8301886792452831;0,9375;0,9310344827586208;0,9444444444444444;1,93359375;3,0;FRACO;144;28901,0;28900,75;28880,75;28894,5;21,5;0,4105263157894737;28880,75;0,0;28876,25;True;100;99;8,0;0;100;6;True;True;True;True;True;True;True;50;False;36;True;33;0;100;4;99;-6,0;8,0;False;0,0;False;903,5310667299749;2,0;2,0;10;16,0;-12,75;12,75;3,25;0,0;-16,0;-1;2026-07-20 22:20:00;2026-07-20 22:30:00;600;2026-07-20;22;20
2026-07-20 22:30:00;28920,5;28920,5;28899,75;28899,75;28920,5;28899,75;12;1,25;1,0;62;-10;17,0;55,0;-38;3,0;32,0;-29;0,3214285714285714;3,111111111111111;-0,5105513955071477;-0,8495145631067961;-0,3300088002346729;-0,5195057628721231;-6,75;28912,5;28900,75;-12,75;1,0;-1,25;611,188678564841;10;0,0780141843971631;0,0130718954248366;0,0112359550561797;0,0158730158730158;0,0;1,2808988764044944;1,75;FORTE;144;28905,0;28912,5;28902,75;28906,0;17,25;0,3373493975903614;28905,0;0,0;28905,0;True;100;100;12,0;8;92;3;True;True;True;True;True;True;True;50;False;32;True;41;8;100;14;100;-6,0;12,0;False;0,0;False;611,188678564841;1,25;1,0;10;20,75;-20,75;20,75;0,0;0,0;13,0;-1;2026-07-20 22:30:00;2026-07-20 22:40:00;600;2026-07-20;22;30
2026-07-20 22:40:00;28885,75;28908,5;28868,5;28903,5;28885,75;28903,5;41;1,75;1,0;-6;66;13,0;12,0;1;3,0;7,0;-4;1,0769230769230769;0,9285714285714286;-0,5725951005775742;-1,6071428571428572;-0,5495847581827064;-1,057558098960151;-5,75;28909,5;28907,0;-6,0;3,5;-2,25;2627,0642592679706;7;0,1839080459770115;0,2574257425742574;0,1944444444444444;0,2222222222222222;0,4;1,3611111111111112;1,75;FORTE;492;28909,0;28911,75;28907,0;28907,75;15,0;0,1818181818181818;28909,0;1,0;28907,75;True;69;71;-2,0;19;50;11;True;True;True;True;True;True;True;159;True;108;False;124;19;69;11;71;8,0;-2,0;True;0,0;True;2627,0642592679706;1,75;1,0;10;40,0;17,75;17,75;5,0;17,25;3,75;1;2026-07-20 22:40:00;2026-07-20 22:50:00;600;2026-07-20;22;40
2026-07-20 22:50:00;28901,25;28905,25;28875,5;28875,5;28901,25;28875,5;36;1,0;1,0;224;40;23,0;67,0;-44;11,0;19,0;-8;0,3529411764705882;2,833333333333333;-0,3002201614517312;-0,4459308807134893;-0,1864081806561568;-0,2595227000573326;-4,5;28891,0;28876,0;-15,5;0,5;-3,0;2372,228385237608;9;0,2442748091603053;0,2032967032967033;0,2058823529411764;0,088235294117647;0,1666666666666666;1,321078431372549;2,25;FORTE;432;28878,5;28878,25;28876,0;28876,0;15,5;0,1125;28878,5;2,0;28888,75;True;100;100;8,0;7;93;10;True;True;True;True;True;True;True;137;False;104;True;94;7;100;13;100;-6,0;8,0;False;0,0;False;2372,228385237608;1,0;1,0;10;29,75;-25,75;25,75;4,0;0,0;-28,0;-1;2026-07-20 22:50:00;2026-07-20 23:00:00;600;2026-07-20;22;50
2026-07-20 23:00:00;28903,0;28925,25;28896,5;28896,5;28903,0;28896,5;21;1,0;1,0;-8;37;36,0;64,0;-28;12,0;19,0;-7;0,5692307692307692;1,7567567567567568;-0,3344257909169955;-0,7204610951008645;-0,287958115183246;-0,4325029799176185;-5,0;28911,25;28896,75;-14,75;0,25;-0,5;1174,9673862018929;10;0,0875;0,048076923076923;0,0148148148148148;0,0;0,0;1,1648148148148147;1,75;FORTE;252;28901,0;28911,25;28898,0;28898,0;20,25;0,336734693877551;28898,0;0,0;28911,25;True;100;100;8,0;8;92;4;True;True;True;True;True;True;True;83;True;58;True;64;8;100;14;100;-6,0;8,0;True;0,0;True;1174,9673862018929;1,0;1,0;10;28,75;-6,5;6,5;22,25;0,0;21,0;-1;2026-07-20 23:00:00;2026-07-20 23:10:00;600;2026-07-20;23;0
2026-07-20 23:10:00;28872,75;28882,5;28872,75;28882,5;28872,75;28882,5;7;1,0;1,0;70;44;25,0;7,0;18;19,0;3,0;16;3,25;0,3076923076923077;0,2396931927133269;0,7302823758519962;0,0876475400257099;0,6426348358262862;3,25;28880,5;28876,25;2,0;-6,25;0,75;370,1263599036935;9;0,1642857142857142;0,1578947368421052;0,2;0,1428571428571428;0,1666666666666666;1,375;2,0;FORTE;84;28881,5;28881,25;28876,25;28878,75;18,75;0,2745098039215686;28876,25;1,0;28876,5;True;94;100;-6,0;21;73;3;True;True;True;True;True;True;True;34;True;28;False;18;94;21;100;13;-6,0;8,0;False;0,0;False;370,1263599036935;1,0;1,0;10;9,75;9,75;9,75;0,0;0,0;-14,0;1;2026-07-20 23:10:00;2026-07-20 23:20:00;600;2026-07-20;23;10
2026-07-20 23:20:00;28907,0;28907,0;28907,0;28907,0;28907,0;28907,0;1;1,25;3,0;23;-5;68,0;52,0;16;20,0;25,0;-5;1,30188679245283;0,7681159420289855;0,600452105114439;0,9027307605506656;0,4417448923246825;0,4609858682259832;8,5;28904,25;28895,5;2,75;-11,5;2,0;43,868324385419605;10;0,0121951219512195;0,0054644808743169;0,008130081300813;0,0133333333333333;0,0;1,0264227642276422;1,75;FORTE;12;28904,25;28899,0;28902,0;28895,5;20,75;0,37;28902,0;0,0;28902,0;True;100;96;12,0;13;87;1;True;True;True;True;True;True;True;7;True;7;False;1;100;13;96;19;12,0;-6,0;False;0,0;False;43,868324385419605;1,25;3,0;10;0,0;0,0;0,0;0,0;0,0;24,5;0;2026-07-20 23:20:00;2026-07-20 23:30:00;600;2026-07-20;23;20
2026-07-20 23:30:00;28921,0;28934,75;28921,0;28934,75;28921,0;28934,75;8;1,25;1,0;125;83;103,0;32,0;71;83,0;25,0;58;3,1515151515151514;0,3173076923076923;0,7054176072234764;1,2755102040816326;0,3407851690294438;0,9347250350521888;8,75;28934,5;28924,25;0,25;-10,5;0,5;327,0621356563269;9;0,2016806722689075;0,1016949152542373;0,0945945945945946;0,0930232558139534;0,1057692307692307;1,2432432432432432;2,0;FORTE;96;28937,0;28934,5;28925,75;28921,5;16,75;0,2830188679245283;28937,0;0,0;28925,75;True;100;100;12,0;7;93;1;True;True;True;True;True;True;True;31;True;27;False;16;100;7;100;13;12,0;-6,0;False;0,0;False;327,0621356563269;1,25;1,0;10;13,75;13,75;13,75;0,0;0,0;27,75;1;2026-07-20 23:30:00;2026-07-20 23:40:00;600;2026-07-20;23;30
2026-07-20 23:40:00;28951,25;28952,0;28937,5;28937,5;28951,25;28937,5;31;1,0;3,0;16;-20;23,0;41,0;-18;7,0;8,0;-1;0,5714285714285714;1,75;-0,3168331593857164;-0,1928516328104911;-0,4621072088724584;0,2692555760619672;-4,25;28945,5;28938,0;-8,0;0,5;-0,5;984,0959133858724;10;0,0;0,0;0,0;0,0;0,0;1,0357142857142858;1,5;FORTE;372;28941,75;28949,0;28939,25;28941,0;9,75;0,1333333333333333;28941,75;0,0;28941,75;False;89;77;12,0;14;75;4;True;True;True;True;True;True;False;105;False;73;False;85;14;89;20;77;-6,0;12,0;False;0,0;False;984,0959133858724;1,0;3,0;10;14,5;-13,75;13,75;0,75;0,0;2,75;-1;2026-07-20 23:40:00;2026-07-20 23:50:00;600;2026-07-20;23;40
2026-07-20 23:50:00;28936,5;28954,5;28929,75;28953,0;28936,5;28953,0;50;1,0;1,0;95;36;66,0;43,0;23;3,0;24,0;-21;1,5227272727272727;0,6567164179104478;-0,17825311942959;-0,0584795321637426;-0,1618122977346278;0,1033327655708851;-2,5;28956,75;28952,0;-3,75;-1,0;-0,25;1696,2600310548305;10;0,0;0,0;0,0;0,0;0,0;1,1084070796460177;1,5;FORTE;600;28956,75;28956,0;28949,5;28949,0;13,25;0,2392638036809816;28956,75;0,0;28949,5;False;59;47;12,0;44;15;7;True;True;True;True;True;True;False;163;False;126;False;124;59;44;47;50;12,0;-6,0;False;0,0;False;1696,2600310548305;1,0;1,0;10;24,75;16,5;16,5;1,5;6,75;15,5;1;2026-07-20 23:50:00;2026-07-21 00:00:00;600;2026-07-20;23;50
2026-07-21 00:00:00;28954,0;28972,75;28953,75;28964,75;28954,0;28964,75;25;1,0;0,6666666666666666;130;28;11,0;41,0;-30;9,0;24,0;-15;0,2857142857142857;3,5;-0,1464414722249341;-0,4192872117400419;0,3414634146341463;-0,7607506263741883;-1,5;28968,75;28965,0;-4,0;0,25;-0,25;792,0393373686514;10;0,0275862068965517;0,032;0,0;0,0;0,0;1,0873015873015872;1,5;FORTE;300;28968,75;28968,25;28966,0;28966,25;8,75;0,0063694267515923;28968,75;0,0;28969,25;True;100;100;8,0;8;92;4;True;True;True;True;True;True;True;96;False;61;True;80;8;100;14;100;-6,0;8,0;False;0,0;False;792,0393373686514;1,0;0,6666666666666666;10;19,0;10,75;10,75;8,0;0,25;11,75;1;2026-07-21 00:00:00;2026-07-21 00:10:00;600;2026-07-21;0;0
2026-07-21 00:20:00;28993,5;28993,5;28985,5;28991,5;28993,5;28991,5;23;1,25;0,5;-30;-19;18,0;10,0;8;15,0;6,0;9;1,7272727272727273;0,5789473684210527;0,1518141794443601;0,2143469562732209;0,2550276887204896;-0,0406807324472687;2,0;28992,25;28987,5;-0,75;-4,0;0,0;473,4266466823536;10;0,0073529411764705;0,0;0,0;0,0;0,0;1,1736111111111112;1,5;FORTE;276;28994,0;28990,5;28987,5;28990,5;9,0;0,0252100840336134;28987,5;0,0;28990,5;False;59;51;8,0;14;45;0;True;True;True;True;True;True;False;73;False;65;False;45;59;14;51;20;8,0;-6,0;False;0,0;False;473,4266466823536;1,25;0,5;10;8,0;-2,0;2,0;0,0;6,0;26,75;-1;2026-07-21 00:20:00;2026-07-21 00:30:00;600;2026-07-21;0;20
2026-07-21 00:30:00;28996,25;29028,5;28995,0;29028,5;28996,25;29028,5;12;1,0;3,0;464;158;180,0;94,0;86;56,0;55,0;1;1,9052631578947368;0,5248618784530387;0,1562391500590236;0,333667000333667;0,1665741254858412;0,1670928748478258;2,25;29028,25;29012,0;0,25;-16,5;0,75;531,6105927023038;10;0,0094339622641509;0,0174927113702623;0,0196721311475409;0,0375;0,0705882352941176;0,889344262295082;2,0;FORTE;144;29029,75;29029,75;29027,75;29026,25;17,5;0,3552631578947368;29029,75;0,0;29020,0;True;100;100;8,0;8;92;8;True;True;True;True;True;True;True;59;True;59;False;23;100;8;100;14;8,0;-6,0;True;1,0;True;531,6105927023038;1,0;3,0;10;33,5;32,25;32,25;0,0;1,25;37,0;1;2026-07-21 00:30:00;2026-07-21 00:40:00;600;2026-07-21;0;30
2026-07-21 00:40:00;29049,25;29072,5;29049,25;29070,25;29049,25;29070,25;3;0,75;3,0;43;5;67,0;60,0;7;12,0;13,0;-1;1,1147540983606556;0,8970588235294118;-0,1845266053814668;-0,1547987616099071;-0,2555946836305804;0,1007959220206733;-2,75;29073,0;29065,0;-2,75;-5,25;-0,75;168,6790550630094;10;0,0;0,0;0,0;0,0;0,0;0,6470588235294118;1,25;FORTE;36;29073,0;29072,25;29056,75;29058,0;16,25;0,2227979274611398;29073,0;0,0;29037,25;True;50;42;8,0;19;31;1;True;True;True;True;True;True;True;13;True;12;False;7;19;50;25;42;-6,0;8,0;True;0,0;True;168,6790550630094;0,75;3,0;10;23,25;21,0;21,0;2,25;0,0;41,75;1;2026-07-21 00:40:00;2026-07-21 00:50:00;600;2026-07-21;0;40
2026-07-21 00:50:00;29067,75;29067,75;29067,75;29067,75;29067,75;29067,75;1;1,0;3,0;-32;-7;44,0;74,0;-30;2,0;10,0;-8;0,6;1,6666666666666667;-0,2676277476448758;-0,4001600640256102;-0,1227295041728031;-0,277430559852807;-3,75;29073,0;29069,5;-5,25;1,75;-1,75;40,39394804453325;10;0,0;0,0;0,0;0,0;0,0;0,6713709677419355;1,25;FORTE;12;29073,0;29072,25;29056,75;29058,0;16,25;0,2227979274611398;29073,0;0,0;29037,25;True;100;100;8,0;8;92;1;True;True;True;True;True;True;True;7;False;1;True;7;8;100;14;100;-6,0;8,0;False;0,0;False;40,39394804453325;1,0;3,0;10;0,0;0,0;0,0;0,0;0,0;-2,5;0;2026-07-21 00:50:00;2026-07-21 01:00:00;600;2026-07-21;0;50
2026-07-21 01:00:00;29072,5;29080,0;29072,5;29080,0;29072,5;29080,0;2;1,0;0,25;101;33;102,0;47,0;55;43,0;27,0;16;2,145833333333333;0,4660194174757281;0,5812760719414621;2,996575342465753;0,1336005344021376;2,862974808063616;8,5;29078,75;29069,5;1,25;-10,5;2,25;87,78266668482482;10;0,0789473684210526;0,0129449838187702;0,005524861878453;0,0;0,0;1,1091160220994476;1,75;FORTE;24;29075,5;29074,25;29072,5;29070,5;11,5;0,2741935483870967;29072,5;0,0;29072,5;True;100;100;12,0;8;92;2;True;True;True;True;True;True;True;12;True;12;False;2;100;8;100;14;12,0;-6,0;False;0,0;False;87,78266668482482;1,0;0,25;10;7,5;7,5;7,5;0,0;0,0;12,25;1;2026-07-21 01:00:00;2026-07-21 01:10:00;600;2026-07-21;1;0
2026-07-21 01:30:00;29062,25;29068,5;29058,0;29068,5;29062,25;29068,5;36;1,0;1,0;181;65;66,0;38,0;28;20,0;3,0;17;1,7179487179487178;0,582089552238806;0,0948334724224262;0,2532928064842958;0,0655995801626869;0,1876932263216089;1,25;29068,0;29061,5;0,5;-7,0;0,25;909,2760351267177;10;0,0490797546012269;0,014388489208633;0,010752688172043;0,0;0,0;1,1397849462365592;1,75;FORTE;432;29068,0;29067,75;29059,5;29059,5;12,75;0,0306748466257668;29068,0;0,0;29061,5;True;94;100;-6,0;22;72;6;True;True;True;True;True;True;True;137;True;88;False;106;94;22;100;14;-6,0;8,0;False;0,0;False;909,2760351267177;1,0;1,0;10;10,5;6,25;6,25;0,0;4,25;-11,5;1;2026-07-21 01:30:00;2026-07-21 01:40:00;600;2026-07-21;1;30
2026-07-21 02:00:00;29055,0;29055,25;29049,75;29049,75;29055,0;29049,75;10;1,0;1,0;-41;-7;18,0;16,0;2;14,0;16,0;-2;1,1176470588235294;0,8947368421052632;-0,4523682810005322;-1,316154059296204;0,3288608260983951;-1,6450148853945992;-4,25;29056,0;29050,75;-6,25;1,0;-0,75;281,22706509905976;10;0,0;0,0;0,0;0,0;0,0;1,23125;1,5;FORTE;120;29056,0;29052,25;29049,75;29050,0;10,0;0,0;29056,0;0,0;29052,25;False;82;74;8,0;13;69;1;True;True;True;True;True;True;False;36;False;20;False;32;13;82;19;74;-6,0;8,0;False;0,0;False;281,22706509905976;1,0;1,0;10;5,5;-5,25;5,25;0,25;0,0;-18,75;-1;2026-07-21 02:00:00;2026-07-21 02:10:00;600;2026-07-21;2;0
2026-07-21 02:10:00;29052,25;29052,25;29017,0;29017,5;29052,25;29017,5;19;1,0;0,5;-187;-93;11,0;26,0;-15;6,0;2,0;4;0,4444444444444444;2,25;0,0532594801874733;-0,200213561131874;0,1931993817619783;-0,3934129428938523;0,75;29024,5;29016,5;-7,0;-1,0;-0,25;786,842758708249;10;0,0;0,0;0,0;0,0;0,0;1,0290697674418603;1,25;FORTE;228;29026,25;29026,25;29016,5;29023,75;10,25;0,06;29016,5;0,0;29021,0;True;59;51;8,0;26;33;4;True;True;True;True;True;True;True;73;False;52;True;61;26;59;32;51;-6,0;8,0;False;0,0;False;786,842758708249;1,0;0,5;10;35,25;-34,75;34,75;0,0;0,5;-32,25;-1;2026-07-21 02:10:00;2026-07-21 02:20:00;600;2026-07-21;2;10
2026-07-21 02:20:00;29019,0;29070,0;29019,0;29070,0;29019,0;29070,0;41;1,0;2,0;295;106;70,0;40,0;30;29,0;9,0;20;1,7317073170731707;0,5774647887323944;0,2001067235859124;1,3553808620222283;-0,1881922787396494;1,5435731407618778;3,0;29067,75;29062,0;2,25;-8,0;2,5;1675,5472667799918;10;0,0056497175141242;0,0609756097560975;0,0212765957446808;0,0;0,0;1,0921985815602837;1,75;FORTE;492;29067,75;29067,0;29065,0;29062,75;14,75;0,4821428571428571;29067,75;0,0;29065,0;True;100;100;12,0;8;92;9;True;True;True;True;True;True;True;166;True;140;False;96;100;8;100;14;12,0;-6,0;False;0,0;False;1675,5472667799918;1,0;2,0;10;51,0;51,0;51,0;0,0;0,0;52,5;1;2026-07-21 02:20:00;2026-07-21 02:30:00;600;2026-07-21;2;20
2026-07-21 02:40:00;29089,75;29090,25;29071,5;29090,25;29089,75;29090,25;26;1,0;1,0;33;-13;54,0;30,0;24;49,0;20,0;29;1,7741935483870968;0,5636363636363636;0,7085802628188611;0,75;0,6864988558352403;0,0635011441647597;8,25;29090,0;29079,5;0,25;-10,75;1,25;894,1497937349126;10;0,0;0,0;0,0;0,0;0,0;1,0135135135135136;1,5;FORTE;312;29081,75;29081,25;29079,5;29079,25;10,25;0,0888888888888888;29079,5;0,0;29079,5;True;100;100;12,0;8;92;4;True;True;True;True;True;True;True;98;True;74;False;67;100;8;100;14;12,0;-6,0;False;0,0;False;894,1497937349126;1,0;1,0;10;18,75;0,5;0,5;0,0;18,25;20,25;1;2026-07-21 02:40:00;2026-07-21 02:50:00;600;2026-07-21;2;40
2026-07-21 03:00:00;29106,75;29117,75;29101,5;29117,75;29106,75;29117,75;17;1,0;0,2;277;86;70,0;46,0;24;39,0;26,0;13;1,5106382978723405;0,6619718309859155;0,3366776648037169;0,863770977295163;0,077720207253886;0,7860507700412769;5,0;29115,25;29111,75;2,5;-6,0;2,5;869,476073274384;10;0,0231213872832369;0,0;0,0;0,0;0,0;1,0780141843971631;1,5;FORTE;204;29115,25;29115,0;29112,25;29111,75;8,0;0,032258064516129;29112,25;0,0;29112,25;True;100;100;12,0;8;92;9;True;True;True;True;True;True;True;72;True;68;False;37;100;8;100;14;12,0;-6,0;False;0,0;False;869,476073274384;1,0;0,2;10;16,25;11,0;11,0;0,0;5,25;27,5;1;2026-07-21 03:00:00;2026-07-21 03:10:00;600;2026-07-21;3;0
2026-07-21 03:10:00;29137,5;29139,75;29128,75;29128,75;29137,5;29128,75;29;1,5;3,0;460;91;45,0;59,0;-14;4,0;28,0;-24;0,7666666666666667;1,3043478260869563;-0,6518251103088648;-0,9593679458239278;-0,4691467049343195;-0,4902212408896083;-9,75;29139,75;29130,25;-11,0;1,5;-1,5;1103,7865989235415;10;0,005813953488372;0,0185185185185185;0,0291970802919708;0,0277777777777777;0,0571428571428571;1,1587591240875912;1,75;FORTE;348;29135,0;29139,0;29132,75;29135,25;7,0;0,0359712230215827;29135,0;0,0;29135,0;False;100;97;12,0;8;92;7;True;True;True;True;True;True;False;115;False;87;False;80;8;100;14;97;-6,0;12,0;False;0,0;False;1103,7865989235415;1,5;3,0;10;11,0;-8,75;8,75;2,25;0,0;11,0;-1;2026-07-21 03:10:00;2026-07-21 03:20:00;600;2026-07-21;3;10
2026-07-21 03:20:00;29126,75;29127,0;29110,5;29112,75;29126,75;29112,75;45;1,25;1,0;-535;-171;21,0;42,0;-21;3,0;24,0;-21;0,5116279069767442;1,9545454545454544;-0,8950874271440467;-1,7998560115190785;-0,1815870710005447;-1,6182689405185338;-10,75;29123,5;29116,0;-10,75;3,25;-2,25;1581,604828698928;10;0,0526315789473684;0,0192307692307692;0,0307692307692307;0,0;0,0;1,123076923076923;1,75;FORTE;540;29123,5;29121,25;29117,75;29117,5;12,75;0,0761904761904762;29123,5;0,0;29117,75;True;94;100;-6,0;26;68;12;True;True;True;True;True;True;True;171;False;121;True;144;26;94;14;100;12,0;-6,0;False;0,0;False;1581,604828698928;1,25;1,0;10;16,5;-14,0;14,0;0,25;2,25;-16,0;-1;2026-07-21 03:20:00;2026-07-21 03:30:00;600;2026-07-21;3;20
2026-07-21 03:30:00;29144,75;29146,0;29130,0;29135,25;29144,75;29135,25;18;1,5;1,0;-189;-114;11,0;32,0;-21;7,0;17,0;-10;0,3636363636363636;2,75;-0,0174191750278706;-0,4665629860031104;0,059880239520958;-0,5264432255240685;-0,25;29137,0;29131,75;-1,75;-3,5;-0,75;632,6846459236834;10;0,1619047619047619;0,1081081081081081;0,1403508771929824;0,125;0,0;1,2719298245614037;1,75;FORTE;216;29137,0;29135,75;29133,25;29131,75;11,25;0,0559006211180124;29137,0;0,0;29143,25;False;62;68;-6,0;26;36;6;True;True;True;True;True;True;False;68;False;41;False;64;26;62;14;68;12,0;-6,0;False;0,0;False;632,6846459236834;1,5;1,0;10;16,0;-9,5;9,5;1,25;5,25;22,5;-1;2026-07-21 03:30:00;2026-07-21 03:40:00;600;2026-07-21;3;30
2026-07-21 03:40:00;29136,75;29151,5;29136,75;29151,5;29136,75;29151,5;9;1,0;2,0;80;75;78,0;23,0;55;65,0;12,0;53;3,2916666666666665;0,3037974683544304;0,8373526259378349;1,6711229946524069;0,8977608787494719;0,7733621159029348;12,5;29148,0;29139,0;3,5;-12,5;3,0;218,41576959397435;10;0,0;0,015267175572519;0,0;0,0;0,0;0,9781553398058253;1,5;FORTE;108;29142,0;29143,5;29139,0;29139,25;10,25;0,2;29139,0;1,0;29143,25;True;100;100;8,0;12;88;1;True;True;True;True;True;True;True;41;True;41;False;11;100;12;100;14;8,0;-2,0;False;0,0;False;218,41576959397435;1,0;2,0;10;14,75;14,75;14,75;0,0;0,0;16,25;1;2026-07-21 03:40:00;2026-07-21 03:50:00;600;2026-07-21;3;40
2026-07-21 04:10:00;29139,25;29140,5;29115,0;29125,75;29139,25;29125,75;37;1,25;1,5;-131;-63;33,0;14,0;19;13,0;10,0;3;2,2666666666666666;0,4411764705882353;0,2581917190874096;6,302521008403362;-0,421674045962471;6,724195054365833;2,75;29123,25;29119,75;2,5;-6,0;0,75;1772,119059054478;10;0,0;0,0;0,0;0,0;0,0;1,2112068965517242;1,5;FORTE;444;29123,25;29121,25;29121,0;29116,0;10,5;0,0062893081761006;29121,0;1,0;29121,25;True;98;100;-2,0;22;76;7;True;True;True;True;True;True;True;152;True;103;False;112;98;22;100;14;-2,0;8,0;False;0,0;False;1772,119059054478;1,25;1,5;10;25,5;-13,5;13,5;1,25;10,75;-25,75;-1;2026-07-21 04:10:00;2026-07-21 04:20:00;600;2026-07-21;4;10
2026-07-21 04:20:00;29095,25;29110,5;29092,5;29106,75;29095,25;29106,75;15;1,25;1,0;239;86;31,0;12,0;19;2,0;8,0;-6;2,4615384615384617;0,40625;-0,2391640297299286;-0,2122841777526181;-0,278775864205179;0,0664916864525608;-3,25;29110,75;29106,0;-4,0;-0,75;0,0;634,725227466278;10;0,0048309178743961;0,0350877192982456;0,0;0,0;0,0;1,0116279069767442;1,5;FORTE;180;29110,75;29109,25;29105,5;29106,5;7,75;0,1017964071856287;29110,75;0,0;29106,5;False;55;47;8,0;26;29;6;True;True;True;True;True;True;False;63;False;48;False;41;55;26;47;32;8,0;-6,0;False;0,0;False;634,725227466278;1,25;1,0;10;18,0;11,5;11,5;3,75;2,75;-19,0;1;2026-07-21 04:20:00;2026-07-21 04:30:00;600;2026-07-21;4;20
2026-07-21 04:30:00;29103,0;29124,75;29088,0;29119,5;29103,0;29119,5;36;1,25;0,3333333333333333;203;50;28,0;13,0;15;12,0;0,0;12;2,071428571428572;0,4827586206896552;0,2385333605942888;2,5;0,3541076487252125;2,1458923512747874;3,5;29119,0;29114,0;0,5;-5,5;0,5;1268,3364478949907;10;0,0;0,0933333333333333;0,0;0,0;0,0;1,306818181818182;1,5;FORTE;432;29122,25;29119,0;29114,0;29117,0;11,75;0,2670807453416149;29114,0;1,0;29119,0;True;91;97;-6,0;22;69;9;True;True;True;True;True;True;True;138;True;112;False;96;91;22;97;14;-6,0;8,0;True;0,0;True;1268,3364478949907;1,25;0,3333333333333333;10;36,75;16,5;16,5;5,25;15,0;12,75;1;2026-07-21 04:30:00;2026-07-21 04:40:00;600;2026-07-21;4;30
2026-07-21 04:40:00;29118,5;29121,0;29112,75;29119,25;29118,5;29119,25;9;1,75;0,3333333333333333;66;31;39,0;6,0;33;9,0;3,0;6;5,714285714285714;0,175;0,244507974721637;2,717391304347826;0,3767329716696805;2,340658332678146;3,25;29118,75;29113,5;0,5;-5,75;0,5;366,83079622196544;9;0,0;0,0108695652173913;0,0232558139534883;0,0454545454545454;0,1666666666666666;1,186046511627907;1,75;FORTE;108;29115,25;29118,0;29112,0;29115,25;11,25;0,0273224043715847;29115,25;0,0;29115,25;True;94;100;-6,0;25;69;1;True;True;True;True;True;True;True;42;True;27;False;29;94;25;100;13;-6,0;12,0;False;0,0;False;366,83079622196544;1,75;0,3333333333333333;10;8,25;0,75;0,75;1,75;5,75;-0,25;1;2026-07-21 04:40:00;2026-07-21 04:50:00;600;2026-07-21;4;40
2026-07-21 05:00:00;29138,0;29138,0;29136,5;29137,0;29138,0;29137,0;3;1,5;2,0;40;8;33,0;40,0;-7;6,0;16,0;-10;0,8292682926829268;1,2058823529411764;0,0333377783704493;-0,350140056022409;0,1388888888888889;-0,4890289449112979;0,5;29140,0;29136,0;-3,0;-1,0;1,75;147,80841718396368;9;0,2317073170731707;0,0592592592592592;0,0319148936170212;0,0681818181818181;0,2;1,178191489361702;1,75;FORTE;36;29140,0;29138,75;29135,0;29136,0;9,75;0,1328671328671328;29135,0;0,0;29134,0;False;44;36;8,0;29;15;1;True;True;True;False;True;True;False;11;False;9;False;9;44;29;36;35;8,0;-6,0;False;0,0;False;147,80841718396368;1,5;2,0;10;1,5;-1,0;1,0;0,0;0,5;17,75;-1;2026-07-21 05:00:00;2026-07-21 05:10:00;600;2026-07-21;5;0
2026-07-21 05:10:00;29135,5;29135,5;29129,75;29130,25;29135,5;29130,25;7;1,75;0,25;-130;-58;12,0;38,0;-26;5,0;24,0;-19;0,3333333333333333;3,0;-0,1631262234466758;-0,9544127554457668;0,3171694389625035;-1,2715821944082704;-2,25;29135,75;29130,75;-5,5;0,5;-3,5;314,53783634341323;3;0,1317829457364341;0,2727272727272727;0,4666666666666667;0,5319148936170213;0,6666666666666666;1,575;2,25;FRACO;84;29135,75;29135,25;29133,0;29129,75;10,25;0,10828025477707;29135,75;1,0;29134,0;True;100;100;8,0;5;95;3;True;True;True;True;True;True;True;35;False;12;True;35;5;100;7;100;-2,0;8,0;False;0,0;False;314,53783634341323;1,75;0,25;10;5,75;-5,25;5,25;0,0;0,5;-6,75;-1;2026-07-21 05:10:00;2026-07-21 05:20:00;600;2026-07-21;5;10
2026-07-21 05:20:00;29161,5;29167,5;29161,5;29167,5;29161,5;29167,5;2;0,75;1,0;67;43;108,0;78,0;30;48,0;21,0;27;1,379746835443038;0,7247706422018348;0,5138516532618409;1,114262560777958;0,2199155524278677;0,8943470083500902;5,75;29165,0;29158,75;2,5;-8,75;3,0;99,91724754244862;10;0,0074626865671641;0,0035087719298245;0,0;0,0;0,0;0,7336683417085427;1,25;FORTE;24;29163,25;29157,5;29160,5;29151,75;12,25;0,0777777777777777;29160,5;0,0;29160,5;True;100;100;12,0;8;92;2;True;True;True;True;True;True;True;11;True;11;False;3;100;8;100;14;12,0;-6,0;False;0,0;False;99,91724754244862;0,75;1,0;10;6,0;6,0;6,0;0,0;0,0;37,25;1;2026-07-21 05:20:00;2026-07-21 05:30:00;600;2026-07-21;5;20
2026-07-21 05:50:00;29160,0;29171,5;29158,5;29168,5;29160,0;29168,5;17;1,25;5,0;-18;-15;10,0;36,0;-26;3,0;12,0;-9;0,2972972972972973;3,363636363636364;-0,3215729511209114;-0,6259127894846651;-0,1146263182026593;-0,5112864712820058;-3,5;29174,5;29170,25;-6,0;1,75;-2,5;321,42627299036224;10;0,0989010989010989;0,0138888888888888;0,0;0,0;0,0;0,8898305084745762;1,25;FORTE;204;29175,0;29167,0;29170,25;29156,25;18,75;0,210762331838565;29170,25;0,0;29170,25;True;94;100;-6,0;26;68;3;True;True;True;True;True;True;True;74;False;45;True;57;26;94;14;100;12,0;-6,0;False;0,0;False;321,42627299036224;1,25;5,0;10;13,0;8,5;8,5;3,0;1,5;1,0;1;2026-07-21 05:50:00;2026-07-21 06:00:00;600;2026-07-21;5;50
2026-07-21 06:20:00;29168,0;29171,0;29166,25;29166,25;29168,0;29166,25;4;1,25;2,0;-18;-20;15,0;39,0;-24;4,0;33,0;-29;0,4;2,5;-0,2333333333333333;-0,7;0,0;-0,7;-3,5;29171,25;29166,5;-5,0;0,25;0,0;90,78548731784949;10;0,0;0,024390243902439;0,0196078431372549;0,027027027027027;0,0344827586206896;0,9705882352941176;2,0;FORTE;48;29171,25;29170,5;29167,75;29168,0;6,5;0,0277777777777777;29171,25;0,0;29170,5;False;100;99;8,0;8;92;1;True;True;True;True;True;True;False;18;False;9;False;14;8;100;14;99;-6,0;8,0;False;0,0;False;90,78548731784949;1,25;2,0;10;4,75;-1,75;1,75;3,0;0,0;-2,25;-1;2026-07-21 06:20:00;2026-07-21 06:30:00;600;2026-07-21;6;20
2026-07-21 06:30:00;29166,75;29169,0;29159,0;29159,0;29166,75;29159,0;4;0,75;1,0;-62;-22;14,0;53,0;-39;4,0;37,0;-33;0,2777777777777778;3,6;-0,6948507899356349;-1,1813349084465443;-0,3541494510683508;-0,8271854573781937;-9,5;29169,25;29162,0;-10,25;3,0;-3,0;159,60356908834626;10;0,0161290322580645;0,0074626865671641;0,0;0,0;0,0;0,847972972972973;1,5;FORTE;48;29169,25;29166,75;29163,5;29167,75;10,5;0,0955414012738853;29169,25;0,0;29166,75;True;100;100;8,0;8;92;2;True;True;True;True;True;True;True;19;False;12;True;15;8;100;14;100;-6,0;8,0;False;0,0;False;159,60356908834626;0,75;1,0;10;10,0;-7,75;7,75;2,25;0,0;-7,25;-1;2026-07-21 06:30:00;2026-07-21 06:40:00;600;2026-07-21;6;30
2026-07-21 07:00:00;29157,0;29180,75;29156,25;29159,5;29157,0;29159,5;42;1,25;1,0;252;32;4,0;11,0;-7;2,0;11,0;-9;0,4166666666666667;2,4;-0,2587723838111996;-0,2446982055464926;-0,5079236082893133;0,2632254027428206;-2,5;29162,0;29160,25;-2,5;0,75;-0,25;1199,4172675567957;10;0,0952380952380952;0,05;0,0;0,0;0,0;0,9285714285714286;1,5;FORTE;504;29162,0;29160,25;29157,5;29156,0;6,25;0,2100840336134453;29162,0;0,0;29157,5;False;69;75;-6,0;32;37;4;True;True;True;True;True;True;False;151;False;112;False;104;32;69;20;75;12,0;-6,0;False;0,0;False;1199,4172675567957;1,25;1,0;10;24,5;2,5;2,5;21,25;0,75;0,5;1;2026-07-21 07:00:00;2026-07-21 07:10:00;600;2026-07-21;7;0
2026-07-21 07:10:00;29159,75;29195,0;29157,25;29172,25;29159,75;29172,25;42;1,25;0,5;281;109;8,0;13,0;-5;3,0;12,0;-9;0,6428571428571429;1,5555555555555556;-0,4283822727626762;-0,8345503859795534;-0,1417032733456142;-0,6928471126339392;-5,5;29180,0;29174,25;-7,75;2,0;-0,5;1893,92392555799;10;0,087719298245614;0,0434782608695652;0,064516129032258;0,0769230769230769;0,0625;1,3870967741935485;1,75;FORTE;504;29180,0;29178,5;29171,75;29176,25;10,5;0,0575916230366492;29171,75;0,0;29176,25;True;81;87;-6,0;22;59;7;True;True;True;True;True;True;True;159;True;111;False;118;22;81;14;87;8,0;-6,0;True;0,0;True;1893,92392555799;1,25;0,5;10;37,75;12,5;12,5;22,75;2,5;12,75;1;2026-07-21 07:10:00;2026-07-21 07:20:00;600;2026-07-21;7;10
2026-07-21 07:20:00;29174,25;29187,0;29169,75;29173,5;29174,25;29173,5;47;1,25;1,0;-254;-101;3,0;10,0;-7;0,0;1,0;-1;0,3636363636363636;2,75;-0,1282928498118371;0,0;-2,2727272727272725;2,2727272727272725;-1,5;29176,5;29173,5;-3,0;0,0;0,0;1371,1639363403528;8;0,0;0,05;0,1111111111111111;0,25;0,0;1,3055555555555556;2,0;FORTE;564;29180,0;29178,5;29172,5;29172,0;15,25;0,4039735099337748;29180,0;0,0;29183,75;False;30;18;12,0;29;1;4;True;True;True;True;True;True;False;173;False;124;False;124;30;29;18;35;12,0;-6,0;False;0,0;False;1371,1639363403528;1,25;1,0;10;17,25;-0,75;0,75;12,75;3,75;1,25;-1;2026-07-21 07:20:00;2026-07-21 07:30:00;600;2026-07-21;7;20
2026-07-21 07:30:00;29174,5;29194,5;29170,75;29194,5;29174,5;29194,5;33;1,25;0,5;78;68;139,0;56,0;83;133,0;54,0;79;2,456140350877193;0,4071428571428571;1,0348395998620217;1,9397029483484811;0,4835589941972921;1,4561439541511891;12,0;29191,75;29182,5;2,75;-12,0;5,5;865,9568637399298;7;0,1195652173913043;0,2100840336134453;0,215;0,203125;0,1929824561403508;1,29375;2,75;FORTE;396;29196,5;29197,25;29192,5;29194,25;16,25;0,0595238095238095;29192,5;1,0;29182,5;True;100;100;8,0;9;91;2;True;True;True;True;True;True;True;123;True;97;False;80;100;9;100;11;8,0;-2,0;False;0,0;False;865,9568637399298;1,25;0,5;10;23,75;20,0;20,0;0,0;3,75;21,0;1;2026-07-21 07:30:00;2026-07-21 07:40:00;600;2026-07-21;7;30
2026-07-21 07:40:00;29163,75;29168,5;29163,75;29168,5;29163,75;29168,5;6;1,75;4,0;26;31;47,0;12,0;35;7,0;6,0;1;3,692307692307693;0,2708333333333333;0,1562283016247743;0,275558004960044;-0,1063829787234042;0,3819409836834483;2,25;29167,75;29164,0;0,75;-4,5;0,75;183,60794469665151;9;0,1009615384615384;0,0737704918032786;0,09375;0,0851063829787234;0,2;1,47265625;2,25;FORTE;72;29167,75;29167,5;29165,25;29162,25;12,25;0,0849673202614379;29165,25;0,0;29173,25;True;100;100;12,0;7;93;2;True;True;True;True;True;True;True;26;True;26;False;11;100;7;100;13;12,0;-6,0;False;0,0;False;183,60794469665151;1,75;4,0;10;4,75;4,75;4,75;0,0;0,0;-26,0;1;2026-07-21 07:40:00;2026-07-21 07:50:00;600;2026-07-21;7;40
2026-07-21 07:50:00;29170,25;29179,25;29166,0;29169,25;29170,25;29169,25;21;1,5;1,0;66;50;77,0;31,0;46;26,0;2,0;24;2,4375;0,4102564102564102;0,1107419712070874;1,394523326572008;-0,0841042893187552;1,4786276158907634;1,5;29168,75;29164,75;0,5;-4,5;2,75;527,7749624706215;5;0,0163934426229508;0,2319587628865979;0,3306451612903225;0,7297297297297297;0,9285714285714286;1,3608870967741935;2,0;MODERADO;252;29168,75;29168,75;29166,5;29166,25;4,0;0,0608695652173913;29166,5;1,0;29171,25;True;90;100;-10,0;13;77;2;True;True;True;True;True;True;True;70;True;56;False;50;90;13;100;9;-10,0;4,0;False;0,0;False;527,7749624706215;1,5;1,0;10;13,25;-1,0;1,0;9,0;3,25;0,75;-1;2026-07-21 07:50:00;2026-07-21 08:00:00;600;2026-07-21;7;50
2026-07-21 08:00:00;29143,0;29144,5;29135,75;29138,25;29143,0;29138,25;16;1,25;0,5;-115;-65;33,0;35,0;-2;6,0;18,0;-12;0,9444444444444444;1,0588235294117647;-0,1351808043257857;0,5230125523012552;-0,4077859939103958;0,930798546211651;-2,0;29142,5;29135,75;-4,25;-2,5;0,25;569,5251257649458;10;0,0078740157480314;0,0;0,0;0,0;0,0;1,0365168539325842;1,5;FORTE;192;29142,5;29139,25;29135,75;29137,25;7,5;0,125;29135,75;0,0;29137,25;False;44;36;8,0;34;10;4;True;True;True;True;True;True;False;57;False;45;False;47;44;34;36;40;8,0;-6,0;False;0,0;False;569,5251257649458;1,25;0,5;10;8,75;-4,75;4,75;1,5;2,5;-31,0;-1;2026-07-21 08:00:00;2026-07-21 08:10:00;600;2026-07-21;8;0
2026-07-21 08:10:00;29137,0;29161,5;29133,5;29133,5;29137,0;29133,5;40;1,75;0,5;-384;-158;65,0;145,0;-80;50,0;104,0;-54;0,4520547945205479;2,212121212121212;-0,6728778467908902;-1,604146100691017;-0,3726972633372378;-1,231448837353779;-9,75;29144,25;29135,0;-10,75;1,5;-2,25;1020,7825515511723;7;0,0549450549450549;0,1273408239700374;0,1506849315068493;0,1833333333333333;0,3333333333333333;1,4143835616438356;3,0;FORTE;480;29137,5;29142,75;29135,0;29139,5;17,25;0,2744186046511628;29137,5;0,0;29137,5;True;100;100;12,0;5;95;4;True;True;True;True;True;True;True;145;True;99;True;118;5;100;11;100;-6,0;12,0;True;0,0;True;1020,7825515511723;1,75;0,5;10;28,0;-3,5;3,5;24,5;0,0;-4,75;-1;2026-07-21 08:10:00;2026-07-21 08:20:00;600;2026-07-21;8;10
2026-07-21 08:20:00;29134,25;29142,5;29122,25;29129,0;29134,25;29129,0;29;1,75;1,0;-478;-190;8,0;10,0;-2;8,0;7,0;1;0,8181818181818182;1,2222222222222223;-0,3063099857055339;0,0;-0,2867271400271087;0,2867271400271087;-4,5;29134,25;29128,0;-5,25;-1,0;0,0;815,7502594086043;0;0,3769230769230769;0,3636363636363636;0,4230769230769231;0,4166666666666667;0,5;1,5;2,0;FRACO;348;29130,75;29134,25;29128,0;29131,25;8,5;0,0709677419354838;29130,75;0,0;29130,75;False;34;22;12,0;9;25;8;True;True;True;True;True;True;False;108;False;79;False;81;9;34;15;22;-6,0;12,0;False;0,0;False;815,7502594086043;1,75;1,0;10;20,25;-5,25;5,25;8,25;6,75;-4,5;-1;2026-07-21 08:20:00;2026-07-21 08:30:00;600;2026-07-21;8;20
2026-07-21 08:30:00;29126,0;29169,75;29126,0;29161,5;29126,0;29161,5;44;1,0;2,0;-176;-114;134,0;228,0;-94;22,0;150,0;-128;0,5895196506550219;1,6962962962962962;-0,5388331475287997;-0,4610655737704918;-0,5585898709036743;0,0975242971331825;-7,25;29173,25;29160,75;-11,75;-0,75;0,75;1376,2596075226636;10;0,0249110320284697;0,0701298701298701;0,0846394984326018;0,1117647058823529;0,0;0,9529780564263324;2,75;FORTE;528;29164,25;29170,5;29160,25;29161,75;13,0;0,0273224043715847;29160,25;1,0;29165,5;False;65;67;-2,0;38;27;10;True;True;True;True;True;True;False;167;False;127;False;123;38;65;30;67;8,0;-2,0;False;0,0;False;1376,2596075226636;1,0;2,0;10;43,75;35,5;35,5;8,25;0,0;32,5;1;2026-07-21 08:30:00;2026-07-21 08:40:00;600;2026-07-21;8;30
2026-07-21 08:40:00;29158,0;29158,0;29158,0;29158,0;29158,0;29158,0;1;0,5;1,0;-177;-20;59,0;235,0;-176;2,0;23,0;-21;0,2542372881355932;3,933333333333333;-0,1833455563704246;-0,6379178361826997;-0,0280898876404494;-0,6098279485422503;-2,75;29170,5;29159,25;-12,5;1,25;-0,75;40,06933795586372;10;0,0260223048327137;0,0692307692307692;0,0808510638297872;0,0;0,0;0,8691489361702127;2,0;FORTE;12;29164,25;29170,5;29159,25;29160,25;14,0;0,1136363636363636;29159,25;0,0;29164,25;True;100;100;12,0;8;92;1;True;True;True;True;True;True;True;7;False;1;True;7;8;100;14;100;-6,0;12,0;False;0,0;False;40,06933795586372;0,5;1,0;10;0,0;0,0;0,0;0,0;0,0;-3,5;0;2026-07-21 08:40:00;2026-07-21 08:50:00;600;2026-07-21;8;40
2026-07-21 09:00:00;29172,25;29180,25;29148,0;29180,25;29172,25;29180,25;16;1,0;1,0;176;-8;76,0;47,0;29;42,0;13,0;29;1,6041666666666667;0,6233766233766234;0,1684409109284463;0,9323388385721896;0,0;0,9323388385721896;2,5;29179,25;29175,0;1,0;-5,25;3,25;582,2903551648569;9;0,0060975609756097;0,0434782608695652;0,0437956204379562;0,0615384615384615;0,1;1,032846715328467;2,25;FORTE;192;29179,5;29179,0;29177,5;29176,0;7,5;0,1641791044776119;29177,5;0,0;29177,5;True;100;100;12,0;7;93;8;True;True;True;True;True;True;True;78;True;59;True;43;100;7;100;13;12,0;-6,0;True;1,0;True;582,2903551648569;1,0;1,0;10;32,25;8,0;8,0;0,0;24,25;22,25;1;2026-07-21 09:00:00;2026-07-21 09:10:00;600;2026-07-21;9;0
2026-07-21 09:10:00;29157,75;29170,0;29151,5;29154,0;29157,75;29154,0;17;1,25;2,0;-156;-32;25,0;31,0;-6;4,0;19,0;-15;0,8125;1,2307692307692308;-0,2168835502168835;0,0;-0,0759301442672741;0,0759301442672741;-3,25;29157,75;29153,0;-3,75;-1,0;1,5;927,5143169786772;10;0,0457516339869281;0,0106951871657754;0,0;0,0;0,0;1,2954545454545454;1,5;FORTE;204;29156,75;29157,75;29152,5;29153,5;8,25;0,028169014084507;29152,5;0,0;29153,5;False;57;45;12,0;24;33;4;True;True;True;True;True;True;False;64;False;47;False;52;24;57;30;45;-6,0;12,0;False;0,0;False;927,5143169786772;1,25;2,0;10;18,5;-3,75;3,75;12,25;2,5;-26,25;-1;2026-07-21 09:10:00;2026-07-21 09:20:00;600;2026-07-21;9;10
2026-07-21 09:20:00;29150,75;29153,75;29137,0;29149,0;29150,75;29149,0;25;1,25;0,5;-29;-42;21,0;46,0;-25;3,0;8,0;-5;0,4680851063829787;2,136363636363636;-0,1515049491616726;-0,6096209266238084;0,2257773190556057;-0,8353982456794141;-2,25;29154,25;29150,0;-5,25;1,0;-1,0;1277,9233149179586;10;0,0;0,0;0,0;0,0;0,0;0,9077380952380952;1,25;FORTE;300;29153,0;29152,5;29150,0;29150,25;18,0;0,4110429447852761;29153,0;0,0;29141,0;True;94;100;-6,0;22;72;7;True;True;True;True;True;True;True;106;False;61;True;84;22;94;14;100;8,0;-6,0;False;0,0;False;1277,9233149179586;1,25;0,5;10;16,75;-1,75;1,75;3,0;12,0;-5,0;-1;2026-07-21 09:20:00;2026-07-21 09:30:00;600;2026-07-21;9;20
2026-07-21 09:30:00;29128,5;29135,25;29120,75;29132,5;29128,5;29132,5;34;1,0;1,0;-93;-40;56,0;44,0;12;32,0;24,0;8;1,2666666666666666;0,7894736842105263;0,1871130162618221;0,3627569528415961;0,189414438792077;0,1733425140495191;2,75;29132,75;29126,75;-0,25;-5,75;0,25;1607,1090307750248;10;0,0;0,0;0,0;0,0;0,0;0,8963963963963963;1,5;FORTE;408;29132,5;29129,5;29130,5;29126,75;6,0;0,0895522388059701;29130,5;0,0;29130,5;False;81;69;12,0;8;73;6;True;True;True;True;True;True;False;116;False;85;False;97;81;8;69;14;12,0;-6,0;False;0,0;False;1607,1090307750248;1,0;1,0;10;14,5;4,0;4,0;2,75;7,75;-16,5;1;2026-07-21 09:30:00;2026-07-21 09:40:00;600;2026-07-21;9;30
2026-07-21 09:40:00;29134,75;29174,5;29112,5;29172,75;29134,75;29172,75;33;0,75;0,5;-168;-11;104,0;115,0;-11;51,0;20,0;31;0,9051724137931034;1,1047619047619048;0,3333555570371358;0,2606882168925964;0,3250650130026005;-0,064376796110004;5,0;29173,5;29165,75;-0,75;-7,0;1,75;2020,4311805063344;10;0,0133531157270029;0,0020833333333333;0,0;0,0;0,0;0,9290393013100436;1,5;FORTE;396;29172,75;29168,75;29170,0;29166,0;7,75;0,0120481927710843;29170,0;0,0;29174,5;True;62;50;12,0;29;33;14;True;True;True;True;True;True;True;147;True;106;False;101;62;29;50;35;12,0;-6,0;True;0,0;True;2020,4311805063344;0,75;0,5;10;62,0;38,0;38,0;1,75;22,25;40,25;1;2026-07-21 09:40:00;2026-07-21 09:50:00;600;2026-07-21;9;40
2026-07-21 09:50:00;29169,75;29185,0;29166,5;29172,5;29169,75;29172,5;47;1,0;0,5;-33;-39;46,0;61,0;-15;17,0;10,0;7;0,7580645161290323;1,319148936170213;-0,0172783191651116;-0,2711496746203904;-0,1090750436300174;-0,162074630990373;-0,25;29177,75;29171,5;-5,25;-1,0;-0,25;2729,3110101508228;10;0,0;0,0;0,0;0,0;0,0;0,8916666666666667;1,5;FORTE;564;29174,25;29173,75;29171,75;29171,5;9,5;0,1151515151515151;29171,75;0,0;29177,0;False;45;51;-6,0;31;14;17;True;True;True;True;True;True;False;187;False;140;False;141;31;45;19;51;12,0;-6,0;False;0,0;False;2729,3110101508228;1,0;0,5;10;18,5;2,75;2,75;12,5;3,25;-0,25;1;2026-07-21 09:50:00;2026-07-21 10:00:00;600;2026-07-21;9;50
2026-07-21 10:00:00;29174,75;29178,75;29165,5;29165,5;29174,75;29165,5;16;1,0;4,0;-72;-31;23,0;54,0;-31;5,0;30,0;-25;0,4363636363636363;2,2916666666666665;-0,1971764334726713;-0,254790052996331;-0,0850484776322503;-0,1697415753640807;-2,5;29168,25;29165,75;-2,75;0,25;-0,25;1053,5699365377066;10;0,0;0,0;0,0;0,0;0,0;0,9278350515463918;1,5;FORTE;192;29168,25;29169,75;29165,0;29166,0;10,0;0,238095238095238;29165,0;0,0;29168,25;True;100;100;12,0;8;92;3;True;True;True;True;True;True;True;65;False;33;True;60;8;100;14;100;-6,0;12,0;False;0,0;False;1053,5699365377066;1,0;4,0;10;13,25;-9,25;9,25;4,0;0,0;-7,0;-1;2026-07-21 10:00:00;2026-07-21 10:10:00;600;2026-07-21;10;0
2026-07-21 10:20:00;29196,0;29212,0;29190,75;29212,0;29196,0;29212,0;17;0,75;0,6666666666666666;-117;-82;150,0;147,0;3;68,0;42,0;26;1,0202702702702702;0,9801324503311258;0,0509891902916581;0,1000200040008001;0,0258317834263277;0,0741882205744724;0,75;29213,0;29208,25;-1,0;-3,75;0,75;1343,6760701211128;10;0,053800170794193;0,0045385779122541;0,002932551319648;0,0;0,0;0,9516129032258064;1,75;FORTE;204;29213,0;29212,75;29210,0;29208,5;4,75;0,0857142857142857;29213,0;0,0;29210,0;False;74;62;12,0;8;66;12;True;True;True;True;True;True;False;73;False;53;False;59;74;8;62;14;12,0;-6,0;False;0,0;False;1343,6760701211128;0,75;0,6666666666666666;10;21,25;16,0;16,0;0,0;5,25;46,5;1;2026-07-21 10:20:00;2026-07-21 10:30:00;600;2026-07-21;10;20
2026-07-21 10:30:00;29222,5;29222,5;29135,5;29203,5;29222,5;29203,5;34;1,0;0,5;744;133;586,0;471,0;115;365,0;262,0;103;1,24364406779661;0,8040885860306644;0,7525586995785671;3,009027081243731;-0,4527618472683368;3,461788928512068;11,25;29197,5;29182,0;6,0;-21,5;9,0;13648,698879786996;10;0,0043461082576056;0,0123647604327666;0,008008008008008;0,0107692307692307;0,0160183066361556;0,8948948948948949;1,75;FORTE;408;29205,25;29201,5;29194,5;29189,25;19,0;0,4418604651162791;29205,25;0,0;29194,5;True;100;100;12,0;8;92;25;True;True;True;True;True;True;True;164;True;127;True;106;100;8;100;14;12,0;-6,0;True;0,0;True;13648,698879786996;1,0;0,5;10;87,0;-19,0;19,0;0,0;68,0;-8,5;-1;2026-07-21 10:30:00;2026-07-21 10:40:00;600;2026-07-21;10;30
2026-07-21 10:40:00;29155,25;29173,0;29102,0;29127,0;29155,25;29127,0;28;1,0;1,0;-611;-179;423,0;439,0;-16;101,0;180,0;-79;0,9636363636363636;1,0377358490566038;-0,5932203389830508;0,0503524672708962;-1,0363768266141569;1,0867292938850532;-8,75;29137,0;29118,75;-10,0;-8,25;-1,0;10953,402892917258;10;0,0139088729016786;0,0172599784250269;0,0169300225733634;0,0;0,0;0,9314334085778782;2,5;FORTE;336;29132,5;29129,25;29126,75;29124,0;13,75;0,2659574468085106;29132,5;0,0;29126,75;True;54;60;-6,0;38;16;19;True;True;True;True;True;True;True;127;False;88;True;104;38;54;26;60;12,0;-6,0;True;0,0;True;10953,402892917258;1,0;1,0;10;71,0;-28,25;28,25;17,75;25,0;-76,5;-1;2026-07-21 10:40:00;2026-07-21 10:50:00;600;2026-07-21;10;40
2026-07-21 10:50:00;29132,5;29158,25;29103,0;29144,0;29132,5;29144,0;14;0,75;1,0;161;466;495,0;272,0;223;207,0;68,0;139;1,8168498168498168;0,5504032258064516;1,25;1,551862234681618;1,35013501350135;0,2017272211802678;18,75;29138,75;29119,25;5,25;-24,75;8,0;5629,947384720632;10;0,0103448275862068;0,006423982869379;0,0049261083743842;0,0098765432098765;0,0209424083769633;0,8355911330049262;1,75;FORTE;168;29145,0;29141,75;29134,75;29135,0;14,5;0,1656441717791411;29145,0;1,0;29114,5;True;100;100;8,0;8;92;11;True;True;True;True;True;True;True;71;True;56;True;45;100;8;100;14;8,0;-6,0;True;0,0;True;5629,947384720632;0,75;1,0;10;55,25;11,5;11,5;14,25;29,5;17,0;1;2026-07-21 10:50:00;2026-07-21 11:00:00;600;2026-07-21;10;50
2026-07-21 11:00:00;29183,5;29183,5;29085,5;29085,5;29183,5;29085,5;26;0,75;1,0;-792;-380;396,0;535,0;-139;152,0;142,0;10;0,7406716417910447;1,350125944584383;0,4333333333333333;1,978891820580475;-0,3003003003003003;2,2791921208807757;6,5;29099,25;29074,5;-13,75;-11,0;6,25;9859,516233621092;10;0,0280678851174934;0,0027624309392265;0,0050100200400801;0,0046948356807511;0,0157480314960629;0,8767535070140281;2,5;FORTE;312;29085,25;29079,0;29083,25;29076,5;10,75;0,144927536231884;29083,25;2,0;29095,0;True;52;54;-2,0;49;3;21;True;True;True;True;True;True;True;125;False;78;True;103;52;49;54;41;-2,0;8,0;True;1,0;True;9859,516233621092;0,75;1,0;10;98,0;-98,0;98,0;0,0;0,0;-58,5;-1;2026-07-21 11:00:00;2026-07-21 11:10:00;600;2026-07-21;11;0
2026-07-21 11:10:00;29084,0;29157,5;29071,0;29148,25;29084,0;29148,25;24;1,0;1,0;566;15;221,0;294,0;-73;47,0;66,0;-19;0,752542372881356;1,3288288288288288;-0,384152859433458;-0,5705394190871369;-0,1279819801371967;-0,4425574389499402;-5,75;29161,5;29147,0;-13,25;-1,25;-1,5;8358,477927713922;10;0,0009980039920159;0,0269290523045054;0,0;0,0;0,0;0,8584494773519163;1,5;FORTE;288;29152,5;29153,5;29149,0;29148,5;6,25;0,1354838709677419;29149,0;0,0;29152,0;True;83;89;-6,0;22;61;22;True;True;True;True;True;True;True;118;False;74;True;95;22;83;14;89;8,0;-6,0;True;0,0;True;8358,477927713922;1,0;1,0;10;86,5;64,25;64,25;9,25;13,0;62,75;1;2026-07-21 11:10:00;2026-07-21 11:20:00;600;2026-07-21;11;10
2026-07-21 11:20:00;29156,5;29213,25;29119,25;29196,5;29156,5;29196,5;34;0,75;1,0;855;246;235,0;305,0;-70;83,0;93,0;-10;0,7712418300653595;1,2966101694915255;0,0;0,421674045962471;-0,1785896520053066;0,6002636979677777;0,0;29210,25;29192,75;-13,75;-3,75;-1,0;9675,970185746115;10;0,013063063063063;0,0;0,0;0,0;0,0;0,7289915966386554;1,25;FORTE;408;29200,25;29195,25;29196,0;29193,25;7,5;0,0428571428571428;29196,0;0,0;29207,0;True;58;64;-6,0;38;20;27;True;True;True;True;True;True;True;156;True;127;True;102;38;58;26;64;12,0;-6,0;True;1,0;True;9675,970185746115;0,75;1,0;10;94,0;40,0;40,0;16,75;37,25;48,25;1;2026-07-21 11:20:00;2026-07-21 11:30:00;600;2026-07-21;11;20
