_source_category;_source_file;_source_sheet;_source_row;id;data_hora;data_qt;lado;preco_entrada;gain;stop;stop_protegido;protecionado;tp_mt5;sl_mt5;protecao_pontos;regra;status;mfe_mt5;mae_mt5;tempo_mfe_s;tempo_mae_s;tempo_resultado_s;preco_resultado;resultado_mt5;score_entrada;score_base_dna;ajuste_estrutura;score_oposto;score_compra_base;score_venda_base;ajuste_estrutura_compra;ajuste_estrutura_venda;diferenca_score;hard_gates_ok;qtd_hard_gates_ok;hard_gates_faltantes;gate_delta30;gate_saldo30;gate_vel15;gate_aceleracao;gate_rompimento;gate_continuidade;gate_atividade;hard_gates_compra_ok;qtd_hard_gates_compra_ok;hard_gates_compra_faltantes;hard_gates_venda_ok;qtd_hard_gates_venda_ok;hard_gates_venda_faltantes;score_spread;dna_spread;estrutura;estrutura_bruta;estrutura_candidata;confirmacoes_candidata;nivel_invalidation;ultima_mudanca_confirmada;motivo_estrutura;motivo_estrutura_bruta;qtd_swings_confirmados;ultimo_topo;topo_anterior;ultimo_fundo;fundo_anterior;eficiencia_swings;amplitude_swings;ultima_mudanca_estrutura;swing_mais_recente_tipo;swing_mais_recente_preco;swing_mais_recente_hora;tipo_entrada_campanha;campanha_entradas_antes;delta30;delta10;saldo30;saldo10;vel15;vel5;aceleracao;rompimento_compra;rompimento_venda;continuidade_2s;ticks_s;motivos;bloqueios_no_momento;score_minimo_config;diferenca_minima_config;modo_sombra;datetime
trades;trades_c7_dna_fluxo_v5_2.csv;;2;20260717174502717820;2026-07-17 17:45:02;2026-07-17 17:44:51.049;COMPRA;28764.0;28780.0;28735.0;28764.0;True;1600;2900;1120;C7_DNA_FLUXO_V5_1;GAIN;1600;-875;177312.02;349.56;177312.02;28780.0;1600;100;100;8.0;12;100;14;8.0;-2.0;88;True;7;;True;True;True;True;True;True;True;True;7;;False;1;delta30 | saldo30 | vel15 | aceleracao | rompimento | continuidade;10;FORTE;ALTA;BAIXA;BAIXA;1.0;28758.0;2026-07-17 17:41:07.626000;"ALTA mantida; candidata BAIXA 1/2; rompeu_invalidação=False";topo 28759.25<28760.00 e fundo 28756.50<28757.50;12;28759.25;28760.0;28756.5;28757.5;0.0;6.5;BAIXA confirmada em 2026-07-17 17:44:19.201000;TOPO;28759.25;2026-07-17 17:44:19.201;NOVA_CAMPANHA;False;48;29;48;30;0.265018;0.712541;0.684138;3.0;-6.25;2.5;20.2827;spread FORTE +10 | delta30 favorável 48.0 | delta10 crescente 29.0 | saldo agressor30 48.0 | saldo10 favorável 30.0 | razão fluxo 3.29 | vel15 0.2650 | vel5 acelerando 0.7125 | aceleração 0.6841 | desloc15 3.75 | ticks/s 20.28 | rompimento 3.00 | continuidade 2.50 | estrutura confirmada alinhada +8;;72;12;True;2026-07-17 17:44:51.049
trades;trades_c7_dna_fluxo_v5_2.csv;;3;20260719190221025397;2026-07-19 19:02:21;2026-07-19 19:02:09.874;VENDA;28803.0;28787.0;28832.0;28803.0;True;1600;2900;1120;C7_DNA_FLUXO_V5_1;GAIN;4375;0;34.5;0.0;34.5;28759.25;1600;100;99;12.0;0;4;99;-6.0;12.0;100;True;7;;True;True;True;True;True;True;True;False;1;delta30 | saldo30 | vel15 | aceleracao | rompimento | continuidade;True;7;;0;FRACO;BAIXA;BAIXA;;0.0;28771.75;2026-07-17 17:59:50.057000;"BAIXA mantida; estrutura bruta alinhada";topo 28804.50<28809.00 e fundo 28802.25<28806.75;12;28804.5;28809.0;28802.25;28806.75;0.057143;7.0;BAIXA confirmada em 2026-07-19 19:02:09.773000;TOPO;28804.5;2026-07-19 19:02:09.773;NOVA_CAMPANHA;False;-33;-13;-34;-12;-0.19702;-1.104837;-1.219031;-10.25;1.75;-4.25;55.5237;spread sem bônus | delta30 favorável 33.0 | delta10 crescente 13.0 | saldo agressor30 34.0 | saldo10 favorável 12.0 | razão fluxo 1.54 | vel15 0.1970 | vel5 acelerando 1.1048 | aceleração 1.2190 | desloc15 2.75 | ticks/s 55.52 | rompimento 1.75 | continuidade 4.25 | estrutura confirmada alinhada +8 | estrutura local alinhada +4;;72;12;True;2026-07-19 19:02:09.874
trades;trades_c7_dna_fluxo_v5_2.csv;;4;20260719190721661430;2026-07-19 19:07:21;2026-07-19 19:07:09.862;VENDA;28724.5;28708.5;28753.5;28724.5;True;1600;2900;1120;C7_DNA_FLUXO_V5_1;PROTEGIDO;1275;-2025;430.81;116.7;477.09;28728.5;0;100;91;12.0;0;4;91;-6.0;12.0;100;True;7;;True;True;True;True;True;True;True;False;1;delta30 | saldo30 | vel15 | aceleracao | rompimento | continuidade;True;7;;0;FRACO;BAIXA;BAIXA;;0.0;28731.25;2026-07-17 17:59:50.057000;"BAIXA mantida; estrutura bruta alinhada";topo 28731.25<28734.75 e fundo 28728.00<28728.50;12;28731.25;28734.75;28728.0;28728.5;0.07772;9.75;BAIXA confirmada em 2026-07-19 19:07:06.349000;TOPO;28731.25;2026-07-19 19:07:06.349;REENTRADA_APOS_PULLBACK_E_ROMPIMENTO;True;-25;-5;-24;-4;-0.255763;-1.529676;-1.921198;-10.25;0.5;-1.5;43.582;spread sem bônus | delta30 favorável 25.0 | saldo agressor30 24.0 | saldo10 favorável 4.0 | razão fluxo 1.41 | vel15 0.2558 | vel5 acelerando 1.5297 | aceleração 1.9212 | desloc15 3.75 | ticks/s 43.58 | rompimento 0.50 | continuidade 1.50 | estrutura confirmada alinhada +8 | estrutura local alinhada +4;;72;12;True;2026-07-19 19:07:09.862
trades;trades_c7_dna_fluxo_v5_2.csv;;5;20260719191628337136;2026-07-19 19:16:28;2026-07-19 19:16:16.536;COMPRA;28753.5;28769.5;28724.5;28753.5;True;1600;2900;1120;C7_DNA_FLUXO_V5_1;GAIN;1675;-275;116.77;11.0;116.77;28770.25;1600;100;99;8.0;2;99;4;8.0;-2.0;98;True;7;;True;True;True;True;True;True;True;True;7;;False;1;delta30 | saldo30 | vel15 | aceleracao | rompimento | continuidade;0;FRACO;ALTA;BAIXA;BAIXA;3.0;28728.75;2026-07-19 19:14:54.564000;"ALTA mantida; candidata BAIXA 3/2; rompeu_invalidação=False";topo 28747.00<28747.75 e fundo 28741.75<28745.00;12;28747.0;28747.75;28741.75;28745.0;0.100775;6.0;BAIXA confirmada em 2026-07-19 19:16:14.737000;FUNDO;28741.75;2026-07-19 19:16:14.737;NOVA_CAMPANHA;False;41;41;42;42;0.775047;1.334976;1.062603;5.5;-11.25;11.75;40.7561;spread sem bônus | delta30 favorável 41.0 | delta10 crescente 41.0 | saldo agressor30 42.0 | saldo10 favorável 42.0 | razão fluxo 2.40 | vel15 0.7750 | vel5 acelerando 1.3350 | aceleração 1.0626 | desloc15 10.25 | ticks/s 40.76 | rompimento 5.50 | continuidade 11.75 | estrutura confirmada alinhada +8;;72;12;True;2026-07-19 19:16:16.536
trades;trades_c7_dna_fluxo_v5_2.csv;;6;20260719191847974807;2026-07-19 19:18:47;2026-07-19 19:18:36.304;VENDA;28761.5;28745.5;28790.5;;False;1600;2900;1120;C7_DNA_FLUXO_V5_1;LOSS;0;-3950;0.0;105.28;105.28;28801.0;-2900;97;99;-2.0;12;4;99;8.0;-2.0;85;True;7;;True;True;True;True;True;True;True;False;1;delta30 | saldo30 | vel15 | aceleracao | rompimento | continuidade;True;7;;0;FRACO;ALTA;BAIXA;BAIXA;1.0;28767.5;2026-07-19 19:14:54.564000;"ALTA mantida; candidata BAIXA 1/2; rompeu_invalidação=True";topo 28768.50<28769.50 e fundo 28757.50<28764.50;12;28768.5;28769.5;28757.5;28764.5;0.247423;14.0;BAIXA confirmada em 2026-07-19 19:18:35.942000;FUNDO;28757.5;2026-07-19 19:18:35.942;MUDANCA_ESTRUTURAL_DE_CAMPANHA;True;-33;-33;-34;-32;-0.398898;-1.415688;-1.512002;-10.0;2.5;-5.0;32.2744;spread sem bônus | delta30 favorável 33.0 | delta10 crescente 33.0 | saldo agressor30 34.0 | saldo10 favorável 32.0 | razão fluxo 1.87 | vel15 0.3989 | vel5 acelerando 1.4157 | aceleração 1.5120 | desloc15 5.50 | ticks/s 32.27 | rompimento 2.50 | continuidade 5.00 | estrutura confirmada contrária -6 | estrutura local alinhada +4;;72;12;True;2026-07-19 19:18:36.304
trades;trades_c7_dna_fluxo_v5_2.csv;;7;20260719192449875126;2026-07-19 19:24:49;2026-07-19 19:24:38.676;VENDA;28786.5;28770.5;28815.5;28786.5;True;1600;2900;1120;C7_DNA_FLUXO_V5_1;GAIN;1800;0;46.47;0.0;46.47;28768.5;1600;100;99;12.0;0;4;99;-6.0;12.0;100;True;7;;True;True;True;True;True;True;True;False;1;delta30 | saldo30 | vel15 | aceleracao | rompimento | continuidade;True;7;;0;FRACO;BAIXA;BAIXA;;0.0;28788.75;2026-07-19 19:22:06.594000;"BAIXA mantida; estrutura bruta alinhada";topo 28788.75<28790.75 e fundo 28784.75<28786.50;12;28788.75;28790.75;28784.75;28786.5;0.265823;15.5;BAIXA confirmada em 2026-07-19 19:24:38.645000;FUNDO;28784.75;2026-07-19 19:24:38.645;NOVA_CAMPANHA;False;-55;-28;-56;-29;-0.744873;-1.738058;-1.448572;-13.75;1.75;-2.75;36.7932;spread sem bônus | delta30 favorável 55.0 | delta10 crescente 28.0 | saldo agressor30 56.0 | saldo10 favorável 29.0 | razão fluxo 3.55 | vel15 0.7449 | vel5 acelerando 1.7381 | aceleração 1.4486 | desloc15 10.75 | ticks/s 36.79 | rompimento 1.75 | continuidade 2.75 | estrutura confirmada alinhada +8 | estrutura local alinhada +4;;72;12;True;2026-07-19 19:24:38.676
trades;trades_c7_dna_fluxo_v5_2.csv;;8;20260719192646810779;2026-07-19 19:26:46;2026-07-19 19:26:35.193;COMPRA;28773.75;28789.75;28744.75;28773.75;True;1600;2900;1120;C7_DNA_FLUXO_V5_1;PROTEGIDO;1175;-1175;47.02;22.32;81.48;28765.5;0;97;99;-2.0;12;99;4;-2.0;8.0;85;True;7;;True;True;True;True;True;True;True;True;7;;False;1;delta30 | saldo30 | vel15 | aceleracao | rompimento | continuidade;0;FRACO;BAIXA;ALTA;ALTA;1.0;28767.75;2026-07-19 19:22:06.594000;"BAIXA mantida; candidata ALTA 1/2; rompeu_invalidação=True";topo 28773.50>28767.50 e fundo 28771.25>28765.50;12;28773.5;28767.5;28771.25;28765.5;0.205882;9.25;ALTA confirmada em 2026-07-19 19:26:32.191000;FUNDO;28771.25;2026-07-19 19:26:32.191;MUDANCA_ESTRUTURAL_DE_CAMPANHA;True;53;37;54;37;0.287395;1.275239;1.326876;0.25;-11.5;0.5;30.9711;spread sem bônus | delta30 favorável 53.0 | delta10 crescente 37.0 | saldo agressor30 54.0 | saldo10 favorável 37.0 | razão fluxo 2.86 | vel15 0.2874 | vel5 acelerando 1.2752 | aceleração 1.3269 | desloc15 4.25 | ticks/s 30.97 | rompimento 0.25 | continuidade 0.50 | estrutura confirmada contrária -6 | estrutura local alinhada +4;;72;12;True;2026-07-19 19:26:35.193
trades;trades_c7_dna_fluxo_v5_2.csv;;9;20260719192908605811;2026-07-19 19:29:08;2026-07-19 19:28:56.975;VENDA;28765.0;28749.0;28794.0;;False;1600;2900;1120;C7_DNA_FLUXO_V5_1;LOSS;725;-3250;213.34;248.57;248.57;28797.5;-2900;100;99;12.0;0;4;99;-6.0;12.0;100;True;7;;True;True;True;True;True;True;True;False;1;delta30 | saldo30 | vel15 | aceleracao | rompimento | continuidade;True;7;;0;FRACO;BAIXA;BAIXA;;0.0;28769.0;2026-07-19 19:27:56.673000;"BAIXA mantida; estrutura bruta alinhada";topo 28771.00<28775.25 e fundo 28769.00<28772.00;12;28771.0;28775.25;28769.0;28772.0;0.085427;12.0;BAIXA confirmada em 2026-07-19 19:28:53.651000;TOPO;28771.0;2026-07-19 19:28:53.651;NOVA_CAMPANHA;False;-33;-11;-33;-10;-0.835977;-1.713796;-0.491172;-11.75;4.0;-4.0;36.2685;spread sem bônus | delta30 favorável 33.0 | delta10 crescente 11.0 | saldo agressor30 33.0 | saldo10 favorável 10.0 | razão fluxo 2.65 | vel15 0.8360 | vel5 acelerando 1.7138 | aceleração 0.4912 | desloc15 9.75 | ticks/s 36.27 | rompimento 4.00 | continuidade 4.00 | estrutura confirmada alinhada +8 | estrutura local alinhada +4;;72;12;True;2026-07-19 19:28:56.975
trades;trades_c7_dna_fluxo_v5_2.csv;;10;20260719193615687227;2026-07-19 19:36:15;2026-07-19 19:36:04.494;VENDA;28815.75;28799.75;28844.75;;False;1600;2900;1120;C7_DNA_FLUXO_V5_1;LOSS;650;-3000;92.9;480.02;480.02;28845.75;-2900;100;99;12.0;0;4;99;-6.0;12.0;100;True;7;;True;True;True;True;True;True;True;False;1;delta30 | saldo30 | vel15 | aceleracao | rompimento | continuidade;True;7;;0;FRACO;BAIXA;BAIXA;;0.0;28826.5;2026-07-19 19:36:04.494000;mudança ALTA->BAIXA: 2 swings opostos e rompimento do nível 28829.25;topo 28826.50<28829.25 e fundo 28813.00<28823.50;12;28826.5;28829.25;28813.0;28823.5;0.351955;19.5;BAIXA confirmada em 2026-07-19 19:36:03.613000;FUNDO;28813.0;2026-07-19 19:36:03.613;NOVA_CAMPANHA;False;-35;-27;-36;-26;-0.76746;-2.011587;-1.944464;-14.75;5.75;-4.5;54.7966;spread sem bônus | delta30 favorável 35.0 | delta10 crescente 27.0 | saldo agressor30 36.0 | saldo10 favorável 26.0 | razão fluxo 2.33 | vel15 0.7675 | vel5 acelerando 2.0116 | aceleração 1.9445 | desloc15 10.00 | ticks/s 54.80 | rompimento 5.75 | continuidade 4.50 | estrutura confirmada alinhada +8 | estrutura local alinhada +4;;72;12;True;2026-07-19 19:36:04.494
trades;trades_c7_dna_fluxo_v5_2.csv;;11;20260719194614591829;2026-07-19 19:46:14;2026-07-19 19:46:02.824;COMPRA;28840.75;28856.75;28811.75;;False;1600;2900;1120;C7_DNA_FLUXO_V5_1;LOSS;250;-2950;12.13;770.35;770.35;28811.25;-2900;97;99;-2.0;12;99;4;-2.0;8.0;85;True;7;;True;True;True;True;True;True;True;True;7;;False;1;delta30 | saldo30 | vel15 | aceleracao | rompimento | continuidade;0;FRACO;BAIXA;ALTA;ALTA;1.0;28830.25;2026-07-19 19:45:02.849000;"BAIXA mantida; candidata ALTA 1/2; rompeu_invalidação=True";topo 28828.75>28828.25 e fundo 28826.75>28825.25;12;28828.75;28828.25;28826.75;28825.25;0.358974;17.0;ALTA confirmada em 2026-07-19 19:45:48.818000;FUNDO;28826.75;2026-07-19 19:45:48.818;NOVA_CAMPANHA;False;31;30;30;31;0.813173;2.296504;2.296504;3.75;-15.5;3.75;31.9171;spread sem bônus | delta30 favorável 31.0 | delta10 crescente 30.0 | saldo agressor30 30.0 | saldo10 favorável 31.0 | razão fluxo 1.86 | vel15 0.8132 | vel5 acelerando 2.2965 | aceleração 2.2965 | desloc15 12.00 | ticks/s 31.92 | rompimento 3.75 | continuidade 3.75 | estrutura confirmada contrária -6 | estrutura local alinhada +4;;72;12;True;2026-07-19 19:46:02.824
trades;trades_c7_dna_fluxo_v5_2.csv;;12;20260719200617411404;2026-07-19 20:06:17;2026-07-19 20:06:06.148;COMPRA;28815.5;28831.5;28786.5;28815.5;True;1600;2900;1120;C7_DNA_FLUXO_V5_1;GAIN;1900;-2775;423.41;46.8;423.41;28834.5;1600;93;99;-6.0;12;99;4;-6.0;8.0;81;True;7;;True;True;True;True;True;True;True;True;7;;False;1;delta30 | saldo30 | vel15 | aceleracao | rompimento | continuidade;0;FRACO;BAIXA;TRANSICAO;ALTA;1.0;28791.75;2026-07-19 20:03:57.519000;BAIXA mantida durante TRANSICAO;"topos/fundos divergentes: 28797.00->28808.75; 28806.00->28805.00";12;28808.75;28797.0;28805.0;28806.0;0.203883;15.5;TRANSICAO confirmada em 2026-07-19 20:05:59.449000;FUNDO;28805.0;2026-07-19 20:05:59.449;NOVA_CAMPANHA;False;20;10;19;9;1.276519;2.003205;0.855642;6.75;-22.25;5.5;54.0093;spread sem bônus | delta30 favorável 20.0 | delta10 crescente 10.0 | saldo agressor30 19.0 | saldo10 favorável 9.0 | razão fluxo 2.06 | vel15 1.2765 | vel5 acelerando 2.0032 | aceleração 0.8556 | desloc15 17.75 | ticks/s 54.01 | rompimento 6.75 | continuidade 5.50 | estrutura confirmada contrária -6;;72;12;True;2026-07-19 20:06:06.148
trades;trades_c7_dna_fluxo_v5_2.csv;;13;20260719202654438596;2026-07-19 20:26:54;2026-07-19 20:26:42.683;VENDA;28802.0;28786.0;28831.0;;False;1600;2900;1120;C7_DNA_FLUXO_V5_1;LOSS;825;-2975;137.19;529.94;529.94;28831.75;-2900;85;91;-6.0;12;4;91;8.0;-6.0;73;True;7;;True;True;True;True;True;True;True;False;1;delta30 | saldo30 | vel15 | aceleracao | rompimento | continuidade;True;7;;0;FRACO;ALTA;TRANSICAO;BAIXA;1.0;28830.5;2026-07-19 20:13:09.558000;ALTA mantida durante TRANSICAO;"topos/fundos divergentes: 28811.00->28812.25; 28808.75->28808.75";12;28812.25;28811.0;28808.75;28808.75;0.153846;13.5;TRANSICAO confirmada em 2026-07-19 20:26:41.202000;TOPO;28812.25;2026-07-19 20:26:41.202;NOVA_CAMPANHA;False;-22;-4;-21;-5;-0.593663;-3.196268;-3.276089;-13.0;6.75;-10.0;31.0062;spread sem bônus | delta30 favorável 22.0 | saldo agressor30 21.0 | saldo10 favorável 5.0 | razão fluxo 2.17 | vel15 0.5937 | vel5 acelerando 3.1963 | aceleração 3.2761 | desloc15 8.75 | ticks/s 31.01 | rompimento 6.75 | continuidade 10.00 | estrutura confirmada contrária -6;;72;12;True;2026-07-19 20:26:42.683
trades;trades_c7_dna_fluxo_v5_2.csv;;14;20260719203744672227;2026-07-19 20:37:44;2026-07-19 20:37:33.186;VENDA;28812.75;28796.75;28841.75;;False;1600;2900;1120;C7_DNA_FLUXO_V5_1;LOSS;0;-3325;0.0;305.38;305.38;28846.0;-2900;100;99;12.0;0;4;99;-6.0;12.0;100;True;7;;True;True;True;True;True;True;True;False;1;delta30 | saldo30 | vel15 | aceleracao | rompimento | continuidade;True;7;;0;FRACO;BAIXA;BAIXA;;0.0;28806.75;2026-07-19 20:34:35.142000;"BAIXA mantida; estrutura bruta alinhada";topo 28823.25<28823.50 e fundo 28810.75<28821.25;12;28823.25;28823.5;28810.75;28821.25;0.302564;19.25;BAIXA confirmada em 2026-07-19 20:37:32.987000;FUNDO;28810.75;2026-07-19 20:37:32.987;NOVA_CAMPANHA;False;-24;-10;-25;-11;-0.453436;-0.456575;-0.204756;-10.5;2.25;-0.75;23.6484;spread sem bônus | delta30 favorável 24.0 | delta10 crescente 10.0 | saldo agressor30 25.0 | saldo10 favorável 11.0 | razão fluxo 3.27 | vel15 0.4534 | vel5 acelerando 0.4566 | aceleração 0.2048 | desloc15 6.50 | ticks/s 23.65 | rompimento 2.25 | continuidade 0.75 | estrutura confirmada alinhada +8 | estrutura local alinhada +4;;72;12;True;2026-07-19 20:37:33.186
trades;trades_c7_dna_fluxo_v5_2.csv;;15;20260719204315949265;2026-07-19 20:43:15;2026-07-19 20:43:04.042;COMPRA;28855.5;28871.5;28826.5;;False;1600;2900;1120;C7_DNA_FLUXO_V5_1;LOSS;850;-3150;106.55;154.53;154.53;28824.0;-2900;100;99;12.0;0;99;4;12.0;-6.0;100;True;7;;True;True;True;True;True;True;True;True;7;;False;1;delta30 | saldo30 | vel15 | aceleracao | rompimento | continuidade;0;FRACO;ALTA;ALTA;;0.0;28853.0;2026-07-19 20:41:17.838000;"ALTA mantida; estrutura bruta alinhada";topo 28855.00>28853.00 e fundo 28853.00>28850.75;12;28855.0;28853.0;28853.0;28850.75;0.487923;27.25;ALTA confirmada em 2026-07-19 20:43:02.341000;FUNDO;28853.0;2026-07-19 20:43:02.341;NOVA_CAMPANHA;False;52;45;51;44;0.467415;0.6233;0.290853;0.5;-12.5;1.75;46.4744;spread sem bônus | delta30 favorável 52.0 | delta10 crescente 45.0 | saldo agressor30 51.0 | saldo10 favorável 44.0 | razão fluxo 2.70 | vel15 0.4674 | vel5 acelerando 0.6233 | aceleração 0.2909 | desloc15 7.00 | ticks/s 46.47 | rompimento 0.50 | continuidade 1.75 | estrutura confirmada alinhada +8 | estrutura local alinhada +4;;72;12;True;2026-07-19 20:43:04.042
trades;trades_c7_dna_fluxo_v5_2.csv;;16;20260719205146907878;2026-07-19 20:51:46;2026-07-19 20:51:34.616;COMPRA;28853.5;28869.5;28824.5;28853.5;True;1600;2900;1120;C7_DNA_FLUXO_V5_1;GAIN;1750;-1350;440.43;201.69;440.43;28871.0;1600;99;91;8.0;0;91;4;8.0;-6.0;99;True;7;;True;True;True;True;True;True;True;True;7;;False;1;delta30 | saldo30 | vel15 | aceleracao | rompimento | continuidade;0;FRACO;ALTA;TRANSICAO;;0.0;28846.0;2026-07-19 20:50:47.624000;ALTA mantida durante TRANSICAO;"topos/fundos divergentes: 28852.25->28856.00; 28848.25->28847.00";12;28856.0;28852.25;28847.0;28848.25;0.296167;24.25;TRANSICAO confirmada em 2026-07-19 20:51:33.216000;TOPO;28856.0;2026-07-19 20:51:33.216;NOVA_CAMPANHA;False;40;4;41;5;0.485145;1.124957;1.04718;1.25;-11.75;1.75;87.9952;spread sem bônus | delta30 favorável 40.0 | saldo agressor30 41.0 | saldo10 favorável 5.0 | razão fluxo 2.58 | vel15 0.4851 | vel5 acelerando 1.1250 | aceleração 1.0472 | desloc15 7.25 | ticks/s 88.00 | rompimento 1.25 | continuidade 1.75 | estrutura confirmada alinhada +8;;72;12;True;2026-07-19 20:51:34.616
trades;trades_c7_dna_fluxo_v5_2.csv;;17;20260719205942325280;2026-07-19 20:59:42;2026-07-19 20:59:30.631;VENDA;28862.0;28846.0;28891.0;28862.0;True;1600;2900;1120;C7_DNA_FLUXO_V5_1;GAIN;2000;-425;59.5;24.2;59.5;28842.0;1600;85;91;-6.0;16;4;91;12.0;-6.0;69;True;7;;True;True;True;True;True;True;True;False;1;delta30 | saldo30 | vel15 | aceleracao | rompimento | continuidade;True;7;;0;FRACO;ALTA;ALTA;;0.0;28864.75;2026-07-19 20:50:47.624000;"ALTA mantida; estrutura bruta alinhada";topo 28867.25>28867.00 e fundo 28864.00>28863.75;12;28867.25;28867.0;28864.0;28863.75;0.134328;11.0;ALTA confirmada em 2026-07-19 20:59:24.033000;TOPO;28867.25;2026-07-19 20:59:24.033;MUDANCA_ESTRUTURAL_DE_CAMPANHA;True;-43;-9;-44;-10;-0.26996;-3.768844;-3.920931;-11.75;1.75;-3.75;55.4093;spread sem bônus | delta30 favorável 43.0 | saldo agressor30 44.0 | saldo10 favorável 10.0 | razão fluxo 1.77 | vel15 0.2700 | vel5 acelerando 3.7688 | aceleração 3.9209 | desloc15 4.00 | ticks/s 55.41 | rompimento 1.75 | continuidade 3.75 | estrutura confirmada contrária -6;;72;12;True;2026-07-19 20:59:30.631
trades;trades_c7_dna_fluxo_v5_2.csv;;18;20260719210053904942;2026-07-19 21:00:53;2026-07-19 21:00:42.434;VENDA;28831.25;28815.25;28860.25;28831.25;True;1600;2900;1120;C7_DNA_FLUXO_V5_1;GAIN;1875;-900;83.3;11.6;83.3;28812.5;1600;100;99;8.0;0;4;99;-6.0;8.0;100;True;7;;True;True;True;True;True;True;True;False;1;delta30 | saldo30 | vel15 | aceleracao | rompimento | continuidade;True;7;;0;FRACO;BAIXA;TRANSICAO;;0.0;28849.0;2026-07-19 21:00:18.434000;BAIXA mantida durante TRANSICAO;"topos/fundos divergentes: 28831.50->28833.25; 28827.50->28826.50";12;28833.25;28831.5;28826.5;28827.5;0.116279;17.25;TRANSICAO confirmada em 2026-07-19 21:00:42.133000;TOPO;28833.25;2026-07-19 21:00:42.133;NOVA_CAMPANHA;False;-74;-64;-40;-39;-0.695859;-2.357948;-2.558406;-22.5;6.75;-6.75;127.9022;spread sem bônus | delta30 favorável 74.0 | delta10 crescente 64.0 | saldo agressor30 40.0 | saldo10 favorável 39.0 | razão fluxo 1.58 | vel15 0.6959 | vel5 acelerando 2.3579 | aceleração 2.5584 | desloc15 10.25 | ticks/s 127.90 | rompimento 6.75 | continuidade 6.75 | estrutura confirmada alinhada +8;;72;12;True;2026-07-19 21:00:42.434
trades;trades_c7_dna_fluxo_v5_2.csv;;19;20260719210241773001;2026-07-19 21:02:41;2026-07-19 21:02:28.733;COMPRA;28825.0;28841.0;28796.0;28825.0;True;1600;2900;1120;C7_DNA_FLUXO_V5_1;GAIN;1850;0;24.8;0.0;24.8;28843.5;1600;93;99;-6.0;16;99;4;-6.0;12.0;77;True;7;;True;True;True;True;True;True;True;True;7;;False;1;delta30 | saldo30 | vel15 | aceleracao | rompimento | continuidade;0;FRACO;BAIXA;BAIXA;;0.0;28824.0;2026-07-19 21:00:18.434000;"BAIXA mantida; estrutura bruta alinhada";topo 28824.00<28824.75 e fundo 28816.75<28820.25;12;28824.0;28824.75;28816.75;28820.25;0.16129;16.75;BAIXA confirmada em 2026-07-19 21:02:23.434000;FUNDO;28816.75;2026-07-19 21:02:23.434;MUDANCA_ESTRUTURAL_DE_CAMPANHA;True;39;14;52;13;0.436857;1.276292;1.458964;0.25;-19.0;2.0;103.0311;spread sem bônus | delta30 favorável 39.0 | delta10 crescente 14.0 | saldo agressor30 52.0 | saldo10 favorável 13.0 | razão fluxo 1.93 | vel15 0.4369 | vel5 acelerando 1.2763 | aceleração 1.4590 | desloc15 6.50 | ticks/s 103.03 | rompimento 0.25 | continuidade 2.00 | estrutura confirmada contrária -6;;72;12;True;2026-07-19 21:02:28.733
trades;trades_c7_dna_fluxo_v5_2.csv;;20;20260719210453020465;2026-07-19 21:04:53;2026-07-19 21:04:41.333;COMPRA;28869.75;28885.75;28840.75;28869.75;True;1600;2900;1120;C7_DNA_FLUXO_V5_1;GAIN;1850;-25;47.7;12.22;47.7;28888.25;1600;100;99;8.0;0;99;4;8.0;-6.0;100;True;7;;True;True;True;True;True;True;True;True;7;;False;1;delta30 | saldo30 | vel15 | aceleracao | rompimento | continuidade;0;FRACO;ALTA;TRANSICAO;BAIXA;1.0;28854.0;2026-07-19 21:03:29.433000;ALTA mantida durante TRANSICAO;"topos/fundos divergentes: 28863.00->28871.25; 28860.00->28857.25";12;28871.25;28863.0;28857.25;28860.0;0.361345;21.5;TRANSICAO confirmada em 2026-07-19 21:04:40.533000;TOPO;28871.25;2026-07-19 21:04:40.533;NOVA_CAMPANHA;False;21;19;15;15;0.610457;0.853414;0.433151;1.25;-20.0;1.75;107.0813;spread sem bônus | delta30 favorável 21.0 | delta10 crescente 19.0 | saldo agressor30 15.0 | saldo10 favorável 15.0 | razão fluxo 1.24 | vel15 0.6105 | vel5 acelerando 0.8534 | aceleração 0.4332 | desloc15 8.50 | ticks/s 107.08 | rompimento 1.25 | continuidade 1.75 | estrutura confirmada alinhada +8;;72;12;True;2026-07-19 21:04:41.333
trades;trades_c7_dna_fluxo_v5_2.csv;;21;20260719210851794749;2026-07-19 21:08:51;2026-07-19 21:08:39.651;COMPRA;28922.5;28938.5;28893.5;28922.5;True;1600;2900;1120;C7_DNA_FLUXO_V5_1;GAIN;1750;0;179.5;0.0;179.5;28940.0;1600;100;99;8.0;0;99;4;8.0;-6.0;100;True;7;;True;True;True;True;True;True;True;True;7;;False;1;delta30 | saldo30 | vel15 | aceleracao | rompimento | continuidade;0;FRACO;ALTA;TRANSICAO;;0.0;28912.25;2026-07-19 21:03:29.433000;ALTA mantida durante TRANSICAO;"topos/fundos divergentes: 28919.50->28923.25; 28917.00->28916.25";12;28923.25;28919.5;28916.25;28917.0;0.366197;13.25;TRANSICAO confirmada em 2026-07-19 21:08:38.972000;TOPO;28923.25;2026-07-19 21:08:38.972;REENTRADA_APOS_PULLBACK_E_ROMPIMENTO;True;60;38;36;27;0.640588;0.80694;0.279116;1.5;-12.5;2.0;69.6105;spread sem bônus | delta30 favorável 60.0 | delta10 crescente 38.0 | saldo agressor30 36.0 | saldo10 favorável 27.0 | razão fluxo 1.82 | vel15 0.6406 | vel5 acelerando 0.8069 | aceleração 0.2791 | desloc15 7.50 | ticks/s 69.61 | rompimento 1.50 | continuidade 2.00 | estrutura confirmada alinhada +8;;72;12;True;2026-07-19 21:08:39.651
trades;trades_c7_dna_fluxo_v5_2.csv;;22;20260719211314121576;2026-07-19 21:13:14;2026-07-19 21:13:02.550;COMPRA;28939.5;28955.5;28910.5;28939.5;True;1600;2900;1120;C7_DNA_FLUXO_V5_1;GAIN;1675;-300;191.18;24.08;191.18;28956.25;1600;100;99;12.0;0;99;4;12.0;-6.0;100;True;7;;True;True;True;True;True;True;True;True;7;;False;1;delta30 | saldo30 | vel15 | aceleracao | rompimento | continuidade;0;FRACO;ALTA;ALTA;;0.0;28932.0;2026-07-19 21:13:02.550000;mudança BAIXA->ALTA: 2 swings opostos e rompimento do nível 28926.5;topo 28937.00>28934.25 e fundo 28932.00>28929.50;12;28937.0;28934.25;28932.0;28929.5;0.005291;15.75;ALTA confirmada em 2026-07-19 21:13:00.051000;TOPO;28937.0;2026-07-19 21:13:00.051;NOVA_CAMPANHA;False;24;20;21;15;0.378892;1.168937;1.42159;0.5;-12.0;3.25;85.0785;spread sem bônus | delta30 favorável 24.0 | delta10 crescente 20.0 | saldo agressor30 21.0 | saldo10 favorável 15.0 | razão fluxo 1.35 | vel15 0.3789 | vel5 acelerando 1.1689 | aceleração 1.4216 | desloc15 5.50 | ticks/s 85.08 | rompimento 0.50 | continuidade 3.25 | estrutura confirmada alinhada +8 | estrutura local alinhada +4;;72;12;True;2026-07-19 21:13:02.550
trades;trades_c7_dna_fluxo_v5_2.csv;;23;20260719211713775189;2026-07-19 21:17:13;2026-07-19 21:17:02.129;VENDA;28945.25;28929.25;28974.25;28945.25;True;1600;2900;1120;C7_DNA_FLUXO_V5_1;GAIN;1600;-1625;742.01;274.9;742.01;28929.25;1600;100;99;12.0;0;4;99;-6.0;12.0;100;True;7;;True;True;True;True;True;True;True;False;1;delta30 | saldo30 | vel15 | aceleracao | rompimento | continuidade;True;7;;0;FRACO;BAIXA;BAIXA;;0.0;28953.75;2026-07-19 21:17:02.129000;mudança ALTA->BAIXA: 2 swings opostos e rompimento do nível 28954.0;topo 28953.75<28954.00 e fundo 28942.00<28951.50;12;28953.75;28954.0;28942.0;28951.5;0.505882;21.5;BAIXA confirmada em 2026-07-19 21:17:02.021000;FUNDO;28942.0;2026-07-19 21:17:02.021;NOVA_CAMPANHA;False;-146;-26;-121;-18;-0.480143;-1.302866;-1.329809;-18.25;5.25;-5.25;59.4005;spread sem bônus | delta30 favorável 146.0 | delta10 crescente 26.0 | saldo agressor30 121.0 | saldo10 favorável 18.0 | razão fluxo 3.37 | vel15 0.4801 | vel5 acelerando 1.3029 | aceleração 1.3298 | desloc15 7.00 | ticks/s 59.40 | rompimento 5.25 | continuidade 5.25 | estrutura confirmada alinhada +8 | estrutura local alinhada +4;;72;12;True;2026-07-19 21:17:02.129
trades;trades_c7_dna_fluxo_v5_2.csv;;24;20260719213222979138;2026-07-19 21:32:22;2026-07-19 21:32:10.529;VENDA;28897.75;28881.75;28926.75;28897.75;True;1600;2900;1120;C7_DNA_FLUXO_V5_1;GAIN;2150;-475;169.06;36.8;169.06;28876.25;1600;100;99;8.0;0;4;99;-6.0;8.0;100;True;7;;True;True;True;True;True;True;True;False;1;delta30 | saldo30 | vel15 | aceleracao | rompimento | continuidade;True;7;;0;FRACO;BAIXA;TRANSICAO;ALTA;1.0;28912.25;2026-07-19 21:29:24.142000;BAIXA mantida durante TRANSICAO;"topos/fundos divergentes: 28901.00->28901.25; 28899.00->28896.25";12;28901.25;28901.0;28896.25;28899.0;0.119497;12.25;TRANSICAO confirmada em 2026-07-19 21:32:10.230000;FUNDO;28896.25;2026-07-19 21:32:10.230;NOVA_CAMPANHA;False;-31;-40;-22;-31;-0.561877;-0.65;-0.13274;-10.75;1.0;-1.0;108.3017;spread sem bônus | delta30 favorável 31.0 | delta10 crescente 40.0 | saldo agressor30 22.0 | saldo10 favorável 31.0 | razão fluxo 1.67 | vel15 0.5619 | vel5 acelerando 0.6500 | aceleração 0.1327 | desloc15 8.00 | ticks/s 108.30 | rompimento 1.00 | continuidade 1.00 | estrutura confirmada alinhada +8;;72;12;True;2026-07-19 21:32:10.529
trades;trades_c7_dna_fluxo_v5_2.csv;;25;20260719214012253573;2026-07-19 21:40:12;2026-07-19 21:40:00.625;VENDA;28895.75;28879.75;28924.75;;False;1600;2900;1120;C7_DNA_FLUXO_V5_1;LOSS;800;-2975;48.0;120.12;120.12;28925.5;-2900;100;99;12.0;0;4;99;-6.0;12.0;100;True;7;;True;True;True;True;True;True;True;False;1;delta30 | saldo30 | vel15 | aceleracao | rompimento | continuidade;True;7;;0;FRACO;BAIXA;BAIXA;;0.0;28900.0;2026-07-19 21:39:47.025000;"BAIXA mantida; estrutura bruta alinhada";topo 28900.00<28902.50 e fundo 28898.00<28898.75;12;28900.0;28902.5;28898.0;28898.75;0.061538;8.0;BAIXA confirmada em 2026-07-19 21:39:57.826000;TOPO;28900.0;2026-07-19 21:39:57.826;NOVA_CAMPANHA;False;-23;-14;-23;-14;-0.303767;-1.173709;-0.946229;-12.0;2.0;-4.0;79.1938;spread sem bônus | delta30 favorável 23.0 | delta10 crescente 14.0 | saldo agressor30 23.0 | saldo10 favorável 14.0 | razão fluxo 1.49 | vel15 0.3038 | vel5 acelerando 1.1737 | aceleração 0.9462 | desloc15 4.25 | ticks/s 79.19 | rompimento 2.00 | continuidade 4.00 | estrutura confirmada alinhada +8 | estrutura local alinhada +4;;72;12;True;2026-07-19 21:40:00.625
trades;trades_c7_dna_fluxo_v5_2.csv;;26;20260719214311868699;2026-07-19 21:43:11;2026-07-19 21:43:00.378;VENDA;28914.75;28898.75;28943.75;28914.75;True;1600;2900;1120;C7_DNA_FLUXO_V5_1;GAIN;2400;-450;72.01;11.0;72.01;28890.75;1600;93;99;-6.0;12;4;99;8.0;-6.0;81;True;7;;True;True;True;True;True;True;True;False;1;delta30 | saldo30 | vel15 | aceleracao | rompimento | continuidade;True;7;;0;FRACO;ALTA;TRANSICAO;BAIXA;1.0;28920.25;2026-07-19 21:42:00.744000;ALTA mantida durante TRANSICAO;"topos/fundos divergentes: 28932.00->28932.00; 28921.75->28914.25";12;28932.0;28932.0;28914.25;28921.75;0.502959;21.25;TRANSICAO confirmada em 2026-07-19 21:43:00.205000;FUNDO;28914.25;2026-07-19 21:43:00.205;NOVA_CAMPANHA;False;-22;-15;-18;-12;-1.179775;-2.453844;-1.884846;-17.25;8.75;-7.0;109.2884;spread sem bônus | delta30 favorável 22.0 | delta10 crescente 15.0 | saldo agressor30 18.0 | saldo10 favorável 12.0 | razão fluxo 1.75 | vel15 1.1798 | vel5 acelerando 2.4538 | aceleração 1.8848 | desloc15 15.75 | ticks/s 109.29 | rompimento 8.75 | continuidade 7.00 | estrutura confirmada contrária -6;;72;12;True;2026-07-19 21:43:00.378
trades;trades_c7_dna_fluxo_v5_2.csv;;27;20260719214524333360;2026-07-19 21:45:24;2026-07-19 21:45:12.681;VENDA;28868.5;28852.5;28897.5;28868.5;True;1600;2900;1120;C7_DNA_FLUXO_V5_1;PROTEGIDO;1450;-2675;782.2;120.54;902.75;28872.25;0;100;99;8.0;0;4;99;-6.0;8.0;100;True;7;;True;True;True;True;True;True;True;False;1;delta30 | saldo30 | vel15 | aceleracao | rompimento | continuidade;True;7;;0;FRACO;BAIXA;TRANSICAO;;0.0;28889.0;2026-07-19 21:43:23.427000;BAIXA mantida durante TRANSICAO;"topos/fundos divergentes: 28870.00->28870.25; 28866.75->28866.75";12;28870.25;28870.0;28866.75;28866.75;0.418719;23.0;TRANSICAO confirmada em 2026-07-19 21:45:12.289000;FUNDO;28866.75;2026-07-19 21:45:12.289;NOVA_CAMPANHA;False;-115;-101;-71;-59;-1.329488;-2.521178;-1.998097;-20.5;9.0;-10.25;134.8214;spread sem bônus | delta30 favorável 115.0 | delta10 crescente 101.0 | saldo agressor30 71.0 | saldo10 favorável 59.0 | razão fluxo 2.65 | vel15 1.3295 | vel5 acelerando 2.5212 | aceleração 1.9981 | desloc15 17.75 | ticks/s 134.82 | rompimento 9.00 | continuidade 10.25 | estrutura confirmada alinhada +8;;72;12;True;2026-07-19 21:45:12.681
trades;trades_c7_dna_fluxo_v5_2.csv;;28;20260719220541437636;2026-07-19 22:05:41;2026-07-19 22:05:29.181;COMPRA;28872.25;28888.25;28843.25;28872.25;True;1600;2900;1120;C7_DNA_FLUXO_V5_1;GAIN;2025;0;35.1;0.0;35.1;28892.5;1600;85;91;-6.0;16;91;4;-6.0;12.0;69;True;7;;True;True;True;True;True;True;True;True;7;;False;1;delta30 | saldo30 | vel15 | aceleracao | rompimento | continuidade;0;FRACO;BAIXA;BAIXA;;0.0;28856.0;2026-07-19 22:04:04.574000;"BAIXA mantida; estrutura bruta alinhada";topo 28867.25<28867.50 e fundo 28862.50<28865.00;12;28867.25;28867.5;28862.5;28865.0;0.160173;21.0;BAIXA confirmada em 2026-07-19 22:05:16.780000;FUNDO;28862.5;2026-07-19 22:05:16.780;NOVA_CAMPANHA;False;20;6;21;7;0.367426;1.663894;3.318878;2.25;-14.25;1.0;82.7711;spread sem bônus | delta30 favorável 20.0 | saldo agressor30 21.0 | saldo10 favorável 7.0 | razão fluxo 2.31 | vel15 0.3674 | vel5 acelerando 1.6639 | aceleração 3.3189 | desloc15 5.50 | ticks/s 82.77 | rompimento 2.25 | continuidade 1.00 | estrutura confirmada contrária -6;;72;12;True;2026-07-19 22:05:29.181
trades;trades_c7_dna_fluxo_v5_2.csv;;29;20260719222001119823;2026-07-19 22:20:01;2026-07-19 22:19:49.320;VENDA;28832.0;28816.0;28861.0;;False;1600;2900;1120;C7_DNA_FLUXO_V5_1;LOSS;625;-2900;36.5;157.0;157.0;28861.0;-2900;100;99;12.0;0;4;99;-6.0;12.0;100;True;7;;True;True;True;True;True;True;True;False;1;delta30 | saldo30 | vel15 | aceleracao | rompimento | continuidade;True;7;;0;FRACO;BAIXA;BAIXA;;0.0;28835.5;2026-07-19 22:18:48.521000;"BAIXA mantida; estrutura bruta alinhada";topo 28835.50<28840.50 e fundo 28833.50<28836.50;12;28835.5;28840.5;28833.5;28836.5;0.405405;20.75;BAIXA confirmada em 2026-07-19 22:19:47.211000;TOPO;28835.5;2026-07-19 22:19:47.211;NOVA_CAMPANHA;False;-114;-104;-97;-85;-0.620015;-2.095557;-2.006473;-20.0;1.5;-1.5;99.2024;spread sem bônus | delta30 favorável 114.0 | delta10 crescente 104.0 | saldo agressor30 97.0 | saldo10 favorável 85.0 | razão fluxo 3.37 | vel15 0.6200 | vel5 acelerando 2.0956 | aceleração 2.0065 | desloc15 9.25 | ticks/s 99.20 | rompimento 1.50 | continuidade 1.50 | estrutura confirmada alinhada +8 | estrutura local alinhada +4;;72;12;True;2026-07-19 22:19:49.320
trades;trades_c7_dna_fluxo_v5_2.csv;;30;20260719222516448503;2026-07-19 22:25:16;2026-07-19 22:25:04.573;VENDA;28859.25;28843.25;28888.25;28859.25;True;1600;2900;1120;C7_DNA_FLUXO_V5_1;GAIN;2300;-2350;218.15;108.14;218.15;28836.25;1600;97;99;-2.0;12;4;99;8.0;-2.0;85;True;7;;True;True;True;True;True;True;True;False;1;delta30 | saldo30 | vel15 | aceleracao | rompimento | continuidade;True;7;;0;FRACO;ALTA;BAIXA;BAIXA;1.0;28870.5;2026-07-19 22:20:50.291000;"ALTA mantida; candidata BAIXA 1/2; rompeu_invalidação=True";topo 28865.75<28866.25 e fundo 28860.50<28863.25;12;28865.75;28866.25;28860.5;28863.25;0.11588;18.5;BAIXA confirmada em 2026-07-19 22:25:01.590000;TOPO;28865.75;2026-07-19 22:25:01.590;NOVA_CAMPANHA;False;-33;-25;-27;-20;-0.533306;-1.054217;-0.760068;-19.75;1.25;-4.75;146.1602;spread sem bônus | delta30 favorável 33.0 | delta10 crescente 25.0 | saldo agressor30 27.0 | saldo10 favorável 20.0 | razão fluxo 1.96 | vel15 0.5333 | vel5 acelerando 1.0542 | aceleração 0.7601 | desloc15 7.75 | ticks/s 146.16 | rompimento 1.25 | continuidade 4.75 | estrutura confirmada contrária -6 | estrutura local alinhada +4;;72;12;True;2026-07-19 22:25:04.573
trades;trades_c7_dna_fluxo_v5_2.csv;;31;20260719222906755467;2026-07-19 22:29:06;2026-07-19 22:28:53.718;VENDA;28831.75;28815.75;28860.75;28831.75;True;1600;2900;1120;C7_DNA_FLUXO_V5_1;GAIN;1725;0;50.2;0.0;50.2;28814.5;1600;100;99;12.0;0;4;99;-6.0;12.0;100;True;7;;True;True;True;True;True;True;True;False;1;delta30 | saldo30 | vel15 | aceleracao | rompimento | continuidade;True;7;;0;FRACO;BAIXA;BAIXA;;0.0;28837.5;2026-07-19 22:27:41.918000;"BAIXA mantida; estrutura bruta alinhada";topo 28837.50<28839.25 e fundo 28834.25<28836.25;12;28837.5;28839.25;28834.25;28836.25;0.191919;15.75;BAIXA confirmada em 2026-07-19 22:28:49.718000;TOPO;28837.5;2026-07-19 22:28:49.718;NOVA_CAMPANHA;False;-29;-15;-22;-12;-0.118588;-0.6;-0.729467;-16.75;1.0;-2.75;91.0754;spread sem bônus | delta30 favorável 29.0 | delta10 crescente 15.0 | saldo agressor30 22.0 | saldo10 favorável 12.0 | razão fluxo 1.54 | vel15 0.1186 | vel5 acelerando 0.6000 | aceleração 0.7295 | desloc15 1.75 | ticks/s 91.08 | rompimento 1.00 | continuidade 2.75 | estrutura confirmada alinhada +8 | estrutura local alinhada +4;;72;12;True;2026-07-19 22:28:53.718
trades;trades_c7_dna_fluxo_v5_2.csv;;32;20260719224858559240;2026-07-19 22:48:58;2026-07-19 22:48:44.716;COMPRA;28808.5;28824.5;28779.5;;False;1600;2900;1120;C7_DNA_FLUXO_V5_1;LOSS;1000;-3100;62.95;305.65;305.65;28777.5;-2900;100;99;8.0;0;99;4;8.0;-6.0;100;True;7;;True;True;True;True;True;True;True;True;7;;False;1;delta30 | saldo30 | vel15 | aceleracao | rompimento | continuidade;0;FRACO;ALTA;TRANSICAO;BAIXA;1.0;28798.25;2026-07-19 22:48:09.515000;ALTA mantida durante TRANSICAO;"topos/fundos divergentes: 28810.00->28811.75; 28798.25->28795.50";12;28811.75;28810.0;28795.5;28798.25;0.407407;22.0;TRANSICAO confirmada em 2026-07-19 22:48:43.286000;TOPO;28811.75;2026-07-19 22:48:43.286;NOVA_CAMPANHA;False;35;33;28;27;0.788845;0.998336;0.103394;1.5;-10.25;0.5;77.9464;spread sem bônus | delta30 favorável 35.0 | delta10 crescente 33.0 | saldo agressor30 28.0 | saldo10 favorável 27.0 | razão fluxo 3.33 | vel15 0.7888 | vel5 acelerando 0.9983 | aceleração 0.1034 | desloc15 9.25 | ticks/s 77.95 | rompimento 1.50 | continuidade 0.50 | estrutura confirmada alinhada +8;;72;12;True;2026-07-19 22:48:44.716
trades;trades_c7_dna_fluxo_v5_2.csv;;33;20260719225706163244;2026-07-19 22:57:06;2026-07-19 22:56:54.214;COMPRA;28782.5;28798.5;28753.5;28782.5;True;1600;2900;1120;C7_DNA_FLUXO_V5_1;GAIN;1600;-625;61.25;48.05;61.25;28798.5;1600;100;100;8.0;1;100;7;8.0;-6.0;99;True;7;;True;True;True;True;True;True;True;True;7;;False;1;delta30 | saldo30 | vel15 | aceleracao | rompimento | continuidade;3;FRACO;ALTA;TRANSICAO;;0.0;28776.0;2026-07-19 22:56:29.763000;ALTA mantida durante TRANSICAO;"topos/fundos divergentes: 28779.25->28785.00; 28777.00->28775.00";12;28785.0;28779.25;28775.0;28777.0;0.408284;17.25;TRANSICAO confirmada em 2026-07-19 22:56:53.414000;TOPO;28785.0;2026-07-19 22:56:53.414;NOVA_CAMPANHA;False;54;18;50;15;0.30097;1.335276;1.478608;3.0;-9.75;1.75;66.2843;spread FRACO +3 | delta30 favorável 54.0 | delta10 crescente 18.0 | saldo agressor30 50.0 | saldo10 favorável 15.0 | razão fluxo 3.08 | vel15 0.3010 | vel5 acelerando 1.3353 | aceleração 1.4786 | desloc15 4.25 | ticks/s 66.28 | rompimento 3.00 | continuidade 1.75 | estrutura confirmada alinhada +8;;72;12;True;2026-07-19 22:56:54.214
trades;trades_c7_dna_fluxo_v5_2.csv;;34;20260719230058443642;2026-07-19 23:00:58;2026-07-19 23:00:46.300;COMPRA;28830.75;28846.75;28801.75;28830.75;True;1600;2900;1120;C7_DNA_FLUXO_V5_1;GAIN;2825;-175;37.21;12.6;37.21;28859.0;1600;100;99;12.0;0;99;4;12.0;-6.0;100;True;7;;True;True;True;True;True;True;True;True;7;;False;1;delta30 | saldo30 | vel15 | aceleracao | rompimento | continuidade;0;FRACO;ALTA;ALTA;;0.0;28829.0;2026-07-19 22:59:29.982000;"ALTA mantida; estrutura bruta alinhada";topo 28832.50>28823.00 e fundo 28829.00>28819.00;12;28832.5;28823.0;28829.0;28819.0;0.170984;13.75;ALTA confirmada em 2026-07-19 23:00:46.085000;FUNDO;28829.0;2026-07-19 23:00:46.085;NOVA_CAMPANHA;False;65;35;65;35;0.55195;2.351518;2.602901;5.75;-30.5;5.5;73.861;spread sem bônus | delta30 favorável 65.0 | delta10 crescente 35.0 | saldo agressor30 65.0 | saldo10 favorável 35.0 | razão fluxo 1.86 | vel15 0.5520 | vel5 acelerando 2.3515 | aceleração 2.6029 | desloc15 8.25 | ticks/s 73.86 | rompimento 5.75 | continuidade 5.50 | estrutura confirmada alinhada +8 | estrutura local alinhada +4;;72;12;True;2026-07-19 23:00:46.300
trades;trades_c7_dna_fluxo_v5_2.csv;;35;20260719230337416752;2026-07-19 23:03:37;2026-07-19 23:03:25.610;VENDA;28859.75;28843.75;28888.75;28859.75;True;1600;2900;1120;C7_DNA_FLUXO_V5_1;GAIN;1675;-2350;612.05;171.4;612.05;28843.0;1600;93;99;-6.0;12;4;99;8.0;-6.0;81;True;7;;True;True;True;True;True;True;True;False;1;delta30 | saldo30 | vel15 | aceleracao | rompimento | continuidade;True;7;;0;FRACO;ALTA;TRANSICAO;;0.0;28859.5;2026-07-19 22:59:29.982000;ALTA mantida durante TRANSICAO;"topos/fundos divergentes: 28872.50->28873.00; 28870.50->28867.75";12;28873.0;28872.5;28867.75;28870.5;0.013889;10.0;TRANSICAO confirmada em 2026-07-19 23:03:11.810000;TOPO;28873.0;2026-07-19 23:03:11.810;MUDANCA_ESTRUTURAL_DE_CAMPANHA;True;-75;-19;-61;-16;-0.850057;-1.186791;-0.548425;-18.0;1.75;-1.75;78.6052;spread sem bônus | delta30 favorável 75.0 | delta10 crescente 19.0 | saldo agressor30 61.0 | saldo10 favorável 16.0 | razão fluxo 2.30 | vel15 0.8501 | vel5 acelerando 1.1868 | aceleração 0.5484 | desloc15 12.75 | ticks/s 78.61 | rompimento 1.75 | continuidade 1.75 | estrutura confirmada contrária -6;;72;12;True;2026-07-19 23:03:25.610
trades;trades_c7_dna_fluxo_v5_2.csv;;36;20260719231552667252;2026-07-19 23:15:52;2026-07-19 23:15:40.397;VENDA;28824.75;28808.75;28853.75;28824.75;True;1600;2900;1120;C7_DNA_FLUXO_V5_1;GAIN;2025;-1675;293.52;110.46;293.52;28804.5;1600;100;100;12.0;1;7;100;-6.0;12.0;99;True;7;;True;True;True;True;True;True;True;False;1;delta30 | saldo30 | vel15 | aceleracao | rompimento | continuidade;True;7;;3;FRACO;BAIXA;BAIXA;;0.0;28832.5;2026-07-19 23:10:10.412000;"BAIXA mantida; estrutura bruta alinhada";topo 28832.50<28835.25 e fundo 28821.50<28830.00;12;28832.5;28835.25;28821.5;28830.0;0.28;20.0;BAIXA confirmada em 2026-07-19 23:15:38.802000;FUNDO;28821.5;2026-07-19 23:15:38.802;NOVA_CAMPANHA;False;-34;-25;-30;-18;-0.451324;-1.142264;-0.976151;-10.5;1.5;-1.0;65.7261;spread FRACO +3 | delta30 favorável 34.0 | delta10 crescente 25.0 | saldo agressor30 30.0 | saldo10 favorável 18.0 | razão fluxo 2.20 | vel15 0.4513 | vel5 acelerando 1.1423 | aceleração 0.9762 | desloc15 6.75 | ticks/s 65.73 | rompimento 1.50 | continuidade 1.00 | estrutura confirmada alinhada +8 | estrutura local alinhada +4;;72;12;True;2026-07-19 23:15:40.397
trades;trades_c7_dna_fluxo_v5_2.csv;;37;20260719233118035500;2026-07-19 23:31:18;2026-07-19 23:31:06.083;COMPRA;28851.75;28867.75;28822.75;28851.75;True;1600;2900;1120;C7_DNA_FLUXO_V5_1;GAIN;2150;-275;123.58;12.45;123.58;28873.25;1600;98;86;12.0;3;86;9;12.0;-6.0;95;True;7;;True;True;True;True;True;True;True;True;7;;False;1;delta30 | saldo30 | vel15 | aceleracao | rompimento | continuidade;0;FRACO;ALTA;ALTA;;0.0;28840.25;2026-07-19 23:30:40.457000;"ALTA mantida; estrutura bruta alinhada";topo 28854.00>28852.50 e fundo 28840.25>28839.00;12;28854.0;28852.5;28840.25;28839.0;0.313725;21.0;ALTA confirmada em 2026-07-19 23:31:05.186000;TOPO;28854.0;2026-07-19 23:31:05.186;NOVA_CAMPANHA;False;29;1;16;-10;0.56731;2.149471;2.227939;1.75;-19.25;3.5;68.9448;spread sem bônus | delta30 favorável 29.0 | saldo agressor30 16.0 | razão fluxo 1.16 | vel15 0.5673 | vel5 acelerando 2.1495 | aceleração 2.2279 | desloc15 8.50 | ticks/s 68.94 | rompimento 1.75 | continuidade 3.50 | estrutura confirmada alinhada +8 | estrutura local alinhada +4;;72;12;True;2026-07-19 23:31:06.083
trades;trades_c7_dna_fluxo_v5_2.csv;;38;20260719233628135186;2026-07-19 23:36:28;2026-07-19 23:36:16.200;COMPRA;28880.75;28896.75;28851.75;28880.75;True;1600;2900;1120;C7_DNA_FLUXO_V5_1;GAIN;2400;-2000;388.11;237.01;388.11;28904.75;1600;97;99;-2.0;12;99;4;-2.0;8.0;85;True;7;;True;True;True;True;True;True;True;True;7;;False;1;delta30 | saldo30 | vel15 | aceleracao | rompimento | continuidade;0;FRACO;BAIXA;ALTA;ALTA;1.0;28863.5;2026-07-19 23:35:01.558000;"BAIXA mantida; candidata ALTA 1/2; rompeu_invalidação=True";topo 28885.25>28884.50 e fundo 28872.50>28871.75;12;28885.25;28884.5;28872.5;28871.75;0.457143;30.0;ALTA confirmada em 2026-07-19 23:36:15.025000;TOPO;28885.25;2026-07-19 23:36:15.025;NOVA_CAMPANHA;False;58;31;53;26;1.051642;1.077313;0.048506;2.5;-23.25;2.5;119.395;spread sem bônus | delta30 favorável 58.0 | delta10 crescente 31.0 | saldo agressor30 53.0 | saldo10 favorável 26.0 | razão fluxo 2.56 | vel15 1.0516 | vel5 acelerando 1.0773 | aceleração 0.0485 | desloc15 11.75 | ticks/s 119.39 | rompimento 2.50 | continuidade 2.50 | estrutura confirmada contrária -6 | estrutura local alinhada +4;;72;12;True;2026-07-19 23:36:16.200
trades;trades_c7_dna_fluxo_v5_2.csv;;39;20260719234655782257;2026-07-19 23:46:55;2026-07-19 23:46:43.604;COMPRA;28916.25;28932.25;28887.25;28916.25;True;1600;2900;1120;C7_DNA_FLUXO_V5_1;GAIN;2175;-2050;202.21;62.46;202.21;28938.0;1600;100;99;8.0;0;99;4;8.0;-6.0;100;True;7;;True;True;True;True;True;True;True;True;7;;False;1;delta30 | saldo30 | vel15 | aceleracao | rompimento | continuidade;0;FRACO;ALTA;TRANSICAO;;0.0;28911.0;2026-07-19 23:45:52.684000;ALTA mantida durante TRANSICAO;"topos/fundos divergentes: 28915.00->28913.75; 28911.00->28911.50";12;28913.75;28915.0;28911.5;28911.0;0.266055;15.75;TRANSICAO confirmada em 2026-07-19 23:46:41.236000;TOPO;28913.75;2026-07-19 23:46:41.236;NOVA_CAMPANHA;False;41;30;35;26;0.219239;0.734214;0.612634;1.25;-7.25;4.0;70.8311;spread sem bônus | delta30 favorável 41.0 | delta10 crescente 30.0 | saldo agressor30 35.0 | saldo10 favorável 26.0 | razão fluxo 2.17 | vel15 0.2192 | vel5 acelerando 0.7342 | aceleração 0.6126 | desloc15 3.25 | ticks/s 70.83 | rompimento 1.25 | continuidade 4.00 | estrutura confirmada alinhada +8;;72;12;True;2026-07-19 23:46:43.604
trades;trades_c7_dna_fluxo_v5_2.csv;;40;20260719235755504546;2026-07-19 23:57:55;2026-07-19 23:57:43.417;VENDA;28884.0;28868.0;28913.0;28884.0;True;1600;2900;1120;C7_DNA_FLUXO_V5_1;GAIN;2075;-2525;532.24;215.0;532.24;28863.25;1600;97;99;-2.0;12;4;99;8.0;-2.0;85;True;7;;True;True;True;True;True;True;True;False;1;delta30 | saldo30 | vel15 | aceleracao | rompimento | continuidade;True;7;;0;FRACO;ALTA;BAIXA;BAIXA;1.0;28899.75;2026-07-19 23:56:27.076000;"ALTA mantida; candidata BAIXA 1/2; rompeu_invalidação=True";topo 28887.50<28889.50 e fundo 28885.00<28886.50;12;28887.5;28889.5;28885.0;28886.5;0.516854;25.5;BAIXA confirmada em 2026-07-19 23:57:36.754000;TOPO;28887.5;2026-07-19 23:57:36.754;NOVA_CAMPANHA;False;-39;-21;-29;-18;-0.341437;-0.453629;-0.167826;-14.75;1.0;-0.75;48.962;spread sem bônus | delta30 favorável 39.0 | delta10 crescente 21.0 | saldo agressor30 29.0 | saldo10 favorável 18.0 | razão fluxo 1.94 | vel15 0.3414 | vel5 acelerando 0.4536 | aceleração 0.1678 | desloc15 5.00 | ticks/s 48.96 | rompimento 1.00 | continuidade 0.75 | estrutura confirmada contrária -6 | estrutura local alinhada +4;;72;12;True;2026-07-19 23:57:43.417
trades;trades_c7_dna_fluxo_v5_2.csv;;41;20260720002333496725;2026-07-20 00:23:33;2026-07-20 00:23:20.063;VENDA;28865.0;28849.0;28894.0;;False;1600;2900;1120;C7_DNA_FLUXO_V5_1;LOSS;0;-3250;0.0;77.1;77.1;28897.5;-2900;100;99;12.0;0;4;99;-6.0;12.0;100;True;7;;True;True;True;True;True;True;True;False;1;delta30 | saldo30 | vel15 | aceleracao | rompimento | continuidade;True;7;;0;FRACO;BAIXA;BAIXA;;0.0;28868.0;2026-07-20 00:22:30.153000;"BAIXA mantida; estrutura bruta alinhada";topo 28868.00<28886.25 e fundo 28863.25<28865.75;12;28868.0;28886.25;28863.25;28865.75;0.25641;23.75;BAIXA confirmada em 2026-07-20 00:23:19.990000;FUNDO;28863.25;2026-07-20 00:23:19.990;NOVA_CAMPANHA;False;-38;-45;-37;-44;-2.068373;-2.090929;-0.847147;-22.0;4.0;-4.0;88.5108;spread sem bônus | delta30 favorável 38.0 | delta10 crescente 45.0 | saldo agressor30 37.0 | saldo10 favorável 44.0 | razão fluxo 2.32 | vel15 2.0684 | vel5 acelerando 2.0909 | aceleração 0.8471 | desloc15 13.25 | ticks/s 88.51 | rompimento 4.00 | continuidade 4.00 | estrutura confirmada alinhada +8 | estrutura local alinhada +4;;72;12;True;2026-07-20 00:23:20.063
trades;trades_c7_dna_fluxo_v5_2.csv;;42;20260720002720989444;2026-07-20 00:27:20;2026-07-20 00:27:08.653;VENDA;28873.0;28857.0;28902.0;28873.0;True;1600;2900;1120;C7_DNA_FLUXO_V5_1;GAIN;2000;-2425;529.03;252.7;529.03;28853.0;1600;97;99;-2.0;12;4;99;8.0;-2.0;85;True;7;;True;True;True;True;True;True;True;False;1;delta30 | saldo30 | vel15 | aceleracao | rompimento | continuidade;True;7;;0;FRACO;ALTA;BAIXA;BAIXA;1.0;28892.75;2026-07-20 00:24:11.565000;"ALTA mantida; candidata BAIXA 1/2; rompeu_invalidação=True";topo 28881.50<28895.50 e fundo 28874.75<28879.00;12;28881.5;28895.5;28874.75;28879.0;0.28866;20.75;BAIXA confirmada em 2026-07-20 00:27:08.153000;FUNDO;28874.75;2026-07-20 00:27:08.153;NOVA_CAMPANHA;False;-22;-20;-23;-21;-1.25773;-1.570211;-0.333947;-16.0;6.0;-4.0;90.3469;spread sem bônus | delta30 favorável 22.0 | delta10 crescente 20.0 | saldo agressor30 23.0 | saldo10 favorável 21.0 | razão fluxo 3.56 | vel15 1.2577 | vel5 acelerando 1.5702 | aceleração 0.3339 | desloc15 12.00 | ticks/s 90.35 | rompimento 6.00 | continuidade 4.00 | estrutura confirmada contrária -6 | estrutura local alinhada +4;;72;12;True;2026-07-20 00:27:08.653
trades;trades_c7_dna_fluxo_v5_2.csv;;43;20260720003622797890;2026-07-20 00:36:22;2026-07-20 00:36:10.488;COMPRA;28860.0;28876.0;28831.0;28860.0;True;1600;2900;1120;C7_DNA_FLUXO_V5_1;GAIN;2000;-425;87.0;11.2;87.0;28880.0;1600;97;99;-2.0;12;99;4;-2.0;8.0;85;True;7;;True;True;True;True;True;True;True;True;7;;False;1;delta30 | saldo30 | vel15 | aceleracao | rompimento | continuidade;0;FRACO;BAIXA;ALTA;ALTA;1.0;28855.5;2026-07-20 00:35:07.788000;"BAIXA mantida; candidata ALTA 1/2; rompeu_invalidação=True";topo 28857.50>28853.75 e fundo 28855.25>28851.75;12;28857.5;28853.75;28855.25;28851.75;0.064378;19.0;ALTA confirmada em 2026-07-20 00:36:06.488000;FUNDO;28855.25;2026-07-20 00:36:06.488;NOVA_CAMPANHA;False;52;51;52;51;0.520191;1.033058;0.810864;2.25;-9.0;1.75;87.7004;spread sem bônus | delta30 favorável 52.0 | delta10 crescente 51.0 | saldo agressor30 52.0 | saldo10 favorável 51.0 | razão fluxo 2.11 | vel15 0.5202 | vel5 acelerando 1.0331 | aceleração 0.8109 | desloc15 6.75 | ticks/s 87.70 | rompimento 2.25 | continuidade 1.75 | estrutura confirmada contrária -6 | estrutura local alinhada +4;;72;12;True;2026-07-20 00:36:10.488
trades;trades_c7_dna_fluxo_v5_2.csv;;44;20260720005107687419;2026-07-20 00:51:07;2026-07-20 00:50:55.579;COMPRA;28919.5;28935.5;28890.5;28919.5;True;1600;2900;1120;C7_DNA_FLUXO_V5_1;GAIN;1650;-75;188.09;37.36;188.09;28936.0;1600;100;100;12.0;0;100;5;12.0;-6.0;100;True;7;;True;True;True;True;True;True;True;True;7;;False;1;delta30 | saldo30 | vel15 | aceleracao | rompimento | continuidade;1;FRACO;ALTA;ALTA;;0.0;28906.5;2026-07-20 00:42:04.994000;"ALTA mantida; estrutura bruta alinhada";topo 28922.75>28914.75 e fundo 28906.50>28901.00;12;28922.75;28914.75;28906.5;28901.0;0.539216;27.5;ALTA confirmada em 2026-07-20 00:50:55.042000;TOPO;28922.75;2026-07-20 00:50:55.042;NOVA_CAMPANHA;False;40;40;39;37;0.5705;1.411509;1.167527;4.75;-15.5;4.5;59.7469;spread FRACO +1 | delta30 favorável 40.0 | delta10 crescente 40.0 | saldo agressor30 39.0 | saldo10 favorável 37.0 | razão fluxo 1.91 | vel15 0.5705 | vel5 acelerando 1.4115 | aceleração 1.1675 | desloc15 8.25 | ticks/s 59.75 | rompimento 4.75 | continuidade 4.50 | estrutura confirmada alinhada +8 | estrutura local alinhada +4;;72;12;True;2026-07-20 00:50:55.579
trades;trades_c7_dna_fluxo_v5_2.csv;;45;20260720005532413511;2026-07-20 00:55:32;2026-07-20 00:55:20.191;VENDA;28929.0;28913.0;28958.0;28929.0;True;1600;2900;1120;C7_DNA_FLUXO_V5_1;GAIN;1625;-400;49.8;12.38;49.8;28912.75;1600;100;99;12.0;0;4;99;-6.0;12.0;100;True;7;;True;True;True;True;True;True;True;False;1;delta30 | saldo30 | vel15 | aceleracao | rompimento | continuidade;True;7;;0;FRACO;BAIXA;BAIXA;;0.0;28934.5;2026-07-20 00:55:20.191000;mudança ALTA->BAIXA: 2 swings opostos e rompimento do nível 28934.75;topo 28934.50<28935.50 e fundo 28927.00<28931.50;12;28934.5;28935.5;28927.0;28931.5;0.165775;10.75;BAIXA confirmada em 2026-07-20 00:55:18.897000;FUNDO;28927.0;2026-07-20 00:55:18.897;NOVA_CAMPANHA;False;-20;-28;-20;-26;-0.182855;-0.591716;-0.798279;-6.5;1.0;-1.0;48.1276;spread sem bônus | delta30 favorável 20.0 | delta10 crescente 28.0 | saldo agressor30 20.0 | saldo10 favorável 26.0 | razão fluxo 1.74 | vel15 0.1829 | vel5 acelerando 0.5917 | aceleração 0.7983 | desloc15 2.50 | ticks/s 48.13 | rompimento 1.00 | continuidade 1.00 | estrutura confirmada alinhada +8 | estrutura local alinhada +4;;72;12;True;2026-07-20 00:55:20.191
trades;trades_c7_dna_fluxo_v5_2.csv;;46;20260720010640405951;2026-07-20 01:06:40;2026-07-20 01:06:26.171;VENDA;28883.25;28867.25;28912.25;28883.25;True;1600;2900;1120;C7_DNA_FLUXO_V5_1;GAIN;2025;-375;492.65;26.3;492.65;28863.0;1600;100;99;8.0;2;4;99;-2.0;8.0;98;True;7;;True;True;True;True;True;True;True;False;1;delta30 | saldo30 | vel15 | aceleracao | rompimento | continuidade;True;7;;0;FRACO;BAIXA;ALTA;ALTA;1.0;28888.0;2026-07-20 01:04:34.172000;"BAIXA mantida; candidata ALTA 1/2; rompeu_invalidação=False";topo 28889.50>28888.00 e fundo 28884.75>28884.50;12;28889.5;28888.0;28884.75;28884.5;0.156757;13.25;ALTA confirmada em 2026-07-20 01:06:23.972000;FUNDO;28884.75;2026-07-20 01:06:23.972;NOVA_CAMPANHA;False;-26;-14;-27;-14;-0.345332;-0.779336;-0.701358;-6.25;1.25;-2.75;42.4149;spread sem bônus | delta30 favorável 26.0 | delta10 crescente 14.0 | saldo agressor30 27.0 | saldo10 favorável 14.0 | razão fluxo 4.00 | vel15 0.3453 | vel5 acelerando 0.7793 | aceleração 0.7014 | desloc15 4.25 | ticks/s 42.41 | rompimento 1.25 | continuidade 2.75 | estrutura confirmada alinhada +8;;72;12;True;2026-07-20 01:06:26.171
trades;trades_c7_dna_fluxo_v5_2.csv;;47;20260720011735255141;2026-07-20 01:17:35;2026-07-20 01:17:22.151;VENDA;28854.75;28838.75;28883.75;;False;1600;2900;1120;C7_DNA_FLUXO_V5_1;LOSS;975;-3025;304.52;570.34;570.34;28885.0;-2900;100;100;12.0;0;5;100;-6.0;12.0;100;True;7;;True;True;True;True;True;True;True;False;1;delta30 | saldo30 | vel15 | aceleracao | rompimento | continuidade;True;7;;1;FRACO;BAIXA;BAIXA;;0.0;28858.75;2026-07-20 01:17:22.151000;mudança ALTA->BAIXA: 2 swings opostos e rompimento do nível 28859.75;topo 28858.75<28860.25 e fundo 28853.75<28855.25;12;28858.75;28860.25;28853.75;28855.25;0.101796;13.0;BAIXA confirmada em 2026-07-20 01:17:21.328000;FUNDO;28853.75;2026-07-20 01:17:21.328;NOVA_CAMPANHA;False;-26;-15;-27;-16;-0.236279;-0.750751;-0.445361;-7.75;0.5;-2.5;51.5763;spread FRACO +1 | delta30 favorável 26.0 | delta10 crescente 15.0 | saldo agressor30 27.0 | saldo10 favorável 16.0 | razão fluxo 2.93 | vel15 0.2363 | vel5 acelerando 0.7508 | aceleração 0.4454 | desloc15 3.50 | ticks/s 51.58 | rompimento 0.50 | continuidade 2.50 | estrutura confirmada alinhada +8 | estrutura local alinhada +4;;72;12;True;2026-07-20 01:17:22.151
trades;trades_c7_dna_fluxo_v5_2.csv;;48;20260720013403447846;2026-07-20 01:34:03;2026-07-20 01:33:50.186;VENDA;28911.5;28895.5;28940.5;;False;1600;2900;1120;C7_DNA_FLUXO_V5_1;LOSS;675;-2900;76.4;876.25;876.25;28940.5;-2900;100;100;12.0;8;14;100;-6.0;12.0;92;True;7;;True;True;True;True;True;True;True;False;1;delta30 | saldo30 | vel15 | aceleracao | rompimento | continuidade;True;7;;10;FORTE;BAIXA;BAIXA;;0.0;28919.25;2026-07-20 01:33:50.186000;mudança ALTA->BAIXA: 2 swings opostos e rompimento do nível 28926.5;topo 28919.25<28931.75 e fundo 28913.00<28928.50;12;28919.25;28931.75;28913.0;28928.5;0.104072;23.5;BAIXA confirmada em 2026-07-20 01:33:46.303000;TOPO;28919.25;2026-07-20 01:33:46.303;NOVA_CAMPANHA;False;-54;-63;-53;-61;-1.29199;-2.399596;-1.518428;-25.0;1.5;-1.5;82.6873;spread FORTE +10 | delta30 favorável 54.0 | delta10 crescente 63.0 | saldo agressor30 53.0 | saldo10 favorável 61.0 | razão fluxo 1.88 | vel15 1.2920 | vel5 acelerando 2.3996 | aceleração 1.5184 | desloc15 17.50 | ticks/s 82.69 | rompimento 1.50 | continuidade 1.50 | estrutura confirmada alinhada +8 | estrutura local alinhada +4;;72;12;True;2026-07-20 01:33:50.186
trades;trades_c7_dna_fluxo_v5_2.csv;;49;20260720020054973288;2026-07-20 02:00:54;2026-07-20 02:00:42.753;VENDA;28886.5;28870.5;28915.5;28886.5;True;1600;2900;1120;C7_DNA_FLUXO_V5_1;GAIN;1650;-1175;278.08;12.29;278.08;28870.0;1600;100;100;12.0;1;7;100;-6.0;12.0;99;True;7;;True;True;True;True;True;True;True;False;1;delta30 | saldo30 | vel15 | aceleracao | rompimento | continuidade;True;7;;3;FRACO;BAIXA;BAIXA;;0.0;28890.75;2026-07-20 01:50:33.086000;"BAIXA mantida; estrutura bruta alinhada";topo 28890.75<28897.00 e fundo 28887.50<28894.75;12;28890.75;28897.0;28887.5;28894.75;0.255814;14.25;BAIXA confirmada em 2026-07-20 02:00:42.581000;TOPO;28890.75;2026-07-20 02:00:42.581;NOVA_CAMPANHA;False;-27;-27;-26;-26;-0.584659;-4.058853;-4.170648;-14.75;7.25;-8.0;84.7254;spread FRACO +3 | delta30 favorável 27.0 | delta10 crescente 27.0 | saldo agressor30 26.0 | saldo10 favorável 26.0 | razão fluxo 1.93 | vel15 0.5847 | vel5 acelerando 4.0589 | aceleração 4.1706 | desloc15 8.75 | ticks/s 84.73 | rompimento 7.25 | continuidade 8.00 | estrutura confirmada alinhada +8 | estrutura local alinhada +4;;72;12;True;2026-07-20 02:00:42.753
trades;trades_c7_dna_fluxo_v5_2.csv;;50;20260720020636911090;2026-07-20 02:06:36;2026-07-20 02:06:24.334;COMPRA;28868.5;28884.5;28839.5;;False;1600;2900;1120;C7_DNA_FLUXO_V5_1;LOSS;0;-3750;0.0;279.03;279.03;28831.0;-2900;98;100;-2.0;15;100;7;-2.0;8.0;83;True;7;;True;True;True;True;True;True;True;True;7;;False;1;delta30 | saldo30 | vel15 | aceleracao | rompimento | continuidade;3;FRACO;BAIXA;ALTA;ALTA;1.0;28862.5;2026-07-20 02:01:30.643000;"BAIXA mantida; candidata ALTA 1/2; rompeu_invalidação=True";topo 28866.00>28862.50 e fundo 28863.75>28860.25;12;28866.0;28862.5;28863.75;28860.25;0.019108;8.0;ALTA confirmada em 2026-07-20 02:06:21.834000;FUNDO;28863.75;2026-07-20 02:06:21.834;NOVA_CAMPANHA;False;36;36;37;35;0.567517;0.842697;0.148588;0.75;-10.5;2.5;48.0154;spread FRACO +3 | delta30 favorável 36.0 | delta10 crescente 36.0 | saldo agressor30 37.0 | saldo10 favorável 35.0 | razão fluxo 1.41 | vel15 0.5675 | vel5 acelerando 0.8427 | aceleração 0.1486 | desloc15 8.25 | ticks/s 48.02 | rompimento 0.75 | continuidade 2.50 | estrutura confirmada contrária -6 | estrutura local alinhada +4;;72;12;True;2026-07-20 02:06:24.334
trades;trades_c7_dna_fluxo_v5_2.csv;;51;20260720021141104355;2026-07-20 02:11:41;2026-07-20 02:11:28.764;VENDA;28826.0;28810.0;28855.0;28826.0;True;1600;2900;1120;C7_DNA_FLUXO_V5_1;PROTEGIDO;1175;-400;88.3;25.3;114.07;28828.5;0;100;100;8.0;7;13;100;-6.0;8.0;93;True;7;;True;True;True;True;True;True;True;False;1;delta30 | saldo30 | vel15 | aceleracao | rompimento | continuidade;True;7;;9;FORTE;BAIXA;TRANSICAO;;0.0;28835.0;2026-07-20 02:08:43.080000;BAIXA mantida durante TRANSICAO;"topos/fundos divergentes: 28833.25->28836.75; 28830.50->28830.00";12;28836.75;28833.25;28830.0;28830.5;0.333333;17.25;TRANSICAO confirmada em 2026-07-20 02:11:26.368000;FUNDO;28830.0;2026-07-20 02:11:26.368;NOVA_CAMPANHA;False;-31;-38;-32;-37;-0.854139;-1.668057;-1.245331;-10.75;3.5;-5.25;80.7709;spread FORTE +9 | delta30 favorável 31.0 | delta10 crescente 38.0 | saldo agressor30 32.0 | saldo10 favorável 37.0 | razão fluxo 1.54 | vel15 0.8541 | vel5 acelerando 1.6681 | aceleração 1.2453 | desloc15 9.75 | ticks/s 80.77 | rompimento 3.50 | continuidade 5.25 | estrutura confirmada alinhada +8;;72;12;True;2026-07-20 02:11:28.764
trades;trades_c7_dna_fluxo_v5_2.csv;;52;20260720021347535383;2026-07-20 02:13:47;2026-07-20 02:13:35.261;COMPRA;28836.0;28852.0;28807.0;28836.0;True;1600;2900;1120;C7_DNA_FLUXO_V5_1;GAIN;2150;0;25.45;0.0;25.45;28857.5;1600;100;99;12.0;0;99;4;12.0;-6.0;100;True;7;;True;True;True;True;True;True;True;True;7;;False;1;delta30 | saldo30 | vel15 | aceleracao | rompimento | continuidade;0;FRACO;ALTA;ALTA;;0.0;28827.0;2026-07-20 02:13:22.837000;"ALTA mantida; estrutura bruta alinhada";topo 28837.25>28829.00 e fundo 28827.00>28825.25;12;28837.25;28829.0;28827.0;28825.25;0.50838;22.75;ALTA confirmada em 2026-07-20 02:13:34.699000;TOPO;28837.25;2026-07-20 02:13:34.699;NOVA_CAMPANHA;False;55;28;56;27;0.58548;0.974959;0.429618;3.25;-19.0;2.0;57.5148;spread sem bônus | delta30 favorável 55.0 | delta10 crescente 28.0 | saldo agressor30 56.0 | saldo10 favorável 27.0 | razão fluxo 2.22 | vel15 0.5855 | vel5 acelerando 0.9750 | aceleração 0.4296 | desloc15 8.50 | ticks/s 57.51 | rompimento 3.25 | continuidade 2.00 | estrutura confirmada alinhada +8 | estrutura local alinhada +4;;72;12;True;2026-07-20 02:13:35.261
trades;trades_c7_dna_fluxo_v5_2.csv;;53;20260720023016855270;2026-07-20 02:30:16;2026-07-20 02:30:04.722;VENDA;28824.0;28808.0;28853.0;28824.0;True;1600;2900;1120;C7_DNA_FLUXO_V5_1;PROTEGIDO;1150;-1025;718.05;184.05;807.15;28824.5;0;100;100;12.0;3;9;100;-6.0;12.0;97;True;7;;True;True;True;True;True;True;True;False;1;delta30 | saldo30 | vel15 | aceleracao | rompimento | continuidade;True;7;;5;MODERADO;BAIXA;BAIXA;;0.0;28824.75;2026-07-20 02:29:52.061000;"BAIXA mantida; estrutura bruta alinhada";topo 28824.75<28833.75 e fundo 28819.25<28829.75;12;28824.75;28833.75;28819.25;28829.75;0.148594;21.25;BAIXA confirmada em 2026-07-20 02:30:04.176000;TOPO;28824.75;2026-07-20 02:30:04.176;NOVA_CAMPANHA;False;-26;-31;-27;-30;-0.459917;-1.603273;-1.955606;-15.25;5.75;-8.25;85.686;spread MODERADO +5 | delta30 favorável 26.0 | delta10 crescente 31.0 | saldo agressor30 27.0 | saldo10 favorável 30.0 | razão fluxo 1.79 | vel15 0.4599 | vel5 acelerando 1.6033 | aceleração 1.9556 | desloc15 6.50 | ticks/s 85.69 | rompimento 5.75 | continuidade 8.25 | estrutura confirmada alinhada +8 | estrutura local alinhada +4;;72;12;True;2026-07-20 02:30:04.722
trades;trades_c7_dna_fluxo_v5_2.csv;;54;20260720025516639755;2026-07-20 02:55:16;2026-07-20 02:55:03.468;VENDA;28789.0;28773.0;28818.0;;False;1600;2900;1120;C7_DNA_FLUXO_V5_1;LOSS;0;-3275;0.0;176.7;176.7;28821.75;-2900;100;100;12.0;2;8;100;-6.0;12.0;98;True;7;;True;True;True;True;True;True;True;False;1;delta30 | saldo30 | vel15 | aceleracao | rompimento | continuidade;True;7;;4;FRACO;BAIXA;BAIXA;;0.0;28794.5;2026-07-20 02:49:00.168000;"BAIXA mantida; estrutura bruta alinhada";topo 28794.50<28795.25 e fundo 28792.50<28793.00;12;28794.5;28795.25;28792.5;28793.0;0.242424;12.5;BAIXA confirmada em 2026-07-20 02:54:58.468000;TOPO;28794.5;2026-07-20 02:54:58.468;NOVA_CAMPANHA;False;-75;-11;-76;-12;-0.301245;-1.1;-1.201968;-11.25;1.0;-3.75;48.9356;spread FRACO +4 | delta30 favorável 75.0 | delta10 crescente 11.0 | saldo agressor30 76.0 | saldo10 favorável 12.0 | razão fluxo 2.95 | vel15 0.3012 | vel5 acelerando 1.1000 | aceleração 1.2020 | desloc15 4.50 | ticks/s 48.94 | rompimento 1.00 | continuidade 3.75 | estrutura confirmada alinhada +8 | estrutura local alinhada +4;;72;12;True;2026-07-20 02:55:03.468
trades;trades_c7_dna_fluxo_v5_2.csv;;55;20260720031528158996;2026-07-20 03:15:28;2026-07-20 03:15:15.568;VENDA;28779.75;28763.75;28808.75;;False;1600;2900;1120;C7_DNA_FLUXO_V5_1;LOSS;50;-3075;227.7;315.7;315.7;28810.5;-2900;100;91;12.0;0;4;91;-6.0;12.0;100;True;7;;True;True;True;True;True;True;True;False;1;delta30 | saldo30 | vel15 | aceleracao | rompimento | continuidade;True;7;;0;FRACO;BAIXA;BAIXA;;0.0;28783.75;2026-07-20 03:13:33.064000;"BAIXA mantida; estrutura bruta alinhada";topo 28783.75<28788.00 e fundo 28778.25<28780.00;12;28783.75;28788.0;28778.25;28780.0;0.364486;9.75;BAIXA confirmada em 2026-07-20 03:15:14.767000;FUNDO;28778.25;2026-07-20 03:15:14.767;NOVA_CAMPANHA;False;-23;-9;-24;-8;-0.169377;-0.45208;-0.45208;-8.25;0.25;-1.75;44.9187;spread sem bônus | delta30 favorável 23.0 | saldo agressor30 24.0 | saldo10 favorável 8.0 | razão fluxo 2.14 | vel15 0.1694 | vel5 acelerando 0.4521 | aceleração 0.4521 | desloc15 2.50 | ticks/s 44.92 | rompimento 0.25 | continuidade 1.75 | estrutura confirmada alinhada +8 | estrutura local alinhada +4;;72;12;True;2026-07-20 03:15:15.568
trades;trades_c7_dna_fluxo_v5_2.csv;;56;20260720032135101578;2026-07-20 03:21:35;2026-07-20 03:21:23.157;VENDA;28799.5;28783.5;28828.5;28799.5;True;1600;2900;1120;C7_DNA_FLUXO_V5_1;GAIN;1750;0;187.41;0.0;187.41;28782.0;1600;97;99;-2.0;12;4;99;8.0;-2.0;85;True;7;;True;True;True;True;True;True;True;False;1;delta30 | saldo30 | vel15 | aceleracao | rompimento | continuidade;True;7;;0;FRACO;ALTA;BAIXA;BAIXA;1.0;28812.25;2026-07-20 03:20:19.366000;"ALTA mantida; candidata BAIXA 1/2; rompeu_invalidação=True";topo 28810.00<28815.25 e fundo 28806.50<28812.25;12;28810.0;28815.25;28806.5;28812.25;0.377432;30.75;BAIXA confirmada em 2026-07-20 03:21:09.897000;TOPO;28810.0;2026-07-20 03:21:09.897;NOVA_CAMPANHA;False;-51;-12;-52;-13;-0.628667;-3.386551;-2.914285;-12.75;5.5;-3.5;43.9369;spread sem bônus | delta30 favorável 51.0 | delta10 crescente 12.0 | saldo agressor30 52.0 | saldo10 favorável 13.0 | razão fluxo 7.50 | vel15 0.6287 | vel5 acelerando 3.3866 | aceleração 2.9143 | desloc15 9.00 | ticks/s 43.94 | rompimento 5.50 | continuidade 3.50 | estrutura confirmada contrária -6 | estrutura local alinhada +4;;72;12;True;2026-07-20 03:21:23.157
trades;trades_c7_dna_fluxo_v5_2.csv;;57;20260720033929046619;2026-07-20 03:39:29;2026-07-20 03:39:15.363;VENDA;28771.0;28755.0;28800.0;;False;1600;2900;1120;C7_DNA_FLUXO_V5_1;LOSS;150;-3225;11.2;128.22;128.22;28803.25;-2900;87;93;-6.0;18;6;93;12.0;-6.0;69;True;7;;True;True;True;True;True;True;True;False;1;delta30 | saldo30 | vel15 | aceleracao | rompimento | continuidade;True;7;;2;FRACO;ALTA;ALTA;;0.0;28775.0;2026-07-20 03:36:43.585000;"ALTA mantida; estrutura bruta alinhada";topo 28785.75>28777.00 e fundo 28773.25>28766.25;12;28785.75;28777.0;28773.25;28766.25;0.202797;19.75;ALTA confirmada em 2026-07-20 03:38:43.394000;TOPO;28785.75;2026-07-20 03:38:43.394;NOVA_CAMPANHA;False;-20;-4;-21;-5;-0.562284;-1.173709;-1.058837;-13.75;4.5;-1.0;61.3322;spread FRACO +2 | delta30 favorável 20.0 | saldo agressor30 21.0 | saldo10 favorável 5.0 | razão fluxo 3.62 | vel15 0.5623 | vel5 acelerando 1.1737 | aceleração 1.0588 | desloc15 6.50 | ticks/s 61.33 | rompimento 4.50 | continuidade 1.00 | estrutura confirmada contrária -6;;72;12;True;2026-07-20 03:39:15.363
trades;trades_c7_dna_fluxo_v5_2.csv;;58;20260720034420405410;2026-07-20 03:44:20;2026-07-20 03:44:06.561;COMPRA;28801.5;28817.5;28772.5;28801.5;True;1600;2900;1120;C7_DNA_FLUXO_V5_1;GAIN;1725;-2150;965.91;242.25;965.91;28818.75;1600;93;99;-6.0;16;99;4;-6.0;12.0;77;True;7;;True;True;True;True;True;True;True;True;7;;False;1;delta30 | saldo30 | vel15 | aceleracao | rompimento | continuidade;0;FRACO;BAIXA;BAIXA;;0.0;28790.0;2026-07-20 03:43:03.164000;"BAIXA mantida; estrutura bruta alinhada";topo 28790.00<28794.75 e fundo 28786.50<28787.75;12;28790.0;28794.75;28786.5;28787.75;0.429907;27.0;BAIXA confirmada em 2026-07-20 03:42:58.264000;FUNDO;28786.5;2026-07-20 03:42:58.264;NOVA_CAMPANHA;False;22;12;23;13;0.136184;0.498008;0.472171;1.75;-9.75;1.5;26.624;spread sem bônus | delta30 favorável 22.0 | delta10 crescente 12.0 | saldo agressor30 23.0 | saldo10 favorável 13.0 | razão fluxo 4.83 | vel15 0.1362 | vel5 acelerando 0.4980 | aceleração 0.4722 | desloc15 2.00 | ticks/s 26.62 | rompimento 1.75 | continuidade 1.50 | estrutura confirmada contrária -6;;72;12;True;2026-07-20 03:44:06.561
trades;trades_c7_dna_fluxo_v5_2.csv;;59;20260720040426677232;2026-07-20 04:04:26;2026-07-20 04:04:14.367;COMPRA;28833.5;28849.5;28804.5;;False;1600;2900;1120;C7_DNA_FLUXO_V5_1;LOSS;0;-2925;0.0;815.39;815.39;28804.25;-2900;93;99;-6.0;12;99;4;-6.0;8.0;81;True;7;;True;True;True;True;True;True;True;True;7;;False;1;delta30 | saldo30 | vel15 | aceleracao | rompimento | continuidade;0;FRACO;BAIXA;TRANSICAO;ALTA;2.0;28821.25;2026-07-20 04:02:19.788000;BAIXA mantida durante TRANSICAO;"topos/fundos divergentes: 28829.25->28830.00; 28827.25->28827.00";12;28830.0;28829.25;28827.0;28827.25;0.159664;18.5;TRANSICAO confirmada em 2026-07-20 04:04:12.466000;FUNDO;28827.0;2026-07-20 04:04:12.466;NOVA_CAMPANHA;False;25;25;26;26;0.983618;1.178037;0.272131;3.5;-18.5;6.5;70.5344;spread sem bônus | delta30 favorável 25.0 | delta10 crescente 25.0 | saldo agressor30 26.0 | saldo10 favorável 26.0 | razão fluxo 1.60 | vel15 0.9836 | vel5 acelerando 1.1780 | aceleração 0.2721 | desloc15 13.75 | ticks/s 70.53 | rompimento 3.50 | continuidade 6.50 | estrutura confirmada contrária -6;;72;12;True;2026-07-20 04:04:14.367
trades;trades_c7_dna_fluxo_v5_2.csv;;60;20260720042632731672;2026-07-20 04:26:32;2026-07-20 04:26:20.221;COMPRA;28855.25;28871.25;28826.25;28855.25;True;1600;2900;1120;C7_DNA_FLUXO_V5_1;GAIN;1725;0;51.1;0.0;51.1;28872.5;1600;100;99;12.0;0;99;4;12.0;-6.0;100;True;7;;True;True;True;True;True;True;True;True;7;;False;1;delta30 | saldo30 | vel15 | aceleracao | rompimento | continuidade;0;FRACO;ALTA;ALTA;;0.0;28842.25;2026-07-20 04:19:44.873000;"ALTA mantida; estrutura bruta alinhada";topo 28854.00>28849.00 e fundo 28840.25>28840.00;12;28854.0;28849.0;28840.25;28840.0;0.218487;14.0;ALTA confirmada em 2026-07-20 04:26:15.421000;TOPO;28854.0;2026-07-20 04:26:15.421;NOVA_CAMPANHA;False;34;20;35;19;0.420943;0.709651;0.759933;1.25;-12.0;0.25;58.8518;spread sem bônus | delta30 favorável 34.0 | delta10 crescente 20.0 | saldo agressor30 35.0 | saldo10 favorável 19.0 | razão fluxo 6.83 | vel15 0.4209 | vel5 acelerando 0.7097 | aceleração 0.7599 | desloc15 5.25 | ticks/s 58.85 | rompimento 1.25 | continuidade 0.25 | estrutura confirmada alinhada +8 | estrutura local alinhada +4;;72;12;True;2026-07-20 04:26:20.221
trades;trades_c7_dna_fluxo_v5_2.csv;;61;20260720043113960537;2026-07-20 04:31:13;2026-07-20 04:31:01.111;VENDA;28886.75;28870.75;28915.75;;False;1600;2900;1120;C7_DNA_FLUXO_V5_1;LOSS;0;-3075;0.0;218.34;218.34;28917.5;-2900;92;94;-2.0;15;7;94;8.0;-2.0;77;True;7;;True;True;True;True;True;True;True;False;1;delta30 | saldo30 | vel15 | aceleracao | rompimento | continuidade;True;7;;3;FRACO;ALTA;BAIXA;BAIXA;3.0;28885.5;2026-07-20 04:29:19.181000;"ALTA mantida; candidata BAIXA 3/2; rompeu_invalidação=False";topo 28891.50<28893.25 e fundo 28889.50<28890.50;12;28891.5;28893.25;28889.5;28890.5;0.309645;17.5;BAIXA confirmada em 2026-07-20 04:30:54.812000;TOPO;28891.5;2026-07-20 04:30:54.812;NOVA_CAMPANHA;False;-35;-6;-36;-5;-0.621849;-0.894549;-0.267917;-14.0;1.25;-1.0;68.7731;spread FRACO +3 | delta30 favorável 35.0 | saldo agressor30 36.0 | saldo10 favorável 5.0 | razão fluxo 2.50 | vel15 0.6218 | vel5 acelerando 0.8945 | aceleração 0.2679 | desloc15 9.25 | ticks/s 68.77 | rompimento 1.25 | continuidade 1.00 | estrutura confirmada contrária -6 | estrutura local alinhada +4;;72;12;True;2026-07-20 04:31:01.111
trades;trades_c7_dna_fluxo_v5_2.csv;;62;20260720043608644546;2026-07-20 04:36:08;2026-07-20 04:35:56.278;VENDA;28902.75;28886.75;28931.75;28902.75;True;1600;2900;1120;C7_DNA_FLUXO_V5_1;PROTEGIDO;1200;-1750;370.7;320.1;498.74;28902.75;0;94;100;-6.0;18;10;100;8.0;-6.0;76;True;7;;True;True;True;True;True;True;True;False;1;delta30 | saldo30 | vel15 | aceleracao | rompimento | continuidade;True;7;;6;MODERADO;ALTA;TRANSICAO;BAIXA;4.0;28901.75;2026-07-20 04:29:19.181000;ALTA mantida durante TRANSICAO;"topos/fundos divergentes: 28907.25->28905.50; 28903.25->28903.50";12;28905.5;28907.25;28903.5;28903.25;0.177914;10.0;TRANSICAO confirmada em 2026-07-20 04:35:53.478000;FUNDO;28903.5;2026-07-20 04:35:53.478;NOVA_CAMPANHA;False;-28;-19;-27;-20;-0.117576;-0.303398;-0.250678;-10.5;0.5;-2.25;72.0908;spread MODERADO +6 | delta30 favorável 28.0 | delta10 crescente 19.0 | saldo agressor30 27.0 | saldo10 favorável 20.0 | razão fluxo 1.90 | vel15 0.1176 | vel5 acelerando 0.3034 | aceleração 0.2507 | desloc15 1.75 | ticks/s 72.09 | rompimento 0.50 | continuidade 2.25 | estrutura confirmada contrária -6;;72;12;True;2026-07-20 04:35:56.278
trades;trades_c7_dna_fluxo_v5_2.csv;;63;20260720044557883501;2026-07-20 04:45:57;2026-07-20 04:45:45.277;COMPRA;28913.5;28929.5;28884.5;;False;1600;2900;1120;C7_DNA_FLUXO_V5_1;LOSS;0;-2900;0.0;205.2;205.2;28884.5;-2900;100;99;12.0;0;99;4;12.0;-6.0;100;True;7;;True;True;True;True;True;True;True;True;7;;False;1;delta30 | saldo30 | vel15 | aceleracao | rompimento | continuidade;0;FRACO;ALTA;ALTA;;0.0;28905.0;2026-07-20 04:43:49.476000;"ALTA mantida; estrutura bruta alinhada";topo 28909.00>28900.50 e fundo 28905.00>28897.75;12;28909.0;28900.5;28905.0;28897.75;0.093458;12.25;ALTA confirmada em 2026-07-20 04:45:40.377000;FUNDO;28905.0;2026-07-20 04:45:40.377;NOVA_CAMPANHA;False;36;40;35;39;0.935588;1.705457;0.722437;4.25;-16.75;4.75;82.5477;spread sem bônus | delta30 favorável 36.0 | delta10 crescente 40.0 | saldo agressor30 35.0 | saldo10 favorável 39.0 | razão fluxo 2.94 | vel15 0.9356 | vel5 acelerando 1.7055 | aceleração 0.7224 | desloc15 13.00 | ticks/s 82.55 | rompimento 4.25 | continuidade 4.75 | estrutura confirmada alinhada +8 | estrutura local alinhada +4;;72;12;True;2026-07-20 04:45:45.277
trades;trades_c7_dna_fluxo_v5_2.csv;;64;20260720045611819943;2026-07-20 04:56:11;2026-07-20 04:55:52.368;COMPRA;28900.25;28916.25;28871.25;28900.25;True;1600;2900;1120;C7_DNA_FLUXO_V5_1;GAIN;1600;0;147.98;0.0;147.98;28916.25;1600;100;100;12.0;1;100;7;12.0;-6.0;99;True;7;;True;True;True;True;True;True;True;True;7;;False;1;delta30 | saldo30 | vel15 | aceleracao | rompimento | continuidade;3;FRACO;ALTA;ALTA;;0.0;28894.75;2026-07-20 04:52:09.575000;"ALTA mantida; estrutura bruta alinhada";topo 28902.00>28895.25 e fundo 28890.50>28885.00;12;28902.0;28895.25;28890.5;28885.0;0.182222;17.0;ALTA confirmada em 2026-07-20 04:55:52.169000;TOPO;28902.0;2026-07-20 04:55:52.169;NOVA_CAMPANHA;False;21;17;22;18;0.364381;0.789776;0.483847;2.25;-6.75;2.25;55.3859;spread FRACO +3 | delta30 favorável 21.0 | delta10 crescente 17.0 | saldo agressor30 22.0 | saldo10 favorável 18.0 | razão fluxo 3.44 | vel15 0.3644 | vel5 acelerando 0.7898 | aceleração 0.4838 | desloc15 5.25 | ticks/s 55.39 | rompimento 2.25 | continuidade 2.25 | estrutura confirmada alinhada +8 | estrutura local alinhada +4;;72;12;True;2026-07-20 04:55:52.368
trades;trades_c7_dna_fluxo_v5_2.csv;;65;20260720050132058748;2026-07-20 05:01:32;2026-07-20 05:01:18.859;VENDA;28917.25;28901.25;28946.25;28917.25;True;1600;2900;1120;C7_DNA_FLUXO_V5_1;GAIN;1825;-1175;383.5;167.1;383.5;28899.0;1600;100;99;12.0;0;4;99;-6.0;12.0;100;True;7;;True;True;True;True;True;True;True;False;1;delta30 | saldo30 | vel15 | aceleracao | rompimento | continuidade;True;7;;0;FRACO;BAIXA;BAIXA;;0.0;28912.0;2026-07-20 04:59:20.551000;"BAIXA mantida; estrutura bruta alinhada";topo 28922.50<28923.25 e fundo 28918.00<28920.25;12;28922.5;28923.25;28918.0;28920.25;0.134831;11.75;BAIXA confirmada em 2026-07-20 05:01:14.260000;FUNDO;28918.0;2026-07-20 05:01:14.260;NOVA_CAMPANHA;False;-23;-12;-22;-13;-0.121671;-0.881377;-1.112126;-7.75;0.75;-1.25;82.3889;spread sem bônus | delta30 favorável 23.0 | delta10 crescente 12.0 | saldo agressor30 22.0 | saldo10 favorável 13.0 | razão fluxo 1.71 | vel15 0.1217 | vel5 acelerando 0.8814 | aceleração 1.1121 | desloc15 1.75 | ticks/s 82.39 | rompimento 0.75 | continuidade 1.25 | estrutura confirmada alinhada +8 | estrutura local alinhada +4;;72;12;True;2026-07-20 05:01:18.859
trades;trades_c7_dna_fluxo_v5_2.csv;;66;20260720051811773601;2026-07-20 05:18:11;2026-07-20 05:17:55.161;VENDA;28916.75;28900.75;28945.75;28916.75;True;1600;2900;1120;C7_DNA_FLUXO_V5_1;GAIN;1925;-575;528.32;92.5;528.32;28897.5;1600;100;100;12.0;6;12;100;-6.0;12.0;94;True;7;;True;True;True;True;True;True;True;False;1;delta30 | saldo30 | vel15 | aceleracao | rompimento | continuidade;True;7;;8;FORTE;BAIXA;BAIXA;;0.0;28928.75;2026-07-20 05:17:17.461000;"BAIXA mantida; estrutura bruta alinhada";topo 28928.75<28930.00 e fundo 28915.00<28926.75;12;28928.75;28930.0;28915.0;28926.75;0.437186;24.75;BAIXA confirmada em 2026-07-20 05:17:54.589000;FUNDO;28915.0;2026-07-20 05:17:54.589;NOVA_CAMPANHA;False;-34;-30;-35;-28;-0.725718;-1.269328;-0.849631;-13.5;2.0;-2.5;60.0973;spread FORTE +8 | delta30 favorável 34.0 | delta10 crescente 30.0 | saldo agressor30 35.0 | saldo10 favorável 28.0 | razão fluxo 1.90 | vel15 0.7257 | vel5 acelerando 1.2693 | aceleração 0.8496 | desloc15 9.25 | ticks/s 60.10 | rompimento 2.00 | continuidade 2.50 | estrutura confirmada alinhada +8 | estrutura local alinhada +4;;72;12;True;2026-07-20 05:17:55.161
trades;trades_c7_dna_fluxo_v5_2.csv;;67;20260720062442929088;2026-07-20 06:24:42;2026-07-20 06:24:27.734;VENDA;28905.25;28889.25;28934.25;;False;1600;2900;1120;C7_DNA_FLUXO_V5_1;LOSS;500;-3125;357.85;1098.05;1098.05;28936.5;-2900;94;100;-6.0;22;14;100;8.0;-6.0;72;True;7;;True;True;True;True;True;True;True;False;1;delta30 | saldo30 | vel15 | aceleracao | rompimento | continuidade;True;7;;10;FORTE;ALTA;TRANSICAO;;0.0;28912.5;2026-07-20 06:22:09.535000;ALTA mantida durante TRANSICAO;"topos/fundos divergentes: 28914.50->28915.00; 28912.50->28904.00";12;28915.0;28914.5;28904.0;28912.5;0.111111;11.75;TRANSICAO confirmada em 2026-07-20 06:24:27.135000;FUNDO;28904.0;2026-07-20 06:24:27.135;NOVA_CAMPANHA;False;-34;-11;-35;-12;-0.773073;-0.773073;-0.773073;-9.75;1.75;-0.75;115.3663;spread FORTE +10 | delta30 favorável 34.0 | delta10 crescente 11.0 | saldo agressor30 35.0 | saldo10 favorável 12.0 | razão fluxo 2.94 | vel15 0.7731 | aceleração 0.7731 | desloc15 3.25 | ticks/s 115.37 | rompimento 1.75 | continuidade 0.75 | estrutura confirmada contrária -6;;72;12;True;2026-07-20 06:24:27.734
trades;trades_c7_dna_fluxo_v5_2.csv;;68;20260720064610271919;2026-07-20 06:46:10;2026-07-20 06:45:57.891;VENDA;28945.75;28929.75;28974.75;;False;1600;2900;1120;C7_DNA_FLUXO_V5_1;LOSS;0;-3225;0.0;395.73;395.73;28978.0;-2900;94;100;-6.0;26;14;100;12.0;-6.0;68;True;7;;True;True;True;True;True;True;True;False;1;delta30 | saldo30 | vel15 | aceleracao | rompimento | continuidade;True;7;;10;FORTE;ALTA;ALTA;;0.0;28950.5;2026-07-20 06:36:33.686000;"ALTA mantida; estrutura bruta alinhada";topo 28954.50>28952.50 e fundo 28950.50>28950.00;12;28954.5;28952.5;28950.5;28950.0;0.291339;11.5;ALTA confirmada em 2026-07-20 06:45:46.662000;TOPO;28954.5;2026-07-20 06:45:46.662;NOVA_CAMPANHA;False;-31;-32;-32;-33;-0.487893;-0.962627;-0.630754;-8.75;1.0;-2.0;54.1381;spread FORTE +10 | delta30 favorável 31.0 | delta10 crescente 32.0 | saldo agressor30 32.0 | saldo10 favorável 33.0 | razão fluxo 1.86 | vel15 0.4879 | vel5 acelerando 0.9626 | aceleração 0.6308 | desloc15 6.75 | ticks/s 54.14 | rompimento 1.00 | continuidade 2.00 | estrutura confirmada contrária -6;;72;12;True;2026-07-20 06:45:57.891
trades;trades_c7_dna_fluxo_v5_2.csv;;69;20260720065312842030;2026-07-20 06:53:12;2026-07-20 06:52:59.931;COMPRA;28998.0;29014.0;28969.0;;False;1600;2900;1120;C7_DNA_FLUXO_V5_1;LOSS;0;-2925;0.0;102.2;102.2;28968.75;-2900;100;96;12.0;13;96;19;12.0;-6.0;87;True;7;;True;True;True;True;True;True;True;True;7;;False;1;delta30 | saldo30 | vel15 | aceleracao | rompimento | continuidade;10;FORTE;ALTA;ALTA;;0.0;28993.5;2026-07-20 06:36:33.686000;"ALTA mantida; estrutura bruta alinhada";topo 28998.25>28997.50 e fundo 28993.50>28991.75;12;28998.25;28997.5;28993.5;28991.75;0.037037;13.75;ALTA confirmada em 2026-07-20 06:52:59.533000;TOPO;28998.25;2026-07-20 06:52:59.533;NOVA_CAMPANHA;False;208;-8;209;-7;0.25;0.90018;0.976206;0.5;-21.0;2.25;60.3333;spread FORTE +10 | delta30 favorável 208.0 | saldo agressor30 209.0 | razão fluxo 2.28 | vel15 0.2500 | vel5 acelerando 0.9002 | aceleração 0.9762 | desloc15 3.75 | ticks/s 60.33 | rompimento 0.50 | continuidade 2.25 | estrutura confirmada alinhada +8 | estrutura local alinhada +4;;72;12;True;2026-07-20 06:52:59.931
trades;trades_c7_dna_fluxo_v5_2.csv;;70;20260720070054382906;2026-07-20 07:00:54;2026-07-20 07:00:42.063;VENDA;28947.5;28931.5;28976.5;28947.5;True;1600;2900;1120;C7_DNA_FLUXO_V5_1;GAIN;1775;0;364.04;0.0;364.04;28929.75;1600;100;100;12.0;8;14;100;-6.0;12.0;92;True;7;;True;True;True;True;True;True;True;False;1;delta30 | saldo30 | vel15 | aceleracao | rompimento | continuidade;True;7;;10;FORTE;BAIXA;BAIXA;;0.0;28952.5;2026-07-20 07:00:42.063000;mudança ALTA->BAIXA: 2 swings opostos e rompimento do nível 28954.75;topo 28952.50<28956.50 e fundo 28950.25<28953.50;12;28952.5;28956.5;28950.25;28953.5;0.075862;9.0;BAIXA confirmada em 2026-07-20 07:00:26.566000;TOPO;28952.5;2026-07-20 07:00:26.566;NOVA_CAMPANHA;False;-38;-19;-37;-20;-0.364182;-0.693894;-0.288904;-9.0;1.5;-1.0;32.048;spread FORTE +10 | delta30 favorável 38.0 | delta10 crescente 19.0 | saldo agressor30 37.0 | saldo10 favorável 20.0 | razão fluxo 3.31 | vel15 0.3642 | vel5 acelerando 0.6939 | aceleração 0.2889 | desloc15 4.25 | ticks/s 32.05 | rompimento 1.50 | continuidade 1.00 | estrutura confirmada alinhada +8 | estrutura local alinhada +4;;72;12;True;2026-07-20 07:00:42.063
trades;trades_c7_dna_fluxo_v5_2.csv;;71;20260720074140713693;2026-07-20 07:41:40;2026-07-20 07:41:27.723;COMPRA;28969.5;28985.5;28940.5;28969.5;True;1600;2900;1120;C7_DNA_FLUXO_V5_1;GAIN;1600;-675;1196.38;673.74;1196.38;28985.5;1600;100;100;8.0;6;100;12;8.0;-6.0;94;True;7;;True;True;True;True;True;True;True;True;7;;False;1;delta30 | saldo30 | vel15 | aceleracao | rompimento | continuidade;8;FORTE;ALTA;TRANSICAO;;0.0;28954.0;2026-07-20 07:37:00.323000;ALTA mantida durante TRANSICAO;"topos/fundos divergentes: 28960.75->28954.50; 28949.25->28950.00";12;28954.5;28960.75;28950.0;28949.25;0.005291;11.5;TRANSICAO confirmada em 2026-07-20 07:40:58.223000;TOPO;28954.5;2026-07-20 07:40:58.223;NOVA_CAMPANHA;False;32;21;33;20;0.500033;1.629423;1.390061;3.5;-17.0;2.25;43.6696;spread FORTE +8 | delta30 favorável 32.0 | delta10 crescente 21.0 | saldo agressor30 33.0 | saldo10 favorável 20.0 | razão fluxo 3.36 | vel15 0.5000 | vel5 acelerando 1.6294 | aceleração 1.3901 | desloc15 7.50 | ticks/s 43.67 | rompimento 3.50 | continuidade 2.25 | estrutura confirmada alinhada +8;;72;12;True;2026-07-20 07:41:27.723
trades;trades_c7_dna_fluxo_v5_2.csv;;72;20260720080214473837;2026-07-20 08:02:14;2026-07-20 08:02:02.002;VENDA;28972.0;28956.0;29001.0;;False;1600;2900;1120;C7_DNA_FLUXO_V5_1;LOSS;450;-2900;69.1;406.3;406.3;29001.0;-2900;92;94;-2.0;15;7;94;8.0;-2.0;77;True;7;;True;True;True;True;True;True;True;False;1;delta30 | saldo30 | vel15 | aceleracao | rompimento | continuidade;True;7;;3;FRACO;ALTA;BAIXA;BAIXA;1.0;28984.5;2026-07-20 07:57:21.004000;"ALTA mantida; candidata BAIXA 1/2; rompeu_invalidação=True";topo 28973.50<28975.00 e fundo 28971.25<28972.25;12;28973.5;28975.0;28971.25;28972.25;0.197674;15.5;BAIXA confirmada em 2026-07-20 08:02:01.802000;TOPO;28973.5;2026-07-20 08:02:01.802;NOVA_CAMPANHA;False;-22;-4;-23;-5;-0.375671;-0.713674;-0.274803;-13.5;0.25;-3.0;70.1968;spread FRACO +3 | delta30 favorável 22.0 | saldo agressor30 23.0 | saldo10 favorável 5.0 | razão fluxo 2.05 | vel15 0.3757 | vel5 acelerando 0.7137 | aceleração 0.2748 | desloc15 5.25 | ticks/s 70.20 | rompimento 0.25 | continuidade 3.00 | estrutura confirmada contrária -6 | estrutura local alinhada +4;;72;12;True;2026-07-20 08:02:02.002
trades;trades_c7_dna_fluxo_v5_2.csv;;73;20260720081547827424;2026-07-20 08:15:47;2026-07-20 08:15:35.574;VENDA;29007.0;28991.0;29036.0;29007.0;True;1600;2900;1120;C7_DNA_FLUXO_V5_1;GAIN;1675;-425;659.82;151.83;659.82;28990.25;1600;94;100;-6.0;22;14;100;8.0;-6.0;72;True;7;;True;True;True;True;True;True;True;False;1;delta30 | saldo30 | vel15 | aceleracao | rompimento | continuidade;True;7;;10;FORTE;ALTA;TRANSICAO;;0.0;29008.25;2026-07-20 08:14:57.300000;ALTA mantida durante TRANSICAO;"topos/fundos divergentes: 29018.00->29015.75; 29008.25->29012.50";12;29015.75;29018.0;29012.5;29008.25;0.120879;15.25;TRANSICAO confirmada em 2026-07-20 08:15:30.822000;TOPO;29015.75;2026-07-20 08:15:30.822;NOVA_CAMPANHA;False;-62;-60;-61;-61;-0.710783;-1.84133;-1.646777;-11.0;5.25;-6.25;58.7106;spread FORTE +10 | delta30 favorável 62.0 | delta10 crescente 60.0 | saldo agressor30 61.0 | saldo10 favorável 61.0 | razão fluxo 2.39 | vel15 0.7108 | vel5 acelerando 1.8413 | aceleração 1.6468 | desloc15 10.00 | ticks/s 58.71 | rompimento 5.25 | continuidade 6.25 | estrutura confirmada contrária -6;;72;12;True;2026-07-20 08:15:35.574
trades;trades_c7_dna_fluxo_v5_2.csv;;74;20260720082907365898;2026-07-20 08:29:07;2026-07-20 08:28:54.401;COMPRA;28997.0;29013.0;28968.0;28997.0;True;1600;2900;1120;C7_DNA_FLUXO_V5_1;GAIN;3400;-125;77.15;8.71;77.15;29031.0;1600;90;100;-10.0;18;100;14;-10.0;4.0;72;True;7;;True;True;True;True;True;True;True;True;7;;False;1;delta30 | saldo30 | vel15 | aceleracao | rompimento | continuidade;10;FORTE;BAIXA;RANGE;ALTA;1.0;28992.75;2026-07-20 08:21:42.499000;BAIXA mantida durante RANGE;"swings sem progresso; amplitude 5.00; eficiencia 0.036";12;28992.0;28993.0;28989.75;28989.25;0.036496;5.0;RANGE confirmada em 2026-07-20 08:28:30.261000;TOPO;28992.0;2026-07-20 08:28:30.261;NOVA_CAMPANHA;False;55;1;56;2;0.200294;0.573394;0.345546;0.25;-7.0;1.0;41.1938;spread FORTE +10 | delta30 favorável 55.0 | saldo agressor30 56.0 | saldo10 favorável 2.0 | razão fluxo 4.11 | vel15 0.2003 | vel5 acelerando 0.5734 | aceleração 0.3455 | desloc15 3.00 | ticks/s 41.19 | rompimento 0.25 | continuidade 1.00 | estrutura confirmada contrária -6 | range local -4;;72;12;True;2026-07-20 08:28:54.401
trades;trades_c7_dna_fluxo_v5_2.csv;;75;20260720083234721818;2026-07-20 08:32:34;2026-07-20 08:32:21.942;COMPRA;29082.0;29098.0;29053.0;29082.0;True;1600;2900;1120;C7_DNA_FLUXO_V5_1;GAIN;1775;0;52.67;0.0;52.67;29099.75;1600;100;99;12.0;0;99;4;12.0;-6.0;100;True;7;;True;True;True;True;True;True;True;True;7;;False;1;delta30 | saldo30 | vel15 | aceleracao | rompimento | continuidade;0;FRACO;ALTA;ALTA;;0.0;29077.5;2026-07-20 08:29:03.107000;"ALTA mantida; estrutura bruta alinhada";topo 29084.00>29079.75 e fundo 29077.50>29073.00;12;29084.0;29079.75;29077.5;29073.0;0.150259;12.75;ALTA confirmada em 2026-07-20 08:32:20.496000;TOPO;29084.0;2026-07-20 08:32:20.496;REENTRADA_APOS_PULLBACK_E_ROMPIMENTO;True;103;78;102;79;0.538902;1.651982;1.524756;2.25;-18.75;3.25;169.7541;spread sem bônus | delta30 favorável 103.0 | delta10 crescente 78.0 | saldo agressor30 102.0 | saldo10 favorável 79.0 | razão fluxo 1.88 | vel15 0.5389 | vel5 acelerando 1.6520 | aceleração 1.5248 | desloc15 8.00 | ticks/s 169.75 | rompimento 2.25 | continuidade 3.25 | estrutura confirmada alinhada +8 | estrutura local alinhada +4;;72;12;True;2026-07-20 08:32:21.942
trades;trades_c7_dna_fluxo_v5_2.csv;;76;20260720083750882971;2026-07-20 08:37:50;2026-07-20 08:37:38.062;VENDA;29086.5;29070.5;29115.5;29086.5;True;1600;2900;1120;C7_DNA_FLUXO_V5_1;GAIN;1650;-2025;616.43;342.0;616.43;29070.0;1600;98;100;-2.0;21;13;100;8.0;-2.0;77;True;7;;True;True;True;True;True;True;True;False;1;delta30 | saldo30 | vel15 | aceleracao | rompimento | continuidade;True;7;;9;FORTE;ALTA;BAIXA;BAIXA;1.0;29090.25;2026-07-20 08:37:11.796000;"ALTA mantida; candidata BAIXA 1/2; rompeu_invalidação=True";topo 29093.75<29094.00 e fundo 29088.00<29090.00;12;29093.75;29094.0;29088.0;29090.0;0.043478;6.0;BAIXA confirmada em 2026-07-20 08:37:34.296000;FUNDO;29088.0;2026-07-20 08:37:34.296;NOVA_CAMPANHA;False;-34;-11;-34;-10;-0.342912;-1.027749;-1.027749;-7.5;1.5;-2.5;49.4479;spread FORTE +9 | delta30 favorável 34.0 | delta10 crescente 11.0 | saldo agressor30 34.0 | saldo10 favorável 10.0 | razão fluxo 2.21 | vel15 0.3429 | vel5 acelerando 1.0277 | aceleração 1.0277 | desloc15 5.00 | ticks/s 49.45 | rompimento 1.50 | continuidade 2.50 | estrutura confirmada contrária -6 | estrutura local alinhada +4;;72;12;True;2026-07-20 08:37:38.062
trades;trades_c7_dna_fluxo_v5_2.csv;;77;20260720085454484295;2026-07-20 08:54:54;2026-07-20 08:54:41.693;COMPRA;29084.25;29100.25;29055.25;;False;1600;2900;1120;C7_DNA_FLUXO_V5_1;LOSS;0;-4150;0.0;4430.8;4430.8;29042.75;-2900;100;100;12.0;8;100;14;12.0;-6.0;92;True;7;;True;True;True;True;True;True;True;True;7;;False;1;delta30 | saldo30 | vel15 | aceleracao | rompimento | continuidade;10;FORTE;ALTA;ALTA;;0.0;29077.75;2026-07-20 08:52:22.993000;"ALTA mantida; estrutura bruta alinhada";topo 29083.75>29080.75 e fundo 29077.50>29073.75;12;29083.75;29080.75;29077.5;29073.75;0.25;13.5;ALTA confirmada em 2026-07-20 08:54:34.593000;TOPO;29083.75;2026-07-20 08:54:34.593;NOVA_CAMPANHA;False;21;14;22;13;0.221767;0.245098;0.123945;0.5;-9.0;1.25;29.8874;spread FORTE +10 | delta30 favorável 21.0 | delta10 crescente 14.0 | saldo agressor30 22.0 | saldo10 favorável 13.0 | razão fluxo 2.05 | vel15 0.2218 | vel5 acelerando 0.2451 | aceleração 0.1239 | desloc15 3.25 | ticks/s 29.89 | rompimento 0.50 | continuidade 1.25 | estrutura confirmada alinhada +8 | estrutura local alinhada +4;;72;12;True;2026-07-20 08:54:41.693
trades;trades_c7_dna_fluxo_v5_2.csv;;78;20260720101138173863;2026-07-20 10:11:38;2026-07-20 10:11:26.412;COMPRA;29057.0;29073.0;29028.0;;False;1600;2900;1120;C7_DNA_FLUXO_V5_1;LOSS;0;-2950;0.0;160.48;160.48;29027.5;-2900;100;100;8.0;8;100;14;8.0;-6.0;92;True;7;;True;True;True;True;True;True;True;True;7;;False;1;delta30 | saldo30 | vel15 | aceleracao | rompimento | continuidade;10;FORTE;ALTA;TRANSICAO;;0.0;29047.0;2026-07-20 10:09:09.881000;ALTA mantida durante TRANSICAO;"topos/fundos divergentes: 29049.25->29048.25; 29044.25->29046.25";12;29048.25;29049.25;29046.25;29044.25;0.117318;10.25;TRANSICAO confirmada em 2026-07-20 10:11:18.595000;FUNDO;29046.25;2026-07-20 10:11:18.595;NOVA_CAMPANHA;False;25;10;26;9;0.601363;1.816483;1.926993;4.5;-12.75;2.75;98.1558;spread FORTE +10 | delta30 favorável 25.0 | delta10 crescente 10.0 | saldo agressor30 26.0 | saldo10 favorável 9.0 | razão fluxo 1.53 | vel15 0.6014 | vel5 acelerando 1.8165 | aceleração 1.9270 | desloc15 9.00 | ticks/s 98.16 | rompimento 4.50 | continuidade 2.75 | estrutura confirmada alinhada +8;;72;12;True;2026-07-20 10:11:26.412
trades;trades_c7_dna_fluxo_v5_2.csv;;79;20260720102627951099;2026-07-20 10:26:27;2026-07-20 10:26:15.793;COMPRA;29051.75;29067.75;29022.75;29051.75;True;1600;2900;1120;C7_DNA_FLUXO_V5_1;GAIN;2550;-2850;294.24;208.3;294.24;29077.25;1600;98;100;-2.0;22;100;14;-2.0;8.0;76;True;7;;True;True;True;True;True;True;True;True;7;;False;1;delta30 | saldo30 | vel15 | aceleracao | rompimento | continuidade;10;FORTE;BAIXA;ALTA;ALTA;1.0;29042.5;2026-07-20 10:25:27.292000;"BAIXA mantida; candidata ALTA 1/2; rompeu_invalidação=True";topo 29051.75>29050.50 e fundo 29049.75>29048.00;12;29051.75;29050.5;29049.75;29048.0;0.084967;8.75;ALTA confirmada em 2026-07-20 10:26:15.195000;FUNDO;29049.75;2026-07-20 10:26:15.195;NOVA_CAMPANHA;False;52;17;51;18;0.403769;0.637755;0.290496;1.25;-11.0;2.5;101.6824;spread FORTE +10 | delta30 favorável 52.0 | delta10 crescente 17.0 | saldo agressor30 51.0 | saldo10 favorável 18.0 | razão fluxo 1.47 | vel15 0.4038 | vel5 acelerando 0.6378 | aceleração 0.2905 | desloc15 6.00 | ticks/s 101.68 | rompimento 1.25 | continuidade 2.50 | estrutura confirmada contrária -6 | estrutura local alinhada +4;;72;12;True;2026-07-20 10:26:15.793
trades;trades_c7_dna_fluxo_v5_2.csv;;80;20260720103400851322;2026-07-20 10:34:00;2026-07-20 10:33:48.991;COMPRA;29118.25;29134.25;29089.25;29118.25;True;1600;2900;1120;C7_DNA_FLUXO_V5_1;GAIN;1875;0;86.2;0.0;86.2;29137.0;1600;100;100;12.0;8;100;14;12.0;-6.0;92;True;7;;True;True;True;True;True;True;True;True;7;;False;1;delta30 | saldo30 | vel15 | aceleracao | rompimento | continuidade;10;FORTE;ALTA;ALTA;;0.0;29116.5;2026-07-20 10:31:58.896000;"ALTA mantida; estrutura bruta alinhada";topo 29119.50>29115.75 e fundo 29116.50>29111.75;12;29119.5;29115.75;29116.5;29111.75;0.237113;14.5;ALTA confirmada em 2026-07-20 10:33:48.683000;FUNDO;29116.5;2026-07-20 10:33:48.683;NOVA_CAMPANHA;False;56;50;55;49;0.484431;1.35027;1.300094;1.5;-13.25;3.5;327.4756;spread FORTE +10 | delta30 favorável 56.0 | delta10 crescente 50.0 | saldo agressor30 55.0 | saldo10 favorável 49.0 | razão fluxo 1.13 | vel15 0.4844 | vel5 acelerando 1.3503 | aceleração 1.3001 | desloc15 7.25 | ticks/s 327.48 | rompimento 1.50 | continuidade 3.50 | estrutura confirmada alinhada +8 | estrutura local alinhada +4;;72;12;True;2026-07-20 10:33:48.991
trades;trades_c7_dna_fluxo_v5_2.csv;;81;20260720103704993619;2026-07-20 10:37:04;2026-07-20 10:36:53.091;COMPRA;29146.25;29162.25;29117.25;29146.25;True;1600;2900;1120;C7_DNA_FLUXO_V5_1;GAIN;1725;0;61.38;0.0;61.38;29163.5;1600;100;100;12.0;8;100;14;12.0;-6.0;92;True;7;;True;True;True;True;True;True;True;True;7;;False;1;delta30 | saldo30 | vel15 | aceleracao | rompimento | continuidade;10;FORTE;ALTA;ALTA;;0.0;29146.75;2026-07-20 10:31:58.896000;"ALTA mantida; estrutura bruta alinhada";topo 29148.00>29146.00 e fundo 29144.00>29135.00;12;29148.0;29146.0;29144.0;29135.0;0.079545;13.0;ALTA confirmada em 2026-07-20 10:36:52.750000;TOPO;29148.0;2026-07-20 10:36:52.750;REENTRADA_APOS_PULLBACK_E_ROMPIMENTO;True;164;68;163;69;0.366667;1.40534;1.481863;1.75;-11.25;5.0;309.4667;spread FORTE +10 | delta30 favorável 164.0 | delta10 crescente 68.0 | saldo agressor30 163.0 | saldo10 favorável 69.0 | razão fluxo 1.47 | vel15 0.3667 | vel5 acelerando 1.4053 | aceleração 1.4819 | desloc15 5.50 | ticks/s 309.47 | rompimento 1.75 | continuidade 5.00 | estrutura confirmada alinhada +8 | estrutura local alinhada +4;;72;12;True;2026-07-20 10:36:53.091
trades;trades_c7_dna_fluxo_v5_2.csv;;82;20260720104335138607;2026-07-20 10:43:35;2026-07-20 10:43:23.491;COMPRA;29165.75;29181.75;29136.75;29165.75;True;1600;2900;1120;C7_DNA_FLUXO_V5_1;GAIN;2150;0;109.6;0.0;109.6;29187.25;1600;100;100;12.0;8;100;14;12.0;-6.0;92;True;7;;True;True;True;True;True;True;True;True;7;;False;1;delta30 | saldo30 | vel15 | aceleracao | rompimento | continuidade;10;FORTE;ALTA;ALTA;;0.0;29163.0;2026-07-20 10:31:58.896000;"ALTA mantida; estrutura bruta alinhada";topo 29166.50>29165.00 e fundo 29163.00>29157.50;12;29166.5;29165.0;29163.0;29157.5;0.112676;9.0;ALTA confirmada em 2026-07-20 10:43:22.111000;TOPO;29166.5;2026-07-20 10:43:22.111;REENTRADA_APOS_PULLBACK_E_ROMPIMENTO;;89;52;88;51;0.30006;0.610998;0.484684;0.25;-9.0;0.25;315.063;spread FORTE +10 | delta30 favorável 89.0 | delta10 crescente 52.0 | saldo agressor30 88.0 | saldo10 favorável 51.0 | razão fluxo 1.26 | vel15 0.3001 | vel5 acelerando 0.6110 | aceleração 0.4847 | desloc15 4.50 | ticks/s 315.06 | rompimento 0.25 | continuidade 0.25 | estrutura confirmada alinhada +8 | estrutura local alinhada +4;;72;12;True;2026-07-20 10:43:23.491
trades;trades_c7_dna_fluxo_v5_2.csv;;83;20260720104613661127;2026-07-20 10:46:13;2026-07-20 10:46:02.026;VENDA;29167.75;29151.75;29196.75;29167.75;True;1600;2900;1120;C7_DNA_FLUXO_V5_1;GAIN;1850;-175;48.5;12.16;48.5;29149.25;1600;98;100;-2.0;22;14;100;8.0;-2.0;76;True;7;;True;True;True;True;True;True;True;False;1;delta30 | saldo30 | vel15 | aceleracao | rompimento | continuidade;True;7;;10;FORTE;ALTA;BAIXA;BAIXA;1.0;29177.75;2026-07-20 10:31:58.896000;"ALTA mantida; candidata BAIXA 1/2; rompeu_invalidação=True";topo 29169.75<29175.50 e fundo 29164.50<29166.50;12;29169.75;29175.5;29164.5;29166.5;0.307692;14.75;BAIXA confirmada em 2026-07-20 10:46:01.791000;FUNDO;29164.5;2026-07-20 10:46:01.791;MUDANCA_ESTRUTURAL_DE_CAMPANHA;;-353;-135;-354;-134;-1.190556;-1.722391;-0.787576;-23.75;0.75;-1.0;370.1791;spread FORTE +10 | delta30 favorável 353.0 | delta10 crescente 135.0 | saldo agressor30 354.0 | saldo10 favorável 134.0 | razão fluxo 1.65 | vel15 1.1906 | vel5 acelerando 1.7224 | aceleração 0.7876 | desloc15 17.75 | ticks/s 370.18 | rompimento 0.75 | continuidade 1.00 | estrutura confirmada contrária -6 | estrutura local alinhada +4;;72;12;True;2026-07-20 10:46:02.026
trades;trades_c7_dna_fluxo_v5_2.csv;;84;20260720105151784148;2026-07-20 10:51:51;2026-07-20 10:51:40.277;VENDA;29078.75;29062.75;29107.75;29078.75;True;1600;2900;1120;C7_DNA_FLUXO_V5_1;GAIN;4200;0;48.17;0.0;48.17;29036.75;1600;100;100;12.0;8;14;100;-6.0;12.0;92;True;7;;True;True;True;True;True;True;True;False;1;delta30 | saldo30 | vel15 | aceleracao | rompimento | continuidade;True;7;;10;FORTE;BAIXA;BAIXA;;0.0;29080.75;2026-07-20 10:46:26.390000;"BAIXA mantida; estrutura bruta alinhada";topo 29080.75<29083.00 e fundo 29078.00<29079.00;12;29080.75;29083.0;29078.0;29079.0;0.256545;19.25;BAIXA confirmada em 2026-07-20 10:51:39.791000;TOPO;29080.75;2026-07-20 10:51:39.791;NOVA_CAMPANHA;False;-170;-115;-171;-114;-0.971654;-3.46664;-3.720808;-27.25;4.5;-4.5;388.7958;spread FORTE +10 | delta30 favorável 170.0 | delta10 crescente 115.0 | saldo agressor30 171.0 | saldo10 favorável 114.0 | razão fluxo 1.30 | vel15 0.9717 | vel5 acelerando 3.4666 | aceleração 3.7208 | desloc15 14.50 | ticks/s 388.80 | rompimento 4.50 | continuidade 4.50 | estrutura confirmada alinhada +8 | estrutura local alinhada +4;;72;12;True;2026-07-20 10:51:40.277
trades;trades_c7_dna_fluxo_v5_2.csv;;85;20260720110217520489;2026-07-20 11:02:17;2026-07-20 11:02:05.888;COMPRA;28998.75;29014.75;28969.75;28998.75;True;1600;2900;1120;C7_DNA_FLUXO_V5_1;GAIN;1975;0;24.0;0.0;24.0;29018.5;1600;100;100;12.0;8;100;14;12.0;-6.0;92;True;7;;True;True;True;True;True;True;True;True;7;;False;1;delta30 | saldo30 | vel15 | aceleracao | rompimento | continuidade;10;FORTE;ALTA;ALTA;;0.0;28993.0;2026-07-20 11:02:05.888000;mudança BAIXA->ALTA: 3 swings opostos e rompimento do nível 28993.75;topo 28997.25>28993.75 e fundo 28993.00>28991.00;12;28997.25;28993.75;28993.0;28991.0;0.141104;12.5;ALTA confirmada em 2026-07-20 11:02:05.489000;FUNDO;28993.0;2026-07-20 11:02:05.489;NOVA_CAMPANHA;False;110;86;110;86;1.383426;1.359517;0.021403;2.5;-37.75;2.25;348.1565;spread FORTE +10 | delta30 favorável 110.0 | delta10 crescente 86.0 | saldo agressor30 110.0 | saldo10 favorável 86.0 | razão fluxo 1.21 | vel15 1.3834 | aceleração 0.0214 | desloc15 20.75 | ticks/s 348.16 | rompimento 2.50 | continuidade 2.25 | estrutura confirmada alinhada +8 | estrutura local alinhada +4;;72;12;True;2026-07-20 11:02:05.888
trades;trades_c7_dna_fluxo_v5_2.csv;;86;20260720110452922357;2026-07-20 11:04:52;2026-07-20 11:04:41.453;VENDA;29025.0;29009.0;29054.0;29025.0;True;1600;2900;1120;C7_DNA_FLUXO_V5_1;GAIN;1875;0;83.84;0.0;83.84;29006.25;1600;98;100;-2.0;22;14;100;8.0;-2.0;76;True;7;;True;True;True;True;True;True;True;False;1;delta30 | saldo30 | vel15 | aceleracao | rompimento | continuidade;True;7;;10;FORTE;ALTA;BAIXA;BAIXA;4.0;29003.25;2026-07-20 11:02:05.888000;"ALTA mantida; candidata BAIXA 4/2; rompeu_invalidação=False";topo 29028.75<29038.25 e fundo 29023.50<29026.00;12;29028.75;29038.25;29023.5;29026.0;0.354497;16.75;BAIXA confirmada em 2026-07-20 11:04:40.793000;FUNDO;29023.5;2026-07-20 11:04:40.793;MUDANCA_ESTRUTURAL_DE_CAMPANHA;True;-78;-62;-77;-62;-1.202807;-2.460733;-1.848488;-24.0;4.75;-5.5;369.6625;spread FORTE +10 | delta30 favorável 78.0 | delta10 crescente 62.0 | saldo agressor30 77.0 | saldo10 favorável 62.0 | razão fluxo 1.23 | vel15 1.2028 | vel5 acelerando 2.4607 | aceleração 1.8485 | desloc15 18.00 | ticks/s 369.66 | rompimento 4.75 | continuidade 5.50 | estrutura confirmada contrária -6 | estrutura local alinhada +4;;72;12;True;2026-07-20 11:04:41.453
trades;trades_c7_dna_fluxo_v5_2.csv;;87;20260720110853011992;2026-07-20 11:08:53;2026-07-20 11:08:41.464;VENDA;29000.25;28984.25;29029.25;29000.25;True;1600;2900;1120;C7_DNA_FLUXO_V5_1;GAIN;1600;-875;95.66;35.83;95.66;28984.25;1600;100;100;8.0;8;14;100;-6.0;8.0;92;True;7;;True;True;True;True;True;True;True;False;1;delta30 | saldo30 | vel15 | aceleracao | rompimento | continuidade;True;7;;10;FORTE;BAIXA;TRANSICAO;ALTA;1.0;29000.25;2026-07-20 11:05:41.086000;BAIXA mantida durante TRANSICAO;"topos/fundos divergentes: 29005.25->29007.25; 28999.00->28997.75";12;29007.25;29005.25;28997.75;28999.0;0.451429;20.25;TRANSICAO confirmada em 2026-07-20 11:08:41.077000;FUNDO;28997.75;2026-07-20 11:08:41.077;NOVA_CAMPANHA;False;-75;-92;-75;-92;-1.335381;-3.439207;-3.211957;-23.25;2.75;-4.25;313.4139;spread FORTE +10 | delta30 favorável 75.0 | delta10 crescente 92.0 | saldo agressor30 75.0 | saldo10 favorável 92.0 | razão fluxo 1.30 | vel15 1.3354 | vel5 acelerando 3.4392 | aceleração 3.2120 | desloc15 20.00 | ticks/s 313.41 | rompimento 2.75 | continuidade 4.25 | estrutura confirmada alinhada +8;;72;12;True;2026-07-20 11:08:41.464
trades;trades_c7_dna_fluxo_v5_2.csv;;88;20260720111052586588;2026-07-20 11:10:52;2026-07-20 11:10:40.902;VENDA;28968.75;28952.75;28997.75;28968.75;True;1600;2900;1120;C7_DNA_FLUXO_V5_1;GAIN;1625;-775;71.98;47.98;71.98;28952.5;1600;100;96;8.0;13;19;96;-6.0;8.0;87;True;7;;True;True;True;True;True;True;True;False;1;delta30 | saldo30 | vel15 | aceleracao | rompimento | continuidade;True;7;;10;FORTE;BAIXA;TRANSICAO;;0.0;28981.75;2026-07-20 11:10:04.986000;BAIXA mantida durante TRANSICAO;"topos/fundos divergentes: 28972.50->28972.00; 28970.00->28970.00";12;28972.0;28972.5;28970.0;28970.0;0.022556;6.75;TRANSICAO confirmada em 2026-07-20 11:10:40.291000;FUNDO;28970.0;2026-07-20 11:10:40.291;NOVA_CAMPANHA;False;-159;8;-160;9;-0.835841;-0.922509;-0.109501;-23.25;1.25;-1.75;404.4801;spread FORTE +10 | delta30 favorável 159.0 | saldo agressor30 160.0 | razão fluxo 1.50 | vel15 0.8358 | vel5 acelerando 0.9225 | aceleração 0.1095 | desloc15 12.50 | ticks/s 404.48 | rompimento 1.25 | continuidade 1.75 | estrutura confirmada alinhada +8;;72;12;True;2026-07-20 11:10:40.902
trades;trades_c7_dna_fluxo_v5_2.csv;;89;20260720111557356799;2026-07-20 11:15:57;2026-07-20 11:15:45.491;COMPRA;28997.25;29013.25;28968.25;;False;1600;2900;1120;C7_DNA_FLUXO_V5_1;LOSS;0;-2950;0.0;62.23;62.23;28967.75;-2900;94;100;-6.0;22;100;14;-6.0;8.0;72;True;7;;True;True;True;True;True;True;True;True;7;;False;1;delta30 | saldo30 | vel15 | aceleracao | rompimento | continuidade;10;FORTE;BAIXA;TRANSICAO;;0.0;28986.75;2026-07-20 11:15:20.559000;BAIXA mantida durante TRANSICAO;"topos/fundos divergentes: 28995.75->28996.50; 28993.75->28992.50";12;28996.5;28995.75;28992.5;28993.75;0.071429;10.0;TRANSICAO confirmada em 2026-07-20 11:15:44.388000;FUNDO;28992.5;2026-07-20 11:15:44.388;NOVA_CAMPANHA;False;116;39;115;40;0.553506;1.908397;1.933649;0.75;-22.25;2.5;362.8984;spread FORTE +10 | delta30 favorável 116.0 | delta10 crescente 39.0 | saldo agressor30 115.0 | saldo10 favorável 40.0 | razão fluxo 1.32 | vel15 0.5535 | vel5 acelerando 1.9084 | aceleração 1.9336 | desloc15 8.25 | ticks/s 362.90 | rompimento 0.75 | continuidade 2.50 | estrutura confirmada contrária -6;;72;12;True;2026-07-20 11:15:45.491
trades;trades_c7_dna_fluxo_v5_2.csv;;90;20260720111813871189;2026-07-20 11:18:13;2026-07-20 11:18:01.984;VENDA;28946.5;28930.5;28975.5;28946.5;True;1600;2900;1120;C7_DNA_FLUXO_V5_1;GAIN;1900;-2700;148.78;62.02;148.78;28927.5;1600;100;100;12.0;8;14;100;-6.0;12.0;92;True;7;;True;True;True;True;True;True;True;False;1;delta30 | saldo30 | vel15 | aceleracao | rompimento | continuidade;True;7;;10;FORTE;BAIXA;BAIXA;;0.0;28949.25;2026-07-20 11:15:20.559000;"BAIXA mantida; estrutura bruta alinhada";topo 28949.25<28952.50 e fundo 28946.75<28950.00;12;28949.25;28952.5;28946.75;28950.0;0.133858;8.5;BAIXA confirmada em 2026-07-20 11:18:01.700000;TOPO;28949.25;2026-07-20 11:18:01.700;NOVA_CAMPANHA;False;-40;-32;-39;-33;-0.71681;-1.281526;-0.817464;-20.5;3.0;-5.25;342.6019;spread FORTE +10 | delta30 favorável 40.0 | delta10 crescente 32.0 | saldo agressor30 39.0 | saldo10 favorável 33.0 | razão fluxo 1.18 | vel15 0.7168 | vel5 acelerando 1.2815 | aceleração 0.8175 | desloc15 10.75 | ticks/s 342.60 | rompimento 3.00 | continuidade 5.25 | estrutura confirmada alinhada +8 | estrutura local alinhada +4;;72;12;True;2026-07-20 11:18:01.984
trades;trades_c7_dna_fluxo_v5_2.csv;;91;20260720112311390664;2026-07-20 11:23:11;2026-07-20 11:22:59.497;COMPRA;28945.0;28961.0;28916.0;28945.0;True;1600;2900;1120;C7_DNA_FLUXO_V5_1;GAIN;1850;-425;37.0;12.39;37.0;28963.5;1600;94;100;-6.0;22;100;14;-6.0;8.0;72;True;7;;True;True;True;True;True;True;True;True;7;;False;1;delta30 | saldo30 | vel15 | aceleracao | rompimento | continuidade;10;FORTE;BAIXA;TRANSICAO;;0.0;28924.5;2026-07-20 11:22:09.796000;BAIXA mantida durante TRANSICAO;"topos/fundos divergentes: 28935.00->28947.75; 28933.00->28932.25";12;28947.75;28935.0;28932.25;28933.0;0.21393;15.5;TRANSICAO confirmada em 2026-07-20 11:22:59.322000;TOPO;28947.75;2026-07-20 11:22:59.322;NOVA_CAMPANHA;False;111;44;112;44;0.667869;1.970493;1.870081;1.0;-24.75;7.0;262.6728;spread FORTE +10 | delta30 favorável 111.0 | delta10 crescente 44.0 | saldo agressor30 112.0 | saldo10 favorável 44.0 | razão fluxo 1.34 | vel15 0.6679 | vel5 acelerando 1.9705 | aceleração 1.8701 | desloc15 10.00 | ticks/s 262.67 | rompimento 1.00 | continuidade 7.00 | estrutura confirmada contrária -6;;72;12;True;2026-07-20 11:22:59.497
trades;trades_c7_dna_fluxo_v5_2.csv;;92;20260720112400859144;2026-07-20 11:24:00;2026-07-20 11:23:48.923;COMPRA;28972.75;28988.75;28943.75;28972.75;True;1600;2900;1120;C7_DNA_FLUXO_V5_1;GAIN;1700;-225;87.2;62.16;87.2;28989.75;1600;94;100;-6.0;22;100;14;-6.0;8.0;72;True;7;;True;True;True;True;True;True;True;True;7;;False;1;delta30 | saldo30 | vel15 | aceleracao | rompimento | continuidade;10;FORTE;BAIXA;TRANSICAO;ALTA;1.0;28924.5;2026-07-20 11:22:09.796000;BAIXA mantida durante TRANSICAO;"topos/fundos divergentes: 28973.25->28973.25; 28971.00->28970.75";12;28973.25;28973.25;28970.75;28971.0;0.100671;10.25;TRANSICAO confirmada em 2026-07-20 11:23:48.183000;FUNDO;28970.75;2026-07-20 11:23:48.183;NOVA_CAMPANHA;False;199;52;200;51;0.401929;1.061797;0.908548;1.0;-36.25;3.75;384.4453;spread FORTE +10 | delta30 favorável 199.0 | delta10 crescente 52.0 | saldo agressor30 200.0 | saldo10 favorável 51.0 | razão fluxo 1.62 | vel15 0.4019 | vel5 acelerando 1.0618 | aceleração 0.9085 | desloc15 6.00 | ticks/s 384.45 | rompimento 1.00 | continuidade 3.75 | estrutura confirmada contrária -6;;72;12;True;2026-07-20 11:23:48.923
trades;trades_c7_dna_fluxo_v5_2.csv;;93;20260720112605535064;2026-07-20 11:26:05;2026-07-20 11:25:53.513;COMPRA;28999.0;29015.0;28970.0;28999.0;True;1600;2900;1120;C7_DNA_FLUXO_V5_1;GAIN;1750;-2050;212.49;162.47;212.49;29016.5;1600;100;100;12.0;8;100;14;12.0;-6.0;92;True;7;;True;True;True;True;True;True;True;True;7;;False;1;delta30 | saldo30 | vel15 | aceleracao | rompimento | continuidade;10;FORTE;ALTA;ALTA;;0.0;28994.75;2026-07-20 11:24:13.729000;"ALTA mantida; estrutura bruta alinhada";topo 28997.75>28988.25 e fundo 28994.75>28985.75;12;28997.75;28988.25;28994.75;28985.75;0.0;12.0;ALTA confirmada em 2026-07-20 11:25:52.385000;FUNDO;28994.75;2026-07-20 11:25:52.385;NOVA_CAMPANHA;False;91;61;91;62;0.519507;2.569011;3.049391;3.75;-18.25;4.25;328.2612;spread FORTE +10 | delta30 favorável 91.0 | delta10 crescente 61.0 | saldo agressor30 91.0 | saldo10 favorável 62.0 | razão fluxo 1.37 | vel15 0.5195 | vel5 acelerando 2.5690 | aceleração 3.0494 | desloc15 7.75 | ticks/s 328.26 | rompimento 3.75 | continuidade 4.25 | estrutura confirmada alinhada +8 | estrutura local alinhada +4;;72;12;True;2026-07-20 11:25:53.513
trades;trades_c7_dna_fluxo_v5_2.csv;;94;20260720113245197120;2026-07-20 11:32:45;2026-07-20 11:32:33.282;VENDA;28999.25;28983.25;29028.25;28999.25;True;1600;2900;1120;C7_DNA_FLUXO_V5_1;GAIN;1750;-1575;275.0;187.01;275.0;28981.75;1600;94;100;-6.0;22;14;100;8.0;-6.0;72;True;7;;True;True;True;True;True;True;True;False;1;delta30 | saldo30 | vel15 | aceleracao | rompimento | continuidade;True;7;;10;FORTE;ALTA;TRANSICAO;BAIXA;1.0;29024.75;2026-07-20 11:24:13.729000;ALTA mantida durante TRANSICAO;"topos/fundos divergentes: 29001.50->28999.75; 28996.00->28997.75";12;28999.75;29001.5;28997.75;28996.0;0.207547;10.25;TRANSICAO confirmada em 2026-07-20 11:32:33.181000;FUNDO;28997.75;2026-07-20 11:32:33.181;MUDANCA_ESTRUTURAL_DE_CAMPANHA;True;-199;-128;-198;-127;-1.082177;-1.217285;-0.080201;-31.0;0.75;-3.25;377.422;spread FORTE +10 | delta30 favorável 199.0 | delta10 crescente 128.0 | saldo agressor30 198.0 | saldo10 favorável 127.0 | razão fluxo 1.74 | vel15 1.0822 | vel5 acelerando 1.2173 | aceleração 0.0802 | desloc15 15.75 | ticks/s 377.42 | rompimento 0.75 | continuidade 3.25 | estrutura confirmada contrária -6;;72;12;True;2026-07-20 11:32:33.282
trades;trades_c7_dna_fluxo_v5_2.csv;;95;20260720114028227406;2026-07-20 11:40:28;2026-07-20 11:40:16.197;COMPRA;29006.75;29022.75;28977.75;;False;1600;2900;1120;C7_DNA_FLUXO_V5_1;LOSS;650;-2925;25.14;100.08;100.08;28977.5;-2900;100;100;12.0;8;100;14;12.0;-6.0;92;True;7;;True;True;True;True;True;True;True;True;7;;False;1;delta30 | saldo30 | vel15 | aceleracao | rompimento | continuidade;10;FORTE;ALTA;ALTA;;0.0;29004.75;2026-07-20 11:40:16.197000;mudança BAIXA->ALTA: 2 swings opostos e rompimento do nível 28978.0;topo 29008.50>29004.25 e fundo 29004.75>29001.50;12;29008.5;29004.25;29004.75;29001.5;0.19774;14.25;ALTA confirmada em 2026-07-20 11:40:15.536000;FUNDO;29004.75;2026-07-20 11:40:15.536;NOVA_CAMPANHA;False;26;28;25;29;1.069233;1.502337;0.707302;1.75;-22.75;2.75;356.255;spread FORTE +10 | delta30 favorável 26.0 | delta10 crescente 28.0 | saldo agressor30 25.0 | saldo10 favorável 29.0 | razão fluxo 1.11 | vel15 1.0692 | vel5 acelerando 1.5023 | aceleração 0.7073 | desloc15 16.00 | ticks/s 356.26 | rompimento 1.75 | continuidade 2.75 | estrutura confirmada alinhada +8 | estrutura local alinhada +4;;72;12;True;2026-07-20 11:40:16.197
trades;trades_c7_dna_fluxo_v5_2.csv;;96;20260720114518500512;2026-07-20 11:45:18;2026-07-20 11:45:06.388;VENDA;28933.25;28917.25;28962.25;;False;1600;2900;1120;C7_DNA_FLUXO_V5_1;LOSS;0;-4600;0.0;50.12;50.12;28979.25;-2900;100;100;8.0;8;14;100;-6.0;8.0;92;True;7;;True;True;True;True;True;True;True;False;1;delta30 | saldo30 | vel15 | aceleracao | rompimento | continuidade;True;7;;10;FORTE;BAIXA;TRANSICAO;ALTA;2.0;28967.75;2026-07-20 11:42:09.080000;BAIXA mantida durante TRANSICAO;"topos/fundos divergentes: 28936.75->28937.50; 28933.50->28932.00";12;28937.5;28936.75;28932.0;28933.5;0.575758;33.25;TRANSICAO confirmada em 2026-07-20 11:45:06.055000;FUNDO;28932.0;2026-07-20 11:45:06.055;NOVA_CAMPANHA;False;-168;-194;-169;-195;-2.709242;-3.931452;-1.892129;-43.25;6.0;-5.75;364.2993;spread FORTE +10 | delta30 favorável 168.0 | delta10 crescente 194.0 | saldo agressor30 169.0 | saldo10 favorável 195.0 | razão fluxo 1.43 | vel15 2.7092 | vel5 acelerando 3.9315 | aceleração 1.8921 | desloc15 39.75 | ticks/s 364.30 | rompimento 6.00 | continuidade 5.75 | estrutura confirmada alinhada +8;;72;12;True;2026-07-20 11:45:06.388
trades;trades_c7_dna_fluxo_v5_2.csv;;97;20260720115234002707;2026-07-20 11:52:34;2026-07-20 11:52:22.081;COMPRA;28940.25;28956.25;28911.25;;False;1600;2900;1120;C7_DNA_FLUXO_V5_1;LOSS;0;-3025;0.0;74.5;74.5;28910.0;-2900;100;100;12.0;8;100;14;12.0;-6.0;92;True;7;;True;True;True;True;True;True;True;True;7;;False;1;delta30 | saldo30 | vel15 | aceleracao | rompimento | continuidade;10;FORTE;ALTA;ALTA;;0.0;28937.75;2026-07-20 11:51:44.378000;"ALTA mantida; estrutura bruta alinhada";topo 28940.50>28940.00 e fundo 28937.75>28936.25;12;28940.5;28940.0;28937.75;28936.25;0.162791;14.5;ALTA confirmada em 2026-07-20 11:52:21.777000;FUNDO;28937.75;2026-07-20 11:52:21.777;NOVA_CAMPANHA;False;103;70;102;71;0.965971;1.3;0.502511;0.25;-21.25;4.0;309.9919;spread FORTE +10 | delta30 favorável 103.0 | delta10 crescente 70.0 | saldo agressor30 102.0 | saldo10 favorável 71.0 | razão fluxo 1.58 | vel15 0.9660 | vel5 acelerando 1.3000 | aceleração 0.5025 | desloc15 14.25 | ticks/s 309.99 | rompimento 0.25 | continuidade 4.00 | estrutura confirmada alinhada +8 | estrutura local alinhada +4;;72;12;True;2026-07-20 11:52:22.081
trades;trades_c7_dna_fluxo_v5_2.csv;;98;20260720115949435930;2026-07-20 11:59:49;2026-07-20 11:59:37.542;COMPRA;28898.25;28914.25;28869.25;28898.25;True;1600;2900;1120;C7_DNA_FLUXO_V5_1;GAIN;1625;-1250;99.66;24.9;99.66;28914.5;1600;100;100;12.0;8;100;14;12.0;-6.0;92;True;7;;True;True;True;True;True;True;True;True;7;;False;1;delta30 | saldo30 | vel15 | aceleracao | rompimento | continuidade;10;FORTE;ALTA;ALTA;;0.0;28887.75;2026-07-20 11:59:24.877000;"ALTA mantida; estrutura bruta alinhada";topo 28891.25>28890.25 e fundo 28887.75>28885.75;12;28891.25;28890.25;28887.75;28885.75;0.314286;17.25;ALTA confirmada em 2026-07-20 11:59:32.477000;FUNDO;28887.75;2026-07-20 11:59:32.477;NOVA_CAMPANHA;False;83;58;84;58;0.944223;1.954691;1.596158;4.75;-24.25;3.75;321.5081;spread FORTE +10 | delta30 favorável 83.0 | delta10 crescente 58.0 | saldo agressor30 84.0 | saldo10 favorável 58.0 | razão fluxo 1.24 | vel15 0.9442 | vel5 acelerando 1.9547 | aceleração 1.5962 | desloc15 14.00 | ticks/s 321.51 | rompimento 4.75 | continuidade 3.75 | estrutura confirmada alinhada +8 | estrutura local alinhada +4;;72;12;True;2026-07-20 11:59:37.542
trades;trades_c7_dna_fluxo_v5_2.csv;;99;20260720120435935175;2026-07-20 12:04:35;2026-07-20 12:04:23.923;VENDA;28917.5;28901.5;28946.5;28917.5;True;1600;2900;1120;C7_DNA_FLUXO_V5_1;GAIN;1925;-1400;74.4;24.91;74.4;28898.25;1600;100;100;12.0;8;14;100;-6.0;12.0;92;True;7;;True;True;True;True;True;True;True;False;1;delta30 | saldo30 | vel15 | aceleracao | rompimento | continuidade;True;7;;10;FORTE;BAIXA;BAIXA;;0.0;28921.75;2026-07-20 12:04:11.525000;"BAIXA mantida; estrutura bruta alinhada";topo 28921.75<28923.25 e fundo 28918.00<28920.75;12;28921.75;28923.25;28918.0;28920.75;0.4;19.75;BAIXA confirmada em 2026-07-20 12:04:23.225000;TOPO;28921.75;2026-07-20 12:04:23.225;NOVA_CAMPANHA;False;-85;-35;-86;-36;-1.316842;-1.95178;-0.891066;-20.25;3.25;-5.5;239.9653;spread FORTE +10 | delta30 favorável 85.0 | delta10 crescente 35.0 | saldo agressor30 86.0 | saldo10 favorável 36.0 | razão fluxo 1.43 | vel15 1.3168 | vel5 acelerando 1.9518 | aceleração 0.8911 | desloc15 19.75 | ticks/s 239.97 | rompimento 3.25 | continuidade 5.50 | estrutura confirmada alinhada +8 | estrutura local alinhada +4;;72;12;True;2026-07-20 12:04:23.923
trades;trades_c7_dna_fluxo_v5_2.csv;;100;20260720120627329596;2026-07-20 12:06:27;2026-07-20 12:06:15.432;COMPRA;28915.0;28931.0;28886.0;28915.0;True;1600;2900;1120;C7_DNA_FLUXO_V5_1;GAIN;1600;-550;74.39;36.89;74.39;28931.0;1600;94;100;-6.0;22;100;14;-6.0;8.0;72;True;7;;True;True;True;True;True;True;True;True;7;;False;1;delta30 | saldo30 | vel15 | aceleracao | rompimento | continuidade;10;FORTE;BAIXA;TRANSICAO;ALTA;1.0;28900.0;2026-07-20 12:04:11.525000;BAIXA mantida durante TRANSICAO;"topos/fundos divergentes: 28902.00->28904.25; 28899.50->28899.00";12;28904.25;28902.0;28899.0;28899.5;0.230769;20.25;TRANSICAO confirmada em 2026-07-20 12:06:12.461000;FUNDO;28899.0;2026-07-20 12:06:12.461;MUDANCA_ESTRUTURAL_DE_CAMPANHA;True;42;22;43;21;1.316754;2.547901;1.819623;7.0;-31.5;15.25;292.8862;spread FORTE +10 | delta30 favorável 42.0 | delta10 crescente 22.0 | saldo agressor30 43.0 | saldo10 favorável 21.0 | razão fluxo 1.10 | vel15 1.3168 | vel5 acelerando 2.5479 | aceleração 1.8196 | desloc15 19.75 | ticks/s 292.89 | rompimento 7.00 | continuidade 15.25 | estrutura confirmada contrária -6;;72;12;True;2026-07-20 12:06:15.432
trades;trades_c7_dna_fluxo_v5_2.csv;;101;20260720120958553961;2026-07-20 12:09:58;2026-07-20 12:09:46.747;COMPRA;28981.5;28997.5;28952.5;;False;1600;2900;1120;C7_DNA_FLUXO_V5_1;LOSS;550;-3875;12.31;86.89;86.89;28942.75;-2900;100;100;8.0;8;100;14;8.0;-6.0;92;True;7;;True;True;True;True;True;True;True;True;7;;False;1;delta30 | saldo30 | vel15 | aceleracao | rompimento | continuidade;10;FORTE;ALTA;TRANSICAO;;0.0;28964.5;2026-07-20 12:08:07.398000;ALTA mantida durante TRANSICAO;"topos/fundos divergentes: 28979.75->28985.50; 28976.00->28975.00";12;28985.5;28979.75;28975.0;28976.0;0.439614;22.75;TRANSICAO confirmada em 2026-07-20 12:09:46.485000;TOPO;28985.5;2026-07-20 12:09:46.485;NOVA_CAMPANHA;False;104;56;105;57;1.307935;1.30811;0.094395;1.25;-23.75;6.0;203.0988;spread FORTE +10 | delta30 favorável 104.0 | delta10 crescente 56.0 | saldo agressor30 105.0 | saldo10 favorável 57.0 | razão fluxo 1.38 | vel15 1.3079 | vel5 acelerando 1.3081 | aceleração 0.0944 | desloc15 19.50 | ticks/s 203.10 | rompimento 1.25 | continuidade 6.00 | estrutura confirmada alinhada +8;;72;12;True;2026-07-20 12:09:46.747
trades;trades_c7_dna_fluxo_v5_2.csv;;102;20260720121239825165;2026-07-20 12:12:39;2026-07-20 12:12:27.921;COMPRA;28962.75;28978.75;28933.75;;False;1600;2900;1120;C7_DNA_FLUXO_V5_1;LOSS;0;-3075;0.0;174.36;174.36;28932.0;-2900;98;100;-2.0;22;100;14;-2.0;8.0;76;True;7;;True;True;True;True;True;True;True;True;7;;False;1;delta30 | saldo30 | vel15 | aceleracao | rompimento | continuidade;10;FORTE;BAIXA;ALTA;ALTA;1.0;28946.5;2026-07-20 12:10:36.222000;"BAIXA mantida; candidata ALTA 1/2; rompeu_invalidação=True";topo 28963.50>28960.00 e fundo 28961.00>28957.75;12;28963.5;28960.0;28961.0;28957.75;0.065421;6.75;ALTA confirmada em 2026-07-20 12:12:27.126000;FUNDO;28961.0;2026-07-20 12:12:27.126;NOVA_CAMPANHA;False;49;8;48;9;0.575491;0.60036;0.03405;1.75;-15.75;3.0;235.6127;spread FORTE +10 | delta30 favorável 49.0 | saldo agressor30 48.0 | saldo10 favorável 9.0 | razão fluxo 1.24 | vel15 0.5755 | vel5 acelerando 0.6004 | aceleração 0.0341 | desloc15 8.50 | ticks/s 235.61 | rompimento 1.75 | continuidade 3.00 | estrutura confirmada contrária -6 | estrutura local alinhada +4;;72;12;True;2026-07-20 12:12:27.921
trades;trades_c7_dna_fluxo_v5_2.csv;;103;20260720121559081279;2026-07-20 12:15:59;2026-07-20 12:15:47.103;COMPRA;28959.25;28975.25;28930.25;28959.25;True;1600;2900;1120;C7_DNA_FLUXO_V5_1;GAIN;2425;0;74.24;0.0;74.24;28983.5;1600;100;100;12.0;8;100;14;12.0;-6.0;92;True;7;;True;True;True;True;True;True;True;True;7;;False;1;delta30 | saldo30 | vel15 | aceleracao | rompimento | continuidade;10;FORTE;ALTA;ALTA;;0.0;28957.0;2026-07-20 12:15:47.103000;mudança BAIXA->ALTA: 2 swings opostos e rompimento do nível 28932.75;topo 28959.00>28956.00 e fundo 28957.00>28951.25;12;28959.0;28956.0;28957.0;28951.25;0.410072;19.25;ALTA confirmada em 2026-07-20 12:15:46.023000;FUNDO;28957.0;2026-07-20 12:15:46.023;NOVA_CAMPANHA;False;70;62;69;63;1.168302;1.05;0.039593;3.25;-30.5;4.5;283.6638;spread FORTE +10 | delta30 favorável 70.0 | delta10 crescente 62.0 | saldo agressor30 69.0 | saldo10 favorável 63.0 | razão fluxo 1.26 | vel15 1.1683 | aceleração 0.0396 | desloc15 17.50 | ticks/s 283.66 | rompimento 3.25 | continuidade 4.50 | estrutura confirmada alinhada +8 | estrutura local alinhada +4;;72;12;True;2026-07-20 12:15:47.103
trades;trades_c7_dna_fluxo_v5_2.csv;;104;20260720122234480582;2026-07-20 12:22:34;2026-07-20 12:22:22.522;COMPRA;29005.75;29021.75;28976.75;29005.75;True;1600;2900;1120;C7_DNA_FLUXO_V5_1;GAIN;1600;-850;61.9;12.38;61.9;29021.75;1600;100;100;12.0;8;100;14;12.0;-6.0;92;True;7;;True;True;True;True;True;True;True;True;7;;False;1;delta30 | saldo30 | vel15 | aceleracao | rompimento | continuidade;10;FORTE;ALTA;ALTA;;0.0;29004.75;2026-07-20 12:19:04.920000;"ALTA mantida; estrutura bruta alinhada";topo 29007.00>29005.00 e fundo 29004.75>29000.25;12;29007.0;29005.0;29004.75;29000.25;0.100775;8.0;ALTA confirmada em 2026-07-20 12:22:22.359000;FUNDO;29004.75;2026-07-20 12:22:22.359;NOVA_CAMPANHA;False;105;73;106;72;0.414594;0.65;0.356541;1.75;-11.5;3.5;225.9536;spread FORTE +10 | delta30 favorável 105.0 | delta10 crescente 73.0 | saldo agressor30 106.0 | saldo10 favorável 72.0 | razão fluxo 1.72 | vel15 0.4146 | vel5 acelerando 0.6500 | aceleração 0.3565 | desloc15 6.00 | ticks/s 225.95 | rompimento 1.75 | continuidade 3.50 | estrutura confirmada alinhada +8 | estrutura local alinhada +4;;72;12;True;2026-07-20 12:22:22.522
trades;trades_c7_dna_fluxo_v5_2.csv;;105;20260720122706571704;2026-07-20 12:27:06;2026-07-20 12:26:54.623;VENDA;29002.75;28986.75;29031.75;29002.75;True;1600;2900;1120;C7_DNA_FLUXO_V5_1;GAIN;1950;-700;86.58;24.83;86.58;28983.25;1600;100;100;12.0;8;14;100;-6.0;12.0;92;True;7;;True;True;True;True;True;True;True;False;1;delta30 | saldo30 | vel15 | aceleracao | rompimento | continuidade;True;7;;10;FORTE;BAIXA;BAIXA;;0.0;29010.0;2026-07-20 12:26:54.623000;mudança ALTA->BAIXA: 3 swings opostos e rompimento do nível 29010.75;topo 29010.00<29010.75 e fundo 29003.50<29007.50;12;29010.0;29010.75;29003.5;29007.5;0.230769;9.75;BAIXA confirmada em 2026-07-20 12:26:53.123000;FUNDO;29003.5;2026-07-20 12:26:53.123;NOVA_CAMPANHA;False;-46;-23;-45;-24;-0.319865;-1.111111;-1.111111;-15.5;2.0;-1.0;213.9394;spread FORTE +10 | delta30 favorável 46.0 | delta10 crescente 23.0 | saldo agressor30 45.0 | saldo10 favorável 24.0 | razão fluxo 1.36 | vel15 0.3199 | vel5 acelerando 1.1111 | aceleração 1.1111 | desloc15 4.75 | ticks/s 213.94 | rompimento 2.00 | continuidade 1.00 | estrutura confirmada alinhada +8 | estrutura local alinhada +4;;72;12;True;2026-07-20 12:26:54.623
trades;trades_c7_dna_fluxo_v5_2.csv;;106;20260720123933981599;2026-07-20 12:39:33;2026-07-20 12:39:22.356;VENDA;29000.0;28984.0;29029.0;29000.0;True;1600;2900;1120;C7_DNA_FLUXO_V5_1;PROTEGIDO;1150;-1050;72.06;120.36;120.36;29010.5;0;100;100;12.0;8;14;100;-6.0;12.0;92;True;7;;True;True;True;True;True;True;True;False;1;delta30 | saldo30 | vel15 | aceleracao | rompimento | continuidade;True;7;;10;FORTE;BAIXA;BAIXA;;0.0;29007.25;2026-07-20 12:36:08.622000;"BAIXA mantida; estrutura bruta alinhada";topo 29016.00<29020.25 e fundo 29004.50<29007.75;12;29016.0;29020.25;29004.5;29007.75;0.216495;15.75;BAIXA confirmada em 2026-07-20 12:39:20.319000;FUNDO;29004.5;2026-07-20 12:39:20.319;NOVA_CAMPANHA;False;-95;-112;-96;-111;-1.188643;-2.679134;-2.168217;-20.25;1.25;-6.0;230.0275;spread FORTE +10 | delta30 favorável 95.0 | delta10 crescente 112.0 | saldo agressor30 96.0 | saldo10 favorável 111.0 | razão fluxo 1.44 | vel15 1.1886 | vel5 acelerando 2.6791 | aceleração 2.1682 | desloc15 17.75 | ticks/s 230.03 | rompimento 1.25 | continuidade 6.00 | estrutura confirmada alinhada +8 | estrutura local alinhada +4;;72;12;True;2026-07-20 12:39:22.356
trades;trades_c7_dna_fluxo_v5_2.csv;;107;20260720124649830496;2026-07-20 12:46:49;2026-07-20 12:46:37.817;COMPRA;29021.75;29037.75;28992.75;;False;1600;2900;1120;C7_DNA_FLUXO_V5_1;LOSS;0;-3100;0.0;85.1;85.1;28990.75;-2900;100;100;8.0;8;100;14;8.0;-6.0;92;True;7;;True;True;True;True;True;True;True;True;7;;False;1;delta30 | saldo30 | vel15 | aceleracao | rompimento | continuidade;10;FORTE;ALTA;TRANSICAO;;0.0;29026.0;2026-07-20 12:42:10.715000;ALTA mantida durante TRANSICAO;"topos/fundos divergentes: 29013.50->29018.75; 29012.75->29011.25";12;29018.75;29013.5;29011.25;29012.75;0.120567;7.5;TRANSICAO confirmada em 2026-07-20 12:46:32.454000;TOPO;29018.75;2026-07-20 12:46:32.454;NOVA_CAMPANHA;False;29;9;30;8;0.393485;1.08995;0.877477;3.0;-10.5;2.25;187.0937;spread FORTE +10 | delta30 favorável 29.0 | saldo agressor30 30.0 | saldo10 favorável 8.0 | razão fluxo 1.27 | vel15 0.3935 | vel5 acelerando 1.0899 | aceleração 0.8775 | desloc15 5.75 | ticks/s 187.09 | rompimento 3.00 | continuidade 2.25 | estrutura confirmada alinhada +8;;72;12;True;2026-07-20 12:46:37.817
trades;trades_c7_dna_fluxo_v5_2.csv;;108;20260720124926215762;2026-07-20 12:49:26;2026-07-20 12:49:14.816;VENDA;28978.0;28962.0;29007.0;;False;1600;2900;1120;C7_DNA_FLUXO_V5_1;LOSS;125;-3075;83.7;119.76;119.76;29008.75;-2900;100;96;8.0;13;19;96;-6.0;8.0;87;True;7;;True;True;True;True;True;True;True;False;1;delta30 | saldo30 | vel15 | aceleracao | rompimento | continuidade;True;7;;10;FORTE;BAIXA;TRANSICAO;;0.0;28984.75;2026-07-20 12:47:13.916000;BAIXA mantida durante TRANSICAO;"topos/fundos divergentes: 28984.50->28987.75; 28982.00->28981.75";12;28987.75;28984.5;28981.75;28982.0;0.165644;9.0;TRANSICAO confirmada em 2026-07-20 12:49:11.428000;TOPO;28987.75;2026-07-20 12:49:11.428;NOVA_CAMPANHA;False;-47;2;-48;1;-0.517529;-1.80036;-1.877102;-11.5;2.5;-4.75;275.6594;spread FORTE +10 | delta30 favorável 47.0 | saldo agressor30 48.0 | razão fluxo 1.35 | vel15 0.5175 | vel5 acelerando 1.8004 | aceleração 1.8771 | desloc15 7.75 | ticks/s 275.66 | rompimento 2.50 | continuidade 4.75 | estrutura confirmada alinhada +8;;72;12;True;2026-07-20 12:49:14.816
trades;trades_c7_dna_fluxo_v5_2.csv;;109;20260720125426441782;2026-07-20 12:54:26;2026-07-20 12:54:14.901;COMPRA;29051.75;29067.75;29022.75;29051.75;True;1600;2900;1120;C7_DNA_FLUXO_V5_1;PROTEGIDO;1425;-1275;433.81;469.83;469.83;29039.0;0;100;100;12.0;8;100;14;12.0;-6.0;92;True;7;;True;True;True;True;True;True;True;True;7;;False;1;delta30 | saldo30 | vel15 | aceleracao | rompimento | continuidade;10;FORTE;ALTA;ALTA;;0.0;29053.25;2026-07-20 12:51:14.579000;"ALTA mantida; estrutura bruta alinhada";topo 29055.25>29052.00 e fundo 29053.25>29047.25;12;29055.25;29052.0;29053.25;29047.25;0.278912;16.0;ALTA confirmada em 2026-07-20 12:54:13.817000;FUNDO;29053.25;2026-07-20 12:54:13.817;NOVA_CAMPANHA;False;74;94;76;93;0.984383;1.374465;0.616813;2.5;-19.25;4.0;265.1495;spread FORTE +10 | delta30 favorável 74.0 | delta10 crescente 94.0 | saldo agressor30 76.0 | saldo10 favorável 93.0 | razão fluxo 1.26 | vel15 0.9844 | vel5 acelerando 1.3745 | aceleração 0.6168 | desloc15 14.75 | ticks/s 265.15 | rompimento 2.50 | continuidade 4.00 | estrutura confirmada alinhada +8 | estrutura local alinhada +4;;72;12;True;2026-07-20 12:54:14.901
trades;trades_c7_dna_fluxo_v5_2.csv;;110;20260720130527863088;2026-07-20 13:05:27;2026-07-20 13:05:16.212;COMPRA;29070.75;29086.75;29041.75;29070.75;True;1600;2900;1120;C7_DNA_FLUXO_V5_1;GAIN;1675;0;24.09;0.0;24.09;29087.5;1600;100;100;12.0;8;100;14;12.0;-6.0;92;True;7;;True;True;True;True;True;True;True;True;7;;False;1;delta30 | saldo30 | vel15 | aceleracao | rompimento | continuidade;10;FORTE;ALTA;ALTA;;0.0;29067.75;2026-07-20 13:03:52.630000;"ALTA mantida; estrutura bruta alinhada";topo 29072.50>29070.25 e fundo 29067.75>29065.25;12;29072.5;29070.25;29067.75;29065.25;0.245033;12.75;ALTA confirmada em 2026-07-20 13:05:15.715000;TOPO;29072.5;2026-07-20 13:05:15.715;NOVA_CAMPANHA;False;52;40;53;39;0.342771;0.612745;0.402019;0.25;-8.25;1.0;175.4987;spread FORTE +10 | delta30 favorável 52.0 | delta10 crescente 40.0 | saldo agressor30 53.0 | saldo10 favorável 39.0 | razão fluxo 1.35 | vel15 0.3428 | vel5 acelerando 0.6127 | aceleração 0.4020 | desloc15 5.00 | ticks/s 175.50 | rompimento 0.25 | continuidade 1.00 | estrutura confirmada alinhada +8 | estrutura local alinhada +4;;72;12;True;2026-07-20 13:05:16.212
trades;trades_c7_dna_fluxo_v5_2.csv;;111;20260720130727295677;2026-07-20 13:07:27;2026-07-20 13:07:15.811;COMPRA;29102.5;29118.5;29073.5;29102.5;True;1600;2900;1120;C7_DNA_FLUXO_V5_1;PROTEGIDO;1325;-625;333.3;23.8;392.52;29101.75;0;100;100;8.0;12;100;14;8.0;-2.0;88;True;7;;True;True;True;True;True;True;True;True;7;;False;1;delta30 | saldo30 | vel15 | aceleracao | rompimento | continuidade;10;FORTE;ALTA;BAIXA;BAIXA;1.0;29096.75;2026-07-20 13:03:52.630000;"ALTA mantida; candidata BAIXA 1/2; rompeu_invalidação=False";topo 29098.00<29100.00 e fundo 29093.00<29093.75;12;29098.0;29100.0;29093.0;29093.75;0.133758;9.25;BAIXA confirmada em 2026-07-20 13:07:08.412000;TOPO;29098.0;2026-07-20 13:07:08.412;REENTRADA_APOS_PULLBACK_E_ROMPIMENTO;True;81;15;80;16;0.200013;0.95038;1.127524;2.5;-9.5;2.75;209.1473;spread FORTE +10 | delta30 favorável 81.0 | delta10 crescente 15.0 | saldo agressor30 80.0 | saldo10 favorável 16.0 | razão fluxo 1.36 | vel15 0.2000 | vel5 acelerando 0.9504 | aceleração 1.1275 | desloc15 3.00 | ticks/s 209.15 | rompimento 2.50 | continuidade 2.75 | estrutura confirmada alinhada +8;;72;12;True;2026-07-20 13:07:15.811
trades;trades_c7_dna_fluxo_v5_2.csv;;112;20260720131546271880;2026-07-20 13:15:46;2026-07-20 13:15:34.810;VENDA;29096.0;29080.0;29125.0;29096.0;True;1600;2900;1120;C7_DNA_FLUXO_V5_1;GAIN;1725;-1375;616.81;331.5;616.81;29078.75;1600;100;100;12.0;8;14;100;-6.0;12.0;92;True;7;;True;True;True;True;True;True;True;False;1;delta30 | saldo30 | vel15 | aceleracao | rompimento | continuidade;True;7;;10;FORTE;BAIXA;BAIXA;;0.0;29097.5;2026-07-20 13:15:34.810000;mudança ALTA->BAIXA: 2 swings opostos e rompimento do nível 29103.0;topo 29097.50<29099.50 e fundo 29094.00<29097.50;12;29097.5;29099.5;29094.0;29097.5;0.308824;14.25;BAIXA confirmada em 2026-07-20 13:15:34.609000;TOPO;29097.5;2026-07-20 13:15:34.609;NOVA_CAMPANHA;False;-106;-15;-107;-16;-0.4;-0.45;-0.072166;-12.25;0.75;-0.5;180.4;spread FORTE +10 | delta30 favorável 106.0 | delta10 crescente 15.0 | saldo agressor30 107.0 | saldo10 favorável 16.0 | razão fluxo 1.62 | vel15 0.4000 | vel5 acelerando 0.4500 | aceleração 0.0722 | desloc15 6.00 | ticks/s 180.40 | rompimento 0.75 | continuidade 0.50 | estrutura confirmada alinhada +8 | estrutura local alinhada +4;;72;12;True;2026-07-20 13:15:34.810
trades;trades_c7_dna_fluxo_v5_2.csv;;113;20260720132614625616;2026-07-20 13:26:14;2026-07-20 13:26:03.451;VENDA;29075.25;29059.25;29104.25;29075.25;True;1600;2900;1120;C7_DNA_FLUXO_V5_1;GAIN;2075;-2250;451.36;249.33;451.36;29054.5;1600;100;100;8.0;8;14;100;-6.0;8.0;92;True;7;;True;True;True;True;True;True;True;False;1;delta30 | saldo30 | vel15 | aceleracao | rompimento | continuidade;True;7;;10;FORTE;BAIXA;TRANSICAO;;0.0;29079.75;2026-07-20 13:25:51.620000;BAIXA mantida durante TRANSICAO;"topos/fundos divergentes: 29079.75->29082.00; 29077.00->29072.75";12;29082.0;29079.75;29072.75;29077.0;0.385965;25.0;TRANSICAO confirmada em 2026-07-20 13:26:02.209000;FUNDO;29072.75;2026-07-20 13:26:02.209;NOVA_CAMPANHA;False;-121;-12;-120;-11;-0.334582;-0.910563;-0.859842;-22.5;1.5;-2.5;239.1595;spread FORTE +10 | delta30 favorável 121.0 | delta10 crescente 12.0 | saldo agressor30 120.0 | saldo10 favorável 11.0 | razão fluxo 1.38 | vel15 0.3346 | vel5 acelerando 0.9106 | aceleração 0.8598 | desloc15 5.00 | ticks/s 239.16 | rompimento 1.50 | continuidade 2.50 | estrutura confirmada alinhada +8;;72;12;True;2026-07-20 13:26:03.451
trades;trades_c7_dna_fluxo_v5_2.csv;;114;20260720133358225020;2026-07-20 13:33:58;2026-07-20 13:33:46.867;VENDA;29048.5;29032.5;29077.5;29048.5;True;1600;2900;1120;C7_DNA_FLUXO_V5_1;GAIN;7675;-2600;461.01;378.55;461.01;28971.75;1600;100;100;8.0;8;14;100;-6.0;8.0;92;True;7;;True;True;True;True;True;True;True;False;1;delta30 | saldo30 | vel15 | aceleracao | rompimento | continuidade;True;7;;10;FORTE;BAIXA;TRANSICAO;;0.0;29056.75;2026-07-20 13:30:36.507000;BAIXA mantida durante TRANSICAO;"topos/fundos divergentes: 29055.50->29056.00; 29053.75->29050.25";12;29056.0;29055.5;29050.25;29053.75;0.231707;15.25;TRANSICAO confirmada em 2026-07-20 13:33:44.006000;TOPO;29056.0;2026-07-20 13:33:44.006;NOVA_CAMPANHA;False;-211;-55;-212;-54;-0.718391;-1.249219;-0.8668;-17.0;1.75;-6.5;200.9489;spread FORTE +10 | delta30 favorável 211.0 | delta10 crescente 55.0 | saldo agressor30 212.0 | saldo10 favorável 54.0 | razão fluxo 1.95 | vel15 0.7184 | vel5 acelerando 1.2492 | aceleração 0.8668 | desloc15 10.75 | ticks/s 200.95 | rompimento 1.75 | continuidade 6.50 | estrutura confirmada alinhada +8;;72;12;True;2026-07-20 13:33:46.867
trades;trades_c7_dna_fluxo_v5_2.csv;;115;20260720134649164863;2026-07-20 13:46:49;2026-07-20 13:46:37.700;COMPRA;29014.75;29030.75;28985.75;29014.75;True;1600;2900;1120;C7_DNA_FLUXO_V5_1;GAIN;2525;0;35.99;0.0;35.99;29040.0;1600;100;100;12.0;8;100;14;12.0;-6.0;92;True;7;;True;True;True;True;True;True;True;True;7;;False;1;delta30 | saldo30 | vel15 | aceleracao | rompimento | continuidade;10;FORTE;ALTA;ALTA;;0.0;29011.75;2026-07-20 13:46:37.700000;mudança BAIXA->ALTA: 2 swings opostos e rompimento do nível 29003.75;topo 29013.75>29012.00 e fundo 29011.75>29009.75;12;29013.75;29012.0;29011.75;29009.75;0.129032;8.75;ALTA confirmada em 2026-07-20 13:46:37.645000;FUNDO;29011.75;2026-07-20 13:46:37.645;NOVA_CAMPANHA;False;37;54;36;55;0.401553;0.765426;0.790727;2.25;-23.0;1.75;210.6813;spread FORTE +10 | delta30 favorável 37.0 | delta10 crescente 54.0 | saldo agressor30 36.0 | saldo10 favorável 55.0 | razão fluxo 1.15 | vel15 0.4016 | vel5 acelerando 0.7654 | aceleração 0.7907 | desloc15 6.00 | ticks/s 210.68 | rompimento 2.25 | continuidade 1.75 | estrutura confirmada alinhada +8 | estrutura local alinhada +4;;72;12;True;2026-07-20 13:46:37.700
trades;trades_c7_dna_fluxo_v5_2.csv;;116;20260720134848211664;2026-07-20 13:48:48;2026-07-20 13:48:36.723;COMPRA;29042.0;29058.0;29013.0;;False;1600;2900;1120;C7_DNA_FLUXO_V5_1;LOSS;925;-3050;59.71;202.99;202.99;29011.5;-2900;100;100;12.0;8;100;14;12.0;-6.0;92;True;7;;True;True;True;True;True;True;True;True;7;;False;1;delta30 | saldo30 | vel15 | aceleracao | rompimento | continuidade;10;FORTE;ALTA;ALTA;;0.0;29034.5;2026-07-20 13:46:37.700000;"ALTA mantida; estrutura bruta alinhada";topo 29042.75>29036.50 e fundo 29034.50>29032.00;12;29042.75;29036.5;29034.5;29032.0;0.104972;10.75;ALTA confirmada em 2026-07-20 13:48:35.853000;TOPO;29042.75;2026-07-20 13:48:35.853;REENTRADA_APOS_PULLBACK_E_ROMPIMENTO;True;30;47;29;48;0.316984;0.776398;0.650135;1.75;-10.0;3.5;148.1481;spread FORTE +10 | delta30 favorável 30.0 | delta10 crescente 47.0 | saldo agressor30 29.0 | saldo10 favorável 48.0 | razão fluxo 1.25 | vel15 0.3170 | vel5 acelerando 0.7764 | aceleração 0.6501 | desloc15 4.75 | ticks/s 148.15 | rompimento 1.75 | continuidade 3.50 | estrutura confirmada alinhada +8 | estrutura local alinhada +4;;72;12;True;2026-07-20 13:48:36.723
trades;trades_c7_dna_fluxo_v5_2.csv;;117;20260720135358542730;2026-07-20 13:53:58;2026-07-20 13:53:47.038;COMPRA;29006.5;29022.5;28977.5;;False;1600;2900;1120;C7_DNA_FLUXO_V5_1;LOSS;0;-3175;0.0;473.0;473.0;28974.75;-2900;98;100;-2.0;22;100;14;-2.0;8.0;76;True;7;;True;True;True;True;True;True;True;True;7;;False;1;delta30 | saldo30 | vel15 | aceleracao | rompimento | continuidade;10;FORTE;BAIXA;ALTA;ALTA;1.0;28998.5;2026-07-20 13:50:12.339000;"BAIXA mantida; candidata ALTA 1/2; rompeu_invalidação=True";topo 29003.75>29000.50 e fundo 29000.50>28998.25;12;29003.75;29000.5;29000.5;28998.25;0.005076;9.0;ALTA confirmada em 2026-07-20 13:53:43.803000;FUNDO;29000.5;2026-07-20 13:53:43.803;NOVA_CAMPANHA;False;36;25;35;24;0.526209;1.011236;0.643743;2.75;-11.5;3.75;160.9859;spread FORTE +10 | delta30 favorável 36.0 | delta10 crescente 25.0 | saldo agressor30 35.0 | saldo10 favorável 24.0 | razão fluxo 1.28 | vel15 0.5262 | vel5 acelerando 1.0112 | aceleração 0.6437 | desloc15 7.75 | ticks/s 160.99 | rompimento 2.75 | continuidade 3.75 | estrutura confirmada contrária -6 | estrutura local alinhada +4;;72;12;True;2026-07-20 13:53:47.038
trades;trades_c7_dna_fluxo_v5_2.csv;;118;20260720140938395792;2026-07-20 14:09:38;2026-07-20 14:09:26.939;COMPRA;28961.0;28977.0;28932.0;;False;1600;2900;1120;C7_DNA_FLUXO_V5_1;LOSS;725;-3300;23.8;285.57;285.57;28928.0;-2900;100;100;12.0;8;100;14;12.0;-6.0;92;True;7;;True;True;True;True;True;True;True;True;7;;False;1;delta30 | saldo30 | vel15 | aceleracao | rompimento | continuidade;10;FORTE;ALTA;ALTA;;0.0;28955.75;2026-07-20 14:09:03.194000;"ALTA mantida; estrutura bruta alinhada";topo 28957.75>28955.00 e fundo 28955.75>28952.00;12;28957.75;28955.0;28955.75;28952.0;0.298013;13.25;ALTA confirmada em 2026-07-20 14:09:19.832000;FUNDO;28955.75;2026-07-20 14:09:19.832;NOVA_CAMPANHA;False;90;91;89;93;0.462582;0.67038;0.350686;1.5;-14.25;2.5;153.5088;spread FORTE +10 | delta30 favorável 90.0 | delta10 crescente 91.0 | saldo agressor30 89.0 | saldo10 favorável 93.0 | razão fluxo 1.71 | vel15 0.4626 | vel5 acelerando 0.6704 | aceleração 0.3507 | desloc15 6.75 | ticks/s 153.51 | rompimento 1.50 | continuidade 2.50 | estrutura confirmada alinhada +8 | estrutura local alinhada +4;;72;12;True;2026-07-20 14:09:26.939
trades;trades_c7_dna_fluxo_v5_2.csv;;119;20260720141746528629;2026-07-20 14:17:46;2026-07-20 14:17:35.130;COMPRA;28938.0;28954.0;28909.0;28938.0;True;1600;2900;1120;C7_DNA_FLUXO_V5_1;GAIN;1875;0;95.8;0.0;95.8;28956.75;1600;94;100;-6.0;22;100;14;-6.0;8.0;72;True;7;;True;True;True;True;True;True;True;True;7;;False;1;delta30 | saldo30 | vel15 | aceleracao | rompimento | continuidade;10;FORTE;BAIXA;TRANSICAO;;0.0;28916.5;2026-07-20 14:15:59.633000;BAIXA mantida durante TRANSICAO;"topos/fundos divergentes: 28926.50->28932.00; 28924.25->28923.50";12;28932.0;28926.5;28923.5;28924.25;0.180723;12.5;TRANSICAO confirmada em 2026-07-20 14:17:29.351000;TOPO;28932.0;2026-07-20 14:17:29.351;NOVA_CAMPANHA;False;77;80;76;80;0.831806;1.500901;1.011109;2.5;-18.5;2.75;220.4794;spread FORTE +10 | delta30 favorável 77.0 | delta10 crescente 80.0 | saldo agressor30 76.0 | saldo10 favorável 80.0 | razão fluxo 1.35 | vel15 0.8318 | vel5 acelerando 1.5009 | aceleração 1.0111 | desloc15 12.25 | ticks/s 220.48 | rompimento 2.50 | continuidade 2.75 | estrutura confirmada contrária -6;;72;12;True;2026-07-20 14:17:35.130
trades;trades_c7_dna_fluxo_v5_2.csv;;120;20260720142121671562;2026-07-20 14:21:21;2026-07-20 14:21:10.029;COMPRA;28955.25;28971.25;28926.25;28955.25;True;1600;2900;1120;C7_DNA_FLUXO_V5_1;GAIN;1750;0;59.7;0.0;59.7;28972.75;1600;94;100;-6.0;22;100;14;-6.0;8.0;72;True;7;;True;True;True;True;True;True;True;True;7;;False;1;delta30 | saldo30 | vel15 | aceleracao | rompimento | continuidade;10;FORTE;BAIXA;TRANSICAO;ALTA;1.0;28948.5;2026-07-20 14:20:34.531000;BAIXA mantida durante TRANSICAO;"topos/fundos divergentes: 28953.00->28952.00; 28950.00->28950.00";12;28952.0;28953.0;28950.0;28950.0;0.088757;11.5;TRANSICAO confirmada em 2026-07-20 14:21:07.831000;FUNDO;28950.0;2026-07-20 14:21:07.831;NOVA_CAMPANHA;False;41;29;41;28;0.338409;0.738085;0.738085;2.25;-11.0;4.0;196.6159;spread FORTE +10 | delta30 favorável 41.0 | delta10 crescente 29.0 | saldo agressor30 41.0 | saldo10 favorável 28.0 | razão fluxo 1.35 | vel15 0.3384 | vel5 acelerando 0.7381 | aceleração 0.7381 | desloc15 5.00 | ticks/s 196.62 | rompimento 2.25 | continuidade 4.00 | estrutura confirmada contrária -6;;72;12;True;2026-07-20 14:21:10.029
trades;trades_c7_dna_fluxo_v5_2.csv;;121;20260720142408930314;2026-07-20 14:24:08;2026-07-20 14:23:57.528;COMPRA;28971.25;28987.25;28942.25;;False;1600;2900;1120;C7_DNA_FLUXO_V5_1;LOSS;75;-3275;180.18;994.4;994.4;28938.5;-2900;100;100;12.0;8;100;14;12.0;-6.0;92;True;7;;True;True;True;True;True;True;True;True;7;;False;1;delta30 | saldo30 | vel15 | aceleracao | rompimento | continuidade;10;FORTE;ALTA;ALTA;;0.0;28968.5;2026-07-20 14:23:57.528000;mudança BAIXA->ALTA: 2 swings opostos e rompimento do nível 28963.0;topo 28972.50>28971.00 e fundo 28968.50>28964.25;12;28972.5;28971.0;28968.5;28964.25;0.319728;12.5;ALTA confirmada em 2026-07-20 14:23:56.530000;TOPO;28972.5;2026-07-20 14:23:56.530;NOVA_CAMPANHA;False;26;17;25;18;0.385595;0.653517;0.176632;0.25;-11.25;1.5;132.4437;spread FORTE +10 | delta30 favorável 26.0 | delta10 crescente 17.0 | saldo agressor30 25.0 | saldo10 favorável 18.0 | razão fluxo 1.23 | vel15 0.3856 | vel5 acelerando 0.6535 | aceleração 0.1766 | desloc15 5.75 | ticks/s 132.44 | rompimento 0.25 | continuidade 1.50 | estrutura confirmada alinhada +8 | estrutura local alinhada +4;;72;12;True;2026-07-20 14:23:57.528
trades;trades_c7_dna_fluxo_v5_2.csv;;122;20260720144056170626;2026-07-20 14:40:56;2026-07-20 14:40:44.726;VENDA;28929.75;28913.75;28958.75;28929.75;True;1600;2900;1120;C7_DNA_FLUXO_V5_1;GAIN;1975;-125;167.17;11.9;167.17;28910.0;1600;100;100;12.0;8;14;100;-6.0;12.0;92;True;7;;True;True;True;True;True;True;True;False;1;delta30 | saldo30 | vel15 | aceleracao | rompimento | continuidade;True;7;;10;FORTE;BAIXA;BAIXA;;0.0;28935.0;2026-07-20 14:39:56.920000;"BAIXA mantida; estrutura bruta alinhada";topo 28935.00<28939.00 e fundo 28932.25<28933.75;12;28935.0;28939.0;28932.25;28933.75;0.449541;15.0;BAIXA confirmada em 2026-07-20 14:40:40.209000;TOPO;28935.0;2026-07-20 14:40:40.209;NOVA_CAMPANHA;False;-125;-25;-126;-26;-0.616667;-0.71414;-0.138449;-17.5;2.5;-2.75;173.3333;spread FORTE +10 | delta30 favorável 125.0 | delta10 crescente 25.0 | saldo agressor30 126.0 | saldo10 favorável 26.0 | razão fluxo 1.64 | vel15 0.6167 | vel5 acelerando 0.7141 | aceleração 0.1384 | desloc15 9.25 | ticks/s 173.33 | rompimento 2.50 | continuidade 2.75 | estrutura confirmada alinhada +8 | estrutura local alinhada +4;;72;12;True;2026-07-20 14:40:44.726
trades;trades_c7_dna_fluxo_v5_2.csv;;123;20260720144419074058;2026-07-20 14:44:19;2026-07-20 14:44:07.645;COMPRA;28912.75;28928.75;28883.75;28912.75;True;1600;2900;1120;C7_DNA_FLUXO_V5_1;GAIN;1675;-900;95.69;11.88;95.69;28929.5;1600;94;100;-6.0;22;100;14;-6.0;8.0;72;True;7;;True;True;True;True;True;True;True;True;7;;False;1;delta30 | saldo30 | vel15 | aceleracao | rompimento | continuidade;10;FORTE;BAIXA;TRANSICAO;ALTA;1.0;28917.0;2026-07-20 14:39:56.920000;BAIXA mantida durante TRANSICAO;"topos/fundos divergentes: 28909.75->28908.00; 28905.50->28906.00";12;28908.0;28909.75;28906.0;28905.5;0.03268;9.0;TRANSICAO confirmada em 2026-07-20 14:44:06.387000;FUNDO;28906.0;2026-07-20 14:44:06.387;MUDANCA_ESTRUTURAL_DE_CAMPANHA;True;103;76;103;75;0.333356;1.454655;1.812565;1.75;-12.0;3.25;160.0773;spread FORTE +10 | delta30 favorável 103.0 | delta10 crescente 76.0 | saldo agressor30 103.0 | saldo10 favorável 75.0 | razão fluxo 1.57 | vel15 0.3334 | vel5 acelerando 1.4547 | aceleração 1.8126 | desloc15 5.00 | ticks/s 160.08 | rompimento 1.75 | continuidade 3.25 | estrutura confirmada contrária -6;;72;12;True;2026-07-20 14:44:07.645
trades;trades_c7_dna_fluxo_v5_2.csv;;124;20260720144654646807;2026-07-20 14:46:54;2026-07-20 14:46:43.024;VENDA;28932.75;28916.75;28961.75;;False;1600;2900;1120;C7_DNA_FLUXO_V5_1;LOSS;475;-3350;12.11;313.3;313.3;28966.25;-2900;98;100;-2.0;22;14;100;8.0;-2.0;76;True;7;;True;True;True;True;True;True;True;False;1;delta30 | saldo30 | vel15 | aceleracao | rompimento | continuidade;True;7;;10;FORTE;ALTA;BAIXA;BAIXA;1.0;28939.25;2026-07-20 14:45:55.369000;"ALTA mantida; candidata BAIXA 1/2; rompeu_invalidação=True";topo 28939.50<28939.75 e fundo 28933.25<28937.00;12;28939.5;28939.75;28933.25;28937.0;0.098446;16.25;BAIXA confirmada em 2026-07-20 14:46:41.246000;FUNDO;28933.25;2026-07-20 14:46:41.246;NOVA_CAMPANHA;False;-21;-23;-21;-22;-0.550734;-1.167728;-0.90949;-16.75;0.5;-1.0;198.6649;spread FORTE +10 | delta30 favorável 21.0 | delta10 crescente 23.0 | saldo agressor30 21.0 | saldo10 favorável 22.0 | razão fluxo 1.10 | vel15 0.5507 | vel5 acelerando 1.1677 | aceleração 0.9095 | desloc15 8.25 | ticks/s 198.66 | rompimento 0.50 | continuidade 1.00 | estrutura confirmada contrária -6 | estrutura local alinhada +4;;72;12;True;2026-07-20 14:46:43.024
trades;trades_c7_dna_fluxo_v5_2.csv;;125;20260720145231801259;2026-07-20 14:52:31;2026-07-20 14:52:20.296;COMPRA;28973.75;28989.75;28944.75;28973.75;True;1600;2900;1120;C7_DNA_FLUXO_V5_1;GAIN;1825;-2825;640.46;266.53;640.46;28992.0;1600;100;100;12.0;8;100;14;12.0;-6.0;92;True;7;;True;True;True;True;True;True;True;True;7;;False;1;delta30 | saldo30 | vel15 | aceleracao | rompimento | continuidade;10;FORTE;ALTA;ALTA;;0.0;28969.5;2026-07-20 14:52:20.296000;mudança BAIXA->ALTA: 2 swings opostos e rompimento do nível 28946.5;topo 28973.00>28971.75 e fundo 28969.50>28968.25;12;28973.0;28971.75;28969.5;28968.25;0.277311;9.5;ALTA confirmada em 2026-07-20 14:52:18.827000;TOPO;28973.0;2026-07-20 14:52:18.827;NOVA_CAMPANHA;False;144;24;143;24;0.200107;0.402253;0.301456;1.25;-17.5;1.5;178.762;spread FORTE +10 | delta30 favorável 144.0 | delta10 crescente 24.0 | saldo agressor30 143.0 | saldo10 favorável 24.0 | razão fluxo 1.62 | vel15 0.2001 | vel5 acelerando 0.4023 | aceleração 0.3015 | desloc15 3.00 | ticks/s 178.76 | rompimento 1.25 | continuidade 1.50 | estrutura confirmada alinhada +8 | estrutura local alinhada +4;;72;12;True;2026-07-20 14:52:20.296
trades;trades_c7_dna_fluxo_v5_2.csv;;126;20260720150336416585;2026-07-20 15:03:36;2026-07-20 15:03:24.123;VENDA;28973.75;28957.75;29002.75;28973.75;True;1600;2900;1120;C7_DNA_FLUXO_V5_1;PROTEGIDO;1175;-350;286.67;142.6;346.5;28976.5;0;100;100;12.0;8;14;100;-6.0;12.0;92;True;7;;True;True;True;True;True;True;True;False;1;delta30 | saldo30 | vel15 | aceleracao | rompimento | continuidade;True;7;;10;FORTE;BAIXA;BAIXA;;0.0;28977.75;2026-07-20 15:03:24.123000;mudança ALTA->BAIXA: 2 swings opostos e rompimento do nível 28988.0;topo 28977.75<28983.50 e fundo 28975.00<28975.75;12;28977.75;28983.5;28975.0;28975.75;0.345455;17.25;BAIXA confirmada em 2026-07-20 15:03:21.432000;FUNDO;28975.0;2026-07-20 15:03:21.432;NOVA_CAMPANHA;False;-135;-97;-136;-96;-0.668986;-1.037129;-0.503918;-18.5;1.25;-2.5;167.1127;spread FORTE +10 | delta30 favorável 135.0 | delta10 crescente 97.0 | saldo agressor30 136.0 | saldo10 favorável 96.0 | razão fluxo 1.88 | vel15 0.6690 | vel5 acelerando 1.0371 | aceleração 0.5039 | desloc15 10.00 | ticks/s 167.11 | rompimento 1.25 | continuidade 2.50 | estrutura confirmada alinhada +8 | estrutura local alinhada +4;;72;12;True;2026-07-20 15:03:24.123
trades;trades_c7_dna_fluxo_v5_2.csv;;127;20260720150946195621;2026-07-20 15:09:46;2026-07-20 15:09:34.519;COMPRA;28981.0;28997.0;28952.0;28981.0;True;1600;2900;1120;C7_DNA_FLUXO_V5_1;GAIN;1800;0;181.5;0.0;181.5;28999.0;1600;100;100;12.0;8;100;14;12.0;-6.0;92;True;7;;True;True;True;True;True;True;True;True;7;;False;1;delta30 | saldo30 | vel15 | aceleracao | rompimento | continuidade;10;FORTE;ALTA;ALTA;;0.0;28976.25;2026-07-20 15:08:34.524000;"ALTA mantida; estrutura bruta alinhada";topo 28982.50>28979.00 e fundo 28976.25>28975.00;12;28982.5;28979.0;28976.25;28975.0;0.43949;17.25;ALTA confirmada em 2026-07-20 15:09:33.725000;TOPO;28982.5;2026-07-20 15:09:33.725;NOVA_CAMPANHA;False;68;35;68;36;0.206171;0.790639;0.734835;0.5;-15.75;0.5;136.4167;spread FORTE +10 | delta30 favorável 68.0 | delta10 crescente 35.0 | saldo agressor30 68.0 | saldo10 favorável 36.0 | razão fluxo 1.76 | vel15 0.2062 | vel5 acelerando 0.7906 | aceleração 0.7348 | desloc15 3.00 | ticks/s 136.42 | rompimento 0.50 | continuidade 0.50 | estrutura confirmada alinhada +8 | estrutura local alinhada +4;;72;12;True;2026-07-20 15:09:34.519
trades;trades_c7_dna_fluxo_v5_2.csv;;128;20260720153712501492;2026-07-20 15:37:12;2026-07-20 15:36:59.673;COMPRA;28958.25;28974.25;28929.25;;False;1600;2900;1120;C7_DNA_FLUXO_V5_1;LOSS;1025;-3025;364.55;640.82;640.82;28928.0;-2900;94;100;-6.0;19;100;11;-6.0;8.0;75;True;7;;True;True;True;True;True;True;True;True;7;;False;1;delta30 | saldo30 | vel15 | aceleracao | rompimento | continuidade;7;FORTE;BAIXA;TRANSICAO;ALTA;1.0;28984.0;2026-07-20 15:18:48.519000;BAIXA mantida durante TRANSICAO;"topos/fundos divergentes: 28961.75->28960.75; 28955.00->28958.75";12;28960.75;28961.75;28958.75;28955.0;0.286713;12.0;TRANSICAO confirmada em 2026-07-20 15:36:59.611000;TOPO;28960.75;2026-07-20 15:36:59.611;NOVA_CAMPANHA;False;77;77;78;78;0.287356;0.557583;10.172968;1.25;-26.25;15.0;4743.4866;spread FORTE +7 | delta30 favorável 77.0 | delta10 crescente 77.0 | saldo agressor30 78.0 | saldo10 favorável 78.0 | razão fluxo 1.12 | vel15 0.2874 | vel5 acelerando 0.5576 | aceleração 10.1730 | desloc15 1.50 | ticks/s 4743.49 | rompimento 1.25 | continuidade 15.00 | estrutura confirmada contrária -6;;72;12;True;2026-07-20 15:36:59.673
trades;trades_c7_dna_fluxo_v5_2.csv;;129;20260720155243161269;2026-07-20 15:52:43;2026-07-20 15:52:26.506;COMPRA;28940.5;28956.5;28911.5;;False;1600;2900;1120;C7_DNA_FLUXO_V5_1;LOSS;0;-4650;0.0;792.51;792.51;28894.0;-2900;94;100;-6.0;19;100;11;-6.0;8.0;75;True;7;;True;True;True;True;True;True;True;True;7;;False;1;delta30 | saldo30 | vel15 | aceleracao | rompimento | continuidade;7;FORTE;BAIXA;TRANSICAO;;0.0;28948.75;2026-07-20 15:18:48.519000;BAIXA mantida durante TRANSICAO;"topos/fundos divergentes: 28941.75->28945.75; 28939.75->28939.00";12;28945.75;28941.75;28939.0;28939.75;0.333333;20.75;TRANSICAO confirmada em 2026-07-20 15:52:26.272000;TOPO;28945.75;2026-07-20 15:52:26.272;NOVA_CAMPANHA;False;116;116;116;116;3.944614;4.251701;1.978973;8.75;-27.5;13.75;3892.9319;spread FORTE +7 | delta30 favorável 116.0 | delta10 crescente 116.0 | saldo agressor30 116.0 | saldo10 favorável 116.0 | razão fluxo 1.16 | vel15 3.9446 | vel5 acelerando 4.2517 | aceleração 1.9790 | desloc15 24.50 | ticks/s 3892.93 | rompimento 8.75 | continuidade 13.75 | estrutura confirmada contrária -6;;72;12;True;2026-07-20 15:52:26.506
trades;trades_c7_dna_fluxo_v5_2.csv;;130;20260720161313897785;2026-07-20 16:13:13;2026-07-20 16:13:02.189;VENDA;28886.75;28870.75;28915.75;28886.75;True;1600;2900;1120;C7_DNA_FLUXO_V5_1;GAIN;1800;0;817.54;0.0;817.54;28868.75;1600;100;100;4.0;1;11;100;-10.0;4.0;99;True;7;;True;True;True;True;True;True;True;False;1;delta30 | saldo30 | vel15 | aceleracao | rompimento | continuidade;True;7;;7;FORTE;BAIXA;RANGE;;0.0;28898.75;2026-07-20 15:18:48.519000;BAIXA mantida durante RANGE;"swings sem progresso; amplitude 6.00; eficiencia 0.031";12;28887.25;28887.0;28883.5;28884.75;0.030769;6.0;RANGE confirmada em 2026-07-20 16:13:02.149000;TOPO;28887.25;2026-07-20 16:13:02.149;NOVA_CAMPANHA;False;-40;-40;-41;-41;-2.224991;-2.224991;-2.224991;-7.25;3.25;-3.5;2105.3756;spread FORTE +7 | delta30 favorável 40.0 | delta10 crescente 40.0 | saldo agressor30 41.0 | saldo10 favorável 41.0 | razão fluxo 1.15 | vel15 2.2250 | aceleração 2.2250 | desloc15 6.25 | ticks/s 2105.38 | rompimento 3.25 | continuidade 3.50 | estrutura confirmada alinhada +8 | range local -4;;72;12;True;2026-07-20 16:13:02.189
trades;trades_c7_dna_fluxo_v5_2.csv;;131;20260720163931607471;2026-07-20 16:39:31;2026-07-20 16:39:19.999;COMPRA;28868.25;28884.25;28839.25;28868.25;True;1600;2900;1120;C7_DNA_FLUXO_V5_1;GAIN;2350;-300;1851.55;786.45;1851.55;28891.75;1600;94;100;-6.0;19;100;11;-6.0;8.0;75;True;7;;True;True;True;True;True;True;True;True;7;;False;1;delta30 | saldo30 | vel15 | aceleracao | rompimento | continuidade;7;FORTE;BAIXA;TRANSICAO;ALTA;2.0;28878.5;2026-07-20 15:18:48.519000;BAIXA mantida durante TRANSICAO;"topos/fundos divergentes: 28867.25->28867.25; 28860.75->28865.00";12;28867.25;28867.25;28865.0;28860.75;0.145631;9.75;TRANSICAO confirmada em 2026-07-20 16:39:19.920000;FUNDO;28865.0;2026-07-20 16:39:19.920;MUDANCA_ESTRUTURAL_DE_CAMPANHA;True;57;57;56;56;3.99754;3.99754;3.99754;7.25;-11.75;7.0;3966.7897;spread FORTE +7 | delta30 favorável 57.0 | delta10 crescente 57.0 | saldo agressor30 56.0 | saldo10 favorável 56.0 | razão fluxo 1.27 | vel15 3.9975 | aceleração 3.9975 | desloc15 9.75 | ticks/s 3966.79 | rompimento 7.25 | continuidade 7.00 | estrutura confirmada contrária -6;;72;12;True;2026-07-20 16:39:19.999
trades;trades_c7_dna_fluxo_v5_2.csv;;132;20260720171406474733;2026-07-20 17:14:06;2026-07-20 17:13:54.936;COMPRA;28783.75;28799.75;28754.75;;False;1600;2900;1120;C7_DNA_FLUXO_V5_1;LOSS;0;-2950;0.0;576.7;576.7;28754.25;-2900;100;100;12.0;5;100;11;12.0;-6.0;95;True;7;;True;True;True;True;True;True;True;True;7;;False;1;delta30 | saldo30 | vel15 | aceleracao | rompimento | continuidade;7;FORTE;ALTA;ALTA;;0.0;28781.0;2026-07-20 17:13:54.936000;mudança BAIXA->ALTA: 2 swings opostos e rompimento do nível 28781.75;topo 28783.00>28782.75 e fundo 28781.00>28780.75;12;28783.0;28782.75;28781.0;28780.75;0.749141;120.25;ALTA confirmada em 2026-07-20 17:13:47.336000;FUNDO;28781.0;2026-07-20 17:13:47.336;NOVA_CAMPANHA;False;38;28;39;28;0.089644;0.686625;0.923068;0.5;-3.0;0.75;23.6661;spread FORTE +7 | delta30 favorável 38.0 | delta10 crescente 28.0 | saldo agressor30 39.0 | saldo10 favorável 28.0 | razão fluxo 2.22 | vel15 0.0896 | vel5 acelerando 0.6866 | aceleração 0.9231 | desloc15 1.25 | ticks/s 23.67 | rompimento 0.50 | continuidade 0.75 | estrutura confirmada alinhada +8 | estrutura local alinhada +4;;72;12;True;2026-07-20 17:13:54.936
trades;trades_c7_dna_fluxo_v5_2.csv;;133;20260720173116988877;2026-07-20 17:31:16;2026-07-20 17:31:06.032;COMPRA;28762.75;28778.75;28733.75;28762.75;True;1600;2900;1120;C7_DNA_FLUXO_V5_1;GAIN;1600;-175;419.67;55.4;419.67;28778.75;1600;100;100;8.0;8;100;14;8.0;-6.0;92;True;7;;True;True;True;True;True;True;True;True;7;;False;1;delta30 | saldo30 | vel15 | aceleracao | rompimento | continuidade;10;FORTE;ALTA;TRANSICAO;;0.0;28757.75;2026-07-20 17:29:23.647000;ALTA mantida durante TRANSICAO;"topos/fundos divergentes: 28760.00->28760.50; 28757.75->28757.75";12;28760.5;28760.0;28757.75;28757.75;0.042017;7.0;TRANSICAO confirmada em 2026-07-20 17:31:01.233000;FUNDO;28757.75;2026-07-20 17:31:01.233;NOVA_CAMPANHA;False;24;24;25;23;0.219357;0.976562;1.092626;2.25;-5.0;2.5;26.3904;spread FORTE +10 | delta30 favorável 24.0 | delta10 crescente 24.0 | saldo agressor30 25.0 | saldo10 favorável 23.0 | razão fluxo 1.89 | vel15 0.2194 | vel5 acelerando 0.9766 | aceleração 1.0926 | desloc15 3.25 | ticks/s 26.39 | rompimento 2.25 | continuidade 2.50 | estrutura confirmada alinhada +8;;72;12;True;2026-07-20 17:31:06.032
trades;trades_c7_dna_fluxo_v5_2.csv;;134;20260720173839460452;2026-07-20 17:38:39;2026-07-20 17:38:28.588;COMPRA;28780.0;28796.0;28751.0;28780.0;True;1600;2900;1120;C7_DNA_FLUXO_V5_1;TIMEOUT;1225;-1625;4896.67;260.11;4896.67;28792.25;1225;100;100;8.0;5;100;11;8.0;-6.0;95;True;7;;True;True;True;True;True;True;True;True;7;;False;1;delta30 | saldo30 | vel15 | aceleracao | rompimento | continuidade;7;FORTE;ALTA;TRANSICAO;;0.0;28770.5;2026-07-20 17:29:23.647000;ALTA mantida durante TRANSICAO;"topos/fundos divergentes: 28773.75->28778.75; 28770.50->28770.25";12;28778.75;28773.75;28770.25;28770.5;0.394366;14.0;TRANSICAO confirmada em 2026-07-20 17:38:05.799000;TOPO;28778.75;2026-07-20 17:38:05.799;REENTRADA_APOS_PULLBACK_E_ROMPIMENTO;True;20;13;19;14;0.145627;0.661376;0.437562;1.25;-2.75;2.0;13.3977;spread FORTE +7 | delta30 favorável 20.0 | delta10 crescente 13.0 | saldo agressor30 19.0 | saldo10 favorável 14.0 | razão fluxo 2.27 | vel15 0.1456 | vel5 acelerando 0.6614 | aceleração 0.4376 | desloc15 1.75 | ticks/s 13.40 | rompimento 1.25 | continuidade 2.00 | estrutura confirmada alinhada +8;;72;12;True;2026-07-20 17:38:28.588
trades;trades_c7_dna_fluxo_v5_2.csv;;135;20260720190241309317;2026-07-20 19:02:41;2026-07-20 19:02:30.609;VENDA;28750.75;28734.75;28779.75;28750.75;True;1600;2900;1120;C7_DNA_FLUXO_V5_1;GAIN;1775;-375;135.2;32.7;135.2;28733.0;1600;100;99;12.0;0;4;99;-6.0;12.0;100;True;7;;True;True;True;True;True;True;True;False;1;delta30 | saldo30 | vel15 | aceleracao | rompimento | continuidade;True;7;;0;FRACO;BAIXA;BAIXA;;0.0;28752.75;2026-07-20 19:02:19.110000;"BAIXA mantida; estrutura bruta alinhada";topo 28752.75<28770.00 e fundo 28750.50<28751.50;12;28752.75;28770.0;28750.5;28751.5;0.553719;20.25;BAIXA confirmada em 2026-07-20 19:02:29.997000;TOPO;28752.75;2026-07-20 19:02:29.997;NOVA_CAMPANHA;False;-40;-28;-41;-27;-1.307212;-1.62374;-0.298183;-20.5;2.25;-0.75;26.1442;spread sem bônus | delta30 favorável 40.0 | delta10 crescente 28.0 | saldo agressor30 41.0 | saldo10 favorável 27.0 | razão fluxo 1.95 | vel15 1.3072 | vel5 acelerando 1.6237 | aceleração 0.2982 | desloc15 19.25 | ticks/s 26.14 | rompimento 2.25 | continuidade 0.75 | estrutura confirmada alinhada +8 | estrutura local alinhada +4;;72;12;True;2026-07-20 19:02:30.609
trades;trades_c7_dna_fluxo_v5_2.csv;;136;20260720190530570213;2026-07-20 19:05:30;2026-07-20 19:05:19.608;VENDA;28724.25;28708.25;28753.25;28724.25;True;1600;2900;1120;C7_DNA_FLUXO_V5_1;GAIN;1600;-75;89.9;67.69;89.9;28708.25;1600;100;93;12.0;0;4;93;-6.0;12.0;100;True;7;;True;True;True;True;True;True;True;False;1;delta30 | saldo30 | vel15 | aceleracao | rompimento | continuidade;True;7;;0;FRACO;BAIXA;BAIXA;;0.0;28724.75;2026-07-20 19:02:19.110000;"BAIXA mantida; estrutura bruta alinhada";topo 28724.75<28725.50 e fundo 28721.75<28722.50;12;28724.75;28725.5;28721.75;28722.5;0.212903;14.0;BAIXA confirmada em 2026-07-20 19:05:18.446000;FUNDO;28721.75;2026-07-20 19:05:18.446;REENTRADA_APOS_PULLBACK_E_ROMPIMENTO;True;-29;-37;-30;-38;-0.611731;-0.559853;-0.013625;-11.5;0.75;-0.75;23.4617;spread sem bônus | delta30 favorável 29.0 | delta10 crescente 37.0 | saldo agressor30 30.0 | saldo10 favorável 38.0 | razão fluxo 1.60 | vel15 0.6117 | aceleração 0.0136 | desloc15 8.50 | ticks/s 23.46 | rompimento 0.75 | continuidade 0.75 | estrutura confirmada alinhada +8 | estrutura local alinhada +4;;72;12;True;2026-07-20 19:05:19.608
trades;trades_c7_dna_fluxo_v5_2.csv;;137;20260720190734384650;2026-07-20 19:07:34;2026-07-20 19:07:22.908;COMPRA;28716.5;28732.5;28687.5;28716.5;True;1600;2900;1120;C7_DNA_FLUXO_V5_1;PROTEGIDO;1175;-25;79.05;91.05;91.05;28716.25;0;93;99;-6.0;16;99;4;-6.0;12.0;77;True;7;;True;True;True;True;True;True;True;True;7;;False;1;delta30 | saldo30 | vel15 | aceleracao | rompimento | continuidade;0;FRACO;BAIXA;BAIXA;;0.0;28709.75;2026-07-20 19:02:19.110000;"BAIXA mantida; estrutura bruta alinhada";topo 28709.75<28710.25 e fundo 28707.50<28707.75;12;28709.75;28710.25;28707.5;28707.75;0.084746;6.75;BAIXA confirmada em 2026-07-20 19:07:19.308000;FUNDO;28707.5;2026-07-20 19:07:19.308;MUDANCA_ESTRUTURAL_DE_CAMPANHA;;29;17;29;16;0.284433;2.410284;2.804558;2.25;-11.5;2.25;16.196;spread sem bônus | delta30 favorável 29.0 | delta10 crescente 17.0 | saldo agressor30 29.0 | saldo10 favorável 16.0 | razão fluxo 1.55 | vel15 0.2844 | vel5 acelerando 2.4103 | aceleração 2.8046 | desloc15 4.25 | ticks/s 16.20 | rompimento 2.25 | continuidade 2.25 | estrutura confirmada contrária -6;;72;12;True;2026-07-20 19:07:22.908
trades;trades_c7_dna_fluxo_v5_2.csv;;138;20260720192806225776;2026-07-20 19:28:06;2026-07-20 19:27:55.300;VENDA;28713.25;28697.25;28742.25;28713.25;True;1600;2900;1120;C7_DNA_FLUXO_V5_1;PROTEGIDO;1150;-2100;384.14;248.64;577.19;28714.0;0;94;100;-6.0;15;7;100;8.0;-6.0;79;True;7;;True;True;True;True;True;True;True;False;1;delta30 | saldo30 | vel15 | aceleracao | rompimento | continuidade;True;7;;3;FRACO;ALTA;TRANSICAO;BAIXA;1.0;28725.0;2026-07-20 19:24:40.386000;ALTA mantida durante TRANSICAO;"topos/fundos divergentes: 28723.75->28713.25; 28710.00->28710.50";12;28713.25;28723.75;28710.5;28710.0;0.29;18.0;TRANSICAO confirmada em 2026-07-20 19:27:55.267000;FUNDO;28710.5;2026-07-20 19:27:55.267;NOVA_CAMPANHA;False;-78;-69;-77;-70;-0.584526;-1.666667;-1.666667;-10.5;2.75;-2.75;31.1747;spread FRACO +3 | delta30 favorável 78.0 | delta10 crescente 69.0 | saldo agressor30 77.0 | saldo10 favorável 70.0 | razão fluxo 4.67 | vel15 0.5845 | vel5 acelerando 1.6667 | aceleração 1.6667 | desloc15 8.25 | ticks/s 31.17 | rompimento 2.75 | continuidade 2.75 | estrutura confirmada contrária -6;;72;12;True;2026-07-20 19:27:55.300
trades;trades_c7_dna_fluxo_v5_2.csv;;139;20260720193914345983;2026-07-20 19:39:14;2026-07-20 19:39:03.454;COMPRA;28716.25;28732.25;28687.25;28716.25;True;1600;2900;1120;C7_DNA_FLUXO_V5_1;GAIN;1600;-300;358.4;123.25;358.4;28732.25;1600;94;100;-6.0;18;100;6;-6.0;12.0;76;True;7;;True;True;True;True;True;True;True;True;7;;False;1;delta30 | saldo30 | vel15 | aceleracao | rompimento | continuidade;2;FRACO;BAIXA;BAIXA;;0.0;28712.25;2026-07-20 19:38:40.703000;"BAIXA mantida; estrutura bruta alinhada";topo 28712.25<28714.75 e fundo 28709.25<28710.50;12;28712.25;28714.75;28709.25;28710.5;0.013514;7.0;BAIXA confirmada em 2026-07-20 19:38:48.804000;FUNDO;28709.25;2026-07-20 19:38:48.804;NOVA_CAMPANHA;False;21;11;20;10;0.406697;1.287612;1.287612;3.5;-7.0;2.0;18.8436;spread FRACO +2 | delta30 favorável 21.0 | delta10 crescente 11.0 | saldo agressor30 20.0 | saldo10 favorável 10.0 | razão fluxo 1.69 | vel15 0.4067 | vel5 acelerando 1.2876 | aceleração 1.2876 | desloc15 6.00 | ticks/s 18.84 | rompimento 3.50 | continuidade 2.00 | estrutura confirmada contrária -6;;72;12;True;2026-07-20 19:39:03.454
trades;trades_c7_dna_fluxo_v5_2.csv;;140;20260720195439888786;2026-07-20 19:54:39;2026-07-20 19:54:28.848;COMPRA;28720.75;28736.75;28691.75;28720.75;True;1600;2900;1120;C7_DNA_FLUXO_V5_1;GAIN;1675;-875;643.21;378.35;643.21;28737.5;1600;97;99;-2.0;12;99;4;-2.0;8.0;85;True;7;;True;True;True;True;True;True;True;True;7;;False;1;delta30 | saldo30 | vel15 | aceleracao | rompimento | continuidade;0;FRACO;BAIXA;ALTA;ALTA;1.0;28712.5;2026-07-20 19:46:58.651000;"BAIXA mantida; candidata ALTA 1/2; rompeu_invalidação=True";topo 28717.75>28714.75 e fundo 28715.50>28712.25;12;28717.75;28714.75;28715.5;28712.25;0.218935;11.5;ALTA confirmada em 2026-07-20 19:53:55.379000;FUNDO;28715.5;2026-07-20 19:53:55.379;NOVA_CAMPANHA;False;29;29;30;30;0.560329;1.145244;1.145244;4.25;-4.5;3.25;9.5878;spread sem bônus | delta30 favorável 29.0 | delta10 crescente 29.0 | saldo agressor30 30.0 | saldo10 favorável 30.0 | razão fluxo 7.00 | vel15 0.5603 | vel5 acelerando 1.1452 | aceleração 1.1452 | desloc15 4.50 | ticks/s 9.59 | rompimento 4.25 | continuidade 3.25 | estrutura confirmada contrária -6 | estrutura local alinhada +4;;72;12;True;2026-07-20 19:54:28.848
trades;trades_c7_dna_fluxo_v5_2.csv;;141;20260720200716800217;2026-07-20 20:07:16;2026-07-20 20:07:05.751;COMPRA;28751.25;28767.25;28722.25;28751.25;True;1600;2900;1120;C7_DNA_FLUXO_V5_1;GAIN;1775;0;136.45;0.0;136.45;28769.0;1600;100;100;12.0;4;100;10;12.0;-6.0;96;True;7;;True;True;True;True;True;True;True;True;7;;False;1;delta30 | saldo30 | vel15 | aceleracao | rompimento | continuidade;6;MODERADO;ALTA;ALTA;;0.0;28746.5;2026-07-20 20:04:44.850000;"ALTA mantida; estrutura bruta alinhada";topo 28750.00>28748.00 e fundo 28746.50>28745.25;12;28750.0;28748.0;28746.5;28745.25;0.189189;12.75;ALTA confirmada em 2026-07-20 20:07:00.835000;FUNDO;28746.5;2026-07-20 20:07:00.835;NOVA_CAMPANHA;False;52;47;53;46;0.769334;0.863821;0.107315;1.25;-13.25;1.75;29.3685;spread MODERADO +6 | delta30 favorável 52.0 | delta10 crescente 47.0 | saldo agressor30 53.0 | saldo10 favorável 46.0 | razão fluxo 2.33 | vel15 0.7693 | vel5 acelerando 0.8638 | aceleração 0.1073 | desloc15 11.50 | ticks/s 29.37 | rompimento 1.25 | continuidade 1.75 | estrutura confirmada alinhada +8 | estrutura local alinhada +4;;72;12;True;2026-07-20 20:07:05.751
trades;trades_c7_dna_fluxo_v5_2.csv;;142;20260720201441439401;2026-07-20 20:14:41;2026-07-20 20:14:29.992;COMPRA;28766.5;28782.5;28737.5;28766.5;True;1600;2900;1120;C7_DNA_FLUXO_V5_1;GAIN;1725;-200;273.05;7.92;273.05;28783.75;1600;98;100;-2.0;18;100;10;-2.0;8.0;80;True;7;;True;True;True;True;True;True;True;True;7;;False;1;delta30 | saldo30 | vel15 | aceleracao | rompimento | continuidade;6;MODERADO;BAIXA;ALTA;ALTA;1.0;28760.75;2026-07-20 20:13:10.828000;"BAIXA mantida; candidata ALTA 1/2; rompeu_invalidação=True";topo 28764.50>28760.75 e fundo 28762.25>28756.50;12;28764.5;28760.75;28762.25;28756.5;0.215054;18.25;ALTA confirmada em 2026-07-20 20:14:25.533000;FUNDO;28762.25;2026-07-20 20:14:25.533;NOVA_CAMPANHA;False;32;20;31;21;0.513104;0.939227;0.058428;2.0;-10.0;2.25;18.156;spread MODERADO +6 | delta30 favorável 32.0 | delta10 crescente 20.0 | saldo agressor30 31.0 | saldo10 favorável 21.0 | razão fluxo 2.72 | vel15 0.5131 | vel5 acelerando 0.9392 | aceleração 0.0584 | desloc15 6.50 | ticks/s 18.16 | rompimento 2.00 | continuidade 2.25 | estrutura confirmada contrária -6 | estrutura local alinhada +4;;72;12;True;2026-07-20 20:14:29.992
trades;trades_c7_dna_fluxo_v5_2.csv;;143;20260720202056319647;2026-07-20 20:20:56;2026-07-20 20:20:42.290;VENDA;28796.75;28780.75;28825.75;28796.75;True;1600;2900;1120;C7_DNA_FLUXO_V5_1;TIMEOUT;1275;-2825;1806.26;1520.45;1806.26;28784.0;1275;94;96;-2.0;17;9;96;8.0;-2.0;77;True;7;;True;True;True;True;True;True;True;False;1;delta30 | saldo30 | vel15 | aceleracao | rompimento | continuidade;True;7;;5;MODERADO;ALTA;BAIXA;BAIXA;1.0;28800.5;2026-07-20 20:17:30.856000;"ALTA mantida; candidata BAIXA 1/2; rompeu_invalidação=True";topo 28799.00<28802.50 e fundo 28797.00<28800.50;12;28799.0;28802.5;28797.0;28800.5;0.026667;7.5;BAIXA confirmada em 2026-07-20 20:20:31.976000;TOPO;28799.0;2026-07-20 20:20:31.976;NOVA_CAMPANHA;False;-30;-3;-29;-4;-0.07566;-0.267953;-0.267953;-5.75;0.25;-0.25;9.3819;spread MODERADO +5 | delta30 favorável 30.0 | saldo agressor30 29.0 | saldo10 favorável 4.0 | razão fluxo 3.23 | vel15 0.0757 | vel5 acelerando 0.2680 | aceleração 0.2680 | desloc15 1.00 | ticks/s 9.38 | rompimento 0.25 | continuidade 0.25 | estrutura confirmada contrária -6 | estrutura local alinhada +4;;72;12;True;2026-07-20 20:20:42.290
trades;trades_c7_dna_fluxo_v5_2.csv;;144;20260720205231547129;2026-07-20 20:52:31;2026-07-20 20:52:19.550;VENDA;28760.0;28744.0;28789.0;;False;1600;2900;1120;C7_DNA_FLUXO_V5_1;LOSS;100;-3525;127.32;230.72;230.72;28795.25;-2900;100;100;12.0;0;5;100;-6.0;12.0;100;True;7;;True;True;True;True;True;True;True;False;1;delta30 | saldo30 | vel15 | aceleracao | rompimento | continuidade;True;7;;1;FRACO;BAIXA;BAIXA;;0.0;28767.5;2026-07-20 20:48:30.942000;"BAIXA mantida; estrutura bruta alinhada";topo 28768.00<28770.00 e fundo 28763.25<28765.75;12;28768.0;28770.0;28763.25;28765.75;0.10828;8.75;BAIXA confirmada em 2026-07-20 20:52:12.204000;FUNDO;28763.25;2026-07-20 20:52:12.204;NOVA_CAMPANHA;False;-50;-23;-50;-24;-0.38495;-1.028571;-0.769182;-12.5;2.25;-2.25;63.8013;spread FRACO +1 | delta30 favorável 50.0 | delta10 crescente 23.0 | saldo agressor30 50.0 | saldo10 favorável 24.0 | razão fluxo 1.67 | vel15 0.3850 | vel5 acelerando 1.0286 | aceleração 0.7692 | desloc15 5.75 | ticks/s 63.80 | rompimento 2.25 | continuidade 2.25 | estrutura confirmada alinhada +8 | estrutura local alinhada +4;;72;12;True;2026-07-20 20:52:19.550
trades;trades_c7_dna_fluxo_v5_2.csv;;145;20260720210011827330;2026-07-20 21:00:11;2026-07-20 21:00:00.723;VENDA;28770.75;28754.75;28799.75;28770.75;True;1600;2900;1120;C7_DNA_FLUXO_V5_1;GAIN;2150;0;11.61;0.0;11.61;28749.25;1600;97;99;-2.0;12;4;99;8.0;-2.0;85;True;7;;True;True;True;True;True;True;True;False;1;delta30 | saldo30 | vel15 | aceleracao | rompimento | continuidade;True;7;;0;FRACO;ALTA;BAIXA;BAIXA;1.0;28796.5;2026-07-20 20:58:50.110000;"ALTA mantida; candidata BAIXA 1/2; rompeu_invalidação=True";topo 28773.50<28781.25 e fundo 28769.25<28771.25;12;28773.5;28781.25;28769.25;28771.25;0.202614;15.75;BAIXA confirmada em 2026-07-20 21:00:00.481000;FUNDO;28769.25;2026-07-20 21:00:00.481;NOVA_CAMPANHA;False;-39;-46;-21;-26;-0.729061;-1.78535;-1.578866;-14.25;7.75;-8.75;93.0485;spread sem bônus | delta30 favorável 39.0 | delta10 crescente 46.0 | saldo agressor30 21.0 | saldo10 favorável 26.0 | razão fluxo 1.46 | vel15 0.7291 | vel5 acelerando 1.7853 | aceleração 1.5789 | desloc15 10.75 | ticks/s 93.05 | rompimento 7.75 | continuidade 8.75 | estrutura confirmada contrária -6 | estrutura local alinhada +4;;72;12;True;2026-07-20 21:00:00.723
trades;trades_c7_dna_fluxo_v5_2.csv;;146;20260720210155962597;2026-07-20 21:01:55;2026-07-20 21:01:44.907;VENDA;28734.0;28718.0;28763.0;28734.0;True;1600;2900;1120;C7_DNA_FLUXO_V5_1;GAIN;2000;-1225;358.64;196.31;358.64;28714.0;1600;100;99;12.0;0;4;99;-6.0;12.0;100;True;7;;True;True;True;True;True;True;True;False;1;delta30 | saldo30 | vel15 | aceleracao | rompimento | continuidade;True;7;;0;FRACO;BAIXA;BAIXA;;0.0;28738.25;2026-07-20 21:00:47.034000;"BAIXA mantida; estrutura bruta alinhada";topo 28738.25<28742.25 e fundo 28735.00<28735.25;12;28738.25;28742.25;28735.0;28735.25;0.329341;19.0;BAIXA confirmada em 2026-07-20 21:01:44.805000;TOPO;28738.25;2026-07-20 21:01:44.805;NOVA_CAMPANHA;False;-46;-57;-28;-39;-1.39379;-3.239373;-2.789176;-29.75;6.0;-6.0;209.7389;spread sem bônus | delta30 favorável 46.0 | delta10 crescente 57.0 | saldo agressor30 28.0 | saldo10 favorável 39.0 | razão fluxo 1.44 | vel15 1.3938 | vel5 acelerando 3.2394 | aceleração 2.7892 | desloc15 19.75 | ticks/s 209.74 | rompimento 6.00 | continuidade 6.00 | estrutura confirmada alinhada +8 | estrutura local alinhada +4;;72;12;True;2026-07-20 21:01:44.907
trades;trades_c7_dna_fluxo_v5_2.csv;;147;20260720210915847192;2026-07-20 21:09:15;2026-07-20 21:09:04.240;COMPRA;28728.75;28744.75;28699.75;28728.75;True;1600;2900;1120;C7_DNA_FLUXO_V5_1;GAIN;2000;-1450;254.3;116.1;254.3;28748.75;1600;97;99;-2.0;12;99;4;-2.0;8.0;85;True;7;;True;True;True;True;True;True;True;True;7;;False;1;delta30 | saldo30 | vel15 | aceleracao | rompimento | continuidade;0;FRACO;BAIXA;ALTA;ALTA;1.0;28713.25;2026-07-20 21:07:18.421000;"BAIXA mantida; candidata ALTA 1/2; rompeu_invalidação=True";topo 28730.75>28730.50 e fundo 28728.25>28723.75;12;28730.75;28730.5;28728.25;28723.75;0.380711;21.0;ALTA confirmada em 2026-07-20 21:09:03.541000;TOPO;28730.75;2026-07-20 21:09:03.541;NOVA_CAMPANHA;False;46;36;38;29;0.967838;2.0;1.642687;1.75;-19.0;2.5;128.2758;spread sem bônus | delta30 favorável 46.0 | delta10 crescente 36.0 | saldo agressor30 38.0 | saldo10 favorável 29.0 | razão fluxo 2.90 | vel15 0.9678 | vel5 acelerando 2.0000 | aceleração 1.6427 | desloc15 13.00 | ticks/s 128.28 | rompimento 1.75 | continuidade 2.50 | estrutura confirmada contrária -6 | estrutura local alinhada +4;;72;12;True;2026-07-20 21:09:04.240
trades;trades_c7_dna_fluxo_v5_2.csv;;148;20260720211341060105;2026-07-20 21:13:41;2026-07-20 21:13:30.040;COMPRA;28758.75;28774.75;28729.75;;False;1600;2900;1120;C7_DNA_FLUXO_V5_1;LOSS;350;-3125;11.5;102.3;102.3;28727.5;-2900;100;99;12.0;0;99;4;12.0;-6.0;100;True;7;;True;True;True;True;True;True;True;True;7;;False;1;delta30 | saldo30 | vel15 | aceleracao | rompimento | continuidade;0;FRACO;ALTA;ALTA;;0.0;28748.5;2026-07-20 21:11:22.541000;"ALTA mantida; estrutura bruta alinhada";topo 28757.75>28752.75 e fundo 28748.50>28747.50;12;28757.75;28752.75;28748.5;28747.5;0.287805;17.25;ALTA confirmada em 2026-07-20 21:13:29.064000;TOPO;28757.75;2026-07-20 21:13:29.064;NOVA_CAMPANHA;False;84;35;61;30;0.837893;1.35;0.776067;3.25;-22.0;2.0;133.1737;spread sem bônus | delta30 favorável 84.0 | delta10 crescente 35.0 | saldo agressor30 61.0 | saldo10 favorável 30.0 | razão fluxo 2.17 | vel15 0.8379 | vel5 acelerando 1.3500 | aceleração 0.7761 | desloc15 12.25 | ticks/s 133.17 | rompimento 3.25 | continuidade 2.00 | estrutura confirmada alinhada +8 | estrutura local alinhada +4;;72;12;True;2026-07-20 21:13:30.040
trades;trades_c7_dna_fluxo_v5_2.csv;;149;20260720211536346683;2026-07-20 21:15:36;2026-07-20 21:15:25.285;VENDA;28719.0;28703.0;28748.0;;False;1600;2900;1120;C7_DNA_FLUXO_V5_1;LOSS;150;-2900;69.17;127.17;127.17;28748.0;-2900;100;99;8.0;0;4;99;-6.0;8.0;100;True;7;;True;True;True;True;True;True;True;False;1;delta30 | saldo30 | vel15 | aceleracao | rompimento | continuidade;True;7;;0;FRACO;BAIXA;TRANSICAO;;0.0;28734.5;2026-07-20 21:15:12.341000;BAIXA mantida durante TRANSICAO;"topos/fundos divergentes: 28734.50->28734.50; 28727.50->28723.25";12;28734.5;28734.5;28723.25;28727.5;0.34715;16.75;TRANSICAO confirmada em 2026-07-20 21:15:23.908000;FUNDO;28723.25;2026-07-20 21:15:23.908;NOVA_CAMPANHA;False;-30;-26;-28;-20;-0.91472;-3.389226;-3.32946;-21.0;8.5;-8.0;111.1737;spread sem bônus | delta30 favorável 30.0 | delta10 crescente 26.0 | saldo agressor30 28.0 | saldo10 favorável 20.0 | razão fluxo 1.55 | vel15 0.9147 | vel5 acelerando 3.3892 | aceleração 3.3295 | desloc15 13.00 | ticks/s 111.17 | rompimento 8.50 | continuidade 8.00 | estrutura confirmada alinhada +8;;72;12;True;2026-07-20 21:15:25.285
trades;trades_c7_dna_fluxo_v5_2.csv;;150;20260720211915693127;2026-07-20 21:19:15;2026-07-20 21:19:04.168;COMPRA;28773.5;28789.5;28744.5;28773.5;True;1600;2900;1120;C7_DNA_FLUXO_V5_1;GAIN;1900;0;23.51;0.0;23.51;28792.5;1600;100;91;12.0;0;91;4;12.0;-6.0;100;True;7;;True;True;True;True;True;True;True;True;7;;False;1;delta30 | saldo30 | vel15 | aceleracao | rompimento | continuidade;0;FRACO;ALTA;ALTA;;0.0;28768.75;2026-07-20 21:17:32.451000;"ALTA mantida; estrutura bruta alinhada";topo 28771.50>28768.75 e fundo 28768.75>28766.75;12;28771.5;28768.75;28768.75;28766.75;0.079812;14.5;ALTA confirmada em 2026-07-20 21:19:01.168000;FUNDO;28768.75;2026-07-20 21:19:01.168;NOVA_CAMPANHA;False;29;5;24;7;0.577563;1.205956;0.76566;1.0;-9.75;1.25;95.6037;spread sem bônus | delta30 favorável 29.0 | saldo agressor30 24.0 | saldo10 favorável 7.0 | razão fluxo 1.43 | vel15 0.5776 | vel5 acelerando 1.2060 | aceleração 0.7657 | desloc15 8.50 | ticks/s 95.60 | rompimento 1.00 | continuidade 1.25 | estrutura confirmada alinhada +8 | estrutura local alinhada +4;;72;12;True;2026-07-20 21:19:04.168
trades;trades_c7_dna_fluxo_v5_2.csv;;151;20260720212111102289;2026-07-20 21:21:11;2026-07-20 21:20:59.877;VENDA;28794.0;28778.0;28823.0;28794.0;True;1600;2900;1120;C7_DNA_FLUXO_V5_1;GAIN;1650;-600;103.52;11.7;103.52;28777.5;1600;94;100;-6.0;19;11;100;8.0;-6.0;75;True;7;;True;True;True;True;True;True;True;False;1;delta30 | saldo30 | vel15 | aceleracao | rompimento | continuidade;True;7;;7;FORTE;ALTA;TRANSICAO;;0.0;28803.0;2026-07-20 21:17:32.451000;ALTA mantida durante TRANSICAO;"topos/fundos divergentes: 28807.50->28805.50; 28800.00->28803.25";12;28805.5;28807.5;28803.25;28800.0;0.175676;8.5;TRANSICAO confirmada em 2026-07-20 21:20:51.778000;TOPO;28805.5;2026-07-20 21:20:51.778;MUDANCA_ESTRUTURAL_DE_CAMPANHA;True;-20;-28;-17;-25;-0.577668;-1.390293;-1.359494;-13.5;3.0;-3.75;129.025;spread FORTE +7 | delta30 favorável 20.0 | delta10 crescente 28.0 | saldo agressor30 17.0 | saldo10 favorável 25.0 | razão fluxo 1.24 | vel15 0.5777 | vel5 acelerando 1.3903 | aceleração 1.3595 | desloc15 7.75 | ticks/s 129.03 | rompimento 3.00 | continuidade 3.75 | estrutura confirmada contrária -6;;72;12;True;2026-07-20 21:20:59.877
trades;trades_c7_dna_fluxo_v5_2.csv;;152;20260720212818627378;2026-07-20 21:28:18;2026-07-20 21:28:07.345;COMPRA;28831.0;28847.0;28802.0;28831.0;True;1600;2900;1120;C7_DNA_FLUXO_V5_1;GAIN;2925;-1350;300.38;68.79;300.38;28860.25;1600;100;100;12.0;2;100;8;12.0;-6.0;98;True;7;;True;True;True;True;True;True;True;True;7;;False;1;delta30 | saldo30 | vel15 | aceleracao | rompimento | continuidade;4;FRACO;ALTA;ALTA;;0.0;28826.5;2026-07-20 21:26:32.241000;"ALTA mantida; estrutura bruta alinhada";topo 28833.25>28829.75 e fundo 28826.50>28825.00;12;28833.25;28829.75;28826.5;28825.0;0.188811;11.0;ALTA confirmada em 2026-07-20 21:28:06.766000;TOPO;28833.25;2026-07-20 21:28:06.766;NOVA_CAMPANHA;False;44;31;30;27;0.270911;0.570895;0.624873;1.0;-8.75;1.75;94.5479;spread FRACO +4 | delta30 favorável 44.0 | delta10 crescente 31.0 | saldo agressor30 30.0 | saldo10 favorável 27.0 | razão fluxo 1.42 | vel15 0.2709 | vel5 acelerando 0.5709 | aceleração 0.6249 | desloc15 4.00 | ticks/s 94.55 | rompimento 1.00 | continuidade 1.75 | estrutura confirmada alinhada +8 | estrutura local alinhada +4;;72;12;True;2026-07-20 21:28:07.345
trades;trades_c7_dna_fluxo_v5_2.csv;;153;20260720213405976365;2026-07-20 21:34:05;2026-07-20 21:33:54.522;VENDA;28852.25;28836.25;28881.25;;False;1600;2900;1120;C7_DNA_FLUXO_V5_1;LOSS;900;-2950;196.91;680.82;680.82;28881.75;-2900;100;100;12.0;7;13;100;-6.0;12.0;93;True;7;;True;True;True;True;True;True;True;False;1;delta30 | saldo30 | vel15 | aceleracao | rompimento | continuidade;True;7;;9;FORTE;BAIXA;BAIXA;;0.0;28857.25;2026-07-20 21:33:54.522000;mudança ALTA->BAIXA: 3 swings opostos e rompimento do nível 28857.0;topo 28857.25<28857.50 e fundo 28853.00<28853.75;12;28857.25;28857.5;28853.0;28853.75;0.310345;11.25;BAIXA confirmada em 2026-07-20 21:33:52.420000;FUNDO;28853.0;2026-07-20 21:33:52.420;NOVA_CAMPANHA;False;-39;-9;-38;-8;-0.385828;-0.653135;-0.365779;-12.0;0.75;-2.25;78.4406;spread FORTE +9 | delta30 favorável 39.0 | saldo agressor30 38.0 | saldo10 favorável 8.0 | razão fluxo 1.75 | vel15 0.3858 | vel5 acelerando 0.6531 | aceleração 0.3658 | desloc15 5.75 | ticks/s 78.44 | rompimento 0.75 | continuidade 2.25 | estrutura confirmada alinhada +8 | estrutura local alinhada +4;;72;12;True;2026-07-20 21:33:54.522
trades;trades_c7_dna_fluxo_v5_2.csv;;154;20260720214601363439;2026-07-20 21:46:01;2026-07-20 21:45:50.133;VENDA;28864.5;28848.5;28893.5;;False;1600;2900;1120;C7_DNA_FLUXO_V5_1;LOSS;650;-2975;34.63;301.41;301.41;28894.25;-2900;94;100;-6.0;13;5;100;8.0;-6.0;81;True;7;;True;True;True;True;True;True;True;False;1;delta30 | saldo30 | vel15 | aceleracao | rompimento | continuidade;True;7;;1;FRACO;ALTA;TRANSICAO;BAIXA;1.0;28876.75;2026-07-20 21:37:34.699000;ALTA mantida durante TRANSICAO;"topos/fundos divergentes: 28874.75->28875.25; 28869.25->28868.75";12;28875.25;28874.75;28868.75;28869.25;0.151515;13.0;TRANSICAO confirmada em 2026-07-20 21:45:43.431000;FUNDO;28868.75;2026-07-20 21:45:43.431;NOVA_CAMPANHA;False;-22;-14;-21;-12;-0.480326;-0.836982;-0.730007;-13.75;0.5;-0.5;96.9105;spread FRACO +1 | delta30 favorável 22.0 | delta10 crescente 14.0 | saldo agressor30 21.0 | saldo10 favorável 12.0 | razão fluxo 1.95 | vel15 0.4803 | vel5 acelerando 0.8370 | aceleração 0.7300 | desloc15 6.25 | ticks/s 96.91 | rompimento 0.50 | continuidade 0.50 | estrutura confirmada contrária -6;;72;12;True;2026-07-20 21:45:50.133
trades;trades_c7_dna_fluxo_v5_2.csv;;155;20260720215343853515;2026-07-20 21:53:43;2026-07-20 21:53:32.857;VENDA;28884.25;28868.25;28913.25;28884.25;True;1600;2900;1120;C7_DNA_FLUXO_V5_1;GAIN;1625;-525;196.73;45.9;196.73;28868.0;1600;100;100;8.0;0;5;100;-6.0;8.0;100;True;7;;True;True;True;True;True;True;True;False;1;delta30 | saldo30 | vel15 | aceleracao | rompimento | continuidade;True;7;;1;FRACO;BAIXA;TRANSICAO;;0.0;28891.75;2026-07-20 21:52:57.624000;BAIXA mantida durante TRANSICAO;"topos/fundos divergentes: 28891.75->28890.00; 28887.50->28887.75";12;28890.0;28891.75;28887.75;28887.5;0.069182;10.75;TRANSICAO confirmada em 2026-07-20 21:53:16.857000;TOPO;28890.0;2026-07-20 21:53:16.857;NOVA_CAMPANHA;False;-21;-12;-19;-11;-0.277951;-0.65366;-0.721393;-7.5;0.5;-0.75;24.6682;spread FRACO +1 | delta30 favorável 21.0 | delta10 crescente 12.0 | saldo agressor30 19.0 | saldo10 favorável 11.0 | razão fluxo 2.27 | vel15 0.2780 | vel5 acelerando 0.6537 | aceleração 0.7214 | desloc15 4.00 | ticks/s 24.67 | rompimento 0.50 | continuidade 0.75 | estrutura confirmada alinhada +8;;72;12;True;2026-07-20 21:53:32.857
trades;trades_c7_dna_fluxo_v5_2.csv;;156;20260720220214660987;2026-07-20 22:02:14;2026-07-20 22:02:03.443;VENDA;28841.5;28825.5;28870.5;;False;1600;2900;1120;C7_DNA_FLUXO_V5_1;LOSS;0;-4100;0.0;332.41;332.41;28882.5;-2900;100;94;12.0;1;7;94;-6.0;12.0;99;True;7;;True;True;True;True;True;True;True;False;1;delta30 | saldo30 | vel15 | aceleracao | rompimento | continuidade;True;7;;3;FRACO;BAIXA;BAIXA;;0.0;28844.25;2026-07-20 21:59:20.042000;"BAIXA mantida; estrutura bruta alinhada";topo 28844.25<28849.00 e fundo 28842.00<28846.00;12;28844.25;28849.0;28842.0;28846.0;0.100775;8.0;BAIXA confirmada em 2026-07-20 22:02:02.379000;TOPO;28844.25;2026-07-20 22:02:02.379;NOVA_CAMPANHA;False;-25;-5;-25;-5;-0.468196;-0.840619;-0.320619;-8.5;0.5;-2.25;84.6766;spread FRACO +3 | delta30 favorável 25.0 | saldo agressor30 25.0 | saldo10 favorável 5.0 | razão fluxo 2.09 | vel15 0.4682 | vel5 acelerando 0.8406 | aceleração 0.3206 | desloc15 7.00 | ticks/s 84.68 | rompimento 0.50 | continuidade 2.25 | estrutura confirmada alinhada +8 | estrutura local alinhada +4;;72;12;True;2026-07-20 22:02:03.443
trades;trades_c7_dna_fluxo_v5_2.csv;;157;20260720220957753916;2026-07-20 22:09:57;2026-07-20 22:09:44.939;VENDA;28897.0;28881.0;28926.0;28897.0;True;1600;2900;1120;C7_DNA_FLUXO_V5_1;GAIN;1750;-1375;531.58;403.24;531.58;28879.5;1600;98;100;-2.0;15;7;100;8.0;-2.0;83;True;7;;True;True;True;True;True;True;True;False;1;delta30 | saldo30 | vel15 | aceleracao | rompimento | continuidade;True;7;;3;FRACO;ALTA;BAIXA;BAIXA;1.0;28903.5;2026-07-20 22:07:59.613000;"ALTA mantida; candidata BAIXA 1/2; rompeu_invalidação=True";topo 28901.50<28908.75 e fundo 28898.00<28905.50;12;28901.5;28908.75;28898.0;28905.5;0.038674;10.75;BAIXA confirmada em 2026-07-20 22:09:38.028000;TOPO;28901.5;2026-07-20 22:09:38.028;NOVA_CAMPANHA;False;-21;-15;-19;-16;-0.23158;-0.373055;-0.402349;-11.75;1.0;-0.5;71.8968;spread FRACO +3 | delta30 favorável 21.0 | delta10 crescente 15.0 | saldo agressor30 19.0 | saldo10 favorável 16.0 | razão fluxo 1.73 | vel15 0.2316 | vel5 acelerando 0.3731 | aceleração 0.4023 | desloc15 3.25 | ticks/s 71.90 | rompimento 1.00 | continuidade 0.50 | estrutura confirmada contrária -6 | estrutura local alinhada +4;;72;12;True;2026-07-20 22:09:44.939
trades;trades_c7_dna_fluxo_v5_2.csv;;158;20260720222219410280;2026-07-20 22:22:19;2026-07-20 22:22:07.953;VENDA;28886.75;28870.75;28915.75;;False;1600;2900;1120;C7_DNA_FLUXO_V5_1;LOSS;225;-3175;280.07;881.05;881.05;28918.5;-2900;100;99;8.0;0;4;99;-6.0;8.0;100;True;7;;True;True;True;True;True;True;True;False;1;delta30 | saldo30 | vel15 | aceleracao | rompimento | continuidade;True;7;;0;FRACO;BAIXA;TRANSICAO;;0.0;28876.25;2026-07-20 22:16:49.939000;BAIXA mantida durante TRANSICAO;"topos/fundos divergentes: 28900.75->28901.00; 28894.50->28880.75";12;28901.0;28900.75;28880.75;28894.5;0.410526;21.5;TRANSICAO confirmada em 2026-07-20 22:22:07.737000;FUNDO;28880.75;2026-07-20 22:22:07.737;NOVA_CAMPANHA;False;-71;-69;-48;-48;-0.645679;-1.645207;-0.672445;-9.25;4.25;-2.5;53.19;spread sem bônus | delta30 favorável 71.0 | delta10 crescente 69.0 | saldo agressor30 48.0 | saldo10 favorável 48.0 | razão fluxo 9.00 | vel15 0.6457 | vel5 acelerando 1.6452 | aceleração 0.6724 | desloc15 9.25 | ticks/s 53.19 | rompimento 4.25 | continuidade 2.50 | estrutura confirmada alinhada +8;;72;12;True;2026-07-20 22:22:07.953
trades;trades_c7_dna_fluxo_v5_2.csv;;159;20260720223922050439;2026-07-20 22:39:22;2026-07-20 22:39:08.923;VENDA;28899.75;28883.75;28928.75;28899.75;True;1600;2900;1120;C7_DNA_FLUXO_V5_1;GAIN;2100;-175;60.5;13.1;60.5;28878.75;1600;100;100;12.0;8;14;100;-6.0;12.0;92;True;7;;True;True;True;True;True;True;True;False;1;delta30 | saldo30 | vel15 | aceleracao | rompimento | continuidade;True;7;;10;FORTE;BAIXA;BAIXA;;0.0;28905.0;2026-07-20 22:39:08.923000;mudança ALTA->BAIXA: 2 swings opostos e rompimento do nível 28916.25;topo 28905.00<28912.50 e fundo 28902.75<28906.00;12;28905.0;28912.5;28902.75;28906.0;0.337349;17.25;BAIXA confirmada em 2026-07-20 22:38:59.513000;TOPO;28905.0;2026-07-20 22:38:59.513;NOVA_CAMPANHA;False;-37;-28;-38;-29;-0.510551;-0.849515;-0.519506;-12.75;1.0;-1.25;68.3761;spread FORTE +10 | delta30 favorável 37.0 | delta10 crescente 28.0 | saldo agressor30 38.0 | saldo10 favorável 29.0 | razão fluxo 3.11 | vel15 0.5106 | vel5 acelerando 0.8495 | aceleração 0.5195 | desloc15 6.75 | ticks/s 68.38 | rompimento 1.00 | continuidade 1.25 | estrutura confirmada alinhada +8 | estrutura local alinhada +4;;72;12;True;2026-07-20 22:39:08.923
trades;trades_c7_dna_fluxo_v5_2.csv;;160;20260720224549644882;2026-07-20 22:45:49;2026-07-20 22:45:38.032;COMPRA;28879.75;28895.75;28850.75;28879.75;True;1600;2900;1120;C7_DNA_FLUXO_V5_1;GAIN;1675;0;94.69;0.0;94.69;28896.5;1600;100;100;12.0;3;100;9;12.0;-6.0;97;True;7;;True;True;True;True;True;True;True;True;7;;False;1;delta30 | saldo30 | vel15 | aceleracao | rompimento | continuidade;5;MODERADO;ALTA;ALTA;;0.0;28872.75;2026-07-20 22:44:50.719000;"ALTA mantida; estrutura bruta alinhada";topo 28875.75>28875.00 e fundo 28872.75>28870.00;12;28875.75;28875.0;28872.75;28870.0;0.069444;8.25;ALTA confirmada em 2026-07-20 22:45:34.939000;FUNDO;28872.75;2026-07-20 22:45:34.939;NOVA_CAMPANHA;False;42;35;35;31;0.586369;1.141553;1.412115;4.0;-9.75;4.5;84.0232;spread MODERADO +5 | delta30 favorável 42.0 | delta10 crescente 35.0 | saldo agressor30 35.0 | saldo10 favorável 31.0 | razão fluxo 4.50 | vel15 0.5864 | vel5 acelerando 1.1416 | aceleração 1.4121 | desloc15 4.25 | ticks/s 84.02 | rompimento 4.00 | continuidade 4.50 | estrutura confirmada alinhada +8 | estrutura local alinhada +4;;72;12;True;2026-07-20 22:45:38.032
trades;trades_c7_dna_fluxo_v5_2.csv;;161;20260720225701840599;2026-07-20 22:57:01;2026-07-20 22:56:49.516;VENDA;28875.5;28859.5;28904.5;;False;1600;2900;1120;C7_DNA_FLUXO_V5_1;LOSS;350;-2950;46.38;401.23;401.23;28905.0;-2900;100;100;8.0;7;13;100;-6.0;8.0;93;True;7;;True;True;True;True;True;True;True;False;1;delta30 | saldo30 | vel15 | aceleracao | rompimento | continuidade;True;7;;9;FORTE;BAIXA;TRANSICAO;ALTA;2.0;28888.75;2026-07-20 22:50:08.711000;BAIXA mantida durante TRANSICAO;"topos/fundos divergentes: 28878.25->28878.50; 28876.00->28876.00";12;28878.5;28878.25;28876.0;28876.0;0.1125;15.5;TRANSICAO confirmada em 2026-07-20 22:56:49.116000;TOPO;28878.5;2026-07-20 22:56:49.116;NOVA_CAMPANHA;False;-47;-8;-44;-8;-0.30022;-0.445931;-0.259523;-15.5;0.5;-3.0;33.4912;spread FORTE +9 | delta30 favorável 47.0 | saldo agressor30 44.0 | saldo10 favorável 8.0 | razão fluxo 2.83 | vel15 0.3002 | vel5 acelerando 0.4459 | aceleração 0.2595 | desloc15 4.50 | ticks/s 33.49 | rompimento 0.50 | continuidade 3.00 | estrutura confirmada alinhada +8;;72;12;True;2026-07-20 22:56:49.516
trades;trades_c7_dna_fluxo_v5_2.csv;;162;20260720230552908468;2026-07-20 23:05:52;2026-07-20 23:05:41.518;COMPRA;28924.0;28940.0;28895.0;28924.0;True;1600;2900;1120;C7_DNA_FLUXO_V5_1;PROTEGIDO;1250;0;34.6;0.0;102.08;28924.0;0;100;100;12.0;8;100;14;12.0;-6.0;92;True;7;;True;True;True;True;True;True;True;True;7;;False;1;delta30 | saldo30 | vel15 | aceleracao | rompimento | continuidade;10;FORTE;ALTA;ALTA;;0.0;28913.25;2026-07-20 23:02:55.756000;"ALTA mantida; estrutura bruta alinhada";topo 28918.75>28915.25 e fundo 28913.25>28910.75;12;28918.75;28915.25;28913.25;28910.75;0.121951;16.5;ALTA confirmada em 2026-07-20 23:05:38.817000;TOPO;28918.75;2026-07-20 23:05:38.817;NOVA_CAMPANHA;False;46;51;40;45;0.653704;1.219512;0.972422;5.25;-13.25;4.5;69.9966;spread FORTE +10 | delta30 favorável 46.0 | delta10 crescente 51.0 | saldo agressor30 40.0 | saldo10 favorável 45.0 | razão fluxo 2.74 | vel15 0.6537 | vel5 acelerando 1.2195 | aceleração 0.9724 | desloc15 9.75 | ticks/s 70.00 | rompimento 5.25 | continuidade 4.50 | estrutura confirmada alinhada +8 | estrutura local alinhada +4;;72;12;True;2026-07-20 23:05:41.518
trades;trades_c7_dna_fluxo_v5_2.csv;;163;20260720230948772671;2026-07-20 23:09:48;2026-07-20 23:09:37.334;VENDA;28896.5;28880.5;28925.5;28896.5;True;1600;2900;1120;C7_DNA_FLUXO_V5_1;GAIN;2500;-250;392.39;11.87;392.39;28871.5;1600;100;100;8.0;8;14;100;-6.0;8.0;92;True;7;;True;True;True;True;True;True;True;False;1;delta30 | saldo30 | vel15 | aceleracao | rompimento | continuidade;True;7;;10;FORTE;BAIXA;TRANSICAO;;0.0;28911.25;2026-07-20 23:08:49.714000;BAIXA mantida durante TRANSICAO;"topos/fundos divergentes: 28911.25->28901.00; 28898.00->28898.00";12;28901.0;28911.25;28898.0;28898.0;0.336735;20.25;TRANSICAO confirmada em 2026-07-20 23:09:31.533000;FUNDO;28898.0;2026-07-20 23:09:31.533;NOVA_CAMPANHA;False;-29;-8;-28;-7;-0.334426;-0.720461;-0.432503;-14.75;0.25;-0.5;70.1625;spread FORTE +10 | delta30 favorável 29.0 | saldo agressor30 28.0 | saldo10 favorável 7.0 | razão fluxo 1.76 | vel15 0.3344 | vel5 acelerando 0.7205 | aceleração 0.4325 | desloc15 5.00 | ticks/s 70.16 | rompimento 0.25 | continuidade 0.50 | estrutura confirmada alinhada +8;;72;12;True;2026-07-20 23:09:37.334
trades;trades_c7_dna_fluxo_v5_2.csv;;164;20260720231745150138;2026-07-20 23:17:45;2026-07-20 23:17:33.503;COMPRA;28882.5;28898.5;28853.5;28882.5;True;1600;2900;1120;C7_DNA_FLUXO_V5_1;GAIN;1975;-2275;377.71;153.75;377.71;28902.25;1600;94;100;-6.0;21;100;13;-6.0;8.0;73;True;7;;True;True;True;True;True;True;True;True;7;;False;1;delta30 | saldo30 | vel15 | aceleracao | rompimento | continuidade;9;FORTE;BAIXA;TRANSICAO;ALTA;1.0;28876.5;2026-07-20 23:14:45.955000;BAIXA mantida durante TRANSICAO;"topos/fundos divergentes: 28881.25->28881.50; 28878.75->28876.25";12;28881.5;28881.25;28876.25;28878.75;0.27451;18.75;TRANSICAO confirmada em 2026-07-20 23:17:01.313000;FUNDO;28876.25;2026-07-20 23:17:01.313;NOVA_CAMPANHA;False;20;16;18;16;0.239693;0.730282;0.642635;2.0;-6.25;0.75;63.869;spread FORTE +9 | delta30 favorável 20.0 | delta10 crescente 16.0 | saldo agressor30 18.0 | saldo10 favorável 16.0 | razão fluxo 3.25 | vel15 0.2397 | vel5 acelerando 0.7303 | aceleração 0.6426 | desloc15 3.25 | ticks/s 63.87 | rompimento 2.00 | continuidade 0.75 | estrutura confirmada contrária -6;;72;12;True;2026-07-20 23:17:33.503
trades;trades_c7_dna_fluxo_v5_2.csv;;165;20260720232414386710;2026-07-20 23:24:14;2026-07-20 23:24:03.042;COMPRA;28907.0;28923.0;28878.0;28907.0;True;1600;2900;1120;C7_DNA_FLUXO_V5_1;GAIN;1775;-1300;637.75;353.96;637.75;28924.75;1600;100;96;12.0;13;96;19;12.0;-6.0;87;True;7;;True;True;True;True;True;True;True;True;7;;False;1;delta30 | saldo30 | vel15 | aceleracao | rompimento | continuidade;10;FORTE;ALTA;ALTA;;0.0;28902.0;2026-07-20 23:21:04.812000;"ALTA mantida; estrutura bruta alinhada";topo 28904.25>28899.00 e fundo 28902.00>28895.50;12;28904.25;28899.0;28902.0;28895.5;0.37;20.75;ALTA confirmada em 2026-07-20 23:23:56.942000;FUNDO;28902.0;2026-07-20 23:23:56.942;NOVA_CAMPANHA;False;23;-5;16;-5;0.600452;0.902731;0.460986;2.75;-11.5;2.0;43.8683;spread FORTE +10 | delta30 favorável 23.0 | saldo agressor30 16.0 | razão fluxo 1.30 | vel15 0.6005 | vel5 acelerando 0.9027 | aceleração 0.4610 | desloc15 8.50 | ticks/s 43.87 | rompimento 2.75 | continuidade 2.00 | estrutura confirmada alinhada +8 | estrutura local alinhada +4;;72;12;True;2026-07-20 23:24:03.042
trades;trades_c7_dna_fluxo_v5_2.csv;;166;20260720233626704024;2026-07-20 23:36:26;2026-07-20 23:36:15.296;COMPRA;28934.75;28950.75;28905.75;28934.75;True;1600;2900;1120;C7_DNA_FLUXO_V5_1;GAIN;1800;0;436.44;0.0;436.44;28952.75;1600;100;100;12.0;7;100;13;12.0;-6.0;93;True;7;;True;True;True;True;True;True;True;True;7;;False;1;delta30 | saldo30 | vel15 | aceleracao | rompimento | continuidade;9;FORTE;ALTA;ALTA;;0.0;28925.75;2026-07-20 23:30:51.912000;"ALTA mantida; estrutura bruta alinhada";topo 28937.00>28934.50 e fundo 28925.75>28921.50;12;28937.0;28934.5;28925.75;28921.5;0.283019;16.75;ALTA confirmada em 2026-07-20 23:36:14.696000;TOPO;28937.0;2026-07-20 23:36:14.696;NOVA_CAMPANHA;False;76;63;71;58;0.705418;1.27551;0.934725;0.25;-10.5;0.5;60.7062;spread FORTE +9 | delta30 favorável 76.0 | delta10 crescente 63.0 | saldo agressor30 71.0 | saldo10 favorável 58.0 | razão fluxo 3.15 | vel15 0.7054 | vel5 acelerando 1.2755 | aceleração 0.9347 | desloc15 8.75 | ticks/s 60.71 | rompimento 0.25 | continuidade 0.50 | estrutura confirmada alinhada +8 | estrutura local alinhada +4;;72;12;True;2026-07-20 23:36:15.296
trades;trades_c7_dna_fluxo_v5_2.csv;;167;20260721000456416628;2026-07-21 00:04:56;2026-07-21 00:04:44.782;VENDA;28964.75;28948.75;28993.75;;False;1600;2900;1120;C7_DNA_FLUXO_V5_1;LOSS;0;-2925;0.0;1225.27;1225.27;28994.0;-2900;100;100;8.0;8;14;100;-6.0;8.0;92;True;7;;True;True;True;True;True;True;True;False;1;delta30 | saldo30 | vel15 | aceleracao | rompimento | continuidade;True;7;;10;FORTE;BAIXA;TRANSICAO;;0.0;28969.25;2026-07-21 00:04:16.934000;BAIXA mantida durante TRANSICAO;"topos/fundos divergentes: 28968.25->28968.75; 28966.25->28966.00";12;28968.75;28968.25;28966.0;28966.25;0.006369;8.75;TRANSICAO confirmada em 2026-07-21 00:04:37.764000;TOPO;28968.75;2026-07-21 00:04:37.764;NOVA_CAMPANHA;False;-29;-14;-30;-15;-0.146441;-0.419287;-0.760751;-4.0;0.25;-0.25;31.4361;spread FORTE +10 | delta30 favorável 29.0 | delta10 crescente 14.0 | saldo agressor30 30.0 | saldo10 favorável 15.0 | razão fluxo 3.50 | vel15 0.1464 | vel5 acelerando 0.4193 | aceleração 0.7608 | desloc15 1.50 | ticks/s 31.44 | rompimento 0.25 | continuidade 0.25 | estrutura confirmada alinhada +8;;72;12;True;2026-07-21 00:04:44.782
trades;trades_c7_dna_fluxo_v5_2.csv;;168;20260721003209635532;2026-07-21 00:32:09;2026-07-21 00:31:58.045;COMPRA;29005.75;29021.75;28976.75;29005.75;True;1600;2900;1120;C7_DNA_FLUXO_V5_1;GAIN;2100;-275;230.7;11.4;230.7;29026.75;1600;100;100;12.0;8;100;14;12.0;-6.0;92;True;7;;True;True;True;True;True;True;True;True;7;;False;1;delta30 | saldo30 | vel15 | aceleracao | rompimento | continuidade;10;FORTE;ALTA;ALTA;;0.0;29000.75;2026-07-21 00:28:57.443000;"ALTA mantida; estrutura bruta alinhada";topo 29002.75>29002.25 e fundo 29000.75>28998.25;12;29002.75;29002.25;29000.75;28998.25;0.129412;10.75;ALTA confirmada em 2026-07-21 00:31:43.462000;FUNDO;29000.75;2026-07-21 00:31:43.462;NOVA_CAMPANHA;False;45;36;45;36;0.308536;0.690168;0.634507;1.0;-7.5;2.0;30.4422;spread FORTE +10 | delta30 favorável 45.0 | delta10 crescente 36.0 | saldo agressor30 45.0 | saldo10 favorável 36.0 | razão fluxo 2.22 | vel15 0.3085 | vel5 acelerando 0.6902 | aceleração 0.6345 | desloc15 4.50 | ticks/s 30.44 | rompimento 1.00 | continuidade 2.00 | estrutura confirmada alinhada +8 | estrutura local alinhada +4;;72;12;True;2026-07-21 00:31:58.045
trades;trades_c7_dna_fluxo_v5_2.csv;;169;20260721003612869019;2026-07-21 00:36:12;2026-07-21 00:36:00.929;COMPRA;29028.5;29044.5;28999.5;29028.5;True;1600;2900;1120;C7_DNA_FLUXO_V5_1;GAIN;1800;-350;329.52;60.51;329.52;29046.5;1600;100;100;8.0;8;100;14;8.0;-6.0;92;True;7;;True;True;True;True;True;True;True;True;7;;False;1;delta30 | saldo30 | vel15 | aceleracao | rompimento | continuidade;10;FORTE;ALTA;TRANSICAO;;0.0;29020.0;2026-07-21 00:28:57.443000;ALTA mantida durante TRANSICAO;"topos/fundos divergentes: 29029.75->29029.75; 29026.25->29027.75";12;29029.75;29029.75;29027.75;29026.25;0.355263;17.5;TRANSICAO confirmada em 2026-07-21 00:36:00.596000;TOPO;29029.75;2026-07-21 00:36:00.596;REENTRADA_APOS_PULLBACK_E_ROMPIMENTO;True;89;1;86;1;0.156239;0.333667;0.167093;0.25;-16.5;0.75;74.5782;spread FORTE +10 | delta30 favorável 89.0 | saldo agressor30 86.0 | saldo10 favorável 1.0 | razão fluxo 1.91 | vel15 0.1562 | vel5 acelerando 0.3337 | aceleração 0.1671 | desloc15 2.25 | ticks/s 74.58 | rompimento 0.25 | continuidade 0.75 | estrutura confirmada alinhada +8;;72;12;True;2026-07-21 00:36:00.929
trades;trades_c7_dna_fluxo_v5_2.csv;;170;20260721004154480852;2026-07-21 00:41:54;2026-07-21 00:41:41.053;COMPRA;29049.25;29065.25;29020.25;29049.25;True;1600;2900;1120;C7_DNA_FLUXO_V5_1;GAIN;1650;-1475;453.6;195.9;453.6;29065.75;1600;100;96;12.0;13;96;19;12.0;-6.0;87;True;7;;True;True;True;True;True;True;True;True;7;;False;1;delta30 | saldo30 | vel15 | aceleracao | rompimento | continuidade;10;FORTE;ALTA;ALTA;;0.0;29046.0;2026-07-21 00:28:57.443000;"ALTA mantida; estrutura bruta alinhada";topo 29048.25>29047.25 e fundo 29046.00>29045.00;12;29048.25;29047.25;29046.0;29045.0;0.246377;14.25;ALTA confirmada em 2026-07-21 00:41:32.895000;FUNDO;29046.0;2026-07-21 00:41:32.895;REENTRADA_APOS_PULLBACK_E_ROMPIMENTO;;21;0;18;-2;0.150997;0.338295;0.259348;0.25;-5.75;1.25;51.8086;spread FORTE +10 | delta30 favorável 21.0 | saldo agressor30 18.0 | razão fluxo 1.20 | vel15 0.1510 | vel5 acelerando 0.3383 | aceleração 0.2593 | desloc15 2.25 | ticks/s 51.81 | rompimento 0.25 | continuidade 1.25 | estrutura confirmada alinhada +8 | estrutura local alinhada +4;;72;12;True;2026-07-21 00:41:41.053
trades;trades_c7_dna_fluxo_v5_2.csv;;171;20260721005003365988;2026-07-21 00:50:03;2026-07-21 00:49:50.052;VENDA;29067.75;29051.75;29096.75;29067.75;True;1600;2900;1120;C7_DNA_FLUXO_V5_1;PROTEGIDO;1125;-750;528.48;320.5;589.93;29071.25;0;100;100;8.0;8;14;100;-6.0;8.0;92;True;7;;True;True;True;True;True;True;True;False;1;delta30 | saldo30 | vel15 | aceleracao | rompimento | continuidade;True;7;;10;FORTE;BAIXA;TRANSICAO;;0.0;29037.25;2026-07-21 00:42:40.738000;BAIXA mantida durante TRANSICAO;"topos/fundos divergentes: 29072.25->29073.00; 29058.00->29056.75";12;29073.0;29072.25;29056.75;29058.0;0.222798;16.25;TRANSICAO confirmada em 2026-07-21 00:49:25.751000;TOPO;29073.0;2026-07-21 00:49:25.751;NOVA_CAMPANHA;False;-32;-7;-30;-8;-0.267628;-0.40016;-0.277431;-5.25;1.75;-1.75;40.3939;spread FORTE +10 | delta30 favorável 32.0 | saldo agressor30 30.0 | saldo10 favorável 8.0 | razão fluxo 1.67 | vel15 0.2676 | vel5 acelerando 0.4002 | aceleração 0.2774 | desloc15 3.75 | ticks/s 40.39 | rompimento 1.75 | continuidade 1.75 | estrutura confirmada alinhada +8;;72;12;True;2026-07-21 00:49:50.052
trades;trades_c7_dna_fluxo_v5_2.csv;;172;20260721010017682292;2026-07-21 01:00:17;2026-07-21 01:00:05.873;COMPRA;29080.0;29096.0;29051.0;;False;1600;2900;1120;C7_DNA_FLUXO_V5_1;TIMEOUT;500;-2350;380.56;1445.99;1804.29;29064.0;-1600;100;100;12.0;8;100;14;12.0;-6.0;92;True;7;;True;True;True;True;True;True;True;True;7;;False;1;delta30 | saldo30 | vel15 | aceleracao | rompimento | continuidade;10;FORTE;ALTA;ALTA;;0.0;29072.5;2026-07-21 00:59:04.535000;"ALTA mantida; estrutura bruta alinhada";topo 29075.50>29074.25 e fundo 29072.50>29070.50;12;29075.5;29074.25;29072.5;29070.5;0.274194;11.5;ALTA confirmada em 2026-07-21 01:00:03.683000;FUNDO;29072.5;2026-07-21 01:00:03.683;NOVA_CAMPANHA;False;54;15;55;16;0.581276;2.996575;2.862975;1.25;-10.5;2.25;46.2969;spread FORTE +10 | delta30 favorável 54.0 | delta10 crescente 15.0 | saldo agressor30 55.0 | saldo10 favorável 16.0 | razão fluxo 2.15 | vel15 0.5813 | vel5 acelerando 2.9966 | aceleração 2.8630 | desloc15 8.50 | ticks/s 46.30 | rompimento 1.25 | continuidade 2.25 | estrutura confirmada alinhada +8 | estrutura local alinhada +4;;72;12;True;2026-07-21 01:00:05.873
trades;trades_c7_dna_fluxo_v5_2.csv;;173;20260721013746765945;2026-07-21 01:37:46;2026-07-21 01:37:34.954;COMPRA;29068.5;29084.5;29039.5;;False;1600;2900;1120;C7_DNA_FLUXO_V5_1;TIMEOUT;700;-2000;121.78;1796.17;1809.67;29052.0;-1650;94;100;-6.0;22;100;14;-6.0;8.0;72;True;7;;True;True;True;True;True;True;True;True;7;;False;1;delta30 | saldo30 | vel15 | aceleracao | rompimento | continuidade;10;FORTE;BAIXA;TRANSICAO;;0.0;29061.5;2026-07-21 01:27:03.067000;BAIXA mantida durante TRANSICAO;"topos/fundos divergentes: 29067.75->29068.00; 29059.50->29059.50";12;29068.0;29067.75;29059.5;29059.5;0.030675;12.75;TRANSICAO confirmada em 2026-07-21 01:37:22.698000;TOPO;29068.0;2026-07-21 01:37:22.698;NOVA_CAMPANHA;False;29;16;28;17;0.094833;0.253293;0.187693;0.5;-7.0;0.25;28.8294;spread FORTE +10 | delta30 favorável 29.0 | delta10 crescente 16.0 | saldo agressor30 28.0 | saldo10 favorável 17.0 | razão fluxo 1.72 | vel15 0.0948 | vel5 acelerando 0.2533 | aceleração 0.1877 | desloc15 1.25 | ticks/s 28.83 | rompimento 0.50 | continuidade 0.25 | estrutura confirmada contrária -6;;72;12;True;2026-07-21 01:37:34.954
trades;trades_c7_dna_fluxo_v5_2.csv;;174;20260721021214091105;2026-07-21 02:12:14;2026-07-21 02:12:02.311;VENDA;29036.5;29020.5;29065.5;29036.5;True;1600;2900;1120;C7_DNA_FLUXO_V5_1;GAIN;1725;-400;365.0;105.51;365.0;29019.25;1600;100;100;12.0;8;14;100;-6.0;12.0;92;True;7;;True;True;True;True;True;True;True;False;1;delta30 | saldo30 | vel15 | aceleracao | rompimento | continuidade;True;7;;10;FORTE;BAIXA;BAIXA;;0.0;29042.25;2026-07-21 02:05:52.822000;"BAIXA mantida; estrutura bruta alinhada";topo 29042.25<29044.50 e fundo 29040.25<29040.50;12;29042.25;29044.5;29040.25;29040.5;0.38;12.0;BAIXA confirmada em 2026-07-21 02:11:39.622000;TOPO;29042.25;2026-07-21 02:11:39.622;NOVA_CAMPANHA;False;-40;-10;-40;-9;-0.266684;-0.522139;-0.294843;-5.75;1.75;-1.75;30.002;spread FORTE +10 | delta30 favorável 40.0 | delta10 crescente 10.0 | saldo agressor30 40.0 | saldo10 favorável 9.0 | razão fluxo 2.29 | vel15 0.2667 | vel5 acelerando 0.5221 | aceleração 0.2948 | desloc15 4.00 | ticks/s 30.00 | rompimento 1.75 | continuidade 1.75 | estrutura confirmada alinhada +8 | estrutura local alinhada +4;;72;12;True;2026-07-21 02:12:02.311
trades;trades_c7_dna_fluxo_v5_2.csv;;175;20260721022830796122;2026-07-21 02:28:30;2026-07-21 02:28:18.700;COMPRA;29070.0;29086.0;29041.0;29070.0;True;1600;2900;1120;C7_DNA_FLUXO_V5_1;GAIN;1850;-2775;892.63;329.89;892.63;29088.5;1600;100;100;12.0;8;100;14;12.0;-6.0;92;True;7;;True;True;True;True;True;True;True;True;7;;False;1;delta30 | saldo30 | vel15 | aceleracao | rompimento | continuidade;10;FORTE;ALTA;ALTA;;0.0;29065.0;2026-07-21 02:26:41.448000;"ALTA mantida; estrutura bruta alinhada";topo 29067.75>29067.00 e fundo 29065.00>29062.75;12;29067.75;29067.0;29065.0;29062.75;0.482143;14.75;ALTA confirmada em 2026-07-21 02:28:16.291000;TOPO;29067.75;2026-07-21 02:28:16.291;NOVA_CAMPANHA;False;29;21;30;20;0.200107;1.355381;1.543573;2.25;-8.0;2.5;31.5502;spread FORTE +10 | delta30 favorável 29.0 | delta10 crescente 21.0 | saldo agressor30 30.0 | saldo10 favorável 20.0 | razão fluxo 1.73 | vel15 0.2001 | vel5 acelerando 1.3554 | aceleração 1.5436 | desloc15 3.00 | ticks/s 31.55 | rompimento 2.25 | continuidade 2.50 | estrutura confirmada alinhada +8 | estrutura local alinhada +4;;72;12;True;2026-07-21 02:28:18.700
trades;trades_c7_dna_fluxo_v5_2.csv;;176;20260721024851925865;2026-07-21 02:48:51;2026-07-21 02:48:39.401;COMPRA;29090.25;29106.25;29061.25;29090.25;True;1600;2900;1120;C7_DNA_FLUXO_V5_1;GAIN;1750;-400;684.4;60.3;684.4;29107.75;1600;100;100;12.0;8;100;14;12.0;-6.0;92;True;7;;True;True;True;True;True;True;True;True;7;;False;1;delta30 | saldo30 | vel15 | aceleracao | rompimento | continuidade;10;FORTE;ALTA;ALTA;;0.0;29079.5;2026-07-21 02:48:13.101000;"ALTA mantida; estrutura bruta alinhada";topo 29081.75>29081.25 e fundo 29079.50>29079.25;12;29081.75;29081.25;29079.5;29079.25;0.088889;10.25;ALTA confirmada em 2026-07-21 02:48:22.804000;FUNDO;29079.5;2026-07-21 02:48:22.804;NOVA_CAMPANHA;False;23;28;24;29;0.70858;0.75;0.063501;0.25;-10.75;1.25;39.5946;spread FORTE +10 | delta30 favorável 23.0 | delta10 crescente 28.0 | saldo agressor30 24.0 | saldo10 favorável 29.0 | razão fluxo 1.77 | vel15 0.7086 | vel5 acelerando 0.7500 | aceleração 0.0635 | desloc15 8.25 | ticks/s 39.59 | rompimento 0.25 | continuidade 1.25 | estrutura confirmada alinhada +8 | estrutura local alinhada +4;;72;12;True;2026-07-21 02:48:39.401
trades;trades_c7_dna_fluxo_v5_2.csv;;177;20260721030356440314;2026-07-21 03:03:56;2026-07-21 03:03:44.802;COMPRA;29117.75;29133.75;29088.75;29117.75;True;1600;2900;1120;C7_DNA_FLUXO_V5_1;GAIN;1925;-925;594.9;267.4;594.9;29137.0;1600;100;100;12.0;8;100;14;12.0;-6.0;92;True;7;;True;True;True;True;True;True;True;True;7;;False;1;delta30 | saldo30 | vel15 | aceleracao | rompimento | continuidade;10;FORTE;ALTA;ALTA;;0.0;29112.25;2026-07-21 03:00:28.428000;"ALTA mantida; estrutura bruta alinhada";topo 29115.25>29115.00 e fundo 29112.25>29111.75;12;29115.25;29115.0;29112.25;29111.75;0.032258;8.0;ALTA confirmada em 2026-07-21 03:03:41.979000;FUNDO;29112.25;2026-07-21 03:03:41.979;NOVA_CAMPANHA;False;25;12;24;13;0.336678;0.863771;0.786051;2.5;-6.0;2.5;42.2867;spread FORTE +10 | delta30 favorável 25.0 | delta10 crescente 12.0 | saldo agressor30 24.0 | saldo10 favorável 13.0 | razão fluxo 1.51 | vel15 0.3367 | vel5 acelerando 0.8638 | aceleração 0.7861 | desloc15 5.00 | ticks/s 42.29 | rompimento 2.50 | continuidade 2.50 | estrutura confirmada alinhada +8 | estrutura local alinhada +4;;72;12;True;2026-07-21 03:03:44.802
trades;trades_c7_dna_fluxo_v5_2.csv;;178;20260721032941845805;2026-07-21 03:29:41;2026-07-21 03:29:28.597;VENDA;29112.75;29096.75;29141.75;;False;1600;2900;1120;C7_DNA_FLUXO_V5_1;LOSS;150;-3500;13.0;379.8;379.8;29147.75;-2900;94;100;-6.0;26;14;100;12.0;-6.0;68;True;7;;True;True;True;True;True;True;True;False;1;delta30 | saldo30 | vel15 | aceleracao | rompimento | continuidade;True;7;;10;FORTE;ALTA;ALTA;;0.0;29117.75;2026-07-21 03:28:15.793000;"ALTA mantida; estrutura bruta alinhada";topo 29123.50>29121.25 e fundo 29117.75>29117.50;12;29123.5;29121.25;29117.75;29117.5;0.07619;12.75;ALTA confirmada em 2026-07-21 03:29:16.589000;TOPO;29123.5;2026-07-21 03:29:16.589;NOVA_CAMPANHA;False;-22;-20;-21;-21;-0.895087;-1.799856;-1.618269;-10.75;3.25;-2.25;43.6303;spread FORTE +10 | delta30 favorável 22.0 | delta10 crescente 20.0 | saldo agressor30 21.0 | saldo10 favorável 21.0 | razão fluxo 1.95 | vel15 0.8951 | vel5 acelerando 1.7999 | aceleração 1.6183 | desloc15 10.75 | ticks/s 43.63 | rompimento 3.25 | continuidade 2.25 | estrutura confirmada contrária -6;;72;12;True;2026-07-21 03:29:28.597
trades;trades_c7_dna_fluxo_v5_2.csv;;179;20260721034140798009;2026-07-21 03:41:40;2026-07-21 03:41:29.055;COMPRA;29151.5;29167.5;29122.5;;False;1600;2900;1120;C7_DNA_FLUXO_V5_1;TIMEOUT;550;-2025;1347.94;446.87;1812.43;29139.25;-1225;100;100;8.0;12;100;14;8.0;-2.0;88;True;7;;True;True;True;True;True;True;True;True;7;;False;1;delta30 | saldo30 | vel15 | aceleracao | rompimento | continuidade;10;FORTE;ALTA;BAIXA;BAIXA;1.0;29143.25;2026-07-21 03:30:18.194000;"ALTA mantida; candidata BAIXA 1/2; rompeu_invalidação=False";topo 29142.00<29143.50 e fundo 29139.00<29139.25;12;29142.0;29143.5;29139.0;29139.25;0.2;10.25;BAIXA confirmada em 2026-07-21 03:41:16.566000;FUNDO;29139.0;2026-07-21 03:41:16.566;NOVA_CAMPANHA;False;56;54;55;53;0.837353;1.671123;0.773362;3.5;-12.5;3.0;43.9443;spread FORTE +10 | delta30 favorável 56.0 | delta10 crescente 54.0 | saldo agressor30 55.0 | saldo10 favorável 53.0 | razão fluxo 3.29 | vel15 0.8374 | vel5 acelerando 1.6711 | aceleração 0.7734 | desloc15 12.50 | ticks/s 43.94 | rompimento 3.50 | continuidade 3.00 | estrutura confirmada alinhada +8;;72;12;True;2026-07-21 03:41:29.055
trades;trades_c7_dna_fluxo_v5_2.csv;;180;20260721041955028813;2026-07-21 04:19:55;2026-07-21 04:19:38.488;COMPRA;29125.75;29141.75;29096.75;;False;1600;2900;1120;C7_DNA_FLUXO_V5_1;LOSS;0;-3075;0.0;408.8;408.8;29095.0;-2900;98;100;-2.0;22;100;14;-2.0;8.0;76;True;7;;True;True;True;True;True;True;True;True;7;;False;1;delta30 | saldo30 | vel15 | aceleracao | rompimento | continuidade;10;FORTE;BAIXA;ALTA;ALTA;1.0;29121.25;2026-07-21 04:19:04.724000;"BAIXA mantida; candidata ALTA 1/2; rompeu_invalidação=True";topo 29123.25>29121.25 e fundo 29121.00>29116.00;12;29123.25;29121.25;29121.0;29116.0;0.006289;10.5;ALTA confirmada em 2026-07-21 04:19:29.280000;FUNDO;29121.0;2026-07-21 04:19:29.280;NOVA_CAMPANHA;False;20;4;19;3;0.258192;6.302521;6.724195;2.5;-6.0;0.75;51.92;spread FORTE +10 | delta30 favorável 20.0 | saldo agressor30 19.0 | saldo10 favorável 3.0 | razão fluxo 2.27 | vel15 0.2582 | vel5 acelerando 6.3025 | aceleração 6.7242 | desloc15 2.75 | ticks/s 51.92 | rompimento 2.50 | continuidade 0.75 | estrutura confirmada contrária -6 | estrutura local alinhada +4;;72;12;True;2026-07-21 04:19:38.488
trades;trades_c7_dna_fluxo_v5_2.csv;;181;20260721043157284663;2026-07-21 04:31:57;2026-07-21 04:31:45.305;COMPRA;29097.5;29113.5;29068.5;29097.5;True;1600;2900;1120;C7_DNA_FLUXO_V5_1;GAIN;2075;0;122.22;0.0;122.22;29118.25;1600;100;96;12.0;13;96;19;12.0;-6.0;87;True;7;;True;True;True;True;True;True;True;True;7;;False;1;delta30 | saldo30 | vel15 | aceleracao | rompimento | continuidade;10;FORTE;ALTA;ALTA;;0.0;29094.0;2026-07-21 04:31:45.305000;mudança BAIXA->ALTA: 2 swings opostos e rompimento do nível 29090.0;topo 29097.00>29092.75 e fundo 29094.00>29089.75;12;29097.0;29092.75;29094.0;29089.75;0.0;9.0;ALTA confirmada em 2026-07-21 04:31:38.422000;FUNDO;29094.0;2026-07-21 04:31:38.422;NOVA_CAMPANHA;False;28;-1;29;-2;0.102082;0.411862;0.831481;0.5;-4.75;0.5;17.1499;spread FORTE +10 | delta30 favorável 28.0 | saldo agressor30 29.0 | razão fluxo 3.07 | vel15 0.1021 | vel5 acelerando 0.4119 | aceleração 0.8315 | desloc15 1.25 | ticks/s 17.15 | rompimento 0.50 | continuidade 0.50 | estrutura confirmada alinhada +8 | estrutura local alinhada +4;;72;12;True;2026-07-21 04:31:45.305
trades;trades_c7_dna_fluxo_v5_2.csv;;182;20260721044142772221;2026-07-21 04:41:42;2026-07-21 04:41:30.541;COMPRA;29119.25;29135.25;29090.25;29119.25;True;1600;2900;1120;C7_DNA_FLUXO_V5_1;GAIN;1700;-2700;1649.14;574.4;1649.14;29136.25;1600;94;100;-6.0;25;100;13;-6.0;12.0;69;True;7;;True;True;True;True;True;True;True;True;7;;False;1;delta30 | saldo30 | vel15 | aceleracao | rompimento | continuidade;9;FORTE;BAIXA;BAIXA;;0.0;29115.25;2026-07-21 04:38:15.081000;"BAIXA mantida; estrutura bruta alinhada";topo 29115.25<29118.00 e fundo 29112.00<29115.25;12;29115.25;29118.0;29112.0;29115.25;0.027322;11.25;BAIXA confirmada em 2026-07-21 04:41:08.885000;TOPO;29115.25;2026-07-21 04:41:08.885;NOVA_CAMPANHA;False;32;5;33;6;0.244508;2.717391;2.340658;0.5;-5.75;0.5;31.6732;spread FORTE +9 | delta30 favorável 32.0 | saldo agressor30 33.0 | saldo10 favorável 6.0 | razão fluxo 5.71 | vel15 0.2445 | vel5 acelerando 2.7174 | aceleração 2.3407 | desloc15 3.25 | ticks/s 31.67 | rompimento 0.50 | continuidade 0.50 | estrutura confirmada contrária -6;;72;12;True;2026-07-21 04:41:30.541
trades;trades_c7_dna_fluxo_v5_2.csv;;183;20260721051127015989;2026-07-21 05:11:27;2026-07-21 05:11:09.178;VENDA;29130.25;29114.25;29159.25;;False;1600;2900;1120;C7_DNA_FLUXO_V5_1;LOSS;575;-2900;41.1;821.2;821.2;29159.25;-2900;100;100;8.0;5;7;100;-2.0;8.0;95;True;7;;True;True;True;True;True;True;True;False;1;delta30 | saldo30 | vel15 | aceleracao | rompimento | continuidade;True;7;;3;FRACO;BAIXA;ALTA;ALTA;1.0;29134.0;2026-07-21 05:10:13.679000;"BAIXA mantida; candidata ALTA 1/2; rompeu_invalidação=False";topo 29135.75>29135.25 e fundo 29133.00>29129.75;12;29135.75;29135.25;29133.0;29129.75;0.10828;10.25;ALTA confirmada em 2026-07-21 05:11:06.196000;TOPO;29135.75;2026-07-21 05:11:06.196;NOVA_CAMPANHA;False;-25;-20;-26;-19;-0.163126;-0.954413;-1.271582;-5.5;0.5;-3.5;40.7453;spread FRACO +3 | delta30 favorável 25.0 | delta10 crescente 20.0 | saldo agressor30 26.0 | saldo10 favorável 19.0 | razão fluxo 3.00 | vel15 0.1631 | vel5 acelerando 0.9544 | aceleração 1.2716 | desloc15 2.25 | ticks/s 40.75 | rompimento 0.50 | continuidade 3.50 | estrutura confirmada alinhada +8;;72;12;True;2026-07-21 05:11:09.178
trades;trades_c7_dna_fluxo_v5_2.csv;;184;20260721052527242450;2026-07-21 05:25:27;2026-07-21 05:25:15.382;COMPRA;29167.5;29183.5;29138.5;;False;1600;2900;1120;C7_DNA_FLUXO_V5_1;TIMEOUT;725;-1725;941.39;1357.96;1800.25;29160.75;-675;100;100;12.0;8;100;14;12.0;-6.0;92;True;7;;True;True;True;True;True;True;True;True;7;;False;1;delta30 | saldo30 | vel15 | aceleracao | rompimento | continuidade;10;FORTE;ALTA;ALTA;;0.0;29160.5;2026-07-21 05:21:33.577000;"ALTA mantida; estrutura bruta alinhada";topo 29163.25>29157.50 e fundo 29160.50>29151.75;12;29163.25;29157.5;29160.5;29151.75;0.077778;12.25;ALTA confirmada em 2026-07-21 05:24:57.677000;FUNDO;29160.5;2026-07-21 05:24:57.677;NOVA_CAMPANHA;False;31;28;30;27;0.513852;1.114263;0.894347;2.5;-8.75;3.0;55.3172;spread FORTE +10 | delta30 favorável 31.0 | delta10 crescente 28.0 | saldo agressor30 30.0 | saldo10 favorável 27.0 | razão fluxo 1.38 | vel15 0.5139 | vel5 acelerando 1.1143 | aceleração 0.8943 | desloc15 5.75 | ticks/s 55.32 | rompimento 2.50 | continuidade 3.00 | estrutura confirmada alinhada +8 | estrutura local alinhada +4;;72;12;True;2026-07-21 05:25:15.382
trades;trades_c7_dna_fluxo_v5_2.csv;;185;20260721055854938868;2026-07-21 05:58:54;2026-07-21 05:58:42.607;VENDA;29168.5;29152.5;29197.5;;False;1600;2900;1120;C7_DNA_FLUXO_V5_1;TIMEOUT;600;-2600;84.88;1249.86;1811.63;29169.0;-50;94;100;-6.0;26;14;100;12.0;-6.0;68;True;7;;True;True;True;True;True;True;True;False;1;delta30 | saldo30 | vel15 | aceleracao | rompimento | continuidade;True;7;;10;FORTE;ALTA;ALTA;;0.0;29170.25;2026-07-21 05:50:33.147000;"ALTA mantida; estrutura bruta alinhada";topo 29175.00>29167.00 e fundo 29170.25>29156.25;12;29175.0;29167.0;29170.25;29156.25;0.210762;18.75;ALTA confirmada em 2026-07-21 05:58:23.004000;FUNDO;29170.25;2026-07-21 05:58:23.004;NOVA_CAMPANHA;False;-25;-10;-26;-9;-0.321573;-0.625913;-0.511286;-6.0;1.75;-2.5;15.3436;spread FORTE +10 | delta30 favorável 25.0 | delta10 crescente 10.0 | saldo agressor30 26.0 | saldo10 favorável 9.0 | razão fluxo 3.36 | vel15 0.3216 | vel5 acelerando 0.6259 | aceleração 0.5113 | desloc15 3.50 | ticks/s 15.34 | rompimento 1.75 | continuidade 2.50 | estrutura confirmada contrária -6;;72;12;True;2026-07-21 05:58:42.607
trades;trades_c7_dna_fluxo_v5_2.csv;;186;20260721063045647107;2026-07-21 06:30:45;2026-07-21 06:30:33.341;VENDA;29159.0;29143.0;29188.0;;False;1600;2900;1120;C7_DNA_FLUXO_V5_1;TIMEOUT;700;-2400;514.32;1137.44;1808.22;29160.75;-175;100;100;8.0;8;14;100;-6.0;8.0;92;True;7;;True;True;True;True;True;True;True;False;1;delta30 | saldo30 | vel15 | aceleracao | rompimento | continuidade;True;7;;10;FORTE;BAIXA;TRANSICAO;;0.0;29166.75;2026-07-21 06:26:40.218000;BAIXA mantida durante TRANSICAO;"topos/fundos divergentes: 29166.75->29169.25; 29167.75->29163.50";12;29169.25;29166.75;29163.5;29167.75;0.095541;10.5;TRANSICAO confirmada em 2026-07-21 06:30:18.141000;TOPO;29169.25;2026-07-21 06:30:18.141;NOVA_CAMPANHA;False;-40;-32;-39;-33;-0.694851;-1.181335;-0.827185;-10.25;3.0;-3.0;41.0328;spread FORTE +10 | delta30 favorável 40.0 | delta10 crescente 32.0 | saldo agressor30 39.0 | saldo10 favorável 33.0 | razão fluxo 3.60 | vel15 0.6949 | vel5 acelerando 1.1813 | aceleração 0.8272 | desloc15 9.50 | ticks/s 41.03 | rompimento 3.00 | continuidade 3.00 | estrutura confirmada alinhada +8;;72;12;True;2026-07-21 06:30:33.341
trades;trades_c7_dna_fluxo_v5_2.csv;;187;20260721071042054936;2026-07-21 07:10:42;2026-07-21 07:10:30.314;COMPRA;29169.0;29185.0;29140.0;29169.0;True;1600;2900;1120;C7_DNA_FLUXO_V5_1;GAIN;1875;0;48.83;0.0;48.83;29187.75;1600;100;100;12.0;3;100;9;12.0;-6.0;97;True;7;;True;True;True;True;True;True;True;True;7;;False;1;delta30 | saldo30 | vel15 | aceleracao | rompimento | continuidade;5;MODERADO;ALTA;ALTA;;0.0;29170.75;2026-07-21 07:09:34.845000;"ALTA mantida; estrutura bruta alinhada";topo 29173.50>29172.75 e fundo 29170.75>29168.75;12;29173.5;29172.75;29170.75;29168.75;0.380645;15.5;ALTA confirmada em 2026-07-21 07:10:29.958000;TOPO;29173.5;2026-07-21 07:10:29.958;NOVA_CAMPANHA;False;36;40;35;41;2.125775;2.401922;2.401922;9.75;-12.75;10.25;88.7511;spread MODERADO +5 | delta30 favorável 36.0 | delta10 crescente 40.0 | saldo agressor30 35.0 | saldo10 favorável 41.0 | razão fluxo 1.56 | vel15 2.1258 | vel5 acelerando 2.4019 | aceleração 2.4019 | desloc15 12.00 | ticks/s 88.75 | rompimento 9.75 | continuidade 10.25 | estrutura confirmada alinhada +8 | estrutura local alinhada +4;;72;12;True;2026-07-21 07:10:30.314
trades;trades_c7_dna_fluxo_v5_2.csv;;188;20260721073649312099;2026-07-21 07:36:49;2026-07-21 07:36:37.054;COMPRA;29194.5;29210.5;29165.5;;False;1600;2900;1120;C7_DNA_FLUXO_V5_1;LOSS;375;-3350;12.7;586.4;586.4;29161.0;-2900;100;100;8.0;9;100;11;8.0;-2.0;91;True;7;;True;True;True;True;True;True;True;True;7;;False;1;delta30 | saldo30 | vel15 | aceleracao | rompimento | continuidade;7;FORTE;ALTA;BAIXA;BAIXA;1.0;29182.5;2026-07-21 07:32:07.055000;"ALTA mantida; candidata BAIXA 1/2; rompeu_invalidação=False";topo 29196.50<29197.25 e fundo 29192.50<29194.25;12;29196.5;29197.25;29192.5;29194.25;0.059524;16.25;BAIXA confirmada em 2026-07-21 07:36:36.610000;FUNDO;29192.5;2026-07-21 07:36:36.610;NOVA_CAMPANHA;False;82;78;83;79;1.03484;1.939703;1.456144;2.75;-12.0;5.5;86.9265;spread FORTE +7 | delta30 favorável 82.0 | delta10 crescente 78.0 | saldo agressor30 83.0 | saldo10 favorável 79.0 | razão fluxo 2.46 | vel15 1.0348 | vel5 acelerando 1.9397 | aceleração 1.4561 | desloc15 12.00 | ticks/s 86.93 | rompimento 2.75 | continuidade 5.50 | estrutura confirmada alinhada +8;;72;12;True;2026-07-21 07:36:37.054
trades;trades_c7_dna_fluxo_v5_2.csv;;189;20260721074750356327;2026-07-21 07:47:50;2026-07-21 07:47:37.654;COMPRA;29168.5;29184.5;29139.5;29168.5;True;1600;2900;1120;C7_DNA_FLUXO_V5_1;PROTEGIDO;1275;-125;138.9;1.2;214.1;29167.75;0;100;100;12.0;7;100;13;12.0;-6.0;93;True;7;;True;True;True;True;True;True;True;True;7;;False;1;delta30 | saldo30 | vel15 | aceleracao | rompimento | continuidade;9;FORTE;ALTA;ALTA;;0.0;29173.25;2026-07-21 07:43:08.452000;"ALTA mantida; estrutura bruta alinhada";topo 29167.75>29167.50 e fundo 29165.25>29162.25;12;29167.75;29167.5;29165.25;29162.25;0.084967;12.25;ALTA confirmada em 2026-07-21 07:47:32.652000;FUNDO;29165.25;2026-07-21 07:47:32.652;NOVA_CAMPANHA;False;34;2;35;1;0.156228;0.275558;0.381941;0.75;-4.5;0.75;23.8161;spread FORTE +9 | delta30 favorável 34.0 | saldo agressor30 35.0 | saldo10 favorável 1.0 | razão fluxo 3.69 | vel15 0.1562 | vel5 acelerando 0.2756 | aceleração 0.3819 | desloc15 2.25 | ticks/s 23.82 | rompimento 0.75 | continuidade 0.75 | estrutura confirmada alinhada +8 | estrutura local alinhada +4;;72;12;True;2026-07-21 07:47:37.654
trades;trades_c7_dna_fluxo_v5_2.csv;;190;20260721075541287342;2026-07-21 07:55:41;2026-07-21 07:55:28.851;COMPRA;29169.25;29185.25;29140.25;;False;1600;2900;1120;C7_DNA_FLUXO_V5_1;LOSS;625;-2925;293.9;650.9;650.9;29140.0;-2900;90;100;-10.0;13;100;9;-10.0;4.0;77;True;7;;True;True;True;True;True;True;True;True;7;;False;1;delta30 | saldo30 | vel15 | aceleracao | rompimento | continuidade;5;MODERADO;BAIXA;RANGE;ALTA;1.0;29171.25;2026-07-21 07:54:15.951000;BAIXA mantida durante RANGE;"swings sem progresso; amplitude 4.00; eficiencia 0.061";12;29168.75;29168.75;29166.5;29166.25;0.06087;4.0;RANGE confirmada em 2026-07-21 07:55:26.951000;FUNDO;29166.5;2026-07-21 07:55:26.951;NOVA_CAMPANHA;False;46;25;46;24;0.110742;1.394523;1.478628;0.5;-4.5;2.75;12.9199;spread MODERADO +5 | delta30 favorável 46.0 | delta10 crescente 25.0 | saldo agressor30 46.0 | saldo10 favorável 24.0 | razão fluxo 2.44 | vel15 0.1107 | vel5 acelerando 1.3945 | aceleração 1.4786 | desloc15 1.50 | ticks/s 12.92 | rompimento 0.50 | continuidade 2.75 | estrutura confirmada contrária -6 | range local -4;;72;12;True;2026-07-21 07:55:28.851
trades;trades_c7_dna_fluxo_v5_2.csv;;191;20260721081227332641;2026-07-21 08:12:27;2026-07-21 08:12:14.148;COMPRA;29142.75;29158.75;29113.75;29142.75;True;1600;2900;1120;C7_DNA_FLUXO_V5_1;GAIN;1700;0;83.1;0.0;83.1;29159.75;1600;100;100;12.0;8;100;14;12.0;-6.0;92;True;7;;True;True;True;True;True;True;True;True;7;;False;1;delta30 | saldo30 | vel15 | aceleracao | rompimento | continuidade;10;FORTE;ALTA;ALTA;;0.0;29138.25;2026-07-21 08:09:23.849000;"ALTA mantida; estrutura bruta alinhada";topo 29140.75>29140.25 e fundo 29138.25>29133.25;12;29140.75;29140.25;29138.25;29133.25;0.062937;7.5;ALTA confirmada em 2026-07-21 08:12:06.679000;TOPO;29140.75;2026-07-21 08:12:06.679;NOVA_CAMPANHA;False;48;43;48;44;0.368623;0.747642;0.461492;0.25;-7.25;0.75;48.5845;spread FORTE +10 | delta30 favorável 48.0 | delta10 crescente 43.0 | saldo agressor30 48.0 | saldo10 favorável 44.0 | razão fluxo 3.53 | vel15 0.3686 | vel5 acelerando 0.7476 | aceleração 0.4615 | desloc15 5.00 | ticks/s 48.58 | rompimento 0.25 | continuidade 0.75 | estrutura confirmada alinhada +8 | estrutura local alinhada +4;;72;12;True;2026-07-21 08:12:14.148
trades;trades_c7_dna_fluxo_v5_2.csv;;192;20260721081954541442;2026-07-21 08:19:54;2026-07-21 08:19:42.046;VENDA;29133.5;29117.5;29162.5;29133.5;True;1600;2900;1120;C7_DNA_FLUXO_V5_1;PROTEGIDO;1200;-25;75.8;25.5;202.7;29133.5;0;100;100;12.0;5;11;100;-6.0;12.0;95;True;7;;True;True;True;True;True;True;True;False;1;delta30 | saldo30 | vel15 | aceleracao | rompimento | continuidade;True;7;;7;FORTE;BAIXA;BAIXA;;0.0;29137.5;2026-07-21 08:16:41.348000;"BAIXA mantida; estrutura bruta alinhada";topo 29137.50<29142.75 e fundo 29135.00<29139.50;12;29137.5;29142.75;29135.0;29139.5;0.274419;17.25;BAIXA confirmada em 2026-07-21 08:19:39.910000;TOPO;29137.5;2026-07-21 08:19:39.910;NOVA_CAMPANHA;False;-81;-53;-80;-54;-0.672878;-1.604146;-1.231449;-10.75;1.5;-2.25;50.3106;spread FORTE +7 | delta30 favorável 81.0 | delta10 crescente 53.0 | saldo agressor30 80.0 | saldo10 favorável 54.0 | razão fluxo 2.21 | vel15 0.6729 | vel5 acelerando 1.6041 | aceleração 1.2314 | desloc15 9.75 | ticks/s 50.31 | rompimento 1.50 | continuidade 2.25 | estrutura confirmada alinhada +8 | estrutura local alinhada +4;;72;12;True;2026-07-21 08:19:42.046
trades;trades_c7_dna_fluxo_v5_2.csv;;193;20260721084010661668;2026-07-21 08:40:10;2026-07-21 08:39:58.242;VENDA;29158.0;29142.0;29187.0;29158.0;True;1600;2900;1120;C7_DNA_FLUXO_V5_1;PROTEGIDO;1200;-2225;1136.6;597.2;1210.86;29169.5;0;100;100;12.0;8;14;100;-6.0;12.0;92;True;7;;True;True;True;True;True;True;True;False;1;delta30 | saldo30 | vel15 | aceleracao | rompimento | continuidade;True;7;;10;FORTE;BAIXA;BAIXA;;0.0;29164.25;2026-07-21 08:39:58.242000;mudança ALTA->BAIXA: 2 swings opostos e rompimento do nível 29165.5;topo 29164.25<29170.50 e fundo 29159.25<29160.25;12;29164.25;29170.5;29159.25;29160.25;0.113636;14.0;BAIXA confirmada em 2026-07-21 08:39:47.443000;FUNDO;29159.25;2026-07-21 08:39:47.443;NOVA_CAMPANHA;False;-177;-20;-176;-21;-0.183346;-0.637918;-0.609828;-12.5;1.25;-0.75;40.0693;spread FORTE +10 | delta30 favorável 177.0 | delta10 crescente 20.0 | saldo agressor30 176.0 | saldo10 favorável 21.0 | razão fluxo 3.93 | vel15 0.1833 | vel5 acelerando 0.6379 | aceleração 0.6098 | desloc15 2.75 | ticks/s 40.07 | rompimento 1.25 | continuidade 0.75 | estrutura confirmada alinhada +8 | estrutura local alinhada +4;;72;12;True;2026-07-21 08:39:58.242
trades;trades_c7_dna_fluxo_v5_2.csv;;194;20260721090057948480;2026-07-21 09:00:57;2026-07-21 09:00:44.740;VENDA;29167.75;29151.75;29196.75;29167.75;True;1600;2900;1120;C7_DNA_FLUXO_V5_1;GAIN;1700;0;50.32;0.0;50.32;29150.75;1600;94;100;-6.0;22;14;100;8.0;-6.0;72;True;7;;True;True;True;True;True;True;True;False;1;delta30 | saldo30 | vel15 | aceleracao | rompimento | continuidade;True;7;;10;FORTE;ALTA;TRANSICAO;BAIXA;1.0;29169.75;2026-07-21 09:00:20.638000;ALTA mantida durante TRANSICAO;"topos/fundos divergentes: 29170.25->29171.75; 29169.25->29168.00";12;29171.75;29170.25;29168.0;29169.25;0.114754;8.25;TRANSICAO confirmada em 2026-07-21 09:00:41.904000;FUNDO;29168.0;2026-07-21 09:00:41.904;NOVA_CAMPANHA;False;-51;-24;-50;-23;-0.067847;-0.672797;-0.907043;-5.0;0.25;-1.0;56.1096;spread FORTE +10 | delta30 favorável 51.0 | delta10 crescente 24.0 | saldo agressor30 50.0 | saldo10 favorável 23.0 | razão fluxo 1.94 | vel15 0.0678 | vel5 acelerando 0.6728 | aceleração 0.9070 | desloc15 1.00 | ticks/s 56.11 | rompimento 0.25 | continuidade 1.00 | estrutura confirmada contrária -6;;72;12;True;2026-07-21 09:00:44.740
trades;trades_c7_dna_fluxo_v5_2.csv;;195;20260721090438849628;2026-07-21 09:04:38;2026-07-21 09:04:26.357;COMPRA;29159.5;29175.5;29130.5;29159.5;True;1600;2900;1120;C7_DNA_FLUXO_V5_1;GAIN;1850;-150;197.37;110.5;197.37;29178.0;1600;94;100;-6.0;22;100;14;-6.0;8.0;72;True;7;;True;True;True;True;True;True;True;True;7;;False;1;delta30 | saldo30 | vel15 | aceleracao | rompimento | continuidade;10;FORTE;BAIXA;TRANSICAO;ALTA;1.0;29150.0;2026-07-21 09:01:23.058000;BAIXA mantida durante TRANSICAO;"topos/fundos divergentes: 29157.75->29161.75; 29155.75->29155.25";12;29161.75;29157.75;29155.25;29155.75;0.341463;14.5;TRANSICAO confirmada em 2026-07-21 09:04:26.108000;TOPO;29161.75;2026-07-21 09:04:26.108;NOVA_CAMPANHA;False;44;9;43;10;0.160142;0.45;0.45;1.75;-12.0;1.25;38.0071;spread FORTE +10 | delta30 favorável 44.0 | saldo agressor30 43.0 | saldo10 favorável 10.0 | razão fluxo 2.19 | vel15 0.1601 | vel5 acelerando 0.4500 | aceleração 0.4500 | desloc15 2.25 | ticks/s 38.01 | rompimento 1.75 | continuidade 1.25 | estrutura confirmada contrária -6;;72;12;True;2026-07-21 09:04:26.357
trades;trades_c7_dna_fluxo_v5_2.csv;;196;20260721090820227195;2026-07-21 09:08:20;2026-07-21 09:08:08.157;COMPRA;29180.25;29196.25;29151.25;;False;1600;2900;1120;C7_DNA_FLUXO_V5_1;LOSS;1075;-4075;209.1;478.97;478.97;29139.5;-2900;100;100;12.0;7;100;13;12.0;-6.0;93;True;7;;True;True;True;True;True;True;True;True;7;;False;1;delta30 | saldo30 | vel15 | aceleracao | rompimento | continuidade;9;FORTE;ALTA;ALTA;;0.0;29177.5;2026-07-21 09:04:38.757000;"ALTA mantida; estrutura bruta alinhada";topo 29179.50>29179.00 e fundo 29177.50>29176.00;12;29179.5;29179.0;29177.5;29176.0;0.164179;7.5;ALTA confirmada em 2026-07-21 09:08:07.078000;FUNDO;29177.5;2026-07-21 09:08:07.078;REENTRADA_APOS_PULLBACK_E_ROMPIMENTO;True;28;28;29;29;0.168441;0.932339;0.932339;1.0;-5.25;3.25;45.7486;spread FORTE +9 | delta30 favorável 28.0 | delta10 crescente 28.0 | saldo agressor30 29.0 | saldo10 favorável 29.0 | razão fluxo 1.60 | vel15 0.1684 | vel5 acelerando 0.9323 | aceleração 0.9323 | desloc15 2.50 | ticks/s 45.75 | rompimento 1.00 | continuidade 3.25 | estrutura confirmada alinhada +8 | estrutura local alinhada +4;;72;12;True;2026-07-21 09:08:08.157
trades;trades_c7_dna_fluxo_v5_2.csv;;197;20260721092519659149;2026-07-21 09:25:19;2026-07-21 09:25:07.353;VENDA;29149.0;29133.0;29178.0;29149.0;True;1600;2900;1120;C7_DNA_FLUXO_V5_1;GAIN;1750;-275;456.22;61.64;456.22;29131.5;1600;94;100;-6.0;22;14;100;8.0;-6.0;72;True;7;;True;True;True;True;True;True;True;False;1;delta30 | saldo30 | vel15 | aceleracao | rompimento | continuidade;True;7;;10;FORTE;ALTA;TRANSICAO;;0.0;29141.0;2026-07-21 09:24:17.554000;ALTA mantida durante TRANSICAO;"topos/fundos divergentes: 29152.50->29153.00; 29150.25->29150.00";12;29153.0;29152.5;29150.0;29150.25;0.411043;18.0;TRANSICAO confirmada em 2026-07-21 09:25:00.253000;TOPO;29153.0;2026-07-21 09:25:00.253;NOVA_CAMPANHA;False;-26;-4;-25;-5;-0.151505;-0.609621;-0.835398;-5.25;1.0;-1.0;72.7897;spread FORTE +10 | delta30 favorável 26.0 | saldo agressor30 25.0 | saldo10 favorável 5.0 | razão fluxo 2.14 | vel15 0.1515 | vel5 acelerando 0.6096 | aceleração 0.8354 | desloc15 2.25 | ticks/s 72.79 | rompimento 1.00 | continuidade 1.00 | estrutura confirmada contrária -6;;72;12;True;2026-07-21 09:25:07.353
trades;trades_c7_dna_fluxo_v5_2.csv;;198;20260721094322886241;2026-07-21 09:43:22;2026-07-21 09:43:10.949;COMPRA;29128.25;29144.25;29099.25;29128.25;True;1600;2900;1120;C7_DNA_FLUXO_V5_1;GAIN;1825;-950;146.41;37.2;146.41;29146.5;1600;100;100;12.0;8;100;14;12.0;-6.0;92;True;7;;True;True;True;True;True;True;True;True;7;;False;1;delta30 | saldo30 | vel15 | aceleracao | rompimento | continuidade;10;FORTE;ALTA;ALTA;;0.0;29123.5;2026-07-21 09:43:10.949000;mudança BAIXA->ALTA: 2 swings opostos e rompimento do nível 29116.75;topo 29125.50>29121.75 e fundo 29123.50>29119.50;12;29125.5;29121.75;29123.5;29119.5;0.347826;14.0;ALTA confirmada em 2026-07-21 09:43:08.413000;FUNDO;29123.5;2026-07-21 09:43:08.413;NOVA_CAMPANHA;False;33;15;34;14;0.791939;0.952986;0.256905;2.75;-14.5;3.25;83.7096;spread FORTE +10 | delta30 favorável 33.0 | delta10 crescente 15.0 | saldo agressor30 34.0 | saldo10 favorável 14.0 | razão fluxo 1.57 | vel15 0.7919 | vel5 acelerando 0.9530 | aceleração 0.2569 | desloc15 11.75 | ticks/s 83.71 | rompimento 2.75 | continuidade 3.25 | estrutura confirmada alinhada +8 | estrutura local alinhada +4;;72;12;True;2026-07-21 09:43:10.949
trades;trades_c7_dna_fluxo_v5_2.csv;;199;20260721094753744204;2026-07-21 09:47:53;2026-07-21 09:47:41.949;COMPRA;29150.75;29166.75;29121.75;29150.75;True;1600;2900;1120;C7_DNA_FLUXO_V5_1;GAIN;1725;0;48.7;0.0;48.7;29168.0;1600;94;100;-6.0;26;100;14;-6.0;12.0;68;True;7;;True;True;True;True;True;True;True;True;7;;False;1;delta30 | saldo30 | vel15 | aceleracao | rompimento | continuidade;10;FORTE;BAIXA;BAIXA;;0.0;29143.25;2026-07-21 09:47:16.350000;"BAIXA mantida; estrutura bruta alinhada";topo 29143.25<29143.75 e fundo 29138.25<29140.00;12;29143.25;29143.75;29138.25;29140.0;0.082969;12.75;BAIXA confirmada em 2026-07-21 09:47:21.048000;TOPO;29143.25;2026-07-21 09:47:21.048;NOVA_CAMPANHA;False;46;42;47;41;0.723473;1.453197;1.237059;6.75;-10.0;8.0;65.836;spread FORTE +10 | delta30 favorável 46.0 | delta10 crescente 42.0 | saldo agressor30 47.0 | saldo10 favorável 41.0 | razão fluxo 3.35 | vel15 0.7235 | vel5 acelerando 1.4532 | aceleração 1.2371 | desloc15 9.00 | ticks/s 65.84 | rompimento 6.75 | continuidade 8.00 | estrutura confirmada contrária -6;;72;12;True;2026-07-21 09:47:41.949
trades;trades_c7_dna_fluxo_v5_2.csv;;200;20260721100308821118;2026-07-21 10:03:08;2026-07-21 10:02:55.646;VENDA;29165.5;29149.5;29194.5;;False;1600;2900;1120;C7_DNA_FLUXO_V5_1;LOSS;775;-3025;259.0;1398.69;1398.69;29195.75;-2900;100;100;12.0;8;14;100;-6.0;12.0;92;True;7;;True;True;True;True;True;True;True;False;1;delta30 | saldo30 | vel15 | aceleracao | rompimento | continuidade;True;7;;10;FORTE;BAIXA;BAIXA;;0.0;29168.25;2026-07-21 10:00:53.546000;"BAIXA mantida; estrutura bruta alinhada";topo 29168.25<29169.75 e fundo 29165.00<29166.00;12;29168.25;29169.75;29165.0;29166.0;0.238095;10.0;BAIXA confirmada em 2026-07-21 10:02:53.895000;FUNDO;29165.0;2026-07-21 10:02:53.895;NOVA_CAMPANHA;False;-30;-24;-31;-25;-0.197176;-0.25479;-0.169742;-2.75;0.25;-0.25;34.7031;spread FORTE +10 | delta30 favorável 30.0 | delta10 crescente 24.0 | saldo agressor30 31.0 | saldo10 favorável 25.0 | razão fluxo 2.29 | vel15 0.1972 | vel5 acelerando 0.2548 | aceleração 0.1697 | desloc15 2.50 | ticks/s 34.70 | rompimento 0.25 | continuidade 0.25 | estrutura confirmada alinhada +8 | estrutura local alinhada +4;;72;12;True;2026-07-21 10:02:55.646
trades;trades_c7_dna_fluxo_v5_2.csv;;201;20260721103011394503;2026-07-21 10:30:11;2026-07-21 10:29:59.142;COMPRA;29222.5;29238.5;29193.5;29222.5;True;1600;2900;1120;C7_DNA_FLUXO_V5_1;PROTEGIDO;1200;-250;12.79;25.3;25.3;29220.0;0;100;100;12.0;7;100;13;12.0;-6.0;93;True;7;;True;True;True;True;True;True;True;True;7;;False;1;delta30 | saldo30 | vel15 | aceleracao | rompimento | continuidade;9;FORTE;ALTA;ALTA;;0.0;29216.5;2026-07-21 10:29:34.048000;"ALTA mantida; estrutura bruta alinhada";topo 29223.25>29221.25 e fundo 29216.50>29214.25;12;29223.25;29221.25;29216.5;29214.25;0.150943;13.75;ALTA confirmada em 2026-07-21 10:29:58.962000;TOPO;29223.25;2026-07-21 10:29:58.962;NOVA_CAMPANHA;False;238;217;238;218;0.724735;2.208299;2.182872;9.25;-14.0;10.75;129.5085;spread FORTE +9 | delta30 favorável 238.0 | delta10 crescente 217.0 | saldo agressor30 238.0 | saldo10 favorável 218.0 | razão fluxo 1.74 | vel15 0.7247 | vel5 acelerando 2.2083 | aceleração 2.1829 | desloc15 10.75 | ticks/s 129.51 | rompimento 9.25 | continuidade 10.75 | estrutura confirmada alinhada +8 | estrutura local alinhada +4;;72;12;True;2026-07-21 10:29:59.142
