datetime;open;high;low;close;first_price;last_price;state_count;spread_atual_last;imbalance_atual_last;delta30_sum;delta10_sum;compra30_last;venda30_last;saldo30_last;compra10_last;venda10_last;saldo10_last;razao_compra30_last;razao_venda30_last;vel15_last;vel5_last;vel_anterior_last;aceleracao_last;desloc15_last;topo_30s_last;fundo_30s_last;rompimento_compra_last;rompimento_venda_last;continuidade_2s_last;ticks_s_sum;score_spread_last;spread_pct_120_60_last;spread_pct_60_last;spread_pct_30_last;spread_pct_15_last;spread_pct_5_last;spread_medio_30_last;spread_max_30_last;dna_spread_last;qtd_swings_confirmados_sum;ultimo_topo_last;topo_anterior_last;ultimo_fundo_last;fundo_anterior_last;amplitude_swings_last;eficiencia_swings_last;swing_mais_recente_preco_last;confirmacoes_candidata_last;nivel_invalidation_last;aprovado_max;score_last;score_base_dna_last;ajuste_estrutura_last;score_oposto_last;diferenca_score_last;gate_delta30_sum;gate_saldo30_max;gate_vel15_max;gate_aceleracao_max;gate_rompimento_max;gate_continuidade_max;gate_atividade_max;hard_gates_ok_max;qtd_hard_gates_ok_sum;hard_gates_compra_ok_max;qtd_hard_gates_compra_ok_sum;hard_gates_venda_ok_max;qtd_hard_gates_venda_ok_sum;score_compra_last;score_venda_last;score_compra_base_last;score_venda_base_last;ajuste_estrutura_compra_last;ajuste_estrutura_venda_last;campanha_ativa_max;campanha_entradas_last;campanha_pullback_max;ticks_sum;spread_last;imbalance_last;timeframe_min;range;body;body_abs;upper_wick;lower_wick;return_points;direction;start_time;end_time;duration_seconds;date;hour;minute
2026-07-17 17:40:00;28757,75;28761,25;28756,75;28760,0;28757,75;28760,0;21;0,75;1,3333333333333333;-102;-12;41,0;26,0;15;23,0;7,0;16;1,5555555555555556;0,6428571428571429;0,1031211329575141;0,1236399604352126;0,0838269811109869;0,0398129793242257;1,5;28760,25;28757,75;-0,25;-2,25;0,25;500,98415407087543;10;0,0;0,0;0,0;0,0;0,0;0,6677631578947368;1,25;FORTE;252;28759,25;28760,0;28756,5;28757,5;6,5;0,0;28759,25;1,0;28758,0;False;85;77;8,0;12;73;3;True;True;True;True;True;True;False;70;False;57;False;54;85;12;77;14;8,0;-2,0;False;0,0;False;500,98415407087543;0,75;1,3333333333333333;5;4,5;2,25;2,25;1,25;1,0;;1;2026-07-17 17:40:00;2026-07-17 17:45:00;300;2026-07-17;17;40
2026-07-17 17:45:00;28764,0;28764,0;28764,0;28764,0;28764,0;28764,0;1;0,5;3,0;48;29;68,0;20,0;48;35,0;5,0;30;3,2857142857142856;0,3043478260869565;0,2650176678445229;0,7125407166123778;0,0284026357645989;0,6841380808477788;3,75;28761,0;28757,75;3,0;-6,25;2,5;20,28268551236749;10;0,0;0,0;0,0;0,0;0,0;0,5963855421686747;1,25;FORTE;12;28759,25;28760,0;28756,5;28757,5;6,5;0,0;28759,25;1,0;28758,0;True;100;100;8,0;12;88;1;True;True;True;True;True;True;True;7;True;7;False;1;100;12;100;14;8,0;-2,0;False;0,0;False;20,28268551236749;0,5;3,0;5;0,0;0,0;0,0;0,0;0,0;4,0;0;2026-07-17 17:45:00;2026-07-17 17:50:00;300;2026-07-17;17;45
2026-07-19 19:00:00;28779,25;28811,0;28736,75;28747,5;28779,25;28747,5;21;3,5;1,0;-348;-188;64,0;84,0;-20;22,0;11,0;11;0,7647058823529411;1,3076923076923077;0,7109967497291441;0,9904451176881844;0,4635689354275742;0,5268761822606103;10,5;28748,5;28733,25;-1,0;-14,25;7,0;3201,689600033105;0;0,9370629370629372;0,9632495164410058;0,9518072289156626;0,9692307692307692;1,0;3,365963855421686;6,0;FRACO;252;28743,5;28743,25;28740,5;28739,25;9,0;0,0263157894736842;28740,5;1,0;28747,0;True;50;52;-2,0;27;23;11;True;True;True;True;True;True;True;90;False;57;True;79;50;27;52;19;-2,0;8,0;True;1,0;True;3201,689600033105;3,5;1,0;5;74,25;-31,75;31,75;31,75;10,75;-16,5;-1;2026-07-19 19:00:00;2026-07-19 19:05:00;300;2026-07-19;19;0
2026-07-19 19:05:00;28737,25;28743,25;28724,5;28724,5;28737,25;28724,5;13;3,25;2,0;-62;-30;58,0;82,0;-24;10,0;14,0;-4;0,7108433734939759;1,4067796610169492;-0,2557631973809848;-1,529675708749745;0,3915222384631447;-1,9211979472128895;-3,75;28734,75;28725,0;-10,25;0,5;-1,5;725,9311089551411;0;0,988929889298893;0,9307228915662652;0,943661971830986;0,935897435897436;0,9523809523809524;3,0193661971830985;5,25;FRACO;156;28731,25;28734,75;28728,0;28728,5;9,75;0,077720207253886;28731,25;0,0;28731,25;True;100;91;12,0;0;100;5;True;True;True;True;True;True;True;55;False;33;True;47;0;100;4;91;-6,0;12,0;True;1,0;True;725,9311089551411;3,25;2,0;5;18,75;-12,75;12,75;6,0;0,0;-23,0;-1;2026-07-19 19:05:00;2026-07-19 19:10:00;300;2026-07-19;19;5
2026-07-19 19:15:00;28724,25;28767,0;28724,25;28761,5;28724,25;28761,5;8;2,25;2,0;95;55;38,0;72,0;-34;8,0;40,0;-32;0,5342465753424658;1,871794871794872;-0,3988975921090804;-1,4156879194630874;0,0963143701040195;-1,5120022895671068;-5,5;28771,5;28764,0;-10,0;2,5;-5,0;371,97565625912057;0;0,7531380753138075;0,7783505154639175;0,8029197080291971;0,819672131147541;0,8260869565217391;2,4854014598540144;5,5;FRACO;96;28768,5;28769,5;28757,5;28764,5;14,0;0,2474226804123711;28757,5;1,0;28767,5;True;97;99;-2,0;12;85;5;True;True;True;True;True;True;True;38;True;26;True;31;12;97;4;99;8,0;-2,0;True;1,0;True;371,97565625912057;2,25;2,0;5;42,75;37,25;37,25;5,5;0,0;37,0;1;2026-07-19 19:15:00;2026-07-19 19:20:00;300;2026-07-19;19;15
2026-07-19 19:20:00;28799,0;28813,0;28786,5;28786,5;28799,0;28786,5;22;2,25;1,0;125;61;21,0;77,0;-56;13,0;42,0;-29;0,282051282051282;3,5454545454545454;-0,7448725055432373;-1,7380578605068402;-0,2894858730893933;-1,448571987417447;-10,75;28800,25;28788,25;-13,75;1,75;-2,75;793,3503749127289;0;0,8983050847457628;0,9305555555555556;0,9416666666666668;0,9420289855072465;0,9574468085106383;2,24375;3,0;FRACO;264;28788,75;28790,75;28784,75;28786,5;15,5;0,2658227848101265;28784,75;0,0;28788,75;True;100;99;12,0;0;100;12;True;True;True;True;True;True;True;106;False;76;True;69;0;100;4;99;-6,0;12,0;False;0,0;False;793,3503749127289;2,25;1,0;5;26,5;-12,5;12,5;14,0;0,0;25,0;-1;2026-07-19 19:20:00;2026-07-19 19:25:00;300;2026-07-19;19;20
2026-07-19 19:25:00;28770,25;28776,25;28765,0;28765,0;28770,25;28765,0;11;2,0;2,0;-32;48;19,0;52,0;-33;4,0;14,0;-10;0,3773584905660377;2,65;-0,835977021349567;-1,713796058269066;-1,2226238571124812;-0,4911722011565849;-9,75;28776,75;28769,0;-11,75;4,0;-4,0;350,7695435872626;0;0,7857142857142857;0,9637305699481864;0,956989247311828;0,9130434782608696;0,8421052631578947;2,327956989247312;2,75;FRACO;132;28771,0;28775,25;28769,0;28772,0;12,0;0,0854271356783919;28771,0;0,0;28769,0;True;100;99;12,0;0;100;4;True;True;True;True;True;True;True;43;True;33;True;33;0;100;4;99;-6,0;12,0;True;0,0;True;350,7695435872626;2,0;2,0;5;11,25;-5,25;5,25;6,0;0,0;-21,5;-1;2026-07-19 19:25:00;2026-07-19 19:30:00;300;2026-07-19;19;25
2026-07-19 19:30:00;28807,25;28828,25;28807,25;28828,25;28807,25;28828,25;6;3,0;0,5;434;129;191,0;112,0;79;24,0;11,0;13;1,6991150442477876;0,5885416666666666;0,790394188080183;0,5522088353413654;1,0495596969076388;-0,4973508615662734;11,75;28830,0;28809,0;-1,75;-19,25;2,0;413,2544641933298;0;0,9616368286445012;0,9158512720156556;0,954954954954955;0,963963963963964;0,9642857142857144;2,834084084084084;16,0;FRACO;72;28829,75;28823,0;28825,0;28820,25;10,0;0,0797546012269938;28825,0;0,0;28825,0;False;79;67;12,0;4;75;6;True;True;True;True;True;True;False;33;False;33;False;8;79;4;67;10;12,0;-6,0;False;0,0;False;413,2544641933298;3,0;0,5;5;21,0;21,0;21,0;0,0;0,0;63,25;1;2026-07-19 19:30:00;2026-07-19 19:35:00;300;2026-07-19;19;30
2026-07-19 19:35:00;28832,5;28832,5;28815,75;28815,75;28832,5;28815,75;4;0,75;0,5;-76;-43;26,0;62,0;-36;19,0;45,0;-26;0,4285714285714285;2,333333333333333;-0,7674597083653109;-2,0115867396202125;-0,0671231037723184;-1,9444636358478944;-10,0;28830,5;28821,5;-14,75;5,75;-4,5;160,83510685756738;0;0,9069767441860463;0,9907834101382488;0,97;0,9558823529411764;0,9433962264150944;2,78;4,5;FRACO;48;28826,5;28829,25;28813,0;28823,5;19,5;0,3519553072625698;28813,0;0,0;28826,5;True;100;99;12,0;0;100;1;True;True;True;True;True;True;True;21;False;5;True;21;0;100;4;99;-6,0;12,0;False;0,0;False;160,83510685756738;0,75;0,5;5;16,75;-16,75;16,75;0,0;0,0;-12,5;-1;2026-07-19 19:35:00;2026-07-19 19:40:00;300;2026-07-19;19;35
2026-07-19 19:40:00;28849,0;28849,0;28844,75;28844,75;28849,0;28844,75;3;2,5;2,0;75;-18;47,0;50,0;-3;9,0;29,0;-20;0,9411764705882352;1,0625;-0,0667378537106246;-0,2320724065908563;0,1002137894174238;-0,3322861960082802;-1,0;28851,0;28842,5;-6,25;-2,25;-1,0;100,74690018194498;0;0,7966101694915254;0,8892988929889298;0,9655172413793104;0,9649122807017544;1,0;2,334051724137931;3,5;FRACO;36;28847,75;28848,0;28842,5;28845,75;8,5;0,0314465408805031;28847,75;1,0;28846,75;False;50;52;-2,0;12;38;2;True;True;True;False;True;True;False;13;False;10;False;8;12;50;4;52;8,0;-2,0;False;0,0;False;100,74690018194498;2,5;2,0;5;4,25;-4,25;4,25;0,0;0,0;29,0;-1;2026-07-19 19:40:00;2026-07-19 19:45:00;300;2026-07-19;19;40
2026-07-19 19:45:00;28845,5;28845,5;28827,5;28840,75;28845,5;28840,75;7;2,0;1,5;-98;3;64,0;34,0;30;37,0;6,0;31;1,8571428571428568;0,5384615384615384;0,8131734092295182;2,296504210257719;0,0;2,296504210257719;12,0;28837,0;28825,25;3,75;-15,5;3,75;194,90774583157122;0;0,9700598802395208;0,8939393939393939;0,8956521739130435;0,8333333333333334;0,84375;2,095652173913044;3,0;FRACO;84;28828,75;28828,25;28826,75;28825,25;17,0;0,358974358974359;28826,75;1,0;28830,25;True;97;99;-2,0;12;85;4;True;True;True;True;True;True;True;31;True;21;False;25;97;12;99;4;-2,0;8,0;False;0,0;False;194,90774583157122;2,0;1,5;5;18,0;-4,75;4,75;0,0;13,25;-4,0;-1;2026-07-19 19:45:00;2026-07-19 19:50:00;300;2026-07-19;19;45
2026-07-19 19:55:00;28812,25;28816,25;28810,0;28810,0;28812,25;28810,0;4;2,75;13,0;3;7;8,0;37,0;-29;4,0;30,0;-26;0,2368421052631578;4,222222222222222;-0,5912372417226786;-0,5020080321285141;-2,323874755381605;1,8218667232530907;-4,75;28816,25;28810,0;-6,25;0,0;-1,25;80,94087495221738;0;0,8444444444444444;0,8467153284671532;0,9333333333333332;1,0;1,0;2,238888888888889;2,75;FRACO;48;28812,25;28816,25;28810,0;28813,0;8,25;0,0064516129032258;28812,25;0,0;28812,25;False;79;67;12,0;4;75;1;True;True;True;False;True;True;False;16;False;13;False;10;4;79;10;67;-6,0;12,0;False;0,0;False;80,94087495221738;2,75;13,0;5;6,25;-2,25;2,25;4,0;0,0;-30,75;-1;2026-07-19 19:55:00;2026-07-19 20:00:00;300;2026-07-19;19;55
2026-07-19 20:00:00;28810,75;28825,25;28787,75;28796,5;28810,75;28796,5;26;2,5;1,0;-515;-91;31,0;50,0;-19;17,0;7,0;10;0,6274509803921569;1,59375;0,5695547117707974;0,4500900180036007;0,6063482020457661;-0,1562581840421653;8,25;28795,0;28787,0;1,5;-9,5;1,0;932,4068290743539;0;0,8932038834951457;0,960655737704918;0,9607843137254902;0,9166666666666666;0,9444444444444444;2,5955882352941178;3,25;FRACO;312;28796,0;28795,0;28791,5;28790,5;9,0;0,1633986928104575;28796,0;1,0;28791,75;False;58;60;-2,0;33;25;10;True;True;True;True;True;True;False;103;False;69;False;90;58;33;60;25;-2,0;8,0;False;0,0;False;932,4068290743539;2,5;1,0;5;37,5;-14,25;14,25;14,5;8,75;-13,5;-1;2026-07-19 20:00:00;2026-07-19 20:05:00;300;2026-07-19;20;0
2026-07-19 20:05:00;28792,75;28815,5;28792,75;28815,5;28792,75;28815,5;7;2,5;0,5;37;25;36,0;17,0;19;17,0;8,0;9;2,055555555555556;0,4864864864864865;1,2765192376842862;2,003205128205128;1,1475631159713784;0,8556420122337498;17,75;28808,75;28793,25;6,75;-22,25;5,5;285,5314828297139;0;0,9655172413793104;0,9069767441860463;0,8412698412698413;0,8245614035087719;0,5714285714285714;2,3253968253968256;3,75;FRACO;84;28808,75;28797,0;28805,0;28806,0;15,5;0,203883495145631;28805,0;1,0;28791,75;True;93;99;-6,0;12;81;1;True;True;True;True;True;True;True;30;True;22;False;18;93;12;99;4;-6,0;8,0;False;0,0;False;285,5314828297139;2,5;0,5;5;22,75;22,75;22,75;0,0;0,0;19,0;1;2026-07-19 20:05:00;2026-07-19 20:10:00;300;2026-07-19;20;5
2026-07-19 20:10:00;28832,5;28832,5;28813,0;28817,75;28832,5;28817,75;8;2,75;1,0;-49;-33;31,0;44,0;-13;9,0;13,0;-4;0,7111111111111111;1,40625;0,3191942119449567;-1,0185604345857855;1,092010708750176;-2,110571143335961;4,5;28822,75;28807,0;-5,0;-10,75;-1,25;286,51841773258457;0;0,8347107438016529;0,9723756906077348;0,98989898989899;1,0;1,0;2,590909090909091;3,25;FRACO;96;28822,75;28819,25;28813,25;28814,0;15,75;0,0825688073394495;28822,75;0,0;28830,5;False;40;46;-6,0;25;15;1;True;True;True;True;True;True;False;29;False;21;False;26;25;40;17;46;8,0;-6,0;False;0,0;False;286,51841773258457;2,75;1,0;5;19,5;-14,75;14,75;0,0;4,75;2,25;-1;2026-07-19 20:10:00;2026-07-19 20:15:00;300;2026-07-19;20;10
2026-07-19 20:15:00;28812,75;28815,0;28792,0;28800,0;28812,75;28800,0;24;3,0;1,0;-255;-101;10,0;10,0;0;7,0;3,0;4;1,0;1,0;0,0655307994757536;-0,3271537622682661;0,1355258402602096;-0,4626796025284757;0,75;28801,5;28795,75;-1,5;-4,25;1,25;656,0651383418299;0;0,9859154929577464;0,9655172413793104;1,0;1,0;1,0;2,6724137931034484;3,75;FRACO;288;28801,5;28804,5;28798,0;28795,75;13,5;0,0185185185185185;28798,0;1,0;28830,5;False;40;32;8,0;10;30;3;True;True;True;True;True;True;False;83;False;54;False;70;40;10;32;16;8,0;-6,0;False;0,0;False;656,0651383418299;3,0;1,0;5;23,0;-12,75;12,75;2,25;8,0;-17,75;-1;2026-07-19 20:15:00;2026-07-19 20:20:00;300;2026-07-19;20;15
2026-07-19 20:20:00;28801,25;28814,75;28783,75;28814,75;28801,25;28814,75;26;2,5;1,0;59;24;29,0;18,0;11;13,0;9,0;4;1,5789473684210529;0,6333333333333333;0,0;0,2532286654849329;0,1789366053169734;0,0742920601679594;0,0;28817,5;28809,5;-2,75;-5,25;0,75;758,8043771733361;0;0,9433962264150944;0,9010989010989012;0,864406779661017;0,8918918918918919;0,8333333333333334;2,2203389830508478;3,0;FRACO;312;28816,25;28816,5;28810,25;28813,75;11,75;0,0652173913043478;28816,25;1,0;28830,5;False;54;46;8,0;2;52;3;True;True;True;True;True;True;False;86;False;70;False;64;54;2;46;4;8,0;-2,0;False;0,0;False;758,8043771733361;2,5;1,0;5;31,0;13,5;13,5;0,0;17,5;14,75;1;2026-07-19 20:20:00;2026-07-19 20:25:00;300;2026-07-19;20;20
2026-07-19 20:25:00;28815,5;28821,5;28809,0;28809,5;28815,5;28809,5;9;2,75;0,5;21;-1;11,0;34,0;-23;3,0;25,0;-22;0,3428571428571428;2,9166666666666665;0,062204528489674;-1,1957321559970566;1,2122844827586208;-2,4080166387556776;0,75;28815,0;28808,75;-5,5;-0,75;0,0;271,8372543983825;0;0,9;0,9452054794520548;0,9661016949152542;0,9777777777777776;0,9230769230769232;2,516949152542373;3,25;FRACO;108;28813,25;28815,0;28811,0;28808,75;16,0;0,0576923076923076;28813,25;1,0;28830,5;False;50;56;-6,0;25;25;2;True;True;True;True;True;True;False;35;False;25;False;26;25;50;17;56;8,0;-6,0;False;0,0;False;271,8372543983825;2,75;0,5;5;12,5;-6,0;6,0;6,0;0,5;-5,25;-1;2026-07-19 20:25:00;2026-07-19 20:30:00;300;2026-07-19;20;25
2026-07-19 20:35:00;28830,25;28830,25;28812,75;28812,75;28830,25;28812,75;10;2,75;1,0;-80;-60;10,0;35,0;-25;3,0;14,0;-11;0,3055555555555556;3,272727272727273;-0,4534356470177886;-0,4565746753246753;-0,2518186905428091;-0,2047559847818661;-6,5;28823,25;28815,0;-10,5;2,25;-0,75;317,3514338644277;0;0,9696969696969696;0,8983050847457628;0,8852459016393442;0,8214285714285714;0,7368421052631579;2,364754098360656;3,25;FRACO;120;28823,25;28823,5;28810,75;28821,25;19,25;0,3025641025641025;28810,75;0,0;28806,75;True;100;99;12,0;0;100;1;True;True;True;True;True;True;True;41;False;19;True;37;0;100;4;99;-6,0;12,0;False;0,0;False;317,3514338644277;2,75;1,0;5;17,5;-17,5;17,5;0,0;0,0;3,25;-1;2026-07-19 20:35:00;2026-07-19 20:40:00;300;2026-07-19;20;35
2026-07-19 20:40:00;28848,75;28855,5;28848,75;28855,5;28848,75;28855,5;2;2,0;1,0;77;47;80,0;29,0;51;58,0;14,0;44;2,7;0,3703703703703703;0,4674145299145299;0,6233000906618313;0,3324468085106383;0,290853282151193;7,0;28855,0;28843,0;0,5;-12,5;1,75;77,52806777526236;0;0,9130434782608696;0,5978835978835979;0,3684210526315789;0,24;0,1578947368421052;1,4824561403508771;2,75;FRACO;24;28855,0;28853,0;28853,0;28850,75;27,25;0,4879227053140096;28853,0;0,0;28853,0;True;100;99;12,0;0;100;2;True;True;True;True;True;True;True;13;True;13;False;3;100;0;99;4;12,0;-6,0;False;0,0;False;77,52806777526236;2,0;1,0;5;6,75;6,75;6,75;0,0;0,0;42,75;1;2026-07-19 20:40:00;2026-07-19 20:45:00;300;2026-07-19;20;40
2026-07-19 20:45:00;28826,0;28849,75;28826,0;28839,0;28826,0;28839,0;21;2,25;1,0;-41;-1;20,0;33,0;-13;3,0;2,0;1;0,6176470588235294;1,619047619047619;0,4820885559593562;0,0;1,1239840913020922;-1,1239840913020922;6,5;28839,25;28832,5;-0,25;-6,5;0,0;1998,9816627664893;0;0,9691358024691358;0,8118811881188119;0,7115384615384616;0,8947368421052632;1,0;1,8894230769230769;3,5;FRACO;252;28837,0;28836,25;28832,5;28834,25;20,0;0,3165829145728643;28832,5;0,0;28848,25;False;30;22;8,0;19;11;5;True;True;True;True;True;True;False;78;False;63;False;60;30;19;22;25;8,0;-6,0;False;0,0;False;1998,9816627664893;2,25;1,0;5;23,75;13,0;13,0;10,75;0,0;-16,5;1;2026-07-19 20:45:00;2026-07-19 20:50:00;300;2026-07-19;20;45
2026-07-19 20:50:00;28832,0;28853,5;28831,0;28853,5;28832,0;28853,5;9;2,25;1,0;58;30;66,0;25,0;41;16,0;11,0;5;2,576923076923077;0,3880597014925373;0,485144539614561;1,1249567324333678;0,0777766255314736;1,0471801069018942;7,25;28852,25;28841,75;1,25;-11,75;1,75;1017,6816900123207;0;0,8144329896907216;0,8211920529801324;0,8191489361702128;0,8085106382978723;0,7368421052631579;2,098404255319149;4,25;FRACO;108;28856,0;28852,25;28847,0;28848,25;24,25;0,2961672473867596;28856,0;0,0;28846,0;True;99;91;8,0;0;99;5;True;True;True;True;True;True;True;39;True;35;False;25;99;0;91;4;8,0;-6,0;False;0,0;False;1017,6816900123207;2,25;1,0;5;22,5;21,5;21,5;0,0;1,0;14,5;1;2026-07-19 20:50:00;2026-07-19 20:55:00;300;2026-07-19;20;50
2026-07-19 20:55:00;28871,5;28871,5;28862,0;28862,0;28871,5;28862,0;3;2,0;1,0;21;-31;56,0;100,0;-44;6,0;16,0;-10;0,5643564356435643;1,7719298245614037;-0,2699601808733212;-3,768844221105528;0,1520866285436184;-3,9209308496491455;-4,0;28873,75;28863,75;-11,75;1,75;-3,75;238,18344236580384;0;0,536697247706422;0,5058823529411764;0,7569444444444444;0,7962962962962963;0,4705882352941176;1,7586805555555556;2,25;FRACO;36;28867,25;28867,0;28864,0;28863,75;11,0;0,1343283582089552;28867,25;0,0;28864,75;True;85;91;-6,0;16;69;3;True;True;True;True;True;True;True;15;False;8;True;14;16;85;4;91;12,0;-6,0;True;1,0;True;238,18344236580384;2,0;1,0;5;9,5;-9,5;9,5;0,0;0,0;8,5;-1;2026-07-19 20:55:00;2026-07-19 21:00:00;300;2026-07-19;20;55
2026-07-19 21:00:00;28831,25;28869,75;28822,5;28869,75;28831,25;28869,75;12;1,5;1,0;55;32;77,0;62,0;15;39,0;24,0;15;1,238095238095238;0,8076923076923077;0,6104567652973284;0,8534136546184738;0,4202622436400314;0,4331514109784424;8,5;28868,5;28849,75;1,25;-20,0;1,75;1564,3698470506024;0;0,7737556561085973;0,6590038314176245;0,5974025974025974;0,3857142857142857;0,1951219512195122;1,8084415584415583;3,25;FRACO;144;28871,25;28863,0;28857,25;28860,0;21,5;0,361344537815126;28871,25;1,0;28854,0;True;100;99;8,0;0;100;5;True;True;True;True;True;True;True;55;True;49;True;27;100;0;99;4;8,0;-6,0;True;0,0;True;1564,3698470506024;1,5;1,0;5;47,25;38,5;38,5;0,0;8,75;7,75;1;2026-07-19 21:00:00;2026-07-19 21:05:00;300;2026-07-19;21;0
2026-07-19 21:05:00;28894,25;28922,5;28894,25;28922,5;28894,25;28922,5;16;1,5;1,0;399;115;79,0;43,0;36;43,0;16,0;27;1,818181818181818;0,55;0,6405876323881107;0,806939681258826;0,5278238576383653;0,2791158236204607;7,5;28921,0;28910,0;1,5;-12,5;2,0;1866,3104270998713;0;0,5161290322580645;0,4275092936802974;0,2702702702702703;0,1764705882352941;0,2553191489361702;1,3800675675675675;2,25;FRACO;192;28923,25;28919,5;28916,25;28917,0;13,25;0,3661971830985915;28923,25;0,0;28912,25;True;100;99;8,0;0;100;7;True;True;True;True;True;True;True;64;True;61;False;41;100;0;99;4;8,0;-6,0;True;1,0;True;1866,3104270998713;1,5;1,0;5;28,25;28,25;28,25;0,0;0,0;52,75;1;2026-07-19 21:05:00;2026-07-19 21:10:00;300;2026-07-19;21;5
2026-07-19 21:10:00;28944,75;28944,75;28931,0;28939,5;28944,75;28939,5;7;1,75;2,0;148;39;80,0;59,0;21;28,0;13,0;15;1,35;0,7407407407407407;0,3788922568200606;1,1689367757674325;-0,2526528549772612;1,4215896307446936;5,5;28939,0;28927,5;0,5;-12,0;3,25;726,3363006743705;0;0,2925373134328358;0,5545851528384279;0,5686274509803921;0,4629629629629629;0,4230769230769231;1,6258169934640525;2,5;FRACO;84;28937,0;28934,25;28932,0;28929,5;15,75;0,0052910052910052;28937,0;0,0;28932,0;True;100;99;12,0;0;100;2;True;True;True;True;True;True;True;28;True;25;False;19;100;0;99;4;12,0;-6,0;False;0,0;False;726,3363006743705;1,75;2,0;5;13,75;-5,25;5,25;0,0;8,5;17,0;-1;2026-07-19 21:10:00;2026-07-19 21:15:00;300;2026-07-19;21;10
2026-07-19 21:15:00;28956,5;28956,5;28945,25;28945,25;28956,5;28945,25;4;1,5;1,0;-223;-97;50,0;171,0;-121;24,0;42,0;-18;0,2965116279069767;3,372549019607843;-0,4801426709650867;-1,3028663058729204;0,0269425584653518;-1,3298088643382722;-7,0;28963,5;28950,5;-18,25;5,25;-5,25;226,46173844860448;0;0,4555984555984556;0,3;0,3090909090909091;0,2446808510638297;0,2641509433962264;1,303030303030303;2,5;FRACO;48;28953,75;28954,0;28942,0;28951,5;21,5;0,5058823529411764;28942,0;0,0;28953,75;True;100;99;12,0;0;100;4;True;True;True;True;True;True;True;21;False;8;True;20;0;100;4;99;-6,0;12,0;True;0,0;True;226,46173844860448;1,5;1,0;5;11,25;-11,25;11,25;0,0;0,0;5,75;-1;2026-07-19 21:15:00;2026-07-19 21:20:00;300;2026-07-19;21;15
2026-07-19 21:25:00;28934,0;28936,5;28934,0;28936,5;28934,0;28936,5;2;2,0;0,3333333333333333;2;17;46,0;45,0;1;10,0;7,0;3;1,0217391304347827;0,9787234042553192;0,3286969759878209;0,059185606060606;0,4839685420447671;-0,424782935984161;4,75;28938,0;28926,5;-1,5;-10,0;-0,75;150,79899988495166;0;0,3709677419354839;0,466321243523316;0,4201680672268907;0,7435897435897436;0,7727272727272727;1,4978991596638656;2,5;FRACO;24;28938,25;28938,0;28933,0;28926,5;16,5;0,0220264317180616;28938,25;1,0;28929,0;False;28;20;8,0;20;8;0;True;False;True;False;True;True;False;6;False;5;False;6;20;28;22;20;-2,0;8,0;False;0,0;False;150,79899988495166;2,0;0,3333333333333333;5;2,5;2,5;2,5;0,0;0,0;-8,75;1;2026-07-19 21:25:00;2026-07-19 21:30:00;300;2026-07-19;21;25
2026-07-19 21:30:00;28933,5;28936,75;28897,75;28897,75;28933,5;28897,75;12;1,75;0,3333333333333333;-241;-77;32,0;54,0;-22;8,0;39,0;-31;0,6;1,6666666666666667;-0,5618766680713584;-0,65;-0,517260154633562;-0,132739845366438;-8,0;28908,5;28898,75;-10,75;1,0;-1,0;1175,3359030255;0;0,4208494208494208;0,4979919678714859;0,5225225225225225;0,5972222222222222;0,7741935483870968;1,5653153153153154;2,75;FRACO;144;28901,25;28901,0;28896,25;28899,0;12,25;0,1194968553459119;28896,25;1,0;28912,25;True;100;99;8,0;0;100;5;True;True;True;True;True;True;True;47;False;29;True;42;0;100;4;99;-6,0;8,0;False;0,0;False;1175,3359030255;1,75;0,3333333333333333;5;39,0;-35,75;35,75;3,25;0,0;-38,75;-1;2026-07-19 21:30:00;2026-07-19 21:35:00;300;2026-07-19;21;30
2026-07-19 21:35:00;28882,25;28923,0;28882,25;28901,75;28882,25;28901,75;23;1,75;3,0;379;132;28,0;64,0;-36;17,0;45,0;-28;0,4461538461538462;2,2413793103448274;-1,3896037056098816;-0,4258943781942078;-2,38353196099675;1,9576375828025416;-13,5;28923,75;28902,0;-22,0;0,25;-2,25;1805,9588231176083;0;0,4171779141104294;0,2983425414364641;0,3583333333333333;0,4133333333333333;0,6;1,4479166666666667;2,5;FRACO;276;28902,75;28905,75;28900,5;28902,0;23,25;0,2521739130434782;28902,75;1,0;28917,25;False;85;87;-2,0;18;67;9;True;True;True;True;True;True;False;88;False;80;False;56;18;85;10;87;8,0;-2,0;True;0,0;True;1805,9588231176083;1,75;3,0;5;40,75;19,5;19,5;21,25;0,0;4,0;1;2026-07-19 21:35:00;2026-07-19 21:40:00;300;2026-07-19;21;35
2026-07-19 21:40:00;28902,5;28931,5;28890,25;28890,25;28902,5;28890,25;9;1,75;1,0;21;-13;39,0;27,0;12;13,0;16,0;-3;1,4285714285714286;0,7;-0,1340931947703654;0,4122011541632316;-0,2868288205598899;0,6990299747231214;-2,0;28895,25;28887,0;-5,0;-3,25;-0,5;750,9631075991032;0;0,7151162790697675;0,6535947712418301;0,6785714285714286;0,5813953488372093;0,4285714285714285;1,7291666666666667;2,75;FRACO;108;28894,25;28893,75;28887,0;28890,75;17,5;0,3846153846153846;28887,0;0,0;28895,0;True;40;32;8,0;25;15;5;True;True;True;True;True;True;True;38;False;26;True;30;25;40;31;32;-6,0;8,0;False;0,0;False;750,9631075991032;1,75;1,0;5;41,25;-12,25;12,25;29,0;0,0;-11,5;-1;2026-07-19 21:40:00;2026-07-19 21:45:00;300;2026-07-19;21;40
2026-07-19 21:45:00;28887,25;28887,25;28868,5;28868,5;28887,25;28868,5;3;1,0;1,0;-121;-109;42,0;113,0;-71;31,0;90,0;-59;0,3771929824561403;2,6511627906976742;-1,3294884278331212;-2,5211778943122227;-0,5230809467765136;-1,998096947535709;-17,75;28889,0;28877,5;-20,5;9,0;-10,25;246,49791281722122;0;0,6890243902439024;0,4813432835820895;0,4385026737967914;0,435064935064935;0,415929203539823;1,5401069518716577;5,25;FRACO;36;28870,25;28870,0;28866,75;28866,75;23,0;0,4187192118226601;28866,75;0,0;28889,0;True;100;99;8,0;0;100;1;True;True;True;True;True;True;True;14;False;4;True;14;0;100;4;99;-6,0;8,0;False;0,0;False;246,49791281722122;1,0;1,0;5;18,75;-18,75;18,75;0,0;0,0;-21,75;-1;2026-07-19 21:45:00;2026-07-19 21:50:00;300;2026-07-19;21;45
2026-07-19 22:00:00;28879,75;28882,5;28853,0;28853,0;28879,75;28853,0;22;1,75;0,5;61;-6;22,0;37,0;-15;12,0;21,0;-9;0,6052631578947368;1,6521739130434785;-0,3424933515996454;-0,4119973632168754;0,1386577925679423;-0,5506551557848177;-4,25;28858,25;28848,25;-5,25;-4,75;-0,25;3106,2464845133936;0;0,7521367521367521;0,5;0,4;0,3846153846153846;0,2580645161290322;1,5038461538461538;2,5;FRACO;264;28858,0;28858,25;28848,25;28852,5;12,0;0,2285714285714285;28848,25;0,0;28856,0;False;91;79;12,0;0;91;10;True;True;True;True;True;True;False;84;False;65;False;65;0;91;4;79;-6,0;12,0;False;0,0;False;3106,2464845133936;1,75;0,5;5;29,5;-26,75;26,75;2,75;0,0;-15,5;-1;2026-07-19 22:00:00;2026-07-19 22:05:00;300;2026-07-19;22;0
2026-07-19 22:05:00;28858,5;28905,75;28858,0;28905,75;28858,5;28905,75;21;2,0;2,0;178;76;27,0;16,0;11;2,0;2,0;0;1,6470588235294117;0,6071428571428571;0,1022425192556744;0,0;-1,0778074317388626;1,0778074317388626;1,5;28906,5;28896,5;-0,75;-9,25;0,0;2133,4870805303126;0;0,8295454545454546;0,8266666666666667;0,7735849056603774;0,9090909090909092;1,0;1,858490566037736;2,75;FRACO;252;28905,25;28906,5;28899,0;28902,5;16,0;0,0448979591836734;28899,0;0,0;28895,25;True;32;38;-6,0;16;16;8;True;True;True;True;True;True;True;82;True;67;False;58;32;16;38;4;-6,0;12,0;False;0,0;False;2133,4870805303126;2,0;2,0;5;47,75;47,25;47,25;0,0;0,5;52,75;1;2026-07-19 22:05:00;2026-07-19 22:10:00;300;2026-07-19;22;5
2026-07-19 22:10:00;28902,75;28917,25;28850,0;28850,0;28902,75;28850,0;24;1,75;1,0;-164;-23;23,0;36,0;-13;16,0;24,0;-8;0,6486486486486487;1,5416666666666667;-0,8634793673877477;0,2103049421661409;-1,227639424763241;1,437944366929382;-9,5;28861,5;28847,5;-11,5;-2,5;0,75;2589,9575963088328;0;0,6564885496183206;0,7692307692307693;0,7611940298507462;0,8;0,7368421052631579;1,8656716417910448;3,0;FRACO;288;28851,0;28852,5;28846,5;28847,5;17,5;0,3846153846153846;28846,5;0,0;28851,0;False;69;57;12,0;20;49;5;True;True;True;True;True;True;False;89;False;57;False;77;20;69;26;57;-6,0;12,0;False;0,0;False;2589,9575963088328;1,75;1,0;5;67,25;-52,75;52,75;14,5;0,0;-55,75;-1;2026-07-19 22:10:00;2026-07-19 22:15:00;300;2026-07-19;22;10
2026-07-19 22:15:00;28851,0;28868,75;28839,75;28839,75;28851,0;28839,75;24;1,25;0,5;-17;10;37,0;38,0;-1;9,0;16,0;-7;0,9743589743589745;1,0263157894736843;-0,7801664355062413;-1,3336566440349176;-0,4964953271028037;-0,8371613169321139;-11,25;28855,75;28841,0;-16,0;1,25;-3,5;2689,3181988579972;0;0,7456140350877193;0,6666666666666666;0,68;0,7027027027027027;0,6956521739130435;1,71;2,25;FRACO;288;28843,25;28852,0;28841,0;28849,25;14,75;0,0762331838565022;28843,25;0,0;28841,25;False;76;64;12,0;0;76;10;True;True;True;True;True;True;False;93;False;73;False;71;0;76;4;64;-6,0;12,0;False;0,0;False;2689,3181988579972;1,25;0,5;5;29,0;-11,25;11,25;17,75;0,0;-10,25;-1;2026-07-19 22:15:00;2026-07-19 22:20:00;300;2026-07-19;22;15
2026-07-19 22:20:00;28832,0;28876,5;28832,0;28876,5;28832,0;28876,5;12;1,5;1,0;156;-1;57,0;37,0;20;31,0;23,0;8;1,5263157894736843;0,6551724137931034;0,5099810578464229;0,9034863945578232;0,0593401376691193;0,8441462568887038;7,0;28878,0;28865,0;-1,5;-11,5;0,0;1210,110505728441;0;0,8666666666666667;0,5669642857142857;0,5175438596491229;0,4942528735632184;0,1515151515151515;1,5745614035087718;2,25;FRACO;144;28878,0;28874,5;28867,5;28870,5;16,75;0,3268292682926829;28878,0;0,0;28870,5;True;77;69;8,0;0;77;7;True;True;True;True;True;True;True;49;False;43;True;32;77;0;69;4;8,0;-6,0;False;0,0;False;1210,110505728441;1,5;1,0;5;44,5;44,5;44,5;0,0;0,0;36,75;1;2026-07-19 22:20:00;2026-07-19 22:25:00;300;2026-07-19;22;20
2026-07-19 22:25:00;28866,5;28866,5;28831,75;28831,75;28866,5;28831,75;3;1,75;2,0;-42;-44;40,0;62,0;-22;4,0;16,0;-12;0,6507936507936508;1,5365853658536586;-0,1185877888459714;-0,6;0,1294665976178146;-0,7294665976178146;-1,75;28848,5;28832,75;-16,75;1,0;-2,75;340,04734551057317;0;0,6804733727810651;0,6322869955156951;0,6;0,7272727272727273;0,6842105263157895;1,5727272727272728;2,25;FRACO;36;28837,5;28839,25;28834,25;28836,25;15,75;0,1919191919191919;28837,5;0,0;28837,5;True;100;99;12,0;0;100;3;True;True;True;True;True;True;True;18;False;6;True;17;0;100;4;99;-6,0;12,0;False;0,0;False;340,04734551057317;1,75;2,0;5;34,75;-34,75;34,75;0,0;0,0;-44,75;-1;2026-07-19 22:25:00;2026-07-19 22:30:00;300;2026-07-19;22;25
2026-07-19 22:30:00;28818,25;28827,5;28804,75;28810,75;28818,25;28810,75;25;2,0;1,0;-47;6;33,0;22,0;11;7,0;5,0;2;1,4782608695652173;0,6764705882352942;0,1457301078402798;-0,1435132032146957;0,4984051036682616;-0,6419183068829573;2,0;28814,0;28806,75;-3,25;-4,0;-3,0;3189,3719691384395;0;0,7244897959183674;0,5219123505976095;0,6987951807228916;0,6666666666666666;0,6;1,716867469879518;2,25;FRACO;300;28813,75;28814,0;28811,25;28808,75;10,25;0,0896551724137931;28813,75;3,0;28817,0;False;34;26;8,0;31;3;5;True;True;True;True;True;True;False;98;False;77;False;65;31;34;37;26;-6,0;8,0;True;1,0;True;3189,3719691384395;2,0;1,0;5;22,75;-7,5;7,5;9,25;6,0;-21,0;-1;2026-07-19 22:30:00;2026-07-19 22:35:00;300;2026-07-19;22;30
2026-07-19 22:35:00;28810,0;28832,75;28805,0;28825,75;28810,0;28825,75;24;2,25;2,0;69;0;16,0;18,0;-2;6,0;6,0;0;0,8947368421052632;1,1176470588235294;-0,0518564613150798;1,4674806292556937;-0,8827099194527198;2,3501905487084134;-0,75;28827,75;28818,5;-2,0;-7,25;4,25;2404,4751459807944;0;0,7171052631578947;0,762962962962963;0,7547169811320755;0,7586206896551724;0,7272727272727273;1,9245283018867925;2,5;FRACO;288;28826,5;28823,75;28818,5;28821,0;18,5;0,1742424242424242;28818,5;0,0;28820,5;False;30;22;8,0;20;10;3;True;True;True;True;True;True;False;84;False;75;False;55;20;30;26;22;-6,0;8,0;True;0,0;True;2404,4751459807944;2,25;2,0;5;27,75;15,75;15,75;7,0;5,0;15,0;1;2026-07-19 22:35:00;2026-07-19 22:40:00;300;2026-07-19;22;35
2026-07-19 22:40:00;28825,5;28830,5;28776,75;28800,75;28825,5;28800,75;24;1,0;0,25;-628;-225;41,0;31,0;10;14,0;7,0;7;1,3125;0,7619047619047619;0,2240143369175627;0,551544324107501;0,0529773257045984;0,4985669984029025;3,25;28800,75;28791,0;0,0;-9,75;-0,75;2461,600469965232;0;0,4674556213017751;0,4897959183673469;0,4888888888888889;0,6;0,3636363636363636;1,511111111111111;2,0;FRACO;288;28799,5;28800,0;28796,75;28794,5;23,0;0,2713178294573643;28799,5;0,0;28790,0;False;57;49;8,0;8;49;7;True;True;True;True;True;True;False;96;False;62;False;76;57;8;49;14;8,0;-6,0;False;0,0;False;2461,600469965232;1,0;0,25;5;53,75;-24,75;24,75;5,0;24,0;-25,0;-1;2026-07-19 22:40:00;2026-07-19 22:45:00;300;2026-07-19;22;40
2026-07-19 22:45:00;28798,75;28808,5;28786,75;28808,5;28798,75;28808,5;20;1,75;1,0;31;16;39,0;11,0;28;33,0;6,0;27;3,333333333333333;0,3;0,788845301040423;0,9983361064891848;0,8949416342412452;0,1033944722479395;9,25;28807,0;28798,25;1,5;-10,25;0,5;2136,452254209156;0;0,794392523364486;0,6923076923076923;0,7313432835820896;0,6730769230769231;0,7692307692307693;1,7835820895522387;2,25;FRACO;240;28811,75;28810,0;28795,5;28798,25;22,0;0,4074074074074074;28811,75;1,0;28798,25;True;100;99;8,0;0;100;6;True;True;True;True;True;True;True;75;True;60;False;56;100;0;99;4;8,0;-6,0;False;0,0;False;2136,452254209156;1,75;1,0;5;21,75;9,75;9,75;0,0;12,0;7,75;1;2026-07-19 22:45:00;2026-07-19 22:50:00;300;2026-07-19;22;45
2026-07-19 22:50:00;28774,25;28776,0;28771,5;28771,5;28774,25;28771,5;4;1,75;1,0;-139;-69;50,0;60,0;-10;21,0;34,0;-13;0,8360655737704918;1,196078431372549;-0,2494654312188168;0,3186336986999745;-0,4201176329372224;0,738751331637197;-3,5;28777,0;28767,0;-5,5;-4,5;-1,0;347,57098012504935;4;0,5342465753424658;0,1678082191780822;0,183206106870229;0,1752577319587628;0,2;1,3244274809160306;2,0;FRACO;48;28773,5;28772,75;28770,25;28767,0;9,5;0,0758620689655172;28770,25;1,0;28772,25;False;67;59;8,0;18;49;2;True;True;True;False;True;True;False;15;False;10;False;15;18;67;20;59;-2,0;8,0;False;0,0;False;347,57098012504935;1,75;1,0;5;4,5;-2,75;2,75;1,75;0,0;-37,0;-1;2026-07-19 22:50:00;2026-07-19 22:55:00;300;2026-07-19;22;50
2026-07-19 22:55:00;28767,0;28803,0;28765,25;28802,0;28767,0;28802,0;20;1,75;2,0;92;24;29,0;36,0;-7;13,0;21,0;-8;0,8108108108108109;1,2333333333333334;-0,0693048721325109;-0,4545454545454545;0,2401248649297634;-0,694670319475218;-1,0;28805,75;28795,5;-3,75;-6,5;-4,0;1655,6786505272767;0;0,4714285714285714;0,6687898089171974;0,6385542168674698;0,5217391304347826;0,4666666666666667;1,6234939759036144;2,75;FRACO;240;28806,0;28804,5;28800,25;28795,5;15,5;0,1398963730569948;28806,0;0,0;28800,25;True;51;57;-6,0;16;35;5;True;True;True;True;True;True;True;78;True;53;False;60;16;51;4;57;12,0;-6,0;False;0,0;False;1655,6786505272767;1,75;2,0;5;37,75;35,0;35,0;1,0;1,75;30,5;1;2026-07-19 22:55:00;2026-07-19 23:00:00;300;2026-07-19;22;55
2026-07-19 23:00:00;28797,75;28871,75;28797,75;28859,75;28797,75;28859,75;15;1,5;1,0;148;43;46,0;107,0;-61;7,0;23,0;-16;0,4351851851851852;2,297872340425532;-0,8500566704446962;-1,186790505675955;-0,6383657835939993;-0,5484247220819554;-12,75;28877,75;28861,5;-18,0;1,75;-1,75;1629,1756816781744;0;0,6331877729257642;0,4469696969696969;0,40625;0,3818181818181818;0,3225806451612903;1,48828125;2,5;FRACO;180;28873,0;28872,5;28867,75;28870,5;10,0;0,0138888888888888;28873,0;0,0;28859,5;True;93;99;-6,0;12;81;6;True;True;True;True;True;True;True;62;True;46;True;48;12;93;4;99;8,0;-6,0;True;1,0;True;1629,1756816781744;1,5;1,0;5;74,0;62,0;62,0;12,0;0,0;57,75;1;2026-07-19 23:00:00;2026-07-19 23:05:00;300;2026-07-19;23;0
2026-07-19 23:10:00;28843,5;28843,5;28834,25;28838,25;28843,5;28838,25;5;1,75;2,0;-57;-18;33,0;37,0;-4;9,0;5,0;4;0,8947368421052632;1,1176470588235294;0,2004665403119988;0,3037667071688943;0,0318633698699974;0,2719033372988969;2,75;28839,0;28833,0;-0,75;-5,25;0,0;326,44069800558947;6;0,3237410071942446;0,0204081632653061;0,0212765957446808;0,0588235294117647;0,125;1,2792553191489362;1,75;MODERADO;60;28837,25;28835,5;28834,5;28833,0;12,0;0,328125;28834,5;1,0;28836,5;False;38;40;-2,0;23;15;1;True;True;True;True;True;True;False;20;False;10;False;18;38;23;40;15;-2,0;8,0;False;0,0;False;326,44069800558947;1,75;2,0;5;9,25;-5,25;5,25;0,0;4,0;-21,5;-1;2026-07-19 23:10:00;2026-07-19 23:15:00;300;2026-07-19;23;10
2026-07-19 23:15:00;28835,25;28841,0;28824,75;28824,75;28835,25;28824,75;5;1,0;1,0;-21;-24;24,0;54,0;-30;14,0;32,0;-18;0,4545454545454545;2,2;-0,4513238833912811;-1,142263759086189;-0,1661129568106312;-0,9761508022755578;-6,75;28835,25;28826,25;-10,5;1,5;-1,0;450,88613897663424;3;0,0410958904109589;0,2795031055900621;0,2828282828282828;0,3333333333333333;0,3617021276595745;1,5454545454545454;4,25;FRACO;60;28832,5;28835,25;28821,5;28830,0;20,0;0,28;28821,5;0,0;28832,5;True;100;100;12,0;1;99;1;True;True;True;True;True;True;True;21;False;13;True;17;1;100;7;100;-6,0;12,0;False;0,0;False;450,88613897663424;1,0;1,0;5;16,25;-10,5;10,5;5,75;0,0;-13,5;-1;2026-07-19 23:15:00;2026-07-19 23:20:00;300;2026-07-19;23;15
2026-07-19 23:20:00;28806,0;28810,0;28794,0;28804,25;28806,0;28804,25;20;1,75;0,3333333333333333;4;13;14,0;6,0;8;4,0;1,0;3;2,142857142857143;0,4666666666666667;0,1529987760097919;0,3191828917969996;0,5685342154227827;-0,249351323625783;1,75;28805,25;28800,0;-1,0;-4,25;0,0;1869,7856853107162;0;0,3982300884955752;0,3604651162790697;0,5517241379310345;0,4615384615384615;0,5714285714285714;1,5775862068965518;2,0;FRACO;240;28805,25;28801,75;28802,25;28794,75;12,25;0,0;28802,25;1,0;28798,0;False;31;33;-2,0;18;13;5;True;True;True;True;True;True;False;80;False;64;False;53;31;18;33;10;-2,0;8,0;False;0,0;False;1869,7856853107162;1,75;0,3333333333333333;5;16,0;-1,75;1,75;4,0;10,25;-20,5;-1;2026-07-19 23:20:00;2026-07-19 23:25:00;300;2026-07-19;23;20
2026-07-19 23:25:00;28801,5;28820,25;28798,0;28810,5;28801,5;28810,5;24;2,25;0,3333333333333333;167;45;18,0;19,0;-1;7,0;13,0;-6;0,95;1,0526315789473684;-0,5606681617817647;-0,8547008547008548;-0,7897646501342599;-0,0649362045665948;-7,25;28823,5;28810,5;-13,0;0,0;-1,0;2003,648419095155;0;0,5303867403314917;0,8152173913043478;0,7962962962962963;0,8620689655172413;1,0;1,8425925925925928;2,5;FRACO;288;28814,5;28823,5;28810,5;28813,5;13,0;0,0140845070422535;28814,5;0,0;28814,5;False;56;44;12,0;0;56;4;True;True;True;True;True;True;False;81;False;73;False;55;0;56;4;44;-6,0;12,0;False;0,0;False;2003,648419095155;2,25;0,3333333333333333;5;22,25;9,0;9,0;9,75;3,5;6,25;1;2026-07-19 23:25:00;2026-07-19 23:30:00;300;2026-07-19;23;25
2026-07-19 23:30:00;28813,75;28872,25;28813,75;28867,75;28813,75;28867,75;14;2,25;2,0;194;64;19,0;22,0;-3;1,0;10,0;-9;0,8695652173913043;1,15;-0,1179165824405363;-0,2153779883695886;-0,2025228561509084;-0,0128551322186801;-1,75;28872,25;28860,5;-4,5;-7,25;0,0;1341,1506121173913;0;0,3972602739726027;0,7741935483870968;0,7413793103448276;0,78125;1,0;1,8103448275862069;2,25;FRACO;168;28870,25;28872,25;28865,5;28860,5;19,0;0,1282051282051282;28870,25;0,0;28874,75;True;33;39;-6,0;12;21;6;True;True;True;True;True;True;True;54;True;45;False;37;12;33;4;39;8,0;-6,0;True;1,0;True;1341,1506121173913;2,25;2,0;5;58,5;54,0;54,0;4,5;0,0;57,25;1;2026-07-19 23:30:00;2026-07-19 23:35:00;300;2026-07-19;23;30
2026-07-19 23:35:00;28866,5;28880,75;28859,0;28880,75;28866,5;28880,75;8;2,0;1,0;35;55;86,0;33,0;53;44,0;18,0;26;2,5588235294117645;0,3908045977011494;1,0516423520988096;1,0773130544993663;1,02880658436214;0,0485064701372264;11,75;28878,25;28857,5;2,5;-23,25;2,5;613,2174241225189;0;0,6893203883495146;0,5025906735751295;0,3524590163934426;0,2048192771084337;0,1063829787234042;1,3872950819672132;2,5;FRACO;96;28885,25;28884,5;28872,5;28871,75;30,0;0,4571428571428571;28885,25;1,0;28863,5;True;97;99;-2,0;12;85;1;True;True;True;True;True;True;True;31;True;23;False;22;97;12;99;4;-2,0;8,0;True;0,0;True;613,2174241225189;2,0;1,0;5;21,75;14,25;14,25;0,0;7,5;13,0;1;2026-07-19 23:35:00;2026-07-19 23:40:00;300;2026-07-19;23;35
2026-07-19 23:40:00;28904,0;28915,0;28901,0;28902,5;28904,0;28902,5;9;2,0;2,0;128;-18;18,0;29,0;-11;2,0;13,0;-11;0,6333333333333333;1,5789473684210529;-0,5351101291168957;-3,074866310160428;0,0;-3,074866310160428;-7,75;28911,75;28908,25;-9,25;5,75;-5,75;577,533985904687;0;0,4943820224719101;0,4366812227074236;0,5806451612903226;0,6060606060606061;0,5;1,6290322580645162;2,25;FRACO;108;28911,75;28911,5;28908,75;28909,5;9,25;0,1743119266055046;28911,75;1,0;28913,25;False;81;87;-6,0;12;69;3;True;True;True;True;True;True;False;37;False;29;False;26;12;81;4;87;8,0;-6,0;False;0,0;False;577,533985904687;2,0;2,0;5;14,0;-1,5;1,5;11,0;1,5;21,75;-1;2026-07-19 23:40:00;2026-07-19 23:45:00;300;2026-07-19;23;40
2026-07-19 23:45:00;28898,0;28916,25;28898,0;28916,25;28898,0;28916,25;10;1,0;2,0;58;61;64,0;29,0;35;37,0;11,0;26;2,1666666666666665;0,4615384615384615;0,2192390717754992;0,7342143906020557;0,121580547112462;0,6126338434895937;3,25;28915,0;28909,0;1,25;-7,25;4,0;658,0962669737785;0;0,7835820895522388;0,6824324324324325;0,7378640776699029;0,7096774193548387;0,8461538461538461;1,7135922330097086;3,5;FRACO;120;28913,75;28915,0;28911,5;28911,0;15,75;0,2660550458715596;28913,75;0,0;28911,0;True;100;99;8,0;0;100;1;True;True;True;True;True;True;True;36;True;29;False;27;100;0;99;4;8,0;-6,0;False;0,0;False;658,0962669737785;1,0;2,0;5;18,25;18,25;18,25;0,0;0,0;13,75;1;2026-07-19 23:45:00;2026-07-19 23:50:00;300;2026-07-19;23;45
2026-07-19 23:50:00;28929,0;28929,0;28905,0;28905,0;28929,0;28905,0;20;1,75;1,0;95;-54;9,0;16,0;-7;1,0;6,0;-5;0,5882352941176471;1,7;-0,1868714324544713;-3,686327077747989;0,8642717571020592;-4,550598834850049;-2,75;28913,5;28907,25;-8,5;2,25;-2,75;1310,691193364689;0;0,7787610619469026;0,8904109589041096;0,8285714285714286;0,8181818181818182;0,75;1,95;2,5;FRACO;240;28913,5;28912,25;28907,5;28909,0;9,25;0,044776119402985;28913,5;0,0;28912,25;False;77;69;8,0;0;77;5;True;True;True;True;True;True;False;71;False;54;False;59;0;77;4;69;-6,0;8,0;False;0,0;False;1310,691193364689;1,75;1,0;5;24,0;-24,0;24,0;0,0;0,0;-11,25;-1;2026-07-19 23:50:00;2026-07-19 23:55:00;300;2026-07-19;23;50
2026-07-19 23:55:00;28906,75;28907,75;28884,0;28884,0;28906,75;28884,0;14;2,0;3,0;-162;-94;30,0;59,0;-29;10,0;28,0;-18;0,5166666666666667;1,935483870967742;-0,3414367659109533;-0,4536290322580645;-0,2858033672833091;-0,1678256649747554;-5,0;28898,75;28885,0;-14,75;1,0;-0,75;930,2192962381778;0;0,3481481481481481;0,455026455026455;0,3;0,2142857142857142;0,8571428571428571;1,3681818181818182;2,25;FRACO;168;28887,5;28889,5;28885,0;28886,5;25,5;0,5168539325842697;28887,5;1,0;28899,75;True;97;99;-2,0;12;85;4;True;True;True;True;True;True;True;62;False;32;True;54;12;97;4;99;8,0;-2,0;False;0,0;False;930,2192962381778;2,0;3,0;5;23,75;-22,75;22,75;1,0;0,0;-21,0;-1;2026-07-19 23:55:00;2026-07-20 00:00:00;300;2026-07-19;23;55
2026-07-20 00:05:00;28863,75;28874,0;28858,0;28871,5;28863,75;28871,5;15;1,5;1,0;94;54;30,0;27,0;3;14,0;15,0;-1;1,1071428571428572;0,9032258064516128;-0,2219460227272727;-1,255020080321285;0,4019938896928766;-1,6570139700141615;-2,5;28878,25;28867,5;-6,75;-4,0;0,0;1001,1019139524094;3;0,2440944881889764;0,4379084967320261;0,5584415584415584;0,4146341463414634;0,2105263157894736;1,594155844155844;2,0;FRACO;180;28878,25;28874,25;28870,25;28871,5;22,25;0,3852813852813853;28878,25;0,0;28867,5;False;31;37;-6,0;20;11;2;True;True;True;True;True;True;False;57;False;47;False;36;20;31;12;37;8,0;-6,0;False;0,0;False;1001,1019139524094;1,5;1,0;5;16,0;7,75;7,75;2,5;5,75;-12,5;1;2026-07-20 00:05:00;2026-07-20 00:10:00;300;2026-07-20;0;5
2026-07-20 00:10:00;28872,75;28887,75;28867,0;28884,75;28872,75;28884,75;22;2,0;2,0;167;56;51,0;20,0;31;2,0;5,0;-3;2,4761904761904763;0,4038461538461538;-0,1528844193789495;0,0;-0,1827867140171297;0,1827867140171297;-2,25;28892,0;28883,75;-7,25;-1,0;0,0;1625,2082891359396;0;0,6730769230769231;0,4909090909090909;0,4943820224719101;0,7222222222222222;0,7142857142857143;1,5617977528089888;2,25;FRACO;264;28887,0;28892,0;28884,0;28883,75;21,0;0,1946902654867256;28884,0;1,0;28875,25;False;45;37;8,0;16;29;3;True;True;True;True;True;True;False;75;False;61;False;56;45;16;37;22;8,0;-6,0;False;0,0;False;1625,2082891359396;2,0;2,0;5;20,75;12,0;12,0;3,0;5,75;13,25;1;2026-07-20 00:10:00;2026-07-20 00:15:00;300;2026-07-20;0;10
2026-07-20 00:15:00;28871,75;28911,5;28871,75;28892,75;28871,75;28892,75;24;2,0;2,0;28;-8;15,0;58,0;-43;6,0;25,0;-19;0,2711864406779661;3,6875;-0,6710958996040535;-0,4694345921134988;-0,4300612837329319;-0,0393733083805669;-10,0;28904,25;28891,0;-11,5;-1,75;-0,75;1753,1306441937666;0;0,6732673267326733;0,7327586206896551;0,8117647058823529;0,7627118644067796;0,7391304347826086;1,7970588235294118;3,0;FRACO;288;28894,25;28902,75;28891,0;28897,75;19,0;0,2622222222222222;28894,25;0,0;28894,25;False;85;73;12,0;0;85;8;True;True;True;True;True;True;False;97;False;69;False;72;0;85;4;73;-6,0;12,0;False;0,0;False;1753,1306441937666;2,0;2,0;5;39,75;21,0;21,0;18,75;0,0;8,0;1;2026-07-20 00:15:00;2026-07-20 00:20:00;300;2026-07-20;0;15
2026-07-20 00:20:00;28890,0;28895,5;28865,0;28865,0;28890,0;28865,0;17;2,25;3,0;-147;-83;27,0;64,0;-37;11,0;55,0;-44;0,4307692307692308;2,321428571428572;-2,0683733999375584;-2,0909285867467293;-1,2437810945273633;-0,847147492219366;-13,25;28887,0;28869,0;-22,0;4,0;-4,0;1140,1976188690028;0;0,6470588235294118;0,6158536585365854;0,5675675675675675;0,5555555555555556;0,7017543859649122;1,707207207207207;2,5;FRACO;204;28868,0;28886,25;28863,25;28865,75;23,75;0,2564102564102564;28863,25;0,0;28868,0;True;100;99;12,0;0;100;2;True;True;True;True;True;True;True;64;False;35;True;59;0;100;4;99;-6,0;12,0;False;0,0;False;1140,1976188690028;2,25;3,0;5;30,5;-25,0;25,0;5,5;0,0;-27,75;-1;2026-07-20 00:20:00;2026-07-20 00:25:00;300;2026-07-20;0;20
2026-07-20 00:25:00;28896,25;28896,25;28873,0;28873,0;28896,25;28873,0;12;2,25;0,3333333333333333;-35;-35;8,0;31,0;-23;6,0;27,0;-21;0,28125;3,555555555555556;-1,257729797715124;-1,570210856886496;-1,2362637362637363;-0,3339471206227598;-12,0;28889,0;28879,0;-16,0;6,0;-4,0;880,9169645787598;0;0,7375;0,7096774193548387;0,7543859649122807;0,7777777777777778;1,0;1,824561403508772;2,5;FRACO;144;28881,5;28895,5;28874,75;28879,0;20,75;0,2886597938144329;28874,75;1,0;28892,75;True;97;99;-2,0;12;85;2;True;True;True;True;True;True;True;47;False;27;True;38;12;97;4;99;8,0;-2,0;False;0,0;False;880,9169645787598;2,25;0,3333333333333333;5;23,25;-23,25;23,25;0,0;0,0;8,0;-1;2026-07-20 00:25:00;2026-07-20 00:30:00;300;2026-07-20;0;25
2026-07-20 00:35:00;28860,0;28888,5;28860,0;28888,5;28860,0;28888,5;10;1,5;1,0;38;36;6,0;8,0;-2;5,0;5,0;0;0,7777777777777778;1,2857142857142858;0,2335513145602562;-0,3324468085106383;0,5053191489361702;-0,8377659574468086;3,5;28889,75;28883,5;-1,25;-5,0;-0,5;764,2906607929813;0;0,4545454545454545;0,4821428571428571;0,3333333333333333;0,2666666666666666;0,1666666666666666;1,4861111111111112;1,75;FRACO;120;28885,75;28890,5;28883,5;28874,25;16,25;0,1003460207612456;28883,5;1,0;28883,75;True;25;17;8,0;25;0;1;True;True;True;True;True;True;True;35;True;31;False;23;25;25;17;31;8,0;-6,0;False;0,0;False;764,2906607929813;1,5;1,0;5;28,5;28,5;28,5;0,0;0,0;15,5;1;2026-07-20 00:35:00;2026-07-20 00:40:00;300;2026-07-20;0;35
2026-07-20 00:40:00;28887,0;28899,25;28869,75;28891,5;28887,0;28891,5;21;1,0;2,0;11;-18;11,0;10,0;1;6,0;4,0;2;1,0909090909090908;0,9166666666666666;0,0;0,0;0,0;0,0;0,0;28902,25;28888,0;-10,75;-3,5;0,5;1452,8728414579098;0;0,5652173913043478;0,5194805194805194;0,5;0,3076923076923077;0,3076923076923077;1,5089285714285714;2,0;FRACO;252;28902,25;28899,5;28888,0;28897,0;14,5;0,2660550458715596;28888,0;3,0;28892,5;False;27;19;8,0;0;27;0;True;True;True;True;True;True;False;71;False;56;False;54;27;0;19;4;8,0;-6,0;False;0,0;False;1452,8728414579098;1,0;2,0;5;29,5;4,5;4,5;7,75;17,25;3,0;1;2026-07-20 00:40:00;2026-07-20 00:45:00;300;2026-07-20;0;40
2026-07-20 00:45:00;28897,5;28903,5;28885,0;28903,5;28897,5;28903,5;23;1,75;0,5;-11;-14;19,0;17,0;2;11,0;7,0;4;1,1111111111111112;0,9;0,2039151712887438;-0,3553299492385787;0,6663334999167083;-1,021663449155287;2,25;28905,25;28895,25;-1,75;-8,25;-2,0;1470,9390998556826;0;0,4878048780487805;0,3265306122448979;0,4222222222222222;0,3571428571428571;0,5555555555555556;1,3277777777777775;2,25;FRACO;276;28905,25;28905,0;28895,25;28902,25;10,0;0,1720430107526881;28905,25;0,0;28902,25;False;35;27;8,0;20;15;0;True;True;True;True;True;True;False;75;False;48;False;67;35;20;27;26;8,0;-6,0;False;0,0;False;1470,9390998556826;1,75;0,5;5;18,5;6,0;6,0;0,0;12,5;12,0;1;2026-07-20 00:45:00;2026-07-20 00:50:00;300;2026-07-20;0;45
2026-07-20 00:50:00;28903,5;28935,75;28901,25;28933,25;28903,5;28933,25;8;1,75;0,5;31;3;22,0;76,0;-54;11,0;65,0;-54;0,2987012987012987;3,347826086956522;-0,1063196393637832;-0,5080153533529013;0,0412745583622255;-0,5492899117151268;-1,25;28937,5;28932,5;-4,25;-0,75;-0,5;430,0987608318642;0;0,2891566265060241;0,5855263157894737;0,5;0,3617021276595745;0,3428571428571428;1,5576923076923077;2,75;FRACO;96;28936,0;28937,75;28930,0;28932,5;8,25;0,160919540229885;28930,0;1,0;28934,75;True;77;79;-2,0;12;65;2;True;True;True;True;True;True;True;37;True;32;False;16;12;77;4;79;8,0;-2,0;True;1,0;True;430,0987608318642;1,75;0,5;5;34,5;29,75;29,75;2,5;2,25;29,75;1;2026-07-20 00:50:00;2026-07-20 00:55:00;300;2026-07-20;0;50
2026-07-20 00:55:00;28932,0;28934,5;28884,75;28890,75;28932,0;28890,75;20;1,75;1,0;-204;-58;8,0;18,0;-10;5,0;7,0;-2;0,4736842105263157;2,111111111111111;0,1084441873915558;0,3027856277755349;-0,2332089552238805;0,5359945829994155;1,5;28891,5;28887,75;-0,75;-3,0;-1,25;1172,156124024562;0;0,4036144578313253;0,5066666666666667;0,7105263157894737;0,7368421052631579;0,5833333333333334;1,625;2,0;FRACO;240;28891,5;28894,75;28887,75;28889,25;13,75;0,029940119760479;28887,75;0,0;28889,0;True;46;34;12,0;23;23;2;True;True;True;True;True;True;True;71;False;42;True;68;23;46;29;34;-6,0;12,0;True;1,0;True;1172,156124024562;1,75;1,0;5;49,75;-41,25;41,25;2,5;6,0;-42,5;-1;2026-07-20 00:55:00;2026-07-20 01:00:00;300;2026-07-20;0;55
2026-07-20 01:00:00;28896,5;28911,25;28892,75;28896,5;28896,5;28896,5;24;2,0;1,0;-171;-13;7,0;10,0;-3;2,0;3,0;-1;0,7272727272727273;1,375;-0,0204081632653061;-0,5181347150259067;0,4363001745200697;-0,9544348895459764;-0,25;28899,75;28893,25;-3,25;-3,25;0,0;1392,068527663939;0;0,8;0,8541666666666666;0,9545454545454546;0,9;0,75;2,113636363636364;2,75;FRACO;288;28899,75;28899,0;28893,25;28896,5;10,0;0,0520231213872832;28899,75;0,0;28899,0;False;34;26;8,0;0;34;5;True;True;True;True;True;True;False;91;False;61;False;67;0;34;4;26;-6,0;8,0;True;0,0;True;1392,068527663939;2,0;1,0;5;18,5;0,0;0,0;14,75;3,75;5,75;0;2026-07-20 01:00:00;2026-07-20 01:05:00;300;2026-07-20;1;0
2026-07-20 01:05:00;28895,25;28895,25;28883,25;28883,25;28895,25;28883,25;8;2,0;2,0;-75;-32;8,0;35,0;-27;4,0;18,0;-14;0,25;4,0;-0,3453319249207768;-0,7793364506791362;-0,0779787897691827;-0,7013576609099533;-4,25;28889,5;28884,5;-6,25;1,25;-2,75;499,91841845833335;0;0,7636363636363637;0,7307692307692307;0,7333333333333333;0,7272727272727273;0,7777777777777778;1,7625;2,75;FRACO;96;28889,5;28888,0;28884,75;28884,5;13,25;0,1567567567567567;28884,75;1,0;28888,0;True;100;99;8,0;2;98;1;True;True;True;True;True;True;True;32;False;12;True;32;2;100;4;99;-2,0;8,0;False;0,0;False;499,91841845833335;2,0;2,0;5;12,0;-12,0;12,0;0,0;0,0;-13,25;-1;2026-07-20 01:05:00;2026-07-20 01:10:00;300;2026-07-20;1;5
2026-07-20 01:15:00;28866,25;28866,25;28854,75;28854,75;28866,25;28854,75;13;1,5;2,0;-142;-53;13,0;40,0;-27;11,0;27,0;-16;0,3414634146341463;2,9285714285714284;-0,2362789441706609;-0,7507507507507508;-0,3053901358986104;-0,4453606148521403;-3,5;28862,5;28855,25;-7,75;0,5;-2,5;685,7583804847947;1;0,4913793103448275;0,4430379746835443;0,3396226415094339;0,2857142857142857;0,0;1,410377358490566;2,25;FRACO;156;28858,75;28860,25;28853,75;28855,25;13,0;0,1017964071856287;28853,75;0,0;28858,75;True;100;100;12,0;0;100;3;True;True;True;True;True;True;True;56;False;22;True;53;0;100;5;100;-6,0;12,0;False;0,0;False;685,7583804847947;1,5;2,0;5;11,5;-11,5;11,5;0,0;0,0;-28,5;-1;2026-07-20 01:15:00;2026-07-20 01:20:00;300;2026-07-20;1;15
2026-07-20 01:25:00;28889,0;28899,75;28888,0;28899,75;28889,0;28899,75;13;2,25;0,5;66;16;16,0;26,0;-10;8,0;13,0;-5;0,6296296296296297;1,588235294117647;0,3075030750307503;0,4000800160032006;0,2621919244887257;0,1378880915144749;4,5;28898,5;28890,5;1,25;-9,25;-0,5;770,5902283165684;0;0,6115702479338843;0,6271186440677966;0,5714285714285714;0,5957446808510638;0,3333333333333333;1,5873015873015872;2,25;FRACO;156;28897,0;28901,75;28890,5;28895,0;11,25;0,119047619047619;28890,5;2,0;28898,25;False;57;49;8,0;32;25;2;True;True;True;True;True;True;False;51;False;46;False;29;57;32;49;34;8,0;-2,0;False;0,0;False;770,5902283165684;2,25;0,5;5;11,75;10,75;10,75;0,0;1,0;45,0;1;2026-07-20 01:25:00;2026-07-20 01:30:00;300;2026-07-20;1;25
2026-07-20 01:30:00;28901,0;28929,25;28892,25;28911,5;28901,0;28911,5;20;1,25;1,0;66;-31;59,0;112,0;-53;14,0;75,0;-61;0,5309734513274337;1,8833333333333333;-1,2919896640826871;-2,399595857539783;-0,8811681772406847;-1,518427680299098;-17,5;28936,5;28913,0;-25,0;1,5;-1,5;1258,3611972717806;10;0,1987951807228915;0,2044025157232704;0,1657754010695187;0,1525423728813559;0,0512820512820512;1,375668449197861;7,0;FORTE;240;28919,25;28931,75;28913,0;28928,5;23,5;0,1040723981900452;28919,25;0,0;28919,25;True;100;100;12,0;8;92;4;True;True;True;True;True;True;True;85;False;69;True;49;8;100;14;100;-6,0;12,0;False;0,0;False;1258,3611972717806;1,25;1,0;5;37,0;10,5;10,5;17,75;8,75;11,75;1;2026-07-20 01:30:00;2026-07-20 01:35:00;300;2026-07-20;1;30
2026-07-20 01:45:00;28938,0;28940,75;28938,0;28939,75;28938,0;28939,75;5;1,75;1,0;-3;-9;14,0;15,0;-1;1,0;2,0;-1;0,9375;1,0666666666666669;0,0;0,0;-0,1311131506490101;0,1311131506490101;0,0;28940,75;28936,25;-1,0;-3,5;0,0;173,68983263006703;0;0,3620689655172414;0,4057971014492754;0,5128205128205128;0,375;1,0;1,564102564102564;2,0;FRACO;60;28940,75;28939,5;28936,25;28934,25;13,25;0,205020920502092;28940,75;0,0;28936,25;False;22;10;12,0;3;19;0;False;True;True;True;True;True;False;18;False;16;False;8;22;3;10;9;12,0;-6,0;False;0,0;False;173,68983263006703;1,75;1,0;5;2,75;1,75;1,75;1,0;0,0;28,25;1;2026-07-20 01:45:00;2026-07-20 01:50:00;300;2026-07-20;1;45
2026-07-20 01:50:00;28938,0;28939,75;28915,5;28917,25;28938,0;28917,25;22;1,75;1,0;-132;-33;31,0;20,0;11;14,0;13,0;1;1,5238095238095235;0,65625;0,0786967813016447;-0,9067357512953368;0,2130379207498934;-1,11977367204523;1,0;28918,0;28915,5;-0,75;-1,75;-1,75;900,4724997483885;2;0,3478260869565217;0,2295081967213114;0,34375;0,4878048780487805;0,4090909090909091;1,5234375;2,5;FRACO;264;28920,25;28918,0;28915,5;28916,0;8,5;0,0793650793650793;28920,25;1,0;28920,25;False;36;28;8,0;33;3;5;True;True;True;True;True;True;False;80;False;57;False;62;33;36;39;28;-6,0;8,0;False;0,0;False;900,4724997483885;1,75;1,0;5;24,25;-20,75;20,75;1,75;1,75;-22,5;-1;2026-07-20 01:50:00;2026-07-20 01:55:00;300;2026-07-20;1;50
2026-07-20 01:55:00;28913,75;28920,0;28894,75;28895,5;28913,75;28895,5;22;1,5;1,0;-104;-57;4,0;9,0;-5;1,0;1,0;0;0,5;2,0;0,1932536893886156;0,0;0,4393029726167814;-0,4393029726167814;2,75;28896,75;28892,75;-1,25;-2,75;0,0;1028,4948861818552;10;0,1578947368421052;0,2;0,1363636363636363;0,1111111111111111;0,0;1,375;1,75;FORTE;264;28896,75;28901,75;28892,75;28893,25;11,5;0,2911392405063291;28892,75;0,0;28896,75;False;37;25;12,0;21;16;3;True;True;True;True;True;True;False;75;False;53;False;63;21;37;27;25;-6,0;12,0;False;0,0;False;1028,4948861818552;1,5;1,0;5;25,25;-18,25;18,25;6,25;0,75;-21,75;-1;2026-07-20 01:55:00;2026-07-20 02:00:00;300;2026-07-20;1;55
2026-07-20 02:00:00;28898,25;28898,25;28886,5;28886,5;28898,25;28886,5;5;1,75;1,0;-5;-19;27,0;53,0;-26;11,0;37,0;-26;0,5185185185185185;1,9285714285714288;-0,5846585594013096;-4,058853373921867;0,1117942984907769;-4,170647672412644;-8,75;28901,25;28893,75;-14,75;7,25;-8,0;400,07854114889415;3;0,1428571428571428;0,3798449612403101;0,4193548387096774;0,2622950819672131;0,1282051282051282;1,4408602150537635;3,75;FRACO;60;28890,75;28897,0;28887,5;28894,75;14,25;0,2558139534883721;28890,75;0,0;28890,75;True;100;100;12,0;1;99;1;True;True;True;True;True;True;True;24;False;9;True;21;1;100;7;100;-6,0;12,0;False;0,0;False;400,07854114889415;1,75;1,0;5;11,75;-11,75;11,75;0,0;0,0;-9,0;-1;2026-07-20 02:00:00;2026-07-20 02:05:00;300;2026-07-20;2;0
2026-07-20 02:05:00;28867,5;28868,5;28862,5;28868,5;28867,5;28868,5;5;1,5;0,3333333333333333;-20;19;127,0;90,0;37;49,0;14,0;35;1,4065934065934067;0,7109375;0,567517369471005;0,8426966292134831;0,6941091260260743;0,1485875031874087;8,25;28867,75;28858,0;0,75;-10,5;2,5;239,15925610404113;3;0,2654867256637168;0,290983606557377;0,3;0,4683544303797468;0,2692307692307692;1,4779411764705883;4,0;FRACO;60;28866,0;28862,5;28863,75;28860,25;8,0;0,019108280254777;28863,75;1,0;28862,5;True;98;100;-2,0;15;83;3;True;True;True;True;True;True;True;23;True;14;False;17;98;15;100;7;-2,0;8,0;False;0,0;False;239,15925610404113;1,5;0,3333333333333333;5;6,0;1,0;1,0;0,0;5,0;-18,0;1;2026-07-20 02:05:00;2026-07-20 02:10:00;300;2026-07-20;2;5
2026-07-20 02:10:00;28833,5;28865,75;28826,0;28854,75;28833,5;28854,75;6;1,0;1,0;49;-12;85,0;88,0;-3;21,0;37,0;-16;0,9662921348314608;1,0348837209302326;-0,6869099619557559;-1,7045454545454546;-0,1633808953273064;-1,5411645592181482;-9,75;28869,0;28856,5;-14,25;1,75;-2,5;454,83196204731706;7;0,3855799373040752;0,2366255144032922;0,0688073394495412;0,0535714285714285;0,0263157894736842;1,2660550458715596;2,0;FORTE;72;28863,0;28869,0;28853,0;28860,25;16,0;0,1625615763546798;28853,0;1,0;28863,0;True;77;79;-2,0;19;58;5;True;True;True;True;True;True;True;36;True;25;True;19;19;77;11;79;8,0;-2,0;True;1,0;True;454,83196204731706;1,0;1,0;5;39,75;21,25;21,25;11,0;7,5;-13,75;1;2026-07-20 02:10:00;2026-07-20 02:15:00;300;2026-07-20;2;10
2026-07-20 02:15:00;28856,0;28856,0;28840,0;28851,75;28856,0;28851,75;23;2,0;1,0;-28;-28;19,0;16,0;3;3,0;2,0;1;1,1764705882352942;0,85;0,1749230338650993;0,0;0,0373580394500896;-0,0373580394500896;2,5;28852,25;28847,5;-0,5;-4,25;0,0;1859,8459154568275;0;0,37;0,4375;0,3518518518518518;0,9090909090909092;1,0;1,4305555555555556;2,0;FRACO;276;28852,0;28852,25;28849,25;28847,5;13,75;0,2043010752688172;28849,25;0,0;28842,25;False;21;27;-6,0;18;3;1;True;True;True;True;True;True;False;79;False;56;False;59;21;18;27;10;-6,0;8,0;True;0,0;True;1859,8459154568275;2,0;1,0;5;16,0;-4,25;4,25;0,0;11,75;-3,0;-1;2026-07-20 02:15:00;2026-07-20 02:20:00;300;2026-07-20;2;15
2026-07-20 02:20:00;28852,5;28855,25;28829,5;28836,25;28852,5;28836,25;19;2,25;1,0;-37;2;24,0;16,0;8;14,0;9,0;5;1,4705882352941178;0,68;0,2278319511528296;0,0;0,639386189258312;-0,639386189258312;2,5;28838,75;28831,75;-2,5;-4,5;0,0;1378,288920410033;0;0,5714285714285714;0,2950819672131147;0,4583333333333333;0,5357142857142857;0,5;1,5625;2,75;FRACO;228;28838,75;28836,75;28833,75;28826,25;19,75;0,1234042553191489;28838,75;1,0;28841,0;False;25;27;-2,0;18;7;2;True;True;True;True;True;True;False;66;False;51;False;49;25;18;27;10;-2,0;8,0;False;0,0;False;1378,288920410033;2,25;1,0;5;25,75;-16,25;16,25;2,75;6,75;-15,5;-1;2026-07-20 02:20:00;2026-07-20 02:25:00;300;2026-07-20;2;20
2026-07-20 02:25:00;28839,0;28848,75;28829,0;28836,5;28839,0;28836,5;23;1,5;1,0;45;35;49,0;23,0;26;9,0;5,0;4;2,083333333333333;0,48;-0,3332308007792474;-0,2710908696595099;-0,3722084367245657;0,1011175670650558;-3,25;28840,5;28829,0;-4,0;-7,5;-1,5;1683,5829316726845;0;0,490566037735849;0,6299212598425197;0,6746987951807228;0,4545454545454545;0,4117647058823529;1,677710843373494;5,25;FRACO;276;28839,25;28840,5;28836,75;28838,5;13,5;0,0162162162162162;28839,25;1,0;28838,5;False;50;42;8,0;25;25;1;True;True;True;True;True;True;False;82;False;58;False;59;50;25;42;27;8,0;-2,0;False;0,0;False;1683,5829316726845;1,5;1,0;5;19,75;-2,5;2,5;9,75;7,5;0,25;-1;2026-07-20 02:25:00;2026-07-20 02:30:00;300;2026-07-20;2;25
2026-07-20 02:30:00;28831,25;28831,25;28824,0;28824,0;28831,25;28824,0;2;1,25;1,0;-20;-30;33,0;60,0;-27;20,0;50,0;-30;0,5573770491803278;1,7941176470588236;-0,4599165074647987;-1,6032728881026097;0,3523332289383025;-1,955606117040912;-6,5;28839,25;28829,75;-15,25;5,75;-8,25;131,3863016549065;5;0,5918367346938775;0,375;0,1637931034482758;0,0898876404494382;0,081081081081081;1,2650862068965518;2,0;MODERADO;24;28824,75;28833,75;28819,25;28829,75;21,25;0,1485943775100401;28824,75;0,0;28824,75;True;100;100;12,0;3;97;1;True;True;True;True;True;True;True;10;False;4;True;10;3;100;9;100;-6,0;12,0;False;0,0;False;131,3863016549065;1,25;1,0;5;7,25;-7,25;7,25;0,0;0,0;-12,5;-1;2026-07-20 02:30:00;2026-07-20 02:35:00;300;2026-07-20;2;30
2026-07-20 02:40:00;28822,25;28822,25;28814,75;28817,0;28822,25;28817,0;6;1,5;1,0;1;4;7,0;21,0;-14;4,0;8,0;-4;0,3636363636363636;2,75;0,1833455563704246;0,0;0,1768391269199676;-0,1768391269199676;2,75;28817,75;28813,5;-0,75;-3,5;0,0;352,50811027685324;0;0,4193548387096774;0,569620253164557;0,3846153846153846;0,3636363636363636;0,5;1,5;2,25;FRACO;72;28819,25;28822,25;28813,5;28814,25;12,75;0,0502283105022831;28813,5;0,0;28819,25;False;42;30;12,0;11;31;0;True;True;True;False;True;True;False;16;False;14;False;14;11;42;17;30;-6,0;12,0;False;0,0;False;352,50811027685324;1,5;1,0;5;7,5;-5,25;5,25;0,0;2,25;-7,0;-1;2026-07-20 02:40:00;2026-07-20 02:45:00;300;2026-07-20;2;40
2026-07-20 02:45:00;28813,5;28829,0;28806,5;28820,25;28813,5;28820,25;22;2,0;0,5;-7;9;17,0;23,0;-6;0,0;4,0;-4;0,75;1,3333333333333333;0,261396905060644;0,604351329572925;0,1935412519354125;0,4108100776375125;3,75;28818,25;28811,5;2,0;-8,75;0,75;1383,209036555351;3;0,2459016393442623;0,3055555555555556;0,46;0,5;0,5;1,5;2,0;FRACO;264;28814,0;28817,25;28811,5;28814,0;19,0;0,2727272727272727;28814,0;0,0;28814,0;False;56;62;-6,0;29;27;0;True;True;True;True;True;True;False;91;False;67;False;58;56;29;62;17;-6,0;12,0;False;0,0;False;1383,209036555351;2,0;0,5;5;22,5;6,75;6,75;8,75;7,0;3,25;1;2026-07-20 02:45:00;2026-07-20 02:50:00;300;2026-07-20;2;45
2026-07-20 02:50:00;28819,5;28819,5;28798,25;28798,25;28819,5;28798,25;21;1,5;1,0;-189;-87;16,0;33,0;-17;4,0;10,0;-6;0,5;2,0;-0,2914752074617653;-0,1509661835748792;-0,4912663755458515;0,3403001919709723;-4,25;28806,0;28798,0;-7,75;-0,25;-0,25;1110,3368988014317;7;0,21875;0,1956521739130435;0,180327868852459;0,1860465116279069;0,2222222222222222;1,3155737704918034;1,75;FORTE;252;28800,25;28806,0;28798,0;28802,5;15,25;0,004524886877828;28800,25;0,0;28800,25;False;66;54;12,0;11;55;4;True;True;True;True;True;True;False;70;False;51;False;59;11;66;17;54;-6,0;12,0;False;0,0;False;1110,3368988014317;1,5;1,0;5;21,25;-21,25;21,25;0,0;0,0;-22,0;-1;2026-07-20 02:50:00;2026-07-20 02:55:00;300;2026-07-20;2;50
2026-07-20 02:55:00;28794,0;28819,75;28789,0;28799,75;28794,0;28799,75;10;1,5;2,0;-133;-103;16,0;29,0;-13;5,0;5,0;0;0,5666666666666667;1,7647058823529411;0,0667868830561677;0,2044571662236761;0,0411929477673422;0,1632642184563339;1,0;28801,25;28795,25;-1,5;-4,5;-0,25;457,8089569895443;0;0,7342657342657343;0,5258620689655172;0,4516129032258064;0,4782608695652174;0,25;1,5241935483870968;2,0;FRACO;120;28800,0;28798,75;28796,75;28795,25;17,75;0,3291139240506329;28800,0;1,0;28798,75;True;37;29;8,0;27;10;5;True;True;True;True;True;True;True;42;False;25;True;40;27;37;29;29;-2,0;8,0;False;0,0;False;457,8089569895443;1,5;2,0;5;30,75;5,75;5,75;20,0;5,0;1,5;1;2026-07-20 02:55:00;2026-07-20 03:00:00;300;2026-07-20;2;55
2026-07-20 03:00:00;28801,25;28822,5;28801,25;28818,25;28801,25;28818,25;24;1,5;1,0;-149;-20;25,0;12,0;13;20,0;6,0;14;2,0;0,5;0,2199066242641586;0,555219059156067;0,1141813199360584;0,4410377392200085;3,25;28819,75;28807,5;-1,5;-10,75;-0,5;1693,7030808066806;0;0,76;0,6627906976744186;0,5581395348837209;0,5675675675675675;0,5384615384615384;1,6046511627906976;3,0;FRACO;288;28819,75;28809,0;28804,75;28802,75;17,0;0,22007722007722;28819,75;0,0;28804,75;False;69;57;12,0;8;61;4;True;True;True;True;True;True;False;90;False;68;False;70;69;8;57;14;12,0;-6,0;False;0,0;False;1693,7030808066806;1,5;1,0;5;21,25;17,0;17,0;4,25;0,0;18,5;1;2026-07-20 03:00:00;2026-07-20 03:05:00;300;2026-07-20;3;0
2026-07-20 03:05:00;28819,25;28821,0;28797,0;28805,25;28819,25;28805,25;23;2,25;4,0;-91;-40;14,0;18,0;-4;9,0;3,0;6;0,7894736842105263;1,2666666666666666;0,0167145818011633;1,739562624254473;0,0299007295778016;1,7096618946766713;0,25;28810,0;28801,75;-4,75;-3,5;1,75;1769,1604006796376;0;0,6336633663366337;0,6813186813186813;0,56;0,5333333333333333;0,5714285714285714;1,595;2,25;FRACO;276;28807,0;28805,25;28801,75;28807,0;17,0;0,04;28807,0;0,0;28809,5;False;25;31;-6,0;17;8;2;True;True;True;True;True;True;False;80;False;52;False;70;25;17;31;9;-6,0;8,0;False;0,0;False;1769,1604006796376;2,25;4,0;5;24,0;-14,0;14,0;1,75;8,25;-13,0;-1;2026-07-20 03:05:00;2026-07-20 03:10:00;300;2026-07-20;3;5
2026-07-20 03:10:00;28803,0;28803,0;28782,5;28782,5;28803,0;28782,5;23;1,75;1,0;-206;-75;12,0;16,0;-4;4,0;12,0;-8;0,7647058823529411;1,3076923076923077;-0,2036106963485815;0,0;-0,191497510532363;0,191497510532363;-3,0;28788,0;28782,5;-5,5;0,0;0,5;1211,7860419512685;0;0,4418604651162791;0,6901408450704225;0,6511627906976745;0,8620689655172413;0,8666666666666667;1,5755813953488371;2,0;FRACO;276;28788,0;28789,5;28785,25;28783,5;14,25;0,0649350649350649;28785,25;0,0;28789,5;False;35;27;8,0;14;21;3;True;True;True;True;True;True;False;79;False;61;False;59;14;35;20;27;-6,0;8,0;False;0,0;False;1211,7860419512685;1,75;1,0;5;20,5;-20,5;20,5;0,0;0,0;-22,75;-1;2026-07-20 03:10:00;2026-07-20 03:15:00;300;2026-07-20;3;10
2026-07-20 03:15:00;28784,5;28784,5;28779,75;28779,75;28784,5;28779,75;3;1,75;2,0;-47;-17;20,0;44,0;-24;10,0;18,0;-8;0,4666666666666667;2,142857142857143;-0,1693766937669376;-0,4520795660036166;0,0;-0,4520795660036166;-2,5;28788,0;28780,0;-8,25;0,25;-1,75;140,00922910957485;0;0,5535714285714286;0,4210526315789473;0,2804878048780488;0,2264150943396226;0,16;1,420731707317073;2,0;FRACO;36;28783,75;28788,0;28778,25;28780,0;9,75;0,3644859813084112;28778,25;0,0;28783,75;True;100;91;12,0;0;100;1;True;True;True;True;True;True;True;16;False;4;True;16;0;100;4;91;-6,0;12,0;False;0,0;False;140,00922910957485;1,75;2,0;5;4,75;-4,75;4,75;0,0;0,0;-2,75;-1;2026-07-20 03:15:00;2026-07-20 03:20:00;300;2026-07-20;3;15
2026-07-20 03:20:00;28815,25;28815,25;28776,25;28776,25;28815,25;28776,25;5;1,5;1,0;-96;-47;23,0;46,0;-23;14,0;23,0;-9;0,5106382978723404;1,9583333333333333;-0,3167933840202748;-0,3123698458975427;-0,3613118399110617;0,048941994013519;-4,75;28790,0;28776,0;-13,75;-0,25;1,25;260,253362777936;0;0,5789473684210527;0,3724137931034483;0,24;0,1896551724137931;0,1290322580645161;1,34;2,25;FRACO;60;28783,0;28790,0;28776,0;28780,75;22,5;0,2307692307692307;28776,0;0,0;28783,0;True;69;57;12,0;14;55;3;True;True;True;True;True;True;True;23;False;13;True;19;14;69;20;57;-6,0;12,0;True;1,0;True;260,253362777936;1,5;1,0;5;39,0;-39,0;39,0;0,0;0,0;-3,5;-1;2026-07-20 03:20:00;2026-07-20 03:25:00;300;2026-07-20;3;20
2026-07-20 03:25:00;28772,0;28795,0;28768,75;28795,0;28772,0;28795,0;22;1,25;0,5;17;15;31,0;10,0;21;17,0;4,0;13;2,909090909090909;0,34375;0,5932501318333626;0,2644802962179317;0,7402533311399901;-0,4757730349220584;6,75;28795,5;28787,0;-0,5;-8,0;0,0;1311,5753741252836;0;0,6785714285714286;0,3571428571428571;0,36;0,4285714285714285;0,3333333333333333;1,445;2,25;FRACO;264;28795,5;28790,5;28793,0;28787,5;14,25;0,1412429378531073;28793,0;0,0;28793,0;False;69;57;12,0;4;65;2;True;True;True;True;True;True;False;71;False;58;False;49;69;4;57;10;12,0;-6,0;True;0,0;True;1311,5753741252836;1,25;0,5;5;26,25;23,0;23,0;0,0;3,25;18,75;1;2026-07-20 03:25:00;2026-07-20 03:30:00;300;2026-07-20;3;25
2026-07-20 03:30:00;28788,5;28795,75;28778,0;28778,0;28788,5;28778,0;23;1,75;0,5;-51;-26;7,0;25,0;-18;6,0;5,0;1;0,3076923076923077;3,25;-0,1333333333333333;-0,0683246788740093;-0,1075268817204301;0,0392022028464208;-2,0;28785,5;28776,25;-7,5;-1,75;0,0;1459,0453761984445;0;0,5223880597014925;0,6575342465753424;0,7674418604651163;0,4705882352941176;0,5;1,7034883720930232;2,25;FRACO;276;28785,5;28782,5;28776,25;28780,0;11,25;0,1676300578034682;28776,25;1,0;28782,5;False;40;32;8,0;9;31;3;True;True;True;True;True;True;False;88;False;61;False;69;9;40;15;32;-6,0;8,0;False;0,0;False;1459,0453761984445;1,75;0,5;5;17,75;-10,5;10,5;7,25;0,0;-17,0;-1;2026-07-20 03:30:00;2026-07-20 03:35:00;300;2026-07-20;3;30
2026-07-20 03:35:00;28777,5;28784,75;28767,25;28771,0;28777,5;28771,0;22;1,25;2,0;65;28;7,0;28,0;-21;1,0;6,0;-5;0,2758620689655172;3,625;-0,5622837370242214;-1,1737089201877935;-0,1148721090519221;-1,0588368111358712;-6,5;28784,75;28775,5;-13,75;4,5;-1,0;1162,6257503817246;2;0,2911392405063291;0,2625;0,3421052631578947;0,1875;0,2;1,394736842105263;2,25;FRACO;264;28785,75;28777,0;28773,25;28766,25;19,75;0,2027972027972027;28785,75;0,0;28775,0;True;87;93;-6,0;18;69;2;True;True;True;True;True;True;True;91;False;60;True;66;18;87;6;93;12,0;-6,0;False;0,0;False;1162,6257503817246;1,25;2,0;5;17,5;-6,5;6,5;7,25;3,75;-7,0;-1;2026-07-20 03:35:00;2026-07-20 03:40:00;300;2026-07-20;3;35
2026-07-20 03:40:00;28806,25;28812,25;28787,75;28801,5;28806,25;28801,5;13;2,0;2,0;-10;-25;28,0;5,0;23;14,0;1,0;13;4,833333333333333;0,2068965517241379;0,1361841209314994;0,49800796812749;0,0258371227780074;0,4721708453494826;2,0;28799,75;28791,75;1,75;-9,75;1,5;643,3369113047653;0;0,7424242424242424;0,6774193548387096;0,6818181818181818;0,6666666666666666;0,5;1,75;2,5;FRACO;156;28790,0;28794,75;28786,5;28787,75;27,0;0,4299065420560747;28786,5;0,0;28790,0;True;93;99;-6,0;16;77;6;True;True;True;True;True;True;True;53;True;46;False;28;93;16;99;4;-6,0;12,0;False;0,0;False;643,3369113047653;2,0;2,0;5;24,5;-4,75;4,75;6,0;13,75;30,5;-1;2026-07-20 03:40:00;2026-07-20 03:45:00;300;2026-07-20;3;40
2026-07-20 04:00:00;28819,75;28833,5;28811,5;28833,5;28819,75;28833,5;19;1,5;0,5;-50;-23;68,0;42,0;26;60,0;34,0;26;1,6046511627906976;0,6231884057971014;0,9836182845697118;1,178037287441098;0,9059065104481218;0,2721307769929763;13,75;28830,0;28815,0;3,5;-18,5;6,5;1763,7844876941788;0;0,3786407766990291;0,4274193548387097;0,3958333333333333;0,358974358974359;0,3770491803278688;1,3932291666666667;2,0;FRACO;228;28830,0;28829,25;28827,0;28827,25;18,5;0,1596638655462184;28827,0;2,0;28821,25;True;93;99;-6,0;12;81;2;True;True;True;True;True;True;True;68;True;42;False;60;93;12;99;4;-6,0;8,0;False;0,0;False;1763,7844876941788;1,5;0,5;5;22,0;13,75;13,75;0,0;8,25;32,0;1;2026-07-20 04:00:00;2026-07-20 04:05:00;300;2026-07-20;4;0
2026-07-20 04:15:00;28802,0;28809,25;28799,5;28809,25;28802,0;28809,25;9;1,75;0,5;-47;11;35,0;5,0;30;22,0;3,0;19;6,0;0,1666666666666666;0,27010601661152;0,0503626107977437;0,3593798131224971;-0,3090172023247534;4,0;28810,75;28803,0;-1,5;-6,25;-0,25;464,2471583152199;0;0,5297297297297298;0,6504854368932039;0,5370370370370371;0,4878048780487805;0,4285714285714285;1,6111111111111112;2,25;FRACO;108;28810,75;28809,75;28805,25;28797,75;13,0;0,1442307692307692;28810,75;0,0;28805,25;False;69;57;12,0;14;55;4;True;True;True;False;True;True;False;35;False;23;False;33;69;14;57;20;12,0;-6,0;False;0,0;False;464,2471583152199;1,75;0,5;5;9,75;7,25;7,25;0,0;2,5;-24,25;1;2026-07-20 04:15:00;2026-07-20 04:20:00;300;2026-07-20;4;15
2026-07-20 04:20:00;28810,0;28844,75;28804,5;28842,25;28810,0;28842,25;23;2,25;2,0;385;118;24,0;19,0;5;1,0;4,0;-3;1,25;0,8;0,2593809441466367;-0,1012555690562981;0,7726269315673289;-0,8738825006236269;3,0;28844,0;28837,25;-1,75;-5,0;-0,5;1745,1146773987857;0;0,6385964912280702;0,5381165919282511;0,6885245901639344;0,8333333333333334;0,6666666666666666;1,7704918032786885;2,5;FRACO;276;28844,0;28843,5;28837,25;28840,0;9,75;0,0098039215686274;28837,25;0,0;28840,0;False;30;22;8,0;25;5;9;True;True;True;True;True;True;False;96;False;85;False;54;30;25;22;31;8,0;-6,0;False;0,0;False;1745,1146773987857;2,25;2,0;5;40,25;32,25;32,25;2,5;5,5;33,0;1;2026-07-20 04:20:00;2026-07-20 04:25:00;300;2026-07-20;4;20
2026-07-20 04:25:00;28846,0;28882,5;28841,5;28879,5;28846,0;28879,5;20;1,75;1,0;167;45;95,0;58,0;37;17,0;19,0;-2;1,6271186440677967;0,6145833333333334;-0,1177499663571524;-1,3017604760724026;0,4097520999795124;-1,711512576051915;-1,75;28885,75;28875,75;-6,25;-3,75;0,25;1298,4355563082613;6;0,5833333333333334;0,2218309859154929;0,0982658959537572;0,1097560975609756;0,1304347826086956;1,296242774566474;3,75;MODERADO;240;28885,75;28885,0;28879,75;28881,25;23,75;0,4391534391534391;28885,75;0,0;28862,25;True;55;47;8,0;34;21;4;True;True;True;True;True;True;True;77;True;69;False;49;55;34;47;40;8,0;-6,0;True;0,0;True;1298,4355563082613;1,75;1,0;5;41,0;33,5;33,5;3,0;4,5;37,25;1;2026-07-20 04:25:00;2026-07-20 04:30:00;300;2026-07-20;4;25
2026-07-20 04:30:00;28878,5;28906,75;28878,5;28886,75;28878,5;28886,75;6;2,0;1,0;25;-1;23,0;59,0;-36;15,0;20,0;-5;0,4;2,5;-0,6218487394957983;-0,8945485161018732;-0,6266318537859008;-0,2679166623159724;-9,25;28900,75;28888,0;-14,0;1,25;-1,0;572,1316424673931;3;0,176;0,4228723404255319;0,5315315315315315;0,6060606060606061;0,5;1,6058558558558558;2,25;FRACO;72;28891,5;28893,25;28889,5;28890,5;17,5;0,3096446700507614;28891,5;3,0;28885,5;True;92;94;-2,0;15;77;3;True;True;True;True;True;True;True;30;False;18;True;21;15;92;7;94;8,0;-2,0;False;0,0;False;572,1316424673931;2,0;1,0;5;28,25;8,25;8,25;20,0;0,0;7,25;1;2026-07-20 04:30:00;2026-07-20 04:35:00;300;2026-07-20;4;30
2026-07-20 04:35:00;28915,5;28915,5;28902,75;28902,75;28915,5;28902,75;6;1,25;1,0;40;-9;29,0;56,0;-27;10,0;30,0;-20;0,5263157894736842;1,9;-0,1175759204514915;-0,3033980582524271;-0,0527203711514129;-0,2506776871010142;-1,75;28913,25;28903,25;-10,5;0,5;-2,25;486,35518745261277;6;0,1442542787286063;0,3185483870967742;0,2959183673469387;0,1166666666666666;0,0;1,3214285714285714;2,0;MODERADO;72;28905,5;28907,25;28903,5;28903,25;10,0;0,1779141104294478;28903,5;4,0;28901,75;True;94;100;-6,0;18;76;3;True;True;True;True;True;True;True;25;False;19;True;18;18;94;10;100;8,0;-6,0;False;0,0;False;486,35518745261277;1,25;1,0;5;12,75;-12,75;12,75;0,0;0,0;16,0;-1;2026-07-20 04:35:00;2026-07-20 04:40:00;300;2026-07-20;4;35
2026-07-20 04:40:00;28900,5;28903,5;28900,5;28903,5;28900,5;28903,5;2;1,75;2,0;6;6;15,0;6,0;9;8,0;1,0;7;2,2857142857142856;0,4375;0,2674035118994562;0,6609870740305523;0,1866600298656048;0,4743270441649475;3,0;28902,75;28900,0;0,75;-3,5;0,0;129,0938600861761;0;0,4573643410852713;0,4705882352941176;0,4827586206896552;0,4444444444444444;1,0;1,543103448275862;2,25;FRACO;24;28902,75;28903,5;28900,0;28899,25;9,75;0,0054644808743169;28900,0;0,0;28899,25;False;67;59;8,0;0;67;0;False;True;True;True;False;True;False;6;False;6;False;3;67;0;59;4;8,0;-6,0;False;0,0;False;129,0938600861761;1,75;2,0;5;3,0;3,0;3,0;0,0;0,0;0,75;1;2026-07-20 04:40:00;2026-07-20 04:45:00;300;2026-07-20;4;40
2026-07-20 04:45:00;28906,0;28913,5;28885,0;28885,5;28906,0;28885,5;7;1,75;0,5;137;79;16,0;6,0;10;9,0;1,0;8;2,4285714285714284;0,4117647058823529;0,0444247001332741;-0,6377551020408163;0,775303073019453;-1,413058175060269;0,5;28889,0;28882,25;-3,5;-3,25;0,0;404,22799661953655;0;0,4423076923076923;0,5625;0,3793103448275862;0,2666666666666666;0,0909090909090909;1,5258620689655171;2,0;FRACO;84;28889,0;28886,5;28882,25;28882,75;10,25;0,0434782608695652;28889,0;1,0;28890,25;True;31;37;-6,0;24;7;3;True;True;True;True;True;True;True;29;True;30;False;12;31;24;37;16;-6,0;8,0;False;0,0;False;404,22799661953655;1,75;0,5;5;28,5;-20,5;20,5;7,5;0,5;-18,0;-1;2026-07-20 04:45:00;2026-07-20 04:50:00;300;2026-07-20;4;45
2026-07-20 04:50:00;28886,75;28897,75;28880,5;28891,25;28886,75;28891,25;24;1,5;1,0;91;19;18,0;13,0;5;6,0;2,0;4;1,3571428571428572;0,7368421052631579;0,1673680183626626;0,7029053420805998;-0,5674080798910577;1,2703134219716574;1,75;28889,5;28885,0;1,75;-6,25;1,25;1115,2652166017283;10;0,2459016393442623;0,119047619047619;0,1578947368421052;0,0;0,0;1,361842105263158;1,75;FORTE;288;28887,25;28888,0;28885,0;28885,5;13,75;0,2457142857142857;28887,25;1,0;28894,75;False;87;79;8,0;12;75;2;True;True;True;True;True;True;False;88;False;74;False;57;87;12;79;14;8,0;-2,0;False;0,0;False;1115,2652166017283;1,5;1,0;5;17,25;4,5;4,5;6,5;6,25;5,75;1;2026-07-20 04:50:00;2026-07-20 04:55:00;300;2026-07-20;4;50
2026-07-20 04:55:00;28892,0;28920,0;28892,0;28907,0;28892,0;28907,0;12;1,5;1,0;88;37;19,0;22,0;-3;1,0;9,0;-8;0,8695652173913043;1,15;-0,4114379757251594;-0,4768717215069146;-0,8710801393728224;0,3942084178659077;-4,0;28914,0;28908,0;-7,0;1,0;-1,0;721,3222890910133;3;0,2641509433962264;0,3008849557522124;0,392156862745098;0,3571428571428571;0,4444444444444444;1,4950980392156863;2,0;FRACO;144;28912,0;28917,5;28908,75;28910,0;12,75;0,0761904761904762;28912,0;0,0;28912,0;True;78;66;12,0;7;71;1;True;True;True;True;True;True;True;47;True;41;False;23;7;78;13;66;-6,0;12,0;False;0,0;False;721,3222890910133;1,5;1,0;5;28,0;15,0;15,0;13,0;0,0;15,75;1;2026-07-20 04:55:00;2026-07-20 05:00:00;300;2026-07-20;4;55
2026-07-20 05:00:00;28908,0;28927,0;28908,0;28917,25;28908,0;28917,25;8;1,75;2,0;33;18;30,0;52,0;-22;15,0;28,0;-13;0,5849056603773585;1,7096774193548387;-0,1216714176458318;-0,8813770219825798;0,2307489451476793;-1,1121259671302592;-1,75;28925,0;28918,0;-7,75;0,75;-1,25;1116,430587599859;0;0,311787072243346;0,5757575757575758;0,56;0,492063492063492;0,5454545454545454;1,6325;2,25;FRACO;96;28922,5;28923,25;28918,0;28920,25;11,75;0,1348314606741573;28918,0;0,0;28912,0;True;100;99;12,0;0;100;4;True;True;True;True;True;True;True;31;False;22;True;27;0;100;4;99;-6,0;12,0;False;0,0;False;1116,430587599859;1,75;2,0;5;19,0;9,25;9,25;9,75;0,0;10,25;1;2026-07-20 05:00:00;2026-07-20 05:05:00;300;2026-07-20;5;0
2026-07-20 05:05:00;28898,0;28899,5;28890,5;28898,0;28898,0;28898,0;9;1,5;1,0;42;18;29,0;8,0;21;9,0;3,0;6;3,333333333333333;0,3;-0,0501470981545867;-0,475511174512601;0,0523231477605692;-0,5278343222731703;-0,75;28900,5;28895,0;-2,5;-3,0;0,0;462,4086505085906;3;0,2165605095541401;0,6119402985074627;0,5636363636363636;0,5;0,3333333333333333;1,6090909090909091;2,5;FRACO;108;28900,5;28898,75;28895,0;28893,75;11,0;0,1097560975609756;28900,5;0,0;28895,0;False;51;39;12,0;26;25;3;True;True;True;True;True;True;False;34;False;26;False;27;51;26;39;32;12,0;-6,0;False;0,0;False;462,4086505085906;1,5;1,0;5;9,0;0,0;0,0;1,5;7,5;-19,25;0;2026-07-20 05:05:00;2026-07-20 05:10:00;300;2026-07-20;5;5
2026-07-20 05:10:00;28898,75;28927,75;28893,75;28927,75;28898,75;28927,75;24;1,5;1,0;178;50;3,0;19,0;-16;3,0;11,0;-8;0,2;5,0;0,2094533268170076;0,4646840148698885;0,1084245906971701;0,3562594241727184;3,0;28928,0;28924,25;-0,25;-3,5;0,0;1154,7350633258538;6;0,3148148148148148;0,0793650793650793;0,1034482758620689;0,125;0,1875;1,353448275862069;2,0;MODERADO;288;28928,5;28927,0;28924,25;28924,25;6,5;0,0510948905109489;28924,25;0,0;28925,25;False;43;35;8,0;24;19;4;True;True;True;True;True;True;False;91;False;75;False;59;43;24;35;30;8,0;-6,0;False;0,0;False;1154,7350633258538;1,5;1,0;5;34,0;29,0;29,0;0,0;5,0;29,75;1;2026-07-20 05:10:00;2026-07-20 05:15:00;300;2026-07-20;5;10
2026-07-20 05:15:00;28926,75;28937,25;28916,75;28916,75;28926,75;28916,75;15;1,75;1,0;9;-25;38,0;73,0;-35;23,0;51,0;-28;0,527027027027027;1,8974358974358971;-0,7257178722736545;-1,269328409877683;-0,4196978175713486;-0,8496305923063343;-9,25;28930,25;28918,75;-13,5;2,0;-2,5;771,4253215801347;8;0,0879120879120879;0,2572815533980582;0,226890756302521;0,2065217391304347;0,072463768115942;1,3403361344537814;2,25;FORTE;180;28928,75;28930,0;28915,0;28926,75;24,75;0,4371859296482412;28915,0;0,0;28928,75;True;100;100;12,0;6;94;6;True;True;True;True;True;True;True;64;False;37;True;51;6;100;12;100;-6,0;12,0;False;0,0;False;771,4253215801347;1,75;1,0;5;20,5;-10,0;10,0;10,5;0,0;-11,0;-1;2026-07-20 05:15:00;2026-07-20 05:20:00;300;2026-07-20;5;15
2026-07-20 05:25:00;28900,25;28908,25;28896,75;28901,75;28900,25;28901,75;13;1,5;0,5;12;10;35,0;26,0;9;13,0;4,0;9;1,3333333333333333;0,75;-0,1010713563776025;0,0510933987328837;-0,0614175162756418;0,1125109150085255;-1,5;28907,0;28901,5;-5,25;-0,25;1,5;651,094058767674;6;0,1454545454545454;0,1959459459459459;0,2948717948717949;0,3958333333333333;0,0;1,455128205128205;2,25;MODERADO;156;28904,25;28909,25;28900,25;28901,75;9,5;0,1145038167938931;28900,25;1,0;28905,5;False;50;42;8,0;21;29;0;True;True;True;True;True;True;False;40;False;32;False;30;50;21;42;23;8,0;-2,0;False;0,0;False;651,094058767674;1,5;0,5;5;11,5;1,5;1,5;6,5;3,5;-15,0;1;2026-07-20 05:25:00;2026-07-20 05:30:00;300;2026-07-20;5;25
2026-07-20 05:30:00;28902,0;28902,5;28873,25;28879,5;28902,0;28879,5;23;1,5;1,0;76;12;10,0;5,0;5;2,0;3,0;-1;1,8333333333333333;0,5454545454545454;0,086046671714738;0,9828009828009828;1,625487646293888;-0,6426866634929054;1,25;28882,0;28877,5;-2,5;-2,0;2,0;1207,491919911313;0;0,3901098901098901;0,5576923076923077;0,4444444444444444;0,5;0,2857142857142857;1,4583333333333333;2,0;FRACO;276;28882,0;28883,5;28877,5;28878,5;20,0;0,1891891891891892;28877,5;0,0;28882,0;False;32;38;-6,0;27;5;3;True;True;True;True;True;True;False;86;False;69;False;58;32;27;38;15;-6,0;12,0;False;0,0;False;1207,491919911313;1,5;1,0;5;29,25;-22,5;22,5;0,5;6,25;-22,25;-1;2026-07-20 05:30:00;2026-07-20 05:35:00;300;2026-07-20;5;30
2026-07-20 05:35:00;28882,75;28883,5;28863,5;28873,5;28882,75;28873,5;24;1,5;2,0;-22;-11;16,0;13,0;3;6,0;10,0;-4;1,2142857142857142;0,8235294117647058;-0,1339853955918805;-0,0523231477605692;-0,2170374389582203;0,164714291197651;-2,0;28876,25;28873,5;-2,75;0,0;0,0;1040,5451268854508;5;0,2564102564102564;0,25;0,3611111111111111;0,3043478260869565;0,1666666666666666;1,4444444444444444;2,0;MODERADO;288;28876,25;28878,25;28870,0;28866,0;16,25;0,0431654676258992;28876,25;0,0;28870,0;False;28;20;8,0;21;7;0;True;True;True;True;True;True;False;79;False;54;False;66;28;21;20;27;8,0;-6,0;False;0,0;False;1040,5451268854508;1,5;2,0;5;20,0;-9,25;9,25;0,75;10,0;-6,0;-1;2026-07-20 05:35:00;2026-07-20 05:40:00;300;2026-07-20;5;35
2026-07-20 05:40:00;28874,25;28884,75;28861,5;28861,5;28874,25;28861,5;23;1,25;1,0;66;20;15,0;27,0;-12;7,0;18,0;-11;0,5714285714285714;1,75;-0,4109814236396514;0,0;-0,8084800574919152;0,8084800574919152;-5,0;28866,5;28860,0;-5,0;-1,5;-0,75;1091,3242932570004;10;0,1689189189189189;0,0309278350515463;0,0181818181818181;0,0;0,0;1,0954545454545457;1,75;FORTE;276;28862,25;28866,5;28860,0;28863,0;12,5;0,1783783783783784;28862,25;0,0;28862,25;False;77;65;12,0;14;63;3;True;True;True;True;True;True;False;76;False;68;False;54;14;77;20;65;-6,0;12,0;False;0,0;False;1091,3242932570004;1,25;1,0;5;23,25;-12,75;12,75;10,5;0,0;-12,0;-1;2026-07-20 05:40:00;2026-07-20 05:45:00;300;2026-07-20;5;40
2026-07-20 05:45:00;28860,75;28885,75;28860,75;28885,75;28860,75;28885,75;23;1,5;1,0;145;68;52,0;23,0;29;19,0;2,0;17;2,208333333333333;0,4528301886792453;0,2157031924072476;0,7032348804500703;0,0567665758401453;0,646468304609925;3,0;28886,5;28877,5;-0,75;-8,25;0,0;904,0016649502187;4;0,6229508196721312;0,2268041237113402;0,1829268292682926;0,2295081967213114;0,3333333333333333;1,274390243902439;2,5;FRACO;276;28886,5;28875,5;28882,75;28872,5;22,25;0,1680672268907563;28882,75;0,0;28882,75;False;85;73;12,0;2;83;2;True;True;True;True;True;True;False;90;False;76;False;47;85;2;73;8;12,0;-6,0;False;0,0;False;904,0016649502187;1,5;1,0;5;25,0;25,0;25,0;0,0;0,0;24,25;1;2026-07-20 05:45:00;2026-07-20 05:50:00;300;2026-07-20;5;45
2026-07-20 05:50:00;28885,0;28888,75;28866,0;28866,75;28885,0;28866,75;24;1,75;0,6666666666666666;-6;-6;35,0;58,0;-23;2,0;3,0;-1;0,6101694915254238;1,6388888888888888;0,1747152142008526;0,0;0,4271819137749737;-0,4271819137749737;2,5;28878,0;28863,75;-11,25;-3,0;0,0;1016,4508028474361;6;0,7105263157894737;0,1570247933884297;0,1509433962264151;0,0588235294117647;0,5;1,25;2,0;MODERADO;288;28869,0;28871,25;28863,75;28865,75;20,0;0,2921810699588477;28863,75;0,0;28869,0;False;60;48;12,0;17;43;5;True;True;True;True;True;True;False;81;False;58;False;66;17;60;23;48;-6,0;12,0;False;0,0;False;1016,4508028474361;1,75;0,6666666666666666;5;22,75;-18,25;18,25;3,75;0,75;-19,0;-1;2026-07-20 05:50:00;2026-07-20 05:55:00;300;2026-07-20;5;50
2026-07-20 05:55:00;28866,0;28883,75;28865,25;28879,25;28866,0;28879,25;22;1,75;1,0;131;66;4,0;7,0;-3;2,0;3,0;-1;0,625;1,6;0,0950064604393098;2,450980392156863;0,2804577069777877;2,1705226851790758;1,25;28880,25;28878,0;-1,0;-1,25;0,75;934,306003029913;0;0,5952380952380952;0,3548387096774194;0,2352941176470588;0,1818181818181818;0,5;1,4264705882352942;1,75;FRACO;264;28880,25;28885,75;28878,25;28879,25;10,5;0,056910569105691;28880,25;1,0;28879,25;False;47;39;8,0;12;35;2;True;True;True;True;True;True;False;78;False;67;False;48;47;12;39;14;8,0;-2,0;False;0,0;False;934,306003029913;1,75;1,0;5;18,5;13,25;13,25;4,5;0,75;12,5;1;2026-07-20 05:55:00;2026-07-20 06:00:00;300;2026-07-20;5;55
2026-07-20 06:00:00;28879,75;28887,5;28869,25;28882,5;28879,75;28882,5;24;1,5;1,0;-6;-30;17,0;24,0;-7;1,0;13,0;-12;0,72;1,3888888888888888;0,1328878426607943;0,062204528489674;0,1548946716232961;-0,0926901431336221;1,75;28885,0;28876,75;-2,5;-5,75;-0,25;1091,542928284231;0;0,3793103448275862;0,4705882352941176;0,52;0,8235294117647058;0,75;1,555;2,0;FRACO;288;28885,0;28879,0;28880,0;28876,75;15,75;0,0313901345291479;28880,0;0,0;28880,0;False;32;38;-6,0;29;3;0;True;True;True;True;True;True;False;73;False;57;False;55;29;32;17;38;12,0;-6,0;False;0,0;False;1091,542928284231;1,5;1,0;5;18,25;2,75;2,75;5,0;10,5;3,25;1;2026-07-20 06:00:00;2026-07-20 06:05:00;300;2026-07-20;6;0
2026-07-20 06:05:00;28877,0;28878,75;28859,0;28875,75;28877,0;28875,75;23;1,5;0,5;-152;-66;17,0;5,0;12;5,0;1,0;4;3,0;0,3333333333333333;0,155597048101716;0,150105073551486;1,923076923076923;-1,772971849525437;1,75;28875,25;28869,0;0,5;-6,75;-0,75;1109,279111520329;7;0,4477611940298507;0,1310344827586207;0,032258064516129;0,0;0,0;1,1693548387096775;1,75;FORTE;276;28884,0;28882,5;28867,5;28860,5;30,0;0,0096463022508038;28867,5;0,0;28867,5;False;76;64;12,0;21;55;2;True;True;True;True;True;True;False;83;False;52;False;71;76;21;64;27;12,0;-6,0;False;0,0;False;1109,279111520329;1,5;0,5;5;19,75;-1,25;1,25;1,75;16,75;-6,75;-1;2026-07-20 06:05:00;2026-07-20 06:10:00;300;2026-07-20;6;5
2026-07-20 06:10:00;28876,0;28880,0;28869,25;28878,75;28876,0;28878,75;21;1,5;1,0;-5;-21;8,0;9,0;-1;4,0;5,0;-1;0,9;1,1111111111111112;0,4882483668933935;0,8783783783783783;0,5;0,3783783783783783;7,25;28877,0;28871,0;1,75;-7,75;0,5;1087,4990943076264;10;0,1481481481481481;0,1891891891891892;0,1739130434782608;0,1666666666666666;0,0;1,4021739130434785;1,75;FORTE;252;28877,0;28878,75;28871,0;28874,0;10,25;0,0055865921787709;28877,0;1,0;28877,75;False;77;69;8,0;22;55;0;True;True;True;True;True;True;False;76;False;53;False;54;77;22;69;24;8,0;-2,0;False;0,0;False;1087,4990943076264;1,5;1,0;5;10,75;2,75;2,75;1,25;6,75;3,0;1;2026-07-20 06:10:00;2026-07-20 06:15:00;300;2026-07-20;6;10
2026-07-20 06:15:00;28877,5;28901,0;28877,5;28886,25;28877,5;28886,25;24;1,25;1,0;36;-3;23,0;14,0;9;5,0;12,0;-7;1,6;0,625;-0,191131498470948;-0,4783163265306123;0,0363583478766724;-0,5146746744072848;-2,5;28890,25;28883,25;-4,0;-3,0;0,0;968,8830754156735;5;0,0952380952380952;0,1842105263157894;0,2745098039215686;0,25;0,3333333333333333;1,4705882352941178;2,5;MODERADO;288;28890,25;28892,25;28883,25;28884,5;19,5;0,3979591836734694;28883,25;0,0;28890,25;False;51;39;12,0;8;43;2;True;True;True;True;True;True;False;70;False;59;False;61;8;51;14;39;-6,0;12,0;False;0,0;False;968,8830754156735;1,25;1,0;5;23,5;8,75;8,75;14,75;0,0;7,5;1;2026-07-20 06:15:00;2026-07-20 06:20:00;300;2026-07-20;6;15
2026-07-20 06:20:00;28885,0;28913,75;28885,0;28905,25;28885,0;28905,25;22;1,5;5,0;89;32;17,0;52,0;-35;3,0;15,0;-12;0,3396226415094339;2,9444444444444446;-0,7730732635585158;-0,7730732635585158;0,0;-0,7730732635585158;-3,25;28915,0;28907,0;-9,75;1,75;-0,75;1281,9498739092958;10;0,0;0,0272727272727272;0,0352941176470588;0,0;0,0;1,2176470588235293;1,75;FORTE;264;28915,0;28914,5;28904,0;28912,5;11,75;0,1111111111111111;28904,0;0,0;28912,5;True;94;100;-6,0;22;72;4;True;True;True;True;True;True;True;85;False;69;True;55;22;94;14;100;8,0;-6,0;False;0,0;False;1281,9498739092958;1,5;5,0;5;28,75;20,25;20,25;8,5;0,0;19,0;1;2026-07-20 06:20:00;2026-07-20 06:25:00;300;2026-07-20;6;20
2026-07-20 06:40:00;28935,25;28940,5;28933,75;28936,0;28935,25;28936,0;8;1,5;2,0;-50;-13;24,0;17,0;7;10,0;14,0;-4;1,3888888888888888;0,72;-0,1672352665730149;-0,4621072088724584;0,0;-0,4621072088724584;-2,5;28941,0;28936,0;-5,0;0,0;0,0;288,1416495246724;10;0,0;0,0;0,0;0,0;0,0;1,0159574468085106;1,5;FORTE;96;28941,0;28938,25;28934,0;28936,0;11,0;0,275;28941,0;1,0;28936,0;False;38;44;-6,0;27;11;2;True;True;True;True;True;True;False;34;False;25;False;22;27;38;19;44;8,0;-6,0;False;0,0;False;288,1416495246724;1,5;2,0;5;6,75;0,75;0,75;4,5;1,5;30,75;1;2026-07-20 06:40:00;2026-07-20 06:45:00;300;2026-07-20;6;40
2026-07-20 06:45:00;28936,5;28951,0;28936,5;28945,75;28936,5;28945,75;6;1,25;0,5;152;25;36,0;68,0;-32;2,0;35,0;-33;0,5362318840579711;1,864864864864865;-0,4878930249367545;-0,9626274065685164;-0,3318730917297225;-0,630754314838794;-6,75;28954,5;28946,75;-8,75;1,0;-2,0;276,1549373793079;10;0,0;0,0054945054945054;0,0149253731343283;0,0256410256410256;0,0333333333333333;0,9682835820895522;1,75;FORTE;72;28954,5;28952,5;28950,5;28950,0;11,5;0,2913385826771653;28954,5;0,0;28950,5;True;94;100;-6,0;26;68;4;True;True;True;True;True;True;True;27;False;21;True;19;26;94;14;100;12,0;-6,0;False;0,0;False;276,1549373793079;1,25;0,5;5;14,5;9,25;9,25;5,25;0,0;9,75;1;2026-07-20 06:45:00;2026-07-20 06:50:00;300;2026-07-20;6;45
2026-07-20 06:50:00;28993,0;28998,0;28993,0;28998,0;28993,0;28998,0;2;1,5;1,0;496;224;371,0;162,0;209;33,0;40,0;-7;2,282208588957056;0,4381720430107527;0,25;0,9001800360072015;-0,0760263558033451;0,9762063918105468;3,75;28997,5;28977,0;0,5;-21,0;2,25;156,59906192215757;10;0,0;0,0809464508094645;0,0815939278937381;0,0;0,0;1,0450664136622392;3,75;FORTE;24;28998,25;28997,5;28993,5;28991,75;13,75;0,037037037037037;28998,25;0,0;28993,5;True;100;96;12,0;13;87;2;True;True;True;True;True;True;True;11;True;11;False;4;100;13;96;19;12,0;-6,0;False;0,0;False;156,59906192215757;1,5;1,0;5;5,0;5,0;5,0;0,0;0,0;52,25;1;2026-07-20 06:50:00;2026-07-20 06:55:00;300;2026-07-20;6;50
2026-07-20 06:55:00;28970,5;28970,5;28952,0;28954,0;28970,5;28954,0;23;1,5;1,0;-57;-27;16,0;33,0;-17;3,0;8,0;-5;0,5;2,0;-0,2765104382690446;-0,3757138563270213;-0,1873060044953441;-0,1884078518316772;-4,0;28959,25;28953,5;-5,25;-0,5;0,0;1064,7673306458503;10;0,0037593984962406;0,0079365079365079;0,0178571428571428;0,0333333333333333;0,0;1,2232142857142858;1,75;FORTE;276;28959,25;28955,25;28954,75;28952,25;14,75;0,0277777777777777;28954,75;0,0;28954,75;False;53;59;-6,0;26;27;2;True;True;True;True;True;True;False;84;False;59;False;68;26;53;14;59;12,0;-6,0;False;0,0;False;1064,7673306458503;1,5;1,0;5;18,5;-16,5;16,5;0,0;2,0;-44,0;-1;2026-07-20 06:55:00;2026-07-20 07:00:00;300;2026-07-20;6;55
2026-07-20 07:00:00;28952,75;28955,25;28947,5;28947,5;28952,75;28947,5;4;1,5;1,0;-54;-39;15,0;52,0;-37;2,0;22,0;-20;0,3018867924528302;3,3125;-0,3641816623821765;-0,6938937351308485;-0,4049894702737728;-0,2889042648570756;-4,25;28956,5;28949,0;-9,0;1,5;-1,0;217,12498926088475;10;0,008;0,0494505494505494;0,0843373493975903;0,0;0,0;1,1927710843373494;2,25;FORTE;48;28952,5;28956,5;28950,25;28953,5;9,0;0,0758620689655172;28952,5;0,0;28952,5;True;100;100;12,0;8;92;1;True;True;True;True;True;True;True;16;False;8;True;15;8;100;14;100;-6,0;12,0;False;0,0;False;217,12498926088475;1,5;1,0;5;7,75;-5,25;5,25;2,5;0,0;-6,5;-1;2026-07-20 07:00:00;2026-07-20 07:05:00;300;2026-07-20;7;0
2026-07-20 07:05:00;28931,0;28936,75;28929,75;28936,5;28931,0;28936,5;13;1,5;3,0;35;0;7,0;7,0;0;3,0;0,0;3;1,0;1,0;0,1273931717259954;0,0;0,0647165415480196;-0,0647165415480196;1,75;28935,75;28934,5;0,75;-2,0;0,0;426,50074619952585;10;0,0158730158730158;0,0975609756097561;0,0625;0,1;0,0;1,34375;1,75;FORTE;156;28937,5;28934,25;28932,5;28931,5;11,0;0,1690140845070422;28932,5;0,0;28932,5;False;64;52;12,0;14;50;1;True;True;True;True;True;True;False;46;False;36;False;30;64;14;52;20;12,0;-6,0;True;0,0;True;426,50074619952585;1,5;3,0;5;7,0;5,5;5,5;0,25;1,25;-11,0;1;2026-07-20 07:05:00;2026-07-20 07:10:00;300;2026-07-20;7;5
2026-07-20 07:10:00;28936,0;28943,25;28930,0;28932,25;28936,0;28932,25;23;1,25;0,5;140;38;15,0;9,0;6;8,0;0,0;8;1,6;0,625;0,1566852367688022;0,2245508982035928;0,1531675039823551;0,0713833942212377;2,25;28933,25;28930,0;-1,0;-2,25;0,0;834,4895904080504;10;0,0099009900990099;0,0188679245283018;0,0;0,0;0,0;1,1129032258064515;1,5;FORTE;276;28933,5;28933,75;28930,0;28931,25;9,5;0,2413793103448276;28930,0;0,0;28933,25;False;43;49;-6,0;26;17;4;True;True;True;True;True;True;False;73;False;54;False;57;43;26;49;14;-6,0;12,0;False;0,0;False;834,4895904080504;1,25;0,5;5;13,25;-3,75;3,75;7,25;2,25;-4,25;-1;2026-07-20 07:10:00;2026-07-20 07:15:00;300;2026-07-20;7;10
2026-07-20 07:15:00;28932,25;28936,75;28923,5;28935,25;28932,25;28935,25;23;1,25;1,0;17;7;31,0;13,0;18;8,0;7,0;1;2,2857142857142856;0,4375;0,2354365666621821;0,0;0,4536656181950157;-0,4536656181950157;3,5;28936,0;28927,75;-0,75;-7,5;0,0;812,6439546270385;10;0,0;0,1216216216216216;0,0;0,0;0,0;1,0263157894736843;1,5;FORTE;276;28932,5;28937,75;28927,75;28928,0;10,25;0,1794871794871795;28927,75;0,0;28923,5;False;41;47;-6,0;32;9;8;True;True;True;True;True;True;False;100;False;76;False;64;41;32;47;20;-6,0;12,0;False;0,0;False;812,6439546270385;1,25;1,0;5;13,25;3,0;3,0;1,5;8,75;3,0;1;2026-07-20 07:15:00;2026-07-20 07:20:00;300;2026-07-20;7;15
2026-07-20 07:20:00;28933,0;28952,5;28932,0;28943,75;28933,0;28943,75;22;1,25;3,0;287;110;23,0;23,0;0;13,0;3,0;10;1,0;1,0;0,0335570469798657;0,1260716086737266;-0,1016880211511084;0,227759629824835;0,5;28949,0;28940,5;-5,25;-3,25;0,0;846,3542666803012;10;0,0108695652173913;0,0235294117647058;0,0169491525423728;0,0;0,0;1,1101694915254237;1,75;FORTE;264;28947,75;28954,0;28940,5;28942,0;14,5;0,1508379888268156;28940,5;0,0;28947,75;False;46;52;-6,0;26;20;7;True;True;True;True;True;True;False;83;False;64;False;61;46;26;52;14;-6,0;12,0;False;0,0;False;846,3542666803012;1,25;3,0;5;20,5;10,75;10,75;8,75;1,0;8,5;1;2026-07-20 07:20:00;2026-07-20 07:25:00;300;2026-07-20;7;20
2026-07-20 07:25:00;28944,75;28960,75;28933,75;28959,0;28944,75;28959,0;23;0,75;1,0;162;10;61,0;61,0;0;13,0;8,0;5;1,0;1,0;-0,1339315609723431;-0,4081632653061224;0,0;-0,4081632653061224;-2,0;28962,25;28958,0;-3,25;-1,0;-1,75;800,1350590725042;10;0,0944881889763779;0,00390625;0,0;0,0;0,0;0,7481884057971014;1,5;FORTE;276;28962,25;28961,75;28958,0;28957,25;14,75;0,2387096774193548;28962,25;0,0;28958,0;False;43;49;-6,0;31;12;6;True;True;True;True;True;True;False;93;False;70;False;61;31;43;19;49;12,0;-6,0;False;0,0;False;800,1350590725042;0,75;1,0;5;27,0;14,25;14,25;1,75;11,0;15,25;1;2026-07-20 07:25:00;2026-07-20 07:30:00;300;2026-07-20;7;25
2026-07-20 07:30:00;28959,25;28964,75;28950,0;28963,75;28959,25;28963,75;24;1,25;1,0;68;25;18,0;16,0;2;3,0;2,0;1;1,1176470588235294;0,8947368421052632;0,4617055947854427;0,7543103448275863;0,0;0,7543103448275863;4,25;28964,25;28959,0;-0,5;-4,75;0,0;992,3653636622992;7;0,0245901639344262;0,1363636363636363;0,08;0,2;0,2857142857142857;1,34;1,75;FORTE;288;28962,5;28964,25;28959,0;28960,25;6,0;0,1304347826086956;28959,0;0,0;28962,25;False;40;46;-6,0;23;17;9;True;True;True;True;True;True;False;94;False;67;False;69;40;23;46;11;-6,0;12,0;False;0,0;False;992,3653636622992;1,25;1,0;5;14,75;4,5;4,5;1,0;9,25;4,75;1;2026-07-20 07:30:00;2026-07-20 07:35:00;300;2026-07-20;7;30
2026-07-20 07:35:00;28964,5;28964,5;28948,5;28955,25;28964,5;28955,25;24;1,5;2,0;-149;-28;5,0;4,0;1;1,0;4,0;-3;1,2;0,8333333333333334;-0,0518815716657443;-7,322175732217573;-0,2628259041211102;-7,059349828096464;-0,75;28957,0;28954,75;-1,75;-0,5;-1,75;1021,9909770154732;10;0,1029411764705882;0,1276595744680851;0,0;0,0;0,0;1,2166666666666666;1,5;FORTE;288;28957,0;28957,0;28954,75;28951,5;9,0;0,0111111111111111;28957,0;0,0;28954,0;False;48;54;-6,0;27;21;1;True;True;True;True;True;True;False;86;False;51;False;74;27;48;19;54;8,0;-6,0;False;0,0;False;1021,9909770154732;1,5;2,0;5;16,0;-9,25;9,25;0,0;6,75;-8,5;-1;2026-07-20 07:35:00;2026-07-20 07:40:00;300;2026-07-20;7;35
2026-07-20 07:40:00;28954,5;28969,5;28950,5;28969,5;28954,5;28969,5;8;1,25;0,5;10;20;46,0;13,0;33;26,0;6,0;20;3,357142857142857;0,2978723404255319;0,5000333355557037;1,6294227188081936;0,2393617021276595;1,390061016680534;7,5;28966,0;28952,5;3,5;-17,0;2,25;447,5156291910205;8;0,1259259259259259;0,1176470588235294;0,1571428571428571;0,2051282051282051;0,0;1,2392857142857143;2,5;FORTE;96;28954,5;28960,75;28950,0;28949,25;11,5;0,0052910052910052;28954,5;0,0;28954,0;True;100;100;8,0;6;94;1;True;True;True;True;True;True;True;36;True;26;False;20;100;6;100;12;8,0;-6,0;False;0,0;False;447,5156291910205;1,25;0,5;5;19,0;15,0;15,0;0,0;4,0;14,25;1;2026-07-20 07:40:00;2026-07-20 07:45:00;300;2026-07-20;7;40
2026-07-20 08:00:00;28984,0;28984,0;28972,0;28972,0;28984,0;28972,0;3;1,5;2,0;-22;-24;21,0;44,0;-23;6,0;11,0;-5;0,4888888888888889;2,0454545454545454;-0,3756708407871199;-0,7136739937196689;-0,438871473354232;-0,2748025203654369;-5,25;28985,5;28972,25;-13,5;0,25;-3,0;198,85079114143474;3;0,1453287197231834;0,2864864864864865;0,2705882352941176;0,3023255813953488;0,2631578947368421;1,4294117647058824;2,0;FRACO;36;28973,5;28975,0;28971,25;28972,25;15,5;0,1976744186046511;28973,5;1,0;28984,5;True;92;94;-2,0;15;77;1;True;True;True;True;True;True;True;14;False;6;True;14;15;92;7;94;8,0;-2,0;False;0,0;False;198,85079114143474;1,5;2,0;5;12,0;-12,0;12,0;0,0;0,0;2,5;-1;2026-07-20 08:00:00;2026-07-20 08:05:00;300;2026-07-20;8;0
2026-07-20 08:05:00;29001,25;29002,25;29001,0;29002,25;29001,25;29002,25;4;1,0;1,0;7;-13;38,0;34,0;4;8,0;10,0;-2;1,1142857142857143;0,8974358974358975;0,1774685880599134;0,4622971029381549;0,2128694805984673;0,2494276223396875;2,5;29003,5;28999,0;-1,25;-3,25;0,75;223,424472711958;10;0,2586206896551724;0,0047846889952153;0,0;0,0;0,0;1,25531914893617;1,5;FORTE;48;29002,0;29003,25;28999,75;28999,0;5,75;0,0467289719626168;28999,75;1,0;29001,0;False;58;54;4,0;9;49;0;False;True;True;False;True;True;False;12;False;11;False;7;58;9;54;19;4,0;-10,0;False;0,0;False;223,424472711958;1,0;1,0;5;1,25;1,0;1,0;0,0;0,25;30,25;1;2026-07-20 08:05:00;2026-07-20 08:10:00;300;2026-07-20;8;5
2026-07-20 08:10:00;29003,5;29021,0;29000,5;29013,25;29003,5;29013,25;24;1,25;2,0;-135;-15;25,0;29,0;-4;6,0;12,0;-6;0,8666666666666667;1,1538461538461535;0,3456619426201175;0,6730298580518844;0,3863987635239567;0,2866310945279277;5,0;29011,25;29006,0;2,0;-7,25;2,0;1154,9189850506873;10;0,0474934036939313;0,0059171597633136;0,0140845070422535;0,0256410256410256;0,0;1,1514084507042253;1,75;FORTE;288;29010,25;29010,0;29008,25;29006,0;20,5;0,2386363636363636;29008,25;1,0;29010,0;False;67;69;-2,0;32;35;9;True;True;True;True;True;True;False;97;False;79;False;61;67;32;69;24;-2,0;8,0;False;0,0;False;1154,9189850506873;1,25;2,0;5;20,5;9,75;9,75;7,75;3,0;11,0;1;2026-07-20 08:10:00;2026-07-20 08:15:00;300;2026-07-20;8;10
2026-07-20 08:15:00;29012,25;29017,25;29007,0;29007,0;29012,25;29007,0;4;1,0;0,0185185185185185;-65;-61;43,0;104,0;-61;26,0;87,0;-61;0,419047619047619;2,386363636363636;-0,7107825716113441;-1,8413299663299665;-0,1945525291828794;-1,6467774371470871;-10,0;29018,0;29012,25;-11,0;5,25;-6,25;197,36524993430316;10;0,0551181102362204;0,0101522842639593;0,0067567567567567;0,0;0,0;0,964527027027027;1,75;FORTE;48;29015,75;29018,0;29012,5;29008,25;15,25;0,1208791208791208;29015,75;0,0;29008,25;True;94;100;-6,0;22;72;1;True;True;True;True;True;True;True;17;False;10;True;14;22;94;14;100;8,0;-6,0;False;0,0;False;197,36524993430316;1,0;0,0185185185185185;5;10,25;-5,25;5,25;5,0;0,0;-6,25;-1;2026-07-20 08:15:00;2026-07-20 08:20:00;300;2026-07-20;8;15
2026-07-20 08:25:00;28992,75;28997,0;28990,5;28997,0;28992,75;28997,0;11;1,25;0,5;64;2;73,0;17,0;56;8,0;6,0;2;4,111111111111111;0,2432432432432432;0,2002937641874749;0,573394495412844;0,2278481012658227;0,3455463941470212;3,0;28996,75;28990,0;0,25;-7,0;1,0;477,04158888779;10;0,015625;0,0;0,0;0,0;0,0;0,8441558441558441;1,5;FORTE;132;28992,0;28993,0;28989,75;28989,25;5,0;0,0364963503649635;28992,0;1,0;28992,75;True;90;100;-10,0;18;72;5;True;True;True;True;True;True;True;46;True;38;False;29;90;18;100;14;-10,0;4,0;False;0,0;False;477,04158888779;1,25;0,5;5;6,5;4,25;4,25;0,0;2,25;-10,0;1;2026-07-20 08:25:00;2026-07-20 08:30:00;300;2026-07-20;8;25
2026-07-20 08:30:00;29032,75;29100,75;29032,75;29100,75;29032,75;29100,75;17;1,5;0,5;920;145;162,0;280,0;-118;65,0;183,0;-118;0,5800711743772242;1,7239263803680982;0,2;0,1699139102854553;0,2805836139169472;-0,1106697036314918;3,0;29106,0;29088,75;-5,25;-12,0;3,25;3740,5502324216827;7;0,3908296943231441;0,1930926216640502;0,1;0,0301507537688442;0,0;1,2875;3,5;FORTE;204;29103,25;29098,25;29096,75;29099,0;11,5;0,1299435028248587;29096,75;2,0;29088,0;True;51;57;-6,0;42;9;9;True;True;True;True;True;True;True;76;True;60;False;54;42;51;34;57;8,0;-6,0;True;2,0;True;3740,5502324216827;1,5;0,5;5;68,0;68,0;68,0;0,0;0,0;103,75;1;2026-07-20 08:30:00;2026-07-20 08:35:00;300;2026-07-20;8;30
2026-07-20 08:35:00;29097,75;29102,25;29086,5;29086,5;29097,75;29086,5;13;1,0;2,0;-418;-43;27,0;61,0;-34;17,0;27,0;-10;0,4516129032258064;2,2142857142857144;-0,3429120087785474;-1,027749229188078;0,0;-1,027749229188078;-5,0;29094,0;29088,0;-7,5;1,5;-2,5;1306,3438110408347;9;0,0946745562130177;0,0570342205323193;0,094017094017094;0,1212121212121212;0,1785714285714285;1,2606837606837606;2,25;FORTE;156;29093,75;29094,0;29088,0;29090,0;6,0;0,0434782608695652;29088,0;1,0;29090,25;True;98;100;-2,0;21;77;8;True;True;True;True;True;True;True;60;False;33;True;56;21;98;13;100;8,0;-2,0;True;0,0;True;1306,3438110408347;1,0;2,0;5;15,75;-11,25;11,25;4,5;0,0;-14,25;-1;2026-07-20 08:35:00;2026-07-20 08:40:00;300;2026-07-20;8;35
2026-07-20 08:45:00;29069,5;29070,75;29064,5;29065,25;29069,5;29065,25;8;1,25;2,0;-7;-36;24,0;28,0;-4;9,0;17,0;-8;0,8620689655172413;1,16;-0,3691463929123892;0,1039933444259567;-0,4749465685110425;0,5789399129369992;-5,25;29070,75;29064,75;-5,5;-0,5;0,25;588,1154394046772;10;0,1618075801749271;0,065359477124183;0,1212121212121212;0,0;0,0;1,1893939393939394;2,0;FORTE;96;29070,5;29070,75;29063,0;29067,75;9,25;0,0;29063,0;0,0;29070,5;False;49;37;12,0;30;19;0;True;True;True;False;True;True;False;26;False;23;False;18;30;49;36;37;-6,0;12,0;False;0,0;False;588,1154394046772;1,25;2,0;5;6,25;-4,25;4,25;1,25;0,75;-21,25;-1;2026-07-20 08:45:00;2026-07-20 08:50:00;300;2026-07-20;8;45
2026-07-20 08:50:00;29063,5;29084,25;29052,0;29084,25;29063,5;29084,25;24;1,25;1,0;530;189;42,0;20,0;22;20,0;7,0;13;2,0476190476190474;0,4883720930232558;0,2217673149095871;0,2450980392156862;0,121153380179307;0,1239446590363792;3,25;29083,75;29075,25;0,5;-9,0;1,25;1275,957574640437;10;0,138996138996139;0,04;0,0136986301369863;0,0;0,0;1,1712328767123288;1,75;FORTE;288;29083,75;29080,75;29077,5;29073,75;13,5;0,25;29083,75;0,0;29077,75;True;100;100;12,0;8;92;14;True;True;True;True;True;True;True;106;True;92;False;62;100;8;100;14;12,0;-6,0;False;0,0;False;1275,957574640437;1,25;1,0;5;32,25;20,75;20,75;0,0;11,5;19,0;1;2026-07-20 08:50:00;2026-07-20 08:55:00;300;2026-07-20;8;50
2026-07-20 10:05:00;29043,5;29046,0;29043,5;29044,5;29043,5;29044,5;4;1,0;1,0;-54;-11;32,0;45,0;-13;8,0;8,0;0;0,717391304347826;1,393939393939394;0,1173787645046616;0,0591156301726176;0,2212669111139208;-0,1621512809413032;1,75;29047,25;29041,5;-2,75;-3,0;-0,75;260,7899963991074;10;0,0052356020942408;0,0;0,0;0,0;0,0;0,9453125;1,5;FORTE;48;29047,25;29047,25;29044,0;29041,5;5,75;0,0625;29044,0;0,0;29043,75;False;35;45;-10,0;31;4;1;True;True;True;True;True;True;False;18;False;7;False;17;31;35;27;45;4,0;-10,0;False;0,0;False;260,7899963991074;1,0;1,0;5;2,5;1,0;1,0;1,5;0,0;-39,75;1;2026-07-20 10:05:00;2026-07-20 10:10:00;300;2026-07-20;10;5
2026-07-20 10:10:00;29044,25;29057,0;29028,0;29028,0;29044,25;29028,0;11;1,0;2,0;101;44;74,0;57,0;17;25,0;22,0;3;1,293103448275862;0,7733333333333333;0,0170776692397021;-0,2686438856651622;0,0;-0,2686438856651622;0,25;29030,5;29026,75;-2,5;-1,25;-0,75;768,5253550143063;10;0,0;0,0;0,0;0,0;0,0;0,7438650306748467;1,0;FORTE;132;29030,25;29030,5;29027,0;29026,75;10,5;0,1204819277108433;29030,25;0,0;29029,25;True;44;36;8,0;28;16;2;True;True;True;True;True;True;True;40;True;34;False;25;28;44;34;36;-6,0;8,0;False;0,0;False;768,5253550143063;1,0;2,0;5;29,0;-16,25;16,25;12,75;0,0;-16,5;-1;2026-07-20 10:10:00;2026-07-20 10:15:00;300;2026-07-20;10;10
2026-07-20 10:15:00;29024,5;29039,0;29024,5;29036,0;29024,5;29036,0;23;0,75;1,0;6;-30;48,0;52,0;-4;5,0;15,0;-10;0,9245283018867924;1,0816326530612246;-0,0169698615259299;-0,0814332247557003;-0,1758087201125175;0,0943754953568172;-0,25;29039,25;29033,5;-3,25;-2,5;-1,25;1486,2926972381142;10;0,0056497175141242;0,0;0,0;0,0;0,0;0,7564102564102564;1,5;FORTE;276;29039,25;29039,0;29034,75;29033,5;11,75;0,0425531914893617;29034,75;0,0;29036,0;False;32;20;12,0;29;3;4;True;True;True;True;True;True;False;87;False;66;False;62;32;29;20;35;12,0;-6,0;False;0,0;False;1486,2926972381142;0,75;1,0;5;14,5;11,5;11,5;3,0;0,0;8,0;1;2026-07-20 10:15:00;2026-07-20 10:20:00;300;2026-07-20;10;15
2026-07-20 10:20:00;29040,5;29050,25;29038,5;29046,75;29040,5;29046,75;22;0,75;1,0;-46;-20;48,0;56,0;-8;21,0;22,0;-1;0,8596491228070176;1,163265306122449;0,0769171602184447;-0,2165908598657136;0,2272137107244871;-0,4438045705902008;1,0;29048,75;29045,75;-2,0;-1,0;-1,25;1260,3107575715553;10;0,0;0,005181347150259;0,0081967213114754;0,0161290322580645;0,0;0,7930327868852459;1,75;FORTE;264;29048,75;29048,75;29045,75;29045,75;7,25;0,2;29048,75;0,0;29045,75;False;40;46;-6,0;35;5;0;True;True;True;True;True;True;False;72;False;56;False;56;35;40;27;46;8,0;-6,0;False;0,0;False;1260,3107575715553;0,75;1,0;5;11,75;6,25;6,25;3,5;2,0;10,75;1;2026-07-20 10:20:00;2026-07-20 10:25:00;300;2026-07-20;10;20
2026-07-20 10:25:00;29048,0;29051,75;29039,25;29051,75;29048,0;29051,75;8;1,0;0,5;115;44;159,0;108,0;51;54,0;36,0;18;1,4678899082568808;0,68125;0,4037685060565276;0,6377551020408163;0,3472593225771984;0,2904957794636179;6,0;29050,5;29040,75;1,25;-11,0;2,5;798,2955088001397;10;0,2217294900221729;0,0;0,0;0,0;0,0;0,7788461538461539;1,5;FORTE;96;29051,75;29050,5;29049,75;29048,0;8,75;0,0849673202614379;29049,75;1,0;29042,5;True;98;100;-2,0;22;76;2;True;True;True;True;True;True;True;37;True;31;False;22;98;22;100;14;-2,0;8,0;False;0,0;False;798,2955088001397;1,0;0,5;5;12,5;3,75;3,75;0,0;8,75;5,0;1;2026-07-20 10:25:00;2026-07-20 10:30:00;300;2026-07-20;10;25
2026-07-20 10:30:00;29067,25;29118,25;29054,75;29118,25;29067,25;29118,25;13;1,0;1,0;500;198;471,0;416,0;55;189,0;140,0;49;1,13189448441247;0,8834745762711864;0,4844313777896565;1,3502700540108024;0,0501756146512794;1,3000944393595228;7,25;29116,75;29105,0;1,5;-13,25;3,5;5731,189956591779;10;0,0095238095238095;0,004803073967339;0,0010593220338983;0,0;0,0;0,9057203389830508;1,75;FORTE;156;29119,5;29115,75;29116,5;29111,75;14,5;0,2371134020618556;29116,5;0,0;29116,5;True;100;100;12,0;8;92;11;True;True;True;True;True;True;True;64;True;47;False;43;100;8;100;14;12,0;-6,0;False;0,0;False;5731,189956591779;1,0;1,0;5;63,5;51,0;51,0;0,0;12,5;66,5;1;2026-07-20 10:30:00;2026-07-20 10:35:00;300;2026-07-20;10;30
2026-07-20 10:35:00;29136,25;29160,0;29121,0;29130,75;29136,25;29130,75;17;1,0;4,0;8;-64;774,0;722,0;52;216,0;150,0;66;1,0719225449515906;0,9329032258064516;0,4846256684491978;0,0;0,8048289738430584;-0,8048289738430584;7,25;29139,0;29119,5;-8,25;-11,25;1,25;6422,710877052684;10;0,0;0,0022641509433962;0,0020604395604395;0,0014005602240896;0,0;0,7079326923076923;2,25;FORTE;204;29132,0;29131,75;29129,5;29129,5;9,0;0,0921985815602836;29129,5;1,0;29153,75;True;80;72;8,0;14;66;14;True;True;True;True;True;True;True;75;True;61;False;57;80;14;72;20;8,0;-6,0;True;2,0;True;6422,710877052684;1,0;4,0;5;39,0;-5,5;5,5;23,75;9,75;12,5;-1;2026-07-20 10:35:00;2026-07-20 10:40:00;300;2026-07-20;10;35
2026-07-20 10:40:00;29131,5;29165,75;29125,75;29165,75;29131,5;29165,75;18;0,75;0,5;851;123;421,0;333,0;88;148,0;97,0;51;1,2634730538922156;0,7914691943127962;0,3000600120024004;0,6109979633401221;0,1263136620856911;0,4846843012544309;4,5;29165,5;29156,75;0,25;-9,0;0,25;6056,088182195396;10;0,0;0,0;0,0;0,0;0,0;0,7557091346153846;1,25;FORTE;216;29166,5;29165,0;29163,0;29157,5;9,0;0,1126760563380281;29166,5;0,0;29163,0;True;100;100;12,0;8;92;13;True;True;True;True;True;True;True;89;True;80;False;42;100;8;100;14;12,0;-6,0;True;2,0;True;6056,088182195396;0,75;0,5;5;40,0;34,25;34,25;0,0;5,75;35,0;1;2026-07-20 10:40:00;2026-07-20 10:45:00;300;2026-07-20;10;40
2026-07-20 10:45:00;29187,5;29188,5;29126,75;29126,75;29187,5;29126,75;18;0,75;1,0;-531;-324;328,0;410,0;-82;93,0;100,0;-7;0,8004866180048662;1,249240121580547;-0,1166666666666666;-0,6541867954911433;0,1502855425308085;-0,8044723380219518;-1,75;29137,0;29125,25;-10,25;-1,5;-3,75;6240,676277272136;10;0,0080946450809464;0,0;0,0;0,0;0,0;0,6974181360201511;1,25;FORTE;216;29130,5;29133,0;29127,5;29130,75;7,0;0,0209790209790209;29130,5;0,0;29130,5;True;93;81;12,0;8;85;12;True;True;True;True;True;True;True;78;False;41;True;76;8;93;14;81;-6,0;12,0;True;0,0;True;6240,676277272136;0,75;1,0;5;61,75;-60,75;60,75;1,0;0,0;-39,0;-1;2026-07-20 10:45:00;2026-07-20 10:50:00;300;2026-07-20;10;45
2026-07-20 10:50:00;29125,25;29128,5;29031,75;29065,75;29125,25;29065,75;21;0,75;1,0;-682;-224;537,0;399,0;138;179,0;113,0;66;1,345;0,7434944237918215;0,8339448929214757;1,3107481347045775;0,6513026052104208;0,6594455294941569;12,5;29070,75;29045,25;-5,0;-20,5;-3,75;8319,263715864749;10;0,0009041591320072;0,0071976967370441;0,003006012024048;0,0;0,0;0,812374749498998;2,75;FORTE;252;29072,0;29070,75;29068,25;29068,75;20,25;0,4331550802139037;29072,0;6,0;29056,25;True;73;79;-6,0;32;41;16;True;True;True;True;True;True;True;99;False;70;True;72;73;32;79;24;-6,0;8,0;True;1,0;True;8319,263715864749;0,75;1,0;5;96,75;-59,5;59,5;3,25;34,0;-61,0;-1;2026-07-20 10:50:00;2026-07-20 10:55:00;300;2026-07-20;10;50
2026-07-20 10:55:00;29067,0;29067,0;28988,75;28997,75;29067,0;28997,75;25;1,0;1,0;-611;-192;443,0;341,0;102;149,0;94,0;55;1,2982456140350878;0,7702702702702703;0,1338956952533976;1,2521777003484322;-0,2517116391461941;1,5038893394946262;2,0;29000,0;28985,5;-2,25;-12,25;3,75;8304,104310433857;10;0,0016163793103448;0,0061582188536238;0,0105882352941176;0,0213903743315508;0,0;0,9214705882352942;2,0;FORTE;300;28997,0;28996,0;28994,0;28991,5;7,75;0,0845070422535211;28994,0;1,0;28993,75;False;87;89;-2,0;22;65;18;True;True;True;True;True;True;True;115;False;78;True;92;87;22;89;14;-2,0;8,0;True;1,0;True;8304,104310433857;1,0;1,0;5;78,25;-69,25;69,25;0,0;9,0;-68,0;-1;2026-07-20 10:55:00;2026-07-20 11:00:00;300;2026-07-20;10;55
2026-07-20 11:00:00;28998,5;29044,25;28964,25;29025,0;28998,5;29025,0;23;0,5;1,0;368;144;329,0;406,0;-77;100,0;162,0;-62;0,8108108108108109;1,2333333333333334;-1,2028065486134314;-2,4607329842931933;-0,6122448979591836;-1,8484880863340096;-18,0;29049,0;29029,75;-24,0;4,75;-5,5;8893,502008113252;10;0,0004533091568449;0,0;0,0;0,0;0,0;0,8306748466257668;1,5;FORTE;276;29028,75;29038,25;29023,5;29026,0;16,75;0,3544973544973545;29023,5;4,0;29003,25;True;98;100;-2,0;22;76;15;True;True;True;True;True;True;True;104;True;78;True;77;22;98;14;100;8,0;-2,0;True;1,0;True;8893,502008113252;0,5;1,0;5;80,0;26,5;26,5;19,25;34,25;27,25;1;2026-07-20 11:00:00;2026-07-20 11:05:00;300;2026-07-20;11;0
2026-07-20 11:05:00;29016,5;29020,0;28992,25;29000,25;29016,5;29000,25;13;1,0;0,5;75;-84;248,0;323,0;-75;54,0;146,0;-92;0,7685185185185185;1,3012048192771084;-1,3353809174066902;-3,439206959336436;-0,2272497727502272;-3,211957186586208;-20,0;29023,5;29003,0;-23,25;2,75;-4,25;4520,053118325783;10;0,0113717128642501;0,0054421768707482;0,0126182965299684;0,0117302052785923;0,0239520958083832;0,998422712933754;1,75;FORTE;156;29007,25;29005,25;28997,75;28999,0;20,25;0,4514285714285714;28997,75;1,0;29000,25;True;100;100;8,0;8;92;11;True;True;True;True;True;True;True;62;False;46;True;46;8;100;14;100;-6,0;8,0;False;0,0;False;4520,053118325783;1,0;0,5;5;27,75;-16,25;16,25;3,5;8,0;-24,75;-1;2026-07-20 11:05:00;2026-07-20 11:10:00;300;2026-07-20;11;5
2026-07-20 11:10:00;28979,0;28989,25;28942,75;28964,5;28979,0;28964,5;16;1,0;1,0;42;222;363,0;502,0;-139;112,0;166,0;-54;0,7236580516898609;1,3818681318681318;-0,3336224728097685;-1,7439474764054166;0,501353654868144;-2,2453011312735605;-5,0;28991,0;28963,25;-26,5;-1,25;-1,75;6277,614465963397;10;0,0006297229219143;0,00250501002004;0,002125398512221;0,0042553191489361;0,0;0,8748671625929861;5,25;FORTE;192;28967,5;28966,75;28964,0;28964,75;11,0;0,0063694267515923;28967,5;1,0;28987,75;True;83;89;-6,0;22;61;12;True;True;True;True;True;True;True;80;False;50;True;57;22;83;14;89;8,0;-6,0;True;0,0;True;6277,614465963397;1,0;1,0;5;46,5;-14,5;14,5;10,25;21,75;-35,75;-1;2026-07-20 11:10:00;2026-07-20 11:15:00;300;2026-07-20;11;10
2026-07-20 11:15:00;28971,5;28997,25;28946,5;28946,5;28971,5;28946,5;11;0,75;1,0;-325;-67;219,0;258,0;-39;63,0;96,0;-33;0,8494208494208494;1,1772727272727272;-0,7168100286724012;-1,2815255279885176;-0,4640610498092193;-0,8174644781792982;-10,75;28967,0;28949,5;-20,5;3,0;-5,25;4228,861811560935;10;0,0006265664160401;0,0007836990595611;0,0018796992481203;0,0;0,0;0,8956766917293233;1,75;FORTE;132;28949,25;28952,5;28946,75;28950,0;8,5;0,1338582677165354;28949,25;0,0;28949,25;True;100;100;12,0;8;92;7;True;True;True;True;True;True;True;52;True;36;True;38;8;100;14;100;-6,0;12,0;False;0,0;False;4228,861811560935;0,75;1,0;5;50,75;-25,0;25,0;25,75;0,0;-18,0;-1;2026-07-20 11:15:00;2026-07-20 11:20:00;300;2026-07-20;11;15
2026-07-20 11:20:00;28941,0;28972,75;28913,25;28972,75;28941,0;28972,75;13;1,0;0,3333333333333333;302;191;519,0;319,0;200;138,0;87,0;51;1,625;0,6153846153846154;0,4019292604501607;1,0617965597791463;0,153248876174908;0,9085476836042384;6,0;28971,75;28936,5;1,0;-36,25;3,75;4679,813104031125;10;0,0037759597230962;0,0024645717806531;0,0;0,0;0,0;0,8126391982182628;1,5;FORTE;156;28973,25;28973,25;28970,75;28971,0;10,25;0,1006711409395973;28970,75;1,0;28924,5;True;94;100;-6,0;22;72;7;True;True;True;True;True;True;True;63;True;51;False;39;94;22;100;14;-6,0;8,0;False;0,0;False;4679,813104031125;1,0;0,3333333333333333;5;59,5;31,75;31,75;0,0;27,75;26,25;1;2026-07-20 11:20:00;2026-07-20 11:25:00;300;2026-07-20;11;20
2026-07-20 11:25:00;28983,5;29022,5;28983,5;29022,5;28983,5;29022,5;4;1,0;2,0;283;131;388,0;290,0;98;195,0;121,0;74;1,3367697594501715;0,7480719794344473;0,9693161307574036;0,0;1,4562619262830168;-1,4562619262830168;14,5;29025,0;28999,25;-2,5;-23,25;-1,0;1491,7751893133297;10;0,0;0,0007930214115781;0,001386962552011;0,0019801980198019;0,0;0,7853675450762829;1,75;FORTE;48;29027,75;29025,0;29023,0;29022,0;12,5;0,2167832167832167;29023,0;0,0;29023,0;True;79;67;12,0;24;55;4;True;True;True;True;True;True;True;21;True;21;False;8;79;24;67;30;12,0;-6,0;True;1,0;True;1491,7751893133297;1,0;2,0;5;39,0;39,0;39,0;0,0;0,0;49,75;1;2026-07-20 11:25:00;2026-07-20 11:30:00;300;2026-07-20;11;25
2026-07-20 11:30:00;29023,75;29046,5;28999,25;28999,25;29023,75;28999,25;14;0,75;1,0;50;-140;267,0;465,0;-198;123,0;250,0;-127;0,575107296137339;1,7388059701492538;-1,082176721176309;-1,217285453438831;-1,1370848318172202;-0,0802006216216111;-15,75;29030,25;29000,0;-31,0;0,75;-3,25;4718,377839054335;10;0,0251168224299065;0,0;0,0;0,0;0,0;0,8284739454094293;1,5;FORTE;168;28999,75;29001,5;28997,75;28996,0;10,25;0,2075471698113207;28997,75;1,0;29024,75;True;94;100;-6,0;22;72;9;True;True;True;True;True;True;True;69;False;55;True;44;22;94;14;100;8,0;-6,0;True;1,0;True;4718,377839054335;0,75;1,0;5;47,25;-24,5;24,5;22,75;0,0;-23,25;-1;2026-07-20 11:30:00;2026-07-20 11:35:00;300;2026-07-20;11;30
2026-07-20 11:35:00;28993,25;28999,5;28974,0;28999,0;28993,25;28999,0;11;1,0;0,5;-44;49;263,0;196,0;67;66,0;56,0;10;1,3401015228426396;0,7462121212121212;0,4427792915531335;-0,5887390280453864;0,7286353700426773;-1,3173743980880637;6,5;29003,0;28983,25;-4,0;-15,75;-1,25;3468,6557260138156;10;0,0228215767634854;0,0028873917228103;0,0;0,0;0,0;0,9151785714285714;1,5;FORTE;132;29001,5;29003,0;28997,5;28999,5;5,75;0,0441176470588235;28997,5;0,0;28978,0;False;53;59;-6,0;48;5;9;True;True;True;False;True;True;False;54;False;36;False;39;53;48;59;36;-6,0;12,0;False;0,0;False;3468,6557260138156;1,0;0,5;5;25,5;5,75;5,75;0,5;19,25;-0,25;1;2026-07-20 11:35:00;2026-07-20 11:40:00;300;2026-07-20;11;35
2026-07-20 11:40:00;28990,75;29006,75;28954,75;28964,75;28990,75;28964,75;16;1,0;1,0;-866;-191;241,0;223,0;18;65,0;63,0;2;1,0803571428571428;0,9256198347107438;0,0675904021628928;-0,2559901699774728;0,2578914792655251;-0,513881649242998;1,0;28970,75;28958,0;-6,0;-6,75;-5,75;4875,9622867780545;10;0,0036866359447004;0,0;0,0;0,0;0,0;0,8451456310679611;1,25;FORTE;192;28970,75;28969,5;28964,0;28962,5;10,25;0,0738916256157635;28970,75;2,0;28967,75;True;44;36;8,0;40;4;13;True;True;True;True;True;True;True;75;True;45;False;66;40;44;42;36;-2,0;8,0;False;0,0;False;4875,9622867780545;1,0;1,0;5;52,0;-26,0;26,0;16,0;10,0;-34,25;-1;2026-07-20 11:40:00;2026-07-20 11:45:00;300;2026-07-20;11;40
2026-07-20 11:45:00;28970,25;28997,75;28931,75;28937,5;28970,25;28937,5;20;1,0;1,0;-647;-445;301,0;242,0;59;90,0;61,0;29;1,242798353909465;0,804635761589404;0,0837016204633721;-0,45;0,3523962948046718;-0,8023962948046718;1,25;28950,25;28929,0;-12,75;-8,5;3,75;6656,225012226564;10;0,0160390516039051;0,0026690391459074;0,0;0,0;0,0;0,8799654576856649;1,5;FORTE;240;28940,5;28933,75;28933,5;28930,0;14,0;0,1862745098039215;28933,5;2,0;28943,5;True;75;77;-2,0;34;41;16;True;True;True;True;True;True;True;94;False;59;True;79;75;34;77;26;-2,0;8,0;True;1,0;True;6656,225012226564;1,0;1,0;5;66,0;-32,75;32,75;27,5;5,75;-27,25;-1;2026-07-20 11:45:00;2026-07-20 11:50:00;300;2026-07-20;11;45
2026-07-20 11:50:00;28929,75;28940,25;28901,0;28910,25;28929,75;28910,25;18;1,0;0,5;-267;-34;313,0;251,0;62;73,0;76,0;-3;1,246031746031746;0,802547770700637;-0,2;-0,5452562704471101;0,0781331388686321;-0,6233894093157423;-3,0;28920,0;28903,25;-9,75;-7,0;0,5;5624,342367916342;10;0,0026178010471204;0,0107310529845741;0,0050420168067226;0,0;0,0;0,8302521008403362;1,75;FORTE;216;28913,25;28915,25;28908,5;28908,0;12,0;0,1165644171779141;28908,5;1,0;28915,0;True;52;44;8,0;45;7;11;True;True;True;True;True;True;True;80;True;65;False;59;45;52;51;44;-6,0;8,0;True;0,0;True;5624,342367916342;1,0;0,5;5;39,25;-19,5;19,5;10,5;9,25;-27,25;-1;2026-07-20 11:50:00;2026-07-20 11:55:00;300;2026-07-20;11;50
2026-07-20 11:55:00;28914,0;28914,0;28879,5;28898,25;28914,0;28898,25;24;0,75;1,5;-290;-56;427,0;343,0;84;122,0;64,0;58;1,244186046511628;0,8037383177570093;0,9442233762730154;1,954691259021652;0,3585330874820733;1,5961581715395787;14,0;28893,5;28874,0;4,75;-24,25;3,75;7808,9452152963;10;0,0063842135809634;0,0188415910676901;0,0330073349633251;0,0;0,0;0,8526894865525673;2,25;FORTE;288;28891,25;28890,25;28887,75;28885,75;17,25;0,3142857142857143;28887,75;0,0;28887,75;True;100;100;12,0;8;92;15;True;True;True;True;True;True;True;113;True;78;False;84;100;8;100;14;12,0;-6,0;False;0,0;False;7808,9452152963;0,75;1,5;5;34,5;-15,75;15,75;0,0;18,75;-12,0;-1;2026-07-20 11:55:00;2026-07-20 12:00:00;300;2026-07-20;11;55
2026-07-20 12:00:00;28914,25;28950,75;28912,75;28917,5;28914,25;28917,5;15;1,0;2,0;8;-80;201,0;287,0;-86;57,0;93,0;-36;0,7013888888888888;1,4257425742574257;-1,316842245632751;-1,951779563719862;-1,060713203353874;-0,8910663603659881;-19,75;28937,75;28920,75;-20,25;3,25;-5,5;4825,516155523289;10;0,0044164037854889;0,0;0,0;0,0;0,0;0,8515625;1,5;FORTE;180;28921,75;28923,25;28918,0;28920,75;19,75;0,4;28921,75;0,0;28921,75;True;100;100;12,0;8;92;11;True;True;True;True;True;True;True;74;False;48;True;51;8;100;14;100;-6,0;12,0;False;0,0;False;4825,516155523289;1,0;2,0;5;38,0;3,25;3,25;33,25;1,5;19,25;1;2026-07-20 12:00:00;2026-07-20 12:05:00;300;2026-07-20;12;0
2026-07-20 12:05:00;28899,25;28981,5;28899,25;28981,5;28899,25;28981,5;14;0,75;1,0;613;381;378,0;273,0;105;190,0;133,0;57;1,3832116788321167;0,7229551451187335;1,307934804480515;1,3081102837593075;1,2137149792657025;0,0943953044936052;19,5;28980,25;28957,75;1,25;-23,75;6,0;3364,357837327587;10;0,0008510638297872;0,0112585444310414;0,0013642564802182;0,0;0,0;0,929399727148704;1,75;FORTE;168;28985,5;28979,75;28975,0;28976,0;22,75;0,4396135265700483;28985,5;0,0;28964,5;True;100;100;8,0;8;92;12;True;True;True;True;True;True;True;70;True;65;False;28;100;8;100;14;8,0;-6,0;True;0,0;True;3364,357837327587;0,75;1,0;5;82,25;82,25;82,25;0,0;0,0;64,0;1;2026-07-20 12:05:00;2026-07-20 12:10:00;300;2026-07-20;12;5
2026-07-20 12:10:00;28950,0;28962,75;28945,25;28962,75;28950,0;28962,75;6;1,0;1,0;-240;-19;251,0;203,0;48;63,0;54,0;9;1,2352941176470589;0,8095238095238095;0,5754908598510494;0,6003602161296778;0,5663097199341022;0,0340504961955756;8,5;28961,0;28947,0;1,75;-15,75;3,0;1594,2040655867627;10;0,0113722517058377;0,0;0,0;0,0;0,0;0,857707509881423;1,25;FORTE;72;28963,5;28960,0;28961,0;28957,75;6,75;0,0654205607476635;28961,0;1,0;28946,5;True;98;100;-2,0;22;76;5;True;True;True;True;True;True;True;27;True;23;False;18;98;22;100;14;-2,0;8,0;False;0,0;False;1594,2040655867627;1,0;1,0;5;17,5;12,75;12,75;0,0;4,75;-18,75;1;2026-07-20 12:10:00;2026-07-20 12:15:00;300;2026-07-20;12;10
2026-07-20 12:15:00;28942,5;28993,25;28942,5;28972,5;28942,5;28972,5;15;0,75;1,0;118;131;235,0;285,0;-50;79,0;87,0;-8;0,8251748251748252;1,2118644067796611;0,2667022269635951;0,3001200480192076;0,252092366643138;0,0480276813760696;4,0;28990,0;28966,25;-17,5;-6,25;-1,0;4107,754495903117;10;0,0;0,0010604453870625;0,0017123287671232;0,0;0,0;0,7679794520547946;1,75;FORTE;180;28973,5;28975,5;28971,25;28967,25;9,25;0,1969696969696969;28973,5;1,0;28989,25;True;50;56;-6,0;47;3;8;True;True;True;True;True;True;True;63;True;53;False;45;47;50;39;56;8,0;-6,0;True;0,0;True;4107,754495903117;0,75;1,0;5;50,75;30,0;30,0;20,75;0,0;9,75;1;2026-07-20 12:15:00;2026-07-20 12:20:00;300;2026-07-20;12;15
2026-07-20 12:20:00;28978,5;29014,75;28961,25;29007,0;28978,5;29007,0;19;1,0;1,0;467;105;210,0;134,0;76;44,0;40,0;4;1,5629629629629629;0,6398104265402843;0,2833711161488199;-0,0521376433785192;0,4799919159256264;-0,5321295593041457;4,25;29013,5;29002,25;-6,5;-4,75;-0,5;4931,393126942808;10;0,0042372881355932;0,0010309278350515;0,0;0,0;0,0;0,7268170426065163;1,0;FORTE;228;29009,25;29009,75;29007,25;29007,25;11,25;0,1096774193548387;29009,25;0,0;29004,75;True;67;59;8,0;30;37;10;True;True;True;True;True;True;True;77;True;75;False;50;67;30;59;36;8,0;-6,0;True;1,0;True;4931,393126942808;1,0;1,0;5;53,5;28,5;28,5;7,75;17,25;34,5;1;2026-07-20 12:20:00;2026-07-20 12:25:00;300;2026-07-20;12;20
2026-07-20 12:25:00;29009,0;29012,0;28972,5;29007,0;29009,0;29007,0;16;0,5;1,0;124;-31;351,0;249,0;102;150,0;82,0;68;1,408;0,7102272727272727;0,8382510729613734;0,2507019655034095;1,1353315168029063;-0,8846295512994968;12,5;29007,0;28984,0;0,0;-23,0;0,75;4150,938487884512;10;0,0;0,0;0,0;0,0;0,0;0,7397875816993464;1,5;FORTE;192;29006,75;29006,25;29003,0;29004,5;13,25;0,3185185185185185;29006,75;1,0;28975,5;True;71;77;-6,0;28;43;9;True;True;True;True;True;True;True;68;False;53;True;52;71;28;77;20;-6,0;8,0;True;1,0;True;4150,938487884512;0,5;1,0;5;39,5;-2,0;2,0;3,0;34,5;0,0;-1;2026-07-20 12:25:00;2026-07-20 12:30:00;300;2026-07-20;12;25
2026-07-20 12:30:00;29017,75;29028,25;29014,5;29019,0;29017,75;29019,0;24;0,5;0,5;272;83;148,0;203,0;-55;49,0;56,0;-7;0,7303921568627451;1,3691275167785235;0,4852744310575636;0,2502502502502503;0,5982105701206825;-0,3479603198704322;7,25;29021,5;29010,0;-2,5;-9,0;-1,5;5942,308954284845;10;0,0;0,0099502487562189;0,0198019801980198;0,0;0,0;0,7883663366336634;2,25;FORTE;288;29020,75;29017,75;29012,75;29013,75;11,5;0,1098265895953757;29020,75;0,0;29018,75;False;70;62;8,0;21;49;11;True;True;True;True;True;True;False;99;False;83;False;67;21;70;27;62;-6,0;8,0;True;0,0;True;5942,308954284845;0,5;0,5;5;13,75;1,25;1,25;9,25;3,25;12,0;1;2026-07-20 12:30:00;2026-07-20 12:35:00;300;2026-07-20;12;30
2026-07-20 12:35:00;29020,25;29025,25;29000,0;29000,0;29020,25;29000,0;23;1,0;1,0;-264;-118;217,0;313,0;-96;36,0;147,0;-111;0,6942675159235668;1,4403669724770642;-1,1886426036295452;-2,679134271905862;-0,5109175002689039;-2,168216771636958;-17,75;29020,25;29001,25;-20,25;1,25;-6,0;5352,477561344192;10;0,0;0,0140127388535031;0,0200729927007299;0,0;0,0;0,7650547445255474;2,0;FORTE;276;29016,0;29020,25;29004,5;29007,75;15,75;0,2164948453608247;29004,5;0,0;29007,25;True;100;100;12,0;8;92;15;True;True;True;True;True;True;True;97;False;79;True;70;8;100;14;100;-6,0;12,0;False;0,0;False;5352,477561344192;1,0;1,0;5;25,25;-20,25;20,25;5,0;0,0;-19,0;-1;2026-07-20 12:35:00;2026-07-20 12:40:00;300;2026-07-20;12;35
2026-07-20 12:40:00;29011,25;29029,75;29007,0;29019,0;29011,25;29019,0;16;1,0;0,5;49;48;119,0;129,0;-10;48,0;28,0;20;0,9230769230769232;1,0833333333333333;0,5021760964178105;-0,0504032258064516;0,810923930103589;-0,8613271559100406;7,5;29020,0;29009,5;-1,0;-9,5;1,25;3748,3748849504786;10;0,0;0,0091743119266055;0,0;0,0;0,0;0,8008474576271186;1,5;FORTE;192;29020,0;29012,5;29017,0;29010,0;10,5;0,0175438596491228;29017,0;0,0;29026,0;False;62;50;12,0;30;32;9;True;True;True;True;True;True;False;71;False;53;False;53;62;30;50;36;12,0;-6,0;True;0,0;True;3748,3748849504786;1,0;0,5;5;22,75;7,75;7,75;10,75;4,25;19,0;1;2026-07-20 12:40:00;2026-07-20 12:45:00;300;2026-07-20;12;40
2026-07-20 12:45:00;29025,0;29028,25;28978,0;28978,0;29025,0;28978,0;16;0,75;1,0;-6;23;136,0;184,0;-48;42,0;41,0;1;0,7405405405405405;1,3503649635036497;-0,5175292153589316;-1,800360072014403;0,076742044408063;-1,8771021164224664;-7,75;28989,5;28980,5;-11,5;2,5;-4,75;3675,768167305771;10;0,0028544243577545;0,0;0,0;0,0;0,0;0,7379943502824858;1,5;FORTE;192;28987,75;28984,5;28981,75;28982,0;9,0;0,1656441717791411;28987,75;0,0;28984,75;True;100;96;8,0;13;87;7;True;True;True;True;True;True;True;68;True;49;True;52;13;100;19;96;-6,0;8,0;False;0,0;False;3675,768167305771;0,75;1,0;5;50,25;-47,0;47,0;3,25;0,0;-41,0;-1;2026-07-20 12:45:00;2026-07-20 12:50:00;300;2026-07-20;12;45
2026-07-20 12:50:00;29011,75;29051,75;29011,75;29051,75;29011,75;29051,75;15;0,75;0,3333333333333333;1268;452;371,0;295,0;76;224,0;131,0;93;1,2567567567567568;0,7956989247311828;0,984383342231714;1,3744654856444718;0,75765228810991;0,6168131975345618;14,75;29049,25;29032,5;2,5;-19,25;4,0;3516,1979166899264;10;0,0;0,0;0,0;0,0;0,0;0,6815169366715759;1,5;FORTE;180;29055,25;29052,0;29053,25;29047,25;16,0;0,2789115646258503;29053,25;0,0;29053,25;True;100;100;12,0;8;92;12;True;True;True;True;True;True;True;68;True;68;False;31;100;8;100;14;12,0;-6,0;False;0,0;False;3516,1979166899264;0,75;0,3333333333333333;5;40,0;40,0;40,0;0,0;0,0;73,75;1;2026-07-20 12:50:00;2026-07-20 12:55:00;300;2026-07-20;12;50
2026-07-20 13:00:00;29036,75;29063,25;29031,75;29062,0;29036,75;29062,0;13;0,75;2,0;-73;64;315,0;220,0;95;105,0;65,0;40;1,4298642533936652;0,6993670886075949;-0,1683161650844947;-0,6519558676028084;0,13249947000212;-0,7844553376049285;-2,5;29067,25;29061,0;-5,25;-1,0;-1,5;3318,409572815362;10;0,0018148820326678;0,0;0,0;0,0;0,0;0,5797018348623854;1,0;FORTE;156;29067,25;29065,25;29062,0;29062,75;7,0;0,0483870967741935;29062,0;0,0;29062,25;False;62;54;8,0;43;19;12;True;True;True;True;True;True;False;54;False;44;False;45;62;43;54;49;8,0;-6,0;False;0,0;False;3318,409572815362;0,75;2,0;5;31,5;25,25;25,25;1,25;5,0;10,25;1;2026-07-20 13:00:00;2026-07-20 13:05:00;300;2026-07-20;13;0
2026-07-20 13:05:00;29065,5;29102,5;29065,5;29102,5;29065,5;29102,5;11;0,5;3,0;805;112;299,0;219,0;80;91,0;75,0;16;1,3636363636363635;0,7333333333333333;0,2000133342222814;0,9503801520608244;-0,1771434355704018;1,1275235876312262;3,0;29100,0;29093,0;2,5;-9,5;2,75;2159,8528761616135;10;0,0208212839791787;0,0;0,0;0,0;0,0;0,6482820976491862;1,25;FORTE;132;29098,0;29100,0;29093,0;29093,75;9,25;0,1337579617834395;29098,0;1,0;29096,75;True;100;100;8,0;12;88;7;True;True;True;True;True;True;True;51;True;45;False;27;100;12;100;14;8,0;-2,0;True;1,0;True;2159,8528761616135;0,5;3,0;5;37,0;37,0;37,0;0,0;0,0;40,5;1;2026-07-20 13:05:00;2026-07-20 13:10:00;300;2026-07-20;13;5
2026-07-20 13:10:00;29100,5;29106,0;29098,25;29106,0;29100,5;29106,0;5;0,25;1,0;-137;-79;160,0;184,0;-24;39,0;43,0;-4;0,8702702702702703;1,1490683229813663;0,1003478726251003;-0,0509891902916581;0,2011870033195855;-0,2521761936112437;1,5;29107,75;29095,75;-1,75;-10,25;-0,75;855,3530483753635;10;0,0;0,0;0,0;0,0;0,0;0,6805555555555556;1,0;FORTE;60;29107,25;29107,25;29105,0;29105,0;5,5;0,1809523809523809;29107,25;0,0;29103,0;False;58;68;-10,0;31;27;4;True;True;True;False;True;True;False;21;False;13;False;20;31;58;27;68;4,0;-10,0;False;0,0;False;855,3530483753635;0,25;1,0;5;7,75;5,5;5,5;0,0;2,25;3,5;1;2026-07-20 13:10:00;2026-07-20 13:15:00;300;2026-07-20;13;10
2026-07-20 13:15:00;29106,25;29106,25;29096,0;29096,0;29106,25;29096,0;4;0,75;3,0;-338;-140;171,0;278,0;-107;68,0;84,0;-16;0,6164874551971327;1,622093023255814;-0,4;-0,45;-0,3778337531486145;-0,0721662468513854;-6,0;29108,25;29096,75;-12,25;0,75;-0,5;651,1454653012789;10;0,0;0,0;0,0;0,0;0,0;0,6678427419354839;1,0;FORTE;48;29097,5;29099,5;29094,0;29097,5;14,25;0,3088235294117647;29097,5;0,0;29097,5;True;100;100;12,0;8;92;4;True;True;True;True;True;True;True;23;False;7;True;23;8;100;14;100;-6,0;12,0;False;0,0;False;651,1454653012789;0,75;3,0;5;10,25;-10,25;10,25;0,0;0,0;-10,0;-1;2026-07-20 13:15:00;2026-07-20 13:20:00;300;2026-07-20;13;15
2026-07-20 13:25:00;29075,25;29075,25;29075,25;29075,25;29075,25;29075,25;1;0,5;1,0;-121;-12;318,0;438,0;-120;135,0;146,0;-11;0,7266514806378133;1,3761755485893417;-0,3345824411134904;-0,9105625252934034;-0,0507202272266179;-0,8598422980667855;-5,0;29097,75;29076,75;-22,5;1,5;-2,5;239,1595289079229;10;0,0;0,0;0,0;0,0;0,0;0,5816195372750642;1,25;FORTE;12;29082,0;29079,75;29072,75;29077,0;25,0;0,3859649122807017;29072,75;0,0;29079,75;True;100;100;8,0;8;92;1;True;True;True;True;True;True;True;7;False;1;True;7;8;100;14;100;-6,0;8,0;False;0,0;False;239,1595289079229;0,5;1,0;5;0,0;0,0;0,0;0,0;0,0;-20,75;0;2026-07-20 13:25:00;2026-07-20 13:30:00;300;2026-07-20;13;25
2026-07-20 13:30:00;29048,5;29048,5;29048,5;29048,5;29048,5;29048,5;1;0,75;2,0;-211;-55;222,0;434,0;-212;70,0;124,0;-54;0,5126436781609195;1,9506726457399104;-0,7183908045977011;-1,2492192379762648;-0,3824189271874362;-0,8668003107888285;-10,75;29065,5;29050,25;-17,0;1,75;-6,5;200,94894413258487;10;0,0;0,0;0,0;0,0;0,0;0,6471684053651267;1,0;FORTE;12;29056,0;29055,5;29050,25;29053,75;15,25;0,2317073170731707;29056,0;0,0;29056,75;True;100;100;8,0;8;92;1;True;True;True;True;True;True;True;7;False;1;True;7;8;100;14;100;-6,0;8,0;False;0,0;False;200,94894413258487;0,75;2,0;5;0,0;0,0;0,0;0,0;0,0;-26,75;0;2026-07-20 13:30:00;2026-07-20 13:35:00;300;2026-07-20;13;30
2026-07-20 13:40:00;28996,25;29028,75;28996,25;29007,5;28996,25;29007,5;16;0,75;1,0;-31;206;207,0;234,0;-27;75,0;118,0;-43;0,8851063829787233;1,1298076923076923;-0,6180676199385273;0,0;-0,9283420313127256;0,9283420313127256;-9,25;29022,25;29007,5;-14,75;0,0;-3,0;4524,913387030276;10;0,0170682730923694;0,0023068050749711;0,0;0,0;0,0;0,9054621848739496;1,5;FORTE;192;29011,25;29010,0;29007,5;29008,0;12,5;0,2129032258064516;29011,25;1,0;29020,5;False;85;77;8,0;14;71;12;True;True;True;True;True;True;False;79;False;60;False;51;14;85;20;77;-6,0;8,0;False;0,0;False;4524,913387030276;0,75;1,0;5;32,5;11,25;11,25;21,25;0,0;-41,0;1;2026-07-20 13:40:00;2026-07-20 13:45:00;300;2026-07-20;13;40
2026-07-20 13:45:00;29005,75;29042,0;28993,0;29042,0;29005,75;29042,0;17;0,75;1,0;391;176;143,0;114,0;29;69,0;21,0;48;1,2521739130434784;0,7986111111111112;0,3169836503169836;0,7763975155279503;0,1262626262626262;0,650134889265324;4,75;29040,25;29032,0;1,75;-10,0;3,5;3671,0556406201313;10;0,0025445292620865;0,0;0,0;0,0;0,0;0,7826460481099656;1,25;FORTE;204;29042,75;29036,5;29034,5;29032,0;10,75;0,1049723756906077;29042,75;0,0;29034,5;True;100;100;12,0;8;92;10;True;True;True;True;True;True;True;74;True;67;False;45;100;8;100;14;12,0;-6,0;True;1,0;True;3671,0556406201313;0,75;1,0;5;49,0;36,25;36,25;0,0;12,75;34,5;1;2026-07-20 13:45:00;2026-07-20 13:50:00;300;2026-07-20;13;45
2026-07-20 13:50:00;29007,25;29012,5;28996,75;29006,5;29007,25;29006,5;9;0,75;1,0;-965;-115;159,0;124,0;35;63,0;39,0;24;1,28;0,78125;0,5262085822922324;1,0112359550561798;0,367492650146997;0,6437433049091827;7,75;29003,75;28995,0;2,75;-11,5;3,75;1623,0305138284268;10;0,0884353741496598;0,0049627791563275;0,0;0,0;0,0;0,7929447852760736;1,25;FORTE;108;29003,75;29000,5;29000,5;28998,25;9,0;0,0050761421319796;29000,5;1,0;28998,5;True;98;100;-2,0;22;76;7;True;True;True;True;True;True;True;46;True;24;False;38;98;22;100;14;-2,0;8,0;False;0,0;False;1623,0305138284268;0,75;1,0;5;15,75;-0,75;0,75;5,25;9,75;-35,5;-1;2026-07-20 13:50:00;2026-07-20 13:55:00;300;2026-07-20;13;50
2026-07-20 14:00:00;28967,5;28969,25;28958,25;28961,25;28967,5;28961,25;15;1,0;1,5;-194;29;140,0;149,0;-9;54,0;49,0;5;0,94;1,0638297872340423;-0,2022653721682847;-0,1000200040008001;-0,2585315408479834;0,1585115368471833;-3,0;28972,0;28960,0;-10,75;-1,25;1,0;2968,239794487644;10;0,0;0,0;0,0;0,0;0,0;0,7005813953488372;1,0;FORTE;180;28962,5;28963,75;28960,25;28960,0;12,0;0,2558139534883721;28960,25;0,0;28963,75;False;35;27;8,0;29;6;8;True;True;True;True;True;True;False;58;False;46;False;50;29;35;35;27;-6,0;8,0;False;0,0;False;2968,239794487644;1,0;1,5;5;11,0;-6,25;6,25;1,75;3,0;-45,25;-1;2026-07-20 14:00:00;2026-07-20 14:05:00;300;2026-07-20;14;0
2026-07-20 14:05:00;28963,75;28963,75;28940,75;28961,0;28963,75;28961,0;24;0,25;1,0;146;73;213,0;124,0;89;120,0;27,0;93;1,712;0,5841121495327103;0,4625822368421052;0,6703795379537953;0,319693094629156;0,3506864433246393;6,75;28959,5;28946,75;1,5;-14,25;2,5;4107,099345675225;10;0,0;0,0;0,0;0,0;0,0;0,6800554016620498;1,25;FORTE;288;28957,75;28955,0;28955,75;28952,0;13,25;0,2980132450331126;28955,75;0,0;28955,75;True;100;100;12,0;8;92;11;True;True;True;True;True;True;True;99;True;78;False;72;100;8;100;14;12,0;-6,0;False;0,0;False;4107,099345675225;0,25;1,0;5;23,0;-2,75;2,75;0,0;20,25;-0,25;-1;2026-07-20 14:05:00;2026-07-20 14:10:00;300;2026-07-20;14;5
2026-07-20 14:10:00;28926,5;28927,25;28926,5;28927,25;28926,5;28927,25;3;0,75;0,1666666666666666;-8;-10;154,0;164,0;-10;62,0;64,0;-2;0,9393939393939394;1,064516129032258;0,0833500033340001;0,6002400960384153;-0,1759147567350221;0,7761548527734374;1,25;28928,75;28922,0;-1,5;-5,25;2,5;624,1697196572346;10;0,0;0,0153688524590163;0,0;0,0;0,0;0,6854395604395604;1,0;FORTE;36;28928,0;28928,0;28922,0;28924,75;6,75;0,0363636363636363;28922,0;0,0;28941,0;False;57;49;8,0;23;34;0;True;True;True;False;True;True;False;12;False;9;False;8;57;23;49;29;8,0;-6,0;False;0,0;False;624,1697196572346;0,75;0,1666666666666666;5;0,75;0,75;0,75;0,0;0,0;-33,75;1;2026-07-20 14:10:00;2026-07-20 14:15:00;300;2026-07-20;14;10
2026-07-20 14:15:00;28924,0;28956,75;28913,75;28951,0;28924,0;28951,0;17;0,5;0,5;160;40;156,0;198,0;-42;65,0;55,0;10;0,7889447236180904;1,267515923566879;-0,2833522234815654;0,2500500100020004;-0,5556116779472674;0,8056616879492677;-4,25;28959,25;28947,0;-8,25;-4,0;1,5;3494,535321853738;10;0,0;0,0;0,0;0,0;0,0;0,671994884910486;1,0;FORTE;204;28949,5;28955,25;28947,0;28951,75;13,25;0,2670807453416149;28949,5;2,0;28947,25;True;57;49;8,0;52;5;11;True;True;True;True;True;True;True;70;True;61;False;50;57;52;49;54;8,0;-2,0;False;0,0;False;3494,535321853738;0,5;0,5;5;43,0;27,0;27,0;5,75;10,25;23,75;1;2026-07-20 14:15:00;2026-07-20 14:20:00;300;2026-07-20;14;15
2026-07-20 14:20:00;28956,75;28974,5;28946,75;28971,25;28956,75;28971,25;16;1,0;1,0;116;85;132,0;107,0;25;50,0;32,0;18;1,2314814814814814;0,8120300751879699;0,3855954935622317;0,6535171102661597;0,4768850987432674;0,1766320115228922;5,75;28971,0;28960,0;0,25;-11,25;1,5;2677,151186104553;10;0,0;0,0;0,0;0,0;0,0;0,7106227106227107;1,25;FORTE;192;28972,5;28971,0;28968,5;28964,25;12,5;0,3197278911564626;28972,5;0,0;28968,5;True;100;100;12,0;8;92;10;True;True;True;True;True;True;True;66;True;60;False;43;100;8;100;14;12,0;-6,0;False;0,0;False;2677,151186104553;1,0;1,0;5;27,75;14,5;14,5;3,25;10,0;20,25;1;2026-07-20 14:20:00;2026-07-20 14:25:00;300;2026-07-20;14;20
2026-07-20 14:40:00;28929,75;28929,75;28904,25;28912,75;28929,75;28912,75;4;0,5;1,0;-468;-60;284,0;181,0;103;128,0;53,0;75;1,565934065934066;0,6385964912280702;0,3333555570371358;1,4546548956661316;-0,3579098067287043;1,812564702394836;5,0;28911,0;28900,75;1,75;-12,0;3,25;587,695196189168;10;0,0080128205128205;0,0081168831168831;0,0038387715930902;0,0063897763578274;0,0130718954248366;0,7346449136276392;2,5;FORTE;48;28908,0;28909,75;28906,0;28905,5;9,0;0,0326797385620915;28906,0;1,0;28917,0;True;94;100;-6,0;22;72;4;True;True;True;True;True;True;True;24;True;11;True;18;94;22;100;14;-6,0;8,0;True;1,0;True;587,695196189168;0,5;1,0;5;25,5;-17,0;17,0;0,0;8,5;-58,5;-1;2026-07-20 14:40:00;2026-07-20 14:45:00;300;2026-07-20;14;40
2026-07-20 14:45:00;28938,25;28944,5;28932,75;28932,75;28938,25;28932,75;5;1,0;1,0;416;88;207,0;228,0;-21;54,0;76,0;-22;0,9082969432314412;1,1009615384615383;-0,5507343124165553;-1,167728237791932;-0,2582377853527527;-0,9094904524391793;-8,25;28949,5;28933,25;-16,75;0,5;-1,0;1032,6681135426297;10;0,0;0,0;0,0;0,0;0,0;0,7053388090349076;1,25;FORTE;60;28939,5;28939,75;28933,25;28937,0;16,25;0,0984455958549222;28933,25;1,0;28939,25;True;98;100;-2,0;22;76;4;True;True;True;True;True;True;True;25;False;16;True;20;22;98;14;100;8,0;-2,0;False;0,0;False;1032,6681135426297;1,0;1,0;5;11,75;-5,5;5,5;6,25;0,0;20,0;-1;2026-07-20 14:45:00;2026-07-20 14:50:00;300;2026-07-20;14;45
2026-07-20 14:50:00;28968,25;28973,75;28968,25;28973,75;28968,25;28973,75;2;0,75;0,25;272;46;372,0;229,0;143;110,0;86,0;24;1,6217391304347826;0,6166219839142091;0,2001067235859124;0,4022526146419952;0,1007962906965023;0,3014563239454928;3,0;28972,5;28956,25;1,25;-17,5;1,5;376,4068612140668;10;0,0;0,0;0,0;0,0;0,0;0,6601941747572816;1,25;FORTE;24;28973,0;28971,75;28969,5;28968,25;9,5;0,2773109243697479;28973,0;0,0;28969,5;True;100;100;12,0;8;92;2;True;True;True;True;True;True;True;11;True;11;False;4;100;8;100;14;12,0;-6,0;False;0,0;False;376,4068612140668;0,75;0,25;5;5,5;5,5;5,5;0,0;0,0;41,0;1;2026-07-20 14:50:00;2026-07-20 14:55:00;300;2026-07-20;14;50
2026-07-20 15:00:00;28982,75;28982,75;28973,75;28973,75;28982,75;28973,75;2;0,75;2,0;-163;-141;154,0;290,0;-136;43,0;139,0;-96;0,5326460481099656;1,8774193548387097;-0,668985817500669;-1,0371292263015972;-0,5332114564290067;-0,5039177698725905;-10,0;28992,25;28975,0;-18,5;1,25;-2,5;366,2451230107996;10;0,0;0,0;0,0;0,0;0,0;0,6921397379912664;1,0;FORTE;24;28977,75;28983,5;28975,0;28975,75;17,25;0,3454545454545454;28975,0;0,0;28977,75;True;100;100;12,0;8;92;2;True;True;True;True;True;True;True;11;False;4;True;11;8;100;14;100;-6,0;12,0;False;0,0;False;366,2451230107996;0,75;2,0;5;9,0;-9,0;9,0;0,0;0,0;0,0;-1;2026-07-20 15:00:00;2026-07-20 15:05:00;300;2026-07-20;15;0
2026-07-20 15:05:00;28978,5;28981,0;28978,5;28981,0;28978,5;28981,0;2;0,75;1,0;93;44;157,0;89,0;68;56,0;20,0;36;1,7555555555555555;0,569620253164557;0,2061713971548347;0,790638836179633;0,0558035714285714;0,7348352647510616;3,0;28980,5;28965,25;0,5;-15,75;0,5;478,7261548128092;10;0,0;0,0;0,0;0,0;0,0;0,7064056939501779;1,0;FORTE;24;28982,5;28979,0;28976,25;28975,0;17,25;0,4394904458598726;28982,5;0,0;28976,25;True;100;100;12,0;8;92;2;True;True;True;True;True;True;True;13;True;13;False;3;100;8;100;14;12,0;-6,0;False;0,0;False;478,7261548128092;0,75;1,0;5;2,5;2,5;2,5;0,0;0,0;7,25;1;2026-07-20 15:05:00;2026-07-20 15:10:00;300;2026-07-20;15;5
2026-07-20 15:10:00;28996,75;28998,5;28995,25;28995,25;28996,75;28995,25;5;0,75;1,0;-70;-23;66,0;75,0;-9;12,0;13,0;-1;0,881578947368421;1,1343283582089552;-0,0695797383801836;-0,8842849924204144;0,2194907813871817;-1,1037757738075962;-1,0;29000,0;28995,25;-4,75;0,0;-1,75;2247,021642525683;10;0,0;0,0055679287305122;0,0;0,0;0,0;0,6509146341463414;1,0;FORTE;60;28998,25;28998,75;28996,25;28995,25;8,25;0,0802139037433155;28998,25;0,0;28996,75;False;53;59;-6,0;22;31;1;True;True;True;False;True;True;False;19;False;8;False;19;22;53;14;59;8,0;-6,0;True;1,0;True;2247,021642525683;0,75;1,0;5;3,25;-1,5;1,5;1,75;0,0;14,25;-1;2026-07-20 15:10:00;2026-07-20 15:15:00;300;2026-07-20;15;10
2026-07-20 15:15:00;28987,0;28993,75;28983,25;28983,25;28987,0;28983,25;11;0,75;2,0;-531;-161;96,0;122,0;-26;28,0;34,0;-6;0,7886178861788617;1,268041237113402;-0,2826455624646693;-1,390076988879384;0,1639344262295081;-1,5540114151088922;-4,0;28990,75;28981,75;-7,5;-1,5;-2,0;4228,74865277301;10;0,0;0,0;0,0;0,0;0,0;0,625;1,0;FORTE;132;28990,75;28990,75;28988,75;28981,75;12,0;0,0136986301369863;28990,75;0,0;28984,0;False;89;81;8,0;8;81;7;True;True;True;True;True;True;False;49;False;26;False;46;8;89;14;81;-6,0;8,0;True;0,0;True;4228,74865277301;0,75;2,0;5;10,5;-3,75;3,75;6,75;0,0;-12,0;-1;2026-07-20 15:15:00;2026-07-20 15:20:00;300;2026-07-20;15;15
2026-07-20 15:25:00;28977,75;28977,75;28977,75;28977,75;28977,75;28977,75;1;1,0;0,6666666666666666;-296;-296;728,0;1025,0;-297;728,0;1025,0;-297;0,7105263157894737;1,4074074074074074;-0,7659760723665013;-2,0504100820164037;2,8378378378378377;-4,888247919854241;-5,25;28996,25;28968,0;-18,5;-9,75;9,75;2673,47534286548;7;;0,0079617834394904;0,0079617834394904;0,0079617834394904;0,0101419878296146;0,705015923566879;2,75;FORTE;12;28977,75;28976,5;28975,25;28973,75;16,25;0,1351351351351351;28975,25;1,0;28984,0;False;84;76;8,0;19;65;1;True;True;True;False;False;True;False;5;False;2;False;5;19;84;21;76;-2,0;8,0;False;0,0;False;2673,47534286548;1,0;0,6666666666666666;5;0,0;0,0;0,0;0,0;0,0;-5,5;0;2026-07-20 15:25:00;2026-07-20 15:30:00;300;2026-07-20;15;25
2026-07-20 15:30:00;28956,25;28956,25;28956,25;28956,25;28956,25;28956,25;1;0,75;3,0;-245;-245;646,0;889,0;-243;646,0;889,0;-243;0,7269662921348314;1,375579598145286;-4,106972301814708;-4,3076603695246005;-11,363636363636363;7,055975994111763;-21,5;28979,0;28951,0;-22,75;-5,25;3,5;4505,062082139446;7;;0,0060015003750937;0,0060015003750937;0,0060015003750937;0,006060606060606;0,7222430607651913;2,75;FORTE;12;28963,0;28961,25;28955,5;28959,25;10,75;0,25;28955,5;1,0;28984,0;False;78;70;8,0;21;57;1;True;True;False;False;False;True;False;4;False;3;False;4;21;78;27;70;-6,0;8,0;False;0,0;False;4505,062082139446;0,75;3,0;5;0,0;0,0;0,0;0,0;0,0;-21,5;0;2026-07-20 15:30:00;2026-07-20 15:35:00;300;2026-07-20;15;30
2026-07-20 15:35:00;28958,25;28958,25;28958,25;28958,25;28958,25;28958,25;1;0,5;2,0;77;77;724,0;646,0;78;724,0;646,0;78;1,1205564142194746;0,8924137931034483;0,2873563218390805;0,5575831305758313;-9,615384615384617;10,172967745960449;1,5;28957,0;28932,0;1,25;-26,25;15,0;4743,486590038315;7;;0,0007710100231303;0,0007710100231303;0,0007710100231303;0,0007849293563579;0,686969930609098;2,75;FORTE;12;28960,75;28961,75;28958,75;28955,0;12,0;0,2867132867132867;28960,75;1,0;28984,0;True;94;100;-6,0;19;75;1;True;True;True;True;True;True;True;7;True;7;False;1;94;19;100;11;-6,0;8,0;False;0,0;False;4743,486590038315;0,5;2,0;5;0,0;0,0;0,0;0,0;0,0;2,0;0;2026-07-20 15:35:00;2026-07-20 15:40:00;300;2026-07-20;15;35
2026-07-20 15:45:00;28914,5;28914,5;28914,5;28914,5;28914,5;28914,5;1;0,75;2,0;-108;-84;1289,0;1399,0;-110;1276,0;1361,0;-85;0,9214285714285714;1,0852713178294573;-2,956572314850717;-2,4009603841536613;-3,527751646284101;1,12679126213044;-30,5;28945,0;28913,0;-30,5;-1,5;1,5;4336,855370298565;7;;0,005086469989827;0,005086469989827;0,005086469989827;0,0096899224806201;0,6588674126822652;2,25;FORTE;12;28916,75;28915,75;28911,75;28912,0;6,0;0,1475409836065573;28916,75;0,0;28948,75;False;63;59;4,0;17;46;1;True;True;False;False;False;True;False;4;False;3;False;4;17;63;27;59;-10,0;4,0;False;0,0;False;4336,855370298565;0,75;2,0;5;0,0;0,0;0,0;0,0;0,0;-43,75;0;2026-07-20 15:45:00;2026-07-20 15:50:00;300;2026-07-20;15;45
